x y z ShearFailure TensileFailure FailureType AmountRemoved cohesion friction tension strength_stress diff_stress model group
74.8948 75.0039 -34.9271 58 0 1 1 1.34714e+06 27.2263 58869.1 1.14455 1.01132e+07 1.34714e+06 ZonesAtSurface
124.809 75.0062 -9.90776 46 0 1 1 1.11254e+06 23.8851 119204 1.31403 4.22056e+06 1.11254e+06 ZonesAtSurface
174.75 75.001 -34.9359 45 0 1 2 715661 27.7186 68914.9 1.11951 8.29909e+06 715661 ZonesAtSurface
224.681 75.0042 -9.92042 41 0 1 2 1.43365e+06 31.6439 86233.3 1.29713 6.17986e+06 1.43365e+06 ZonesAtSurface
274.634 74.9966 -34.9562 25 0 1 3 655872 27.6517 140641 1.06035 1.02885e+07 655872 ZonesAtSurface
324.571 74.9977 -9.95557 0 0 1 3 513129 37.5413 68755.4 1.02653 8.2809e+06 513129 ZonesAtSurface
374.56 74.9929 -34.9774 0 0 1 4 1.15294e+06 31.8554 71646.5 1.77635 8.21767e+06 1.15294e+06 ZonesAtSurface
424.439 74.9977 90.0308 3 0 1 2 1.17755e+06 44.4402 52715.6 2.04822 5.68722e+06 1.17755e+06 ZonesAtSurface
474.423 74.9943 115.021 0 0 1 2 1.45585e+06 40.7178 83840.3 2.64424 4.91932e+06 1.45585e+06 ZonesAtSurface
524.393 74.9913 190.01 0 0 1 1 1.01778e+06 30.8712 126246 2.06638 3.21354e+06 1.01778e+06 ZonesAtSurface
574.387 74.99 264.998 0 0 0 0 875569 32.2598 59828.7 2.12635 2.03706e+06 875569 ZonesAtSurface
624.389 74.9893 289.982 0 0 0 0 1.17073e+06 18.9715 125383 1.98773 1.89173e+06 1.17073e+06 ZonesAtSurface
674.393 74.9885 314.964 4 0 0 0 715908 16.7881 82325.3 1.29018 1.80347e+06 715908 ZonesAtSurface
724.4 74.9879 339.944 0 0 0 0 1.11577e+06 21.0236 50007.9 2.13093 1.7844e+06 1.11577e+06 ZonesAtSurface
774.41 74.9875 364.923 0 0 0 0 793955 37.9749 76026.6 2.68915 1.75183e+06 793955 ZonesAtSurface
824.423 74.9872 389.899 0 0 0 0 1.18078e+06 15.1939 59252.2 1.83223 1.7988e+06 1.18078e+06 ZonesAtSurface
874.44 74.9867 414.873 0 0 0 0 575331 36.9383 135123 1.79963 1.79217e+06 575331 ZonesAtSurface
924.46 74.986 439.845 0 5 0 0 1.05374e+06 36.8123 118605 3.06545 1.74058e+06 1.05374e+06 ZonesAtSurface
974.483 74.9853 464.816 0 8 0 0 834535 41.6118 89404.5 2.95399 1.76566e+06 834535 ZonesAtSurface
1024.51 74.9851 489.784 0 5 0 0 1.39239e+06 43.0034 122363 4.49642 1.78255e+06 1.39239e+06 ZonesAtSurface
1074.54 74.9845 514.752 0 0 0 0 873389 25.6008 84049.9 2.03702 1.74464e+06 873389 ZonesAtSurface
1124.57 74.9832 539.718 0 0 0 0 1.2884e+06 34.8647 85055.3 3.5441 1.77503e+06 1.2884e+06 ZonesAtSurface
1174.61 74.9825 564.682 0 0 0 0 1.09544e+06 16.2643 57737.4 2.07748 1.68162e+06 1.09544e+06 ZonesAtSurface
1224.64 74.9821 589.644 0 0 0 0 1.02799e+06 30.3596 120018 3.08335 1.65026e+06 1.02799e+06 ZonesAtSurface
1274.68 74.9817 614.606 0 0 0 0 856660 44.3091 133961 4.67484 1.62442e+06 856660 ZonesAtSurface
1324.73 74.9815 639.567 0 0 0 0 1.21024e+06 27.9055 82685 3.38182 1.58204e+06 1.21024e+06 ZonesAtSurface
1374.77 74.9815 664.527 0 0 0 0 1.0832e+06 25.786 78604 2.62235 1.66178e+06 1.0832e+06 ZonesAtSurface
1424.81 74.9819 689.486 0 0 0 0 738237 36.1928 111451 2.75664 1.67916e+06 738237 ZonesAtSurface
1474.85 74.9825 714.447 0 0 0 0 773377 23.9482 114450 1.90096 1.6464e+06 773377 ZonesAtSurface
1524.89 74.9833 739.41 0 0 0 0 1.45908e+06 43.859 121793 5.59007 1.63119e+06 1.45908e+06 ZonesAtSurface
1574.92 74.9846 764.373 0 0 0 0 956962 35.8858 131462 2.96359 1.67506e+06 956962 ZonesAtSurface
1624.95 74.9868 789.337 0 0 0 0 1.29176e+06 21.6983 99560 2.56609 1.80807e+06 1.29176e+06 ZonesAtSurface
1674.96 74.9942 764.31 0 0 1 1 1.36504e+06 22.7125 140644 1.78234 2.62741e+06 1.36504e+06 ZonesAtSurface
1724.98 74.9988 789.282 4 0 1 1 929129 28.2487 100688 1.66217 2.59739e+06 929129 ZonesAtSurface
1775 75.0027 814.257 4 0 2 1 1.15978e+06 24.7529 121211 1.34764 3.46521e+06 1.15978e+06 ZonesAtSurface
1825.01 75.0054 789.249 7 0 1 2 1.10073e+06 28.3535 71840.5 1.12909 3.53483e+06 1.10073e+06 ZonesAtSurface
1874.97 75.0055 914.221 0 8 0 0 1.43852e+06 18.8861 108892 1.86784 2.21344e+06 1.43852e+06 ZonesAtSurface
1924.95 75.0027 939.239 0 0 0 0 1.1656e+06 25.5972 99856 3.03052 1.3735e+06 1.1656e+06 ZonesAtSurface
1974.93 75.0001 964.267 0 0 0 0 774269 33.3123 120360 3.59622 1.19793e+06 774269 ZonesAtSurface
2025.1 75.0015 776.855 6 0 1 3 589311 31.2845 145003 1.16499 3.32828e+06 589311 ZonesAtSurface
2075.28 75.0029 627.007 5 0 1 4 623664 28.8591 79929 1.10164 3.4513e+06 623664 ZonesAtSurface
2125.44 75 427.228 6 0 1 6 1.01929e+06 21.7473 149021 1.04574 4.59696e+06 1.01929e+06 ZonesAtSurface
2175.48 74.9976 327.343 6 0 1 6 1.00247e+06 39.1124 148235 1.08599 6.83727e+06 1.00247e+06 ZonesAtSurface
2225.47 74.9965 227.435 6 0 1 6 552533 23.3948 131024 1.03928 4.64112e+06 552533 ZonesAtSurface
2275.41 74.9965 127.502 6 0 1 6 1.33621e+06 23.4665 113285 1.05539 7.55256e+06 1.33621e+06 ZonesAtSurface
2325.32 74.9947 27.5296 0 0 1 6 1.18608e+06 28.8582 57847.6 1.95429 7.41015e+06 1.18608e+06 ZonesAtSurface
2375.26 74.9936 -22.4687 12 0 1 5 1.05285e+06 19.6233 127100 1.35857 7.57036e+06 1.05285e+06 ZonesAtSurface
2425.23 75.0001 -22.4596 13 0 1 3 1.47905e+06 32.5766 86346.3 1.845 8.70661e+06 1.47905e+06 ZonesAtSurface
2475.16 75.0092 -22.4523 26 0 1 1 765593 35.8914 52675.5 2.3297 8.50556e+06 765593 ZonesAtSurface
2525.02 75.022 -2.39523 46 0 0 0 1.41117e+06 35.6983 62351.2 2.03392 4.71463e+06 1.41117e+06 ZonesAtSurface
2574.96 75.0095 -12.3962 61 0 1 1 1.4609e+06 31.7604 70645.3 1.32893 8.60734e+06 1.4609e+06 ZonesAtSurface
2624.88 74.9969 -22.4101 25 0 1 2 840848 38.6884 127358 1.31001 1.49023e+07 840848 ZonesAtSurface
2674.76 74.9971 17.6098 0 0 1 2 1.35332e+06 43.2962 104743 1.46367 1.24266e+07 1.35332e+06 ZonesAtSurface
2724.55 74.9969 157.618 2 0 0 0 1.07569e+06 28.9378 97889.7 1.5951 2.91766e+06 1.07569e+06 ZonesAtSurface
2774.52 74.9951 197.605 1 0 0 0 1.07625e+06 28.7893 103842 1.23469 3.32868e+06 1.07625e+06 ZonesAtSurface
2824.51 74.9927 237.58 4 0 0 0 986982 30.6079 68385 1.1641 3.28298e+06 986982 ZonesAtSurface
2874.5 74.9913 277.555 0 0 0 0 1.19463e+06 40.8762 83595.4 2.30688 2.94302e+06 1.19463e+06 ZonesAtSurface
2924.5 74.9917 267.53 0 0 2 1 712031 37.7225 58680.3 1.62376 3.57095e+06 712031 ZonesAtSurface
2974.52 74.9907 357.498 4 0 0 0 963080 25.8579 106285 1.5588 2.29832e+06 963080 ZonesAtSurface
3024.52 74.9902 347.464 0 0 2 1 948146 41.0113 83069.2 2.05299 3.12496e+06 948146 ZonesAtSurface
3074.56 74.9901 437.424 0 0 0 0 1.09956e+06 25.3287 102532 1.71471 2.22134e+06 1.09956e+06 ZonesAtSurface
3124.56 74.9895 427.383 0 0 1 1 1.21436e+06 16.1795 52537 1.48748 2.65292e+06 1.21436e+06 ZonesAtSurface
3174.62 74.9915 517.338 10 6 0 0 885233 35.7813 105630 1.89337 2.03002e+06 885233 ZonesAtSurface
3224.62 74.9883 507.292 0 0 1 1 1.34975e+06 26.704 131453 1.90054 2.9415e+06 1.34975e+06 ZonesAtSurface
3274.66 74.989 547.244 0 4 1 1 1.44725e+06 40.4467 101169 2.76315 3.41914e+06 1.44725e+06 ZonesAtSurface
3324.64 74.9912 487.202 2 0 1 3 539380 28.877 72598.4 1.06672 3.90519e+06 539380 ZonesAtSurface
3374.74 74.9912 627.118 5 0 2 1 831406 41.1942 55985.4 1.50637 3.49023e+06 831406 ZonesAtSurface
3424.8 74.9896 667.063 10 0 1 1 808161 33.4761 65995.4 1.41865 2.93412e+06 808161 ZonesAtSurface
3474.85 74.9906 707.009 0 0 2 1 1.3459e+06 28.4859 133530 2.1072 3.14449e+06 1.3459e+06 ZonesAtSurface
3524.86 74.9954 696.959 7 0 2 2 1.47669e+06 16.7247 68547.4 1.45943 3.36957e+06 1.47669e+06 ZonesAtSurface
3574.88 74.9972 686.91 0 0 1 3 943080 44.2283 85597.1 1.73172 4.25714e+06 943080 ZonesAtSurface
3624.92 74.9988 726.848 0 0 1 3 1.09287e+06 43.1159 64765.4 1.71284 4.51751e+06 1.09287e+06 ZonesAtSurface
3674.98 75 816.777 9 0 1 2 642308 31.0581 76585.6 1.10279 3.71969e+06 642308 ZonesAtSurface
3725.01 74.997 956.736 0 6 0 0 788193 27.2665 111215 2.78585 1.09221e+06 788193 ZonesAtSurface
3775.01 74.9975 956.735 0 0 0 0 968356 44.6305 123855 5.31327 1.11321e+06 968356 ZonesAtSurface
3825.03 74.999 816.763 0 0 1 2 1.48119e+06 29.1291 136287 2.25049 2.88364e+06 1.48119e+06 ZonesAtSurface
3875.06 74.9981 776.806 0 0 1 2 1.001e+06 44.6111 80673.1 2.73073 3.37562e+06 1.001e+06 ZonesAtSurface
3925.14 74.9975 686.876 0 0 1 3 813526 29.8923 73421.2 1.186 3.84156e+06 813526 ZonesAtSurface
3975.15 74.9941 696.921 0 0 1 2 1.44745e+06 16.1244 144060 1.38432 3.3491e+06 1.44745e+06 ZonesAtSurface
4025.21 74.9927 656.981 0 0 1 2 1.04206e+06 39.5405 51919.9 2.5623 3.16211e+06 1.04206e+06 ZonesAtSurface
4075.22 74.989 667.033 0 0 2 1 1.45148e+06 20.5638 66326.9 1.86972 2.67256e+06 1.45148e+06 ZonesAtSurface
4125.23 74.9823 677.086 0 0 0 0 1.33216e+06 20.5 63205.4 2.07603 2.11401e+06 1.33216e+06 ZonesAtSurface
4175.29 74.9807 637.136 0 0 0 0 927536 41.3389 128328 2.32164 2.54149e+06 927536 ZonesAtSurface
4225.34 74.9806 597.184 0 0 0 0 1.37305e+06 34.8182 66122.4 2.30432 2.81547e+06 1.37305e+06 ZonesAtSurface
4275.39 74.9805 557.233 6 0 0 0 693707 42.0076 114914 1.93131 3.19927e+06 693707 ZonesAtSurface
4325.46 74.9868 467.286 4 0 1 1 693518 36.3316 81758 1.59785 3.36104e+06 693518 ZonesAtSurface
4375.46 74.9867 477.332 8 2 0 0 1.23244e+06 27.4945 54903.1 1.83144 2.70799e+06 1.23244e+06 ZonesAtSurface
4425.51 74.9871 387.372 1 0 2 1 1.01896e+06 15.6648 142899 1.20797 2.74057e+06 1.01896e+06 ZonesAtSurface
4475.54 74.9902 297.421 10 0 1 2 747195 36.5483 74277.4 1.46515 4.73424e+06 747195 ZonesAtSurface
4525.54 74.9917 307.457 0 0 1 1 1.09705e+06 40.5462 103389 2.56606 3.46382e+06 1.09705e+06 ZonesAtSurface
4575.54 74.9917 217.486 0 0 1 2 1.01369e+06 33.4692 112549 1.72862 4.48223e+06 1.01369e+06 ZonesAtSurface
4625.54 74.9911 227.51 0 0 1 1 1.23675e+06 37.949 61079.5 2.31129 3.87434e+06 1.23675e+06 ZonesAtSurface
4675.54 74.9922 237.531 0 0 0 0 1.34116e+06 34.6572 149939 1.78495 3.08139e+06 1.34116e+06 ZonesAtSurface
4725.53 74.9919 197.545 0 0 0 0 839240 39.4136 117939 1.685 3.37794e+06 839240 ZonesAtSurface
4775.45 74.9937 107.555 0 0 1 1 580358 21.3258 95771.3 1.38204 3.0587e+06 580358 ZonesAtSurface
4825.45 74.9957 117.569 10 0 0 0 1.07875e+06 42.5221 76410.5 1.66265 4.34684e+06 1.07875e+06 ZonesAtSurface
4875.21 74.992 -22.4745 8 0 1 2 676601 37.1101 78759.3 1.39927 1.38189e+07 676601 ZonesAtSurface
4925.14 74.9969 -12.4551 21 0 1 1 1.19688e+06 22.7395 110169 1.1323 1.19572e+07 1.19688e+06 ZonesAtSurface
74.9061 124.995 -33.9075 56 0 1 1 876364 22.6194 94947.7 1.12954 6.4937e+06 876364 ZonesAtSurface
124.825 124.993 -8.88337 61 23 1 1 927980 35.0697 126023 1.67748 2.27979e+06 927980 ZonesAtSurface
174.756 124.992 -33.9203 32 0 1 2 1.0622e+06 44.1728 71333.6 1.1559 9.50519e+06 1.0622e+06 ZonesAtSurface
224.691 124.992 -8.89807 46 16 1 2 1.2118e+06 34.0178 125066 1.47786 3.49629e+06 1.2118e+06 ZonesAtSurface
274.63 124.989 -33.9499 22 0 1 3 1.43832e+06 35.7096 68734.4 1.13857 1.17137e+07 1.43832e+06 ZonesAtSurface
324.565 124.991 -8.94995 21 0 1 3 840994 30.6152 100122 1.02674 6.44443e+06 840994 ZonesAtSurface
374.558 124.988 -33.9766 0 0 1 4 1.37088e+06 30.071 145384 1.5518 8.70828e+06 1.37088e+06 ZonesAtSurface
424.47 124.99 41.0275 8 0 1 3 931414 30.2062 54058.9 1.04028 5.8896e+06 931414 ZonesAtSurface
474.384 124.98 216.019 0 8 0 0 1.26027e+06 28.6136 100162 7.13525 624828 1.26027e+06 ZonesAtSurface
524.386 124.982 241.012 0 6 0 0 734155 29.7364 78275.6 1.6305 1.55003e+06 734155 ZonesAtSurface
574.386 124.982 265.998 0 0 0 0 558231 40.4976 74322.3 2.59909 1.67449e+06 558231 ZonesAtSurface
624.388 124.982 290.981 0 0 0 0 1.35613e+06 39.1573 112660 4.71747 1.54137e+06 1.35613e+06 ZonesAtSurface
674.392 124.981 315.963 0 0 0 0 1.46965e+06 30.884 59669.5 4.2925 1.43175e+06 1.46965e+06 ZonesAtSurface
724.399 124.98 340.944 0 0 0 0 568067 41.6401 61828.2 3.22182 1.36463e+06 568067 ZonesAtSurface
774.408 124.979 365.922 0 0 0 0 1.47716e+06 33.6459 72883.2 4.92188 1.33165e+06 1.47716e+06 ZonesAtSurface
824.42 124.979 390.899 0 0 0 0 1.47311e+06 16.4011 82567.9 2.94949 1.39743e+06 1.47311e+06 ZonesAtSurface
874.437 124.979 415.873 0 0 0 0 1.08145e+06 30.039 72720.4 3.15148 1.36909e+06 1.08145e+06 ZonesAtSurface
924.456 124.978 440.845 0 3 0 0 1.26475e+06 25.4453 67498.6 3.44654 1.31784e+06 1.26475e+06 ZonesAtSurface
974.476 124.978 465.815 0 10 0 0 1.12261e+06 16.2168 123886 2.31163 1.38422e+06 1.12261e+06 ZonesAtSurface
1024.5 124.978 490.784 0 5 0 0 850280 17.5481 104230 1.75882 1.45751e+06 850280 ZonesAtSurface
1074.53 124.978 515.753 0 0 0 0 1.35906e+06 34.8493 54114.7 4.44009 1.45989e+06 1.35906e+06 ZonesAtSurface
1124.56 124.976 540.719 0 0 0 0 1.012e+06 26.3249 123380 2.57744 1.49165e+06 1.012e+06 ZonesAtSurface
1174.59 124.976 565.683 0 0 0 0 1.47044e+06 36.9357 145538 5.15957 1.43038e+06 1.47044e+06 ZonesAtSurface
1224.63 124.976 590.646 0 0 0 0 1.15216e+06 19.8717 92196.3 2.7929 1.39786e+06 1.15216e+06 ZonesAtSurface
1274.67 124.975 615.609 0 0 0 0 1.38829e+06 36.4078 86016.3 5.41609 1.31096e+06 1.38829e+06 ZonesAtSurface
1324.71 124.975 640.57 0 0 0 0 1.35126e+06 31.3915 72507.2 4.72113 1.25053e+06 1.35126e+06 ZonesAtSurface
1374.75 124.975 665.531 0 0 0 0 825232 30.2177 123010 2.93806 1.25809e+06 825232 ZonesAtSurface
1424.8 124.975 690.492 0 0 0 0 521048 15.5876 99324.4 1.39917 1.21942e+06 521048 ZonesAtSurface
1474.84 124.975 715.454 0 0 0 0 725232 34.8778 78623.9 3.51066 1.12094e+06 725232 ZonesAtSurface
1524.88 124.976 740.417 0 0 0 0 716583 22.5693 104888 2.32577 1.13801e+06 716583 ZonesAtSurface
1574.92 124.978 765.382 0 0 0 0 1.36254e+06 33.7362 58401.5 4.64438 1.25525e+06 1.36254e+06 ZonesAtSurface
1624.95 124.98 790.35 0 4 0 0 871661 44.1185 72254.2 4.86901 1.43729e+06 871661 ZonesAtSurface
1674.95 124.99 765.325 0 0 2 1 1.46389e+06 20.5 123324 1.65821 2.80985e+06 1.46389e+06 ZonesAtSurface
1724.95 125.001 690.328 0 0 1 3 703942 36.6635 81050.1 1.054 4.31928e+06 703942 ZonesAtSurface
1774.99 125.006 715.301 2 0 1 3 1.41098e+06 15.0273 83390.9 1.03079 3.87571e+06 1.41098e+06 ZonesAtSurface
1825.01 125.009 790.257 10 2 1 2 1.07129e+06 16.7836 109874 1.07142 2.70432e+06 1.07129e+06 ZonesAtSurface
1875.04 125.009 765.255 0 0 1 3 1.27151e+06 43.1425 90912.7 1.30981 4.6249e+06 1.27151e+06 ZonesAtSurface
1924.99 125.004 890.239 0 0 2 1 1.44629e+06 32.6267 131068 3.77271 1.80431e+06 1.44629e+06 ZonesAtSurface
1974.94 124.999 965.267 0 10 0 0 995899 26.3523 99226.1 3.38588 930207 995899 ZonesAtSurface
2025.18 125.002 727.872 9 0 1 4 981200 33.9606 136824 1.11882 3.93588e+06 981200 ZonesAtSurface
2075.39 125.002 528.094 6 0 1 6 1.11359e+06 22.3258 77475.3 1.06371 3.86738e+06 1.11359e+06 ZonesAtSurface
2125.47 124.997 428.234 6 0 1 6 850914 41.567 106166 1.05129 5.7324e+06 850914 ZonesAtSurface
2175.5 124.993 328.349 3 0 1 6 656999 26.6249 53004.8 1.02735 4.01318e+06 656999 ZonesAtSurface
2225.49 124.991 228.443 6 0 1 6 1.39044e+06 40.4331 106352 1.05152 7.40346e+06 1.39044e+06 ZonesAtSurface
2275.42 124.99 128.51 6 0 1 6 1.02358e+06 32.1258 102291 1.0911 7.72183e+06 1.02358e+06 ZonesAtSurface
2325.33 124.988 28.5366 0 0 1 6 508462 39.9066 64332.8 2.31716 7.83359e+06 508462 ZonesAtSurface
2375.27 124.985 -21.4616 9 0 1 5 1.26252e+06 22.4849 61605.7 1.39858 7.52103e+06 1.26252e+06 ZonesAtSurface
2425.24 124.985 -21.4477 31 0 1 3 650914 20.8386 77075 1.89808 2.87632e+06 650914 ZonesAtSurface
2475.17 124.99 -21.4339 26 0 1 1 1.20176e+06 35.6243 98802.5 3.02938 5.19653e+06 1.20176e+06 ZonesAtSurface
2525.02 125.002 -1.3504 64 17 0 0 875840 37.2872 90506.9 1.45399 2.83793e+06 875840 ZonesAtSurface
2574.96 124.996 -11.37 51 0 1 1 1.36784e+06 36.3883 95841 1.74744 4.69925e+06 1.36784e+06 ZonesAtSurface
2624.87 124.989 -21.402 31 0 1 2 621703 41.1135 105420 1.08272 1.26902e+07 621703 ZonesAtSurface
2674.75 124.989 18.6117 3 0 1 2 1.21371e+06 15.8472 127090 1.11444 5.72994e+06 1.21371e+06 ZonesAtSurface
2724.58 124.989 108.616 6 7 2 1 1.37389e+06 43.0889 95843.2 1.3323 4.73534e+06 1.37389e+06 ZonesAtSurface
2774.54 124.989 148.604 0 0 1 1 1.10583e+06 30.5713 82722.1 1.37409 4.4303e+06 1.10583e+06 ZonesAtSurface
2824.5 124.986 238.579 10 0 0 0 841867 20.0856 135822 1.26721 2.18958e+06 841867 ZonesAtSurface
2874.5 124.984 278.553 5 0 0 0 551694 37.3203 64536.2 1.28112 1.90121e+06 551694 ZonesAtSurface
2924.51 124.984 318.529 0 0 0 0 1.41559e+06 42.3689 149414 3.97189 2.10711e+06 1.41559e+06 ZonesAtSurface
2974.51 124.985 308.499 0 0 2 1 1.19739e+06 27.6486 82441.8 1.78357 3.10982e+06 1.19739e+06 ZonesAtSurface
3024.53 124.982 398.464 0 0 0 0 1.45295e+06 43.8691 116606 3.82438 2.08621e+06 1.45295e+06 ZonesAtSurface
3074.53 124.983 388.427 2 0 1 1 686863 24.2527 75315.6 1.3122 2.48101e+06 686863 ZonesAtSurface
3124.55 124.983 428.386 1 0 2 1 734517 38.5278 93949 1.75441 2.50546e+06 734517 ZonesAtSurface
3174.58 124.983 468.341 3 0 1 1 1.00504e+06 42.6226 135203 2.44419 2.96913e+06 1.00504e+06 ZonesAtSurface
3224.59 124.983 458.297 0 0 1 2 1.30249e+06 24.9256 53494 1.33298 4.01176e+06 1.30249e+06 ZonesAtSurface
3274.65 124.979 548.248 1 9 1 1 1.49804e+06 28.9701 149569 1.80941 3.12386e+06 1.49804e+06 ZonesAtSurface
3324.63 124.986 488.205 4 0 1 3 804785 32.6733 103829 1.04164 4.56499e+06 804785 ZonesAtSurface
3374.7 124.985 578.132 0 0 1 2 1.42043e+06 21.9869 81377.8 1.33458 4.27036e+06 1.42043e+06 ZonesAtSurface
3424.78 124.982 668.069 2 0 2 1 516913 40.1022 105800 1.95355 2.57127e+06 516913 ZonesAtSurface
3474.84 124.983 708.02 9 5 1 1 676937 43.1455 101590 1.74561 1.81633e+06 676937 ZonesAtSurface
3524.86 124.99 697.971 15 8 1 2 1.27889e+06 17.3042 79496 1.69057 2.10452e+06 1.27889e+06 ZonesAtSurface
3574.87 124.993 687.918 24 0 1 3 780378 28.697 129858 1.06809 3.28341e+06 780378 ZonesAtSurface
3624.89 124.997 677.872 0 0 1 4 1.31288e+06 18.1875 116135 1.10899 4.07415e+06 1.31288e+06 ZonesAtSurface
3674.94 124.999 717.817 0 0 1 4 1.4199e+06 32.3244 138379 1.28078 4.93496e+06 1.4199e+06 ZonesAtSurface
3725 124.993 907.736 5 6 2 1 849653 26.9134 86889.5 1.31529 2.10492e+06 849653 ZonesAtSurface
3775.01 124.993 907.734 4 7 2 1 1.10918e+06 23.2137 128625 1.67906 2.19862e+06 1.10918e+06 ZonesAtSurface
3825.03 124.997 817.765 0 0 1 2 1.23289e+06 32.2674 128282 2.08193 2.92977e+06 1.23289e+06 ZonesAtSurface
3875.1 124.999 727.821 0 0 1 3 527775 44.3566 124601 1.68435 3.13968e+06 527775 ZonesAtSurface
3925.11 124.993 737.868 8 0 2 2 736440 29.1382 50736.1 1.08872 2.39931e+06 736440 ZonesAtSurface
3975.12 124.981 747.923 0 6 2 1 889155 42.6817 89551.3 1.96235 2.22485e+06 889155 ZonesAtSurface
4025.22 124.989 657.987 0 0 1 2 613646 42.3787 77715.4 2.53708 2.83411e+06 613646 ZonesAtSurface
4075.23 124.983 668.042 0 0 2 1 1.26964e+06 43.521 74527.1 3.93048 2.57339e+06 1.26964e+06 ZonesAtSurface
4125.24 124.976 678.093 0 0 0 0 1.13445e+06 39.0827 68258.4 4.30133 1.4414e+06 1.13445e+06 ZonesAtSurface
4175.31 124.974 638.14 0 0 0 0 559479 44.1651 70575.6 1.69987 2.12249e+06 559479 ZonesAtSurface
4225.36 124.974 598.187 0 0 0 0 1.46303e+06 44.4266 147675 3.59773 2.48812e+06 1.46303e+06 ZonesAtSurface
4275.43 124.98 508.237 0 0 2 1 789429 28.9226 96186.5 1.15765 3.19145e+06 789429 ZonesAtSurface
4325.44 124.974 518.284 1 3 0 0 973642 36.6619 67183.7 1.58681 3.4666e+06 973642 ZonesAtSurface
4375.49 124.981 428.335 0 0 1 1 1.23136e+06 22.0308 75416 1.67733 2.61563e+06 1.23136e+06 ZonesAtSurface
4425.5 124.975 438.369 0 2 0 0 1.13156e+06 23.9306 116567 1.84622 2.09386e+06 1.13156e+06 ZonesAtSurface
4475.54 124.982 298.421 10 0 1 2 621806 15.5801 127917 1.07345 2.97826e+06 621806 ZonesAtSurface
4525.54 124.986 208.461 0 0 1 3 662387 31.6715 115266 1.4471 5.06114e+06 662387 ZonesAtSurface
4575.55 124.982 268.486 0 0 2 1 1.29528e+06 42.2059 125364 2.6815 3.3335e+06 1.29528e+06 ZonesAtSurface
4625.54 124.985 228.509 8 0 2 1 500054 22.0077 139645 1.16375 2.14691e+06 500054 ZonesAtSurface
4675.55 124.985 238.53 10 0 0 0 1.18317e+06 17.1783 103426 1.27039 2.67505e+06 1.18317e+06 ZonesAtSurface
4725.54 124.985 198.542 0 0 0 0 1.00165e+06 26.1503 117661 1.59752 2.28766e+06 1.00165e+06 ZonesAtSurface
4775.51 124.985 158.562 0 0 0 0 999413 27.9481 100968 1.5345 2.82964e+06 999413 ZonesAtSurface
4825.39 124.984 68.5635 9 0 1 1 867716 25.355 80663.1 1.20087 3.38215e+06 867716 ZonesAtSurface
4875.21 124.984 -21.4746 7 0 1 2 1.1948e+06 21.7071 126518 1.03508 1.06378e+07 1.1948e+06 ZonesAtSurface
4925.14 124.985 -11.4404 35 0 1 1 1.08048e+06 23.9147 115681 1.06078 1.08264e+07 1.08048e+06 ZonesAtSurface
74.9121 174.985 -32.8976 45 0 1 1 967380 31.4207 59068.7 1.12969 8.30443e+06 967380 ZonesAtSurface
124.829 174.982 -7.87349 58 19 1 1 1.39792e+06 22.5313 123545 1.765 2.4844e+06 1.39792e+06 ZonesAtSurface
174.759 174.982 -32.9088 50 0 1 2 657354 30.2426 118395 1.13072 6.44187e+06 657354 ZonesAtSurface
224.687 174.982 -7.88615 50 3 1 2 992682 22.782 105332 1.25946 2.9717e+06 992682 ZonesAtSurface
274.625 174.982 -32.9401 33 0 1 3 1.26714e+06 23.802 64702.6 1.05171 6.86547e+06 1.26714e+06 ZonesAtSurface
324.559 174.983 -7.94194 24 0 1 3 642253 41.4251 51437.3 1.02172 5.21657e+06 642253 ZonesAtSurface
374.554 174.983 -32.9723 0 0 1 4 952117 37.4551 149948 1.90898 9.0692e+06 952117 ZonesAtSurface
424.419 174.981 92.0302 0 4 2 2 1.23959e+06 44.6708 67209.3 1.44748 4.43368e+06 1.23959e+06 ZonesAtSurface
474.39 174.98 167.024 0 4 2 1 1.44259e+06 21.325 117723 1.51695 2.77494e+06 1.44259e+06 ZonesAtSurface
524.384 174.976 242.015 0 0 0 0 1.015e+06 26.0204 52310.5 2.5211 1.53213e+06 1.015e+06 ZonesAtSurface
574.384 174.976 267.001 0 0 0 0 777615 41.6137 77067.6 3.36237 1.56191e+06 777615 ZonesAtSurface
624.386 174.975 291.984 0 0 0 0 959398 25.5348 101162 2.77046 1.34879e+06 959398 ZonesAtSurface
674.39 174.974 316.966 0 0 0 0 664517 37.8717 62007.6 3.50989 1.18714e+06 664517 ZonesAtSurface
724.396 174.973 341.946 0 0 0 0 515012 40.6087 132542 3.6444 1.08154e+06 515012 ZonesAtSurface
774.405 174.973 366.925 0 3 0 0 861847 20.0972 63560.4 2.75373 1.04505e+06 861847 ZonesAtSurface
824.417 174.972 391.901 0 0 0 0 925485 21.6316 105956 2.69025 1.12526e+06 925485 ZonesAtSurface
874.432 174.972 416.875 0 0 0 0 1.37862e+06 26.7373 90784.3 4.61667 1.08481e+06 1.37862e+06 ZonesAtSurface
924.451 174.971 441.847 0 1 0 0 979251 36.6551 79979.6 4.39126 1.09277e+06 979251 ZonesAtSurface
974.47 174.971 466.817 0 9 0 0 1.113e+06 41.5803 109793 5.10703 1.1583e+06 1.113e+06 ZonesAtSurface
1024.49 174.972 491.787 0 5 0 0 1.45666e+06 28.5932 82878.5 4.3698 1.23813e+06 1.45666e+06 ZonesAtSurface
1074.52 174.971 516.757 0 0 0 0 984480 27.5036 52224.5 3.31275 1.2079e+06 984480 ZonesAtSurface
1124.55 174.97 541.723 0 0 0 0 1.17586e+06 34.0059 88021.3 4.01449 1.3146e+06 1.17586e+06 ZonesAtSurface
1174.58 174.97 566.687 0 0 0 0 560056 37.474 51589.6 3.1411 1.26922e+06 560056 ZonesAtSurface
1224.62 174.97 591.651 0 0 0 0 777296 24.3846 112417 2.59025 1.21612e+06 777296 ZonesAtSurface
1274.66 174.97 616.614 0 0 0 0 799354 26.9284 71065 3.19684 1.09311e+06 799354 ZonesAtSurface
1324.7 174.969 641.576 0 0 0 0 940843 31.6023 137079 4.2864 1.01834e+06 940843 ZonesAtSurface
1374.74 174.969 666.538 0 0 0 0 994717 28.4482 117995 4.65347 909037 994717 ZonesAtSurface
1424.79 174.969 691.499 0 0 0 0 1.0784e+06 21.4931 130330 4.38745 851055 1.0784e+06 ZonesAtSurface
1474.83 174.97 716.463 0 0 0 0 1.24106e+06 41.3603 129986 8.30672 828447 1.24106e+06 ZonesAtSurface
1524.87 174.971 741.428 0 0 0 0 538205 28.8475 113623 3.30185 801570 538205 ZonesAtSurface
1574.91 174.972 766.395 0 0 0 0 717523 29.1781 117130 3.53356 879482 717523 ZonesAtSurface
1624.94 174.975 791.365 0 0 0 0 1.14137e+06 41.4824 133632 5.59941 1.08962e+06 1.14137e+06 ZonesAtSurface
1674.95 174.989 766.343 7 9 2 1 999922 22.8789 55166.1 1.52975 1.95852e+06 999922 ZonesAtSurface
1724.94 175.003 691.348 1 0 2 3 1.24503e+06 15.5104 147866 1.03838 3.75141e+06 1.24503e+06 ZonesAtSurface
1774.98 175.009 716.319 9 0 2 3 678172 17.6283 133575 1.06771 2.166e+06 678172 ZonesAtSurface
1825.02 175.008 691.315 3 0 1 4 637722 24.1823 55354.3 1.0659 2.8016e+06 637722 ZonesAtSurface
1875.05 175.012 766.26 3 3 1 3 1.4057e+06 29.008 144556 1.08304 4.4585e+06 1.4057e+06 ZonesAtSurface
1925 175.004 891.242 0 10 2 1 1.16605e+06 44.8467 115553 3.11595 1.92143e+06 1.16605e+06 ZonesAtSurface
1974.98 174.998 916.271 0 7 2 1 1.22022e+06 40.7 89558.5 3.86278 1.44536e+06 1.22022e+06 ZonesAtSurface
2025.2 174.998 728.87 0 0 2 4 557537 15.2398 126236 1.1058 1.2773e+06 557537 ZonesAtSurface
2075.42 174.999 529.096 4 0 1 6 1.03345e+06 27.8223 75428.4 1.06793 3.55631e+06 1.03345e+06 ZonesAtSurface
2125.5 174.993 429.237 6 0 1 6 1.41563e+06 44.1978 93466.4 1.02411 6.77283e+06 1.41563e+06 ZonesAtSurface
2175.53 174.989 329.355 6 0 1 6 1.17596e+06 39.21 109886 1.04373 6.30468e+06 1.17596e+06 ZonesAtSurface
2225.51 174.986 229.45 6 0 1 6 897261 22.3368 76981.8 1.02328 4.57166e+06 897261 ZonesAtSurface
2275.44 174.983 129.517 6 0 1 6 1.04751e+06 18.9108 124888 1.04288 4.95888e+06 1.04751e+06 ZonesAtSurface
2325.34 174.98 29.5441 3 0 1 6 1.45582e+06 29.0704 63389 1.38056 8.46545e+06 1.45582e+06 ZonesAtSurface
2375.28 174.978 -20.4522 0 0 1 5 904927 35.8503 132055 2.05849 8.20466e+06 904927 ZonesAtSurface
2425.25 174.976 -20.4417 32 0 1 3 1.33948e+06 30.0298 67607.4 1.75488 5.95453e+06 1.33948e+06 ZonesAtSurface
2475.18 174.977 -20.4209 29 0 1 1 1.49616e+06 34.7067 148578 2.7884 4.89132e+06 1.49616e+06 ZonesAtSurface
2525.02 174.985 -0.328753 70 20 0 0 507788 31.1089 75355.4 0 1.59028e+06 507788 ZonesAtSurface
2574.94 174.982 -10.352 58 0 1 1 1.31178e+06 23.2792 148790 1.74606 3.7766e+06 1.31178e+06 ZonesAtSurface
2624.86 174.979 -20.3917 29 0 1 2 874316 16.2946 83238.2 1.0268 5.59051e+06 874316 ZonesAtSurface
2674.82 174.979 -30.412 4 0 1 3 1.38438e+06 15.9724 54038.6 1.01347 8.82502e+06 1.38438e+06 ZonesAtSurface
2724.57 174.979 109.616 6 0 2 1 1.06025e+06 25.2921 63651.3 1.4176 3.14894e+06 1.06025e+06 ZonesAtSurface
2774.53 174.981 149.608 0 0 1 1 1.3426e+06 42.147 50852.1 1.40244 5.39511e+06 1.3426e+06 ZonesAtSurface
2824.51 174.981 189.585 0 0 1 1 1.0423e+06 42.1849 76736.9 1.27459 5.21123e+06 1.0423e+06 ZonesAtSurface
2874.49 174.976 279.556 0 0 0 0 1.28442e+06 32.0154 71711.9 2.87459 2.07547e+06 1.28442e+06 ZonesAtSurface
2924.49 174.98 269.531 0 0 2 1 927109 16.4202 121746 1.14147 2.84318e+06 927109 ZonesAtSurface
2974.51 174.975 359.501 0 0 0 0 1.49395e+06 29.8298 95399.1 2.79657 2.05727e+06 1.49395e+06 ZonesAtSurface
3024.51 174.978 349.468 0 0 2 1 1.38659e+06 33.5452 130200 2.13352 3.00942e+06 1.38659e+06 ZonesAtSurface
3074.53 174.977 389.431 0 2 2 1 806685 41.6172 80120 1.83731 2.63102e+06 806685 ZonesAtSurface
3124.55 174.976 429.391 0 0 1 1 1.48333e+06 27.7822 53528.7 2.11646 2.70368e+06 1.48333e+06 ZonesAtSurface
3174.55 174.979 419.348 21 0 1 2 1.00493e+06 17.86 113623 1.05652 3.47362e+06 1.00493e+06 ZonesAtSurface
3224.59 174.971 509.294 0 0 2 1 1.05534e+06 33.4791 54432 1.64752 3.39146e+06 1.05534e+06 ZonesAtSurface
3274.61 174.978 499.251 0 0 1 2 894964 33.6506 66064.8 1.22383 3.90134e+06 894964 ZonesAtSurface
3324.64 174.978 539.198 3 0 1 2 952447 34.0544 63227.5 1.19576 4.16798e+06 952447 ZonesAtSurface
3374.68 174.98 579.139 0 0 1 2 605891 31.9886 106303 1.14308 3.37996e+06 605891 ZonesAtSurface
3424.77 174.976 669.078 0 0 2 1 673383 36.0285 70914 1.63085 2.24274e+06 673383 ZonesAtSurface
3474.83 174.977 709.029 0 2 2 1 1.00128e+06 28.5679 81882.2 1.72302 1.97322e+06 1.00128e+06 ZonesAtSurface
3524.85 174.985 698.98 0 7 2 2 1.30187e+06 23.9175 126901 1.99141 2.10314e+06 1.30187e+06 ZonesAtSurface
3574.86 174.991 688.925 28 0 1 3 942471 32.3579 113472 1.04155 3.79632e+06 942471 ZonesAtSurface
3624.91 174.994 728.862 6 0 2 3 1.41299e+06 24.9402 94219.1 1.14868 3.99153e+06 1.41299e+06 ZonesAtSurface
3674.93 174.999 718.821 3 0 1 4 1.13691e+06 26.4364 139468 1.02927 4.40606e+06 1.13691e+06 ZonesAtSurface
3725 174.989 908.74 10 7 2 1 763539 21.7779 72952.3 1.35201 1.64351e+06 763539 ZonesAtSurface
3775.01 174.988 908.737 0 10 2 1 1.29229e+06 29.7499 101632 1.84939 2.40265e+06 1.29229e+06 ZonesAtSurface
3825.04 174.994 818.77 4 0 1 2 981303 36.7189 144571 1.80593 2.80135e+06 981303 ZonesAtSurface
3875.07 174.992 778.819 0 5 1 2 1.19902e+06 38.0378 79392 2.41767 2.47957e+06 1.19902e+06 ZonesAtSurface
3925.12 174.991 738.875 0 0 2 2 1.07783e+06 24.1056 87765.9 1.5387 2.53561e+06 1.07783e+06 ZonesAtSurface
3975.18 174.988 698.935 10 0 1 2 850857 15.339 50387.6 1.0555 2.62955e+06 850857 ZonesAtSurface
4025.19 174.977 708.992 7 6 1 1 1.34188e+06 21.9714 134122 1.66969 2.51098e+06 1.34188e+06 ZonesAtSurface
4075.25 174.978 669.05 7 0 1 1 1.07434e+06 27.1467 87144.8 1.74536 2.6366e+06 1.07434e+06 ZonesAtSurface
4125.26 174.972 679.103 0 10 0 0 640532 38.8393 117690 3.93221 764868 640532 ZonesAtSurface
4175.33 174.97 639.147 0 1 0 0 1.39855e+06 35.5196 138425 3.52533 1.61362e+06 1.39855e+06 ZonesAtSurface
4225.41 174.978 549.196 0 1 2 1 1.44789e+06 28.0664 121401 1.69211 3.08172e+06 1.44789e+06 ZonesAtSurface
4275.42 174.969 559.238 0 6 0 0 1.28406e+06 24.5762 136728 1.76641 2.37536e+06 1.28406e+06 ZonesAtSurface
4325.5 174.98 419.302 0 0 1 2 1.05943e+06 36.97 143844 1.69784 4.12789e+06 1.05943e+06 ZonesAtSurface
4375.48 174.97 479.339 6 3 0 0 574095 40.2227 112023 2.60681 1.47687e+06 574095 ZonesAtSurface
4425.51 174.967 439.374 0 8 0 0 1.43498e+06 35.9144 68574.7 6.31202 989127 1.43498e+06 ZonesAtSurface
4475.54 174.971 349.415 10 0 2 1 816073 24.3306 61443.9 1.07743 2.88426e+06 816073 ZonesAtSurface
4525.55 174.973 309.453 6 0 2 1 1.19999e+06 22.904 104834 1.39904 3.27196e+06 1.19999e+06 ZonesAtSurface
4575.55 174.981 219.49 1 0 1 2 903612 26.2582 142961 1.12888 4.60557e+06 903612 ZonesAtSurface
4625.55 174.978 279.512 0 10 0 0 866050 36.6314 106253 2.53919 1.52081e+06 866050 ZonesAtSurface
4675.54 174.981 189.532 0 0 1 1 1.1574e+06 24.7064 57742 1.14007 4.11427e+06 1.1574e+06 ZonesAtSurface
4725.54 174.978 199.543 0 0 0 0 760037 42.9433 59303.2 3.0355 1.85919e+06 760037 ZonesAtSurface
4775.47 174.979 109.558 0 0 1 1 620168 34.3997 129324 1.20328 3.60341e+06 620168 ZonesAtSurface
4825.48 174.974 119.585 0 2 0 0 1.43292e+06 29.5205 91665.2 1.71072 3.11393e+06 1.43292e+06 ZonesAtSurface
4875.28 174.974 29.5777 9 0 1 1 596152 37.828 79135.6 1.05955 6.69599e+06 596152 ZonesAtSurface
4925.14 174.977 -10.4299 9 0 1 1 1.1116e+06 16.4824 130483 1.0468 7.21784e+06 1.1116e+06 ZonesAtSurface
74.9166 224.979 -31.8902 51 0 1 1 839721 44.9456 84503.8 1.27426 9.93506e+06 839721 ZonesAtSurface
124.832 224.975 -6.86276 52 0 1 1 965592 19.5833 128801 1.92576 1.78794e+06 965592 ZonesAtSurface
174.757 224.976 -31.9018 47 0 1 2 563704 38.2095 141852 1.07219 7.1385e+06 563704 ZonesAtSurface
224.681 224.976 -6.878 48 8 1 2 874426 37.859 93405 1.31359 3.33564e+06 874426 ZonesAtSurface
274.621 224.976 -31.9311 34 0 1 3 600236 31.0655 90923.7 1.03852 6.43749e+06 600236 ZonesAtSurface
324.551 224.975 -6.93592 35 0 1 3 1.29796e+06 23.5048 111064 1.01963 4.40109e+06 1.29796e+06 ZonesAtSurface
374.549 224.978 -31.9669 6 0 1 4 1.03308e+06 24.9738 92595.9 1.04623 8.678e+06 1.03308e+06 ZonesAtSurface
424.456 224.979 43.0358 1 0 1 3 1.08134e+06 21.8439 62383.8 1.03943 4.60856e+06 1.08134e+06 ZonesAtSurface
474.378 224.971 218.027 0 3 0 0 1.45206e+06 23.9278 106474 4.91009 937048 1.45206e+06 ZonesAtSurface
524.381 224.972 243.02 0 0 0 0 968977 21.0555 134882 2.17241 1.43645e+06 968977 ZonesAtSurface
574.381 224.971 268.005 0 0 0 0 991282 19.0497 145756 2.13401 1.49901e+06 991282 ZonesAtSurface
624.382 224.97 292.989 0 0 0 0 1.32614e+06 43.7772 102893 6.50015 1.24529e+06 1.32614e+06 ZonesAtSurface
674.387 224.969 317.971 0 0 0 0 1.49661e+06 22.4076 60813.2 4.89871 1.03697e+06 1.49661e+06 ZonesAtSurface
724.393 224.968 342.951 0 0 0 0 1.39271e+06 41.7407 95442.4 9.09021 898840 1.39271e+06 ZonesAtSurface
774.401 224.968 367.929 0 0 0 0 1.10315e+06 38.406 122118 6.8782 848981 1.10315e+06 ZonesAtSurface
824.413 224.967 392.906 0 0 0 0 1.00555e+06 18.7375 54104.2 3.55187 878462 1.00555e+06 ZonesAtSurface
874.428 224.967 417.88 0 0 0 0 1.44027e+06 22.527 145840 5.41691 866347 1.44027e+06 ZonesAtSurface
924.445 224.966 442.851 0 0 0 0 741931 32.8694 148187 3.33131 985292 741931 ZonesAtSurface
974.463 224.966 467.822 0 6 0 0 1.43961e+06 17.2328 134445 4.03696 1.01963e+06 1.43961e+06 ZonesAtSurface
1024.48 224.967 492.792 0 5 0 0 847213 17.9976 77983.7 2.46609 1.05182e+06 847213 ZonesAtSurface
1074.51 224.966 517.762 0 0 0 0 978408 26.5883 69269.6 3.46697 1.08249e+06 978408 ZonesAtSurface
1124.54 224.966 542.729 0 0 0 0 1.36563e+06 40.4926 103508 5.86627 1.23714e+06 1.36563e+06 ZonesAtSurface
1174.57 224.966 567.693 0 0 0 0 1.2863e+06 36.8689 129994 5.45964 1.17156e+06 1.2863e+06 ZonesAtSurface
1224.61 224.966 592.657 0 0 0 0 675761 31.4288 85247.2 3.12975 1.13044e+06 675761 ZonesAtSurface
1274.65 224.965 617.62 0 0 0 0 1.34308e+06 30.8734 100858 6.03701 967681 1.34308e+06 ZonesAtSurface
1324.69 224.965 642.583 0 4 0 0 554892 36.5294 129691 3.93087 906194 554892 ZonesAtSurface
1374.73 224.965 667.546 0 1 0 0 568075 42.5527 100889 6.07945 766473 568075 ZonesAtSurface
1424.78 224.965 692.509 0 0 0 0 671632 16.6414 136187 3.65631 602523 671632 ZonesAtSurface
1474.82 224.966 717.473 0 0 0 0 970982 21.121 50363.2 5.79076 561353 970982 ZonesAtSurface
1524.86 224.967 742.44 0 0 0 0 1.41136e+06 23.1074 57680.7 9.43481 525782 1.41136e+06 ZonesAtSurface
1574.9 224.969 767.408 0 0 0 0 988157 29.9539 132750 5.53828 725694 988157 ZonesAtSurface
1624.91 224.981 742.384 3 0 2 1 528307 43.4755 128069 1.54634 2.31064e+06 528307 ZonesAtSurface
1674.88 224.992 617.412 3 0 1 4 1.17369e+06 43.2651 101682 1.04336 5.67858e+06 1.17369e+06 ZonesAtSurface
1724.93 224.996 642.396 15 0 1 4 1.42158e+06 24.8668 103947 1.1351 4.2242e+06 1.42158e+06 ZonesAtSurface
1774.97 225 667.371 9 0 1 4 1.15305e+06 21.8448 78428.4 1.17483 3.67572e+06 1.15305e+06 ZonesAtSurface
1825.02 225.002 642.366 1 0 1 5 1.23449e+06 23.7491 52115 1.11716 4.45952e+06 1.23449e+06 ZonesAtSurface
1875.06 225.009 717.288 9 2 2 4 1.10463e+06 41.2868 140658 1.0989 4.81903e+06 1.10463e+06 ZonesAtSurface
1925.03 225.004 842.246 2 7 2 2 1.00986e+06 23.0046 116935 1.2424 2.37509e+06 1.00986e+06 ZonesAtSurface
1975.03 224.998 867.278 0 10 2 2 1.1504e+06 39.6999 143842 3.77665 1.69484e+06 1.1504e+06 ZonesAtSurface
2025.16 224.995 779.858 0 8 2 3 1.40374e+06 35.0258 130049 1.28604 4.09577e+06 1.40374e+06 ZonesAtSurface
2075.46 224.998 530.097 6 0 1 6 972498 17.7943 114645 1.02041 2.92907e+06 972498 ZonesAtSurface
2125.53 224.992 430.24 6 0 1 6 830136 30.075 79730.5 1.01269 3.78323e+06 830136 ZonesAtSurface
2175.56 224.987 330.361 6 0 1 6 1.38654e+06 22.7381 136602 1.02876 4.50541e+06 1.38654e+06 ZonesAtSurface
2225.53 224.984 230.459 6 0 1 6 1.41886e+06 16.8112 102887 1.03365 4.44513e+06 1.41886e+06 ZonesAtSurface
2275.46 224.98 130.525 6 0 1 6 833155 23.302 109240 1.04806 5.26659e+06 833155 ZonesAtSurface
2325.35 224.977 30.5513 5 0 1 6 1.00988e+06 17.9913 67834.8 1.06016 6.31817e+06 1.00988e+06 ZonesAtSurface
2375.29 224.975 -19.4429 4 0 1 5 545486 35.5984 100353 1.72746 8.55738e+06 545486 ZonesAtSurface
2425.26 224.973 -19.4337 33 0 1 3 1.41092e+06 31.1705 120919 1.86769 6.17235e+06 1.41092e+06 ZonesAtSurface
2475.19 224.972 -19.4076 31 0 1 1 838589 39.671 73557.5 2.95851 4.36021e+06 838589 ZonesAtSurface
2525.05 224.971 -49.4174 19 0 1 1 959098 34.6101 115610 1.12031 1.3147e+07 959098 ZonesAtSurface
2574.94 224.973 -9.34048 56 0 1 1 1.06316e+06 26.4664 59986.6 1.65608 3.52284e+06 1.06316e+06 ZonesAtSurface
2624.85 224.971 -19.3882 28 0 1 2 939837 27.7664 76408.2 1.03325 8.2367e+06 939837 ZonesAtSurface
2674.72 224.971 20.6166 0 0 1 2 664414 38.8423 93030.3 1.37638 6.80949e+06 664414 ZonesAtSurface
2724.56 224.972 110.618 0 2 2 1 1.34295e+06 44.6644 63240.9 1.52935 4.40927e+06 1.34295e+06 ZonesAtSurface
2774.52 224.975 150.613 0 0 2 1 925886 36.2431 111310 1.39446 4.66175e+06 925886 ZonesAtSurface
2824.48 224.969 240.587 0 0 0 0 1.20741e+06 42.788 112220 2.31409 3.01309e+06 1.20741e+06 ZonesAtSurface
2874.49 224.976 230.561 0 0 2 1 513431 38.7345 51828.3 1.4906 3.02331e+06 513431 ZonesAtSurface
2924.49 224.97 320.534 0 0 0 0 1.00919e+06 25.6339 67462.5 2.09932 1.89443e+06 1.00919e+06 ZonesAtSurface
2974.49 224.974 310.506 0 0 2 1 1.06346e+06 25.2809 67002.5 1.45449 2.95603e+06 1.06346e+06 ZonesAtSurface
3024.52 224.968 400.471 0 4 0 0 1.22941e+06 15.5283 67873.8 1.5699 2.08718e+06 1.22941e+06 ZonesAtSurface
3074.52 224.972 390.435 2 0 1 1 1.26639e+06 23.0686 123131 1.50897 2.90036e+06 1.26639e+06 ZonesAtSurface
3124.54 224.97 430.394 0 8 1 1 917932 43.0948 52465.5 1.7205 2.92851e+06 917932 ZonesAtSurface
3174.56 224.968 470.347 4 0 1 1 1.42515e+06 28.35 125309 1.43788 3.83584e+06 1.42515e+06 ZonesAtSurface
3224.58 224.967 510.297 3 0 2 1 1.13553e+06 24.8123 116164 1.25406 3.17115e+06 1.13553e+06 ZonesAtSurface
3274.64 224.959 600.241 0 10 0 0 1.36937e+06 23.8295 138295 2.15355 2.12809e+06 1.36937e+06 ZonesAtSurface
3324.65 224.969 590.195 0 1 2 1 1.12736e+06 32.4689 99435.2 1.35771 3.25432e+06 1.12736e+06 ZonesAtSurface
3374.7 224.97 630.141 0 0 2 1 921623 32.9469 110279 1.67568 2.65677e+06 921623 ZonesAtSurface
3424.75 224.972 670.089 0 0 2 1 1.24084e+06 28.0065 87085.5 2.1111 2.28882e+06 1.24084e+06 ZonesAtSurface
3474.82 224.973 710.037 0 6 2 1 979768 42.5246 149148 2.42488 1.87082e+06 979768 ZonesAtSurface
3524.83 224.981 699.986 0 0 2 2 689382 39.3823 112698 2.40929 2.14698e+06 689382 ZonesAtSurface
3574.85 224.989 689.93 10 0 1 3 712640 21.3347 123189 1.10584 2.68601e+06 712640 ZonesAtSurface
3624.9 224.993 729.867 0 0 1 3 1.28308e+06 39.9393 59879.9 1.67577 3.74462e+06 1.28308e+06 ZonesAtSurface
3674.92 224.998 719.825 0 0 1 4 1.13245e+06 41.5402 124606 1.53851 4.34373e+06 1.13245e+06 ZonesAtSurface
3724.99 224.992 859.75 0 1 2 2 1.19947e+06 37.5631 106513 1.3356 3.61593e+06 1.19947e+06 ZonesAtSurface
3775.01 224.984 909.744 0 4 2 1 854695 42.0935 81802.3 2.17835 1.9243e+06 854695 ZonesAtSurface
3825.04 224.991 819.774 0 0 1 2 792831 44.4832 145582 2.61888 2.61528e+06 792831 ZonesAtSurface
3875.08 224.991 779.823 8 0 1 2 1.06473e+06 25.6176 83513.4 1.514 2.75616e+06 1.06473e+06 ZonesAtSurface
3925.09 224.982 789.879 0 2 2 1 1.30386e+06 37.2126 108283 3.96485 1.58332e+06 1.30386e+06 ZonesAtSurface
3975.19 224.985 699.943 10 0 1 2 545067 31.782 109260 1.04562 2.87233e+06 545067 ZonesAtSurface
4025.25 224.982 660.005 0 0 1 2 1.44434e+06 34.9 148746 2.06182 3.43028e+06 1.44434e+06 ZonesAtSurface
4075.3 224.982 620.064 0 0 1 2 1.06849e+06 31.3751 121219 1.92107 3.22575e+06 1.06849e+06 ZonesAtSurface
4125.32 224.975 630.115 0 0 2 1 1.45967e+06 42.3819 51434.6 4.74704 1.8906e+06 1.45967e+06 ZonesAtSurface
4175.34 224.968 640.157 0 0 0 0 981174 26.1041 55600.7 2.99178 1.20828e+06 981174 ZonesAtSurface
4225.43 224.975 550.208 0 0 2 1 604509 27.3491 124693 1.10461 2.90765e+06 604509 ZonesAtSurface
4275.48 224.977 460.264 0 0 1 2 1.10317e+06 29.1038 113506 1.49199 3.69649e+06 1.10317e+06 ZonesAtSurface
4325.51 224.975 420.31 0 0 1 2 1.259e+06 29.0992 62597.1 1.50126 3.81351e+06 1.259e+06 ZonesAtSurface
4375.51 224.971 430.347 0 0 2 1 846888 30.7103 130728 1.62255 2.34943e+06 846888 ZonesAtSurface
4425.51 224.965 440.38 0 6 0 0 912265 31.2419 80038.6 2.712 1.45414e+06 912265 ZonesAtSurface
4475.53 224.966 400.416 0 5 0 0 816486 33.8997 136476 1.86286 1.79483e+06 816486 ZonesAtSurface
4525.56 224.972 310.455 0 2 2 1 1.4381e+06 29.6441 132289 1.65681 3.2324e+06 1.4381e+06 ZonesAtSurface
4575.55 224.977 220.494 0 0 1 2 1.12411e+06 43.1779 81357.3 2.15978 4.92313e+06 1.12411e+06 ZonesAtSurface
4625.55 224.975 230.518 0 0 2 1 982896 38.0591 141274 1.88791 2.81826e+06 982896 ZonesAtSurface
4675.56 224.973 240.536 0 10 0 0 1.21493e+06 33.5585 115277 2.1535 2.14648e+06 1.21493e+06 ZonesAtSurface
4725.53 224.976 150.546 0 0 2 1 1.35229e+06 42.0808 132574 2.45215 3.73291e+06 1.35229e+06 ZonesAtSurface
4775.48 224.975 110.565 8 0 1 1 1.10698e+06 24.4235 94538.9 1.1338 4.46177e+06 1.10698e+06 ZonesAtSurface
4825.4 224.972 70.5826 4 0 2 1 758015 18.4364 79303.6 1.18014 2.85214e+06 758015 ZonesAtSurface
4875.28 224.969 30.5864 4 0 1 1 887315 15.5594 60283.4 1.13169 3.43849e+06 887315 ZonesAtSurface
4925.14 224.97 -9.42347 12 0 1 1 744353 18.7452 114408 1.05747 7.20403e+06 744353 ZonesAtSurface
74.92 274.973 -30.8817 41 0 1 1 868688 29.8573 71310.2 1.23234 6.63001e+06 868688 ZonesAtSurface
124.833 274.971 -5.85027 39 2 1 1 1.2723e+06 17.0009 77059.8 1.52695 2.5852e+06 1.2723e+06 ZonesAtSurface
174.755 274.971 -30.894 44 0 1 2 1.06945e+06 20.273 108901 1.01718 5.14991e+06 1.06945e+06 ZonesAtSurface
224.675 274.97 -5.87016 47 0 1 2 697172 21.2644 119575 1.22308 2.02792e+06 697172 ZonesAtSurface
274.617 274.971 -30.925 33 0 1 3 750344 29.8721 111524 1.10972 6.11307e+06 750344 ZonesAtSurface
324.545 274.971 -5.93031 29 0 1 3 1.3246e+06 30.4835 143698 1.01791 4.79596e+06 1.3246e+06 ZonesAtSurface
374.545 274.975 -30.9611 0 0 1 4 1.23298e+06 43.2995 104837 2.38708 8.82177e+06 1.23298e+06 ZonesAtSurface
424.38 274.97 144.035 0 8 2 1 1.28129e+06 18.7892 81141.6 3.89362 940473 1.28129e+06 ZonesAtSurface
474.375 274.968 219.032 0 7 0 0 1.24582e+06 35.6255 100191 6.37965 817812 1.24582e+06 ZonesAtSurface
524.377 274.968 244.025 0 0 0 0 1.13377e+06 42.7004 98346 4.51806 1.42816e+06 1.13377e+06 ZonesAtSurface
574.377 274.968 269.011 0 0 0 0 713996 27.8267 131284 2.18973 1.40958e+06 713996 ZonesAtSurface
624.379 274.967 293.994 0 0 0 0 1.44962e+06 40.635 93434.9 6.64491 1.18383e+06 1.44962e+06 ZonesAtSurface
674.383 274.966 318.976 0 0 0 0 1.41643e+06 21.2017 90076 4.75006 985291 1.41643e+06 ZonesAtSurface
724.389 274.965 343.956 0 0 0 0 1.43544e+06 22.6536 143337 6.0533 813020 1.43544e+06 ZonesAtSurface
774.397 274.965 368.935 0 0 0 0 1.27737e+06 34.5174 139642 8.10792 725607 1.27737e+06 ZonesAtSurface
824.408 274.964 393.911 0 0 0 0 561460 36.3699 60802.3 4.51901 719985 561460 ZonesAtSurface
874.423 274.963 418.885 0 0 0 0 1.26342e+06 28.828 139666 7.60395 651264 1.26342e+06 ZonesAtSurface
924.439 274.963 443.857 0 0 0 0 596630 38.0573 71876.7 3.93507 873828 596630 ZonesAtSurface
974.456 274.963 468.827 0 0 0 0 730570 39.8214 139395 4.36688 954350 730570 ZonesAtSurface
1024.47 274.963 493.798 0 4 0 0 1.04231e+06 27.5525 118828 4.24809 949873 1.04231e+06 ZonesAtSurface
1074.5 274.963 518.768 0 0 0 0 1.263e+06 23.3161 75587.5 4.29859 1.03353e+06 1.263e+06 ZonesAtSurface
1124.53 274.963 543.736 0 0 0 0 1.16223e+06 29.2004 132990 4.22657 1.11876e+06 1.16223e+06 ZonesAtSurface
1174.56 274.963 568.701 0 0 0 0 1.1786e+06 35.3982 143950 4.58705 1.16741e+06 1.1786e+06 ZonesAtSurface
1224.6 274.963 593.664 0 0 0 0 1.09622e+06 41.3473 102948 5.94058 1.1147e+06 1.09622e+06 ZonesAtSurface
1274.64 274.963 618.628 0 0 0 0 785111 25.1271 53182.6 3.58663 931486 785111 ZonesAtSurface
1324.68 274.963 643.591 0 5 0 0 1.0436e+06 16.4946 120691 3.53861 882046 1.0436e+06 ZonesAtSurface
1374.73 274.963 668.554 0 4 0 0 1.42785e+06 44.648 110936 10 720253 1.42785e+06 ZonesAtSurface
1424.77 274.963 693.518 0 0 0 0 881702 24.2142 140003 6.06626 544992 881702 ZonesAtSurface
1474.81 274.964 718.483 0 0 0 0 1.2304e+06 30.6113 87511.8 10 443584 1.2304e+06 ZonesAtSurface
1524.85 274.965 743.451 0 0 0 0 1.02478e+06 30.8748 111684 10 387144 1.02478e+06 ZonesAtSurface
1574.89 274.967 768.422 0 0 0 0 714015 30.63 140599 3.1988 836685 714015 ZonesAtSurface
1624.88 274.983 693.41 6 0 2 2 598922 15.3701 105931 1.11206 2.0376e+06 598922 ZonesAtSurface
1674.88 274.989 618.426 1 0 2 4 1.0587e+06 37.7308 68045.3 1.04039 5.11135e+06 1.0587e+06 ZonesAtSurface
1724.92 274.991 643.413 5 0 2 4 854847 16.249 127300 1.21427 2.00206e+06 854847 ZonesAtSurface
1774.97 274.996 668.391 9 8 2 4 1.04243e+06 40.4703 90530.6 1.32159 3.19818e+06 1.04243e+06 ZonesAtSurface
1825.02 275 643.378 11 0 1 5 956369 15.827 62331.3 1.15802 3.10231e+06 956369 ZonesAtSurface
1875.07 275.006 718.287 10 0 1 4 863597 35.2627 120672 1.02237 3.68388e+06 863597 ZonesAtSurface
1925.04 275 843.248 3 6 2 2 734244 31.3274 69534.8 1.26418 1.97622e+06 734244 ZonesAtSurface
1975.08 274.999 818.285 0 7 2 3 1.2809e+06 21.9584 138832 1.66661 2.36617e+06 1.2809e+06 ZonesAtSurface
2025.24 274.998 730.881 9 3 1 4 1.36324e+06 34.4304 140703 1.1032 4.5922e+06 1.36324e+06 ZonesAtSurface
2075.49 274.997 531.099 6 0 1 6 730077 41.7121 97881.3 1.02793 3.59843e+06 730077 ZonesAtSurface
2125.56 274.991 431.241 6 0 1 6 1.04049e+06 42.6155 94750.7 1.0271 5.93246e+06 1.04049e+06 ZonesAtSurface
2175.59 274.987 331.367 6 0 1 6 731571 21.6779 133955 1.0263 2.79145e+06 731571 ZonesAtSurface
2225.55 274.983 231.468 6 0 1 6 1.08906e+06 29.3405 66654.7 1.06437 4.7246e+06 1.08906e+06 ZonesAtSurface
2275.47 274.979 131.531 6 0 1 6 1.27701e+06 29.3703 105349 1.0522 7.36766e+06 1.27701e+06 ZonesAtSurface
2325.36 274.976 31.557 6 0 1 6 941293 29.3161 54061 1.21723 8.43995e+06 941293 ZonesAtSurface
2375.3 274.974 -18.4361 15 0 1 5 540437 19.9293 140828 1.18397 6.26602e+06 540437 ZonesAtSurface
2425.27 274.972 -18.4249 34 0 1 3 926369 25.88 139228 2.0035 4.25274e+06 926369 ZonesAtSurface
2475.2 274.969 -18.4 34 0 1 1 899736 25.4702 137095 2.02715 3.70119e+06 899736 ZonesAtSurface
2525.05 274.967 -48.408 20 0 1 1 958160 30.1941 116579 1.05592 1.12359e+07 958160 ZonesAtSurface
2574.93 274.968 -8.33279 50 0 1 1 663674 27.7203 78793.2 1.69326 2.75902e+06 663674 ZonesAtSurface
2624.85 274.968 -18.383 30 0 1 2 1.20708e+06 33.6383 118837 1.03148 1.03129e+07 1.20708e+06 ZonesAtSurface
2674.72 274.968 21.6197 0 0 1 2 1.34889e+06 34.7696 136972 1.17228 8.38697e+06 1.34889e+06 ZonesAtSurface
2724.5 274.965 161.624 0 4 0 0 684958 26.4233 140003 4.1402 582042 684958 ZonesAtSurface
2774.48 274.967 201.613 0 0 0 0 966391 19.9553 85003.9 2.05701 1.56834e+06 966391 ZonesAtSurface
2824.48 274.968 241.591 0 0 0 0 1.48713e+06 34.5278 68262.4 2.20187 2.70066e+06 1.48713e+06 ZonesAtSurface
2874.48 274.968 281.564 0 0 0 0 1.28996e+06 27.3733 62478.7 2.33091 2.08055e+06 1.28996e+06 ZonesAtSurface
2924.48 274.972 271.539 0 0 2 1 586075 41.546 82217.3 2.17732 2.7659e+06 586075 ZonesAtSurface
2974.5 274.966 361.508 0 4 0 0 1.33909e+06 21.7316 72270.5 2.12283 2.09428e+06 1.33909e+06 ZonesAtSurface
3024.49 274.97 351.475 0 0 1 1 1.47237e+06 42.9066 130921 2.94967 3.04721e+06 1.47237e+06 ZonesAtSurface
3074.51 274.969 391.437 0 0 2 1 939003 26.617 130583 1.34879 2.98287e+06 939003 ZonesAtSurface
3124.55 274.959 481.393 0 10 0 0 1.43908e+06 24.4237 77256.4 2.66627 1.76168e+06 1.43908e+06 ZonesAtSurface
3174.53 274.973 421.358 3 0 1 2 833281 37.4895 84805 1.20877 4.16567e+06 833281 ZonesAtSurface
3224.59 274.96 561.297 8 10 0 0 1.13222e+06 16.0846 85616.1 1.51291 2.08625e+06 1.13222e+06 ZonesAtSurface
3274.6 274.97 551.255 0 0 2 1 1.41865e+06 19.8741 88288.3 1.49735 2.91155e+06 1.41865e+06 ZonesAtSurface
3324.64 274.971 591.203 7 0 1 1 1.21845e+06 32.7328 80308.2 1.55062 3.30702e+06 1.21845e+06 ZonesAtSurface
3374.69 274.971 631.15 0 0 2 1 1.48472e+06 23.0799 74670.8 1.89751 2.77202e+06 1.48472e+06 ZonesAtSurface
3424.74 274.971 671.097 0 3 1 1 1.45735e+06 34.3985 55989.1 2.20546 2.66456e+06 1.45735e+06 ZonesAtSurface
3474.8 274.972 711.043 0 5 1 1 994370 39.4005 80597.6 2.38337 2.12061e+06 994370 ZonesAtSurface
3524.87 274.975 750.99 0 5 1 1 1.39055e+06 29.3899 119489 4.79953 1.03141e+06 1.39055e+06 ZonesAtSurface
3574.88 274.984 740.929 3 2 2 2 1.17545e+06 28.0905 92722.7 1.28771 3.23311e+06 1.17545e+06 ZonesAtSurface
3624.93 274.986 780.868 0 6 2 2 1.47846e+06 27.3558 64562.1 2.44399 1.9833e+06 1.47846e+06 ZonesAtSurface
3674.92 274.997 720.831 0 0 1 4 959642 39.7202 121033 1.38764 4.35334e+06 959642 ZonesAtSurface
3724.99 274.99 860.757 7 0 2 2 686483 26.5078 69594.5 1.09844 2.48487e+06 686483 ZonesAtSurface
3775.01 274.982 910.751 0 0 2 1 554496 24.4639 50071.6 1.49924 1.49671e+06 554496 ZonesAtSurface
3825.03 274.983 870.774 0 7 1 1 1.31209e+06 28.0321 83952.7 1.75929 2.51461e+06 1.31209e+06 ZonesAtSurface
3875.09 274.989 780.827 3 0 1 2 1.17097e+06 16.679 54216.7 1.25487 2.93907e+06 1.17097e+06 ZonesAtSurface
3925.14 274.987 740.888 7 0 1 2 698533 19.8481 128576 1.10361 2.32746e+06 698533 ZonesAtSurface
3975.16 274.977 750.944 0 0 2 1 1.35149e+06 41.6948 109758 3.00672 2.53601e+06 1.35149e+06 ZonesAtSurface
4025.26 274.981 661.014 2 0 1 2 879828 23.3055 132298 1.08878 3.38158e+06 879828 ZonesAtSurface
4075.31 274.979 621.076 6 0 1 2 905756 35.0158 133193 1.68613 3.56414e+06 905756 ZonesAtSurface
4125.33 274.972 631.129 6 0 2 1 637072 16.8755 146989 1.71255 1.18159e+06 637072 ZonesAtSurface
4175.39 274.973 591.17 2 7 2 1 1.08022e+06 32.1008 135053 1.91142 2.59782e+06 1.08022e+06 ZonesAtSurface
4225.46 274.977 501.228 0 0 1 2 1.4202e+06 28.4873 113963 1.64432 3.9515e+06 1.4202e+06 ZonesAtSurface
4275.47 274.97 511.272 0 6 2 1 1.25715e+06 42.4548 85220.1 3.21222 2.35044e+06 1.25715e+06 ZonesAtSurface
4325.5 274.968 471.311 9 0 1 1 737825 28.9358 73089.4 1.20399 2.68824e+06 737825 ZonesAtSurface
4375.52 274.969 431.35 0 0 2 1 1.09081e+06 25.7397 60503.2 1.46399 2.60631e+06 1.09081e+06 ZonesAtSurface
4425.55 274.975 341.397 0 0 1 2 885308 36.734 143281 1.4612 4.35403e+06 885308 ZonesAtSurface
4475.55 274.974 351.429 0 4 2 1 1.33136e+06 24.4081 99043.4 1.45833 2.85016e+06 1.33136e+06 ZonesAtSurface
4525.57 274.971 311.462 10 0 2 1 904433 32.1925 113380 1.3151 3.02115e+06 904433 ZonesAtSurface
4575.56 274.974 221.499 0 0 1 2 1.3793e+06 42.5144 88330.8 2.4077 4.92764e+06 1.3793e+06 ZonesAtSurface
4625.56 274.972 231.524 0 0 1 1 624154 35.5976 90729.8 1.41854 2.58694e+06 624154 ZonesAtSurface
4675.55 274.973 191.542 8 0 1 1 1.30005e+06 30.0389 66674.8 1.16768 4.21489e+06 1.30005e+06 ZonesAtSurface
4725.53 274.972 151.551 0 0 2 1 1.29502e+06 40.4513 50238.7 2.42483 3.5724e+06 1.29502e+06 ZonesAtSurface
4775.42 274.971 61.5605 0 0 1 2 513383 19.907 144209 1.1114 4.51304e+06 513383 ZonesAtSurface
4825.4 274.969 71.5916 1 0 2 1 1.13964e+06 15.3832 121580 1.20781 3.28205e+06 1.13964e+06 ZonesAtSurface
4875.28 274.966 31.5919 2 0 1 1 1.30803e+06 15.732 92112.6 1.12759 5.03705e+06 1.30803e+06 ZonesAtSurface
4925.14 274.966 -8.42077 3 0 1 1 781674 36.894 88307 1.0578 1.3126e+07 781674 ZonesAtSurface
74.919 324.97 -29.8774 38 0 1 1 1.15965e+06 39.3993 93786.8 1.21452 9.247e+06 1.15965e+06 ZonesAtSurface
124.836 324.968 -4.84402 42 0 1 1 881421 16.7352 84259.3 1.4278 2.03729e+06 881421 ZonesAtSurface
174.757 324.968 -29.8845 41 0 1 2 1.14171e+06 40.1114 75637.7 1.11895 7.89635e+06 1.14171e+06 ZonesAtSurface
224.676 324.966 -4.86117 48 3 1 2 1.0142e+06 17.6836 138560 1.22197 2.56953e+06 1.0142e+06 ZonesAtSurface
274.614 324.968 -29.9197 34 0 1 3 1.09156e+06 18.069 105178 1.10755 5.27867e+06 1.09156e+06 ZonesAtSurface
324.541 324.968 -4.92494 31 0 1 3 1.48774e+06 25.9638 83845.8 1.0453 6.09361e+06 1.48774e+06 ZonesAtSurface
374.542 324.973 -29.9551 0 0 1 4 664882 33.8159 149330 1.39356 8.86294e+06 664882 ZonesAtSurface
424.378 324.969 145.042 0 6 2 1 895640 22.2359 90305.6 1.84985 1.48986e+06 895640 ZonesAtSurface
474.378 324.97 170.04 0 0 2 1 1.39357e+06 28.9499 63366.3 2.09578 2.42874e+06 1.39357e+06 ZonesAtSurface
524.374 324.966 245.03 0 0 0 0 653691 15.1894 148940 2.62419 805425 653691 ZonesAtSurface
574.375 324.966 270.016 0 0 0 0 1.10049e+06 23.7614 69644.1 2.82337 1.37428e+06 1.10049e+06 ZonesAtSurface
624.376 324.965 295 0 0 0 0 1.04714e+06 23.6051 113453 3.33189 1.14352e+06 1.04714e+06 ZonesAtSurface
674.38 324.964 319.982 0 0 0 0 1.36589e+06 30.488 85541.2 6.00711 959997 1.36589e+06 ZonesAtSurface
724.386 324.963 344.962 0 0 0 0 597941 17.9056 145276 2.57257 797578 597941 ZonesAtSurface
774.393 324.963 369.94 0 0 0 0 989877 33.0508 149032 6.46424 717735 989877 ZonesAtSurface
824.404 324.963 394.917 0 0 0 0 513248 35.0262 73011.6 4.37234 666194 513248 ZonesAtSurface
874.418 324.962 419.891 0 0 0 0 1.1345e+06 24.7646 54300 6.49174 633270 1.1345e+06 ZonesAtSurface
924.433 324.961 444.863 0 0 0 0 902166 36.8041 138083 5.07654 878793 902166 ZonesAtSurface
974.449 324.961 469.834 0 0 0 0 1.34224e+06 37.7376 102614 6.41986 1.00261e+06 1.34224e+06 ZonesAtSurface
1024.47 324.961 494.805 0 0 0 0 1.43722e+06 22.8495 74436.9 4.84744 997781 1.43722e+06 ZonesAtSurface
1074.49 324.961 519.775 0 0 0 0 1.42909e+06 18.3867 111919 4.24753 1.02662e+06 1.42909e+06 ZonesAtSurface
1124.52 324.961 544.743 0 0 0 0 1.35047e+06 18.3331 124651 3.50916 1.14596e+06 1.35047e+06 ZonesAtSurface
1174.55 324.961 569.709 0 0 0 0 1.27189e+06 30.2595 60676.9 4.05042 1.26434e+06 1.27189e+06 ZonesAtSurface
1224.59 324.962 594.672 0 0 0 0 1.453e+06 23.5323 147944 4.49088 1.1021e+06 1.453e+06 ZonesAtSurface
1274.63 324.961 619.636 0 0 0 0 902541 32.5794 67570.4 5.21559 867070 902541 ZonesAtSurface
1324.67 324.961 644.599 0 3 0 0 993503 39.6507 149114 6.96277 819075 993503 ZonesAtSurface
1374.72 324.962 669.563 0 6 0 0 864426 24.2961 109590 4.96664 681832 864426 ZonesAtSurface
1424.76 324.962 694.527 0 0 0 0 1.38083e+06 27.4811 92768.9 10 522584 1.38083e+06 ZonesAtSurface
1474.81 324.963 719.492 0 0 0 0 526811 19.289 122091 4.1377 416733 526811 ZonesAtSurface
1524.85 324.965 744.462 0 0 0 0 1.03321e+06 15.4317 146124 7.51856 386803 1.03321e+06 ZonesAtSurface
1574.89 324.966 769.434 0 3 0 0 749550 27.4662 56223.2 3.16739 787435 749550 ZonesAtSurface
1624.87 324.982 694.423 4 1 1 2 822505 37.0189 51536.7 1.07637 3.15475e+06 822505 ZonesAtSurface
1674.89 324.987 669.419 0 3 2 3 1.21175e+06 26.7661 119027 1.18911 3.37856e+06 1.21175e+06 ZonesAtSurface
1724.92 324.991 644.423 10 0 2 4 694767 26.2851 54659.8 1.06736 2.35002e+06 694767 ZonesAtSurface
1774.97 324.996 669.403 4 5 2 4 908083 20.5721 83878.8 1.31538 1.96128e+06 908083 ZonesAtSurface
1825.02 324.999 644.387 14 0 1 5 1.24675e+06 24.9164 127004 1.16909 3.93376e+06 1.24675e+06 ZonesAtSurface
1875.07 325.005 719.284 5 0 1 4 957053 41.7784 97676.8 1.08558 4.75897e+06 957053 ZonesAtSurface
1925.04 324.996 844.249 0 2 2 2 1.28945e+06 25.6205 78018.8 1.80939 2.21273e+06 1.28945e+06 ZonesAtSurface
1975.14 324.999 769.292 0 3 2 4 1.39457e+06 26.2059 83521 1.3271 3.41353e+06 1.39457e+06 ZonesAtSurface
2025.37 325.001 631.952 2 0 1 6 1.09975e+06 36.5093 52550 1.04953 4.57689e+06 1.09975e+06 ZonesAtSurface
2075.51 324.997 532.106 2 0 1 6 915042 39.7357 119624 1.02185 4.37305e+06 915042 ZonesAtSurface
2125.59 324.992 432.246 4 0 1 6 1.36501e+06 35.891 75566.9 1.02938 5.79227e+06 1.36501e+06 ZonesAtSurface
2175.61 324.987 332.371 6 0 1 6 1.49563e+06 25.2069 73720.2 1.01596 5.14421e+06 1.49563e+06 ZonesAtSurface
2225.57 324.983 232.474 6 0 1 6 528354 24.7 93807.8 1.06757 3.21659e+06 528354 ZonesAtSurface
2275.48 324.979 132.538 6 0 1 6 909458 35.6274 110371 1.06506 7.07196e+06 909458 ZonesAtSurface
2325.37 324.976 32.5628 0 0 1 6 1.25988e+06 42.5711 54986.8 2.48783 8.47648e+06 1.25988e+06 ZonesAtSurface
2375.3 324.974 -17.432 2 0 1 5 1.17527e+06 34.1946 89300.9 1.92155 8.8444e+06 1.17527e+06 ZonesAtSurface
2425.27 324.972 -17.4169 29 0 1 3 691205 42.1646 113352 2.39262 6.05615e+06 691205 ZonesAtSurface
2475.2 324.969 -17.394 35 0 1 1 1.11514e+06 34.6566 141782 2.02008 5.01879e+06 1.11514e+06 ZonesAtSurface
2525.06 324.967 -47.3996 21 0 1 1 806142 19.9491 147038 1.03547 8.29699e+06 806142 ZonesAtSurface
2574.93 324.967 -7.32542 55 9 1 1 1.4692e+06 43.0324 79608.3 1.64841 5.59839e+06 1.4692e+06 ZonesAtSurface
2624.85 324.967 -17.3726 30 0 1 2 993357 19.2516 82675.4 1.03187 6.46304e+06 993357 ZonesAtSurface
2674.72 324.966 22.6286 2 0 2 2 863319 35.6355 138379 1.11204 6.18505e+06 863319 ZonesAtSurface
2724.49 324.964 162.632 0 10 0 0 1.2195e+06 24.0862 82384.1 2.09331 1.89581e+06 1.2195e+06 ZonesAtSurface
2774.48 324.966 202.617 0 0 0 0 941366 40.8748 139418 2.07774 2.40053e+06 941366 ZonesAtSurface
2824.47 324.966 242.594 0 0 0 0 996329 19.1776 75091.3 1.42943 2.13393e+06 996329 ZonesAtSurface
2874.47 324.966 282.568 0 0 0 0 1.10441e+06 21.5859 64656 1.62594 2.13494e+06 1.10441e+06 ZonesAtSurface
2924.48 324.966 322.543 0 0 0 0 771875 27.3571 141116 2.04527 1.45861e+06 771875 ZonesAtSurface
2974.48 324.973 262.518 8 0 1 2 507779 18.8175 81537.9 1.07602 3.05415e+06 507779 ZonesAtSurface
3024.5 324.964 402.474 0 7 0 0 696552 44.2929 55958.6 1.78235 2.20198e+06 696552 ZonesAtSurface
3074.52 324.962 442.436 0 7 0 0 858392 43.0968 53695.7 2.05579 2.03472e+06 858392 ZonesAtSurface
3124.54 324.961 482.398 0 10 0 0 1.4121e+06 36.5965 51898.8 3.1922 1.80219e+06 1.4121e+06 ZonesAtSurface
3174.56 324.96 522.354 0 0 0 0 1.1293e+06 24.2588 54010.2 1.44109 2.65564e+06 1.1293e+06 ZonesAtSurface
3224.56 324.969 512.312 0 0 2 1 1.21911e+06 42.6182 135153 2.70646 3.03828e+06 1.21911e+06 ZonesAtSurface
3274.59 324.97 552.265 10 0 2 1 887068 21.8345 105934 1.24693 2.58562e+06 887068 ZonesAtSurface
3324.61 324.977 542.217 4 0 2 2 973276 33.9174 146898 1.16572 4.26508e+06 973276 ZonesAtSurface
3374.68 324.971 632.156 0 0 2 1 955651 28.8404 72534.2 1.54832 2.68785e+06 955651 ZonesAtSurface
3424.73 324.972 672.105 0 0 1 1 1.33433e+06 30.7896 146428 1.79759 2.75372e+06 1.33433e+06 ZonesAtSurface
3474.79 324.974 712.05 0 0 2 1 977538 18.1273 55396.5 1.36332 2.14449e+06 977538 ZonesAtSurface
3524.86 324.978 751.996 0 10 2 1 1.00625e+06 20.1525 58404.5 3.00054 1.05207e+06 1.00625e+06 ZonesAtSurface
3574.83 324.99 691.94 0 0 1 3 1.25989e+06 33.0096 142952 1.42889 4.15654e+06 1.25989e+06 ZonesAtSurface
3624.92 324.988 781.872 0 0 2 2 1.29798e+06 33.6641 131261 2.40153 2.41363e+06 1.29798e+06 ZonesAtSurface
3674.92 324.996 721.839 2 0 1 4 826808 20.9305 100489 1.00915 3.16185e+06 826808 ZonesAtSurface
3725 324.981 911.761 10 6 2 1 735842 22.443 142579 1.31174 1.61624e+06 735842 ZonesAtSurface
3775 324.975 961.757 0 3 0 0 1.26417e+06 37.5644 105280 5.84895 878800 1.26417e+06 ZonesAtSurface
3825.03 324.983 871.781 0 0 2 1 1.28874e+06 44.5843 140797 3.30202 2.29201e+06 1.28874e+06 ZonesAtSurface
3875.09 324.989 781.834 0 0 1 2 978371 32.3265 138347 1.63482 2.93358e+06 978371 ZonesAtSurface
3925.11 324.981 791.89 0 0 2 1 654781 35.6089 136355 1.6647 2.54965e+06 654781 ZonesAtSurface
3975.21 324.985 701.959 0 0 1 2 1.1592e+06 33.9393 71538 1.56144 3.47544e+06 1.1592e+06 ZonesAtSurface
4025.23 324.974 712.012 10 4 1 1 1.08346e+06 31.9122 95541.2 1.32157 3.18721e+06 1.08346e+06 ZonesAtSurface
4075.33 324.979 622.086 0 0 1 2 1.06346e+06 42.6302 126605 1.87601 3.7754e+06 1.06346e+06 ZonesAtSurface
4125.35 324.971 632.139 5 9 1 1 566440 39.2352 109969 3.20292 1.10274e+06 566440 ZonesAtSurface
4175.43 324.976 542.187 0 0 1 2 1.12555e+06 31.4843 67419.7 1.70536 3.4926e+06 1.12555e+06 ZonesAtSurface
4225.47 324.975 502.238 0 0 1 2 936293 42.5117 70332.1 2.16755 3.84917e+06 936293 ZonesAtSurface
4275.48 324.968 512.281 0 0 2 1 940843 23.765 149554 1.87215 1.86379e+06 940843 ZonesAtSurface
4325.51 324.968 472.316 4 0 2 1 886052 41.3279 149737 2.08279 2.55378e+06 886052 ZonesAtSurface
4375.54 324.968 432.353 0 0 1 1 1.38598e+06 17.4031 123195 1.3945 3.00321e+06 1.38598e+06 ZonesAtSurface
4425.56 324.976 292.414 8 0 1 3 711255 26.6015 85950.4 1.00956 4.88151e+06 711255 ZonesAtSurface
4475.56 324.976 252.45 0 0 1 3 1.12001e+06 33.1645 106120 1.66441 4.90861e+06 1.12001e+06 ZonesAtSurface
4525.57 324.974 262.477 4 0 1 2 1.08539e+06 30.2064 125314 1.28249 4.01152e+06 1.08539e+06 ZonesAtSurface
4575.57 324.973 222.505 3 0 1 2 1.12328e+06 32.5243 81587.4 1.45615 4.59658e+06 1.12328e+06 ZonesAtSurface
4625.57 324.969 232.527 10 0 2 1 1.13857e+06 24.576 61610.3 1.58405 2.72223e+06 1.13857e+06 ZonesAtSurface
4675.53 324.972 142.549 0 0 1 2 1.12441e+06 36.2677 143625 1.44838 6.11654e+06 1.12441e+06 ZonesAtSurface
4725.54 324.97 152.558 8 0 2 1 692990 33.7123 139941 1.45977 2.95826e+06 692990 ZonesAtSurface
4775.42 324.971 62.567 0 0 1 2 1.08205e+06 34.8405 124428 1.02086 8.65039e+06 1.08205e+06 ZonesAtSurface
4825.4 324.971 72.5916 9 0 1 1 1.20603e+06 22.0458 61287.7 1.12698 4.27503e+06 1.20603e+06 ZonesAtSurface
4875.28 324.967 32.5959 1 0 1 1 1.3221e+06 27.2034 137548 1.04911 7.95659e+06 1.3221e+06 ZonesAtSurface
4925.22 324.964 42.6544 9 0 0 0 526948 25.5141 84202.2 1.22391 4.01617e+06 526948 ZonesAtSurface
74.9129 374.968 -28.8783 50 0 1 1 1.1813e+06 35.7501 99559.7 1.19741 9.96297e+06 1.1813e+06 ZonesAtSurface
124.838 374.968 -3.8475 43 20 1 1 1.39022e+06 39.567 140192 1.44113 4.40615e+06 1.39022e+06 ZonesAtSurface
174.762 374.968 -28.8778 45 0 1 2 1.20295e+06 38.897 50532.6 1.11322 8.91473e+06 1.20295e+06 ZonesAtSurface
224.682 374.967 -3.85515 50 7 1 2 1.30869e+06 19.044 65328.7 1.22349 3.37144e+06 1.30869e+06 ZonesAtSurface
274.615 374.967 -28.9139 17 0 1 3 1.49952e+06 42.7937 133976 1.38818 9.38304e+06 1.49952e+06 ZonesAtSurface
324.538 374.968 -3.9207 25 0 1 3 705339 40.8172 84127.9 1.08256 7.15584e+06 705339 ZonesAtSurface
374.418 374.969 71.0567 10 0 2 2 1.03415e+06 43.75 97852.4 1.47126 5.53785e+06 1.03415e+06 ZonesAtSurface
424.402 374.971 96.0531 0 0 2 2 1.45361e+06 24.1788 101955 1.21874 3.95941e+06 1.45361e+06 ZonesAtSurface
474.37 374.965 221.045 0 3 0 0 524534 35.1818 122817 2.82021 807871 524534 ZonesAtSurface
524.372 374.964 246.036 0 0 0 0 1.19952e+06 32.2472 62911.1 3.58844 1.37852e+06 1.19952e+06 ZonesAtSurface
574.372 374.964 271.022 0 0 0 0 552048 20.2003 74188.3 1.68701 1.2146e+06 552048 ZonesAtSurface
624.374 374.964 296.006 0 0 0 0 1.02683e+06 34.9246 83422.5 4.56567 1.1319e+06 1.02683e+06 ZonesAtSurface
674.377 374.963 320.987 0 0 0 0 1.44007e+06 24.9611 87400.3 5.47137 961656 1.44007e+06 ZonesAtSurface
724.382 374.963 345.968 0 0 0 0 1.14082e+06 37.2141 73267.6 7.55597 801077 1.14082e+06 ZonesAtSurface
774.39 374.962 370.946 0 0 0 0 717521 31.9842 143083 4.93922 711628 717521 ZonesAtSurface
824.4 374.962 395.922 0 0 0 0 804468 42.3822 105058 7.48117 667709 804468 ZonesAtSurface
874.414 374.961 420.897 0 0 0 0 582232 33.3696 99672.2 4.08704 712272 582232 ZonesAtSurface
924.428 374.96 445.869 0 0 0 0 589005 31.4645 147412 3.20482 873149 589005 ZonesAtSurface
974.443 374.96 470.841 0 0 0 0 1.29716e+06 33.1358 113826 5.4444 1.01813e+06 1.29716e+06 ZonesAtSurface
1024.46 374.961 495.813 0 0 0 0 510713 41.0166 68826.4 3.62627 1.04441e+06 510713 ZonesAtSurface
1074.49 374.961 520.783 0 0 0 0 1.25853e+06 31.5422 60324.8 5.00334 1.1159e+06 1.25853e+06 ZonesAtSurface
1124.52 374.961 545.751 0 0 0 0 1.0311e+06 19.3546 74392.5 2.80936 1.17574e+06 1.0311e+06 ZonesAtSurface
1174.55 374.961 570.716 0 0 0 0 1.48322e+06 25.5041 132554 4.273 1.22788e+06 1.48322e+06 ZonesAtSurface
1224.58 374.961 595.68 0 0 0 0 1.37284e+06 19.7827 75282.7 3.94737 1.11153e+06 1.37284e+06 ZonesAtSurface
1274.62 374.961 620.644 0 0 0 0 1.03943e+06 28.7224 80273.8 5.37816 839247 1.03943e+06 ZonesAtSurface
1324.67 374.961 645.608 0 0 0 0 985995 17.0932 60795.4 3.64813 843234 985995 ZonesAtSurface
1374.71 374.962 670.572 0 4 0 0 840992 20.4126 97230.6 4.1061 720063 840992 ZonesAtSurface
1424.76 374.962 695.536 0 0 0 0 590995 32.6233 134461 5.83207 548457 590995 ZonesAtSurface
1474.8 374.963 720.502 0 0 0 0 1.07133e+06 42.3899 61087.9 10 387031 1.07133e+06 ZonesAtSurface
1524.84 374.964 745.472 0 0 0 0 979614 34.4939 120487 10 404414 979614 ZonesAtSurface
1574.88 374.966 770.445 0 7 0 0 1.05495e+06 16.971 78794.2 3.34469 845273 1.05495e+06 ZonesAtSurface
1624.9 374.976 745.426 9 9 2 1 815268 30.6674 128137 1.82574 1.48102e+06 815268 ZonesAtSurface
1674.89 374.989 670.428 0 10 2 3 931942 42.889 66822.6 1.1923 3.64322e+06 931942 ZonesAtSurface
1724.92 374.992 645.432 11 0 2 4 684423 32.5886 105641 1.02 2.9129e+06 684423 ZonesAtSurface
1774.97 374.996 670.409 10 8 2 4 798359 32.7625 125377 1.44559 1.84778e+06 798359 ZonesAtSurface
1825.03 374.996 595.445 0 0 1 6 868717 36.6976 140877 1.05341 4.77963e+06 868717 ZonesAtSurface
1875.05 375.001 770.257 6 9 1 3 1.01746e+06 32.1312 95558.4 1.22777 2.87324e+06 1.01746e+06 ZonesAtSurface
1925.05 374.995 845.249 0 1 2 2 1.27273e+06 35.7502 142287 2.27947 2.0307e+06 1.27273e+06 ZonesAtSurface
1975.1 374.994 820.296 0 9 2 3 910517 37.1735 96921.1 3.15492 1.24751e+06 910517 ZonesAtSurface
2025.33 374.997 682.921 4 3 1 5 1.37155e+06 34.1462 82398.9 1.05182 5.09794e+06 1.37155e+06 ZonesAtSurface
2075.53 374.996 533.115 6 0 1 6 652610 37.2124 134017 1.02307 3.7821e+06 652610 ZonesAtSurface
2125.61 374.993 433.255 6 0 1 6 731014 15.1517 121946 1.01829 2.19995e+06 731014 ZonesAtSurface
2175.63 374.988 333.377 6 0 1 6 1.41034e+06 18.697 148033 1.01375 4.1223e+06 1.41034e+06 ZonesAtSurface
2225.58 374.983 233.48 6 0 1 6 1.19435e+06 17.684 109650 1.04883 4.2604e+06 1.19435e+06 ZonesAtSurface
2275.49 374.98 133.545 6 0 1 6 631948 35.9963 71229.2 1.07617 6.58995e+06 631948 ZonesAtSurface
2325.37 374.978 33.5694 6 0 1 6 1.1724e+06 24.8565 123028 1.1172 8.09523e+06 1.1724e+06 ZonesAtSurface
2375.31 374.975 -16.4281 0 0 1 5 504656 42.6272 109271 3.01963 8.32191e+06 504656 ZonesAtSurface
2425.28 374.972 -16.4116 36 0 1 3 562815 21.3009 98541.2 2.2194 2.72485e+06 562815 ZonesAtSurface
2475.21 374.97 -16.3846 33 0 1 1 1.22422e+06 35.147 56764.2 2.22388 5.29824e+06 1.22422e+06 ZonesAtSurface
2525.05 374.967 -46.3916 22 0 1 1 1.36503e+06 31.583 117747 1.06206 1.31601e+07 1.36503e+06 ZonesAtSurface
2574.92 374.966 -6.32721 56 0 1 1 1.00704e+06 16.1723 146749 1.74915 2.21114e+06 1.00704e+06 ZonesAtSurface
2624.85 374.966 -16.3661 22 0 1 2 760563 18.9644 107425 1.02672 6.17587e+06 760563 ZonesAtSurface
2674.72 374.965 23.6391 1 0 1 2 1.0557e+06 17.2758 91209.1 1.05995 3.76827e+06 1.0557e+06 ZonesAtSurface
2724.49 374.963 163.641 0 4 0 0 770209 35.6153 85604 1.92321 1.75902e+06 770209 ZonesAtSurface
2774.47 374.965 203.621 0 0 0 0 781642 17.3521 111173 1.74358 1.38859e+06 781642 ZonesAtSurface
2824.46 374.965 243.599 0 0 0 0 1.16626e+06 30.0049 125273 1.96829 2.3371e+06 1.16626e+06 ZonesAtSurface
2874.47 374.965 283.573 0 0 0 0 528295 30.6591 60514.3 1.39205 1.76394e+06 528295 ZonesAtSurface
2924.48 374.965 323.548 0 5 0 0 980574 32.1323 89476.8 3.1473 1.21351e+06 980574 ZonesAtSurface
2974.47 374.968 313.518 0 0 1 1 1.06958e+06 32.7873 70737.8 1.74959 3.38414e+06 1.06958e+06 ZonesAtSurface
3024.48 374.968 353.483 0 0 1 1 949764 44.9011 115437 1.98123 3.18178e+06 949764 ZonesAtSurface
3074.51 374.963 443.442 0 0 0 0 1.05283e+06 32.1324 104115 2.26787 1.89538e+06 1.05283e+06 ZonesAtSurface
3124.53 374.963 483.404 0 0 0 0 727807 22.2667 61740.4 1.36613 1.75167e+06 727807 ZonesAtSurface
3174.53 374.969 473.365 0 0 1 1 899105 43.9529 140622 2.3518 2.82467e+06 899105 ZonesAtSurface
3224.58 374.963 563.316 0 0 0 0 1.36988e+06 35.0562 127615 2.54479 2.30234e+06 1.36988e+06 ZonesAtSurface
3274.59 374.971 553.276 0 0 2 1 726511 34.7377 54899.1 1.57807 2.36188e+06 726511 ZonesAtSurface
3324.6 374.977 543.229 13 0 1 2 579887 24.2292 73245.7 1.07032 2.88322e+06 579887 ZonesAtSurface
3374.67 374.973 633.164 0 0 2 1 1.17886e+06 39.0871 140027 2.15791 2.88272e+06 1.17886e+06 ZonesAtSurface
3424.72 374.974 673.114 0 0 1 1 1.22897e+06 26.934 144072 1.76342 2.40626e+06 1.22897e+06 ZonesAtSurface
3474.78 374.976 713.058 2 0 2 1 908607 30.6672 74768.5 1.51933 2.7497e+06 908607 ZonesAtSurface
3524.8 374.983 703.003 0 0 2 2 1.34691e+06 24.5723 102973 1.63295 2.8622e+06 1.34691e+06 ZonesAtSurface
3574.86 374.985 742.941 10 0 1 2 614381 35.4279 103196 1.67849 2.48827e+06 614381 ZonesAtSurface
3624.88 374.994 732.883 0 0 1 3 1.03533e+06 20.1832 105730 1.14056 3.18048e+06 1.03533e+06 ZonesAtSurface
3674.93 374.995 772.824 6 0 1 3 1.30707e+06 25.9272 122612 1.04516 4.11109e+06 1.30707e+06 ZonesAtSurface
3724.99 374.988 862.771 0 0 2 2 1.42641e+06 40.9864 149522 2.4703 2.86362e+06 1.42641e+06 ZonesAtSurface
3775 374.975 962.763 0 2 0 0 816931 39.7772 63012.2 4.29629 821952 816931 ZonesAtSurface
3825.03 374.984 872.788 0 3 2 1 1.42009e+06 37.8144 66699.4 3.21349 2.04047e+06 1.42009e+06 ZonesAtSurface
3875.06 374.984 832.835 4 5 1 1 983596 34.0785 87639.5 1.40393 2.89795e+06 983596 ZonesAtSurface
3925.16 374.988 742.905 0 0 1 2 915603 32.2257 114541 1.36714 3.33046e+06 915603 ZonesAtSurface
3975.17 374.98 752.964 0 0 2 1 1.49996e+06 37.2459 110072 2.96447 2.26396e+06 1.49996e+06 ZonesAtSurface
4025.28 374.983 663.032 6 0 1 2 640558 39.4813 119225 1.0975 3.94761e+06 640558 ZonesAtSurface
4075.34 374.979 623.093 13 0 1 2 919779 31.8887 147273 1.38788 3.56879e+06 919779 ZonesAtSurface
4125.36 374.969 633.146 0 0 1 1 975539 42.5721 107454 3.1368 1.84615e+06 975539 ZonesAtSurface
4175.42 374.967 593.192 0 9 2 1 1.33498e+06 39.3255 135288 2.4164 2.48725e+06 1.33498e+06 ZonesAtSurface
4225.46 374.967 553.242 8 0 1 1 675913 32.7039 114817 1.04052 3.1405e+06 675913 ZonesAtSurface
4275.5 374.968 513.286 0 3 1 1 1.13737e+06 25.6115 86983 2.03657 1.93918e+06 1.13737e+06 ZonesAtSurface
4325.51 374.96 523.316 0 10 0 0 1.07033e+06 35.3628 118968 3.46403 1.29219e+06 1.07033e+06 ZonesAtSurface
4375.56 374.973 383.366 0 0 2 2 1.375e+06 28.8559 84224.3 1.19748 4.52684e+06 1.375e+06 ZonesAtSurface
4425.56 374.976 293.421 1 0 1 3 1.01372e+06 22.2904 80995.7 1.01717 4.92239e+06 1.01372e+06 ZonesAtSurface
4475.57 374.975 303.455 0 0 1 2 1.33634e+06 34.4977 142647 1.44511 4.31314e+06 1.33634e+06 ZonesAtSurface
4525.57 374.975 263.486 0 0 1 2 970432 29.1751 94092.9 1.38335 3.57667e+06 970432 ZonesAtSurface
4575.57 374.973 223.511 2 0 1 2 1.17779e+06 24.0465 128572 1.24099 4.0543e+06 1.17779e+06 ZonesAtSurface
4625.57 374.968 233.531 0 1 2 1 1.24156e+06 30.9219 118994 1.79491 2.82139e+06 1.24156e+06 ZonesAtSurface
4675.54 374.972 143.555 0 0 1 2 761104 31.8999 89179.3 1.12955 5.48327e+06 761104 ZonesAtSurface
4725.54 374.971 153.562 0 2 2 1 1.35038e+06 30.2799 143699 1.35167 4.06311e+06 1.35038e+06 ZonesAtSurface
4775.43 374.972 63.5721 9 0 1 2 1.3331e+06 24.5443 106720 1.00814 7.51251e+06 1.3331e+06 ZonesAtSurface
4825.33 374.972 23.5704 9 0 1 2 1.42317e+06 33.3706 101412 1.04781 1.20153e+07 1.42317e+06 ZonesAtSurface
4875.22 374.969 -16.4453 2 0 1 2 991897 37.2168 68727.4 1.29037 1.40757e+07 991897 ZonesAtSurface
4925.14 374.966 -6.40028 3 0 1 1 1.38059e+06 20.3473 129989 1.04811 8.6684e+06 1.38059e+06 ZonesAtSurface
74.9117 424.97 -27.873 36 0 1 1 1.18833e+06 38.3703 53425.5 1.13556 1.01128e+07 1.18833e+06 ZonesAtSurface
124.837 424.97 -2.8446 55 23 1 1 1.18381e+06 42.4832 67606.5 1.45021 4.00956e+06 1.18381e+06 ZonesAtSurface
174.762 424.97 -27.8736 39 0 1 2 1.08679e+06 42.1912 58075.2 1.08841 8.4261e+06 1.08679e+06 ZonesAtSurface
224.684 424.97 -2.84987 48 5 1 2 860034 25.0851 51555.7 1.28847 2.79029e+06 860034 ZonesAtSurface
274.615 424.968 -27.9041 34 0 1 3 1.43582e+06 20.8441 69378.5 1.06031 6.30565e+06 1.43582e+06 ZonesAtSurface
324.536 424.971 -2.91296 27 0 1 3 536549 37.4946 129078 1.05131 5.40926e+06 536549 ZonesAtSurface
374.538 424.972 -27.9421 0 0 1 4 693998 40.3039 53913.7 1.72964 8.81914e+06 693998 ZonesAtSurface
424.376 424.969 147.054 0 2 2 1 869268 30.5261 91015.3 2.77768 1.13549e+06 869268 ZonesAtSurface
474.369 424.964 222.051 0 3 0 0 1.4453e+06 20.1986 107877 5.07389 840600 1.4453e+06 ZonesAtSurface
524.37 424.964 247.042 0 0 0 0 1.08449e+06 24.0643 106591 2.96964 1.29489e+06 1.08449e+06 ZonesAtSurface
574.37 424.964 272.028 0 0 0 0 808409 38.0221 50425.5 3.39394 1.36016e+06 808409 ZonesAtSurface
624.371 424.963 297.011 0 0 0 0 693548 28.3704 79364.4 2.71175 1.14762e+06 693548 ZonesAtSurface
674.374 424.963 321.993 0 0 0 0 1.42016e+06 34.1173 66196.3 6.66055 983887 1.42016e+06 ZonesAtSurface
724.379 424.962 346.973 0 0 0 0 1.10211e+06 31.4516 108976 5.96039 824697 1.10211e+06 ZonesAtSurface
774.386 424.962 371.951 0 0 0 0 1.29357e+06 28.6381 104116 7.22554 710775 1.29357e+06 ZonesAtSurface
824.396 424.962 396.928 0 0 0 0 1.17739e+06 35.1211 146511 7.28618 720592 1.17739e+06 ZonesAtSurface
874.409 424.961 421.903 0 0 0 0 1.00844e+06 40.4435 148116 7.10958 776708 1.00844e+06 ZonesAtSurface
924.423 424.96 446.876 0 0 0 0 527154 18.9962 63624.7 1.97429 929094 527154 ZonesAtSurface
974.438 424.96 471.848 0 0 0 0 534016 43.5844 91054.3 3.7948 1.05922e+06 534016 ZonesAtSurface
1024.46 424.961 496.82 0 0 0 0 1.39208e+06 42.9487 65016.2 7.8335 1.0635e+06 1.39208e+06 ZonesAtSurface
1074.48 424.961 521.79 0 0 0 0 684291 23.0579 71691 2.16568 1.18845e+06 684291 ZonesAtSurface
1124.51 424.961 546.758 0 0 0 0 1.25262e+06 39.3504 80860.1 5.38413 1.22246e+06 1.25262e+06 ZonesAtSurface
1174.54 424.962 571.724 0 0 0 0 766563 33.5649 117875 3.19346 1.19909e+06 766563 ZonesAtSurface
1224.57 424.961 596.689 0 0 0 0 1.4775e+06 24.1491 91275.2 4.65887 1.09886e+06 1.4775e+06 ZonesAtSurface
1274.61 424.961 621.653 0 0 0 0 1.07779e+06 42.3051 134836 7.63862 900222 1.07779e+06 ZonesAtSurface
1324.66 424.961 646.618 0 0 0 0 660875 21.085 74271.4 2.79229 873475 660875 ZonesAtSurface
1374.71 424.962 671.582 0 4 0 0 1.18467e+06 40.0889 124776 8.48769 757151 1.18467e+06 ZonesAtSurface
1424.75 424.962 696.545 0 0 0 0 1.39265e+06 23.4279 124618 8.56634 551604 1.39265e+06 ZonesAtSurface
1474.79 424.963 721.512 0 0 0 0 1.30415e+06 21.3477 95720.7 10 392204 1.30415e+06 ZonesAtSurface
1524.84 424.965 746.482 0 3 0 0 1.46532e+06 22.3047 136220 9.32838 500989 1.46532e+06 ZonesAtSurface
1574.85 424.975 721.458 0 0 2 1 1.3482e+06 39.5459 138568 3.76511 1.92004e+06 1.3482e+06 ZonesAtSurface
1624.87 424.983 696.442 5 0 2 2 990748 24.642 124103 1.05965 3.05551e+06 990748 ZonesAtSurface
1674.87 424.99 621.458 8 0 1 4 810551 33.8859 105217 1.02454 3.61231e+06 810551 ZonesAtSurface
1724.91 424.995 646.44 0 4 2 4 1.43484e+06 41.0645 128971 1.25738 4.7253e+06 1.43484e+06 ZonesAtSurface
1774.96 424.996 621.446 0 0 2 5 1.20381e+06 36.1517 68459.1 1.44644 3.85313e+06 1.20381e+06 ZonesAtSurface
1825.04 424.995 596.456 1 0 1 6 842984 39.4876 128842 1.02834 4.52098e+06 842984 ZonesAtSurface
1875.07 425.003 721.285 0 0 2 4 1.3658e+06 44.7115 62536 1.04529 6.4253e+06 1.3658e+06 ZonesAtSurface
1925.05 424.997 846.254 0 1 2 2 921023 25.3231 99866.5 1.53052 1.88051e+06 921023 ZonesAtSurface
1975.16 424.999 771.306 0 5 2 4 1.4697e+06 25.002 60924 1.45182 3.19424e+06 1.4697e+06 ZonesAtSurface
2025.4 424.999 633.964 1 1 1 6 1.44263e+06 43.4406 103415 1.0992 6.23141e+06 1.44263e+06 ZonesAtSurface
2075.54 424.997 534.121 2 0 1 6 1.45053e+06 17.9346 110118 1.00609 4.10725e+06 1.45053e+06 ZonesAtSurface
2125.62 424.994 434.262 6 0 1 6 928884 35.8554 147887 1.04488 3.47821e+06 928884 ZonesAtSurface
2175.64 424.989 334.385 6 0 1 6 937233 21.8282 143192 1.01674 3.32595e+06 937233 ZonesAtSurface
2225.59 424.985 234.485 6 0 1 6 1.14209e+06 39.0726 59478.6 1.05909 7.31593e+06 1.14209e+06 ZonesAtSurface
2275.49 424.982 134.549 6 0 1 6 982688 30.8327 102339 1.07199 6.81801e+06 982688 ZonesAtSurface
2325.38 424.979 34.5749 0 0 1 6 1.36133e+06 21.3873 118788 1.08732 7.7692e+06 1.36133e+06 ZonesAtSurface
2375.31 424.976 -15.422 4 0 1 5 1.21567e+06 31.6145 93999.9 1.92752 8.26095e+06 1.21567e+06 ZonesAtSurface
2425.28 424.972 -15.4094 30 0 1 3 1.33025e+06 38.7383 77601.9 1.85665 7.56254e+06 1.33025e+06 ZonesAtSurface
2475.21 424.971 -15.3763 37 0 1 1 783256 30.3388 59155.7 1.97109 3.63111e+06 783256 ZonesAtSurface
2525.05 424.968 -45.385 23 0 1 1 1.29422e+06 16.1855 132766 1.02844 8.04871e+06 1.29422e+06 ZonesAtSurface
2574.91 424.964 -5.33262 47 0 1 1 610811 41.3151 136417 2.09977 4.81018e+06 610811 ZonesAtSurface
2624.85 424.964 -15.3626 17 0 1 2 875219 38.0421 70313 1.01327 9.94235e+06 875219 ZonesAtSurface
2674.62 424.963 74.6716 7 0 2 1 860927 34.5543 89765.4 1.35405 3.52789e+06 860927 ZonesAtSurface
2724.49 424.964 164.65 0 0 0 0 734988 23.8787 121724 1.81251 1.37138e+06 734988 ZonesAtSurface
2774.47 424.966 204.625 0 6 0 0 1.3712e+06 27.3487 66072.8 1.52529 3.14335e+06 1.3712e+06 ZonesAtSurface
2824.46 424.965 244.603 0 0 0 0 1.07709e+06 22.2962 85730.8 1.71711 2.06725e+06 1.07709e+06 ZonesAtSurface
2874.46 424.964 284.578 0 0 0 0 630710 27.6014 70435.2 1.26168 1.9807e+06 630710 ZonesAtSurface
2924.47 424.964 324.551 0 0 0 0 706913 26.7144 51821.1 1.69267 1.55432e+06 706913 ZonesAtSurface
2974.47 424.968 314.522 32 0 1 1 548807 21.2644 88129 1.01004 2.57495e+06 548807 ZonesAtSurface
3024.48 424.962 404.483 0 3 0 0 1.48171e+06 16.0561 79497.7 2.13348 1.91069e+06 1.48171e+06 ZonesAtSurface
3074.5 424.964 444.448 0 4 0 0 1.12854e+06 39.6391 100411 2.9065 1.75277e+06 1.12854e+06 ZonesAtSurface
3124.52 424.966 484.411 0 5 0 0 1.28037e+06 39.671 130878 3.4714 1.83583e+06 1.28037e+06 ZonesAtSurface
3174.52 424.971 474.373 0 0 2 1 873595 36.0139 86929.7 1.57721 2.79027e+06 873595 ZonesAtSurface
3224.55 424.972 514.332 0 0 1 1 623253 44.0713 67560.3 1.97768 2.64016e+06 623253 ZonesAtSurface
3274.58 424.974 554.289 9 1 2 1 841804 25.0728 135319 1.25319 2.25327e+06 841804 ZonesAtSurface
3324.59 424.978 544.241 0 0 1 2 1.42588e+06 40.0261 100621 1.76059 4.50204e+06 1.42588e+06 ZonesAtSurface
3374.63 424.979 584.185 4 0 1 2 1.48137e+06 33.1116 127292 1.44229 4.45911e+06 1.48137e+06 ZonesAtSurface
3424.71 424.976 674.124 10 0 2 1 621508 37.4203 136855 2.06019 1.87512e+06 621508 ZonesAtSurface
3474.74 424.983 664.071 7 0 1 2 1.43032e+06 26.5802 63045.5 1.53071 3.61759e+06 1.43032e+06 ZonesAtSurface
3524.8 424.984 704.009 0 0 1 2 698147 33.8464 115267 1.39866 3.06786e+06 698147 ZonesAtSurface
3574.86 424.987 743.948 0 0 2 2 1.23301e+06 36.8289 108117 1.94363 2.8723e+06 1.23301e+06 ZonesAtSurface
3624.91 424.99 783.884 0 0 2 2 1.28048e+06 36.5605 53905.1 1.84959 3.06536e+06 1.28048e+06 ZonesAtSurface
3674.91 424.998 723.851 4 0 1 4 1.18134e+06 18.7457 137499 1.01838 3.90164e+06 1.18134e+06 ZonesAtSurface
3724.99 424.988 863.777 0 0 2 2 1.04501e+06 42.004 66384.7 2.0937 2.8047e+06 1.04501e+06 ZonesAtSurface
3775.01 424.982 913.77 0 0 2 1 1.09408e+06 38.9767 144367 4.15247 1.40882e+06 1.09408e+06 ZonesAtSurface
3825.05 424.99 823.8 0 0 2 2 1.27366e+06 33.9492 130913 2.27596 2.68525e+06 1.27366e+06 ZonesAtSurface
3875.1 424.99 783.851 7 0 1 2 659120 15.9767 104494 1.03916 2.13317e+06 659120 ZonesAtSurface
3925.16 424.989 743.915 0 0 1 2 1.15906e+06 36.1827 79986.6 2.00073 3.11279e+06 1.15906e+06 ZonesAtSurface
3975.22 424.986 703.978 4 0 1 2 604823 17.7238 116399 1.20741 1.81894e+06 604823 ZonesAtSurface
4025.25 424.975 714.033 0 0 2 1 1.30032e+06 20.4084 124697 1.47285 2.71885e+06 1.30032e+06 ZonesAtSurface
4075.31 424.972 674.094 10 7 1 1 1.25888e+06 28.4042 56888.6 1.55068 3.29213e+06 1.25888e+06 ZonesAtSurface
4125.37 424.97 634.15 0 0 2 1 1.30122e+06 16.9204 101269 1.54747 2.38875e+06 1.30122e+06 ZonesAtSurface
4175.43 424.969 594.199 6 0 2 1 973454 30.8905 137665 1.5258 2.69515e+06 973454 ZonesAtSurface
4225.49 424.975 504.251 0 0 1 2 1.13529e+06 30.9674 138020 1.54083 3.71007e+06 1.13529e+06 ZonesAtSurface
4275.51 424.97 514.292 0 0 2 1 881335 34.2531 71589.6 2.17515 2.45503e+06 881335 ZonesAtSurface
4325.52 424.962 524.323 0 5 0 0 1.10171e+06 22.2047 135389 3.31405 1.04004e+06 1.10171e+06 ZonesAtSurface
4375.56 424.968 434.359 6 0 2 1 701127 35.6029 78571.1 1.19664 2.65556e+06 701127 ZonesAtSurface
4425.57 424.978 294.428 3 0 1 3 1.21535e+06 21.1514 80283.9 1.05127 5.16484e+06 1.21535e+06 ZonesAtSurface
4475.57 424.977 254.468 1 0 1 3 1.1003e+06 31.4261 132282 1.23577 5.30759e+06 1.1003e+06 ZonesAtSurface
4525.57 424.975 264.498 3 0 1 2 1.01855e+06 33.9557 110682 1.53767 3.26737e+06 1.01855e+06 ZonesAtSurface
4575.58 424.97 274.517 0 1 2 1 810865 22.7466 148203 2.02551 1.45666e+06 810865 ZonesAtSurface
4625.58 424.97 234.535 0 5 2 1 1.47055e+06 33.4789 75116.3 2.29441 2.8177e+06 1.47055e+06 ZonesAtSurface
4675.58 424.967 244.547 9 7 0 0 777768 28.038 140689 1.9281 1.41271e+06 777768 ZonesAtSurface
4725.5 424.972 104.571 6 0 1 2 853148 37.8128 77291.6 1.12865 6.69253e+06 853148 ZonesAtSurface
4775.37 424.971 14.5659 1 0 1 3 1.34774e+06 28.6709 82731.7 1.07839 9.58402e+06 1.34774e+06 ZonesAtSurface
4825.28 424.97 -25.4482 0 0 1 3 679835 41.6814 101768 2.31215 1.12954e+07 679835 ZonesAtSurface
4875.22 424.969 -15.4356 7 0 1 2 527286 17.7395 125466 1.01953 6.97616e+06 527286 ZonesAtSurface
4925.21 424.963 44.6858 4 0 0 0 1.24679e+06 35.4162 110763 1.19935 5.47062e+06 1.24679e+06 ZonesAtSurface
74.9164 474.973 -26.8601 47 0 1 1 1.22323e+06 24.8157 51607 1.14697 6.57034e+06 1.22323e+06 ZonesAtSurface
124.838 474.971 -1.82833 59 5 1 1 662338 15.5171 65433.7 1.76639 1.04094e+06 662338 ZonesAtSurface
174.754 474.972 -26.871 48 0 1 2 1.11114e+06 32.8934 71991.1 1.06312 6.38659e+06 1.11114e+06 ZonesAtSurface
224.68 474.972 -1.84825 48 5 1 2 810993 20.1477 98639.6 1.28535 1.99023e+06 810993 ZonesAtSurface
274.616 474.97 -26.8927 33 0 1 3 1.05612e+06 16.0492 81870.8 1.06605 4.55607e+06 1.05612e+06 ZonesAtSurface
324.538 474.97 -1.90255 34 0 1 3 989336 24.152 75307.6 1.04314 3.46158e+06 989336 ZonesAtSurface
374.537 474.972 -26.9363 8 0 1 4 1.35668e+06 16.3107 68281 1.00661 7.27622e+06 1.35668e+06 ZonesAtSurface
424.374 474.971 148.059 0 4 2 1 841459 37.1707 113426 3.61385 1.02635e+06 841459 ZonesAtSurface
474.367 474.965 223.056 0 8 0 0 804636 18.596 71490.5 2.97661 761763 804636 ZonesAtSurface
524.368 474.964 248.048 0 0 0 0 1.3363e+06 20.3931 108485 3.24582 1.30566e+06 1.3363e+06 ZonesAtSurface
574.368 474.964 273.034 0 0 0 0 755710 32.1757 116120 2.67456 1.37142e+06 755710 ZonesAtSurface
624.369 474.964 298.017 0 0 0 0 845927 33.8211 83709.6 3.61373 1.17478e+06 845927 ZonesAtSurface
674.371 474.963 322.999 0 0 0 0 1.11847e+06 28.4039 149057 4.61737 999207 1.11847e+06 ZonesAtSurface
724.376 474.963 347.979 0 0 0 0 1.15453e+06 16.7585 85152 4.06643 852305 1.15453e+06 ZonesAtSurface
774.383 474.963 372.957 0 0 0 0 1.38081e+06 34.2643 80250.2 8.26569 754871 1.38081e+06 ZonesAtSurface
824.392 474.962 397.934 0 0 0 0 749448 17.9476 68433.4 3.19894 755229 749448 ZonesAtSurface
874.404 474.961 422.908 0 0 0 0 796040 43.666 88417.6 6.81181 824517 796040 ZonesAtSurface
924.417 474.961 447.882 0 0 0 0 805204 16.6722 55283.9 2.4791 995894 805204 ZonesAtSurface
974.433 474.961 472.854 0 0 0 0 1.20145e+06 43.8377 62890.8 6.13463 1.1609e+06 1.20145e+06 ZonesAtSurface
1024.45 474.961 497.825 0 0 0 0 1.12575e+06 33.2009 119080 4.54726 1.12721e+06 1.12575e+06 ZonesAtSurface
1074.47 474.961 522.797 0 0 0 0 690589 38.6432 98031.3 3.50398 1.17681e+06 690589 ZonesAtSurface
1124.5 474.962 547.766 0 0 0 0 1.07564e+06 39.4652 147205 4.4214 1.23284e+06 1.07564e+06 ZonesAtSurface
1174.54 474.962 572.733 0 0 0 0 1.042e+06 30.7707 137343 3.50619 1.24222e+06 1.042e+06 ZonesAtSurface
1224.57 474.962 597.698 0 0 0 0 1.3807e+06 20.45 128713 4.02953 1.09487e+06 1.3807e+06 ZonesAtSurface
1274.61 474.962 622.662 0 0 0 0 968401 27.469 57555.2 4.04366 992003 968401 ZonesAtSurface
1324.65 474.962 647.627 0 0 0 0 1.06716e+06 18.0403 73505.7 3.90177 862105 1.06716e+06 ZonesAtSurface
1374.7 474.963 672.591 0 0 0 0 1.39792e+06 28.7605 54359.3 7.24219 745565 1.39792e+06 ZonesAtSurface
1424.75 474.964 697.555 0 0 0 0 856315 30.6887 145152 6.65721 551526 856315 ZonesAtSurface
1474.79 474.964 722.522 0 0 0 0 1.49015e+06 25.8844 99906.2 10 380274 1.49015e+06 ZonesAtSurface
1524.83 474.966 747.493 0 2 0 0 738508 29.5963 126883 4.85468 622225 738508 ZonesAtSurface
1574.85 474.975 722.47 0 0 2 1 1.23892e+06 43.4047 60795.4 4.08837 2.03589e+06 1.23892e+06 ZonesAtSurface
1624.86 474.983 697.455 7 3 2 2 1.24769e+06 25.2822 98543.7 1.16377 3.30874e+06 1.24769e+06 ZonesAtSurface
1674.86 474.99 622.469 3 0 1 4 1.33309e+06 28.9751 89398.2 1.10712 4.70596e+06 1.33309e+06 ZonesAtSurface
1724.9 474.995 597.477 0 0 1 5 857207 18.3728 50827.6 1.3427 2.77295e+06 857207 ZonesAtSurface
1774.96 474.997 622.457 1 0 2 5 922246 39.2762 130911 1.51957 3.38878e+06 922246 ZonesAtSurface
1825.04 474.994 597.467 2 0 1 6 523226 29.6804 87470.1 1.02606 3.76903e+06 523226 ZonesAtSurface
1875.08 475.002 722.293 1 0 2 4 683976 32.8338 137061 1.04679 2.62966e+06 683976 ZonesAtSurface
1925.05 475.002 847.26 0 7 2 2 1.39228e+06 43.2505 138863 5.31454 1.19121e+06 1.39228e+06 ZonesAtSurface
1975.23 475 722.336 0 5 2 5 942049 22.4682 126818 1.1651 2.36957e+06 942049 ZonesAtSurface
2025.35 474.997 684.933 4 4 2 5 1.18654e+06 35.6166 143091 1.14904 3.90299e+06 1.18654e+06 ZonesAtSurface
2075.55 474.999 535.123 6 0 1 6 724567 43.7277 63265.7 1.01849 4.35597e+06 724567 ZonesAtSurface
2125.64 474.996 435.266 6 0 1 6 1.1741e+06 34.5098 112624 1.02362 5.33456e+06 1.1741e+06 ZonesAtSurface
2175.65 474.991 335.391 6 0 1 6 719907 30.5455 110029 1.02879 4.01193e+06 719907 ZonesAtSurface
2225.6 474.987 235.49 6 0 1 6 1.16982e+06 22.2073 87068.8 1.03307 4.59332e+06 1.16982e+06 ZonesAtSurface
2275.5 474.984 135.553 0 0 1 6 1.16549e+06 24.9583 98340.4 1.0707 6.3839e+06 1.16549e+06 ZonesAtSurface
2325.45 474.981 85.5766 8 0 1 5 581509 16.9839 72873.2 0.996313 2.29112e+06 581509 ZonesAtSurface
2375.31 474.978 -14.4164 0 0 1 5 710357 42.1061 113443 2.49386 8.59019e+06 710357 ZonesAtSurface
2425.28 474.975 -14.4047 38 0 1 3 855949 34.0643 136905 1.60233 7.44414e+06 855949 ZonesAtSurface
2475.21 474.972 -14.3725 38 0 1 1 647889 23.6389 57895.9 1.52008 4.23347e+06 647889 ZonesAtSurface
2525.05 474.969 -44.3827 24 0 1 1 1.2885e+06 21.2695 71222.7 1.04864 9.60182e+06 1.2885e+06 ZonesAtSurface
2574.91 474.963 -4.33528 34 0 1 1 999082 36.5912 76778.9 1.82961 5.72725e+06 999082 ZonesAtSurface
2624.86 474.963 -14.3593 1 0 1 2 1.2451e+06 22.2002 107885 1.00952 7.02739e+06 1.2451e+06 ZonesAtSurface
2674.63 474.963 75.6778 8 0 1 1 670044 17.7029 149413 1.2053 2.04388e+06 670044 ZonesAtSurface
2724.49 474.965 165.657 0 0 0 0 1.2242e+06 35.7659 81964.3 1.93392 3.13548e+06 1.2242e+06 ZonesAtSurface
2774.49 474.968 155.635 1 0 1 1 1.17452e+06 17.3219 138075 1.18683 3.40559e+06 1.17452e+06 ZonesAtSurface
2824.45 474.965 245.606 0 0 0 0 1.18831e+06 31.0634 134684 2.36034 2.14438e+06 1.18831e+06 ZonesAtSurface
2874.46 474.964 285.582 0 0 0 0 623819 35.6906 80033.9 1.32412 2.19117e+06 623819 ZonesAtSurface
2924.46 474.964 325.554 0 0 0 0 1.20803e+06 40.5927 73603.1 3.23778 1.90548e+06 1.20803e+06 ZonesAtSurface
2974.47 474.964 365.522 0 0 0 0 1.4686e+06 29.9267 131558 2.41565 2.32416e+06 1.4686e+06 ZonesAtSurface
3024.48 474.964 405.488 0 0 0 0 1.13507e+06 31.3435 80768 2.38934 1.88527e+06 1.13507e+06 ZonesAtSurface
3074.5 474.965 445.453 0 0 0 0 539372 33.9126 54996 1.73447 1.71706e+06 539372 ZonesAtSurface
3124.49 474.97 435.419 0 0 1 1 1.39566e+06 26.1174 60885.7 2.05873 2.645e+06 1.39566e+06 ZonesAtSurface
3174.51 474.971 475.381 0 0 2 1 1.29012e+06 33.7618 102812 2.23494 2.695e+06 1.29012e+06 ZonesAtSurface
3224.54 474.972 515.343 9 0 1 1 962104 28.0742 98809.7 2.04064 2.1277e+06 962104 ZonesAtSurface
3274.55 474.977 505.304 16 0 1 2 566239 17.7297 131818 1.09404 2.24393e+06 566239 ZonesAtSurface
3324.59 474.979 545.255 7 0 1 2 1.09618e+06 35.7111 112091 1.13886 4.31558e+06 1.09618e+06 ZonesAtSurface
3374.63 474.981 585.196 9 0 1 2 518522 17.7917 125189 1.04997 2.29857e+06 518522 ZonesAtSurface
3424.68 474.982 625.139 7 1 2 2 1.07889e+06 34.3167 91227.7 1.57292 3.1057e+06 1.07889e+06 ZonesAtSurface
3474.73 474.984 665.081 8 0 1 2 1.17439e+06 34.1309 71507.3 1.57589 3.93698e+06 1.17439e+06 ZonesAtSurface
3524.79 474.986 705.017 4 0 2 2 1.06521e+06 22.7593 88943.2 1.1357 3.24079e+06 1.06521e+06 ZonesAtSurface
3574.85 474.989 744.958 0 0 2 2 617161 39.6 59210.9 1.54393 2.8135e+06 617161 ZonesAtSurface
3624.85 474.995 684.923 0 0 1 4 1.12865e+06 38.4798 90103.1 1.04596 5.88349e+06 1.12865e+06 ZonesAtSurface
3674.91 474.996 724.857 0 0 1 4 509187 44.1028 100385 1.03389 3.81769e+06 509187 ZonesAtSurface
3724.99 474.988 864.782 0 0 2 2 1.04185e+06 22.6884 61981.2 1.37032 2.5498e+06 1.04185e+06 ZonesAtSurface
3775.01 474.982 914.776 0 0 2 1 515663 18.3523 89814 1.33105 1.35136e+06 515663 ZonesAtSurface
3825.03 474.984 874.803 0 2 2 1 1.09247e+06 31.2861 93332.7 1.67742 2.47571e+06 1.09247e+06 ZonesAtSurface
3875.14 474.993 734.868 0 0 1 3 561348 21.4383 76400.4 1.11669 2.30308e+06 561348 ZonesAtSurface
3925.17 474.987 744.923 7 0 1 2 655838 34.963 84826.6 1.29305 2.80093e+06 655838 ZonesAtSurface
3975.19 474.98 754.984 0 0 1 1 1.41892e+06 23.6412 96635.5 2.57564 1.82298e+06 1.41892e+06 ZonesAtSurface
4025.25 474.978 715.044 9 0 2 1 501426 28.106 121288 1.15996 2.09615e+06 501426 ZonesAtSurface
4075.32 474.975 675.101 0 0 1 1 1.42853e+06 38.1032 108705 2.77981 2.56608e+06 1.42853e+06 ZonesAtSurface
4125.38 474.972 635.154 7 0 2 1 761088 19.1514 58743.4 1.09037 2.41273e+06 761088 ZonesAtSurface
4175.44 474.97 595.204 0 2 2 1 1.25133e+06 41.9502 95685.8 1.98062 2.98767e+06 1.25133e+06 ZonesAtSurface
4225.48 474.97 555.251 9 0 2 1 764183 39.5536 53785.5 1.41163 3.0727e+06 764183 ZonesAtSurface
4275.53 474.976 465.302 0 0 1 2 1.24213e+06 43.0587 113240 2.4397 3.90812e+06 1.24213e+06 ZonesAtSurface
4325.54 474.971 475.336 0 0 2 1 993291 33.1741 148996 2.0452 2.14017e+06 993291 ZonesAtSurface
4375.57 474.969 435.365 0 4 2 1 1.26154e+06 15.2828 108666 1.20413 2.75379e+06 1.26154e+06 ZonesAtSurface
4425.56 474.976 245.443 0 0 1 4 1.48365e+06 19.1654 100030 1.13418 5.9454e+06 1.48365e+06 ZonesAtSurface
4475.57 474.974 255.475 0 0 1 3 1.04758e+06 41.3992 95471.2 2.41188 5.03443e+06 1.04758e+06 ZonesAtSurface
4525.57 474.974 215.503 2 0 1 3 822462 20.3795 63520.2 1.16207 3.65817e+06 822462 ZonesAtSurface
4575.58 474.973 225.525 1 0 2 2 1.10876e+06 23.1592 120686 1.35065 3.24481e+06 1.10876e+06 ZonesAtSurface
4625.58 474.973 235.541 6 0 2 1 839404 34.7579 121005 1.33715 2.9634e+06 839404 ZonesAtSurface
4675.58 474.975 195.558 10 8 1 1 1.2812e+06 36.6969 132104 1.51715 3.48869e+06 1.2812e+06 ZonesAtSurface
4725.5 474.973 105.578 0 0 1 2 500342 40.5924 61976.8 1.13826 6.37598e+06 500342 ZonesAtSurface
4775.37 474.97 15.5729 2 0 1 3 571085 41.8018 78165.4 1.41671 9.9803e+06 571085 ZonesAtSurface
4825.28 474.969 -24.4413 0 0 1 3 883545 35.6558 53781.3 1.64053 1.16254e+07 883545 ZonesAtSurface
4875.23 474.967 -14.4282 8 0 1 2 642214 27.9509 93626.2 1.01128 9.90486e+06 642214 ZonesAtSurface
4925.2 474.966 45.6942 8 0 0 0 1.35866e+06 21.349 122491 1.3779 3.45662e+06 1.35866e+06 ZonesAtSurface
74.9223 524.975 -25.8513 51 0 1 1 749875 36.6937 61563.5 1.24769 7.29795e+06 749875 ZonesAtSurface
124.845 524.976 -0.816447 53 9 1 1 1.16154e+06 38.3701 115576 1.84111 3.00226e+06 1.16154e+06 ZonesAtSurface
174.749 524.974 -25.8669 46 0 1 2 502022 38.9409 84458.9 1.0351 6.20906e+06 502022 ZonesAtSurface
224.679 524.979 -0.850295 47 0 1 2 723034 42.1354 148551 1.39805 2.84199e+06 723034 ZonesAtSurface
274.617 524.972 -25.8879 32 0 1 3 523404 33.9193 106125 1.07541 5.44546e+06 523404 ZonesAtSurface
324.54 524.972 -0.897726 30 0 1 3 640686 16.3895 136310 1.03077 3.17589e+06 640686 ZonesAtSurface
374.537 524.973 -25.9303 5 0 1 4 516611 26.0451 84371.5 1.013 7.84795e+06 516611 ZonesAtSurface
424.446 524.971 49.0733 6 0 1 3 886521 29.9551 115025 1.05617 5.74107e+06 886521 ZonesAtSurface
474.366 524.965 224.061 0 5 0 0 854749 19.5793 112684 3.64149 679927 854749 ZonesAtSurface
524.367 524.964 249.053 0 0 0 0 1.36903e+06 19.5509 72545.7 3.0179 1.37135e+06 1.36903e+06 ZonesAtSurface
574.366 524.964 274.039 0 0 0 0 1.10751e+06 44.6262 144518 5.24068 1.42224e+06 1.10751e+06 ZonesAtSurface
624.367 524.964 299.022 0 0 0 0 1.12231e+06 29.8904 54220.4 3.99327 1.20091e+06 1.12231e+06 ZonesAtSurface
674.369 524.964 324.004 0 0 0 0 1.00776e+06 18.969 75399.3 3.32983 989532 1.00776e+06 ZonesAtSurface
724.373 524.964 348.984 0 0 0 0 965857 41.7648 80901.6 7.19847 859458 965857 ZonesAtSurface
774.38 524.963 373.963 0 0 0 0 1.12957e+06 39.3748 81715.3 7.71225 787586 1.12957e+06 ZonesAtSurface
824.389 524.963 398.939 0 0 0 0 1.21193e+06 42.1291 100976 8.83103 804715 1.21193e+06 ZonesAtSurface
874.4 524.962 423.914 0 0 0 0 1.04233e+06 39.4623 143949 6.84129 844000 1.04233e+06 ZonesAtSurface
924.412 524.962 448.887 0 0 0 0 797404 28.2289 108024 3.02976 1.06995e+06 797404 ZonesAtSurface
974.428 524.962 473.859 0 0 0 0 768243 24.3083 103802 2.40818 1.17944e+06 768243 ZonesAtSurface
1024.45 524.962 498.831 0 0 0 0 639150 21.9497 142677 2.06892 1.15019e+06 639150 ZonesAtSurface
1074.47 524.962 523.803 0 0 0 0 1.30482e+06 28.3263 102155 4.30927 1.21215e+06 1.30482e+06 ZonesAtSurface
1124.5 524.963 548.773 0 0 0 0 1.20538e+06 22.7781 75477.7 3.36388 1.20969e+06 1.20538e+06 ZonesAtSurface
1174.53 524.963 573.741 0 0 0 0 511473 42.4118 73802.5 2.74611 1.32126e+06 511473 ZonesAtSurface
1224.57 524.963 598.706 0 0 0 0 1.17761e+06 44.3279 145317 7.24684 1.0363e+06 1.17761e+06 ZonesAtSurface
1274.6 524.963 623.671 0 0 0 0 774869 18.7319 114042 2.61644 970951 774869 ZonesAtSurface
1324.65 524.964 648.636 0 1 0 0 959204 38.2871 123002 5.93709 890685 959204 ZonesAtSurface
1374.7 524.965 673.6 0 0 0 0 998638 35.4254 97172 6.46141 742863 998638 ZonesAtSurface
1424.74 524.966 698.565 0 0 0 0 659791 37.5635 147716 7.15597 520586 659791 ZonesAtSurface
1474.79 524.966 723.532 0 0 0 0 1.1364e+06 29.5605 113622 10 364243 1.1364e+06 ZonesAtSurface
1524.83 524.968 748.503 0 2 0 0 1.31147e+06 36.0279 108491 8.51268 733217 1.31147e+06 ZonesAtSurface
1574.84 524.976 723.482 4 0 2 1 668258 23.8192 55102.6 1.30725 1.89963e+06 668258 ZonesAtSurface
1624.86 524.983 698.468 0 6 2 2 1.12808e+06 43.8127 137612 1.42485 3.30669e+06 1.12808e+06 ZonesAtSurface
1674.88 524.987 673.464 7 7 2 3 797242 35.8064 66542.9 1.46041 2.09655e+06 797242 ZonesAtSurface
1724.9 524.993 598.483 12 0 2 5 1.17614e+06 16.898 95706.4 1.26965 3.06978e+06 1.17614e+06 ZonesAtSurface
1774.96 524.995 623.464 6 0 1 5 905531 17.3321 56896.6 1.19895 2.3695e+06 905531 ZonesAtSurface
1825.05 524.996 598.476 3 0 1 6 1.0126e+06 29.7065 137820 1.03665 5.08671e+06 1.0126e+06 ZonesAtSurface
1875.08 525 723.302 7 0 1 4 934461 40.131 77822.4 1.14506 4.31339e+06 934461 ZonesAtSurface
1925.17 525.001 698.324 6 2 1 5 835193 32.567 64012.7 1.17063 2.69429e+06 835193 ZonesAtSurface
1975.23 524.999 723.344 2 9 2 5 852899 31.2045 144408 1.26468 2.30362e+06 852899 ZonesAtSurface
2025.36 524.997 685.938 7 7 2 5 680875 20.2902 138806 1.26864 1.51491e+06 680875 ZonesAtSurface
2075.56 525 536.124 4 0 1 6 1.19566e+06 38.3089 57544.3 1.01542 5.55716e+06 1.19566e+06 ZonesAtSurface
2125.64 524.998 436.271 6 0 1 6 1.29527e+06 28.939 105566 1.01222 4.97559e+06 1.29527e+06 ZonesAtSurface
2175.66 524.993 336.4 3 0 1 6 690537 19.293 63600.9 1.02344 2.68088e+06 690537 ZonesAtSurface
2225.6 524.988 236.495 5 0 1 6 1.20687e+06 34.1253 123823 1.03559 5.75204e+06 1.20687e+06 ZonesAtSurface
2275.5 524.985 136.559 0 0 1 6 1.13562e+06 20.7603 132714 1.07217 5.27656e+06 1.13562e+06 ZonesAtSurface
2325.45 524.983 86.581 10 0 1 5 936181 28.0336 54166.5 1.02719 3.658e+06 936181 ZonesAtSurface
2375.32 524.98 -13.414 17 0 1 5 1.282e+06 23.5181 55168 1.36685 8.13423e+06 1.282e+06 ZonesAtSurface
2425.28 524.977 -13.3966 39 0 1 3 570130 32.0244 131027 1.77849 5.71389e+06 570130 ZonesAtSurface
2475.21 524.974 -13.3724 37 0 1 1 675105 35.5762 132346 1.73953 6.90025e+06 675105 ZonesAtSurface
2525.05 524.97 -43.3846 25 0 1 1 655674 38.7785 83389.1 1.1195 1.5788e+07 655674 ZonesAtSurface
2574.91 524.965 -3.33905 14 0 1 1 1.07846e+06 27.788 81643.6 1.72964 6.39931e+06 1.07846e+06 ZonesAtSurface
2624.86 524.965 -13.3565 5 0 1 2 1.20715e+06 30.5581 121130 1.01746 9.9576e+06 1.20715e+06 ZonesAtSurface
2674.54 524.967 126.687 0 0 0 0 1.07575e+06 25.5406 66199.7 1.98477 1.98342e+06 1.07575e+06 ZonesAtSurface
2724.55 524.968 116.664 2 0 2 1 1.39075e+06 25.8863 111389 1.3464 4.3082e+06 1.39075e+06 ZonesAtSurface
2774.46 524.968 206.64 0 3 0 0 1.40617e+06 38.8925 104493 1.43629 4.21105e+06 1.40617e+06 ZonesAtSurface
2824.45 524.967 246.611 0 3 0 0 1.20801e+06 21.6954 116971 1.59655 2.43936e+06 1.20801e+06 ZonesAtSurface
2874.45 524.966 286.586 0 0 0 0 1.23708e+06 24.9312 75425.4 2.01127 2.10679e+06 1.23708e+06 ZonesAtSurface
2924.46 524.965 326.558 0 0 0 0 841304 36.1275 117768 2.0542 2.03795e+06 841304 ZonesAtSurface
2974.47 524.965 366.526 0 0 0 0 1.3463e+06 21.3204 137998 2.00528 2.0735e+06 1.3463e+06 ZonesAtSurface
3024.48 524.966 406.492 0 0 0 0 1.02355e+06 29.0336 128906 2.03924 1.97446e+06 1.02355e+06 ZonesAtSurface
3074.49 524.966 446.457 0 0 0 0 1.21809e+06 36.0588 117058 2.7876 2.00227e+06 1.21809e+06 ZonesAtSurface
3124.51 524.965 486.421 0 0 0 0 1.19818e+06 27.545 148138 2.43517 1.91341e+06 1.19818e+06 ZonesAtSurface
3174.51 524.972 476.388 0 0 2 1 907557 40.4879 110257 2.60529 2.41959e+06 907557 ZonesAtSurface
3224.53 524.973 516.352 0 6 1 1 1.43249e+06 15.0805 119009 2.09273 1.87699e+06 1.43249e+06 ZonesAtSurface
3274.57 524.972 556.315 0 7 2 1 1.18103e+06 42.1129 100121 3.58558 1.76415e+06 1.18103e+06 ZonesAtSurface
3324.58 524.978 546.266 6 0 1 2 861856 40.2958 113698 1.35868 3.85128e+06 861856 ZonesAtSurface
3374.6 524.984 536.215 2 0 1 3 1.32206e+06 24.5138 70425.2 1.11567 5.06823e+06 1.32206e+06 ZonesAtSurface
3424.7 524.976 676.143 8 3 2 1 533930 32.1523 86015.9 1.34132 1.45993e+06 533930 ZonesAtSurface
3474.7 524.988 616.097 0 0 1 3 988466 39.0048 75005.3 1.62135 4.50518e+06 988466 ZonesAtSurface
3524.79 524.986 706.027 0 0 1 2 1.14162e+06 23.8095 94362.6 1.40084 3.2464e+06 1.14162e+06 ZonesAtSurface
3574.85 524.989 745.97 0 2 2 2 1.24516e+06 21.0422 145101 1.49876 2.41828e+06 1.24516e+06 ZonesAtSurface
3624.84 524.995 685.93 1 0 1 4 1.0776e+06 26.4216 147314 1.02015 4.35447e+06 1.0776e+06 ZonesAtSurface
3674.93 524.993 775.839 2 0 2 3 938103 26.269 82064.2 1.01593 3.64852e+06 938103 ZonesAtSurface
3724.99 524.988 865.787 1 4 2 2 701472 43.9775 86193.5 1.70981 2.31675e+06 701472 ZonesAtSurface
3775.01 524.983 915.781 0 0 2 1 1.42165e+06 42.0682 126670 6.47988 1.37554e+06 1.42165e+06 ZonesAtSurface
3825.06 524.989 825.812 0 0 1 2 692848 35.7496 93356.1 1.61785 2.58016e+06 692848 ZonesAtSurface
3875.11 524.988 785.864 0 0 2 2 1.37029e+06 39.6044 66846.2 2.66748 2.83073e+06 1.37029e+06 ZonesAtSurface
3925.13 524.981 795.922 0 3 2 1 1.22255e+06 40.7479 84858 2.56168 2.47509e+06 1.22255e+06 ZonesAtSurface
3975.24 524.986 705.993 0 0 1 2 1.44863e+06 43.3053 70480.5 3.06261 3.17087e+06 1.44863e+06 ZonesAtSurface
4025.26 524.979 716.052 4 0 2 1 592195 36.2449 103376 1.83296 2.00875e+06 592195 ZonesAtSurface
4075.33 524.977 676.107 0 0 2 1 1.24438e+06 34.6067 95360.3 2.82214 2.10978e+06 1.24438e+06 ZonesAtSurface
4125.35 524.968 686.152 0 0 0 0 1.4367e+06 33.4741 78257.6 3.6199 1.70279e+06 1.4367e+06 ZonesAtSurface
4175.44 524.973 596.207 0 0 1 1 1.18178e+06 38.3108 83158.5 1.99463 3.1311e+06 1.18178e+06 ZonesAtSurface
4225.49 524.973 556.256 0 0 2 1 1.3108e+06 36.799 145285 1.90787 3.36298e+06 1.3108e+06 ZonesAtSurface
4275.54 524.977 466.309 0 0 1 2 1.26205e+06 19.4037 90568.7 1.17682 3.89853e+06 1.26205e+06 ZonesAtSurface
4325.55 524.972 476.344 0 0 1 1 1.24906e+06 36.7077 121291 3.14348 2.0265e+06 1.24906e+06 ZonesAtSurface
4375.56 524.965 486.368 0 2 0 0 1.12777e+06 20.4328 107753 2.91003 1.16191e+06 1.12777e+06 ZonesAtSurface
4425.59 524.966 346.421 9 0 1 2 918057 32.1616 54171.9 1.17376 4.46062e+06 918057 ZonesAtSurface
4475.58 524.973 256.475 0 0 1 3 989053 43.2445 86287.1 1.69679 5.44921e+06 989053 ZonesAtSurface
4525.58 524.974 216.507 2 0 1 3 1.06924e+06 16.9762 86764.6 1.11277 3.87033e+06 1.06924e+06 ZonesAtSurface
4575.59 524.969 276.526 0 8 2 1 1.41149e+06 31.8531 101855 2.76716 1.98891e+06 1.41149e+06 ZonesAtSurface
4625.57 524.973 186.549 0 0 1 2 633586 29.3841 60263.9 1.12473 4.39562e+06 633586 ZonesAtSurface
4675.5 524.973 96.571 0 0 1 3 1.49588e+06 26.5333 110772 1.14388 7.62627e+06 1.49588e+06 ZonesAtSurface
4725.45 524.972 56.582 2 0 1 3 552724 43.8394 147687 1.65812 9.01423e+06 552724 ZonesAtSurface
4775.44 524.97 66.5939 4 0 1 2 1.1095e+06 19.5443 145193 1.36794 3.74827e+06 1.1095e+06 ZonesAtSurface
4825.28 524.968 -23.4339 0 0 1 3 1.05658e+06 42.3473 73210.8 2.18191 1.2309e+07 1.05658e+06 ZonesAtSurface
4875.22 524.967 -13.4234 9 0 1 2 521055 44.3227 50446.9 1.28799 1.43083e+07 521055 ZonesAtSurface
4925.14 524.966 -3.37632 4 0 1 1 1.00501e+06 29.9014 138690 1.03248 1.09087e+07 1.00501e+06 ZonesAtSurface
74.9374 574.975 -24.8465 48 0 1 1 842257 41.3387 98127.1 1.34597 7.32601e+06 842257 ZonesAtSurface
124.832 574.975 -49.8802 47 0 1 2 991664 36.2947 130547 1.07098 9.84861e+06 991664 ZonesAtSurface
174.75 574.978 -24.8571 46 0 1 2 1.26128e+06 39.3055 141614 1.17227 5.21457e+06 1.26128e+06 ZonesAtSurface
224.686 574.974 -49.896 25 0 1 3 727663 40.374 106386 1.02083 9.91202e+06 727663 ZonesAtSurface
274.612 574.975 -24.8878 26 0 1 3 1.36711e+06 33.4299 79344.9 1.03369 7.05488e+06 1.36711e+06 ZonesAtSurface
324.591 574.976 -49.9223 4 0 1 4 888965 31.7399 135415 1.28393 1.03298e+07 888965 ZonesAtSurface
374.535 574.975 -24.9235 0 0 1 4 510922 40.3513 86420.8 1.54573 8.41105e+06 510922 ZonesAtSurface
424.377 574.967 150.072 5 1 2 1 636249 30.6205 84428.8 1.36203 1.69611e+06 636249 ZonesAtSurface
474.374 574.968 175.07 7 0 2 1 682886 26.5415 52051 1.14312 2.41022e+06 682886 ZonesAtSurface
524.366 574.965 250.058 3 0 0 0 664511 30.1038 133638 1.94267 1.51977e+06 664511 ZonesAtSurface
574.365 574.965 275.044 0 0 0 0 673009 18.0518 76507.6 1.54437 1.44156e+06 673009 ZonesAtSurface
624.364 574.965 300.027 0 0 0 0 1.4874e+06 21.447 74112.4 3.99905 1.22288e+06 1.4874e+06 ZonesAtSurface
674.367 574.965 325.009 0 0 0 0 699655 22.9521 53837 2.79013 980169 699655 ZonesAtSurface
724.371 574.965 349.989 0 0 0 0 1.30318e+06 19.5256 99822.5 4.80763 863115 1.30318e+06 ZonesAtSurface
774.377 574.965 374.968 0 0 0 0 580283 24.4558 110065 2.86589 808191 580283 ZonesAtSurface
824.385 574.964 399.944 0 0 0 0 1.27882e+06 26.4553 130929 5.32564 863508 1.27882e+06 ZonesAtSurface
874.396 574.964 424.919 0 0 0 0 787371 26.6191 110120 3.50886 887640 787371 ZonesAtSurface
924.408 574.963 449.893 0 0 0 0 1.34057e+06 16.3716 84445.6 3.38801 1.12591e+06 1.34057e+06 ZonesAtSurface
974.423 574.963 474.865 0 0 0 0 1.01836e+06 36.6573 73766.2 4.23652 1.21919e+06 1.01836e+06 ZonesAtSurface
1024.44 574.963 499.837 0 0 0 0 1.41708e+06 30.6621 76441.9 5.01855 1.1895e+06 1.41708e+06 ZonesAtSurface
1074.46 574.963 524.809 0 0 0 0 1.096e+06 21.188 124465 2.89364 1.26699e+06 1.096e+06 ZonesAtSurface
1124.49 574.964 549.78 0 0 0 0 778353 33.6155 50789.6 3.34456 1.20801e+06 778353 ZonesAtSurface
1174.53 574.964 574.749 0 0 0 0 902354 41.5861 77431.8 4.12088 1.31846e+06 902354 ZonesAtSurface
1224.56 574.964 599.715 0 0 0 0 977348 43.4574 108542 5.98182 1.08333e+06 977348 ZonesAtSurface
1274.6 574.965 624.681 0 0 0 0 651725 20.4888 125514 2.34269 957138 651725 ZonesAtSurface
1324.64 574.966 649.645 0 0 0 0 583466 22.7707 115938 2.28471 953064 583466 ZonesAtSurface
1374.69 574.967 674.608 0 0 0 0 1.03314e+06 19.2118 85369 4.51349 727262 1.03314e+06 ZonesAtSurface
1424.74 574.968 699.573 0 0 0 0 1.03328e+06 21.0127 110370 6.87565 495799 1.03328e+06 ZonesAtSurface
1474.78 574.969 724.542 0 0 0 0 727795 31.0947 97008.5 10 282285 727795 ZonesAtSurface
1524.83 574.97 749.513 0 3 0 0 1.3133e+06 19.1504 55295.3 5.40849 761430 1.3133e+06 ZonesAtSurface
1574.84 574.977 724.492 4 0 2 1 768813 21.4683 57937 1.27118 1.90684e+06 768813 ZonesAtSurface
1624.84 574.988 649.492 1 0 2 3 1.26645e+06 21.5858 62332.8 1.03306 3.73862e+06 1.26645e+06 ZonesAtSurface
1674.86 574.99 624.489 2 0 2 4 857918 25.9764 142361 1.02413 3.44674e+06 857918 ZonesAtSurface
1724.9 574.987 649.465 8 0 1 4 592275 26.3577 56133.8 1.21552 1.76265e+06 592275 ZonesAtSurface
1774.96 574.993 624.465 0 2 2 5 1.22986e+06 28.9556 55618.7 1.31664 3.27683e+06 1.22986e+06 ZonesAtSurface
1825.05 574.996 599.481 4 0 1 6 1.18595e+06 23.0516 143158 1.07719 4.34312e+06 1.18595e+06 ZonesAtSurface
1875.06 574.994 774.277 0 9 2 3 1.10687e+06 21.6185 65898.9 1.96813 1.63189e+06 1.10687e+06 ZonesAtSurface
1925.14 574.997 749.293 0 2 2 4 1.43752e+06 43.527 55726.5 2.28188 3.09171e+06 1.43752e+06 ZonesAtSurface
1975.29 575 674.385 0 2 2 6 1.04274e+06 24.3904 92791.2 1.09108 2.92872e+06 1.04274e+06 ZonesAtSurface
2025.37 574.997 686.941 0 5 2 5 1.46461e+06 30.3744 63053.3 1.26256 4.21711e+06 1.46461e+06 ZonesAtSurface
2075.54 574.999 587.079 8 2 1 5 911355 24.7567 85446.7 1.04649 2.74207e+06 911355 ZonesAtSurface
2125.65 574.998 437.28 6 0 1 6 1.33469e+06 18.5954 108626 1.01113 3.95888e+06 1.33469e+06 ZonesAtSurface
2175.66 574.993 337.408 6 0 1 6 1.31049e+06 29.6754 107018 1.041 5.07941e+06 1.31049e+06 ZonesAtSurface
2225.6 574.99 237.5 4 0 1 6 1.45306e+06 40.2927 117771 1.0303 8.12657e+06 1.45306e+06 ZonesAtSurface
2275.5 574.987 137.563 6 0 1 6 706837 26.2078 107163 1.07477 5.1856e+06 706837 ZonesAtSurface
2325.46 574.986 87.5858 9 0 1 5 648245 38.6558 146923 1.0204 3.29767e+06 648245 ZonesAtSurface
2375.32 574.982 -12.4107 0 0 1 5 1.1206e+06 41.0385 100268 2.85383 8.5676e+06 1.1206e+06 ZonesAtSurface
2425.29 574.979 -12.3923 39 0 1 3 1.16796e+06 26.6555 131674 1.89205 4.71627e+06 1.16796e+06 ZonesAtSurface
2475.2 574.976 -12.3702 34 0 1 1 1.27476e+06 42.6312 142265 2.2816 7.93949e+06 1.27476e+06 ZonesAtSurface
2525.05 574.972 -42.3851 18 0 1 1 872070 39.5077 124883 1.31489 1.69061e+07 872070 ZonesAtSurface
2574.91 574.969 -2.33964 0 0 2 1 823951 25.7748 61771.1 1.86175 5.75545e+06 823951 ZonesAtSurface
2624.64 574.969 87.7123 0 8 0 0 1.07556e+06 25.7355 51381.6 2.83287 1.34166e+06 1.07556e+06 ZonesAtSurface
2674.63 574.97 77.6802 4 0 1 1 1.38958e+06 21.9877 97005.5 1.29237 4.39111e+06 1.38958e+06 ZonesAtSurface
2724.49 574.97 167.666 0 0 0 0 1.02801e+06 26.1559 69782.7 2.06407 1.82188e+06 1.02801e+06 ZonesAtSurface
2774.55 574.97 107.647 0 0 1 2 1.22641e+06 22.0506 120556 1.17915 4.44901e+06 1.22641e+06 ZonesAtSurface
2824.46 574.97 197.621 0 0 1 1 972343 36.6761 128766 1.52857 4.09833e+06 972343 ZonesAtSurface
2874.44 574.967 287.591 0 0 0 0 1.34225e+06 26.5197 93785 2.47457 2.07562e+06 1.34225e+06 ZonesAtSurface
2924.45 574.967 327.562 2 0 0 0 533474 37.6861 148458 1.3942 2.03649e+06 533474 ZonesAtSurface
2974.46 574.967 367.529 0 0 0 0 843519 31.922 111262 1.80199 2.02235e+06 843519 ZonesAtSurface
3024.47 574.967 407.495 0 0 0 0 1.12975e+06 20.9371 74219.9 1.74326 2.03189e+06 1.12975e+06 ZonesAtSurface
3074.48 574.968 447.46 0 0 0 0 1.25581e+06 42.6399 103628 3.24942 2.15445e+06 1.25581e+06 ZonesAtSurface
3124.5 574.969 487.424 0 0 0 0 973440 32.5813 59541.1 2.29478 1.8969e+06 973440 ZonesAtSurface
3174.5 574.973 477.394 0 0 2 1 841744 39.0129 140311 2.80045 2.16431e+06 841744 ZonesAtSurface
3224.53 574.974 517.36 0 0 2 1 720573 19.2155 113876 1.89129 1.38449e+06 720573 ZonesAtSurface
3274.54 574.978 507.32 0 0 1 2 537954 42.6652 89791.6 1.90962 3.40067e+06 537954 ZonesAtSurface
3324.56 574.982 497.279 0 0 1 3 555937 38.4633 110917 1.5544 4.30381e+06 555937 ZonesAtSurface
3374.62 574.979 587.216 2 0 1 2 1.29245e+06 26.2398 99153.2 1.24518 4.15366e+06 1.29245e+06 ZonesAtSurface
3424.67 574.981 627.157 6 0 2 2 859202 43.9803 111994 1.54231 3.76071e+06 859202 ZonesAtSurface
3474.75 574.979 717.09 0 8 2 1 1.47484e+06 26.3227 66368.4 1.78641 2.7825e+06 1.47484e+06 ZonesAtSurface
3524.78 574.987 707.038 0 0 2 2 743624 42.0888 65337.3 1.34379 2.84897e+06 743624 ZonesAtSurface
3574.85 574.99 746.976 9 0 2 2 930553 19.7211 88362.4 1.70178 1.84758e+06 930553 ZonesAtSurface
3624.84 574.996 686.936 2 0 2 4 1.11066e+06 36.528 131590 1.01503 5.73361e+06 1.11066e+06 ZonesAtSurface
3674.93 574.994 776.844 0 0 1 3 1.15671e+06 22.166 94304.5 1.07801 3.64663e+06 1.15671e+06 ZonesAtSurface
3724.99 574.989 866.791 7 0 2 2 589430 28.5498 145603 1.12877 2.03855e+06 589430 ZonesAtSurface
3775 574.98 966.783 0 9 0 0 607931 19.1702 101601 2.49093 683531 607931 ZonesAtSurface
3825.03 574.985 876.811 0 0 2 1 1.41104e+06 29.3223 78706.7 3.26172 1.8673e+06 1.41104e+06 ZonesAtSurface
3875.07 574.985 836.861 0 0 2 1 1.48328e+06 28.227 104128 2.41222 2.29947e+06 1.48328e+06 ZonesAtSurface
3925.13 574.984 796.922 0 0 2 1 653281 33.4259 81657.9 1.65032 2.42647e+06 653281 ZonesAtSurface
3975.24 574.986 706.998 0 0 1 2 818293 40.5826 82525.6 1.75128 3.5291e+06 818293 ZonesAtSurface
4025.27 574.98 717.057 0 0 2 1 1.18633e+06 35.4478 145762 3.35263 1.79144e+06 1.18633e+06 ZonesAtSurface
4075.29 574.974 727.107 0 4 0 0 912976 25.5988 112929 2.45914 1.29072e+06 912976 ZonesAtSurface
4125.36 574.972 687.154 0 7 0 0 1.17857e+06 16.4825 122198 1.71714 1.90936e+06 1.17857e+06 ZonesAtSurface
4175.45 574.977 597.21 0 2 2 1 1.14198e+06 32.3129 54909.2 1.45222 3.32958e+06 1.14198e+06 ZonesAtSurface
4225.51 574.981 507.272 0 0 1 2 980068 35.9116 62918.4 1.74499 4.35869e+06 980068 ZonesAtSurface
4275.54 574.98 467.318 0 0 1 2 1.37587e+06 29.1276 106503 1.5396 3.50356e+06 1.37587e+06 ZonesAtSurface
4325.55 574.974 477.35 0 0 2 1 1.44784e+06 19.9565 141994 1.90082 2.34156e+06 1.44784e+06 ZonesAtSurface
4375.58 574.971 437.381 2 0 2 1 821933 21.1474 140142 1.24958 2.44624e+06 821933 ZonesAtSurface
4425.59 574.968 397.411 0 0 2 1 1.48912e+06 43.2069 50955.3 2.27473 3.37028e+06 1.48912e+06 ZonesAtSurface
4475.57 574.976 207.484 1 0 1 4 943914 25.8049 69126.5 1.2014 5.83083e+06 943914 ZonesAtSurface
4525.58 574.975 217.509 0 0 1 3 1.42627e+06 18.0879 118739 1.05044 4.81307e+06 1.42627e+06 ZonesAtSurface
4575.6 574.973 277.527 0 0 2 1 1.04602e+06 41.3654 85218 2.3417 2.44686e+06 1.04602e+06 ZonesAtSurface
4625.59 574.971 237.548 7 0 2 1 1.04451e+06 15.129 80627.2 1.09035 2.52542e+06 1.04451e+06 ZonesAtSurface
4675.55 574.972 147.573 6 0 1 2 1.22254e+06 24.233 133936 1.02923 5.02253e+06 1.22254e+06 ZonesAtSurface
4725.45 574.972 57.5871 4 0 1 3 711909 35.3666 61526 1.18556 8.70277e+06 711909 ZonesAtSurface
4775.37 574.97 17.5858 7 0 1 3 972866 35.0233 124474 1.03099 9.60358e+06 972866 ZonesAtSurface
4825.28 574.968 -22.4278 9 0 1 3 1.00172e+06 30.8426 87250.8 1.15091 1.25858e+07 1.00172e+06 ZonesAtSurface
4875.23 574.967 -12.42 0 0 1 2 1.44783e+06 44.6068 73078.6 2.11384 1.36163e+07 1.44783e+06 ZonesAtSurface
4925.2 574.964 47.7023 10 3 0 0 1.49629e+06 15.7935 90006.5 1.33532 3.10405e+06 1.49629e+06 ZonesAtSurface
74.9542 624.972 -23.8346 47 0 1 1 1.2482e+06 28.1883 127839 1.38253 4.02206e+06 1.2482e+06 ZonesAtSurface
124.831 624.974 -48.8641 49 0 1 2 947469 16.866 140617 1.08069 4.74676e+06 947469 ZonesAtSurface
174.75 624.975 -23.8431 50 11 1 2 557752 29.348 75075 1.45454 1.44246e+06 557752 ZonesAtSurface
224.681 624.975 -48.8916 22 0 1 3 852916 44.0304 106503 1.15802 1.10512e+07 852916 ZonesAtSurface
274.611 624.977 -23.8822 28 0 1 3 1.3515e+06 27.1316 89338.3 1.02297 6.00992e+06 1.3515e+06 ZonesAtSurface
324.589 624.978 -48.9143 7 0 1 4 1.11928e+06 34.1264 70799.2 1.25299 1.06925e+07 1.11928e+06 ZonesAtSurface
374.423 624.976 76.0848 10 0 2 2 991348 38.2369 124725 1.38334 3.90388e+06 991348 ZonesAtSurface
424.379 624.97 151.079 6 0 2 1 917649 34.9496 116753 2.6301 1.86569e+06 917649 ZonesAtSurface
474.367 624.966 226.073 0 0 0 0 1.42835e+06 27.1364 122010 5.20681 924924 1.42835e+06 ZonesAtSurface
524.365 624.967 251.063 0 0 0 0 502525 15.1561 114409 2.02519 861272 502525 ZonesAtSurface
574.363 624.967 276.048 0 0 0 0 915650 38.7017 61888.5 3.42897 1.5074e+06 915650 ZonesAtSurface
624.362 624.967 301.031 0 0 0 0 890333 32.9293 125695 3.55281 1.24123e+06 890333 ZonesAtSurface
674.364 624.967 326.013 0 0 0 0 729897 20.0702 90376.8 2.59338 995436 729897 ZonesAtSurface
724.368 624.966 350.994 0 0 0 0 532192 37.7533 61841 3.96031 895505 532192 ZonesAtSurface
774.374 624.966 375.972 0 0 0 0 1.06956e+06 34.9516 96719.2 5.89588 853969 1.06956e+06 ZonesAtSurface
824.382 624.966 400.948 0 0 0 0 981154 34.8859 67062.1 4.70856 973986 981154 ZonesAtSurface
874.391 624.965 425.924 0 0 0 0 668154 21.6432 69199.7 2.40915 996567 668154 ZonesAtSurface
924.403 624.965 450.898 0 0 0 0 755456 27.3787 62063.8 2.57494 1.17247e+06 755456 ZonesAtSurface
974.418 624.965 475.871 0 0 0 0 773226 18.7734 113877 1.97591 1.26147e+06 773226 ZonesAtSurface
1024.44 624.965 500.843 0 0 0 0 665145 42.0194 145055 3.87137 1.23124e+06 665145 ZonesAtSurface
1074.46 624.965 525.816 0 0 0 0 875692 25.004 60393.1 2.69152 1.26237e+06 875692 ZonesAtSurface
1124.49 624.965 550.787 0 0 0 0 1.42223e+06 30.8184 102905 4.76716 1.2734e+06 1.42223e+06 ZonesAtSurface
1174.52 624.966 575.757 0 0 0 0 938163 17.5485 121231 2.17232 1.30574e+06 938163 ZonesAtSurface
1224.56 624.966 600.724 0 0 0 0 1.26994e+06 41.2089 102443 5.80627 1.21552e+06 1.26994e+06 ZonesAtSurface
1274.6 624.967 625.689 0 0 0 0 1.35953e+06 31.261 81243 5.93865 970284 1.35953e+06 ZonesAtSurface
1324.64 624.968 650.653 0 1 0 0 1.10583e+06 24.0638 86708.6 3.94076 983099 1.10583e+06 ZonesAtSurface
1374.69 624.969 675.616 0 0 0 0 804666 37.4392 135781 6.36055 695906 804666 ZonesAtSurface
1424.73 624.97 700.581 0 0 0 0 1.41163e+06 16.3612 120600 7.45327 544372 1.41163e+06 ZonesAtSurface
1474.78 624.971 725.55 0 0 0 0 1.35462e+06 26.4876 52085.3 10 274828 1.35462e+06 ZonesAtSurface
1524.83 624.972 750.521 0 0 0 0 1.39023e+06 41.9628 86967.1 9.28216 853798 1.39023e+06 ZonesAtSurface
1574.84 624.978 725.5 0 6 2 1 1.21121e+06 20.8997 118057 1.91774 1.78825e+06 1.21121e+06 ZonesAtSurface
1624.83 624.987 650.501 7 0 2 3 534385 19.0256 92555 1.05829 2.16966e+06 534385 ZonesAtSurface
1674.86 624.99 625.498 12 0 1 4 906381 26.8754 63590.6 1.12543 3.31526e+06 906381 ZonesAtSurface
1724.91 624.989 650.471 0 6 2 4 1.17785e+06 33.8104 50540 1.26068 3.49458e+06 1.17785e+06 ZonesAtSurface
1774.96 624.991 625.467 0 0 2 5 763302 17.5491 124379 1.37405 2.04024e+06 763302 ZonesAtSurface
1825.05 624.996 600.484 1 0 1 6 1.31769e+06 17.3698 110977 1.04151 4.07488e+06 1.31769e+06 ZonesAtSurface
1875.08 624.997 725.303 0 0 2 4 901888 41.1248 80120.2 1.51629 3.93511e+06 901888 ZonesAtSurface
1925.14 624.998 750.294 0 3 2 4 1.1565e+06 17.0315 60236.9 1.97579 1.59073e+06 1.1565e+06 ZonesAtSurface
1975.24 624.999 725.351 0 1 2 5 664547 41.1209 132945 1.5251 1.78605e+06 664547 ZonesAtSurface
2025.37 624.997 687.943 0 0 2 5 1.19018e+06 29.1658 83667.4 1.23061 3.39374e+06 1.19018e+06 ZonesAtSurface
2075.54 624.997 588.079 9 0 1 5 556771 25.4223 103753 1.0609 1.77785e+06 556771 ZonesAtSurface
2125.65 624.997 438.287 6 0 1 6 1.01627e+06 16.1611 115244 1.03946 2.95332e+06 1.01627e+06 ZonesAtSurface
2175.66 624.995 338.413 5 0 1 6 1.36788e+06 44.0712 140668 1.04978 8.05346e+06 1.36788e+06 ZonesAtSurface
2225.61 624.993 238.504 6 0 1 6 1.36245e+06 28.2466 139052 1.01968 6.57829e+06 1.36245e+06 ZonesAtSurface
2275.51 624.989 138.567 6 0 1 6 601530 38.5019 96403.2 1.08503 7.07844e+06 601530 ZonesAtSurface
2325.39 624.986 38.5937 6 0 1 6 1.24774e+06 26.546 57598.7 1.27754 8.03565e+06 1.24774e+06 ZonesAtSurface
2375.32 624.984 -11.4058 5 0 1 5 576328 35.5357 127776 1.91926 8.62326e+06 576328 ZonesAtSurface
2425.29 624.981 -11.3908 39 0 1 3 615222 27.3443 113814 1.93704 3.80665e+06 615222 ZonesAtSurface
2475.2 624.98 -11.3651 37 0 1 1 1.37777e+06 37.2021 55637.7 2.58175 6.68606e+06 1.37777e+06 ZonesAtSurface
2525.05 624.977 -41.3812 27 0 1 1 1.22327e+06 33.806 54000.1 1.20851 1.56291e+07 1.22327e+06 ZonesAtSurface
2574.9 624.976 -1.33261 15 0 1 1 1.49876e+06 41.3455 126099 2.55687 8.27742e+06 1.49876e+06 ZonesAtSurface
2624.76 624.976 38.6911 4 0 1 1 1.33703e+06 28.8121 128009 1.1993 5.91933e+06 1.33703e+06 ZonesAtSurface
2674.63 624.974 78.6801 9 0 1 1 1.01064e+06 20.7706 111864 1.38693 2.79335e+06 1.01064e+06 ZonesAtSurface
2724.48 624.97 168.669 0 3 0 0 1.03825e+06 21.6574 108993 2.36128 1.43609e+06 1.03825e+06 ZonesAtSurface
2774.55 624.972 108.657 0 0 1 2 617597 19.5657 125395 1.16936 3.46993e+06 617597 ZonesAtSurface
2824.44 624.968 248.623 10 8 0 0 1.13796e+06 25.1603 87864.9 1.2799 2.95883e+06 1.13796e+06 ZonesAtSurface
2874.44 624.97 288.596 10 0 0 0 502962 24.812 93424.6 1.31393 1.3846e+06 502962 ZonesAtSurface
2924.45 624.97 328.566 0 1 0 0 1.38376e+06 29.7228 92983 2.26561 2.34365e+06 1.38376e+06 ZonesAtSurface
2974.46 624.969 368.533 0 0 0 0 1.13408e+06 19.5771 130618 1.70237 1.99532e+06 1.13408e+06 ZonesAtSurface
3024.47 624.969 408.499 0 0 0 0 1.29187e+06 40.9109 85042.4 3.1814 2.05736e+06 1.29187e+06 ZonesAtSurface
3074.48 624.97 448.464 0 0 0 0 755028 41.5184 120421 1.96765 2.1138e+06 755028 ZonesAtSurface
3124.5 624.971 488.43 0 0 0 0 1.02758e+06 20.5329 78269.3 2.04183 1.64369e+06 1.02758e+06 ZonesAtSurface
3174.5 624.975 478.4 0 0 2 1 1.09559e+06 43.4665 140647 4.21267 2.21952e+06 1.09559e+06 ZonesAtSurface
3224.53 624.975 518.367 0 1 2 1 781637 34.3139 58192.4 2.1204 1.59195e+06 781637 ZonesAtSurface
3274.53 624.979 508.324 9 0 1 2 556488 32.5217 123663 1.12302 3.71701e+06 556488 ZonesAtSurface
3324.59 624.976 598.267 0 6 2 1 1.46219e+06 30.369 132007 1.75071 2.93459e+06 1.46219e+06 ZonesAtSurface
3374.61 624.982 588.222 8 0 1 2 527977 26.8397 134944 1.05629 2.59415e+06 527977 ZonesAtSurface
3424.66 624.983 628.163 0 0 1 2 1.35971e+06 31.6763 88307.3 1.49581 4.067e+06 1.35971e+06 ZonesAtSurface
3474.75 624.982 718.099 6 8 2 1 1.20141e+06 15.2682 131999 1.3765 2.2983e+06 1.20141e+06 ZonesAtSurface
3524.82 624.985 758.046 0 9 2 1 1.20465e+06 44.1497 121384 5.1722 1.13775e+06 1.20465e+06 ZonesAtSurface
3574.8 624.993 697.986 13 0 1 3 1.31171e+06 22.8687 138633 1.0881 4.07619e+06 1.31171e+06 ZonesAtSurface
3624.86 624.994 737.913 1 0 2 3 1.21245e+06 18.2235 58942.8 1.09337 3.37063e+06 1.21245e+06 ZonesAtSurface
3674.92 624.994 777.847 7 5 1 3 1.23217e+06 33.0869 52735.4 1.25164 3.9813e+06 1.23217e+06 ZonesAtSurface
3724.99 624.99 867.794 10 0 2 2 869748 23.5137 99297.8 1.16054 2.56585e+06 869748 ZonesAtSurface
3775 624.982 967.787 0 8 0 0 1.43681e+06 37.1146 98823.3 7.36626 795656 1.43681e+06 ZonesAtSurface
3825.03 624.987 877.816 0 0 2 1 1.03979e+06 40.1795 51340.1 3.31123 1.86152e+06 1.03979e+06 ZonesAtSurface
3875.07 624.988 837.866 0 0 1 1 922044 39.8301 68460.2 2.22524 2.24258e+06 922044 ZonesAtSurface
3925.13 624.986 797.927 0 0 2 1 994278 38.2734 89791 2.12795 2.40921e+06 994278 ZonesAtSurface
3975.2 624.984 757.994 0 0 1 1 948315 37.4049 99636.7 1.65509 3.15982e+06 948315 ZonesAtSurface
4025.27 624.982 718.058 0 0 2 1 962482 35.4253 146562 1.88966 2.26389e+06 962482 ZonesAtSurface
4075.3 624.977 728.109 0 1 0 0 1.1634e+06 24.6656 122768 2.94063 1.29643e+06 1.1634e+06 ZonesAtSurface
4125.37 624.976 688.158 0 6 0 0 1.19904e+06 16.0928 138112 1.40116 2.25922e+06 1.19904e+06 ZonesAtSurface
4175.46 624.979 598.219 3 6 1 1 1.28788e+06 36.2096 65025.9 1.66146 3.77117e+06 1.28788e+06 ZonesAtSurface
4225.53 624.983 458.288 0 0 1 3 873955 36.9637 138072 1.85118 4.42333e+06 873955 ZonesAtSurface
4275.54 624.979 468.325 0 0 1 2 1.40833e+06 41.5629 145422 3.16623 3.25401e+06 1.40833e+06 ZonesAtSurface
4325.56 624.976 478.357 0 0 2 1 1.17994e+06 31.3101 114907 2.19177 2.64363e+06 1.17994e+06 ZonesAtSurface
4375.58 624.974 438.39 0 0 1 1 1.49846e+06 43.9151 106336 3.00506 3.02147e+06 1.49846e+06 ZonesAtSurface
4425.59 624.971 398.421 0 0 1 1 1.19001e+06 28.7885 106628 1.63001 2.76997e+06 1.19001e+06 ZonesAtSurface
4475.6 624.972 308.466 0 0 1 2 1.4673e+06 29.4869 72790.8 1.34186 5.15011e+06 1.4673e+06 ZonesAtSurface
4525.59 624.975 218.51 4 0 1 3 1.12072e+06 35.3425 56644.1 1.39871 5.47674e+06 1.12072e+06 ZonesAtSurface
4575.57 624.977 178.54 0 0 1 3 589452 42.7889 57926.1 1.67572 6.38855e+06 589452 ZonesAtSurface
4625.58 624.977 188.561 3 0 1 2 1.27528e+06 40.1992 85976.1 1.57223 4.46626e+06 1.27528e+06 ZonesAtSurface
4675.55 624.975 148.577 6 0 1 2 748408 31.2613 126401 1.034 4.98852e+06 748408 ZonesAtSurface
4725.45 624.972 58.5898 1 0 1 3 1.3325e+06 26.971 99484 1.03987 7.85457e+06 1.3325e+06 ZonesAtSurface
4775.44 624.97 68.6094 3 0 2 2 1.4948e+06 42.8895 68903.1 1.11083 8.39239e+06 1.4948e+06 ZonesAtSurface
4825.43 624.965 78.6148 10 1 1 1 1.24991e+06 43.0691 101718 1.0982 5.54641e+06 1.24991e+06 ZonesAtSurface
4875.23 624.969 -11.4177 0 0 1 2 1.115e+06 43.3069 66682.6 1.99517 1.2855e+07 1.115e+06 ZonesAtSurface
4925.14 624.968 -1.36708 6 0 1 1 1.09049e+06 16.181 54779.5 1.09161 6.49467e+06 1.09049e+06 ZonesAtSurface
74.9575 674.97 -22.8254 45 0 1 1 1.22494e+06 25.1771 58671.3 1.28471 3.78672e+06 1.22494e+06 ZonesAtSurface
124.832 674.972 -47.856 47 0 1 2 651770 20.941 78951.3 1.06093 4.47018e+06 651770 ZonesAtSurface
174.749 674.972 -22.8337 49 22 1 2 1.22646e+06 21.1698 82828.5 1.20869 3.11282e+06 1.22646e+06 ZonesAtSurface
224.682 674.976 -47.8846 21 0 1 3 1.38757e+06 43.9894 71943.7 1.2763 1.0653e+07 1.38757e+06 ZonesAtSurface
274.619 674.979 -22.8687 25 0 1 3 1.04945e+06 40.4451 56037.1 1.19393 5.72261e+06 1.04945e+06 ZonesAtSurface
324.587 674.978 -47.9074 7 0 1 4 1.04255e+06 39.146 94119.9 1.2546 1.14947e+07 1.04255e+06 ZonesAtSurface
374.529 674.978 -22.9123 6 0 1 4 1.08755e+06 26.4345 70833 1.05662 8.62928e+06 1.08755e+06 ZonesAtSurface
424.375 674.971 152.084 1 3 2 1 768130 28.1399 108211 2.03638 1.37451e+06 768130 ZonesAtSurface
474.365 674.968 227.078 0 10 0 0 1.26858e+06 24.9994 75202.1 3.85158 1.04052e+06 1.26858e+06 ZonesAtSurface
524.364 674.968 252.067 0 3 0 0 769964 44.3383 109575 2.95974 1.75152e+06 769964 ZonesAtSurface
574.362 674.969 277.052 0 0 0 0 737461 36.0241 85457.7 2.74444 1.51969e+06 737461 ZonesAtSurface
624.361 674.968 302.035 0 0 0 0 1.3791e+06 34.5159 104863 5.08899 1.27973e+06 1.3791e+06 ZonesAtSurface
674.362 674.968 327.017 0 0 0 0 1.09303e+06 44.4661 133854 7.1529 1.03991e+06 1.09303e+06 ZonesAtSurface
724.366 674.968 351.998 0 0 0 0 961504 30.0352 126885 4.43184 938401 961504 ZonesAtSurface
774.371 674.968 376.976 0 0 0 0 1.13685e+06 27.4878 76619.3 4.57137 936219 1.13685e+06 ZonesAtSurface
824.378 674.968 401.953 0 0 0 0 755571 44.7968 140547 4.40746 1.05485e+06 755571 ZonesAtSurface
874.387 674.967 426.928 0 0 0 0 660392 18.0708 128501 1.93757 1.10139e+06 660392 ZonesAtSurface
924.398 674.967 451.903 0 0 0 0 1.38648e+06 39.5406 109288 5.87646 1.2058e+06 1.38648e+06 ZonesAtSurface
974.414 674.967 476.877 0 0 0 0 738330 25.5512 116461 2.38476 1.24809e+06 738330 ZonesAtSurface
1024.43 674.967 501.849 0 0 0 0 959068 19.3349 96735.1 2.61583 1.22816e+06 959068 ZonesAtSurface
1074.45 674.967 526.822 0 0 0 0 1.30313e+06 39.7514 94745.8 5.66562 1.25105e+06 1.30313e+06 ZonesAtSurface
1124.48 674.968 551.794 0 0 0 0 1.46207e+06 44.4396 127547 6.795 1.32058e+06 1.46207e+06 ZonesAtSurface
1174.52 674.968 576.764 0 0 0 0 1.13748e+06 21.0486 72392.6 2.8607 1.30887e+06 1.13748e+06 ZonesAtSurface
1224.55 674.969 601.731 0 0 0 0 774714 37.8046 111942 3.27764 1.2825e+06 774714 ZonesAtSurface
1274.59 674.969 626.696 0 0 0 0 918062 26.8058 111713 3.95806 970655 918062 ZonesAtSurface
1324.64 674.97 651.66 0 1 0 0 1.40351e+06 36.6501 106227 6.82939 971529 1.40351e+06 ZonesAtSurface
1374.68 674.971 676.623 0 1 0 0 1.13778e+06 20.3857 136795 5.27373 695456 1.13778e+06 ZonesAtSurface
1424.73 674.972 701.588 0 0 0 0 1.26301e+06 15.7075 102736 6.65845 544166 1.26301e+06 ZonesAtSurface
1474.78 674.974 726.556 0 0 0 0 538081 39.7289 118092 8.15568 388146 538081 ZonesAtSurface
1524.83 674.975 751.526 0 0 0 0 668182 34.6947 148007 4.03786 795371 668182 ZonesAtSurface
1574.84 674.979 726.505 7 0 2 1 502554 43.1982 115201 1.39768 1.78942e+06 502554 ZonesAtSurface
1624.83 674.986 651.507 3 9 1 3 1.41844e+06 30.7766 127456 1.12963 4.21656e+06 1.41844e+06 ZonesAtSurface
1674.88 674.985 676.488 8 9 2 3 1.42577e+06 16.4218 122931 1.38957 2.6816e+06 1.42577e+06 ZonesAtSurface
1724.91 674.989 651.478 10 0 2 4 1.05857e+06 18.6885 102758 1.23356 2.51016e+06 1.05857e+06 ZonesAtSurface
1774.96 674.991 626.476 0 3 2 5 1.31818e+06 25.9727 51148.4 1.32753 3.3445e+06 1.31818e+06 ZonesAtSurface
1825.04 674.996 601.487 2 0 1 6 655875 34.3908 128445 1.07628 4.57792e+06 655875 ZonesAtSurface
1875.06 674.998 776.285 0 9 2 3 1.34106e+06 42.953 140365 3.27025 1.73699e+06 1.34106e+06 ZonesAtSurface
1925.17 675.001 701.328 2 2 2 5 890784 20.8457 98005.8 1.20842 2.22028e+06 890784 ZonesAtSurface
1975.3 675.001 676.394 1 1 2 6 1.13522e+06 18.1142 87696 1.06779 2.93539e+06 1.13522e+06 ZonesAtSurface
2025.3 674.996 738.929 0 6 2 4 1.42811e+06 37.3173 142005 1.73452 3.22944e+06 1.42811e+06 ZonesAtSurface
2075.57 674.998 539.137 0 0 1 6 1.03031e+06 39.3534 142295 1.03547 5.25664e+06 1.03031e+06 ZonesAtSurface
2125.65 674.996 439.288 6 0 1 6 621954 20.4095 84060.9 1.05528 2.02326e+06 621954 ZonesAtSurface
2175.67 674.997 339.413 5 0 1 6 1.37593e+06 26.988 124041 1.03745 5.2877e+06 1.37593e+06 ZonesAtSurface
2225.61 674.995 239.508 6 0 1 6 1.47918e+06 33.401 119826 1.03274 6.85327e+06 1.47918e+06 ZonesAtSurface
2275.51 674.991 139.573 6 0 1 6 950136 20.0539 132657 1.07105 4.99467e+06 950136 ZonesAtSurface
2325.46 674.987 89.5938 10 0 1 5 1.44838e+06 18.6857 104054 1.00413 3.92966e+06 1.44838e+06 ZonesAtSurface
2375.32 674.985 -10.4031 0 0 1 5 649072 44.0003 71439.6 2.95977 8.52835e+06 649072 ZonesAtSurface
2425.29 674.985 -10.3879 39 0 1 3 518691 33.599 126423 1.94301 4.92177e+06 518691 ZonesAtSurface
2475.2 674.983 -10.3593 36 0 1 1 602829 44.4673 120202 3.35328 5.54349e+06 602829 ZonesAtSurface
2525.05 674.983 -40.3724 24 0 1 1 664995 39.1253 85713.5 1.24092 1.55259e+07 664995 ZonesAtSurface
2574.91 674.988 -0.318576 43 0 1 1 1.03558e+06 34.107 113085 1.25702 8.33363e+06 1.03558e+06 ZonesAtSurface
2624.85 674.98 -10.3454 13 0 1 2 732930 21.522 127768 1.04996 8.48705e+06 732930 ZonesAtSurface
2674.62 674.975 79.681 1 0 2 1 1.29773e+06 17.6849 99316.1 1.41017 2.8094e+06 1.29773e+06 ZonesAtSurface
2724.48 674.97 169.67 0 3 0 0 1.17626e+06 19.0345 138027 2.31376 1.43941e+06 1.17626e+06 ZonesAtSurface
2774.49 674.973 159.665 0 0 1 1 1.48285e+06 40.263 72394.7 1.52635 5.2844e+06 1.48285e+06 ZonesAtSurface
2824.49 674.974 149.643 6 0 1 2 1.20478e+06 18.8082 60813.1 1.06865 4.71199e+06 1.20478e+06 ZonesAtSurface
2874.44 674.973 239.605 0 0 2 1 1.0311e+06 26.9417 75957.1 1.33916 3.3602e+06 1.0311e+06 ZonesAtSurface
2924.44 674.973 279.575 0 0 1 1 1.24107e+06 31.7908 71493.6 1.69538 3.6493e+06 1.24107e+06 ZonesAtSurface
2974.45 674.97 369.536 0 5 0 0 1.04014e+06 29.081 64944.5 2.20073 1.8979e+06 1.04014e+06 ZonesAtSurface
3024.46 674.97 409.504 0 0 0 0 700816 27.0449 88751.1 1.30904 1.97218e+06 700816 ZonesAtSurface
3074.48 674.971 449.469 0 0 0 0 859489 26.3106 129376 1.46164 2.02832e+06 859489 ZonesAtSurface
3124.49 674.972 489.437 0 0 0 0 1.06498e+06 26.3152 76491.6 3.27807 1.24911e+06 1.06498e+06 ZonesAtSurface
3174.5 674.976 479.406 0 0 1 1 1.32011e+06 43.2043 76551.5 4.21232 2.34724e+06 1.32011e+06 ZonesAtSurface
3224.52 674.977 519.373 0 2 2 1 1.02662e+06 27.1863 144278 2.07018 1.6582e+06 1.02662e+06 ZonesAtSurface
3274.53 674.981 509.329 10 0 1 2 1.43316e+06 20.0239 74449.2 1.17188 4.22601e+06 1.43316e+06 ZonesAtSurface
3324.59 674.98 599.276 0 8 2 1 792533 44.4408 70754.4 1.74237 2.25098e+06 792533 ZonesAtSurface
3374.59 674.985 539.237 0 0 1 3 976635 44.692 98060.7 1.63506 5.23848e+06 976635 ZonesAtSurface
3424.68 674.982 679.158 4 9 2 1 1.38952e+06 22.157 130638 1.59681 2.54948e+06 1.38952e+06 ZonesAtSurface
3474.71 674.986 669.11 3 0 1 2 639766 37.8802 132359 1.19493 3.0486e+06 639766 ZonesAtSurface
3524.78 674.988 709.055 0 0 2 2 1.40669e+06 20.5882 55177.4 2.47297 2.0199e+06 1.40669e+06 ZonesAtSurface
3574.8 674.992 698.991 13 0 1 3 731636 16.2638 127832 1.13347 2.47811e+06 731636 ZonesAtSurface
3624.9 674.992 788.913 9 0 1 2 533928 26.9989 87659.4 1.26622 1.48163e+06 533928 ZonesAtSurface
3674.92 674.994 778.851 10 0 1 3 1.16816e+06 25.2102 110898 1.17996 3.64427e+06 1.16816e+06 ZonesAtSurface
3724.98 674.993 818.804 0 0 1 3 1.12598e+06 15.4842 79239.4 1.25524 2.77567e+06 1.12598e+06 ZonesAtSurface
3775.01 674.987 918.795 0 0 2 1 1.47358e+06 23.2706 130506 4.87684 1.04039e+06 1.47358e+06 ZonesAtSurface
3825.03 674.989 878.823 0 4 2 1 1.40421e+06 27.3753 87847.4 2.72098 1.84586e+06 1.40421e+06 ZonesAtSurface
3875.07 674.989 838.874 10 0 2 1 719279 21.5612 64376.1 1.52351 1.8145e+06 719279 ZonesAtSurface
3925.13 674.988 798.934 0 0 2 1 676366 43.3681 125445 2.59945 1.95278e+06 676366 ZonesAtSurface
3975.15 674.983 808.993 0 9 0 0 1.23464e+06 41.6539 92337.2 2.97702 2.19612e+06 1.23464e+06 ZonesAtSurface
4025.27 674.984 719.06 0 0 1 1 1.04868e+06 19.8488 90774.5 1.2869 2.70563e+06 1.04868e+06 ZonesAtSurface
4075.3 674.979 729.112 0 3 0 0 1.09251e+06 42.6793 88125.1 3.69354 1.6244e+06 1.09251e+06 ZonesAtSurface
4125.41 674.982 639.171 0 4 2 1 1.42225e+06 37.6225 54850.4 1.97106 3.54719e+06 1.42225e+06 ZonesAtSurface
4175.48 674.982 549.237 9 0 1 2 686108 40.2308 83154.5 1.30158 4.37777e+06 686108 ZonesAtSurface
4225.52 674.979 509.288 5 0 2 2 1.0834e+06 15.6458 99631.7 1.14555 3.19959e+06 1.0834e+06 ZonesAtSurface
4275.54 674.974 519.325 0 0 2 1 1.28404e+06 28.9477 113057 1.82154 2.95532e+06 1.28404e+06 ZonesAtSurface
4325.57 674.98 429.367 4 0 1 2 717194 31.4339 139624 1.46751 3.31942e+06 717194 ZonesAtSurface
4375.58 674.975 439.397 0 0 2 1 1.16748e+06 32.6532 141640 2.2806 2.65321e+06 1.16748e+06 ZonesAtSurface
4425.6 674.973 399.427 0 0 2 1 1.24039e+06 32.6982 63280 2.23198 2.42345e+06 1.24039e+06 ZonesAtSurface
4475.61 674.972 359.456 0 4 2 1 1.25496e+06 38.1596 117808 1.5632 3.61605e+06 1.25496e+06 ZonesAtSurface
4525.59 674.976 219.512 3 0 1 3 1.1292e+06 32.3795 143142 1.21191 5.729e+06 1.1292e+06 ZonesAtSurface
4575.58 674.977 179.543 0 0 1 3 882207 40.8382 92887.1 1.62568 6.47227e+06 882207 ZonesAtSurface
4625.55 674.977 139.567 0 0 1 3 1.32533e+06 40.2482 131206 2.02655 6.45182e+06 1.32533e+06 ZonesAtSurface
4675.56 674.977 149.582 7 0 1 2 1.47827e+06 32.8888 125622 1.09984 6.04411e+06 1.47827e+06 ZonesAtSurface
4725.45 674.974 59.5918 0 0 1 3 817355 22.0339 118138 1.01942 6.0753e+06 817355 ZonesAtSurface
4775.44 674.976 69.6119 7 0 1 2 719443 24.9835 132315 1.13668 4.7955e+06 719443 ZonesAtSurface
4825.28 674.972 -20.4196 0 0 1 3 1.1208e+06 35.1648 126640 1.43274 1.30294e+07 1.1208e+06 ZonesAtSurface
4875.29 674.971 39.6442 5 0 1 1 1.34011e+06 23.99 66901.3 1.26606 5.52795e+06 1.34011e+06 ZonesAtSurface
4925.14 674.969 -0.365712 16 0 1 1 1.27558e+06 22.7257 53744.9 1.06428 9.15378e+06 1.27558e+06 ZonesAtSurface
74.9531 724.969 -21.8243 46 0 1 1 1.21681e+06 26.4169 117217 1.23388 4.24977e+06 1.21681e+06 ZonesAtSurface
124.83 724.972 -46.8594 35 0 1 2 650156 29.0863 146345 1.04621 6.36777e+06 650156 ZonesAtSurface
174.751 724.972 -21.8311 46 9 1 2 761167 31.3128 59342.1 1.21929 2.35966e+06 761167 ZonesAtSurface
224.683 724.974 -46.8743 23 0 1 3 1.19292e+06 39.6524 146468 1.06289 8.44718e+06 1.19292e+06 ZonesAtSurface
274.623 724.975 -21.8562 36 0 1 3 1.04242e+06 19.7677 71904.8 1.34158 2.53922e+06 1.04242e+06 ZonesAtSurface
324.584 724.976 -46.9034 8 0 1 4 748268 39.0148 82793.9 1.11186 1.13691e+07 748268 ZonesAtSurface
374.525 724.976 -21.9091 3 0 1 4 604020 31.4852 78385 1.0838 7.98747e+06 604020 ZonesAtSurface
424.372 724.97 153.087 0 7 2 1 1.45529e+06 33.8928 74400.8 3.2548 1.75747e+06 1.45529e+06 ZonesAtSurface
474.364 724.969 228.082 0 1 0 0 727338 15.9583 105921 2.3954 828840 727338 ZonesAtSurface
524.363 724.97 253.071 2 0 0 0 605298 33.2877 100494 2.08293 1.58481e+06 605298 ZonesAtSurface
574.36 724.97 278.056 0 0 0 0 810919 40.2152 66808 3.41517 1.52117e+06 810919 ZonesAtSurface
624.359 724.97 303.039 0 0 0 0 1.45648e+06 31.8743 108825 4.71056 1.31579e+06 1.45648e+06 ZonesAtSurface
674.36 724.97 328.021 0 0 0 0 828734 20.586 54070.7 2.62717 1.09445e+06 828734 ZonesAtSurface
724.363 724.97 353.002 0 0 0 0 509009 25.5397 75596.7 2.31801 967719 509009 ZonesAtSurface
774.368 724.97 377.98 0 2 0 0 861061 19.0365 115753 2.72137 986143 861061 ZonesAtSurface
824.375 724.97 402.957 0 0 0 0 524214 36.409 100974 2.60356 1.09126e+06 524214 ZonesAtSurface
874.384 724.969 427.933 0 0 0 0 625553 24.6561 125929 2.24065 1.09787e+06 625553 ZonesAtSurface
924.394 724.969 452.908 0 0 0 0 947069 26.2316 132955 3.12125 1.16422e+06 947069 ZonesAtSurface
974.409 724.969 477.882 0 0 0 0 1.47568e+06 16.7371 69726.6 3.32969 1.29447e+06 1.47568e+06 ZonesAtSurface
1024.43 724.969 502.856 0 0 0 0 1.28579e+06 42.8566 112331 5.75596 1.29797e+06 1.28579e+06 ZonesAtSurface
1074.45 724.969 527.828 0 0 0 0 1.37909e+06 28.2905 142804 3.99275 1.32688e+06 1.37909e+06 ZonesAtSurface
1124.48 724.97 552.799 0 0 0 0 1.35156e+06 27.2653 98591.4 4.0242 1.29351e+06 1.35156e+06 ZonesAtSurface
1174.51 724.97 577.77 0 0 0 0 1.49771e+06 22.1352 64880.9 3.57854 1.35723e+06 1.49771e+06 ZonesAtSurface
1224.55 724.971 602.737 0 0 0 0 1.18761e+06 42.0777 74598.3 5.05818 1.30416e+06 1.18761e+06 ZonesAtSurface
1274.59 724.972 627.703 0 0 0 0 1.11986e+06 38.2493 113829 6.42777 963865 1.11986e+06 ZonesAtSurface
1324.64 724.973 652.667 0 3 0 0 850935 43.2578 108336 5.79512 942329 850935 ZonesAtSurface
1374.68 724.973 677.629 0 4 0 0 1.03548e+06 42.1958 105048 8.72351 733307 1.03548e+06 ZonesAtSurface
1424.73 724.974 702.594 0 3 0 0 692037 30.9637 134434 5.95053 551764 692037 ZonesAtSurface
1474.78 724.975 727.561 0 5 0 0 781604 31.1233 51402.5 8.99914 388621 781604 ZonesAtSurface
1524.82 724.977 752.531 0 9 0 0 961434 22.6422 105038 5.59251 547526 961434 ZonesAtSurface
1574.87 724.978 777.503 0 9 0 0 1.10475e+06 18.1073 129958 2.94817 1.10648e+06 1.10475e+06 ZonesAtSurface
1624.86 724.984 702.494 1 0 2 2 762983 33.6186 140029 1.11968 3.12055e+06 762983 ZonesAtSurface
1674.86 724.989 627.507 0 0 2 4 888074 15.5884 140112 1.0887 2.9616e+06 888074 ZonesAtSurface
1724.91 724.989 652.482 5 0 2 4 734299 43.3493 140293 1.06301 3.30371e+06 734299 ZonesAtSurface
1774.96 724.992 627.483 10 0 2 5 669168 44.5366 98788.1 1.11748 3.62897e+06 669168 ZonesAtSurface
1825.03 724.996 602.489 3 0 1 6 1.22611e+06 27.9303 130047 1.08088 4.87012e+06 1.22611e+06 ZonesAtSurface
1875.08 724.997 727.323 9 0 2 4 533694 34.1521 55569.9 1.26771 2.02302e+06 533694 ZonesAtSurface
1925.21 724.998 652.401 0 0 2 6 609429 16.335 66483.3 1.0099 2.23605e+06 609429 ZonesAtSurface
1975.24 724.998 727.354 0 5 2 5 648020 24.5949 104360 1.32381 1.41628e+06 648020 ZonesAtSurface
2025.38 724.999 689.95 0 2 2 5 1.20453e+06 36.1237 52475 1.35101 3.80109e+06 1.20453e+06 ZonesAtSurface
2075.55 724.999 590.085 10 0 1 5 1.27439e+06 21.0262 135436 1.01723 3.81007e+06 1.27439e+06 ZonesAtSurface
2125.66 724.997 440.289 4 0 1 6 742558 37.2174 119294 1.08053 4.06459e+06 742558 ZonesAtSurface
2175.67 724.997 340.412 6 0 1 6 636936 40.1908 103698 1.03766 3.70091e+06 636936 ZonesAtSurface
2225.61 724.996 240.512 6 0 1 6 517043 15.5928 77937.1 1.06 2.4988e+06 517043 ZonesAtSurface
2275.51 724.992 140.579 6 0 1 6 1.3991e+06 44.6284 51754 1.13294 9.05622e+06 1.3991e+06 ZonesAtSurface
2325.46 724.99 90.5963 10 0 1 5 502881 40.8663 51153.3 0.975034 2.54554e+06 502881 ZonesAtSurface
2375.32 724.987 -9.40075 12 0 1 5 631132 29.2277 135605 1.62493 8.04933e+06 631132 ZonesAtSurface
2425.3 724.987 -9.38439 39 0 1 3 1.16679e+06 24.6391 125796 1.75436 4.76185e+06 1.16679e+06 ZonesAtSurface
2475.21 724.986 -9.35329 39 0 1 1 568046 40.8176 76765.6 2.66502 4.492e+06 568046 ZonesAtSurface
2525.07 724.985 -39.3555 29 0 1 1 1.04173e+06 38.1849 147989 1.1771 1.23508e+07 1.04173e+06 ZonesAtSurface
2574.97 724.982 -49.3685 29 0 1 2 1.31449e+06 29.871 120654 1.04243 1.36545e+07 1.31449e+06 ZonesAtSurface
2624.84 724.982 -9.33768 12 0 1 2 1.30414e+06 23.2716 131321 1.1277 8.947e+06 1.30414e+06 ZonesAtSurface
2674.61 724.976 80.6845 4 0 2 1 585429 42.9673 90584.7 1.25803 3.3878e+06 585429 ZonesAtSurface
2724.48 724.972 170.675 0 0 0 0 1.0841e+06 31.2761 67056.3 2.28336 1.99204e+06 1.0841e+06 ZonesAtSurface
2774.49 724.974 160.67 5 0 1 1 1.06435e+06 23.9977 72578.7 1.37084 3.58922e+06 1.06435e+06 ZonesAtSurface
2824.49 724.975 150.646 3 0 1 2 817500 17.3046 148827 1.117 3.74571e+06 817500 ZonesAtSurface
2874.44 724.97 290.605 8 4 0 0 521889 29.2739 133916 3.22377 788392 521889 ZonesAtSurface
2924.44 724.973 280.58 0 0 1 1 1.3907e+06 40.9834 73847.3 2.27649 3.78937e+06 1.3907e+06 ZonesAtSurface
2974.45 724.971 370.54 0 2 0 0 1.12974e+06 43.2275 109477 3.4654 1.93977e+06 1.12974e+06 ZonesAtSurface
3024.46 724.972 410.508 0 0 0 0 1.38082e+06 35.8845 105648 3.20365 1.88514e+06 1.38082e+06 ZonesAtSurface
3074.47 724.973 450.474 6 0 0 0 611804 34.3317 130054 1.52364 1.89191e+06 611804 ZonesAtSurface
3124.49 724.973 490.443 0 0 0 0 850679 26.5603 97634.2 3.48919 950532 850679 ZonesAtSurface
3174.49 724.978 480.413 0 0 1 1 537707 41.445 131489 2.32369 2.25471e+06 537707 ZonesAtSurface
3224.52 724.978 520.38 0 8 2 1 1.40795e+06 18.841 75062 3.03823 1.35902e+06 1.40795e+06 ZonesAtSurface
3274.53 724.982 510.334 26 0 1 2 623491 38.479 144917 1.08487 4.01925e+06 623491 ZonesAtSurface
3324.56 724.984 550.288 3 0 2 2 1.14986e+06 25.267 140850 1.31357 3.09606e+06 1.14986e+06 ZonesAtSurface
3374.59 724.986 540.242 13 0 1 3 1.36562e+06 17.1308 136501 1.02121 4.48234e+06 1.36562e+06 ZonesAtSurface
3424.65 724.985 630.169 8 0 1 2 688472 30.1115 114463 1.1108 3.78727e+06 688472 ZonesAtSurface
3474.75 724.984 720.112 10 9 2 1 594778 31.5177 104513 2.02463 1.32439e+06 594778 ZonesAtSurface
3524.77 724.988 710.059 0 1 2 2 1.04789e+06 32.0983 106523 2.28209 2.02958e+06 1.04789e+06 ZonesAtSurface
3574.84 724.989 749.993 0 10 1 2 1.38871e+06 35.83 116407 2.37054 2.90031e+06 1.38871e+06 ZonesAtSurface
3624.86 724.992 739.924 4 0 1 3 1.08993e+06 34.7009 117680 1.36572 3.88047e+06 1.08993e+06 ZonesAtSurface
3674.92 724.993 779.855 3 0 1 3 1.02217e+06 39.8452 128331 1.60086 3.85417e+06 1.02217e+06 ZonesAtSurface
3724.99 724.99 869.801 5 0 2 2 785980 42.4829 136481 1.53926 2.55894e+06 785980 ZonesAtSurface
3775.01 724.989 919.801 0 7 2 1 953945 20.6373 77713.3 4.44892 756961 953945 ZonesAtSurface
3825.06 724.993 829.83 0 0 2 2 818243 40.4702 104009 2.7232 2.10009e+06 818243 ZonesAtSurface
3875.07 724.99 839.88 0 7 2 1 958593 43.6157 100486 4.20548 1.78574e+06 958593 ZonesAtSurface
3925.08 724.987 849.939 3 3 0 0 801558 33.1625 69477.9 4.64208 734763 801558 ZonesAtSurface
3975.15 724.986 809.997 0 2 0 0 908520 38.7006 75578.9 2.87493 1.58438e+06 908520 ZonesAtSurface
4025.23 724.984 770.057 0 4 0 0 1.06754e+06 44.0936 80551.2 2.40657 2.36183e+06 1.06754e+06 ZonesAtSurface
4075.31 724.981 730.114 0 10 0 0 1.12479e+06 39.9348 90328.4 2.80396 1.96881e+06 1.12479e+06 ZonesAtSurface
4125.41 724.982 640.178 0 6 1 1 1.49903e+06 31.2843 111751 1.79254 3.62587e+06 1.49903e+06 ZonesAtSurface
4175.5 724.986 500.253 2 0 1 3 680248 28.6201 145183 1.21073 4.07227e+06 680248 ZonesAtSurface
4225.51 724.978 560.29 0 8 2 1 1.26134e+06 39.8819 123155 2.92571 2.25669e+06 1.26134e+06 ZonesAtSurface
4275.55 724.98 470.332 0 0 1 2 935565 38.4999 82508.1 2.23018 3.67217e+06 935565 ZonesAtSurface
4325.56 724.976 480.367 0 0 1 1 1.46847e+06 38.6899 85253.9 3.34258 2.61294e+06 1.46847e+06 ZonesAtSurface
4375.57 724.972 490.399 0 3 0 0 1.23918e+06 40.0584 136208 3.36771 1.63265e+06 1.23918e+06 ZonesAtSurface
4425.59 724.971 450.426 0 6 0 0 1.29016e+06 19.6321 90335.2 2.73445 1.46986e+06 1.29016e+06 ZonesAtSurface
4475.6 724.97 410.45 0 0 0 0 1.21537e+06 22.4363 140501 2.9268 1.34931e+06 1.21537e+06 ZonesAtSurface
4525.61 724.976 270.504 8 0 2 2 1.1778e+06 36.8719 58837 1.24663 5.28013e+06 1.1778e+06 ZonesAtSurface
4575.58 724.978 180.544 0 0 1 3 1.49309e+06 40.5952 69344 2.00302 6.33532e+06 1.49309e+06 ZonesAtSurface
4625.58 724.978 190.568 7 0 2 2 827657 18.3475 125930 1.12058 2.63573e+06 827657 ZonesAtSurface
4675.51 724.977 100.587 0 0 1 3 775445 43.1296 79297.8 1.76711 7.66412e+06 775445 ZonesAtSurface
4725.52 724.978 110.6 9 0 1 2 950599 43.8216 100924 1.02068 6.42129e+06 950599 ZonesAtSurface
4775.37 724.974 20.5949 10 0 1 3 730857 35.4064 130983 1.06304 1.08351e+07 730857 ZonesAtSurface
4825.28 724.974 -19.4156 4 0 1 3 614902 24.2482 70757 1.01797 1.03926e+07 614902 ZonesAtSurface
4875.22 724.973 -9.39752 9 0 1 2 1.36216e+06 19.6623 71998.4 1.01553 9.31678e+06 1.36216e+06 ZonesAtSurface
4925.21 724.973 50.701 8 0 0 0 1.12738e+06 26.4808 105723 1.21969 7.26289e+06 1.12738e+06 ZonesAtSurface
74.9466 774.97 -20.8271 36 0 1 1 955783 20.3429 142798 1.20152 3.62583e+06 955783 ZonesAtSurface
124.826 774.972 -45.8637 41 0 1 2 957353 21.4512 113200 1.07705 5.79493e+06 957353 ZonesAtSurface
174.753 774.971 -20.8315 40 6 1 2 679092 42.9219 98320.5 1.2316 3.02431e+06 679092 ZonesAtSurface
224.682 774.971 -45.8702 24 0 1 3 803606 36.6003 70765.8 1.02266 6.72168e+06 803606 ZonesAtSurface
274.609 774.968 -20.8608 36 0 1 3 1.43756e+06 16.501 60676.1 1.25131 3.93269e+06 1.43756e+06 ZonesAtSurface
324.582 774.974 -45.9017 22 0 1 4 766674 20.613 129933 1.02356 7.28832e+06 766674 ZonesAtSurface
374.411 774.967 79.0941 7 10 1 2 1.37472e+06 42.3811 141910 2.16563 3.48914e+06 1.37472e+06 ZonesAtSurface
424.375 774.971 154.093 0 0 2 1 866133 32.9221 116313 1.96989 2.26226e+06 866133 ZonesAtSurface
474.364 774.97 229.086 0 4 0 0 1.3516e+06 36.2715 120256 3.80641 1.46468e+06 1.3516e+06 ZonesAtSurface
524.361 774.972 254.074 0 0 0 0 733424 33.0001 53544.7 2.19847 1.71324e+06 733424 ZonesAtSurface
574.358 774.972 279.059 0 0 0 0 939454 33.7446 86033.2 3.0135 1.55853e+06 939454 ZonesAtSurface
624.357 774.972 304.042 0 0 0 0 1.45342e+06 35.4802 120947 5.24185 1.3315e+06 1.45342e+06 ZonesAtSurface
674.358 774.972 329.024 0 0 0 0 993503 23.8845 87720.7 3.30531 1.11655e+06 993503 ZonesAtSurface
724.361 774.972 354.005 0 0 0 0 906150 22.1687 148020 3.34686 975264 906150 ZonesAtSurface
774.366 774.972 378.984 0 0 0 0 613309 23.4131 65938.8 2.42258 965202 613309 ZonesAtSurface
824.372 774.971 403.961 0 0 0 0 831752 28.9482 132011 2.89547 1.1348e+06 831752 ZonesAtSurface
874.38 774.971 428.937 0 0 0 0 884347 23.2184 54266.7 3.02756 1.08017e+06 884347 ZonesAtSurface
924.391 774.971 453.913 0 0 0 0 1.22557e+06 16.1509 93070.8 3.19872 1.11393e+06 1.22557e+06 ZonesAtSurface
974.405 774.97 478.887 0 0 0 0 966494 20.1084 126383 2.35494 1.32162e+06 966494 ZonesAtSurface
1024.42 774.971 503.861 0 0 0 0 1.11818e+06 32.3733 53194.3 3.61119 1.37345e+06 1.11818e+06 ZonesAtSurface
1074.45 774.971 528.833 0 0 0 0 840423 23.4857 69959.1 2.21485 1.40023e+06 840423 ZonesAtSurface
1124.47 774.972 553.804 0 0 0 0 588918 17.3536 80962.9 1.59499 1.27146e+06 588918 ZonesAtSurface
1174.51 774.972 578.775 0 0 0 0 1.33585e+06 29.0105 85435.4 3.61942 1.37937e+06 1.33585e+06 ZonesAtSurface
1224.55 774.973 603.743 0 0 0 0 641664 29.9797 103239 2.32963 1.22377e+06 641664 ZonesAtSurface
1274.59 774.974 628.709 0 0 0 0 1.38966e+06 17.0007 81048.6 4.22458 971158 1.38966e+06 ZonesAtSurface
1324.63 774.974 653.673 0 4 0 0 707909 19.9992 149386 2.56587 907046 707909 ZonesAtSurface
1374.68 774.975 678.636 0 2 0 0 1.33416e+06 32.7058 137754 7.69717 757031 1.33416e+06 ZonesAtSurface
1424.72 774.975 703.6 0 0 0 0 1.31529e+06 18.3496 81345.5 7.06866 575671 1.31529e+06 ZonesAtSurface
1474.78 774.977 728.566 0 0 0 0 1.04746e+06 39.0125 93926.6 10 456747 1.04746e+06 ZonesAtSurface
1524.82 774.979 753.536 0 0 0 0 1.24774e+06 24.801 105395 8.94753 468427 1.24774e+06 ZonesAtSurface
1574.87 774.98 778.508 0 2 0 0 1.03474e+06 41.7368 139714 5.93664 697913 1.03474e+06 ZonesAtSurface
1624.86 774.986 703.495 0 8 2 2 1.39516e+06 29.0962 81462.7 1.51237 3.25918e+06 1.39516e+06 ZonesAtSurface
1674.86 774.99 628.51 4 0 1 4 1.20647e+06 25.4891 131010 1.0296 4.05081e+06 1.20647e+06 ZonesAtSurface
1724.91 774.989 653.485 3 0 2 4 937440 39.2528 104266 1.08493 4.36065e+06 937440 ZonesAtSurface
1774.96 774.994 578.522 0 0 1 6 1.25942e+06 42.7019 112238 1.33708 6.71363e+06 1.25942e+06 ZonesAtSurface
1825.02 774.996 603.489 1 0 1 6 1.16914e+06 21.272 119185 1.135 3.49056e+06 1.16914e+06 ZonesAtSurface
1875.09 774.997 678.377 5 0 1 5 589563 27.8099 86458.3 1.17477 2.00877e+06 589563 ZonesAtSurface
1925.17 774.997 703.337 0 3 2 5 953218 21.1491 124995 1.16667 2.32233e+06 953218 ZonesAtSurface
1975.24 774.997 728.358 0 4 2 5 1.46063e+06 28.0154 89450.9 1.67427 2.85909e+06 1.46063e+06 ZonesAtSurface
2025.38 775 690.954 0 5 2 5 1.05993e+06 42.5869 63261.5 1.39995 3.75956e+06 1.05993e+06 ZonesAtSurface
2075.58 774.999 541.141 4 0 1 6 539075 42.2134 57073.7 1.0283 3.11549e+06 539075 ZonesAtSurface
2125.66 774.998 441.292 6 0 1 6 1.01567e+06 28.5129 76582.2 1.05206 4.31654e+06 1.01567e+06 ZonesAtSurface
2175.67 774.996 341.414 4 0 1 6 637588 36.604 99587.7 1.01829 4.23267e+06 637588 ZonesAtSurface
2225.62 774.995 241.515 6 0 1 6 914084 20.455 74143.3 1.07364 3.46439e+06 914084 ZonesAtSurface
2275.51 774.992 141.583 6 0 1 6 1.16946e+06 36.8704 116377 1.10595 7.39773e+06 1.16946e+06 ZonesAtSurface
2325.39 774.99 41.6042 4 0 1 6 1.41724e+06 20.4212 140867 1.09858 7.5838e+06 1.41724e+06 ZonesAtSurface
2375.33 774.988 -8.39679 17 0 1 5 1.37133e+06 20.6317 119928 1.29474 7.89378e+06 1.37133e+06 ZonesAtSurface
2425.3 774.987 -8.38129 39 0 1 3 934595 22.5092 129919 1.84128 3.85258e+06 934595 ZonesAtSurface
2475.23 774.987 -8.3483 41 0 1 1 952504 33.8576 73991.9 1.70136 4.25074e+06 952504 ZonesAtSurface
2525.09 774.984 -38.336 30 0 1 1 526369 24.2299 62902.7 1.21776 4.89139e+06 526369 ZonesAtSurface
2574.97 774.982 -48.3656 30 0 1 2 1.22069e+06 22.9865 66422.9 1.03471 1.08235e+07 1.22069e+06 ZonesAtSurface
2624.83 774.98 -8.33449 11 0 1 2 1.47212e+06 28.211 88145.4 1.18624 8.56883e+06 1.47212e+06 ZonesAtSurface
2674.7 774.979 31.6766 0 0 1 2 1.09596e+06 19.1138 88089.8 1.05663 4.22503e+06 1.09596e+06 ZonesAtSurface
2724.47 774.973 171.679 1 1 0 0 537132 25.2685 139743 1.98753 931324 537132 ZonesAtSurface
2774.44 774.972 211.666 8 0 0 0 628186 31.9685 119708 1.6197 1.88151e+06 628186 ZonesAtSurface
2824.45 774.974 201.642 0 0 1 1 674869 20.0308 132073 1.11837 2.6921e+06 674869 ZonesAtSurface
2874.43 774.972 291.608 0 6 0 0 1.33663e+06 39.6509 65532.9 3.82826 1.63983e+06 1.33663e+06 ZonesAtSurface
2924.44 774.971 331.579 0 3 0 0 1.40493e+06 18.3132 58008.9 1.73876 2.35459e+06 1.40493e+06 ZonesAtSurface
2974.45 774.972 371.545 0 0 0 0 1.31636e+06 17.0232 112340 1.79116 2.07277e+06 1.31636e+06 ZonesAtSurface
3024.46 774.973 411.511 0 0 0 0 905022 28.3077 66193.3 1.95685 1.86952e+06 905022 ZonesAtSurface
3074.47 774.974 451.478 0 0 0 0 793994 35.0116 101021 2.10821 1.75231e+06 793994 ZonesAtSurface
3124.49 774.975 491.448 0 0 0 0 1.30131e+06 37.5835 120975 7.15051 915987 1.30131e+06 ZonesAtSurface
3174.49 774.979 481.417 0 0 2 1 952566 17.2648 96838.5 1.47837 2.1789e+06 952566 ZonesAtSurface
3224.52 774.981 521.386 0 7 1 1 856788 42.3961 125519 4.24325 1.0747e+06 856788 ZonesAtSurface
3274.53 774.984 511.34 0 0 1 2 1.46491e+06 33.5081 77105.2 1.54303 4.46032e+06 1.46491e+06 ZonesAtSurface
3324.56 774.984 551.292 10 0 1 2 528888 40.3783 136989 1.30971 2.9768e+06 528888 ZonesAtSurface
3374.58 774.987 541.246 12 0 1 3 1.01134e+06 16.709 63813.1 1.02641 3.6671e+06 1.01134e+06 ZonesAtSurface
3424.68 774.984 681.164 5 8 2 1 1.02597e+06 31.1727 90817.4 1.4612 2.48051e+06 1.02597e+06 ZonesAtSurface
3474.75 774.986 721.115 0 7 2 1 1.21145e+06 27.4762 89757.3 3.02412 1.47392e+06 1.21145e+06 ZonesAtSurface
3524.77 774.989 711.062 0 0 2 2 1.07819e+06 36.1878 106733 2.90271 2.16367e+06 1.07819e+06 ZonesAtSurface
3574.79 774.992 701.001 1 0 2 3 602495 18.0649 78090.8 1.15775 2.08404e+06 602495 ZonesAtSurface
3624.86 774.993 740.929 0 0 2 3 1.44919e+06 40.9601 73493.7 1.80479 4.05228e+06 1.44919e+06 ZonesAtSurface
3674.92 774.993 780.859 2 0 1 3 965610 36.1372 53945 1.12082 3.82419e+06 965610 ZonesAtSurface
3724.99 774.991 870.803 0 0 2 2 1.30254e+06 20.9777 126668 1.66026 2.46714e+06 1.30254e+06 ZonesAtSurface
3775.02 774.992 870.801 0 0 2 2 1.47467e+06 16.9478 50065.4 3.22553 1.41148e+06 1.47467e+06 ZonesAtSurface
3825.03 774.992 880.834 0 10 2 1 1.08122e+06 28.6643 66128.1 3.15113 1.6264e+06 1.08122e+06 ZonesAtSurface
3875.07 774.992 840.884 9 0 2 1 683936 33.3924 132820 2.93071 1.48495e+06 683936 ZonesAtSurface
3925.08 774.988 850.943 9 9 0 0 781334 17.4792 74342 4.53264 543285 781334 ZonesAtSurface
3975.15 774.988 811.002 0 0 0 0 779990 25.7766 58683.1 2.20361 1.38871e+06 779990 ZonesAtSurface
4025.23 774.986 771.061 0 0 0 0 1.37847e+06 37.983 52559.8 3.22247 1.9816e+06 1.37847e+06 ZonesAtSurface
4075.31 774.984 731.117 0 2 0 0 1.45673e+06 26.4546 67087.9 2.27914 2.26206e+06 1.45673e+06 ZonesAtSurface
4125.41 774.984 641.184 2 0 1 1 1.19125e+06 35.0121 106391 1.40864 3.75086e+06 1.19125e+06 ZonesAtSurface
4175.49 774.985 551.248 0 0 1 2 907101 32.0917 90873.4 1.21519 4.04325e+06 907101 ZonesAtSurface
4225.51 774.981 561.293 0 5 2 1 1.34691e+06 24.7571 107929 1.65823 2.66939e+06 1.34691e+06 ZonesAtSurface
4275.54 774.979 521.334 0 0 2 1 1.47891e+06 34.5719 110750 2.33622 3.15437e+06 1.47891e+06 ZonesAtSurface
4325.57 774.978 481.37 0 0 2 1 803387 34.8948 50680.3 1.93368 2.318e+06 803387 ZonesAtSurface
4375.58 774.975 491.399 0 1 0 0 951282 38.2538 75147.7 2.79394 1.61612e+06 951282 ZonesAtSurface
4425.59 774.974 451.427 0 0 0 0 1.09287e+06 25.2113 99984.1 2.05615 1.94427e+06 1.09287e+06 ZonesAtSurface
4475.61 774.972 411.455 0 0 0 0 1.23522e+06 35.1872 58202 3.08838 1.72422e+06 1.23522e+06 ZonesAtSurface
4525.62 774.97 371.481 0 8 0 0 684761 40.5036 95322.2 1.81804 1.71945e+06 684761 ZonesAtSurface
4575.58 774.979 181.546 0 0 1 3 877878 40.9381 83229.9 1.77375 6.3712e+06 877878 ZonesAtSurface
4625.56 774.978 141.572 0 0 1 3 928003 28.5508 121045 1.12616 6.40708e+06 928003 ZonesAtSurface
4675.57 774.978 151.588 8 0 1 2 1.12082e+06 21.4762 92902.2 1.12501 3.91806e+06 1.12082e+06 ZonesAtSurface
4725.45 774.978 61.5986 6 0 1 3 709941 36.0564 53350.8 1.07875 8.71533e+06 709941 ZonesAtSurface
4775.37 774.976 21.6003 4 0 1 3 1.00559e+06 18.178 145389 1.00363 6.97856e+06 1.00559e+06 ZonesAtSurface
4825.28 774.975 -18.4092 7 0 1 3 1.1028e+06 22.5721 146126 1.01383 1.05077e+07 1.1028e+06 ZonesAtSurface
4875.22 774.975 -8.38981 0 0 1 2 1.26302e+06 22.5444 67783.1 1.01479 9.54083e+06 1.26302e+06 ZonesAtSurface
4925.14 774.974 1.63506 15 0 1 1 1.16309e+06 27.6476 74711.9 1.05041 1.20209e+07 1.16309e+06 ZonesAtSurface
74.9392 824.973 -19.83 39 0 1 1 1.24171e+06 41.9512 124262 1.27986 6.70913e+06 1.24171e+06 ZonesAtSurface
124.822 824.975 -44.8667 26 0 1 2 1.47418e+06 37.8499 76096.1 1.06947 1.14072e+07 1.47418e+06 ZonesAtSurface
174.753 824.973 -19.8338 35 10 1 2 1.12813e+06 35.7284 78832.3 1.38426 4.05776e+06 1.12813e+06 ZonesAtSurface
224.677 824.973 -44.8734 29 0 1 3 765752 17.1318 138829 1.02345 4.96824e+06 765752 ZonesAtSurface
274.594 824.971 -19.8734 23 0 1 3 876095 44.6217 53107.9 1.08175 7.058e+06 876095 ZonesAtSurface
324.525 824.972 5.11376 0 0 1 3 1.05681e+06 32.2337 83429 1.22477 1.01087e+07 1.05681e+06 ZonesAtSurface
374.387 824.972 130.101 1 9 2 1 1.23461e+06 20.8487 62663.3 2.43228 1.53758e+06 1.23461e+06 ZonesAtSurface
424.365 824.971 205.096 0 10 0 0 1.25449e+06 23.3908 86467 4.21292 928453 1.25449e+06 ZonesAtSurface
474.363 824.972 230.09 0 0 0 0 1.43655e+06 24.2219 75310.4 3.07208 1.56566e+06 1.43655e+06 ZonesAtSurface
524.36 824.973 255.077 0 0 0 0 1.48246e+06 43.2344 116688 5.04826 1.74122e+06 1.48246e+06 ZonesAtSurface
574.356 824.974 280.062 0 0 0 0 1.13843e+06 18.7317 97961.3 2.26516 1.59683e+06 1.13843e+06 ZonesAtSurface
624.355 824.974 305.045 0 0 0 0 993368 43.664 93441.6 4.98779 1.36924e+06 993368 ZonesAtSurface
674.356 824.974 330.027 0 0 0 0 1.29866e+06 22.8519 112464 3.92775 1.13926e+06 1.29866e+06 ZonesAtSurface
724.359 824.974 355.008 0 0 0 0 1.36729e+06 36.9735 127949 7.03433 974977 1.36729e+06 ZonesAtSurface
774.363 824.974 379.987 0 0 0 0 764961 41.2679 93321.7 5.19881 961250 764961 ZonesAtSurface
824.369 824.973 404.964 0 0 0 0 1.43182e+06 32.8495 115595 5.49074 1.08064e+06 1.43182e+06 ZonesAtSurface
874.377 824.973 429.941 0 0 0 0 1.25003e+06 30.584 71319.6 4.45263 1.15274e+06 1.25003e+06 ZonesAtSurface
924.388 824.972 454.917 0 0 0 0 804995 22.5525 117746 2.50521 1.14769e+06 804995 ZonesAtSurface
974.402 824.972 479.892 0 0 0 0 1.05726e+06 29.434 110585 3.33489 1.30148e+06 1.05726e+06 ZonesAtSurface
1024.42 824.972 504.865 0 0 0 0 820815 22.6102 92267.4 2.14899 1.36841e+06 820815 ZonesAtSurface
1074.44 824.973 529.838 0 0 0 0 770451 22.6063 56848.9 2.08555 1.35346e+06 770451 ZonesAtSurface
1124.47 824.973 554.809 0 0 0 0 1.06584e+06 33.9575 108876 4.2187 1.21491e+06 1.06584e+06 ZonesAtSurface
1174.5 824.974 579.78 0 0 0 0 856242 41.5027 113531 3.93586 1.29233e+06 856242 ZonesAtSurface
1224.54 824.975 604.748 0 0 0 0 922649 41.7964 76007.4 4.77524 1.19145e+06 922649 ZonesAtSurface
1274.58 824.975 629.715 0 0 0 0 1.05252e+06 25.8972 68827.9 3.72736 1.03465e+06 1.05252e+06 ZonesAtSurface
1324.63 824.976 654.68 0 3 0 0 839677 26.5216 70385.6 3.47394 916994 839677 ZonesAtSurface
1374.68 824.976 679.642 0 5 0 0 1.00073e+06 26.3308 128231 5.05592 756413 1.00073e+06 ZonesAtSurface
1424.72 824.976 704.606 0 0 0 0 638158 22.0995 52070.2 4.34573 570619 638158 ZonesAtSurface
1474.78 824.978 729.571 0 0 0 0 1.05709e+06 22.4923 87719.5 7.31561 477106 1.05709e+06 ZonesAtSurface
1524.82 824.979 754.54 0 0 0 0 1.11553e+06 40.0841 92595.3 10 430542 1.11553e+06 ZonesAtSurface
1574.87 824.981 779.511 0 10 0 0 621952 35.6488 148366 3.35608 810882 621952 ZonesAtSurface
1624.89 824.985 754.489 0 5 2 1 1.41188e+06 37.1707 77868.1 3.5609 1.81926e+06 1.41188e+06 ZonesAtSurface
1674.9 824.988 729.473 0 6 2 2 902394 44.7532 115896 1.30881 2.97924e+06 902394 ZonesAtSurface
1724.91 824.99 654.489 2 0 2 4 1.49733e+06 24.6274 52803.9 1.05059 4.69754e+06 1.49733e+06 ZonesAtSurface
1774.96 824.993 629.492 5 0 2 5 559981 41.8019 131484 1.13263 3.1215e+06 559981 ZonesAtSurface
1825.02 824.995 604.494 2 3 1 6 1.30234e+06 39.0595 72970.2 1.24409 4.87193e+06 1.30234e+06 ZonesAtSurface
1875.08 824.995 729.341 7 6 2 4 1.22432e+06 32.6714 108700 1.45325 3.05404e+06 1.22432e+06 ZonesAtSurface
1925.21 824.995 654.408 1 0 2 6 546597 29.6936 55588.7 0.999581 1.97155e+06 546597 ZonesAtSurface
1975.24 824.999 729.362 0 4 2 5 1.07524e+06 20.9842 68935.6 1.41463 2.18642e+06 1.07524e+06 ZonesAtSurface
2025.38 825 691.957 5 5 2 5 1.3985e+06 23.2079 129971 1.19942 3.50533e+06 1.3985e+06 ZonesAtSurface
2075.58 824.998 542.147 2 0 1 6 1.0379e+06 16.756 52290.7 1.00914 2.94564e+06 1.0379e+06 ZonesAtSurface
2125.66 824.997 442.294 6 0 1 6 914966 29.8452 121515 1.06621 3.28854e+06 914966 ZonesAtSurface
2175.68 824.996 342.414 6 0 1 6 1.43358e+06 24.0815 103355 1.00442 4.78766e+06 1.43358e+06 ZonesAtSurface
2225.62 824.993 242.515 6 0 1 6 629588 17.2657 142588 1.06318 2.66775e+06 629588 ZonesAtSurface
2275.52 824.992 142.586 6 0 1 6 851558 20.3764 101290 1.09843 3.86703e+06 851558 ZonesAtSurface
2325.39 824.99 42.6081 6 0 1 6 1.03141e+06 24.0069 80818 1.09081 7.43332e+06 1.03141e+06 ZonesAtSurface
2375.33 824.989 -7.39315 12 0 1 5 1.09388e+06 28.3685 54561.9 1.58621 8.43965e+06 1.09388e+06 ZonesAtSurface
2425.3 824.987 -7.37838 39 0 1 3 1.36159e+06 25.9411 96598.8 1.82075 4.77042e+06 1.36159e+06 ZonesAtSurface
2475.23 824.985 -7.34376 43 0 1 1 1.45665e+06 30.0811 148967 1.44704 4.6533e+06 1.45665e+06 ZonesAtSurface
2525.09 824.984 -37.3272 31 0 1 1 550118 18.9191 120230 1.29618 3.86516e+06 550118 ZonesAtSurface
2574.96 824.981 -47.3631 31 0 1 2 1.42666e+06 27.6564 64985.9 1.03056 1.2139e+07 1.42666e+06 ZonesAtSurface
2624.82 824.979 -7.33512 13 0 1 2 703007 21.0005 123839 1.15983 6.11618e+06 703007 ZonesAtSurface
2674.6 824.977 82.6917 5 0 2 1 1.30891e+06 27.333 115354 1.96205 2.56721e+06 1.30891e+06 ZonesAtSurface
2724.47 824.976 172.679 0 10 0 0 1.43372e+06 36.5004 86869.2 1.91055 3.04405e+06 1.43372e+06 ZonesAtSurface
2774.44 824.975 212.666 0 0 0 0 1.09713e+06 27.2136 103442 1.75369 2.4883e+06 1.09713e+06 ZonesAtSurface
2824.45 824.976 202.644 13 0 1 1 647906 19.5311 95865.7 1.16265 2.5674e+06 647906 ZonesAtSurface
2874.43 824.974 292.611 0 0 0 0 991651 21.9242 119571 2.12243 1.66693e+06 991651 ZonesAtSurface
2924.44 824.974 332.583 0 9 0 0 1.03553e+06 19.1423 56356.9 1.43395 2.12298e+06 1.03553e+06 ZonesAtSurface
2974.45 824.974 372.549 0 0 0 0 1.36046e+06 36.8325 58125.8 2.85671 2.16257e+06 1.36046e+06 ZonesAtSurface
3024.46 824.975 412.515 0 0 0 0 1.43999e+06 31.8395 53628.6 3.21375 1.88948e+06 1.43999e+06 ZonesAtSurface
3074.47 824.975 452.482 0 0 0 0 1.2357e+06 40.1735 109239 3.72112 1.68461e+06 1.2357e+06 ZonesAtSurface
3124.49 824.976 492.452 0 4 0 0 993645 27.4939 105479 3.94794 945546 993645 ZonesAtSurface
3174.49 824.98 482.422 0 0 2 1 1.22283e+06 39.2329 64268.1 3.23887 2.19592e+06 1.22283e+06 ZonesAtSurface
3224.5 824.984 472.391 0 0 2 2 719597 38.6336 112471 1.67389 3.04186e+06 719597 ZonesAtSurface
3274.51 824.986 462.354 6 0 1 3 1.08327e+06 24.1973 78968 1.06322 4.74558e+06 1.08327e+06 ZonesAtSurface
3324.56 824.985 552.293 1 0 2 2 744599 16.3954 121975 1.14403 2.14354e+06 744599 ZonesAtSurface
3374.6 824.985 592.241 0 0 1 2 1.16061e+06 42.5427 112572 1.67966 4.47026e+06 1.16061e+06 ZonesAtSurface
3424.65 824.988 632.181 2 0 1 2 895725 44.8566 136391 1.35935 4.18391e+06 895725 ZonesAtSurface
3474.75 824.988 722.118 0 7 2 1 1.07186e+06 19.5932 125309 1.97805 1.69939e+06 1.07186e+06 ZonesAtSurface
3524.77 824.99 712.065 0 0 2 2 1.43227e+06 42.8218 139114 3.22822 2.38382e+06 1.43227e+06 ZonesAtSurface
3574.84 824.991 752.002 6 0 1 2 757405 31.3203 94227.5 1.88641 1.97224e+06 757405 ZonesAtSurface
3624.86 824.993 741.933 5 0 1 3 1.32698e+06 17.4468 78614.9 1.25058 3.45856e+06 1.32698e+06 ZonesAtSurface
3674.92 824.994 781.861 5 0 1 3 1.17496e+06 35.2754 123900 1.45353 4.14599e+06 1.17496e+06 ZonesAtSurface
3725 824.99 921.802 0 4 2 1 871859 35.9487 120440 2.27109 1.5445e+06 871859 ZonesAtSurface
3775.02 824.993 871.803 0 0 2 2 906642 38.1622 78430.1 3.7293 1.47271e+06 906642 ZonesAtSurface
3825.06 824.994 831.836 0 0 2 2 880533 22.867 145616 2.02317 1.83001e+06 880533 ZonesAtSurface
3875.07 824.992 841.889 6 0 2 1 692607 26.3583 53724.5 3.49987 1.1026e+06 692607 ZonesAtSurface
3925.08 824.989 851.947 5 10 0 0 695570 21.9334 116340 5.03432 513099 695570 ZonesAtSurface
3975.15 824.989 812.006 0 0 0 0 772980 39.7209 85859.3 3.06797 1.34162e+06 772980 ZonesAtSurface
4025.23 824.989 772.065 0 0 0 0 1.05356e+06 44.6579 125699 3.3184 1.88171e+06 1.05356e+06 ZonesAtSurface
4075.31 824.987 732.122 8 10 0 0 858842 41.2222 53247.8 1.91335 2.44108e+06 858842 ZonesAtSurface
4125.42 824.987 642.188 0 0 1 1 1.47056e+06 44.6509 67853.6 2.56411 3.56831e+06 1.47056e+06 ZonesAtSurface
4175.49 824.988 552.252 5 0 1 2 1.21583e+06 16.9861 124707 1.05617 3.90026e+06 1.21583e+06 ZonesAtSurface
4225.53 824.986 512.3 0 0 1 2 1.18196e+06 24.0556 66226.4 1.55131 3.42166e+06 1.18196e+06 ZonesAtSurface
4275.55 824.982 522.338 2 0 1 1 841596 28.4668 67881.2 1.36916 2.83145e+06 841596 ZonesAtSurface
4325.57 824.981 482.373 1 0 2 1 617822 27.0529 109355 1.48482 2.38664e+06 617822 ZonesAtSurface
4375.58 824.978 492.402 0 0 0 0 1.08852e+06 39.4164 131450 3.02744 1.87689e+06 1.08852e+06 ZonesAtSurface
4425.6 824.976 452.43 0 0 0 0 1.18013e+06 31.3667 138522 2.4767 1.97183e+06 1.18013e+06 ZonesAtSurface
4475.61 824.975 412.459 0 0 0 0 744962 38.0493 81738.6 1.95906 2.09053e+06 744962 ZonesAtSurface
4525.62 824.974 372.488 0 4 0 0 817889 33.7478 94357.6 1.97648 1.84236e+06 817889 ZonesAtSurface
4575.62 824.974 282.527 1 0 1 1 733058 26.9336 136848 1.0368 3.07729e+06 733058 ZonesAtSurface
4625.6 824.977 192.566 0 0 1 2 776239 20.5197 88844.4 1.06313 3.34666e+06 776239 ZonesAtSurface
4675.62 824.976 202.573 9 3 2 1 563280 29.7347 141398 1.31493 1.36331e+06 563280 ZonesAtSurface
4725.46 824.979 62.6037 8 0 1 3 1.38856e+06 37.2332 55534.1 1.12289 9.96211e+06 1.38856e+06 ZonesAtSurface
4775.37 824.978 22.6054 3 0 1 3 987123 42.3636 92675.1 1.12921 1.18026e+07 987123 ZonesAtSurface
4825.28 824.976 -17.4051 0 0 1 3 1.36876e+06 42.4463 144808 2.00539 1.32733e+07 1.36876e+06 ZonesAtSurface
4875.21 824.976 -7.38556 14 0 1 2 1.01238e+06 41.0853 121318 1.04852 1.52064e+07 1.01238e+06 ZonesAtSurface
4925.14 824.976 2.63698 5 0 1 1 1.13783e+06 28.6072 73026.3 1.04308 1.23908e+07 1.13783e+06 ZonesAtSurface
74.9348 874.977 -18.82 31 0 1 1 1.43038e+06 31.8336 110252 1.16826 6.56163e+06 1.43038e+06 ZonesAtSurface
124.818 874.98 -43.8638 26 0 1 2 1.19779e+06 33.6103 58574.7 1.06136 9.57645e+06 1.19779e+06 ZonesAtSurface
174.746 874.98 -18.8342 29 9 1 2 1.32472e+06 35.9617 131376 1.47743 4.28373e+06 1.32472e+06 ZonesAtSurface
224.671 874.978 -43.8762 28 0 1 3 1.35881e+06 24.9987 125731 1.0132 7.50145e+06 1.35881e+06 ZonesAtSurface
274.592 874.978 -18.8753 18 0 1 3 1.29238e+06 37.2273 128075 1.02016 8.18576e+06 1.29238e+06 ZonesAtSurface
324.581 874.98 -43.899 0 0 1 4 1.09905e+06 41.0629 140839 2.02918 9.75327e+06 1.09905e+06 ZonesAtSurface
374.388 874.978 131.105 2 5 2 1 1.26106e+06 16.5752 106977 2.57336 1.33596e+06 1.26106e+06 ZonesAtSurface
424.378 874.977 156.104 0 0 2 1 725001 16.0349 90344.8 1.11933 1.88143e+06 725001 ZonesAtSurface
474.361 874.975 231.093 0 3 0 0 1.44212e+06 29.143 133147 2.99727 1.70469e+06 1.44212e+06 ZonesAtSurface
524.358 874.975 256.079 0 0 0 0 686575 39.053 92248.2 2.55078 1.72167e+06 686575 ZonesAtSurface
574.354 874.976 281.064 0 0 0 0 1.03563e+06 27.9499 58948.5 2.67483 1.59054e+06 1.03563e+06 ZonesAtSurface
624.353 874.976 306.047 0 0 0 0 1.05902e+06 30.1558 51526.3 3.37493 1.3829e+06 1.05902e+06 ZonesAtSurface
674.354 874.976 331.029 0 0 0 0 1.36369e+06 37.6773 79791.7 6.09397 1.15232e+06 1.36369e+06 ZonesAtSurface
724.357 874.976 356.01 0 0 0 0 1.23861e+06 33.9663 75863.5 5.95845 996462 1.23861e+06 ZonesAtSurface
774.361 874.975 380.99 0 0 0 0 1.47287e+06 17.2257 71257.4 4.45953 972956 1.47287e+06 ZonesAtSurface
824.367 874.975 405.967 0 0 0 0 1.01664e+06 42.9034 130531 5.48803 1.08095e+06 1.01664e+06 ZonesAtSurface
874.375 874.974 430.944 0 0 0 0 1.3155e+06 28.5724 99337.1 4.0356 1.2148e+06 1.3155e+06 ZonesAtSurface
924.385 874.974 455.92 0 0 0 0 1.48252e+06 36.9941 50690.5 5.5975 1.25788e+06 1.48252e+06 ZonesAtSurface
974.399 874.974 480.896 0 0 0 0 1.11259e+06 40.2206 56615.1 4.97032 1.25871e+06 1.11259e+06 ZonesAtSurface
1024.42 874.974 505.87 0 0 0 0 1.44288e+06 37.2069 102974 5.31275 1.30364e+06 1.44288e+06 ZonesAtSurface
1074.44 874.975 530.843 0 0 0 0 1.42976e+06 20.9917 73868.5 3.60683 1.28021e+06 1.42976e+06 ZonesAtSurface
1124.47 874.975 555.815 0 0 0 0 685596 24.1753 104319 2.27412 1.18088e+06 685596 ZonesAtSurface
1174.5 874.976 580.786 0 0 0 0 825033 28.0227 61185 2.6623 1.24769e+06 825033 ZonesAtSurface
1224.54 874.976 605.755 0 0 0 0 505886 32.1673 104948 2.16563 1.20338e+06 505886 ZonesAtSurface
1274.58 874.977 630.721 0 0 0 0 1.45404e+06 28.1866 103775 5.14491 1.05496e+06 1.45404e+06 ZonesAtSurface
1324.62 874.977 655.685 0 3 0 0 868843 44.8848 56467.5 6.24057 942259 868843 ZonesAtSurface
1374.68 874.977 680.648 0 8 0 0 510061 36.6924 84371.9 4.52945 708913 510061 ZonesAtSurface
1424.72 874.977 705.612 0 0 0 0 677999 36.0842 102142 7.40764 544851 677999 ZonesAtSurface
1474.77 874.979 730.576 0 0 0 0 933926 27.8832 101218 7.30181 491065 933926 ZonesAtSurface
1524.82 874.98 755.544 0 0 0 0 1.39084e+06 44.7732 104398 10 387715 1.39084e+06 ZonesAtSurface
1574.87 874.982 780.514 0 5 0 0 662912 31.9395 124697 2.88497 901349 662912 ZonesAtSurface
1624.85 874.989 705.499 1 0 2 2 881333 40.5426 87130.8 1.20688 3.38663e+06 881333 ZonesAtSurface
1674.86 874.992 630.52 1 0 1 4 941209 18.1381 135953 1.03094 3.39411e+06 941209 ZonesAtSurface
1724.93 874.991 705.472 8 9 2 3 780271 36.8245 134209 1.57325 1.74994e+06 780271 ZonesAtSurface
1774.96 874.994 630.494 1 0 2 5 1.12907e+06 26.1458 130806 1.32209 3.2888e+06 1.12907e+06 ZonesAtSurface
1825.03 874.995 605.502 2 0 1 6 1.04891e+06 44.6694 74886.3 1.24204 5.78354e+06 1.04891e+06 ZonesAtSurface
1875.08 874.996 730.343 7 0 2 4 580729 37.6087 133158 1.23676 1.70965e+06 580729 ZonesAtSurface
1925.21 874.994 655.408 0 0 2 6 1.16446e+06 29.0391 139305 1.0028 4.03699e+06 1.16446e+06 ZonesAtSurface
1975.24 874.997 730.362 0 6 2 5 937874 28.5865 131573 1.15315 2.61698e+06 937874 ZonesAtSurface
2025.38 874.999 692.959 7 10 1 5 934807 18.5968 114163 1.14895 2.24546e+06 934807 ZonesAtSurface
2075.58 874.997 543.15 2 0 1 6 1.19159e+06 22.8824 137906 1.00393 3.59331e+06 1.19159e+06 ZonesAtSurface
2125.66 874.996 443.295 6 0 1 6 975356 21.214 55148.4 1.03631 2.98632e+06 975356 ZonesAtSurface
2175.68 874.995 343.415 3 0 1 6 975658 41.0053 81150.3 1.02034 4.52567e+06 975658 ZonesAtSurface
2225.62 874.992 243.517 6 0 1 6 1.22315e+06 16.4067 126828 1.05429 3.70425e+06 1.22315e+06 ZonesAtSurface
2275.52 874.99 143.587 6 0 1 6 1.01113e+06 20.206 118289 1.09194 4.17534e+06 1.01113e+06 ZonesAtSurface
2325.39 874.99 43.6098 6 0 1 6 648499 25.3744 124241 1.09835 7.0397e+06 648499 ZonesAtSurface
2375.33 874.989 -6.39061 0 0 1 5 1.32838e+06 43.5614 100333 3.2152 8.9147e+06 1.32838e+06 ZonesAtSurface
2425.29 874.988 -6.37518 39 0 1 3 552031 31.9658 105635 1.96061 4.47861e+06 552031 ZonesAtSurface
2475.22 874.985 -6.34095 44 0 1 1 550652 29.0509 145663 1.59206 4.19962e+06 550652 ZonesAtSurface
2525.09 874.984 -36.33 32 0 1 1 750668 44.8865 92613.7 1.13672 1.06055e+07 750668 ZonesAtSurface
2574.97 874.982 -46.3582 32 0 1 2 1.36101e+06 25.2532 134147 1.04167 1.24833e+07 1.36101e+06 ZonesAtSurface
2624.82 874.979 -6.33368 0 0 2 2 892042 37.2181 97639.1 1.79386 8.30038e+06 892042 ZonesAtSurface
2674.6 874.978 83.6939 8 0 2 1 859552 30.9931 59628.9 2.0663 1.90466e+06 859552 ZonesAtSurface
2724.47 874.977 173.679 1 0 0 0 578577 19.8836 90267.9 2.41311 769227 578577 ZonesAtSurface
2774.44 874.977 213.665 0 0 0 0 992564 29.1614 101611 1.70414 2.3043e+06 992564 ZonesAtSurface
2824.43 874.976 253.642 0 0 0 0 1.0907e+06 40.2872 105622 1.86234 3.24531e+06 1.0907e+06 ZonesAtSurface
2874.43 874.976 293.614 0 0 0 0 1.05258e+06 18.1782 83762.8 1.90844 1.69609e+06 1.05258e+06 ZonesAtSurface
2924.44 874.976 333.587 0 0 0 0 1.36621e+06 27.3662 97437.9 2.44374 1.9967e+06 1.36621e+06 ZonesAtSurface
2974.45 874.976 373.553 0 0 0 0 557548 41.9999 116993 1.24519 2.24344e+06 557548 ZonesAtSurface
3024.46 874.977 413.519 0 0 0 0 691133 31.3515 102359 1.58506 1.93304e+06 691133 ZonesAtSurface
3074.47 874.977 453.486 0 0 0 0 1.45528e+06 25.7408 104666 2.92492 1.68622e+06 1.45528e+06 ZonesAtSurface
3124.49 874.978 493.456 7 2 0 0 702417 32.5115 128255 2.80962 1.12079e+06 702417 ZonesAtSurface
3174.49 874.98 483.426 0 0 1 1 581432 28.4183 104346 1.46749 2.13757e+06 581432 ZonesAtSurface
3224.5 874.982 473.395 0 0 1 2 1.12968e+06 43.2662 73018.9 3.08372 3.27873e+06 1.12968e+06 ZonesAtSurface
3274.51 874.985 463.359 2 0 1 3 994942 27.3773 148570 1.18788 4.83806e+06 994942 ZonesAtSurface
3324.57 874.983 603.292 8 7 2 1 928316 23.5515 102058 1.66354 1.7103e+06 928316 ZonesAtSurface
3374.6 874.988 593.249 9 0 1 2 1.0298e+06 38.2755 63103.8 1.30379 3.83019e+06 1.0298e+06 ZonesAtSurface
3424.65 874.991 633.188 9 0 1 2 1.056e+06 25.5057 136195 1.05306 4.13953e+06 1.056e+06 ZonesAtSurface
3474.74 874.99 723.12 0 8 2 1 1.08221e+06 37.4506 129587 2.90005 1.71314e+06 1.08221e+06 ZonesAtSurface
3524.77 874.991 713.068 1 0 2 2 578331 32.7286 118934 1.31887 2.40585e+06 578331 ZonesAtSurface
3574.79 874.992 703.01 0 0 1 3 508546 27.4285 133532 1.20231 1.97909e+06 508546 ZonesAtSurface
3624.86 874.993 742.937 23 0 1 3 795925 37.3239 104537 1.15681 4.08034e+06 795925 ZonesAtSurface
3674.95 874.992 832.849 1 10 2 2 1.42247e+06 35.8393 112718 1.26459 4.36875e+06 1.42247e+06 ZonesAtSurface
3725 874.992 922.807 1 9 2 1 844035 23.5969 74221.1 2.03544 1.39243e+06 844035 ZonesAtSurface
3775.02 874.993 872.806 0 0 2 2 771827 21.6195 80647.9 1.75973 1.57396e+06 771827 ZonesAtSurface
3825.06 874.994 832.84 0 0 1 2 966206 33.1327 105450 2.80205 1.90908e+06 966206 ZonesAtSurface
3875.07 874.992 842.894 0 0 2 1 1.29874e+06 24.8059 129185 8.27005 608064 1.29874e+06 ZonesAtSurface
3925.08 874.989 852.951 1 5 0 0 632717 31.1788 51416.3 5.80769 527101 632717 ZonesAtSurface
3975.15 874.99 813.01 0 0 0 0 923528 35.9028 64795.5 3.37138 1.27986e+06 923528 ZonesAtSurface
4025.28 874.991 723.073 0 0 1 1 563846 44.4915 82729.2 2.04358 2.72055e+06 563846 ZonesAtSurface
4075.38 874.991 633.143 0 0 1 2 1.42408e+06 34.0452 53902.8 2.05994 3.70746e+06 1.42408e+06 ZonesAtSurface
4125.42 874.988 643.193 0 0 2 1 1.46903e+06 19.4577 92024.2 1.43566 3.22542e+06 1.46903e+06 ZonesAtSurface
4175.49 874.989 553.254 0 0 1 2 867652 38.4775 69699 1.76957 3.91976e+06 867652 ZonesAtSurface
4225.51 874.985 563.3 6 0 1 1 1.47801e+06 16.5815 85794.6 1.4441 3.01928e+06 1.47801e+06 ZonesAtSurface
4275.55 874.984 523.341 0 0 1 1 788882 30.1805 75433.3 1.36895 2.63929e+06 788882 ZonesAtSurface
4325.56 874.98 533.374 0 5 0 0 1.3898e+06 16.4059 135317 3.56395 1.11153e+06 1.3898e+06 ZonesAtSurface
4375.6 874.982 443.407 16 0 1 1 984746 19.375 109845 1.33026 2.74037e+06 984746 ZonesAtSurface
4425.6 874.979 453.434 0 0 0 0 1.08162e+06 32.5097 107835 2.64843 1.88992e+06 1.08162e+06 ZonesAtSurface
4475.61 874.978 413.464 0 0 0 0 995657 17.4262 138747 1.22797 2.27897e+06 995657 ZonesAtSurface
4525.62 874.977 373.494 0 0 0 0 1.18337e+06 19.0148 133016 1.89388 1.89936e+06 1.18337e+06 ZonesAtSurface
4575.61 874.981 233.54 3 0 1 2 1.14883e+06 21.8233 135592 1.01257 4.52658e+06 1.14883e+06 ZonesAtSurface
4625.63 874.978 293.551 0 3 0 0 1.04736e+06 30.6128 147098 3.43471 1.12028e+06 1.04736e+06 ZonesAtSurface
4675.62 874.981 203.572 2 8 2 1 965038 23.6729 67910.9 1.94936 1.6664e+06 965038 ZonesAtSurface
4725.46 874.979 63.6089 10 0 1 3 559837 35.7474 132431 1.04343 9.21806e+06 559837 ZonesAtSurface
4775.37 874.978 23.6106 5 0 1 3 1.05474e+06 32.3521 141557 1.00389 1.05402e+07 1.05474e+06 ZonesAtSurface
4825.28 874.978 -16.4041 6 0 1 3 803478 19.0781 64994.9 1.01583 9.17649e+06 803478 ZonesAtSurface
4875.28 874.974 43.671 10 0 1 1 1.02385e+06 26.2433 134762 1.0495 5.5734e+06 1.02385e+06 ZonesAtSurface
4925.14 874.975 3.64282 15 0 1 1 706748 33.722 85881.3 1.05449 1.21813e+07 706748 ZonesAtSurface
74.9403 924.982 -17.8021 33 0 1 1 593192 15.7305 90596.1 1.11177 2.4742e+06 593192 ZonesAtSurface
124.814 924.982 -42.8536 34 0 1 2 564173 19.0131 63140.9 1.04105 3.98249e+06 564173 ZonesAtSurface
174.735 924.983 -17.8276 39 0 1 2 527729 24.2831 106898 1.51495 1.42882e+06 527729 ZonesAtSurface
224.669 924.982 -42.8745 28 0 1 3 1.16778e+06 24.1497 58429.5 1.00629 6.69448e+06 1.16778e+06 ZonesAtSurface
274.594 924.984 -17.8699 13 0 1 3 1.11193e+06 28.4404 105318 1.0226 5.11986e+06 1.11193e+06 ZonesAtSurface
324.58 924.983 -42.8966 3 0 1 4 1.44086e+06 27.7614 67251.3 1.14681 9.86408e+06 1.44086e+06 ZonesAtSurface
374.473 924.984 32.111 4 0 1 3 1.13133e+06 25.2224 110711 1.03533 5.52505e+06 1.13133e+06 ZonesAtSurface
424.374 924.981 157.106 1 0 2 1 673433 19.5149 59650.6 1.14859 1.94758e+06 673433 ZonesAtSurface
474.358 924.978 232.095 0 0 0 0 658404 29.8313 74537.1 2.40749 1.16558e+06 658404 ZonesAtSurface
524.355 924.977 257.082 0 0 0 0 1.25023e+06 27.4025 135192 2.83044 1.72363e+06 1.25023e+06 ZonesAtSurface
574.352 924.977 282.066 0 0 0 0 1.2162e+06 15.4319 99935.3 2.26528 1.56562e+06 1.2162e+06 ZonesAtSurface
624.351 924.977 307.049 0 0 0 0 1.37925e+06 37.4479 148003 5.32791 1.33459e+06 1.37925e+06 ZonesAtSurface
674.352 924.977 332.032 0 0 0 0 1.41492e+06 43.7937 106244 7.789 1.14988e+06 1.41492e+06 ZonesAtSurface
724.354 924.977 357.013 0 0 0 0 916881 28.7872 82288.1 3.97106 1.0257e+06 916881 ZonesAtSurface
774.359 924.977 381.992 0 0 0 0 765027 22.1538 128140 2.88831 966151 765027 ZonesAtSurface
824.364 924.976 406.97 0 0 0 0 602236 38.303 135520 2.86205 1.16297e+06 602236 ZonesAtSurface
874.372 924.976 431.947 0 0 0 0 518027 35.3945 86978.5 2.20315 1.23154e+06 518027 ZonesAtSurface
924.382 924.976 456.923 0 0 0 0 534209 39.984 147594 2.64163 1.24454e+06 534209 ZonesAtSurface
974.395 924.976 481.899 0 0 0 0 647330 38.7109 96509 3.28233 1.20786e+06 647330 ZonesAtSurface
1024.41 924.976 506.875 0 0 0 0 696185 21.0237 91591.5 2.09121 1.21562e+06 696185 ZonesAtSurface
1074.44 924.977 531.848 0 0 0 0 1.09513e+06 17.7274 125328 2.73282 1.22211e+06 1.09513e+06 ZonesAtSurface
1124.46 924.977 556.821 0 0 0 0 868834 29.3022 72189.9 3.10281 1.19108e+06 868834 ZonesAtSurface
1174.5 924.977 581.792 0 0 0 0 1.42494e+06 30.2443 133942 4.6606 1.20083e+06 1.42494e+06 ZonesAtSurface
1224.54 924.977 606.76 0 0 0 0 898812 20.6453 102982 2.40582 1.21736e+06 898812 ZonesAtSurface
1274.57 924.978 631.726 0 0 0 0 1.21682e+06 18.9192 84516.9 3.59407 1.05005e+06 1.21682e+06 ZonesAtSurface
1324.62 924.978 656.69 0 2 0 0 1.03822e+06 28.6535 94982.1 4.76586 902193 1.03822e+06 ZonesAtSurface
1374.67 924.978 681.654 0 6 0 0 756715 37.341 76417.1 7.19395 613853 756715 ZonesAtSurface
1424.72 924.978 706.617 0 0 0 0 724540 41.2469 136626 10 487776 724540 ZonesAtSurface
1474.77 924.979 731.582 0 0 0 0 1.36201e+06 32.07 132752 10 512167 1.36201e+06 ZonesAtSurface
1524.82 924.981 756.549 0 2 0 0 1.46306e+06 31.1489 96276.6 10 466042 1.46306e+06 ZonesAtSurface
1574.84 924.987 731.523 1 0 2 1 543260 38.2892 79842 1.52661 1.94996e+06 543260 ZonesAtSurface
1624.85 924.991 706.504 2 2 2 2 1.39837e+06 21.47 149771 1.22888 3.36194e+06 1.39837e+06 ZonesAtSurface
1674.88 924.992 681.499 10 0 2 3 594480 24.1987 137993 1.05149 1.73088e+06 594480 ZonesAtSurface
1724.93 924.993 706.476 10 6 2 3 781974 32.2954 110966 1.59207 1.63115e+06 781974 ZonesAtSurface
1774.95 924.995 631.496 0 0 2 5 1.43808e+06 25.9689 59545.5 1.28667 4.19394e+06 1.43808e+06 ZonesAtSurface
1825.03 924.995 606.508 2 0 1 6 926267 29.3702 51501.8 1.10713 5.00856e+06 926267 ZonesAtSurface
1875.1 924.995 681.387 3 6 1 5 921420 40.0232 86977.4 1.22238 3.14556e+06 921420 ZonesAtSurface
1925.17 924.994 706.347 0 9 2 5 953233 35.2008 118030 1.43699 2.44325e+06 953233 ZonesAtSurface
1975.24 924.994 731.364 0 6 2 5 1.05767e+06 36.8965 63756.6 1.47913 2.89869e+06 1.05767e+06 ZonesAtSurface
2025.38 924.995 693.958 2 8 2 5 722003 16.6312 87969.4 1.2446 1.56549e+06 722003 ZonesAtSurface
2075.58 924.996 544.151 4 0 1 6 1.15925e+06 38.0192 133907 1.0154 5.53184e+06 1.15925e+06 ZonesAtSurface
2125.66 924.996 444.299 6 0 1 6 696720 40.9459 147927 1.02201 4.86364e+06 696720 ZonesAtSurface
2175.68 924.995 344.422 6 0 1 6 1.22534e+06 20.103 129281 1.01493 4.03404e+06 1.22534e+06 ZonesAtSurface
2225.62 924.992 244.521 6 0 1 6 982829 35.8218 62697.5 1.04896 6.26346e+06 982829 ZonesAtSurface
2275.52 924.991 144.587 6 0 1 6 1.38927e+06 24.8951 140674 1.06756 6.71151e+06 1.38927e+06 ZonesAtSurface
2325.39 924.99 44.6106 6 0 1 6 770374 23.9979 60071.6 1.10162 7.07347e+06 770374 ZonesAtSurface
2375.33 924.989 -5.38798 5 0 1 5 918094 36.1525 68030.9 2.04212 8.91826e+06 918094 ZonesAtSurface
2425.29 924.988 -5.37285 39 0 1 3 1.02242e+06 29.1119 89582.3 1.82428 5.34098e+06 1.02242e+06 ZonesAtSurface
2475.22 924.985 -5.3401 38 0 1 1 1.25274e+06 43.3932 115191 2.12932 6.52083e+06 1.25274e+06 ZonesAtSurface
2525.09 924.983 -35.3345 25 0 1 1 807725 43.622 108771 1.14888 1.14982e+07 807725 ZonesAtSurface
2574.97 924.982 -45.355 24 0 1 2 1.27334e+06 27.2751 87891 1.06471 1.39021e+07 1.27334e+06 ZonesAtSurface
2624.83 924.979 -5.33007 11 0 1 2 648480 19.8054 62031.9 1.3084 5.21605e+06 648480 ZonesAtSurface
2674.6 924.979 84.699 0 0 2 1 1.15525e+06 30.8095 149521 1.68885 2.6148e+06 1.15525e+06 ZonesAtSurface
2724.47 924.978 174.681 0 8 0 0 1.13106e+06 40.1355 53365.8 1.74921 2.98755e+06 1.13106e+06 ZonesAtSurface
2774.44 924.979 214.666 0 0 0 0 565556 33.6799 73391.6 1.68624 1.76553e+06 565556 ZonesAtSurface
2824.43 924.979 254.642 9 0 0 0 816005 20.3996 105289 1.41605 1.896e+06 816005 ZonesAtSurface
2874.43 924.979 294.617 0 0 0 0 1.47946e+06 22.2562 68561.8 2.87227 1.71257e+06 1.47946e+06 ZonesAtSurface
2924.44 924.979 334.591 0 0 0 0 1.49351e+06 15.7909 140874 2.26713 1.82294e+06 1.49351e+06 ZonesAtSurface
2974.45 924.979 374.558 0 0 0 0 1.45026e+06 31.5203 110232 2.53815 2.25003e+06 1.45026e+06 ZonesAtSurface
3024.46 924.98 414.523 0 0 0 0 1.47662e+06 19.1572 58653.1 2.26659 1.98366e+06 1.47662e+06 ZonesAtSurface
3074.47 924.979 454.492 0 0 0 0 881260 15.8137 141508 1.73779 1.41539e+06 881260 ZonesAtSurface
3124.47 924.98 444.461 29 0 1 1 582091 22.8554 107113 1.16838 2.35682e+06 582091 ZonesAtSurface
3174.48 924.98 484.426 0 0 2 1 1.38435e+06 15.2453 55140.2 1.47427 2.70264e+06 1.38435e+06 ZonesAtSurface
3224.5 924.978 524.389 0 4 2 1 1.31453e+06 37.2763 75897.2 2.38081 2.91887e+06 1.31453e+06 ZonesAtSurface
3274.52 924.982 514.35 2 0 1 2 557095 21.8818 123337 1.07062 2.77458e+06 557095 ZonesAtSurface
3324.55 924.985 554.303 0 0 1 2 1.46198e+06 23.2509 66082.8 1.44436 3.56932e+06 1.46198e+06 ZonesAtSurface
3374.6 924.988 594.258 5 0 1 2 571439 42.1023 115268 1.51603 3.19654e+06 571439 ZonesAtSurface
3424.62 924.991 584.203 20 0 1 3 1.18672e+06 16.3488 103601 1.05355 4.07479e+06 1.18672e+06 ZonesAtSurface
3474.71 924.992 674.129 4 0 2 2 665012 29.6369 142827 1.28706 2.97224e+06 665012 ZonesAtSurface
3524.77 924.991 714.072 0 0 1 2 1.26742e+06 32.3124 137023 2.06547 2.70563e+06 1.26742e+06 ZonesAtSurface
3574.84 924.99 754.009 1 3 2 2 935124 36.9876 142986 1.60332 2.4414e+06 935124 ZonesAtSurface
3624.86 924.995 743.941 14 0 1 3 1.19545e+06 19.0375 135967 1.15099 3.51304e+06 1.19545e+06 ZonesAtSurface
3674.92 924.997 783.867 3 0 1 3 970007 30.6242 71306.8 1.0952 4.38917e+06 970007 ZonesAtSurface
3724.99 924.995 873.811 0 7 2 2 1.40124e+06 15.3307 111156 2.20155 1.73567e+06 1.40124e+06 ZonesAtSurface
3775.02 924.993 873.809 0 0 2 2 1.14742e+06 15.9557 83858.8 2.25813 1.49568e+06 1.14742e+06 ZonesAtSurface
3825.06 924.994 833.844 0 0 2 2 1.05369e+06 34.591 91696.4 3.11864 1.89686e+06 1.05369e+06 ZonesAtSurface
3875.07 924.992 843.898 0 4 2 1 1.05148e+06 42.017 67760.3 10 454332 1.05148e+06 ZonesAtSurface
3925.08 924.989 853.955 0 5 0 0 707582 37.751 52183.6 8.05117 488029 707582 ZonesAtSurface
3975.15 924.99 814.013 10 0 0 0 660813 24.9197 124418 1.95078 1.17288e+06 660813 ZonesAtSurface
4025.23 924.99 774.072 0 3 0 0 1.38272e+06 28.4395 146099 2.47775 1.94326e+06 1.38272e+06 ZonesAtSurface
4075.35 924.991 684.139 0 0 2 1 1.17008e+06 37.1175 52347.9 1.91056 3.31639e+06 1.17008e+06 ZonesAtSurface
4125.42 924.99 644.2 0 5 1 1 1.34877e+06 39.8909 129554 2.02864 3.33524e+06 1.34877e+06 ZonesAtSurface
4175.47 924.989 604.254 3 0 2 1 725039 40.4286 92531.4 1.50965 2.9741e+06 725039 ZonesAtSurface
4225.53 924.988 514.304 0 0 1 2 1.14892e+06 19.4737 110462 1.25906 3.50127e+06 1.14892e+06 ZonesAtSurface
4275.55 924.986 524.342 0 0 2 1 1.44661e+06 16.6344 74648.4 1.85687 2.46088e+06 1.44661e+06 ZonesAtSurface
4325.56 924.982 534.374 0 7 0 0 1.42045e+06 15.0123 119000 2.74553 1.39944e+06 1.42045e+06 ZonesAtSurface
4375.59 924.981 494.407 0 4 0 0 1.39083e+06 24.4361 56640.5 1.58268 3.02759e+06 1.39083e+06 ZonesAtSurface
4425.6 924.982 454.439 0 0 0 0 1.02286e+06 19.607 140425 1.58992 1.97079e+06 1.02286e+06 ZonesAtSurface
4475.61 924.981 414.468 0 0 0 0 1.13142e+06 39.5837 71929.1 2.40222 2.28995e+06 1.13142e+06 ZonesAtSurface
4525.62 924.981 374.498 0 7 0 0 841991 43.7087 87444.4 2.0436 1.88935e+06 841991 ZonesAtSurface
4575.62 924.983 284.537 4 0 2 1 1.31571e+06 24.4713 130568 1.13288 4.31614e+06 1.31571e+06 ZonesAtSurface
4625.63 924.98 294.557 0 8 0 0 825569 44.5345 131650 4.63104 912304 825569 ZonesAtSurface
4675.52 924.981 104.596 0 0 1 3 1.12612e+06 41.3823 52594.2 1.48343 7.88701e+06 1.12612e+06 ZonesAtSurface
4725.46 924.979 64.6125 10 0 1 3 1.15529e+06 31.1313 106574 1.04374 1.00104e+07 1.15529e+06 ZonesAtSurface
4775.37 924.978 24.6158 2 0 1 3 1.2057e+06 29.9837 128477 1.00226 9.87529e+06 1.2057e+06 ZonesAtSurface
4825.28 924.979 -15.4025 2 0 1 3 1.45161e+06 27.2671 127851 1.18726 1.16545e+07 1.45161e+06 ZonesAtSurface
4875.22 924.977 -5.3865 8 0 1 2 654988 22.0482 123518 1.02719 9.96235e+06 654988 ZonesAtSurface
4925.22 924.971 54.711 4 0 0 0 1.01881e+06 32.7107 110463 1.49591 6.63288e+06 1.01881e+06 ZonesAtSurface
74.9447 974.984 -16.7972 45 0 1 1 600944 25.8019 112475 1.21483 2.68337e+06 600944 ZonesAtSurface
124.814 974.983 -41.8488 38 0 1 2 1.19341e+06 19.5013 92116.4 1.04185 5.11127e+06 1.19341e+06 ZonesAtSurface
174.735 974.981 -16.8218 42 15 1 2 903992 32.158 107456 1.34215 2.62972e+06 903992 ZonesAtSurface
224.672 974.984 -41.867 29 0 1 3 994553 22.9845 124778 1.01114 5.69153e+06 994553 ZonesAtSurface
274.6 974.987 -16.8581 24 0 1 3 994364 21.8518 124392 1.09495 3.32314e+06 994364 ZonesAtSurface
324.578 974.986 -41.8935 14 0 1 4 1.04525e+06 20.7388 126758 1.01291 8.66462e+06 1.04525e+06 ZonesAtSurface
374.409 974.985 83.1094 8 8 2 2 1.33424e+06 19.9283 67254 1.64853 2.40558e+06 1.33424e+06 ZonesAtSurface
424.369 974.983 158.106 4 0 2 1 685967 30.3289 108481 1.18589 2.17888e+06 685967 ZonesAtSurface
474.355 974.98 233.097 1 0 0 0 1.10555e+06 22.5844 89976.5 2.18935 1.53355e+06 1.10555e+06 ZonesAtSurface
524.352 974.979 258.084 0 0 0 0 1.17361e+06 15.2794 113438 1.87162 1.80064e+06 1.17361e+06 ZonesAtSurface
574.349 974.979 283.068 0 0 0 0 1.01317e+06 40.2613 69348.6 3.9988 1.53351e+06 1.01317e+06 ZonesAtSurface
624.348 974.979 308.051 0 0 0 0 642059 41.2282 65405.3 3.73977 1.29783e+06 642059 ZonesAtSurface
674.349 974.979 333.034 0 0 0 0 642776 33.4854 88132.9 3.17308 1.1371e+06 642776 ZonesAtSurface
724.352 974.978 358.015 0 0 0 0 863637 42.0148 130813 5.77857 1.03423e+06 863637 ZonesAtSurface
774.356 974.978 382.994 0 0 0 0 942014 33.0473 96184.5 4.94179 940608 942014 ZonesAtSurface
824.362 974.978 407.973 0 0 0 0 1.13357e+06 22.9441 107276 3.2558 1.16238e+06 1.13357e+06 ZonesAtSurface
874.369 974.977 432.95 0 0 0 0 764577 28.9892 82881.6 2.4492 1.26137e+06 764577 ZonesAtSurface
924.379 974.977 457.927 0 0 0 0 542694 32.5621 103373 2.25442 1.17375e+06 542694 ZonesAtSurface
974.392 974.977 482.903 0 0 0 0 1.36588e+06 28.3428 88693.2 4.22876 1.23846e+06 1.36588e+06 ZonesAtSurface
1024.41 974.978 507.879 0 0 0 0 827042 29.0435 77942.4 3.02495 1.21797e+06 827042 ZonesAtSurface
1074.44 974.978 532.853 0 0 0 0 651083 38.2415 55734.8 3.30946 1.20782e+06 651083 ZonesAtSurface
1124.46 974.978 557.826 0 0 0 0 810518 31.2405 125442 2.78453 1.22306e+06 810518 ZonesAtSurface
1174.5 974.978 582.797 0 0 0 0 835010 33.8642 86605.3 3.60877 1.1814e+06 835010 ZonesAtSurface
1224.54 974.978 607.765 0 0 0 0 1.05654e+06 17.2754 115303 2.90564 1.09242e+06 1.05654e+06 ZonesAtSurface
1274.57 974.979 632.73 0 0 0 0 1.35571e+06 41.8431 128625 7.88767 989240 1.35571e+06 ZonesAtSurface
1324.62 974.979 657.695 0 2 0 0 557364 36.8012 132400 4.80669 762188 557364 ZonesAtSurface
1374.67 974.979 682.659 0 4 0 0 1.38957e+06 25.9041 144375 8.46587 596818 1.38957e+06 ZonesAtSurface
1424.72 974.979 707.623 0 0 0 0 1.17689e+06 22.2088 145942 7.95685 504971 1.17689e+06 ZonesAtSurface
1474.77 974.98 732.588 0 0 0 0 824949 38.044 139894 7.60316 491080 824949 ZonesAtSurface
1524.82 974.981 757.555 0 1 0 0 686755 23.2057 90021.8 4.15987 620542 686755 ZonesAtSurface
1574.84 974.987 732.53 0 0 2 1 1.06741e+06 26.1466 70310.2 1.9143 2.08553e+06 1.06741e+06 ZonesAtSurface
1624.85 974.991 707.511 0 9 2 2 1.39506e+06 40.7559 95162.8 1.93419 3.02422e+06 1.39506e+06 ZonesAtSurface
1674.88 974.994 682.505 5 4 2 3 1.49089e+06 15.954 75588.9 1.09815 3.56452e+06 1.49089e+06 ZonesAtSurface
1724.93 974.996 707.478 9 7 2 3 816910 38.0652 121376 1.52033 1.96241e+06 816910 ZonesAtSurface
1774.95 974.997 632.496 0 0 2 5 1.07953e+06 29.4914 64572.8 1.29016 3.83637e+06 1.07953e+06 ZonesAtSurface
1825.03 974.995 607.512 0 0 1 6 1.37468e+06 42.0736 82221.3 1.07132 6.51925e+06 1.37468e+06 ZonesAtSurface
1875.1 974.995 682.391 4 4 2 5 1.35511e+06 29.1829 139873 1.08798 4.03731e+06 1.35511e+06 ZonesAtSurface
1925.18 974.995 707.354 3 5 2 5 873816 22.8691 124869 1.23869 2.05159e+06 873816 ZonesAtSurface
1975.25 974.993 732.37 1 10 2 5 927331 23.6671 104602 1.25872 2.22521e+06 927331 ZonesAtSurface
2025.38 974.993 694.96 2 9 2 5 1.47228e+06 16.1231 95327.5 1.23927 3.1742e+06 1.47228e+06 ZonesAtSurface
2075.58 974.996 545.151 5 0 1 6 749202 38.1175 53800.8 1.01476 4.37813e+06 749202 ZonesAtSurface
2125.66 974.996 445.305 6 0 1 6 1.31616e+06 42.0791 113828 1.0161 7.0078e+06 1.31616e+06 ZonesAtSurface
2175.67 974.995 345.429 6 0 1 6 1.44849e+06 30.1656 60291.7 1.01432 5.76019e+06 1.44849e+06 ZonesAtSurface
2225.62 974.993 245.525 6 0 1 6 1.37543e+06 32.73 53493.8 1.02731 6.64891e+06 1.37543e+06 ZonesAtSurface
2275.52 974.992 145.589 6 0 1 6 1.25237e+06 36.0855 141832 1.07126 8.52279e+06 1.25237e+06 ZonesAtSurface
2325.4 974.991 45.6125 6 0 1 6 1.41671e+06 15.3566 54232.1 1.08668 6.26971e+06 1.41671e+06 ZonesAtSurface
2375.33 974.99 -4.38593 17 0 1 5 848152 21.7159 75084.7 1.24692 7.51778e+06 848152 ZonesAtSurface
2425.29 974.989 -4.37242 31 0 1 3 1.32296e+06 38.7699 88595.9 1.89624 8.0531e+06 1.32296e+06 ZonesAtSurface
2475.22 974.987 -4.33733 46 0 1 1 1.11858e+06 24.8796 92965.4 1.61435 4.78659e+06 1.11858e+06 ZonesAtSurface
2525.07 974.982 -34.3396 34 0 1 1 1.15164e+06 31.2228 107103 1.21971 9.91955e+06 1.15164e+06 ZonesAtSurface
2574.97 974.982 -44.3563 27 0 1 2 1.32816e+06 35.87 116249 1.11031 1.60593e+07 1.32816e+06 ZonesAtSurface
2624.83 974.979 -4.32948 4 0 1 2 645534 25.9759 122947 1.4128 7.23737e+06 645534 ZonesAtSurface
2674.61 974.98 85.7059 5 0 1 1 1.20317e+06 15.8894 84432.8 1.76016 2.1159e+06 1.20317e+06 ZonesAtSurface
2724.46 974.981 175.685 0 1 0 0 1.19968e+06 44.975 130247 2.0362 2.97392e+06 1.19968e+06 ZonesAtSurface
2774.44 974.981 215.667 0 0 0 0 708422 43.8568 65002.9 1.61807 2.69658e+06 708422 ZonesAtSurface
2824.43 974.98 255.643 0 0 0 0 500255 32.309 115938 2.25561 1.23636e+06 500255 ZonesAtSurface
2874.43 974.98 295.621 0 0 0 0 1.15575e+06 21.9735 55657.6 2.35271 1.62311e+06 1.15575e+06 ZonesAtSurface
2924.44 974.98 335.595 0 0 0 0 631027 37.3513 119953 2.12312 1.53739e+06 631027 ZonesAtSurface
2974.44 974.981 325.568 0 0 1 1 1.17582e+06 43.0395 140620 2.57808 3.07474e+06 1.17582e+06 ZonesAtSurface
3024.44 974.981 365.533 9 0 1 1 867152 29.06 90792.2 1.31655 3.24005e+06 867152 ZonesAtSurface
3074.45 974.981 405.499 0 0 2 1 834267 38.9946 146590 1.98797 2.72659e+06 834267 ZonesAtSurface
3124.46 974.981 445.464 34 0 1 1 523339 28.9091 66714.8 1.08086 2.72638e+06 523339 ZonesAtSurface
3174.48 974.982 485.427 1 0 2 1 841042 25.5413 59268 1.13756 2.9236e+06 841042 ZonesAtSurface
3224.5 974.982 525.389 0 0 2 1 938555 36.2637 125932 1.88304 2.87724e+06 938555 ZonesAtSurface
3274.53 974.982 565.347 0 1 1 1 1.46128e+06 20.1106 100867 1.39497 3.00159e+06 1.46128e+06 ZonesAtSurface
3324.57 974.982 605.303 0 0 2 1 1.45781e+06 33.235 131863 2.89386 2.30943e+06 1.45781e+06 ZonesAtSurface
3374.6 974.985 595.262 1 0 2 2 510125 20.9954 65814.9 1.16093 1.79684e+06 510125 ZonesAtSurface
3424.62 974.99 585.208 4 0 1 3 967535 34.2993 78684.7 1.31983 4.90594e+06 967535 ZonesAtSurface
3474.71 974.99 675.135 5 0 2 2 1.41955e+06 30.5762 90559.9 1.86048 3.42184e+06 1.41955e+06 ZonesAtSurface
3524.77 974.992 715.077 7 0 1 2 574072 41.9684 114548 1.71507 2.48475e+06 574072 ZonesAtSurface
3574.84 974.993 755.011 10 3 1 2 1.46678e+06 22.6948 97149.8 1.53557 2.96136e+06 1.46678e+06 ZonesAtSurface
3624.86 974.996 744.945 0 0 2 3 1.26464e+06 24.9369 66802.9 1.09184 4.09035e+06 1.26464e+06 ZonesAtSurface
3674.9 974.999 734.896 17 0 1 4 1.34371e+06 33.94 71190.9 1.07104 5.53688e+06 1.34371e+06 ZonesAtSurface
3724.98 974.996 824.819 0 0 2 3 1.30628e+06 36.4919 133717 1.86026 3.5081e+06 1.30628e+06 ZonesAtSurface
3775.02 974.993 874.811 0 0 2 2 771597 32.3438 70366.9 2.37921 1.42198e+06 771597 ZonesAtSurface
3825.06 974.994 834.846 6 0 1 2 667834 30.6085 136577 2.03903 1.91159e+06 667834 ZonesAtSurface
3875.07 974.992 844.901 0 4 2 1 1.29664e+06 26.9187 60758.7 10 486984 1.29664e+06 ZonesAtSurface
3925.08 974.99 854.958 0 5 0 0 1.26371e+06 33.4106 109704 10 500387 1.26371e+06 ZonesAtSurface
3975.15 974.99 815.017 8 0 0 0 553768 32.2814 96537.9 2.01687 1.26558e+06 553768 ZonesAtSurface
4025.23 974.991 775.076 0 0 0 0 1.372e+06 17.3793 78212.6 1.93671 1.96511e+06 1.372e+06 ZonesAtSurface
4075.35 974.991 685.142 4 0 1 1 886307 44.5683 116498 2.14602 3.26878e+06 886307 ZonesAtSurface
4125.45 974.991 595.207 0 0 1 2 1.28059e+06 40.8033 62387.5 2.90732 3.61487e+06 1.28059e+06 ZonesAtSurface
4175.47 974.989 605.257 8 0 2 1 1.10799e+06 16.2026 76635.3 1.31113 2.57804e+06 1.10799e+06 ZonesAtSurface
4225.54 974.989 515.305 0 0 1 2 995350 35.9387 83427.5 2.11439 3.54967e+06 995350 ZonesAtSurface
4275.53 974.984 575.341 0 10 0 0 677381 44.6775 109202 2.38268 1.71634e+06 677381 ZonesAtSurface
4325.57 974.983 535.374 0 0 0 0 1.10384e+06 40.748 128474 3.2257 1.91836e+06 1.10384e+06 ZonesAtSurface
4375.6 974.985 445.412 0 0 1 1 1.19665e+06 24.8433 138561 1.39918 3.46276e+06 1.19665e+06 ZonesAtSurface
4425.61 974.983 455.443 0 0 0 0 876832 36.4292 76645.9 2.20717 2.10737e+06 876832 ZonesAtSurface
4475.62 974.984 415.472 0 9 0 0 1.2014e+06 23.5788 134412 1.72465 2.10466e+06 1.2014e+06 ZonesAtSurface
4525.63 974.986 325.509 0 0 2 1 713030 43.5686 86805.7 1.79801 3.65308e+06 713030 ZonesAtSurface
4575.61 974.985 235.55 10 0 1 2 806829 25.4529 85116.9 1.05217 4.52315e+06 806829 ZonesAtSurface
4625.62 974.982 245.57 0 2 2 1 1.38561e+06 35.2355 123125 2.40554 2.95448e+06 1.38561e+06 ZonesAtSurface
4675.58 974.981 155.594 1 0 1 2 1.01524e+06 16.5459 102115 1.04801 3.34979e+06 1.01524e+06 ZonesAtSurface
4725.46 974.98 65.6137 1 0 1 3 855732 15.4828 83276.4 1.04311 5.43995e+06 855732 ZonesAtSurface
4775.37 974.979 25.6172 2 0 1 3 1.34736e+06 16.6741 118391 1.01921 7.29795e+06 1.34736e+06 ZonesAtSurface
4825.42 974.973 85.6609 8 0 1 1 931985 38.8523 94085.3 1.09892 5.18483e+06 931985 ZonesAtSurface
4875.29 974.975 45.6648 2 0 1 1 723013 29.9753 69752.5 1.08926 8.13578e+06 723013 ZonesAtSurface
4925.15 974.977 5.64767 1 0 1 1 931894 37.7643 147918 1.07764 1.40504e+07 931894 ZonesAtSurface
74.9445 1024.98 -15.8051 47 0 1 1 1.40745e+06 20.7299 78190.1 1.19878 3.9103e+06 1.40745e+06 ZonesAtSurface
124.82 1024.99 -40.8496 36 0 1 2 680046 27.8188 58417.4 1.05694 6.70333e+06 680046 ZonesAtSurface
174.748 1024.98 -15.8177 32 15 1 2 1.06784e+06 44.7276 63333.8 1.30302 4.46366e+06 1.06784e+06 ZonesAtSurface
224.677 1024.99 -40.8589 30 0 1 3 654383 29.6479 91182.4 1.00789 6.1993e+06 654383 ZonesAtSurface
274.606 1024.99 -15.8468 28 0 1 3 596947 30.2017 105810 1.1464 1.80052e+06 596947 ZonesAtSurface
324.576 1024.99 -40.8896 0 0 1 4 1.05485e+06 41.9373 147482 1.74292 1.17766e+07 1.05485e+06 ZonesAtSurface
374.399 1024.99 84.1076 9 10 2 2 1.30409e+06 19.4278 131918 2.70278 1.4308e+06 1.30409e+06 ZonesAtSurface
424.389 1024.99 109.109 5 0 2 2 1.49728e+06 17.289 122757 1.15247 3.90827e+06 1.49728e+06 ZonesAtSurface
474.35 1024.98 234.098 0 3 0 0 678777 23.9487 136006 2.33616 1.01736e+06 678777 ZonesAtSurface
524.349 1024.98 259.085 4 0 0 0 543396 41.0648 73507.9 2.1752 1.69366e+06 543396 ZonesAtSurface
574.347 1024.98 284.069 0 0 0 0 631250 22.7591 104834 1.68705 1.49005e+06 631250 ZonesAtSurface
624.346 1024.98 309.053 0 0 0 0 778579 20.4605 93197.4 2.12004 1.31405e+06 778579 ZonesAtSurface
674.347 1024.98 334.036 0 0 0 0 868106 27.0525 62167.6 3.15152 1.13668e+06 868106 ZonesAtSurface
724.35 1024.98 359.017 0 0 0 0 1.09396e+06 38.4317 98136.6 5.97879 1.0325e+06 1.09396e+06 ZonesAtSurface
774.354 1024.98 383.997 0 0 0 0 1.34614e+06 22.6666 86357.4 4.88148 949314 1.34614e+06 ZonesAtSurface
824.359 1024.98 408.975 0 0 0 0 924704 20.634 85714.2 2.68814 1.11364e+06 924704 ZonesAtSurface
874.366 1024.98 433.952 0 0 0 0 508154 43.689 65749.7 2.91206 1.28037e+06 508154 ZonesAtSurface
924.376 1024.98 458.93 0 0 0 0 989614 23.8956 74188.7 3.06837 1.14911e+06 989614 ZonesAtSurface
974.389 1024.98 483.907 0 0 0 0 581514 41.1231 89638.4 2.96754 1.29484e+06 581514 ZonesAtSurface
1024.41 1024.98 508.882 0 0 0 0 641456 29.6955 50300.1 2.36457 1.27176e+06 641456 ZonesAtSurface
1074.43 1024.98 533.857 0 0 0 0 886407 20.9944 110986 2.42188 1.22788e+06 886407 ZonesAtSurface
1124.46 1024.98 558.831 0 0 0 0 542669 19.7589 72128 1.51365 1.22555e+06 542669 ZonesAtSurface
1174.49 1024.98 583.802 0 0 0 0 1.2994e+06 22.3955 64873.9 3.77982 1.1827e+06 1.2994e+06 ZonesAtSurface
1224.53 1024.98 608.77 0 0 0 0 599129 36.3454 128846 3.74369 1.00933e+06 599129 ZonesAtSurface
1274.57 1024.98 633.735 0 0 0 0 1.28485e+06 32.9409 138904 6.47477 923540 1.28485e+06 ZonesAtSurface
1324.62 1024.98 658.7 0 3 0 0 645954 15.0771 54895 2.83407 727872 645954 ZonesAtSurface
1374.67 1024.98 683.665 0 4 0 0 1.14857e+06 20.8053 98433.6 6.06755 613083 1.14857e+06 ZonesAtSurface
1424.72 1024.98 708.629 0 0 0 0 924714 37.1134 81040.7 9.76779 510799 924714 ZonesAtSurface
1474.77 1024.98 733.594 0 0 0 0 1.35681e+06 23.4797 125077 9.72794 451539 1.35681e+06 ZonesAtSurface
1524.82 1024.98 758.562 0 0 0 0 505120 29.2998 61255.4 3.50175 680715 505120 ZonesAtSurface
1574.83 1024.99 733.537 2 0 2 1 663942 38.5651 59655.2 1.58378 2.07981e+06 663942 ZonesAtSurface
1624.85 1024.99 708.519 0 7 2 2 1.16701e+06 22.8342 78496 1.14614 3.01138e+06 1.16701e+06 ZonesAtSurface
1674.85 1025 633.534 2 0 1 4 1.3835e+06 39.1628 136027 1.14526 5.33915e+06 1.3835e+06 ZonesAtSurface
1724.92 1025 708.482 8 7 2 3 668141 24.3495 93900.6 1.55079 1.27888e+06 668141 ZonesAtSurface
1774.95 1025 633.497 0 0 2 5 713301 21.7449 82618.7 1.3799 2.48037e+06 713301 ZonesAtSurface
1825.02 1024.99 708.396 9 8 2 4 609506 17.6795 74477.4 1.2464 1.38109e+06 609506 ZonesAtSurface
1875.11 1024.99 683.395 1 0 2 5 974924 17.9558 99952 1.00955 2.5844e+06 974924 ZonesAtSurface
1925.18 1025 708.356 3 3 2 5 607395 32.7261 50679.2 1.05112 2.07374e+06 607395 ZonesAtSurface
1975.19 1024.99 783.35 6 10 2 4 672860 17.0635 90183.7 1.12876 1.69745e+06 672860 ZonesAtSurface
2025.38 1024.99 695.96 4 8 1 5 1.22957e+06 40.6936 53483.3 1.25503 4.50782e+06 1.22957e+06 ZonesAtSurface
2075.58 1025 546.151 6 0 1 6 678516 44.1473 104138 1.01962 4.85987e+06 678516 ZonesAtSurface
2125.66 1025 446.306 6 0 1 6 1.04152e+06 38.969 58647 1.0046 5.65425e+06 1.04152e+06 ZonesAtSurface
2175.67 1025 346.431 5 0 1 6 1.38705e+06 31.5623 70614.4 1.02417 6.26709e+06 1.38705e+06 ZonesAtSurface
2225.62 1024.99 246.527 6 0 1 6 1.4647e+06 25.3817 134396 1.02535 5.55882e+06 1.4647e+06 ZonesAtSurface
2275.52 1024.99 146.592 6 0 1 6 682248 39.0633 144947 1.07228 7.89879e+06 682248 ZonesAtSurface
2325.4 1024.99 46.6144 6 0 1 6 1.05794e+06 19.6805 113893 1.10228 6.56405e+06 1.05794e+06 ZonesAtSurface
2375.33 1024.99 -3.38451 14 0 1 5 1.29438e+06 22.2082 85111.3 1.32037 7.95807e+06 1.29438e+06 ZonesAtSurface
2425.29 1024.99 -3.37265 39 0 1 3 1.46851e+06 27.8469 66084.5 1.7009 6.56939e+06 1.46851e+06 ZonesAtSurface
2475.23 1024.99 -3.33159 48 0 1 1 603881 30.3616 143098 1.7354 4.35259e+06 603881 ZonesAtSurface
2525.05 1024.98 -33.3426 32 0 1 1 780629 42.9948 98017.6 1.02695 1.39779e+07 780629 ZonesAtSurface
2574.97 1024.98 -43.3564 1 0 1 2 1.05166e+06 43.3485 64952.5 1.09357 1.45856e+07 1.05166e+06 ZonesAtSurface
2624.84 1024.98 -3.32802 0 0 1 2 809941 16.2784 92761.8 1.2334 6.0735e+06 809941 ZonesAtSurface
2674.61 1024.98 86.7093 1 0 2 1 1.4716e+06 27.0628 114775 1.60241 3.50568e+06 1.4716e+06 ZonesAtSurface
2724.46 1024.98 176.689 5 0 0 0 1.07115e+06 39.2272 118987 1.67601 3.09323e+06 1.07115e+06 ZonesAtSurface
2774.44 1024.98 216.667 4 0 0 0 658255 29.7291 143121 1.45847 1.82178e+06 658255 ZonesAtSurface
2824.43 1024.98 256.645 0 0 0 0 1.4528e+06 26.1703 121842 2.39309 2.12762e+06 1.4528e+06 ZonesAtSurface
2874.43 1024.98 296.623 0 0 0 0 669364 37.2641 91130.6 2.29686 1.53239e+06 669364 ZonesAtSurface
2924.44 1024.98 336.598 0 6 0 0 1.26343e+06 40.9319 126100 3.97349 1.5027e+06 1.26343e+06 ZonesAtSurface
2974.44 1024.98 326.57 0 0 1 1 1.08122e+06 32.8859 93427.9 1.86035 2.86841e+06 1.08122e+06 ZonesAtSurface
3024.44 1024.98 366.536 9 0 1 1 931658 24.6577 59163.8 1.19356 3.21635e+06 931658 ZonesAtSurface
3074.46 1024.98 456.495 0 0 0 0 1.09858e+06 24.0948 148425 2.06636 1.80924e+06 1.09858e+06 ZonesAtSurface
3124.48 1024.98 496.462 0 0 0 0 925308 42.9658 116197 2.44444 2.37443e+06 925308 ZonesAtSurface
3174.48 1024.98 486.43 0 0 1 1 1.05787e+06 31.9098 78836.7 1.7534 2.95709e+06 1.05787e+06 ZonesAtSurface
3224.5 1024.98 526.391 0 0 1 1 839104 39.977 68755.7 2.04393 2.99913e+06 839104 ZonesAtSurface
3274.56 1024.98 616.348 0 7 0 0 1.3266e+06 44.2872 81850.9 4.21207 1.63697e+06 1.3266e+06 ZonesAtSurface
3324.57 1024.98 606.305 0 0 1 1 1.0846e+06 25.161 61708 1.56305 2.64907e+06 1.0846e+06 ZonesAtSurface
3374.62 1024.98 646.259 0 2 1 1 1.22443e+06 33.0749 139784 2.08616 2.22014e+06 1.22443e+06 ZonesAtSurface
3424.65 1024.99 636.204 0 0 1 2 879362 44.601 57799.2 1.73735 4.41732e+06 879362 ZonesAtSurface
3474.75 1024.99 726.136 1 10 2 1 888917 28.6589 90136.9 1.97391 1.83735e+06 888917 ZonesAtSurface
3524.77 1024.99 716.082 0 0 2 2 856040 33.3672 129445 1.89382 2.4271e+06 856040 ZonesAtSurface
3574.79 1025 706.021 0 0 1 3 858050 33.4346 71055.4 1.24823 4.02373e+06 858050 ZonesAtSurface
3624.86 1025 745.948 9 0 1 3 767757 31.4962 52152.4 1.0545 3.26845e+06 767757 ZonesAtSurface
3674.9 1025 735.896 4 0 1 4 882716 16.8083 147096 1.02005 2.8585e+06 882716 ZonesAtSurface
3724.98 1024.99 825.822 6 0 2 3 1.25354e+06 17.6709 124971 1.162 3.18241e+06 1.25354e+06 ZonesAtSurface
3775.01 1024.99 925.815 4 9 2 1 519196 44.865 84230 2.41662 1.2756e+06 519196 ZonesAtSurface
3825.06 1024.99 835.847 0 0 2 2 1.09638e+06 43.3126 125471 5.40505 1.79257e+06 1.09638e+06 ZonesAtSurface
3875.07 1024.99 845.902 12 0 2 1 549155 22.3459 117739 4.13669 735402 549155 ZonesAtSurface
3925.08 1024.99 855.96 0 4 0 0 1.0186e+06 36.0131 118540 8.8952 560525 1.0186e+06 ZonesAtSurface
3975.15 1024.99 816.02 0 0 0 0 1.49933e+06 34.6 72218.8 4.47081 1.39625e+06 1.49933e+06 ZonesAtSurface
4025.23 1024.99 776.079 0 0 0 0 957212 35.3246 64885.2 2.3744 1.87556e+06 957212 ZonesAtSurface
4075.35 1024.99 686.144 7 0 2 1 977320 25.5202 148037 1.18524 3.0737e+06 977320 ZonesAtSurface
4125.42 1024.99 646.204 0 0 2 1 1.44599e+06 31.5833 61772.7 1.83274 3.4403e+06 1.44599e+06 ZonesAtSurface
4175.47 1024.99 606.256 0 0 1 1 643537 39.2658 129795 1.66531 2.59177e+06 643537 ZonesAtSurface
4225.49 1024.98 616.3 10 10 0 0 796306 35.7255 110877 2.30994 1.80557e+06 796306 ZonesAtSurface
4275.54 1024.99 576.338 0 4 0 0 787074 37.7235 106935 2.03803 2.03849e+06 787074 ZonesAtSurface
4325.57 1024.98 536.373 0 0 0 0 1.13371e+06 16.8087 62046.8 1.51214 2.18623e+06 1.13371e+06 ZonesAtSurface
4375.6 1024.98 496.41 0 0 0 0 1.12349e+06 37.8849 85404.5 1.73525 3.47105e+06 1.12349e+06 ZonesAtSurface
4425.61 1024.98 456.445 0 0 0 0 1.32104e+06 25.6799 144095 1.97444 2.22477e+06 1.32104e+06 ZonesAtSurface
4475.62 1024.98 416.474 0 0 0 0 1.16193e+06 28.8225 100392 2.32279 2.04122e+06 1.16193e+06 ZonesAtSurface
4525.62 1024.99 276.521 0 0 1 2 617617 37.3729 117006 1.34461 4.64706e+06 617617 ZonesAtSurface
4575.63 1024.98 286.547 5 0 1 1 1.10753e+06 34.6113 132456 1.69663 3.80194e+06 1.10753e+06 ZonesAtSurface
4625.62 1024.98 246.572 4 5 2 1 1.07284e+06 36.0016 50877.1 1.59367 3.25014e+06 1.07284e+06 ZonesAtSurface
4675.61 1024.98 206.591 9 0 2 1 1.00435e+06 31.8138 142806 1.26877 3.5746e+06 1.00435e+06 ZonesAtSurface
4725.46 1024.98 66.6142 0 0 1 3 1.28979e+06 43.2416 134693 1.88926 9.9742e+06 1.28979e+06 ZonesAtSurface
4775.52 1024.98 126.646 6 0 1 1 1.29893e+06 28.0499 105959 1.31702 4.10385e+06 1.29893e+06 ZonesAtSurface
4825.34 1024.98 36.6315 4 0 1 2 1.21702e+06 28.6637 136191 1.01707 9.90155e+06 1.21702e+06 ZonesAtSurface
4875.29 1024.98 46.6638 8 0 1 1 522038 39.4264 107865 1.07052 8.73196e+06 522038 ZonesAtSurface
4925.23 1024.98 56.713 0 0 0 0 520044 19.6636 120797 1.57401 2.86866e+06 520044 ZonesAtSurface
74.9482 1074.99 -14.8118 46 0 1 1 614218 42.9968 143696 1.34116 5.25449e+06 614218 ZonesAtSurface
124.827 1074.99 -39.8466 33 0 1 2 912274 38.8132 98505.2 1.05775 9.32227e+06 912274 ZonesAtSurface
174.759 1074.98 -14.812 43 9 1 2 1.09969e+06 28.6062 113976 1.12879 3.51813e+06 1.09969e+06 ZonesAtSurface
224.681 1074.99 -39.8544 24 0 1 3 1.091e+06 36.3909 79682 1.02675 9.03583e+06 1.091e+06 ZonesAtSurface
274.611 1074.99 -14.8392 29 0 1 3 833564 31.4825 51010.1 1.18993 2.98997e+06 833564 ZonesAtSurface
324.575 1074.99 -39.885 16 0 1 4 579042 24.2441 109351 1.0264 8.70229e+06 579042 ZonesAtSurface
374.451 1074.99 35.1116 6 0 2 3 669525 42.7708 88761.1 1.15819 6.27828e+06 669525 ZonesAtSurface
424.382 1074.99 110.107 4 0 2 2 1.05699e+06 37.9324 116265 1.39024 3.84759e+06 1.05699e+06 ZonesAtSurface
474.355 1074.98 185.099 0 0 2 1 1.40178e+06 33.6308 96077.2 1.97069 2.87748e+06 1.40178e+06 ZonesAtSurface
524.347 1074.98 260.087 0 3 0 0 1.3477e+06 42.5016 62309.5 4.40894 1.68661e+06 1.3477e+06 ZonesAtSurface
574.345 1074.98 285.071 0 0 0 0 868315 20.6261 68471.6 1.86242 1.61447e+06 868315 ZonesAtSurface
624.344 1074.98 310.055 0 0 0 0 1.19755e+06 40.9559 68183.4 5.34155 1.34625e+06 1.19755e+06 ZonesAtSurface
674.345 1074.98 335.037 0 0 0 0 667656 17.0317 131515 1.89682 1.16019e+06 667656 ZonesAtSurface
724.347 1074.98 360.018 0 0 0 0 752642 23.4018 51694.1 2.87072 1.03588e+06 752642 ZonesAtSurface
774.351 1074.98 384.998 0 0 0 0 825645 21.0229 68219.1 2.90506 1.00228e+06 825645 ZonesAtSurface
824.357 1074.98 409.977 0 0 0 0 1.02577e+06 44.5772 91882.2 5.84484 1.09662e+06 1.02577e+06 ZonesAtSurface
874.364 1074.98 434.955 0 0 0 0 605591 41.0273 115618 2.88397 1.25761e+06 605591 ZonesAtSurface
924.373 1074.98 459.933 0 0 0 0 1.41862e+06 20.8061 143129 3.77269 1.18218e+06 1.41862e+06 ZonesAtSurface
974.386 1074.98 484.91 0 0 0 0 1.19323e+06 39.0588 72431.6 4.87866 1.28113e+06 1.19323e+06 ZonesAtSurface
1024.41 1074.98 509.886 0 0 0 0 1.35956e+06 43.4571 59467.5 6.33107 1.28492e+06 1.35956e+06 ZonesAtSurface
1074.43 1074.98 534.861 0 0 0 0 567493 43.6469 72915.3 3.59506 1.25116e+06 567493 ZonesAtSurface
1124.46 1074.98 559.835 0 0 0 0 1.16781e+06 16.398 66061.7 2.9397 1.14815e+06 1.16781e+06 ZonesAtSurface
1174.49 1074.98 584.807 0 0 0 0 1.29571e+06 44.0814 76477.3 6.60015 1.19413e+06 1.29571e+06 ZonesAtSurface
1224.53 1074.98 609.774 0 0 0 0 1.12827e+06 31.2053 86531.6 4.43624 1.10658e+06 1.12827e+06 ZonesAtSurface
1274.57 1074.98 634.74 0 0 0 0 1.15862e+06 42.1485 149016 8.13899 858733 1.15862e+06 ZonesAtSurface
1324.61 1074.98 659.706 0 3 0 0 1.18874e+06 24.8915 78018.3 5.57138 767713 1.18874e+06 ZonesAtSurface
1374.67 1074.98 684.671 0 6 0 0 694710 38.5781 116451 6.3477 629663 694710 ZonesAtSurface
1424.72 1074.98 709.635 0 0 0 0 504797 43.8102 95838.4 6.78194 542417 504797 ZonesAtSurface
1474.77 1074.98 734.6 0 0 0 0 1.142e+06 24.8278 56838.9 10 391087 1.142e+06 ZonesAtSurface
1524.82 1074.98 759.569 0 0 0 0 694431 27.7354 63023 4.34363 688076 694431 ZonesAtSurface
1574.83 1074.99 734.544 0 0 2 1 1.249e+06 23.1734 57377.1 1.97717 2.18304e+06 1.249e+06 ZonesAtSurface
1624.82 1074.99 659.543 4 0 2 3 1.15308e+06 18.0425 113809 1.01349 3.45873e+06 1.15308e+06 ZonesAtSurface
1674.85 1075 634.542 4 0 1 4 727119 37.4594 146047 1.03832 4.07763e+06 727119 ZonesAtSurface
1724.9 1075 659.513 7 0 1 4 1.03181e+06 16.8311 59134.9 1.09592 2.77845e+06 1.03181e+06 ZonesAtSurface
1774.95 1075 634.503 1 0 1 5 509765 39.2984 125750 1.71843 2.81482e+06 509765 ZonesAtSurface
1825.03 1075 659.452 1 0 1 5 1.10507e+06 32.9889 109348 1.05124 4.20081e+06 1.10507e+06 ZonesAtSurface
1875.11 1075 684.394 0 0 2 5 983093 15.625 97012.7 1.03497 2.45101e+06 983093 ZonesAtSurface
1925.07 1075 859.299 2 10 2 2 597329 40.2003 135415 0 451091 597329 ZonesAtSurface
1975.19 1074.99 784.345 1 8 2 4 515829 25.4312 78756.2 1.23904 1.30141e+06 515829 ZonesAtSurface
2025.32 1074.99 746.937 0 2 2 4 1.0719e+06 35.3802 115103 1.20557 3.34981e+06 1.0719e+06 ZonesAtSurface
2075.58 1075 547.152 2 0 1 6 1.43033e+06 29.4711 73366.6 1.00964 5.30322e+06 1.43033e+06 ZonesAtSurface
2125.66 1075 447.306 6 0 1 6 994939 43.68 56126.4 1.00873 5.38442e+06 994939 ZonesAtSurface
2175.67 1075 347.431 3 0 1 6 1.06415e+06 44.6589 92706.4 1.09746 6.64554e+06 1.06415e+06 ZonesAtSurface
2225.62 1074.99 247.527 6 0 1 6 1.02984e+06 15.4289 144358 1.02994 3.36104e+06 1.02984e+06 ZonesAtSurface
2275.52 1074.99 147.592 6 0 1 6 1.04465e+06 32.0161 77855.7 1.07188 7.31905e+06 1.04465e+06 ZonesAtSurface
2325.4 1074.99 47.6156 6 0 1 6 1.00767e+06 21.6632 141674 1.10265 6.99116e+06 1.00767e+06 ZonesAtSurface
2375.33 1074.99 -2.38331 17 0 1 5 1.46909e+06 23.2822 101331 1.38722 8.28512e+06 1.46909e+06 ZonesAtSurface
2425.3 1074.99 -2.37178 25 0 1 3 1.43666e+06 40.9693 50704.3 2.27042 7.53243e+06 1.43666e+06 ZonesAtSurface
2475.23 1074.99 -2.32891 50 0 1 1 674106 18.7551 141853 1.77099 2.66328e+06 674106 ZonesAtSurface
2525.05 1074.99 -32.3375 36 0 1 1 1.25054e+06 22.4508 84479.8 1.06887 9.10702e+06 1.25054e+06 ZonesAtSurface
2574.97 1074.99 -42.3548 3 0 1 2 1.18391e+06 26.0972 93279.4 1.01963 1.10056e+07 1.18391e+06 ZonesAtSurface
2624.83 1074.99 -2.3235 10 0 1 2 658034 32.3852 125094 1.09871 1.03038e+07 658034 ZonesAtSurface
2674.71 1074.99 37.6937 8 0 1 2 1.24854e+06 23.3647 66305.3 1.03077 6.65505e+06 1.24854e+06 ZonesAtSurface
2724.52 1074.99 127.692 1 0 1 1 1.25145e+06 35.3178 64129.9 1.27342 4.35348e+06 1.25145e+06 ZonesAtSurface
2774.44 1074.99 217.666 0 0 0 0 1.39337e+06 24.9824 128623 1.76667 2.64032e+06 1.39337e+06 ZonesAtSurface
2824.43 1074.98 257.647 0 0 0 0 503911 37.6038 103909 2.34685 1.37666e+06 503911 ZonesAtSurface
2874.43 1074.98 297.625 0 0 0 0 1.49706e+06 34.9381 89246.7 3.51022 1.87759e+06 1.49706e+06 ZonesAtSurface
2924.44 1074.98 337.598 0 0 0 0 713884 43.3054 70033.8 2.40769 1.78543e+06 713884 ZonesAtSurface
2974.45 1074.98 377.567 3 0 0 0 534017 43.3209 128693 2.0353 2.04375e+06 534017 ZonesAtSurface
3024.45 1074.98 417.533 0 0 0 0 1.42902e+06 34.2622 103689 2.70641 2.3182e+06 1.42902e+06 ZonesAtSurface
3074.46 1074.98 457.498 0 0 0 0 1.05203e+06 24.4998 148750 1.82441 1.96965e+06 1.05203e+06 ZonesAtSurface
3124.48 1074.98 497.464 0 0 0 0 1.42601e+06 17.1902 125563 1.75052 2.35922e+06 1.42601e+06 ZonesAtSurface
3174.5 1074.98 537.429 0 5 0 0 1.31804e+06 28.5413 107818 2.34168 2.14812e+06 1.31804e+06 ZonesAtSurface
3224.52 1074.98 577.392 0 5 0 0 1.44625e+06 41.1502 55767.5 3.20883 2.45431e+06 1.44625e+06 ZonesAtSurface
3274.53 1074.99 567.352 7 0 2 1 1.18874e+06 22.4464 139792 1.2205 3.27834e+06 1.18874e+06 ZonesAtSurface
3324.57 1074.99 607.305 0 0 2 1 1.49048e+06 26.0841 79308.6 1.80207 3.06563e+06 1.49048e+06 ZonesAtSurface
3374.62 1074.99 647.257 0 7 2 1 1.27616e+06 31.7323 100958 2.06545 2.48253e+06 1.27616e+06 ZonesAtSurface
3424.68 1074.99 687.202 0 9 1 1 1.18292e+06 44.0697 107134 2.36919 3.14573e+06 1.18292e+06 ZonesAtSurface
3474.75 1074.99 727.143 0 4 2 1 1.30565e+06 15.008 111259 1.85751 2.01656e+06 1.30565e+06 ZonesAtSurface
3524.82 1074.99 767.085 0 0 2 1 1.4976e+06 42.9486 130307 6.09381 1.18796e+06 1.4976e+06 ZonesAtSurface
3574.84 1075 757.021 0 10 1 2 1.47667e+06 27.2998 102631 1.79141 2.87404e+06 1.47667e+06 ZonesAtSurface
3624.83 1075 696.973 6 0 1 4 543203 30.4868 50308.9 1.01185 3.30509e+06 543203 ZonesAtSurface
3674.9 1075 736.901 3 0 1 4 1.4465e+06 31.9001 125942 1.04406 5.36412e+06 1.4465e+06 ZonesAtSurface
3724.98 1075 826.827 4 0 1 3 839845 32.1402 71024.7 1.21886 3.11023e+06 839845 ZonesAtSurface
3775.01 1074.99 926.819 4 8 2 1 707688 22.9802 117865 3.04386 748321 707688 ZonesAtSurface
3825.03 1074.99 886.849 0 7 2 1 1.37054e+06 44.367 118029 4.75379 1.79821e+06 1.37054e+06 ZonesAtSurface
3875.08 1074.99 846.902 13 0 2 1 519607 20.2391 89164.5 2.7835 958922 519607 ZonesAtSurface
3925.08 1074.99 856.961 0 9 0 0 636593 37.1472 91060.5 5.96858 617789 636593 ZonesAtSurface
3975.15 1074.99 817.022 0 0 0 0 1.35995e+06 28.6299 130749 3.20327 1.516e+06 1.35995e+06 ZonesAtSurface
4025.23 1074.99 777.083 0 0 0 0 1.18111e+06 34.6012 65206.1 2.95592 1.75446e+06 1.18111e+06 ZonesAtSurface
4075.31 1074.99 737.14 0 0 0 0 1.33521e+06 33.6367 65002.3 2.72638 2.23853e+06 1.33521e+06 ZonesAtSurface
4125.42 1074.99 647.203 0 0 1 1 1.39722e+06 28.2799 80898.1 2.06252 3.00149e+06 1.39722e+06 ZonesAtSurface
4175.44 1074.99 657.252 4 1 0 0 1.03643e+06 20.7288 107614 1.53434 2.1269e+06 1.03643e+06 ZonesAtSurface
4225.5 1074.99 617.296 0 7 0 0 675348 41.4291 86029.9 1.9068 2.19868e+06 675348 ZonesAtSurface
4275.54 1074.99 577.337 0 0 0 0 1.31882e+06 26.8619 53973.1 2.03847 2.30521e+06 1.31882e+06 ZonesAtSurface
4325.58 1074.99 537.374 0 0 0 0 1.39024e+06 43.0146 95491.4 3.33515 2.47042e+06 1.39024e+06 ZonesAtSurface
4375.61 1074.99 447.416 0 0 1 1 1.10614e+06 44.4191 133622 2.56913 3.45808e+06 1.10614e+06 ZonesAtSurface
4425.61 1074.99 457.448 9 0 0 0 1.05511e+06 19.9435 87057.3 1.3694 2.57512e+06 1.05511e+06 ZonesAtSurface
4475.62 1074.99 417.479 0 7 0 0 1.22254e+06 27.8029 122882 1.89761 2.15994e+06 1.22254e+06 ZonesAtSurface
4525.62 1074.99 377.511 0 0 0 0 1.35436e+06 44.9787 60073.2 3.14083 2.55751e+06 1.35436e+06 ZonesAtSurface
4575.63 1074.98 337.541 0 6 0 0 1.26904e+06 34.8844 95629.8 2.18839 2.26853e+06 1.26904e+06 ZonesAtSurface
4625.63 1074.98 297.566 0 0 0 0 1.33296e+06 43.848 149058 3.7533 2.05952e+06 1.33296e+06 ZonesAtSurface
4675.61 1074.98 207.594 0 0 2 1 1.34338e+06 37.2665 57955.7 1.54373 4.54225e+06 1.34338e+06 ZonesAtSurface
4725.59 1074.98 167.612 6 0 2 1 1.33832e+06 25.4974 56106.3 1.28398 4.18432e+06 1.33832e+06 ZonesAtSurface
4775.45 1074.99 77.6295 6 0 1 2 1.19883e+06 25.1833 122724 1.02825 6.60642e+06 1.19883e+06 ZonesAtSurface
4825.34 1074.99 37.6331 2 0 1 2 653819 35.7093 116032 1.0446 1.0551e+07 653819 ZonesAtSurface
4875.4 1074.98 97.7239 6 1 0 0 1.27511e+06 22.4266 101847 2.00182 2.05972e+06 1.27511e+06 ZonesAtSurface
4925.23 1074.98 57.7228 0 0 0 0 1.37786e+06 32.2843 130720 1.2795 6.67134e+06 1.37786e+06 ZonesAtSurface
74.9535 1124.99 -13.8109 39 0 1 1 667221 39.878 81000.9 1.33667 4.31377e+06 667221 ZonesAtSurface
124.832 1124.99 -38.8409 32 0 1 2 982180 41.5361 94433.8 1.07059 9.19835e+06 982180 ZonesAtSurface
174.765 1124.99 -13.8019 44 19 1 2 1.31435e+06 39.3697 82501.6 1.1803 4.88452e+06 1.31435e+06 ZonesAtSurface
224.679 1124.99 -38.8523 25 0 1 3 1.02321e+06 40.3206 98871.6 1.05015 1.00566e+07 1.02321e+06 ZonesAtSurface
274.61 1124.99 -13.8369 24 2 1 3 1.13504e+06 28.6346 93337.4 1.19698 3.26959e+06 1.13504e+06 ZonesAtSurface
324.575 1124.99 -38.881 8 0 1 4 575053 38.6199 133546 1.12033 1.1844e+07 575053 ZonesAtSurface
374.515 1124.99 -13.8882 9 0 1 4 770823 30.3067 145902 1.06419 8.24813e+06 770823 ZonesAtSurface
424.354 1124.99 161.101 0 9 2 1 915821 39.0018 73598.5 5.09122 871458 915821 ZonesAtSurface
474.346 1124.98 236.098 0 0 0 0 938657 34.2544 149308 3.90113 908321 938657 ZonesAtSurface
524.345 1124.98 261.088 0 0 0 0 851624 21.0241 77380.6 1.97159 1.50567e+06 851624 ZonesAtSurface
574.343 1124.98 286.073 0 0 0 0 1.45905e+06 16.1645 133958 2.53859 1.67462e+06 1.45905e+06 ZonesAtSurface
624.341 1124.98 311.056 0 0 0 0 851824 28.3782 77903.2 2.74251 1.38101e+06 851824 ZonesAtSurface
674.342 1124.98 336.038 0 0 0 0 1.13809e+06 22.5136 149398 3.41515 1.18315e+06 1.13809e+06 ZonesAtSurface
724.345 1124.98 361.02 0 0 0 0 1.08832e+06 27.0875 101971 4.30041 1.03798e+06 1.08832e+06 ZonesAtSurface
774.349 1124.98 386 0 0 0 0 769934 32.4975 82066.2 3.70875 1.0464e+06 769934 ZonesAtSurface
824.354 1124.98 410.979 0 0 0 0 539678 33.2118 84775.9 2.61916 1.10558e+06 539678 ZonesAtSurface
874.361 1124.98 435.957 0 0 0 0 646858 30.0956 53656 2.36973 1.23037e+06 646858 ZonesAtSurface
924.37 1124.98 460.935 0 0 0 0 568870 44.3775 104271 3.5093 1.20157e+06 568870 ZonesAtSurface
974.383 1124.98 485.913 0 0 0 0 874655 27.9425 52568.2 2.85106 1.27562e+06 874655 ZonesAtSurface
1024.4 1124.98 510.889 0 0 0 0 1.12666e+06 21.6339 74997.2 2.99227 1.28365e+06 1.12666e+06 ZonesAtSurface
1074.43 1124.98 535.864 0 0 0 0 1.43903e+06 37.3512 89287.9 5.95617 1.20988e+06 1.43903e+06 ZonesAtSurface
1124.46 1124.98 560.839 0 0 0 0 1.4539e+06 38.6667 79172.6 6.75488 1.06518e+06 1.4539e+06 ZonesAtSurface
1174.49 1124.98 585.811 0 0 0 0 1.056e+06 26.886 109159 3.47784 1.16058e+06 1.056e+06 ZonesAtSurface
1224.53 1124.98 610.778 0 0 0 0 1.32217e+06 29.4141 89437.5 4.62682 1.11387e+06 1.32217e+06 ZonesAtSurface
1274.56 1124.98 635.744 0 0 0 0 1.13508e+06 30.0662 109124 5.82285 819188 1.13508e+06 ZonesAtSurface
1324.61 1124.98 660.711 0 3 0 0 1.31625e+06 17.9024 55071.3 4.94869 793505 1.31625e+06 ZonesAtSurface
1374.67 1124.98 685.677 0 7 0 0 1.39961e+06 32.1295 91433.5 7.58107 745473 1.39961e+06 ZonesAtSurface
1424.72 1124.98 710.64 0 0 0 0 1.18372e+06 36.7316 107864 10 536124 1.18372e+06 ZonesAtSurface
1474.77 1124.98 735.606 0 0 0 0 1.41239e+06 19.5235 103820 10 359639 1.41239e+06 ZonesAtSurface
1524.82 1124.98 760.575 0 0 0 0 564698 43.7666 95959.3 3.59328 931459 564698 ZonesAtSurface
1574.83 1124.99 735.552 0 1 2 1 880405 37.6219 110063 1.8677 2.1251e+06 880405 ZonesAtSurface
1624.85 1124.99 710.534 0 9 2 2 1.0092e+06 41.6991 52781.5 1.43959 3.00657e+06 1.0092e+06 ZonesAtSurface
1674.85 1125 635.549 0 0 2 4 1.33416e+06 25.3921 134688 1.12802 4.03082e+06 1.33416e+06 ZonesAtSurface
1724.89 1125 610.55 0 0 1 5 1.19677e+06 35.4409 51023.1 1.17327 4.61466e+06 1.19677e+06 ZonesAtSurface
1774.95 1125 635.508 3 0 1 5 942895 20.765 144880 1.39142 2.52536e+06 942895 ZonesAtSurface
1825.03 1125 660.453 6 0 2 5 1.3502e+06 17.8721 126805 1.08658 3.56383e+06 1.3502e+06 ZonesAtSurface
1875.09 1125 735.346 6 8 2 4 1.12812e+06 24.1298 75269.9 1.35879 2.86308e+06 1.12812e+06 ZonesAtSurface
1925.18 1125 710.35 6 6 2 5 928060 25.1208 122565 1.0007 2.77116e+06 928060 ZonesAtSurface
1975.19 1125 785.346 6 7 2 4 579674 32.3721 107862 1.15634 1.76807e+06 579674 ZonesAtSurface
2025.32 1125 747.937 0 6 2 4 1.31597e+06 32.0649 93197.7 1.31419 3.61985e+06 1.31597e+06 ZonesAtSurface
2075.58 1125 548.156 0 0 1 6 1.23081e+06 22.206 128891 1.01157 3.88789e+06 1.23081e+06 ZonesAtSurface
2125.66 1125 448.306 6 0 1 6 1.47732e+06 27.1879 61628.4 1.01093 5.45042e+06 1.47732e+06 ZonesAtSurface
2175.67 1125 348.43 6 0 1 6 1.44285e+06 39.3178 99772.1 1.06849 6.96635e+06 1.44285e+06 ZonesAtSurface
2225.62 1125 248.525 6 0 1 6 774588 28.8173 144102 1.04585 4.21348e+06 774588 ZonesAtSurface
2275.52 1124.99 148.591 0 0 1 6 748481 38.2999 72216.8 1.11159 6.72679e+06 748481 ZonesAtSurface
2325.4 1124.99 48.6165 0 0 1 6 1.31026e+06 42.4577 115722 2.21112 8.60539e+06 1.31026e+06 ZonesAtSurface
2375.33 1124.99 -1.38327 13 0 1 5 1.22023e+06 28.9246 113200 1.62879 8.47655e+06 1.22023e+06 ZonesAtSurface
2425.3 1124.99 -1.37046 39 0 1 3 1.14071e+06 29.3638 121334 1.95574 4.86803e+06 1.14071e+06 ZonesAtSurface
2475.23 1125 -1.32729 51 0 1 1 840737 42.5842 69409.5 2.25719 5.86746e+06 840737 ZonesAtSurface
2525.06 1125 -31.3229 37 0 1 1 868549 35.0882 51890.7 1.14625 1.01049e+07 868549 ZonesAtSurface
2574.96 1124.99 -41.3512 24 0 1 2 1.22636e+06 33.3552 135132 1.04273 1.37422e+07 1.22636e+06 ZonesAtSurface
2624.82 1124.99 -1.31966 22 0 1 2 502222 44.4673 52109.1 1.03655 9.904e+06 502222 ZonesAtSurface
2674.79 1124.99 -11.3342 5 0 1 3 965770 37.5695 133012 1.14055 1.30104e+07 965770 ZonesAtSurface
2724.46 1124.99 178.688 3 10 0 0 771143 15.5778 66216.1 2.0238 1.0454e+06 771143 ZonesAtSurface
2774.47 1124.99 168.669 0 0 2 1 1.10421e+06 38.8765 127873 1.51372 3.95542e+06 1.10421e+06 ZonesAtSurface
2824.43 1124.98 258.649 0 0 0 0 1.10356e+06 27.8454 84198.6 2.2698 1.89386e+06 1.10356e+06 ZonesAtSurface
2874.43 1124.98 298.627 0 0 0 0 768331 44.7139 131133 2.51285 1.95412e+06 768331 ZonesAtSurface
2924.44 1124.98 338.599 0 0 0 0 1.26144e+06 39.6031 71267.3 3.2831 1.9116e+06 1.26144e+06 ZonesAtSurface
2974.44 1124.98 378.568 4 0 0 0 533908 35.8007 81318.2 1.35633 2.07782e+06 533908 ZonesAtSurface
3024.45 1124.98 418.535 0 1 0 0 666677 36.8679 94896.4 1.43998 1.94315e+06 666677 ZonesAtSurface
3074.47 1124.98 458.501 0 0 0 0 829592 25.7674 144218 1.65242 1.97723e+06 829592 ZonesAtSurface
3124.47 1124.99 448.471 0 0 1 1 563235 37.02 79823.2 1.23291 3.02553e+06 563235 ZonesAtSurface
3174.5 1124.99 538.433 0 0 0 0 1.23509e+06 22.4475 148000 2.44205 1.70195e+06 1.23509e+06 ZonesAtSurface
3224.5 1124.99 528.399 0 0 1 1 761403 34.3038 142065 1.3752 3.12368e+06 761403 ZonesAtSurface
3274.53 1124.99 568.354 8 0 2 1 738353 20.2748 107004 1.01533 2.81404e+06 738353 ZonesAtSurface
3324.57 1124.99 608.306 5 0 2 1 915838 16.8695 126972 1.06868 2.6722e+06 915838 ZonesAtSurface
3374.62 1124.99 648.258 2 0 2 1 792467 31.0423 106562 1.33489 2.51021e+06 792467 ZonesAtSurface
3424.65 1124.99 638.209 0 0 1 2 1.2765e+06 18.1254 71021.5 1.11404 3.5252e+06 1.2765e+06 ZonesAtSurface
3474.75 1124.99 728.15 0 9 2 1 1.28603e+06 40.2202 50779.9 3.43054 2.02786e+06 1.28603e+06 ZonesAtSurface
3524.82 1125 768.093 0 0 2 1 1.10349e+06 31.0788 130674 2.60712 1.65441e+06 1.10349e+06 ZonesAtSurface
3574.8 1125 708.034 0 0 1 3 1.45945e+06 19.1133 140658 1.27795 3.70744e+06 1.45945e+06 ZonesAtSurface
3624.83 1125 697.982 5 0 1 4 1.3052e+06 36.6018 51268.1 1.17038 5.34339e+06 1.3052e+06 ZonesAtSurface
3674.9 1125 687.96 2 0 1 5 1.38588e+06 32.6758 102104 1.00768 6.76281e+06 1.38588e+06 ZonesAtSurface
3724.98 1125 827.828 2 0 2 3 815643 20.3648 132567 1.09212 2.6912e+06 815643 ZonesAtSurface
3775.01 1124.99 927.821 0 10 2 1 1.04857e+06 39.9253 113340 7.47164 675683 1.04857e+06 ZonesAtSurface
3825.04 1125 887.852 0 7 2 1 1.07295e+06 27.4917 93370.7 2.16303 1.85374e+06 1.07295e+06 ZonesAtSurface
3875.08 1125 847.904 0 7 2 1 1.31905e+06 43.805 76949.2 7.48696 1.38773e+06 1.31905e+06 ZonesAtSurface
3925.08 1124.99 857.963 0 10 0 0 763905 29.416 130340 4.80145 661360 763905 ZonesAtSurface
3975.15 1124.99 818.025 0 0 0 0 1.16803e+06 38.4559 51439 3.32838 1.7821e+06 1.16803e+06 ZonesAtSurface
4025.23 1124.99 778.086 0 0 0 0 1.03652e+06 41.6985 58660.7 3.46215 1.68238e+06 1.03652e+06 ZonesAtSurface
4075.31 1124.99 738.143 0 0 0 0 1.47714e+06 30.8905 67139 3.05885 1.93579e+06 1.47714e+06 ZonesAtSurface
4125.38 1124.99 698.199 0 0 0 0 1.49453e+06 23.6463 63942.1 1.97487 2.61183e+06 1.49453e+06 ZonesAtSurface
4175.45 1124.99 658.249 4 2 0 0 795114 30.3212 70044.7 1.46366 2.14581e+06 795114 ZonesAtSurface
4225.5 1124.99 618.295 0 0 0 0 1.11304e+06 39.1213 85177.6 2.42628 2.40071e+06 1.11304e+06 ZonesAtSurface
4275.54 1124.99 578.337 0 4 0 0 852932 43.0995 104350 2.16158 2.46559e+06 852932 ZonesAtSurface
4325.59 1124.99 488.381 0 0 2 1 1.17254e+06 19.4148 147035 1.30836 3.22068e+06 1.17254e+06 ZonesAtSurface
4375.6 1124.99 498.414 0 0 0 0 1.38865e+06 40.3637 89519 2.80483 2.76944e+06 1.38865e+06 ZonesAtSurface
4425.62 1124.99 408.454 0 0 1 1 1.36344e+06 15.4666 60290 1.24397 3.27599e+06 1.36344e+06 ZonesAtSurface
4475.62 1124.99 418.483 0 0 0 0 1.31901e+06 44.1277 56133.1 3.47696 2.1395e+06 1.31901e+06 ZonesAtSurface
4525.62 1124.99 378.512 0 0 0 0 1.02083e+06 35.1518 109361 2.16192 2.15777e+06 1.02083e+06 ZonesAtSurface
4575.63 1124.99 338.542 0 0 0 0 1.25833e+06 38.7739 123805 2.54619 2.38599e+06 1.25833e+06 ZonesAtSurface
4625.63 1124.99 298.567 0 4 0 0 1.06828e+06 37.2722 59530.4 2.30948 2.09177e+06 1.06828e+06 ZonesAtSurface
4675.63 1124.99 258.588 2 0 0 0 672234 38.8683 76879.1 1.5111 2.29236e+06 672234 ZonesAtSurface
4725.59 1124.99 168.608 0 0 1 1 1.40309e+06 44.6842 66285.7 1.83793 4.67179e+06 1.40309e+06 ZonesAtSurface
4775.38 1124.99 28.6109 0 0 1 3 1.46678e+06 37.1694 129920 1.87206 1.11662e+07 1.46678e+06 ZonesAtSurface
4825.34 1124.99 38.6414 8 0 1 2 585756 17.5222 107888 1.051 5.1056e+06 585756 ZonesAtSurface
4875.29 1124.98 48.6694 0 0 1 1 1.47246e+06 16.3703 138369 1.34651 4.59339e+06 1.47246e+06 ZonesAtSurface
4925.23 1124.98 58.7296 3 0 0 0 707441 34.2704 98643.1 1.32905 5.63991e+06 707441 ZonesAtSurface
74.9601 1174.99 -12.8053 37 0 1 1 601044 17.9115 61262.5 1.20286 1.80145e+06 601044 ZonesAtSurface
124.838 1174.99 -37.8302 42 0 1 2 917207 38.2715 89788.9 1.12056 7.24059e+06 917207 ZonesAtSurface
174.761 1174.99 -12.7869 45 0 1 2 549533 19.0331 118884 1.18632 1.55612e+06 549533 ZonesAtSurface
224.672 1174.99 -37.8508 34 0 1 3 738739 17.9923 112052 1.02131 4.6654e+06 738739 ZonesAtSurface
274.6 1174.99 -12.8425 26 3 1 3 1.2172e+06 44.2311 108931 1.21391 4.7731e+06 1.2172e+06 ZonesAtSurface
324.575 1174.99 -37.88 12 0 1 4 1.14161e+06 34.5722 132302 1.19122 1.15414e+07 1.14161e+06 ZonesAtSurface
374.517 1174.99 -12.8867 3 0 1 4 1.38138e+06 31.0921 92988 1.23868 8.824e+06 1.38138e+06 ZonesAtSurface
424.381 1174.99 112.109 1 0 2 2 808088 35.8284 58792.9 1.31814 3.82371e+06 808088 ZonesAtSurface
474.344 1174.98 237.1 0 4 0 0 1.25466e+06 29.5827 87399.6 4.31846 1.00349e+06 1.25466e+06 ZonesAtSurface
524.343 1174.98 262.089 0 0 0 0 990218 31.5107 60171.6 2.49829 1.71494e+06 990218 ZonesAtSurface
574.341 1174.98 287.074 0 0 0 0 541236 40.8322 92370.5 2.44656 1.72676e+06 541236 ZonesAtSurface
624.339 1174.98 312.057 0 0 0 0 1.12724e+06 19.8798 73190.7 2.66121 1.42355e+06 1.12724e+06 ZonesAtSurface
674.34 1174.98 337.04 0 0 0 0 887156 33.122 117292 3.68643 1.23494e+06 887156 ZonesAtSurface
724.342 1174.98 362.021 0 0 0 0 760170 44.3714 73169.9 5.87342 1.04979e+06 760170 ZonesAtSurface
774.346 1174.98 387.001 0 0 0 0 1.33636e+06 24.3034 107966 4.39834 1.08242e+06 1.33636e+06 ZonesAtSurface
824.351 1174.98 411.981 0 0 0 0 538684 23.0062 86856.3 1.9187 1.10524e+06 538684 ZonesAtSurface
874.358 1174.98 436.959 0 0 0 0 808180 25.4256 91028.7 2.55831 1.19433e+06 808180 ZonesAtSurface
924.368 1174.98 461.938 0 0 0 0 759445 34.7482 128821 3.22105 1.17471e+06 759445 ZonesAtSurface
974.38 1174.98 486.915 0 0 0 0 774112 43.7247 56994.4 4.53437 1.24097e+06 774112 ZonesAtSurface
1024.4 1174.98 511.891 0 0 0 0 813151 18.9268 88876.3 2.11902 1.27566e+06 813151 ZonesAtSurface
1074.42 1174.98 536.867 0 0 0 0 664331 34.5313 65648.2 3.07257 1.19304e+06 664331 ZonesAtSurface
1124.45 1174.98 561.842 0 0 0 0 1.04843e+06 19.3917 102750 3.17446 1.03504e+06 1.04843e+06 ZonesAtSurface
1174.49 1174.98 586.813 0 0 0 0 501191 22.3194 100828 1.81418 1.10079e+06 501191 ZonesAtSurface
1224.52 1174.99 611.782 0 0 0 0 1.24566e+06 20.1281 66956.1 4.01893 980812 1.24566e+06 ZonesAtSurface
1274.56 1174.99 636.749 0 0 0 0 1.49875e+06 18.7687 137627 6.12355 732188 1.49875e+06 ZonesAtSurface
1324.61 1174.99 661.717 0 2 0 0 1.41659e+06 30.6887 83853.6 7.67216 711491 1.41659e+06 ZonesAtSurface
1374.66 1174.99 686.684 0 10 0 0 1.38854e+06 38.8776 68070.1 6.189 1.02342e+06 1.38854e+06 ZonesAtSurface
1424.71 1174.98 711.646 0 2 0 0 1.40261e+06 18.9425 69523 5.67796 714067 1.40261e+06 ZonesAtSurface
1474.76 1174.98 736.612 0 0 0 0 770670 33.4153 59029 10 338160 770670 ZonesAtSurface
1524.82 1174.99 761.581 0 0 0 0 676870 42.3145 141856 3.6302 878393 676870 ZonesAtSurface
1574.83 1174.99 736.558 0 6 2 1 1.00858e+06 28.5185 104625 2.06551 1.91044e+06 1.00858e+06 ZonesAtSurface
1624.85 1174.99 711.538 10 3 2 2 587881 42.8847 102892 1.12311 2.08246e+06 587881 ZonesAtSurface
1674.85 1174.99 636.555 3 0 1 4 999152 21.5554 118094 1.10409 2.89324e+06 999152 ZonesAtSurface
1724.9 1174.99 661.526 0 7 2 4 1.36409e+06 20.9221 112880 1.53157 2.52187e+06 1.36409e+06 ZonesAtSurface
1774.95 1175 636.513 0 1 2 5 1.38202e+06 36.1572 120429 1.43612 3.72799e+06 1.38202e+06 ZonesAtSurface
1825.03 1175 611.519 0 0 1 6 951943 34.4552 95539.1 1.13039 4.58116e+06 951943 ZonesAtSurface
1875.11 1175 686.394 0 0 2 5 1.20875e+06 40.1705 109974 1.10089 4.63804e+06 1.20875e+06 ZonesAtSurface
1925.18 1174.99 711.354 0 5 2 5 1.45799e+06 35.6663 59001.3 1.20267 4.67632e+06 1.45799e+06 ZonesAtSurface
1975.19 1174.99 786.348 0 10 2 4 1.25338e+06 40.4988 75744.9 2.70535 2.34394e+06 1.25338e+06 ZonesAtSurface
2025.39 1175 698.96 3 3 2 5 914621 27.8176 92209.2 1.15314 2.65404e+06 914621 ZonesAtSurface
2075.57 1175 549.161 3 0 1 6 1.00279e+06 28.6045 83893.8 1.03341 3.38933e+06 1.00279e+06 ZonesAtSurface
2125.64 1175 549.21 0 0 2 4 707855 37.2861 136310 1.40982 2.21696e+06 707855 ZonesAtSurface
2175.67 1175 349.427 6 0 1 6 759337 28.0233 81730.2 1.01898 3.73703e+06 759337 ZonesAtSurface
2225.62 1175 249.525 6 0 1 6 558984 35.8465 146344 1.06629 5.00881e+06 558984 ZonesAtSurface
2275.52 1174.99 149.591 2 0 1 6 1.49281e+06 15.4398 75731 1.08159 4.59477e+06 1.49281e+06 ZonesAtSurface
2325.4 1174.99 49.6173 0 0 1 6 920663 40.4961 58357.9 1.68972 8.4376e+06 920663 ZonesAtSurface
2375.33 1174.99 -0.38349 14 0 1 5 1.34386e+06 16.4811 120658 1.20971 6.91811e+06 1.34386e+06 ZonesAtSurface
2425.3 1175 -0.370969 37 0 1 3 1.2457e+06 36.0815 133650 1.80398 5.87501e+06 1.2457e+06 ZonesAtSurface
2475.25 1175.02 -0.31905 52 0 1 1 638948 23.6545 65513.7 1.59501 2.08762e+06 638948 ZonesAtSurface
2525.06 1175.01 -30.3083 38 0 1 1 719420 22.2614 89119.9 1.275 3.53242e+06 719420 ZonesAtSurface
2574.95 1175 -40.342 33 0 1 2 951107 44.2732 126441 1.16031 1.16436e+07 951107 ZonesAtSurface
2624.82 1175 -0.313245 36 0 1 2 989203 18.0663 69031 1.13333 5.2073e+06 989203 ZonesAtSurface
2674.69 1174.99 39.6883 6 0 1 2 735628 31.1689 56105.7 1.90985 3.41932e+06 735628 ZonesAtSurface
2724.51 1174.99 129.686 2 4 2 1 1.31573e+06 22.6358 117685 1.56365 2.59019e+06 1.31573e+06 ZonesAtSurface
2774.44 1174.99 219.668 0 0 0 0 1.14671e+06 26.2119 52775.1 2.60586 1.60325e+06 1.14671e+06 ZonesAtSurface
2824.43 1174.99 259.651 0 0 0 0 902627 26.0998 144268 2.17757 1.50469e+06 902627 ZonesAtSurface
2874.43 1174.99 299.628 0 0 0 0 814391 18.966 60768.8 1.80191 1.45394e+06 814391 ZonesAtSurface
2924.44 1174.99 339.602 0 0 0 0 894523 23.3271 98493.9 1.69378 1.86313e+06 894523 ZonesAtSurface
2974.45 1174.99 379.57 0 0 0 0 845580 22.6456 127371 1.29678 2.07003e+06 845580 ZonesAtSurface
3024.46 1174.99 419.537 0 0 0 0 1.10434e+06 23.9022 117228 1.99621 1.95824e+06 1.10434e+06 ZonesAtSurface
3074.46 1174.99 409.507 0 0 2 1 556743 28.2941 114682 1.22029 2.71054e+06 556743 ZonesAtSurface
3124.48 1174.99 499.468 0 0 0 0 1.0057e+06 19.7148 84188.9 1.49078 2.11633e+06 1.0057e+06 ZonesAtSurface
3174.48 1174.99 489.439 0 0 2 1 1.44715e+06 33.2596 149177 2.78063 2.49095e+06 1.44715e+06 ZonesAtSurface
3224.51 1174.99 529.404 0 0 1 1 1.47072e+06 44.7657 128214 2.76014 3.08059e+06 1.47072e+06 ZonesAtSurface
3274.52 1174.99 519.364 0 0 1 2 1.248e+06 34.9533 147346 1.53951 4.29535e+06 1.248e+06 ZonesAtSurface
3324.57 1174.99 609.308 1 0 2 1 645528 32.3854 128307 1.18611 2.83646e+06 645528 ZonesAtSurface
3374.6 1174.99 599.267 5 0 2 2 746191 19.94 101056 1.02828 2.91723e+06 746191 ZonesAtSurface
3424.68 1174.99 689.209 4 0 2 1 565854 39.2275 149816 1.85146 1.95714e+06 565854 ZonesAtSurface
3474.75 1174.99 729.158 0 4 2 1 1.45246e+06 17.5397 137611 2.76881 1.52998e+06 1.45246e+06 ZonesAtSurface
3524.78 1175 719.103 0 0 2 2 1.16214e+06 36.4894 73809.5 2.58887 2.2491e+06 1.16214e+06 ZonesAtSurface
3574.8 1175 709.04 6 0 1 3 1.21588e+06 18.289 58805.2 1.34539 3.05453e+06 1.21588e+06 ZonesAtSurface
3624.86 1174.99 748.966 1 0 2 3 612285 18.8546 109941 1.76081 1.26466e+06 612285 ZonesAtSurface
3674.89 1175 688.963 2 0 1 5 738786 25.4377 69313.9 1.00911 3.68989e+06 738786 ZonesAtSurface
3724.98 1175 828.829 9 0 1 3 707867 17.3252 84158.8 1.05455 2.16096e+06 707867 ZonesAtSurface
3775.01 1175 928.822 0 8 2 1 558672 39.7342 92537.7 2.39034 1.00904e+06 558672 ZonesAtSurface
3825.07 1175 838.853 0 0 1 2 1.27474e+06 21.6964 105359 2.64312 1.75887e+06 1.27474e+06 ZonesAtSurface
3875.07 1175 848.906 2 0 2 1 629871 35.8991 116749 5.40805 925826 629871 ZonesAtSurface
3925.08 1174.99 858.964 0 9 0 0 1.40044e+06 41.2245 77122.7 10 610508 1.40044e+06 ZonesAtSurface
3975.21 1174.99 769.029 0 0 1 1 799821 32.9363 145869 2.27271 2.2469e+06 799821 ZonesAtSurface
4025.23 1174.99 779.089 0 0 0 0 1.31328e+06 21.3339 123643 2.77956 1.55304e+06 1.31328e+06 ZonesAtSurface
4075.31 1174.99 739.146 0 0 0 0 931022 36.774 90620.8 2.3755 1.91812e+06 931022 ZonesAtSurface
4125.39 1174.99 699.2 0 0 0 0 1.273e+06 31.9712 51698.7 2.46653 2.17937e+06 1.273e+06 ZonesAtSurface
4175.45 1174.99 659.249 0 0 0 0 1.44817e+06 37.2727 87104.5 3.17868 2.16177e+06 1.44817e+06 ZonesAtSurface
4225.5 1174.99 619.297 7 0 0 0 997233 22.7326 146072 1.24981 2.6915e+06 997233 ZonesAtSurface
4275.54 1174.99 579.34 0 5 0 0 1.09752e+06 41.4048 98597 2.22062 2.37613e+06 1.09752e+06 ZonesAtSurface
4325.58 1174.99 539.38 0 0 0 0 1.12635e+06 40.2387 95094.9 2.0811 3.13153e+06 1.12635e+06 ZonesAtSurface
4375.6 1174.99 499.417 0 7 0 0 1.2454e+06 17.3532 52819.8 1.45755 2.43592e+06 1.2454e+06 ZonesAtSurface
4425.61 1174.99 459.45 0 0 0 0 1.18739e+06 44.4622 129685 2.78509 2.88244e+06 1.18739e+06 ZonesAtSurface
4475.62 1174.99 419.483 0 0 0 0 1.23423e+06 40.9217 90745.4 2.72716 2.27125e+06 1.23423e+06 ZonesAtSurface
4525.63 1174.99 379.513 0 0 0 0 1.1861e+06 27.8139 66262 2.01965 2.18037e+06 1.1861e+06 ZonesAtSurface
4575.63 1174.99 339.543 0 0 0 0 1.13123e+06 25.4976 134101 1.50698 2.66182e+06 1.13123e+06 ZonesAtSurface
4625.63 1174.99 299.57 6 0 0 0 670173 24.0118 127513 1.29891 1.90455e+06 670173 ZonesAtSurface
4675.62 1174.99 209.596 5 0 2 1 1.34182e+06 19.3731 107633 1.06267 3.94898e+06 1.34182e+06 ZonesAtSurface
4725.59 1174.99 169.61 9 0 2 1 1.02755e+06 32.0393 81949.2 1.26385 3.58995e+06 1.02755e+06 ZonesAtSurface
4775.38 1174.99 29.615 0 0 1 3 1.41418e+06 15.121 108774 1.12046 7.21624e+06 1.41418e+06 ZonesAtSurface
4825.42 1174.99 89.68 7 0 2 1 655551 32.6491 96358 1.29435 3.98336e+06 655551 ZonesAtSurface
4875.3 1174.99 49.6677 0 0 1 1 661638 39.9114 82673.4 1.32304 8.56708e+06 661638 ZonesAtSurface
4925.23 1174.99 59.7254 0 0 0 0 1.13995e+06 22.0043 102301 1.45931 4.50587e+06 1.13995e+06 ZonesAtSurface
74.9642 1224.99 -11.8023 41 0 1 1 954697 34.9622 143998 1.29987 3.90543e+06 954697 ZonesAtSurface
124.838 1224.99 -36.8226 43 0 1 2 788848 15.3864 74705.4 1.09237 3.66504e+06 788848 ZonesAtSurface
174.754 1224.99 -11.7851 43 0 1 2 756248 18.4736 65887.2 1.12689 1.95302e+06 756248 ZonesAtSurface
224.668 1224.99 -36.8492 22 0 1 3 1.31359e+06 42.1502 127763 1.01032 8.56492e+06 1.31359e+06 ZonesAtSurface
274.594 1224.99 -11.8459 32 0 1 3 1.30723e+06 29.3384 142068 1.05728 4.50109e+06 1.30723e+06 ZonesAtSurface
324.574 1224.99 -36.8784 10 0 1 4 730241 31.6703 56482.8 1.04517 1.03992e+07 730241 ZonesAtSurface
374.459 1224.99 38.1233 4 0 1 3 781417 18.5817 97239 1.16418 4.12241e+06 781417 ZonesAtSurface
424.351 1224.99 163.105 8 0 2 1 770636 29.1917 57659.2 1.71382 1.81193e+06 770636 ZonesAtSurface
474.342 1224.99 238.1 0 4 0 0 687314 31.9508 55772 2.84044 889375 687314 ZonesAtSurface
524.341 1224.99 263.09 0 0 0 0 944561 40.9417 143169 3.07846 1.7036e+06 944561 ZonesAtSurface
574.338 1224.98 288.075 0 0 0 0 880295 31.3137 109777 2.36722 1.76081e+06 880295 ZonesAtSurface
624.337 1224.98 313.058 0 0 0 0 1.13233e+06 29.8538 113614 3.37409 1.46254e+06 1.13233e+06 ZonesAtSurface
674.337 1224.98 338.04 0 0 0 0 876624 16.4373 140491 2.10495 1.31299e+06 876624 ZonesAtSurface
724.339 1224.98 363.022 0 0 0 0 1.2549e+06 37.1231 71146.8 6.27719 1.075e+06 1.2549e+06 ZonesAtSurface
774.343 1224.98 388.003 0 0 0 0 1.34992e+06 17.7648 143377 3.67839 1.1105e+06 1.34992e+06 ZonesAtSurface
824.348 1224.98 412.982 0 0 0 0 506342 32.4998 57729.7 2.54133 1.10956e+06 506342 ZonesAtSurface
874.355 1224.98 437.961 0 0 0 0 1.32127e+06 15.5551 81637.4 3.20068 1.17296e+06 1.32127e+06 ZonesAtSurface
924.364 1224.98 462.939 0 0 0 0 1.41629e+06 31.1038 108705 4.98909 1.16814e+06 1.41629e+06 ZonesAtSurface
974.376 1224.98 487.917 0 0 0 0 1.48395e+06 35.6962 140039 5.83819 1.20058e+06 1.48395e+06 ZonesAtSurface
1024.39 1224.98 512.894 0 0 0 0 878473 15.7937 67155.5 2.23349 1.20636e+06 878473 ZonesAtSurface
1074.42 1224.98 537.87 0 0 0 0 1.08733e+06 28.5265 88972.1 3.61678 1.19709e+06 1.08733e+06 ZonesAtSurface
1124.45 1224.98 562.844 0 0 0 0 538516 22.0407 51589.3 1.886 1.05176e+06 538516 ZonesAtSurface
1174.48 1224.99 587.817 0 0 0 0 884874 24.8928 55459.1 3.35851 1.01754e+06 884874 ZonesAtSurface
1224.52 1224.99 612.786 0 0 0 0 536529 40.7852 112908 4.28945 851880 536529 ZonesAtSurface
1274.56 1224.99 637.754 0 0 0 0 1.22547e+06 32.1447 125144 8.21159 612821 1.22547e+06 ZonesAtSurface
1324.61 1224.99 662.724 0 10 0 0 593197 32.2819 57330.5 3.76665 769322 593197 ZonesAtSurface
1374.63 1224.99 637.693 0 0 2 1 1.05156e+06 16.4852 81454.8 2.95526 1.15972e+06 1.05156e+06 ZonesAtSurface
1424.71 1224.99 712.652 0 4 0 0 1.05178e+06 39.3829 74777.2 4.84329 1.03408e+06 1.05178e+06 ZonesAtSurface
1474.76 1224.99 737.617 0 0 0 0 1.35452e+06 34.1634 74217.7 10 437172 1.35452e+06 ZonesAtSurface
1524.81 1224.99 762.586 0 10 0 0 1.32367e+06 36.606 56293 9.14103 566291 1.32367e+06 ZonesAtSurface
1574.79 1224.99 687.57 2 0 2 2 552213 27.1421 65426.6 1.42753 1.75721e+06 552213 ZonesAtSurface
1624.84 1224.99 712.54 9 3 2 2 554559 25.9124 64534.8 1.14205 1.48856e+06 554559 ZonesAtSurface
1674.84 1224.99 637.557 8 0 1 4 950595 36.9383 136251 1.01719 4.04533e+06 950595 ZonesAtSurface
1724.9 1224.99 662.528 0 5 2 4 1.43169e+06 28.2634 50863.1 1.51077 3.1246e+06 1.43169e+06 ZonesAtSurface
1774.95 1224.99 637.521 0 1 1 5 1.08e+06 28.9087 78782.4 1.22921 3.08283e+06 1.08e+06 ZonesAtSurface
1825.03 1224.99 612.528 1 0 1 6 1.16218e+06 29.8823 63291.7 1.16638 4.51143e+06 1.16218e+06 ZonesAtSurface
1875.09 1225 737.34 9 1 1 4 990765 22.4792 127613 1.03141 2.85737e+06 990765 ZonesAtSurface
1925.11 1224.99 812.295 5 0 1 3 660680 33.828 119464 1.1986 2.74512e+06 660680 ZonesAtSurface
1975.13 1224.99 837.338 0 0 2 3 1.0499e+06 40.0918 134095 2.80221 1.96978e+06 1.0499e+06 ZonesAtSurface
2025.38 1225 699.963 3 5 1 5 1.4069e+06 42.4285 72449.8 1.19921 5.67162e+06 1.4069e+06 ZonesAtSurface
2075.57 1225 550.165 6 0 1 6 774228 17.7103 113568 1.02775 2.52894e+06 774228 ZonesAtSurface
2125.65 1225 450.306 6 0 1 6 1.30648e+06 32.8461 98247.5 1.01157 5.08524e+06 1.30648e+06 ZonesAtSurface
2175.67 1224.99 350.427 6 0 1 6 552544 23.2155 68744.6 1.01617 2.50814e+06 552544 ZonesAtSurface
2225.61 1224.99 250.526 6 0 1 6 1.02515e+06 23.2113 82814.3 1.05569 4.34339e+06 1.02515e+06 ZonesAtSurface
2275.51 1224.99 150.592 6 0 1 6 1.09943e+06 26.0663 118668 1.0887 5.0606e+06 1.09943e+06 ZonesAtSurface
2325.39 1224.99 50.617 6 0 1 6 649107 27.2586 137208 1.09434 7.14816e+06 649107 ZonesAtSurface
2375.28 1224.99 -49.3958 0 0 1 6 1.22132e+06 33.534 82106.2 3.37493 7.20109e+06 1.22132e+06 ZonesAtSurface
2425.25 1225 -49.3893 15 0 1 4 1.01968e+06 26.6252 65822.3 1.29454 8.43015e+06 1.01968e+06 ZonesAtSurface
2475.21 1225 -49.3715 29 0 1 2 754145 21.0826 104963 1.47671 5.61071e+06 754145 ZonesAtSurface
2525.03 1225.01 -29.3105 39 20 1 1 1.40215e+06 39.9198 137625 2.50123 3.3272e+06 1.40215e+06 ZonesAtSurface
2574.95 1225 -39.3326 39 0 1 2 1.20272e+06 44.1978 145448 1.93964 9.65144e+06 1.20272e+06 ZonesAtSurface
2624.89 1224.99 -49.3579 18 0 1 3 1.33125e+06 22.6118 70451.3 1.0221 1.1263e+07 1.33125e+06 ZonesAtSurface
2674.78 1224.99 -9.33573 3 0 1 3 1.42073e+06 33.686 111091 1.32028 1.09504e+07 1.42073e+06 ZonesAtSurface
2724.51 1224.99 130.685 7 0 2 1 753156 42.7258 132577 1.72884 2.53832e+06 753156 ZonesAtSurface
2774.47 1224.99 170.675 0 0 2 1 1.4831e+06 40.0996 142922 1.65897 4.54051e+06 1.4831e+06 ZonesAtSurface
2824.43 1224.99 260.653 0 0 0 0 673523 18.5961 89505.6 2.28077 1.02713e+06 673523 ZonesAtSurface
2874.43 1224.99 300.63 0 0 0 0 1.14562e+06 18.9492 106234 2.03617 1.73482e+06 1.14562e+06 ZonesAtSurface
2924.44 1224.99 340.603 0 0 0 0 603603 34.6052 82948.5 1.67006 1.78246e+06 603603 ZonesAtSurface
2974.45 1224.99 380.573 0 0 0 0 1.06357e+06 35.5907 108173 2.49354 1.91858e+06 1.06357e+06 ZonesAtSurface
3024.45 1224.99 370.542 17 0 1 1 887100 19.8697 61612.5 1.14649 2.79352e+06 887100 ZonesAtSurface
3074.47 1224.99 460.504 0 0 0 0 848068 27.195 101042 1.68128 2.10616e+06 848068 ZonesAtSurface
3124.48 1224.99 500.47 0 0 0 0 1.38787e+06 18.5091 146251 2.01198 1.95324e+06 1.38787e+06 ZonesAtSurface
3174.49 1224.99 490.441 0 0 1 1 1.05644e+06 42.8815 118959 3.24326 2.47189e+06 1.05644e+06 ZonesAtSurface
3224.51 1224.99 530.406 0 0 1 1 995304 20.7189 62356.5 1.24513 2.66057e+06 995304 ZonesAtSurface
3274.52 1224.99 520.366 10 0 1 2 836652 31.2031 141621 1.18082 4.02995e+06 836652 ZonesAtSurface
3324.56 1224.99 560.32 0 0 2 2 1.47534e+06 41.4299 69373 2.69504 3.79967e+06 1.47534e+06 ZonesAtSurface
3374.62 1224.99 650.266 10 0 2 1 579036 17.9177 98069.8 1.28971 1.71193e+06 579036 ZonesAtSurface
3424.65 1224.99 640.218 0 0 2 2 1.49884e+06 30.5233 117333 1.97829 3.37624e+06 1.49884e+06 ZonesAtSurface
3474.76 1224.99 730.164 0 9 1 1 809595 42.8237 99732.8 6.00061 967580 809595 ZonesAtSurface
3524.78 1224.99 720.109 9 0 1 2 987135 24.725 82922.7 2.48188 1.42963e+06 987135 ZonesAtSurface
3574.8 1225 710.047 6 0 1 3 531535 37.3635 100175 1.59017 2.53656e+06 531535 ZonesAtSurface
3624.83 1225 699.992 2 0 1 4 1.47349e+06 24.5668 110803 1.13516 4.36568e+06 1.47349e+06 ZonesAtSurface
3674.89 1225 689.963 2 0 1 5 910552 20.2507 115331 1.02485 3.7404e+06 910552 ZonesAtSurface
3724.98 1225 829.83 6 0 2 3 945923 36.016 145839 1.06816 3.23152e+06 945923 ZonesAtSurface
3775.02 1225 879.821 0 0 2 2 1.44212e+06 30.6021 90779.2 4.08324 1.47912e+06 1.44212e+06 ZonesAtSurface
3825.07 1225 839.854 0 0 1 2 983453 34.9502 113777 3.39595 1.71849e+06 983453 ZonesAtSurface
3875.07 1225 849.907 0 0 2 1 1.20782e+06 32.0206 99200.7 8.32138 749901 1.20782e+06 ZonesAtSurface
3925.08 1224.99 859.965 0 4 0 0 1.42174e+06 27.0501 118665 7.18956 725358 1.42174e+06 ZonesAtSurface
3975.15 1224.99 820.027 0 0 0 0 997835 29.5861 129997 2.2979 1.7986e+06 997835 ZonesAtSurface
4025.23 1224.99 780.089 0 0 0 0 867931 37.7622 62566.2 2.66945 1.65997e+06 867931 ZonesAtSurface
4075.31 1224.99 740.148 0 0 0 0 993135 31.1857 86259.7 2.05925 2.01689e+06 993135 ZonesAtSurface
4125.39 1224.99 700.202 0 0 0 0 1.14162e+06 34.8752 134421 2.47895 2.0663e+06 1.14162e+06 ZonesAtSurface
4175.45 1224.99 660.251 0 0 0 0 1.26433e+06 30.3431 69617.8 2.64384 2.07888e+06 1.26433e+06 ZonesAtSurface
4225.53 1224.99 570.305 0 0 1 1 552787 36.5125 125719 1.52389 3.18939e+06 552787 ZonesAtSurface
4275.55 1224.99 580.344 0 3 0 0 1.24608e+06 39.0737 91493.4 3.23297 2.06551e+06 1.24608e+06 ZonesAtSurface
4325.59 1224.99 490.387 0 0 1 1 875320 26.0998 134932 1.35412 3.31672e+06 875320 ZonesAtSurface
4375.6 1224.99 500.42 0 0 0 0 1.36647e+06 31.8305 149218 2.66954 2.14362e+06 1.36647e+06 ZonesAtSurface
4425.61 1224.99 460.451 0 0 0 0 1.05872e+06 19.3901 149582 1.28335 2.58792e+06 1.05872e+06 ZonesAtSurface
4475.62 1224.99 420.482 0 0 0 0 751244 34.9171 82143.7 1.572 2.43244e+06 751244 ZonesAtSurface
4525.63 1224.99 380.514 0 0 0 0 1.21561e+06 17.6126 133928 1.50379 2.36468e+06 1.21561e+06 ZonesAtSurface
4575.63 1224.99 290.55 4 0 1 1 501849 31.8651 138410 1.1748 3.28548e+06 501849 ZonesAtSurface
4625.63 1224.99 300.573 0 0 0 0 1.05891e+06 31.0366 109359 2.20184 1.89826e+06 1.05891e+06 ZonesAtSurface
4675.63 1224.99 260.591 0 7 0 0 1.01886e+06 32.9651 76237.8 1.97976 2.01065e+06 1.01886e+06 ZonesAtSurface
4725.53 1224.99 120.622 7 0 1 2 724186 42.1846 83157.7 1.05837 6.37735e+06 724186 ZonesAtSurface
4775.45 1224.99 80.6442 6 0 1 2 854039 40.1685 126955 1.04148 9.99634e+06 854039 ZonesAtSurface
4825.34 1224.99 40.6472 3 0 1 2 1.44657e+06 41.3855 146060 1.03796 1.32831e+07 1.44657e+06 ZonesAtSurface
4875.4 1224.99 100.715 0 0 0 0 1.12129e+06 37.8912 60802.4 2.3554 4.28347e+06 1.12129e+06 ZonesAtSurface
4925.15 1224.99 10.6524 0 0 1 1 623092 35.4603 59819.6 1.06535 1.3662e+07 623092 ZonesAtSurface
74.964 1274.99 -10.8005 43 0 1 1 710736 44.4337 75835.7 1.35662 4.9308e+06 710736 ZonesAtSurface
124.833 1274.99 -35.8233 40 0 1 2 770203 36.8336 73617.4 1.05716 7.90966e+06 770203 ZonesAtSurface
174.749 1274.99 -10.7925 45 18 1 2 1.11536e+06 30.0149 118887 1.14185 3.42169e+06 1.11536e+06 ZonesAtSurface
224.67 1274.99 -35.8473 31 0 1 3 917301 29.22 61287.4 1.01761 7.14964e+06 917301 ZonesAtSurface
274.6 1274.99 -10.8403 25 0 1 3 842808 42.2648 126279 1.16218 4.61617e+06 842808 ZonesAtSurface
324.575 1274.99 -35.8734 12 0 1 4 944319 33.205 51040 1.02943 1.04327e+07 944319 ZonesAtSurface
374.514 1274.99 -10.8814 18 0 1 4 1.47238e+06 21.1292 61604.8 1.01394 8.3137e+06 1.47238e+06 ZonesAtSurface
424.37 1274.99 114.107 9 0 2 2 571796 27.3064 107527 1.12391 1.96687e+06 571796 ZonesAtSurface
474.337 1274.99 239.1 0 4 0 0 1.24213e+06 35.4922 128956 5.58588 924059 1.24213e+06 ZonesAtSurface
524.338 1274.99 264.091 0 0 0 0 975349 44.9164 137562 3.38581 1.64843e+06 975349 ZonesAtSurface
574.336 1274.98 289.076 0 0 0 0 934811 26.4974 117116 2.11438 1.78124e+06 934811 ZonesAtSurface
624.334 1274.98 314.059 0 0 0 0 890056 37.1214 80453.9 3.47952 1.50616e+06 890056 ZonesAtSurface
674.334 1274.98 339.041 0 0 0 0 1.40294e+06 20.1995 127158 3.33193 1.36957e+06 1.40294e+06 ZonesAtSurface
724.336 1274.98 364.023 0 0 0 0 940656 29.8248 73863.7 3.76753 1.13092e+06 940656 ZonesAtSurface
774.34 1274.98 389.004 0 0 0 0 1.10893e+06 17.1566 108309 2.97158 1.13853e+06 1.10893e+06 ZonesAtSurface
824.344 1274.98 413.983 0 0 0 0 1.2808e+06 20.4305 66597.3 3.65507 1.12015e+06 1.2808e+06 ZonesAtSurface
874.351 1274.98 438.962 0 0 0 0 573492 21.9826 103788 1.80699 1.16974e+06 573492 ZonesAtSurface
924.361 1274.98 463.941 0 0 0 0 742831 20.1219 104254 2.11702 1.198e+06 742831 ZonesAtSurface
974.373 1274.98 488.919 0 0 0 0 555733 17.7629 101057 1.60002 1.19896e+06 555733 ZonesAtSurface
1024.39 1274.98 513.896 0 0 0 0 1.47665e+06 37.2603 108063 6.64973 1.1239e+06 1.47665e+06 ZonesAtSurface
1074.42 1274.98 538.872 0 0 0 0 1.28315e+06 32.9142 142534 4.81804 1.16115e+06 1.28315e+06 ZonesAtSurface
1124.44 1274.98 563.847 0 0 0 0 1.20381e+06 37.43 70719.7 5.85259 1.03204e+06 1.20381e+06 ZonesAtSurface
1174.48 1274.99 588.82 0 0 0 0 860766 31.4035 92366.4 4.27601 922744 860766 ZonesAtSurface
1224.52 1274.99 613.791 0 0 0 0 717253 43.8997 109294 7.72165 644736 717253 ZonesAtSurface
1274.56 1274.99 638.761 0 0 0 0 1.44301e+06 38.371 85413.4 10 462599 1.44301e+06 ZonesAtSurface
1324.57 1274.99 613.731 0 0 2 1 1.16878e+06 34.7894 51607.1 10 659055 1.16878e+06 ZonesAtSurface
1374.62 1274.99 638.699 10 0 2 1 784601 15.6788 71645.9 2.40702 1.03348e+06 784601 ZonesAtSurface
1424.67 1274.99 663.661 0 0 2 1 760291 17.9102 98722.8 1.39225 1.58727e+06 760291 ZonesAtSurface
1474.76 1274.99 738.621 0 0 0 0 940484 37.3317 82174.3 8.99986 538446 940484 ZonesAtSurface
1524.77 1274.99 713.592 0 0 2 1 945976 24.4079 80860.3 1.62959 2.0463e+06 945976 ZonesAtSurface
1574.76 1274.99 638.586 1 0 2 3 1.11677e+06 18.1091 80506.3 1.02237 3.59628e+06 1.11677e+06 ZonesAtSurface
1624.81 1274.99 663.558 3 0 2 3 980634 18.4715 92120.2 1.00856 3.0809e+06 980634 ZonesAtSurface
1674.84 1274.99 638.558 7 0 1 4 827734 40.157 112375 1.06204 4.53539e+06 827734 ZonesAtSurface
1724.88 1274.99 613.558 0 0 1 5 844293 20.5945 138976 1.34795 2.77954e+06 844293 ZonesAtSurface
1774.95 1274.99 638.531 1 0 2 5 856836 31.3341 119684 1.35581 2.74936e+06 856836 ZonesAtSurface
1825.03 1274.99 613.537 2 0 1 6 642262 42.8644 88316.7 1.2913 4.27346e+06 642262 ZonesAtSurface
1875.09 1275 738.333 4 0 1 4 594421 21.9701 147102 1.00874 2.09253e+06 594421 ZonesAtSurface
1925.07 1275 863.286 0 7 2 2 800237 44.7052 71910.1 2.19342 1.63047e+06 800237 ZonesAtSurface
1975.19 1275 788.341 0 8 1 4 1.21087e+06 26.3205 70850.1 1.29696 3.12376e+06 1.21087e+06 ZonesAtSurface
2025.38 1275 700.968 10 10 1 5 1.19003e+06 40.265 78339.5 1.08277 4.92845e+06 1.19003e+06 ZonesAtSurface
2075.5 1275 651.075 10 8 2 4 632564 17.7157 82919.8 1.26575 1.43656e+06 632564 ZonesAtSurface
2125.65 1274.99 451.311 6 0 1 6 1.48065e+06 22.4463 60850.6 1.00981 4.53102e+06 1.48065e+06 ZonesAtSurface
2175.66 1274.99 351.431 6 0 1 6 1.19129e+06 23.1333 120651 1.01045 4.04165e+06 1.19129e+06 ZonesAtSurface
2225.61 1274.99 251.527 6 0 1 6 1.2705e+06 29.8555 127833 1.04766 6.04535e+06 1.2705e+06 ZonesAtSurface
2275.51 1274.99 151.591 0 0 1 6 1.48891e+06 29.1062 78853.1 1.08343 6.58481e+06 1.48891e+06 ZonesAtSurface
2325.39 1274.99 51.6147 1 0 1 6 997649 27.3039 130719 1.10368 7.73641e+06 997649 ZonesAtSurface
2375.28 1274.99 -48.3969 0 0 1 6 631235 16.4943 132531 1.18385 6.72632e+06 631235 ZonesAtSurface
2425.26 1274.99 -48.3897 4 0 1 4 1.284e+06 37.0742 98390.5 1.53348 8.98423e+06 1.284e+06 ZonesAtSurface
2475.22 1275 -48.3688 30 0 1 2 1.44381e+06 18.8982 118845 1.76234 3.9353e+06 1.44381e+06 ZonesAtSurface
2525 1275 -28.3172 37 22 1 1 761760 32.4965 135410 2.62493 1.45923e+06 761760 ZonesAtSurface
2574.94 1274.99 -38.3303 40 0 1 2 1.12734e+06 15.7068 61549.2 1.72247 3.19936e+06 1.12734e+06 ZonesAtSurface
2624.89 1274.99 -48.3606 4 0 1 3 1.46387e+06 30.3787 123705 1.01318 1.19241e+07 1.46387e+06 ZonesAtSurface
2674.78 1274.99 -8.33815 5 0 1 3 1.40709e+06 17.1351 117882 1.07552 7.35941e+06 1.40709e+06 ZonesAtSurface
2724.52 1274.99 131.683 0 7 2 1 998909 34.7042 61240.6 1.73695 2.54969e+06 998909 ZonesAtSurface
2774.44 1274.99 221.673 0 0 0 0 1.4946e+06 18.9987 141106 1.86489 2.29092e+06 1.4946e+06 ZonesAtSurface
2824.43 1274.99 261.655 0 0 0 0 1.09388e+06 35.3318 97364.5 2.05724 2.40861e+06 1.09388e+06 ZonesAtSurface
2874.44 1274.99 301.63 0 0 0 0 846332 32.7543 133260 2.21541 1.7211e+06 846332 ZonesAtSurface
2924.44 1274.99 341.604 0 0 0 0 898317 32.6535 148792 2.2093 1.79765e+06 898317 ZonesAtSurface
2974.45 1274.99 381.573 0 3 0 0 1.03629e+06 36.1974 96163.6 2.16871 1.96093e+06 1.03629e+06 ZonesAtSurface
3024.46 1274.99 421.539 5 0 0 0 524596 40.5506 85239.1 1.80721 2.12425e+06 524596 ZonesAtSurface
3074.47 1274.99 461.505 0 0 0 0 1.17339e+06 22.5741 105303 1.87652 2.02949e+06 1.17339e+06 ZonesAtSurface
3124.49 1274.99 501.472 0 0 0 0 1.09703e+06 38.1362 130703 2.6182 1.99967e+06 1.09703e+06 ZonesAtSurface
3174.51 1274.99 541.439 0 0 0 0 845804 29.0276 74225.9 2.26645 1.51866e+06 845804 ZonesAtSurface
3224.51 1274.99 531.405 0 0 2 1 1.41421e+06 32.3978 80415.9 2.33473 2.65386e+06 1.41421e+06 ZonesAtSurface
3274.54 1274.99 571.364 0 10 1 1 1.41866e+06 44.5685 86937.3 2.08519 3.48651e+06 1.41866e+06 ZonesAtSurface
3324.58 1274.99 611.32 2 0 2 1 743830 40.78 98380.6 1.87131 2.60958e+06 743830 ZonesAtSurface
3374.6 1274.99 601.276 6 0 1 2 1.05245e+06 24.3264 147568 1.27484 3.43229e+06 1.05245e+06 ZonesAtSurface
3424.69 1274.99 691.22 8 0 2 1 623779 40.7104 73899.5 2.31183 2.09797e+06 623779 ZonesAtSurface
3474.72 1274.99 681.168 0 0 2 2 1.11007e+06 40.1367 128114 2.94728 2.4327e+06 1.11007e+06 ZonesAtSurface
3524.78 1274.99 721.113 0 1 2 2 1.10549e+06 25.7971 95454.8 2.70546 1.58388e+06 1.10549e+06 ZonesAtSurface
3574.8 1274.99 711.056 0 0 2 3 1.07565e+06 27.8924 66543 1.50616 2.74019e+06 1.07565e+06 ZonesAtSurface
3624.82 1275 651.037 0 0 1 5 796708 27.518 107884 1.03796 4.38894e+06 796708 ZonesAtSurface
3674.89 1275 690.966 3 0 1 5 555105 44.1208 73965.7 1.01141 5.22505e+06 555105 ZonesAtSurface
3724.98 1275 830.834 8 0 2 3 714135 39.3649 137405 1.09242 2.90393e+06 714135 ZonesAtSurface
3775.01 1274.99 930.823 0 10 2 1 1.18212e+06 25.2411 56253.2 3.87413 975797 1.18212e+06 ZonesAtSurface
3825.07 1274.99 840.853 0 0 1 2 1.4692e+06 29.6456 147318 3.33656 1.84402e+06 1.4692e+06 ZonesAtSurface
3875.08 1274.99 850.906 0 0 2 1 842226 30.0746 121744 3.81701 1.21856e+06 842226 ZonesAtSurface
3925.08 1274.99 860.965 0 4 0 0 1.09284e+06 28.4912 102982 5.08896 823456 1.09284e+06 ZonesAtSurface
3975.15 1274.99 821.027 0 0 0 0 986456 26.6255 59506 2.21346 1.63717e+06 986456 ZonesAtSurface
4025.23 1274.99 781.089 0 0 0 0 952641 23.1297 90315.3 1.85062 1.82846e+06 952641 ZonesAtSurface
4075.31 1274.99 741.149 0 0 0 0 990422 21.2631 129057 1.55571 2.03414e+06 990422 ZonesAtSurface
4125.39 1274.99 701.204 0 0 0 0 1.40431e+06 25.7891 139519 2.3347 2.11061e+06 1.40431e+06 ZonesAtSurface
4175.45 1274.99 661.254 0 0 0 0 1.04454e+06 30.7032 136740 2.20535 2.14439e+06 1.04454e+06 ZonesAtSurface
4225.53 1274.99 571.309 0 0 1 1 1.05322e+06 43.9572 122193 2.75013 3.13455e+06 1.05322e+06 ZonesAtSurface
4275.57 1274.99 531.352 0 0 2 1 619440 41.5529 56831.9 2.13629 2.82353e+06 619440 ZonesAtSurface
4325.59 1274.99 491.389 0 0 1 1 899767 20.1237 91409.7 1.22533 3.15446e+06 899767 ZonesAtSurface
4375.6 1274.99 501.421 0 0 0 0 991041 21.223 121338 1.48396 2.20821e+06 991041 ZonesAtSurface
4425.61 1274.99 461.452 0 0 0 0 1.41871e+06 26.4379 64224.5 2.11373 2.51441e+06 1.41871e+06 ZonesAtSurface
4475.62 1274.99 421.483 0 0 0 0 1.05393e+06 42.9725 112602 2.18624 2.41392e+06 1.05393e+06 ZonesAtSurface
4525.63 1274.99 381.516 0 0 0 0 1.22203e+06 43.2059 141420 2.35758 2.73746e+06 1.22203e+06 ZonesAtSurface
4575.63 1274.99 291.552 0 0 2 1 519332 41.9863 81723.6 1.34897 3.42075e+06 519332 ZonesAtSurface
4625.63 1274.99 301.574 0 0 0 0 921988 26.3157 149783 1.66401 1.93645e+06 921988 ZonesAtSurface
4675.62 1274.99 211.597 4 4 2 1 1.3999e+06 25.5991 128724 1.27488 3.73178e+06 1.3999e+06 ZonesAtSurface
4725.53 1274.99 121.628 6 0 1 2 848577 17.1136 106666 1.07417 3.87367e+06 848577 ZonesAtSurface
4775.37 1274.99 31.6268 0 0 1 3 1.46677e+06 15.6321 99142.1 1.09639 7.22592e+06 1.46677e+06 ZonesAtSurface
4825.43 1274.99 91.6727 0 0 2 1 517861 33.816 140524 1.3526 3.81039e+06 517861 ZonesAtSurface
4875.29 1274.99 51.6731 0 0 1 1 1.40557e+06 21.4944 102133 1.12296 7.11843e+06 1.40557e+06 ZonesAtSurface
4925.23 1274.99 61.7187 0 0 0 0 500325 28.3374 145899 1.47434 4.77559e+06 500325 ZonesAtSurface
74.9614 1324.99 -9.79918 47 1 1 1 1.31563e+06 33.4607 67917.8 1.3952 4.76402e+06 1.31563e+06 ZonesAtSurface
124.83 1324.99 -34.8245 45 0 1 2 1.00682e+06 15.185 54440.3 1.06496 4.74854e+06 1.00682e+06 ZonesAtSurface
174.746 1324.99 -9.79481 45 20 1 2 1.30478e+06 29.7013 147067 1.16955 3.84818e+06 1.30478e+06 ZonesAtSurface
224.674 1324.99 -34.8449 27 0 1 3 750466 34.5078 139135 1.08644 8.4708e+06 750466 ZonesAtSurface
274.61 1324.99 -9.82792 24 6 1 3 1.14864e+06 41.3717 115469 1.71964 3.67946e+06 1.14864e+06 ZonesAtSurface
324.572 1324.99 -34.8703 16 0 1 4 1.31809e+06 26.9892 126024 1.03111 9.29662e+06 1.31809e+06 ZonesAtSurface
374.509 1324.99 -9.88014 5 0 1 4 552264 15.4243 62678.9 1.03606 4.19251e+06 552264 ZonesAtSurface
424.367 1324.99 115.108 8 0 2 2 574857 33.934 117837 1.14187 1.98034e+06 574857 ZonesAtSurface
474.334 1324.99 240.1 0 10 0 0 702362 35.3015 92119.2 5.87206 555351 702362 ZonesAtSurface
524.335 1324.99 265.092 0 0 0 0 1.3472e+06 15.102 65954 2.37544 1.52518e+06 1.3472e+06 ZonesAtSurface
574.334 1324.98 290.077 0 0 0 0 1.45896e+06 41.4106 93677.3 4.42927 1.83619e+06 1.45896e+06 ZonesAtSurface
624.332 1324.98 315.06 0 0 0 0 1.17882e+06 26.5065 53174.7 3.11797 1.51525e+06 1.17882e+06 ZonesAtSurface
674.332 1324.98 340.042 0 0 0 0 680406 30.5187 142330 2.48183 1.38348e+06 680406 ZonesAtSurface
724.333 1324.98 365.024 0 0 0 0 1.40243e+06 28.0895 95030 4.63943 1.19195e+06 1.40243e+06 ZonesAtSurface
774.336 1324.98 390.005 0 0 0 0 1.40873e+06 18.7289 88170.6 3.74885 1.16625e+06 1.40873e+06 ZonesAtSurface
824.341 1324.98 414.984 0 0 0 0 1.47953e+06 20.1748 84761.1 4.16111 1.11049e+06 1.47953e+06 ZonesAtSurface
874.347 1324.98 439.964 0 0 0 0 1.27504e+06 30.7269 72211.5 4.40227 1.18039e+06 1.27504e+06 ZonesAtSurface
924.357 1324.98 464.942 0 0 0 0 1.28655e+06 30.2058 67295.6 4.33842 1.22451e+06 1.28655e+06 ZonesAtSurface
974.369 1324.98 489.92 0 0 0 0 890973 26.8308 103254 3.02226 1.20002e+06 890973 ZonesAtSurface
1024.39 1324.98 514.898 0 0 0 0 1.16397e+06 29.1858 52488 4.45497 1.11683e+06 1.16397e+06 ZonesAtSurface
1074.41 1324.98 539.874 0 0 0 0 644780 31.3011 76550.1 2.87487 1.13296e+06 644780 ZonesAtSurface
1124.44 1324.99 564.849 0 0 0 0 1.47666e+06 31.9468 88681.5 6.55773 972654 1.47666e+06 ZonesAtSurface
1174.47 1324.99 589.823 0 0 0 0 733210 28.4028 81442.9 4.03927 822536 733210 ZonesAtSurface
1224.51 1324.99 614.795 0 0 0 0 1.29577e+06 32.3257 66705.6 10 443968 1.29577e+06 ZonesAtSurface
1274.56 1324.99 639.766 0 0 0 0 749232 37.3924 50101.4 9.14286 465866 749232 ZonesAtSurface
1324.57 1324.99 614.737 0 0 2 1 769559 19.5997 63136.3 6.25709 527524 769559 ZonesAtSurface
1374.62 1324.99 639.704 0 8 2 1 1.09238e+06 27.5509 133928 3.85334 1.10215e+06 1.09238e+06 ZonesAtSurface
1424.67 1324.99 664.665 0 0 2 1 556621 36.862 131835 1.6274 1.66231e+06 556621 ZonesAtSurface
1474.75 1324.99 739.624 0 1 0 0 1.40831e+06 29.098 58328.1 8.11711 651405 1.40831e+06 ZonesAtSurface
1524.81 1324.99 764.591 0 8 0 0 1.48518e+06 18.3402 69530.9 5.32152 808261 1.48518e+06 ZonesAtSurface
1574.79 1324.99 689.574 0 0 2 2 839371 17.6381 83805.2 1.1731 2.05912e+06 839371 ZonesAtSurface
1624.81 1324.99 664.561 5 0 1 3 786746 36.0185 144472 1.00575 3.60709e+06 786746 ZonesAtSurface
1674.84 1324.99 639.558 3 0 1 4 782337 36.3459 106028 1.0408 4.37492e+06 782337 ZonesAtSurface
1724.89 1325 664.529 2 6 1 4 1.309e+06 15.9109 146876 1.37532 2.59649e+06 1.309e+06 ZonesAtSurface
1774.95 1324.99 639.536 0 0 2 5 1.4202e+06 15.7906 61935.1 1.45886 2.78584e+06 1.4202e+06 ZonesAtSurface
1825.03 1324.99 614.539 3 0 1 6 615815 21.6567 59704.3 1.23652 2.76378e+06 615815 ZonesAtSurface
1875.09 1325 739.335 6 0 2 4 973097 33.189 114490 1.01718 3.47276e+06 973097 ZonesAtSurface
1925.11 1325 814.288 0 0 2 3 1.42874e+06 19.7578 74555.9 2.05853 2.18684e+06 1.42874e+06 ZonesAtSurface
1975.19 1325 789.341 0 0 2 4 674295 30.0847 77706.5 1.27228 1.85747e+06 674295 ZonesAtSurface
2025.38 1325 701.971 3 0 2 5 704510 21.2383 106446 1.06509 2.03213e+06 704510 ZonesAtSurface
2075.56 1325 552.172 3 1 1 6 1.49351e+06 20.3545 57362.2 1.00019 4.46021e+06 1.49351e+06 ZonesAtSurface
2125.64 1324.99 452.314 6 0 1 6 1.28804e+06 36.2427 137772 1.00642 5.61874e+06 1.28804e+06 ZonesAtSurface
2175.66 1324.99 352.434 6 0 1 6 1.38946e+06 30.0513 79936.1 1.01049 5.6524e+06 1.38946e+06 ZonesAtSurface
2225.6 1324.99 252.529 6 0 1 6 1.17691e+06 26.6055 112735 1.04017 5.1379e+06 1.17691e+06 ZonesAtSurface
2275.5 1324.99 152.59 0 0 1 6 1.29931e+06 33.9376 101395 1.10567 7.27422e+06 1.29931e+06 ZonesAtSurface
2325.46 1324.99 102.607 9 0 1 5 1.45929e+06 21.7046 145019 1.00756 4.27636e+06 1.45929e+06 ZonesAtSurface
2375.33 1324.99 2.61274 3 0 1 5 1.42395e+06 40.4909 142822 1.66835 8.37171e+06 1.42395e+06 ZonesAtSurface
2425.26 1324.99 -47.3932 17 0 1 4 1.21658e+06 24.194 109658 1.24966 8.49641e+06 1.21658e+06 ZonesAtSurface
2475.21 1324.99 -47.3756 27 0 1 2 917330 32.1436 66875.8 2.43674 6.08259e+06 917330 ZonesAtSurface
2524.98 1324.99 -27.33 38 21 1 1 934466 31.4664 74957.8 2.32916 1.95605e+06 934466 ZonesAtSurface
2574.94 1324.99 -37.3404 29 0 1 2 567898 32.1508 128365 1.26623 6.26757e+06 567898 ZonesAtSurface
2624.89 1324.99 -47.3642 4 0 1 3 1.09187e+06 32.1363 132480 1.01508 1.15411e+07 1.09187e+06 ZonesAtSurface
2674.78 1324.99 -7.34152 3 0 1 3 649530 20.7997 105779 1.01347 7.28297e+06 649530 ZonesAtSurface
2724.53 1324.99 132.686 0 0 2 1 1.15098e+06 35.8289 117189 1.68479 3.36615e+06 1.15098e+06 ZonesAtSurface
2774.45 1324.99 222.675 0 6 0 0 1.4002e+06 16.5371 50145.4 1.63763 2.38099e+06 1.4002e+06 ZonesAtSurface
2824.44 1324.99 262.655 0 0 0 0 1.27946e+06 41.9268 65410.6 2.7788 2.5332e+06 1.27946e+06 ZonesAtSurface
2874.44 1324.99 302.63 0 0 0 0 1.08248e+06 16.7091 127037 2.04267 1.55245e+06 1.08248e+06 ZonesAtSurface
2924.45 1324.99 342.604 0 0 0 0 1.43882e+06 21.8579 84902.4 2.62557 1.72427e+06 1.43882e+06 ZonesAtSurface
2974.46 1324.99 382.574 0 0 0 0 965212 31.5645 123484 1.84423 2.23154e+06 965212 ZonesAtSurface
3024.47 1324.99 422.54 0 0 0 0 670524 39.6116 66772.6 1.86197 1.93409e+06 670524 ZonesAtSurface
3074.48 1324.99 462.507 0 0 0 0 666181 22.148 105863 1.20271 1.93675e+06 666181 ZonesAtSurface
3124.49 1324.99 502.473 0 0 0 0 908044 43.0854 70977.2 2.7153 2.22229e+06 908044 ZonesAtSurface
3174.51 1324.99 542.438 0 4 0 0 1.48647e+06 20.451 140621 2.2393 1.91346e+06 1.48647e+06 ZonesAtSurface
3224.54 1324.99 582.401 0 0 0 0 887169 43.9654 128620 2.30625 2.59861e+06 887169 ZonesAtSurface
3274.55 1324.99 572.362 5 0 2 1 511731 22.6061 131548 1.1855 1.87903e+06 511731 ZonesAtSurface
3324.59 1324.99 612.321 7 0 2 1 621878 43.1557 138606 1.59412 2.0389e+06 621878 ZonesAtSurface
3374.64 1324.99 652.278 0 0 1 1 1.19509e+06 36.654 133190 2.28704 2.45044e+06 1.19509e+06 ZonesAtSurface
3424.64 1324.99 592.235 0 0 1 3 546567 43.3988 108096 1.53492 4.00966e+06 546567 ZonesAtSurface
3474.76 1324.99 732.172 9 8 2 1 823496 27.6542 143655 3.63987 815253 823496 ZonesAtSurface
3524.79 1324.99 722.12 0 10 2 2 1.32182e+06 38.1293 72806.2 3.23469 1.86135e+06 1.32182e+06 ZonesAtSurface
3574.81 1324.99 712.063 0 3 2 3 1.28794e+06 34.0448 115978 2.29952 2.29522e+06 1.28794e+06 ZonesAtSurface
3624.82 1324.99 652.045 1 0 1 5 639742 15.2603 71049.6 1.08005 2.5503e+06 639742 ZonesAtSurface
3674.89 1325 691.972 4 0 1 5 1.32445e+06 28.5256 99058.3 1.02591 5.92645e+06 1.32445e+06 ZonesAtSurface
3724.97 1325 781.859 2 0 2 4 1.09918e+06 20.7478 133496 1.03348 3.90469e+06 1.09918e+06 ZonesAtSurface
3775.02 1324.99 881.822 0 0 2 2 1.104e+06 17.3554 58361.3 1.9755 1.78925e+06 1.104e+06 ZonesAtSurface
3825.04 1324.99 891.853 0 4 2 1 1.08515e+06 31.8798 130532 3.78394 1.39938e+06 1.08515e+06 ZonesAtSurface
3875.12 1324.99 801.907 0 0 1 2 1.20383e+06 29.4392 68353.8 2.4193 2.43859e+06 1.20383e+06 ZonesAtSurface
3925.08 1325 861.964 9 5 0 0 602159 41.553 132143 2.89444 1.06867e+06 602159 ZonesAtSurface
3975.15 1325 822.027 0 0 0 0 580077 41.4951 124221 2.58153 1.7601e+06 580077 ZonesAtSurface
4025.24 1324.99 782.091 7 3 0 0 703053 29.697 54591.8 1.38821 1.9566e+06 703053 ZonesAtSurface
4075.32 1324.99 742.15 0 0 0 0 780136 26.5582 147677 1.56586 1.92945e+06 780136 ZonesAtSurface
4125.43 1325 652.212 0 0 2 1 1.38677e+06 27.9659 84925.4 1.71702 3.08803e+06 1.38677e+06 ZonesAtSurface
4175.49 1325 612.266 0 0 1 1 1.43992e+06 17.2176 86000.9 1.45841 3.32391e+06 1.43992e+06 ZonesAtSurface
4225.53 1325 572.315 0 0 2 1 866289 42.9234 74109.9 2.64092 2.73517e+06 866289 ZonesAtSurface
4275.55 1324.99 582.352 0 2 0 0 1.19044e+06 21.5362 52505.3 2.19336 1.80181e+06 1.19044e+06 ZonesAtSurface
4325.58 1324.99 542.387 0 0 0 0 1.06797e+06 23.9218 120940 1.67103 2.48232e+06 1.06797e+06 ZonesAtSurface
4375.6 1324.99 502.422 0 0 0 0 1.11149e+06 35.8672 130224 2.1257 2.73264e+06 1.11149e+06 ZonesAtSurface
4425.61 1324.99 462.454 0 0 0 0 656856 43.5356 116262 2.06771 2.32762e+06 656856 ZonesAtSurface
4475.62 1324.99 422.484 0 0 0 0 1.16856e+06 21.4842 145558 1.6727 2.25418e+06 1.16856e+06 ZonesAtSurface
4525.63 1324.99 282.53 0 0 1 2 1.29185e+06 44.5686 130014 3.06069 4.48034e+06 1.29185e+06 ZonesAtSurface
4575.63 1325 342.55 0 9 0 0 893388 40.6928 118066 2.01659 2.46097e+06 893388 ZonesAtSurface
4625.63 1324.99 302.575 0 2 0 0 963804 41.0634 71998.3 2.57089 2.06827e+06 963804 ZonesAtSurface
4675.62 1324.99 212.598 0 0 2 1 927285 44.1921 78469.6 2.04208 3.57593e+06 927285 ZonesAtSurface
4725.46 1324.99 72.6205 0 0 1 3 1.20456e+06 29.9443 51384.2 1.25202 8.66218e+06 1.20456e+06 ZonesAtSurface
4775.52 1324.99 132.666 7 0 1 1 1.47601e+06 30.2669 72382 1.11654 5.73019e+06 1.47601e+06 ZonesAtSurface
4825.34 1324.99 42.6455 5 0 1 2 856619 35.7879 64946.7 1.05087 1.08132e+07 856619 ZonesAtSurface
4875.4 1324.99 102.721 0 0 0 0 816439 42.9525 148283 2.05704 5.05288e+06 816439 ZonesAtSurface
4925.15 1324.99 12.6562 0 0 1 1 656672 33.7776 105672 1.07495 1.30322e+07 656672 ZonesAtSurface
74.9574 1374.99 -8.79944 50 3 1 1 1.42796e+06 35.9409 126044 1.63139 4.97483e+06 1.42796e+06 ZonesAtSurface
124.832 1374.99 -33.8246 45 0 1 2 1.29171e+06 35.3394 64060.8 1.07517 8.1423e+06 1.29171e+06 ZonesAtSurface
174.752 1374.99 -8.78953 50 3 1 2 693268 29.5268 99925.3 1.22533 2.09061e+06 693268 ZonesAtSurface
224.673 1374.99 -33.8439 24 0 1 3 1.39856e+06 43.5757 72755.2 1.03133 1.06083e+07 1.39856e+06 ZonesAtSurface
274.6 1374.99 -8.83047 28 0 1 3 1.49329e+06 30.9287 65213.9 1.33356 5.87486e+06 1.49329e+06 ZonesAtSurface
324.568 1374.99 -33.8726 18 0 1 4 1.22749e+06 25.105 92024.6 1.03293 8.89842e+06 1.22749e+06 ZonesAtSurface
374.507 1374.99 -8.8801 1 0 1 4 597853 16.4105 106444 1.04221 4.61766e+06 597853 ZonesAtSurface
424.344 1374.99 166.106 5 9 2 1 1.1303e+06 31.3389 63038.1 3.64095 1.27704e+06 1.1303e+06 ZonesAtSurface
474.333 1374.99 241.101 0 1 0 0 1.07716e+06 26.5176 145016 4.80642 764134 1.07716e+06 ZonesAtSurface
524.333 1374.99 266.093 0 2 0 0 1.03035e+06 26.4142 63131.9 2.14336 1.56038e+06 1.03035e+06 ZonesAtSurface
574.331 1374.98 291.078 1 0 0 0 640175 16.9721 131609 1.38565 1.56448e+06 640175 ZonesAtSurface
624.329 1374.98 316.061 0 0 0 0 1.23437e+06 42.6538 149359 5.25844 1.52878e+06 1.23437e+06 ZonesAtSurface
674.329 1374.98 341.044 0 0 0 0 526908 30.8452 96600.7 2.06557 1.41844e+06 526908 ZonesAtSurface
724.33 1374.98 366.025 0 0 0 0 1.16763e+06 17.2502 83237.1 2.91618 1.23122e+06 1.16763e+06 ZonesAtSurface
774.333 1374.98 391.006 0 0 0 0 878467 42.9088 114304 5.18697 1.17283e+06 878467 ZonesAtSurface
824.338 1374.98 415.985 0 0 0 0 753142 21.307 52621.1 2.42559 1.09429e+06 753142 ZonesAtSurface
874.344 1374.98 440.965 0 0 0 0 1.36455e+06 25.0105 122208 4.03999 1.17501e+06 1.36455e+06 ZonesAtSurface
924.353 1374.98 465.944 0 0 0 0 710794 17.9737 98493.3 1.92542 1.20965e+06 710794 ZonesAtSurface
974.365 1374.98 490.922 0 0 0 0 1.40456e+06 20.9358 79069.2 3.79099 1.20391e+06 1.40456e+06 ZonesAtSurface
1024.38 1374.98 515.9 0 0 0 0 1.10137e+06 36.8383 105282 5.10246 1.11751e+06 1.10137e+06 ZonesAtSurface
1074.41 1374.98 540.876 0 0 0 0 1.32044e+06 38.3401 111787 6.3756 1.08781e+06 1.32044e+06 ZonesAtSurface
1124.44 1374.99 565.851 0 0 0 0 884951 33.6076 95873.1 4.88964 933255 884951 ZonesAtSurface
1174.47 1374.99 590.825 0 0 0 0 938061 41.9024 118293 8.38394 730205 938061 ZonesAtSurface
1224.51 1374.99 615.798 0 0 0 0 671576 32.5192 116051 9.0102 388409 671576 ZonesAtSurface
1274.55 1374.99 640.77 0 0 0 0 1.39133e+06 42.5863 121998 10 609128 1.39133e+06 ZonesAtSurface
1324.57 1374.99 615.741 0 0 2 1 694581 29.4767 144481 9.60861 472500 694581 ZonesAtSurface
1374.62 1374.99 640.708 0 3 2 1 916344 28.3854 145743 2.99394 1.20116e+06 916344 ZonesAtSurface
1424.66 1374.99 665.668 0 0 2 1 642370 31.8815 117179 1.55715 1.67872e+06 642370 ZonesAtSurface
1474.75 1374.99 740.626 0 5 0 0 749858 30.4252 81769.5 4.2957 751484 749858 ZonesAtSurface
1524.77 1374.99 715.598 0 4 2 1 1.29947e+06 18.2257 69167.2 2.02896 1.86632e+06 1.29947e+06 ZonesAtSurface
1574.76 1374.99 640.592 2 0 2 3 1.42182e+06 27.2885 93558.2 1.02214 4.87016e+06 1.42182e+06 ZonesAtSurface
1624.83 1374.99 715.552 0 9 2 2 1.46943e+06 42.6216 69891.2 2.23831 2.87616e+06 1.46943e+06 ZonesAtSurface
1674.86 1374.99 690.54 8 2 2 3 863343 29.1522 143574 1.09426 2.44786e+06 863343 ZonesAtSurface
1724.87 1374.99 615.57 0 0 2 5 1.26903e+06 19.1141 96435.8 1.34955 3.61076e+06 1.26903e+06 ZonesAtSurface
1774.94 1374.99 640.538 0 4 2 5 1.02234e+06 37.7603 53298.9 1.36612 3.08757e+06 1.02234e+06 ZonesAtSurface
1825.02 1374.99 615.541 3 0 2 6 541688 15.8954 89541.5 1.23311 2.26486e+06 541688 ZonesAtSurface
1875.1 1375 690.407 0 0 1 5 1.08145e+06 28.8646 86616.2 1.0176 4.11574e+06 1.08145e+06 ZonesAtSurface
1925.11 1375 815.293 1 0 2 3 843991 22.6066 132644 1.4482 2.10238e+06 843991 ZonesAtSurface
1975.19 1375 790.346 1 0 2 4 887043 22.816 95156.8 1.08496 2.6807e+06 887043 ZonesAtSurface
2025.38 1375 702.974 9 9 1 5 757398 44.8257 133512 1.17683 2.96032e+06 757398 ZonesAtSurface
2075.56 1374.99 553.175 2 0 1 6 1.08758e+06 22.1084 110797 1.00774 3.40785e+06 1.08758e+06 ZonesAtSurface
2125.64 1374.99 453.318 6 0 1 6 858317 35.6833 132384 1.02799 4.58298e+06 858317 ZonesAtSurface
2175.64 1374.99 353.436 6 0 1 6 713920 29.2571 143677 1.02319 3.80729e+06 713920 ZonesAtSurface
2225.59 1374.98 253.53 6 0 1 6 1.05275e+06 17.8015 61200.4 1.05394 3.7872e+06 1.05275e+06 ZonesAtSurface
2275.49 1374.98 153.589 6 0 1 6 920508 42.8686 91412 1.15005 8.24583e+06 920508 ZonesAtSurface
2325.45 1374.99 103.604 5 0 1 5 1.44263e+06 43.5218 109031 1.05865 6.09658e+06 1.44263e+06 ZonesAtSurface
2375.32 1374.99 3.60878 8 0 1 5 1.03339e+06 33.4088 134470 1.22966 7.90529e+06 1.03339e+06 ZonesAtSurface
2425.26 1374.99 -46.3981 2 0 1 4 1.31381e+06 39.926 97170.4 2.58283 9.3269e+06 1.31381e+06 ZonesAtSurface
2475.2 1374.99 -46.3795 28 0 1 2 786605 34.0798 80307.2 2.89888 6.46104e+06 786605 ZonesAtSurface
2524.96 1374.99 -26.343 31 22 1 1 1.38734e+06 40.2607 57680.6 2.52922 3.46409e+06 1.38734e+06 ZonesAtSurface
2574.94 1374.99 -36.356 4 0 1 2 767944 30.4823 138304 1.60487 6.765e+06 767944 ZonesAtSurface
2624.81 1374.99 3.67323 3 0 1 2 953389 22.5297 75013.2 1.13687 5.1581e+06 953389 ZonesAtSurface
2674.7 1374.99 43.6837 0 0 1 2 821360 17.7182 103524 1.06072 2.92871e+06 821360 ZonesAtSurface
2724.54 1374.99 133.687 0 0 2 1 1.37703e+06 39.5705 118834 1.60157 4.47188e+06 1.37703e+06 ZonesAtSurface
2774.46 1375 223.673 0 0 0 0 1.0678e+06 29.3295 77749.3 1.75113 2.31854e+06 1.0678e+06 ZonesAtSurface
2824.45 1374.99 263.653 3 0 0 0 510311 17.7914 106138 1.93927 866614 510311 ZonesAtSurface
2874.45 1374.99 303.628 0 0 0 0 642835 34.5459 119350 2.93856 1.16391e+06 642835 ZonesAtSurface
2924.45 1374.99 343.605 0 0 0 0 570344 39.0738 69480.7 2.02065 1.55538e+06 570344 ZonesAtSurface
2974.45 1374.99 333.578 0 0 1 1 1.27044e+06 35.8456 72057.6 2.4966 2.93572e+06 1.27044e+06 ZonesAtSurface
3024.47 1374.99 423.542 0 0 0 0 1.37778e+06 21.0349 105067 2.12679 2.00797e+06 1.37778e+06 ZonesAtSurface
3074.48 1374.99 463.51 0 0 0 0 633719 31.1196 70961 1.40921 1.87405e+06 633719 ZonesAtSurface
3124.48 1374.99 453.479 0 0 1 1 917813 31.4 101854 1.67316 2.98704e+06 917813 ZonesAtSurface
3174.52 1374.99 543.438 0 0 0 0 1.0687e+06 36.8763 100351 2.51169 2.00471e+06 1.0687e+06 ZonesAtSurface
3224.52 1374.99 533.403 0 0 1 1 1.34377e+06 19.3557 83428.3 1.25226 3.35245e+06 1.34377e+06 ZonesAtSurface
3274.58 1374.99 623.358 0 8 0 0 1.13515e+06 18.1253 90147.3 1.6366 1.94671e+06 1.13515e+06 ZonesAtSurface
3324.59 1374.99 613.321 0 0 2 1 636277 15.5177 102179 1.67213 1.34417e+06 636277 ZonesAtSurface
3374.61 1374.99 603.281 0 0 1 2 986278 44.0335 81064.8 2.45667 3.01811e+06 986278 ZonesAtSurface
3424.67 1374.99 643.23 0 0 2 2 689384 22.9498 128103 1.38893 2.20224e+06 689384 ZonesAtSurface
3474.73 1374.99 683.175 0 6 2 2 1.3139e+06 44.4679 60906.3 4.054 2.12547e+06 1.3139e+06 ZonesAtSurface
3524.75 1374.99 673.123 0 0 2 3 1.48369e+06 26.8876 80239.9 2.32851 2.60993e+06 1.48369e+06 ZonesAtSurface
3574.78 1374.99 663.08 0 0 2 4 613464 30.8444 80685.2 1.38048 3.20875e+06 613464 ZonesAtSurface
3624.84 1374.99 703.016 5 0 2 4 686745 39.7216 50942.4 1.03754 2.8568e+06 686745 ZonesAtSurface
3674.89 1374.99 692.975 10 0 1 5 1.00219e+06 41.0353 137830 1.02712 5.52992e+06 1.00219e+06 ZonesAtSurface
3724.98 1375 782.862 6 0 1 4 708022 28.3707 54391.6 1.04219 3.56449e+06 708022 ZonesAtSurface
3775.01 1374.99 932.824 0 6 2 1 793623 24.4086 102076 4.25359 688218 793623 ZonesAtSurface
3825.04 1374.99 892.852 0 8 1 1 876565 38.5685 121880 3.09957 1.30565e+06 876565 ZonesAtSurface
3875.08 1374.99 852.902 0 0 2 1 720224 24.9706 134153 1.58022 1.94966e+06 720224 ZonesAtSurface
3925.14 1374.99 812.964 0 0 1 1 1.1254e+06 25.9959 79917.5 2.11892 2.16423e+06 1.1254e+06 ZonesAtSurface
3975.21 1374.99 773.03 0 0 1 1 1.03668e+06 22.2573 69880.5 1.62381 2.47042e+06 1.03668e+06 ZonesAtSurface
4025.24 1374.99 783.092 0 4 0 0 1.40406e+06 26.4192 62728.1 2.0564 2.40124e+06 1.40406e+06 ZonesAtSurface
4075.32 1374.99 743.153 0 0 0 0 1.13942e+06 28.4235 111082 2.44573 1.84589e+06 1.13942e+06 ZonesAtSurface
4125.43 1375 653.216 3 0 1 1 914739 33.8766 130870 1.78538 3.28772e+06 914739 ZonesAtSurface
4175.51 1375 563.279 0 0 1 2 804642 43.0039 57919.8 2.41672 4.13124e+06 804642 ZonesAtSurface
4225.51 1374.99 623.315 0 8 0 0 1.0253e+06 35.6933 116160 2.53122 1.87128e+06 1.0253e+06 ZonesAtSurface
4275.55 1374.99 583.354 0 10 0 0 1.21701e+06 30.6153 134013 2.1596 2.29654e+06 1.21701e+06 ZonesAtSurface
4325.6 1375 493.395 0 0 2 1 611625 26.8796 73152.8 1.38767 2.75778e+06 611625 ZonesAtSurface
4375.61 1374.99 453.429 0 0 1 1 709394 36.0592 75753.1 1.89002 3.31391e+06 709394 ZonesAtSurface
4425.61 1374.99 463.458 0 0 0 0 748228 35.8177 113510 2.13615 1.89279e+06 748228 ZonesAtSurface
4475.62 1374.99 423.486 0 5 0 0 1.43137e+06 29.8285 75560.5 2.48636 2.04836e+06 1.43137e+06 ZonesAtSurface
4525.63 1374.99 383.518 0 0 0 0 888268 40.8755 113188 1.98169 2.8733e+06 888268 ZonesAtSurface
4575.63 1374.99 293.555 0 0 1 1 1.30295e+06 29.1368 67353.8 1.62769 3.54721e+06 1.30295e+06 ZonesAtSurface
4625.63 1374.99 253.581 0 0 1 1 1.22433e+06 38.8964 138999 1.97094 3.76283e+06 1.22433e+06 ZonesAtSurface
4675.64 1374.99 263.595 0 6 0 0 675509 43.9374 100188 2.77169 1.2629e+06 675509 ZonesAtSurface
4725.53 1374.99 123.631 2 0 1 2 914632 35.3348 88613.1 1.27684 7.25046e+06 914632 ZonesAtSurface
4775.45 1374.99 83.6502 8 0 1 2 1.02405e+06 22.3306 68094.8 1.03639 6.00518e+06 1.02405e+06 ZonesAtSurface
4825.52 1374.99 143.689 2 9 0 0 1.37584e+06 25.0386 69576.3 2.25186 2.0377e+06 1.37584e+06 ZonesAtSurface
4875.29 1374.99 53.6744 0 0 1 1 1.22177e+06 27.0957 74530.1 1.19625 8.3635e+06 1.22177e+06 ZonesAtSurface
4925.23 1374.99 63.7243 0 0 0 0 697075 41.0219 105138 1.5829 6.81522e+06 697075 ZonesAtSurface
74.9516 1424.99 -7.79697 54 0 1 1 877125 34.9461 139299 1.82087 3.61878e+06 877125 ZonesAtSurface
124.833 1424.99 -32.8224 42 0 1 2 988523 41.4188 140955 1.07793 7.80734e+06 988523 ZonesAtSurface
174.762 1424.99 -7.7738 50 0 1 2 934302 29.9072 118996 1.27351 3.10792e+06 934302 ZonesAtSurface
224.668 1424.99 -32.8408 39 0 1 3 1.3317e+06 23.7448 80609.6 1.03726 6.20964e+06 1.3317e+06 ZonesAtSurface
274.58 1424.99 -7.84267 22 0 1 3 710571 22.343 85635.4 1.06122 3.94601e+06 710571 ZonesAtSurface
324.506 1424.99 17.1435 1 0 1 3 827412 35.8126 100480 1.40709 8.7312e+06 827412 ZonesAtSurface
374.451 1424.99 42.1299 7 0 1 3 1.36042e+06 41.0017 113253 1.3467 8.07919e+06 1.36042e+06 ZonesAtSurface
424.374 1424.99 117.116 6 0 1 2 982766 31.1267 131176 1.10839 4.11596e+06 982766 ZonesAtSurface
474.332 1424.99 242.102 0 1 0 0 1.32753e+06 39.7426 81833.7 6.92058 881602 1.32753e+06 ZonesAtSurface
524.332 1424.99 267.094 0 0 0 0 885336 16.1804 110031 2.03339 1.27109e+06 885336 ZonesAtSurface
574.329 1424.98 292.079 0 0 0 0 737526 15.0326 70568.3 1.33443 1.68395e+06 737526 ZonesAtSurface
624.327 1424.98 317.062 0 0 0 0 1.10865e+06 39.3537 127010 4.1972 1.56913e+06 1.10865e+06 ZonesAtSurface
674.326 1424.98 342.045 0 0 0 0 914295 40.391 114017 3.91868 1.47955e+06 914295 ZonesAtSurface
724.328 1424.98 367.026 0 0 0 0 924615 42.5008 98904.9 4.97568 1.25215e+06 924615 ZonesAtSurface
774.33 1424.98 392.006 0 0 0 0 1.09369e+06 32.3731 96610 4.33891 1.16962e+06 1.09369e+06 ZonesAtSurface
824.334 1424.98 416.986 0 0 0 0 1.01596e+06 29.3089 121496 3.78391 1.10731e+06 1.01596e+06 ZonesAtSurface
874.34 1424.98 441.966 0 0 0 0 562138 19.7594 87332.8 1.64244 1.18544e+06 562138 ZonesAtSurface
924.349 1424.98 466.945 0 0 0 0 813626 28.7926 88444.7 2.90928 1.21501e+06 813626 ZonesAtSurface
974.361 1424.98 491.924 0 0 0 0 890641 28.3751 87676.9 3.12148 1.20039e+06 890641 ZonesAtSurface
1024.38 1424.98 516.901 0 0 0 0 999708 36.3036 86303.5 4.44948 1.15895e+06 999708 ZonesAtSurface
1074.4 1424.99 541.877 0 0 0 0 1.04005e+06 44.7248 143347 6.53216 1.0624e+06 1.04005e+06 ZonesAtSurface
1124.43 1424.99 566.852 0 0 0 0 1.18103e+06 36.7474 113718 6.86261 886103 1.18103e+06 ZonesAtSurface
1174.47 1424.99 591.826 0 0 0 0 607586 34.7375 53997.8 5.16593 698090 607586 ZonesAtSurface
1224.5 1424.99 616.8 0 0 0 0 1.36184e+06 17.339 104365 10 378622 1.36184e+06 ZonesAtSurface
1274.55 1424.99 641.773 0 0 0 0 556152 20.8148 86896 2.90867 630317 556152 ZonesAtSurface
1324.56 1424.99 616.745 0 0 2 1 520936 41.0188 121056 10 482284 520936 ZonesAtSurface
1374.61 1424.99 641.711 0 4 2 1 1.35074e+06 36.2586 136880 5.12683 1.20741e+06 1.35074e+06 ZonesAtSurface
1424.66 1424.99 666.671 0 0 2 1 505797 44.459 128693 2.14515 1.59305e+06 505797 ZonesAtSurface
1474.74 1424.98 741.63 0 4 0 0 947193 21.4873 109750 4.09538 748657 947193 ZonesAtSurface
1524.76 1424.99 716.601 0 3 2 1 1.24217e+06 16.1477 95434.8 1.67331 2.01741e+06 1.24217e+06 ZonesAtSurface
1574.78 1424.99 691.583 0 10 1 2 1.26192e+06 38.4011 146341 1.86806 2.7671e+06 1.26192e+06 ZonesAtSurface
1624.8 1424.99 666.57 8 0 2 3 1.09365e+06 29.9851 134383 1.02633 3.7045e+06 1.09365e+06 ZonesAtSurface
1674.83 1424.99 641.566 1 0 1 4 1.06998e+06 19.8713 106640 1.00503 3.60753e+06 1.06998e+06 ZonesAtSurface
1724.87 1424.99 616.576 0 0 1 5 771886 39.3857 51380.2 1.17598 4.75594e+06 771886 ZonesAtSurface
1774.94 1424.99 641.543 0 2 2 5 1.37805e+06 31.105 83582 1.61746 2.92933e+06 1.37805e+06 ZonesAtSurface
1825.02 1424.99 616.553 2 0 2 6 1.37993e+06 21.207 89924.4 1.19291 4.38291e+06 1.37993e+06 ZonesAtSurface
1875.08 1425 741.351 7 0 2 4 630276 17.9672 88373.2 1.00044 1.84279e+06 630276 ZonesAtSurface
1925.11 1425 816.299 0 0 2 3 1.34435e+06 18.4621 122378 1.94236 2.03324e+06 1.34435e+06 ZonesAtSurface
1975.13 1425 841.344 0 10 2 3 764351 36.7384 85722.7 2.26416 1.56036e+06 764351 ZonesAtSurface
2025.42 1424.99 654.02 5 1 1 6 1.49774e+06 40.5235 140563 1.09087 6.18696e+06 1.49774e+06 ZonesAtSurface
2075.55 1424.99 554.181 6 0 1 6 557358 38.8338 125579 1.00888 3.69556e+06 557358 ZonesAtSurface
2125.62 1424.99 454.324 6 0 1 6 1.06495e+06 16.5829 93773.8 1.00822 2.99614e+06 1.06495e+06 ZonesAtSurface
2175.62 1424.98 354.44 6 0 1 6 526751 30.7891 98066.9 1.04282 2.86509e+06 526751 ZonesAtSurface
2225.57 1424.98 254.529 6 0 1 6 1.48436e+06 25.4604 52596.7 1.0673 4.99022e+06 1.48436e+06 ZonesAtSurface
2275.55 1424.98 204.561 9 0 1 5 621564 34.0815 130547 1.11367 4.10838e+06 621564 ZonesAtSurface
2325.44 1424.98 104.597 5 0 1 5 1.39009e+06 25.5764 131111 1.01681 4.77362e+06 1.39009e+06 ZonesAtSurface
2375.26 1424.98 -45.4097 1 0 1 6 570463 15.5774 137661 1.13656 6.48323e+06 570463 ZonesAtSurface
2425.25 1424.99 -45.4027 11 0 1 4 892012 36.1596 63786.6 2.08409 9.11714e+06 892012 ZonesAtSurface
2475.2 1424.99 -45.3824 31 0 1 2 1.29161e+06 23.0835 122141 2.05983 5.3259e+06 1.29161e+06 ZonesAtSurface
2524.96 1424.99 -25.3375 40 22 1 1 908874 17.1189 110535 1.13937 2.20967e+06 908874 ZonesAtSurface
2574.93 1424.98 -35.3625 11 0 1 2 797178 23.3812 102243 1.21484 6.81662e+06 797178 ZonesAtSurface
2624.82 1424.99 4.66566 6 0 2 2 1.24432e+06 43.6827 89397.6 1.53298 8.89939e+06 1.24432e+06 ZonesAtSurface
2674.71 1425 44.6806 6 0 1 2 926425 32.1167 78188.1 1.15876 6.90092e+06 926425 ZonesAtSurface
2724.55 1425 134.681 8 0 2 1 1.07752e+06 44.5771 99834.3 1.47071 4.3758e+06 1.07752e+06 ZonesAtSurface
2774.47 1425 224.667 0 3 0 0 1.13545e+06 20.0376 106430 1.97958 1.73705e+06 1.13545e+06 ZonesAtSurface
2824.46 1425 264.649 0 0 0 0 787320 33.2903 145374 1.79355 1.80989e+06 787320 ZonesAtSurface
2874.46 1425 304.626 0 0 0 0 718767 20.1911 146807 2.29075 1.07905e+06 718767 ZonesAtSurface
2924.46 1424.99 344.604 0 0 0 0 864878 22.2793 53372.4 1.97288 1.39684e+06 864878 ZonesAtSurface
2974.46 1424.99 334.579 0 0 1 1 862491 44.5181 85125.8 3.06471 2.79992e+06 862491 ZonesAtSurface
3024.47 1424.99 374.548 0 0 2 1 1.34844e+06 25.57 79798.7 1.48004 3.2259e+06 1.34844e+06 ZonesAtSurface
3074.49 1424.99 464.512 0 0 0 0 1.26302e+06 38.4795 144055 3.27205 1.88136e+06 1.26302e+06 ZonesAtSurface
3124.49 1424.99 454.481 0 0 1 1 1.14141e+06 24.8593 66631.1 1.38155 3.20806e+06 1.14141e+06 ZonesAtSurface
3174.52 1424.99 544.439 0 0 0 0 1.44723e+06 23.8725 52051.5 2.19326 2.12812e+06 1.44723e+06 ZonesAtSurface
3224.55 1424.99 584.399 7 0 0 0 1.14703e+06 26.3925 136063 1.40827 2.91667e+06 1.14703e+06 ZonesAtSurface
3274.58 1424.99 624.357 0 0 0 0 1.34347e+06 41.2246 100416 3.00412 2.04947e+06 1.34347e+06 ZonesAtSurface
3324.6 1424.99 614.32 0 7 2 1 979444 35.7123 87622.9 2.1894 1.97484e+06 979444 ZonesAtSurface
3374.65 1424.99 654.282 4 0 2 1 644756 33.7725 145965 1.96054 1.751e+06 644756 ZonesAtSurface
3424.64 1424.99 594.24 0 0 1 3 1.3966e+06 33.4488 148094 1.69004 4.46744e+06 1.3966e+06 ZonesAtSurface
3474.73 1424.99 684.175 0 3 2 2 1.34084e+06 22.8374 55508.2 1.83791 2.55379e+06 1.34084e+06 ZonesAtSurface
3524.8 1424.99 724.124 0 2 2 2 1.4648e+06 30.3288 143564 4.93122 1.09242e+06 1.4648e+06 ZonesAtSurface
3574.81 1424.99 714.07 0 0 2 3 1.10601e+06 26.0843 118403 2.35529 1.91732e+06 1.10601e+06 ZonesAtSurface
3624.83 1424.99 654.053 1 0 1 5 1.12419e+06 35.6408 121396 1.22941 5.16286e+06 1.12419e+06 ZonesAtSurface
3674.89 1424.99 693.977 8 0 1 5 1.20342e+06 41.067 138537 1.02254 5.50677e+06 1.20342e+06 ZonesAtSurface
3724.98 1425 783.863 2 0 1 4 1.33776e+06 35.4713 99972.2 1.05928 5.50575e+06 1.33776e+06 ZonesAtSurface
3775.01 1424.99 933.821 0 3 2 1 1.21521e+06 44.6249 59563.7 5.37373 1.21873e+06 1.21521e+06 ZonesAtSurface
3825.04 1424.99 893.85 0 0 2 1 856136 32.5739 51118.3 2.86469 1.48806e+06 856136 ZonesAtSurface
3875.13 1424.99 803.904 0 0 1 2 993626 30.5956 96323.6 1.76335 2.88724e+06 993626 ZonesAtSurface
3925.14 1424.99 813.961 6 0 2 1 598250 22.932 68395.4 1.08906 2.25853e+06 598250 ZonesAtSurface
3975.16 1424.99 824.023 0 2 0 0 848302 40.5087 87500.3 1.58759 2.72763e+06 848302 ZonesAtSurface
4025.29 1425 734.097 0 0 1 1 1.36023e+06 26.1705 68321.9 1.84062 2.83305e+06 1.36023e+06 ZonesAtSurface
4075.32 1424.99 744.158 0 0 0 0 1.31452e+06 34.3139 140069 3.11578 1.64876e+06 1.31452e+06 ZonesAtSurface
4125.39 1424.99 704.214 0 9 0 0 1.34435e+06 28.3022 113106 2.23351 2.29115e+06 1.34435e+06 ZonesAtSurface
4175.49 1424.99 614.274 1 0 2 1 560762 25.0633 95486.5 1.18778 2.73913e+06 560762 ZonesAtSurface
4225.51 1424.99 624.315 0 10 0 0 1.22353e+06 42.0584 115317 3.38023 1.96439e+06 1.22353e+06 ZonesAtSurface
4275.58 1425 484.368 0 0 1 2 1.02259e+06 31.9129 67598.7 2.06853 3.67476e+06 1.02259e+06 ZonesAtSurface
4325.58 1425 544.393 0 5 0 0 1.26398e+06 41.405 101056 3.5516 2.22817e+06 1.26398e+06 ZonesAtSurface
4375.61 1424.99 454.431 0 0 1 1 1.09477e+06 42.5051 102425 2.79425 3.266e+06 1.09477e+06 ZonesAtSurface
4425.61 1424.99 464.46 0 0 0 0 731568 35.1739 64523.5 2.24711 1.71436e+06 731568 ZonesAtSurface
4475.62 1424.99 424.487 0 0 0 0 1.16193e+06 33.5739 66988.6 2.46464 2.03565e+06 1.16193e+06 ZonesAtSurface
4525.63 1424.99 334.524 0 0 1 1 1.22207e+06 42.1062 69163.8 2.32673 3.73443e+06 1.22207e+06 ZonesAtSurface
4575.63 1424.99 344.552 0 8 0 0 1.46849e+06 30.2652 96681.4 3.10198 1.90659e+06 1.46849e+06 ZonesAtSurface
4625.63 1424.99 304.578 0 3 0 0 1.00157e+06 26.9462 129644 1.48335 2.44514e+06 1.00157e+06 ZonesAtSurface
4675.62 1424.99 214.603 1 0 2 1 1.23143e+06 35.5156 116162 1.6064 3.95367e+06 1.23143e+06 ZonesAtSurface
4725.53 1424.99 124.631 4 0 1 2 1.34549e+06 37.2779 135349 1.05804 8.58196e+06 1.34549e+06 ZonesAtSurface
4775.45 1424.99 84.6464 6 0 1 2 1.47965e+06 27.3219 146163 1.06298 8.05718e+06 1.47965e+06 ZonesAtSurface
4825.43 1424.99 94.6713 6 0 1 1 1.37995e+06 38.173 99021.6 1.15326 7.14763e+06 1.37995e+06 ZonesAtSurface
4875.4 1424.99 104.726 4 0 0 0 637418 26.9953 59237.4 1.76275 2.61991e+06 637418 ZonesAtSurface
4925.15 1424.99 14.6602 1 0 1 1 966933 44.5851 67402.2 1.10902 1.55879e+07 966933 ZonesAtSurface
74.9451 1474.99 -6.79233 53 0 1 1 618356 29.4054 59823 1.7155 2.65963e+06 618356 ZonesAtSurface
124.832 1474.99 -31.8196 35 0 1 2 1.42991e+06 44.7344 56629.6 1.07624 8.26264e+06 1.42991e+06 ZonesAtSurface
174.763 1474.99 -6.76477 49 0 1 2 1.03719e+06 31.6722 138076 1.2769 3.35239e+06 1.03719e+06 ZonesAtSurface
224.665 1474.99 -31.8392 38 0 1 3 671502 16.6542 126171 1.01841 3.78957e+06 671502 ZonesAtSurface
274.579 1475 -6.8411 26 0 1 3 1.10944e+06 24.7524 124062 1.0752 3.8794e+06 1.10944e+06 ZonesAtSurface
324.565 1474.99 -31.8756 11 0 1 4 547365 15.1898 143041 1.02087 5.74832e+06 547365 ZonesAtSurface
374.507 1474.99 -6.87977 3 0 1 4 593727 42.7556 148961 1.24463 9.05854e+06 593727 ZonesAtSurface
424.372 1474.99 118.117 6 0 2 2 718935 17.9706 90173.3 1.08507 2.29937e+06 718935 ZonesAtSurface
474.331 1474.99 243.103 0 0 0 0 1.22229e+06 38.2158 149155 5.11912 1.04254e+06 1.22229e+06 ZonesAtSurface
524.33 1474.99 268.094 0 3 0 0 1.02958e+06 35.0142 62821.1 2.57628 1.70396e+06 1.02958e+06 ZonesAtSurface
574.327 1474.99 293.079 2 0 0 0 661870 23.7599 145756 1.38129 1.86369e+06 661870 ZonesAtSurface
624.325 1474.98 318.063 0 0 0 0 1.01931e+06 28.8012 56313.2 2.77997 1.60818e+06 1.01931e+06 ZonesAtSurface
674.324 1474.98 343.045 0 0 0 0 810717 28.7618 122610 2.43475 1.51666e+06 810717 ZonesAtSurface
724.325 1474.98 368.027 0 0 0 0 1.11831e+06 18.8893 124435 2.86126 1.25955e+06 1.11831e+06 ZonesAtSurface
774.327 1474.98 393.007 0 0 0 0 1.35535e+06 40.4822 134645 6.60954 1.15604e+06 1.35535e+06 ZonesAtSurface
824.331 1474.98 417.987 0 0 0 0 868015 17.0032 147375 2.35951 1.11695e+06 868015 ZonesAtSurface
874.337 1474.98 442.967 0 0 0 0 664108 37.9881 105620 3.09973 1.20822e+06 664108 ZonesAtSurface
924.345 1474.98 467.946 0 0 0 0 1.36646e+06 32.2245 87734.5 4.78512 1.23248e+06 1.36646e+06 ZonesAtSurface
974.357 1474.98 492.925 0 0 0 0 613665 43.1847 104402 3.82485 1.20375e+06 613665 ZonesAtSurface
1024.37 1474.98 517.902 0 0 0 0 1.41612e+06 25.7268 136373 4.24431 1.19011e+06 1.41612e+06 ZonesAtSurface
1074.4 1474.99 542.878 0 0 0 0 1.36224e+06 36.9493 76620.2 6.31498 1.0716e+06 1.36224e+06 ZonesAtSurface
1124.43 1474.99 567.853 0 0 0 0 991023 21.914 143846 4.28495 811900 991023 ZonesAtSurface
1174.46 1474.99 592.827 0 0 0 0 991951 16.569 121679 4.95593 612238 991951 ZonesAtSurface
1224.5 1474.99 617.802 0 0 0 0 1.25051e+06 39.0172 108124 10 361922 1.25051e+06 ZonesAtSurface
1274.55 1474.99 642.775 0 0 0 0 697228 15.0825 81315.1 3.93349 513918 697228 ZonesAtSurface
1324.56 1474.99 617.748 0 0 2 1 642921 42.8819 149221 10 465638 642921 ZonesAtSurface
1374.61 1474.99 642.715 5 2 2 1 641750 34.3702 102586 2.98173 1.15078e+06 641750 ZonesAtSurface
1424.65 1474.99 667.675 0 0 2 1 604474 28.1567 90787.4 1.74998 1.50486e+06 604474 ZonesAtSurface
1474.74 1474.98 742.635 0 2 0 0 785429 31.3428 106655 5.08401 644790 785429 ZonesAtSurface
1524.76 1474.99 717.605 0 5 2 1 1.0539e+06 23.6929 130019 1.47847 2.11265e+06 1.0539e+06 ZonesAtSurface
1574.75 1474.99 642.602 6 0 2 3 1.09028e+06 20.2743 138252 1.01611 3.3295e+06 1.09028e+06 ZonesAtSurface
1624.8 1474.99 667.576 6 3 2 3 1.14318e+06 34.4828 140953 1.15929 3.48454e+06 1.14318e+06 ZonesAtSurface
1674.84 1474.99 692.552 8 9 2 3 1.43866e+06 20.9989 120932 1.71742 2.3637e+06 1.43866e+06 ZonesAtSurface
1724.87 1474.99 617.578 1 0 1 5 638904 37.9912 115329 1.21374 3.84202e+06 638904 ZonesAtSurface
1774.94 1474.99 692.511 10 7 2 4 654270 22.5092 145208 1.77775 1.04945e+06 654270 ZonesAtSurface
1825.01 1474.99 617.568 1 0 1 6 1.25077e+06 31.8835 135157 1.24004 4.63132e+06 1.25077e+06 ZonesAtSurface
1875.1 1474.99 692.436 2 0 1 5 922417 36.8664 64964.7 1.02702 3.83192e+06 922417 ZonesAtSurface
1925.1 1475 817.311 3 0 2 3 905518 15.7421 60094.2 1.2481 2.20415e+06 905518 ZonesAtSurface
1975.19 1475 792.359 0 2 2 4 1.39699e+06 35.2617 60164.6 1.40704 3.86724e+06 1.39699e+06 ZonesAtSurface
2025.37 1475 704.981 6 3 1 5 913414 33.5919 117231 1.04828 3.20051e+06 913414 ZonesAtSurface
2075.53 1474.99 555.19 6 2 1 6 1.47908e+06 18.699 94716.7 1.01406 4.13744e+06 1.47908e+06 ZonesAtSurface
2125.6 1474.98 455.331 6 0 1 6 536052 24.4537 72443.1 1.00851 2.18845e+06 536052 ZonesAtSurface
2175.6 1474.98 355.444 6 0 1 6 1.26069e+06 21.944 143670 1.03663 4.26877e+06 1.26069e+06 ZonesAtSurface
2225.54 1474.97 255.529 6 0 1 6 862165 15.1486 102215 1.08657 2.82716e+06 862165 ZonesAtSurface
2275.53 1474.98 205.556 8 0 1 5 1.42725e+06 33.1799 74213.4 1.06966 5.17456e+06 1.42725e+06 ZonesAtSurface
2325.5 1474.99 155.575 3 10 1 4 780081 44.5064 108234 1.9338 2.2737e+06 780081 ZonesAtSurface
2375.25 1474.98 -44.4193 0 0 1 6 1.15044e+06 40.5835 84656.9 5.04203 6.90363e+06 1.15044e+06 ZonesAtSurface
2425.24 1474.98 -44.4112 8 0 1 4 931027 42.974 86584.8 2.50341 9.36778e+06 931027 ZonesAtSurface
2475.18 1474.95 -44.3885 37 0 1 2 1.03417e+06 22.538 109834 1.88701 6.03486e+06 1.03417e+06 ZonesAtSurface
2524.96 1474.83 -24.3047 44 6 1 1 769980 18.6266 123986 1.08773 7.93265e+06 769980 ZonesAtSurface
2574.96 1474.91 -34.3448 31 0 1 2 819109 25.557 53247.2 1.10075 1.29183e+07 819109 ZonesAtSurface
2624.92 1474.96 -44.3773 8 0 1 3 588202 36.356 148268 1.2595 1.71049e+07 588202 ZonesAtSurface
2674.8 1474.98 -4.34632 15 0 1 3 570835 16.2745 117750 1.047 5.99102e+06 570835 ZonesAtSurface
2724.55 1475.01 135.668 10 5 2 1 1.24746e+06 39.7446 97508.7 1.53828 3.51508e+06 1.24746e+06 ZonesAtSurface
2774.51 1475 175.662 6 0 2 1 502081 35.7413 50040 1.50615 2.32461e+06 502081 ZonesAtSurface
2824.47 1475 265.642 0 7 0 0 1.04383e+06 34.0567 78546.9 2.09577 2.04558e+06 1.04383e+06 ZonesAtSurface
2874.47 1475 305.623 0 0 0 0 949318 42.3043 67566.2 3.49805 1.58634e+06 949318 ZonesAtSurface
2924.47 1474.99 345.602 0 0 0 0 567862 28.764 64682.5 1.93324 1.25566e+06 567862 ZonesAtSurface
2974.47 1474.99 335.579 0 0 1 1 712439 39.4063 74063.6 2.26205 2.82961e+06 712439 ZonesAtSurface
3024.49 1474.99 425.547 0 2 0 0 1.31539e+06 41.8075 127608 3.38164 1.92292e+06 1.31539e+06 ZonesAtSurface
3074.49 1474.99 415.517 0 0 1 1 1.21587e+06 22.7823 66620.2 1.3799 3.19904e+06 1.21587e+06 ZonesAtSurface
3124.51 1474.99 505.477 0 0 0 0 1.34576e+06 18.6495 101582 1.7846 2.27884e+06 1.34576e+06 ZonesAtSurface
3174.53 1474.99 545.441 0 0 0 0 1.28192e+06 44.8219 148455 2.52131 2.51895e+06 1.28192e+06 ZonesAtSurface
3224.54 1474.99 535.404 0 0 2 1 1.40631e+06 19.5866 89082.5 1.21457 3.65531e+06 1.40631e+06 ZonesAtSurface
3274.59 1474.99 625.357 0 2 0 0 904687 42.8433 99699 2.12067 2.00546e+06 904687 ZonesAtSurface
3324.61 1474.99 615.32 0 0 2 1 839056 35.8605 68797.5 2.01599 2.06662e+06 839056 ZonesAtSurface
3374.66 1474.99 655.283 0 9 2 1 672826 42.9337 107974 3.43743 914872 672826 ZonesAtSurface
3424.65 1474.99 595.242 1 0 1 3 528563 43.2415 135117 1.51158 4.15249e+06 528563 ZonesAtSurface
3474.7 1474.99 635.185 0 0 2 3 1.39487e+06 29.5013 68863.8 1.33992 4.32113e+06 1.39487e+06 ZonesAtSurface
3524.8 1474.99 725.124 1 10 2 2 1.12863e+06 16.942 145450 2.50699 1.20159e+06 1.12863e+06 ZonesAtSurface
3574.82 1474.99 715.072 0 6 2 3 1.37989e+06 26.7915 79964.6 2.27857 2.03077e+06 1.37989e+06 ZonesAtSurface
3624.84 1474.99 705.024 3 0 2 4 553040 40.9684 120952 1.10186 2.4682e+06 553040 ZonesAtSurface
3674.9 1474.99 694.983 8 0 1 5 975628 23.3607 112170 1.06039 3.4782e+06 975628 ZonesAtSurface
3724.98 1475 784.861 0 0 2 4 659489 35.3836 114705 1.06887 3.83659e+06 659489 ZonesAtSurface
3775 1474.99 984.817 4 3 0 0 512084 20.3389 119544 1.81382 830692 512084 ZonesAtSurface
3825.02 1474.99 944.846 0 4 0 0 1.45525e+06 18.8828 142825 3.16983 1.31676e+06 1.45525e+06 ZonesAtSurface
3875.05 1474.99 904.893 0 4 0 0 1.26621e+06 20.5665 88479 2.04348 2.0033e+06 1.26621e+06 ZonesAtSurface
3925.1 1474.99 864.955 0 6 0 0 902239 43.0831 87231.8 2.33691 2.60706e+06 902239 ZonesAtSurface
3975.21 1474.99 775.029 0 0 2 1 737449 34.1124 146087 1.49983 2.77825e+06 737449 ZonesAtSurface
4025.29 1475 735.098 0 0 1 1 1.38924e+06 27.3281 54411.6 1.87528 2.95805e+06 1.38924e+06 ZonesAtSurface
4075.36 1475 695.163 2 0 2 1 606766 17.8529 109362 1.072 1.99946e+06 606766 ZonesAtSurface
4125.43 1475 655.223 0 0 2 1 736489 39.3712 105488 1.49751 3.18383e+06 736489 ZonesAtSurface
4175.49 1475 615.276 0 0 2 1 1.32535e+06 41.3769 146082 2.75503 2.93666e+06 1.32535e+06 ZonesAtSurface
4225.54 1475 575.322 0 0 1 1 912630 25.1978 94911.5 1.23388 3.09209e+06 912630 ZonesAtSurface
4275.57 1475 535.364 1 0 2 1 994032 18.3411 89666.6 1.1637 2.97781e+06 994032 ZonesAtSurface
4325.6 1475 495.401 0 0 1 1 1.08587e+06 39.0792 72757.2 2.76819 2.79483e+06 1.08587e+06 ZonesAtSurface
4375.6 1474.99 505.431 0 0 0 0 1.13827e+06 42.0912 69912.2 3.53637 2.11194e+06 1.13827e+06 ZonesAtSurface
4425.62 1474.99 465.459 0 0 0 0 1.07639e+06 20.5511 71254.7 1.7311 2.04562e+06 1.07639e+06 ZonesAtSurface
4475.63 1474.99 425.487 0 0 0 0 1.4296e+06 39.0658 148564 3.31974 2.11429e+06 1.4296e+06 ZonesAtSurface
4525.63 1474.99 335.525 0 0 1 1 1.26958e+06 33.2019 140626 1.99086 3.55149e+06 1.26958e+06 ZonesAtSurface
4575.63 1474.99 345.552 0 0 0 0 1.17213e+06 34.7547 87557 3.0848 1.73311e+06 1.17213e+06 ZonesAtSurface
4625.63 1474.99 255.583 0 0 1 1 1.37339e+06 43.7512 54791 2.11783 4.23216e+06 1.37339e+06 ZonesAtSurface
4675.64 1474.99 265.599 9 7 0 0 833823 24.9687 116803 2.19191 1.19492e+06 833823 ZonesAtSurface
4725.53 1474.99 125.635 5 0 1 2 1.01985e+06 23.4026 76595.8 1.05726 5.85902e+06 1.01985e+06 ZonesAtSurface
4775.53 1474.99 135.656 6 0 1 1 710944 43.048 145353 1.37846 3.63451e+06 710944 ZonesAtSurface
4825.43 1474.99 95.6657 0 0 1 1 826741 21.8867 122032 1.18457 3.7937e+06 826741 ZonesAtSurface
4875.29 1474.99 55.6746 0 0 1 1 730664 25.3716 88629.4 1.20636 6.00254e+06 730664 ZonesAtSurface
4925.23 1474.99 65.7329 0 0 0 0 1.13717e+06 35.8443 67059.1 1.40346 6.45203e+06 1.13717e+06 ZonesAtSurface
74.9434 1524.99 -5.79107 44 4 1 1 1.38764e+06 21.2395 87924.8 1.31295 3.49501e+06 1.38764e+06 ZonesAtSurface
124.833 1524.99 -30.8189 40 0 1 2 1.43855e+06 35.6633 83988.5 1.08182 7.89112e+06 1.43855e+06 ZonesAtSurface
174.759 1525 -5.77015 48 0 1 2 622168 32.568 132452 1.27415 2.58431e+06 622168 ZonesAtSurface
224.664 1524.99 -30.8416 35 0 1 3 608708 39.6028 133768 1.02767 7.7397e+06 608708 ZonesAtSurface
274.59 1524.99 -5.83298 27 2 1 3 1.02794e+06 42.6455 78062.9 1.25615 4.01685e+06 1.02794e+06 ZonesAtSurface
324.566 1524.99 -30.8723 13 0 1 4 1.40097e+06 30.14 84466.5 1.04168 1.10966e+07 1.40097e+06 ZonesAtSurface
374.505 1524.99 -5.87924 10 0 1 4 871075 19.6842 134555 1.00993 6.15203e+06 871075 ZonesAtSurface
424.367 1525 119.116 9 1 1 2 1.4798e+06 34.875 123765 1.13268 4.90577e+06 1.4798e+06 ZonesAtSurface
474.335 1524.99 194.105 0 3 2 1 1.27398e+06 17.508 128887 1.39334 2.67614e+06 1.27398e+06 ZonesAtSurface
524.327 1524.99 269.095 0 0 0 0 893624 35.8952 55870.6 2.65076 1.57715e+06 893624 ZonesAtSurface
574.325 1524.99 294.08 0 0 0 0 693439 20.0214 99150.4 1.34892 1.82697e+06 693439 ZonesAtSurface
624.322 1524.98 319.064 0 0 0 0 1.00599e+06 20.1325 132799 2.10318 1.64709e+06 1.00599e+06 ZonesAtSurface
674.321 1524.98 344.046 0 0 0 0 825690 40.8376 93073 3.62131 1.52016e+06 825690 ZonesAtSurface
724.322 1524.98 369.028 0 0 0 0 1.33594e+06 25.3784 81668.5 3.89801 1.27381e+06 1.33594e+06 ZonesAtSurface
774.324 1524.98 394.008 0 0 0 0 1.28187e+06 32.397 121090 4.9833 1.14805e+06 1.28187e+06 ZonesAtSurface
824.328 1524.98 418.988 0 0 0 0 500578 27.5807 126136 2.05567 1.11936e+06 500578 ZonesAtSurface
874.333 1524.98 443.968 0 0 0 0 1.09438e+06 22.5075 123798 3.0031 1.22469e+06 1.09438e+06 ZonesAtSurface
924.342 1524.98 468.947 0 0 0 0 1.35719e+06 43.5538 136470 6.44856 1.24972e+06 1.35719e+06 ZonesAtSurface
974.353 1524.98 493.925 0 0 0 0 739072 44.6938 143823 4.32165 1.20547e+06 739072 ZonesAtSurface
1024.37 1524.99 518.903 0 0 0 0 1.43399e+06 35.4304 109286 5.67338 1.15988e+06 1.43399e+06 ZonesAtSurface
1074.4 1524.99 543.879 0 0 0 0 1.00417e+06 42.9025 54999.8 6.0223 1.06148e+06 1.00417e+06 ZonesAtSurface
1124.43 1524.99 568.854 0 0 0 0 729596 22.0272 131547 3.45732 787461 729596 ZonesAtSurface
1174.46 1524.99 593.828 0 0 0 0 1.33956e+06 26.8376 149428 9.28629 556548 1.33956e+06 ZonesAtSurface
1224.5 1524.99 618.803 0 0 0 0 861462 29.6901 133903 10 327006 861462 ZonesAtSurface
1274.54 1524.99 643.777 0 4 0 0 1.07412e+06 41.1422 140471 10 467484 1.07412e+06 ZonesAtSurface
1324.56 1524.99 618.752 0 0 2 1 1.40554e+06 24.0409 62761.2 10 508523 1.40554e+06 ZonesAtSurface
1374.6 1524.99 643.72 0 8 2 1 862089 26.1307 58644.6 2.96156 1.12461e+06 862089 ZonesAtSurface
1424.68 1524.98 718.677 0 9 0 0 1.21711e+06 37.5801 132313 6.23934 891286 1.21711e+06 ZonesAtSurface
1474.74 1524.98 743.641 0 0 0 0 1.06956e+06 16.6474 57300.1 5.30701 603544 1.06956e+06 ZonesAtSurface
1524.72 1524.99 668.618 0 1 1 2 1.25581e+06 25.6396 63798.9 1.29137 3.17621e+06 1.25581e+06 ZonesAtSurface
1574.74 1524.99 643.607 8 0 2 3 1.02269e+06 15.8264 59561.5 1.02328 2.66878e+06 1.02269e+06 ZonesAtSurface
1624.76 1525 618.597 0 0 2 4 1.42508e+06 42.8259 124350 1.62198 5.20778e+06 1.42508e+06 ZonesAtSurface
1674.81 1524.99 643.572 5 0 2 4 872336 34.3928 118952 1.01041 3.63848e+06 872336 ZonesAtSurface
1724.86 1524.99 618.58 0 0 1 5 1.19155e+06 17.4161 55265.4 1.19003 3.47415e+06 1.19155e+06 ZonesAtSurface
1774.92 1524.99 643.552 0 6 2 5 1.37011e+06 40.0921 92514.8 1.42267 3.98193e+06 1.37011e+06 ZonesAtSurface
1825.01 1524.99 618.577 1 1 1 6 1.4726e+06 35.8827 54649.8 1.31628 5.11731e+06 1.4726e+06 ZonesAtSurface
1875.07 1524.99 743.377 8 7 2 4 1.10478e+06 38.1888 106940 1.10733 3.97741e+06 1.10478e+06 ZonesAtSurface
1925.1 1524.99 818.329 10 8 2 3 504065 17.9083 85620.5 1.3575 1.23924e+06 504065 ZonesAtSurface
1975.18 1525 793.368 2 2 2 4 823968 39.3607 82421.5 1.13508 2.95511e+06 823968 ZonesAtSurface
2025.35 1524.99 705.993 10 2 1 5 1.33025e+06 29.3359 118540 1.02588 4.64669e+06 1.33025e+06 ZonesAtSurface
2075.51 1524.99 556.199 6 0 1 6 1.48763e+06 19.2356 126171 1.03054 4.11473e+06 1.48763e+06 ZonesAtSurface
2125.58 1524.98 456.337 6 0 1 6 1.28835e+06 33.6678 81650.4 1.01607 4.98366e+06 1.28835e+06 ZonesAtSurface
2175.58 1524.97 356.45 6 0 1 6 1.26346e+06 36.9622 72935 1.04396 5.79064e+06 1.26346e+06 ZonesAtSurface
2225.52 1524.97 256.529 6 0 1 6 1.23801e+06 28.4342 145073 1.08777 5.33457e+06 1.23801e+06 ZonesAtSurface
2275.43 1524.97 156.571 5 0 1 6 569984 44.9872 113677 1.09534 7.76073e+06 569984 ZonesAtSurface
2325.33 1524.97 56.5818 4 0 1 6 1.13295e+06 19.7309 83539.3 1.10591 6.65351e+06 1.13295e+06 ZonesAtSurface
2375.23 1524.97 -43.4319 0 0 1 6 886845 30.5261 56566.6 3.16025 6.98694e+06 886845 ZonesAtSurface
2425.2 1524.96 -43.4313 17 0 1 4 1.36144e+06 27.3985 139378 1.50409 1.29991e+07 1.36144e+06 ZonesAtSurface
2475.16 1524.81 -43.3941 38 0 1 2 1.27869e+06 27.8177 86785.6 1.55886 2.34098e+07 1.27869e+06 ZonesAtSurface
2524.96 1524.11 -23.1444 52 0 1 1 1.37454e+06 36.2636 114888 0.906512 1.10578e+07 1.37454e+06 ZonesAtSurface
2575.12 1524.61 -33.2747 48 0 1 2 739288 19.6025 59320.8 1.00741 2.94472e+07 739288 ZonesAtSurface
2624.99 1524.91 -43.3947 36 0 1 3 1.35704e+06 20.599 111828 1.06677 1.73692e+07 1.35704e+06 ZonesAtSurface
2674.82 1524.98 -3.34855 9 0 1 3 1.3079e+06 33.748 67377.2 1.10584 1.08574e+07 1.3079e+06 ZonesAtSurface
2724.7 1524.99 36.6467 7 0 1 3 1.32543e+06 15.2483 125486 1.10822 5.09417e+06 1.32543e+06 ZonesAtSurface
2774.52 1525 176.646 0 5 2 1 1.16829e+06 17.761 109270 1.58372 2.0657e+06 1.16829e+06 ZonesAtSurface
2824.48 1525 266.633 0 7 0 0 1.03057e+06 44.0263 112540 3.97855 1.42346e+06 1.03057e+06 ZonesAtSurface
2874.48 1525 306.617 0 0 0 0 676911 38.5737 102185 2.32495 1.45336e+06 676911 ZonesAtSurface
2924.48 1525 346.598 0 0 0 0 759557 31.7333 119224 2.562 1.22534e+06 759557 ZonesAtSurface
2974.49 1524.99 386.576 0 0 0 0 1.0082e+06 15.7389 143216 1.69323 1.65577e+06 1.0082e+06 ZonesAtSurface
3024.49 1524.99 376.55 0 0 2 1 632400 36.6974 83092.4 1.44456 2.71547e+06 632400 ZonesAtSurface
3074.5 1524.99 416.517 0 0 1 1 778332 44.8331 140093 2.00556 3.23641e+06 778332 ZonesAtSurface
3124.53 1524.99 506.478 0 10 0 0 902645 30.4495 108206 1.50205 2.38748e+06 902645 ZonesAtSurface
3174.55 1524.99 546.445 0 5 0 0 1.07922e+06 28.0391 143606 1.43908 2.49486e+06 1.07922e+06 ZonesAtSurface
3224.54 1524.99 486.413 7 0 1 2 572004 28.5438 109263 1.01687 3.65624e+06 572004 ZonesAtSurface
3274.58 1524.99 576.362 0 0 2 1 1.44095e+06 20.2121 67537.5 1.47216 3.03143e+06 1.44095e+06 ZonesAtSurface
3324.61 1524.99 616.321 0 6 2 1 1.30302e+06 27.2499 89971.9 1.87884 2.39442e+06 1.30302e+06 ZonesAtSurface
3374.63 1524.99 606.285 2 1 2 2 1.09646e+06 25.8479 113609 1.68748 2.43527e+06 1.09646e+06 ZonesAtSurface
3424.68 1524.99 646.243 0 4 1 2 1.49857e+06 35.8787 50718.1 2.57592 2.58983e+06 1.49857e+06 ZonesAtSurface
3474.69 1524.99 586.208 0 0 1 4 549432 21.9694 97744 1.12186 3.3376e+06 549432 ZonesAtSurface
3524.76 1524.99 676.13 0 2 1 3 1.43686e+06 43.3607 140917 2.50139 3.44404e+06 1.43686e+06 ZonesAtSurface
3574.79 1524.99 666.086 1 0 2 4 983073 38.5999 140390 1.13763 4.97429e+06 983073 ZonesAtSurface
3624.85 1524.99 706.026 10 0 2 4 1.03046e+06 39.1343 130170 1.1757 3.88571e+06 1.03046e+06 ZonesAtSurface
3674.9 1524.99 695.988 8 0 1 5 656222 24.0827 129788 1.06972 2.49192e+06 656222 ZonesAtSurface
3724.98 1524.99 785.865 8 0 1 4 640583 26.8258 52122.4 1.04119 3.01595e+06 640583 ZonesAtSurface
3775.02 1524.99 935.817 4 0 2 1 579122 19.4209 129785 1.11297 1.62174e+06 579122 ZonesAtSurface
3825.02 1524.99 945.846 0 1 0 0 1.04074e+06 27.8315 113358 2.91263 1.29807e+06 1.04074e+06 ZonesAtSurface
3875.05 1524.99 905.892 2 4 0 0 825901 30.7475 78234 1.30987 2.35252e+06 825901 ZonesAtSurface
3925.14 1524.99 815.961 0 0 1 1 951990 39.9483 88750.8 1.8704 2.9112e+06 951990 ZonesAtSurface
3975.16 1524.99 826.027 2 10 0 0 1.11088e+06 22.7104 77940.2 1.84007 1.94931e+06 1.11088e+06 ZonesAtSurface
4025.29 1525 736.099 2 0 2 1 746619 29.1259 116146 1.13825 2.93703e+06 746619 ZonesAtSurface
4075.32 1524.99 746.16 0 5 0 0 1.26238e+06 32.8087 116663 2.15708 2.3786e+06 1.26238e+06 ZonesAtSurface
4125.43 1525 656.227 5 0 2 1 1.07557e+06 17.0208 137441 1.08725 2.99854e+06 1.07557e+06 ZonesAtSurface
4175.49 1525 616.279 0 0 2 1 1.35404e+06 17.904 95171.5 1.47982 2.79731e+06 1.35404e+06 ZonesAtSurface
4225.55 1525 526.332 1 0 1 2 524828 25.7022 141607 1.02247 3.00975e+06 524828 ZonesAtSurface
4275.57 1525 536.367 0 0 1 1 1.47623e+06 37.9034 71538.8 2.47201 3.18757e+06 1.47623e+06 ZonesAtSurface
4325.6 1525 496.404 0 0 1 1 1.27431e+06 20.7051 104532 1.60298 2.91699e+06 1.27431e+06 ZonesAtSurface
4375.62 1525 456.435 0 0 2 1 1.34927e+06 29.7969 109287 2.61691 2.40163e+06 1.34927e+06 ZonesAtSurface
4425.62 1524.99 466.46 0 0 0 0 992328 18.9156 112047 1.52359 2.08384e+06 992328 ZonesAtSurface
4475.63 1524.99 426.489 0 0 0 0 1.41933e+06 40.1286 128418 3.05672 2.1923e+06 1.41933e+06 ZonesAtSurface
4525.63 1524.99 386.521 0 0 0 0 1.49106e+06 19.1024 122250 1.63458 2.881e+06 1.49106e+06 ZonesAtSurface
4575.64 1524.99 346.551 0 6 0 0 1.38514e+06 38.3175 90600.2 3.20137 1.81928e+06 1.38514e+06 ZonesAtSurface
4625.64 1525 306.578 0 10 0 0 1.33088e+06 41.3735 111570 2.33105 2.86674e+06 1.33088e+06 ZonesAtSurface
4675.62 1524.99 216.611 7 0 2 1 1.03625e+06 32.5777 148885 1.2662 3.94168e+06 1.03625e+06 ZonesAtSurface
4725.53 1524.99 126.639 6 0 1 2 569919 20.7878 144352 1.16938 4.37725e+06 569919 ZonesAtSurface
4775.53 1524.99 136.653 0 0 2 1 781061 18.9089 129506 1.41574 2.36852e+06 781061 ZonesAtSurface
4825.43 1524.99 96.6648 0 0 1 1 921684 20.3602 139708 1.41007 3.31107e+06 921684 ZonesAtSurface
4875.41 1524.99 106.73 0 0 0 0 557506 31.9128 95062.7 1.50274 2.89012e+06 557506 ZonesAtSurface
4925.23 1524.99 66.7292 0 0 0 0 542102 23.381 111155 1.45488 3.81186e+06 542102 ZonesAtSurface
74.9447 1574.99 -4.79254 54 0 1 1 897860 38.8664 119823 1.31137 4.7031e+06 897860 ZonesAtSurface
124.834 1574.99 -29.8191 47 0 1 2 1.06297e+06 34.6363 58724.5 1.0954 7.57999e+06 1.06297e+06 ZonesAtSurface
174.755 1575 -4.77753 47 0 1 2 671930 32.3863 85767.1 1.16371 2.35524e+06 671930 ZonesAtSurface
224.666 1574.99 -29.8403 25 0 1 3 1.41789e+06 40.2304 146643 1.0217 9.30855e+06 1.41789e+06 ZonesAtSurface
274.59 1574.99 -4.83012 27 0 1 3 874798 41.7026 95758.4 1.1906 4.49429e+06 874798 ZonesAtSurface
324.565 1574.99 -29.8721 19 0 1 4 678158 20.077 71690.4 1.0158 7.10634e+06 678158 ZonesAtSurface
374.504 1574.99 -4.87808 6 0 1 4 1.42627e+06 26.0167 54955.4 1.00769 8.3685e+06 1.42627e+06 ZonesAtSurface
424.461 1574.99 20.1138 3 0 1 4 1.07615e+06 17.1169 128870 1.00615 6.10788e+06 1.07615e+06 ZonesAtSurface
474.324 1574.99 245.102 0 8 0 0 1.23572e+06 23.6479 141412 7.20785 588815 1.23572e+06 ZonesAtSurface
524.325 1574.99 270.095 0 3 0 0 1.23136e+06 41.8944 75198.2 3.48502 1.58739e+06 1.23136e+06 ZonesAtSurface
574.323 1574.99 295.081 0 0 0 0 880069 21.6131 149730 1.5338 1.9786e+06 880069 ZonesAtSurface
624.32 1574.99 320.064 0 0 0 0 524439 38.6173 148266 2.3783 1.66819e+06 524439 ZonesAtSurface
674.318 1574.98 345.047 0 0 0 0 1.44971e+06 43.8192 107292 6.00586 1.52336e+06 1.44971e+06 ZonesAtSurface
724.319 1574.98 370.029 0 0 0 0 985463 44.6828 116698 5.65476 1.29993e+06 985463 ZonesAtSurface
774.321 1574.98 395.009 0 0 0 0 758257 42.8905 96067.1 4.72541 1.15613e+06 758257 ZonesAtSurface
824.325 1574.98 419.989 0 0 0 0 761130 20.4688 114925 2.32365 1.12703e+06 761130 ZonesAtSurface
874.33 1574.98 444.969 0 0 0 0 594659 40.793 50621.4 3.2505 1.2488e+06 594659 ZonesAtSurface
924.338 1574.98 469.948 0 0 0 0 1.29407e+06 43.7558 55806.3 6.08957 1.3012e+06 1.29407e+06 ZonesAtSurface
974.349 1574.99 494.926 0 0 0 0 634843 24.5536 143141 1.99052 1.22964e+06 634843 ZonesAtSurface
1024.36 1574.99 519.904 0 0 0 0 985161 32.5523 56926.5 3.96139 1.14826e+06 985161 ZonesAtSurface
1074.39 1574.99 544.88 0 0 0 0 1.39376e+06 33.274 56263.6 5.8244 1.05168e+06 1.39376e+06 ZonesAtSurface
1124.42 1574.99 569.854 0 0 0 0 608854 27.4361 139744 3.45655 795304 608854 ZonesAtSurface
1174.45 1574.99 594.829 0 0 0 0 1.38373e+06 26.7853 69733.2 9.99611 549670 1.38373e+06 ZonesAtSurface
1224.49 1574.99 619.804 0 0 0 0 1.48661e+06 36.9475 73840.3 10 343325 1.48661e+06 ZonesAtSurface
1274.54 1574.99 644.779 0 7 0 0 1.48538e+06 31.7104 105265 10 496239 1.48538e+06 ZonesAtSurface
1324.55 1574.99 619.757 0 0 2 1 737233 39.1843 116879 5.1534 980275 737233 ZonesAtSurface
1374.57 1574.99 594.729 0 0 2 2 1.06729e+06 31.877 65690.1 3.3764 1.75357e+06 1.06729e+06 ZonesAtSurface
1424.64 1574.99 669.688 0 2 2 1 833304 30.1095 104678 2.18284 1.65185e+06 833304 ZonesAtSurface
1474.73 1574.98 744.647 0 6 0 0 1.43653e+06 18.2416 108231 6.08256 675401 1.43653e+06 ZonesAtSurface
1524.75 1574.99 719.617 3 1 2 1 691864 23.7201 105496 1.07272 1.87308e+06 691864 ZonesAtSurface
1574.74 1574.99 644.611 0 5 2 3 1.46078e+06 36.2993 115207 1.23591 4.41415e+06 1.46078e+06 ZonesAtSurface
1624.76 1575 619.603 0 0 2 4 771984 41.9953 107958 1.13185 5.04257e+06 771984 ZonesAtSurface
1674.81 1574.99 644.579 5 0 2 4 573668 31.4853 120244 1.01653 2.41883e+06 573668 ZonesAtSurface
1724.85 1574.99 619.586 3 0 2 5 1.05914e+06 43.4094 58381.7 1.00762 6.13059e+06 1.05914e+06 ZonesAtSurface
1774.91 1574.99 644.556 8 0 2 5 500930 33.073 103012 1.07163 2.05131e+06 500930 ZonesAtSurface
1825 1574.99 619.58 0 0 1 6 938520 37.8417 103365 1.38602 3.68271e+06 938520 ZonesAtSurface
1875.08 1574.99 694.456 3 0 1 5 640547 42.2175 97528.9 1.13307 3.52126e+06 640547 ZonesAtSurface
1925.13 1574.99 769.37 2 3 2 4 1.05917e+06 31.5113 128359 1.02891 3.46382e+06 1.05917e+06 ZonesAtSurface
1975.12 1574.99 844.372 0 8 2 3 1.08105e+06 32.9564 114674 1.86851 2.1978e+06 1.08105e+06 ZonesAtSurface
2025.34 1574.99 707.007 7 7 1 5 987273 38.7045 131813 1.05585 3.6886e+06 987273 ZonesAtSurface
2075.49 1574.99 557.21 6 3 1 6 1.35941e+06 42.236 125370 1.0249 6.09192e+06 1.35941e+06 ZonesAtSurface
2125.55 1574.98 457.348 6 0 1 6 1.13408e+06 31.1619 126641 1.0142 4.80468e+06 1.13408e+06 ZonesAtSurface
2175.54 1574.97 357.457 5 0 1 6 719320 15.6066 110515 1.03238 3.17536e+06 719320 ZonesAtSurface
2225.48 1574.96 257.529 6 0 1 6 855614 36.5836 73420.8 1.0951 6.8793e+06 855614 ZonesAtSurface
2275.4 1574.96 157.563 2 0 1 6 583196 40.4706 90586.3 1.07455 7.382e+06 583196 ZonesAtSurface
2325.3 1574.96 57.5697 2 0 1 6 856455 30.7316 121398 1.84136 6.92701e+06 856455 ZonesAtSurface
2375.25 1574.97 7.56603 0 0 1 5 1.06541e+06 35.2292 130753 2.43855 9.59741e+06 1.06541e+06 ZonesAtSurface
2425.16 1574.95 -42.4592 16 0 1 4 904016 17.3337 65509.7 1.4702 1.33173e+07 904016 ZonesAtSurface
2475.21 1574.45 -42.3517 36 1 1 2 1.3564e+06 31.0737 137439 1.88395 3.21824e+06 1.3564e+06 ZonesAtSurface
2525.02 1572.95 -22.0994 42 0 1 1 986036 44.757 115572 1.12611 4.29423e+07 986036 ZonesAtSurface
2575.26 1574.1 -32.2097 44 0 1 2 727700 31.4951 104449 0.901103 1.83462e+07 727700 ZonesAtSurface
2625.06 1574.83 -42.4164 21 0 1 3 1.16688e+06 41.333 146479 1.27325 4.29679e+07 1.16688e+06 ZonesAtSurface
2674.85 1574.97 -2.34882 33 0 1 3 569664 16.8712 94044 1.14962 5.42661e+06 569664 ZonesAtSurface
2724.71 1575 37.6333 9 0 1 3 1.48512e+06 38.7376 121741 1.23197 9.4605e+06 1.48512e+06 ZonesAtSurface
2774.59 1575 127.631 5 2 2 2 1.0601e+06 41.6698 54216.1 1.63608 3.55012e+06 1.0601e+06 ZonesAtSurface
2824.52 1575 217.626 0 10 2 1 1.40804e+06 36.9399 54788 2.47729 2.6424e+06 1.40804e+06 ZonesAtSurface
2874.49 1575 307.61 0 4 0 0 730750 29.1378 107582 2.2301 1.11518e+06 730750 ZonesAtSurface
2924.5 1575 347.593 0 0 0 0 850207 37.0206 80008.5 3.35329 1.24353e+06 850207 ZonesAtSurface
2974.51 1574.99 387.573 0 4 0 0 1.15184e+06 15.336 96873.5 2.18111 1.43091e+06 1.15184e+06 ZonesAtSurface
3024.51 1574.99 377.549 0 0 2 1 929033 24.6788 78841.4 1.29934 2.94366e+06 929033 ZonesAtSurface
3074.53 1574.99 467.513 6 0 0 0 747842 35.1505 76577.8 1.56399 2.16354e+06 747842 ZonesAtSurface
3124.54 1574.99 507.481 0 3 0 0 800220 31.3106 54487.8 1.69518 1.93978e+06 800220 ZonesAtSurface
3174.54 1574.99 497.45 51 0 1 1 644039 25.1492 108266 1.17831 2.42218e+06 644039 ZonesAtSurface
3224.55 1574.99 487.415 8 0 1 2 1.39958e+06 17.3664 140590 1.01171 4.21665e+06 1.39958e+06 ZonesAtSurface
3274.59 1574.99 577.366 1 3 1 1 979057 38.8297 77215 1.38843 3.25499e+06 979057 ZonesAtSurface
3324.63 1574.99 617.325 6 0 2 1 778865 16.7893 103792 1.39579 1.93125e+06 778865 ZonesAtSurface
3374.64 1574.99 607.288 0 0 2 2 953248 32.8883 106789 1.86053 2.70602e+06 953248 ZonesAtSurface
3424.67 1574.99 597.252 6 0 2 3 1.25504e+06 33.816 70415 1.55187 3.7507e+06 1.25504e+06 ZonesAtSurface
3474.69 1574.98 587.211 1 0 1 4 1.01735e+06 28.6186 144458 1.12123 4.87133e+06 1.01735e+06 ZonesAtSurface
3524.76 1574.99 677.132 1 0 2 3 1.15359e+06 41.1044 137291 1.48144 3.98458e+06 1.15359e+06 ZonesAtSurface
3574.79 1574.99 667.087 0 0 2 4 530363 23.2634 84867.8 1.21152 2.647e+06 530363 ZonesAtSurface
3624.85 1574.99 707.027 0 0 2 4 805758 42.4264 125237 1.07074 3.60814e+06 805758 ZonesAtSurface
3674.91 1574.99 696.993 12 0 1 5 745496 15.7133 135663 1.04146 2.27085e+06 745496 ZonesAtSurface
3724.98 1574.99 736.918 0 0 1 5 1.0261e+06 41.0631 62437.7 1.00402 6.74825e+06 1.0261e+06 ZonesAtSurface
3775.02 1574.99 936.818 5 0 2 1 726647 17.5586 56680 1.16265 1.84765e+06 726647 ZonesAtSurface
3825.02 1574.99 946.846 0 0 0 0 1.16511e+06 17.8588 65901.3 2.53143 1.40064e+06 1.16511e+06 ZonesAtSurface
3875.09 1574.99 856.896 0 0 1 1 1.09495e+06 41.7262 121623 2.26347 2.74373e+06 1.09495e+06 ZonesAtSurface
3925.15 1574.99 816.964 0 0 2 1 548811 33.2602 53344.5 1.63526 2.73373e+06 548811 ZonesAtSurface
3975.22 1575 777.035 0 0 2 1 1.42236e+06 25.4815 119680 1.94919 2.4554e+06 1.42236e+06 ZonesAtSurface
4025.24 1574.99 787.098 0 0 0 0 795001 43.8122 115498 2.40679 2.30701e+06 795001 ZonesAtSurface
4075.37 1575 697.169 0 0 1 1 1.01824e+06 36.8379 139158 1.7747 3.09097e+06 1.01824e+06 ZonesAtSurface
4125.4 1574.99 707.224 0 0 0 0 936921 43.1573 127873 2.2168 2.34609e+06 936921 ZonesAtSurface
4175.49 1575 617.282 0 0 2 1 1.49632e+06 34.8401 144373 2.33671 2.95433e+06 1.49632e+06 ZonesAtSurface
4225.54 1575 577.328 9 0 2 1 914023 17.3927 98862.3 1.1178 2.70914e+06 914023 ZonesAtSurface
4275.59 1575 487.375 0 0 1 2 709701 15.3755 79865.3 1.14725 2.65841e+06 709701 ZonesAtSurface
4325.61 1575 447.411 0 0 1 2 1.09739e+06 31.0416 132014 2.1748 3.32713e+06 1.09739e+06 ZonesAtSurface
4375.6 1575 507.436 0 8 0 0 1.2631e+06 32.8635 99310.7 6.01003 924640 1.2631e+06 ZonesAtSurface
4425.62 1574.99 467.461 0 0 0 0 1.41891e+06 23.0759 51152.4 2.43738 1.94653e+06 1.41891e+06 ZonesAtSurface
4475.63 1574.99 427.49 0 0 0 0 567424 44.7582 142233 2.07669 2.25462e+06 567424 ZonesAtSurface
4525.64 1574.99 337.527 0 0 1 1 996146 35.4374 63310.7 2.08629 3.29842e+06 996146 ZonesAtSurface
4575.64 1574.99 347.551 0 0 0 0 970210 41.2233 120978 3.59034 1.77694e+06 970210 ZonesAtSurface
4625.61 1574.99 207.591 0 0 1 2 1.25738e+06 41.1598 121411 1.69558 5.93088e+06 1.25738e+06 ZonesAtSurface
4675.58 1574.99 167.623 0 0 1 2 1.27525e+06 42.6779 77265.5 1.30907 7.49536e+06 1.27525e+06 ZonesAtSurface
4725.62 1575 227.633 10 7 0 0 734618 43.0733 128775 2.11605 2.06431e+06 734618 ZonesAtSurface
4775.59 1574.99 187.652 10 1 0 0 1.14952e+06 15.4709 95075.3 1.47623 2.09929e+06 1.14952e+06 ZonesAtSurface
4825.52 1574.99 147.687 3 0 0 0 841943 38.1564 116287 1.51328 3.35072e+06 841943 ZonesAtSurface
4875.4 1574.99 107.726 0 0 0 0 1.19256e+06 32.4721 132382 1.13252 4.83621e+06 1.19256e+06 ZonesAtSurface
4925.23 1574.99 67.7212 0 0 0 0 1.42563e+06 39.6003 135677 1.39631 8.13468e+06 1.42563e+06 ZonesAtSurface
74.9469 1624.99 -3.78915 51 0 1 1 862468 30.0647 132967 1.23864 4.24086e+06 862468 ZonesAtSurface
124.833 1625 -28.818 38 0 1 2 1.19719e+06 25.7903 56457.2 1.08725 6.35838e+06 1.19719e+06 ZonesAtSurface
174.751 1625 -3.78266 46 19 1 2 1.26148e+06 15.0786 112177 1.16605 2.87856e+06 1.26148e+06 ZonesAtSurface
224.669 1625 -28.836 33 0 1 3 1.4445e+06 27.8695 73429.9 1.05623 7.74609e+06 1.4445e+06 ZonesAtSurface
274.585 1625 -3.82894 34 0 1 3 993748 17.7472 58872.3 1.08208 3.33058e+06 993748 ZonesAtSurface
324.563 1625 -28.8743 5 0 1 4 1.47236e+06 36.4502 141910 1.19418 1.14761e+07 1.47236e+06 ZonesAtSurface
374.504 1624.99 -3.87848 0 0 1 4 1.30224e+06 43.8464 140521 2.19582 9.30827e+06 1.30224e+06 ZonesAtSurface
424.334 1624.99 171.115 3 7 2 1 1.2949e+06 17.9237 99404.7 1.76084 2.03177e+06 1.2949e+06 ZonesAtSurface
474.353 1624.99 146.108 1 0 1 2 910486 18.1547 56334.9 1.05556 2.97e+06 910486 ZonesAtSurface
524.322 1624.99 271.095 0 0 0 0 641169 22.0083 120818 2.07333 1.08283e+06 641169 ZonesAtSurface
574.32 1624.99 296.081 5 0 0 0 552584 18.4429 135210 1.27342 1.57435e+06 552584 ZonesAtSurface
624.317 1624.99 321.065 0 0 0 0 1.25975e+06 40.5876 127279 4.54135 1.67341e+06 1.25975e+06 ZonesAtSurface
674.315 1624.99 346.048 0 0 0 0 534825 31.6461 139691 1.95206 1.55946e+06 534825 ZonesAtSurface
724.316 1624.99 371.029 0 0 0 0 663187 30.0614 122713 2.54953 1.31731e+06 663187 ZonesAtSurface
774.318 1624.99 396.01 0 0 0 0 658564 34.3151 84911.7 3.13416 1.16635e+06 658564 ZonesAtSurface
824.321 1624.99 420.99 0 0 0 0 736707 17.3391 92028.2 2.08972 1.12588e+06 736707 ZonesAtSurface
874.326 1624.99 445.97 0 0 0 0 1.12365e+06 41.5443 148444 5.10946 1.23228e+06 1.12365e+06 ZonesAtSurface
924.335 1624.99 470.949 0 0 0 0 712977 22.1267 88110.4 1.97988 1.31268e+06 712977 ZonesAtSurface
974.345 1624.99 495.927 0 0 0 0 1.02243e+06 34.321 138285 3.81338 1.24848e+06 1.02243e+06 ZonesAtSurface
1024.36 1624.99 520.904 0 0 0 0 1.21859e+06 37.0557 118363 5.2351 1.15893e+06 1.21859e+06 ZonesAtSurface
1074.39 1624.99 545.881 0 0 0 0 675356 39.7431 81962.1 4.06808 1.05186e+06 675356 ZonesAtSurface
1124.42 1624.99 570.855 0 0 0 0 575220 32.2767 78776.1 3.87484 805938 575220 ZonesAtSurface
1174.45 1624.99 595.83 0 0 0 0 1.32239e+06 22.3592 57209.3 7.93915 604033 1.32239e+06 ZonesAtSurface
1224.49 1624.99 620.805 0 0 0 0 1.11899e+06 39.8493 98319.5 10 326045 1.11899e+06 ZonesAtSurface
1274.54 1624.99 645.78 0 6 0 0 676393 43.8613 132681 6.60319 555552 676393 ZonesAtSurface
1324.55 1624.99 620.76 0 0 2 1 1.26817e+06 41.3721 98586.3 5.49501 1.20018e+06 1.26817e+06 ZonesAtSurface
1374.57 1624.99 595.735 0 0 1 2 739967 32.8907 115550 3.56348 1.3137e+06 739967 ZonesAtSurface
1424.61 1624.99 620.7 2 0 2 2 731681 23.8292 82056.6 1.43701 1.95503e+06 731681 ZonesAtSurface
1474.69 1624.99 695.657 0 0 2 1 1.07633e+06 37.7288 59382.3 4.5818 1.32231e+06 1.07633e+06 ZonesAtSurface
1524.74 1624.99 720.622 0 0 2 1 1.17832e+06 32.4031 70153.3 2.33167 2.00553e+06 1.17832e+06 ZonesAtSurface
1574.76 1624.99 695.603 0 5 2 2 1.11617e+06 43.9693 58426.6 2.33872 2.24369e+06 1.11617e+06 ZonesAtSurface
1624.75 1624.99 620.611 3 0 2 4 1.12869e+06 36.9596 65767.7 1.01622 5.22477e+06 1.12869e+06 ZonesAtSurface
1674.8 1624.99 645.588 2 0 2 4 865916 43.7361 83490.9 1.01443 3.91929e+06 865916 ZonesAtSurface
1724.84 1624.99 620.595 4 0 1 5 1.34809e+06 25.1766 115665 1.05545 4.46672e+06 1.34809e+06 ZonesAtSurface
1774.9 1624.99 645.566 7 0 2 5 1.16176e+06 17.0865 122745 1.11299 2.82566e+06 1.16176e+06 ZonesAtSurface
1824.98 1624.98 620.581 6 0 1 6 527767 29.1741 136525 1.0648 2.88885e+06 527767 ZonesAtSurface
1875.06 1624.99 695.47 5 5 2 5 1.05219e+06 28.4055 109713 1.17887 3.13429e+06 1.05219e+06 ZonesAtSurface
1925.12 1624.99 770.387 0 8 2 4 1.44982e+06 28.516 118903 1.28308 3.75582e+06 1.44982e+06 ZonesAtSurface
1975.17 1625 795.398 0 9 2 4 1.04196e+06 37.2455 87248.7 1.19483 3.4284e+06 1.04196e+06 ZonesAtSurface
2025.33 1624.99 708.02 7 7 1 5 1.01127e+06 29.4678 70553.8 1.08633 3.16176e+06 1.01127e+06 ZonesAtSurface
2075.47 1624.98 558.227 6 0 1 6 895710 40.1885 124965 1.01516 4.49915e+06 895710 ZonesAtSurface
2125.52 1624.97 458.364 6 0 1 6 594543 33.1873 123221 1.02487 3.69351e+06 594543 ZonesAtSurface
2175.5 1624.96 358.466 6 0 1 6 1.47276e+06 42.5086 99481.2 1.08103 7.54088e+06 1.47276e+06 ZonesAtSurface
2225.44 1624.96 258.529 6 0 1 6 1.37136e+06 44.707 55025.9 1.13233 9.34761e+06 1.37136e+06 ZonesAtSurface
2275.42 1624.96 208.55 8 0 1 5 980220 24.9876 97149 1.03376 2.90582e+06 980220 ZonesAtSurface
2325.27 1624.96 58.5566 2 0 1 6 1.22158e+06 23.8853 99899.4 1.76947 6.36383e+06 1.22158e+06 ZonesAtSurface
2375.27 1624.97 58.5631 8 6 1 4 837101 19.0871 140588 0.956679 2.6306e+06 837101 ZonesAtSurface
2425.12 1624.94 -41.4855 12 0 1 4 1.02954e+06 30.2244 105367 2.2326 2.40641e+07 1.02954e+06 ZonesAtSurface
2475.12 1623.57 -41.3965 39 0 1 2 1.25641e+06 16.6241 75021.3 1.08345 4.44684e+07 1.25641e+06 ZonesAtSurface
2525.06 1624.93 -171.561 5 0 0 0 1.31889e+06 22.9526 131061 2.45651 1.25469e+07 1.31889e+06 ZonesAtSurface
2575.19 1623.46 -31.2677 40 0 1 2 591817 32.9407 110991 0.998905 7.8329e+07 591817 ZonesAtSurface
2625.05 1624.7 -41.4297 30 0 1 3 725767 26.0974 73306.7 1.19189 2.94308e+07 725767 ZonesAtSurface
2674.88 1624.91 -1.35734 27 0 1 3 750163 32.8571 79297.8 1.1451 5.44702e+06 750163 ZonesAtSurface
2724.83 1624.97 -11.4013 10 0 1 4 1.46281e+06 30.8422 57353.9 1.60934 1.36882e+07 1.46281e+06 ZonesAtSurface
2774.66 1624.99 78.6172 5 0 1 3 942157 16.5402 139775 1.08581 3.29722e+06 942157 ZonesAtSurface
2824.57 1624.99 168.618 0 3 2 2 1.08816e+06 31.1195 125199 1.35305 3.20185e+06 1.08816e+06 ZonesAtSurface
2874.52 1625 258.604 0 4 2 1 750571 25.1745 65233.2 2.05824 1.30936e+06 750571 ZonesAtSurface
2924.51 1625 348.586 0 3 0 0 578055 33.9477 73373.1 1.97856 1.06498e+06 578055 ZonesAtSurface
2974.52 1624.99 338.571 0 0 2 1 1.06294e+06 36.7872 64849.2 1.93518 2.87426e+06 1.06294e+06 ZonesAtSurface
3024.53 1624.99 428.542 0 0 0 0 1.22853e+06 24.4068 127662 2.13391 1.89545e+06 1.22853e+06 ZonesAtSurface
3074.54 1624.99 468.511 0 10 0 0 1.22586e+06 42.4473 76409.2 2.97106 1.8895e+06 1.22586e+06 ZonesAtSurface
3124.56 1624.99 508.482 0 10 0 0 1.41194e+06 30.2204 88313.7 4.20491 1.19979e+06 1.41194e+06 ZonesAtSurface
3174.56 1624.99 498.451 14 0 2 1 721869 28.0854 56285.9 1.09091 2.47504e+06 721869 ZonesAtSurface
3224.58 1624.99 538.411 10 0 2 1 1.12778e+06 21.889 83791.2 1.03533 3.33151e+06 1.12778e+06 ZonesAtSurface
3274.61 1624.99 578.372 0 9 2 1 1.47163e+06 19.3318 68641.2 1.69044 2.47758e+06 1.47163e+06 ZonesAtSurface
3324.62 1624.99 568.334 0 0 2 2 1.12629e+06 34.2824 78005.4 1.76953 3.50283e+06 1.12629e+06 ZonesAtSurface
3374.65 1624.99 608.292 8 1 2 2 796470 44.8993 103268 1.57904 2.84475e+06 796470 ZonesAtSurface
3424.7 1624.99 648.251 1 1 2 2 1.01071e+06 15.1408 76048.7 2.46499 1.12701e+06 1.01071e+06 ZonesAtSurface
3474.7 1624.98 588.213 1 0 1 4 1.416e+06 18.5178 71605.5 1.10718 4.89595e+06 1.416e+06 ZonesAtSurface
3524.77 1624.99 678.135 8 0 1 3 624558 44.3263 122139 1.00906 4.02518e+06 624558 ZonesAtSurface
3574.83 1624.99 718.072 6 0 2 3 549904 15.353 67238.9 1.27327 1.2188e+06 549904 ZonesAtSurface
3624.89 1624.99 758.013 0 9 1 3 1.4993e+06 17.831 108797 3.02919 1.38348e+06 1.4993e+06 ZonesAtSurface
3674.91 1624.99 697.994 2 0 1 5 1.18112e+06 26.656 128563 1.07003 4.55035e+06 1.18112e+06 ZonesAtSurface
3724.98 1624.99 787.873 8 0 2 4 929440 27.7677 63873.4 1.02927 3.6792e+06 929440 ZonesAtSurface
3775.01 1624.99 987.819 0 8 0 0 558439 19.3778 141661 1.92446 981746 558439 ZonesAtSurface
3825.03 1624.99 947.847 0 3 0 0 595921 41.3341 104977 2.25653 1.2394e+06 595921 ZonesAtSurface
3875.06 1624.99 907.889 7 5 0 0 789961 27.13 92591.9 1.32387 2.02897e+06 789961 ZonesAtSurface
3925.19 1624.99 767.973 6 0 1 2 1.03083e+06 24.2805 93712.1 1.21596 3.62026e+06 1.03083e+06 ZonesAtSurface
3975.21 1625 778.039 5 0 1 1 1.20404e+06 27.5367 101890 1.93728 2.4673e+06 1.20404e+06 ZonesAtSurface
4025.24 1624.99 788.104 0 9 0 0 913533 40.5333 75779.6 2.54775 1.66847e+06 913533 ZonesAtSurface
4075.32 1624.99 748.166 0 2 0 0 1.29805e+06 29.2734 56708.3 2.25865 2.06644e+06 1.29805e+06 ZonesAtSurface
4125.44 1625 658.232 0 0 2 1 1.19173e+06 28.2832 133159 1.50542 3.22716e+06 1.19173e+06 ZonesAtSurface
4175.49 1625 618.285 0 0 2 1 1.44526e+06 30.2934 103573 2.08016 2.81544e+06 1.44526e+06 ZonesAtSurface
4225.54 1625 578.332 0 3 2 1 1.19668e+06 31.5531 110570 1.50345 3.00538e+06 1.19668e+06 ZonesAtSurface
4275.58 1625 538.374 9 0 2 1 1.0331e+06 23.1031 119954 1.23046 3.13355e+06 1.0331e+06 ZonesAtSurface
4325.6 1625 498.409 0 0 1 1 725749 40.9969 80741.6 2.48838 2.49379e+06 725749 ZonesAtSurface
4375.6 1625 508.437 0 5 0 0 1.25459e+06 41.3145 58444.9 7.38285 1.00228e+06 1.25459e+06 ZonesAtSurface
4425.62 1625 468.463 0 0 0 0 1.16435e+06 16.4705 100422 1.78085 1.95496e+06 1.16435e+06 ZonesAtSurface
4475.63 1625 428.493 0 0 0 0 1.30757e+06 30.5139 101306 2.10676 2.30383e+06 1.30757e+06 ZonesAtSurface
4525.63 1624.99 388.524 7 0 0 0 705095 38.5865 78330.6 1.89052 2.42544e+06 705095 ZonesAtSurface
4575.64 1624.99 348.552 0 9 0 0 1.08241e+06 30.713 120709 2.07101 1.90102e+06 1.08241e+06 ZonesAtSurface
4625.63 1624.99 258.585 0 0 2 1 847936 17.7874 103936 1.11093 3.05171e+06 847936 ZonesAtSurface
4675.58 1624.99 168.623 0 0 1 2 1.07935e+06 24.223 98806.3 1.21403 5.10761e+06 1.07935e+06 ZonesAtSurface
4725.58 1625 178.638 0 0 1 1 1.31805e+06 36.5036 103118 1.85956 4.74407e+06 1.31805e+06 ZonesAtSurface
4775.59 1625 188.651 6 2 0 0 1.01194e+06 21.2608 147096 1.91321 1.64961e+06 1.01194e+06 ZonesAtSurface
4825.52 1624.99 148.686 2 0 0 0 587501 21.2669 110565 1.29829 1.86932e+06 587501 ZonesAtSurface
4875.4 1624.99 108.726 0 0 0 0 682327 41.8665 132388 1.21794 4.74442e+06 682327 ZonesAtSurface
4925.23 1624.99 68.7193 0 0 0 0 1.07381e+06 35.1883 52011.8 1.40273 7.27452e+06 1.07381e+06 ZonesAtSurface
74.9535 1675 -2.78215 52 0 1 1 864406 29.7908 140329 1.27257 3.1613e+06 864406 ZonesAtSurface
124.833 1675 -27.8142 43 0 1 2 862479 33.6492 102887 1.05993 6.90831e+06 862479 ZonesAtSurface
174.748 1675 -2.78407 48 16 1 2 1.02201e+06 15.7946 70063.2 1.30463 2.14447e+06 1.02201e+06 ZonesAtSurface
224.67 1675 -27.8333 26 0 1 3 1.19e+06 32.9533 124579 1.14649 7.4249e+06 1.19e+06 ZonesAtSurface
274.588 1675 -2.82342 32 0 1 3 918120 24.7461 85499.8 1.13499 3.10848e+06 918120 ZonesAtSurface
324.56 1675 -27.8741 7 0 1 4 894968 38.0733 63148.5 1.12355 1.14598e+07 894968 ZonesAtSurface
374.437 1674.99 47.1248 5 0 1 3 910984 28.5311 120220 1.15611 5.0346e+06 910984 ZonesAtSurface
424.337 1674.99 172.117 0 10 2 1 1.09036e+06 33.1579 80151.4 2.13672 2.04205e+06 1.09036e+06 ZonesAtSurface
474.326 1674.99 247.109 0 2 0 0 591486 19.5468 70891.4 1.86926 961205 591486 ZonesAtSurface
524.321 1674.99 272.096 0 4 0 0 1.36829e+06 18.9663 119491 2.08038 1.83532e+06 1.36829e+06 ZonesAtSurface
574.318 1674.99 297.082 6 0 0 0 558570 24.794 101220 1.29554 1.85173e+06 558570 ZonesAtSurface
624.314 1674.99 322.065 0 0 0 0 1.24506e+06 20.1854 122271 2.43486 1.70755e+06 1.24506e+06 ZonesAtSurface
674.312 1674.99 347.048 0 0 0 0 610395 33.5566 124721 2.22139 1.58474e+06 610395 ZonesAtSurface
724.312 1674.99 372.03 0 0 0 0 584850 32.5368 129168 2.49975 1.32859e+06 584850 ZonesAtSurface
774.314 1674.99 397.011 0 0 0 0 958502 25.5945 139032 3.1752 1.17639e+06 958502 ZonesAtSurface
824.318 1674.99 421.991 0 0 0 0 1.31391e+06 34.8989 143045 5.40233 1.12988e+06 1.31391e+06 ZonesAtSurface
874.323 1674.99 446.971 0 0 0 0 1.30731e+06 30.545 125288 4.35454 1.2224e+06 1.30731e+06 ZonesAtSurface
924.331 1674.99 471.95 0 0 0 0 684544 40.6999 138655 3.46975 1.29651e+06 684544 ZonesAtSurface
974.342 1674.99 496.928 0 0 0 0 672531 27.8912 93291.4 2.30041 1.25922e+06 672531 ZonesAtSurface
1024.36 1674.99 521.905 0 0 0 0 906464 18.6406 100560 2.47914 1.16732e+06 906464 ZonesAtSurface
1074.38 1674.99 546.881 0 0 0 0 537669 39.4038 52716 3.47264 1.04537e+06 537669 ZonesAtSurface
1124.41 1674.99 571.856 0 0 0 0 1.4777e+06 31.2683 134570 7.15357 861424 1.4777e+06 ZonesAtSurface
1174.44 1674.99 596.83 0 0 0 0 1.08295e+06 17.3045 66607.8 4.73262 733652 1.08295e+06 ZonesAtSurface
1224.48 1674.99 621.806 0 0 0 0 868448 33.9477 74346.6 10 352222 868448 ZonesAtSurface
1274.53 1674.99 646.781 0 0 0 0 786515 18.885 53112 3.87494 634226 786515 ZonesAtSurface
1324.54 1674.99 621.762 0 0 2 1 1.06982e+06 29.8268 98642.3 3.87726 1.03408e+06 1.06982e+06 ZonesAtSurface
1374.56 1674.99 596.74 0 0 2 2 1.14899e+06 42.0493 50022.6 5.51762 1.29792e+06 1.14899e+06 ZonesAtSurface
1424.6 1674.99 621.708 0 0 2 2 957293 16.6132 92179 1.4881 1.94675e+06 957293 ZonesAtSurface
1474.68 1674.99 696.665 0 0 2 1 1.36954e+06 20.3604 71048.2 3.17152 1.35362e+06 1.36954e+06 ZonesAtSurface
1524.74 1674.99 721.63 0 0 2 1 1.16205e+06 15.7996 57682.7 1.75275 1.81152e+06 1.16205e+06 ZonesAtSurface
1574.72 1674.99 646.62 2 0 2 3 1.04294e+06 31.2364 145319 1.0684 3.75705e+06 1.04294e+06 ZonesAtSurface
1624.75 1675 621.617 9 0 2 4 816342 34.2071 120002 1.00608 3.97564e+06 816342 ZonesAtSurface
1674.79 1674.99 646.595 4 0 2 4 698270 36.6236 81898.6 1.01355 3.38725e+06 698270 ZonesAtSurface
1724.83 1674.99 621.6 6 7 2 5 1.27271e+06 44.7711 77921.7 1.36979 4.22432e+06 1.27271e+06 ZonesAtSurface
1774.89 1674.99 646.575 0 10 1 5 1.39375e+06 36.3645 111158 1.60419 3.32427e+06 1.39375e+06 ZonesAtSurface
1824.96 1674.98 621.586 3 0 2 6 627570 17.1799 68796.2 1.03867 2.29496e+06 627570 ZonesAtSurface
1875.05 1674.98 646.552 0 0 2 6 848272 32.1347 143252 1.01729 4.66865e+06 848272 ZonesAtSurface
1925.13 1674.99 721.449 3 3 1 5 1.14641e+06 18.7242 144400 1.05394 2.98287e+06 1.14641e+06 ZonesAtSurface
1975.16 1674.99 796.422 9 10 1 4 830895 25.5677 139343 1.05981 2.3461e+06 830895 ZonesAtSurface
2025.34 1674.99 659.086 1 1 1 6 1.32318e+06 38.6091 88450.4 1.01758 5.3467e+06 1.32318e+06 ZonesAtSurface
2075.44 1674.98 559.247 6 0 1 6 1.26931e+06 36.9239 100606 1.01788 5.20484e+06 1.26931e+06 ZonesAtSurface
2125.48 1674.97 459.38 6 0 1 6 848804 31.4625 136708 1.02893 4.11423e+06 848804 ZonesAtSurface
2175.46 1674.96 359.472 6 0 1 6 527529 25.4369 148167 1.06262 3.87998e+06 527529 ZonesAtSurface
2225.39 1674.95 259.529 6 0 1 6 1.45729e+06 42.4301 113734 1.06608 8.96939e+06 1.45729e+06 ZonesAtSurface
2275.32 1674.95 159.55 6 0 1 6 1.36998e+06 23.3242 58982.2 1.0793 6.04653e+06 1.36998e+06 ZonesAtSurface
2325.24 1674.96 59.5437 0 0 1 6 875985 44.0718 135500 5.05185 5.58474e+06 875985 ZonesAtSurface
2375.24 1674.98 59.5461 10 4 2 4 1.41835e+06 20.7697 119195 1.15569 3.50771e+06 1.41835e+06 ZonesAtSurface
2425.11 1674.86 -40.4934 13 0 1 4 856123 21.7363 118619 1.67453 2.82823e+07 856123 ZonesAtSurface
2475.07 1674.98 -190.509 0 0 0 0 1.22116e+06 38.7593 120527 6.09245 1.12256e+07 1.22116e+06 ZonesAtSurface
2525.06 1674.89 -170.532 10 0 0 0 1.39352e+06 28.6293 115589 2.13651 2.65322e+07 1.39352e+06 ZonesAtSurface
2575.03 1674.93 -130.531 5 0 0 0 1.17229e+06 22.2596 102281 1.26599 1.47915e+07 1.17229e+06 ZonesAtSurface
2624.96 1674.42 -40.4353 20 0 1 3 863626 44.8754 74139.2 1.31526 7.57434e+07 863626 ZonesAtSurface
2674.88 1674.75 -0.373508 25 0 1 3 545906 26.5873 91965.7 1.26955 1.76902e+07 545906 ZonesAtSurface
2724.85 1674.97 -10.4196 4 0 1 4 517558 44.7075 94573.9 2.77208 1.17178e+07 517558 ZonesAtSurface
2774.76 1674.97 29.5982 0 0 1 4 939263 28.0219 72074 1.10678 7.8396e+06 939263 ZonesAtSurface
2824.7 1674.97 69.6012 1 0 1 4 1.0866e+06 22.3521 147090 1.22857 5.94155e+06 1.0866e+06 ZonesAtSurface
2874.57 1674.99 209.597 3 0 2 2 1.04843e+06 25.3647 74873.4 1.30393 3.02591e+06 1.04843e+06 ZonesAtSurface
2924.53 1675 299.582 0 10 2 1 1.25199e+06 28.3803 120018 1.90953 2.39969e+06 1.25199e+06 ZonesAtSurface
2974.54 1675 389.56 0 10 0 0 553623 23.8028 118317 1.16212 1.34553e+06 553623 ZonesAtSurface
3024.54 1674.99 379.541 0 0 2 1 1.20207e+06 40.3613 63238.9 2.30278 2.82642e+06 1.20207e+06 ZonesAtSurface
3074.56 1675 469.508 0 6 0 0 1.26615e+06 29.6174 74881.4 2.95672 1.47246e+06 1.26615e+06 ZonesAtSurface
3124.57 1674.99 509.482 0 8 0 0 1.04542e+06 16.6665 74029.4 2.62714 1.07423e+06 1.04542e+06 ZonesAtSurface
3174.57 1674.99 499.452 0 0 1 1 1.21086e+06 35.4442 140337 1.72756 3.11228e+06 1.21086e+06 ZonesAtSurface
3224.58 1674.99 489.418 6 0 2 2 1.006e+06 20.311 57549.9 1.08854 3.19873e+06 1.006e+06 ZonesAtSurface
3274.6 1674.99 529.378 3 0 2 2 1.1145e+06 32.1177 66439 1.27927 3.67204e+06 1.1145e+06 ZonesAtSurface
3324.63 1674.99 569.338 2 6 2 2 1.22197e+06 29.1291 54798 1.27163 3.41071e+06 1.22197e+06 ZonesAtSurface
3374.65 1674.98 559.302 0 0 2 3 701454 43.3571 124370 1.79892 4.10754e+06 701454 ZonesAtSurface
3424.68 1674.98 599.256 7 0 1 3 954592 40.9757 83984.5 1.21513 3.77295e+06 954592 ZonesAtSurface
3474.71 1674.98 589.215 0 0 1 4 1.26698e+06 44.887 68352.8 2.15246 5.45163e+06 1.26698e+06 ZonesAtSurface
3524.78 1674.99 679.14 9 0 1 3 785453 22.4333 139464 1.097 2.85269e+06 785453 ZonesAtSurface
3574.83 1674.99 719.076 7 3 2 3 1.27477e+06 17.6316 73691.8 1.36594 2.66673e+06 1.27477e+06 ZonesAtSurface
3624.86 1674.99 709.028 1 3 2 4 1.44777e+06 34.2921 117253 1.2048 4.50089e+06 1.44777e+06 ZonesAtSurface
3674.91 1674.99 698.995 1 0 1 5 1.30688e+06 19.404 118087 1.05162 4.26399e+06 1.30688e+06 ZonesAtSurface
3724.99 1674.99 738.924 4 0 1 5 1.38618e+06 22.7586 137947 1.00802 4.89834e+06 1.38618e+06 ZonesAtSurface
3775.02 1674.99 938.824 9 0 2 1 502800 24.418 53476.8 1.05081 1.58024e+06 502800 ZonesAtSurface
3825.03 1674.99 948.848 0 9 0 0 1.33761e+06 19.0741 149238 2.82031 1.34331e+06 1.33761e+06 ZonesAtSurface
3875.1 1674.99 858.898 0 0 2 1 1.46364e+06 21.5474 113590 1.81503 2.77385e+06 1.46364e+06 ZonesAtSurface
3925.19 1674.99 768.975 7 0 1 2 539361 18.9947 71779 1.08686 2.35334e+06 539361 ZonesAtSurface
3975.26 1674.99 729.048 3 0 1 2 1.4042e+06 25.5737 129757 1.14021 4.20489e+06 1.4042e+06 ZonesAtSurface
4025.24 1674.99 789.108 10 3 0 0 536184 42.4589 116702 2.26039 1.11644e+06 536184 ZonesAtSurface
4075.32 1675 749.166 0 8 0 0 936860 22.7861 88134.1 2.0338 1.44165e+06 936860 ZonesAtSurface
4125.47 1675 609.242 0 0 1 2 1.33797e+06 22.2192 126292 1.38264 3.74865e+06 1.33797e+06 ZonesAtSurface
4175.49 1675 619.29 0 0 2 1 1.17315e+06 28.8382 91177.3 1.90283 2.3327e+06 1.17315e+06 ZonesAtSurface
4225.56 1675 529.341 0 0 2 2 627007 15.0286 132607 1.10016 2.3263e+06 627007 ZonesAtSurface
4275.58 1675 539.378 0 0 1 1 1.02999e+06 36.8533 110866 2.03503 2.87262e+06 1.02999e+06 ZonesAtSurface
4325.6 1675 499.41 0 0 1 1 795579 37.4879 71841.6 2.76969 2.13135e+06 795579 ZonesAtSurface
4375.62 1675 459.439 1 0 2 1 662492 34.7684 132864 1.86735 2.59497e+06 662492 ZonesAtSurface
4425.63 1675 419.47 0 0 2 1 555650 27.4058 56836.7 1.40192 2.60612e+06 555650 ZonesAtSurface
4475.63 1675 429.497 0 0 0 0 1.11171e+06 24.2386 136457 1.66794 2.41695e+06 1.11171e+06 ZonesAtSurface
4525.63 1675 389.526 0 0 0 0 1.15248e+06 26.9453 136971 1.98765 2.05548e+06 1.15248e+06 ZonesAtSurface
4575.64 1675 349.553 0 0 0 0 888675 21.5908 146953 1.48605 2.07781e+06 888675 ZonesAtSurface
4625.63 1674.99 259.586 2 0 1 1 998807 36.1037 110905 1.12136 4.23391e+06 998807 ZonesAtSurface
4675.64 1675 269.608 0 7 0 0 1.19899e+06 33.4146 65554.1 1.64244 2.92723e+06 1.19899e+06 ZonesAtSurface
4725.52 1675 129.638 1 0 1 2 667297 15.2196 140914 1.13955 3.42917e+06 667297 ZonesAtSurface
4775.59 1675 189.651 0 10 0 0 1.41997e+06 44.1053 104965 2.14293 3.5411e+06 1.41997e+06 ZonesAtSurface
4825.43 1674.99 99.6601 0 0 1 1 1.22078e+06 21.5706 133303 1.25034 4.79545e+06 1.22078e+06 ZonesAtSurface
4875.4 1674.99 109.724 0 0 0 0 1.12651e+06 20.6883 83766.8 1.16653 3.5633e+06 1.12651e+06 ZonesAtSurface
4925.24 1674.99 69.7215 0 0 0 0 1.41795e+06 42.3889 122382 1.47261 8.4028e+06 1.41795e+06 ZonesAtSurface
74.9605 1725 -1.78051 42 0 1 1 830397 42.3905 128337 1.29737 4.50764e+06 830397 ZonesAtSurface
124.833 1725 -26.8102 42 0 1 2 1.26593e+06 19.3104 77064.4 1.04039 5.36374e+06 1.26593e+06 ZonesAtSurface
174.745 1725 -1.78173 49 20 1 2 955468 22.0582 126836 1.23409 2.37177e+06 955468 ZonesAtSurface
224.666 1725 -26.8335 24 0 1 3 1.1743e+06 37.0298 62965.3 1.13699 9.01593e+06 1.1743e+06 ZonesAtSurface
274.591 1725 -1.82271 36 4 1 3 991612 22.6856 93900.8 1.40767 2.25799e+06 991612 ZonesAtSurface
324.559 1725 -26.8717 15 0 1 4 1.08874e+06 22.5727 94136.8 1.02966 8.87638e+06 1.08874e+06 ZonesAtSurface
374.374 1724.99 98.1198 8 7 2 2 562572 16.8353 136242 1.09443 1.3568e+06 562572 ZonesAtSurface
424.338 1724.99 173.118 0 3 2 1 1.43669e+06 17.472 127052 2.43173 1.73522e+06 1.43669e+06 ZonesAtSurface
474.325 1724.99 248.11 0 3 0 0 587128 32.0903 51896.1 2.49239 870074 587128 ZonesAtSurface
524.321 1724.99 273.097 1 0 0 0 517572 24.8762 132917 1.81621 1.29756e+06 517572 ZonesAtSurface
574.316 1724.99 298.082 0 0 0 0 1.48021e+06 29.9626 55234.8 2.84378 2.06421e+06 1.48021e+06 ZonesAtSurface
624.312 1724.99 323.066 0 0 0 0 734853 24.2334 56024.6 1.72754 1.78064e+06 734853 ZonesAtSurface
674.309 1724.99 348.049 0 0 0 0 561744 38.1826 142473 2.54193 1.58162e+06 561744 ZonesAtSurface
724.309 1724.99 373.031 0 0 0 0 1.16218e+06 43.3461 120939 5.62742 1.36439e+06 1.16218e+06 ZonesAtSurface
774.311 1724.99 398.012 0 0 0 0 789365 37.6123 71419.7 3.84535 1.20504e+06 789365 ZonesAtSurface
824.314 1724.99 422.992 0 0 0 0 600489 20.5836 77994.8 1.86834 1.15408e+06 600489 ZonesAtSurface
874.32 1724.99 447.972 0 0 0 0 1.00216e+06 19.9496 80254.3 2.653 1.23337e+06 1.00216e+06 ZonesAtSurface
924.327 1724.99 472.951 0 0 0 0 1.12361e+06 42.167 96994.5 5.29204 1.29491e+06 1.12361e+06 ZonesAtSurface
974.339 1724.99 497.929 0 0 0 0 1.09225e+06 35.0182 149021 4.1707 1.2334e+06 1.09225e+06 ZonesAtSurface
1024.35 1724.99 522.906 0 0 0 0 850443 17.4642 79881.4 2.3799 1.12759e+06 850443 ZonesAtSurface
1074.38 1724.99 547.882 0 0 0 0 1.00266e+06 39.4078 60451.2 5.25383 1.0416e+06 1.00266e+06 ZonesAtSurface
1124.41 1724.99 572.857 0 0 0 0 874447 21.5173 113549 3.40061 898525 874447 ZonesAtSurface
1174.44 1724.99 597.831 0 0 0 0 1.25562e+06 40.4371 128984 9.01169 795804 1.25562e+06 ZonesAtSurface
1224.48 1724.99 622.806 0 0 0 0 761584 21.7529 108821 5.45288 526973 761584 ZonesAtSurface
1274.5 1724.99 597.783 0 0 2 1 856803 44.2931 119572 7.22211 953701 856803 ZonesAtSurface
1324.54 1724.99 622.762 0 2 2 1 1.47605e+06 27.5196 68817.8 4.82013 1.05978e+06 1.47605e+06 ZonesAtSurface
1374.56 1724.99 597.742 0 0 2 2 901343 31.5078 80696.7 3.00529 1.50093e+06 901343 ZonesAtSurface
1424.58 1724.99 572.722 0 0 2 3 1.20796e+06 36.3657 106046 2.07428 3.63193e+06 1.20796e+06 ZonesAtSurface
1474.68 1724.99 697.675 0 4 2 1 853766 29.4535 136373 1.9559 1.41517e+06 853766 ZonesAtSurface
1524.73 1724.99 722.638 0 1 2 1 788342 18.2989 71489.1 1.26472 1.72009e+06 788342 ZonesAtSurface
1574.69 1725 597.647 3 0 1 4 716460 32.906 76097.8 1.03103 3.65376e+06 716460 ZonesAtSurface
1624.74 1725 622.624 10 0 2 4 985350 31.2065 113469 1.02223 3.19133e+06 985350 ZonesAtSurface
1674.78 1725 647.601 8 5 2 4 954690 43.7842 131338 1.12164 3.49094e+06 954690 ZonesAtSurface
1724.82 1724.99 622.605 8 0 1 5 683347 39.5944 143918 1.03371 2.73676e+06 683347 ZonesAtSurface
1774.9 1724.99 697.543 3 3 2 4 958420 29.6831 145480 1.13135 2.90779e+06 958420 ZonesAtSurface
1824.95 1724.98 622.595 1 0 2 6 1.44208e+06 24.8691 115982 1.05731 4.37762e+06 1.44208e+06 ZonesAtSurface
1875.04 1724.98 697.512 2 6 2 5 1.29516e+06 20.6793 59223.2 1.43908 2.75897e+06 1.29516e+06 ZonesAtSurface
1925.1 1724.99 772.435 0 9 2 4 1.16068e+06 19.2004 80104.8 1.73704 1.92107e+06 1.16068e+06 ZonesAtSurface
1975.18 1724.99 747.467 0 2 2 5 1.465e+06 43.6838 93722.3 1.38576 4.74359e+06 1.465e+06 ZonesAtSurface
2025.29 1725 710.052 0 8 2 5 771641 34.7746 121933 1.4444 2.04797e+06 771641 ZonesAtSurface
2075.41 1724.98 560.267 6 0 1 6 662412 43.618 89314.1 1.04855 4.95413e+06 662412 ZonesAtSurface
2125.44 1724.96 460.396 6 0 1 6 1.49202e+06 42.161 108777 1.04865 7.09835e+06 1.49202e+06 ZonesAtSurface
2175.41 1724.95 360.478 6 0 1 6 930189 28.9068 108978 1.04384 4.83601e+06 930189 ZonesAtSurface
2225.35 1724.95 260.525 6 0 1 6 1.21629e+06 15.6955 108371 1.03748 4.48401e+06 1.21629e+06 ZonesAtSurface
2275.28 1724.95 160.54 1 0 1 6 1.44719e+06 40.451 133893 1.8354 6.32074e+06 1.44719e+06 ZonesAtSurface
2325.21 1724.97 60.5314 4 0 1 6 842606 17.454 71115.9 1.32196 4.83009e+06 842606 ZonesAtSurface
2375.18 1724.98 10.5241 10 0 1 5 1.29696e+06 19.4038 124117 2.10568 4.63267e+06 1.29696e+06 ZonesAtSurface
2425.14 1724.75 -39.4847 11 0 1 4 731501 38.1808 131749 1.39886 1.72938e+07 731501 ZonesAtSurface
2475.08 1724.99 -189.499 0 0 0 0 1.43604e+06 17.6675 52741.7 2.77884 5.97419e+06 1.43604e+06 ZonesAtSurface
2525.05 1724.8 -169.508 10 0 0 0 1.10932e+06 27.9907 62615 1.5226 2.55309e+07 1.10932e+06 ZonesAtSurface
2575.01 1724.92 -129.51 0 0 0 0 898983 32.8607 126398 2.73955 1.40856e+07 898983 ZonesAtSurface
2624.97 1724.92 -89.4991 0 0 0 0 1.34068e+06 26.5326 56623.1 1.87127 1.60436e+07 1.34068e+06 ZonesAtSurface
2674.93 1724.93 -49.4702 0 0 1 4 1.27501e+06 27.8899 61021.7 1.92278 1.5627e+07 1.27501e+06 ZonesAtSurface
2724.86 1724.96 -9.4339 6 0 1 4 1.37067e+06 26.7342 74149.4 1.22579 9.91634e+06 1.37067e+06 ZonesAtSurface
2774.79 1724.97 30.5833 9 0 1 4 1.38243e+06 30.1334 91556.2 1.10179 8.18027e+06 1.38243e+06 ZonesAtSurface
2824.72 1724.97 70.5851 5 0 1 4 1.36559e+06 36.6679 143046 1.43193 7.05622e+06 1.36559e+06 ZonesAtSurface
2874.63 1724.98 160.588 4 4 2 3 1.47041e+06 15.2438 112871 1.14116 3.35433e+06 1.47041e+06 ZonesAtSurface
2924.58 1724.99 250.58 0 0 2 2 1.15073e+06 22.5116 83943.6 1.32514 2.99438e+06 1.15073e+06 ZonesAtSurface
2974.55 1725 340.557 3 8 2 1 866884 23.9211 139285 1.24392 2.0063e+06 866884 ZonesAtSurface
3024.56 1724.98 330.543 1 0 1 2 1.24667e+06 38.0221 127845 1.76142 4.07607e+06 1.24667e+06 ZonesAtSurface
3074.56 1724.99 420.511 1 9 2 1 1.15802e+06 17.767 73020.8 1.31523 2.3887e+06 1.15802e+06 ZonesAtSurface
3124.57 1724.99 460.485 0 6 2 1 1.27036e+06 31.3654 52061.6 1.78678 2.51069e+06 1.27036e+06 ZonesAtSurface
3174.58 1724.97 400.465 2 0 2 3 1.27152e+06 18.0963 77731 1.06457 4.47104e+06 1.27152e+06 ZonesAtSurface
3224.6 1724.99 490.42 4 0 2 2 931188 28.1927 144946 1.05884 3.31577e+06 931188 ZonesAtSurface
3274.61 1724.98 480.388 0 0 1 3 976980 19.8651 89482.8 1.11016 3.62498e+06 976980 ZonesAtSurface
3324.63 1724.98 520.346 0 0 1 3 672348 43.8282 77058.3 1.40131 4.69922e+06 672348 ZonesAtSurface
3374.66 1724.98 560.303 0 0 1 3 1.03003e+06 31.4855 89657.9 1.53832 3.85044e+06 1.03003e+06 ZonesAtSurface
3424.69 1724.98 600.256 0 0 1 3 1.01298e+06 20.96 68422.7 1.16728 3.06563e+06 1.01298e+06 ZonesAtSurface
3474.74 1724.98 640.201 0 0 1 3 1.03086e+06 35.2794 117047 1.18504 3.94219e+06 1.03086e+06 ZonesAtSurface
3524.79 1724.98 680.143 0 0 2 3 1.46649e+06 24.9887 138521 1.33721 3.51361e+06 1.46649e+06 ZonesAtSurface
3574.84 1724.99 720.081 0 2 1 3 1.00009e+06 40.8447 63097.7 1.18441 3.57906e+06 1.00009e+06 ZonesAtSurface
3624.87 1724.99 710.032 0 0 2 4 1.12098e+06 16.6984 52040.8 1.26626 2.72796e+06 1.12098e+06 ZonesAtSurface
3674.92 1724.99 699.999 4 0 1 5 835793 40.9776 97673.1 1.0318 4.85098e+06 835793 ZonesAtSurface
3724.99 1724.99 739.928 2 0 1 5 607013 35.1522 78367.9 1.0181 3.44141e+06 607013 ZonesAtSurface
3775.03 1724.99 939.827 0 5 2 1 887242 22.7964 101918 1.44305 1.84362e+06 887242 ZonesAtSurface
3825.06 1724.99 899.854 0 0 2 1 1.08824e+06 31.0503 89077.3 2.2412 2.04747e+06 1.08824e+06 ZonesAtSurface
3875.14 1724.99 809.911 1 0 1 2 730000 39.4286 148514 1.6854 3.25029e+06 730000 ZonesAtSurface
3925.15 1724.99 819.968 0 0 2 1 1.33374e+06 24.0417 91648.7 1.76387 2.63846e+06 1.33374e+06 ZonesAtSurface
3975.22 1724.99 780.04 9 0 1 1 795940 16.8825 127470 1.0966 2.35774e+06 795940 ZonesAtSurface
4025.3 1725 740.112 0 0 1 1 1.03878e+06 37.8949 88587.4 1.9034 2.69679e+06 1.03878e+06 ZonesAtSurface
4075.37 1725 700.175 3 0 2 1 1.18683e+06 27.554 139773 1.55766 2.89582e+06 1.18683e+06 ZonesAtSurface
4125.47 1725 610.244 0 0 1 2 1.25247e+06 34.9188 133799 1.76974 3.82454e+06 1.25247e+06 ZonesAtSurface
4175.5 1725 620.293 0 8 2 1 1.24388e+06 33.782 90073.6 2.34756 2.16717e+06 1.24388e+06 ZonesAtSurface
4225.57 1725 480.352 0 0 1 3 1.12299e+06 33.9779 66990.4 2.06441 4.28837e+06 1.12299e+06 ZonesAtSurface
4275.59 1725 490.384 0 0 1 2 903808 40.0835 63173.4 2.93313 3.24762e+06 903808 ZonesAtSurface
4325.59 1724.99 550.408 0 10 0 0 1.1659e+06 24.681 92648.4 4.10031 999119 1.1659e+06 ZonesAtSurface
4375.62 1725 410.448 1 0 1 2 1.33626e+06 19.0476 57285.3 1.30323 4.21063e+06 1.33626e+06 ZonesAtSurface
4425.62 1725 320.489 0 0 1 3 1.27209e+06 31.2256 84411.8 2.12622 4.68195e+06 1.27209e+06 ZonesAtSurface
4475.63 1725 380.51 0 0 2 1 1.3842e+06 19.2763 52825.1 1.68506 2.73674e+06 1.3842e+06 ZonesAtSurface
4525.63 1725 340.534 0 0 2 1 1.04273e+06 26.7403 149349 1.85717 2.46208e+06 1.04273e+06 ZonesAtSurface
4575.64 1725 350.555 0 0 0 0 1.35514e+06 41.387 72838.5 3.47861 1.92069e+06 1.35514e+06 ZonesAtSurface
4625.64 1725 310.581 0 0 0 0 1.22548e+06 32.9168 126341 2.35862 2.39769e+06 1.22548e+06 ZonesAtSurface
4675.58 1725 170.619 0 0 1 2 1.16637e+06 38.1695 116864 1.56437 6.69397e+06 1.16637e+06 ZonesAtSurface
4725.53 1725 130.635 0 0 1 2 1.0549e+06 43.6248 111907 1.35505 7.70772e+06 1.0549e+06 ZonesAtSurface
4775.53 1725 140.648 0 0 1 1 1.13265e+06 34.0732 100540 1.43515 4.8621e+06 1.13265e+06 ZonesAtSurface
4825.43 1725 100.662 0 0 1 1 927725 36.6252 82997 1.29361 5.83611e+06 927725 ZonesAtSurface
4875.41 1724.99 110.725 0 0 0 0 895825 30.3044 96301.5 1.44683 3.16704e+06 895825 ZonesAtSurface
4925.24 1724.99 70.7266 0 0 0 0 800412 23.6383 106658 1.42124 4.4688e+06 800412 ZonesAtSurface
74.9618 1775.02 -0.779693 45 0 1 1 725268 38.3484 126400 1.36327 2.79476e+06 725268 ZonesAtSurface
124.836 1775 -25.8056 40 0 1 2 538294 33.1429 111925 1.05491 4.53417e+06 538294 ZonesAtSurface
174.75 1775.01 -0.776295 48 0 1 2 561327 20.8961 107599 1.19179 1.57278e+06 561327 ZonesAtSurface
224.665 1775 -25.8311 24 0 1 3 809385 40.0733 66531.4 1.11045 8.23347e+06 809385 ZonesAtSurface
274.592 1775 -0.825645 25 2 1 3 1.36496e+06 44.889 133971 1.56882 5.09371e+06 1.36496e+06 ZonesAtSurface
324.558 1775 -25.8697 15 0 1 4 1.22334e+06 27.5921 94517.1 1.0244 1.01172e+07 1.22334e+06 ZonesAtSurface
374.375 1775 99.1206 4 4 2 2 897826 17.6861 140975 0.987086 2.39529e+06 897826 ZonesAtSurface
424.365 1775 124.121 3 0 1 2 695771 40.554 68236.7 1.06969 4.21438e+06 695771 ZonesAtSurface
474.323 1774.99 249.109 0 6 0 0 1.06984e+06 37.2328 71207.1 3.55953 1.22141e+06 1.06984e+06 ZonesAtSurface
524.319 1774.99 274.099 0 0 0 0 1.3631e+06 29.2575 77810.9 2.32643 2.17788e+06 1.3631e+06 ZonesAtSurface
574.314 1774.99 299.083 0 0 0 0 919682 15.762 114002 1.30038 2.11339e+06 919682 ZonesAtSurface
624.309 1774.99 324.067 0 0 0 0 750100 22.2516 93784.8 1.56564 1.85849e+06 750100 ZonesAtSurface
674.306 1774.99 349.05 0 0 0 0 1.13609e+06 40.1266 146427 4.22944 1.61228e+06 1.13609e+06 ZonesAtSurface
724.306 1774.99 374.032 0 0 0 0 984895 30.7323 75856.1 3.22019 1.41258e+06 984895 ZonesAtSurface
774.307 1774.99 399.013 0 0 0 0 581228 34.1912 107280 2.68565 1.2442e+06 581228 ZonesAtSurface
824.311 1774.99 423.993 0 0 0 0 1.2774e+06 20.8774 140615 3.53896 1.17358e+06 1.2774e+06 ZonesAtSurface
874.316 1774.99 448.973 0 0 0 0 1.00549e+06 19.8199 94818.8 2.6206 1.2429e+06 1.00549e+06 ZonesAtSurface
924.324 1774.99 473.952 0 0 0 0 960174 43.424 145298 4.75411 1.28461e+06 960174 ZonesAtSurface
974.335 1774.99 498.93 0 0 0 0 712422 17.1782 65729.4 1.85663 1.22373e+06 712422 ZonesAtSurface
1024.35 1774.99 523.907 0 0 0 0 1.22891e+06 40.9602 148642 6.52174 1.07377e+06 1.22891e+06 ZonesAtSurface
1074.38 1774.99 548.883 0 0 0 0 1.26424e+06 28.4918 148978 5.0531 971169 1.26424e+06 ZonesAtSurface
1124.41 1774.99 573.857 0 0 0 0 1.17738e+06 16.5446 75698.5 4.03278 867236 1.17738e+06 ZonesAtSurface
1174.44 1774.99 598.832 0 0 0 0 952113 41.343 83126.6 7.49465 833988 952113 ZonesAtSurface
1224.48 1774.99 623.806 0 0 0 0 963600 28.4412 55543.3 6.27376 632771 963600 ZonesAtSurface
1274.52 1774.99 648.781 0 0 0 0 767243 31.4542 79262.2 6.44166 544034 767243 ZonesAtSurface
1324.53 1774.99 623.761 0 0 2 1 1.44163e+06 29.2099 74087.5 4.42616 1.27868e+06 1.44163e+06 ZonesAtSurface
1374.55 1774.99 598.742 0 0 2 2 1.24901e+06 17.1839 104101 2.59951 1.43383e+06 1.24901e+06 ZonesAtSurface
1424.57 1774.99 573.729 0 0 2 3 972967 16.7582 127887 1.73175 2.00797e+06 972967 ZonesAtSurface
1474.64 1774.99 648.69 0 2 2 2 1.17846e+06 43.6267 125244 2.17761 2.45675e+06 1.17846e+06 ZonesAtSurface
1524.66 1774.99 623.669 1 3 1 3 1.29952e+06 30.2607 121596 1.06187 4.10792e+06 1.29952e+06 ZonesAtSurface
1574.68 1775 598.659 4 0 2 4 1.04852e+06 28.5866 134248 1.01969 4.30975e+06 1.04852e+06 ZonesAtSurface
1624.71 1775 573.652 1 0 1 5 1.26273e+06 16.1625 143942 1.02268 3.8567e+06 1.26273e+06 ZonesAtSurface
1674.76 1775 598.632 1 0 2 5 1.26281e+06 28.1584 68321.3 1.00408 4.69559e+06 1.26281e+06 ZonesAtSurface
1724.81 1774.99 623.613 6 3 1 5 1.40481e+06 17.1465 93494.4 1.15913 3.22526e+06 1.40481e+06 ZonesAtSurface
1774.87 1774.99 648.586 9 4 2 5 1.33168e+06 29.1681 97455.6 1.16911 3.73928e+06 1.33168e+06 ZonesAtSurface
1824.94 1774.99 673.558 0 1 1 5 720030 42.0086 96699.4 1.67223 2.27273e+06 720030 ZonesAtSurface
1875.02 1774.98 648.587 6 0 2 6 1.0911e+06 28.3493 80241.4 1.01513 3.84394e+06 1.0911e+06 ZonesAtSurface
1925.08 1774.99 773.456 0 6 1 4 1.48654e+06 19.076 141915 1.7727 2.43781e+06 1.48654e+06 ZonesAtSurface
1975.14 1775 798.458 0 9 2 4 1.44165e+06 34.8177 54343.7 2.39043 2.3647e+06 1.44165e+06 ZonesAtSurface
2025.29 1774.99 661.126 4 0 1 6 577826 38.8351 125331 1.01667 2.5735e+06 577826 ZonesAtSurface
2075.37 1774.97 561.29 6 0 1 6 716272 29.5118 111728 1.03357 3.47462e+06 716272 ZonesAtSurface
2125.39 1774.96 461.41 6 0 1 6 1.48196e+06 20.7704 74479.8 1.03041 4.85191e+06 1.48196e+06 ZonesAtSurface
2175.35 1774.95 361.482 6 0 1 6 761407 42.1974 118972 1.0727 6.6659e+06 761407 ZonesAtSurface
2225.35 1774.95 311.51 9 0 1 5 501698 17.9153 104730 1.01893 1.6485e+06 501698 ZonesAtSurface
2275.24 1774.95 161.528 0 0 1 6 1.40542e+06 40.5041 132427 3.21097 5.59367e+06 1.40542e+06 ZonesAtSurface
2325.25 1774.96 161.532 7 6 2 4 1.4003e+06 36.7317 94097.9 1.6015 3.86709e+06 1.4003e+06 ZonesAtSurface
2375.16 1774.97 11.5113 3 0 1 5 544915 24.8457 82784.3 1.53491 7.01187e+06 544915 ZonesAtSurface
2425.12 1774.82 -38.4973 12 8 1 4 590103 28.9209 95006.3 0.96477 2.20099e+06 590103 ZonesAtSurface
2475.08 1774.74 -138.5 8 9 0 0 702752 16.0555 93574.4 0 1.98647e+06 702752 ZonesAtSurface
2525.04 1774.8 -168.502 10 0 0 0 759689 35.3369 92439.6 1.22819 2.34363e+06 759689 ZonesAtSurface
2575 1774.81 -128.509 9 0 0 0 605361 36.1065 89649.2 1.72496 4.81476e+07 605361 ZonesAtSurface
2624.97 1774.8 -88.503 9 0 0 0 1.02663e+06 15.845 109705 1.23498 2.6404e+07 1.02663e+06 ZonesAtSurface
2674.93 1774.79 -48.4814 9 0 1 4 1.32704e+06 34.2672 112685 1.55638 5.50231e+07 1.32704e+06 ZonesAtSurface
2724.87 1774.88 -8.45231 11 0 1 4 1.12967e+06 25.3572 129765 1.55821 1.93896e+07 1.12967e+06 ZonesAtSurface
2774.85 1774.97 -18.4616 0 0 1 5 699100 33.8034 123428 3.56274 8.42309e+06 699100 ZonesAtSurface
2824.79 1774.96 21.5504 0 0 1 5 1.38878e+06 35.6374 141291 2.92741 7.3563e+06 1.38878e+06 ZonesAtSurface
2874.71 1774.96 111.57 2 0 1 4 1.16561e+06 35.2628 137624 1.38366 6.94972e+06 1.16561e+06 ZonesAtSurface
2924.67 1774.96 151.566 4 0 1 4 1.18953e+06 23.2162 54312.6 1.09772 5.68049e+06 1.18953e+06 ZonesAtSurface
2974.61 1774.98 241.558 8 5 1 3 1.11384e+06 40.1633 85771.7 1.19659 3.93885e+06 1.11384e+06 ZonesAtSurface
3024.62 1774.96 231.547 0 0 1 4 649360 42.3859 73118.2 2.02193 5.52746e+06 649360 ZonesAtSurface
3074.58 1774.99 371.518 0 6 2 2 1.24488e+06 36.2658 109716 1.19203 3.96186e+06 1.24488e+06 ZonesAtSurface
3124.6 1774.97 361.496 0 0 1 3 1.45649e+06 37.9938 148544 1.84356 5.22807e+06 1.45649e+06 ZonesAtSurface
3174.6 1774.97 401.464 4 0 1 3 1.05255e+06 21.1555 78474.4 1.06606 3.59076e+06 1.05255e+06 ZonesAtSurface
3224.61 1774.97 441.429 0 0 1 3 1.11837e+06 44.8928 113704 1.76709 5.20646e+06 1.11837e+06 ZonesAtSurface
3274.63 1774.98 531.384 7 0 2 2 699492 24.032 121344 1.17075 2.49297e+06 699492 ZonesAtSurface
3324.65 1774.98 521.347 7 0 1 3 1.29375e+06 25.5199 139221 1.17731 4.62617e+06 1.29375e+06 ZonesAtSurface
3374.68 1774.98 561.303 0 0 2 3 1.3667e+06 34.1804 101839 1.95571 3.83548e+06 1.3667e+06 ZonesAtSurface
3424.71 1774.98 601.255 8 0 1 3 916225 41.3721 102423 1.14156 4.16259e+06 916225 ZonesAtSurface
3474.75 1774.98 641.2 0 0 1 3 954578 41.207 102742 1.28328 4.0765e+06 954578 ZonesAtSurface
3524.79 1774.98 681.145 0 0 1 3 1.49343e+06 34.3331 135184 1.93563 3.34167e+06 1.49343e+06 ZonesAtSurface
3574.84 1774.98 721.086 4 0 2 3 623717 42.895 114711 1.0836 3.11381e+06 623717 ZonesAtSurface
3624.9 1774.99 761.021 8 2 2 3 939466 20.2005 133455 1.44104 1.9555e+06 939466 ZonesAtSurface
3674.92 1774.99 701.004 7 0 1 5 992417 28.3712 118868 1.03313 4.53865e+06 992417 ZonesAtSurface
3724.99 1774.99 740.934 0 0 1 5 854328 21.8627 68770.2 1.01798 3.11636e+06 854328 ZonesAtSurface
3775.03 1774.99 940.833 0 4 2 1 1.1445e+06 27.6429 58800.8 2.30495 1.68566e+06 1.1445e+06 ZonesAtSurface
3825.06 1774.99 900.859 0 0 2 1 1.2753e+06 17.2315 135527 1.80907 2.06579e+06 1.2753e+06 ZonesAtSurface
3875.14 1774.99 810.916 0 0 1 2 973203 30.8639 79397.1 1.7058 3.02938e+06 973203 ZonesAtSurface
3925.15 1774.99 820.975 0 0 2 1 1.00944e+06 40.2479 77615 2.48175 2.56468e+06 1.00944e+06 ZonesAtSurface
3975.22 1774.99 781.045 0 8 1 1 1.36164e+06 22.3819 50686 1.43045 2.98506e+06 1.36164e+06 ZonesAtSurface
4025.34 1775 691.123 8 0 1 2 591526 27.3701 79169.8 1.08354 3.12485e+06 591526 ZonesAtSurface
4075.37 1774.99 701.179 0 0 2 1 1.38178e+06 21.1337 94782.8 1.71324 2.65603e+06 1.38178e+06 ZonesAtSurface
4125.47 1775 611.246 0 0 1 2 1.04384e+06 34.1493 134684 1.55214 3.80486e+06 1.04384e+06 ZonesAtSurface
4175.52 1775 571.299 1 0 1 2 702391 24.148 64457.7 1.1374 2.98503e+06 702391 ZonesAtSurface
4225.55 1774.99 581.34 4 6 2 1 808546 43.6792 102172 1.57839 2.81578e+06 808546 ZonesAtSurface
4275.58 1774.99 541.38 0 0 2 1 1.45422e+06 30.7057 70476.6 2.65294 2.5892e+06 1.45422e+06 ZonesAtSurface
4325.61 1774.99 501.411 0 0 2 1 1.25353e+06 21.9837 93541.5 1.86956 2.32734e+06 1.25353e+06 ZonesAtSurface
4375.63 1774.99 411.449 2 0 1 2 1.37075e+06 22.8827 50386.6 1.1335 4.33628e+06 1.37075e+06 ZonesAtSurface
4425.63 1774.99 371.485 0 0 1 2 1.10566e+06 36.028 87162.1 2.22699 4.36401e+06 1.10566e+06 ZonesAtSurface
4475.63 1774.99 331.516 0 0 1 2 1.46566e+06 26.3786 68039.7 2.18379 3.23496e+06 1.46566e+06 ZonesAtSurface
4525.62 1775 391.535 8 9 0 0 518406 37.241 97171.2 3.18793 851628 518406 ZonesAtSurface
4575.63 1775 351.558 0 0 0 0 1.00238e+06 32.6092 60755.8 2.92689 1.64663e+06 1.00238e+06 ZonesAtSurface
4625.63 1775 261.587 0 0 2 1 1.46915e+06 40.837 73808.6 2.16149 4.04068e+06 1.46915e+06 ZonesAtSurface
4675.64 1774.99 271.604 7 0 0 0 702249 44.2438 65118.1 1.49068 2.70143e+06 702249 ZonesAtSurface
4725.53 1775 131.632 1 0 1 2 1.15251e+06 25.856 114858 1.029 5.99954e+06 1.15251e+06 ZonesAtSurface
4775.45 1775 91.6427 2 0 1 2 1.23484e+06 24.5839 102218 1.10211 8.16357e+06 1.23484e+06 ZonesAtSurface
4825.53 1774.99 151.687 10 8 0 0 1.01047e+06 15.0672 57793.8 3.52629 778287 1.01047e+06 ZonesAtSurface
4875.41 1774.99 111.731 1 0 0 0 1.48486e+06 16.4482 130642 1.35334 3.22783e+06 1.48486e+06 ZonesAtSurface
4925.24 1774.99 71.7352 6 0 0 0 844171 21.0003 102347 1.40798 4.01923e+06 844171 ZonesAtSurface
74.9102 1825 -49.8355 35 0 1 2 1.00556e+06 28.275 75946.9 1.03221 9.32034e+06 1.00556e+06 ZonesAtSurface
124.844 1825 -24.806 37 0 1 2 749316 28.0286 104907 1.17133 2.61911e+06 749316 ZonesAtSurface
174.753 1825 -49.846 33 0 1 3 610959 29.3473 134282 1.04097 7.28337e+06 610959 ZonesAtSurface
224.676 1825 -24.8188 26 0 1 3 700602 44.2207 132028 1.32578 4.72252e+06 700602 ZonesAtSurface
274.628 1825 -49.8646 24 0 1 4 646968 24.7039 60527.9 1.01236 7.02099e+06 646968 ZonesAtSurface
324.552 1825 -24.869 15 0 1 4 1.17874e+06 24.7743 79512.1 1.02202 8.81678e+06 1.17874e+06 ZonesAtSurface
374.43 1825 50.127 10 0 1 3 795070 42.4128 145320 1.07126 5.00759e+06 795070 ZonesAtSurface
424.331 1825 175.118 7 0 2 1 670761 39.4535 138315 1.82034 1.93321e+06 670761 ZonesAtSurface
474.318 1824.99 250.108 0 7 0 0 884208 35.4075 134353 3.45547 949554 884208 ZonesAtSurface
524.316 1824.99 275.099 0 0 0 0 855317 15.5977 85742.4 1.6802 1.54047e+06 855317 ZonesAtSurface
574.311 1824.99 300.084 0 0 0 0 793268 26.3101 126188 1.47071 2.17611e+06 793268 ZonesAtSurface
624.306 1824.99 325.068 0 0 0 0 954286 39.1342 130068 3.122 1.88622e+06 954286 ZonesAtSurface
674.303 1824.99 350.05 0 0 0 0 911197 36.187 107230 3.17287 1.63541e+06 911197 ZonesAtSurface
724.302 1824.99 375.033 0 0 0 0 1.37529e+06 40.0706 116756 5.36253 1.43478e+06 1.37529e+06 ZonesAtSurface
774.304 1824.99 400.014 0 0 0 0 658806 36.0954 106561 3.04633 1.26394e+06 658806 ZonesAtSurface
824.307 1824.99 424.994 0 0 0 0 908809 35.2155 56061.1 3.87258 1.18757e+06 908809 ZonesAtSurface
874.312 1824.99 449.974 0 0 0 0 1.3386e+06 16.7842 87682.1 3.14254 1.24711e+06 1.3386e+06 ZonesAtSurface
924.32 1824.99 474.953 0 0 0 0 1.26207e+06 41.8235 80634.3 5.60483 1.2925e+06 1.26207e+06 ZonesAtSurface
974.332 1824.99 499.931 0 0 0 0 1.3507e+06 39.3851 146064 5.6657 1.21531e+06 1.3507e+06 ZonesAtSurface
1024.35 1824.99 524.908 0 0 0 0 708872 41.642 58427.8 4.64789 1.08142e+06 708872 ZonesAtSurface
1074.38 1824.99 549.884 0 0 0 0 1.28118e+06 19.8049 133443 4.35526 922601 1.28118e+06 ZonesAtSurface
1124.4 1824.99 574.858 0 0 0 0 505343 20.5419 132329 2.42396 787800 505343 ZonesAtSurface
1174.43 1824.99 599.832 0 0 0 0 1.29871e+06 31.4664 89134.7 7.05238 825630 1.29871e+06 ZonesAtSurface
1224.47 1824.99 624.806 0 0 0 0 1.11731e+06 42.4916 62869.7 9.64039 703311 1.11731e+06 ZonesAtSurface
1274.51 1824.99 649.781 0 0 0 0 969328 16.6426 99168.7 7.73275 364698 969328 ZonesAtSurface
1324.55 1824.99 674.757 2 4 0 0 527022 15.0822 121069 2.20698 641762 527022 ZonesAtSurface
1374.55 1824.99 599.745 1 0 2 2 951426 20.8651 140001 1.52148 2.08171e+06 951426 ZonesAtSurface
1424.57 1824.99 574.736 0 0 2 3 655519 21.8599 50111.1 1.79006 1.63384e+06 655519 ZonesAtSurface
1474.64 1824.99 649.702 0 3 2 2 942821 44.5484 56309 2.186 2.23284e+06 942821 ZonesAtSurface
1524.68 1824.99 674.669 0 3 2 2 584855 37.6819 50799.4 1.26758 1.81279e+06 584855 ZonesAtSurface
1574.65 1824.99 549.688 0 0 1 5 1.19697e+06 18.6605 60327.9 1.16785 4.17897e+06 1.19697e+06 ZonesAtSurface
1624.69 1824.99 524.686 0 0 1 6 976124 39.2145 97087.4 1.17102 6.51675e+06 976124 ZonesAtSurface
1674.74 1824.99 549.666 1 0 1 6 862136 43.472 70156.4 1.00941 6.18935e+06 862136 ZonesAtSurface
1724.8 1824.99 574.645 2 0 1 6 1.4642e+06 22.0548 60110.7 1.00371 5.01209e+06 1.4642e+06 ZonesAtSurface
1774.86 1824.99 599.631 6 0 1 6 1.20962e+06 38.0691 83320.5 1.02871 5.71314e+06 1.20962e+06 ZonesAtSurface
1824.94 1824.98 624.624 5 0 1 6 951017 25.8151 124785 1.0193 3.248e+06 951017 ZonesAtSurface
1875.01 1824.98 699.552 1 0 2 5 507130 28.3758 109074 1.41678 1.93692e+06 507130 ZonesAtSurface
1925.08 1824.99 674.57 1 1 1 6 1.44903e+06 23.8132 93330.3 1.04237 4.24001e+06 1.44903e+06 ZonesAtSurface
1975.15 1825 749.5 3 3 2 5 647204 42.4395 92481.4 1.28548 2.21943e+06 647204 ZonesAtSurface
2025.26 1824.98 662.152 6 0 1 6 612893 31.3963 84728.7 1.02867 2.50467e+06 612893 ZonesAtSurface
2075.34 1824.96 562.309 6 6 1 6 1.36235e+06 31.8789 108173 1.04242 4.86603e+06 1.36235e+06 ZonesAtSurface
2125.35 1824.95 462.42 6 0 1 6 1.35209e+06 26.2471 114924 1.055 5.1424e+06 1.35209e+06 ZonesAtSurface
2175.31 1824.95 362.482 6 0 1 6 1.05533e+06 42.9179 102785 1.06871 7.15014e+06 1.05533e+06 ZonesAtSurface
2225.26 1824.95 262.512 0 0 1 6 1.2466e+06 35.8115 98629.3 1.6334 6.62617e+06 1.2466e+06 ZonesAtSurface
2275.24 1824.96 212.521 8 0 1 5 917848 36.6027 58539.5 1.07061 5.02111e+06 917848 ZonesAtSurface
2325.21 1824.97 162.521 4 3 1 4 952718 44.4477 102431 1.39517 3.09743e+06 952718 ZonesAtSurface
2375.12 1824.95 62.4956 8 0 1 4 1.01055e+06 42.5568 106605 2.82354 1.78947e+07 1.01055e+06 ZonesAtSurface
2425.08 1824.94 -37.5203 9 0 0 0 1.18552e+06 25.7926 96423 1.07626 1.70218e+07 1.18552e+06 ZonesAtSurface
2475.07 1823.94 -87.5254 8 0 0 0 1.49967e+06 16.9851 149937 0.811877 5.36102e+06 1.49967e+06 ZonesAtSurface
2525.04 1824.82 -167.493 10 0 0 0 753112 31.3866 94478.8 2.61105 1.61965e+07 753112 ZonesAtSurface
2575.01 1824.99 -177.491 0 0 0 0 561873 21.7057 147073 2.87915 5.25318e+06 561873 ZonesAtSurface
2624.96 1824.65 -87.4866 10 0 0 0 1.4361e+06 42.4039 142007 1.19167 4.39796e+07 1.4361e+06 ZonesAtSurface
2674.94 1824.98 -97.4879 0 0 0 0 567185 22.5402 120346 3.60139 5.38191e+06 567185 ZonesAtSurface
2724.88 1824.75 -7.47558 11 0 1 4 1.13947e+06 44.3815 83323.1 1.51575 3.15006e+07 1.13947e+06 ZonesAtSurface
2774.84 1824.92 32.531 4 0 1 4 1.18035e+06 41.9366 130195 1.26603 1.43774e+07 1.18035e+06 ZonesAtSurface
2824.8 1824.94 72.5418 10 0 1 4 1.25143e+06 17.816 121211 1.06019 6.68117e+06 1.25143e+06 ZonesAtSurface
2874.78 1824.95 62.5343 0 0 1 5 1.3043e+06 23.5352 119306 1.84911 8.01832e+06 1.3043e+06 ZonesAtSurface
2924.74 1824.95 102.54 0 0 1 5 1.24847e+06 40.4539 142802 3.0926 6.85129e+06 1.24847e+06 ZonesAtSurface
2974.63 1824.99 242.545 6 0 2 3 577437 30.2768 125824 1.33119 2.01816e+06 577437 ZonesAtSurface
3024.62 1824.98 282.537 7 3 2 3 840524 27.6039 113418 1.18445 2.26015e+06 840524 ZonesAtSurface
3074.62 1824.97 322.52 7 0 1 3 937129 35.9244 57645 1.27809 4.3684e+06 937129 ZonesAtSurface
3124.63 1824.96 312.498 0 0 1 4 1.43494e+06 39.4043 58007 2.49012 5.74685e+06 1.43494e+06 ZonesAtSurface
3174.62 1824.97 402.461 7 0 1 3 1.44643e+06 18.3125 127186 1.14372 4.5355e+06 1.44643e+06 ZonesAtSurface
3224.64 1824.98 492.425 8 3 1 2 1.27604e+06 39.3812 146072 1.75579 3.46983e+06 1.27604e+06 ZonesAtSurface
3274.65 1824.97 482.39 8 0 1 3 550093 24.5611 66814.5 1.17771 3.09955e+06 550093 ZonesAtSurface
3324.67 1824.98 522.346 0 0 2 3 1.18946e+06 19.275 57791.1 1.14968 3.68986e+06 1.18946e+06 ZonesAtSurface
3374.69 1824.98 562.305 0 3 2 3 1.47941e+06 37.2722 84451.8 1.62438 4.00491e+06 1.47941e+06 ZonesAtSurface
3424.71 1824.98 552.267 2 0 1 4 1.2566e+06 32.1136 77387 1.0765 6.04647e+06 1.2566e+06 ZonesAtSurface
3474.76 1824.98 642.2 0 0 1 3 1.03023e+06 39.4411 124083 1.27083 4.27777e+06 1.03023e+06 ZonesAtSurface
3524.8 1824.98 682.146 3 0 2 3 827072 37.4903 141410 1.27868 3.61724e+06 827072 ZonesAtSurface
3574.9 1824.98 772.087 9 10 2 2 709341 33.4481 112181 2.35162 1.13439e+06 709341 ZonesAtSurface
3624.88 1824.98 712.042 3 0 2 4 867544 25.2781 77322.6 1.17419 2.88808e+06 867544 ZonesAtSurface
3674.93 1824.99 702.011 8 0 1 5 702233 37.983 121971 1.0303 5.19568e+06 702233 ZonesAtSurface
3725 1824.99 791.892 7 0 1 4 927410 20.2431 120712 1.12076 2.7938e+06 927410 ZonesAtSurface
3775.04 1824.99 941.84 0 5 2 1 843347 23.5027 146266 1.44961 1.67856e+06 843347 ZonesAtSurface
3825.06 1824.99 901.868 0 0 2 1 1.17688e+06 43.1961 66869.9 3.93928 1.94763e+06 1.17688e+06 ZonesAtSurface
3875.1 1824.99 861.918 4 9 2 1 925875 43.1796 149710 2.17488 2.4841e+06 925875 ZonesAtSurface
3925.2 1825 771.987 0 0 1 2 1.44491e+06 20.1449 60524 1.44415 3.20883e+06 1.44491e+06 ZonesAtSurface
3975.22 1824.99 782.051 0 2 2 1 1.35362e+06 29.2212 120454 2.03225 2.46716e+06 1.35362e+06 ZonesAtSurface
4025.3 1824.99 742.119 2 0 1 1 969335 31.5627 92626 1.62267 2.70129e+06 969335 ZonesAtSurface
4075.37 1824.99 702.183 5 0 2 1 573578 39.261 137902 1.35114 2.14924e+06 573578 ZonesAtSurface
4125.44 1824.99 662.241 0 0 2 1 1.48484e+06 26.0568 149132 1.66952 3.11327e+06 1.48484e+06 ZonesAtSurface
4175.52 1825 572.299 0 0 1 2 843061 36.6696 111336 1.63956 3.51927e+06 843061 ZonesAtSurface
4225.55 1825 582.339 1 1 2 1 952377 33.4505 141992 1.55497 2.63498e+06 952377 ZonesAtSurface
4275.59 1825 492.385 0 0 1 2 1.17468e+06 26.8093 117284 1.50836 3.77091e+06 1.17468e+06 ZonesAtSurface
4325.61 1824.99 502.414 5 0 2 1 544999 38.6523 121824 1.8201 2.23768e+06 544999 ZonesAtSurface
4375.63 1824.99 462.442 0 0 2 1 859696 15.6062 119378 1.10733 2.58619e+06 859696 ZonesAtSurface
4425.63 1824.99 372.484 7 0 1 2 1.09667e+06 15.01 127926 1.04276 3.71533e+06 1.09667e+06 ZonesAtSurface
4475.63 1824.99 382.513 0 0 1 1 1.25187e+06 38.1841 66522.7 2.42327 3.24665e+06 1.25187e+06 ZonesAtSurface
4525.63 1825 342.54 0 0 2 1 528840 16.5349 105901 1.4686 1.46202e+06 528840 ZonesAtSurface
4575.64 1825 302.563 0 0 2 1 646470 40.3322 117870 1.98404 2.90331e+06 646470 ZonesAtSurface
4625.64 1825 312.582 0 0 0 0 1.06213e+06 16.3197 65342.5 1.3673 2.26299e+06 1.06213e+06 ZonesAtSurface
4675.58 1825 172.617 0 0 1 2 1.44715e+06 18.3363 51873.7 1.1159 5.09844e+06 1.44715e+06 ZonesAtSurface
4725.59 1825 182.63 0 0 2 1 741520 44.8464 84948.9 1.53903 3.88575e+06 741520 ZonesAtSurface
4775.45 1825 92.6419 0 0 1 2 1.17333e+06 35.7849 75930.3 1.17755 9.55788e+06 1.17333e+06 ZonesAtSurface
4825.44 1824.99 102.671 0 0 1 1 686909 20.5785 146568 1.65548 2.25791e+06 686909 ZonesAtSurface
4875.3 1824.99 62.6791 0 0 1 1 1.44997e+06 18.7533 116371 1.19436 6.04833e+06 1.44997e+06 ZonesAtSurface
4925.24 1824.99 72.7363 0 0 0 0 594777 15.6671 135349 1.54047 2.78226e+06 594777 ZonesAtSurface
74.9091 1875 -48.8359 16 0 1 2 1.15261e+06 23.464 103375 1.03509 8.78157e+06 1.15261e+06 ZonesAtSurface
124.855 1875 -23.8107 18 0 2 2 634314 34.8871 122406 1.51242 2.2235e+06 634314 ZonesAtSurface
174.758 1875 -48.8391 24 0 1 3 972937 42.5783 132350 1.02934 8.34649e+06 972937 ZonesAtSurface
224.687 1875 -23.8092 38 0 1 3 882786 21.3013 135759 1.29399 2.30161e+06 882786 ZonesAtSurface
274.626 1875 -48.8621 23 0 1 4 718327 24.3486 62085.1 1.01022 6.93184e+06 718327 ZonesAtSurface
324.549 1875 -23.8669 18 0 1 4 629482 26.4794 146914 1.03106 7.75554e+06 629482 ZonesAtSurface
374.425 1875.01 51.1259 10 0 1 3 912037 24.2096 140791 1.14357 3.95132e+06 912037 ZonesAtSurface
424.398 1875 76.1208 1 0 1 3 1.13616e+06 26.4667 79265 1.07373 5.36161e+06 1.13616e+06 ZonesAtSurface
474.312 1875 251.105 0 10 0 0 648053 41.5189 144061 2.70552 955779 648053 ZonesAtSurface
524.311 1874.99 276.098 0 0 0 0 808521 17.3952 71317.2 1.90421 1.33511e+06 808521 ZonesAtSurface
574.307 1874.99 301.084 0 0 0 0 972800 33.3393 60422.4 2.03227 2.17902e+06 972800 ZonesAtSurface
624.303 1874.99 326.068 0 0 0 0 722069 39.193 112405 2.65077 1.90736e+06 722069 ZonesAtSurface
674.3 1874.99 351.051 0 0 0 0 709420 29.397 136065 2.16986 1.62609e+06 709420 ZonesAtSurface
724.299 1874.99 376.033 0 0 0 0 854474 16.5237 60085.8 1.87658 1.4343e+06 854474 ZonesAtSurface
774.3 1874.99 401.015 0 0 0 0 1.17525e+06 17.2874 61201.5 2.80704 1.27849e+06 1.17525e+06 ZonesAtSurface
824.303 1874.99 425.995 0 0 0 0 1.2205e+06 43.6684 95411.2 6.33056 1.19283e+06 1.2205e+06 ZonesAtSurface
874.308 1874.99 450.975 0 0 0 0 1.20627e+06 31.6799 122524 4.22838 1.22231e+06 1.20627e+06 ZonesAtSurface
924.316 1874.99 475.954 0 0 0 0 635840 38.8885 143886 2.94396 1.29087e+06 635840 ZonesAtSurface
974.328 1874.99 500.932 0 0 0 0 1.10145e+06 40.9384 117236 5.10945 1.21638e+06 1.10145e+06 ZonesAtSurface
1024.35 1874.99 525.909 0 0 0 0 1.24741e+06 27.4063 111147 4.20268 1.12859e+06 1.24741e+06 ZonesAtSurface
1074.37 1874.99 550.885 0 0 0 0 800482 23.2673 125658 2.93267 966847 800482 ZonesAtSurface
1124.4 1874.99 575.858 0 0 0 0 804314 23.9942 149477 3.76426 794536 804314 ZonesAtSurface
1174.43 1874.99 600.832 0 0 0 0 1.44946e+06 37.9037 135640 9.09148 822498 1.44946e+06 ZonesAtSurface
1224.47 1874.99 625.806 0 0 0 0 631896 18.361 118963 2.81456 732608 631896 ZonesAtSurface
1274.51 1874.99 650.782 0 0 0 0 1.17171e+06 33.1894 90012.7 10 341044 1.17171e+06 ZonesAtSurface
1324.55 1874.99 675.758 0 7 0 0 1.35394e+06 27.9801 86217.3 8.52508 528582 1.35394e+06 ZonesAtSurface
1374.54 1874.99 600.751 3 0 2 2 1.14247e+06 16.1599 53089.1 1.265 2.57394e+06 1.14247e+06 ZonesAtSurface
1424.56 1874.99 575.743 8 5 2 3 852230 23.3095 127002 1.51321 1.87533e+06 852230 ZonesAtSurface
1474.58 1875 550.733 0 0 2 4 846415 35.7744 62280.7 1.36509 3.71337e+06 846415 ZonesAtSurface
1524.65 1875 625.695 9 0 2 3 671863 23.6678 143107 1.10364 2.0767e+06 671863 ZonesAtSurface
1574.67 1874.99 600.692 0 9 1 4 1.49746e+06 29.4464 126754 1.438 3.49556e+06 1.49746e+06 ZonesAtSurface
1624.69 1874.99 575.674 9 0 1 5 1.46077e+06 36.086 95223.8 1.26806 4.92459e+06 1.46077e+06 ZonesAtSurface
1674.75 1874.99 650.627 0 3 2 4 1.48975e+06 33.7217 68280.5 1.27755 4.36089e+06 1.48975e+06 ZonesAtSurface
1724.79 1874.99 575.649 1 0 1 6 1.23856e+06 19.3169 54900.6 1.04197 4.06628e+06 1.23856e+06 ZonesAtSurface
1774.85 1874.98 600.638 6 0 1 6 667235 34.1135 134106 1.02323 4.30923e+06 667235 ZonesAtSurface
1824.92 1874.98 625.633 6 0 1 6 532106 30.5368 98723.6 1.02307 2.79946e+06 532106 ZonesAtSurface
1874.99 1874.98 650.616 6 0 1 6 1.20302e+06 43.8874 112501 1.01745 5.45023e+06 1.20302e+06 ZonesAtSurface
1925.06 1874.98 675.59 6 0 1 6 800615 37.7856 52901.3 1.02843 3.69234e+06 800615 ZonesAtSurface
1975.11 1875 800.486 8 5 2 4 997371 16.7798 121105 1.58829 1.7309e+06 997371 ZonesAtSurface
2025.24 1874.98 663.173 6 6 1 6 1.37355e+06 36.7205 99791.2 1.04327 5.29009e+06 1.37355e+06 ZonesAtSurface
2075.3 1874.96 563.321 6 0 1 6 900687 27.8428 87193.5 1.02486 3.76001e+06 900687 ZonesAtSurface
2125.3 1874.95 463.424 6 0 1 6 1.28868e+06 23.0412 56609.6 1.03983 4.81697e+06 1.28868e+06 ZonesAtSurface
2175.27 1874.95 363.479 6 0 1 6 1.09904e+06 28.5432 89490.1 1.03565 5.73756e+06 1.09904e+06 ZonesAtSurface
2225.22 1874.95 263.503 0 0 1 6 1.14889e+06 42.5546 141285 2.77586 5.94012e+06 1.14889e+06 ZonesAtSurface
2275.2 1874.96 213.51 1 0 2 5 965883 38.7822 113387 2.17956 5.7275e+06 965883 ZonesAtSurface
2325.18 1874.97 163.511 7 5 1 4 821863 30.8518 129471 0 2.72023e+06 821863 ZonesAtSurface
2375.1 1874.98 13.4858 0 0 1 5 652277 34.1193 143627 4.01307 9.22596e+06 652277 ZonesAtSurface
2425.07 1874.93 -36.5257 5 0 0 0 1.07058e+06 25.191 102708 1.23339 1.56007e+07 1.07058e+06 ZonesAtSurface
2475.07 1874.96 -136.514 0 0 0 0 1.26848e+06 37.9979 72734 3.39957 1.12378e+07 1.26848e+06 ZonesAtSurface
2525.04 1874.88 -166.495 10 7 0 0 712828 17.8907 144655 1.56863 1.48228e+06 712828 ZonesAtSurface
2574.99 1874.76 -126.488 7 10 0 0 577729 21.8062 59391.5 0 1.81808e+06 577729 ZonesAtSurface
2624.96 1874.73 -86.4883 6 10 0 0 1.20632e+06 41.881 95920.5 0 3.22063e+06 1.20632e+06 ZonesAtSurface
2674.92 1874.6 -46.4899 9 8 0 0 1.12465e+06 34.8089 53725.4 0 2.54345e+06 1.12465e+06 ZonesAtSurface
2724.88 1874.61 -6.49429 10 0 0 0 1.29449e+06 23.3759 133276 1.11381 2.78728e+07 1.29449e+06 ZonesAtSurface
2774.86 1874.76 33.5089 8 0 1 4 1.21537e+06 40.9617 100792 1.89809 6.50373e+07 1.21537e+06 ZonesAtSurface
2824.84 1874.96 23.5023 0 0 1 5 863575 23.4445 134495 2.14536 9.33841e+06 863575 ZonesAtSurface
2874.81 1874.96 63.5105 0 0 1 5 948693 38.3034 65731.3 4.59963 9.07105e+06 948693 ZonesAtSurface
2924.77 1874.95 103.519 0 0 1 5 1.1753e+06 27.0074 119946 2.10053 7.24084e+06 1.1753e+06 ZonesAtSurface
2974.74 1874.95 143.524 0 0 1 5 1.04866e+06 24.5132 110258 1.48273 6.68428e+06 1.04866e+06 ZonesAtSurface
3024.68 1874.96 233.526 5 0 1 4 577976 18.8136 80600.5 1.1221 3.39306e+06 577976 ZonesAtSurface
3074.69 1874.95 223.51 0 0 1 5 645469 40.3354 93339.3 2.4471 5.82315e+06 645469 ZonesAtSurface
3124.64 1874.97 363.488 1 0 2 3 1.21441e+06 35.0074 61297 1.44822 4.58396e+06 1.21441e+06 ZonesAtSurface
3174.64 1874.97 403.457 0 3 2 3 1.42744e+06 44.7601 148174 1.52841 5.34967e+06 1.42744e+06 ZonesAtSurface
3224.66 1874.98 493.423 7 5 2 2 1.08549e+06 21.1982 120786 2.6715 1.25886e+06 1.08549e+06 ZonesAtSurface
3274.67 1874.96 433.393 0 0 1 4 1.10279e+06 33.9464 123593 1.40523 5.63363e+06 1.10279e+06 ZonesAtSurface
3324.69 1874.98 523.345 6 0 1 3 543520 44.2168 137237 1.01651 3.97713e+06 543520 ZonesAtSurface
3374.7 1874.97 513.312 0 0 1 4 894114 36.3146 147628 1.09745 5.37747e+06 894114 ZonesAtSurface
3424.73 1874.97 503.281 1 0 1 5 1.00722e+06 27.8382 53735.6 1.00256 6.00205e+06 1.00722e+06 ZonesAtSurface
3474.76 1874.98 593.214 0 0 1 4 749066 19.526 107150 1.016 3.79889e+06 749066 ZonesAtSurface
3524.81 1874.98 683.146 0 0 2 3 875554 43.1798 120903 1.45286 3.77807e+06 875554 ZonesAtSurface
3574.86 1874.98 723.092 6 0 2 3 563216 34.6207 56998.5 1.37395 2.2954e+06 563216 ZonesAtSurface
3624.92 1874.98 763.034 0 3 2 3 1.09602e+06 25.1438 121548 2.50417 1.43316e+06 1.09602e+06 ZonesAtSurface
3674.93 1874.99 703.016 9 0 1 5 1.36078e+06 34.1016 136908 1.02528 5.53716e+06 1.36078e+06 ZonesAtSurface
3725.01 1874.99 842.873 7 6 2 3 945259 34.3285 71101.6 1.17424 2.99311e+06 945259 ZonesAtSurface
3775.05 1874.99 892.851 0 0 2 2 768946 36.4741 145434 1.38333 2.43903e+06 768946 ZonesAtSurface
3825.09 1874.99 852.88 0 6 1 2 1.27785e+06 24.0632 94316.2 2.02523 2.39183e+06 1.27785e+06 ZonesAtSurface
3875.14 1875 812.931 0 0 2 2 1.30955e+06 26.7363 118571 1.89286 2.53165e+06 1.30955e+06 ZonesAtSurface
3925.15 1874.99 822.99 0 2 2 1 1.49242e+06 20.1646 119095 1.88909 2.42587e+06 1.49242e+06 ZonesAtSurface
3975.22 1874.99 783.055 0 0 2 1 1.45175e+06 40.4696 121362 3.75452 2.05208e+06 1.45175e+06 ZonesAtSurface
4025.34 1875 693.129 5 0 1 2 544989 23.5532 131159 1.10045 2.6552e+06 544989 ZonesAtSurface
4075.41 1875 653.192 0 0 1 2 1.22565e+06 33.4951 68652.4 1.84597 3.53204e+06 1.22565e+06 ZonesAtSurface
4125.44 1874.99 663.243 0 0 2 1 665821 43.9673 145610 1.4917 2.89649e+06 665821 ZonesAtSurface
4175.5 1875 623.295 0 10 2 1 1.46776e+06 17.7095 106550 1.59831 2.62866e+06 1.46776e+06 ZonesAtSurface
4225.55 1875 583.34 3 0 2 1 784635 27.6923 55680.4 1.37448 2.44742e+06 784635 ZonesAtSurface
4275.6 1875 493.385 0 0 1 2 703348 28.1839 75918.7 1.18039 3.6426e+06 703348 ZonesAtSurface
4325.61 1874.99 503.416 0 0 2 1 1.16547e+06 22.9153 119389 1.69643 2.52393e+06 1.16547e+06 ZonesAtSurface
4375.63 1874.99 463.447 0 0 2 1 1.09343e+06 35.0725 52148.9 1.58136 3.10062e+06 1.09343e+06 ZonesAtSurface
4425.64 1874.99 423.479 5 0 1 1 812319 40.1599 134804 1.92381 3.43162e+06 812319 ZonesAtSurface
4475.63 1874.99 333.516 0 0 1 2 982568 20.1984 86027.6 1.18215 3.86952e+06 982568 ZonesAtSurface
4525.64 1874.99 343.541 0 0 2 1 817077 30.2625 80269.1 1.94244 2.44328e+06 817077 ZonesAtSurface
4575.64 1874.99 353.559 0 2 0 0 937669 19.4622 72773.6 2.3251 1.38494e+06 937669 ZonesAtSurface
4625.61 1875 213.593 0 0 1 2 1.31321e+06 17.1186 114582 1.08675 4.62367e+06 1.31321e+06 ZonesAtSurface
4675.62 1875 223.615 3 0 2 1 863824 22.8867 94689.2 1.06751 3.87385e+06 863824 ZonesAtSurface
4725.59 1875 183.636 1 1 1 1 1.43296e+06 38.525 149199 1.19157 5.05622e+06 1.43296e+06 ZonesAtSurface
4775.53 1875 143.654 3 0 1 1 922692 25.7272 75954.1 1.12104 4.77044e+06 922692 ZonesAtSurface
4825.43 1874.99 103.675 5 0 1 1 967789 32.526 98966.5 1.08012 6.32308e+06 967789 ZonesAtSurface
4875.41 1875 113.727 3 0 0 0 1.3739e+06 34.0901 67104.4 1.7935 3.77173e+06 1.3739e+06 ZonesAtSurface
4925.24 1874.99 73.7274 0 0 0 0 1.16403e+06 19.1168 108190 1.33362 4.51962e+06 1.16403e+06 ZonesAtSurface
74.9126 1925 -47.8333 20 0 1 2 1.17423e+06 23.5631 107076 1.02888 8.50359e+06 1.17423e+06 ZonesAtSurface
124.86 1925 -22.8067 17 1 2 2 1.13388e+06 35.4372 112702 1.69517 3.48897e+06 1.13388e+06 ZonesAtSurface
174.758 1925 -47.8362 37 0 1 3 601299 26.3263 94350 1.01521 4.95912e+06 601299 ZonesAtSurface
224.686 1925 -22.8109 38 10 1 3 1.3957e+06 21.6824 96680.5 1.19257 3.57089e+06 1.3957e+06 ZonesAtSurface
274.626 1925 -47.8601 12 0 1 4 725428 41.3256 87670.8 1.02153 9.87809e+06 725428 ZonesAtSurface
324.549 1925 -22.8639 13 0 1 4 1.38376e+06 40.4759 67912.7 1.091 1.21431e+07 1.38376e+06 ZonesAtSurface
374.49 1925 2.12459 8 0 1 4 724892 41.6266 63411.9 1.17582 9.62327e+06 724892 ZonesAtSurface
424.345 1925 127.115 5 0 1 2 795411 26.1286 109026 1.15552 2.9513e+06 795411 ZonesAtSurface
474.314 1925 202.107 0 3 2 1 1.14541e+06 43.3244 64398.1 3.11609 2.42748e+06 1.14541e+06 ZonesAtSurface
524.308 1925 277.099 0 0 0 0 1.28368e+06 34.573 85208.5 4.84982 1.15602e+06 1.28368e+06 ZonesAtSurface
574.304 1924.99 302.085 0 0 0 0 1.21695e+06 39.6293 134355 2.94284 2.41676e+06 1.21695e+06 ZonesAtSurface
624.299 1924.99 327.068 0 0 0 0 1.17717e+06 23.4447 125273 2.0596 1.99452e+06 1.17717e+06 ZonesAtSurface
674.296 1924.99 352.051 0 0 0 0 1.20946e+06 17.8751 129334 2.2995 1.66365e+06 1.20946e+06 ZonesAtSurface
724.295 1924.99 377.034 0 0 0 0 1.29992e+06 36.6481 120558 4.64107 1.41386e+06 1.29992e+06 ZonesAtSurface
774.296 1924.99 402.015 0 0 0 0 787939 17.1189 128241 1.98113 1.28637e+06 787939 ZonesAtSurface
824.299 1924.99 426.996 0 0 0 0 1.39332e+06 40.1269 92052.6 6.23897 1.20431e+06 1.39332e+06 ZonesAtSurface
874.304 1924.99 451.976 0 0 0 0 1.32509e+06 20.9174 114471 3.49872 1.22431e+06 1.32509e+06 ZonesAtSurface
924.312 1924.99 476.955 0 0 0 0 1.27229e+06 40.9833 88114 5.35472 1.30463e+06 1.27229e+06 ZonesAtSurface
974.324 1924.99 501.933 0 0 0 0 1.22324e+06 27.631 108377 3.73597 1.23574e+06 1.22324e+06 ZonesAtSurface
1024.34 1924.99 526.91 0 0 0 0 679007 23.6969 61824.5 2.19081 1.16626e+06 679007 ZonesAtSurface
1074.37 1924.99 551.886 0 0 0 0 1.49852e+06 25.5355 53517.1 5.31788 999937 1.49852e+06 ZonesAtSurface
1124.4 1924.99 576.86 0 0 0 0 506973 25.7595 75268.7 2.76373 809196 506973 ZonesAtSurface
1174.42 1924.99 601.833 0 0 0 0 1.41398e+06 37.8067 123796 8.5211 840489 1.41398e+06 ZonesAtSurface
1224.46 1924.99 626.807 0 0 0 0 1.15356e+06 21.6617 52468.2 5.18146 742081 1.15356e+06 ZonesAtSurface
1274.5 1924.99 651.782 0 0 0 0 1.13896e+06 32.6285 134148 10 424307 1.13896e+06 ZonesAtSurface
1324.52 1924.99 626.762 0 0 2 1 611971 16.5427 121679 1.18834 1.66426e+06 611971 ZonesAtSurface
1374.54 1924.99 601.754 10 1 2 2 556401 39.2517 59241.7 1.26695 1.99587e+06 556401 ZonesAtSurface
1424.54 1924.99 526.759 0 0 2 4 994758 30.9161 98544.6 1.79727 3.12173e+06 994758 ZonesAtSurface
1474.58 1924.99 551.741 4 0 2 4 612432 25.6762 123137 1.30888 2.4665e+06 612432 ZonesAtSurface
1524.62 1925 576.723 0 5 1 4 1.43441e+06 26.8909 85153.6 1.2352 3.71786e+06 1.43441e+06 ZonesAtSurface
1574.64 1924.99 551.708 3 0 2 5 544665 43.2055 91041.4 1.27245 4.24839e+06 544665 ZonesAtSurface
1624.68 1924.99 576.683 1 0 2 5 1.46576e+06 29.4242 128664 1.25722 4.55954e+06 1.46576e+06 ZonesAtSurface
1674.72 1924.99 551.678 3 0 1 6 718490 25.9535 145008 1.0084 4.58853e+06 718490 ZonesAtSurface
1724.78 1924.99 626.63 8 6 2 5 1.23046e+06 29.7503 79318 1.17889 3.51868e+06 1.23046e+06 ZonesAtSurface
1774.84 1924.98 601.646 3 0 2 6 870887 15.4378 77823.1 1.01766 3.13417e+06 870887 ZonesAtSurface
1824.91 1924.98 626.639 6 0 2 6 650262 41.0188 74843.3 1.024 4.70718e+06 650262 ZonesAtSurface
1874.97 1924.98 701.58 3 3 2 5 642612 37.5595 135371 1.6007 1.79517e+06 642612 ZonesAtSurface
1925.04 1924.99 726.557 0 8 2 5 1.27494e+06 25.277 97316.7 1.66472 2.34683e+06 1.27494e+06 ZonesAtSurface
1975.13 1924.98 701.61 0 6 2 6 665005 33.3915 61273.6 1.09232 2.1406e+06 665005 ZonesAtSurface
2025.21 1924.97 664.191 6 4 2 6 1.48582e+06 19.7878 141555 1.04552 4.09138e+06 1.48582e+06 ZonesAtSurface
2075.26 1924.96 564.328 6 0 1 6 1.31213e+06 15.7563 121154 1.0138 3.68156e+06 1.31213e+06 ZonesAtSurface
2125.26 1924.95 464.425 6 0 1 6 1.46387e+06 24.5624 112654 1.03427 5.11224e+06 1.46387e+06 ZonesAtSurface
2175.23 1924.95 364.475 6 0 1 6 764033 41.8799 128506 1.09722 6.71925e+06 764033 ZonesAtSurface
2225.19 1924.96 264.494 0 0 1 6 819551 43.205 52522.9 4.41534 4.87926e+06 819551 ZonesAtSurface
2275.17 1924.97 214.5 0 0 1 5 819840 37.1426 53129.8 3.38894 5.07808e+06 819840 ZonesAtSurface
2325.12 1924.98 114.49 0 0 1 5 824438 38.4719 107834 5.0838 7.76854e+06 824438 ZonesAtSurface
2375.09 1924.98 14.4823 0 0 1 5 548069 20.1947 79445.8 1.70638 9.86609e+06 548069 ZonesAtSurface
2425.08 1924.75 -35.5172 10 0 0 0 607528 35.4192 134613 1.69055 7.35532e+07 607528 ZonesAtSurface
2475.07 1924.86 -135.514 10 0 0 0 582488 23.6664 136423 2.08147 2.21094e+07 582488 ZonesAtSurface
2525.05 1924.94 -165.509 4 0 0 0 519930 17.7979 82036.6 1.24959 1.06853e+07 519930 ZonesAtSurface
2575 1924.86 -125.501 10 0 0 0 1.03492e+06 41.5848 143442 3.51529 2.77768e+07 1.03492e+06 ZonesAtSurface
2624.97 1924.78 -85.495 10 0 0 0 1.30639e+06 18.3299 121221 1.30484 3.26454e+07 1.30639e+06 ZonesAtSurface
2674.93 1924.62 -45.4963 10 0 0 0 1.21246e+06 30.9894 130653 1.52996 3.15522e+07 1.21246e+06 ZonesAtSurface
2724.9 1924.98 -55.4904 0 0 0 0 1.12563e+06 38.5092 115790 9.6479 4.93589e+06 1.12563e+06 ZonesAtSurface
2774.87 1924.98 -15.4952 0 0 0 0 545886 36.288 100537 8.86426 3.90912e+06 545886 ZonesAtSurface
2824.84 1924.97 24.4988 0 0 1 5 1.3501e+06 23.8047 115685 3.35311 5.38132e+06 1.3501e+06 ZonesAtSurface
2874.81 1924.87 114.509 10 0 1 4 552907 42.89 149665 2.81069 2.68924e+07 552907 ZonesAtSurface
2924.78 1924.96 154.52 10 0 1 4 996615 39.4539 138129 1.05243 3.57578e+06 996615 ZonesAtSurface
2974.77 1924.96 144.506 0 0 1 5 829873 42.994 94582.5 4.60323 5.9463e+06 829873 ZonesAtSurface
3024.74 1924.95 184.506 0 0 1 5 720169 24.23 72986.3 1.27712 5.73472e+06 720169 ZonesAtSurface
3074.67 1924.98 324.502 7 0 2 3 1.07599e+06 29.6366 122580 1.23782 3.5399e+06 1.07599e+06 ZonesAtSurface
3124.67 1924.98 364.482 6 0 2 3 665408 38.2119 64269 1.38361 2.78728e+06 665408 ZonesAtSurface
3174.68 1924.96 354.459 0 0 1 4 1.38405e+06 43.7728 123831 2.14832 6.17477e+06 1.38405e+06 ZonesAtSurface
3224.68 1924.98 494.419 1 9 2 2 880422 42.3693 149383 1.99257 1.99206e+06 880422 ZonesAtSurface
3274.69 1924.97 434.391 0 0 1 4 1.36059e+06 33.1364 122220 1.40324 5.77529e+06 1.36059e+06 ZonesAtSurface
3324.7 1924.97 474.351 0 0 1 4 954274 35.895 88590 1.25915 5.52436e+06 954274 ZonesAtSurface
3374.72 1924.97 514.309 0 0 1 4 1.40949e+06 37.5094 94605.2 1.54066 5.67992e+06 1.40949e+06 ZonesAtSurface
3424.74 1924.97 554.263 4 0 1 4 1.24988e+06 23.4194 102091 1.01504 5.07807e+06 1.24988e+06 ZonesAtSurface
3474.8 1924.98 694.186 0 2 2 2 932153 37.3898 76088.5 1.57994 2.62639e+06 932153 ZonesAtSurface
3524.85 1924.98 734.141 0 0 2 2 1.05506e+06 44.3646 69197.7 2.5245 2.12905e+06 1.05506e+06 ZonesAtSurface
3574.91 1924.98 774.092 0 9 2 2 662995 23.0295 119650 1.69711 1.12222e+06 662995 ZonesAtSurface
3624.89 1924.98 714.054 0 5 2 4 1.3822e+06 41.2512 54339.3 1.28953 4.99333e+06 1.3822e+06 ZonesAtSurface
3674.94 1924.98 704.021 10 0 1 5 768499 42.4791 132194 1.0393 5.23902e+06 768499 ZonesAtSurface
3725.02 1924.99 843.879 10 6 2 3 1.29618e+06 20.6474 114578 1.26612 2.89894e+06 1.29618e+06 ZonesAtSurface
3775.06 1924.99 893.86 0 0 2 2 927492 31.1682 58188.5 1.74151 2.40474e+06 927492 ZonesAtSurface
3825.12 1924.99 803.894 7 0 1 3 546952 26.6159 61164.3 1.34831 1.95221e+06 546952 ZonesAtSurface
3875.14 1925 813.94 0 3 2 2 869343 34.7607 65747.2 1.62255 2.43434e+06 869343 ZonesAtSurface
3925.2 1925 774.002 3 0 1 2 627742 39.1293 60087.6 1.25434 2.81208e+06 627742 ZonesAtSurface
3975.22 1924.99 784.064 0 0 2 1 1.0433e+06 30.3453 83686.4 2.27491 1.88212e+06 1.0433e+06 ZonesAtSurface
4025.35 1924.99 694.132 0 0 1 2 711081 44.9389 68911.9 1.89914 3.68857e+06 711081 ZonesAtSurface
4075.33 1924.99 754.181 0 9 0 0 1.45556e+06 44.0972 110973 4.2249 1.63883e+06 1.45556e+06 ZonesAtSurface
4125.44 1924.99 664.243 0 4 2 1 1.41773e+06 29.783 115161 1.75538 3.05362e+06 1.41773e+06 ZonesAtSurface
4175.5 1925 624.295 6 4 2 1 899672 34.1853 61014.7 1.62892 2.5914e+06 899672 ZonesAtSurface
4225.55 1925 584.34 0 0 2 1 1.12913e+06 28.7618 109555 1.55769 2.83197e+06 1.12913e+06 ZonesAtSurface
4275.59 1924.99 544.381 0 0 1 1 1.25971e+06 31.0292 112648 2.00946 2.89991e+06 1.25971e+06 ZonesAtSurface
4325.61 1924.99 504.416 0 0 2 1 1.15508e+06 30.1361 124920 1.57372 2.99874e+06 1.15508e+06 ZonesAtSurface
4375.63 1924.99 464.448 0 0 2 1 978263 37.2548 98562 2.12943 3.03863e+06 978263 ZonesAtSurface
4425.63 1924.99 374.484 1 0 1 2 908972 26.3932 77493.5 1.47955 3.91265e+06 908972 ZonesAtSurface
4475.64 1924.99 384.511 0 0 1 1 1.46329e+06 44.2761 132542 3.95091 3.05902e+06 1.46329e+06 ZonesAtSurface
4525.63 1924.99 394.535 0 10 0 0 1.08718e+06 39.3981 69280.2 4.26751 1.56557e+06 1.08718e+06 ZonesAtSurface
4575.64 1924.99 354.557 3 0 0 0 582783 36.2364 83142.8 1.71675 1.65483e+06 582783 ZonesAtSurface
4625.65 1925 314.576 0 4 0 0 1.45929e+06 24.8139 61464.2 3.11224 1.74856e+06 1.45929e+06 ZonesAtSurface
4675.53 1925 124.621 0 0 1 3 930986 15.185 138016 1.12766 4.50276e+06 930986 ZonesAtSurface
4725.53 1925 134.643 0 0 1 2 760826 18.157 110650 1.13556 3.31459e+06 760826 ZonesAtSurface
4775.45 1925 94.6489 5 0 1 2 1.47932e+06 33.8273 85288.6 1.11286 9.43413e+06 1.47932e+06 ZonesAtSurface
4825.42 1925 104.678 6 0 1 1 798837 35.8818 117242 1.19944 6.61735e+06 798837 ZonesAtSurface
4875.3 1924.99 64.6772 1 0 1 1 1.15789e+06 27.3263 90928.3 1.07068 8.37469e+06 1.15789e+06 ZonesAtSurface
4925.24 1924.99 74.7182 0 0 0 0 1.46378e+06 33.3479 80449.5 1.25768 7.76379e+06 1.46378e+06 ZonesAtSurface
74.9162 1975 -46.8275 27 0 1 2 1.03029e+06 34.2098 71852.9 1.04976 9.34016e+06 1.03029e+06 ZonesAtSurface
124.858 1975 -21.7942 35 0 1 2 596091 31.7729 97131.2 1.71993 2.25846e+06 596091 ZonesAtSurface
174.752 1975 -46.835 27 0 1 3 1.09682e+06 36.2803 124003 1.00761 6.92857e+06 1.09682e+06 ZonesAtSurface
224.677 1975 -21.8139 31 9 1 3 1.1414e+06 37.7596 87195.6 1.31971 3.75055e+06 1.1414e+06 ZonesAtSurface
274.624 1975 -46.8586 13 0 1 4 1.41992e+06 38.4609 133355 1.02049 1.06275e+07 1.41992e+06 ZonesAtSurface
324.545 1975 -21.8643 24 0 1 4 891494 15.8224 73607.1 1.03032 5.2285e+06 891494 ZonesAtSurface
374.413 1974.99 53.1203 1 0 2 3 1.49368e+06 37.7748 142899 1.17447 6.0136e+06 1.49368e+06 ZonesAtSurface
424.345 1974.99 128.117 2 0 1 2 1.44847e+06 37.4888 55692.4 1.51061 4.49851e+06 1.44847e+06 ZonesAtSurface
474.302 1974.99 253.103 0 10 0 0 1.16972e+06 34.4155 128199 7.28094 607528 1.16972e+06 ZonesAtSurface
524.305 1974.99 278.099 0 0 0 0 1.41555e+06 41.3996 109929 7.17716 1.01849e+06 1.41555e+06 ZonesAtSurface
574.304 1974.99 253.085 0 0 1 1 1.30198e+06 40.4762 129662 3.64438 2.89477e+06 1.30198e+06 ZonesAtSurface
624.295 1974.99 328.069 0 0 0 0 1.38835e+06 29.9192 130777 2.65807 2.27277e+06 1.38835e+06 ZonesAtSurface
674.292 1974.99 353.052 0 0 0 0 727241 40.6776 58493.5 2.91941 1.72806e+06 727241 ZonesAtSurface
724.291 1974.99 378.034 0 0 0 0 881274 42.1567 136780 4.47353 1.38609e+06 881274 ZonesAtSurface
774.293 1974.99 403.016 0 0 0 0 1.05448e+06 26.1933 148022 3.13523 1.30626e+06 1.05448e+06 ZonesAtSurface
824.296 1974.99 427.997 0 0 0 0 1.32247e+06 37.8262 88528.2 5.39238 1.23479e+06 1.32247e+06 ZonesAtSurface
874.3 1974.99 452.976 0 0 0 0 630105 30.22 89268.4 2.443 1.23665e+06 630105 ZonesAtSurface
924.308 1974.99 477.956 0 0 0 0 902238 35.7363 76435.9 3.50944 1.30907e+06 902238 ZonesAtSurface
974.32 1974.99 502.934 0 0 0 0 1.14951e+06 44.7581 85793.3 5.812 1.23426e+06 1.14951e+06 ZonesAtSurface
1024.34 1974.99 527.912 0 0 0 0 1.07507e+06 39.3075 73463.1 5.08009 1.15305e+06 1.07507e+06 ZonesAtSurface
1074.36 1974.99 552.888 0 0 0 0 580207 22.8692 68807.9 2.18169 1.00606e+06 580207 ZonesAtSurface
1124.39 1974.99 577.862 0 0 0 0 714352 23.9839 145966 3.17328 825574 714352 ZonesAtSurface
1174.42 1974.99 602.834 0 0 0 0 1.36167e+06 35.8761 108372 7.69466 864364 1.36167e+06 ZonesAtSurface
1224.46 1974.99 627.808 0 0 0 0 972671 25.5401 52968.9 4.91526 755306 972671 ZonesAtSurface
1274.5 1974.99 652.783 0 0 0 0 710803 32.7044 53235 8.98444 368362 710803 ZonesAtSurface
1324.54 1974.99 677.76 0 8 0 0 956868 25.3663 111555 6.02396 517332 956868 ZonesAtSurface
1374.52 1974.99 552.769 0 0 1 3 810917 21.6946 140277 1.37709 2.1048e+06 810917 ZonesAtSurface
1424.53 1974.99 527.762 0 0 2 4 1.08876e+06 40.3192 58407 1.82038 3.56169e+06 1.08876e+06 ZonesAtSurface
1474.57 1974.99 552.746 8 0 2 4 537428 38.3605 63695.6 1.23919 2.40986e+06 537428 ZonesAtSurface
1524.6 1974.99 527.738 0 0 2 5 1.33211e+06 16.9127 103792 1.22281 3.77379e+06 1.33211e+06 ZonesAtSurface
1574.63 1974.99 552.717 2 0 2 5 1.16728e+06 24.5134 130414 1.14631 3.87362e+06 1.16728e+06 ZonesAtSurface
1624.66 1974.99 527.706 0 0 1 6 1.36153e+06 20.1279 50392 1.08509 4.74794e+06 1.36153e+06 ZonesAtSurface
1674.72 1974.99 602.666 7 0 1 5 621140 32.3634 128201 1.0587 1.87663e+06 621140 ZonesAtSurface
1724.77 1974.99 577.664 2 0 1 6 1.02507e+06 42.4965 141695 1.03756 5.09695e+06 1.02507e+06 ZonesAtSurface
1774.83 1974.98 652.62 0 9 2 5 1.3676e+06 22.9415 87819.2 1.4612 2.78159e+06 1.3676e+06 ZonesAtSurface
1824.89 1974.98 627.644 5 2 1 6 1.40476e+06 44.7672 97886.5 1.03056 6.16329e+06 1.40476e+06 ZonesAtSurface
1874.95 1974.98 702.595 4 10 2 5 1.38783e+06 20.6275 142555 1.25358 3.11203e+06 1.38783e+06 ZonesAtSurface
1925.02 1974.98 677.625 5 2 2 6 1.13811e+06 19.0564 98165.2 1.02767 3.02943e+06 1.13811e+06 ZonesAtSurface
1975.11 1974.98 702.634 0 4 2 6 718785 44.1265 77495.4 1.1467 2.68803e+06 718785 ZonesAtSurface
2025.19 1974.97 665.208 6 6 1 6 1.10149e+06 41.2697 63869.2 1.07014 4.56586e+06 1.10149e+06 ZonesAtSurface
2075.23 1974.96 565.332 6 0 1 6 1.2216e+06 15.0925 77725.7 1.00808 3.61329e+06 1.2216e+06 ZonesAtSurface
2125.22 1974.96 465.423 6 0 1 6 904021 39.7303 90419.9 1.06433 5.50366e+06 904021 ZonesAtSurface
2175.19 1974.96 365.469 0 0 1 6 913884 43.8994 89062.1 1.5716 6.4663e+06 913884 ZonesAtSurface
2225.21 1974.97 365.486 0 4 2 4 773070 39.9678 72359.6 1.58321 2.51868e+06 773070 ZonesAtSurface
2275.17 1974.98 265.497 2 4 2 4 1.10479e+06 17.1191 139976 1.07558 2.7527e+06 1.10479e+06 ZonesAtSurface
2325.12 1974.98 115.487 0 0 1 5 1.34133e+06 36.5417 143691 9.54362 3.3418e+06 1.34133e+06 ZonesAtSurface
2375.11 1974.99 15.487 0 0 0 0 778533 37.6157 54945.1 10 3.98959e+06 778533 ZonesAtSurface
2425.09 1974.99 -84.5082 0 0 0 0 1.30369e+06 23.1841 149638 3.67954 6.82332e+06 1.30369e+06 ZonesAtSurface
2475.08 1974.99 -184.506 0 0 0 0 883868 30.0714 105113 5.07807 7.65402e+06 883868 ZonesAtSurface
2525.05 1974.8 -164.507 10 0 0 0 1.44623e+06 17.8442 86662.8 1.3466 3.55814e+07 1.44623e+06 ZonesAtSurface
2575.02 1974.69 -124.498 10 0 0 0 1.13645e+06 22.255 111003 1.25395 3.66586e+07 1.13645e+06 ZonesAtSurface
2624.99 1974.99 -134.492 0 0 0 0 1.42274e+06 21.3634 139186 3.80249 6.38819e+06 1.42274e+06 ZonesAtSurface
2674.93 1974.52 -44.4807 7 0 0 0 1.40049e+06 42.5484 91467.1 1.11779 3.26181e+07 1.40049e+06 ZonesAtSurface
2724.9 1974.99 -54.4818 0 0 0 0 657457 16.7709 56248.2 2.40337 4.2403e+06 657457 ZonesAtSurface
2774.86 1974.47 35.5133 10 0 0 0 590349 33.4794 109381 1.00431 9.46455e+06 590349 ZonesAtSurface
2824.84 1974.98 25.5083 0 0 0 0 1.23155e+06 43.7725 64415 10 3.29361e+06 1.23155e+06 ZonesAtSurface
2874.82 1974.98 65.4979 0 0 1 5 719696 34.1168 54513.9 7.77729 2.96446e+06 719696 ZonesAtSurface
2924.8 1974.97 155.502 10 0 1 4 800083 18.5617 94574.7 1.39485 2.84156e+06 800083 ZonesAtSurface
2974.77 1974.96 195.506 10 0 1 4 1.32167e+06 23.2436 102720 1.05641 3.75424e+06 1.32167e+06 ZonesAtSurface
3024.77 1974.96 185.491 0 0 1 5 516431 30.2077 50567.1 2.13289 5.35148e+06 516431 ZonesAtSurface
3074.75 1974.95 225.487 5 0 1 5 664820 15.2215 125326 1.02679 4.48474e+06 664820 ZonesAtSurface
3124.73 1974.95 265.475 1 0 1 5 534926 25.9349 86039.8 1.04965 5.26646e+06 534926 ZonesAtSurface
3174.69 1974.98 405.449 9 0 1 3 1.09744e+06 41.7414 136399 1.16017 5.01383e+06 1.09744e+06 ZonesAtSurface
3224.7 1974.98 445.422 0 9 2 3 1.12363e+06 42.9712 112814 2.4565 2.84019e+06 1.12363e+06 ZonesAtSurface
3274.71 1974.97 435.392 4 0 1 4 964051 41.6077 87909.3 1.50205 5.94175e+06 964051 ZonesAtSurface
3324.72 1974.97 475.35 3 0 1 4 1.45122e+06 17.6708 142967 1.05599 4.94892e+06 1.45122e+06 ZonesAtSurface
3374.74 1974.97 515.305 0 0 1 4 1.35146e+06 36.754 54528.7 1.39337 5.84801e+06 1.35146e+06 ZonesAtSurface
3424.78 1974.98 655.229 10 0 2 2 981584 15.8963 141339 1.06825 2.39727e+06 981584 ZonesAtSurface
3474.82 1974.98 695.187 0 5 2 2 1.06242e+06 38.9859 71945.3 1.79992 2.76549e+06 1.06242e+06 ZonesAtSurface
3524.86 1974.98 735.143 0 3 2 2 1.35329e+06 38.8414 81036.7 2.72564 2.16655e+06 1.35329e+06 ZonesAtSurface
3574.88 1974.98 725.1 2 0 2 3 952117 40.6974 125994 1.81768 3.23247e+06 952117 ZonesAtSurface
3624.9 1974.98 715.062 0 0 1 4 1.46103e+06 16.6753 116555 1.36495 3.59625e+06 1.46103e+06 ZonesAtSurface
3674.95 1974.98 705.031 7 0 1 5 661731 15.0352 99118.9 1.04994 2.81275e+06 661731 ZonesAtSurface
3725.02 1974.99 844.884 0 10 1 3 1.31045e+06 35.1381 148033 1.58366 3.07386e+06 1.31045e+06 ZonesAtSurface
3775.06 1974.99 894.866 0 0 2 2 1.48952e+06 31.8623 63953.8 2.93921 1.97716e+06 1.48952e+06 ZonesAtSurface
3825.13 1974.99 804.899 0 0 2 3 1.38608e+06 21.9932 79201.4 1.67067 2.85333e+06 1.38608e+06 ZonesAtSurface
3875.19 1974.99 764.951 0 0 1 3 758328 30.7435 84750.4 1.47235 2.81953e+06 758328 ZonesAtSurface
3925.21 1974.99 775.009 0 0 2 2 1.47379e+06 27.1598 75183.6 2.22862 2.40338e+06 1.47379e+06 ZonesAtSurface
3975.23 1974.99 785.069 0 3 2 1 919780 31.3183 133328 2.56177 1.37352e+06 919780 ZonesAtSurface
4025.3 1974.99 745.128 0 0 2 1 683111 36.6851 119718 2.08305 1.88111e+06 683111 ZonesAtSurface
4075.38 1974.99 705.186 0 1 2 1 1.24546e+06 43.9543 141841 2.88898 2.55639e+06 1.24546e+06 ZonesAtSurface
4125.45 1974.99 665.243 0 0 2 1 1.14931e+06 28.6984 128521 1.56554 2.99682e+06 1.14931e+06 ZonesAtSurface
4175.5 1974.99 625.294 0 0 2 1 665899 39.7119 54632.1 1.75777 2.63219e+06 665899 ZonesAtSurface
4225.55 1975 585.34 6 0 1 1 754488 40.1113 88270.9 1.3315 3.04552e+06 754488 ZonesAtSurface
4275.59 1974.99 545.382 0 0 2 1 1.38925e+06 39.4705 67629.8 2.75059 2.85753e+06 1.38925e+06 ZonesAtSurface
4325.61 1974.99 505.416 0 0 2 1 1.05188e+06 40.4722 53565.4 2.66231 2.7533e+06 1.05188e+06 ZonesAtSurface
4375.63 1974.99 465.447 0 0 2 1 806090 40.8603 99445.4 2.32453 2.95949e+06 806090 ZonesAtSurface
4425.64 1974.99 425.478 0 0 1 1 862746 39.8342 50479.8 2.39331 3.2759e+06 862746 ZonesAtSurface
4475.63 1974.99 435.506 0 5 0 0 1.3584e+06 36.636 101818 3.2796 1.93037e+06 1.3584e+06 ZonesAtSurface
4525.64 1974.99 395.532 0 0 0 0 957968 21.1354 89314.2 1.85461 1.72085e+06 957968 ZonesAtSurface
4575.64 1974.99 355.555 0 0 0 0 545948 35.5494 87658.1 1.90409 1.64376e+06 545948 ZonesAtSurface
4625.65 1974.99 315.572 0 9 0 0 1.39638e+06 33.4508 141797 8.61089 719946 1.39638e+06 ZonesAtSurface
4675.53 1975 125.623 0 0 1 3 571383 27.1827 100137 1.18974 6.15518e+06 571383 ZonesAtSurface
4725.53 1975 135.646 10 0 1 2 868061 44.7214 137390 1.12772 5.72034e+06 868061 ZonesAtSurface
4775.45 1975 95.6502 4 0 1 2 792246 34.8937 135887 1.043 9.40955e+06 792246 ZonesAtSurface
4825.34 1975 55.6486 4 0 1 2 1.35957e+06 32.6223 146927 1.02006 1.10673e+07 1.35957e+06 ZonesAtSurface
4875.4 1975 115.716 10 4 0 0 1.17889e+06 30.1849 53667.6 2.08628 2.09821e+06 1.17889e+06 ZonesAtSurface
4925.24 1975 75.7138 0 0 0 0 507780 39.8583 93577.9 1.32323 6.68214e+06 507780 ZonesAtSurface
74.9173 2025 -45.8244 28 0 1 2 540231 22.9975 81242.6 1.05466 5.79696e+06 540231 ZonesAtSurface
124.851 2025 -20.7882 44 4 1 2 882444 19.2931 124268 1.44548 2.23045e+06 882444 ZonesAtSurface
174.749 2025 -45.8333 37 0 1 3 784375 15.8382 88966.8 1.03539 3.83956e+06 784375 ZonesAtSurface
224.663 2025 -20.8157 37 0 1 3 817078 20.5733 122203 1.32399 1.97837e+06 817078 ZonesAtSurface
274.621 2025 -45.8608 17 0 1 4 642723 15.3801 92542.6 1.01922 4.75357e+06 642723 ZonesAtSurface
324.544 2025 -20.8668 18 0 1 4 1.1417e+06 30.1362 90397.6 1.01978 7.87316e+06 1.1417e+06 ZonesAtSurface
374.488 2024.99 4.12234 5 0 1 4 857906 36.8585 71305.2 1.09858 8.325e+06 857906 ZonesAtSurface
424.347 2025 129.119 0 0 1 2 1.42979e+06 39.2636 82751.5 1.47319 4.7296e+06 1.42979e+06 ZonesAtSurface
474.299 2024.99 254.104 0 9 0 0 598337 31.72 148487 1.76048 1.05423e+06 598337 ZonesAtSurface
524.301 2024.99 279.099 0 1 0 0 822906 33.4264 81992.4 2.74183 1.19496e+06 822906 ZonesAtSurface
574.298 2024.99 304.088 0 0 0 0 1.49464e+06 37.0872 145517 4.27938 1.86575e+06 1.49464e+06 ZonesAtSurface
624.293 2024.99 279.069 0 0 1 1 809518 36.7775 104182 2.63698 2.90779e+06 809518 ZonesAtSurface
674.288 2024.99 354.052 0 0 0 0 616244 27.409 78947.3 2.11387 1.58285e+06 616244 ZonesAtSurface
724.288 2024.99 379.035 0 0 0 0 1.08334e+06 35.862 93042.8 3.99276 1.38902e+06 1.08334e+06 ZonesAtSurface
774.289 2024.99 404.017 0 0 0 0 1.1762e+06 17.9643 135198 2.76178 1.31964e+06 1.1762e+06 ZonesAtSurface
824.292 2024.99 428.997 0 0 0 0 728729 42.4033 71057.9 3.8632 1.25731e+06 728729 ZonesAtSurface
874.297 2024.99 453.977 0 0 0 0 550456 31.2554 71534.2 2.38118 1.21957e+06 550456 ZonesAtSurface
924.304 2024.99 478.957 0 0 0 0 1.48602e+06 16.5823 63206.1 3.28516 1.31415e+06 1.48602e+06 ZonesAtSurface
974.316 2024.99 503.935 0 0 0 0 631793 15.2622 110850 1.54746 1.23301e+06 631793 ZonesAtSurface
1024.33 2024.99 528.912 0 0 0 0 1.43009e+06 37.1409 131248 6.08221 1.12603e+06 1.43009e+06 ZonesAtSurface
1074.36 2024.99 553.889 0 0 0 0 605720 37.3492 88138.7 3.36459 1.01993e+06 605720 ZonesAtSurface
1124.39 2024.99 578.863 0 0 0 0 974445 31.2955 112336 4.83368 880709 974445 ZonesAtSurface
1174.42 2024.99 603.836 0 0 0 0 605906 24.8344 140793 2.8282 878540 605906 ZonesAtSurface
1224.45 2024.99 628.809 0 0 0 0 846444 28.3776 103362 4.55605 770896 846444 ZonesAtSurface
1274.49 2024.99 653.784 0 0 0 0 771203 19.3159 130804 6.75758 363151 771203 ZonesAtSurface
1324.53 2024.99 678.761 0 6 0 0 645149 25.1915 118985 4.26141 511457 645149 ZonesAtSurface
1374.53 2024.99 603.759 0 10 2 2 1.2085e+06 43.498 96148.1 1.56055 3.44706e+06 1.2085e+06 ZonesAtSurface
1424.55 2024.99 578.757 0 10 2 3 1.25721e+06 22.2753 131444 1.62659 2.36696e+06 1.25721e+06 ZonesAtSurface
1474.56 2024.99 553.748 6 1 2 4 779360 35.9602 56803.7 1.36706 2.60176e+06 779360 ZonesAtSurface
1524.59 2024.99 528.742 2 0 1 5 1.25411e+06 27.4398 92675.9 1.17562 4.4828e+06 1.25411e+06 ZonesAtSurface
1574.63 2024.99 553.722 0 2 2 5 1.29996e+06 42.8554 133329 1.58709 3.93053e+06 1.29996e+06 ZonesAtSurface
1624.67 2024.99 578.7 8 0 2 5 607710 30.7464 146625 1.03088 2.90588e+06 607710 ZonesAtSurface
1674.71 2024.99 553.692 6 0 1 6 542279 33.3407 88601.5 1.0069 5.04031e+06 542279 ZonesAtSurface
1724.76 2024.98 578.67 3 0 1 6 558035 19.0278 75311.9 1.07696 2.79878e+06 558035 ZonesAtSurface
1774.83 2024.98 703.605 2 2 2 4 1.29348e+06 21.1791 96153.8 1.28239 3.04536e+06 1.29348e+06 ZonesAtSurface
1824.88 2024.98 678.617 0 6 2 5 1.03913e+06 40.4609 134333 1.37833 2.96843e+06 1.03913e+06 ZonesAtSurface
1874.93 2024.98 653.639 3 2 2 6 1.39657e+06 30.5089 66928.1 1.02992 4.72566e+06 1.39657e+06 ZonesAtSurface
1925 2024.98 678.639 4 0 2 6 635319 30.1071 65256.3 1.00574 2.31097e+06 635319 ZonesAtSurface
1975.09 2024.98 703.654 0 6 2 6 1.0264e+06 20.7443 146983 1.10125 2.57035e+06 1.0264e+06 ZonesAtSurface
2025.16 2024.97 666.223 6 4 2 6 1.02337e+06 40.4707 85389.4 1.0592 4.07548e+06 1.02337e+06 ZonesAtSurface
2075.19 2024.96 566.334 6 0 1 6 657917 33.089 65588.5 1.01166 3.0795e+06 657917 ZonesAtSurface
2125.18 2024.96 466.418 6 0 1 6 638572 15.4714 97366.4 1.01367 2.65463e+06 638572 ZonesAtSurface
2175.16 2024.96 366.462 0 0 1 6 971580 41.8314 147623 1.8796 5.99608e+06 971580 ZonesAtSurface
2225.15 2024.97 316.48 0 0 1 5 832346 32.2814 72528.8 1.76489 4.86262e+06 832346 ZonesAtSurface
2275.15 2024.97 266.49 8 3 1 4 603882 23.5595 72255.3 0 1.60546e+06 603882 ZonesAtSurface
2325.12 2024.98 116.484 0 0 1 5 1.20027e+06 20.7937 104620 2.45608 4.91758e+06 1.20027e+06 ZonesAtSurface
2375.11 2024.4 66.4887 6 0 0 0 1.45892e+06 27.5902 65306.9 1.0007 1.10957e+07 1.45892e+06 ZonesAtSurface
2425.1 2024.98 -83.5055 0 0 0 0 1.06015e+06 24.8761 121662 2.90616 7.09722e+06 1.06015e+06 ZonesAtSurface
2475.08 2024.99 -183.503 0 0 0 0 1.49277e+06 27.8329 98969.5 5.24106 6.19618e+06 1.49277e+06 ZonesAtSurface
2525.06 2024.99 -213.501 0 0 0 0 776775 22.052 78689.6 4.90867 4.65449e+06 776775 ZonesAtSurface
2575.02 2024.99 -173.494 0 0 0 0 1.27288e+06 24.9089 105835 4.69681 6.07096e+06 1.27288e+06 ZonesAtSurface
2624.98 2024.99 -133.484 0 0 0 0 875193 27.3205 83732.8 4.08984 6.14395e+06 875193 ZonesAtSurface
2674.93 2024.59 -43.4707 10 8 0 0 1.37827e+06 28.4378 122447 0 4.81765e+06 1.37827e+06 ZonesAtSurface
2724.88 2024.72 -3.47075 7 10 0 0 1.18855e+06 31.1403 55163.3 0.671531 6.41503e+06 1.18855e+06 ZonesAtSurface
2774.85 2024.72 36.5222 6 10 0 0 931611 15.8022 85696.9 0 4.69562e+06 931611 ZonesAtSurface
2824.83 2024.72 76.5081 5 10 0 0 515976 29.707 89866.3 0.415246 5.49695e+06 515976 ZonesAtSurface
2874.81 2024.83 116.486 10 9 0 0 1.01495e+06 26.0062 62118.8 1.80033 2.0035e+06 1.01495e+06 ZonesAtSurface
2924.82 2024.94 156.474 2 0 1 4 1.4155e+06 30.9391 97780.3 1.56896 1.1825e+07 1.4155e+06 ZonesAtSurface
2974.81 2024.94 196.482 6 0 1 4 540546 34.1015 80604.1 1.3682 1.06061e+07 540546 ZonesAtSurface
3024.79 2024.96 236.494 4 0 1 4 545924 42.1348 107821 1.07985 3.83464e+06 545924 ZonesAtSurface
3074.77 2024.96 226.475 0 0 1 5 1.28781e+06 44.1834 99033.1 5.14375 5.633e+06 1.28781e+06 ZonesAtSurface
3124.72 2024.97 366.471 9 7 2 3 627129 30.5512 61142.1 1.35875 1.70393e+06 627129 ZonesAtSurface
3174.74 2024.96 306.448 0 0 1 5 610697 43.176 142412 2.22421 6.06015e+06 610697 ZonesAtSurface
3224.72 2024.98 446.416 1 10 2 3 1.08797e+06 32.937 117060 2.10985 1.94379e+06 1.08797e+06 ZonesAtSurface
3274.73 2024.97 436.391 23 0 1 4 1.48673e+06 19.8135 131911 1.05781 5.00859e+06 1.48673e+06 ZonesAtSurface
3324.74 2024.97 476.349 3 0 1 4 1.22296e+06 28.3942 118175 1.22856 5.51802e+06 1.22296e+06 ZonesAtSurface
3374.76 2024.97 516.301 2 0 1 4 814737 35.9481 135979 1.05683 6.09786e+06 814737 ZonesAtSurface
3424.79 2024.99 656.229 9 4 1 2 1.43784e+06 29.998 137049 1.46089 3.66704e+06 1.43784e+06 ZonesAtSurface
3474.83 2024.98 696.19 6 0 2 2 1.0794e+06 19.2896 82012.4 1.17564 2.75211e+06 1.0794e+06 ZonesAtSurface
3524.87 2024.98 736.147 0 3 2 2 1.03241e+06 33.8973 93840.5 1.74913 2.26562e+06 1.03241e+06 ZonesAtSurface
3574.89 2024.98 726.109 0 0 2 3 1.27929e+06 19.3317 78111.7 1.3705 2.96172e+06 1.27929e+06 ZonesAtSurface
3624.91 2024.98 716.071 19 0 1 4 944300 32.9136 108520 1.19469 4.05966e+06 944300 ZonesAtSurface
3674.96 2024.98 706.039 1 0 1 5 987155 44.2942 83926.6 1.02678 4.99762e+06 987155 ZonesAtSurface
3725.03 2024.99 845.892 0 9 2 3 1.10926e+06 28.7578 84276.2 1.15775 3.19449e+06 1.10926e+06 ZonesAtSurface
3775.07 2024.99 895.872 0 0 2 2 1.36202e+06 44.6392 83353.4 4.84906 1.72191e+06 1.36202e+06 ZonesAtSurface
3825.13 2024.99 805.904 2 0 1 3 881373 32.4005 88040.2 1.46528 2.76685e+06 881373 ZonesAtSurface
3875.19 2024.99 765.957 0 0 2 3 695888 26.7321 107451 1.30251 2.44941e+06 695888 ZonesAtSurface
3925.21 2024.99 776.012 0 0 1 2 963569 22.9565 71521.6 1.32802 2.43292e+06 963569 ZonesAtSurface
3975.23 2024.99 786.07 0 0 2 1 971329 39.2991 119347 3.31738 1.74263e+06 971329 ZonesAtSurface
4025.31 2024.99 746.13 0 0 1 1 946157 22.6834 58264.6 1.81285 1.98232e+06 946157 ZonesAtSurface
4075.33 2024.99 756.185 0 0 0 0 1.46464e+06 17.7148 80045.9 2.60808 1.67016e+06 1.46464e+06 ZonesAtSurface
4125.41 2024.99 716.239 0 10 0 0 1.41954e+06 16.5656 53524.2 2.19977 1.88993e+06 1.41954e+06 ZonesAtSurface
4175.51 2024.99 626.294 2 0 2 1 1.00719e+06 29.7556 67365.1 1.68027 2.85409e+06 1.00719e+06 ZonesAtSurface
4225.56 2025 586.341 0 6 2 1 1.47735e+06 25.1804 53074 1.59116 3.27467e+06 1.47735e+06 ZonesAtSurface
4275.6 2025 496.387 0 0 1 2 1.12213e+06 15.2694 62241.6 1.15269 3.47716e+06 1.12213e+06 ZonesAtSurface
4325.62 2024.99 506.418 5 0 1 1 654825 33.295 66824 1.49319 2.67946e+06 654825 ZonesAtSurface
4375.62 2024.99 516.445 0 0 0 0 895739 42.0272 145547 3.38444 1.6724e+06 895739 ZonesAtSurface
4425.63 2024.99 476.473 0 0 0 0 1.00785e+06 35.8234 109068 1.94011 2.69766e+06 1.00785e+06 ZonesAtSurface
4475.64 2024.99 436.503 0 0 0 0 1.12692e+06 35.6893 141182 2.27586 2.48206e+06 1.12692e+06 ZonesAtSurface
4525.64 2024.99 396.531 0 0 0 0 1.38468e+06 15.6322 130321 2.12665 1.8137e+06 1.38468e+06 ZonesAtSurface
4575.65 2024.99 356.554 0 0 0 0 1.22131e+06 20.5833 117724 2.16862 1.73967e+06 1.22131e+06 ZonesAtSurface
4625.65 2024.99 316.574 0 5 0 0 1.05206e+06 33.3912 145204 3.80317 1.25183e+06 1.05206e+06 ZonesAtSurface
4675.53 2025 126.622 0 0 1 3 761480 38.2563 75243 1.33988 8.61364e+06 761480 ZonesAtSurface
4725.53 2025 136.645 0 0 1 2 1.2773e+06 27.5776 141132 1.07355 5.32783e+06 1.2773e+06 ZonesAtSurface
4775.45 2025 96.6483 9 0 1 2 1.06172e+06 34.5358 116110 1.01437 8.72423e+06 1.06172e+06 ZonesAtSurface
4825.34 2025 56.6469 5 0 1 2 1.29117e+06 26.9732 124926 1.02083 1.00634e+07 1.29117e+06 ZonesAtSurface
4875.4 2025 116.72 1 0 0 0 719859 24.3416 97603.4 4.27154 682809 719859 ZonesAtSurface
4925.24 2025 76.7167 0 0 0 0 876161 27.843 67754.4 1.26263 5.44541e+06 876161 ZonesAtSurface
74.9161 2075 -44.825 27 0 1 2 1.32875e+06 40.2318 68999.5 1.08286 1.09685e+07 1.32875e+06 ZonesAtSurface
124.847 2075 -19.7898 43 5 1 2 1.47678e+06 15.2421 148581 1.27348 3.26552e+06 1.47678e+06 ZonesAtSurface
174.748 2075 -44.8325 37 0 1 3 727944 18.9768 128984 1.0293 4.48539e+06 727944 ZonesAtSurface
224.658 2075 -19.8181 35 8 1 3 1.05968e+06 30.8275 102912 1.47707 2.8418e+06 1.05968e+06 ZonesAtSurface
274.621 2075 -44.8635 18 0 1 4 1.11088e+06 25.0946 56196 1.01119 7.83034e+06 1.11088e+06 ZonesAtSurface
324.547 2075 -19.8659 18 0 1 4 989627 28.0579 133056 1.01882 6.69588e+06 989627 ZonesAtSurface
374.418 2075 55.1239 2 0 2 3 624181 33.1215 96293.6 1.15224 3.75576e+06 624181 ZonesAtSurface
424.345 2075 130.119 8 9 2 2 1.45207e+06 15.9306 63079.1 1.47099 2.77378e+06 1.45207e+06 ZonesAtSurface
474.304 2075 205.108 5 0 2 1 568474 16.8609 74477 1.08915 1.77799e+06 568474 ZonesAtSurface
524.296 2074.99 280.098 0 0 0 0 744406 23.3555 137845 2.67323 1.03267e+06 744406 ZonesAtSurface
574.294 2074.99 305.086 0 0 0 0 1.1459e+06 40.4591 143926 3.68839 1.76457e+06 1.1459e+06 ZonesAtSurface
624.29 2074.99 330.07 0 0 0 0 1.00508e+06 24.279 102007 1.89013 2.2752e+06 1.00508e+06 ZonesAtSurface
674.286 2074.99 355.053 0 0 0 0 1.2813e+06 39.9294 83724.4 4.92481 1.57099e+06 1.2813e+06 ZonesAtSurface
724.285 2074.99 380.036 0 0 0 0 1.08792e+06 28.0163 112220 3.28742 1.40809e+06 1.08792e+06 ZonesAtSurface
774.286 2074.99 405.017 0 0 0 0 983639 39.5777 54126.6 4.33894 1.33317e+06 983639 ZonesAtSurface
824.289 2074.99 429.998 0 0 0 0 1.46626e+06 20.1444 139711 3.58921 1.27588e+06 1.46626e+06 ZonesAtSurface
874.293 2074.99 454.978 0 0 0 0 1.09746e+06 33.5446 78273.9 4.29198 1.20926e+06 1.09746e+06 ZonesAtSurface
924.301 2074.99 479.957 0 0 0 0 1.31597e+06 40.4992 139283 5.47983 1.29841e+06 1.31597e+06 ZonesAtSurface
974.312 2074.99 504.936 0 0 0 0 805094 29.8265 80710.7 2.89808 1.23619e+06 805094 ZonesAtSurface
1024.33 2074.99 529.913 0 0 0 0 1.35375e+06 42.7312 140087 6.93948 1.09463e+06 1.35375e+06 ZonesAtSurface
1074.35 2074.99 554.889 0 0 0 0 1.3653e+06 15.1314 112703 3.73722 1.00807e+06 1.3653e+06 ZonesAtSurface
1124.38 2074.99 579.864 0 0 0 0 936834 34.298 66379.2 4.88517 917452 936834 ZonesAtSurface
1174.42 2074.99 604.837 0 0 0 0 1.36103e+06 20.2923 70473.3 5.15235 852134 1.36103e+06 ZonesAtSurface
1224.45 2074.99 629.81 0 0 0 0 733050 39.5443 125395 6.29869 710891 733050 ZonesAtSurface
1274.49 2074.99 654.785 0 0 0 0 1.01397e+06 32.6899 78068.5 10 320848 1.01397e+06 ZonesAtSurface
1324.53 2074.99 679.762 0 7 0 0 1.49293e+06 36.9091 91271.5 10 501341 1.49293e+06 ZonesAtSurface
1374.5 2074.99 554.77 0 0 1 3 933733 35.7907 129011 1.38202 3.5641e+06 933733 ZonesAtSurface
1424.52 2074.99 529.766 0 0 2 4 556734 36.2649 137491 1.90277 2.8388e+06 556734 ZonesAtSurface
1474.56 2074.99 554.748 0 0 2 4 509931 33.2634 138467 1.31954 2.35571e+06 509931 ZonesAtSurface
1524.6 2074.99 579.731 0 3 1 4 1.00814e+06 43.2271 75028 1.18304 3.71078e+06 1.00814e+06 ZonesAtSurface
1574.63 2074.99 554.725 6 0 1 5 673208 29.3105 78326.5 1.09905 2.90678e+06 673208 ZonesAtSurface
1624.67 2074.99 579.705 3 6 1 5 1.45521e+06 28.1556 73648.1 1.30518 3.63692e+06 1.45521e+06 ZonesAtSurface
1674.7 2074.99 554.696 6 0 1 6 1.10115e+06 44.5348 85492.4 1.05787 6.46193e+06 1.10115e+06 ZonesAtSurface
1724.76 2074.99 629.658 6 8 2 5 1.47074e+06 35.9593 66708.6 1.37843 4.07592e+06 1.47074e+06 ZonesAtSurface
1774.81 2074.98 604.661 6 0 1 6 737243 16.5702 89482.8 1.0119 2.70641e+06 737243 ZonesAtSurface
1824.86 2074.98 629.654 5 0 2 6 1.03032e+06 20.9264 88853.2 1.01352 4.38529e+06 1.03032e+06 ZonesAtSurface
1874.92 2074.98 654.648 5 0 1 6 500101 32.5082 80850.2 1.01244 3.66514e+06 500101 ZonesAtSurface
1924.98 2074.98 679.654 6 0 2 6 776706 27.2743 60435.8 1.03044 2.84719e+06 776706 ZonesAtSurface
1975.06 2074.98 704.672 6 0 2 6 501704 22.3723 139981 0.967739 1.38262e+06 501704 ZonesAtSurface
2025.13 2074.97 667.235 5 1 2 6 786470 39.9544 99077 1.02875 3.01271e+06 786470 ZonesAtSurface
2075.15 2074.97 567.334 6 0 1 6 594873 19.1713 56078.5 0.993333 2.00398e+06 594873 ZonesAtSurface
2125.15 2074.96 467.412 6 0 1 6 666963 24.4142 116180 1.01975 3.01305e+06 666963 ZonesAtSurface
2175.13 2074.97 367.454 0 0 1 6 1.06476e+06 42.1368 115616 2.83496 5.24889e+06 1.06476e+06 ZonesAtSurface
2225.14 2074.98 367.475 3 6 2 4 1.39735e+06 38.3044 72302.1 1.5096 4.05146e+06 1.39735e+06 ZonesAtSurface
2275.11 2074.98 217.476 0 0 1 5 518548 32.8575 87434.3 3.74449 5.85406e+06 518548 ZonesAtSurface
2325.11 2074.98 117.479 0 0 1 5 1.12632e+06 41.8121 82733.4 5.83945 6.42235e+06 1.12632e+06 ZonesAtSurface
2375.11 2074.98 17.4866 0 0 0 0 1.14506e+06 29.35 119033 3.17924 6.45894e+06 1.14506e+06 ZonesAtSurface
2425.1 2074.98 -82.5074 0 0 0 0 1.36679e+06 17.6266 105265 1.86046 6.67626e+06 1.36679e+06 ZonesAtSurface
2475.08 2074.99 -182.501 0 0 0 0 1.46844e+06 16.8126 86475.4 2.40401 6.16146e+06 1.46844e+06 ZonesAtSurface
2525.05 2074.99 -212.494 0 0 0 0 856815 35.0953 81887.5 6.81549 6.19227e+06 856815 ZonesAtSurface
2575.02 2074.99 -172.486 0 0 0 0 720173 18.9439 102790 2.19665 6.03258e+06 720173 ZonesAtSurface
2624.98 2074.99 -132.478 0 0 0 0 763566 30.4723 106313 3.83013 5.93882e+06 763566 ZonesAtSurface
2674.92 2074.71 -42.4603 10 1 0 0 1.04286e+06 40.5728 93585.5 1.53238 6.00159e+06 1.04286e+06 ZonesAtSurface
2724.87 2074.98 -2.46529 0 0 0 0 999257 35.4504 103334 2.17877 5.44679e+06 999257 ZonesAtSurface
2774.85 2074.97 37.5228 1 0 0 0 527299 22.8229 71158.6 1.25671 5.16174e+06 527299 ZonesAtSurface
2824.83 2074.97 77.5056 2 0 0 0 676172 32.1278 146514 1.69213 6.21012e+06 676172 ZonesAtSurface
2874.81 2074.9 117.485 10 0 0 0 768093 44.9931 60391.8 4.60759 1.70776e+07 768093 ZonesAtSurface
2924.82 2074.81 157.47 10 0 0 0 722091 30.8119 80773.8 1.6003 4.14699e+07 722091 ZonesAtSurface
2974.83 2074.86 197.469 10 0 1 4 1.25899e+06 35.3372 146545 2.0803 2.71857e+07 1.25899e+06 ZonesAtSurface
3024.82 2074.95 237.478 6 0 1 4 855181 29.2679 52761.6 0 2.54301e+06 855181 ZonesAtSurface
3074.8 2074.96 227.46 0 0 1 5 1.41252e+06 34.088 86135.6 4.00738 5.7606e+06 1.41252e+06 ZonesAtSurface
3124.77 2074.96 317.466 3 0 1 4 841613 35.9175 57528.9 2.3144 2.47349e+06 841613 ZonesAtSurface
3174.77 2074.96 307.441 9 0 1 5 940019 16.3721 74445.3 1.03098 4.80886e+06 940019 ZonesAtSurface
3224.74 2074.98 447.406 6 6 2 3 828275 29.9602 140291 1.85738 1.44427e+06 828275 ZonesAtSurface
3274.76 2074.97 437.387 0 0 1 4 1.29891e+06 39.3253 85112.1 1.79793 5.05002e+06 1.29891e+06 ZonesAtSurface
3324.77 2074.96 427.353 3 0 1 5 1.22409e+06 15.0883 144940 1.00652 5.04055e+06 1.22409e+06 ZonesAtSurface
3374.78 2074.99 617.271 9 10 1 2 1.16712e+06 34.4277 79219.7 1.41072 3.1909e+06 1.16712e+06 ZonesAtSurface
3424.81 2074.99 657.232 5 4 2 2 1.21487e+06 22.4781 92630.9 1.08931 3.26492e+06 1.21487e+06 ZonesAtSurface
3474.84 2074.99 697.195 4 0 2 2 1.00717e+06 23.9998 146514 1.19295 2.90787e+06 1.00717e+06 ZonesAtSurface
3524.88 2074.98 737.155 9 0 2 2 560148 29.251 56519 1.11464 2.02031e+06 560148 ZonesAtSurface
3574.9 2074.98 727.121 7 0 1 3 513795 41.5745 87025.4 1.19949 2.71731e+06 513795 ZonesAtSurface
3624.92 2074.98 717.08 10 0 1 4 957781 20.6243 139530 1.23807 3.0043e+06 957781 ZonesAtSurface
3674.97 2074.98 707.046 2 0 1 5 589428 40.7096 73835.1 1.03625 4.99376e+06 589428 ZonesAtSurface
3725.03 2074.99 846.901 6 7 2 3 1.38898e+06 32.1961 56910.9 1.35729 3.75033e+06 1.38898e+06 ZonesAtSurface
3775.08 2074.99 896.879 0 0 2 2 908834 16.6974 85660.8 1.6481 1.71785e+06 908834 ZonesAtSurface
3825.14 2074.99 806.911 5 0 2 3 699911 39.5213 116854 1.70421 2.73173e+06 699911 ZonesAtSurface
3875.16 2074.99 816.958 0 0 2 2 611891 38.5614 110977 2.39387 1.70967e+06 611891 ZonesAtSurface
3925.17 2074.99 827.013 10 0 2 1 710520 18.4345 123835 1.40123 1.47833e+06 710520 ZonesAtSurface
3975.24 2074.99 787.072 7 0 1 1 626399 18.136 100238 1.65554 1.31971e+06 626399 ZonesAtSurface
4025.26 2074.99 797.127 0 3 0 0 971308 34.7871 100901 2.42415 1.71971e+06 971308 ZonesAtSurface
4075.38 2074.99 707.19 0 0 1 1 1.3978e+06 31.4035 78338.2 2.57318 2.5541e+06 1.3978e+06 ZonesAtSurface
4125.45 2074.99 667.244 2 0 2 1 608061 25.0671 124735 1.23731 2.10527e+06 608061 ZonesAtSurface
4175.48 2074.99 677.288 0 10 0 0 1.04101e+06 44.3984 72345.6 3.21061 1.86445e+06 1.04101e+06 ZonesAtSurface
4225.56 2074.99 587.341 0 1 2 1 1.42879e+06 33.9595 71783.3 2.09507 3.27864e+06 1.42879e+06 ZonesAtSurface
4275.6 2075 497.387 0 0 1 2 1.12209e+06 42.7651 147979 3.16375 3.54886e+06 1.12209e+06 ZonesAtSurface
4325.62 2074.99 507.418 38 0 1 1 711487 19.407 52755.4 1.28577 2.37909e+06 711487 ZonesAtSurface
4375.62 2074.99 517.445 7 0 0 0 512997 40.8863 95275.6 1.90339 1.68906e+06 512997 ZonesAtSurface
4425.64 2074.99 477.472 0 0 0 0 710753 39.7751 107996 1.96443 2.42216e+06 710753 ZonesAtSurface
4475.65 2074.99 387.506 0 0 1 1 704549 36.7351 84268.6 2.09049 3.10905e+06 704549 ZonesAtSurface
4525.64 2074.99 397.531 0 0 0 0 1.07733e+06 17.6146 115999 1.85674 1.83235e+06 1.07733e+06 ZonesAtSurface
4575.65 2074.99 357.555 0 0 0 0 636700 41.5727 104897 2.14207 1.8734e+06 636700 ZonesAtSurface
4625.64 2075 267.583 0 0 2 1 878477 41.5283 118700 1.54287 3.53435e+06 878477 ZonesAtSurface
4675.63 2075 227.611 5 0 2 1 1.16265e+06 19.7481 56734.4 1.07151 3.89061e+06 1.16265e+06 ZonesAtSurface
4725.46 2075 87.6357 0 0 1 3 1.06583e+06 33.69 78898 1.1621 9.98009e+06 1.06583e+06 ZonesAtSurface
4775.45 2075 97.6465 4 0 1 2 1.27162e+06 41.0802 121032 1.06473 1.00773e+07 1.27162e+06 ZonesAtSurface
4825.34 2075 57.6435 4 0 1 2 842019 23.4108 81400.6 1.03454 8.70809e+06 842019 ZonesAtSurface
4875.29 2075 67.6868 5 0 1 1 1.46093e+06 18.3258 90732.7 1.05485 7.1911e+06 1.46093e+06 ZonesAtSurface
4925.24 2075 77.7214 0 0 0 0 517401 30.6139 74795.9 1.2771 4.96888e+06 517401 ZonesAtSurface
74.9152 2125 -43.824 35 0 1 2 1.35295e+06 22.3209 145593 1.07903 7.90217e+06 1.35295e+06 ZonesAtSurface
124.848 2125 -18.7881 37 5 1 2 913149 29.2938 107641 1.13197 3.24464e+06 913149 ZonesAtSurface
174.749 2125 -43.8326 36 0 1 3 557757 26.4509 91485.7 1.02936 5.58726e+06 557757 ZonesAtSurface
224.665 2125 -18.8175 35 3 1 3 756531 23.2519 71038.8 1.32737 1.91345e+06 756531 ZonesAtSurface
274.623 2125 -43.8626 8 0 1 4 1.09001e+06 43.9996 75377.6 1.00943 1.16482e+07 1.09001e+06 ZonesAtSurface
324.553 2125 -18.8617 16 0 1 4 1.13981e+06 26.7802 76759.8 1.01423 6.94769e+06 1.13981e+06 ZonesAtSurface
374.546 2125 -43.8928 5 0 1 5 1.48797e+06 16.2943 74558.2 1.00108 8.39408e+06 1.48797e+06 ZonesAtSurface
424.386 2125 81.1167 9 0 1 3 728690 44.3515 113658 1.24 5.99472e+06 728690 ZonesAtSurface
474.299 2125 206.106 0 1 2 1 1.26529e+06 41.8315 64321.1 2.44647 2.62011e+06 1.26529e+06 ZonesAtSurface
524.291 2124.99 281.097 0 0 0 0 1.3468e+06 22.1123 145815 2.64418 1.5163e+06 1.3468e+06 ZonesAtSurface
574.29 2124.99 306.085 0 0 0 0 1.22756e+06 28.0284 77913.6 2.81699 1.74949e+06 1.22756e+06 ZonesAtSurface
624.286 2124.99 331.07 0 0 0 0 832184 34.8529 93477.8 2.42099 1.89655e+06 832184 ZonesAtSurface
674.283 2124.99 356.054 0 0 0 0 1.25576e+06 28.4107 51702.7 3.30906 1.64153e+06 1.25576e+06 ZonesAtSurface
724.282 2124.99 381.036 0 0 0 0 1.07909e+06 24.4777 123844 2.79376 1.46554e+06 1.07909e+06 ZonesAtSurface
774.283 2124.99 406.018 0 0 0 0 745187 36.7503 66472 3.25875 1.36189e+06 745187 ZonesAtSurface
824.285 2124.99 430.998 0 0 0 0 880029 31.6555 118803 3.03098 1.30185e+06 880029 ZonesAtSurface
874.29 2124.99 455.978 0 0 0 0 820089 38.75 92084.4 3.98615 1.21534e+06 820089 ZonesAtSurface
924.297 2124.99 480.958 0 0 0 0 894253 31.6577 137410 3.15131 1.2818e+06 894253 ZonesAtSurface
974.309 2124.99 505.936 0 0 0 0 915171 20.9028 149201 2.46414 1.23985e+06 915171 ZonesAtSurface
1024.33 2124.99 530.914 0 0 0 0 640809 25.2275 83464.9 2.21432 1.12213e+06 640809 ZonesAtSurface
1074.35 2124.99 555.889 0 0 0 0 1.39859e+06 26.4583 141885 5.12342 964138 1.39859e+06 ZonesAtSurface
1124.38 2124.99 580.864 0 0 0 0 1.35866e+06 20.8498 81870.6 4.87123 884493 1.35866e+06 ZonesAtSurface
1174.41 2124.99 605.838 0 0 0 0 942443 43.0135 114336 7.70643 803203 942443 ZonesAtSurface
1224.45 2124.99 630.811 0 0 0 0 1.18966e+06 26.7298 61281.6 7.22897 632342 1.18966e+06 ZonesAtSurface
1274.48 2124.99 655.787 0 0 0 0 697951 31.5465 123086 9.16112 330226 697951 ZonesAtSurface
1324.52 2124.99 680.764 0 7 0 0 1.25279e+06 38.2055 99094 9.23808 542511 1.25279e+06 ZonesAtSurface
1374.51 2124.99 605.755 9 0 2 2 680619 22.1998 131804 1.05255 1.95206e+06 680619 ZonesAtSurface
1424.52 2124.99 530.769 0 0 1 4 977134 21.1619 55916.8 1.50408 2.5181e+06 977134 ZonesAtSurface
1474.56 2124.99 555.749 0 0 2 4 974234 43.4511 132601 1.36717 4.13819e+06 974234 ZonesAtSurface
1524.62 2124.99 630.709 0 5 2 3 1.18553e+06 15.6758 113883 1.29374 2.37132e+06 1.18553e+06 ZonesAtSurface
1574.62 2124.99 555.726 0 4 2 5 1.37229e+06 39.4371 93738 1.41611 4.08761e+06 1.37229e+06 ZonesAtSurface
1624.66 2124.99 580.707 5 1 2 5 888716 34.148 110550 1.03797 2.97806e+06 888716 ZonesAtSurface
1674.7 2124.99 555.698 3 0 1 6 1.36705e+06 34.8448 96089.4 1.12071 6.34566e+06 1.36705e+06 ZonesAtSurface
1724.74 2124.98 580.68 6 0 1 6 585629 26.3622 78822.4 1.01059 3.81304e+06 585629 ZonesAtSurface
1774.8 2124.98 655.646 0 1 1 5 625190 27.8553 83007 1.20494 1.6857e+06 625190 ZonesAtSurface
1824.85 2124.98 630.661 0 0 2 6 837847 35.6182 76539.4 1.00567 4.78336e+06 837847 ZonesAtSurface
1874.9 2124.98 655.659 1 0 2 6 1.17477e+06 29.7602 123420 1.0073 4.21407e+06 1.17477e+06 ZonesAtSurface
1924.96 2124.98 680.669 0 6 2 6 1.29934e+06 25.4726 127211 1.13529 3.46336e+06 1.29934e+06 ZonesAtSurface
1975.04 2124.98 705.685 0 6 2 6 1.31048e+06 24.3444 85124.1 1.32233 2.9922e+06 1.31048e+06 ZonesAtSurface
2025.1 2124.97 668.242 6 5 1 6 1.10156e+06 30.0768 141491 1.07372 3.32959e+06 1.10156e+06 ZonesAtSurface
2075.12 2124.97 568.334 6 0 1 6 1.34691e+06 30.6146 83460.7 1.02349 4.68467e+06 1.34691e+06 ZonesAtSurface
2125.11 2124.97 468.406 6 0 1 6 566693 24.5916 81691.8 1.03278 3.81618e+06 566693 ZonesAtSurface
2175.11 2124.97 368.447 0 0 1 6 1.27682e+06 42.6792 101602 4.83086 4.42311e+06 1.27682e+06 ZonesAtSurface
2225.12 2124.98 368.469 5 3 2 4 707504 38.3272 85476.8 1.33753 2.32115e+06 707504 ZonesAtSurface
2275.1 2124.98 218.473 0 0 1 5 1.28206e+06 29.8365 51926.6 4.71209 3.70444e+06 1.28206e+06 ZonesAtSurface
2325.1 2124.98 118.477 0 0 0 0 1.40432e+06 33.2722 53861.3 4.33965 5.12619e+06 1.40432e+06 ZonesAtSurface
2375.1 2124.98 18.4857 0 0 0 0 1.49778e+06 44.8906 136044 7.9284 5.23904e+06 1.49778e+06 ZonesAtSurface
2425.06 2123.27 18.4806 10 0 0 0 1.15806e+06 41.641 148616 1.42218 2.11809e+07 1.15806e+06 ZonesAtSurface
2475.06 2123.37 -81.5185 10 0 0 0 603494 38.2726 136650 3.24048 8.64098e+06 603494 ZonesAtSurface
2525.06 2124.99 -211.49 0 0 0 0 589166 38.7823 69955.6 7.3547 6.65119e+06 589166 ZonesAtSurface
2575.01 2124.99 -171.48 0 0 0 0 1.29417e+06 38.427 75326.7 6.63118 6.27331e+06 1.29417e+06 ZonesAtSurface
2624.96 2124.57 -81.4627 7 7 0 0 1.45873e+06 23.369 97929 0 2.13183e+06 1.45873e+06 ZonesAtSurface
2674.91 2124.85 -41.4635 9 9 0 0 848918 39.716 93933.8 1.92605 2.0257e+06 848918 ZonesAtSurface
2724.88 2124.97 -1.48149 2 0 0 0 891381 34.9424 144840 2.03651 1.08833e+07 891381 ZonesAtSurface
2774.87 2124.95 38.5027 0 0 0 0 1.1432e+06 43.6898 95873.4 4.11827 1.22485e+07 1.1432e+06 ZonesAtSurface
2824.85 2124.95 78.4944 0 0 0 0 1.01e+06 32.8724 66065.2 1.58529 1.30151e+07 1.01e+06 ZonesAtSurface
2874.84 2124.98 68.4862 0 0 0 0 663358 37.9694 115646 10 3.43672e+06 663358 ZonesAtSurface
2924.83 2124.98 108.475 0 0 0 0 1.44032e+06 31.7525 113710 10 2.81336e+06 1.44032e+06 ZonesAtSurface
2974.82 2124.66 198.47 10 0 1 4 1.27637e+06 17.6913 50405.3 1.16241 2.83857e+07 1.27637e+06 ZonesAtSurface
3024.83 2124.97 188.453 0 0 1 5 652830 30.2164 69992.8 3.91936 5.52256e+06 652830 ZonesAtSurface
3074.81 2124.96 278.462 7 0 1 4 592847 41.7093 122456 1.08554 2.00658e+06 592847 ZonesAtSurface
3124.8 2124.96 318.457 7 0 1 4 743493 43.2999 137213 1.51587 3.10482e+06 743493 ZonesAtSurface
3174.79 2124.96 308.431 1 0 1 5 1.31142e+06 21.5064 127687 1.46972 5.77334e+06 1.31142e+06 ZonesAtSurface
3224.79 2124.96 348.411 3 0 1 5 821400 27.3039 126599 1.22215 5.35994e+06 821400 ZonesAtSurface
3274.78 2124.97 438.381 0 0 1 4 1.05465e+06 34.6254 107523 1.55614 4.85753e+06 1.05465e+06 ZonesAtSurface
3324.79 2124.97 478.344 0 0 1 4 1.08051e+06 41.4203 78307 1.59979 5.65713e+06 1.08051e+06 ZonesAtSurface
3374.8 2124.98 568.287 5 0 1 3 986736 19.794 85373.9 1.01212 3.10956e+06 986736 ZonesAtSurface
3424.83 2124.99 658.237 9 0 1 2 1.12538e+06 27.4042 61936.8 1.16206 3.22077e+06 1.12538e+06 ZonesAtSurface
3474.85 2124.98 648.208 5 0 1 3 1.42603e+06 29.7081 54708.1 1.26469 4.61766e+06 1.42603e+06 ZonesAtSurface
3524.9 2124.98 738.165 0 7 2 2 1.0871e+06 20.5073 135192 1.45656 2.09752e+06 1.0871e+06 ZonesAtSurface
3574.91 2124.98 728.131 0 7 2 3 1.48233e+06 30.3103 67791.1 2.05516 2.56361e+06 1.48233e+06 ZonesAtSurface
3624.94 2124.98 718.089 14 11 1 4 1.49196e+06 38.1228 113447 1.32833 4.51348e+06 1.49196e+06 ZonesAtSurface
3674.97 2124.98 708.053 8 0 1 5 1.40014e+06 39.2342 132342 1.03227 6.62112e+06 1.40014e+06 ZonesAtSurface
3725.04 2124.99 847.909 5 5 2 3 1.28283e+06 15.1557 118443 1.22278 2.72257e+06 1.28283e+06 ZonesAtSurface
3775.09 2124.99 847.891 0 0 1 3 1.16727e+06 27.2563 54390.3 1.62813 2.81928e+06 1.16727e+06 ZonesAtSurface
3825.14 2124.99 807.919 0 0 2 3 1.47562e+06 15.8575 56567.2 1.51546 2.90641e+06 1.47562e+06 ZonesAtSurface
3875.16 2124.99 817.964 25 0 1 2 667139 18.5851 89797.1 1.6612 1.28687e+06 667139 ZonesAtSurface
3925.17 2124.99 828.018 6 0 2 1 621791 22.8059 81033.7 3.19684 824407 621791 ZonesAtSurface
3975.24 2124.99 788.074 0 0 2 1 1.35519e+06 29.4145 108098 3.99085 1.44352e+06 1.35519e+06 ZonesAtSurface
4025.26 2124.99 798.127 0 7 0 0 1.02851e+06 31.0234 103013 2.82553 1.63688e+06 1.02851e+06 ZonesAtSurface
4075.39 2124.99 708.191 6 0 1 1 854307 24.6065 92175.9 1.31956 2.63457e+06 854307 ZonesAtSurface
4125.45 2124.99 668.246 0 0 2 1 983157 31.6047 62436.6 1.9068 2.38536e+06 983157 ZonesAtSurface
4175.48 2124.99 678.289 0 10 0 0 1.4023e+06 38.2729 111708 3.79892 1.74783e+06 1.4023e+06 ZonesAtSurface
4225.56 2125 588.341 5 0 1 1 568324 32.3371 70055.7 1.18038 3.1311e+06 568324 ZonesAtSurface
4275.57 2124.99 598.38 0 10 0 0 869548 40.3082 96933.3 2.17434 1.80929e+06 869548 ZonesAtSurface
4325.62 2125 508.417 0 0 2 1 933906 25.6092 81235.7 1.5162 2.72604e+06 933906 ZonesAtSurface
4375.63 2125 518.443 0 0 0 0 1.03399e+06 36.5249 137891 2.57197 2.13028e+06 1.03399e+06 ZonesAtSurface
4425.64 2124.99 478.472 5 0 0 0 578772 43.5453 78049.9 1.62422 2.69368e+06 578772 ZonesAtSurface
4475.64 2124.99 438.502 0 0 0 0 1.39589e+06 15.9152 120483 1.72722 2.35805e+06 1.39589e+06 ZonesAtSurface
4525.65 2124.99 398.53 0 0 0 0 821131 36.4605 116794 2.07634 1.95288e+06 821131 ZonesAtSurface
4575.65 2125 358.553 0 0 0 0 1.39894e+06 37.5633 85226.3 3.46844 1.94172e+06 1.39894e+06 ZonesAtSurface
4625.62 2125 218.59 0 0 1 2 1.46884e+06 41.7991 50615.1 2.07902 5.51571e+06 1.46884e+06 ZonesAtSurface
4675.59 2125 178.618 5 0 1 2 852578 26.1306 50022.7 1.02692 5.19079e+06 852578 ZonesAtSurface
4725.53 2125 138.646 3 0 1 2 1.28028e+06 38.0278 52692.8 1.03514 8.18642e+06 1.28028e+06 ZonesAtSurface
4775.45 2125 98.6477 3 0 1 2 1.21308e+06 36.3029 109834 1.01745 9.54159e+06 1.21308e+06 ZonesAtSurface
4825.34 2125 58.6453 1 0 1 2 1.12559e+06 33.4102 119951 1.05591 1.19837e+07 1.12559e+06 ZonesAtSurface
4875.29 2125 68.6892 6 0 1 1 727144 40.5491 87414.6 1.02415 1.03426e+07 727144 ZonesAtSurface
4925.23 2125 78.7191 0 0 0 0 950570 23.8303 139012 1.42799 4.56772e+06 950570 ZonesAtSurface
74.9137 2175 -42.8228 25 0 1 2 1.38438e+06 39.9734 82676.8 1.08846 1.19404e+07 1.38438e+06 ZonesAtSurface
124.848 2175 -17.7895 46 0 1 2 568653 28.1237 142853 1.03759 2.6662e+06 568653 ZonesAtSurface
174.749 2175 -42.8349 29 0 1 3 1.26546e+06 28.3317 50229.1 1.08926 7.71832e+06 1.26546e+06 ZonesAtSurface
224.674 2175 -17.8151 34 4 1 3 955621 31.2686 61595.7 1.36072 2.83141e+06 955621 ZonesAtSurface
274.625 2175 -42.8591 12 0 1 4 587364 40.3862 102663 1.01678 9.35197e+06 587364 ZonesAtSurface
324.553 2175 -17.859 20 0 1 4 833864 25.9668 82819.4 1.00675 5.1716e+06 833864 ZonesAtSurface
374.546 2175 -42.8933 3 0 1 5 608762 20.8146 133369 1.00143 7.8728e+06 608762 ZonesAtSurface
424.38 2175 82.1144 1 0 2 3 1.42483e+06 34.5492 89827.7 1.10358 5.27672e+06 1.42483e+06 ZonesAtSurface
474.294 2175 207.105 10 4 2 1 1.11563e+06 31.222 52675.1 1.80576 2.3196e+06 1.11563e+06 ZonesAtSurface
524.287 2175 282.096 10 0 0 0 500121 20.5832 104167 1.50173 1.07163e+06 500121 ZonesAtSurface
574.286 2174.99 307.085 0 0 0 0 666608 44.4255 125092 2.46064 1.68367e+06 666608 ZonesAtSurface
624.284 2174.99 332.07 0 0 0 0 1.39921e+06 34.9949 145143 3.86966 1.82102e+06 1.39921e+06 ZonesAtSurface
674.281 2174.99 357.054 0 0 0 0 1.30086e+06 19.0334 123284 2.63582 1.62642e+06 1.30086e+06 ZonesAtSurface
724.279 2174.99 382.037 0 0 0 0 1.2052e+06 29.3046 113288 3.34845 1.53794e+06 1.2052e+06 ZonesAtSurface
774.28 2174.99 407.019 0 0 0 0 1.01483e+06 20.3107 110083 2.47361 1.38636e+06 1.01483e+06 ZonesAtSurface
824.282 2174.99 431.999 0 0 0 0 549089 32.1069 89618.3 2.156 1.32117e+06 549089 ZonesAtSurface
874.286 2174.99 456.979 0 0 0 0 883675 32.104 136037 3.37954 1.20464e+06 883675 ZonesAtSurface
924.293 2174.99 481.959 0 0 0 0 1.40068e+06 29.8548 127495 4.37001 1.27426e+06 1.40068e+06 ZonesAtSurface
974.305 2174.99 506.937 0 0 0 0 1.15473e+06 43.2098 58818.9 5.65232 1.24051e+06 1.15473e+06 ZonesAtSurface
1024.32 2174.99 531.914 0 0 0 0 811994 27.278 92248.7 2.85095 1.11867e+06 811994 ZonesAtSurface
1074.34 2174.99 556.89 0 0 0 0 1.48821e+06 29.5592 74797.9 6.18067 924898 1.48821e+06 ZonesAtSurface
1124.37 2174.99 581.864 0 0 0 0 1.48933e+06 20.6055 78178.6 5.49525 849053 1.48933e+06 ZonesAtSurface
1174.41 2174.99 606.838 0 0 0 0 1.21678e+06 24.5862 112648 5.53303 788905 1.21678e+06 ZonesAtSurface
1224.44 2174.99 631.812 0 0 0 0 929916 40.2019 132654 8.80747 593922 929916 ZonesAtSurface
1274.48 2174.99 656.788 0 0 0 0 1.48972e+06 38.8056 58773.4 10 338427 1.48972e+06 ZonesAtSurface
1324.52 2174.99 681.765 0 8 0 0 1.31506e+06 32.6735 148225 6.82967 676835 1.31506e+06 ZonesAtSurface
1374.51 2174.99 606.756 5 0 2 2 569020 33.3785 134977 1.30237 1.8939e+06 569020 ZonesAtSurface
1424.53 2174.99 581.75 0 0 2 3 510201 21.3729 52187.4 1.77584 1.31675e+06 510201 ZonesAtSurface
1474.57 2174.99 606.732 5 6 2 3 679373 28.4975 112451 1.30567 1.64108e+06 679373 ZonesAtSurface
1524.62 2174.99 631.707 0 4 2 3 1.21365e+06 41.4256 128679 1.28084 3.82609e+06 1.21365e+06 ZonesAtSurface
1574.62 2174.99 556.726 8 0 1 5 519009 33.4702 143131 1.18567 2.97953e+06 519009 ZonesAtSurface
1624.66 2174.99 581.706 7 3 2 5 1.32112e+06 33.9266 131389 1.14058 4.12882e+06 1.32112e+06 ZonesAtSurface
1674.7 2174.98 606.688 8 0 2 5 1.01347e+06 18.0245 116329 1.01 2.78638e+06 1.01347e+06 ZonesAtSurface
1724.74 2174.98 581.686 6 0 1 6 876560 30.1378 128527 1.00838 4.33504e+06 876560 ZonesAtSurface
1774.79 2174.98 606.674 0 0 2 6 565364 36.4121 85770.1 1.00713 3.94897e+06 565364 ZonesAtSurface
1824.84 2174.98 631.665 4 0 2 6 1.22425e+06 22.9148 110893 1.00185 4.3683e+06 1.22425e+06 ZonesAtSurface
1874.89 2174.98 656.667 6 0 2 6 576507 33.9186 80625.5 1.01221 3.38389e+06 576507 ZonesAtSurface
1924.95 2174.98 681.68 5 6 2 6 1.03659e+06 42.8315 63023.8 1.06325 4.22977e+06 1.03659e+06 ZonesAtSurface
1975.02 2174.98 706.695 1 6 2 6 626502 17.8541 55453.5 0.985169 1.70754e+06 626502 ZonesAtSurface
2025.07 2174.97 669.247 6 6 1 6 1.24114e+06 33.2575 51014.7 1.08141 4.15202e+06 1.24114e+06 ZonesAtSurface
2075.09 2174.97 569.334 6 0 1 6 1.0238e+06 18.6768 93229.8 1.01005 3.56436e+06 1.0238e+06 ZonesAtSurface
2125.09 2174.97 469.4 2 0 1 6 1.25064e+06 38.0832 67653.2 1.2457 6.8555e+06 1.25064e+06 ZonesAtSurface
2175.1 2174.98 419.439 10 0 1 5 1.2457e+06 23.1447 63703.2 1.11384 4.81803e+06 1.2457e+06 ZonesAtSurface
2225.11 2174.98 369.468 5 5 2 4 1.0701e+06 28.366 105637 1.04887 3.49006e+06 1.0701e+06 ZonesAtSurface
2275.09 2174.98 219.471 0 0 1 5 1.19188e+06 37.4333 92890.3 6.5162 4.08719e+06 1.19188e+06 ZonesAtSurface
2325.1 2174.99 119.477 0 0 0 0 595097 17.2587 95266.3 1.88654 3.97044e+06 595097 ZonesAtSurface
2375.09 2174.38 69.48 2 0 0 0 823494 41.9869 134763 1.00002 1.67585e+07 823494 ZonesAtSurface
2425.11 2174.99 -80.5009 0 0 0 0 1.34012e+06 27.4919 104829 6.38794 2.73431e+06 1.34012e+06 ZonesAtSurface
2475.09 2174.99 -180.493 0 0 0 0 836063 30.8718 81979.4 5.23824 4.91126e+06 836063 ZonesAtSurface
2525.05 2174.44 -160.484 10 0 0 0 1.40891e+06 33.9483 50660.3 1.00711 1.47934e+07 1.40891e+06 ZonesAtSurface
2575 2174.54 -120.475 10 8 0 0 1.13318e+06 24.1177 112486 0 964278 1.13318e+06 ZonesAtSurface
2624.96 2174.82 -80.4738 9 9 0 0 916834 36.0002 56378 1.88802 2.0466e+06 916834 ZonesAtSurface
2674.91 2174.95 -40.4874 0 0 0 0 1.38437e+06 34.0938 79396.9 2.85375 1.16409e+07 1.38437e+06 ZonesAtSurface
2724.9 2174.94 -0.511676 1 0 0 0 1.08078e+06 29.0816 69167.1 1.38689 1.38148e+07 1.08078e+06 ZonesAtSurface
2774.89 2174.92 39.4747 0 0 0 0 1.47391e+06 33.4216 117453 1.66479 1.75999e+07 1.47391e+06 ZonesAtSurface
2824.88 2174.84 79.4787 5 0 0 0 1.47147e+06 31.0309 99957 2.51478 2.85987e+07 1.47147e+06 ZonesAtSurface
2874.86 2174.62 119.481 10 0 0 0 1.41816e+06 25.2605 107330 1.43727 2.95651e+07 1.41816e+06 ZonesAtSurface
2924.84 2174.46 159.479 10 0 0 0 954439 40.6428 63994.8 1.01939 2.01394e+07 954439 ZonesAtSurface
2974.83 2174.98 149.471 0 0 0 0 1.45606e+06 44.9177 71503.6 10 2.02269e+06 1.45606e+06 ZonesAtSurface
3024.82 2174.98 189.454 0 0 1 5 1.09764e+06 27.9105 115210 10 1.74399e+06 1.09764e+06 ZonesAtSurface
3074.83 2174.94 279.444 6 0 1 4 854755 29.7403 55878.6 1.13925 6.39133e+06 854755 ZonesAtSurface
3124.83 2174.94 319.439 8 0 1 4 1.38282e+06 31.883 117781 1.07941 6.79288e+06 1.38282e+06 ZonesAtSurface
3174.82 2174.95 359.432 10 0 1 4 1.37448e+06 34.2555 64189.1 1.06375 6.12103e+06 1.37448e+06 ZonesAtSurface
3224.81 2174.96 349.401 0 0 1 5 684863 42.7157 71765.3 3.47007 4.93242e+06 684863 ZonesAtSurface
3274.79 2174.98 489.368 7 0 2 3 654908 38.2333 125508 1.1579 2.06993e+06 654908 ZonesAtSurface
3324.81 2174.97 479.342 7 0 1 4 1.36394e+06 20.1767 139181 1.01406 5.14891e+06 1.36394e+06 ZonesAtSurface
3374.82 2174.99 569.291 8 0 1 3 581330 18.6597 83480.9 1.05275 2.18831e+06 581330 ZonesAtSurface
3424.84 2174.98 559.261 0 0 1 4 1.14646e+06 36.272 94090.8 1.53289 5.57514e+06 1.14646e+06 ZonesAtSurface
3474.88 2174.99 699.205 0 9 2 2 1.43577e+06 34.9262 93678.1 2.26767 2.48187e+06 1.43577e+06 ZonesAtSurface
3524.91 2174.98 739.171 0 10 2 2 749714 34.2088 120104 1.74359 1.51954e+06 749714 ZonesAtSurface
3574.92 2174.98 729.135 0 2 2 3 938322 40.1801 102594 1.75751 2.51024e+06 938322 ZonesAtSurface
3624.94 2174.98 719.096 18 0 2 4 556767 20.5729 119249 1.1623 2.29157e+06 556767 ZonesAtSurface
3674.98 2174.98 709.061 11 0 1 5 1.44543e+06 22.7581 144767 1.01881 5.43559e+06 1.44543e+06 ZonesAtSurface
3725.04 2174.99 798.948 4 0 1 4 972996 39.7753 50960.6 1.09414 4.63528e+06 972996 ZonesAtSurface
3775.09 2174.98 898.892 9 0 2 2 600097 31.6543 148851 1.6793 1.6224e+06 600097 ZonesAtSurface
3825.15 2174.99 808.924 0 0 1 3 649332 26.1856 61943 1.6811 2.1502e+06 649332 ZonesAtSurface
3875.16 2174.99 818.967 25 0 2 2 732299 21.3735 106949 1.90701 1.7316e+06 732299 ZonesAtSurface
3925.17 2174.99 829.023 0 0 1 1 1.05559e+06 21.1246 139635 8.9979 445685 1.05559e+06 ZonesAtSurface
3975.19 2174.99 839.074 0 8 0 0 1.29922e+06 32.5405 81091.2 9.56701 631787 1.29922e+06 ZonesAtSurface
4025.32 2174.99 749.133 0 0 2 1 1.40196e+06 32.0728 110886 2.92992 2.34705e+06 1.40196e+06 ZonesAtSurface
4075.34 2174.99 759.188 0 0 0 0 1.06506e+06 43.7504 126704 3.41058 2.12929e+06 1.06506e+06 ZonesAtSurface
4125.42 2174.99 719.243 0 6 0 0 1.33067e+06 36.7387 92113.3 2.66549 2.24171e+06 1.33067e+06 ZonesAtSurface
4175.51 2175 629.296 0 0 2 1 1.04739e+06 33.9554 76766.7 1.88881 2.81902e+06 1.04739e+06 ZonesAtSurface
4225.56 2175 589.342 0 0 1 1 1.44438e+06 18.8312 79306.4 1.46624 3.20618e+06 1.44438e+06 ZonesAtSurface
4275.6 2175 549.383 0 0 2 1 822240 23.937 62426.9 1.25957 2.71379e+06 822240 ZonesAtSurface
4325.61 2175 559.413 4 0 0 0 891013 27.3708 121256 1.81337 1.96403e+06 891013 ZonesAtSurface
4375.64 2175 469.447 0 0 2 1 874878 30.4564 75798.3 1.61431 3.07775e+06 874878 ZonesAtSurface
4425.65 2175 429.478 0 0 1 1 1.09215e+06 20.4768 113069 1.33086 3.12594e+06 1.09215e+06 ZonesAtSurface
4475.64 2175 439.505 0 0 0 0 1.40454e+06 18.4873 84205.5 2.69039 1.54573e+06 1.40454e+06 ZonesAtSurface
4525.65 2175 399.529 0 0 0 0 1.26067e+06 17.9741 84130.5 1.93556 1.93148e+06 1.26067e+06 ZonesAtSurface
4575.66 2175 359.552 0 0 0 0 705812 39.5297 92247.1 1.82025 1.95994e+06 705812 ZonesAtSurface
4625.65 2175 269.581 0 0 1 1 1.46313e+06 28.9794 104323 1.48629 3.87943e+06 1.46313e+06 ZonesAtSurface
4675.54 2175 129.618 0 0 1 3 965496 18.2194 80407.6 1.03183 5.37681e+06 965496 ZonesAtSurface
4725.47 2175 89.6349 5 0 1 3 773975 29.4159 129442 1.0361 8.00972e+06 773975 ZonesAtSurface
4775.45 2175 99.6536 9 0 1 2 1.07234e+06 38.983 63139.6 1.0575 1.03506e+07 1.07234e+06 ZonesAtSurface
4825.34 2175 59.651 4 0 1 2 724740 21.3205 88952.2 1.04357 7.89277e+06 724740 ZonesAtSurface
4875.39 2175 119.729 4 5 0 0 1.15034e+06 42.1842 69425 2.45775 2.87169e+06 1.15034e+06 ZonesAtSurface
4925.23 2174.99 79.7146 8 0 0 0 832554 40.7316 107922 1.31197 6.84323e+06 832554 ZonesAtSurface
74.9111 2225 -41.8235 25 0 1 2 822033 39.5689 73633.1 1.08673 1.15259e+07 822033 ZonesAtSurface
124.847 2225 -16.7957 36 18 1 2 1.09728e+06 38.3208 83320.6 1.04841 4.81632e+06 1.09728e+06 ZonesAtSurface
174.75 2225 -41.839 14 0 1 3 1.28932e+06 40.7599 65889.4 1.55533 1.04759e+07 1.28932e+06 ZonesAtSurface
224.682 2225 -16.8158 27 3 1 3 1.41421e+06 39.5707 102557 1.40885 4.99393e+06 1.41421e+06 ZonesAtSurface
274.627 2225 -41.8573 19 0 1 4 918002 22.4253 80181.1 1.01752 6.91343e+06 918002 ZonesAtSurface
324.554 2225 -16.8588 13 0 1 4 724480 44.8047 90870.7 1.015 6.85089e+06 724480 ZonesAtSurface
374.49 2225 8.12855 10 0 1 4 1.49442e+06 39.8038 76052.5 1.07134 1.08438e+07 1.49442e+06 ZonesAtSurface
424.44 2225 33.115 4 0 1 4 1.20256e+06 20.0914 61490.1 1.01639 5.96891e+06 1.20256e+06 ZonesAtSurface
474.29 2225 208.104 0 7 2 1 1.23762e+06 36.4175 58090.5 2.43663 2.04222e+06 1.23762e+06 ZonesAtSurface
524.283 2224.99 283.096 0 4 0 0 800363 25.3476 88566.4 2.78133 1.04617e+06 800363 ZonesAtSurface
574.283 2224.99 308.085 0 0 0 0 1.40087e+06 34.0528 70989.9 3.77551 1.58534e+06 1.40087e+06 ZonesAtSurface
624.281 2224.99 333.07 0 0 0 0 1.07966e+06 20.4517 130438 2.11928 1.78163e+06 1.07966e+06 ZonesAtSurface
674.278 2224.99 358.055 0 0 0 0 1.17389e+06 25.0558 93957.6 2.85523 1.64063e+06 1.17389e+06 ZonesAtSurface
724.276 2224.99 383.038 0 0 0 0 1.4268e+06 27.2821 140891 3.56241 1.56011e+06 1.4268e+06 ZonesAtSurface
774.277 2224.99 408.019 0 0 0 0 1.49111e+06 25.8091 100472 3.8448 1.4193e+06 1.49111e+06 ZonesAtSurface
824.279 2224.99 432.999 0 0 0 0 501947 16.8389 128161 1.24574 1.33817e+06 501947 ZonesAtSurface
874.283 2224.99 457.979 0 0 0 0 1.34382e+06 43.2362 104771 6.55097 1.21656e+06 1.34382e+06 ZonesAtSurface
924.29 2224.99 482.959 0 0 0 0 973683 30.8772 58638 3.34244 1.28261e+06 973683 ZonesAtSurface
974.301 2224.99 507.938 0 0 0 0 1.03332e+06 18.3213 132463 2.59411 1.21266e+06 1.03332e+06 ZonesAtSurface
1024.32 2224.99 532.915 0 0 0 0 844136 20.8871 105921 2.62827 1.08011e+06 844136 ZonesAtSurface
1074.34 2224.99 557.89 0 0 0 0 568423 24.5702 135192 2.48221 882224 568423 ZonesAtSurface
1124.37 2224.99 582.864 0 0 0 0 774587 29.9461 89236.2 4.1105 816572 774587 ZonesAtSurface
1174.4 2224.99 607.838 0 0 0 0 751092 40.1643 51847.7 6.20444 766773 751092 ZonesAtSurface
1224.44 2224.99 632.812 0 0 0 0 1.4916e+06 31.2832 137250 10 525865 1.4916e+06 ZonesAtSurface
1274.48 2224.99 657.789 0 0 0 0 1.47604e+06 34.9052 60935.1 10 457389 1.47604e+06 ZonesAtSurface
1324.49 2224.99 632.771 0 0 2 1 1.0309e+06 24.4618 79744.4 2.02991 1.74786e+06 1.0309e+06 ZonesAtSurface
1374.5 2224.99 607.758 4 5 2 2 876787 31.2028 134810 1.63425 2.25619e+06 876787 ZonesAtSurface
1424.54 2224.99 632.741 0 9 2 2 945906 42.3666 139644 3.35974 1.40612e+06 945906 ZonesAtSurface
1474.56 2224.99 607.73 0 4 2 3 1.37753e+06 29.5825 56859.6 1.44721 3.28366e+06 1.37753e+06 ZonesAtSurface
1524.61 2224.99 632.707 8 0 2 3 649322 38.3655 137727 1.26374 2.09849e+06 649322 ZonesAtSurface
1574.62 2224.99 557.724 0 0 1 5 933280 27.3836 126757 1.2936 3.56554e+06 933280 ZonesAtSurface
1624.66 2224.99 582.704 7 0 2 5 940076 32.5671 136938 1.01869 3.91288e+06 940076 ZonesAtSurface
1674.71 2224.98 657.676 0 0 2 4 1.40418e+06 27.2759 142090 1.71408 3.06583e+06 1.40418e+06 ZonesAtSurface
1724.74 2224.98 632.677 9 8 1 5 1.12954e+06 44.4685 80270.2 1.4121 3.57146e+06 1.12954e+06 ZonesAtSurface
1774.78 2224.98 607.68 5 0 1 6 751515 33.4829 146229 1.00885 4.693e+06 751515 ZonesAtSurface
1824.83 2224.98 682.655 10 7 2 5 1.01283e+06 30.1569 110292 1.17256 2.81706e+06 1.01283e+06 ZonesAtSurface
1874.88 2224.98 657.671 6 0 1 6 1.03055e+06 34.2927 136497 1.01636 3.6714e+06 1.03055e+06 ZonesAtSurface
1924.94 2224.98 682.689 6 1 2 6 1.42744e+06 21.1968 59209.4 1.03209 3.98359e+06 1.42744e+06 ZonesAtSurface
1975 2224.98 707.706 6 0 2 6 510555 33.7606 127949 1.0026 1.61055e+06 510555 ZonesAtSurface
2025.04 2224.98 670.254 6 0 1 6 741158 37.2615 118533 1.01641 2.62116e+06 741158 ZonesAtSurface
2075.06 2224.98 570.332 6 0 1 6 1.43112e+06 16.8225 126354 1.01919 4.18568e+06 1.43112e+06 ZonesAtSurface
2125.07 2224.98 470.393 1 0 1 6 597364 39.633 120317 1.38127 6.25709e+06 597364 ZonesAtSurface
2175.08 2224.98 420.432 0 0 1 5 1.34183e+06 36.9739 72366.6 3.29829 4.69107e+06 1.34183e+06 ZonesAtSurface
2225.08 2224.98 320.455 0 0 1 5 1.49015e+06 35.2032 116700 6.57556 4.10592e+06 1.49015e+06 ZonesAtSurface
2275.09 2224.99 220.468 0 0 1 5 1.28063e+06 21.7562 86573.9 3.60078 3.40202e+06 1.28063e+06 ZonesAtSurface
2325.11 2224.99 120.479 0 0 0 0 1.10356e+06 21.9097 134675 7.14702 1.67956e+06 1.10356e+06 ZonesAtSurface
2375.08 2223.29 120.48 10 0 0 0 557555 38.7435 116917 1.91484 8.75723e+06 557555 ZonesAtSurface
2425.11 2224.99 -79.4981 0 0 0 0 644199 33.0104 75869.6 5.81624 3.69623e+06 644199 ZonesAtSurface
2475.09 2224.57 -129.492 10 8 0 0 1.39943e+06 30.7098 126205 1.04067 5.57484e+06 1.39943e+06 ZonesAtSurface
2525.04 2224.59 -159.484 6 8 0 0 538210 28.2211 141261 0.45655 4.73149e+06 538210 ZonesAtSurface
2574.97 2223.57 -69.4687 5 0 0 0 1.44161e+06 15.3396 62629.3 1.08742 1.16873e+07 1.44161e+06 ZonesAtSurface
2624.97 2224.87 -79.489 9 0 0 0 1.17845e+06 41.0354 57143.1 2.65369 3.40901e+07 1.17845e+06 ZonesAtSurface
2674.94 2224.95 -39.5037 0 0 0 0 732025 44.6024 99852.3 2.71531 1.24299e+07 732025 ZonesAtSurface
2724.91 2224.9 0.485102 9 0 0 0 814404 24.224 128536 2.40598 1.40244e+07 814404 ZonesAtSurface
2774.9 2224.82 40.4821 10 0 0 0 716589 19.1488 91237.6 1.34955 2.94575e+07 716589 ZonesAtSurface
2824.89 2224.68 80.4818 9 0 0 0 1.22955e+06 28.3285 109970 1.41333 3.48022e+07 1.22955e+06 ZonesAtSurface
2874.86 2224.98 70.4831 0 0 0 0 1.19771e+06 17.4675 69534 2.73074 4.83467e+06 1.19771e+06 ZonesAtSurface
2924.85 2224.98 110.481 0 0 0 0 876682 42.828 50390.7 10 3.47691e+06 876682 ZonesAtSurface
2974.84 2224.56 200.474 9 9 0 0 1.39849e+06 26.644 72666.7 1.46259 3.05054e+06 1.39849e+06 ZonesAtSurface
3024.82 2224.98 190.458 0 0 0 0 1.43624e+06 38.8914 149631 9.4942 2.967e+06 1.43624e+06 ZonesAtSurface
3074.83 2224.75 280.435 10 0 1 4 1.15843e+06 29.281 67505.8 1.5163 5.21734e+07 1.15843e+06 ZonesAtSurface
3124.85 2224.97 270.411 0 0 1 5 777978 32.466 108556 3.90751 7.62468e+06 777978 ZonesAtSurface
3174.85 2224.94 360.416 7 0 1 4 660876 35.2058 79233.3 1.04111 2.2441e+06 660876 ZonesAtSurface
3224.84 2224.96 350.389 2 0 1 5 629064 22.4744 101840 1.97037 4.86564e+06 629064 ZonesAtSurface
3274.83 2224.97 440.377 7 0 1 4 1.44051e+06 36.8649 118917 1.78521 5.06243e+06 1.44051e+06 ZonesAtSurface
3324.84 2224.97 430.345 0 0 1 5 1.20937e+06 39.2067 61222.3 2.62594 5.07703e+06 1.20937e+06 ZonesAtSurface
3374.84 2224.98 520.303 7 0 1 4 533807 31.9657 77705.3 1.03057 4.0486e+06 533807 ZonesAtSurface
3424.86 2224.98 560.263 1 0 1 4 1.15201e+06 30.5094 67627.2 1.20242 5.53473e+06 1.15201e+06 ZonesAtSurface
3474.88 2224.98 650.214 2 0 1 3 866511 39.409 52605.6 1.28805 4.72029e+06 866511 ZonesAtSurface
3524.92 2224.99 740.173 0 2 2 2 1.46908e+06 23.8188 105637 2.72284 1.85614e+06 1.46908e+06 ZonesAtSurface
3574.93 2224.98 730.136 10 3 1 3 1.15428e+06 22.4568 126307 1.30609 2.6604e+06 1.15428e+06 ZonesAtSurface
3624.97 2224.97 770.088 3 9 2 3 1.00907e+06 19.0982 87548.5 2.34426 1.24288e+06 1.00907e+06 ZonesAtSurface
3674.99 2224.98 710.069 15 0 1 5 1.43512e+06 17.7291 120020 1.02932 4.50148e+06 1.43512e+06 ZonesAtSurface
3725.05 2224.99 799.956 6 0 1 4 796097 24.9818 76257.8 1.03606 3.14824e+06 796097 ZonesAtSurface
3775.09 2224.98 899.902 2 6 2 2 765497 17.5742 95702.2 1.89203 1.12202e+06 765497 ZonesAtSurface
3825.12 2224.99 859.924 9 7 1 2 813356 41.9523 109072 2.55077 1.89368e+06 813356 ZonesAtSurface
3875.17 2224.99 819.971 6 0 2 2 597213 40.5521 138133 2.65204 1.62909e+06 597213 ZonesAtSurface
3925.18 2224.99 830.025 0 0 2 1 820742 42.5529 141153 10 589480 820742 ZonesAtSurface
3975.19 2224.99 840.076 0 5 0 0 1.2069e+06 33.8384 62707.1 10 235345 1.2069e+06 ZonesAtSurface
4025.27 2224.99 800.131 0 0 0 0 1.44013e+06 41.3208 101777 4.5449 1.75067e+06 1.44013e+06 ZonesAtSurface
4075.35 2224.99 760.188 0 0 0 0 940430 36.7364 118220 2.21259 2.09615e+06 940430 ZonesAtSurface
4125.46 2224.99 670.247 0 0 1 1 1.24803e+06 38.7391 147142 2.59681 2.91028e+06 1.24803e+06 ZonesAtSurface
4175.52 2224.99 630.298 0 0 2 1 1.28708e+06 31.5481 102132 2.02987 2.88482e+06 1.28708e+06 ZonesAtSurface
4225.56 2225 590.344 0 0 1 1 1.32603e+06 28.5133 99740.4 1.72862 3.09748e+06 1.32603e+06 ZonesAtSurface
4275.58 2225 600.383 0 6 0 0 1.43782e+06 33.6907 139320 4.24893 1.39514e+06 1.43782e+06 ZonesAtSurface
4325.62 2225 510.418 0 0 2 1 1.3835e+06 39.3574 105521 3.12929 2.75211e+06 1.3835e+06 ZonesAtSurface
4375.64 2225 470.449 0 0 1 1 1.48259e+06 30.8934 118158 2.50386 2.95285e+06 1.48259e+06 ZonesAtSurface
4425.65 2225 430.479 4 0 1 1 592440 30.4253 128299 1.2719 3.0665e+06 592440 ZonesAtSurface
4475.65 2224.99 440.505 0 0 0 0 1.23414e+06 31.7112 59044.3 3.22329 1.67216e+06 1.23414e+06 ZonesAtSurface
4525.65 2224.99 400.529 0 3 0 0 845758 22.4155 88943.6 1.2949 2.02915e+06 845758 ZonesAtSurface
4575.66 2225 360.552 3 0 0 0 840131 16.2328 135936 1.2702 1.83693e+06 840131 ZonesAtSurface
4625.66 2225 270.579 3 0 2 1 691744 44.5626 52057.8 1.50913 3.27991e+06 691744 ZonesAtSurface
4675.54 2225 130.62 6 0 1 3 678034 33.4737 133455 1.01674 7.45028e+06 678034 ZonesAtSurface
4725.47 2225 90.6347 7 0 1 3 620604 19.9303 124317 1.01138 5.72328e+06 620604 ZonesAtSurface
4775.38 2225 50.6341 5 0 1 3 1.07584e+06 29.8687 87601.8 1.02352 1.18448e+07 1.07584e+06 ZonesAtSurface
4825.33 2225 60.6544 7 0 1 2 1.17558e+06 42.1664 143195 1.04766 1.35772e+07 1.17558e+06 ZonesAtSurface
4875.39 2225 120.73 6 1 0 0 797975 23.5725 94577.2 3.49984 835318 797975 ZonesAtSurface
4925.23 2225 80.7157 0 0 0 0 1.08931e+06 27.0599 135083 1.39976 5.22179e+06 1.08931e+06 ZonesAtSurface
74.9109 2275 -40.8212 32 0 1 2 1.32578e+06 27.9441 104934 1.07108 9.61886e+06 1.32578e+06 ZonesAtSurface
124.846 2275 -15.7942 41 1 1 2 685558 41.8018 102033 1.08193 2.9144e+06 685558 ZonesAtSurface
174.749 2275 -40.8389 15 0 1 3 976831 40.0232 75058.2 1.55466 9.40684e+06 976831 ZonesAtSurface
224.687 2275 -15.8156 29 5 1 3 1.24283e+06 40.7866 80630.9 1.55102 4.15367e+06 1.24283e+06 ZonesAtSurface
274.628 2275 -40.8576 16 0 1 4 1.47324e+06 33.1402 74626.8 1.01752 1.04708e+07 1.47324e+06 ZonesAtSurface
324.557 2275 -15.8589 14 0 1 4 628516 24.1114 104427 1.0063 5.54669e+06 628516 ZonesAtSurface
374.545 2275 -40.8933 0 0 1 5 1.21289e+06 32.8054 121228 1.72436 9.72884e+06 1.21289e+06 ZonesAtSurface
424.44 2275 34.1138 2 0 1 4 1.49845e+06 15.0348 96109.2 1.01927 6.05917e+06 1.49845e+06 ZonesAtSurface
474.313 2275 159.108 0 0 2 2 735002 29.6091 108591 1.10882 2.63999e+06 735002 ZonesAtSurface
524.281 2274.99 284.095 0 5 0 0 1.34245e+06 25.4621 132433 4.14824 1.06325e+06 1.34245e+06 ZonesAtSurface
574.281 2274.99 309.085 0 0 0 0 1.17457e+06 28.3418 54596.5 2.91519 1.57088e+06 1.17457e+06 ZonesAtSurface
624.279 2274.99 334.071 0 0 0 0 1.41825e+06 21.017 70516.8 2.7537 1.76796e+06 1.41825e+06 ZonesAtSurface
674.275 2274.99 359.056 0 0 0 0 1.03253e+06 20.1189 135772 2.18087 1.66651e+06 1.03253e+06 ZonesAtSurface
724.274 2274.99 384.039 0 0 0 0 1.39334e+06 23.3828 92166.2 3.08255 1.58661e+06 1.39334e+06 ZonesAtSurface
774.274 2274.99 409.02 0 0 0 0 659711 41.8375 136125 3.2112 1.46245e+06 659711 ZonesAtSurface
824.276 2274.99 434 0 0 0 0 935874 29.76 112725 2.99337 1.346e+06 935874 ZonesAtSurface
874.28 2274.99 458.98 0 0 0 0 724004 43.933 67697.9 4.47985 1.22705e+06 724004 ZonesAtSurface
924.287 2274.99 483.96 0 0 0 0 1.05004e+06 43.0458 136455 4.92174 1.2699e+06 1.05004e+06 ZonesAtSurface
974.298 2274.99 508.938 0 0 0 0 1.16333e+06 41.3435 99018.6 5.40304 1.19728e+06 1.16333e+06 ZonesAtSurface
1024.32 2274.99 533.915 0 0 0 0 780197 24.296 134120 2.75924 1.04193e+06 780197 ZonesAtSurface
1074.34 2274.99 558.891 0 0 0 0 1.38052e+06 37.2566 117302 7.39275 875720 1.38052e+06 ZonesAtSurface
1124.37 2274.99 583.865 0 0 0 0 563872 27.6554 120394 2.99765 821586 563872 ZonesAtSurface
1174.4 2274.99 608.838 0 0 0 0 714766 31.308 128427 4.38035 757567 714766 ZonesAtSurface
1224.44 2274.99 633.813 0 0 0 0 758817 31.9566 53573.8 8.45684 430547 758817 ZonesAtSurface
1274.47 2274.99 658.79 0 0 0 0 1.15054e+06 37.9993 126268 7.67537 716683 1.15054e+06 ZonesAtSurface
1324.49 2274.99 633.773 0 6 2 1 1.25824e+06 35.6853 100868 2.84946 1.70283e+06 1.25824e+06 ZonesAtSurface
1374.48 2274.99 558.769 1 0 2 3 567983 31.3941 143931 1.78905 2.02954e+06 567983 ZonesAtSurface
1424.51 2274.99 583.751 0 0 2 3 1.42277e+06 20.6863 130767 1.55216 2.8177e+06 1.42277e+06 ZonesAtSurface
1474.56 2274.99 608.73 8 0 2 3 508524 20.7439 132234 1.39698 1.31113e+06 508524 ZonesAtSurface
1524.6 2274.99 633.706 6 2 1 3 594114 38.9736 95753 1.17882 2.08088e+06 594114 ZonesAtSurface
1574.64 2274.98 608.711 0 3 1 4 1.47821e+06 31.2002 129648 1.26411 4.26317e+06 1.47821e+06 ZonesAtSurface
1624.65 2274.99 583.702 3 0 2 5 583272 41.693 63702.2 1.05698 3.82766e+06 583272 ZonesAtSurface
1674.7 2274.99 608.69 0 5 2 5 1.36828e+06 23.711 75641.8 1.22357 3.36425e+06 1.36828e+06 ZonesAtSurface
1724.74 2274.99 633.681 0 6 2 5 1.21868e+06 27.8694 67794.2 1.44276 2.72483e+06 1.21868e+06 ZonesAtSurface
1774.78 2274.98 608.685 0 0 2 6 786089 25.8802 77101 1.0069 3.83218e+06 786089 ZonesAtSurface
1824.82 2274.98 683.663 10 6 2 5 1.0861e+06 24.8893 79444.1 1.29835 2.5485e+06 1.0861e+06 ZonesAtSurface
1874.87 2274.98 658.674 6 0 1 6 743468 19.3744 55698.9 1.00974 2.51331e+06 743468 ZonesAtSurface
1924.92 2274.98 683.695 6 0 2 6 742851 34.5755 95763.2 1.00265 2.74801e+06 742851 ZonesAtSurface
1974.98 2274.98 708.715 1 6 2 6 1.23629e+06 25.9642 86799.2 1.12912 3.40059e+06 1.23629e+06 ZonesAtSurface
2025.02 2274.98 671.261 6 0 1 6 588773 20.6327 136769 1.00694 1.67677e+06 588773 ZonesAtSurface
2075.04 2274.98 571.33 6 0 1 6 1.14359e+06 42.4273 148297 1.04956 6.12512e+06 1.14359e+06 ZonesAtSurface
2125.05 2274.98 471.386 0 0 1 6 950958 36.0456 103033 1.99537 5.702e+06 950958 ZonesAtSurface
2175.07 2274.98 471.428 10 5 1 4 663884 27.0106 90945.7 1.26229 1.74463e+06 663884 ZonesAtSurface
2225.07 2274.99 321.453 0 0 1 5 564132 31.5387 125943 10 1.45632e+06 564132 ZonesAtSurface
2275.09 2274.99 221.469 0 0 0 0 676802 40.0473 65849.6 10 1.67418e+06 676802 ZonesAtSurface
2325.1 2274.39 171.479 6 0 0 0 987857 22.2989 80244.7 1.00027 8.18313e+06 987857 ZonesAtSurface
2375.1 2273.29 121.486 10 0 0 0 750121 37.9479 146626 2.55519 6.11446e+06 750121 ZonesAtSurface
2425.11 2274.98 -78.5004 0 0 0 0 842621 29.2253 66050.7 3.52421 6.54308e+06 842621 ZonesAtSurface
2475.09 2274.68 -128.497 10 0 0 0 766425 34.7682 101124 2.37017 1.1369e+07 766425 ZonesAtSurface
2525.04 2273.7 -108.483 4 0 0 0 691345 28.6728 106792 1.47979 7.62331e+06 691345 ZonesAtSurface
2575.01 2274.99 -168.481 0 0 0 0 761972 41.2385 122256 9.76805 5.22993e+06 761972 ZonesAtSurface
2624.96 2274.79 -78.484 9 0 0 0 1.11518e+06 35.0368 61081.3 1.73411 1.62352e+07 1.11518e+06 ZonesAtSurface
2674.94 2274.98 -38.4912 1 0 0 0 525633 40.9271 117523 3.6864 6.10488e+06 525633 ZonesAtSurface
2724.91 2274.84 1.5139 10 0 0 0 1.46365e+06 34.2185 112083 2.85264 1.61602e+07 1.46365e+06 ZonesAtSurface
2774.89 2274.99 -8.49486 0 0 0 0 548179 18.1266 50363 3.31321 3.63006e+06 548179 ZonesAtSurface
2824.87 2274.99 31.4975 0 0 0 0 1.38352e+06 23.4157 127102 5.66516 3.18875e+06 1.38352e+06 ZonesAtSurface
2874.86 2274.99 71.4892 0 0 0 0 1.29201e+06 41.8035 112031 10 2.21672e+06 1.29201e+06 ZonesAtSurface
2924.86 2274.55 161.477 10 9 0 0 503897 39.6502 90574.2 0 40252.7 503897 ZonesAtSurface
2974.84 2274.82 201.47 10 9 0 0 1.29213e+06 35.3684 52550.5 2.86656 2.19023e+06 1.29213e+06 ZonesAtSurface
3024.83 2274.73 241.456 10 0 0 0 1.15548e+06 24.4082 66107.4 1.69258 1.11514e+07 1.15548e+06 ZonesAtSurface
3074.84 2274.98 231.439 0 0 0 0 829168 28.0448 73730.3 10 2.02611e+06 829168 ZonesAtSurface
3124.85 2274.97 271.415 0 0 1 5 1.10302e+06 18.3717 94733.4 2.99957 4.06573e+06 1.10302e+06 ZonesAtSurface
3174.86 2274.85 361.403 10 0 1 4 595157 38.9761 143489 2.03682 2.42052e+07 595157 ZonesAtSurface
3224.86 2274.96 351.374 0 0 1 5 826450 28.1784 84037.2 3.22324 6.32789e+06 826450 ZonesAtSurface
3274.86 2274.96 391.361 5 0 1 5 741665 16.3063 66797 1.42787 4.80171e+06 741665 ZonesAtSurface
3324.86 2274.97 431.34 1 0 1 5 1.09106e+06 22.7921 80877.6 1.53777 4.91525e+06 1.09106e+06 ZonesAtSurface
3374.86 2274.97 471.309 0 0 1 5 598505 21.7133 95352 1.04019 4.8498e+06 598505 ZonesAtSurface
3424.87 2274.98 561.263 6 0 1 4 1.13222e+06 19.8215 62069.2 1.00409 4.65629e+06 1.13222e+06 ZonesAtSurface
3474.9 2274.98 651.214 6 0 2 3 923259 16.3041 100213 1.05826 3.21817e+06 923259 ZonesAtSurface
3524.92 2274.98 691.175 0 0 2 3 939471 19.2189 117764 1.14543 3.02983e+06 939471 ZonesAtSurface
3574.95 2274.98 731.135 0 5 2 3 1.42248e+06 26.797 136123 1.29134 3.5502e+06 1.42248e+06 ZonesAtSurface
3624.98 2274.98 771.093 0 6 2 3 1.2392e+06 19.8398 95502.7 2.31695 1.52386e+06 1.2392e+06 ZonesAtSurface
3675 2274.98 711.074 14 0 1 5 1.39369e+06 21.6224 108261 1.04423 4.31257e+06 1.39369e+06 ZonesAtSurface
3725.05 2274.99 751.008 0 0 1 5 596120 29.8063 88401.6 1.16169 3.10283e+06 596120 ZonesAtSurface
3775.1 2274.98 900.913 2 2 2 2 616438 17.0774 67999.5 1.59258 1.10187e+06 616438 ZonesAtSurface
3825.15 2274.99 810.938 0 0 2 3 809359 17.0224 115587 1.46595 1.94332e+06 809359 ZonesAtSurface
3875.17 2274.99 820.975 0 0 1 2 698988 44.3013 129154 5.60217 1.40218e+06 698988 ZonesAtSurface
3925.18 2274.99 831.026 0 2 2 1 1.0296e+06 25.8215 72771.8 4.72691 1.02323e+06 1.0296e+06 ZonesAtSurface
3975.2 2274.99 841.078 0 0 0 0 971866 35.2795 92154 10 436305 971866 ZonesAtSurface
4025.28 2274.99 801.133 0 0 0 0 1.2144e+06 43.2104 124671 4.03574 1.61113e+06 1.2144e+06 ZonesAtSurface
4075.35 2274.99 761.188 0 3 0 0 1.35273e+06 40.9734 141268 3.36128 2.07299e+06 1.35273e+06 ZonesAtSurface
4125.43 2274.99 721.242 0 2 0 0 1.12748e+06 23.9665 108434 1.69004 2.26396e+06 1.12748e+06 ZonesAtSurface
4175.52 2274.99 631.299 0 6 2 1 1.23185e+06 31.0638 75726.7 1.78832 3.19075e+06 1.23185e+06 ZonesAtSurface
4225.56 2275 591.346 0 0 2 1 1.42171e+06 33.8904 105465 2.14391 3.14391e+06 1.42171e+06 ZonesAtSurface
4275.6 2275 551.386 0 0 1 1 1.10757e+06 30.3533 107986 1.81846 2.70693e+06 1.10757e+06 ZonesAtSurface
4325.61 2275 561.417 0 7 0 0 903399 37.985 132378 2.99689 1.60256e+06 903399 ZonesAtSurface
4375.63 2274.99 521.446 0 0 0 0 1.16967e+06 38.9997 81114.3 3.32396 1.80655e+06 1.16967e+06 ZonesAtSurface
4425.65 2274.99 481.474 0 0 0 0 1.1116e+06 32.4538 103956 2.04824 2.48e+06 1.1116e+06 ZonesAtSurface
4475.65 2274.99 441.502 0 0 0 0 924315 36.5445 68903.7 2.42126 2.07275e+06 924315 ZonesAtSurface
4525.66 2275 401.529 3 0 0 0 561850 38.0286 143921 1.52639 2.47851e+06 561850 ZonesAtSurface
4575.66 2275 361.554 0 0 0 0 1.24338e+06 22.8732 143613 2.46898 1.67331e+06 1.24338e+06 ZonesAtSurface
4625.66 2275 271.578 0 5 1 1 1.3552e+06 32.2294 87719.3 1.7656 3.11255e+06 1.3552e+06 ZonesAtSurface
4675.54 2275 131.622 7 0 1 3 833292 28.1283 88568.1 1.00876 6.90055e+06 833292 ZonesAtSurface
4725.47 2275 91.6338 5 0 1 3 839905 40.9181 110001 1.00287 9.60176e+06 839905 ZonesAtSurface
4775.38 2275 51.6318 5 0 1 3 999646 26.3838 99921.4 1.01101 1.10063e+07 999646 ZonesAtSurface
4825.34 2275 61.6581 11 0 1 2 1.01415e+06 20.7093 81209.4 1.0222 7.43936e+06 1.01415e+06 ZonesAtSurface
4875.29 2275 71.6829 3 0 1 1 536047 16.5447 97482.7 1.13958 3.92213e+06 536047 ZonesAtSurface
4925.23 2274.99 81.7207 0 0 0 0 696174 41.3041 92644.8 1.32875 6.2704e+06 696174 ZonesAtSurface
74.9142 2325 -39.818 36 0 1 2 568336 23.6577 113417 1.09681 6.56865e+06 568336 ZonesAtSurface
124.848 2325 -14.7846 33 3 1 2 859663 25.1241 86421.1 1.0801 2.69909e+06 859663 ZonesAtSurface
174.746 2325 -39.8355 28 0 1 3 1.48988e+06 30.3768 105035 1.01944 8.1761e+06 1.48988e+06 ZonesAtSurface
224.682 2325 -14.8156 30 10 1 3 1.48238e+06 33.1644 61423.7 1.56025 3.84349e+06 1.48238e+06 ZonesAtSurface
274.625 2325 -39.8583 24 0 1 4 849994 25.1337 122302 1.01741 7.61095e+06 849994 ZonesAtSurface
324.552 2325 -14.8609 16 0 1 4 742677 34.7462 114503 1.01485 6.99605e+06 742677 ZonesAtSurface
374.544 2325 -39.8931 0 0 1 5 1.02955e+06 33.9579 111990 1.66792 9.51837e+06 1.02955e+06 ZonesAtSurface
424.381 2324.99 85.1195 4 0 1 3 1.20261e+06 18.058 126081 1.02869 3.62925e+06 1.20261e+06 ZonesAtSurface
474.358 2324.99 110.111 3 0 1 3 1.462e+06 17.8303 136826 1.01221 5.28589e+06 1.462e+06 ZonesAtSurface
524.279 2324.99 285.095 5 6 0 0 502646 18.777 136138 1.13682 1.14796e+06 502646 ZonesAtSurface
574.28 2324.99 310.086 0 0 0 0 1.01239e+06 30.1035 79336.2 2.54805 1.61576e+06 1.01239e+06 ZonesAtSurface
624.277 2324.99 335.072 0 0 0 0 581144 36.8446 55941.3 2.41429 1.76067e+06 581144 ZonesAtSurface
674.273 2324.99 360.057 0 0 0 0 1.09374e+06 36.0446 79365.6 3.59931 1.68675e+06 1.09374e+06 ZonesAtSurface
724.271 2324.99 385.039 0 0 0 0 746339 37.3424 66115.6 2.83165 1.61262e+06 746339 ZonesAtSurface
774.272 2324.99 410.021 0 0 0 0 614481 42.576 58817.3 3.10393 1.48309e+06 614481 ZonesAtSurface
824.274 2324.99 435.001 0 0 0 0 1.1502e+06 34.4621 62691.7 4.09751 1.32817e+06 1.1502e+06 ZonesAtSurface
874.277 2324.99 459.98 0 0 0 0 1.04288e+06 17.2757 73764.8 2.58276 1.24141e+06 1.04288e+06 ZonesAtSurface
924.284 2324.99 484.96 0 0 0 0 841196 44.8268 133901 4.51352 1.25626e+06 841196 ZonesAtSurface
974.296 2324.99 509.939 0 0 0 0 761855 16.2922 97582.9 1.98582 1.18537e+06 761855 ZonesAtSurface
1024.31 2324.99 534.916 0 0 0 0 986460 38.6219 127107 5.15422 1.01854e+06 986460 ZonesAtSurface
1074.34 2324.99 559.891 0 0 0 0 667481 42.3382 127368 4.87014 856218 667481 ZonesAtSurface
1124.36 2324.99 584.865 0 0 0 0 1.02345e+06 40.2061 65324.3 7.54838 776721 1.02345e+06 ZonesAtSurface
1174.4 2324.99 609.839 0 0 0 0 547824 24.4067 116632 3.00708 739499 547824 ZonesAtSurface
1224.43 2324.99 634.813 0 0 0 0 566447 42.9409 110368 9.61597 425667 566447 ZonesAtSurface
1274.47 2324.99 659.79 0 0 0 0 547023 35.0473 111314 2.77881 835872 547023 ZonesAtSurface
1324.49 2324.99 634.774 0 10 2 1 1.1506e+06 20.8585 86826.3 2.00555 1.6606e+06 1.1506e+06 ZonesAtSurface
1374.5 2325 609.765 9 6 2 2 1.08503e+06 17.0873 65063.4 1.32266 2.38697e+06 1.08503e+06 ZonesAtSurface
1424.51 2324.99 584.756 8 0 2 3 677197 16.3407 94022.5 1.70961 1.1806e+06 677197 ZonesAtSurface
1474.54 2324.99 559.75 1 0 1 4 961901 43.1705 125010 1.20221 3.7114e+06 961901 ZonesAtSurface
1524.6 2324.99 634.703 8 0 2 3 500163 22.755 115138 1.58131 1.46845e+06 500163 ZonesAtSurface
1574.66 2324.98 709.668 0 9 2 2 1.32035e+06 31.4562 84306.1 2.13344 2.19253e+06 1.32035e+06 ZonesAtSurface
1624.67 2324.99 634.693 0 9 2 4 1.40773e+06 34.4269 102676 1.57074 3.33631e+06 1.40773e+06 ZonesAtSurface
1674.68 2324.99 559.704 0 0 1 6 1.24118e+06 38.8402 86822.7 1.33357 6.02145e+06 1.24118e+06 ZonesAtSurface
1724.73 2324.99 584.694 4 0 1 6 1.35767e+06 35.1257 118680 1.03058 5.92212e+06 1.35767e+06 ZonesAtSurface
1774.77 2324.99 609.687 5 0 2 6 577784 34.5813 73375.2 1.00766 4.07268e+06 577784 ZonesAtSurface
1824.81 2324.99 634.677 5 0 2 6 1.4378e+06 33.1837 84924.3 1.0261 5.57045e+06 1.4378e+06 ZonesAtSurface
1874.85 2324.99 709.663 0 9 2 5 1.33151e+06 44.3906 98947.4 2.02957 2.94409e+06 1.33151e+06 ZonesAtSurface
1924.91 2324.98 684.698 0 6 2 6 1.18707e+06 41.552 85820.2 1.32106 3.7566e+06 1.18707e+06 ZonesAtSurface
1974.96 2324.98 709.719 2 6 2 6 1.10029e+06 29.0166 132310 1.16147 3.0227e+06 1.10029e+06 ZonesAtSurface
2025 2324.98 672.265 0 6 1 6 1.11676e+06 41.7769 95003.5 1.1737 4.06187e+06 1.11676e+06 ZonesAtSurface
2075.02 2324.98 572.329 2 0 1 6 671947 44.7577 114309 1.07554 6.06878e+06 671947 ZonesAtSurface
2125.04 2324.98 522.375 7 0 1 5 618206 37.402 76439.8 1.17742 5.79354e+06 618206 ZonesAtSurface
2175.05 2324.98 422.418 1 0 1 5 1.40554e+06 19.3004 56569.3 1.4931 4.93443e+06 1.40554e+06 ZonesAtSurface
2225.07 2324.99 322.449 0 0 1 5 1.06685e+06 32.0678 51336.6 2.64926 4.56195e+06 1.06685e+06 ZonesAtSurface
2275.09 2324.99 222.469 0 0 0 0 1.48515e+06 32.8607 88396.1 4.08553 3.49369e+06 1.48515e+06 ZonesAtSurface
2325.1 2324.38 172.478 1 0 0 0 632461 40.7882 104175 1.00006 1.04615e+07 632461 ZonesAtSurface
2375.11 2324.98 22.4885 0 0 0 0 1.47213e+06 44.4017 68715.9 6.14079 6.11571e+06 1.47213e+06 ZonesAtSurface
2425.09 2324.39 -27.5084 6 0 0 0 1.28675e+06 19.8187 121230 1.00033 8.79894e+06 1.28675e+06 ZonesAtSurface
2475.08 2324.99 -177.498 0 0 0 0 845164 31.0896 75112.2 5.02637 6.74503e+06 845164 ZonesAtSurface
2525.05 2324.75 -157.487 10 0 0 0 1.27786e+06 29.5301 97426 1.79497 9.7765e+06 1.27786e+06 ZonesAtSurface
2575 2324.74 -117.475 6 8 0 0 1.31637e+06 23.8499 129282 0.920357 4.54619e+06 1.31637e+06 ZonesAtSurface
2624.95 2324.85 -77.4797 10 8 0 0 1.23989e+06 39.7138 78497.7 1.86058 3.34219e+06 1.23989e+06 ZonesAtSurface
2674.94 2324.94 -37.4927 2 0 0 0 838109 26.0012 88627.5 2.42804 1.38925e+07 838109 ZonesAtSurface
2724.93 2324.83 2.50397 7 6 0 0 551393 26.9431 85148 1.27525 4.81196e+06 551393 ZonesAtSurface
2774.9 2324.74 42.5066 8 10 0 0 993182 18.1238 106871 0 2.32602e+06 993182 ZonesAtSurface
2824.87 2324.6 82.5016 9 9 0 0 755772 33.0364 131431 1.19828 2.17278e+06 755772 ZonesAtSurface
2874.85 2324.99 72.4937 0 0 0 0 1.00127e+06 34.0316 91284 8.87682 2.16578e+06 1.00127e+06 ZonesAtSurface
2924.85 2324.7 162.479 9 1 0 0 1.07063e+06 30.6866 74499.7 1.14855 3.33815e+06 1.07063e+06 ZonesAtSurface
2974.84 2323.81 252.478 5 0 0 0 1.26828e+06 38.3826 74152.4 1.23629 3.28623e+07 1.26828e+06 ZonesAtSurface
3024.86 2324.61 242.454 10 0 0 0 1.33623e+06 15.7371 54714.6 1.27065 1.6481e+07 1.33623e+06 ZonesAtSurface
3074.85 2324.98 232.444 0 0 0 0 963027 18.9161 149792 3.37887 3.58616e+06 963027 ZonesAtSurface
3124.84 2324.98 272.426 0 0 0 0 585089 38.9145 67646.8 9.04202 2.68288e+06 585089 ZonesAtSurface
3174.85 2324.98 312.396 0 0 1 5 714524 40.3313 143506 6.64192 4.52546e+06 714524 ZonesAtSurface
3224.87 2324.97 352.367 0 0 1 5 509745 25.4747 80288.8 2.45207 6.14863e+06 509745 ZonesAtSurface
3274.88 2324.96 442.365 10 5 1 4 1.26108e+06 32.9853 68393.2 1.14749 4.39433e+06 1.26108e+06 ZonesAtSurface
3324.88 2324.97 482.337 10 0 1 4 1.08138e+06 44.087 119169 1.57071 6.04573e+06 1.08138e+06 ZonesAtSurface
3374.88 2324.98 522.3 2 0 1 4 801683 30.1322 84861 1.01385 4.80215e+06 801683 ZonesAtSurface
3424.89 2324.98 612.251 6 0 1 3 681826 30.3793 51491 1.01319 3.75559e+06 681826 ZonesAtSurface
3474.93 2324.99 702.203 0 4 2 2 1.0424e+06 39.4781 115172 1.8558 2.58172e+06 1.0424e+06 ZonesAtSurface
3524.95 2324.98 742.169 7 0 2 2 644106 33.6028 74500.2 1.30676 2.0495e+06 644106 ZonesAtSurface
3574.96 2324.98 732.134 7 0 1 3 1.02386e+06 31.4841 76854.4 1.14752 3.27115e+06 1.02386e+06 ZonesAtSurface
3625 2324.98 772.095 0 9 2 3 1.35503e+06 38.5342 121666 2.38139 2.27744e+06 1.35503e+06 ZonesAtSurface
3675.01 2324.98 712.078 11 0 1 5 851411 26.3491 69475.8 1.07092 4.18115e+06 851411 ZonesAtSurface
3725.06 2324.99 851.947 7 9 2 3 1.12103e+06 26.4259 132039 1.36445 2.56888e+06 1.12103e+06 ZonesAtSurface
3775.1 2324.99 901.923 0 7 2 2 914534 17.2096 132052 2.62835 964375 914534 ZonesAtSurface
3825.16 2324.99 811.943 0 0 2 3 1.04694e+06 24.3794 63981.7 1.86138 2.41984e+06 1.04694e+06 ZonesAtSurface
3875.13 2324.98 871.979 0 4 2 1 987862 30.1791 68998.7 5.5059 794406 987862 ZonesAtSurface
3925.19 2324.99 832.027 6 0 2 1 541864 35.5079 93254.4 3.75764 1.12065e+06 541864 ZonesAtSurface
3975.2 2324.99 842.079 2 0 0 0 662395 42.3246 131328 4.8794 1.04365e+06 662395 ZonesAtSurface
4025.28 2324.99 802.134 4 0 0 0 794922 32.2278 134054 2.04222 1.7237e+06 794922 ZonesAtSurface
4075.36 2324.99 762.189 0 0 0 0 611348 42.4922 93544 1.79595 2.17292e+06 611348 ZonesAtSurface
4125.43 2324.99 722.242 9 5 0 0 1.02852e+06 15.9879 117063 1.42958 2.04678e+06 1.02852e+06 ZonesAtSurface
4175.52 2325 632.299 0 3 2 1 1.25128e+06 38.4296 96986 2.1354 3.27133e+06 1.25128e+06 ZonesAtSurface
4225.57 2325 592.346 0 0 2 1 1.4303e+06 24.7784 69374.2 1.60428 3.13353e+06 1.4303e+06 ZonesAtSurface
4275.6 2325 552.387 0 0 1 1 1.40261e+06 32.7322 93134.3 2.22045 2.89984e+06 1.40261e+06 ZonesAtSurface
4325.63 2325 512.42 0 0 2 1 513852 20.9915 68460.8 1.34331 1.95826e+06 513852 ZonesAtSurface
4375.64 2325 522.445 0 0 0 0 1.41456e+06 32.0631 62121.4 3.57271 1.69451e+06 1.41456e+06 ZonesAtSurface
4425.65 2325 482.473 0 0 0 0 1.29177e+06 15.3859 116310 1.47394 2.45366e+06 1.29177e+06 ZonesAtSurface
4475.66 2325 442.499 0 6 0 0 1.17412e+06 37.1144 77692 2.94761 1.9481e+06 1.17412e+06 ZonesAtSurface
4525.66 2325 352.535 0 0 1 1 725661 42.5876 87389.7 2.57135 3.75546e+06 725661 ZonesAtSurface
4575.66 2325 362.559 0 5 0 0 1.01986e+06 34.6227 121719 3.14501 1.37105e+06 1.01986e+06 ZonesAtSurface
4625.66 2325 322.573 0 1 0 0 929591 34.3126 135918 3.32523 1.10071e+06 929591 ZonesAtSurface
4675.55 2325 132.622 3 0 1 3 668516 25.5809 144310 1.00975 5.70482e+06 668516 ZonesAtSurface
4725.48 2325 92.633 6 0 1 3 872359 31.9702 68807.6 1.00295 8.75165e+06 872359 ZonesAtSurface
4775.38 2325 52.6297 6 0 1 3 682580 21.2251 142620 1.01157 8.50155e+06 682580 ZonesAtSurface
4825.34 2325 62.6614 11 0 1 2 1.40476e+06 22.9307 70382.5 1.00752 8.15e+06 1.40476e+06 ZonesAtSurface
4875.29 2325 72.6798 11 0 2 1 1.26751e+06 39.6102 114013 1.09367 9.51533e+06 1.26751e+06 ZonesAtSurface
4925.23 2324.99 82.7273 0 0 0 0 1.04966e+06 21.9762 140248 1.35314 4.45597e+06 1.04966e+06 ZonesAtSurface
74.9168 2375 -38.8173 32 0 1 2 789721 38.2981 126292 1.11003 9.67502e+06 789721 ZonesAtSurface
124.847 2375 -13.777 44 0 1 2 713202 23.0217 56463.8 1.05811 2.86312e+06 713202 ZonesAtSurface
174.744 2375 -38.8323 38 0 1 3 710647 19.2017 58272.5 1.00445 4.42299e+06 710647 ZonesAtSurface
224.672 2375 -13.8166 29 8 1 3 1.06274e+06 43.032 144312 1.4675 3.62815e+06 1.06274e+06 ZonesAtSurface
274.62 2375 -38.8607 12 0 1 4 1.02122e+06 43.3664 50380.5 1.02374 1.08157e+07 1.02122e+06 ZonesAtSurface
324.547 2375 -13.8638 18 0 1 4 509577 18.8993 81580.1 1.00511 4.73422e+06 509577 ZonesAtSurface
374.487 2375 11.1266 8 0 1 4 1.03678e+06 37.0286 143023 1.00888 8.47729e+06 1.03678e+06 ZonesAtSurface
424.324 2375 136.12 3 9 2 2 1.12252e+06 32.0161 109629 1.70651 2.37306e+06 1.12252e+06 ZonesAtSurface
474.314 2374.99 161.115 9 0 1 2 656210 15.5388 73973.3 1.04681 2.07395e+06 656210 ZonesAtSurface
524.278 2374.99 286.097 0 9 0 0 680977 40.546 52264.6 3.01506 1.02393e+06 680977 ZonesAtSurface
574.278 2374.99 311.087 0 0 0 0 1.40581e+06 25.7637 92042.7 2.95189 1.6559e+06 1.40581e+06 ZonesAtSurface
624.275 2374.99 336.073 0 0 0 0 1.26707e+06 20.4989 90781.3 2.42864 1.76939e+06 1.26707e+06 ZonesAtSurface
674.271 2374.99 361.057 0 0 0 0 656551 27.6718 71402.6 1.84872 1.71311e+06 656551 ZonesAtSurface
724.269 2374.99 386.04 0 0 0 0 1.17645e+06 36.1154 53745.5 3.73503 1.63604e+06 1.17645e+06 ZonesAtSurface
774.269 2374.99 411.021 0 0 0 0 1.16111e+06 33.869 147040 3.64408 1.49131e+06 1.16111e+06 ZonesAtSurface
824.271 2374.99 436.001 0 0 0 0 1.37532e+06 16.9808 100784 3.07814 1.3135e+06 1.37532e+06 ZonesAtSurface
874.275 2374.99 460.981 0 0 0 0 1.39864e+06 27.0095 125911 4.2738 1.233e+06 1.39864e+06 ZonesAtSurface
924.282 2374.99 485.961 0 0 0 0 1.31781e+06 25.5798 116499 3.83161 1.24e+06 1.31781e+06 ZonesAtSurface
974.293 2374.99 510.939 0 0 0 0 584699 19.5829 141596 1.76131 1.17725e+06 584699 ZonesAtSurface
1024.31 2374.99 535.916 0 0 0 0 853004 31.1021 127964 3.66221 1.01739e+06 853004 ZonesAtSurface
1074.33 2374.99 560.892 0 0 0 0 1.29799e+06 41.6143 134235 8.07754 852367 1.29799e+06 ZonesAtSurface
1124.36 2374.99 585.866 0 0 0 0 1.25906e+06 19.3901 139189 5.06629 767345 1.25906e+06 ZonesAtSurface
1174.39 2374.99 610.84 0 0 0 0 500408 39.3992 135938 4.84405 701412 500408 ZonesAtSurface
1224.43 2374.99 635.814 0 0 0 0 1.36156e+06 18.3527 99019.9 9.99381 402159 1.36156e+06 ZonesAtSurface
1274.47 2374.99 660.79 0 0 0 0 1.23368e+06 19.8923 112743 4.81125 763557 1.23368e+06 ZonesAtSurface
1324.46 2374.99 585.779 0 3 2 2 1.33926e+06 40.191 104033 1.99097 3.39044e+06 1.33926e+06 ZonesAtSurface
1374.47 2375 560.777 3 9 2 3 1.39645e+06 28.8753 108815 1.60268 3.38704e+06 1.39645e+06 ZonesAtSurface
1424.49 2374.99 535.769 0 0 2 4 714464 42.0279 89015.7 1.50497 3.19918e+06 714464 ZonesAtSurface
1474.53 2374.99 560.748 5 3 2 4 1.3612e+06 24.4611 62183.3 1.14047 3.74832e+06 1.3612e+06 ZonesAtSurface
1524.61 2374.99 685.686 7 0 2 2 632924 22.9245 79286.2 2.2361 1.04251e+06 632924 ZonesAtSurface
1574.66 2374.99 710.663 1 5 2 2 558389 23.6191 103733 1.57442 1.12983e+06 558389 ZonesAtSurface
1624.67 2374.99 635.688 7 0 1 4 985346 15.3859 63855.9 1.09091 2.98336e+06 985346 ZonesAtSurface
1674.69 2374.99 610.694 7 0 1 5 1.06951e+06 16.2249 122722 1.30774 2.68361e+06 1.06951e+06 ZonesAtSurface
1724.73 2374.99 635.686 7 7 2 5 1.32161e+06 27.5569 70727.6 1.47326 2.89326e+06 1.32161e+06 ZonesAtSurface
1774.77 2374.99 660.678 9 5 2 5 746217 20.5882 55514.5 1.3428 1.56778e+06 746217 ZonesAtSurface
1824.81 2374.99 635.681 0 0 2 6 927442 36.3249 107138 1.01317 5.08017e+06 927442 ZonesAtSurface
1874.85 2374.99 660.686 6 0 1 6 765979 41.7663 62138.4 1.00748 3.15677e+06 765979 ZonesAtSurface
1924.89 2374.98 685.704 3 6 1 6 869372 44.8657 76890.5 1.07411 3.58811e+06 869372 ZonesAtSurface
1974.95 2374.99 710.72 0 6 2 6 919917 20.5772 79316.4 0.993391 2.59708e+06 919917 ZonesAtSurface
2024.99 2374.99 673.266 5 0 2 6 878077 17.571 85717.6 1.04214 2.29416e+06 878077 ZonesAtSurface
2075.01 2374.99 573.329 0 0 1 6 1.48835e+06 38.0434 130734 1.56518 6.05457e+06 1.48835e+06 ZonesAtSurface
2125.03 2374.99 573.369 6 9 2 4 958099 42.7522 101601 1.40542 3.09588e+06 958099 ZonesAtSurface
2175.04 2374.99 423.413 0 0 1 5 681237 40.6039 62393.7 6.12245 3.55621e+06 681237 ZonesAtSurface
2225.06 2374.99 323.446 0 0 1 5 609141 25.604 111086 2.74138 3.06753e+06 609141 ZonesAtSurface
2275.09 2374.99 223.469 0 0 0 0 1.06479e+06 38.0873 137270 8.71351 1.97007e+06 1.06479e+06 ZonesAtSurface
2325.1 2374.99 123.481 0 0 0 0 1.33796e+06 22.8007 101810 3.60312 2.97106e+06 1.33796e+06 ZonesAtSurface
2375.11 2374.99 23.4873 0 0 0 0 856165 27.7959 85138.3 3.35067 4.30511e+06 856165 ZonesAtSurface
2425.1 2374.99 -76.5052 0 0 0 0 506634 42.5557 88194.3 9.77489 4.16586e+06 506634 ZonesAtSurface
2475.09 2374.99 -176.497 0 0 0 0 950759 29.8453 87147.3 5.37256 5.14702e+06 950759 ZonesAtSurface
2525.05 2374.74 -156.49 9 0 0 0 1.32504e+06 18.5737 82016.3 1.24085 1.32637e+07 1.32504e+06 ZonesAtSurface
2575 2374.94 -116.489 6 0 0 0 694975 18.2683 86295.3 1.24694 9.13263e+06 694975 ZonesAtSurface
2624.97 2374.91 -76.497 3 0 0 0 1.17359e+06 27.4187 101418 1.34549 1.64789e+07 1.17359e+06 ZonesAtSurface
2674.95 2374.85 -36.5081 9 0 0 0 1.48074e+06 34.9026 106705 2.24509 2.55686e+07 1.48074e+06 ZonesAtSurface
2724.94 2374.78 3.48537 9 0 0 0 1.10415e+06 33.4828 113852 1.75196 5.07014e+07 1.10415e+06 ZonesAtSurface
2774.92 2374.84 43.4867 10 0 0 0 578685 32.462 143099 1.78954 3.55623e+07 578685 ZonesAtSurface
2824.89 2374.8 83.4888 8 9 0 0 1.09896e+06 26.9431 101482 1.27385 2.68356e+06 1.09896e+06 ZonesAtSurface
2874.87 2374.69 123.487 6 10 0 0 1.4115e+06 32.9915 119340 0.669215 8.27714e+06 1.4115e+06 ZonesAtSurface
2924.86 2373.76 213.479 5 5 0 0 526819 39.5538 75627.1 0 848263 526819 ZonesAtSurface
2974.85 2374.76 203.469 10 0 0 0 1.40489e+06 19.0597 66253.2 1.94386 7.78766e+06 1.40489e+06 ZonesAtSurface
3024.85 2374.99 193.457 0 0 0 0 1.45307e+06 17.6853 106989 9.45311 1.33918e+06 1.45307e+06 ZonesAtSurface
3074.87 2374.42 283.443 3 0 0 0 985052 16.2065 57505.1 1.0014 8.00504e+06 985052 ZonesAtSurface
3124.85 2374.44 323.432 10 0 0 0 779910 33.0635 117319 1.00738 9.76131e+06 779910 ZonesAtSurface
3174.85 2374.98 313.409 0 0 0 0 1.09875e+06 40.7748 55281.3 10 2.98698e+06 1.09875e+06 ZonesAtSurface
3224.87 2374.98 353.376 0 0 1 5 668490 39.2399 86400.8 7.08389 4.07146e+06 668490 ZonesAtSurface
3274.89 2374.98 393.35 2 0 1 5 785259 20.2829 66958.7 2.41075 4.30394e+06 785259 ZonesAtSurface
3324.89 2374.98 483.335 4 3 1 4 1.17791e+06 37.0931 115843 1.22976 4.08507e+06 1.17791e+06 ZonesAtSurface
3374.88 2374.98 573.282 0 0 2 3 1.46336e+06 37.6364 139307 1.15748 5.16526e+06 1.46336e+06 ZonesAtSurface
3424.9 2374.98 613.245 6 0 1 3 1.16858e+06 34.5847 60754.4 1.06107 4.81663e+06 1.16858e+06 ZonesAtSurface
3474.96 2374.99 753.191 0 5 2 1 888468 25.4868 131138 1.83918 1.4992e+06 888468 ZonesAtSurface
3524.96 2374.99 743.162 0 0 2 2 756587 39.9271 126031 1.84806 2.34107e+06 756587 ZonesAtSurface
3574.97 2374.98 733.132 0 0 1 3 1.47567e+06 32.4024 135182 2.15597 3.19038e+06 1.47567e+06 ZonesAtSurface
3625.01 2374.98 773.094 0 7 2 3 1.43204e+06 42.397 122016 2.41664 2.71108e+06 1.43204e+06 ZonesAtSurface
3675.02 2374.98 713.08 6 0 1 5 1.45093e+06 34.4721 89859.1 1.22183 6.55034e+06 1.45093e+06 ZonesAtSurface
3725.07 2374.99 802.985 1 0 1 4 1.20635e+06 42.5992 107520 1.37684 5.05087e+06 1.20635e+06 ZonesAtSurface
3775.11 2374.99 902.93 0 0 2 2 1.23624e+06 28.8902 118180 5.16909 963114 1.23624e+06 ZonesAtSurface
3825.14 2374.99 862.945 0 4 1 2 1.41324e+06 38.637 75835.6 10 851374 1.41324e+06 ZonesAtSurface
3875.14 2374.99 872.981 0 0 2 1 1.30578e+06 27.7514 132807 5.52966 1.03123e+06 1.30578e+06 ZonesAtSurface
3925.14 2374.98 883.028 0 5 0 0 995793 34.8501 86189 4.14708 1.21622e+06 995793 ZonesAtSurface
3975.21 2374.99 843.079 4 0 0 0 537558 44.5393 71312.9 4.16783 1.13652e+06 537558 ZonesAtSurface
4025.28 2374.99 803.134 4 0 0 0 1.08348e+06 18.3255 99125 1.77211 1.87965e+06 1.08348e+06 ZonesAtSurface
4075.36 2374.99 763.19 0 0 0 0 880433 34.1969 102952 1.82852 2.25574e+06 880433 ZonesAtSurface
4125.47 2375 673.249 3 0 1 1 605970 34.2828 115037 1.24568 3.05629e+06 605970 ZonesAtSurface
4175.52 2375 633.3 5 0 1 1 886967 33.4887 122146 1.42006 3.21389e+06 886967 ZonesAtSurface
4225.57 2375 593.346 0 0 2 1 1.33967e+06 22.1271 100027 1.69238 2.78351e+06 1.33967e+06 ZonesAtSurface
4275.6 2375 553.385 0 0 1 1 762591 34.3487 96290.9 1.71104 2.87056e+06 762591 ZonesAtSurface
4325.62 2374.99 563.417 0 2 0 0 1.25464e+06 28.2853 83537.4 2.80735 1.63407e+06 1.25464e+06 ZonesAtSurface
4375.64 2375 523.444 0 0 0 0 1.49788e+06 42.1027 110120 4.6777 1.811e+06 1.49788e+06 ZonesAtSurface
4425.66 2375 433.478 0 0 1 1 988303 32.5427 61466.9 1.29673 3.48802e+06 988303 ZonesAtSurface
4475.66 2375 443.498 0 10 0 0 1.35835e+06 43.5993 124857 3.89178 2.04311e+06 1.35835e+06 ZonesAtSurface
4525.65 2375 303.544 0 0 1 2 919117 26.3181 102314 1.41155 4.11508e+06 919117 ZonesAtSurface
4575.65 2375 363.564 0 9 0 0 1.17828e+06 25.4742 149224 7.43592 566663 1.17828e+06 ZonesAtSurface
4625.66 2375 323.577 10 8 0 0 733553 16.5934 56964.7 2.3233 839434 733553 ZonesAtSurface
4675.55 2375 133.622 0 0 1 3 822148 18.3832 99438.5 1.02924 4.69092e+06 822148 ZonesAtSurface
4725.48 2375 93.6336 1 0 1 3 634953 43.2653 118359 1.18577 1.00834e+07 634953 ZonesAtSurface
4775.39 2375 53.6305 2 0 1 3 1.06149e+06 35.1855 83982 1.13 1.25227e+07 1.06149e+06 ZonesAtSurface
4825.34 2375 63.6574 7 0 1 2 1.03088e+06 18.9338 84836.1 1.02842 6.59379e+06 1.03088e+06 ZonesAtSurface
4875.3 2375 73.6781 11 0 1 1 959272 34.5597 148652 1.11223 8.03129e+06 959272 ZonesAtSurface
4925.23 2374.99 83.7351 0 0 0 0 964089 33.4453 51248.5 1.32763 5.66189e+06 964089 ZonesAtSurface
74.918 2425 -37.8125 40 0 1 2 1.11231e+06 36.0737 135854 1.11213 9.48485e+06 1.11231e+06 ZonesAtSurface
124.845 2425 -12.7705 47 0 1 2 919825 33.2546 52168.9 1.177 3.63681e+06 919825 ZonesAtSurface
174.741 2425 -37.8294 26 0 1 3 1.13197e+06 42.7392 117175 1.00202 8.01417e+06 1.13197e+06 ZonesAtSurface
224.664 2425 -12.8164 39 9 1 3 1.46892e+06 15.9773 61699.9 1.3133 3.16677e+06 1.46892e+06 ZonesAtSurface
274.615 2425 -37.8654 13 0 1 4 1.0995e+06 33.476 110644 1.02183 9.48732e+06 1.0995e+06 ZonesAtSurface
324.544 2425 -12.8672 18 0 1 4 1.06683e+06 24.3504 119087 1.0133 6.8657e+06 1.06683e+06 ZonesAtSurface
374.541 2425 -37.893 0 0 1 5 713213 38.3936 73480.9 2.11612 9.07299e+06 713213 ZonesAtSurface
424.443 2425 37.1174 1 0 1 4 1.07101e+06 36.8207 138907 1.37668 8.52512e+06 1.07101e+06 ZonesAtSurface
474.287 2424.99 212.111 7 7 2 1 1.21858e+06 27.3663 97186.9 1.3331 3.07429e+06 1.21858e+06 ZonesAtSurface
524.278 2424.99 287.1 0 0 0 0 1.21545e+06 27.0134 148701 2.99071 1.3324e+06 1.21545e+06 ZonesAtSurface
574.277 2424.99 312.088 0 0 0 0 823834 42.8111 64917.3 3.1391 1.71969e+06 823834 ZonesAtSurface
624.273 2424.99 337.074 0 0 0 0 1.06378e+06 42.9898 76275.7 3.88603 1.86664e+06 1.06378e+06 ZonesAtSurface
674.269 2424.99 362.058 0 0 0 0 1.47133e+06 43.9693 140123 5.47276 1.76777e+06 1.47133e+06 ZonesAtSurface
724.267 2424.99 387.04 0 0 0 0 902981 21.4241 81001.4 1.94136 1.64241e+06 902981 ZonesAtSurface
774.267 2424.99 412.022 0 0 0 0 1.04115e+06 16.6809 104671 2.1137 1.49256e+06 1.04115e+06 ZonesAtSurface
824.269 2424.99 437.002 0 0 0 0 1.4947e+06 22.5756 96384.3 3.75948 1.31679e+06 1.4947e+06 ZonesAtSurface
874.273 2424.99 461.981 0 0 0 0 1.17316e+06 41.3068 145912 5.49635 1.23993e+06 1.17316e+06 ZonesAtSurface
924.279 2424.99 486.961 0 0 0 0 1.35184e+06 17.4909 147332 3.23305 1.23464e+06 1.35184e+06 ZonesAtSurface
974.291 2424.99 511.94 0 0 0 0 870560 42.7999 111587 4.69793 1.18743e+06 870560 ZonesAtSurface
1024.31 2424.99 536.917 0 0 0 0 1.37311e+06 17.669 68573 4.02592 1.01861e+06 1.37311e+06 ZonesAtSurface
1074.33 2424.99 561.892 0 0 0 0 1.41033e+06 21.5049 126878 5.37354 848370 1.41033e+06 ZonesAtSurface
1124.36 2424.99 586.866 0 0 0 0 1.34254e+06 24.0905 72790 5.98816 785541 1.34254e+06 ZonesAtSurface
1174.39 2424.99 611.84 0 0 0 0 1.03343e+06 26.6681 114532 5.92165 682304 1.03343e+06 ZonesAtSurface
1224.43 2424.99 636.814 0 0 0 0 1.25665e+06 24.7675 100732 9.27433 449092 1.25665e+06 ZonesAtSurface
1274.47 2424.99 661.79 0 5 0 0 1.36082e+06 17.2089 142000 5.55526 690623 1.36082e+06 ZonesAtSurface
1324.48 2424.99 636.77 0 6 2 1 679132 41.3345 115709 1.79116 1.62034e+06 679132 ZonesAtSurface
1374.45 2424.99 511.79 0 0 1 4 1.17977e+06 28.9812 127905 1.52273 3.76395e+06 1.17977e+06 ZonesAtSurface
1424.49 2424.99 536.772 1 0 2 4 1.03938e+06 25.9284 65302.2 1.2115 2.93018e+06 1.03938e+06 ZonesAtSurface
1474.53 2424.99 561.748 5 0 2 4 1.20582e+06 23.8158 99248.9 1.13376 3.43634e+06 1.20582e+06 ZonesAtSurface
1524.6 2424.99 686.687 8 8 2 2 1.13111e+06 20.688 139748 1.6904 2.05691e+06 1.13111e+06 ZonesAtSurface
1574.65 2424.99 711.662 4 0 2 2 664610 38.2173 50666.9 1.66685 2.18418e+06 664610 ZonesAtSurface
1624.68 2424.99 686.666 7 9 2 3 1.4051e+06 31.8164 59738.2 1.41018 3.62114e+06 1.4051e+06 ZonesAtSurface
1674.7 2424.99 661.679 10 0 2 4 556782 38.7986 124118 1.64562 2.62904e+06 556782 ZonesAtSurface
1724.73 2424.99 636.683 8 0 2 5 693407 16.1907 139023 1.07649 1.81987e+06 693407 ZonesAtSurface
1774.77 2424.99 661.678 0 6 2 5 1.4795e+06 19.9115 85106.6 1.65141 2.50545e+06 1.4795e+06 ZonesAtSurface
1824.8 2424.99 686.676 8 9 2 5 1.09299e+06 42.0384 114405 1.70634 2.62356e+06 1.09299e+06 ZonesAtSurface
1874.84 2424.99 661.694 2 0 2 6 1.07481e+06 29.2126 101187 1.01041 3.47412e+06 1.07481e+06 ZonesAtSurface
1924.89 2424.99 686.708 2 6 2 6 1.16066e+06 37.1579 123054 1.12767 3.81489e+06 1.16066e+06 ZonesAtSurface
1974.93 2424.99 711.722 0 6 2 6 1.05061e+06 28.5399 95018.2 1.08623 3.10734e+06 1.05061e+06 ZonesAtSurface
2024.97 2424.99 674.266 3 5 2 6 935379 37.1091 147521 1.11942 3.14932e+06 935379 ZonesAtSurface
2075 2424.99 574.329 6 0 1 6 867761 42.0077 109854 1.15727 5.98969e+06 867761 ZonesAtSurface
2125.02 2425 524.374 3 0 2 5 869528 22.4355 83122 1.14157 4.04803e+06 869528 ZonesAtSurface
2175.04 2425 424.418 0 0 1 5 883777 31.4769 90997.4 4.06691 3.20427e+06 883777 ZonesAtSurface
2225.07 2424.99 324.451 0 0 0 0 981253 30.9234 72614.6 7.62495 1.81634e+06 981253 ZonesAtSurface
2275.09 2424.99 224.471 0 0 0 0 611678 19.4501 143683 4.84788 1.41833e+06 611678 ZonesAtSurface
2325.11 2424.99 124.482 0 0 0 0 1.1047e+06 25.5169 111870 8.78939 1.5029e+06 1.1047e+06 ZonesAtSurface
2375.1 2424.39 74.4884 1 0 0 0 766134 40.29 92808 1.00007 1.14773e+07 766134 ZonesAtSurface
2425.1 2424.39 -25.5059 2 0 0 0 921940 36.3687 76032.3 1.00032 1.54267e+07 921940 ZonesAtSurface
2475.08 2424.57 -125.501 10 8 0 0 1.05788e+06 38.388 60187 0 1.43856e+06 1.05788e+06 ZonesAtSurface
2525.04 2424.84 -155.498 7 8 0 0 1.35756e+06 26.3309 141515 0 4.42778e+06 1.35756e+06 ZonesAtSurface
2575 2424.89 -115.5 9 0 0 0 1.29637e+06 15.0009 109095 1.46858 1.25367e+07 1.29637e+06 ZonesAtSurface
2624.98 2424.8 -75.5023 8 0 0 0 948237 40.2958 89791.2 1.96149 5.2285e+07 948237 ZonesAtSurface
2674.96 2424.98 -85.4945 0 0 0 0 1.06509e+06 25.4066 73595.9 3.38863 7.52295e+06 1.06509e+06 ZonesAtSurface
2724.93 2424.99 -45.497 0 0 0 0 870922 39.1372 77906.8 8.2503 5.82382e+06 870922 ZonesAtSurface
2774.91 2424.69 44.4924 9 0 0 0 860507 22.7668 99853.6 1.1629 3.15821e+07 860507 ZonesAtSurface
2824.89 2424.79 84.4854 10 0 0 0 1.3145e+06 18.4223 137019 1.34653 3.11234e+07 1.3145e+06 ZonesAtSurface
2874.88 2424.87 124.481 9 0 0 0 977034 41.6182 125750 2.34234 3.20485e+07 977034 ZonesAtSurface
2924.87 2424.94 164.473 2 0 0 0 881562 30.2499 126220 1.44908 1.33888e+07 881562 ZonesAtSurface
2974.85 2424.99 154.468 0 0 0 0 1.39819e+06 36.3301 101443 8.90095 4.057e+06 1.39819e+06 ZonesAtSurface
3024.85 2424.99 194.459 0 0 0 0 523872 18.6925 52545.2 3.10691 2.86744e+06 523872 ZonesAtSurface
3074.85 2424.99 234.45 0 0 0 0 1.29398e+06 27.7625 50483.1 8.78476 1.71917e+06 1.29398e+06 ZonesAtSurface
3124.86 2424.43 324.439 10 0 0 0 1.48778e+06 32.0642 148559 1.00194 6.72804e+06 1.48778e+06 ZonesAtSurface
3174.86 2424.99 314.42 0 0 0 0 1.30187e+06 27.8296 76705.2 5.01423 2.82166e+06 1.30187e+06 ZonesAtSurface
3224.87 2424.98 354.392 0 0 0 0 1.32196e+06 36.175 149334 6.6921 3.08369e+06 1.32196e+06 ZonesAtSurface
3274.88 2424.99 394.362 0 0 1 5 644163 17.8259 137517 4.78112 1.74245e+06 644163 ZonesAtSurface
3324.89 2424.99 484.336 5 0 1 4 1.10478e+06 41.4066 121909 1.31505 4.64396e+06 1.10478e+06 ZonesAtSurface
3374.89 2424.99 574.279 1 0 2 3 562633 43.3298 113614 1.10093 5.18642e+06 562633 ZonesAtSurface
3424.94 2424.99 714.221 2 3 2 1 717511 31.1263 71883.9 1.28723 1.89785e+06 717511 ZonesAtSurface
3474.97 2424.99 754.186 6 6 2 1 528741 32.3108 56078.3 1.64266 1.12907e+06 528741 ZonesAtSurface
3525 2424.99 794.152 0 7 2 1 621860 42.6662 132138 2.92018 982694 621860 ZonesAtSurface
3575 2424.99 784.121 6 1 2 2 588773 35.1585 88405 1.23859 1.94535e+06 588773 ZonesAtSurface
3625.01 2424.98 774.092 1 0 2 3 907550 31.2688 137498 1.47488 2.73227e+06 907550 ZonesAtSurface
3675.03 2424.98 764.058 10 0 1 4 798810 25.5124 140211 1.32752 3.21535e+06 798810 ZonesAtSurface
3725.07 2424.99 803.991 1 0 1 4 1.41812e+06 26.8132 83993.4 1.05023 4.50508e+06 1.41812e+06 ZonesAtSurface
3775.11 2424.99 903.936 0 0 2 2 913616 22.0726 79287.8 4.35615 797750 913616 ZonesAtSurface
3825.12 2424.98 913.951 0 8 2 1 1.48472e+06 17.022 69330.2 5.56841 785512 1.48472e+06 ZonesAtSurface
3875.15 2424.99 873.983 0 8 2 1 811882 43.1026 69108.7 5.57804 1.24137e+06 811882 ZonesAtSurface
3925.2 2424.99 834.029 0 0 1 1 1.48264e+06 31.0187 137572 4.77219 1.41016e+06 1.48264e+06 ZonesAtSurface
3975.21 2424.99 844.081 0 0 0 0 1.49306e+06 44.475 123944 8.90598 1.03366e+06 1.49306e+06 ZonesAtSurface
4025.29 2424.99 804.137 5 0 0 0 666827 36.0615 142282 2.14886 1.78663e+06 666827 ZonesAtSurface
4075.36 2424.99 764.191 0 0 0 0 1.32387e+06 31.1685 51203.1 2.18066 2.28052e+06 1.32387e+06 ZonesAtSurface
4125.44 2424.99 724.242 0 8 0 0 1.36307e+06 44.9071 140699 3.35463 2.21644e+06 1.36307e+06 ZonesAtSurface
4175.53 2425 634.301 0 0 1 1 1.45738e+06 21.0553 130066 1.51262 3.2865e+06 1.45738e+06 ZonesAtSurface
4225.57 2425 594.346 0 0 2 1 1.40461e+06 39.9567 55257.9 3.42985 2.49296e+06 1.40461e+06 ZonesAtSurface
4275.59 2424.99 604.381 0 7 0 0 946685 44.3808 138010 2.65463 2.11655e+06 946685 ZonesAtSurface
4325.62 2425 564.415 6 0 0 0 680892 34.9438 70630.2 2.00269 2.07174e+06 680892 ZonesAtSurface
4375.65 2425 524.444 0 3 0 0 943637 40.1023 91144.8 2.43724 1.80505e+06 943637 ZonesAtSurface
4425.66 2425 484.471 0 7 0 0 917421 37.278 95876.4 1.95042 2.36027e+06 917421 ZonesAtSurface
4475.66 2425 344.516 0 0 1 2 1.16042e+06 33.2525 132910 2.02132 4.30722e+06 1.16042e+06 ZonesAtSurface
4525.66 2425 354.543 4 0 1 1 1.13307e+06 36.685 119960 1.85947 4.26245e+06 1.13307e+06 ZonesAtSurface
4575.66 2425 314.569 8 0 2 1 873846 34.405 109581 1.46469 2.53213e+06 873846 ZonesAtSurface
4625.66 2425 274.586 1 0 2 1 1.25809e+06 16.4016 53856.2 1.39833 2.78023e+06 1.25809e+06 ZonesAtSurface
4675.61 2425 184.617 8 0 1 2 1.49931e+06 39.4893 94053.8 1.1641 7.39134e+06 1.49931e+06 ZonesAtSurface
4725.48 2425 94.6349 6 0 1 3 1.49239e+06 17.4439 77964 1.01349 7.05158e+06 1.49239e+06 ZonesAtSurface
4775.39 2425 54.6322 3 0 1 3 1.25611e+06 16.2924 106001 1.01749 7.70568e+06 1.25611e+06 ZonesAtSurface
4825.35 2425 64.6497 8 0 1 2 566574 43.5167 108707 1.02791 1.2484e+07 566574 ZonesAtSurface
4875.3 2425 74.6806 15 0 1 1 984689 15.3836 95457.2 1.06093 4.7263e+06 984689 ZonesAtSurface
4925.23 2424.99 84.7387 0 0 0 0 1.29326e+06 28.8511 104512 1.55923 5.21731e+06 1.29326e+06 ZonesAtSurface
74.9152 2475 -36.8071 47 0 1 2 781106 24.7521 80900 1.13111 6.38331e+06 781106 ZonesAtSurface
124.841 2475 -11.7681 47 9 1 2 897989 24.9818 77182 1.35937 2.28979e+06 897989 ZonesAtSurface
174.737 2475 -36.8288 38 0 1 3 693074 17.2395 136430 1.00831 4.15795e+06 693074 ZonesAtSurface
224.655 2475 -11.8185 38 7 1 3 1.45398e+06 23.5785 136518 1.34839 3.57578e+06 1.45398e+06 ZonesAtSurface
274.61 2475 -36.8698 19 0 1 4 739739 26.3969 74979.5 1.02094 8.4702e+06 739739 ZonesAtSurface
324.465 2474.99 38.136 7 6 2 3 1.299e+06 41.0067 141681 1.29305 4.71772e+06 1.299e+06 ZonesAtSurface
374.428 2474.99 63.1344 9 0 1 3 746747 33.5322 72757.3 1.09582 5.06289e+06 746747 ZonesAtSurface
424.392 2474.99 88.1254 6 0 1 3 1.38618e+06 25.9914 58153.9 1.02162 5.5309e+06 1.38618e+06 ZonesAtSurface
474.289 2474.99 213.114 3 0 2 1 537248 31.2886 63651.7 1.18732 2.33366e+06 537248 ZonesAtSurface
524.279 2474.99 288.102 0 2 0 0 1.35127e+06 26.2387 105774 2.93157 1.49015e+06 1.35127e+06 ZonesAtSurface
574.277 2474.99 313.09 0 0 0 0 637318 34.427 123780 2.00326 1.65419e+06 637318 ZonesAtSurface
624.271 2474.99 338.075 4 0 0 0 550313 35.7363 86422.4 1.80558 2.32991e+06 550313 ZonesAtSurface
674.266 2474.99 363.058 2 0 0 0 596236 25.3536 138071 1.50119 1.76568e+06 596236 ZonesAtSurface
724.265 2474.99 388.041 0 0 0 0 536833 34.7854 103435 2.00842 1.63473e+06 536833 ZonesAtSurface
774.265 2474.99 413.022 0 0 0 0 1.38127e+06 41.5042 51635.2 5.33046 1.47692e+06 1.38127e+06 ZonesAtSurface
824.267 2474.99 438.002 0 0 0 0 1.01714e+06 41.3931 136813 4.45893 1.32912e+06 1.01714e+06 ZonesAtSurface
874.27 2474.99 462.982 0 0 0 0 1.05306e+06 31.4655 55162.4 3.7008 1.28654e+06 1.05306e+06 ZonesAtSurface
924.277 2474.99 487.961 0 0 0 0 838550 17.3538 74508.4 2.08402 1.26057e+06 838550 ZonesAtSurface
974.289 2474.99 512.94 0 0 0 0 1.47556e+06 26.7117 127595 4.5701 1.17602e+06 1.47556e+06 ZonesAtSurface
1024.31 2474.99 537.917 0 0 0 0 1.27571e+06 16.0999 130210 3.55374 1.031e+06 1.27571e+06 ZonesAtSurface
1074.33 2474.99 562.892 0 0 0 0 1.15498e+06 29.1855 107759 5.41205 862991 1.15498e+06 ZonesAtSurface
1124.36 2474.99 587.867 0 0 0 0 920924 31.4731 98107.2 5.13396 804551 920924 ZonesAtSurface
1174.39 2474.99 612.84 0 0 0 0 1.00274e+06 23.8259 96509.5 5.26696 697691 1.00274e+06 ZonesAtSurface
1224.42 2474.99 637.815 0 0 0 0 713053 23.9427 59386.3 4.92841 486683 713053 ZonesAtSurface
1274.46 2474.99 662.79 0 0 0 0 1.37264e+06 26.9187 62999.9 7.42747 662488 1.37264e+06 ZonesAtSurface
1324.45 2474.99 587.777 0 3 2 2 1.18912e+06 35.6058 69441.9 1.30217 3.46829e+06 1.18912e+06 ZonesAtSurface
1374.45 2474.99 512.792 0 0 1 4 1.24515e+06 35.8043 104946 1.85552 3.78184e+06 1.24515e+06 ZonesAtSurface
1424.48 2474.99 537.774 0 0 1 4 1.40294e+06 15.0232 103773 1.3595 2.71012e+06 1.40294e+06 ZonesAtSurface
1474.52 2474.99 562.749 4 0 1 4 666558 44.4142 57655.6 1.0715 3.72805e+06 666558 ZonesAtSurface
1524.58 2474.99 637.702 10 0 1 3 1.4688e+06 15.2191 89282.9 1.36611 3.07e+06 1.4688e+06 ZonesAtSurface
1574.64 2474.99 712.662 0 0 2 2 551932 22.7922 112035 1.61922 1.48889e+06 551932 ZonesAtSurface
1624.68 2474.99 687.66 7 0 2 3 581196 27.0568 54001.4 1.206 1.81581e+06 581196 ZonesAtSurface
1674.69 2474.99 612.689 10 0 1 5 1.04898e+06 28.1011 50665.3 1.14363 3.95193e+06 1.04898e+06 ZonesAtSurface
1724.72 2474.99 637.682 0 2 2 5 1.3169e+06 21.7869 57597.7 1.37267 2.83278e+06 1.3169e+06 ZonesAtSurface
1774.76 2474.99 662.677 3 5 2 5 995909 25.0482 69964.3 1.21982 2.49732e+06 995909 ZonesAtSurface
1824.8 2474.99 637.69 0 0 1 6 810086 20.7455 98395.2 1.08617 3.38777e+06 810086 ZonesAtSurface
1874.84 2474.99 662.697 6 0 2 6 1.30044e+06 25.2834 128904 1.005 4.26123e+06 1.30044e+06 ZonesAtSurface
1924.88 2474.99 687.71 6 0 2 6 675687 19.6402 63078.5 1.00021 2.16921e+06 675687 ZonesAtSurface
1974.92 2474.99 712.724 0 6 2 6 1.1191e+06 27.7537 65838 1.08605 3.30973e+06 1.1191e+06 ZonesAtSurface
2024.96 2474.99 675.265 6 2 2 6 970704 33.3562 129545 1.02706 3.24963e+06 970704 ZonesAtSurface
2074.99 2474.99 575.327 6 0 1 6 886860 17.2587 91469.2 1.01829 3.42637e+06 886860 ZonesAtSurface
2125.02 2475 525.375 9 0 1 5 1.48374e+06 36.7117 134644 1.0191 5.61474e+06 1.48374e+06 ZonesAtSurface
2175.05 2475 375.426 2 0 1 6 1.08037e+06 16.0301 101034 1.27852 4.29289e+06 1.08037e+06 ZonesAtSurface
2225.07 2474.99 325.456 0 0 0 0 907076 19.5179 73454.2 2.02042 2.86392e+06 907076 ZonesAtSurface
2275.09 2474.99 225.472 0 0 0 0 580855 26.1291 111678 3.47488 3.13949e+06 580855 ZonesAtSurface
2325.1 2474.38 175.481 4 0 0 0 829241 42.8609 125317 1.00001 1.13475e+07 829241 ZonesAtSurface
2375.11 2474.99 25.4898 0 0 0 0 1.29528e+06 36.3612 103764 5.49957 5.12e+06 1.29528e+06 ZonesAtSurface
2425.1 2474.99 -74.5037 0 0 0 0 817272 23.4654 104546 2.70746 6.71359e+06 817272 ZonesAtSurface
2475.08 2474.6 -124.502 10 0 0 0 1.28061e+06 38.2543 73174.5 1.86425 4.21988e+07 1.28061e+06 ZonesAtSurface
2525.06 2474.88 -154.499 10 0 0 0 596749 16.8217 97668.5 1.54805 1.9662e+07 596749 ZonesAtSurface
2575.01 2474.81 -114.49 10 0 0 0 1.00316e+06 17.4797 97515.3 1.76299 1.11255e+07 1.00316e+06 ZonesAtSurface
2624.99 2475 -124.486 0 0 0 0 1.03421e+06 40.3108 114651 8.32149 5.44109e+06 1.03421e+06 ZonesAtSurface
2674.95 2474.99 -84.4839 0 0 0 0 885775 16.9474 74872.2 2.30769 4.83389e+06 885775 ZonesAtSurface
2724.92 2474.99 -44.4868 0 0 0 0 1.13119e+06 39.3141 70814.5 10 3.97845e+06 1.13119e+06 ZonesAtSurface
2774.89 2475 -4.49496 0 0 0 0 1.28539e+06 17.6351 140415 4.25247 2.91523e+06 1.28539e+06 ZonesAtSurface
2824.88 2475 35.4946 0 0 0 0 1.16181e+06 35.2384 149624 9.17378 3.41016e+06 1.16181e+06 ZonesAtSurface
2874.86 2474.74 125.491 10 0 0 0 1.41106e+06 30.1613 121068 1.23224 3.02538e+07 1.41106e+06 ZonesAtSurface
2924.86 2474.99 115.474 0 0 0 0 1.09006e+06 22.1794 54473.9 2.42131 5.36241e+06 1.09006e+06 ZonesAtSurface
2974.88 2474.63 205.466 10 0 0 0 1.14474e+06 27.3586 94148.9 1.44005 1.74852e+07 1.14474e+06 ZonesAtSurface
3024.86 2474.99 195.463 0 0 0 0 712342 39.4383 89476.7 10 2.66956e+06 712342 ZonesAtSurface
3074.85 2474.99 235.454 0 0 0 0 747628 22.6117 118694 6.29657 1.49301e+06 747628 ZonesAtSurface
3124.87 2473.48 375.446 6 6 0 0 594283 40.2116 143056 1.65213 1.48509e+06 594283 ZonesAtSurface
3174.86 2474.99 315.425 0 0 0 0 1.36766e+06 21.9272 129544 3.40306 2.8394e+06 1.36766e+06 ZonesAtSurface
3224.87 2474.98 355.4 0 0 0 0 1.29989e+06 20.1397 90400.8 2.44939 3.4432e+06 1.29989e+06 ZonesAtSurface
3274.88 2474.98 395.37 0 0 1 5 977056 39.5336 103665 6.6471 3.31109e+06 977056 ZonesAtSurface
3324.89 2474.99 485.337 10 0 1 4 863829 23.9194 140315 1.04174 4.63228e+06 863829 ZonesAtSurface
3374.9 2475 625.264 7 3 2 2 656817 19.0198 66644.7 1.45972 1.25013e+06 656817 ZonesAtSurface
3424.95 2475 715.219 0 7 2 1 936440 16.6166 63183 1.51338 1.65643e+06 936440 ZonesAtSurface
3474.95 2474.99 705.189 2 0 2 2 858887 17.181 149496 1.01679 2.74818e+06 858887 ZonesAtSurface
3524.98 2474.99 745.152 3 0 2 2 564966 27.3495 98353.3 1.11965 2.1435e+06 564966 ZonesAtSurface
3575.01 2474.99 785.117 6 0 2 2 502796 18.2872 78533.4 1.29737 1.35066e+06 502796 ZonesAtSurface
3625.02 2474.98 775.09 0 0 2 3 549053 37.5764 143643 1.99299 2.75191e+06 549053 ZonesAtSurface
3675.04 2474.98 765.059 5 0 1 4 1.46663e+06 16.8029 110849 1.26109 4.01815e+06 1.46663e+06 ZonesAtSurface
3725.08 2474.99 854.974 8 0 1 3 569355 40.582 132079 1.43043 2.48657e+06 569355 ZonesAtSurface
3775.12 2474.99 904.941 0 0 1 2 1.14369e+06 44.592 148169 6.92169 1.2433e+06 1.14369e+06 ZonesAtSurface
3825.12 2474.99 914.954 0 7 2 1 1.39191e+06 24.1981 132533 5.04624 900478 1.39191e+06 ZonesAtSurface
3875.15 2474.99 874.985 0 9 2 1 911487 23.7323 135219 2.11848 1.66669e+06 911487 ZonesAtSurface
3925.2 2474.99 835.033 2 0 1 1 519067 44.4529 98427 3.39708 1.40894e+06 519067 ZonesAtSurface
3975.21 2474.99 845.085 0 8 0 0 1.30238e+06 39.9827 141287 8.22512 898498 1.30238e+06 ZonesAtSurface
4025.29 2474.99 805.14 0 0 0 0 885635 38.5542 76537.7 2.68286 1.71194e+06 885635 ZonesAtSurface
4075.37 2474.99 765.193 0 0 0 0 1.28362e+06 21.8341 57254.4 1.87386 2.20921e+06 1.28362e+06 ZonesAtSurface
4125.44 2474.99 725.244 0 2 0 0 1.45789e+06 30.1872 148807 2.53002 2.11531e+06 1.45789e+06 ZonesAtSurface
4175.53 2475 635.301 0 0 1 1 1.45198e+06 17.9678 70307.5 1.44668 3.17252e+06 1.45198e+06 ZonesAtSurface
4225.55 2474.99 645.343 0 4 0 0 782924 44.7985 92891.4 3.35524 1.62926e+06 782924 ZonesAtSurface
4275.59 2475 605.38 6 0 0 0 725737 33.1979 51344 1.89942 1.89849e+06 725737 ZonesAtSurface
4325.64 2475 515.419 0 0 2 1 733093 44.7964 100311 2.61219 2.98011e+06 733093 ZonesAtSurface
4375.65 2475 525.445 0 0 0 0 790539 36.0474 72960.7 2.67699 1.85187e+06 790539 ZonesAtSurface
4425.66 2475 435.479 0 0 1 1 1.0981e+06 35.4165 53617.7 1.41663 3.47824e+06 1.0981e+06 ZonesAtSurface
4475.67 2474.99 395.51 1 0 1 1 1.04023e+06 19.2499 63677 1.08381 3.72668e+06 1.04023e+06 ZonesAtSurface
4525.66 2475 305.546 0 0 1 2 1.28763e+06 32.8744 113027 1.9818 4.35263e+06 1.28763e+06 ZonesAtSurface
4575.66 2475 315.57 6 0 1 1 624168 16.4886 129247 1.39674 1.81574e+06 624168 ZonesAtSurface
4625.64 2475 225.594 1 0 1 2 691420 43.0171 131786 1.42577 4.8294e+06 691420 ZonesAtSurface
4675.61 2475 185.617 5 0 1 2 1.42888e+06 27.0313 93411 1.04753 6.66913e+06 1.42888e+06 ZonesAtSurface
4725.48 2475 95.6345 4 0 1 3 1.03582e+06 30.3924 70624.6 1.03215 9.10493e+06 1.03582e+06 ZonesAtSurface
4775.54 2475 155.669 4 8 2 1 1.38397e+06 43.2686 107024 2.25094 3.05869e+06 1.38397e+06 ZonesAtSurface
4825.36 2475 65.6478 7 0 1 2 1.36212e+06 25.187 135904 1.02253 9.36968e+06 1.36212e+06 ZonesAtSurface
4875.3 2475 75.6884 6 0 1 1 1.42783e+06 32.9021 133681 1.08495 7.07336e+06 1.42783e+06 ZonesAtSurface
4925.24 2474.99 85.74 8 0 0 0 1.17066e+06 39.576 96270.8 1.36776 7.39232e+06 1.17066e+06 ZonesAtSurface
74.909 2525 -35.8124 49 0 1 2 689639 22.0329 71638.6 1.13688 6.18747e+06 689639 ZonesAtSurface
124.836 2525 -10.7795 46 18 1 2 1.33649e+06 36.6852 116478 1.32229 4.38975e+06 1.33649e+06 ZonesAtSurface
174.737 2525 -35.8316 25 0 1 3 1.27231e+06 42.6271 148250 1.05439 9.3707e+06 1.27231e+06 ZonesAtSurface
224.654 2525 -10.8194 37 0 1 3 632310 30.0238 132722 1.31886 2.91343e+06 632310 ZonesAtSurface
274.611 2525 -35.8695 18 0 1 4 546372 26.3062 73620.7 1.02529 8.07634e+06 546372 ZonesAtSurface
324.541 2525 -10.8696 11 0 1 4 1.30741e+06 27.2692 63564.2 1.01311 7.579e+06 1.30741e+06 ZonesAtSurface
374.487 2525 14.1256 7 0 1 4 887198 34.4472 101071 1.06147 9.35825e+06 887198 ZonesAtSurface
424.337 2525 139.123 2 0 2 2 587599 27.0932 68566.7 1.10463 1.87747e+06 587599 ZonesAtSurface
474.278 2524.99 264.111 0 8 0 0 868278 32.9117 124727 3.29356 1.07842e+06 868278 ZonesAtSurface
524.278 2524.99 289.104 0 4 0 0 1.44091e+06 35.996 67639.2 3.51649 1.62708e+06 1.44091e+06 ZonesAtSurface
574.276 2524.99 314.091 0 0 0 0 746391 44.3615 125866 4.18479 1.46893e+06 746391 ZonesAtSurface
624.271 2524.99 289.074 0 0 1 1 1.31026e+06 44.7916 130446 4.75819 2.99402e+06 1.31026e+06 ZonesAtSurface
674.264 2524.99 364.058 0 0 0 0 1.20086e+06 15.0508 62611.4 2.29251 1.60543e+06 1.20086e+06 ZonesAtSurface
724.262 2524.99 389.041 0 0 0 0 1.42338e+06 22.0702 98929.9 2.90271 1.62547e+06 1.42338e+06 ZonesAtSurface
774.263 2524.99 414.022 0 0 0 0 1.24555e+06 15.1208 147637 2.44673 1.46242e+06 1.24555e+06 ZonesAtSurface
824.264 2524.99 439.002 0 0 0 0 855933 32.7687 71103 3.01234 1.32932e+06 855933 ZonesAtSurface
874.268 2524.99 463.982 0 0 0 0 1.32232e+06 25.6049 86506.7 3.75356 1.29269e+06 1.32232e+06 ZonesAtSurface
924.275 2524.99 488.962 0 0 0 0 1.2877e+06 40.9439 80799.7 5.71972 1.25556e+06 1.2877e+06 ZonesAtSurface
974.287 2524.99 513.94 0 0 0 0 892457 17.3582 102737 2.35286 1.17571e+06 892457 ZonesAtSurface
1024.3 2524.99 538.917 0 0 0 0 599476 28.5636 63074.6 2.57889 1.06503e+06 599476 ZonesAtSurface
1074.33 2524.99 563.893 0 0 0 0 799725 37.6223 64717.2 4.81717 908797 799725 ZonesAtSurface
1124.35 2524.99 588.867 0 0 0 0 1.4843e+06 18.4697 136051 5.57691 796750 1.4843e+06 ZonesAtSurface
1174.39 2524.99 613.84 0 0 0 0 744714 16.8054 149502 3.35199 706987 744714 ZonesAtSurface
1224.42 2524.99 638.814 0 0 0 0 587711 41.7611 122856 6.21194 524402 587711 ZonesAtSurface
1274.46 2524.99 663.789 0 0 0 0 787347 17.5292 59921.3 3.09042 736400 787347 ZonesAtSurface
1324.45 2524.99 588.775 0 0 2 2 1.22455e+06 43.006 132236 1.68043 3.22163e+06 1.22455e+06 ZonesAtSurface
1374.45 2524.99 513.792 0 0 1 4 1.17101e+06 33.7877 83619.2 1.59038 4.0431e+06 1.17101e+06 ZonesAtSurface
1424.48 2524.99 538.774 0 0 2 4 1.21774e+06 35.085 114306 1.33293 3.54827e+06 1.21774e+06 ZonesAtSurface
1474.52 2524.99 563.75 3 0 2 4 1.35104e+06 38.3854 106726 1.39049 4.41255e+06 1.35104e+06 ZonesAtSurface
1524.59 2524.99 688.69 6 0 2 2 659000 38.28 55478.4 1.63342 2.43691e+06 659000 ZonesAtSurface
1574.66 2524.99 763.655 0 7 2 1 1.07633e+06 38.0202 96892 3.96042 1.08359e+06 1.07633e+06 ZonesAtSurface
1624.68 2524.99 738.645 0 6 2 2 1.26381e+06 37.5928 108351 2.76653 1.82948e+06 1.26381e+06 ZonesAtSurface
1674.7 2524.99 663.675 5 0 2 4 1.12533e+06 28.3603 88765.7 1.10083 3.90358e+06 1.12533e+06 ZonesAtSurface
1724.72 2524.99 638.683 1 2 2 5 1.26353e+06 27.8525 100203 1.28232 3.18929e+06 1.26353e+06 ZonesAtSurface
1774.75 2524.99 663.679 0 7 2 5 1.29279e+06 17.6874 57413.9 1.59753 2.19176e+06 1.29279e+06 ZonesAtSurface
1824.79 2524.99 638.693 0 0 2 6 502167 33.8189 97900.1 1.00523 4.04383e+06 502167 ZonesAtSurface
1874.83 2524.99 663.699 3 0 1 6 563691 41.5053 86907.1 1.00193 3.34491e+06 563691 ZonesAtSurface
1924.87 2524.99 688.712 0 6 1 6 1.32979e+06 35.7074 128123 1.28404 3.76697e+06 1.32979e+06 ZonesAtSurface
1974.92 2524.99 713.728 1 5 2 6 557618 42.0886 75357.7 1.0222 2.16093e+06 557618 ZonesAtSurface
2024.96 2524.99 676.265 4 4 2 6 1.21418e+06 25.2541 54930.1 1.04106 3.62512e+06 1.21418e+06 ZonesAtSurface
2074.99 2524.99 576.325 6 0 1 6 563588 37.8616 75703 1.02925 4.89007e+06 563588 ZonesAtSurface
2125.02 2524.99 476.38 0 0 1 6 1.03948e+06 33.2506 126878 1.47008 5.78133e+06 1.03948e+06 ZonesAtSurface
2175.05 2524.99 426.423 8 0 1 5 1.3359e+06 15.8196 84997.8 1.0776 4.65529e+06 1.3359e+06 ZonesAtSurface
2225.07 2524.99 326.456 0 0 0 0 595511 27.5445 97779.4 1.18295 5.51219e+06 595511 ZonesAtSurface
2275.09 2524.99 226.471 0 0 0 0 1.18122e+06 36.4921 132610 4.32314 4.60609e+06 1.18122e+06 ZonesAtSurface
2325.1 2524.98 126.478 0 0 0 0 1.25124e+06 31.4888 57133.4 3.26483 6.01028e+06 1.25124e+06 ZonesAtSurface
2375.1 2524.98 26.485 0 0 0 0 732868 44.4359 52898.2 5.85381 6.47339e+06 732868 ZonesAtSurface
2425.1 2524.99 -73.506 0 0 0 0 1.03955e+06 27.2365 142216 3.21932 6.38632e+06 1.03955e+06 ZonesAtSurface
2475.09 2524.99 -173.499 0 0 0 0 726838 35.2466 63947.9 6.82926 6.02877e+06 726838 ZonesAtSurface
2525.06 2524.77 -153.493 9 0 0 0 1.04527e+06 31.9317 140005 1.40329 2.49217e+07 1.04527e+06 ZonesAtSurface
2575.01 2524.85 -113.487 8 7 0 0 1.27156e+06 31.222 106091 1.67224 3.27081e+06 1.27156e+06 ZonesAtSurface
2624.98 2524.74 -73.4814 7 10 0 0 929769 39.616 72295.8 0 2.03406e+06 929769 ZonesAtSurface
2674.94 2524.6 -33.4766 7 8 0 0 1.05522e+06 34.7273 140080 0 2.52085e+06 1.05522e+06 ZonesAtSurface
2724.91 2525 -43.4773 0 0 0 0 747251 33.4468 75133.5 5.35788 4.14118e+06 747251 ZonesAtSurface
2774.89 2524.6 46.5136 10 8 0 0 891242 35.049 65037.2 0 3.11684e+06 891242 ZonesAtSurface
2824.87 2524.77 86.5102 6 7 0 0 1.26603e+06 39.6626 136595 2.13994 2.63369e+06 1.26603e+06 ZonesAtSurface
2874.85 2524.71 126.506 7 8 0 0 1.31871e+06 40.8889 132359 1.96501 5.30694e+06 1.31871e+06 ZonesAtSurface
2924.86 2525 116.487 0 0 0 0 972058 31.7888 124673 9.70109 2.16134e+06 972058 ZonesAtSurface
2974.87 2524.66 206.48 10 9 0 0 762676 41.0279 80204.6 0 1.84818e+06 762676 ZonesAtSurface
3024.86 2524.73 246.468 6 7 0 0 917943 23.3546 137937 0.583195 4.84904e+06 917943 ZonesAtSurface
3074.86 2524.84 286.458 10 9 0 0 864276 35.0314 136011 0.890063 3.34659e+06 864276 ZonesAtSurface
3124.86 2524.7 326.445 10 0 0 0 1.20168e+06 33.9149 105019 2.12274 3.25056e+06 1.20168e+06 ZonesAtSurface
3174.86 2524.99 316.427 0 0 0 0 798658 18.8691 94057.4 2.38695 2.60672e+06 798658 ZonesAtSurface
3224.87 2524.98 356.4 0 0 0 0 1.44706e+06 29.2218 147235 3.25262 3.38582e+06 1.44706e+06 ZonesAtSurface
3274.89 2524.98 396.37 0 0 1 5 1.25418e+06 23.8068 148441 2.70556 3.4288e+06 1.25418e+06 ZonesAtSurface
3324.9 2524.99 486.338 9 0 1 4 870634 34.912 85716.8 1.06944 3.85151e+06 870634 ZonesAtSurface
3374.91 2525 626.267 7 9 1 2 1.24206e+06 42.3132 105336 1.58144 3.57134e+06 1.24206e+06 ZonesAtSurface
3424.94 2525 666.228 2 0 2 2 970771 22.9225 71867.8 1.21553 2.94746e+06 970771 ZonesAtSurface
3474.95 2524.99 606.211 0 0 1 4 1.46407e+06 18.8191 118699 1.16526 4.98348e+06 1.46407e+06 ZonesAtSurface
3524.99 2524.99 746.151 3 0 2 2 660827 20.8684 122187 1.27173 2.14159e+06 660827 ZonesAtSurface
3575.05 2524.99 836.113 0 10 2 1 713095 43.9186 86154.3 6.88411 604937 713095 ZonesAtSurface
3625.03 2524.99 776.088 0 0 2 3 643710 22.2704 86146.6 1.90519 1.7817e+06 643710 ZonesAtSurface
3675.05 2524.99 816.04 0 6 2 3 1.4902e+06 33.5099 62097.8 1.64886 4.05467e+06 1.4902e+06 ZonesAtSurface
3725.08 2524.99 855.981 7 7 2 3 1.27157e+06 23.2453 103134 1.10576 3.54766e+06 1.27157e+06 ZonesAtSurface
3775.12 2524.99 905.948 0 5 1 2 1.07428e+06 42.96 55332.6 8.8022 927005 1.07428e+06 ZonesAtSurface
3825.13 2524.99 915.955 0 5 2 1 798240 36.5761 84805 6.7981 654584 798240 ZonesAtSurface
3875.19 2524.99 825.986 0 0 2 2 1.13089e+06 18.6622 136788 1.98877 1.90911e+06 1.13089e+06 ZonesAtSurface
3925.2 2524.99 836.036 5 0 1 1 613956 33.9901 97380.6 2.21426 1.6793e+06 613956 ZonesAtSurface
3975.27 2524.99 796.089 0 0 2 1 653588 38.4878 102534 2.77059 1.60052e+06 653588 ZonesAtSurface
4025.29 2524.99 806.143 0 2 0 0 979087 38.3977 124504 3.54201 1.38463e+06 979087 ZonesAtSurface
4075.37 2524.99 766.196 2 0 0 0 647092 29.3994 72042.7 1.37428 2.04342e+06 647092 ZonesAtSurface
4125.44 2525 726.246 0 4 0 0 683004 40.9796 66827.9 1.78927 2.07755e+06 683004 ZonesAtSurface
4175.5 2525 686.297 0 2 0 0 1.32821e+06 28.3053 71722.2 1.6491 3.03235e+06 1.32821e+06 ZonesAtSurface
4225.58 2525 596.346 0 0 2 1 1.42603e+06 35.9431 79708.2 2.89048 2.53267e+06 1.42603e+06 ZonesAtSurface
4275.59 2525 606.38 0 5 0 0 1.35765e+06 44.2826 65519.8 3.7101 1.97091e+06 1.35765e+06 ZonesAtSurface
4325.63 2525 566.415 2 2 0 0 1.37175e+06 17.189 131126 1.603 2.56421e+06 1.37175e+06 ZonesAtSurface
4375.66 2525 476.451 1 0 2 1 524122 40.1564 140862 1.93546 2.84761e+06 524122 ZonesAtSurface
4425.66 2524.99 486.472 9 1 0 0 934345 30.3308 132721 1.48583 2.35353e+06 934345 ZonesAtSurface
4475.66 2525 346.516 0 0 1 2 1.12401e+06 22.436 63906.2 1.3153 4.0481e+06 1.12401e+06 ZonesAtSurface
4525.67 2524.99 356.54 3 0 1 1 825539 35.8652 101136 1.59377 3.38734e+06 825539 ZonesAtSurface
4575.63 2525 216.579 0 0 1 3 993389 37.6627 83523 1.9469 6.00379e+06 993389 ZonesAtSurface
4625.67 2525 276.582 0 6 2 1 1.37638e+06 27.3708 110565 1.91688 2.53959e+06 1.37638e+06 ZonesAtSurface
4675.55 2525 136.623 8 0 1 3 885573 27.6175 116264 1.01965 7.32998e+06 885573 ZonesAtSurface
4725.48 2525 96.6338 4 0 1 3 732980 36.7061 117209 1.01882 9.29332e+06 732980 ZonesAtSurface
4775.4 2525 56.6251 0 0 1 3 1.26722e+06 28.4328 129610 1.10739 1.06194e+07 1.26722e+06 ZonesAtSurface
4825.36 2525 66.6488 7 0 1 2 680737 23.0763 102654 1.01535 6.48652e+06 680737 ZonesAtSurface
4875.41 2525 126.754 10 7 0 0 1.37149e+06 25.6132 131793 1.58169 2.70265e+06 1.37149e+06 ZonesAtSurface
4925.15 2525 36.6783 1 0 1 1 1.09324e+06 16.6594 111030 1.06123 7.46023e+06 1.09324e+06 ZonesAtSurface
74.9062 2575 -34.8182 25 0 1 2 526399 38.9059 108949 1.10068 1.14602e+07 526399 ZonesAtSurface
124.835 2575 -9.79101 40 17 1 2 1.31253e+06 42.5781 142301 1.19648 5.24036e+06 1.31253e+06 ZonesAtSurface
174.74 2575 -34.8352 36 0 1 3 1.49411e+06 19.9787 79388.4 1.09871 6.83724e+06 1.49411e+06 ZonesAtSurface
224.662 2575 -9.81588 35 7 1 3 1.47156e+06 25.3218 83343.8 1.35347 3.81566e+06 1.47156e+06 ZonesAtSurface
274.614 2575 -34.8645 19 0 1 4 1.43159e+06 19.2228 102265 1.0186 7.07719e+06 1.43159e+06 ZonesAtSurface
324.541 2575 -9.86589 17 0 1 4 1.15755e+06 26.8119 111224 1.00981 6.57252e+06 1.15755e+06 ZonesAtSurface
374.484 2575 15.1249 8 0 1 4 955695 21.7998 51362.4 1.00702 6.16903e+06 955695 ZonesAtSurface
424.386 2575 90.1219 8 0 1 3 1.36622e+06 30.0474 98396.2 1.04984 5.76859e+06 1.36622e+06 ZonesAtSurface
474.29 2575 215.115 6 0 2 1 554073 32.8952 120778 1.1379 2.33913e+06 554073 ZonesAtSurface
524.277 2574.99 290.104 0 5 0 0 671671 38.7803 56332 1.67857 1.69372e+06 671671 ZonesAtSurface
574.274 2574.99 315.091 4 0 0 0 970748 19.9762 142849 1.94183 1.71118e+06 970748 ZonesAtSurface
624.268 2574.99 340.076 5 0 0 0 607163 32.8083 146220 1.60477 2.48765e+06 607163 ZonesAtSurface
674.263 2574.99 365.058 0 0 0 0 1.23297e+06 27.1043 101292 2.99754 1.70443e+06 1.23297e+06 ZonesAtSurface
724.261 2574.99 390.041 0 0 0 0 717774 19.0332 108311 1.49811 1.63658e+06 717774 ZonesAtSurface
774.261 2574.99 415.023 0 0 0 0 1.44518e+06 34.6943 94914 4.50182 1.47764e+06 1.44518e+06 ZonesAtSurface
824.262 2574.99 440.003 0 0 0 0 652595 43.8403 100907 3.60258 1.32561e+06 652595 ZonesAtSurface
874.266 2574.99 464.983 0 0 0 0 781319 19.5099 78351.5 2.04491 1.29284e+06 781319 ZonesAtSurface
924.273 2574.99 489.962 0 0 0 0 908441 29.9126 90915.3 3.1107 1.26084e+06 908441 ZonesAtSurface
974.284 2574.99 514.94 0 0 0 0 743508 25.4276 143428 2.46277 1.18675e+06 743508 ZonesAtSurface
1024.3 2574.99 539.917 0 0 0 0 956986 34.09 110337 4.16199 1.08965e+06 956986 ZonesAtSurface
1074.32 2574.99 564.893 0 0 0 0 1.07177e+06 33.4736 121587 5.18 928670 1.07177e+06 ZonesAtSurface
1124.35 2574.99 589.867 0 0 0 0 995246 26.0726 118115 4.59545 812907 995246 ZonesAtSurface
1174.38 2574.99 614.841 0 0 0 0 1.01674e+06 44.1728 113938 9.38959 740150 1.01674e+06 ZonesAtSurface
1224.41 2574.99 639.814 0 0 0 0 1.17818e+06 21.2955 140457 7.23092 508026 1.17818e+06 ZonesAtSurface
1274.45 2574.99 664.789 0 0 0 0 683745 34.4441 131053 4.1973 698498 683745 ZonesAtSurface
1324.47 2574.99 639.769 0 9 2 1 1.08345e+06 31.3354 59349 2.17054 1.81274e+06 1.08345e+06 ZonesAtSurface
1374.45 2574.99 514.792 0 0 1 4 1.15231e+06 42.7325 72778.3 1.89921 4.35888e+06 1.15231e+06 ZonesAtSurface
1424.48 2574.99 539.774 0 0 2 4 567254 38.622 97781.2 1.87824 2.69092e+06 567254 ZonesAtSurface
1474.52 2574.99 564.751 0 0 2 4 1.10015e+06 42.4951 110179 1.39799 4.09594e+06 1.10015e+06 ZonesAtSurface
1524.59 2574.99 689.69 0 0 2 2 1.40766e+06 36.731 140834 1.86662 3.3393e+06 1.40766e+06 ZonesAtSurface
1574.65 2574.99 764.658 0 8 2 1 1.28607e+06 19.3496 105684 3.50412 1.02843e+06 1.28607e+06 ZonesAtSurface
1624.66 2574.99 689.657 3 0 2 3 1.32746e+06 22.8229 97788.6 1.11339 3.55903e+06 1.32746e+06 ZonesAtSurface
1674.68 2574.99 614.689 4 0 1 5 667043 40.153 88285.1 1.05156 3.88189e+06 667043 ZonesAtSurface
1724.72 2574.99 639.685 0 6 1 5 1.45414e+06 25.8071 90410.5 1.59617 2.85233e+06 1.45414e+06 ZonesAtSurface
1774.75 2574.99 664.682 4 4 1 5 911631 29.015 117366 1.10995 2.62248e+06 911631 ZonesAtSurface
1824.79 2574.99 639.694 6 0 1 6 1.22964e+06 40.7093 115793 1.01757 5.72942e+06 1.22964e+06 ZonesAtSurface
1874.82 2574.99 714.683 8 7 2 5 998268 27.0795 86246.9 1.18464 2.652e+06 998268 ZonesAtSurface
1924.87 2574.99 689.71 6 0 2 6 651922 17.2557 68024.9 1.00162 1.82976e+06 651922 ZonesAtSurface
1974.92 2574.99 714.729 0 6 2 6 1.1482e+06 40.1553 95734.2 1.18754 3.87394e+06 1.1482e+06 ZonesAtSurface
2024.95 2575 677.266 6 0 2 6 896475 28.5459 62123.1 1.01281 2.89215e+06 896475 ZonesAtSurface
2074.98 2575 627.314 10 8 2 5 1.49636e+06 36.1549 57683.7 1.07593 5.53186e+06 1.49636e+06 ZonesAtSurface
2125.01 2574.99 527.371 2 0 2 5 861734 29.4618 122738 1.0231 3.60465e+06 861734 ZonesAtSurface
2175.03 2574.99 427.417 4 0 1 5 746540 30.2905 132738 1.38196 6.08611e+06 746540 ZonesAtSurface
2225.06 2574.98 327.45 0 0 0 0 1.17851e+06 39.3075 71815 2.42059 5.8025e+06 1.17851e+06 ZonesAtSurface
2275.08 2574.99 227.469 0 0 0 0 1.35394e+06 27.4459 87641.9 3.29312 3.33882e+06 1.35394e+06 ZonesAtSurface
2325.09 2574.99 127.477 0 0 0 0 604758 33.6616 142224 3.87501 4.52187e+06 604758 ZonesAtSurface
2375.1 2574.99 27.4832 0 0 0 0 761243 20.047 57732.1 2.10004 4.40963e+06 761243 ZonesAtSurface
2425.05 2573.28 27.4657 10 0 0 0 1.39178e+06 37.2589 148559 1.69299 1.21073e+07 1.39178e+06 ZonesAtSurface
2475.09 2574.99 -172.495 0 0 0 0 878669 16.9466 96759.5 2.15842 5.27717e+06 878669 ZonesAtSurface
2525.04 2574.74 -152.488 10 0 0 0 1.25025e+06 43.9793 133074 1.29047 1.57517e+07 1.25025e+06 ZonesAtSurface
2575 2574.89 -112.486 10 0 0 0 1.09595e+06 17.8181 143173 1.82726 1.09725e+07 1.09595e+06 ZonesAtSurface
2624.98 2574.79 -72.4791 10 0 0 0 659653 22.7659 54998.5 1.44604 3.81338e+07 659653 ZonesAtSurface
2674.94 2574.74 -32.4691 10 4 0 0 671959 22.7732 147495 0 963311 671959 ZonesAtSurface
2724.9 2574.71 7.52988 9 9 0 0 629476 35.1461 95493.9 0.795665 3.6282e+06 629476 ZonesAtSurface
2774.88 2574.83 47.5161 10 9 0 0 917034 22.173 60710.9 0 1.31333e+06 917034 ZonesAtSurface
2824.87 2574.96 87.4996 9 0 0 0 765163 15.336 141651 1.1988 8.05726e+06 765163 ZonesAtSurface
2874.87 2574.84 127.49 9 9 0 0 1.27839e+06 34.5142 88285.2 0 3.05884e+06 1.27839e+06 ZonesAtSurface
2924.86 2574.72 167.488 4 10 0 0 1.2544e+06 29.2148 124498 0.830332 5.6781e+06 1.2544e+06 ZonesAtSurface
2974.86 2574.85 207.483 10 10 0 0 933414 30.2941 93806 1.20262 2.92132e+06 933414 ZonesAtSurface
3024.85 2574.97 247.471 0 0 0 0 1.18799e+06 37.9003 108082 4.72114 3.47721e+06 1.18799e+06 ZonesAtSurface
3074.87 2573.88 337.46 2 0 0 0 1.04455e+06 23.6829 51794.8 0.955186 3.69732e+06 1.04455e+06 ZonesAtSurface
3124.86 2573.61 377.446 9 0 0 0 1.31979e+06 23.7508 117992 1.61394 3.67062e+06 1.31979e+06 ZonesAtSurface
3174.86 2574.99 317.426 0 0 0 0 1.43941e+06 32.4904 98656.4 5.66168 3.11207e+06 1.43941e+06 ZonesAtSurface
3224.88 2574.98 357.4 0 0 0 0 519145 19.4533 71849.5 1.78014 3.26446e+06 519145 ZonesAtSurface
3274.89 2574.99 397.369 0 0 1 5 1.15842e+06 37.9828 68010.9 6.71006 2.92221e+06 1.15842e+06 ZonesAtSurface
3324.91 2574.99 487.339 7 0 1 4 822483 42.026 84991.9 1.10962 4.20192e+06 822483 ZonesAtSurface
3374.92 2574.99 527.297 1 0 1 4 1.49338e+06 32.545 90008.6 1.65168 5.77163e+06 1.49338e+06 ZonesAtSurface
3424.94 2574.99 617.24 1 0 1 3 678989 34.4799 71550.8 1.15651 4.61932e+06 678989 ZonesAtSurface
3474.97 2574.99 707.19 0 0 2 2 1.43643e+06 26.2555 67190.6 1.50104 3.46283e+06 1.43643e+06 ZonesAtSurface
3525.02 2574.99 797.146 0 7 1 1 1.06844e+06 20.6178 53446 2.65935 1.21519e+06 1.06844e+06 ZonesAtSurface
3575.03 2574.99 787.115 4 0 2 2 628465 25.646 59024.3 1.21359 1.94993e+06 628465 ZonesAtSurface
3625.06 2574.99 827.084 1 7 2 2 521079 27.9577 82949.9 3.90637 756396 521079 ZonesAtSurface
3675.06 2574.99 817.042 4 0 1 3 1.2757e+06 24.582 121406 1.21893 3.52938e+06 1.2757e+06 ZonesAtSurface
3725.09 2574.99 856.986 0 0 2 3 1.09837e+06 37.6927 108484 1.39112 3.61721e+06 1.09837e+06 ZonesAtSurface
3775.13 2574.99 906.952 2 4 2 2 1.09395e+06 16.4668 122284 3.81046 930480 1.09395e+06 ZonesAtSurface
3825.13 2574.99 916.956 0 0 2 1 1.22746e+06 42.6154 143294 10 427990 1.22746e+06 ZonesAtSurface
3875.16 2574.99 876.986 0 10 1 1 1.30753e+06 44.7515 96262.9 5.47881 1.69037e+06 1.30753e+06 ZonesAtSurface
3925.25 2574.99 787.039 0 0 1 2 1.46169e+06 35.0086 144167 2.89792 2.54009e+06 1.46169e+06 ZonesAtSurface
3975.27 2574.99 797.091 6 0 1 1 673285 40.4867 138299 3.0557 1.69976e+06 673285 ZonesAtSurface
4025.29 2574.99 807.146 0 10 0 0 1.21906e+06 17.4722 58344.6 3.06563 1.16156e+06 1.21906e+06 ZonesAtSurface
4075.37 2575 767.198 3 8 0 0 763608 24.7358 63819.8 1.41587 1.87281e+06 763608 ZonesAtSurface
4125.45 2575 727.246 0 6 0 0 1.49854e+06 35.7617 67852 3.63034 1.92741e+06 1.49854e+06 ZonesAtSurface
4175.55 2575 587.309 0 0 1 2 1.24546e+06 23.1934 67111 1.53654 3.62945e+06 1.24546e+06 ZonesAtSurface
4225.55 2575 647.344 6 0 0 0 764738 43.3125 138538 1.88161 2.06228e+06 764738 ZonesAtSurface
4275.59 2575 607.381 0 4 0 0 1.43017e+06 25.0857 66365.7 2.60731 1.91367e+06 1.43017e+06 ZonesAtSurface
4325.64 2575 517.42 0 0 1 1 834477 35.0215 141808 1.73147 3.00668e+06 834477 ZonesAtSurface
4375.65 2575 527.448 9 0 0 0 775511 26.2038 60862.6 1.71959 1.9668e+06 775511 ZonesAtSurface
4425.66 2575 487.473 9 8 0 0 916842 28.5266 143245 1.53078 2.16058e+06 916842 ZonesAtSurface
4475.67 2575 397.511 2 0 1 1 1.43023e+06 28.3755 124528 1.81335 3.67241e+06 1.43023e+06 ZonesAtSurface
4525.67 2574.99 357.539 0 0 1 1 1.27799e+06 39.1869 63686.7 3.02161 2.57287e+06 1.27799e+06 ZonesAtSurface
4575.67 2574.99 367.557 1 7 0 0 642471 35.458 65560.8 2.68576 1.19011e+06 642471 ZonesAtSurface
4625.6 2575 177.6 2 0 1 3 1.47366e+06 16.8057 96417.9 1.01728 5.82661e+06 1.47366e+06 ZonesAtSurface
4675.55 2575 137.623 5 0 1 3 605971 43.8638 108660 1.11945 9.12881e+06 605971 ZonesAtSurface
4725.49 2575 97.6345 10 0 1 3 723214 24.3262 110103 1.02011 6.68978e+06 723214 ZonesAtSurface
4775.4 2575 57.6264 0 0 1 3 1.34901e+06 39.595 145704 1.52695 1.06227e+07 1.34901e+06 ZonesAtSurface
4825.37 2575 67.6491 5 0 1 2 801200 17.7856 110779 1.02949 4.34721e+06 801200 ZonesAtSurface
4875.24 2575 27.6401 12 0 1 2 713733 16.6279 112148 1.02969 6.95571e+06 713733 ZonesAtSurface
4925.14 2575 37.6854 17 0 1 1 601058 30.3585 77717.7 1.06654 1.04038e+07 601058 ZonesAtSurface
74.9055 2625 -33.8191 46 0 1 2 1.1868e+06 15.0757 74017.9 1.12932 6.24911e+06 1.1868e+06 ZonesAtSurface
124.834 2625 -8.79358 46 12 1 2 813749 25.7609 72112.4 1.0399 2.89754e+06 813749 ZonesAtSurface
174.738 2625 -33.8401 22 0 1 3 861867 43.4537 145780 1.41471 1.0382e+07 861867 ZonesAtSurface
224.666 2625 -8.8179 28 0 1 3 1.06881e+06 34.2458 111788 1.37676 3.41393e+06 1.06881e+06 ZonesAtSurface
274.616 2625 -33.862 12 0 1 4 776680 39.5331 61160.8 1.0249 9.36103e+06 776680 ZonesAtSurface
324.542 2625 -8.86506 19 0 1 4 879361 15.6082 93224.6 1.00876 4.52254e+06 879361 ZonesAtSurface
374.484 2625 16.1239 7 0 1 4 667533 44.3832 78061.4 1.09252 9.43699e+06 667533 ZonesAtSurface
424.331 2624.99 141.116 3 5 2 2 1.37538e+06 15.598 110604 1.37937 2.6205e+06 1.37538e+06 ZonesAtSurface
474.32 2624.99 166.116 0 0 1 2 811170 17.4694 109392 1.03293 3.02383e+06 811170 ZonesAtSurface
524.278 2624.99 291.104 0 1 0 0 1.4048e+06 39.9617 115911 3.53028 1.74502e+06 1.4048e+06 ZonesAtSurface
574.274 2624.99 316.093 0 0 0 0 1.11095e+06 44.1684 66403.6 3.92294 1.8866e+06 1.11095e+06 ZonesAtSurface
624.267 2624.99 341.077 0 0 0 0 1.26331e+06 32.4966 135521 2.35426 2.64445e+06 1.26331e+06 ZonesAtSurface
674.261 2624.99 366.059 6 0 0 0 560185 23.5593 110896 1.45407 1.74453e+06 560185 ZonesAtSurface
724.259 2624.99 391.042 0 0 0 0 1.42171e+06 32.7531 107114 3.83457 1.65032e+06 1.42171e+06 ZonesAtSurface
774.259 2624.99 416.023 0 0 0 0 891689 23.4101 114577 2.19276 1.49816e+06 891689 ZonesAtSurface
824.261 2624.99 441.003 0 0 0 0 890123 34.1911 146383 3.30078 1.31876e+06 890123 ZonesAtSurface
874.264 2624.99 465.983 0 0 0 0 699259 27.12 67034.1 2.32555 1.28858e+06 699259 ZonesAtSurface
924.271 2624.99 490.962 0 0 0 0 1.44947e+06 40.0997 122268 5.86193 1.28472e+06 1.44947e+06 ZonesAtSurface
974.282 2624.99 515.941 0 0 0 0 1.44293e+06 16.2729 63300.5 3.37517 1.23361e+06 1.44293e+06 ZonesAtSurface
1024.3 2624.99 540.918 0 0 0 0 1.16089e+06 19.7511 138029 3.38694 1.08454e+06 1.16089e+06 ZonesAtSurface
1074.32 2624.99 565.893 0 0 0 0 784482 17.0851 53413.4 2.68687 914622 784482 ZonesAtSurface
1124.35 2624.99 590.868 0 0 0 0 993816 42.4871 104457 7.33734 824647 993816 ZonesAtSurface
1174.38 2624.99 615.841 0 0 0 0 979674 42.9673 105325 8.18079 770780 979674 ZonesAtSurface
1224.41 2624.99 640.814 0 0 0 0 932464 27.7537 84087.7 6.687 532023 932464 ZonesAtSurface
1274.45 2624.99 665.789 0 0 0 0 699197 17.0658 141799 3.88745 534842 699197 ZonesAtSurface
1324.49 2624.99 690.766 0 7 0 0 1.41283e+06 31.2695 64455.5 6.97663 781033 1.41283e+06 ZonesAtSurface
1374.46 2624.99 565.774 0 0 1 3 647556 16.0033 110041 1.35733 1.64548e+06 647556 ZonesAtSurface
1424.5 2624.99 590.763 2 6 2 3 974974 26.1533 85229.3 1.48702 2.17418e+06 974974 ZonesAtSurface
1474.51 2624.99 565.751 0 0 1 4 1.1317e+06 19.4726 90609.7 1.5605 2.60746e+06 1.1317e+06 ZonesAtSurface
1524.57 2625 640.708 1 7 1 3 1.21975e+06 42.0118 139054 1.45404 4.33479e+06 1.21975e+06 ZonesAtSurface
1574.63 2625 715.664 0 1 2 2 1.06932e+06 34.391 54130.2 1.49829 2.82531e+06 1.06932e+06 ZonesAtSurface
1624.67 2624.99 690.659 3 5 2 3 1.03013e+06 38.9455 66784.7 1.23082 3.36405e+06 1.03013e+06 ZonesAtSurface
1674.66 2624.99 565.703 0 0 1 6 758548 38.8307 130641 1.09523 5.79348e+06 758548 ZonesAtSurface
1724.7 2624.99 590.692 1 0 1 6 977088 41.2854 56065.3 1.22829 6.09368e+06 977088 ZonesAtSurface
1774.75 2624.99 615.689 0 0 2 6 1.10876e+06 16.2823 83141.9 1.14287 3.21703e+06 1.10876e+06 ZonesAtSurface
1824.78 2624.99 690.684 0 5 2 5 1.28525e+06 18.1564 70682.9 1.59779 2.19549e+06 1.28525e+06 ZonesAtSurface
1874.82 2624.99 665.697 3 0 2 6 1.19254e+06 31.3207 74309.6 1.01136 4.55339e+06 1.19254e+06 ZonesAtSurface
1924.86 2624.99 690.707 5 0 2 6 534278 16.7218 128275 1.00611 1.82843e+06 534278 ZonesAtSurface
1974.91 2625 715.727 4 2 2 6 602932 38.1898 125486 0.978087 2.1289e+06 602932 ZonesAtSurface
2024.95 2625 678.268 4 0 2 6 959626 31.8376 130631 1.03687 3.25916e+06 959626 ZonesAtSurface
2074.98 2625 628.314 8 0 2 5 615189 33.3334 58375.6 1.0241 2.11516e+06 615189 ZonesAtSurface
2125.01 2625 578.365 7 10 1 4 605145 35.6519 87026.3 1.31904 1.7303e+06 605145 ZonesAtSurface
2175.02 2624.99 428.415 1 0 1 5 958135 33.7274 83802.8 3.43781 4.04611e+06 958135 ZonesAtSurface
2225.05 2624.99 328.449 0 0 0 0 1.06605e+06 36.037 114656 4.58091 2.98354e+06 1.06605e+06 ZonesAtSurface
2275.08 2624.99 228.469 0 0 0 0 1.18348e+06 34.7263 129113 10 1.56622e+06 1.18348e+06 ZonesAtSurface
2325.1 2625 128.479 0 0 0 0 1.03491e+06 39.7148 78787.2 10 1.67007e+06 1.03491e+06 ZonesAtSurface
2375.09 2624.4 78.4834 4 0 0 0 824617 41.2698 130999 1.00031 1.24944e+07 824617 ZonesAtSurface
2425.11 2625 -71.5028 0 0 0 0 1.08103e+06 20.0275 82429.5 3.44088 2.68202e+06 1.08103e+06 ZonesAtSurface
2475.09 2624.58 -121.494 10 8 0 0 769846 43.7143 147271 0 733048 769846 ZonesAtSurface
2525.04 2624.86 -151.482 10 8 0 0 924537 23.0903 131461 1.98603 1.40049e+06 924537 ZonesAtSurface
2574.99 2624.82 -111.471 10 0 0 0 1.08992e+06 20.6097 102132 1.94413 1.16883e+07 1.08992e+06 ZonesAtSurface
2624.98 2625 -121.473 0 0 0 0 878196 32.1534 90538.8 4.99876 5.66807e+06 878196 ZonesAtSurface
2674.93 2624.76 -31.4678 9 0 0 0 1.12152e+06 38.2158 146837 1.5496 2.213e+07 1.12152e+06 ZonesAtSurface
2724.9 2624.95 8.51414 0 0 0 0 1.33379e+06 36.2484 148634 2.53933 1.30739e+07 1.33379e+06 ZonesAtSurface
2774.88 2624.93 48.4962 4 0 0 0 724348 29.1265 55124.3 1.44294 1.62364e+07 724348 ZonesAtSurface
2824.89 2624.92 88.473 3 0 0 0 993572 28.5375 108511 1.212 1.60311e+07 993572 ZonesAtSurface
2874.9 2624.91 128.459 0 0 0 0 504969 41.3232 74654.9 3.22908 1.83863e+07 504969 ZonesAtSurface
2924.89 2624.92 168.466 0 0 0 0 1.11255e+06 37.6534 60529.6 2.71091 1.85046e+07 1.11255e+06 ZonesAtSurface
2974.87 2624.93 208.468 3 0 0 0 1.30888e+06 25.5596 56183.1 1.29114 1.57967e+07 1.30888e+06 ZonesAtSurface
3024.89 2621.83 348.477 7 0 0 0 847884 23.3007 70714.8 5.2992 1.59917e+06 847884 ZonesAtSurface
3074.87 2624.93 288.443 6 0 0 0 1.34732e+06 25.3228 131231 1.18888 1.64481e+07 1.34732e+06 ZonesAtSurface
3124.88 2624.66 328.431 2 0 0 0 760009 23.2081 113393 1.54121 9.31747e+06 760009 ZonesAtSurface
3174.88 2624.98 318.416 0 0 0 0 556790 26.2456 133710 2.2602 6.74167e+06 556790 ZonesAtSurface
3224.89 2624.98 358.394 0 0 0 0 1.02466e+06 25.1718 134304 2.02576 5.82928e+06 1.02466e+06 ZonesAtSurface
3274.9 2624.98 398.367 0 0 1 5 1.14544e+06 26.6838 65654.4 3.05599 4.19231e+06 1.14544e+06 ZonesAtSurface
3324.91 2624.99 488.34 7 0 1 4 1.07309e+06 40.8051 97553.3 1.23817 5.54785e+06 1.07309e+06 ZonesAtSurface
3374.92 2624.99 578.287 2 0 1 3 1.00739e+06 43.7289 77692.8 1.49933 5.38691e+06 1.00739e+06 ZonesAtSurface
3424.95 2625 668.229 7 0 2 2 636512 34.6533 109135 1.11416 2.97838e+06 636512 ZonesAtSurface
3474.99 2625 758.183 7 2 2 1 817572 17.5797 98330.9 1.5524 1.54572e+06 817572 ZonesAtSurface
3525.02 2625 798.143 0 0 2 1 785914 20.4246 141879 1.69235 1.51623e+06 785914 ZonesAtSurface
3575.06 2624.99 838.11 0 5 2 1 589601 18.9848 70735.3 2.24033 822214 589601 ZonesAtSurface
3625.06 2624.99 828.084 0 8 2 2 762495 44.8444 146535 5.40077 978019 762495 ZonesAtSurface
3675.06 2624.99 818.044 7 0 2 3 514447 28.4549 133570 1.15519 2.25901e+06 514447 ZonesAtSurface
3725.09 2624.99 857.99 0 0 2 3 1.47828e+06 35.3578 128784 1.76434 3.94783e+06 1.47828e+06 ZonesAtSurface
3775.13 2624.99 907.952 6 1 2 2 800490 22.5021 89624.3 3.23371 972998 800490 ZonesAtSurface
3825.14 2624.99 917.956 0 0 2 1 861267 17.9158 98484.1 6.64322 444337 861267 ZonesAtSurface
3875.17 2624.99 877.984 0 0 2 1 1.21322e+06 18.53 136031 2.78423 1.36384e+06 1.21322e+06 ZonesAtSurface
3925.21 2624.99 838.033 0 3 2 1 1.28365e+06 25.7952 76100.8 2.18791 2.31071e+06 1.28365e+06 ZonesAtSurface
3975.28 2624.99 798.089 0 0 1 1 1.30151e+06 42.2879 125797 4.72973 2.06786e+06 1.30151e+06 ZonesAtSurface
4025.35 2624.99 758.146 0 0 1 1 962560 26.6593 137105 1.82588 2.32899e+06 962560 ZonesAtSurface
4075.38 2625 768.198 0 0 0 0 1.43605e+06 33.0489 115262 2.71995 2.14913e+06 1.43605e+06 ZonesAtSurface
4125.45 2625 728.247 0 10 0 0 1.13464e+06 19.1519 90873.3 1.77542 1.90522e+06 1.13464e+06 ZonesAtSurface
4175.54 2625 638.302 0 0 1 1 1.40033e+06 33.7877 94357.2 2.46781 3.07575e+06 1.40033e+06 ZonesAtSurface
4225.58 2625 598.347 0 0 1 1 1.0605e+06 33.4927 79922.6 2.07354 2.78514e+06 1.0605e+06 ZonesAtSurface
4275.6 2625 608.382 4 0 0 0 675511 42.7853 120843 2.30697 1.79856e+06 675511 ZonesAtSurface
4325.63 2625 568.417 0 3 0 0 1.09987e+06 33.8765 129201 2.04562 2.48341e+06 1.09987e+06 ZonesAtSurface
4375.66 2625 478.452 0 0 2 1 900994 19.7843 137904 1.35469 2.68406e+06 900994 ZonesAtSurface
4425.66 2625 488.475 0 4 0 0 1.29946e+06 43.0821 95610.4 3.23493 2.22172e+06 1.29946e+06 ZonesAtSurface
4475.67 2625 398.51 0 0 1 1 1.01881e+06 24.6529 100708 1.40928 3.37793e+06 1.01881e+06 ZonesAtSurface
4525.66 2624.99 408.536 0 4 0 0 1.03301e+06 25.806 76537.5 3.05538 1.33597e+06 1.03301e+06 ZonesAtSurface
4575.67 2624.99 368.554 0 8 0 0 794199 32.8265 74210 3.11852 1.01182e+06 794199 ZonesAtSurface
4625.68 2624.99 328.568 0 9 0 0 1.18875e+06 20.1182 128036 3.63499 958813 1.18875e+06 ZonesAtSurface
4675.55 2625 138.624 5 0 1 3 859546 17.4819 120009 1.00853 4.80121e+06 859546 ZonesAtSurface
4725.49 2625 98.6363 8 0 1 3 1.44079e+06 40.4649 138971 1.01938 1.01433e+07 1.44079e+06 ZonesAtSurface
4775.4 2625 58.63 10 0 1 3 1.05807e+06 28.1494 75304.8 1.00485 8.95915e+06 1.05807e+06 ZonesAtSurface
4825.3 2625 18.6128 7 0 1 3 920906 27.0846 52321.7 1.07558 1.25072e+07 920906 ZonesAtSurface
4875.23 2625 28.6424 14 0 1 2 553510 25.1621 112007 1.03715 9.23748e+06 553510 ZonesAtSurface
4925.14 2625 38.6833 14 0 1 1 1.44322e+06 24.2838 130724 1.03399 9.08247e+06 1.44322e+06 ZonesAtSurface
74.9076 2675 -32.8213 31 0 1 2 1.36188e+06 34.7286 96069.9 1.08742 1.10051e+07 1.36188e+06 ZonesAtSurface
124.836 2675 -7.79078 40 18 1 2 1.14788e+06 42.5318 116196 1.15462 5.38926e+06 1.14788e+06 ZonesAtSurface
174.735 2675 -32.8414 27 0 1 3 1.05433e+06 34.0176 145904 1.09843 9.36503e+06 1.05433e+06 ZonesAtSurface
224.659 2675 -7.82529 27 3 1 3 1.41587e+06 38.2832 108425 1.21812 5.04658e+06 1.41587e+06 ZonesAtSurface
274.617 2675 -32.8647 15 0 1 4 547745 32.0572 137521 1.01859 9.50102e+06 547745 ZonesAtSurface
324.545 2675 -7.86827 10 0 1 4 1.36108e+06 18.3363 96746.4 1.0044 6.65194e+06 1.36108e+06 ZonesAtSurface
374.486 2675 17.1219 7 0 1 4 1.01937e+06 16.086 94160.3 1.00661 5.77486e+06 1.01937e+06 ZonesAtSurface
424.386 2674.99 92.1207 0 0 1 3 1.33416e+06 34.8291 131538 1.19083 6.31248e+06 1.33416e+06 ZonesAtSurface
474.295 2674.99 217.116 0 3 2 1 1.15061e+06 42.81 128862 1.54205 3.52635e+06 1.15061e+06 ZonesAtSurface
524.28 2674.99 292.106 0 1 0 0 1.37599e+06 19.2064 137416 1.98884 1.93726e+06 1.37599e+06 ZonesAtSurface
574.276 2674.99 317.094 0 0 0 0 1.27373e+06 21.2043 73418.6 2.52747 1.79064e+06 1.27373e+06 ZonesAtSurface
624.269 2674.99 292.076 4 0 1 1 518178 26.0442 111048 1.27597 3.31565e+06 518178 ZonesAtSurface
674.26 2674.99 367.059 0 0 0 0 1.48102e+06 35.363 86842.4 5.03793 1.63592e+06 1.48102e+06 ZonesAtSurface
724.258 2674.99 392.042 0 0 0 0 988278 27.8287 91521.1 2.40368 1.6633e+06 988278 ZonesAtSurface
774.257 2674.99 417.023 0 0 0 0 1.27493e+06 34.3463 115510 3.93185 1.52096e+06 1.27493e+06 ZonesAtSurface
824.259 2674.99 442.003 0 0 0 0 955567 34.2075 95696.5 3.49741 1.32162e+06 955567 ZonesAtSurface
874.262 2674.99 466.983 0 0 0 0 1.05937e+06 36.1868 93131.2 4.16771 1.27736e+06 1.05937e+06 ZonesAtSurface
924.269 2674.99 491.962 0 0 0 0 1.20253e+06 24.2056 91449 3.32856 1.28733e+06 1.20253e+06 ZonesAtSurface
974.28 2674.99 516.941 0 0 0 0 628887 19.2022 88929.4 1.71201 1.24474e+06 628887 ZonesAtSurface
1024.3 2674.99 541.918 0 0 0 0 1.31369e+06 38.3798 61784.7 6.16775 1.08418e+06 1.31369e+06 ZonesAtSurface
1074.32 2674.99 566.894 0 0 0 0 1.3358e+06 36.0309 143165 6.84682 899210 1.3358e+06 ZonesAtSurface
1124.35 2674.99 591.868 0 0 0 0 1.38433e+06 18.0665 143075 4.98415 821501 1.38433e+06 ZonesAtSurface
1174.38 2674.99 616.841 0 0 0 0 1.09948e+06 43.6435 120164 8.99404 782041 1.09948e+06 ZonesAtSurface
1224.41 2674.99 641.813 0 0 0 0 1.15354e+06 23.9072 117661 6.95432 576377 1.15354e+06 ZonesAtSurface
1274.44 2675 666.788 0 0 0 0 529761 20.4703 104034 3.88061 457276 529761 ZonesAtSurface
1324.49 2674.99 691.766 0 3 0 0 764583 44.0765 130071 4.24584 735193 764583 ZonesAtSurface
1374.48 2674.99 616.761 1 0 2 2 614581 38.2147 111014 1.38955 2.66042e+06 614581 ZonesAtSurface
1424.49 2674.99 591.76 0 7 2 3 1.14288e+06 42.6523 126200 1.75975 2.89766e+06 1.14288e+06 ZonesAtSurface
1474.53 2675 616.745 0 8 2 3 893832 41.6879 100250 2.2817 1.67618e+06 893832 ZonesAtSurface
1524.55 2675 591.727 0 0 1 4 1.48608e+06 26.5655 107489 1.26408 4.03581e+06 1.48608e+06 ZonesAtSurface
1574.63 2675 716.662 6 4 2 2 762559 17.6546 124815 1.16276 1.7372e+06 762559 ZonesAtSurface
1624.67 2674.99 691.66 1 6 2 3 860459 29.2716 54705.2 1.33688 2.13029e+06 860459 ZonesAtSurface
1674.66 2675 566.706 0 0 1 6 868000 15.2316 85602.1 1.07769 3.55962e+06 868000 ZonesAtSurface
1724.71 2674.99 641.688 5 4 2 5 1.06788e+06 17.5889 134322 1.20539 2.35437e+06 1.06788e+06 ZonesAtSurface
1774.74 2674.99 666.688 0 10 2 5 1.3882e+06 41.8282 100488 2.16841 2.68788e+06 1.3882e+06 ZonesAtSurface
1824.78 2674.99 691.686 9 9 2 5 1.05752e+06 42.6889 133464 1.51288 2.88883e+06 1.05752e+06 ZonesAtSurface
1874.81 2674.99 666.699 6 0 1 6 822038 33.2606 72245.1 1.01031 3.67144e+06 822038 ZonesAtSurface
1924.86 2674.99 691.708 0 0 2 6 826735 40.2007 119260 1.04647 2.99991e+06 826735 ZonesAtSurface
1974.9 2675 716.726 0 6 2 6 1.38728e+06 16.0697 106519 1.09675 3.28919e+06 1.38728e+06 ZonesAtSurface
2024.94 2675 679.268 4 0 2 6 1.06877e+06 19.0946 126029 1.01062 2.91212e+06 1.06877e+06 ZonesAtSurface
2074.98 2675 629.315 10 3 1 5 892067 23.8049 87596.9 1.02939 2.55734e+06 892067 ZonesAtSurface
2125 2675 529.372 10 0 1 5 979402 21.3518 71158.9 1.05642 3.81897e+06 979402 ZonesAtSurface
2175.03 2675 429.42 4 0 1 5 559343 18.2796 137598 1.27289 3.03681e+06 559343 ZonesAtSurface
2225.06 2675 329.453 0 0 0 0 1.22515e+06 44.6359 86354.7 4.56168 3.04576e+06 1.22515e+06 ZonesAtSurface
2275.09 2675 229.471 0 0 0 0 1.3305e+06 40.8479 69777.1 6.48302 2.39318e+06 1.3305e+06 ZonesAtSurface
2325.11 2675 129.482 0 0 0 0 1.11966e+06 25.8415 136174 4.67863 1.95035e+06 1.11966e+06 ZonesAtSurface
2375.1 2674.54 79.4871 10 9 0 0 1.02151e+06 17.3909 52747.1 0 1.11507e+06 1.02151e+06 ZonesAtSurface
2425.1 2674.68 -20.5069 7 10 0 0 956432 24.3945 87270.7 0.456731 7.25805e+06 956432 ZonesAtSurface
2475.09 2674.83 -120.497 10 8 0 0 1.18532e+06 41.7509 140346 2.76061 2.73044e+06 1.18532e+06 ZonesAtSurface
2525.05 2674.97 -150.481 0 0 0 0 584156 18.5318 117781 1.51933 8.43677e+06 584156 ZonesAtSurface
2575 2674.87 -110.463 8 8 0 0 1.11403e+06 29.9219 90266.3 1.83359 2.35365e+06 1.11403e+06 ZonesAtSurface
2624.95 2674.76 -70.4557 6 9 0 0 1.24004e+06 31.55 124134 1.16494 3.8954e+06 1.24004e+06 ZonesAtSurface
2674.91 2674.86 -30.4718 9 9 0 0 568338 39.4052 51616.6 2.09071 1.11023e+06 568338 ZonesAtSurface
2724.9 2674.9 9.50488 9 0 0 0 1.04604e+06 33.5864 84189.4 3.02538 1.4816e+07 1.04604e+06 ZonesAtSurface
2774.9 2674.99 -0.500526 0 0 0 0 1.10439e+06 21.6908 138798 2.29532 6.11856e+06 1.10439e+06 ZonesAtSurface
2824.89 2674.81 89.4748 8 0 0 0 675182 29.0808 70455.7 1.51951 3.75898e+07 675182 ZonesAtSurface
2874.89 2674.8 129.46 9 0 0 0 1.41922e+06 34.5311 62600.1 1.70971 4.42639e+07 1.41922e+06 ZonesAtSurface
2924.89 2674.8 169.459 10 0 0 0 1.01466e+06 23.1343 144191 1.37519 3.33335e+07 1.01466e+06 ZonesAtSurface
2974.88 2674.8 209.457 10 0 0 0 572713 24.7339 78785.5 1.38103 3.45497e+07 572713 ZonesAtSurface
3024.88 2674.8 249.444 10 0 0 0 1.30738e+06 27.6686 86101.4 1.42169 3.85594e+07 1.30738e+06 ZonesAtSurface
3074.88 2674.98 239.431 0 0 0 0 989986 38.378 51334.4 3.30612 8.83152e+06 989986 ZonesAtSurface
3124.91 2674.57 329.404 10 0 0 0 551467 15.4468 93715 1.26232 1.26941e+07 551467 ZonesAtSurface
3174.89 2674.98 319.404 0 0 0 0 1.10587e+06 43.6736 71013.5 4.979 7.57319e+06 1.10587e+06 ZonesAtSurface
3224.9 2674.98 359.387 0 0 0 0 591980 28.7342 108826 2.02979 4.98203e+06 591980 ZonesAtSurface
3274.91 2674.98 399.364 0 0 1 5 983706 41.35 74387.2 6.8469 3.46563e+06 983706 ZonesAtSurface
3324.91 2674.99 489.339 5 0 1 4 750263 36.3713 147337 1.31177 4.42314e+06 750263 ZonesAtSurface
3374.92 2674.99 579.285 2 0 1 3 1.46555e+06 43.913 128888 1.69968 5.35432e+06 1.46555e+06 ZonesAtSurface
3424.95 2675 669.23 0 0 2 2 1.12315e+06 40.1891 70406.6 1.85133 3.4468e+06 1.12315e+06 ZonesAtSurface
3474.98 2675 709.189 0 0 1 2 967539 41.7422 127864 1.87232 3.44537e+06 967539 ZonesAtSurface
3525.03 2675 799.14 4 0 2 1 863223 15.3805 132338 1.26342 1.94244e+06 863223 ZonesAtSurface
3575.06 2674.99 839.107 0 8 2 1 1.48091e+06 44.2047 108052 4.79095 1.52053e+06 1.48091e+06 ZonesAtSurface
3625.06 2674.99 829.084 0 9 2 2 1.15083e+06 24.1392 125560 3.23431 1.19468e+06 1.15083e+06 ZonesAtSurface
3675.07 2674.99 819.047 0 0 2 3 1.06891e+06 24.6937 84635.8 1.44128 2.50383e+06 1.06891e+06 ZonesAtSurface
3725.09 2674.99 809.013 7 0 1 4 1.35652e+06 17.7223 86964.4 1.303 3.32599e+06 1.35652e+06 ZonesAtSurface
3775.13 2674.99 908.95 0 4 2 2 1.08952e+06 42.8032 67632.6 6.18209 1.26231e+06 1.08952e+06 ZonesAtSurface
3825.14 2674.99 918.957 3 0 2 1 516443 34.2947 125017 9.128 440057 516443 ZonesAtSurface
3875.17 2674.99 878.986 0 0 1 1 1.45854e+06 40.0466 96364.3 7.62388 1.18024e+06 1.45854e+06 ZonesAtSurface
3925.22 2674.99 839.032 0 0 2 1 1.3169e+06 40.1805 106439 4.12636 1.89743e+06 1.3169e+06 ZonesAtSurface
3975.28 2674.99 799.087 0 0 2 1 895577 21.5984 113636 1.52381 2.19133e+06 895577 ZonesAtSurface
4025.35 2674.99 759.145 0 0 1 1 1.07397e+06 16.1824 88443.2 1.28832 2.5599e+06 1.07397e+06 ZonesAtSurface
4075.38 2675 769.198 0 8 0 0 1.36795e+06 40.7861 137611 2.57239 2.41877e+06 1.36795e+06 ZonesAtSurface
4125.45 2675 729.25 0 3 0 0 912780 40.3541 81350.6 2.03085 2.2243e+06 912780 ZonesAtSurface
4175.51 2675 689.297 0 10 0 0 796912 29.0268 113029 1.85226 1.74902e+06 796912 ZonesAtSurface
4225.58 2675 599.346 0 0 2 1 867049 39.4836 105233 2.18197 3.02142e+06 867049 ZonesAtSurface
4275.62 2675 559.387 0 0 2 1 780891 28.2896 63703.2 1.5269 2.73744e+06 780891 ZonesAtSurface
4325.64 2675 519.423 0 0 2 1 578847 30.6056 91565.3 1.28109 2.7755e+06 578847 ZonesAtSurface
4375.65 2675 529.45 3 6 0 0 1.22616e+06 24.0167 83239.6 2.091 1.99461e+06 1.22616e+06 ZonesAtSurface
4425.66 2675 489.477 7 7 0 0 1.11497e+06 18.5838 111533 1.33502 2.42367e+06 1.11497e+06 ZonesAtSurface
4475.66 2675 449.507 0 0 0 0 1.40332e+06 22.2823 61857.3 1.86594 2.72648e+06 1.40332e+06 ZonesAtSurface
4525.67 2675 409.534 0 0 0 0 1.35136e+06 41.5242 117520 5.17356 1.40733e+06 1.35136e+06 ZonesAtSurface
4575.67 2675 369.554 0 0 0 0 1.10558e+06 24.794 70278.7 3.95958 1.05573e+06 1.10558e+06 ZonesAtSurface
4625.68 2675 279.574 9 2 2 1 894598 21.2834 88749.9 2.23909 1.32585e+06 894598 ZonesAtSurface
4675.5 2675 89.6184 0 0 1 4 1.07445e+06 39.9605 92195.6 1.76659 9.62967e+06 1.07445e+06 ZonesAtSurface
4725.49 2675 99.6376 10 0 1 3 1.31797e+06 42.0579 63564.1 1.03456 1.06552e+07 1.31797e+06 ZonesAtSurface
4775.34 2675 9.60936 0 0 1 4 977638 27.2925 64471.5 1.33841 1.06878e+07 977638 ZonesAtSurface
4825.3 2675 19.6174 3 0 1 3 636527 34.0484 57312.5 1.23891 1.36092e+07 636527 ZonesAtSurface
4875.23 2675 29.6434 14 0 1 2 524321 24.5858 56397.5 1.02198 8.18208e+06 524321 ZonesAtSurface
4925.14 2675 39.6787 15 0 1 1 547015 28.8019 85330 1.02825 8.81206e+06 547015 ZonesAtSurface
74.9089 2725 -31.8201 32 0 1 2 1.37994e+06 42.1927 123324 1.15443 1.22626e+07 1.37994e+06 ZonesAtSurface
124.837 2725 -6.78252 47 0 1 2 583318 18.2054 82724.9 1.04068 2.42754e+06 583318 ZonesAtSurface
174.734 2725 -31.8356 27 0 1 3 516505 37.203 93184.3 1.02218 7.72601e+06 516505 ZonesAtSurface
224.651 2725 -6.82548 37 0 1 3 578525 19.5377 100285 1.26644 1.52872e+06 578525 ZonesAtSurface
274.615 2725 -31.8676 3 0 1 4 1.14278e+06 41.9003 53914.4 1.04358 1.28489e+07 1.14278e+06 ZonesAtSurface
324.543 2725 -6.87056 7 0 1 4 616172 42.1463 59927 1.01211 1.03257e+07 616172 ZonesAtSurface
374.419 2725 68.1294 4 0 1 3 729676 16.8567 53029.6 1.07956 2.64505e+06 729676 ZonesAtSurface
424.306 2724.99 193.119 4 6 2 1 836642 37.2479 99472.5 1.81172 2.17867e+06 836642 ZonesAtSurface
474.286 2724.99 268.115 0 10 0 0 896720 32.6452 106614 2.78755 1.19802e+06 896720 ZonesAtSurface
524.282 2724.99 293.107 7 0 0 0 1.21577e+06 15.9469 122034 1.59943 2.13194e+06 1.21577e+06 ZonesAtSurface
574.275 2724.99 318.094 0 0 0 0 1.2932e+06 24.6052 90362.9 2.19929 2.12922e+06 1.2932e+06 ZonesAtSurface
624.267 2724.99 343.078 0 0 0 0 1.16635e+06 39.5167 56916 2.77097 2.82554e+06 1.16635e+06 ZonesAtSurface
674.26 2724.99 368.06 0 0 0 0 1.08501e+06 38.3691 149165 3.54927 1.8599e+06 1.08501e+06 ZonesAtSurface
724.257 2724.99 393.043 0 0 0 0 1.07846e+06 22.9252 80836.3 2.27136 1.72474e+06 1.07846e+06 ZonesAtSurface
774.256 2724.99 418.024 0 0 0 0 640187 23.6641 62754 1.61764 1.56417e+06 640187 ZonesAtSurface
824.258 2724.99 443.003 0 0 0 0 1.37099e+06 27.4559 101022 3.85712 1.34344e+06 1.37099e+06 ZonesAtSurface
874.261 2724.99 467.983 0 0 0 0 1.19809e+06 35.982 95706.2 4.45969 1.30058e+06 1.19809e+06 ZonesAtSurface
924.267 2724.99 492.963 0 0 0 0 886598 41.9017 68857 4.4464 1.28137e+06 886598 ZonesAtSurface
974.278 2724.99 517.941 0 0 0 0 1.01006e+06 25.5897 78491.3 3.17876 1.20859e+06 1.01006e+06 ZonesAtSurface
1024.29 2724.99 542.919 0 0 0 0 777930 26.8362 101200 2.83854 1.08977e+06 777930 ZonesAtSurface
1074.32 2724.99 567.894 0 0 0 0 748047 42.4704 109567 5.16944 920197 748047 ZonesAtSurface
1124.34 2725 592.868 0 0 0 0 1.37797e+06 27.2645 63284.2 6.24691 823094 1.37797e+06 ZonesAtSurface
1174.38 2725 617.841 0 0 0 0 758485 37.1519 75522.6 5.80844 778114 758485 ZonesAtSurface
1224.41 2725 642.813 0 0 0 0 1.38531e+06 40.1644 149129 10 584110 1.38531e+06 ZonesAtSurface
1274.44 2725 667.788 0 0 0 0 562540 39.8315 148274 8.93239 371703 562540 ZonesAtSurface
1324.48 2725 692.766 0 1 0 0 512803 19.2466 76263 1.95822 745116 512803 ZonesAtSurface
1374.5 2724.99 667.753 2 9 2 1 927679 29.5457 141918 1.97161 1.53898e+06 927679 ZonesAtSurface
1424.49 2725 592.757 0 5 2 3 1.34504e+06 35.2687 80459.2 1.53665 3.48949e+06 1.34504e+06 ZonesAtSurface
1474.53 2725 617.744 0 5 2 3 902237 21.9208 129560 1.69952 1.51165e+06 902237 ZonesAtSurface
1524.55 2725 592.73 0 0 1 4 1.4203e+06 15.6686 130935 1.51523 2.68378e+06 1.4203e+06 ZonesAtSurface
1574.62 2724.99 717.661 0 6 2 2 1.21403e+06 15.134 112853 1.81761 1.73302e+06 1.21403e+06 ZonesAtSurface
1624.66 2724.99 692.66 6 2 2 3 721581 42.6723 84102.6 1.20591 2.66718e+06 721581 ZonesAtSurface
1674.67 2724.99 617.692 11 0 2 5 1.06879e+06 33.8873 119655 1.11204 4.00317e+06 1.06879e+06 ZonesAtSurface
1724.71 2724.99 592.697 0 0 2 6 1.23699e+06 15.8913 74886.7 1.13646 4.02375e+06 1.23699e+06 ZonesAtSurface
1774.74 2724.99 667.69 0 9 1 5 1.2862e+06 39.944 57272.6 1.87004 2.84317e+06 1.2862e+06 ZonesAtSurface
1824.78 2724.99 642.694 6 0 1 6 937847 38.8858 131907 1.0053 5.23604e+06 937847 ZonesAtSurface
1874.81 2724.99 667.703 2 0 2 6 596518 43.9408 131805 1.01782 3.36094e+06 596518 ZonesAtSurface
1924.85 2724.99 692.711 2 6 1 6 1.08932e+06 33.447 138099 1.01931 3.64897e+06 1.08932e+06 ZonesAtSurface
1974.9 2725 717.724 4 6 2 6 909999 22.8089 78802 1.01609 2.61146e+06 909999 ZonesAtSurface
2024.94 2725 680.265 0 6 2 6 1.19514e+06 34.2073 108909 1.05492 4.03795e+06 1.19514e+06 ZonesAtSurface
2074.98 2725 580.325 6 0 1 6 939266 29.4526 106845 1.02601 4.57294e+06 939266 ZonesAtSurface
2125.01 2725 480.379 0 0 1 6 1.36275e+06 15.9844 119746 1.5735 4.50694e+06 1.36275e+06 ZonesAtSurface
2175.02 2724.99 430.421 5 0 1 5 716136 41.4643 72129.2 3.70173 8.52546e+06 716136 ZonesAtSurface
2225.05 2724.98 330.449 0 0 0 0 898208 42.2477 107510 3.20383 1.24459e+07 898208 ZonesAtSurface
2275.07 2723.08 330.469 3 0 0 0 1.22788e+06 40.841 90811.8 4.58773 4.30596e+06 1.22788e+06 ZonesAtSurface
2325.1 2724.53 180.479 10 10 0 0 1.21666e+06 40.3675 80933.2 1.34605 5.01464e+06 1.21666e+06 ZonesAtSurface
2375.1 2724.69 80.4861 10 2 0 0 1.05232e+06 15.5447 122035 1.19081 2.60271e+06 1.05232e+06 ZonesAtSurface
2425.1 2724.73 -19.5075 10 0 0 0 1.1927e+06 16.441 71287.6 1.29571 4.42969e+07 1.1927e+06 ZonesAtSurface
2475.09 2724.87 -119.498 10 0 0 0 688917 20.4942 131837 2.20075 1.77694e+07 688917 ZonesAtSurface
2525.05 2724.97 -149.483 0 0 0 0 1.35363e+06 24.4043 136307 1.62251 9.74776e+06 1.35363e+06 ZonesAtSurface
2575.01 2724.97 -109.464 0 0 0 0 1.22325e+06 37.6154 107569 3.0622 9.00872e+06 1.22325e+06 ZonesAtSurface
2624.96 2724.97 -69.4557 0 0 0 0 1.3089e+06 33.4653 102647 2.89485 8.19637e+06 1.3089e+06 ZonesAtSurface
2674.91 2724.98 -29.462 4 0 0 0 561622 18.3693 99490.7 1.26909 6.62028e+06 561622 ZonesAtSurface
2724.89 2724.83 10.5251 10 0 0 0 834181 32.0648 146207 2.67615 1.23692e+07 834181 ZonesAtSurface
2774.89 2725 0.510883 0 0 0 0 528274 17.4689 113808 3.46495 2.89352e+06 528274 ZonesAtSurface
2824.88 2725 40.4969 0 0 0 0 1.26848e+06 31.8262 84239.4 7.84888 3.69347e+06 1.26848e+06 ZonesAtSurface
2874.87 2725 80.4829 0 0 0 0 763854 18.4839 117534 3.234 3.54791e+06 763854 ZonesAtSurface
2924.88 2724.63 170.471 4 0 0 0 1.09546e+06 37.2772 98001.4 1.14297 4.36007e+07 1.09546e+06 ZonesAtSurface
2974.87 2724.99 160.463 0 0 0 0 953584 16.1961 146524 3.08859 3.51936e+06 953584 ZonesAtSurface
3024.87 2724.99 200.452 0 0 0 0 1.05716e+06 18.49 97545.8 4.23325 2.84135e+06 1.05716e+06 ZonesAtSurface
3074.87 2724.99 240.438 0 0 0 0 1.09277e+06 38.2219 97711.1 10 3.09053e+06 1.09277e+06 ZonesAtSurface
3124.88 2724.99 280.422 0 0 0 0 1.38659e+06 37.7862 79162 10 3.29649e+06 1.38659e+06 ZonesAtSurface
3174.89 2724.99 320.407 0 0 0 0 506989 28.3809 88061.1 7.56588 2.49016e+06 506989 ZonesAtSurface
3224.9 2724.99 360.388 0 0 0 0 1.07376e+06 32.9211 116864 10 1.86906e+06 1.07376e+06 ZonesAtSurface
3274.91 2724.99 400.366 0 0 1 5 856040 15.7413 131944 3.41147 1.90181e+06 856040 ZonesAtSurface
3324.92 2724.99 490.338 1 0 1 4 1.32299e+06 41.8141 69401.4 1.86771 5.29669e+06 1.32299e+06 ZonesAtSurface
3374.93 2725 580.283 2 0 1 3 712132 41.0715 141935 1.20691 4.76011e+06 712132 ZonesAtSurface
3424.96 2725 670.23 0 0 1 2 1.30818e+06 19.8252 108963 1.22335 3.43433e+06 1.30818e+06 ZonesAtSurface
3474.98 2725 710.187 0 0 2 2 1.10166e+06 16.032 87057.4 1.04111 3.11525e+06 1.10166e+06 ZonesAtSurface
3525.03 2725 800.138 7 0 2 1 570412 18.591 131707 1.14127 1.50696e+06 570412 ZonesAtSurface
3575.1 2725 890.1 0 10 0 0 994967 21.4793 56821.9 3.19617 926080 994967 ZonesAtSurface
3625.07 2724.99 830.082 0 12 2 2 1.38926e+06 42.0573 72975.2 5.40825 1.27246e+06 1.38926e+06 ZonesAtSurface
3675.08 2724.99 820.049 0 3 2 3 1.15788e+06 34.3069 136054 1.71986 2.4118e+06 1.15788e+06 ZonesAtSurface
3725.1 2724.99 810.012 18 0 1 4 531345 29.3831 137765 1.53941 2.49506e+06 531345 ZonesAtSurface
3775.13 2724.99 909.949 0 0 2 2 674487 24.7114 145726 2.15322 1.12256e+06 674487 ZonesAtSurface
3825.16 2724.99 869.957 0 0 1 2 1.25869e+06 36.5599 94523.8 6.56692 1.21862e+06 1.25869e+06 ZonesAtSurface
3875.2 2724.99 829.99 0 0 1 2 759339 29.3246 148370 2.28089 1.98897e+06 759339 ZonesAtSurface
3925.18 2724.99 890.031 0 10 0 0 1.345e+06 24.0841 119757 4.86082 956877 1.345e+06 ZonesAtSurface
3975.24 2724.99 850.083 0 5 0 0 1.49266e+06 22.8466 123593 2.34084 2.09816e+06 1.49266e+06 ZonesAtSurface
4025.35 2725 760.145 0 0 2 1 1.46186e+06 41.195 74417 3.61425 2.63335e+06 1.46186e+06 ZonesAtSurface
4075.42 2725 720.203 0 0 1 1 1.23051e+06 16.6086 91561.9 1.34664 2.85954e+06 1.23051e+06 ZonesAtSurface
4125.48 2725 680.257 0 0 1 1 1.26918e+06 43.7599 57975.5 3.1151 2.62579e+06 1.26918e+06 ZonesAtSurface
4175.51 2725 690.298 0 10 0 0 1.19261e+06 20.682 102508 2.532 1.36819e+06 1.19261e+06 ZonesAtSurface
4225.61 2725 500.367 0 0 1 3 836926 22.3417 78886.6 1.20124 3.83838e+06 836926 ZonesAtSurface
4275.63 2725 510.395 0 0 1 2 1.22691e+06 39.7008 82118.4 2.90693 3.34419e+06 1.22691e+06 ZonesAtSurface
4325.64 2725 520.427 0 0 1 1 1.27692e+06 33.6232 112502 2.48822 2.63566e+06 1.27692e+06 ZonesAtSurface
4375.66 2725 480.457 0 0 1 1 968474 36.314 139078 2.02394 2.97845e+06 968474 ZonesAtSurface
4425.67 2725 440.487 0 0 2 1 1.19553e+06 42.4532 136567 2.64578 3.21339e+06 1.19553e+06 ZonesAtSurface
4475.67 2725 400.515 0 0 1 1 1.26266e+06 17.6241 92589.6 1.70328 2.67775e+06 1.26266e+06 ZonesAtSurface
4525.66 2725 410.537 0 0 0 0 729006 44.6196 53606.6 4.5359 1.32712e+06 729006 ZonesAtSurface
4575.67 2725 370.556 0 0 0 0 968469 31.1638 99635.6 3.51099 1.22127e+06 968469 ZonesAtSurface
4625.68 2724.99 280.576 0 4 2 1 1.04696e+06 35.6741 59136.8 2.01062 2.44397e+06 1.04696e+06 ZonesAtSurface
4675.56 2724.99 140.624 10 0 1 3 1.23515e+06 41.8287 101489 1.11551 9.96599e+06 1.23515e+06 ZonesAtSurface
4725.42 2725 50.6213 0 0 1 4 781161 32.9857 72324.6 1.21727 1.05473e+07 781161 ZonesAtSurface
4775.48 2724.99 110.656 9 1 2 2 662004 20.8066 94054.2 1.78712 1.12547e+06 662004 ZonesAtSurface
4825.29 2725 20.6202 2 0 1 3 1.32754e+06 36.1908 57910.6 1.28532 1.43581e+07 1.32754e+06 ZonesAtSurface
4875.22 2725 30.6431 15 0 1 2 925528 28.0955 110662 1.01248 9.6249e+06 925528 ZonesAtSurface
4925.14 2725 40.6757 9 0 1 1 1.12427e+06 31.0534 106398 1.02927 1.0543e+07 1.12427e+06 ZonesAtSurface
74.9078 2775 -30.82 32 0 1 2 664819 21.0911 146588 1.12367 6.20686e+06 664819 ZonesAtSurface
124.835 2775 -5.7816 37 23 1 2 1.4893e+06 42.47 76138.5 1.20925 6.05065e+06 1.4893e+06 ZonesAtSurface
174.734 2775 -30.8332 39 0 1 3 1.15689e+06 15.3639 90427.9 1.01255 5.34832e+06 1.15689e+06 ZonesAtSurface
224.648 2775 -5.82316 30 5 1 3 969558 37.8539 88774.3 1.46807 2.95394e+06 969558 ZonesAtSurface
274.612 2775 -30.8685 19 0 1 4 1.01774e+06 24.695 108499 1.01381 8.65215e+06 1.01774e+06 ZonesAtSurface
324.541 2775 -5.87104 15 0 1 4 627586 26.959 57130.8 1.00665 7.15852e+06 627586 ZonesAtSurface
374.487 2775 19.1224 0 0 1 4 1.30466e+06 18.3134 119570 1.01372 6.42373e+06 1.30466e+06 ZonesAtSurface
424.309 2775 194.122 2 5 2 1 1.29689e+06 26.0604 77801.7 1.63489 2.62084e+06 1.29689e+06 ZonesAtSurface
474.289 2774.99 269.117 0 7 0 0 942428 40.6065 83403.3 2.74948 1.54645e+06 942428 ZonesAtSurface
524.284 2774.99 294.107 0 0 0 0 1.25363e+06 19.4032 57205.6 1.57488 2.39215e+06 1.25363e+06 ZonesAtSurface
574.275 2774.99 319.094 0 0 0 0 1.32636e+06 28.7038 58005.8 2.27728 2.44301e+06 1.32636e+06 ZonesAtSurface
624.266 2774.99 344.079 0 0 0 0 1.31725e+06 21.9595 107557 1.83131 2.43702e+06 1.31725e+06 ZonesAtSurface
674.26 2774.99 369.062 0 0 0 0 587291 28.373 56568.5 1.50626 2.07007e+06 587291 ZonesAtSurface
724.256 2774.99 394.043 0 0 0 0 870693 25.0765 147233 1.87821 1.82648e+06 870693 ZonesAtSurface
774.255 2774.99 419.024 0 0 0 0 934627 40.8055 69328.8 3.56172 1.6104e+06 934627 ZonesAtSurface
824.256 2774.99 444.004 0 0 0 0 715441 28.2138 81416.1 2.25066 1.37069e+06 715441 ZonesAtSurface
874.259 2774.99 468.984 0 0 0 0 822584 37.0121 59384 3.34657 1.33963e+06 822584 ZonesAtSurface
924.266 2775 493.963 0 0 0 0 1.24198e+06 39.025 86467.1 5.18623 1.27797e+06 1.24198e+06 ZonesAtSurface
974.277 2775 518.942 0 0 0 0 1.18768e+06 28.7807 147123 4.06599 1.17134e+06 1.18768e+06 ZonesAtSurface
1024.29 2775 543.919 0 0 0 0 722184 36.2302 120870 3.5533 1.07408e+06 722184 ZonesAtSurface
1074.31 2775 568.895 0 0 0 0 855860 31.956 53772.4 4.12293 933573 855860 ZonesAtSurface
1124.34 2775 593.868 0 0 0 0 540174 44.5857 93677.2 4.94915 829441 540174 ZonesAtSurface
1174.38 2775 618.841 0 0 0 0 669275 15.7001 141064 2.66986 779098 669275 ZonesAtSurface
1224.41 2775 643.814 0 0 0 0 1.09326e+06 22.2326 149692 6.65375 564860 1.09326e+06 ZonesAtSurface
1274.44 2775 668.788 0 0 0 0 952095 37.3771 57152.1 10 297883 952095 ZonesAtSurface
1324.48 2775 693.767 0 2 0 0 1.43078e+06 30.0938 82188.1 6.55965 809720 1.43078e+06 ZonesAtSurface
1374.49 2775 668.753 0 7 2 1 982798 26.2329 64901 2.02035 1.5356e+06 982798 ZonesAtSurface
1424.5 2775 643.749 8 10 2 2 1.00507e+06 16.3343 126062 1.24501 2.29361e+06 1.00507e+06 ZonesAtSurface
1474.52 2775 618.742 0 4 2 3 920898 20.2146 118902 1.60357 1.66517e+06 920898 ZonesAtSurface
1524.55 2775 593.731 1 0 1 4 757179 18.3805 102072 1.55231 1.9024e+06 757179 ZonesAtSurface
1574.62 2774.99 718.661 0 9 2 2 1.13747e+06 28.6304 125630 2.94107 1.30817e+06 1.13747e+06 ZonesAtSurface
1624.68 2774.99 793.639 0 10 2 1 1.44719e+06 15.3739 114758 3.0717 1.22335e+06 1.44719e+06 ZonesAtSurface
1674.7 2774.99 718.65 3 9 2 3 1.04168e+06 21.7432 59807 1.82566 1.69001e+06 1.04168e+06 ZonesAtSurface
1724.71 2774.99 643.688 7 0 2 5 745933 17.2521 57664.8 1.13348 2.17372e+06 745933 ZonesAtSurface
1774.74 2774.99 668.688 8 1 2 5 839339 17.8545 141249 1.06853 2.04633e+06 839339 ZonesAtSurface
1824.78 2774.99 643.693 0 0 2 6 1.36518e+06 29.992 83441.9 1.02793 5.33126e+06 1.36518e+06 ZonesAtSurface
1874.81 2775 668.703 6 0 1 6 742247 37.5001 89942.8 1.02967 3.20647e+06 742247 ZonesAtSurface
1924.85 2775 693.711 0 6 2 6 1.48899e+06 44.7652 80172.7 1.3822 4.90081e+06 1.48899e+06 ZonesAtSurface
1974.9 2775 718.721 0 6 2 6 1.3067e+06 31.9091 84080.3 1.29262 3.51418e+06 1.3067e+06 ZonesAtSurface
2024.94 2775 681.263 6 0 2 6 672356 27.587 82414.2 0.999892 2.11283e+06 672356 ZonesAtSurface
2074.98 2775 581.326 6 0 1 6 512633 35.2403 130933 1.02317 4.52089e+06 512633 ZonesAtSurface
2125.01 2775 481.38 0 0 1 6 730664 35.5355 100968 4.47005 4.0257e+06 730664 ZonesAtSurface
2175.02 2774.99 431.419 6 0 1 5 1.31344e+06 27.4403 63169.1 2.45138 7.90354e+06 1.31344e+06 ZonesAtSurface
2225.03 2774.23 381.447 5 0 0 0 1.15573e+06 27.556 73435.5 0.939131 1.85094e+07 1.15573e+06 ZonesAtSurface
2275.08 2774.99 231.462 8 0 0 0 827527 18.1278 74862.1 1.35476 5.28517e+06 827527 ZonesAtSurface
2325.1 2774.99 131.476 0 0 0 0 1.40953e+06 41.9063 77015.2 7.70503 6.1678e+06 1.40953e+06 ZonesAtSurface
2375.1 2774.58 81.4864 10 0 0 0 990588 23.6329 127219 1.13352 4.00565e+07 990588 ZonesAtSurface
2425.1 2774.98 -68.5077 0 0 0 0 965667 24.1889 101672 3.79255 6.81917e+06 965667 ZonesAtSurface
2475.09 2774.73 -118.503 10 0 0 0 1.11333e+06 39.6205 66762.8 2.73816 2.2096e+07 1.11333e+06 ZonesAtSurface
2525.06 2774.95 -148.496 3 0 0 0 650427 19.07 111294 1.31265 1.24805e+07 650427 ZonesAtSurface
2575.02 2774.95 -108.478 7 0 0 0 1.35973e+06 16.5648 71595.7 1.10324 1.24603e+07 1.35973e+06 ZonesAtSurface
2624.97 2774.97 -68.46 7 0 0 0 1.36082e+06 20.439 89241.4 1.27152 9.81294e+06 1.36082e+06 ZonesAtSurface
2674.92 2774.98 -28.4554 0 0 0 0 624624 33.1546 104519 2.93566 5.70013e+06 624624 ZonesAtSurface
2724.89 2774.88 11.5356 4 8 0 0 1.10751e+06 28.2328 94227.1 2.16588 1.70552e+06 1.10751e+06 ZonesAtSurface
2774.87 2774.77 51.5208 4 10 0 0 1.03715e+06 36.55 112021 1.15857 4.13303e+06 1.03715e+06 ZonesAtSurface
2824.87 2774.77 91.5041 7 10 0 0 742607 43.7889 101112 0.937556 3.6642e+06 742607 ZonesAtSurface
2874.86 2774.63 131.487 8 9 0 0 609624 35.5246 97349.7 1.67666 2.00932e+06 609624 ZonesAtSurface
2924.9 2773.4 221.453 10 0 0 0 1.16592e+06 38.0691 59267 3.69494 2.59561e+07 1.16592e+06 ZonesAtSurface
2974.88 2774.59 211.461 10 7 0 0 1.16577e+06 15.735 119634 1.07123 4.42784e+06 1.16577e+06 ZonesAtSurface
3024.88 2774.6 251.452 8 7 0 0 619472 18.747 130145 1.28226 2.11232e+06 619472 ZonesAtSurface
3074.88 2774.45 291.442 7 0 0 0 728672 27.25 74145.3 1.0236 1.88064e+07 728672 ZonesAtSurface
3124.87 2774.99 281.431 0 0 0 0 1.0499e+06 37.3296 129816 10 2.27191e+06 1.0499e+06 ZonesAtSurface
3174.88 2774.99 321.412 0 0 0 0 564499 36.4807 110781 8.17122 2.88946e+06 564499 ZonesAtSurface
3224.9 2774.99 361.392 0 0 0 0 654347 29.7513 110159 7.90166 2.04574e+06 654347 ZonesAtSurface
3274.91 2774.99 401.37 0 0 1 5 1.32551e+06 28.3123 80349.2 8.42082 1.85754e+06 1.32551e+06 ZonesAtSurface
3324.92 2775 441.342 0 0 1 5 1.28945e+06 36.1923 53125.8 5.44028 3.20024e+06 1.28945e+06 ZonesAtSurface
3374.92 2775 581.285 6 0 1 3 1.25332e+06 43.2231 70008.8 1.44131 5.36347e+06 1.25332e+06 ZonesAtSurface
3424.96 2775 671.231 0 0 2 2 1.23878e+06 30.8468 111667 1.57566 3.59019e+06 1.23878e+06 ZonesAtSurface
3475 2775 761.178 0 4 2 1 1.35203e+06 42.4551 64216.2 2.52716 2.41418e+06 1.35203e+06 ZonesAtSurface
3525.03 2775 801.138 0 1 2 1 1.27683e+06 36.5146 80937.1 2.67258 1.87274e+06 1.27683e+06 ZonesAtSurface
3575.07 2775 841.104 0 7 2 1 1.44247e+06 33.7895 101645 3.66144 1.57914e+06 1.44247e+06 ZonesAtSurface
3625.07 2774.99 831.079 0 6 2 2 821796 43.6103 80044.3 2.86796 1.50353e+06 821796 ZonesAtSurface
3675.08 2774.99 821.044 5 0 2 3 730788 28.7013 79778.3 1.41772 2.16905e+06 730788 ZonesAtSurface
3725.1 2774.99 811.01 5 0 1 4 872955 42.4143 87146.2 2.18414 3.32832e+06 872955 ZonesAtSurface
3775.14 2774.99 860.956 0 0 1 3 1.40473e+06 33.0326 88277.9 2.51631 3.05609e+06 1.40473e+06 ZonesAtSurface
3825.14 2774.99 920.962 8 0 2 1 679818 15.2739 77142 4.30356 526747 679818 ZonesAtSurface
3875.17 2774.99 880.991 0 9 1 1 1.17262e+06 37.0835 99172.7 5.01222 1.28452e+06 1.17262e+06 ZonesAtSurface
3925.18 2774.99 891.033 0 7 0 0 1.44071e+06 21.8222 78964.6 3.70977 1.33144e+06 1.44071e+06 ZonesAtSurface
3975.29 2775 801.09 0 0 2 1 843187 26.4781 54609.5 1.62617 2.22765e+06 843187 ZonesAtSurface
4025.36 2775 761.147 0 0 2 1 1.29181e+06 21.4567 132202 1.90867 2.48928e+06 1.29181e+06 ZonesAtSurface
4075.42 2775 721.204 0 0 1 1 1.21585e+06 34.9975 136173 2.39625 2.77695e+06 1.21585e+06 ZonesAtSurface
4125.49 2775 681.258 6 0 1 1 724965 15.5717 83653.7 1.08883 2.28559e+06 724965 ZonesAtSurface
4175.56 2775 591.312 1 0 1 2 1.25902e+06 15.7188 110529 1.11614 3.62285e+06 1.25902e+06 ZonesAtSurface
4225.6 2775 551.357 0 0 1 2 1.35387e+06 39.8032 143025 2.05213 3.95954e+06 1.35387e+06 ZonesAtSurface
4275.62 2774.99 561.397 0 10 2 1 1.36763e+06 31.698 84257.6 1.91531 2.71308e+06 1.36763e+06 ZonesAtSurface
4325.65 2775 471.431 0 0 2 2 1.18683e+06 31.6319 77997.3 1.75931 3.62892e+06 1.18683e+06 ZonesAtSurface
4375.66 2775 481.459 2 0 1 1 879844 41.5884 66379.2 2.30954 3.03521e+06 879844 ZonesAtSurface
4425.67 2775 441.492 3 0 1 1 992386 41.4271 53038.8 1.65981 3.77821e+06 992386 ZonesAtSurface
4475.67 2775 401.52 0 0 1 1 1.36006e+06 23.0148 76097 2.32186 2.30919e+06 1.36006e+06 ZonesAtSurface
4525.66 2775 411.54 0 2 0 0 858331 20.2852 138376 3.94942 776264 858331 ZonesAtSurface
4575.67 2775 371.559 0 0 0 0 861780 34.0359 85900 3.70573 1.16175e+06 861780 ZonesAtSurface
4625.68 2775 331.573 2 7 0 0 593783 29.0025 125631 2.47015 825545 593783 ZonesAtSurface
4675.62 2774.99 191.612 3 0 1 2 1.33525e+06 43.2431 79908.9 1.48479 7.15264e+06 1.33525e+06 ZonesAtSurface
4725.49 2774.99 101.633 10 0 1 3 1.33135e+06 26.2296 137900 1.04457 7.73589e+06 1.33135e+06 ZonesAtSurface
4775.34 2775 11.6091 1 0 1 4 1.12341e+06 22.7439 108507 1.1109 1.08307e+07 1.12341e+06 ZonesAtSurface
4825.29 2775 21.6214 15 0 1 3 858978 21.846 98725.7 1.04258 9.7377e+06 858978 ZonesAtSurface
4875.22 2775 31.6461 16 0 1 2 1.33001e+06 17.5177 142589 1.0205 7.43782e+06 1.33001e+06 ZonesAtSurface
4925.13 2775 41.6755 10 0 1 1 549118 25.7562 93983.6 1.06127 8.14242e+06 549118 ZonesAtSurface
74.908 2825 -29.8209 33 0 1 2 1.40249e+06 32.9119 74168.8 1.10051 1.06857e+07 1.40249e+06 ZonesAtSurface
124.831 2825 -4.78584 43 1 1 2 903494 37.1962 134070 1.10099 3.34187e+06 903494 ZonesAtSurface
174.733 2825 -29.8364 34 0 1 3 1.48672e+06 27.1314 85720.9 1.01452 8.30639e+06 1.48672e+06 ZonesAtSurface
224.65 2825 -4.82396 27 0 1 3 861701 38.9513 123024 1.34599 3.62976e+06 861701 ZonesAtSurface
274.611 2825 -29.8684 14 0 1 4 676851 30.1172 80954.2 1.01834 9.38199e+06 676851 ZonesAtSurface
324.54 2825 -4.87156 9 0 1 4 835691 33.572 75680.4 1.00497 8.47559e+06 835691 ZonesAtSurface
374.426 2825 70.1308 5 0 1 3 938236 36.2213 139234 1.04376 5.97451e+06 938236 ZonesAtSurface
424.311 2825 195.124 2 0 2 1 745590 41.0611 95933.4 1.75135 2.52603e+06 745590 ZonesAtSurface
474.291 2825 270.118 0 8 0 0 1.02247e+06 26.4813 102436 2.03641 1.58551e+06 1.02247e+06 ZonesAtSurface
524.284 2825 295.108 0 0 0 0 799909 41.3717 109584 1.76112 2.5921e+06 799909 ZonesAtSurface
574.274 2825 320.094 0 0 0 0 842807 29.9421 79503.1 1.54285 2.52231e+06 842807 ZonesAtSurface
624.266 2825 345.079 0 0 0 0 1.48546e+06 26.8651 92240 2.45333 2.36434e+06 1.48546e+06 ZonesAtSurface
674.259 2824.99 370.062 0 0 0 0 707047 44.7708 132735 2.84626 2.10115e+06 707047 ZonesAtSurface
724.255 2824.99 395.044 0 0 0 0 1.01571e+06 44.265 135184 3.79476 1.87683e+06 1.01571e+06 ZonesAtSurface
774.254 2824.99 420.024 0 0 0 0 1.1452e+06 16.159 70596.3 2.0677 1.6401e+06 1.1452e+06 ZonesAtSurface
824.255 2825 445.004 0 0 0 0 615319 18.5005 133673 1.501 1.38591e+06 615319 ZonesAtSurface
874.258 2825 469.984 0 0 0 0 561023 20.2159 116299 1.45445 1.34476e+06 561023 ZonesAtSurface
924.265 2825 494.963 0 0 0 0 1.12134e+06 17.3512 88986.5 2.65394 1.28343e+06 1.12134e+06 ZonesAtSurface
974.276 2825 519.942 0 0 0 0 1.35005e+06 32.5428 143487 4.95336 1.1779e+06 1.35005e+06 ZonesAtSurface
1024.29 2825 544.919 0 0 0 0 864979 43.2038 136544 5.05795 1.05179e+06 864979 ZonesAtSurface
1074.31 2825 569.895 0 0 0 0 520417 23.4976 128824 2.15816 912757 520417 ZonesAtSurface
1124.34 2825 594.869 0 0 0 0 1.26347e+06 36.5568 52830.3 7.40889 830322 1.26347e+06 ZonesAtSurface
1174.37 2825 619.842 0 0 0 0 684250 22.9698 91113.4 3.22915 795567 684250 ZonesAtSurface
1224.4 2825 644.815 0 0 0 0 747208 37.1114 120339 8.08277 521173 747208 ZonesAtSurface
1274.44 2825 669.79 0 0 0 0 1.24022e+06 21.5459 80801.6 10 385475 1.24022e+06 ZonesAtSurface
1324.48 2825 694.768 0 3 0 0 1.25179e+06 18.541 144163 3.52665 1.02503e+06 1.25179e+06 ZonesAtSurface
1374.49 2825 669.755 0 0 2 1 1.20634e+06 27.78 129309 2.59421 1.67644e+06 1.20634e+06 ZonesAtSurface
1424.48 2825 594.757 0 0 2 3 754886 35.6329 54244.6 1.55355 2.32977e+06 754886 ZonesAtSurface
1474.52 2825 619.74 0 4 2 3 1.39285e+06 23.6867 103481 1.67156 2.61545e+06 1.39285e+06 ZonesAtSurface
1524.54 2824.99 594.73 0 0 1 4 1.14049e+06 26.451 67116.9 1.6582 3.04824e+06 1.14049e+06 ZonesAtSurface
1574.6 2824.99 669.678 1 0 2 3 505436 18.0091 113988 1.09625 2.09557e+06 505436 ZonesAtSurface
1624.66 2824.99 744.638 1 0 2 2 890331 21.6702 121301 1.49462 1.95189e+06 890331 ZonesAtSurface
1674.7 2824.99 719.648 1 10 2 3 752153 42.1898 56807.6 1.70039 2.00436e+06 752153 ZonesAtSurface
1724.71 2824.99 644.686 8 3 1 5 1.40638e+06 24.4409 90918.4 1.22056 3.60162e+06 1.40638e+06 ZonesAtSurface
1774.74 2824.99 669.686 0 8 2 5 1.38379e+06 25.2754 95978.9 1.56645 2.70223e+06 1.38379e+06 ZonesAtSurface
1824.77 2825 694.685 2 2 2 5 769850 35.877 131767 1.17488 2.27327e+06 769850 ZonesAtSurface
1874.81 2825 669.703 0 0 2 6 1.02428e+06 32.0856 149827 1.01412 3.81824e+06 1.02428e+06 ZonesAtSurface
1924.85 2825 694.712 6 0 2 6 908398 22.3844 121606 0.986985 2.59985e+06 908398 ZonesAtSurface
1974.89 2825 719.721 0 6 2 6 916489 43.5015 57348 1.1458 3.51313e+06 916489 ZonesAtSurface
2024.94 2825 682.262 5 0 2 6 526563 37.7459 135989 1.0002 2.14445e+06 526563 ZonesAtSurface
2074.98 2825 582.326 6 0 1 6 1.08016e+06 44.7879 105966 1.02545 6.12855e+06 1.08016e+06 ZonesAtSurface
2125.01 2825 532.375 9 3 1 5 1.37562e+06 32.0715 58113.3 1.03456 4.81137e+06 1.37562e+06 ZonesAtSurface
2175.03 2824.99 432.422 0 0 1 5 1.12104e+06 40.7412 95856.2 7.11152 3.86225e+06 1.12104e+06 ZonesAtSurface
2225.05 2824.99 332.452 0 0 0 0 1.25067e+06 36.7022 78653 10 1.46618e+06 1.25067e+06 ZonesAtSurface
2275.09 2825 232.469 0 0 0 0 599269 28.2331 72222.9 10 810365 599269 ZonesAtSurface
2325.1 2824.99 132.479 0 0 0 0 1.36475e+06 26.8707 88815.1 5.5401 3.63078e+06 1.36475e+06 ZonesAtSurface
2375.1 2824.98 32.4851 0 0 0 0 1.07711e+06 24.4033 147850 2.56583 5.94561e+06 1.07711e+06 ZonesAtSurface
2425.1 2824.98 -67.509 0 0 0 0 694930 16.7318 93719.4 1.33397 8.37749e+06 694930 ZonesAtSurface
2475.07 2824.61 -117.508 10 0 0 0 1.47928e+06 24.9264 61078 1.53708 2.79687e+07 1.47928e+06 ZonesAtSurface
2525.06 2824.81 -147.5 8 0 0 0 937206 33.332 109237 1.84861 5.20421e+07 937206 ZonesAtSurface
2575.03 2824.88 -107.482 10 0 0 0 1.36971e+06 37.5016 119687 2.30557 2.95521e+07 1.36971e+06 ZonesAtSurface
2624.97 2824.97 -67.4653 8 0 0 0 546326 21.3343 51615 1.14397 8.38942e+06 546326 ZonesAtSurface
2674.92 2824.96 -27.4674 6 0 0 0 869483 20.746 110780 1.26391 7.88788e+06 869483 ZonesAtSurface
2724.91 2824.94 12.5201 0 0 0 0 928320 33.2351 104357 1.77933 1.38381e+07 928320 ZonesAtSurface
2774.89 2824.94 52.5105 0 0 0 0 1.32474e+06 38.517 100653 2.95681 1.27784e+07 1.32474e+06 ZonesAtSurface
2824.87 2824.95 92.4985 0 0 0 0 776753 44.8233 133344 4.54853 9.99919e+06 776753 ZonesAtSurface
2874.87 2824.68 132.485 10 0 0 0 510292 39.7762 120241 2.28366 1.09723e+07 510292 ZonesAtSurface
2924.86 2824.99 122.479 0 0 0 0 1.05868e+06 21.028 143021 4.40844 3.10238e+06 1.05868e+06 ZonesAtSurface
2974.87 2824.58 212.462 10 0 0 0 579433 21.1817 57418.7 1.13741 2.23856e+07 579433 ZonesAtSurface
3024.88 2824.58 252.454 5 0 0 0 1.10624e+06 32.5982 128308 1.57518 3.09153e+07 1.10624e+06 ZonesAtSurface
3074.87 2824.99 242.447 0 0 0 0 909977 21.3549 138551 4.13747 2.98097e+06 909977 ZonesAtSurface
3124.89 2824.4 332.417 4 0 0 0 1.11412e+06 30.0884 143230 1.00058 8.45518e+06 1.11412e+06 ZonesAtSurface
3174.88 2824.99 322.413 0 0 0 0 1.1957e+06 42.8816 111042 10 3.01282e+06 1.1957e+06 ZonesAtSurface
3224.92 2824.39 412.396 4 0 0 0 1.03529e+06 34.3102 118859 1.00049 5.99944e+06 1.03529e+06 ZonesAtSurface
3274.9 2824.99 402.375 0 0 1 5 1.01595e+06 26.0393 73266.7 5.34171 2.35255e+06 1.01595e+06 ZonesAtSurface
3324.91 2825 442.345 0 0 1 5 1.12447e+06 31.8243 72678.1 3.69763 3.73419e+06 1.12447e+06 ZonesAtSurface
3374.94 2825 632.28 7 10 2 2 1.0746e+06 39.9679 101898 1.83188 2.50068e+06 1.0746e+06 ZonesAtSurface
3424.95 2825 622.244 3 0 1 3 613874 17.0299 54519.8 1.06668 2.80204e+06 613874 ZonesAtSurface
3474.98 2825 712.188 0 9 2 2 1.04466e+06 44.7765 52036.3 1.55768 3.74006e+06 1.04466e+06 ZonesAtSurface
3525.01 2825 752.146 1 0 2 2 642714 21.3915 58372.8 1.01731 2.32034e+06 642714 ZonesAtSurface
3575.04 2825 792.108 0 0 2 2 1.33228e+06 15.1001 145643 1.36499 2.67282e+06 1.33228e+06 ZonesAtSurface
3625.07 2824.99 832.075 0 1 2 2 1.32986e+06 16.8602 68681.1 2.21343 1.73067e+06 1.32986e+06 ZonesAtSurface
3675.08 2824.99 822.039 0 0 2 3 534821 25.8974 55118.1 1.84117 1.47228e+06 534821 ZonesAtSurface
3725.11 2824.99 861.991 0 0 2 3 1.41481e+06 26.6828 122027 1.89394 3.22845e+06 1.41481e+06 ZonesAtSurface
3775.14 2825 911.959 0 9 2 2 1.2755e+06 33.2255 97160.8 5.98717 1.18096e+06 1.2755e+06 ZonesAtSurface
3825.14 2824.99 921.965 0 0 2 1 1.37697e+06 28.5272 120487 10 386596 1.37697e+06 ZonesAtSurface
3875.14 2824.99 931.992 6 10 0 0 633643 39.594 112185 7.21223 644108 633643 ZonesAtSurface
3925.22 2825 842.037 0 0 2 1 1.24415e+06 29.0812 51400.5 3.1215 1.79921e+06 1.24415e+06 ZonesAtSurface
3975.24 2824.99 852.088 0 0 0 0 1.34254e+06 23.3092 64121.7 1.94821 2.44842e+06 1.34254e+06 ZonesAtSurface
4025.36 2825 762.149 0 0 1 1 1.31086e+06 40.3183 102400 3.86591 2.26502e+06 1.31086e+06 ZonesAtSurface
4075.43 2825 722.204 0 0 1 1 994125 35.8515 72918.8 2.64356 2.45108e+06 994125 ZonesAtSurface
4125.52 2825 632.263 0 0 1 2 1.05714e+06 27.0172 98331.5 1.54362 3.43569e+06 1.05714e+06 ZonesAtSurface
4175.51 2824.99 692.3 0 4 0 0 1.12992e+06 38.6043 110761 3.40249 1.56094e+06 1.12992e+06 ZonesAtSurface
4225.59 2824.99 602.35 0 0 1 1 1.44974e+06 28.6762 108364 1.75598 3.44515e+06 1.44974e+06 ZonesAtSurface
4275.63 2825 512.395 0 0 1 2 985102 36.8407 91919 1.97809 3.52339e+06 985102 ZonesAtSurface
4325.65 2825 522.427 0 6 2 1 1.3908e+06 28.1899 137217 1.74232 3.01682e+06 1.3908e+06 ZonesAtSurface
4375.66 2825 432.463 0 0 1 2 999941 21.0782 114042 1.15195 3.78279e+06 999941 ZonesAtSurface
4425.67 2825 392.496 2 0 1 2 864613 32.9501 115868 1.6341 4.26631e+06 864613 ZonesAtSurface
4475.66 2825 402.526 0 0 1 1 1.24302e+06 24.381 82002.7 2.66964 1.78214e+06 1.24302e+06 ZonesAtSurface
4525.67 2825 362.545 0 0 2 1 658826 43.5585 143459 3.78236 2.16233e+06 658826 ZonesAtSurface
4575.67 2825 372.562 0 0 0 0 1.41397e+06 26.7156 70863.3 5.50536 983215 1.41397e+06 ZonesAtSurface
4625.67 2825 332.576 4 2 0 0 555721 26.7316 84689.4 2.08018 979734 555721 ZonesAtSurface
4675.61 2824.99 192.614 7 0 1 2 731225 38.324 122490 1.02155 5.85788e+06 731225 ZonesAtSurface
4725.49 2824.99 102.632 7 0 1 3 558030 37.1877 133978 1.05656 7.92481e+06 558030 ZonesAtSurface
4775.34 2825 12.6083 0 0 1 4 509110 39.4771 141572 2.26196 1.10297e+07 509110 ZonesAtSurface
4825.29 2824.99 22.6181 5 0 1 3 1.47809e+06 33.5886 68505.1 1.23343 1.39209e+07 1.47809e+06 ZonesAtSurface
4875.23 2825 32.6461 17 0 1 2 829983 17.5864 111670 1.05039 6.63228e+06 829983 ZonesAtSurface
4925.13 2825 42.6787 11 0 1 1 1.09507e+06 43.9974 60282.8 1.04279 1.32124e+07 1.09507e+06 ZonesAtSurface
74.9077 2875 -28.8162 45 0 1 2 539020 18.6538 147028 1.12773 4.91516e+06 539020 ZonesAtSurface
124.822 2875 -3.78237 44 17 1 2 1.01669e+06 28.0702 107582 1.15544 3.13577e+06 1.01669e+06 ZonesAtSurface
174.73 2875 -28.8391 24 0 1 3 1.48666e+06 35.7513 111718 1.00355 8.84593e+06 1.48666e+06 ZonesAtSurface
224.653 2875 -3.82437 29 0 1 3 1.03029e+06 33.2193 94589.8 1.31645 4.0781e+06 1.03029e+06 ZonesAtSurface
274.612 2875 -28.8684 18 0 1 4 1.01313e+06 18.5754 64085.3 1.01768 7.12291e+06 1.01313e+06 ZonesAtSurface
324.54 2875 -3.8728 7 0 1 4 757200 39.1692 55019.6 1.03901 9.58852e+06 757200 ZonesAtSurface
374.36 2875 121.125 7 3 2 2 593182 24.4667 94379.8 1.1228 1.60805e+06 593182 ZonesAtSurface
424.346 2875 146.129 4 0 2 2 1.10499e+06 25.8711 142082 1.05332 3.99996e+06 1.10499e+06 ZonesAtSurface
474.29 2875 271.118 0 6 0 0 1.44883e+06 43.5943 71777.8 3.00693 2.24324e+06 1.44883e+06 ZonesAtSurface
524.282 2875 296.107 0 0 0 0 1.29307e+06 38.1857 144678 2.68619 2.54556e+06 1.29307e+06 ZonesAtSurface
574.273 2875 321.094 0 0 0 0 1.07287e+06 20.5104 135529 1.49365 2.42211e+06 1.07287e+06 ZonesAtSurface
624.265 2875 346.079 0 0 0 0 1.07829e+06 36.6345 141776 2.43719 2.36238e+06 1.07829e+06 ZonesAtSurface
674.258 2875 371.062 0 0 0 0 1.23386e+06 40.7647 76518.7 3.63855 2.0769e+06 1.23386e+06 ZonesAtSurface
724.255 2875 396.044 0 0 0 0 1.42636e+06 29.4269 114533 3.13004 1.85812e+06 1.42636e+06 ZonesAtSurface
774.253 2875 421.024 0 0 0 0 1.25098e+06 15.8404 54177.2 2.20773 1.64873e+06 1.25098e+06 ZonesAtSurface
824.254 2875 446.004 0 0 0 0 1.16237e+06 33.6716 114757 3.87862 1.38369e+06 1.16237e+06 ZonesAtSurface
874.257 2875 470.984 0 0 0 0 896238 17.3747 63235.3 2.00747 1.36172e+06 896238 ZonesAtSurface
924.264 2875 495.964 0 0 0 0 1.45443e+06 29.229 64638.2 4.46736 1.29861e+06 1.45443e+06 ZonesAtSurface
974.275 2875 520.943 0 0 0 0 553836 15.0046 56614.1 1.4142 1.21585e+06 553836 ZonesAtSurface
1024.29 2875 545.92 0 0 0 0 641203 28.7865 132235 2.70045 1.0487e+06 641203 ZonesAtSurface
1074.31 2875 570.895 0 0 0 0 650804 24.0401 134951 2.73493 888882 650804 ZonesAtSurface
1124.34 2875 595.869 0 0 0 0 1.01343e+06 24.2546 137361 4.27955 846867 1.01343e+06 ZonesAtSurface
1174.37 2875 620.843 0 0 0 0 1.3386e+06 27.5813 60121.9 6.18834 811418 1.3386e+06 ZonesAtSurface
1224.4 2875 645.816 0 0 0 0 869803 27.4725 52790.1 7.00441 493922 869803 ZonesAtSurface
1274.44 2875 670.792 0 0 0 0 970086 35.918 118738 6.58967 653632 970086 ZonesAtSurface
1324.45 2875 645.775 0 6 2 1 832837 41.0712 50680 3.64981 1.44742e+06 832837 ZonesAtSurface
1374.47 2875 620.765 0 7 2 2 1.08352e+06 33.7832 84943.9 1.9318 2.35787e+06 1.08352e+06 ZonesAtSurface
1424.48 2875 595.757 0 0 2 3 1.40915e+06 20.066 78456.5 1.43839 3.04248e+06 1.40915e+06 ZonesAtSurface
1474.52 2875 620.739 0 0 2 3 771032 26.5324 138762 1.71295 1.47996e+06 771032 ZonesAtSurface
1524.55 2874.99 645.709 1 0 2 3 927521 39.5335 138926 1.61535 3.3038e+06 927521 ZonesAtSurface
1574.61 2874.99 720.66 6 6 1 2 884016 27.6947 80172.6 2.37699 1.57518e+06 884016 ZonesAtSurface
1624.66 2874.99 745.633 1 0 2 2 624065 37.0089 131346 1.72144 1.88981e+06 624065 ZonesAtSurface
1674.68 2874.99 670.67 3 0 1 4 1.17073e+06 38.4794 149522 1.36529 4.52919e+06 1.17073e+06 ZonesAtSurface
1724.71 2874.99 645.683 11 0 1 5 1.07833e+06 15.7279 111542 1.10884 2.98485e+06 1.07833e+06 ZonesAtSurface
1774.74 2875 670.684 2 0 1 5 983905 23.0982 120040 1.11571 2.81248e+06 983905 ZonesAtSurface
1824.77 2875 695.686 7 0 2 5 868051 18.101 143968 1.02191 2.35918e+06 868051 ZonesAtSurface
1874.81 2875 670.703 6 0 1 6 584664 25.38 104155 1.01639 3.12932e+06 584664 ZonesAtSurface
1924.85 2875 695.712 6 0 2 6 771845 40.7816 77574.1 1.00624 3.06521e+06 771845 ZonesAtSurface
1974.89 2875 720.723 0 6 2 6 1.16279e+06 37.241 69168.6 1.28541 3.4891e+06 1.16279e+06 ZonesAtSurface
2024.94 2875 683.263 5 0 2 6 936476 31.1444 85766.4 1.01328 3.10637e+06 936476 ZonesAtSurface
2074.97 2875 583.325 5 0 1 6 899997 27.6789 85725.1 1.00975 4.15204e+06 899997 ZonesAtSurface
2125.01 2875 483.381 2 0 1 6 1.0051e+06 20.6212 116953 1.03542 4.91405e+06 1.0051e+06 ZonesAtSurface
2175.05 2875 383.427 0 0 1 6 766969 40.4251 68981.2 3.98156 4.15328e+06 766969 ZonesAtSurface
2225.07 2874.99 333.459 4 0 0 0 909436 32.3676 82776.3 1.69766 3.19412e+06 909436 ZonesAtSurface
2275.09 2874.99 233.476 0 0 0 0 859310 32.0201 86528.7 4.64193 2.69956e+06 859310 ZonesAtSurface
2325.1 2874.99 133.482 0 0 0 0 1.05023e+06 38.2235 100537 6.33887 3.4617e+06 1.05023e+06 ZonesAtSurface
2375.11 2874.99 33.4853 0 0 0 0 925132 20.2738 140038 1.86917 4.86277e+06 925132 ZonesAtSurface
2425.1 2874.99 -66.5092 0 0 0 0 1.37077e+06 30.5361 111082 4.14939 6.00296e+06 1.37077e+06 ZonesAtSurface
2475.08 2874.51 -116.504 8 0 0 0 556744 28.0111 126568 1.14613 2.63393e+07 556744 ZonesAtSurface
2525.05 2874.62 -146.486 10 0 0 0 691229 40.5537 76271.6 1.17866 4.94388e+07 691229 ZonesAtSurface
2575.01 2874.8 -106.477 9 0 0 0 1.2731e+06 30.3952 145307 1.54742 2.30357e+07 1.2731e+06 ZonesAtSurface
2624.96 2874.96 -66.4804 5 0 0 0 1.34163e+06 24.7394 113049 1.53548 9.80185e+06 1.34163e+06 ZonesAtSurface
2674.93 2874.89 -26.4886 9 0 0 0 548901 21.648 50010.3 1.71116 1.64146e+07 548901 ZonesAtSurface
2724.92 2874.81 13.506 9 0 0 0 908128 39.3694 104228 1.95926 5.0762e+07 908128 ZonesAtSurface
2774.9 2874.86 53.4963 9 0 0 0 614709 36.7454 105192 1.87527 3.07931e+07 614709 ZonesAtSurface
2824.89 2874.84 93.4864 10 0 0 0 1.43659e+06 31.6273 95700.1 2.4128 2.82073e+07 1.43659e+06 ZonesAtSurface
2874.89 2874.6 133.483 10 0 0 0 1.2057e+06 27.7166 144332 1.52306 2.43165e+07 1.2057e+06 ZonesAtSurface
2924.87 2874.43 173.477 10 0 0 0 1.09083e+06 32.8856 134161 0.972365 8.22937e+06 1.09083e+06 ZonesAtSurface
2974.86 2874.99 163.469 0 0 0 0 1.30501e+06 32.1087 55698.8 10 1.09072e+06 1.30501e+06 ZonesAtSurface
3024.87 2874.47 253.462 10 0 0 0 688866 21.8151 70173.4 0.99193 1.51073e+07 688866 ZonesAtSurface
3074.87 2873.33 343.447 5 0 0 0 766819 43.8459 102855 6.28256 9.1803e+06 766819 ZonesAtSurface
3124.9 2873.27 383.419 3 1 0 0 943487 42.7284 82705.4 8.42908 1.00506e+07 943487 ZonesAtSurface
3174.88 2874.99 323.416 0 0 0 0 1.26852e+06 40.8349 131677 10 1.53342e+06 1.26852e+06 ZonesAtSurface
3224.89 2874.99 363.4 0 0 0 0 718850 23.8493 74435.9 6.76404 1.67098e+06 718850 ZonesAtSurface
3274.9 2874.99 403.378 0 0 1 5 764422 26.0536 83774.4 3.6187 2.92399e+06 764422 ZonesAtSurface
3324.91 2874.99 493.345 10 0 1 4 986718 32.7247 62409.8 1.11823 4.78273e+06 986718 ZonesAtSurface
3374.93 2875 583.294 0 0 2 3 736051 21.5416 100745 1.04235 3.11206e+06 736051 ZonesAtSurface
3424.95 2875 573.258 0 0 1 4 1.37064e+06 30.5427 142214 1.59802 5.3057e+06 1.37064e+06 ZonesAtSurface
3474.97 2875 663.201 0 0 1 3 1.24758e+06 28.7012 104932 1.48573 4.84332e+06 1.24758e+06 ZonesAtSurface
3525 2875 703.157 3 0 1 3 746151 32.7454 78493.8 1.04703 4.41366e+06 746151 ZonesAtSurface
3575.07 2875 843.103 0 5 2 1 1.03741e+06 20.5276 112707 2.53671 1.2651e+06 1.03741e+06 ZonesAtSurface
3625.08 2875 833.071 0 0 2 2 760858 38.7958 78746.8 2.84072 1.68957e+06 760858 ZonesAtSurface
3675.11 2875 873.034 0 3 2 2 1.40684e+06 31.2335 107848 3.46462 1.60494e+06 1.40684e+06 ZonesAtSurface
3725.11 2875 862.996 3 0 2 3 1.05037e+06 25.51 108084 2.19017 2.02634e+06 1.05037e+06 ZonesAtSurface
3775.15 2875 862.967 7 0 2 3 679676 23.6393 128435 2.89961 1.19535e+06 679676 ZonesAtSurface
3825.14 2875 922.966 0 7 2 1 1.0744e+06 22.8362 120703 6.56737 582369 1.0744e+06 ZonesAtSurface
3875.14 2874.99 932.994 0 8 0 0 666722 37.5756 102171 6.69732 495708 666722 ZonesAtSurface
3925.18 2875 893.035 0 7 0 0 1.41814e+06 37.298 116869 4.18903 1.66216e+06 1.41814e+06 ZonesAtSurface
3975.29 2875 803.094 1 0 1 1 1.11685e+06 19.7883 138681 1.80802 2.19605e+06 1.11685e+06 ZonesAtSurface
4025.31 2875 813.15 7 1 0 0 1.10417e+06 26.5447 54043.2 2.28514 1.79728e+06 1.10417e+06 ZonesAtSurface
4075.39 2875 773.201 2 6 0 0 692226 37.2935 102319 1.84756 1.77386e+06 692226 ZonesAtSurface
4125.45 2875 733.253 0 1 0 0 832006 43.5841 67934.5 1.82269 2.54202e+06 832006 ZonesAtSurface
4175.54 2875 643.304 0 0 2 1 1.48811e+06 39.8439 89364.9 3.2179 2.65005e+06 1.48811e+06 ZonesAtSurface
4225.59 2875 603.348 4 0 2 1 837844 34.0601 60754.5 1.35884 3.08539e+06 837844 ZonesAtSurface
4275.63 2875 563.389 0 0 2 1 1.36591e+06 21.6806 73282.1 1.79128 2.78696e+06 1.36591e+06 ZonesAtSurface
4325.66 2875 473.429 0 0 1 2 1.48835e+06 24.4428 54652.8 1.59201 3.84108e+06 1.48835e+06 ZonesAtSurface
4375.67 2875 433.462 1 0 1 2 1.13409e+06 23.359 101622 1.18746 4.08901e+06 1.13409e+06 ZonesAtSurface
4425.67 2875 393.497 10 0 1 2 1.28614e+06 18.3164 80497.8 1.12682 4.45292e+06 1.28614e+06 ZonesAtSurface
4475.66 2875 403.528 0 4 1 1 1.09501e+06 34.1879 103617 4.08907 1.22002e+06 1.09501e+06 ZonesAtSurface
4525.67 2875 363.546 0 0 2 1 1.34274e+06 44.6963 95119.8 5.1044 2.30482e+06 1.34274e+06 ZonesAtSurface
4575.67 2875 373.564 0 6 0 0 1.32045e+06 40.9315 98367.7 8.82967 884915 1.32045e+06 ZonesAtSurface
4625.67 2875 283.586 5 0 2 1 706460 31.907 83910.8 1.25522 3.12089e+06 706460 ZonesAtSurface
4675.66 2874.99 243.602 7 0 2 1 1.25107e+06 29.1916 67093.2 1.28152 3.84811e+06 1.25107e+06 ZonesAtSurface
4725.49 2875 103.634 9 0 1 3 718195 25.7666 71057.1 1.01235 7.385e+06 718195 ZonesAtSurface
4775.56 2874.99 163.647 10 8 2 1 997419 30.8734 123996 1.90497 1.71691e+06 997419 ZonesAtSurface
4825.3 2875 23.6148 6 0 1 3 590152 17.5026 62845.2 1.03614 8.08774e+06 590152 ZonesAtSurface
4875.23 2874.99 33.6378 18 0 1 2 656726 28.2559 97883.9 1.03991 1.03918e+07 656726 ZonesAtSurface
4925.14 2874.99 43.6799 5 0 1 1 668316 16.556 144252 1.14718 5.82742e+06 668316 ZonesAtSurface
74.911 2925 -27.8145 35 0 1 2 615676 19.0607 113826 1.11921 4.89089e+06 615676 ZonesAtSurface
124.825 2925 -2.77746 47 16 1 2 1.02355e+06 15.733 128015 1.1306 2.47429e+06 1.02355e+06 ZonesAtSurface
174.73 2925 -27.8379 26 0 1 3 785077 36.415 58287.1 1.01193 7.46082e+06 785077 ZonesAtSurface
224.652 2925 -2.82477 27 1 1 3 998277 38.1789 128347 1.37055 3.37829e+06 998277 ZonesAtSurface
274.612 2925 -27.8704 13 0 1 4 609721 33.8868 61297.1 1.01927 1.03262e+07 609721 ZonesAtSurface
324.54 2925 -2.87437 6 0 1 4 1.39232e+06 37.7688 70252.2 1.10759 1.09052e+07 1.39232e+06 ZonesAtSurface
374.424 2925 72.1282 6 0 1 3 754680 42.2712 131282 1.07438 5.87542e+06 754680 ZonesAtSurface
424.316 2925 197.129 6 10 2 1 1.17448e+06 17.216 108671 1.67363 1.90967e+06 1.17448e+06 ZonesAtSurface
474.304 2925 222.119 9 0 1 1 1.30057e+06 30.0679 76236.9 1.05992 4.46906e+06 1.30057e+06 ZonesAtSurface
524.291 2925 247.105 0 0 1 1 1.25765e+06 41.2725 84252.8 2.24995 3.72662e+06 1.25765e+06 ZonesAtSurface
574.272 2925 322.094 0 0 0 0 1.45963e+06 18.4455 62350.4 2.26521 1.92287e+06 1.45963e+06 ZonesAtSurface
624.264 2925 347.079 0 0 0 0 1.02684e+06 22.6558 60250.3 1.56121 2.73701e+06 1.02684e+06 ZonesAtSurface
674.256 2925 372.061 0 0 0 0 784121 30.574 78234.9 2.1087 1.84149e+06 784121 ZonesAtSurface
724.253 2925 397.044 0 0 0 0 1.11634e+06 44.2152 111873 4.32591 1.75591e+06 1.11634e+06 ZonesAtSurface
774.252 2925 422.025 0 0 0 0 761723 20.8621 87750.7 1.63341 1.64117e+06 761723 ZonesAtSurface
824.253 2925 447.004 0 0 0 0 556900 41.7964 66513.6 3.048 1.37713e+06 556900 ZonesAtSurface
874.256 2925 471.984 0 0 0 0 690790 17.2192 82687 1.57745 1.3596e+06 690790 ZonesAtSurface
924.263 2925 496.964 0 0 0 0 577277 30.5021 51618.3 2.27227 1.30513e+06 577277 ZonesAtSurface
974.274 2925 521.943 0 0 0 0 733528 28.6348 112647 2.56339 1.21551e+06 733528 ZonesAtSurface
1024.29 2925 546.92 0 0 0 0 649473 43.435 137695 4.53066 1.04623e+06 649473 ZonesAtSurface
1074.31 2925 571.896 0 0 0 0 1.10475e+06 16.5015 92365 3.58873 893729 1.10475e+06 ZonesAtSurface
1124.34 2925 596.87 0 0 0 0 895738 41.7323 93327.9 6.63156 831796 895738 ZonesAtSurface
1174.37 2925 621.843 0 0 0 0 1.2633e+06 42.5792 88703.2 9.20775 792608 1.2633e+06 ZonesAtSurface
1224.4 2925 646.817 0 0 0 0 668533 31.7918 102870 7.15095 429725 668533 ZonesAtSurface
1274.44 2925 671.793 0 0 0 0 542292 18.1497 65113.1 2.10431 780602 542292 ZonesAtSurface
1324.45 2925 646.777 0 7 2 1 1.13816e+06 29.1141 136817 2.55338 1.64142e+06 1.13816e+06 ZonesAtSurface
1374.45 2925 571.774 0 0 2 3 760313 35.426 69673.5 1.71384 2.83121e+06 760313 ZonesAtSurface
1424.48 2925 596.759 9 0 2 3 501434 15.7588 64276 1.30069 1.16847e+06 501434 ZonesAtSurface
1474.51 2925 621.739 0 0 2 3 1.02447e+06 38.2212 118153 2.31936 2.26883e+06 1.02447e+06 ZonesAtSurface
1524.57 2924.99 696.699 0 8 2 2 1.46159e+06 37.3481 94594.5 2.34942 2.45275e+06 1.46159e+06 ZonesAtSurface
1574.61 2924.99 721.657 0 4 2 2 1.39401e+06 19.3487 101429 1.94894 2.30553e+06 1.39401e+06 ZonesAtSurface
1624.67 2924.99 796.626 0 5 2 1 1.12483e+06 28.9584 77753.8 3.55406 1.19239e+06 1.12483e+06 ZonesAtSurface
1674.69 2924.99 721.646 9 5 2 3 963426 30.4438 76879.5 1.93997 2.54095e+06 963426 ZonesAtSurface
1724.72 2924.99 696.663 4 0 2 4 698673 19.3508 90939.6 1.08567 2.39687e+06 698673 ZonesAtSurface
1774.74 2925 671.682 9 2 2 5 1.21686e+06 28.9296 51722.8 1.19273 3.46295e+06 1.21686e+06 ZonesAtSurface
1824.77 2925 696.687 3 4 2 5 1.03647e+06 21.5206 123804 1.22126 2.38995e+06 1.03647e+06 ZonesAtSurface
1874.81 2925 671.703 1 4 2 6 1.45132e+06 40.6039 86152.7 1.07588 5.57348e+06 1.45132e+06 ZonesAtSurface
1924.85 2925 696.71 6 0 2 6 989001 25.3643 111951 1.00513 2.95886e+06 989001 ZonesAtSurface
1974.89 2925 721.722 0 6 2 6 1.23803e+06 18.8672 66626.4 1.10047 3.09199e+06 1.23803e+06 ZonesAtSurface
2024.94 2925 684.261 0 6 2 6 1.48026e+06 42.8616 90797.7 1.13736 5.70966e+06 1.48026e+06 ZonesAtSurface
2074.97 2925 584.324 6 0 1 6 1.40684e+06 19.1877 138494 1.02007 4.61966e+06 1.40684e+06 ZonesAtSurface
2125 2925 534.374 5 0 1 5 1.46586e+06 43.2299 105139 1.18477 6.10243e+06 1.46586e+06 ZonesAtSurface
2175.03 2924.99 434.422 4 0 1 5 974640 25.778 84487.9 1.17278 5.80394e+06 974640 ZonesAtSurface
2225.07 2924.99 334.456 4 0 0 0 644642 29.8575 59358 1.50282 5.54356e+06 644642 ZonesAtSurface
2275.09 2924.99 234.474 0 0 0 0 1.29812e+06 25.2546 144427 3.28164 3.45869e+06 1.29812e+06 ZonesAtSurface
2325.11 2924.99 134.482 0 0 0 0 1.05783e+06 39.3984 124058 10 2.18246e+06 1.05783e+06 ZonesAtSurface
2375.11 2924.99 34.4878 0 0 0 0 1.2945e+06 34.1769 138935 10 2.4055e+06 1.2945e+06 ZonesAtSurface
2425.11 2924.99 -65.5044 0 0 0 0 1.03408e+06 42.2957 139613 10 2.83169e+06 1.03408e+06 ZonesAtSurface
2475.09 2925 -165.495 0 0 0 0 959443 41.2522 69527.3 10 4.75066e+06 959443 ZonesAtSurface
2525.05 2924.62 -145.49 10 6 0 0 874569 24.1811 114396 0.894981 3.48949e+06 874569 ZonesAtSurface
2574.99 2924.83 -105.501 10 8 0 0 938961 31.2813 136945 1.28838 3.02459e+06 938961 ZonesAtSurface
2624.98 2924.92 -65.5141 0 0 0 0 1.35499e+06 41.254 63836.8 2.19359 2.3471e+07 1.35499e+06 ZonesAtSurface
2674.97 2924.79 -25.5026 9 0 0 0 1.14998e+06 31.8355 128008 2.02273 2.8168e+07 1.14998e+06 ZonesAtSurface
2724.92 2924.99 -35.4931 0 0 0 0 1.04417e+06 36.9492 86568.7 9.18105 4.98606e+06 1.04417e+06 ZonesAtSurface
2774.9 2924.7 54.4958 9 0 0 0 870302 40.9859 68504.2 1.29251 5.19542e+07 870302 ZonesAtSurface
2824.9 2924.66 94.4855 10 0 0 0 674842 33.6223 130000 1.44186 4.48249e+07 674842 ZonesAtSurface
2874.88 2924.99 84.4859 0 0 0 0 658874 20.3357 149035 2.80371 4.91542e+06 658874 ZonesAtSurface
2924.9 2923.33 224.47 10 0 0 0 968947 44.4651 55542.7 3.72409 1.31143e+07 968947 ZonesAtSurface
2974.86 2924.99 164.472 0 0 0 0 1.01239e+06 30.9946 139708 10 1.86543e+06 1.01239e+06 ZonesAtSurface
3024.86 2924.99 204.462 0 0 0 0 1.18988e+06 29.7195 72682 9.9419 1.92853e+06 1.18988e+06 ZonesAtSurface
3074.87 2924.99 244.452 0 0 0 0 574767 22.1626 146294 4.59231 2.27988e+06 574767 ZonesAtSurface
3124.87 2924.99 284.438 0 0 0 0 1.11752e+06 41.6214 118631 10 1.74764e+06 1.11752e+06 ZonesAtSurface
3174.92 2922.98 424.427 5 3 0 0 1.32284e+06 41.3159 79818.8 8.24325 4.65633e+06 1.32284e+06 ZonesAtSurface
3224.89 2924.99 364.403 0 0 0 0 715379 39.7895 143330 10 1.4281e+06 715379 ZonesAtSurface
3274.9 2924.99 404.38 0 0 1 5 1.18232e+06 32.39 134782 5.25401 2.97786e+06 1.18232e+06 ZonesAtSurface
3324.91 2924.99 544.338 2 1 1 3 1.0869e+06 43.9682 53453.2 1.90685 3.8569e+06 1.0869e+06 ZonesAtSurface
3374.92 2925 534.302 5 0 1 4 727340 18.3936 64838.2 1.00476 3.48781e+06 727340 ZonesAtSurface
3424.95 2924.99 624.249 0 0 1 3 768720 41.6294 64220.6 2.04478 4.3664e+06 768720 ZonesAtSurface
3474.98 2924.99 664.2 6 0 1 3 1.43831e+06 22.8169 104159 1.09382 4.7446e+06 1.43831e+06 ZonesAtSurface
3525.01 2925 754.145 9 0 2 2 1.06919e+06 36.4311 132765 1.36545 3.6273e+06 1.06919e+06 ZonesAtSurface
3575.07 2925 844.102 0 5 2 1 1.09554e+06 40.4511 99392.6 3.83323 1.27946e+06 1.09554e+06 ZonesAtSurface
3625.08 2925 834.069 0 0 2 2 1.08845e+06 19.7488 140560 2.101 1.77619e+06 1.08845e+06 ZonesAtSurface
3675.11 2925 874.033 0 8 2 2 1.14598e+06 37.4815 144292 3.14924 1.60365e+06 1.14598e+06 ZonesAtSurface
3725.11 2924.99 863.998 0 0 2 3 754327 28.8664 79065.5 2.67668 1.47124e+06 754327 ZonesAtSurface
3775.15 2925 863.971 13 0 1 3 622286 30.7595 74474.8 3.48966 1.26918e+06 622286 ZonesAtSurface
3825.16 2925 873.967 0 0 2 2 870911 16.2961 128327 2.25324 1.45016e+06 870911 ZonesAtSurface
3875.14 2925 933.996 0 5 0 0 623570 40.2509 125800 10 325677 623570 ZonesAtSurface
3925.19 2925 894.036 0 3 0 0 1.04749e+06 17.7754 141556 2.0765 1.51645e+06 1.04749e+06 ZonesAtSurface
3975.29 2925 804.094 0 0 1 1 550487 42.5486 69592.3 3.00655 2.31895e+06 550487 ZonesAtSurface
4025.31 2925 814.15 0 10 0 0 1.27738e+06 26.4067 50572.6 2.77285 1.86748e+06 1.27738e+06 ZonesAtSurface
4075.39 2925 774.202 0 0 0 0 1.09948e+06 18.2835 127195 1.94094 1.75859e+06 1.09948e+06 ZonesAtSurface
4125.49 2925 684.257 0 0 1 1 1.13966e+06 33.6465 94233.2 2.28927 2.71693e+06 1.13966e+06 ZonesAtSurface
4175.52 2925 694.301 0 3 0 0 1.27785e+06 33.6728 76783.7 2.97414 1.85804e+06 1.27785e+06 ZonesAtSurface
4225.61 2925 554.354 0 0 1 2 720340 37.567 60814.6 1.8951 3.61227e+06 720340 ZonesAtSurface
4275.63 2925 564.389 0 0 1 1 1.18591e+06 23.2598 94846.4 1.70031 2.59784e+06 1.18591e+06 ZonesAtSurface
4325.64 2924.99 574.417 0 8 0 0 959801 35.3384 85563.7 2.67931 1.47542e+06 959801 ZonesAtSurface
4375.67 2925 484.452 0 1 1 1 1.3976e+06 43.3284 139130 1.98253 3.54804e+06 1.3976e+06 ZonesAtSurface
4425.67 2925 394.495 0 0 1 2 821944 40.4851 59338.6 2.06334 4.61425e+06 821944 ZonesAtSurface
4475.67 2925 404.524 5 0 1 1 910824 27.1245 88935 2.70892 1.70559e+06 910824 ZonesAtSurface
4525.67 2925 364.544 0 0 1 1 1.27266e+06 19.3818 74104.5 1.70373 2.76008e+06 1.27266e+06 ZonesAtSurface
4575.67 2925 374.564 0 0 0 0 830679 40.6647 111645 3.48391 1.49347e+06 830679 ZonesAtSurface
4625.67 2925 334.581 0 0 0 0 1.334e+06 28.6801 115020 3.2031 1.63175e+06 1.334e+06 ZonesAtSurface
4675.65 2925 244.602 0 0 2 1 1.42373e+06 37.9777 135153 1.75415 3.99214e+06 1.42373e+06 ZonesAtSurface
4725.56 2925 154.634 10 0 1 2 1.39398e+06 20.9108 83832.2 1.06172 6.05567e+06 1.39398e+06 ZonesAtSurface
4775.4 2925 64.6341 5 0 1 3 846309 39.525 61040.9 1.08833 1.15094e+07 846309 ZonesAtSurface
4825.29 2925 24.6166 2 0 1 3 1.29157e+06 30.412 51669.6 1.28493 1.26191e+07 1.29157e+06 ZonesAtSurface
4875.4 2925 134.752 10 10 0 0 672382 33.4816 61744.2 4.26547 680053 672382 ZonesAtSurface
4925.14 2925 44.6764 16 0 1 1 1.2475e+06 44.3766 111543 1.10449 1.6473e+07 1.2475e+06 ZonesAtSurface
74.9168 2975 -26.8172 37 0 1 2 826018 43.6969 80769.1 1.13166 9.92899e+06 826018 ZonesAtSurface
124.843 2975 -1.77632 45 2 1 2 761237 26.2204 69335.5 1.15918 2.63861e+06 761237 ZonesAtSurface
174.734 2975 -26.8342 38 0 1 3 588348 18.1302 128767 1.00651 4.27932e+06 588348 ZonesAtSurface
224.647 2975 -1.82539 36 8 1 3 1.22808e+06 28.5344 127505 1.30073 3.32446e+06 1.22808e+06 ZonesAtSurface
274.611 2975 -26.8718 11 0 1 4 641831 37.3639 81196.3 1.01582 1.12391e+07 641831 ZonesAtSurface
324.541 2975 -1.87432 8 0 1 4 529741 38.7608 112051 1.01856 9.6909e+06 529741 ZonesAtSurface
374.425 2975 73.1289 2 0 1 3 1.3424e+06 34.506 66758.9 1.04658 6.35937e+06 1.3424e+06 ZonesAtSurface
424.349 2975 148.129 8 0 1 2 979597 32.8424 83068.5 1.02013 4.58557e+06 979597 ZonesAtSurface
474.329 2975 173.118 2 0 1 2 899336 37.5361 134505 1.30579 5.70132e+06 899336 ZonesAtSurface
524.29 2975 248.105 4 0 1 1 947997 30.3368 109662 1.51662 3.43913e+06 947997 ZonesAtSurface
574.276 2975 323.096 0 0 0 0 1.04825e+06 40.2696 90164.8 5.81494 1.1902e+06 1.04825e+06 ZonesAtSurface
624.267 2975 298.078 0 0 1 1 1.1778e+06 40.5734 145885 2.83657 3.83501e+06 1.1778e+06 ZonesAtSurface
674.253 2975 373.059 0 4 0 0 1.20362e+06 40.9188 116134 4.60975 1.63503e+06 1.20362e+06 ZonesAtSurface
724.252 2975 398.043 0 0 0 0 683932 30.4657 139759 2.12551 1.57911e+06 683932 ZonesAtSurface
774.252 2975 423.025 0 0 0 0 1.43736e+06 43.7555 129548 5.31572 1.61906e+06 1.43736e+06 ZonesAtSurface
824.253 2975 448.005 0 0 0 0 916911 30.4659 149106 2.95874 1.37937e+06 916911 ZonesAtSurface
874.255 2975 472.984 0 0 0 0 656651 42.7754 130703 3.189 1.35652e+06 656651 ZonesAtSurface
924.262 2975 497.964 0 0 0 0 720989 23.8774 62616.4 2.17672 1.30423e+06 720989 ZonesAtSurface
974.273 2975 522.943 0 0 0 0 824390 37.8991 79490.2 3.77924 1.22134e+06 824390 ZonesAtSurface
1024.29 2975 547.92 0 0 0 0 1.06395e+06 18.094 87022.1 3.14697 1.04883e+06 1.06395e+06 ZonesAtSurface
1074.31 2975 572.896 0 0 0 0 666429 31.2185 50806.2 3.44975 909189 666429 ZonesAtSurface
1124.33 2975 597.87 0 0 0 0 1.18523e+06 43.1814 88544.1 8.78213 835686 1.18523e+06 ZonesAtSurface
1174.37 2975 622.844 0 0 0 0 1.05563e+06 23.0729 65262 4.81555 779954 1.05563e+06 ZonesAtSurface
1224.4 2975 647.818 0 0 0 0 723474 21.7588 129712 6.64133 372368 723474 ZonesAtSurface
1274.44 2975 672.793 0 0 0 0 554406 27.6266 101045 2.68371 784513 554406 ZonesAtSurface
1324.45 2975 647.777 0 8 2 1 1.45385e+06 20.6592 111754 2.15727 1.95923e+06 1.45385e+06 ZonesAtSurface
1374.46 2975 622.771 0 3 2 2 1.39025e+06 25.6863 62118.6 2.16995 2.22034e+06 1.39025e+06 ZonesAtSurface
1424.48 2975 597.762 0 3 2 3 1.25388e+06 19.6603 51513.4 1.87815 1.95485e+06 1.25388e+06 ZonesAtSurface
1474.51 2975 622.74 0 2 2 3 848398 42.6771 143927 1.79428 2.00492e+06 848398 ZonesAtSurface
1524.57 2975 697.695 7 5 2 2 868576 40.6853 91059.8 1.78163 2.77873e+06 868576 ZonesAtSurface
1574.63 2974.99 772.648 0 8 2 1 1.44757e+06 44.3257 81558 3.45263 2.25337e+06 1.44757e+06 ZonesAtSurface
1624.67 2974.99 797.625 0 0 2 1 848562 27.0137 66727.6 3.40167 1.06418e+06 848562 ZonesAtSurface
1674.7 2974.99 772.626 6 0 2 2 1.44031e+06 25.8364 116488 1.1581 3.99277e+06 1.44031e+06 ZonesAtSurface
1724.72 2975 697.657 3 0 2 4 1.08193e+06 31.3138 61523.4 1.07344 3.94731e+06 1.08193e+06 ZonesAtSurface
1774.74 2975 672.681 0 5 2 5 1.25315e+06 41.2145 52009.6 1.76116 3.43906e+06 1.25315e+06 ZonesAtSurface
1824.77 2975 697.687 10 3 2 5 626562 38.1891 60857.9 1.19907 2.06212e+06 626562 ZonesAtSurface
1874.81 2975 672.703 1 0 1 6 1.23401e+06 22.9305 122406 1.11624 3.9653e+06 1.23401e+06 ZonesAtSurface
1924.84 2975 697.708 5 0 2 6 541075 26.2507 133180 1.00221 2.21355e+06 541075 ZonesAtSurface
1974.89 2975 722.718 0 6 2 6 1.28852e+06 39.1544 50451.9 1.29105 4.07256e+06 1.28852e+06 ZonesAtSurface
2024.93 2975 685.26 6 0 2 6 803104 17.2341 124823 1.03842 2.08617e+06 803104 ZonesAtSurface
2074.97 2975 635.314 7 6 1 5 1.32766e+06 44.3905 121123 1.12331 5.581e+06 1.32766e+06 ZonesAtSurface
2125 2974.99 535.372 4 0 1 5 1.10275e+06 25.8385 90357.8 1.0692 4.96823e+06 1.10275e+06 ZonesAtSurface
2175.02 2974.99 435.417 0 0 1 5 824813 41.1797 130482 2.3274 6.38421e+06 824813 ZonesAtSurface
2225.06 2974.98 335.45 0 0 0 0 1.16e+06 31.1915 58588.5 1.50374 5.97226e+06 1.16e+06 ZonesAtSurface
2275.07 2973.27 335.463 8 0 0 0 505175 29.9493 61594.3 1.48312 1.79962e+06 505175 ZonesAtSurface
2325.1 2974.39 185.482 6 0 0 0 1.37323e+06 18.1114 123261 1.00001 5.8023e+06 1.37323e+06 ZonesAtSurface
2375.09 2973.29 135.487 10 0 0 0 1.016e+06 44.7193 124161 1.65086 8.27146e+06 1.016e+06 ZonesAtSurface
2425.11 2974.4 -14.5047 4 0 0 0 1.46677e+06 35.4428 121440 1.00031 1.52276e+07 1.46677e+06 ZonesAtSurface
2475.09 2974.55 -114.499 10 8 0 0 1.01704e+06 35.2159 74241.4 1.03887 4.68382e+06 1.01704e+06 ZonesAtSurface
2525.05 2974.81 -144.506 9 8 0 0 896345 19.3811 80867.7 0 2.63164e+06 896345 ZonesAtSurface
2575.01 2974.85 -104.52 9 0 0 0 835365 43.5592 76782 4.27632 2.6894e+07 835365 ZonesAtSurface
2625.01 2974.76 -64.5198 9 0 0 0 1.33847e+06 15.8075 108441 1.32174 3.30411e+07 1.33847e+06 ZonesAtSurface
2674.99 2974.74 -24.5025 10 0 0 0 626826 35.0551 63020.5 1.70951 1.74586e+07 626826 ZonesAtSurface
2724.92 2974.64 15.5075 9 4 0 0 921994 23.5666 66153.1 1.31734 5.52396e+06 921994 ZonesAtSurface
2774.89 2974.99 5.50457 0 0 0 0 628885 22.8603 119244 5.82016 2.26599e+06 628885 ZonesAtSurface
2824.88 2974.99 45.4971 0 0 0 0 1.0118e+06 26.8902 63732.5 5.2676 3.40382e+06 1.0118e+06 ZonesAtSurface
2874.87 2974.99 85.492 0 0 0 0 600817 41.0696 94980.4 10 2.80851e+06 600817 ZonesAtSurface
2924.86 2974.99 125.484 0 0 0 0 1.29677e+06 25.3148 138695 6.42389 2.17154e+06 1.29677e+06 ZonesAtSurface
2974.86 2974.99 165.473 0 0 0 0 1.12843e+06 42.1334 125313 10 1.88023e+06 1.12843e+06 ZonesAtSurface
3024.88 2974.39 255.456 5 0 0 0 1.40408e+06 24.7958 54783.4 1.00015 8.72543e+06 1.40408e+06 ZonesAtSurface
3074.87 2974.99 245.452 0 0 0 0 1.17313e+06 29.3413 77656.8 10 1.65419e+06 1.17313e+06 ZonesAtSurface
3124.87 2974.99 285.44 0 0 0 0 761100 15.0915 59122.9 5.14323 1.33494e+06 761100 ZonesAtSurface
3174.92 2972.89 425.425 10 0 0 0 1.41569e+06 36.3517 54953.3 2.11311 7.13955e+06 1.41569e+06 ZonesAtSurface
3224.89 2974.99 365.406 0 0 0 0 1.35452e+06 37.2897 148855 8.5278 2.40766e+06 1.35452e+06 ZonesAtSurface
3274.9 2974.99 405.38 0 0 1 5 767320 40.5362 109944 5.66926 3.42233e+06 767320 ZonesAtSurface
3324.91 2974.99 545.337 6 3 1 3 1.20621e+06 38.5702 128354 1.44512 3.51217e+06 1.20621e+06 ZonesAtSurface
3374.93 2974.99 585.295 5 0 1 3 507194 36.8436 71913.6 1.10619 4.13237e+06 507194 ZonesAtSurface
3424.95 2975 625.245 4 0 1 3 719093 39.9129 125247 1.2076 4.72477e+06 719093 ZonesAtSurface
3474.99 2974.99 715.188 0 0 1 2 1.40911e+06 43.0404 82610.9 2.10717 3.87708e+06 1.40911e+06 ZonesAtSurface
3525.01 2975 755.143 0 0 2 2 1.48699e+06 44.9458 122123 2.43035 3.42112e+06 1.48699e+06 ZonesAtSurface
3575.07 2975 845.099 0 0 2 1 899570 18.4154 77884.2 2.38402 1.15406e+06 899570 ZonesAtSurface
3625.11 2975 885.066 1 6 2 1 790850 22.6871 113368 8.63813 348554 790850 ZonesAtSurface
3675.11 2975 875.029 4 1 2 2 563873 26.6076 51058.6 2.82055 1.05887e+06 563873 ZonesAtSurface
3725.11 2974.99 864.996 0 0 2 3 1.46441e+06 30.9572 120205 3.26781 2.14194e+06 1.46441e+06 ZonesAtSurface
3775.15 2975 864.971 0 0 1 3 1.29329e+06 18.2652 114226 2.47575 1.89316e+06 1.29329e+06 ZonesAtSurface
3825.14 2975 924.97 0 3 2 1 895515 28.8449 85563.3 4.17655 939262 895515 ZonesAtSurface
3875.14 2975 934.996 0 5 0 0 728822 31.3775 122228 8.76787 406633 728822 ZonesAtSurface
3925.19 2975 895.036 0 6 0 0 1.28023e+06 36.5003 112492 4.26677 1.47892e+06 1.28023e+06 ZonesAtSurface
3975.29 2975 805.093 0 0 1 1 653536 44.7478 73105.7 2.46947 2.36077e+06 653536 ZonesAtSurface
4025.36 2975 765.151 0 0 1 1 1.27515e+06 15.4723 122719 1.63582 2.4023e+06 1.27515e+06 ZonesAtSurface
4075.39 2975 775.204 5 0 0 0 631396 30.2564 141596 2.07741 1.32861e+06 631396 ZonesAtSurface
4125.46 2975 735.253 6 0 0 0 678487 33.32 105442 1.45903 2.21189e+06 678487 ZonesAtSurface
4175.52 2975 695.3 0 9 0 0 932227 23.2663 128690 1.66439 1.86731e+06 932227 ZonesAtSurface
4225.59 2975 605.349 0 0 2 1 1.01998e+06 34.8887 67528.3 1.88647 3.05926e+06 1.01998e+06 ZonesAtSurface
4275.63 2975 565.389 0 0 2 1 1.18616e+06 31.8287 124851 2.48326 2.46801e+06 1.18616e+06 ZonesAtSurface
4325.64 2975 575.417 0 6 0 0 1.35908e+06 23.6991 145795 3.16918 1.44988e+06 1.35908e+06 ZonesAtSurface
4375.67 2975 485.451 0 0 2 1 1.01531e+06 40.4233 135779 2.292 3.39855e+06 1.01531e+06 ZonesAtSurface
4425.67 2975 395.493 0 0 1 2 1.37385e+06 38.1958 76984.7 2.75173 4.27803e+06 1.37385e+06 ZonesAtSurface
4475.67 2974.99 405.517 0 0 2 1 1.23533e+06 39.6258 148343 4.38633 2.27512e+06 1.23533e+06 ZonesAtSurface
4525.67 2974.99 415.537 0 0 0 0 1.48713e+06 40.0154 122318 3.30463 2.47668e+06 1.48713e+06 ZonesAtSurface
4575.67 2975 375.562 5 0 0 0 636213 25.8569 110158 1.80908 1.50125e+06 636213 ZonesAtSurface
4625.67 2975 335.581 0 5 0 0 1.28073e+06 43.6314 58062 4.12969 1.86834e+06 1.28073e+06 ZonesAtSurface
4675.66 2975 245.599 0 0 2 1 1.4358e+06 33.8763 126008 1.71291 3.56824e+06 1.4358e+06 ZonesAtSurface
4725.49 2975 105.631 8 0 1 3 936509 38.4295 139742 1.11542 9.88272e+06 936509 ZonesAtSurface
4775.4 2975 65.6331 9 0 1 3 856007 23.7128 114892 1.0089 8.38981e+06 856007 ZonesAtSurface
4825.29 2975 25.6181 7 0 1 3 1.30852e+06 25.4882 57008.5 1.04017 1.20945e+07 1.30852e+06 ZonesAtSurface
4875.23 2975 35.6345 13 0 1 2 1.20924e+06 23.9129 97383.5 1.02022 1.16907e+07 1.20924e+06 ZonesAtSurface
4925.15 2975 45.6723 1 0 1 1 1.07473e+06 41.9965 102450 1.11082 1.69909e+07 1.07473e+06 ZonesAtSurface
74.9255 3025 -25.8183 35 0 1 2 1.33412e+06 30.5012 72338.5 1.09105 8.12892e+06 1.33412e+06 ZonesAtSurface
124.86 3025.01 -0.775716 46 0 1 2 839371 34.7125 58409 1.13142 4.56414e+06 839371 ZonesAtSurface
174.738 3025 -25.8279 29 0 1 3 730983 38.3715 144808 1.01113 6.86083e+06 730983 ZonesAtSurface
224.646 3025.01 -0.823528 39 3 1 3 1.33337e+06 20.3012 124626 1.24573 3.17381e+06 1.33337e+06 ZonesAtSurface
274.615 3025 -25.8668 12 0 1 4 537654 39.6766 55929.8 1.02782 8.17741e+06 537654 ZonesAtSurface
324.542 3025.01 -0.870698 14 0 1 4 1.11389e+06 21.9703 104802 1.04995 8.87115e+06 1.11389e+06 ZonesAtSurface
374.419 3025 74.1251 2 0 2 3 1.39029e+06 25.5376 83168 1.13157 4.31568e+06 1.39029e+06 ZonesAtSurface
424.345 3025 149.128 5 0 1 2 582496 26.003 119470 1.02552 3.34535e+06 582496 ZonesAtSurface
474.285 3025 274.115 10 6 0 0 829207 19.5076 119931 2.262 1.07375e+06 829207 ZonesAtSurface
524.28 3025 299.105 0 0 0 0 1.36832e+06 20.8476 113322 2.43642 1.63881e+06 1.36832e+06 ZonesAtSurface
574.28 3025 324.097 2 2 0 0 1.04323e+06 21.9062 60345 6.44462 562667 1.04323e+06 ZonesAtSurface
624.267 3025 299.078 0 0 1 1 796709 32.3529 53965.3 1.69113 4.04142e+06 796709 ZonesAtSurface
674.255 3025 324.06 0 0 1 1 1.34087e+06 36.7335 141485 3.23218 2.90367e+06 1.34087e+06 ZonesAtSurface
724.251 3025 399.043 0 0 0 0 865700 38.0021 87859.3 3.67921 1.45333e+06 865700 ZonesAtSurface
774.251 3025 424.025 0 0 0 0 1.33897e+06 20.4094 84497.3 2.7122 1.5945e+06 1.33897e+06 ZonesAtSurface
824.252 3025 449.005 0 0 0 0 1.1831e+06 31.7852 121314 3.6743 1.3964e+06 1.1831e+06 ZonesAtSurface
874.255 3025 473.984 0 0 0 0 1.19161e+06 15.7861 114469 2.49096 1.36118e+06 1.19161e+06 ZonesAtSurface
924.261 3025 498.964 0 0 0 0 565607 25.4475 71135.2 1.90404 1.2995e+06 565607 ZonesAtSurface
974.272 3025 523.943 0 0 0 0 640278 36.3105 53006.4 2.96369 1.2341e+06 640278 ZonesAtSurface
1024.29 3025 548.92 0 0 0 0 1.35251e+06 25.0563 68740.5 4.57137 1.05202e+06 1.35251e+06 ZonesAtSurface
1074.31 3025 573.896 0 0 0 0 1.34781e+06 38.5973 72381.6 7.31387 933078 1.34781e+06 ZonesAtSurface
1124.33 3025 598.871 0 0 0 0 1.45446e+06 26.3783 136077 6.09343 874403 1.45446e+06 ZonesAtSurface
1174.37 3025 623.844 0 0 0 0 1.08103e+06 43.7114 76711.9 9.06853 780804 1.08103e+06 ZonesAtSurface
1224.4 3025 648.818 0 0 0 0 536539 36.6912 112116 7.7821 396845 536539 ZonesAtSurface
1274.44 3025 673.794 0 0 0 0 655853 21.4131 134871 2.54959 809008 655853 ZonesAtSurface
1324.43 3025 598.784 0 0 1 2 1.35226e+06 22.9891 139588 1.64574 3.00184e+06 1.35226e+06 ZonesAtSurface
1374.44 3025 573.777 0 0 2 3 1.46399e+06 29.7027 109509 2.06297 2.96921e+06 1.46399e+06 ZonesAtSurface
1424.46 3025 548.771 0 0 2 4 1.1763e+06 23.7704 60617.8 1.53257 3.27794e+06 1.1763e+06 ZonesAtSurface
1474.51 3025 623.741 4 1 2 3 1.26925e+06 33.1613 84966.1 1.64499 2.89274e+06 1.26925e+06 ZonesAtSurface
1524.55 3025 648.705 0 0 1 3 888079 30.3954 91184.4 1.32859 2.83251e+06 888079 ZonesAtSurface
1574.63 3024.99 773.644 9 6 2 1 833469 20.278 74337.9 1.20872 2.11098e+06 833469 ZonesAtSurface
1624.67 3024.99 798.623 0 0 2 1 1.46836e+06 41.2569 73546.2 6.82964 1.19672e+06 1.46836e+06 ZonesAtSurface
1674.71 3025 823.61 0 8 2 1 1.27993e+06 17.8947 103178 3.44863 1.07645e+06 1.27993e+06 ZonesAtSurface
1724.72 3025 698.654 0 0 2 4 1.44866e+06 28.238 105098 1.02342 4.78561e+06 1.44866e+06 ZonesAtSurface
1774.74 3025 673.681 11 0 1 5 575931 41.229 74991.2 1.18533 2.6393e+06 575931 ZonesAtSurface
1824.77 3025 698.688 5 6 1 5 983216 35.3639 89620.1 1.42013 2.55352e+06 983216 ZonesAtSurface
1874.81 3025 673.702 4 1 1 6 1.23186e+06 44.8434 116430 1.05426 5.10702e+06 1.23186e+06 ZonesAtSurface
1924.84 3025 698.708 0 6 2 6 1.37715e+06 39.7082 105795 1.25344 4.39149e+06 1.37715e+06 ZonesAtSurface
1974.89 3025 723.717 0 6 2 6 830680 29.8073 50526.1 1.00237 2.76793e+06 830680 ZonesAtSurface
2024.93 3025 686.26 0 2 2 6 1.47206e+06 15.8755 87742.7 1.05734 3.65589e+06 1.47206e+06 ZonesAtSurface
2074.97 3025 586.324 0 0 1 6 1.33977e+06 42.1696 109599 1.68589 6.04131e+06 1.33977e+06 ZonesAtSurface
2124.99 3025 536.372 0 0 2 5 1.16124e+06 20.7316 123586 1.08231 4.46914e+06 1.16124e+06 ZonesAtSurface
2175.02 3024.99 436.415 0 0 1 5 948178 32.777 123953 3.22902 3.72483e+06 948178 ZonesAtSurface
2225.05 3024.99 336.449 0 0 0 0 1.31012e+06 40.5607 85215.6 4.73976 3.1841e+06 1.31012e+06 ZonesAtSurface
2275.09 3024.99 236.47 0 0 0 0 833893 26.6907 117427 3.98891 2.20536e+06 833893 ZonesAtSurface
2325.11 3024.99 136.482 0 0 0 0 1.24176e+06 25.4811 74650.5 4.326 2.69181e+06 1.24176e+06 ZonesAtSurface
2375.12 3024.99 36.4912 0 0 0 0 875546 15.3956 63086.1 1.89793 3.72944e+06 875546 ZonesAtSurface
2425.11 3024.99 -63.5028 0 0 0 0 1.33137e+06 23.9751 130452 2.70489 7.08227e+06 1.33137e+06 ZonesAtSurface
2475.08 3024.62 -113.504 10 0 0 0 1.10023e+06 37.0376 98645.6 1.86847 3.58362e+07 1.10023e+06 ZonesAtSurface
2525.02 3023.84 -93.4941 8 0 0 0 1.08022e+06 15.7359 105200 1.04252 2.6987e+07 1.08022e+06 ZonesAtSurface
2575.02 3024.72 -103.506 10 0 0 0 618642 28.5483 131838 1.34974 3.94019e+07 618642 ZonesAtSurface
2625 3024.99 -113.495 0 0 0 0 937934 41.3117 86876.4 10 6.23567e+06 937934 ZonesAtSurface
2674.97 3024.72 -23.5011 10 0 0 0 1.42403e+06 31.004 145695 1.25633 2.46859e+07 1.42403e+06 ZonesAtSurface
2724.93 3024.67 16.498 10 0 0 0 1.17724e+06 35.3511 149625 1.90465 1.35923e+07 1.17724e+06 ZonesAtSurface
2774.9 3024.99 6.50735 0 0 0 0 1.39592e+06 31.7205 145123 5.03703 4.97326e+06 1.39592e+06 ZonesAtSurface
2824.88 3024.57 96.499 9 9 0 0 845434 15.5801 107005 0 1.42725e+06 845434 ZonesAtSurface
2874.87 3024.55 136.487 9 9 0 0 1.04167e+06 33.5429 58623 0.906684 5.46169e+06 1.04167e+06 ZonesAtSurface
2924.86 3024.99 126.483 0 0 0 0 1.36363e+06 25.8146 108051 6.47498 2.89432e+06 1.36363e+06 ZonesAtSurface
2974.9 3023.3 266.447 10 0 0 0 1.3932e+06 31.831 118374 1.78776 8.87105e+06 1.3932e+06 ZonesAtSurface
3024.88 3024.39 256.457 2 0 0 0 1.42418e+06 40.4106 117617 1.00006 9.38947e+06 1.42418e+06 ZonesAtSurface
3074.87 3024.99 246.452 0 0 0 0 1.3274e+06 18.8023 113669 5.48516 1.78137e+06 1.3274e+06 ZonesAtSurface
3124.87 3024.99 286.439 0 0 0 0 720200 27.0938 109097 4.6489 2.8415e+06 720200 ZonesAtSurface
3174.88 3024.98 326.424 0 0 0 0 686873 18.5273 117163 1.85016 4.165e+06 686873 ZonesAtSurface
3224.9 3024.39 416.408 10 0 0 0 1.06857e+06 43.4811 100952 1.00013 5.79219e+06 1.06857e+06 ZonesAtSurface
3274.9 3024.69 456.379 10 0 1 4 975485 16.0612 81351.5 1.1125 3.99803e+06 975485 ZonesAtSurface
3324.91 3024.99 546.337 7 0 2 3 675528 28.5852 145141 1.39831 2.87025e+06 675528 ZonesAtSurface
3374.93 3025 536.299 2 0 1 4 1.49706e+06 18.8245 88404.1 1.03244 5.14697e+06 1.49706e+06 ZonesAtSurface
3424.95 3025 626.242 2 0 1 3 1.13779e+06 19.0052 143244 1.01209 3.96835e+06 1.13779e+06 ZonesAtSurface
3474.99 3025 716.185 0 0 1 2 982966 38.3423 125581 1.2609 3.7242e+06 982966 ZonesAtSurface
3525.04 3025 806.135 0 5 2 1 982002 29.8023 75185 1.96284 1.98844e+06 982002 ZonesAtSurface
3575.07 3025 846.098 0 0 2 1 1.48646e+06 26.4238 139963 4.45097 1.24882e+06 1.48646e+06 ZonesAtSurface
3625.11 3025 886.065 0 7 2 1 1.39983e+06 23.0333 140787 10 439302 1.39983e+06 ZonesAtSurface
3675.11 3025 876.027 0 0 1 2 653197 18.0039 118567 2.37506 969202 653197 ZonesAtSurface
3725.13 3024.99 915.991 0 6 2 2 1.49512e+06 22.6549 111964 4.0838 1.27686e+06 1.49512e+06 ZonesAtSurface
3775.14 3025 915.969 9 0 2 2 871963 28.9232 129817 4.29333 1.02441e+06 871963 ZonesAtSurface
3825.15 3025 925.971 0 2 2 1 1.04892e+06 36.0639 97297.2 4.63273 1.10536e+06 1.04892e+06 ZonesAtSurface
3875.14 3025 935.997 0 7 0 0 1.13072e+06 15.9521 137631 3.98849 823079 1.13072e+06 ZonesAtSurface
3925.19 3025 896.036 2 0 0 0 803433 18.231 115655 1.9748 1.36372e+06 803433 ZonesAtSurface
3975.25 3025 856.086 0 8 0 0 1.39685e+06 20.2095 68038.4 1.86146 2.17864e+06 1.39685e+06 ZonesAtSurface
4025.36 3025 766.15 0 0 1 1 651755 34.0295 61715.3 1.74611 2.67795e+06 651755 ZonesAtSurface
4075.39 3025 776.204 0 5 0 0 1.45838e+06 44.0119 108462 10 928006 1.45838e+06 ZonesAtSurface
4125.46 3025 736.252 0 4 0 0 1.27136e+06 22.5321 74585.5 1.96422 2.01674e+06 1.27136e+06 ZonesAtSurface
4175.52 3025 696.3 0 0 0 0 1.39178e+06 33.0554 70675.5 3.05149 2.13604e+06 1.39178e+06 ZonesAtSurface
4225.59 3025 606.349 9 0 1 1 708879 21.2789 77706.7 1.15964 2.73772e+06 708879 ZonesAtSurface
4275.61 3025 616.385 0 5 0 0 921100 35.5085 99224 2.45846 1.86343e+06 921100 ZonesAtSurface
4325.64 3025 576.417 0 0 0 0 871048 42.0029 132230 2.80498 1.803e+06 871048 ZonesAtSurface
4375.66 3024.99 536.447 0 0 0 0 1.10829e+06 41.6842 133003 2.52261 2.4347e+06 1.10829e+06 ZonesAtSurface
4425.67 3024.99 496.478 0 0 0 0 1.27499e+06 25.8019 108743 1.6266 2.8819e+06 1.27499e+06 ZonesAtSurface
4475.67 3024.99 456.507 0 0 0 0 721946 40.5909 132044 2.16149 2.17367e+06 721946 ZonesAtSurface
4525.68 3025 366.539 0 0 1 1 1.47069e+06 39.9925 134933 3.10056 3.25979e+06 1.47069e+06 ZonesAtSurface
4575.67 3025 376.56 1 0 0 0 699409 38.4857 68161.2 2.47437 1.82529e+06 699409 ZonesAtSurface
4625.67 3025 336.581 0 0 0 0 1.1243e+06 24.386 113638 1.77652 2.14277e+06 1.1243e+06 ZonesAtSurface
4675.67 3025 296.596 4 7 0 0 955084 39.4916 143273 3.29493 1.52349e+06 955084 ZonesAtSurface
4725.49 3025 106.629 8 0 1 3 1.46391e+06 38.0942 99292 1.33659 1.02017e+07 1.46391e+06 ZonesAtSurface
4775.4 3025 66.6292 6 0 1 3 1.0106e+06 38.0153 104085 1.10319 1.23857e+07 1.0106e+06 ZonesAtSurface
4825.29 3025 26.6164 0 0 1 3 989150 32.7222 99297.1 1.26634 1.28886e+07 989150 ZonesAtSurface
4875.23 3025 36.6296 6 0 1 2 1.34915e+06 30.0581 134004 1.03089 1.36919e+07 1.34915e+06 ZonesAtSurface
4925.14 3025 46.6743 22 0 1 1 1.36445e+06 26.638 79682.6 1.0383 1.13192e+07 1.36445e+06 ZonesAtSurface
74.9462 3075 -24.8222 32 0 1 2 1.0151e+06 34.3289 72879.9 1.14964 7.89621e+06 1.0151e+06 ZonesAtSurface
124.838 3075 -49.8473 32 0 1 3 1.36581e+06 23.77 95373 1.07127 8.49014e+06 1.36581e+06 ZonesAtSurface
174.75 3075 -24.8173 37 0 1 3 721547 17.3911 141552 1.08782 2.66385e+06 721547 ZonesAtSurface
224.689 3075 -49.8727 13 0 1 4 980658 31.5971 106807 1.00515 9.49736e+06 980658 ZonesAtSurface
274.618 3075 -24.8614 10 0 1 4 1.1206e+06 41.1727 134961 1.01692 9.70774e+06 1.1206e+06 ZonesAtSurface
324.597 3075 -49.8938 0 0 1 5 1.4307e+06 39.3932 60863.5 2.28127 1.13578e+07 1.4307e+06 ZonesAtSurface
374.355 3075.01 125.123 4 9 2 2 611542 36.4582 52941.5 2.04566 1.28674e+06 611542 ZonesAtSurface
424.391 3075 100.125 8 0 1 3 633274 42.5917 88699.7 1.00573 6.99136e+06 633274 ZonesAtSurface
474.292 3075 225.112 1 4 2 1 1.35703e+06 20.3943 54422.4 1.39666 2.86026e+06 1.35703e+06 ZonesAtSurface
524.278 3075 300.105 0 3 0 0 1.44089e+06 24.9426 121910 2.52417 1.74994e+06 1.44089e+06 ZonesAtSurface
574.276 3075 325.095 0 0 0 0 1.01072e+06 25.1072 66399.1 2.72605 1.54928e+06 1.01072e+06 ZonesAtSurface
624.267 3075 300.077 7 0 1 1 1.00118e+06 20.5041 87236.2 1.36323 3.51941e+06 1.00118e+06 ZonesAtSurface
674.253 3075 375.059 10 0 0 0 787425 18.041 57478.4 1.70671 1.70665e+06 787425 ZonesAtSurface
724.252 3075 400.043 0 0 0 0 1.14901e+06 29.5455 107738 3.22034 1.55772e+06 1.14901e+06 ZonesAtSurface
774.251 3075 425.025 0 0 0 0 1.48265e+06 33.3442 105505 4.06678 1.61224e+06 1.48265e+06 ZonesAtSurface
824.252 3075 450.005 0 0 0 0 1.25654e+06 39.6958 134642 4.8125 1.40981e+06 1.25654e+06 ZonesAtSurface
874.255 3075 474.985 0 0 0 0 601416 18.2631 68630.9 1.47051 1.35585e+06 601416 ZonesAtSurface
924.261 3075 499.964 0 0 0 0 770266 20.7274 77460.6 2.12542 1.27937e+06 770266 ZonesAtSurface
974.272 3075 524.943 0 0 0 0 871086 44.9672 90492.8 4.85085 1.21568e+06 871086 ZonesAtSurface
1024.29 3075 549.92 0 0 0 0 1.29185e+06 25.9268 90827 4.52703 1.04019e+06 1.29185e+06 ZonesAtSurface
1074.31 3075 574.896 0 0 0 0 1.31871e+06 44.8353 124006 8.31109 951867 1.31871e+06 ZonesAtSurface
1124.33 3075 599.871 0 0 0 0 590185 22.0859 65857.3 2.5601 886861 590185 ZonesAtSurface
1174.36 3075 624.844 0 0 0 0 1.28803e+06 40.6715 70085.2 9.49324 783678 1.28803e+06 ZonesAtSurface
1224.4 3075 649.817 0 0 0 0 1.44763e+06 15.4982 117373 8.4285 484086 1.44763e+06 ZonesAtSurface
1274.43 3075 674.793 0 4 0 0 533884 21.318 148713 2.45466 699509 533884 ZonesAtSurface
1324.42 3075 599.782 0 0 2 2 1.17584e+06 32.4967 124293 1.80945 2.82446e+06 1.17584e+06 ZonesAtSurface
1374.44 3075 574.774 0 0 1 3 1.18277e+06 29.83 69387.9 1.41531 3.59909e+06 1.18277e+06 ZonesAtSurface
1424.46 3075 549.77 0 0 1 4 1.35942e+06 32.5072 59395.2 1.66933 4.32457e+06 1.35942e+06 ZonesAtSurface
1474.51 3075 624.737 0 0 2 3 921120 36.7721 90779.2 1.79394 2.81085e+06 921120 ZonesAtSurface
1524.55 3075 649.7 2 0 1 3 711678 21.8298 110768 1.08191 2.1471e+06 711678 ZonesAtSurface
1574.64 3074.99 824.638 0 10 0 0 1.3666e+06 25.4535 138256 6.28697 722626 1.3666e+06 ZonesAtSurface
1624.69 3075 849.618 0 4 0 0 1.36304e+06 36.3969 77030.4 8.38583 631549 1.36304e+06 ZonesAtSurface
1674.71 3075 824.606 0 10 2 1 976519 28.8401 60873.9 6.14808 604349 976519 ZonesAtSurface
1724.73 3075 749.632 6 7 2 3 560042 34.7669 60686 1.2514 1.77984e+06 560042 ZonesAtSurface
1774.74 3075 674.682 6 0 1 5 966926 18.8945 104345 1.15979 2.60628e+06 966926 ZonesAtSurface
1824.77 3075 699.688 10 3 2 5 640204 44.1007 99803.8 1.15394 2.25896e+06 640204 ZonesAtSurface
1874.81 3075 674.7 5 0 2 6 975867 31.7063 134074 1.01306 4.23352e+06 975867 ZonesAtSurface
1924.85 3075 699.71 6 0 2 6 660038 29.2372 112698 1.00792 2.27426e+06 660038 ZonesAtSurface
1974.89 3075 724.72 0 6 2 6 1.38596e+06 37.6353 70015.6 1.21959 4.45129e+06 1.38596e+06 ZonesAtSurface
2024.93 3075 687.259 2 4 2 6 984388 17.7661 106654 1.01586 2.57465e+06 984388 ZonesAtSurface
2074.97 3075 637.315 6 6 1 5 867269 32.6936 83827.4 1.09291 2.83313e+06 867269 ZonesAtSurface
2125 3075 537.375 2 0 2 5 1.24161e+06 42.7571 131904 1.40795 5.42193e+06 1.24161e+06 ZonesAtSurface
2175.03 3075 437.42 0 0 1 5 1.41948e+06 27.0896 138334 2.73725 3.66114e+06 1.41948e+06 ZonesAtSurface
2225.06 3075 337.453 0 0 0 0 572226 42.925 140420 7.80404 2.16004e+06 572226 ZonesAtSurface
2275.09 3074.99 237.472 0 0 0 0 978747 19.2763 96126.5 3.99753 1.68388e+06 978747 ZonesAtSurface
2325.12 3074.99 137.483 0 0 0 0 587129 30.9509 69308.9 6.33683 2.12134e+06 587129 ZonesAtSurface
2375.12 3074.99 37.4917 0 0 0 0 885310 15.682 120355 2.32109 3.16032e+06 885310 ZonesAtSurface
2425.11 3074.99 -62.5016 0 0 0 0 1.22702e+06 18.6501 142434 2.6145 4.6793e+06 1.22702e+06 ZonesAtSurface
2475.08 3074.54 -112.497 7 0 0 0 601238 40.2197 53006.4 1.18598 3.4767e+07 601238 ZonesAtSurface
2525.06 3075 -192.493 0 0 0 0 795314 36.7188 90420 7.2975 6.16001e+06 795314 ZonesAtSurface
2575.02 3074.99 -152.485 0 0 0 0 1.43623e+06 30.2983 79995.2 4.90412 6.41472e+06 1.43623e+06 ZonesAtSurface
2624.98 3074.99 -112.482 0 0 0 0 1.1989e+06 38.1643 88937.1 6.7625 5.63869e+06 1.1989e+06 ZonesAtSurface
2674.94 3074.65 -22.4906 10 0 0 0 1.34394e+06 20.9032 78893.3 1.06485 1.99165e+07 1.34394e+06 ZonesAtSurface
2724.93 3074.61 17.5041 10 0 0 0 1.09359e+06 38.3531 143780 1.70195 3.29702e+07 1.09359e+06 ZonesAtSurface
2774.91 3074.56 57.5016 9 9 0 0 1.18389e+06 27.6796 130773 0 1.49385e+06 1.18389e+06 ZonesAtSurface
2824.88 3074.71 97.4939 10 4 0 0 1.21302e+06 32.7719 84940.6 0 3.76112e+06 1.21302e+06 ZonesAtSurface
2874.87 3074.58 137.484 10 0 0 0 1.26224e+06 39.6811 96947.2 1.82747 3.98131e+07 1.26224e+06 ZonesAtSurface
2924.88 3074.41 177.477 7 0 0 0 1.40891e+06 22.2596 99303.4 0 3.91565e+06 1.40891e+06 ZonesAtSurface
2974.86 3074.99 167.474 0 0 0 0 682113 20.2744 127754 4.641 2.04183e+06 682113 ZonesAtSurface
3024.86 3074.99 207.464 0 0 0 0 855682 35.4115 97045.4 10 1.78062e+06 855682 ZonesAtSurface
3074.88 3074.39 297.446 1 0 0 0 569821 36.1753 143643 1.00005 5.33832e+06 569821 ZonesAtSurface
3124.87 3074.99 287.436 0 0 0 0 1.18417e+06 32.6445 143423 6.41069 2.52873e+06 1.18417e+06 ZonesAtSurface
3174.9 3074.38 377.41 10 0 0 0 943333 19.5564 95231.3 1.00007 4.05682e+06 943333 ZonesAtSurface
3224.89 3074.98 367.396 0 0 0 0 595536 26.2632 129581 1.86495 4.3884e+06 595536 ZonesAtSurface
3274.9 3074.99 407.373 0 0 1 5 541130 33.4706 138582 3.70406 3.48412e+06 541130 ZonesAtSurface
3324.91 3074.99 497.342 0 0 1 4 1.18161e+06 42.7432 108053 2.0151 5.04277e+06 1.18161e+06 ZonesAtSurface
3374.93 3075 537.299 5 0 1 4 784783 15.2252 123812 1.00551 3.46072e+06 784783 ZonesAtSurface
3424.95 3075 627.24 3 0 1 3 880659 16.5686 107319 1.00219 3.29548e+06 880659 ZonesAtSurface
3475.01 3075 767.176 0 8 2 1 1.19323e+06 29.5635 85770.2 1.82347 2.23713e+06 1.19323e+06 ZonesAtSurface
3525.04 3075 807.136 0 7 2 1 1.45473e+06 20.5872 137239 2.38586 1.74157e+06 1.45473e+06 ZonesAtSurface
3575.07 3075 847.099 0 0 2 1 703515 15.4917 53740.1 1.54537 1.41506e+06 703515 ZonesAtSurface
3625.08 3075 837.069 0 0 1 2 615902 32.0383 98795.1 2.25681 1.58709e+06 615902 ZonesAtSurface
3675.11 3075 877.03 0 2 2 2 1.41218e+06 27.8057 100508 2.17551 2.41847e+06 1.41218e+06 ZonesAtSurface
3725.11 3075 866.993 0 0 2 3 1.30117e+06 40.3052 114032 2.74863 2.57904e+06 1.30117e+06 ZonesAtSurface
3775.15 3075 916.968 0 4 2 2 1.22359e+06 38.4265 78277.6 10 660846 1.22359e+06 ZonesAtSurface
3825.15 3075 926.971 10 2 2 1 762431 17.6878 147305 3.93416 624170 762431 ZonesAtSurface
3875.18 3075 886.995 0 0 2 1 1.44487e+06 41.8387 111300 8.43012 1.07701e+06 1.44487e+06 ZonesAtSurface
3925.19 3075 897.037 0 0 0 0 1.3881e+06 17.4492 111711 4.45432 977640 1.3881e+06 ZonesAtSurface
3975.29 3075 807.091 0 0 2 1 795973 42.3395 105433 2.72499 2.33102e+06 795973 ZonesAtSurface
4025.36 3075 767.149 46 0 1 1 500740 18.2391 50304.4 1.22936 2.09879e+06 500740 ZonesAtSurface
4075.39 3075 777.203 0 3 0 0 795646 44.0042 130855 4.61065 1.08729e+06 795646 ZonesAtSurface
4125.46 3075 737.252 0 2 0 0 907048 29.4094 101099 1.84113 1.98086e+06 907048 ZonesAtSurface
4175.55 3075 647.304 0 0 2 1 1.15278e+06 31.7205 142339 2.3235 2.80293e+06 1.15278e+06 ZonesAtSurface
4225.57 3075 657.345 0 7 0 0 1.0386e+06 25.7974 124322 1.77939 2.22151e+06 1.0386e+06 ZonesAtSurface
4275.61 3075 617.385 0 8 0 0 962047 42.4483 87342.7 2.34289 2.32292e+06 962047 ZonesAtSurface
4325.64 3075 577.418 0 0 0 0 969496 30.2134 96861.3 1.85754 2.0899e+06 969496 ZonesAtSurface
4375.66 3075 537.448 0 0 0 0 1.27425e+06 44.786 117470 2.81937 2.42142e+06 1.27425e+06 ZonesAtSurface
4425.67 3075 497.478 0 0 0 0 1.2926e+06 36.8741 131578 2.39205 2.81726e+06 1.2926e+06 ZonesAtSurface
4475.68 3075 457.506 0 9 0 0 1.08948e+06 41.6351 63201.9 2.84409 2.05997e+06 1.08948e+06 ZonesAtSurface
4525.68 3075 417.533 0 0 0 0 1.13467e+06 34.6139 98630.1 2.07564 2.6796e+06 1.13467e+06 ZonesAtSurface
4575.68 3075 377.557 0 0 0 0 1.34796e+06 37.6884 100591 3.53741 1.69283e+06 1.34796e+06 ZonesAtSurface
4625.68 3075 337.579 0 0 0 0 806538 36.954 125221 1.97127 2.38428e+06 806538 ZonesAtSurface
4675.65 3075 247.61 7 0 2 1 534422 40.8125 111642 1.4548 3.36212e+06 534422 ZonesAtSurface
4725.56 3075 157.636 3 0 1 2 975865 27.4425 130122 1.10455 4.71923e+06 975865 ZonesAtSurface
4775.39 3075 67.6257 0 0 1 3 861841 42.3012 123702 1.72578 1.15882e+07 861841 ZonesAtSurface
4825.29 3075 27.6126 1 0 1 3 655850 30.3201 111843 1.19484 1.22495e+07 655850 ZonesAtSurface
4875.24 3075 37.6276 17 0 1 2 588374 33.1015 67420.4 1.0598 1.42019e+07 588374 ZonesAtSurface
4925.14 3075 47.6781 5 0 1 1 523556 19.7376 98194.4 1.08359 6.99406e+06 523556 ZonesAtSurface
74.9623 3125 -23.8247 29 0 1 2 729385 39.8293 74860.5 1.203 6.86538e+06 729385 ZonesAtSurface
124.836 3125 -48.8459 26 0 1 3 554819 32.9374 131264 1.06859 8.45906e+06 554819 ZonesAtSurface
174.76 3125 -23.813 32 5 1 3 1.02955e+06 30.2861 107807 1.15313 3.26929e+06 1.02955e+06 ZonesAtSurface
224.69 3125 -48.8671 13 0 1 4 515614 41.1527 66576.4 1.00975 9.27104e+06 515614 ZonesAtSurface
274.613 3125 -23.8611 16 0 1 4 789644 19.6669 62299.4 1.02216 5.26619e+06 789644 ZonesAtSurface
324.596 3125 -48.8939 2 0 1 5 613440 31.8403 92103.3 1.09627 1.02827e+07 613440 ZonesAtSurface
374.481 3125 26.1221 6 0 1 4 1.32973e+06 20.0355 146627 1.03754 5.87456e+06 1.32973e+06 ZonesAtSurface
424.387 3125 101.124 8 0 1 3 555983 28.6906 63409 1.00649 5.08245e+06 555983 ZonesAtSurface
474.316 3125 176.114 5 0 2 2 1.01833e+06 26.1227 112676 1.0519 4.14658e+06 1.01833e+06 ZonesAtSurface
524.274 3125 301.103 6 1 0 0 831874 22.7815 121634 1.84183 1.34968e+06 831874 ZonesAtSurface
574.271 3125 326.093 0 0 0 0 862095 32.5341 137127 2.00328 1.92505e+06 862095 ZonesAtSurface
624.263 3125 351.078 0 0 0 0 1.3936e+06 22.368 83294.4 2.09678 2.50793e+06 1.3936e+06 ZonesAtSurface
674.256 3125 376.062 0 0 0 0 1.41143e+06 40.2178 101546 3.98274 2.00583e+06 1.41143e+06 ZonesAtSurface
724.252 3125 401.044 8 0 0 0 506103 24.8275 63505.9 1.32374 1.75637e+06 506103 ZonesAtSurface
774.251 3125 426.025 0 0 0 0 1.33462e+06 34.5502 73222.7 3.74455 1.65723e+06 1.33462e+06 ZonesAtSurface
824.252 3125 451.005 0 0 0 0 1.11269e+06 38.1261 65363.5 4.16465 1.40075e+06 1.11269e+06 ZonesAtSurface
874.254 3125 475.985 0 0 0 0 1.12161e+06 20.8793 57872.2 2.74957 1.33856e+06 1.12161e+06 ZonesAtSurface
924.261 3125 500.964 0 0 0 0 969466 42.7096 124302 4.84657 1.26636e+06 969466 ZonesAtSurface
974.271 3125 525.943 0 0 0 0 608639 30.5754 140233 2.34688 1.20393e+06 608639 ZonesAtSurface
1024.29 3125 550.92 0 0 0 0 1.36576e+06 42.7049 132881 7.242 1.05592e+06 1.36576e+06 ZonesAtSurface
1074.31 3125 575.896 0 0 0 0 604189 18.4842 132310 2.10983 947205 604189 ZonesAtSurface
1124.33 3125 600.87 0 0 0 0 789313 44.1388 106265 6.51238 888325 789313 ZonesAtSurface
1174.36 3125 625.844 0 0 0 0 953897 17.1154 83532.5 3.55277 836360 953897 ZonesAtSurface
1224.4 3125 650.816 0 0 0 0 1.27912e+06 36.5837 80652.3 10 578264 1.27912e+06 ZonesAtSurface
1274.43 3125 675.791 0 0 0 0 698119 43.3729 133932 10 446597 698119 ZonesAtSurface
1324.47 3125 700.769 0 1 0 0 664580 34.2711 56953.1 3.87417 716536 664580 ZonesAtSurface
1374.46 3125 625.762 0 3 2 2 1.09337e+06 24.7034 118155 1.50514 2.37115e+06 1.09337e+06 ZonesAtSurface
1424.49 3124.99 650.748 8 10 2 2 738928 29.0535 111804 1.71021 1.49409e+06 738928 ZonesAtSurface
1474.51 3125 625.728 0 0 1 3 1.12001e+06 18.0656 73190.7 1.50361 2.49173e+06 1.12001e+06 ZonesAtSurface
1524.59 3125 750.675 5 4 2 1 1.09795e+06 20.0979 79835.6 1.54889 2.22213e+06 1.09795e+06 ZonesAtSurface
1574.63 3125 775.642 0 0 2 1 1.19112e+06 40.5104 67056.1 3.52017 2.03601e+06 1.19112e+06 ZonesAtSurface
1624.69 3125 850.617 0 5 0 0 835720 30.8435 63786.3 5.96935 516624 835720 ZonesAtSurface
1674.71 3125 825.603 8 6 2 1 508489 21.1445 65994.4 2.22118 806646 508489 ZonesAtSurface
1724.73 3125 750.627 0 10 2 3 1.13829e+06 40.5711 84988.5 1.31043 3.66125e+06 1.13829e+06 ZonesAtSurface
1774.74 3125 675.68 7 0 1 5 1.2205e+06 18.7583 140550 1.23953 2.83728e+06 1.2205e+06 ZonesAtSurface
1824.77 3125 700.685 4 2 2 5 924999 25.7123 81255.3 1.11934 2.53199e+06 924999 ZonesAtSurface
1874.81 3125 675.7 3 0 1 6 1.10159e+06 21.3578 74243 1.07191 3.53469e+06 1.10159e+06 ZonesAtSurface
1924.85 3125 700.713 6 0 2 6 698261 22.2403 103049 1.00848 2.41902e+06 698261 ZonesAtSurface
1974.89 3125 725.721 0 6 2 6 1.01285e+06 44.7559 66869.6 1.11568 4.0868e+06 1.01285e+06 ZonesAtSurface
2024.93 3125 688.259 0 6 2 6 774818 32.0065 59283.9 1.06588 2.51351e+06 774818 ZonesAtSurface
2074.97 3125 588.326 3 0 1 6 1.35418e+06 44.6942 134721 1.29444 6.79755e+06 1.35418e+06 ZonesAtSurface
2125.01 3125 538.377 9 0 1 5 1.18031e+06 40.5915 82492 1.10587 5.53928e+06 1.18031e+06 ZonesAtSurface
2175.04 3125 438.425 0 0 1 5 1.0558e+06 35.2782 67066.6 2.48744 4.36303e+06 1.0558e+06 ZonesAtSurface
2225.07 3125 338.457 0 0 0 0 1.49062e+06 40.8249 116459 7.60816 2.75107e+06 1.49062e+06 ZonesAtSurface
2275.07 3123.08 338.471 0 0 0 0 1.33867e+06 17.5803 83672.6 4.71869 1.48842e+06 1.33867e+06 ZonesAtSurface
2325.1 3124.38 188.481 5 0 0 0 836465 30.1468 76924.3 1.00001 8.31716e+06 836465 ZonesAtSurface
2375.1 3123.28 138.488 10 0 0 0 1.39792e+06 35.0452 71020.6 1.93802 6.60083e+06 1.39792e+06 ZonesAtSurface
2425.11 3124.99 -61.5029 0 0 0 0 583245 20.4722 101501 2.13312 5.84572e+06 583245 ZonesAtSurface
2475.09 3124.58 -111.499 10 8 0 0 1.35203e+06 23.9992 84028.4 0 3.59692e+06 1.35203e+06 ZonesAtSurface
2525.05 3124.75 -141.491 9 9 0 0 980045 38.0373 55661.5 0 2.03747e+06 980045 ZonesAtSurface
2575.01 3124.72 -101.485 5 10 0 0 595304 30.1617 69968.4 0.731076 3.01207e+06 595304 ZonesAtSurface
2624.97 3124.72 -61.4827 9 10 0 0 1.3621e+06 37.0749 58326.3 1.20234 4.7193e+06 1.3621e+06 ZonesAtSurface
2674.94 3124.65 -21.4775 10 4 0 0 1.14152e+06 18.4051 87664.6 1.274 3.86346e+06 1.14152e+06 ZonesAtSurface
2724.92 3125 -31.4828 0 0 0 0 731459 32.7242 148009 7.32539 3.31552e+06 731459 ZonesAtSurface
2774.89 3124.65 58.5129 10 0 0 0 1.227e+06 25.2849 63003.5 1.10329 2.26973e+07 1.227e+06 ZonesAtSurface
2824.87 3124.66 98.5012 10 0 0 0 735884 43.9025 127336 1.8809 4.12356e+07 735884 ZonesAtSurface
2874.87 3124.99 88.4923 0 0 0 0 1.44487e+06 25.9061 149774 6.32191 3.0662e+06 1.44487e+06 ZonesAtSurface
2924.86 3124.99 128.483 0 0 0 0 816954 26.6295 142807 7.56631 2.16029e+06 816954 ZonesAtSurface
2974.87 3124.39 218.47 5 0 0 0 1.37082e+06 30.0583 105553 1.00007 7.07414e+06 1.37082e+06 ZonesAtSurface
3024.86 3124.99 208.464 0 0 0 0 1.26033e+06 33.595 140192 10 1.90535e+06 1.26033e+06 ZonesAtSurface
3074.86 3124.99 248.451 0 0 0 0 1.0222e+06 30.0634 112280 10 1.62112e+06 1.0222e+06 ZonesAtSurface
3124.87 3124.99 288.435 0 0 0 0 1.04586e+06 30.0718 105876 10 1.61277e+06 1.04586e+06 ZonesAtSurface
3174.91 3124.38 378.396 10 0 0 0 968280 32.9649 67102.3 1.00004 8.37167e+06 968280 ZonesAtSurface
3224.9 3124.99 368.393 0 0 0 0 581077 22.1405 113499 3.59157 2.30394e+06 581077 ZonesAtSurface
3274.91 3124.99 408.372 0 0 1 5 553811 33.5399 119086 7.10857 2.24268e+06 553811 ZonesAtSurface
3324.91 3125 498.341 8 0 1 4 709116 30.6024 92938.2 1.09124 4.92522e+06 709116 ZonesAtSurface
3374.93 3125 588.287 2 0 1 3 1.37628e+06 25.3464 67897.4 1.35924 4.84261e+06 1.37628e+06 ZonesAtSurface
3424.96 3125 678.225 1 1 1 2 1.12071e+06 42.4635 88178.2 1.17624 4.30626e+06 1.12071e+06 ZonesAtSurface
3474.99 3125 718.182 1 0 2 2 557034 42.0992 145409 1.0183 3.45446e+06 557034 ZonesAtSurface
3525.04 3125 808.138 0 5 2 1 1.14105e+06 44.6164 81675.5 4.58304 1.47802e+06 1.14105e+06 ZonesAtSurface
3575.05 3125 798.107 7 2 2 2 1.20354e+06 17.2892 80240.4 1.43401 2.43034e+06 1.20354e+06 ZonesAtSurface
3625.08 3125 838.072 0 0 2 2 1.40931e+06 15.1882 61800.1 2.01617 1.95208e+06 1.40931e+06 ZonesAtSurface
3675.09 3125 828.038 0 0 2 3 1.25105e+06 37.3268 84257.2 2.56148 2.77425e+06 1.25105e+06 ZonesAtSurface
3725.11 3125 867.995 0 0 1 3 1.4907e+06 15.7451 85161.9 1.50665 2.83713e+06 1.4907e+06 ZonesAtSurface
3775.15 3125 917.968 0 3 2 2 1.44379e+06 42.7551 140816 7.48801 1.10257e+06 1.44379e+06 ZonesAtSurface
3825.15 3125 927.972 0 3 2 1 1.37451e+06 35.1484 102720 10 370415 1.37451e+06 ZonesAtSurface
3875.18 3125 887.996 7 0 2 1 867836 17.8381 129764 2.73653 1.0592e+06 867836 ZonesAtSurface
3925.19 3125 898.037 0 3 0 0 1.1458e+06 15.2403 129837 3.57005 863054 1.1458e+06 ZonesAtSurface
3975.25 3125 858.086 0 8 0 0 1.41378e+06 26.5193 147384 2.91367 1.99016e+06 1.41378e+06 ZonesAtSurface
4025.36 3125 768.148 0 0 1 1 1.38959e+06 28.1406 54964.1 2.53089 2.5234e+06 1.38959e+06 ZonesAtSurface
4075.39 3125 778.201 0 0 0 0 1.13778e+06 23.9017 58188.3 2.44119 1.66432e+06 1.13778e+06 ZonesAtSurface
4125.5 3125 688.255 0 0 1 1 1.03627e+06 42.7723 71419.5 2.80061 2.83035e+06 1.03627e+06 ZonesAtSurface
4175.52 3125 698.299 0 0 0 0 994497 41.9934 135547 2.82903 2.22902e+06 994497 ZonesAtSurface
4225.57 3125 658.344 7 0 0 0 882949 22.5886 99791.6 1.39416 2.22423e+06 882949 ZonesAtSurface
4275.63 3125 568.387 0 0 1 1 1.16388e+06 31.0418 147584 2.0602 2.90757e+06 1.16388e+06 ZonesAtSurface
4325.64 3125 578.419 0 0 0 0 1.38097e+06 26.8517 124303 2.30452 2.18214e+06 1.38097e+06 ZonesAtSurface
4375.66 3125 538.449 0 0 0 0 1.26629e+06 30.9167 52689.3 2.00139 2.65092e+06 1.26629e+06 ZonesAtSurface
4425.67 3125 398.49 0 0 1 2 1.42824e+06 31.2306 56921.6 2.31511 3.76394e+06 1.42824e+06 ZonesAtSurface
4475.68 3125 458.506 0 0 0 0 690671 44.3802 115080 3.12864 1.81232e+06 690671 ZonesAtSurface
4525.68 3125 368.536 7 0 1 1 952306 22.5783 82146.2 1.30155 3.07383e+06 952306 ZonesAtSurface
4575.68 3125 378.552 1 0 0 0 833242 19.23 75558 1.74144 1.58693e+06 833242 ZonesAtSurface
4625.65 3125.01 238.59 0 0 1 2 993702 32.8559 99272.4 1.35995 5.41981e+06 993702 ZonesAtSurface
4675.55 3125 148.624 6 0 1 3 785449 24.7457 141628 1.03994 6.68113e+06 785449 ZonesAtSurface
4725.61 3125 208.644 10 7 2 1 1.32632e+06 31.3263 95889 1.24199 3.82154e+06 1.32632e+06 ZonesAtSurface
4775.47 3125 118.636 1 0 1 2 1.36601e+06 35.0388 130491 1.04987 8.37249e+06 1.36601e+06 ZonesAtSurface
4825.3 3125 28.6082 0 0 1 3 1.12189e+06 24.2833 122795 1.11445 1.14379e+07 1.12189e+06 ZonesAtSurface
4875.24 3125 38.6317 12 0 1 2 1.18957e+06 18.9139 89831.4 1.03629 9.67882e+06 1.18957e+06 ZonesAtSurface
4925.14 3125 48.6782 6 0 1 1 765957 44.5099 121191 1.05956 1.4843e+07 765957 ZonesAtSurface
74.9637 3175 -22.8194 37 0 1 2 1.47326e+06 25.2656 82195.3 1.14992 6.00076e+06 1.47326e+06 ZonesAtSurface
124.833 3175 -47.8466 35 0 1 3 916775 18.6554 86916.1 1.05194 5.62572e+06 916775 ZonesAtSurface
174.76 3175 -22.8149 30 2 1 3 965477 32.9624 61367.3 1.19513 3.27175e+06 965477 ZonesAtSurface
224.69 3175 -47.8634 17 0 1 4 602289 32.2404 108375 1.01154 6.868e+06 602289 ZonesAtSurface
274.609 3175 -22.8591 20 0 1 4 1.13035e+06 25.2696 95423.2 1.01938 5.47149e+06 1.13035e+06 ZonesAtSurface
324.597 3175 -47.895 1 0 1 5 1.36583e+06 16.4151 128808 1.00192 7.77857e+06 1.36583e+06 ZonesAtSurface
374.481 3175 27.123 3 0 1 4 931350 15.2046 120624 1.03663 4.23193e+06 931350 ZonesAtSurface
424.383 3175 102.122 3 0 1 3 1.12583e+06 34.5485 63038.9 1.02163 5.64645e+06 1.12583e+06 ZonesAtSurface
474.284 3175 227.109 6 2 2 1 1.08445e+06 19.6686 126155 1.40302 2.21707e+06 1.08445e+06 ZonesAtSurface
524.271 3175 302.101 1 7 0 0 712550 29.4937 84466 2.31394 1.08607e+06 712550 ZonesAtSurface
574.269 3175 327.092 5 0 0 0 847077 20.2389 138811 1.47721 1.87893e+06 847077 ZonesAtSurface
624.262 3175 352.078 0 0 0 0 1.16902e+06 25.0703 86695.1 1.9084 2.26336e+06 1.16902e+06 ZonesAtSurface
674.256 3175 377.062 0 0 0 0 991450 39.4678 144103 2.90708 2.11091e+06 991450 ZonesAtSurface
724.252 3175 402.044 0 0 0 0 1.30586e+06 30.0179 140548 3.00762 1.83559e+06 1.30586e+06 ZonesAtSurface
774.251 3175 427.025 0 0 0 0 526286 25.0172 57972.3 1.34733 1.66932e+06 526286 ZonesAtSurface
824.252 3175 452.005 0 0 0 0 949953 32.7411 72001.2 3.18514 1.39559e+06 949953 ZonesAtSurface
874.254 3175 476.985 0 0 0 0 707749 25.3097 136970 2.08398 1.31993e+06 707749 ZonesAtSurface
924.26 3175 501.964 0 0 0 0 955856 37.6478 74988.9 4.1028 1.29207e+06 955856 ZonesAtSurface
974.27 3175 526.943 0 0 0 0 869391 15.0858 70809.8 2.06622 1.22534e+06 869391 ZonesAtSurface
1024.29 3175 551.92 0 0 0 0 1.36241e+06 42.5175 50065.5 7.1072 1.10502e+06 1.36241e+06 ZonesAtSurface
1074.31 3175 576.896 0 0 0 0 820634 34.8291 86505.6 4.37359 959736 820634 ZonesAtSurface
1124.33 3175 601.87 0 0 0 0 665508 25.8675 142102 3.23019 866829 665508 ZonesAtSurface
1174.36 3175 626.843 0 0 0 0 1.11384e+06 32.7015 107264 6.22619 841180 1.11384e+06 ZonesAtSurface
1224.4 3175 651.815 0 0 0 0 1.28277e+06 28.4076 131748 7.99569 631867 1.28277e+06 ZonesAtSurface
1274.43 3175 676.788 0 0 0 0 967516 36.4734 128569 10 408084 967516 ZonesAtSurface
1324.47 3175 701.766 0 0 0 0 669016 27.3091 132114 2.9147 812581 669016 ZonesAtSurface
1374.48 3175 676.752 0 0 2 1 1.24156e+06 38.1803 114672 3.7171 1.66511e+06 1.24156e+06 ZonesAtSurface
1424.49 3175 651.74 0 4 2 2 1.35181e+06 30.5091 109801 3.15577 1.61358e+06 1.35181e+06 ZonesAtSurface
1474.53 3175 676.715 0 9 2 2 1.28262e+06 22.7406 122806 1.43901 2.71474e+06 1.28262e+06 ZonesAtSurface
1524.59 3175 751.673 0 4 2 1 1.18372e+06 18.6346 65805.6 1.55687 2.253e+06 1.18372e+06 ZonesAtSurface
1574.65 3175 826.637 0 8 0 0 1.23584e+06 38.9567 103474 5.09241 1.20372e+06 1.23584e+06 ZonesAtSurface
1624.68 3175 851.616 0 3 0 0 888370 42.9788 122277 10 287000 888370 ZonesAtSurface
1674.73 3175 876.6 0 4 0 0 710154 39.0735 50584.7 3.15132 952465 710154 ZonesAtSurface
1724.72 3175 751.624 4 7 2 3 795139 32.614 90927.7 1.32923 2.11387e+06 795139 ZonesAtSurface
1774.74 3175 676.676 14 0 2 5 699827 27.0543 137401 1.0929 2.66816e+06 699827 ZonesAtSurface
1824.77 3175 701.681 5 4 2 5 1.05835e+06 42.5031 74546 1.22216 3.72888e+06 1.05835e+06 ZonesAtSurface
1874.81 3175 676.7 0 0 1 6 1.43231e+06 16.8202 78282.6 1.11746 3.62505e+06 1.43231e+06 ZonesAtSurface
1924.85 3175 701.712 6 1 1 6 1.05801e+06 37.5713 118374 1.03025 3.84579e+06 1.05801e+06 ZonesAtSurface
1974.89 3175 726.721 2 6 2 6 1.04485e+06 24.1515 91685.2 0.993569 3.12995e+06 1.04485e+06 ZonesAtSurface
2024.93 3175 689.26 6 0 2 6 634595 16.3534 55437.8 1.00251 1.73247e+06 634595 ZonesAtSurface
2074.97 3175 589.325 4 0 1 6 1.45493e+06 36.6886 94877 1.02677 6.50776e+06 1.45493e+06 ZonesAtSurface
2125.01 3175 489.383 6 0 1 6 506132 30.2742 148440 1.00558 4.43376e+06 506132 ZonesAtSurface
2175.05 3175 389.429 0 0 1 6 1.09671e+06 26.0331 104571 1.34875 4.86331e+06 1.09671e+06 ZonesAtSurface
2225.07 3174.99 339.459 0 0 0 0 1.42679e+06 18.0791 128800 2.09112 3.45615e+06 1.42679e+06 ZonesAtSurface
2275.08 3174.99 239.471 0 0 0 0 1.03909e+06 24.823 132524 2.47174 4.77652e+06 1.03909e+06 ZonesAtSurface
2325.1 3174.98 139.476 0 0 0 0 1.08005e+06 22.1401 69133.6 1.78699 6.6488e+06 1.08005e+06 ZonesAtSurface
2375.1 3174.98 39.4829 0 0 0 0 1.09995e+06 21.1892 99463.2 1.73403 6.76594e+06 1.09995e+06 ZonesAtSurface
2425.1 3174.98 -60.5083 0 0 0 0 794777 16.5461 58423.1 1.44897 7.64644e+06 794777 ZonesAtSurface
2475.08 3174.6 -110.506 10 0 0 0 1.00422e+06 24.2612 136469 1.5467 2.62858e+07 1.00422e+06 ZonesAtSurface
2525.06 3174.87 -140.5 10 0 0 0 1.34711e+06 35.0208 105032 2.25943 3.3515e+07 1.34711e+06 ZonesAtSurface
2575.01 3174.88 -100.497 10 0 0 0 638012 30.2229 127308 2.12181 1.8155e+07 638012 ZonesAtSurface
2624.99 3174.78 -60.4895 10 0 0 0 1.09811e+06 34.1706 133103 1.79174 5.39778e+07 1.09811e+06 ZonesAtSurface
2674.95 3174.73 -20.4771 10 0 0 0 973163 17.8544 113538 0 2.82378e+06 973163 ZonesAtSurface
2724.9 3174.74 19.5307 8 9 0 0 613687 21.3671 132764 0.435191 4.24399e+06 613687 ZonesAtSurface
2774.87 3173.63 109.517 10 8 0 0 1.0242e+06 41.6633 142669 1.52819 8.75767e+06 1.0242e+06 ZonesAtSurface
2824.87 3175 49.5107 0 0 0 0 965481 30.191 95075.1 7.38929 2.52549e+06 965481 ZonesAtSurface
2874.86 3175 89.4975 0 0 0 0 1.06852e+06 17.6105 126973 5.22358 1.95783e+06 1.06852e+06 ZonesAtSurface
2924.86 3174.99 129.485 0 0 0 0 658044 20.7127 114925 7.47465 1.28035e+06 658044 ZonesAtSurface
2974.86 3174.99 169.475 0 0 0 0 516111 20.3905 92699.9 5.44023 1.54199e+06 516111 ZonesAtSurface
3024.86 3174.99 209.464 0 0 0 0 1.28514e+06 16.9279 113691 5.19225 1.66515e+06 1.28514e+06 ZonesAtSurface
3074.86 3174.99 249.451 0 0 0 0 1.21674e+06 25.7629 61639.1 8.51538 1.50924e+06 1.21674e+06 ZonesAtSurface
3124.87 3174.99 289.436 0 0 0 0 1.03166e+06 31.6469 92448.8 10 1.58504e+06 1.03166e+06 ZonesAtSurface
3174.88 3174.99 329.418 0 0 0 0 1.01747e+06 38.927 121154 10 1.61086e+06 1.01747e+06 ZonesAtSurface
3224.89 3174.99 369.397 0 0 0 0 979126 19.091 137123 6.03352 1.37614e+06 979126 ZonesAtSurface
3274.9 3174.99 409.374 0 0 1 5 942916 34.1376 137755 8.87699 2.09352e+06 942916 ZonesAtSurface
3324.91 3175 499.341 8 0 1 4 1.21402e+06 23.1696 120285 1.08138 5.16008e+06 1.21402e+06 ZonesAtSurface
3374.93 3175 539.296 4 0 1 4 726537 29.5493 94927.9 1.00911 5.13615e+06 726537 ZonesAtSurface
3424.96 3175 679.222 6 0 2 2 684060 38.8863 97571.7 1.04121 3.62929e+06 684060 ZonesAtSurface
3475.01 3175 769.174 0 0 2 1 936515 43.7983 141344 2.31322 2.22626e+06 936515 ZonesAtSurface
3525 3175 709.152 0 0 1 3 1.18933e+06 44.7455 135519 2.27601 4.322e+06 1.18933e+06 ZonesAtSurface
3575.05 3175 799.108 0 0 2 2 1.23481e+06 23.2958 116674 1.78318 2.3064e+06 1.23481e+06 ZonesAtSurface
3625.08 3175 839.074 0 5 2 2 1.11902e+06 21.1842 69214.4 2.09045 1.68691e+06 1.11902e+06 ZonesAtSurface
3675.11 3175 879.037 0 7 2 2 866490 30.2993 107900 4.14357 986655 866490 ZonesAtSurface
3725.11 3175 868.995 5 3 1 3 1.04704e+06 39.5035 140804 1.76368 3.20451e+06 1.04704e+06 ZonesAtSurface
3775.15 3175 918.967 5 0 2 2 723218 19.3191 137282 2.42379 1.0203e+06 723218 ZonesAtSurface
3825.15 3175 928.973 0 0 2 1 567060 35.2944 80631.2 6.82863 488320 567060 ZonesAtSurface
3875.18 3175 888.997 0 0 2 1 1.02955e+06 18.7376 76358.1 4.16985 849372 1.02955e+06 ZonesAtSurface
3925.19 3175 899.038 0 7 0 0 1.32894e+06 36.3525 53649.5 5.0756 1.30853e+06 1.32894e+06 ZonesAtSurface
3975.29 3175 809.092 0 0 2 1 1.44937e+06 22.5708 98509.5 2.80607 1.93591e+06 1.44937e+06 ZonesAtSurface
4025.32 3175 819.146 4 0 0 0 1.2911e+06 21.8039 73937.8 1.77089 2.66178e+06 1.2911e+06 ZonesAtSurface
4075.39 3175 779.2 7 0 0 0 790498 25.2547 79064.4 1.65904 1.78269e+06 790498 ZonesAtSurface
4125.5 3175 689.254 0 0 1 1 621621 15.8858 140455 1.15427 2.09537e+06 621621 ZonesAtSurface
4175.52 3175 699.297 0 8 0 0 1.21736e+06 25.64 64864.7 2.15448 2.05137e+06 1.21736e+06 ZonesAtSurface
4225.6 3175 609.348 0 0 2 1 504763 44.2009 123555 1.79717 3.1812e+06 504763 ZonesAtSurface
4275.61 3175 619.386 0 10 0 0 1.1809e+06 29.0175 68128 2.55917 1.94792e+06 1.1809e+06 ZonesAtSurface
4325.65 3175 529.422 0 0 2 1 800830 36.7769 62669.8 2.12748 2.91569e+06 800830 ZonesAtSurface
4375.67 3175 489.454 0 0 1 1 646930 38.901 128616 1.9246 3.30913e+06 646930 ZonesAtSurface
4425.67 3175 499.483 0 1 0 0 1.20451e+06 40.5568 140260 3.50955 2.08084e+06 1.20451e+06 ZonesAtSurface
4475.68 3175 409.511 0 0 2 1 662720 18.9724 84658.5 1.19009 2.24716e+06 662720 ZonesAtSurface
4525.68 3175 419.529 0 0 0 0 982954 27.7073 103867 2.59971 1.64735e+06 982954 ZonesAtSurface
4575.69 3175 329.55 2 0 2 1 995330 34.4498 118472 1.71194 2.80509e+06 995330 ZonesAtSurface
4625.61 3175 189.601 7 0 1 3 1.40897e+06 30.9426 121594 1.09067 7.4513e+06 1.40897e+06 ZonesAtSurface
4675.55 3175 149.628 7 0 1 3 1.20382e+06 28.0396 76765.2 1.01639 7.49552e+06 1.20382e+06 ZonesAtSurface
4725.48 3175 109.638 8 0 1 3 538473 33.2729 148752 1.02364 7.85467e+06 538473 ZonesAtSurface
4775.47 3175 119.636 6 0 1 2 853011 40.3593 107265 1.03899 7.3189e+06 853011 ZonesAtSurface
4825.37 3175 79.6339 5 0 1 2 784400 19.8083 134151 1.04334 6.5956e+06 784400 ZonesAtSurface
4875.24 3175 39.6314 4 0 1 2 1.33844e+06 23.2106 126211 1.0348 1.05129e+07 1.33844e+06 ZonesAtSurface
4925.22 3175 99.7491 7 0 0 0 1.46776e+06 40.9056 86103.9 1.6057 7.02587e+06 1.46776e+06 ZonesAtSurface
74.9602 3225 -21.8166 31 0 1 2 949592 36.3173 118980 1.23771 5.79462e+06 949592 ZonesAtSurface
124.829 3225 -46.8499 28 0 1 3 1.0679e+06 28.7979 137432 1.04066 8.20699e+06 1.0679e+06 ZonesAtSurface
174.754 3225 -21.8193 28 0 1 3 802506 37.852 106857 1.2069 3.00304e+06 802506 ZonesAtSurface
224.691 3225 -46.8641 18 0 1 4 547332 29.3007 103102 1.01842 7.21139e+06 547332 ZonesAtSurface
274.611 3225 -21.8584 21 0 1 4 921417 25.631 57521.4 1.02881 4.40682e+06 921417 ZonesAtSurface
324.597 3225 -46.8952 0 0 1 5 988214 32.0928 87765.8 1.41044 1.04917e+07 988214 ZonesAtSurface
374.481 3225 28.1231 9 0 1 4 1.07772e+06 41.2602 112173 1.17454 9.82216e+06 1.07772e+06 ZonesAtSurface
424.38 3225 103.12 10 0 1 3 1.16373e+06 24.5593 70030.7 1.02867 4.70462e+06 1.16373e+06 ZonesAtSurface
474.283 3225 228.107 6 6 2 1 1.1032e+06 24.6479 90477.6 1.65343 2.17155e+06 1.1032e+06 ZonesAtSurface
524.269 3225 303.1 0 10 0 0 1.43826e+06 37.3339 110696 4.53104 1.25866e+06 1.43826e+06 ZonesAtSurface
574.268 3225 328.091 0 0 0 0 1.29164e+06 20.7757 83922.9 2.40187 1.61791e+06 1.29164e+06 ZonesAtSurface
624.262 3225 353.077 0 0 0 0 1.25708e+06 25.4514 148011 2.14825 2.37966e+06 1.25708e+06 ZonesAtSurface
674.255 3225 378.061 0 0 0 0 1.01935e+06 38.001 122860 3.15811 1.93042e+06 1.01935e+06 ZonesAtSurface
724.252 3225 403.043 0 0 0 0 1.057e+06 18.2224 71353.9 1.93892 1.75688e+06 1.057e+06 ZonesAtSurface
774.251 3225 428.025 0 0 0 0 713072 19.8454 85365.5 1.49907 1.64969e+06 713072 ZonesAtSurface
824.251 3225 453.005 0 0 0 0 968993 16.5881 103037 2.07435 1.40449e+06 968993 ZonesAtSurface
874.254 3225 477.985 0 0 0 0 594244 32.839 109386 2.32212 1.32346e+06 594244 ZonesAtSurface
924.26 3225 502.964 0 0 0 0 1.14148e+06 30.5348 124024 3.76091 1.30503e+06 1.14148e+06 ZonesAtSurface
974.269 3225 527.943 0 0 0 0 681641 28.9062 137944 2.39211 1.23303e+06 681641 ZonesAtSurface
1024.28 3225 552.92 0 0 0 0 1.33288e+06 37.8729 112407 5.89069 1.12964e+06 1.33288e+06 ZonesAtSurface
1074.31 3225 577.896 0 0 0 0 861090 17.9811 75044.4 2.76533 985208 861090 ZonesAtSurface
1124.33 3225 602.869 0 0 0 0 1.1933e+06 42.5017 73021 8.86197 838085 1.1933e+06 ZonesAtSurface
1174.36 3225 627.842 0 0 0 0 1.17061e+06 21.9118 67089.6 5.21482 795069 1.17061e+06 ZonesAtSurface
1224.4 3225 652.814 0 0 0 0 671869 31.6866 134545 5.2352 652301 671869 ZonesAtSurface
1274.43 3225 677.785 0 0 0 0 1.44368e+06 37.1623 131197 10 443827 1.44368e+06 ZonesAtSurface
1324.46 3225 702.762 0 0 0 0 1.13177e+06 40.1408 80468.9 7.05737 814789 1.13177e+06 ZonesAtSurface
1374.48 3225 677.748 0 1 2 1 1.40538e+06 44.7496 142006 4.87309 1.50295e+06 1.40538e+06 ZonesAtSurface
1424.49 3225 652.735 0 0 2 2 760043 41.5018 124951 4.9391 1.28116e+06 760043 ZonesAtSurface
1474.51 3225 627.717 0 0 1 3 1.03675e+06 26.367 69432.3 1.79383 2.62896e+06 1.03675e+06 ZonesAtSurface
1524.59 3225 752.672 0 5 2 1 902768 39.4654 127542 1.88644 2.37775e+06 902768 ZonesAtSurface
1574.65 3225 827.638 0 7 0 0 1.25069e+06 15.5613 117984 3.18006 1.05174e+06 1.25069e+06 ZonesAtSurface
1624.69 3225 852.618 0 9 0 0 1.28405e+06 25.6186 134787 9.62528 426474 1.28405e+06 ZonesAtSurface
1674.7 3225 827.607 0 3 2 1 823987 43.4418 144033 2.50513 1.55224e+06 823987 ZonesAtSurface
1724.72 3225 752.623 3 7 2 3 1.2063e+06 17.9656 111436 1.41707 2.29262e+06 1.2063e+06 ZonesAtSurface
1774.74 3225 677.672 13 0 1 5 652469 35.492 120190 1.13656 2.68708e+06 652469 ZonesAtSurface
1824.77 3225 702.678 2 1 2 5 971110 37.6061 94463.3 1.11321 3.31299e+06 971110 ZonesAtSurface
1874.81 3225 677.7 0 0 1 6 517312 42.3187 76843.6 1.10623 3.66462e+06 517312 ZonesAtSurface
1924.85 3225 702.709 6 0 2 6 989210 28.0208 79981.2 0.998892 3.16032e+06 989210 ZonesAtSurface
1974.89 3225 727.72 0 6 2 6 1.15268e+06 37.5193 102655 1.42853 3.05586e+06 1.15268e+06 ZonesAtSurface
2024.93 3225 690.262 0 6 2 6 1.31758e+06 44.9855 59550.1 1.14384 5.31761e+06 1.31758e+06 ZonesAtSurface
2074.97 3225 590.323 6 0 1 6 524375 35.7203 67855.9 1.02492 4.70786e+06 524375 ZonesAtSurface
2125.01 3225 490.38 0 0 1 6 1.00222e+06 41.8872 91141.4 1.89976 5.82459e+06 1.00222e+06 ZonesAtSurface
2175.04 3224.99 440.425 7 0 1 5 1.36673e+06 40.1634 125240 1.53156 6.03169e+06 1.36673e+06 ZonesAtSurface
2225.06 3224.99 340.456 0 0 0 0 645726 33.552 124600 2.35981 5.3757e+06 645726 ZonesAtSurface
2275.08 3224.99 240.469 0 0 0 0 1.34656e+06 29.8427 98994.2 3.79308 4.38894e+06 1.34656e+06 ZonesAtSurface
2325.04 3223.26 240.469 10 0 0 0 1.23645e+06 42.3999 140507 1.21275 1.92925e+07 1.23645e+06 ZonesAtSurface
2375.1 3224.99 40.4814 0 0 0 0 1.0583e+06 19.7521 148226 1.98647 4.52194e+06 1.0583e+06 ZonesAtSurface
2425.09 3224.4 -9.51802 4 0 0 0 1.45215e+06 25.6095 146712 1.00045 1.1259e+07 1.45215e+06 ZonesAtSurface
2475.09 3224.99 -159.5 0 0 0 0 1.31882e+06 36.4816 77953.8 7.68875 5.55705e+06 1.31882e+06 ZonesAtSurface
2525.05 3224.79 -139.497 10 0 0 0 1.44117e+06 36.63 73735.1 1.44289 2.58451e+07 1.44117e+06 ZonesAtSurface
2575.01 3224.81 -99.4942 9 0 0 0 1.40891e+06 32.4893 103261 2.3591 2.0224e+07 1.40891e+06 ZonesAtSurface
2624.99 3224.99 -109.488 0 0 0 0 1.21866e+06 18.1497 115341 3.24494 4.87352e+06 1.21866e+06 ZonesAtSurface
2674.95 3224.75 -19.4724 10 0 0 0 1.49436e+06 26.8023 135489 1.38182 1.67864e+07 1.49436e+06 ZonesAtSurface
2724.91 3224.97 20.5312 0 0 0 0 855771 43.6052 59464.1 4.47754 6.39399e+06 855771 ZonesAtSurface
2774.88 3224.84 60.5193 6 9 0 0 1.04528e+06 32.8822 58420.7 0 1.54746e+06 1.04528e+06 ZonesAtSurface
2824.87 3224.58 100.505 7 9 0 0 1.28855e+06 31.2039 104683 0 2.44405e+06 1.28855e+06 ZonesAtSurface
2874.86 3225 90.5002 0 0 0 0 1.22616e+06 37.5481 80290.1 10 1.993e+06 1.22616e+06 ZonesAtSurface
2924.85 3225 130.488 0 0 0 0 649405 23.931 139238 9.19047 1.23337e+06 649405 ZonesAtSurface
2974.85 3225 170.477 0 0 0 0 1.09723e+06 30.8468 101014 10 1.22384e+06 1.09723e+06 ZonesAtSurface
3024.86 3225 210.466 0 0 0 0 542591 22.7365 145655 6.81874 1.39778e+06 542591 ZonesAtSurface
3074.86 3224.99 250.452 0 0 0 0 1.1023e+06 28.7026 75394.1 10 1.10831e+06 1.1023e+06 ZonesAtSurface
3124.87 3224.99 290.438 0 0 0 0 594702 20.0083 109917 6.81303 1.16852e+06 594702 ZonesAtSurface
3174.88 3224.99 330.421 0 0 0 0 1.35036e+06 26.5598 73144.4 6.23161 2.25983e+06 1.35036e+06 ZonesAtSurface
3224.91 3224.39 420.403 1 0 0 0 597349 43.6181 117554 1.00033 8.96744e+06 597349 ZonesAtSurface
3274.91 3224.7 460.381 10 2 1 4 720599 32.2412 84533.7 1.18029 4.63164e+06 720599 ZonesAtSurface
3324.91 3225 450.344 0 0 1 5 569515 15.4259 94370.7 1.17129 3.81755e+06 569515 ZonesAtSurface
3374.93 3225 590.286 6 0 1 3 670405 38.2612 149721 1.11154 5.08835e+06 670405 ZonesAtSurface
3424.96 3225 680.22 7 0 2 2 823537 43.2653 66174 1.06268 3.57597e+06 823537 ZonesAtSurface
3475.01 3225 770.173 7 0 2 1 578392 27.5077 72502.3 1.19004 1.80634e+06 578392 ZonesAtSurface
3525.04 3225 810.137 0 8 2 1 895224 28.1583 105637 1.93822 1.55415e+06 895224 ZonesAtSurface
3575.07 3225 850.104 0 0 2 1 753463 24.4842 64541.4 2.55143 954170 753463 ZonesAtSurface
3625.08 3225 840.073 0 0 1 2 776740 21.0927 140780 2.28611 1.35886e+06 776740 ZonesAtSurface
3675.11 3225 880.036 0 6 2 2 680733 40.4796 85742.3 2.99273 1.32893e+06 680733 ZonesAtSurface
3725.12 3225 869.993 20 4 1 3 501843 32.779 113336 1.5726 1.49491e+06 501843 ZonesAtSurface
3775.15 3225 919.966 0 0 2 2 945640 23.4654 113958 3.46672 1.12582e+06 945640 ZonesAtSurface
3825.15 3225 929.973 0 3 2 1 915549 36.2986 122889 5.95289 881011 915549 ZonesAtSurface
3875.15 3225 939.998 10 8 0 0 748063 16.678 138329 3.36389 653827 748063 ZonesAtSurface
3925.23 3225 850.041 0 0 1 1 646016 36.2792 112579 2.64761 1.65889e+06 646016 ZonesAtSurface
3975.25 3225 860.091 0 0 0 0 1.19625e+06 26.1167 100904 2.89475 1.6312e+06 1.19625e+06 ZonesAtSurface
4025.36 3225 770.149 0 0 2 1 1.09672e+06 31.2403 114566 2.33367 2.2835e+06 1.09672e+06 ZonesAtSurface
4075.39 3225 780.201 3 0 0 0 638333 41.6059 68743.6 2.41911 2.0191e+06 638333 ZonesAtSurface
4125.46 3225 740.251 0 10 0 0 1.39812e+06 23.5587 79300.7 1.9495 2.24435e+06 1.39812e+06 ZonesAtSurface
4175.53 3225 700.296 0 8 0 0 1.16799e+06 24.7149 122839 2.02715 1.89434e+06 1.16799e+06 ZonesAtSurface
4225.6 3225 610.349 0 0 1 1 1.34147e+06 33.2719 112656 1.98838 3.41598e+06 1.34147e+06 ZonesAtSurface
4275.63 3225 570.389 0 0 2 1 1.30948e+06 27.1425 83495.1 1.90738 2.6686e+06 1.30948e+06 ZonesAtSurface
4325.64 3225 580.418 4 6 0 0 1.01588e+06 30.712 125858 1.79786 2.30701e+06 1.01588e+06 ZonesAtSurface
4375.67 3225 490.455 0 0 1 1 1.25237e+06 25.2837 88612.1 1.77959 3.19723e+06 1.25237e+06 ZonesAtSurface
4425.68 3225 450.484 0 0 1 1 960954 17.3683 112155 1.32018 2.6234e+06 960954 ZonesAtSurface
4475.68 3225 460.506 4 0 0 0 571269 32.3521 85126.3 2.15777 1.46293e+06 571269 ZonesAtSurface
4525.69 3225 370.531 5 0 2 1 672363 34.5096 73765.8 1.40869 2.88706e+06 672363 ZonesAtSurface
4575.69 3225 380.541 0 5 0 0 1.12336e+06 30.7656 106059 5.20184 876049 1.12336e+06 ZonesAtSurface
4625.56 3225 140.602 0 0 1 4 645324 17.2848 55352.5 1.11747 5.41895e+06 645324 ZonesAtSurface
4675.5 3225 100.617 0 0 1 4 1.38761e+06 23.8955 92767.1 1.07199 9.12826e+06 1.38761e+06 ZonesAtSurface
4725.48 3225 110.638 0 0 1 3 806780 26.7061 105645 1.03418 5.71133e+06 806780 ZonesAtSurface
4775.4 3225 70.6263 2 0 1 3 645027 34.5029 50535.1 1.01759 9.20281e+06 645027 ZonesAtSurface
4825.3 3225 30.6111 10 0 1 3 855999 20.1442 139311 1.03741 1.02374e+07 855999 ZonesAtSurface
4875.23 3225 40.6348 14 0 1 2 1.05712e+06 28.6589 131623 1.03655 1.21645e+07 1.05712e+06 ZonesAtSurface
4925.14 3225 50.6821 19 0 1 1 1.03287e+06 17.9926 131897 1.07573 6.9123e+06 1.03287e+06 ZonesAtSurface
74.9578 3275 -20.8155 35 0 1 2 708246 19.1555 92770.8 1.15774 3.5512e+06 708246 ZonesAtSurface
124.828 3275 -45.851 24 0 1 3 1.49841e+06 33.7555 111821 1.03708 9.5938e+06 1.49841e+06 ZonesAtSurface
174.75 3275 -20.8224 37 0 1 3 511659 29.2045 135886 1.14645 2.69325e+06 511659 ZonesAtSurface
224.69 3275 -45.867 10 0 1 4 1.3036e+06 44.4024 112309 1.02172 1.16855e+07 1.3036e+06 ZonesAtSurface
274.61 3275 -20.8616 17 0 1 4 1.29353e+06 32.0541 126664 1.01156 6.90922e+06 1.29353e+06 ZonesAtSurface
324.597 3275 -45.8948 0 0 1 5 1.30601e+06 40.5343 137222 2.07665 1.0363e+07 1.30601e+06 ZonesAtSurface
374.54 3275 -20.8936 0 0 1 5 749196 38.4827 70194.3 1.7552 9.3447e+06 749196 ZonesAtSurface
424.441 3275 54.1154 0 0 1 4 514117 41.2792 53568.9 1.41128 8.60534e+06 514117 ZonesAtSurface
474.356 3275 129.113 5 0 1 3 849119 35.1474 76129.3 1.04861 6.30826e+06 849119 ZonesAtSurface
524.275 3275 254.099 0 7 1 1 1.15087e+06 38.9135 73632.5 1.72092 2.99674e+06 1.15087e+06 ZonesAtSurface
574.267 3275 329.09 0 6 0 0 911471 43.1497 144527 6.83097 810427 911471 ZonesAtSurface
624.263 3275 304.075 6 0 1 1 944260 18.0321 139262 1.19889 3.20732e+06 944260 ZonesAtSurface
674.252 3275 379.058 0 0 0 0 1.4699e+06 34.1176 61579.6 4.04438 1.69665e+06 1.4699e+06 ZonesAtSurface
724.251 3275 404.042 0 0 0 0 981579 33.396 117381 3.01851 1.63767e+06 981579 ZonesAtSurface
774.25 3275 429.024 0 0 0 0 1.39626e+06 16.1307 75423.2 2.50855 1.62077e+06 1.39626e+06 ZonesAtSurface
824.251 3275 454.005 0 0 0 0 522891 36.0999 72621.6 2.26869 1.40236e+06 522891 ZonesAtSurface
874.253 3275 478.984 0 0 0 0 1.48156e+06 36.9494 139221 5.34627 1.32416e+06 1.48156e+06 ZonesAtSurface
924.259 3275 503.964 0 0 0 0 1.28355e+06 44.8265 128728 6.17729 1.32433e+06 1.28355e+06 ZonesAtSurface
974.269 3275 528.942 0 0 0 0 1.49503e+06 34.0798 76425.4 5.20452 1.2708e+06 1.49503e+06 ZonesAtSurface
1024.28 3275 553.92 0 0 0 0 977772 32.4541 93243.7 3.86721 1.15767e+06 977772 ZonesAtSurface
1074.31 3275 578.895 0 0 0 0 694436 44.9471 107940 4.9855 1.01408e+06 694436 ZonesAtSurface
1124.33 3275 603.869 0 0 0 0 1.269e+06 31.0401 131534 6.42867 840328 1.269e+06 ZonesAtSurface
1174.36 3275 628.841 0 0 0 0 1.06828e+06 37.3974 103534 7.48001 785006 1.06828e+06 ZonesAtSurface
1224.4 3275 653.812 0 0 0 0 1.4181e+06 20.2901 102539 7.24834 634221 1.4181e+06 ZonesAtSurface
1274.43 3275 678.783 0 0 0 0 1.36476e+06 18.6484 126452 10 402697 1.36476e+06 ZonesAtSurface
1324.46 3275 703.759 0 0 0 0 943132 21.2851 99708.6 3.65096 818751 943132 ZonesAtSurface
1374.48 3275 678.745 0 3 2 1 1.38878e+06 26.2816 71590.3 2.93992 1.56875e+06 1.38878e+06 ZonesAtSurface
1424.49 3275 653.733 0 0 2 2 841082 39.1741 74672 4.72238 1.37069e+06 841082 ZonesAtSurface
1474.53 3275 678.709 0 0 2 2 705490 34.8147 132938 1.96247 1.76499e+06 705490 ZonesAtSurface
1524.57 3275 703.678 0 0 1 2 1.09269e+06 41.702 131977 2.18923 2.82301e+06 1.09269e+06 ZonesAtSurface
1574.65 3275 828.639 5 9 0 0 502444 30.8512 128777 2.27955 1.11648e+06 502444 ZonesAtSurface
1624.69 3275 853.618 0 8 0 0 1.35211e+06 36.1501 61736.6 7.96342 697453 1.35211e+06 ZonesAtSurface
1674.69 3275 778.614 0 7 1 2 903305 43.5793 70558.4 2.91841 2.55421e+06 903305 ZonesAtSurface
1724.72 3275 753.619 0 8 2 3 1.43633e+06 41.0582 71604.8 1.51341 4.05264e+06 1.43633e+06 ZonesAtSurface
1774.74 3275 678.668 12 0 1 5 852799 40.3103 67055.8 1.08912 4.10607e+06 852799 ZonesAtSurface
1824.77 3275 703.676 0 2 2 5 1.25877e+06 29.7842 92861.5 1.17585 3.61515e+06 1.25877e+06 ZonesAtSurface
1874.81 3275 678.701 0 0 2 6 1.30507e+06 17.0507 55745.7 1.20397 3.3998e+06 1.30507e+06 ZonesAtSurface
1924.84 3275 703.708 0 5 2 6 1.20699e+06 38.6196 124822 1.11631 4.13762e+06 1.20699e+06 ZonesAtSurface
1974.89 3275 728.72 1 6 2 6 694308 32.5027 137053 0.99839 2.22619e+06 694308 ZonesAtSurface
2024.94 3275 691.262 6 0 2 6 505457 20.4445 79608.7 1.00482 1.7922e+06 505457 ZonesAtSurface
2074.97 3275 591.322 6 0 1 6 625788 34.8786 98443.5 1.04173 5.32609e+06 625788 ZonesAtSurface
2125 3274.99 541.373 7 0 1 5 981864 24.0677 145699 1.0336 3.92135e+06 981864 ZonesAtSurface
2175.02 3274.99 441.419 2 0 1 5 668784 41.7939 118557 2.19983 6.01566e+06 668784 ZonesAtSurface
2225.05 3274.98 341.45 2 0 0 0 818771 24.6864 119508 1.40054 5.56726e+06 818771 ZonesAtSurface
2275.08 3274.99 241.467 0 0 0 0 560803 22.4612 92465.3 2.50351 3.15817e+06 560803 ZonesAtSurface
2325.1 3274.99 141.476 0 0 0 0 1.0223e+06 40.3197 113758 10 1.753e+06 1.0223e+06 ZonesAtSurface
2375.11 3275 41.4852 0 0 0 0 1.06494e+06 36.4431 147599 9.57605 1.98892e+06 1.06494e+06 ZonesAtSurface
2425.1 3274.55 -8.51092 10 9 0 0 525842 29.9889 74428.1 10 0 525842 ZonesAtSurface
2475.08 3274.73 -108.501 9 9 0 0 1.26654e+06 40.0902 141847 4.40648 1.13084e+06 1.26654e+06 ZonesAtSurface
2525.05 3274.86 -138.494 10 8 0 0 673769 39.6369 140434 1.79762 1.4923e+06 673769 ZonesAtSurface
2575.01 3274.75 -98.4894 10 0 0 0 1.21516e+06 31.0657 118703 2.10942 1.10747e+07 1.21516e+06 ZonesAtSurface
2624.98 3274.99 -108.48 0 0 0 0 1.41221e+06 33.1089 131560 4.90323 5.50835e+06 1.41221e+06 ZonesAtSurface
2674.94 3274.73 -18.4707 9 0 0 0 726914 34.1401 94588.7 1.37516 1.16168e+07 726914 ZonesAtSurface
2724.9 3274.98 21.5271 2 0 0 0 954714 42.5465 102396 3.33514 5.40655e+06 954714 ZonesAtSurface
2774.89 3274.97 61.5142 5 0 0 0 699325 36.1415 70920.9 2.16081 5.22331e+06 699325 ZonesAtSurface
2824.87 3274.84 101.506 8 9 0 0 694032 33.9512 123038 1.11599 2.30097e+06 694032 ZonesAtSurface
2874.85 3274.71 141.501 9 10 0 0 1.20192e+06 28.1538 140176 0 887489 1.20192e+06 ZonesAtSurface
2924.85 3274.7 181.488 5 10 0 0 734045 27.6417 124649 0.554375 5.42533e+06 734045 ZonesAtSurface
2974.86 3274.69 221.473 5 10 0 0 578507 44.2532 58562.2 0.653694 5.27182e+06 578507 ZonesAtSurface
3024.87 3274.54 261.459 7 10 0 0 1.44116e+06 24.0974 51155.2 0 4.60696e+06 1.44116e+06 ZonesAtSurface
3074.87 3274.39 301.447 7 0 0 0 1.02087e+06 26.1266 123085 1.00054 6.80502e+06 1.02087e+06 ZonesAtSurface
3124.88 3274.39 341.434 10 0 0 0 714667 42.2535 77800 1.00038 5.83596e+06 714667 ZonesAtSurface
3174.88 3274.99 331.419 0 0 0 0 1.31407e+06 40.2784 62190.3 7.98959 3.33115e+06 1.31407e+06 ZonesAtSurface
3224.89 3274.99 371.396 0 0 0 0 1.13276e+06 41.7016 80220.3 5.71327 4.08941e+06 1.13276e+06 ZonesAtSurface
3274.91 3274.99 411.371 2 0 1 5 1.06175e+06 16.5492 53193.2 1.75441 3.6504e+06 1.06175e+06 ZonesAtSurface
3324.92 3275 451.343 0 0 1 5 929496 41.8367 85135.7 6.01831 3.48946e+06 929496 ZonesAtSurface
3374.93 3275 541.298 5 0 1 4 759801 40.6908 56524.7 1.36809 5.97469e+06 759801 ZonesAtSurface
3424.96 3275 681.22 0 6 2 2 1.39116e+06 34.3082 129079 1.3327 3.97095e+06 1.39116e+06 ZonesAtSurface
3475.01 3275 771.174 9 7 2 1 876369 23.2949 116682 1.34793 1.94862e+06 876369 ZonesAtSurface
3525.01 3275 761.143 0 5 2 2 1.43677e+06 38.1918 98785.2 2.23762 3.03294e+06 1.43677e+06 ZonesAtSurface
3575.07 3275 851.103 0 3 2 1 1.41063e+06 41.8168 78218 7.93559 897570 1.41063e+06 ZonesAtSurface
3625.11 3275 891.069 0 8 2 1 849388 36.049 149060 8.78646 452280 849388 ZonesAtSurface
3675.11 3275 881.032 0 4 2 2 1.32605e+06 21.1892 139196 2.49609 1.68405e+06 1.32605e+06 ZonesAtSurface
3725.12 3275 870.991 5 0 1 3 1.05778e+06 22.7837 51610.7 1.61545 2.39657e+06 1.05778e+06 ZonesAtSurface
3775.15 3275 920.965 5 0 2 2 593165 30.7733 144008 2.94941 1.19093e+06 593165 ZonesAtSurface
3825.17 3275 880.97 0 0 2 2 1.42846e+06 19.5444 144207 7.58556 731483 1.42846e+06 ZonesAtSurface
3875.18 3275 890.999 0 0 1 1 1.11201e+06 37.8328 82908.7 6.23153 992380 1.11201e+06 ZonesAtSurface
3925.23 3275 851.043 0 0 1 1 545102 34.1799 63002.4 2.41265 1.5927e+06 545102 ZonesAtSurface
3975.29 3275 811.095 0 0 1 1 670132 36.1597 141060 2.36251 1.7737e+06 670132 ZonesAtSurface
4025.32 3275 821.147 0 0 0 0 1.109e+06 35.1227 64793 2.4043 2.38942e+06 1.109e+06 ZonesAtSurface
4075.43 3275 731.203 0 0 1 1 1.02575e+06 17.0884 84744.4 1.52894 2.35247e+06 1.02575e+06 ZonesAtSurface
4125.52 3275 641.262 0 0 1 2 1.38996e+06 27.6701 117501 1.78655 3.66459e+06 1.38996e+06 ZonesAtSurface
4175.55 3275 651.303 0 0 2 1 1.2879e+06 31.301 138826 2.35796 2.63959e+06 1.2879e+06 ZonesAtSurface
4225.61 3275 561.354 0 0 1 2 1.2054e+06 42.3257 62291.4 3.13165 3.74604e+06 1.2054e+06 ZonesAtSurface
4275.63 3275 571.388 0 0 2 1 975586 29.6998 119555 1.71112 2.63328e+06 975586 ZonesAtSurface
4325.65 3275 531.422 0 0 1 1 1.46439e+06 20.6934 87745.4 1.69775 3.18949e+06 1.46439e+06 ZonesAtSurface
4375.66 3275 541.452 0 10 0 0 987582 34.2229 90165.9 2.14049 2.15372e+06 987582 ZonesAtSurface
4425.67 3275 501.479 8 0 0 0 726358 32.9039 66161 1.7172 2.24525e+06 726358 ZonesAtSurface
4475.68 3275 461.503 0 0 0 0 1.01185e+06 32.2606 149539 2.66269 1.55801e+06 1.01185e+06 ZonesAtSurface
4525.69 3275 421.523 0 3 0 0 907464 27.3147 61922.2 3.6328 1.02761e+06 907464 ZonesAtSurface
4575.64 3275 231.574 6 0 1 3 573604 39.6431 75204 1.30215 6.02491e+06 573604 ZonesAtSurface
4625.56 3275 141.601 0 0 1 4 721961 44.9958 96950.8 2.14339 9.03682e+06 721961 ZonesAtSurface
4675.5 3275 101.617 3 0 1 4 513973 34.5506 122405 1.15047 9.62679e+06 513973 ZonesAtSurface
4725.43 3275 61.6188 3 0 1 4 1.31272e+06 27.1065 83111.6 1.05153 9.93173e+06 1.31272e+06 ZonesAtSurface
4775.34 3275 21.6074 0 0 1 4 1.41769e+06 27.4595 94142 1.46145 1.12863e+07 1.41769e+06 ZonesAtSurface
4825.29 3275 31.6189 14 0 1 3 694131 21.7222 104571 1.03757 9.81689e+06 694131 ZonesAtSurface
4875.22 3275 41.6473 23 0 1 2 856295 15.2157 75195.1 1.04768 6.27042e+06 856295 ZonesAtSurface
4925.13 3275 51.6829 30 0 1 1 969046 36.1776 133240 1.08364 1.22026e+07 969046 ZonesAtSurface
74.963 3325 -19.8168 33 0 1 2 1.13897e+06 20.0636 115456 1.14592 4.40115e+06 1.13897e+06 ZonesAtSurface
124.832 3325 -44.8469 33 0 1 3 897834 15.7708 89376.1 1.07785 4.644e+06 897834 ZonesAtSurface
174.757 3325 -19.8156 38 0 1 3 538491 30.1772 83438.9 1.20783 2.16429e+06 538491 ZonesAtSurface
224.688 3325 -44.8667 17 0 1 4 1.31488e+06 28.542 125470 1.01008 7.79828e+06 1.31488e+06 ZonesAtSurface
274.607 3325 -19.8619 19 0 1 4 739545 25.4283 94301.6 1.00955 5.45709e+06 739545 ZonesAtSurface
324.54 3325 5.13217 9 0 1 4 1.28516e+06 42.1361 69056 1.0089 9.04617e+06 1.28516e+06 ZonesAtSurface
374.485 3325 30.1251 7 0 1 4 1.16194e+06 38.6487 50103.6 1.02208 9.69984e+06 1.16194e+06 ZonesAtSurface
424.381 3325 105.121 9 0 1 3 1.11108e+06 20.9386 70499.3 1.06818 3.77676e+06 1.11108e+06 ZonesAtSurface
474.402 3325 80.1067 0 0 1 4 1.03791e+06 28.1646 74039.6 1.30289 7.41781e+06 1.03791e+06 ZonesAtSurface
524.296 3325 205.1 0 0 1 2 1.32389e+06 43.2654 146720 1.81025 4.85809e+06 1.32389e+06 ZonesAtSurface
574.269 3325 280.088 0 0 2 1 1.21611e+06 17.6431 109553 1.41983 2.63191e+06 1.21611e+06 ZonesAtSurface
624.262 3325 305.074 0 0 1 1 1.47455e+06 31.3199 75537.7 2.6625 3.22225e+06 1.47455e+06 ZonesAtSurface
674.251 3325 380.057 0 0 0 0 1.11603e+06 38.1363 57851.4 4.0876 1.5043e+06 1.11603e+06 ZonesAtSurface
724.251 3325 405.042 0 0 0 0 1.14994e+06 39.077 131067 4.14796 1.59977e+06 1.14994e+06 ZonesAtSurface
774.25 3325 430.024 0 0 0 0 1.05697e+06 37.158 134040 3.50834 1.60701e+06 1.05697e+06 ZonesAtSurface
824.251 3325 455.004 0 0 0 0 1.3302e+06 42.9338 98529.6 5.69901 1.37622e+06 1.3302e+06 ZonesAtSurface
874.253 3325 479.984 0 0 0 0 1.48384e+06 37.2735 128694 5.38537 1.32881e+06 1.48384e+06 ZonesAtSurface
924.259 3325 504.964 0 0 0 0 1.11361e+06 29.5625 75172 3.50693 1.34116e+06 1.11361e+06 ZonesAtSurface
974.269 3325 529.942 0 0 0 0 859298 34.4123 88561.4 3.37502 1.27561e+06 859298 ZonesAtSurface
1024.28 3325 554.92 0 0 0 0 1.49721e+06 20.4903 71786.7 4.07078 1.17173e+06 1.49721e+06 ZonesAtSurface
1074.31 3325 579.895 0 0 0 0 843664 27.0514 87697.9 3.25292 1.02742e+06 843664 ZonesAtSurface
1124.33 3325 604.868 0 0 0 0 517489 17.8811 139391 2.09809 839100 517489 ZonesAtSurface
1174.36 3325 629.841 0 0 0 0 624673 31.3595 51434.5 4.33244 770387 624673 ZonesAtSurface
1224.4 3325 654.811 0 0 0 0 508911 33.1079 71312.1 5.01872 606649 508911 ZonesAtSurface
1274.43 3325 679.782 0 0 0 0 779880 31.1367 115424 10 282283 779880 ZonesAtSurface
1324.46 3325 704.758 0 0 0 0 1.10227e+06 20.6058 90219.6 3.93805 863821 1.10227e+06 ZonesAtSurface
1374.48 3325 679.744 0 3 2 1 1.23741e+06 19.6828 54284.2 2.25 1.62215e+06 1.23741e+06 ZonesAtSurface
1424.49 3325 654.734 0 0 2 2 763357 25.9377 118542 3.2257 1.07844e+06 763357 ZonesAtSurface
1474.53 3325 679.712 0 4 2 2 923967 27.2546 106092 1.96935 1.84277e+06 923967 ZonesAtSurface
1524.59 3325 754.674 2 9 2 1 1.00313e+06 22.4053 58465 1.2218 2.51815e+06 1.00313e+06 ZonesAtSurface
1574.63 3325 779.642 2 0 2 1 666489 26.6818 52859.5 1.38237 1.98799e+06 666489 ZonesAtSurface
1624.68 3325 854.616 0 3 0 0 1.12583e+06 41.763 62838.1 8.93273 728601 1.12583e+06 ZonesAtSurface
1674.7 3325 829.606 0 0 2 1 1.10375e+06 17.7052 52029.9 2.19502 1.6938e+06 1.10375e+06 ZonesAtSurface
1724.73 3325 804.603 3 7 2 2 773674 43.6187 108681 1.19142 2.72901e+06 773674 ZonesAtSurface
1774.74 3325 679.661 0 0 1 5 823702 32.4452 134144 1.03413 4.05197e+06 823702 ZonesAtSurface
1824.77 3325 754.665 8 10 2 4 638553 44.3952 67675.6 2.16363 1.54554e+06 638553 ZonesAtSurface
1874.81 3325 679.701 0 0 1 6 905182 40.5341 128161 1.20241 4.6519e+06 905182 ZonesAtSurface
1924.85 3325 704.707 1 6 2 6 1.37272e+06 35.0036 136669 1.12847 4.36883e+06 1.37272e+06 ZonesAtSurface
1974.89 3325 729.72 0 6 2 6 629417 41.6939 59849.9 1.13927 2.27643e+06 629417 ZonesAtSurface
2024.94 3325 692.262 0 6 2 6 1.30453e+06 26.9564 138507 1.11363 3.63529e+06 1.30453e+06 ZonesAtSurface
2074.97 3325 642.311 9 7 1 5 1.14939e+06 37.3519 58180.6 1.0824 4.30788e+06 1.14939e+06 ZonesAtSurface
2124.99 3325 542.37 4 0 1 5 1.29021e+06 29.8816 120175 1.04753 5.13094e+06 1.29021e+06 ZonesAtSurface
2175.02 3324.99 442.416 0 0 1 5 627029 39.3182 124494 4.01277 3.91333e+06 627029 ZonesAtSurface
2225.05 3324.99 342.448 0 0 0 0 1.22887e+06 36.3565 137876 5.65346 2.8945e+06 1.22887e+06 ZonesAtSurface
2275.08 3325 242.468 0 0 0 0 814043 18.9759 139370 3.94742 1.79568e+06 814043 ZonesAtSurface
2325.08 3324.4 192.476 10 0 0 0 1.34612e+06 24.5766 52876.2 1.00009 1.09067e+07 1.34612e+06 ZonesAtSurface
2375.09 3324.53 92.4826 10 9 0 0 852056 31.2026 87815.1 3.53757 915060 852056 ZonesAtSurface
2425.08 3324.8 -7.51512 10 8 0 0 1.49649e+06 24.3344 110046 1.1919 4.57194e+06 1.49649e+06 ZonesAtSurface
2475.08 3324.95 -107.511 1 0 0 0 801171 34.035 88619.7 2.1805 1.50407e+07 801171 ZonesAtSurface
2525.06 3324.95 -137.501 0 0 0 0 1.42033e+06 29.4186 61769 2.99772 1.06754e+07 1.42033e+06 ZonesAtSurface
2575.02 3324.85 -97.4873 6 8 0 0 1.25175e+06 31.4247 76510.3 1.33568 3.37451e+06 1.25175e+06 ZonesAtSurface
2624.98 3324.73 -57.4753 6 10 0 0 647448 27.6861 131077 0.418577 6.19365e+06 647448 ZonesAtSurface
2674.93 3324.85 -17.4712 9 9 0 0 805019 40.3288 69567.4 1.85807 2.12494e+06 805019 ZonesAtSurface
2724.9 3324.99 22.528 0 0 0 0 1.36512e+06 31.8067 59804.9 4.90564 3.7363e+06 1.36512e+06 ZonesAtSurface
2774.88 3324.98 62.521 0 0 0 0 706079 37.9297 131503 7.50679 2.85116e+06 706079 ZonesAtSurface
2824.87 3324.98 102.511 0 0 0 0 598161 39.1718 55579.7 6.44241 3.8627e+06 598161 ZonesAtSurface
2874.85 3324.97 142.501 2 0 0 0 1.33377e+06 24.377 60459.5 1.78681 6.32548e+06 1.33377e+06 ZonesAtSurface
2924.85 3324.95 182.484 6 0 0 0 555722 29.2623 109213 1.19685 6.69931e+06 555722 ZonesAtSurface
2974.86 3324.86 222.469 10 0 0 0 1.46024e+06 37.8507 123179 3.00825 2.77829e+07 1.46024e+06 ZonesAtSurface
3024.88 3324.6 262.459 10 0 0 0 1.04429e+06 18.9212 117581 1.35858 1.6943e+07 1.04429e+06 ZonesAtSurface
3074.86 3324.99 252.45 0 0 0 0 1.26003e+06 40.0924 134548 10 2.82576e+06 1.26003e+06 ZonesAtSurface
3124.89 3324.39 342.42 8 0 0 0 671699 21.0751 119582 1.00009 4.39921e+06 671699 ZonesAtSurface
3174.88 3324.99 332.415 0 0 0 0 1.33861e+06 17.1289 132537 2.66515 3.14066e+06 1.33861e+06 ZonesAtSurface
3224.9 3324.99 372.393 0 0 0 0 872203 37.4987 64849.8 6.60323 3.18844e+06 872203 ZonesAtSurface
3274.91 3324.99 412.369 0 0 1 5 937828 32.0097 116810 6.15725 2.38543e+06 937828 ZonesAtSurface
3324.92 3324.99 502.345 9 0 1 4 910537 28.6741 78780.1 1.49642 3.24903e+06 910537 ZonesAtSurface
3374.93 3325 492.306 5 0 1 5 701933 16.1465 93266.2 1.01588 4.18219e+06 701933 ZonesAtSurface
3424.95 3325 632.237 9 0 1 3 1.46905e+06 20.2777 78396.6 1.01936 4.78614e+06 1.46905e+06 ZonesAtSurface
3474.99 3325 722.184 5 0 2 2 503617 24.4996 106842 1.04188 2.29377e+06 503617 ZonesAtSurface
3525.01 3325 762.145 7 8 2 2 1.11144e+06 33.6939 68676.5 1.53852 3.0197e+06 1.11144e+06 ZonesAtSurface
3575.05 3325 802.107 0 0 2 2 551848 36.7624 72728.3 1.41548 2.34625e+06 551848 ZonesAtSurface
3625.08 3325 842.068 0 0 2 2 1.06214e+06 37.5226 68233.7 2.58683 2.0217e+06 1.06214e+06 ZonesAtSurface
3675.11 3325 882.028 0 3 2 2 1.36863e+06 28.9443 104779 2.67695 2.05121e+06 1.36863e+06 ZonesAtSurface
3725.13 3325 921.987 10 8 2 2 768403 24.9227 149337 1.51193 1.80085e+06 768403 ZonesAtSurface
3775.15 3325 921.963 0 2 2 2 981056 21.3016 112953 4.33181 832029 981056 ZonesAtSurface
3825.17 3325 881.968 10 0 1 2 687419 16.5597 73337.9 3.371 898973 687419 ZonesAtSurface
3875.18 3325 891.997 0 0 1 1 1.0149e+06 16.4916 119642 2.44824 1.28096e+06 1.0149e+06 ZonesAtSurface
3925.23 3325 852.043 7 0 2 1 751564 26.0825 65963.4 1.99585 1.6236e+06 751564 ZonesAtSurface
3975.24 3325 862.096 0 6 0 0 1.15797e+06 40.2829 51762.7 4.55804 1.3573e+06 1.15797e+06 ZonesAtSurface
4025.37 3325 772.151 0 0 1 1 941190 35.538 132759 2.59109 2.14713e+06 941190 ZonesAtSurface
4075.39 3325 782.201 10 0 0 0 918202 21.0308 130636 1.41404 2.13508e+06 918202 ZonesAtSurface
4125.5 3325 692.256 0 0 1 1 1.28135e+06 38.7377 64944.6 3.26049 2.66113e+06 1.28135e+06 ZonesAtSurface
4175.52 3325 702.3 0 9 0 0 1.18063e+06 17.6105 69499.6 2.95683 1.17061e+06 1.18063e+06 ZonesAtSurface
4225.6 3325 612.346 0 0 1 1 1.0455e+06 36.4131 91155.3 2.25039 3.04316e+06 1.0455e+06 ZonesAtSurface
4275.61 3325 622.383 0 10 0 0 1.28614e+06 39.1041 145301 3.51842 1.76597e+06 1.28614e+06 ZonesAtSurface
4325.65 3325 532.423 0 0 1 1 1.47845e+06 21.3251 128688 1.58141 3.35515e+06 1.47845e+06 ZonesAtSurface
4375.66 3325 542.453 0 0 0 0 849724 40.1626 147567 2.70192 2.02566e+06 849724 ZonesAtSurface
4425.67 3325 502.479 0 0 0 0 964016 44.267 79473.1 2.84776 2.07074e+06 964016 ZonesAtSurface
4475.68 3325 462.503 0 0 0 0 1.47854e+06 44.5004 63243.9 5.08382 1.72895e+06 1.47854e+06 ZonesAtSurface
4525.69 3325 422.523 0 0 0 0 1.34545e+06 23.8426 98217.8 3.99981 1.14926e+06 1.34545e+06 ZonesAtSurface
4575.64 3325 232.576 5 0 1 3 607452 35.4146 90987.5 1.26025 6.12264e+06 607452 ZonesAtSurface
4625.56 3325 142.601 0 0 1 4 876165 19.094 117243 1.05033 6.30399e+06 876165 ZonesAtSurface
4675.56 3325 152.625 4 0 1 3 838336 22.3576 113591 1.04372 4.01699e+06 838336 ZonesAtSurface
4725.43 3325 62.6184 2 0 1 4 1.13214e+06 24.4907 107751 1.00773 7.99961e+06 1.13214e+06 ZonesAtSurface
4775.34 3325 22.609 6 0 1 4 875098 26.535 141201 1.16201 1.19451e+07 875098 ZonesAtSurface
4825.28 3325 32.6244 8 0 1 3 719021 39.9723 81923.5 1.16398 1.32772e+07 719021 ZonesAtSurface
4875.22 3325 42.6538 9 0 1 2 1.01001e+06 31.1332 119331 1.01454 1.07777e+07 1.01001e+06 ZonesAtSurface
4925.13 3325 52.6806 43 0 1 1 816678 27.4125 76073.3 1.1121 1.07776e+07 816678 ZonesAtSurface
74.966 3375 -18.8222 27 0 1 2 997263 33.2681 123277 1.20165 5.43119e+06 997263 ZonesAtSurface
124.837 3375 -43.8453 22 0 1 3 730955 44.1594 112104 1.10161 9.76455e+06 730955 ZonesAtSurface
174.764 3375 -18.8118 39 0 1 3 555364 20.058 143718 1.20949 1.82686e+06 555364 ZonesAtSurface
224.689 3375 -43.8642 17 0 1 4 646947 32.9275 107511 1.00831 6.56304e+06 646947 ZonesAtSurface
274.609 3375 -18.8585 26 0 1 4 1.31199e+06 16.5397 111193 1.00665 5.06649e+06 1.31199e+06 ZonesAtSurface
324.596 3375 -43.8953 0 0 1 5 1.45568e+06 26.5349 109279 1.13626 1.02191e+07 1.45568e+06 ZonesAtSurface
374.482 3375 31.1236 2 0 1 4 1.41731e+06 44.1309 92368.1 1.47507 1.03516e+07 1.41731e+06 ZonesAtSurface
424.376 3375 106.117 10 0 1 3 1.12656e+06 28.2648 75716.1 1.07887 4.45504e+06 1.12656e+06 ZonesAtSurface
474.307 3375 181.11 7 0 1 2 1.27375e+06 19.6682 111357 1.07361 3.80742e+06 1.27375e+06 ZonesAtSurface
524.295 3375 206.1 5 0 1 2 1.12133e+06 15.8523 64003.1 1.02678 3.506e+06 1.12133e+06 ZonesAtSurface
574.268 3375 281.087 0 0 1 1 1.09847e+06 33.5419 57694.9 2.1499 2.8032e+06 1.09847e+06 ZonesAtSurface
624.257 3375 356.073 0 0 0 0 1.48427e+06 32.5044 101965 3.94039 1.90663e+06 1.48427e+06 ZonesAtSurface
674.253 3375 381.059 0 0 0 0 1.09889e+06 34.878 110582 3.32491 1.59422e+06 1.09889e+06 ZonesAtSurface
724.25 3375 406.043 0 0 0 0 584631 23.0341 64280.2 1.45217 1.67251e+06 584631 ZonesAtSurface
774.25 3375 431.024 0 0 0 0 895032 19.8845 72650.6 1.87624 1.60123e+06 895032 ZonesAtSurface
824.251 3375 456.004 0 0 0 0 1.01963e+06 35.9086 140924 3.78629 1.35895e+06 1.01963e+06 ZonesAtSurface
874.253 3375 480.984 0 0 0 0 1.10618e+06 19.0067 119368 2.60806 1.32751e+06 1.10618e+06 ZonesAtSurface
924.259 3375 505.963 0 0 0 0 867288 31.9794 78700.8 3.09558 1.33826e+06 867288 ZonesAtSurface
974.269 3375 530.942 0 0 0 0 1.46518e+06 25.2442 82950.9 4.16982 1.25931e+06 1.46518e+06 ZonesAtSurface
1024.28 3375 555.92 0 0 0 0 963643 44.807 122800 5.77114 1.13645e+06 963643 ZonesAtSurface
1074.31 3375 580.895 0 0 0 0 667648 29.7883 95978.6 3.00675 1.0105e+06 667648 ZonesAtSurface
1124.33 3375 605.868 0 0 0 0 1.30693e+06 40.6897 66135.7 9.00137 817421 1.30693e+06 ZonesAtSurface
1174.36 3375 630.84 0 0 0 0 1.0405e+06 39.5734 53135.7 8.10292 766402 1.0405e+06 ZonesAtSurface
1224.4 3375 655.811 0 0 0 0 1.32046e+06 27.8189 72242.8 8.2749 614008 1.32046e+06 ZonesAtSurface
1274.43 3375 680.782 0 0 0 0 1.26106e+06 35.0668 130520 10 274135 1.26106e+06 ZonesAtSurface
1324.46 3375 705.759 0 0 0 0 1.48899e+06 29.5307 126541 7.58659 746274 1.48899e+06 ZonesAtSurface
1374.48 3375 680.744 1 0 2 1 633039 42.1114 99239.2 2.06816 1.89124e+06 633039 ZonesAtSurface
1424.49 3375 655.735 0 0 2 2 773016 23.3638 121519 2.42061 1.27084e+06 773016 ZonesAtSurface
1474.51 3375 630.72 0 0 2 3 759672 33.3587 65758 3.01956 1.74628e+06 759672 ZonesAtSurface
1524.55 3375 655.692 0 0 1 3 1.48565e+06 29.6202 121639 1.54369 3.93204e+06 1.48565e+06 ZonesAtSurface
1574.64 3375 830.634 0 7 0 0 733381 43.4847 129170 5.78117 841814 733381 ZonesAtSurface
1624.68 3375 855.614 0 3 0 0 837687 30.3909 62862.7 8.51721 457480 837687 ZonesAtSurface
1674.72 3375 880.599 0 5 0 0 533379 35.5762 78651.8 4.01043 573202 533379 ZonesAtSurface
1724.73 3375 805.598 1 2 2 2 1.23754e+06 31.5105 129415 1.19464 3.48636e+06 1.23754e+06 ZonesAtSurface
1774.74 3375 730.64 0 0 2 4 1.3589e+06 41.1074 54001.7 1.04497 5.57091e+06 1.3589e+06 ZonesAtSurface
1824.77 3375 705.67 5 1 2 5 973289 42.8056 123676 1.22209 3.46392e+06 973289 ZonesAtSurface
1874.81 3375 730.685 10 2 2 5 772443 24.6516 112881 1.19969 1.98701e+06 772443 ZonesAtSurface
1924.85 3375 705.707 6 0 2 6 527635 26.7457 124408 1.00858 2.58882e+06 527635 ZonesAtSurface
1974.89 3375 730.722 6 0 2 6 526108 25.01 134694 0.996675 1.46668e+06 526108 ZonesAtSurface
2024.94 3375 693.263 1 4 2 6 984648 24.965 72822 1.00895 2.96877e+06 984648 ZonesAtSurface
2074.97 3375 643.31 7 8 2 5 1.33286e+06 20.2961 145500 1.10883 3.45914e+06 1.33286e+06 ZonesAtSurface
2125 3375 543.371 5 0 1 5 1.42873e+06 31.8034 80040.2 1.0608 5.40007e+06 1.42873e+06 ZonesAtSurface
2175.03 3375 443.419 0 0 1 5 1.13543e+06 28.4188 123568 2.17289 3.95623e+06 1.13543e+06 ZonesAtSurface
2225.06 3375 343.452 0 0 0 0 984154 40.5134 70550.5 7.40447 2.13243e+06 984154 ZonesAtSurface
2275.09 3375 243.471 0 0 0 0 1.28898e+06 22.9213 52731.4 4.24181 1.7909e+06 1.28898e+06 ZonesAtSurface
2325.1 3374.99 143.48 0 0 0 0 989288 34.9347 111959 8.08691 2.82594e+06 989288 ZonesAtSurface
2375.04 3370.33 243.487 10 0 0 0 1.29475e+06 44.904 65723.4 1.64074 1.35625e+07 1.29475e+06 ZonesAtSurface
2425.08 3374.74 -6.51378 10 0 0 0 1.20474e+06 15.0961 133372 1.24434 3.94584e+07 1.20474e+06 ZonesAtSurface
2475.08 3374.8 -106.511 10 0 0 0 884456 38.9911 119413 1.90351 6.83588e+07 884456 ZonesAtSurface
2525.07 3374.88 -136.507 10 0 0 0 559095 41.0633 89492.5 2.90649 3.37556e+07 559095 ZonesAtSurface
2575.03 3374.92 -96.4973 3 0 0 0 715910 18.9885 93764.8 1.08647 1.47522e+07 715910 ZonesAtSurface
2624.98 3374.93 -56.4853 0 0 0 0 503979 42.986 113469 3.01519 1.57575e+07 503979 ZonesAtSurface
2674.95 3374.96 -16.4763 0 0 0 0 604535 37.1378 131217 2.48185 1.32654e+07 604535 ZonesAtSurface
2724.9 3374.98 23.5261 0 0 0 0 1.2116e+06 34.5436 99008.8 4.42824 6.53699e+06 1.2116e+06 ZonesAtSurface
2774.88 3374.97 63.5094 4 0 0 0 1.40737e+06 31.0157 143458 2.50585 9.2585e+06 1.40737e+06 ZonesAtSurface
2824.87 3374.94 103.481 6 0 0 0 789027 22.3459 105556 1.27012 1.54661e+07 789027 ZonesAtSurface
2874.88 3374.91 143.46 8 0 0 0 1.27783e+06 16.7304 110147 1.15279 1.61515e+07 1.27783e+06 ZonesAtSurface
2924.88 3374.83 183.457 5 0 0 0 922894 32.4552 60661.8 2.23617 3.7269e+07 922894 ZonesAtSurface
2974.88 3374.65 223.463 9 0 0 0 1.00664e+06 19.167 92581.7 1.2434 2.92138e+07 1.00664e+06 ZonesAtSurface
3024.87 3374.99 213.458 0 0 0 0 1.19415e+06 42.8128 62943.7 10 4.11388e+06 1.19415e+06 ZonesAtSurface
3074.88 3373.29 353.445 4 0 0 0 826586 39.3639 79500.8 3.85671 8.90187e+06 826586 ZonesAtSurface
3124.9 3373.21 393.42 4 1 0 0 955603 37.9315 135540 3.02098 1.07693e+07 955603 ZonesAtSurface
3174.92 3373.17 433.419 5 0 0 0 798032 40.6029 100526 2.47486 1.04159e+07 798032 ZonesAtSurface
3224.89 3374.99 373.396 0 0 0 0 1.01116e+06 38.4658 85435.7 10 1.85505e+06 1.01116e+06 ZonesAtSurface
3274.9 3375 413.372 0 0 1 5 1.18407e+06 44.7867 63677.5 10 2.18621e+06 1.18407e+06 ZonesAtSurface
3324.92 3375 503.345 9 0 1 4 857258 43.8398 63832 1.2217 4.08953e+06 857258 ZonesAtSurface
3374.93 3375 543.298 4 0 1 4 1.48308e+06 19.4567 62283.8 1.04784 5.25295e+06 1.48308e+06 ZonesAtSurface
3424.95 3375 583.25 0 0 1 4 1.01011e+06 42.8904 99505.7 1.75102 5.68986e+06 1.01011e+06 ZonesAtSurface
3474.99 3375 723.186 6 0 1 2 1.2442e+06 19.653 81099.6 1.14281 3.22842e+06 1.2442e+06 ZonesAtSurface
3525.01 3375 763.147 8 0 1 2 874377 21.84 80544.2 1.23182 2.48076e+06 874377 ZonesAtSurface
3575.07 3375 853.103 0 10 2 1 899192 31.4177 142606 2.43251 1.2666e+06 899192 ZonesAtSurface
3625.08 3375 843.069 2 0 2 2 501824 25.6324 112781 1.51423 1.43546e+06 501824 ZonesAtSurface
3675.08 3375 833.031 13 0 2 3 961759 37.8333 57523.4 1.93229 3.23319e+06 961759 ZonesAtSurface
3725.11 3375 872.984 1 0 2 3 1.04121e+06 15.6962 53295.7 1.40072 2.15464e+06 1.04121e+06 ZonesAtSurface
3775.15 3375 922.961 0 0 1 2 1.03297e+06 27.6013 109754 5.07651 945660 1.03297e+06 ZonesAtSurface
3825.15 3375 932.967 0 8 2 1 963681 18.8117 113056 2.82003 1.14085e+06 963681 ZonesAtSurface
3875.18 3375 892.995 0 0 2 1 551790 23.0356 54209.5 1.79 1.33451e+06 551790 ZonesAtSurface
3925.23 3375 853.042 0 0 1 1 1.40248e+06 25.5302 70737.1 2.63535 2.04791e+06 1.40248e+06 ZonesAtSurface
3975.29 3375 813.098 0 0 1 1 861607 44.0097 53591.6 3.77637 1.88645e+06 861607 ZonesAtSurface
4025.31 3375 823.153 1 10 0 0 930679 43.5423 141935 4.00325 1.58047e+06 930679 ZonesAtSurface
4075.39 3375 783.202 6 1 0 0 872684 16.4423 85374.6 1.69389 1.52818e+06 872684 ZonesAtSurface
4125.46 3375 743.252 0 0 0 0 952092 43.665 78220.4 2.7129 2.43394e+06 952092 ZonesAtSurface
4175.52 3375 703.298 0 0 0 0 1.48207e+06 19.3287 139189 2.72745 1.62486e+06 1.48207e+06 ZonesAtSurface
4225.6 3375 613.345 0 0 2 1 945378 35.8598 136346 1.98318 3.01072e+06 945378 ZonesAtSurface
4275.63 3375 573.386 8 0 1 1 747865 25.0541 86918.9 1.11187 3.01184e+06 747865 ZonesAtSurface
4325.64 3375 583.419 0 0 0 0 1.41403e+06 28.9078 122467 2.10376 2.7549e+06 1.41403e+06 ZonesAtSurface
4375.67 3375 493.456 0 0 1 1 1.15028e+06 42.913 140681 3.45937 2.80304e+06 1.15028e+06 ZonesAtSurface
4425.67 3375 503.48 0 0 0 0 1.37257e+06 37.0973 64686.6 3.49705 1.89425e+06 1.37257e+06 ZonesAtSurface
4475.68 3375 463.503 0 0 0 0 1.18068e+06 36.3764 93718.6 3.03198 1.90177e+06 1.18068e+06 ZonesAtSurface
4525.68 3375 423.526 0 0 0 0 1.19431e+06 17.0906 127376 2.45477 1.47556e+06 1.19431e+06 ZonesAtSurface
4575.69 3374.99 333.554 4 0 2 1 911873 24.1311 84974.7 1.06668 3.06875e+06 911873 ZonesAtSurface
4625.65 3374.99 243.59 8 0 1 2 1.20578e+06 31.9586 121665 1.24111 5.60106e+06 1.20578e+06 ZonesAtSurface
4675.5 3375 103.614 5 0 1 4 534045 31.3354 146550 1.0657 9.16072e+06 534045 ZonesAtSurface
4725.43 3375 63.6163 7 0 1 4 817780 23.6608 95441.2 1.00872 7.79944e+06 817780 ZonesAtSurface
4775.34 3375 23.6087 0 0 1 4 601446 37.1879 100045 1.83002 1.25709e+07 601446 ZonesAtSurface
4825.33 3374.99 83.6765 5 3 2 2 794886 21.8884 83330.2 1.58407 1.53076e+06 794886 ZonesAtSurface
4875.22 3375 43.6536 38 0 1 2 1.06025e+06 16.0165 141704 1.03014 7.11209e+06 1.06025e+06 ZonesAtSurface
4925.13 3375 53.6791 20 0 1 1 1.45172e+06 34.6882 55809.1 1.09927 1.26277e+07 1.45172e+06 ZonesAtSurface
74.9639 3425 -17.8202 36 0 1 2 1.00208e+06 39.1033 130352 1.25001 6.38113e+06 1.00208e+06 ZonesAtSurface
124.836 3425 -42.8457 34 0 1 3 503156 26.5773 148403 1.07336 7.20879e+06 503156 ZonesAtSurface
174.763 3425 -17.8152 38 3 1 3 1.07289e+06 24.5077 126885 1.15467 3.0408e+06 1.07289e+06 ZonesAtSurface
224.691 3425 -42.8635 15 0 1 4 1.44051e+06 33.5333 107094 1.00814 9.28821e+06 1.44051e+06 ZonesAtSurface
274.614 3425 -17.8553 15 0 1 4 1.28222e+06 43.0166 112759 1.03286 6.35666e+06 1.28222e+06 ZonesAtSurface
324.596 3425 -42.894 4 0 1 5 810730 28.5696 92353.6 1.01742 1.00471e+07 810730 ZonesAtSurface
374.539 3425 -17.8936 0 0 1 5 1.49031e+06 33.0111 125883 1.46578 9.282e+06 1.49031e+06 ZonesAtSurface
424.373 3425 107.115 2 0 2 3 1.18237e+06 42.4576 66952.1 1.06167 5.76651e+06 1.18237e+06 ZonesAtSurface
474.275 3425 232.104 2 4 2 1 929397 44.8866 117781 3.07109 1.39526e+06 929397 ZonesAtSurface
524.266 3425 307.098 0 4 0 0 1.07347e+06 19.8773 104878 2.65486 1.17425e+06 1.07347e+06 ZonesAtSurface
574.268 3425 282.087 0 0 1 1 1.02396e+06 38.8175 143562 2.2346 2.94645e+06 1.02396e+06 ZonesAtSurface
624.257 3425 357.072 0 0 0 0 1.48444e+06 38.2445 113355 4.59226 1.65009e+06 1.48444e+06 ZonesAtSurface
674.253 3425 382.059 0 0 0 0 1.00431e+06 34.4074 120528 3.12018 1.71054e+06 1.00431e+06 ZonesAtSurface
724.25 3425 407.042 0 0 0 0 1.0504e+06 36.3321 110883 3.18125 1.71981e+06 1.0504e+06 ZonesAtSurface
774.249 3425 432.023 0 0 0 0 1.11632e+06 38.5394 70332 3.81252 1.58851e+06 1.11632e+06 ZonesAtSurface
824.25 3425 457.003 0 0 0 0 1.19042e+06 27.5026 105332 3.39911 1.35987e+06 1.19042e+06 ZonesAtSurface
874.253 3425 481.983 0 0 0 0 994877 19.1598 59483.6 2.38763 1.33526e+06 994877 ZonesAtSurface
924.259 3425 506.963 0 0 0 0 757815 37.6246 93701.1 3.34896 1.32542e+06 757815 ZonesAtSurface
974.269 3425 531.942 0 0 0 0 545348 35.2176 103848 2.58171 1.24368e+06 545348 ZonesAtSurface
1024.28 3425 556.919 0 0 0 0 1.2402e+06 33.5507 62556.3 5.13027 1.11729e+06 1.2402e+06 ZonesAtSurface
1074.31 3425 581.895 0 0 0 0 1.09699e+06 16.6886 121387 3.31827 976072 1.09699e+06 ZonesAtSurface
1124.33 3425 606.868 0 0 0 0 1.18415e+06 25.4697 71980 5.62029 795594 1.18415e+06 ZonesAtSurface
1174.36 3425 631.84 0 0 0 0 1.34778e+06 26.2327 113463 6.56988 767425 1.34778e+06 ZonesAtSurface
1224.4 3425 656.811 0 0 0 0 627263 44.8481 97819.7 7.67778 615911 627263 ZonesAtSurface
1274.43 3425 681.783 0 0 0 0 717159 22.9761 91757.9 9.94401 282422 717159 ZonesAtSurface
1324.47 3425 706.76 0 0 0 0 1.18196e+06 23.5065 133253 6.06144 639863 1.18196e+06 ZonesAtSurface
1374.48 3425 681.744 0 0 2 1 1.14527e+06 18.5165 112955 1.6745 2.09633e+06 1.14527e+06 ZonesAtSurface
1424.49 3425 656.737 0 0 1 2 1.3186e+06 36.8459 69875.8 3.97187 1.77204e+06 1.3186e+06 ZonesAtSurface
1474.51 3425 631.722 0 0 2 3 1.18179e+06 34.7583 149257 2.85667 2.70499e+06 1.18179e+06 ZonesAtSurface
1524.54 3425 606.711 0 0 1 4 1.17799e+06 27.3331 84184 1.422 3.64032e+06 1.17799e+06 ZonesAtSurface
1574.64 3425 831.631 0 3 0 0 775890 16.9226 108804 5.81682 392249 775890 ZonesAtSurface
1624.68 3425 856.611 0 0 0 0 1.35373e+06 19.7917 105952 10 214206 1.35373e+06 ZonesAtSurface
1674.72 3425 881.595 0 0 0 0 1.30443e+06 38.3629 54240.8 10 477681 1.30443e+06 ZonesAtSurface
1724.74 3425 856.583 0 3 2 1 1.39616e+06 43.4821 124866 3.46462 1.83405e+06 1.39616e+06 ZonesAtSurface
1774.75 3425 731.633 1 0 2 4 542266 30.1171 73468.3 1.05503 2.8582e+06 542266 ZonesAtSurface
1824.78 3425 706.67 4 0 1 5 657781 22.3829 52576.4 1.22302 2.32039e+06 657781 ZonesAtSurface
1874.81 3425 731.682 0 8 2 5 1.33002e+06 18.4921 96048.5 1.56918 2.32103e+06 1.33002e+06 ZonesAtSurface
1924.85 3425 706.708 6 0 2 6 762019 29.9873 118549 1.00228 2.90554e+06 762019 ZonesAtSurface
1974.89 3425 731.725 0 6 2 6 1.21526e+06 24.6229 96764.5 1.1353 3.22601e+06 1.21526e+06 ZonesAtSurface
2024.94 3425 694.263 3 3 2 6 720473 28.9932 110332 1.00541 2.22934e+06 720473 ZonesAtSurface
2074.97 3425 594.321 4 0 1 6 1.35152e+06 31.3262 134939 1.03459 5.78452e+06 1.35152e+06 ZonesAtSurface
2125 3425 544.372 5 0 1 5 1.27814e+06 43.4557 148923 1.04313 5.73056e+06 1.27814e+06 ZonesAtSurface
2175.03 3425 444.422 6 0 1 5 612386 19.6799 95340.3 1.07361 4.21165e+06 612386 ZonesAtSurface
2225.04 3423.1 444.454 8 0 0 0 1.29395e+06 40.4383 92460.3 10 1.37303e+06 1.29395e+06 ZonesAtSurface
2275.09 3424.99 244.471 0 0 0 0 1.47216e+06 31.1142 127391 4.69968 4.00432e+06 1.47216e+06 ZonesAtSurface
2325.09 3424.55 194.48 10 10 0 0 1.0376e+06 34.2157 78240.4 2.32989 2.01118e+06 1.0376e+06 ZonesAtSurface
2375.1 3424.58 94.4857 10 9 0 0 976378 33.7565 72359.3 0 445188 976378 ZonesAtSurface
2425.1 3424.99 -55.5092 0 0 0 0 1.25976e+06 30.6006 123407 5.70816 6.34133e+06 1.25976e+06 ZonesAtSurface
2475.08 3424.99 -155.504 0 0 0 0 1.17954e+06 36.8839 92089.4 7.30932 6.9008e+06 1.17954e+06 ZonesAtSurface
2525.06 3424.73 -135.501 10 0 0 0 871766 26.8592 105422 1.21357 4.26975e+07 871766 ZonesAtSurface
2575.02 3424.81 -95.4956 10 0 0 0 1.20321e+06 22.9049 125936 1.3733 3.62455e+07 1.20321e+06 ZonesAtSurface
2624.98 3424.82 -55.4845 10 0 0 0 608547 26.0474 75359.6 1.42272 3.82126e+07 608547 ZonesAtSurface
2674.95 3424.89 -15.4781 9 0 0 0 1.16875e+06 31.8306 91564.3 2.03241 2.4125e+07 1.16875e+06 ZonesAtSurface
2724.91 3424.97 24.5168 0 0 0 0 1.16849e+06 38.4854 80134.2 3.68653 7.78506e+06 1.16849e+06 ZonesAtSurface
2774.88 3424.96 64.4926 6 0 0 0 1.29968e+06 35.3796 106994 1.72273 7.73362e+06 1.29968e+06 ZonesAtSurface
2824.88 3424.88 104.462 9 0 0 0 1.46599e+06 43.0286 94150 3.94879 1.90548e+07 1.46599e+06 ZonesAtSurface
2874.9 3424.78 144.445 4 0 0 0 735125 28.3052 138483 1.39705 4.51022e+07 735125 ZonesAtSurface
2924.91 3424.64 184.446 6 0 0 0 777380 19.5811 140367 1.20121 2.97143e+07 777380 ZonesAtSurface
2974.87 3424.99 174.46 0 0 0 0 1.08542e+06 40.9418 106571 8.98134 6.20943e+06 1.08542e+06 ZonesAtSurface
3024.87 3424.99 214.459 0 0 0 0 503825 32.134 143254 6.45991 3.48803e+06 503825 ZonesAtSurface
3074.86 3424.99 254.452 0 0 0 0 870955 39.4383 78250.9 10 2.03419e+06 870955 ZonesAtSurface
3124.87 3424.99 294.436 0 0 0 0 1.19571e+06 32.4586 109887 10 1.61475e+06 1.19571e+06 ZonesAtSurface
3174.88 3424.99 334.419 0 0 0 0 1.1844e+06 33.07 52952.1 10 1.45384e+06 1.1844e+06 ZonesAtSurface
3224.89 3424.99 374.401 0 0 0 0 1.20241e+06 40.9576 145882 10 1.72207e+06 1.20241e+06 ZonesAtSurface
3274.9 3425 414.376 0 0 1 5 1.06558e+06 35.3043 69444 5.86545 2.82646e+06 1.06558e+06 ZonesAtSurface
3324.91 3425 454.344 0 0 1 5 1.24536e+06 27.5284 101499 2.90658 3.89061e+06 1.24536e+06 ZonesAtSurface
3374.92 3425 544.297 1 0 1 4 1.48328e+06 16.5152 109090 1.00361 4.8892e+06 1.48328e+06 ZonesAtSurface
3424.97 3425 734.217 10 9 2 1 634296 15.6177 70663.3 0 829622 634296 ZonesAtSurface
3474.99 3425 724.186 0 2 1 2 1.4056e+06 38.7787 130711 1.89259 3.32563e+06 1.4056e+06 ZonesAtSurface
3525.01 3425 764.146 0 0 1 2 798431 22.6337 96595.6 1.38182 2.41865e+06 798431 ZonesAtSurface
3575.04 3425 804.106 0 0 2 2 1.07826e+06 40.7212 129486 2.06855 2.59104e+06 1.07826e+06 ZonesAtSurface
3625.08 3425 844.071 0 6 2 2 1.07049e+06 42.0909 76294.2 2.82385 1.76077e+06 1.07049e+06 ZonesAtSurface
3675.07 3425 784.046 0 0 1 4 542763 25.0089 63219.2 1.06505 3.04608e+06 542763 ZonesAtSurface
3725.11 3425 873.982 6 0 2 3 1.00762e+06 31.5219 109795 1.46828 2.86309e+06 1.00762e+06 ZonesAtSurface
3775.14 3425 923.958 0 0 2 2 851909 38.179 107999 3.61247 1.17518e+06 851909 ZonesAtSurface
3825.17 3425 883.964 0 0 2 2 562089 40.5182 83652 4.65135 1.18882e+06 562089 ZonesAtSurface
3875.15 3425 943.993 9 4 0 0 501564 25.0846 115687 4.98795 461288 501564 ZonesAtSurface
3925.27 3425 804.045 0 0 1 2 1.18107e+06 25.1109 140124 2.08874 2.4073e+06 1.18107e+06 ZonesAtSurface
3975.29 3425 814.097 0 0 1 1 1.40089e+06 34.4617 78946.2 3.303 2.18643e+06 1.40089e+06 ZonesAtSurface
4025.36 3425 774.152 0 0 1 1 689554 34.7218 82874.8 2.8107 1.87161e+06 689554 ZonesAtSurface
4075.39 3425 784.202 0 0 0 0 1.28794e+06 38.8743 87183.6 4.59006 1.52972e+06 1.28794e+06 ZonesAtSurface
4125.46 3425 744.251 5 0 0 0 721697 24.9202 112968 1.28322 2.32092e+06 721697 ZonesAtSurface
4175.52 3425 704.298 0 0 0 0 1.24273e+06 39.9481 93657 3.27603 1.75724e+06 1.24273e+06 ZonesAtSurface
4225.6 3425 614.345 0 0 2 1 1.46829e+06 41.6412 127858 3.17311 2.99762e+06 1.46829e+06 ZonesAtSurface
4275.61 3425 624.38 0 6 0 0 1.43245e+06 15.8949 126298 1.77895 2.2336e+06 1.43245e+06 ZonesAtSurface
4325.66 3425 484.43 0 0 1 2 1.30366e+06 24.4432 137634 1.64189 3.92461e+06 1.30366e+06 ZonesAtSurface
4375.66 3425 494.457 0 0 1 1 1.06252e+06 44.663 70501 4.60211 2.53422e+06 1.06252e+06 ZonesAtSurface
4425.67 3425 504.479 0 0 0 0 958050 44.0852 128451 2.91036 1.94482e+06 958050 ZonesAtSurface
4475.67 3425 464.504 0 0 0 0 707451 42.3379 64660.8 2.32091 2.03877e+06 707451 ZonesAtSurface
4525.68 3425 424.527 0 0 0 0 1.29476e+06 44.1451 79947.4 4.61131 1.7174e+06 1.29476e+06 ZonesAtSurface
4575.68 3425 384.548 7 0 0 0 601270 18.2557 58169.3 1.68162 1.17519e+06 601270 ZonesAtSurface
4625.68 3425 294.572 8 0 2 1 920726 27.5645 129834 1.139 2.97639e+06 920726 ZonesAtSurface
4675.56 3425 154.616 5 0 1 3 1.3964e+06 29.5923 65771.5 1.0188 7.2871e+06 1.3964e+06 ZonesAtSurface
4725.5 3425 114.628 8 0 1 3 768701 26.8529 131367 1.04146 4.32163e+06 768701 ZonesAtSurface
4775.34 3425 24.6063 2 0 1 4 1.03609e+06 26.4902 121003 1.17812 1.14683e+07 1.03609e+06 ZonesAtSurface
4825.29 3425 34.6282 19 0 1 3 1.06108e+06 26.5237 66985.6 1.04169 1.08016e+07 1.06108e+06 ZonesAtSurface
4875.21 3425 44.6553 16 0 1 2 511561 34.6413 122495 1.04965 1.17153e+07 511561 ZonesAtSurface
4925.12 3425 54.6749 41 0 1 1 594093 42.9773 79981.6 1.12147 1.2972e+07 594093 ZonesAtSurface
74.9628 3475 -16.8133 35 0 1 2 843622 44.1911 131910 1.38051 5.33732e+06 843622 ZonesAtSurface
124.831 3475 -41.8458 36 0 1 3 697210 18.8088 60838.5 1.05181 5.72339e+06 697210 ZonesAtSurface
174.756 3475 -16.8194 28 12 1 3 1.215e+06 33.5416 54598.5 1.32019 3.87901e+06 1.215e+06 ZonesAtSurface
224.693 3475 -41.8655 26 0 1 4 949452 20.0993 99507.3 1.007 6.59223e+06 949452 ZonesAtSurface
274.625 3475 -16.8559 16 0 1 4 636791 40.4852 51805 1.20071 5.09314e+06 636791 ZonesAtSurface
324.596 3475 -41.8934 2 0 1 5 1.16425e+06 33.7083 85182.4 1.32767 1.17583e+07 1.16425e+06 ZonesAtSurface
374.537 3475 -16.8939 3 0 1 5 634009 27.0964 128802 1.01153 7.71188e+06 634009 ZonesAtSurface
424.372 3475 108.113 10 0 1 3 645494 21.9965 75622.5 1.05962 3.31372e+06 645494 ZonesAtSurface
474.276 3475 233.103 7 4 2 1 819867 43.9796 144328 4.52302 1.13178e+06 819867 ZonesAtSurface
524.272 3475 258.099 5 0 2 1 976511 17.4778 63932.4 1.11666 2.50463e+06 976511 ZonesAtSurface
574.259 3475 333.085 4 0 0 0 544830 44.8495 147488 1.30672 2.05533e+06 544830 ZonesAtSurface
624.256 3475 358.071 0 0 0 0 1.15171e+06 43.8314 117812 4.42425 1.65381e+06 1.15171e+06 ZonesAtSurface
674.252 3475 383.058 0 0 0 0 726072 36.3025 106120 3.01182 1.59351e+06 726072 ZonesAtSurface
724.25 3475 408.041 0 0 0 0 940729 43.033 61071.5 3.92382 1.62564e+06 940729 ZonesAtSurface
774.25 3475 433.022 0 0 0 0 1.15302e+06 24.6051 145854 2.69915 1.56291e+06 1.15302e+06 ZonesAtSurface
824.25 3475 458.003 0 0 0 0 788710 44.6085 130930 4.26078 1.34243e+06 788710 ZonesAtSurface
874.253 3475 482.983 0 0 0 0 1.08659e+06 29.4907 51373.5 3.39135 1.33094e+06 1.08659e+06 ZonesAtSurface
924.259 3475 507.963 0 0 0 0 866657 44.3959 89653 4.74076 1.30976e+06 866657 ZonesAtSurface
974.269 3475 532.941 0 0 0 0 606454 38.6444 140918 3.04019 1.24245e+06 606454 ZonesAtSurface
1024.28 3475 557.919 0 0 0 0 927102 17.2101 104080 2.54876 1.11702e+06 927102 ZonesAtSurface
1074.31 3475 582.895 0 0 0 0 1.24009e+06 42.3028 50038.6 7.70585 951533 1.24009e+06 ZonesAtSurface
1124.33 3475 607.868 0 0 0 0 716026 37.175 98652 5.18735 813243 716026 ZonesAtSurface
1174.36 3475 632.84 0 0 0 0 958836 38.0591 136873 6.75997 787537 958836 ZonesAtSurface
1224.4 3475 657.811 0 0 0 0 685590 37.6934 130378 6.4004 618886 685590 ZonesAtSurface
1274.43 3475 682.784 0 0 0 0 795152 41.5723 93814.6 10 311061 795152 ZonesAtSurface
1324.47 3475 707.76 0 0 0 0 885412 33.413 131635 6.16204 667827 885412 ZonesAtSurface
1374.48 3475 682.744 0 0 2 1 1.08783e+06 29.7679 112187 2.34426 1.97756e+06 1.08783e+06 ZonesAtSurface
1424.49 3475 657.736 0 0 2 2 726717 32.1516 77458.3 2.71328 1.58318e+06 726717 ZonesAtSurface
1474.51 3475 632.724 0 0 2 3 638896 32.5734 88527.9 4.537 1.17452e+06 638896 ZonesAtSurface
1524.57 3475 707.683 0 0 1 2 969988 35.5292 107909 1.72359 3.08872e+06 969988 ZonesAtSurface
1574.64 3475 832.632 0 9 0 0 1.01278e+06 28.7294 85719.8 6.71442 579986 1.01278e+06 ZonesAtSurface
1624.68 3475 857.609 0 0 0 0 1.13468e+06 40.8041 117261 10 223513 1.13468e+06 ZonesAtSurface
1674.72 3475 882.591 0 0 0 0 770106 39.01 97770.5 10 293028 770106 ZonesAtSurface
1724.74 3475 857.577 0 2 2 1 730900 35.4703 90465.4 1.58818 1.73718e+06 730900 ZonesAtSurface
1774.75 3475 732.632 3 0 2 4 533114 31.0275 56060 1.07013 2.88612e+06 533114 ZonesAtSurface
1824.78 3475 707.671 0 0 1 5 1.06875e+06 26.2945 85420.1 1.4075 2.75293e+06 1.06875e+06 ZonesAtSurface
1874.81 3475 732.68 0 9 2 5 1.2892e+06 23.8967 121570 1.55063 2.46787e+06 1.2892e+06 ZonesAtSurface
1924.85 3475 707.708 6 0 2 6 573372 27.7935 78646.5 1.00828 2.78116e+06 573372 ZonesAtSurface
1974.89 3475 732.725 0 6 2 6 954570 30.2182 105546 1.05546 2.9517e+06 954570 ZonesAtSurface
2024.94 3475 695.261 5 1 2 6 834333 43.976 133742 1.0213 3.25676e+06 834333 ZonesAtSurface
2074.97 3475 645.31 9 5 1 5 825171 23.6629 115056 1.08454 2.2467e+06 825171 ZonesAtSurface
2125 3475 545.371 10 0 1 5 721462 25.6214 75844.9 1.0605 3.94161e+06 721462 ZonesAtSurface
2175.02 3474.99 445.418 5 0 1 5 1.47166e+06 19.9486 87439.3 1.28978 6.1637e+06 1.47166e+06 ZonesAtSurface
2225.06 3474.99 345.45 0 0 0 0 955573 42.2629 81207.6 2.62944 6.00201e+06 955573 ZonesAtSurface
2275.08 3474.99 245.469 0 0 0 0 515148 30.8673 85524.7 3.14027 4.71796e+06 515148 ZonesAtSurface
2325.1 3474.99 145.478 0 0 0 0 1.13514e+06 30.154 69777.8 4.13946 5.51231e+06 1.13514e+06 ZonesAtSurface
2375.1 3474.57 95.4852 10 0 0 0 763189 31.9632 108859 1.18269 4.4706e+07 763189 ZonesAtSurface
2425.1 3474.99 -54.5062 0 0 0 0 1.41249e+06 15.4527 89239.7 2.04109 5.01946e+06 1.41249e+06 ZonesAtSurface
2475.09 3475 -154.499 0 0 0 0 524336 38.535 51610.2 7.97424 5.65221e+06 524336 ZonesAtSurface
2525.06 3475 -184.493 0 0 0 0 659911 32.9702 148226 6.01048 6.02156e+06 659911 ZonesAtSurface
2575.02 3475 -144.486 0 0 0 0 804015 44.444 59949.4 10 5.47272e+06 804015 ZonesAtSurface
2624.98 3475 -104.48 0 0 0 0 521824 22.9907 81621.5 3.13939 5.69075e+06 521824 ZonesAtSurface
2674.92 3474.8 -14.4827 9 0 0 0 1.14957e+06 37.4042 67546.4 1.56478 2.61264e+07 1.14957e+06 ZonesAtSurface
2724.91 3474.94 25.4903 0 0 0 0 713367 15.5815 143394 1.22654 1.13969e+07 713367 ZonesAtSurface
2774.9 3474.93 65.4701 0 0 0 0 1.17984e+06 36.5447 76507.2 2.72485 2.08245e+07 1.17984e+06 ZonesAtSurface
2824.88 3474.99 55.4845 0 0 0 0 1.19941e+06 41.7614 115479 10 5.47244e+06 1.19941e+06 ZonesAtSurface
2874.88 3474.99 95.4767 0 0 0 0 1.05206e+06 18.0415 62242.3 3.44814 4.46992e+06 1.05206e+06 ZonesAtSurface
2924.87 3474.99 135.469 0 0 0 0 1.16003e+06 38.5838 119670 10 4.1473e+06 1.16003e+06 ZonesAtSurface
2974.87 3474.99 175.464 0 0 0 0 939710 21.7005 139956 3.96617 3.66132e+06 939710 ZonesAtSurface
3024.86 3474.99 215.46 0 0 0 0 581410 31.9706 97327.5 7.99924 2.38561e+06 581410 ZonesAtSurface
3074.87 3474.99 255.452 0 0 0 0 951460 35.1296 97689 10 1.62595e+06 951460 ZonesAtSurface
3124.87 3474.99 295.438 0 0 0 0 1.29086e+06 16.8397 60783.3 6.2678 1.408e+06 1.29086e+06 ZonesAtSurface
3174.88 3474.99 335.421 0 0 0 0 1.30868e+06 41.7987 54815.8 10 1.74831e+06 1.30868e+06 ZonesAtSurface
3224.89 3474.99 375.402 0 0 0 0 1.3761e+06 37.718 89825.1 10 2.24888e+06 1.3761e+06 ZonesAtSurface
3274.9 3475 415.377 0 0 1 5 900002 23.5643 61199.2 2.65198 3.29265e+06 900002 ZonesAtSurface
3324.91 3475 505.342 6 0 1 4 669350 27.2916 140817 1.04271 3.59555e+06 669350 ZonesAtSurface
3374.92 3475 545.297 9 0 1 4 875192 27.177 112821 1.04196 5.15689e+06 875192 ZonesAtSurface
3424.95 3475 585.249 0 0 1 4 590844 22.8048 96652.3 1.00304 3.94058e+06 590844 ZonesAtSurface
3474.98 3475 725.182 5 0 1 2 819074 25.7845 59856.2 1.13126 3.24038e+06 819074 ZonesAtSurface
3525.01 3475 765.143 0 0 2 2 1.14547e+06 35.3608 138708 1.79571 3.12591e+06 1.14547e+06 ZonesAtSurface
3575.04 3475 805.106 3 0 2 2 706665 30.4178 146842 1.23088 2.39849e+06 706665 ZonesAtSurface
3625.05 3475 795.078 0 0 2 3 668625 19.8138 72430.8 1.27599 2.36987e+06 668625 ZonesAtSurface
3675.07 3475 785.045 1 0 1 4 684503 40.0181 134191 1.12129 4.07483e+06 684503 ZonesAtSurface
3725.11 3475 874.98 5 7 2 3 923190 18.7968 79349.8 1.20236 2.24913e+06 923190 ZonesAtSurface
3775.14 3475 924.957 0 4 2 2 658473 35.1232 106063 1.97962 1.32168e+06 658473 ZonesAtSurface
3825.15 3475 934.964 0 7 2 1 880301 24.9874 98711.8 10 395739 880301 ZonesAtSurface
3875.18 3475 894.992 4 0 2 1 616778 16.4611 61084.1 1.63724 1.33448e+06 616778 ZonesAtSurface
3925.19 3475 905.035 0 8 0 0 1.32315e+06 29.8538 96680.2 2.64021 1.82669e+06 1.32315e+06 ZonesAtSurface
3975.3 3475 815.093 0 0 1 1 1.22795e+06 19.9613 105736 1.93771 2.20444e+06 1.22795e+06 ZonesAtSurface
4025.37 3475 775.149 0 0 2 1 1.17964e+06 42.7456 125037 4.05947 2.17191e+06 1.17964e+06 ZonesAtSurface
4075.39 3475 785.2 0 3 0 0 1.01238e+06 40.5223 103554 3.64404 1.74535e+06 1.01238e+06 ZonesAtSurface
4125.5 3475 695.255 0 0 1 1 985402 30.5277 101999 2.00968 2.73687e+06 985402 ZonesAtSurface
4175.52 3475 705.299 0 4 0 0 1.10728e+06 35.0682 116415 3.2535 1.8746e+06 1.10728e+06 ZonesAtSurface
4225.59 3475 615.346 5 0 2 1 576402 34.0153 89460.9 1.42878 2.8421e+06 576402 ZonesAtSurface
4275.63 3475 575.385 0 8 2 1 1.476e+06 40.4599 98727.1 2.58365 3.30694e+06 1.476e+06 ZonesAtSurface
4325.65 3475 535.423 0 0 1 1 1.38084e+06 30.6851 110411 1.89559 3.63753e+06 1.38084e+06 ZonesAtSurface
4375.65 3475 545.453 0 8 0 0 1.43771e+06 27.8998 84621.5 3.21763 1.69297e+06 1.43771e+06 ZonesAtSurface
4425.67 3475 505.478 0 0 0 0 1.16853e+06 18.4544 147003 1.60303 2.19603e+06 1.16853e+06 ZonesAtSurface
4475.67 3475 465.504 0 0 0 0 1.11753e+06 23.0277 58048.8 1.88657 2.06254e+06 1.11753e+06 ZonesAtSurface
4525.68 3475 425.528 0 0 0 0 949550 25.1874 64142.8 1.87192 1.85433e+06 949550 ZonesAtSurface
4575.68 3475 385.549 0 0 0 0 1.45728e+06 30.7595 89526 3.62983 1.49774e+06 1.45728e+06 ZonesAtSurface
4625.68 3475 295.57 4 6 2 1 1.02816e+06 41.3422 120257 1.62711 3.15937e+06 1.02816e+06 ZonesAtSurface
4675.56 3475 155.615 6 0 1 3 550895 23.2134 147210 1.01512 4.84004e+06 550895 ZonesAtSurface
4725.43 3475 65.6154 4 0 1 4 1.16448e+06 16.5733 113414 1.00139 7.19698e+06 1.16448e+06 ZonesAtSurface
4775.34 3475 25.6061 0 0 1 4 1.16416e+06 30.8575 145757 1.52721 1.14037e+07 1.16416e+06 ZonesAtSurface
4825.29 3475 35.6298 18 0 1 3 1.30709e+06 16.5969 146131 1.04159 8.48929e+06 1.30709e+06 ZonesAtSurface
4875.21 3475 45.6536 23 0 1 2 1.07085e+06 32.8462 120760 1.00684 1.0849e+07 1.07085e+06 ZonesAtSurface
4925.12 3475 55.6755 35 0 1 1 1.01701e+06 32.44 131479 1.05986 9.76694e+06 1.01701e+06 ZonesAtSurface
74.961 3525 -15.8077 48 0 1 2 1.17452e+06 21.4266 66028.3 1.23732 3.57607e+06 1.17452e+06 ZonesAtSurface
124.828 3525 -40.8464 36 0 1 3 1.31731e+06 18.1367 64505.8 1.04252 6.11154e+06 1.31731e+06 ZonesAtSurface
174.751 3525 -15.8221 29 0 1 3 747955 36.6332 125875 1.28713 2.50226e+06 747955 ZonesAtSurface
224.694 3525 -40.8678 12 0 1 4 970274 42.9876 76956.6 1.00983 1.07164e+07 970274 ZonesAtSurface
274.629 3525 -15.8588 0 0 2 4 506695 26.034 71986.2 1.31834 3.18871e+06 506695 ZonesAtSurface
324.596 3525 -40.8952 0 0 1 5 1.12301e+06 43.9719 114541 2.16709 1.17157e+07 1.12301e+06 ZonesAtSurface
374.537 3525 -15.8949 0 0 1 5 906372 41.6555 136996 1.30274 9.52609e+06 906372 ZonesAtSurface
424.317 3525 159.106 9 10 2 2 803968 38.13 102029 3.1896 1.11038e+06 803968 ZonesAtSurface
474.354 3525 134.111 6 0 1 3 907122 36.9275 66396.8 1.05565 6.36164e+06 907122 ZonesAtSurface
524.296 3525 209.101 0 0 1 2 591476 18.7867 144507 1.04513 2.71305e+06 591476 ZonesAtSurface
574.267 3525 284.086 0 0 1 1 729006 43.9596 93311.8 1.65339 3.62262e+06 729006 ZonesAtSurface
624.253 3525.01 359.069 0 8 0 0 1.46807e+06 23.3157 92137.2 2.54674 1.88647e+06 1.46807e+06 ZonesAtSurface
674.251 3525 384.056 0 0 0 0 1.29024e+06 31.7007 84350.4 4.01451 1.42741e+06 1.29024e+06 ZonesAtSurface
724.25 3525 409.04 0 0 0 0 1.2473e+06 17.1893 87516.6 2.66002 1.44743e+06 1.2473e+06 ZonesAtSurface
774.25 3525 434.022 0 0 0 0 1.18457e+06 33.4169 86375.7 3.67586 1.4934e+06 1.18457e+06 ZonesAtSurface
824.251 3525 459.002 0 0 0 0 954758 42.9255 78782.2 4.83136 1.29465e+06 954758 ZonesAtSurface
874.254 3525 483.982 0 0 0 0 768736 30.5734 96625.1 2.74648 1.28679e+06 768736 ZonesAtSurface
924.26 3525 508.962 0 0 0 0 994933 15.726 80387.1 2.29885 1.29151e+06 994933 ZonesAtSurface
974.269 3525 533.941 0 0 0 0 777755 18.1413 113032 1.99422 1.24687e+06 777755 ZonesAtSurface
1024.28 3525 558.919 0 0 0 0 1.17229e+06 44.2283 101603 6.39998 1.12925e+06 1.17229e+06 ZonesAtSurface
1074.31 3525 583.895 0 0 0 0 1.0222e+06 23.7141 77712.5 3.88607 942306 1.0222e+06 ZonesAtSurface
1124.33 3525 608.868 0 0 0 0 1.24409e+06 44.2205 124066 9.41954 827182 1.24409e+06 ZonesAtSurface
1174.36 3525 633.84 0 0 0 0 1.43317e+06 15.4098 77095.6 5.0499 807254 1.43317e+06 ZonesAtSurface
1224.4 3525 658.811 0 0 0 0 1.19467e+06 16.2902 114991 5.74952 605473 1.19467e+06 ZonesAtSurface
1274.43 3525 683.784 0 0 0 0 756719 40.9107 138219 10 338530 756719 ZonesAtSurface
1324.47 3525 708.76 0 0 0 0 920688 41.3182 121720 6.94744 701436 920688 ZonesAtSurface
1374.48 3525 683.744 0 0 2 1 1.38031e+06 24.9249 115305 2.55624 1.87118e+06 1.38031e+06 ZonesAtSurface
1424.49 3525 658.735 0 7 2 2 537946 41.7373 125563 2.9784 1.29357e+06 537946 ZonesAtSurface
1474.53 3525 683.72 0 3 2 2 1.32321e+06 36.9819 79088.5 7.83073 828468 1.32321e+06 ZonesAtSurface
1524.56 3525 708.685 3 4 1 2 1.17729e+06 19.4907 71808.9 1.12381 2.9627e+06 1.17729e+06 ZonesAtSurface
1574.64 3525 833.633 0 10 0 0 1.38621e+06 36.3906 133658 6.05438 1.00052e+06 1.38621e+06 ZonesAtSurface
1624.68 3525 858.609 0 6 0 0 1.31017e+06 30.4597 143540 10 317218 1.31017e+06 ZonesAtSurface
1674.72 3525 883.589 0 0 0 0 1.34553e+06 38.4311 91724.6 10 299165 1.34553e+06 ZonesAtSurface
1724.76 3525 908.572 0 6 0 0 559090 38.5391 124892 4.60442 608925 559090 ZonesAtSurface
1774.76 3525 783.613 7 9 2 3 675444 39.6628 130382 1.58931 1.78863e+06 675444 ZonesAtSurface
1824.78 3525 708.671 3 0 1 5 943842 24.0632 63659.4 1.24587 2.66889e+06 943842 ZonesAtSurface
1874.81 3525 683.688 0 0 2 6 838585 27.4198 104053 1.38493 3.32843e+06 838585 ZonesAtSurface
1924.85 3525 708.707 6 0 2 6 701506 29.8176 100727 1.01295 2.93427e+06 701506 ZonesAtSurface
1974.89 3525 733.725 0 6 2 6 947961 30.2778 137448 1.03104 2.9379e+06 947961 ZonesAtSurface
2024.93 3525 696.261 0 6 2 6 1.3983e+06 34.7759 103515 1.08172 4.69708e+06 1.3983e+06 ZonesAtSurface
2074.97 3525 596.32 5 0 2 6 795903 30.9557 101163 1.04685 5.00634e+06 795903 ZonesAtSurface
2125 3525 546.371 5 0 2 5 1.10294e+06 20.1208 142304 1.05445 4.40601e+06 1.10294e+06 ZonesAtSurface
2175.02 3524.99 446.415 1 0 1 5 904685 27.8112 68428.7 2.58945 3.90166e+06 904685 ZonesAtSurface
2225.05 3524.99 346.448 0 0 0 0 1.4895e+06 30.8102 85389.9 4.13932 2.9983e+06 1.4895e+06 ZonesAtSurface
2275.09 3524.99 246.468 0 0 0 0 1.43696e+06 32.584 98381.8 8.38817 2.07059e+06 1.43696e+06 ZonesAtSurface
2325.11 3524.99 146.48 0 0 0 0 1.19005e+06 42.3583 62950.6 10 2.98633e+06 1.19005e+06 ZonesAtSurface
2375.11 3524.44 96.4878 7 0 0 0 893857 36.4352 134954 1.00606 2.19687e+07 893857 ZonesAtSurface
2425.11 3524.99 -53.504 0 0 0 0 1.30615e+06 18.2609 64574.1 3.43082 3.32845e+06 1.30615e+06 ZonesAtSurface
2475.09 3525 -153.496 0 0 0 0 512540 24.5532 66591.5 3.42913 5.10504e+06 512540 ZonesAtSurface
2525.05 3524.62 -133.484 10 7 0 0 1.11938e+06 39.5477 149084 0 2.6674e+06 1.11938e+06 ZonesAtSurface
2574.99 3524.76 -93.4729 6 10 0 0 1.08303e+06 25.4107 55880.2 0.94089 3.74078e+06 1.08303e+06 ZonesAtSurface
2624.96 3524.76 -53.4725 5 10 0 0 900798 25.5423 106657 0 2.99815e+06 900798 ZonesAtSurface
2674.92 3524.85 -13.4942 8 9 0 0 1.06386e+06 35.2506 51639 1.12422 4.17768e+06 1.06386e+06 ZonesAtSurface
2724.91 3524.89 26.4785 9 0 0 0 1.21722e+06 23.7077 77022.5 1.84908 1.43203e+07 1.21722e+06 ZonesAtSurface
2774.92 3524.81 66.4697 6 0 0 0 778007 38.9231 127395 2.27809 4.85823e+07 778007 ZonesAtSurface
2824.89 3524.99 56.485 0 0 0 0 808132 42.9547 81399.9 8.79182 7.51386e+06 808132 ZonesAtSurface
2874.87 3524.99 96.4829 0 0 0 0 809826 35.5089 79840.2 6.92546 4.90027e+06 809826 ZonesAtSurface
2924.86 3524.99 136.477 0 0 0 0 878576 25.1885 61138.3 5.272 2.63297e+06 878576 ZonesAtSurface
2974.91 3523.35 276.463 10 0 0 0 1.041e+06 30.6227 71382.7 3.95724 4.67319e+06 1.041e+06 ZonesAtSurface
3024.86 3525 216.461 0 0 0 0 827761 33.427 52694.3 10 1.71304e+06 827761 ZonesAtSurface
3074.86 3524.99 256.451 0 0 0 0 1.35988e+06 20.1618 54112.4 6.20243 1.71925e+06 1.35988e+06 ZonesAtSurface
3124.87 3524.99 296.438 0 0 0 0 652896 28.0451 106798 6.71275 1.94133e+06 652896 ZonesAtSurface
3174.88 3524.99 336.422 0 0 0 0 1.39284e+06 41.8853 99468.2 10 2.09157e+06 1.39284e+06 ZonesAtSurface
3224.89 3524.99 376.401 0 0 0 0 997586 23.8396 120107 3.94468 2.35523e+06 997586 ZonesAtSurface
3274.9 3525 416.375 0 0 1 5 1.22885e+06 23.7636 70221.6 3.14905 3.11361e+06 1.22885e+06 ZonesAtSurface
3324.91 3525 506.341 1 0 1 4 1.30955e+06 41.2406 95097.6 1.60462 4.88015e+06 1.30955e+06 ZonesAtSurface
3374.93 3525 546.296 0 0 1 4 1.04424e+06 41.8316 55133.2 1.79279 5.63033e+06 1.04424e+06 ZonesAtSurface
3424.96 3525 686.218 5 3 2 2 917765 38.0889 121548 1.17719 2.96966e+06 917765 ZonesAtSurface
3474.98 3525 726.18 0 0 1 2 1.09672e+06 43.9034 52692.7 1.8738 3.49988e+06 1.09672e+06 ZonesAtSurface
3525.03 3525 816.134 0 0 2 1 1.13783e+06 37.5942 108646 2.70896 1.99355e+06 1.13783e+06 ZonesAtSurface
3575.07 3525 856.1 5 7 2 1 710992 18.9342 60664.4 1.19657 1.65693e+06 710992 ZonesAtSurface
3625.05 3525 796.08 0 0 2 3 1.34247e+06 43.2843 114511 2.09176 3.83792e+06 1.34247e+06 ZonesAtSurface
3675.07 3525 786.046 1 0 1 4 551143 16.8982 73088.7 1.10112 2.09121e+06 551143 ZonesAtSurface
3725.11 3525 875.98 0 7 1 3 1.30815e+06 43.9954 118518 2.11213 3.36373e+06 1.30815e+06 ZonesAtSurface
3775.14 3525 925.955 0 0 2 2 1.28662e+06 17.1411 88124.7 2.65337 1.45462e+06 1.28662e+06 ZonesAtSurface
3825.15 3525 935.963 0 7 2 1 866006 41.3 130291 10 500448 866006 ZonesAtSurface
3875.18 3525 895.991 0 0 2 1 885379 35.6676 115774 4.3732 1.32086e+06 885379 ZonesAtSurface
3925.19 3525 906.035 2 3 0 0 509090 41.7899 67301.4 2.73538 1.32961e+06 509090 ZonesAtSurface
3975.25 3525 866.087 7 0 0 0 1.23863e+06 23.8061 84999 2.03136 2.29478e+06 1.23863e+06 ZonesAtSurface
4025.32 3525 826.144 0 0 0 0 970261 39.2696 100836 2.51751 2.3134e+06 970261 ZonesAtSurface
4075.39 3525 786.199 0 0 0 0 987869 21.5247 76649.9 1.64197 1.92989e+06 987869 ZonesAtSurface
4125.46 3525 746.25 0 0 0 0 1.48243e+06 20.7742 88616.2 1.96713 2.38529e+06 1.48243e+06 ZonesAtSurface
4175.55 3525 656.303 0 0 2 1 1.31674e+06 33.1271 145417 2.36119 2.85374e+06 1.31674e+06 ZonesAtSurface
4225.57 3525 666.342 0 6 0 0 1.3935e+06 24.0413 122237 2.31728 2.03082e+06 1.3935e+06 ZonesAtSurface
4275.63 3525 576.384 0 0 1 1 1.38143e+06 35.0674 78776.8 2.48583 2.92966e+06 1.38143e+06 ZonesAtSurface
4325.65 3525 536.422 0 0 2 1 976629 37.8515 78649.9 1.98034 3.37517e+06 976629 ZonesAtSurface
4375.66 3525 546.451 0 9 0 0 920696 30.4332 86698 1.57588 2.37811e+06 920696 ZonesAtSurface
4425.67 3525 506.478 0 0 0 0 1.4686e+06 42.6049 139344 3.93563 2.32379e+06 1.4686e+06 ZonesAtSurface
4475.67 3525 466.505 0 0 0 0 1.29098e+06 36.8146 52486.5 3.08922 1.97198e+06 1.29098e+06 ZonesAtSurface
4525.68 3525 426.529 0 0 0 0 1.47846e+06 34.0548 82975.3 3.34004 1.92873e+06 1.47846e+06 ZonesAtSurface
4575.68 3525 386.549 0 0 0 0 619740 30.3979 111986 1.8452 1.39832e+06 619740 ZonesAtSurface
4625.65 3525 246.58 10 0 1 2 1.14203e+06 28.5495 145349 1.14662 4.52849e+06 1.14203e+06 ZonesAtSurface
4675.5 3525 106.611 4 0 1 4 954288 18.3634 79531.7 1.00453 6.86639e+06 954288 ZonesAtSurface
4725.43 3525 66.6166 1 0 1 4 518663 36.4945 94583.6 1.02052 1.05069e+07 518663 ZonesAtSurface
4775.34 3525 26.6068 7 0 1 4 756163 24.3602 145499 1.05562 1.11453e+07 756163 ZonesAtSurface
4825.29 3525 36.6284 11 0 1 3 704857 42.9221 111238 1.05635 1.48659e+07 704857 ZonesAtSurface
4875.21 3525 46.6471 18 0 1 2 1.02434e+06 42.4567 58901.9 1.03445 1.22843e+07 1.02434e+06 ZonesAtSurface
4925.12 3525 56.6796 15 0 1 1 1.03952e+06 27.3358 62171.4 1.08182 7.82716e+06 1.03952e+06 ZonesAtSurface
74.9577 3575 -14.8121 42 0 1 2 1.25493e+06 30.8744 63107.1 1.25688 5.15497e+06 1.25493e+06 ZonesAtSurface
124.831 3575 -39.8477 26 0 1 3 724756 36.2575 90404.5 1.03809 8.42292e+06 724756 ZonesAtSurface
174.756 3575 -14.8224 38 0 1 3 572557 27.0965 54582.1 1.15607 2.22959e+06 572557 ZonesAtSurface
224.695 3575 -39.8686 23 0 1 4 593120 25.1847 61577.5 1.01143 5.85562e+06 593120 ZonesAtSurface
274.62 3575 -14.8596 27 0 1 4 563873 19.9612 64221.5 1.07344 3.09037e+06 563873 ZonesAtSurface
324.598 3575 -39.8974 0 0 1 5 739604 44.3532 131004 2.10265 1.06013e+07 739604 ZonesAtSurface
374.539 3575 -14.8962 7 0 1 5 845641 22.8372 73631.6 1.00457 8.34644e+06 845641 ZonesAtSurface
424.373 3575 110.109 0 0 2 3 1.20898e+06 37.2362 82008 1.123 4.56969e+06 1.20898e+06 ZonesAtSurface
474.355 3575 135.111 6 0 1 3 787302 20.9705 55008.8 1.01191 4.1707e+06 787302 ZonesAtSurface
524.276 3575 260.099 0 3 2 1 1.49621e+06 43.3157 70414.6 3.2756 2.53419e+06 1.49621e+06 ZonesAtSurface
574.286 3575 235.086 10 0 1 2 1.06524e+06 17.5585 138247 1.03794 4.28283e+06 1.06524e+06 ZonesAtSurface
624.261 3575 310.069 7 0 1 1 563036 17.3564 75778.3 1.19365 2.5548e+06 563036 ZonesAtSurface
674.25 3575 385.054 0 0 0 0 1.45376e+06 17.5566 80524.4 3.86315 1.21573e+06 1.45376e+06 ZonesAtSurface
724.25 3575 410.039 5 0 0 0 509843 19.0863 74582.2 1.39471 1.37245e+06 509843 ZonesAtSurface
774.25 3575 435.021 0 0 0 0 802696 15.3134 107577 1.71012 1.4254e+06 802696 ZonesAtSurface
824.252 3575 460.001 0 0 0 0 956638 35.1895 123381 3.92952 1.2536e+06 956638 ZonesAtSurface
874.255 3575 484.981 0 0 0 0 680118 17.9488 137014 1.82047 1.2312e+06 680118 ZonesAtSurface
924.261 3575 509.961 0 0 0 0 540564 23.6593 99639.9 1.74984 1.27468e+06 540564 ZonesAtSurface
974.27 3575 534.941 0 0 0 0 834757 37.7228 65981.5 3.69971 1.25805e+06 834757 ZonesAtSurface
1024.28 3575 559.918 0 0 0 0 1.22194e+06 17.3722 58644.4 3.13769 1.15995e+06 1.22194e+06 ZonesAtSurface
1074.31 3575 584.895 0 0 0 0 1.02296e+06 36.3417 55737.5 5.55442 941597 1.02296e+06 ZonesAtSurface
1124.33 3575 609.868 0 0 0 0 732156 28.2068 129522 3.79751 835901 732156 ZonesAtSurface
1174.36 3575 634.84 0 0 0 0 1.27139e+06 21.0664 106394 5.07745 822173 1.27139e+06 ZonesAtSurface
1224.4 3575 659.811 0 0 0 0 668746 22.5552 93904.8 4.3677 578236 668746 ZonesAtSurface
1274.43 3575 684.784 0 0 0 0 878735 21.0062 114776 8.86373 336078 878735 ZonesAtSurface
1324.47 3575 709.761 0 0 0 0 1.48597e+06 20.3158 93237 5.42482 835229 1.48597e+06 ZonesAtSurface
1374.48 3575 684.745 0 0 2 1 601081 41.1247 127330 2.23196 1.70169e+06 601081 ZonesAtSurface
1424.49 3575 659.734 0 0 2 2 920408 27.2602 128262 2.58396 1.58517e+06 920408 ZonesAtSurface
1474.51 3575 634.726 0 0 2 3 1.04e+06 36.3371 142763 3.5344 2.09974e+06 1.04e+06 ZonesAtSurface
1524.56 3575 709.687 0 10 2 2 1.39867e+06 34.7655 84299.2 1.81755 3.11963e+06 1.39867e+06 ZonesAtSurface
1574.62 3575 784.641 0 6 2 1 1.18899e+06 22.2014 135050 1.35393 2.86949e+06 1.18899e+06 ZonesAtSurface
1624.68 3575 859.608 0 7 0 0 654800 43.5577 92919.2 8.45001 642055 654800 ZonesAtSurface
1674.73 3575 884.588 0 0 0 0 1.30086e+06 44.4922 122356 10 360123 1.30086e+06 ZonesAtSurface
1724.75 3575 859.573 0 0 2 1 1.29494e+06 33.7613 90252.7 2.56304 1.87141e+06 1.29494e+06 ZonesAtSurface
1774.75 3575 734.642 4 4 1 4 1.27748e+06 35.6966 124319 1.04096 4.54133e+06 1.27748e+06 ZonesAtSurface
1824.78 3575 709.669 4 0 2 5 713113 28.2621 74573.4 1.10439 2.47189e+06 713113 ZonesAtSurface
1874.81 3575 734.677 0 8 2 5 950937 42.767 85475.6 1.54912 2.60634e+06 950937 ZonesAtSurface
1924.85 3575 709.709 0 6 2 6 1.11454e+06 40.2677 146683 1.2228 3.51903e+06 1.11454e+06 ZonesAtSurface
1974.89 3575 734.727 0 6 2 6 1.38811e+06 28.7442 129333 1.19228 3.74039e+06 1.38811e+06 ZonesAtSurface
2024.93 3575 697.26 3 3 2 6 1.46086e+06 15.4757 72189.2 1.04808 3.62227e+06 1.46086e+06 ZonesAtSurface
2074.97 3575 597.32 4 0 1 6 1.09482e+06 21.2334 148723 1.03518 4.28596e+06 1.09482e+06 ZonesAtSurface
2125 3575 547.373 0 0 1 5 1.47309e+06 43.0741 106549 1.77634 5.57318e+06 1.47309e+06 ZonesAtSurface
2175.03 3575 447.417 0 0 1 5 1.30959e+06 43.1293 60012.9 5.10387 3.7863e+06 1.30959e+06 ZonesAtSurface
2225.06 3575 347.451 0 0 0 0 1.21069e+06 33.0541 94304 5.99269 2.22752e+06 1.21069e+06 ZonesAtSurface
2275.09 3575 247.47 0 0 0 0 1.15237e+06 17.6045 113001 3.9408 1.71295e+06 1.15237e+06 ZonesAtSurface
2325.1 3574.4 197.48 4 0 0 0 1.26351e+06 34.0002 146814 1.00012 1.04946e+07 1.26351e+06 ZonesAtSurface
2375.12 3574.99 47.4888 0 0 0 0 1.42418e+06 19.8159 148747 2.33618 4.61832e+06 1.42418e+06 ZonesAtSurface
2425.11 3574.99 -52.5039 0 0 0 0 570554 25.2494 144355 2.5199 4.84377e+06 570554 ZonesAtSurface
2475.09 3574.56 -102.498 10 8 0 0 832525 44.5942 121317 3.0817 1.74633e+06 832525 ZonesAtSurface
2525.05 3574.83 -132.493 10 8 0 0 528635 44.8817 138904 1.68539 1.69103e+06 528635 ZonesAtSurface
2574.98 3572.32 7.52416 10 0 0 0 1.22277e+06 41.5276 50547.6 2.95139 7.93636e+06 1.22277e+06 ZonesAtSurface
2624.97 3574.92 -52.4963 0 0 0 0 839094 38.5792 97540.6 2.32891 1.73089e+07 839094 ZonesAtSurface
2674.94 3574.92 -12.5031 0 0 0 0 1.09672e+06 37.3409 146826 2.26566 1.97994e+07 1.09672e+06 ZonesAtSurface
2724.92 3574.82 27.4978 10 0 0 0 1.0176e+06 42.6244 53329.2 3.42643 2.53462e+07 1.0176e+06 ZonesAtSurface
2774.9 3574.99 17.502 0 0 0 0 1.29744e+06 39.6706 145723 10 3.09116e+06 1.29744e+06 ZonesAtSurface
2824.88 3575 57.496 0 0 0 0 814418 25.7038 54669.2 5.55651 3.43546e+06 814418 ZonesAtSurface
2874.87 3575 97.4897 0 0 0 0 566301 23.3854 121742 5.2251 2.54188e+06 566301 ZonesAtSurface
2924.86 3575 137.482 0 0 0 0 1.4599e+06 20.8859 68338.3 7.25586 1.62969e+06 1.4599e+06 ZonesAtSurface
2974.86 3575 177.473 0 0 0 0 1.30128e+06 25.8532 78381.6 10 1.44276e+06 1.30128e+06 ZonesAtSurface
3024.86 3575 217.463 0 0 0 0 1.36786e+06 44.3061 67778.3 10 1.52196e+06 1.36786e+06 ZonesAtSurface
3074.86 3575 257.45 0 0 0 0 1.17973e+06 33.3275 110215 10 1.67492e+06 1.17973e+06 ZonesAtSurface
3124.87 3574.99 297.437 0 0 0 0 1.3587e+06 28.1812 63887.6 7.01944 1.76697e+06 1.3587e+06 ZonesAtSurface
3174.88 3574.99 337.42 0 0 0 0 642174 43.5846 94312.4 9.75064 2.08889e+06 642174 ZonesAtSurface
3224.89 3574.99 377.399 0 0 0 0 1.12901e+06 42.8098 51495.1 9.77559 2.38098e+06 1.12901e+06 ZonesAtSurface
3274.9 3575 417.374 0 0 1 5 1.0321e+06 40.4056 118466 7.06553 2.95015e+06 1.0321e+06 ZonesAtSurface
3324.91 3575 507.34 2 0 1 4 967713 44.8519 126074 1.53328 5.53066e+06 967713 ZonesAtSurface
3374.93 3575 547.294 7 0 1 4 1.17125e+06 18.5457 101259 1.01302 4.74359e+06 1.17125e+06 ZonesAtSurface
3424.96 3575 687.217 9 0 2 2 977798 32.3781 107879 1.1157 3.44403e+06 977798 ZonesAtSurface
3475.01 3575 777.17 0 0 2 1 970144 24.0614 133389 1.46249 2.1674e+06 970144 ZonesAtSurface
3525.03 3575 817.133 0 0 2 1 1.27574e+06 24.1201 64129.9 2.22748 1.8504e+06 1.27574e+06 ZonesAtSurface
3575.07 3575 857.1 0 1 2 1 792079 35.5676 66470.1 1.63024 1.90511e+06 792079 ZonesAtSurface
3625.08 3575 847.076 0 9 2 2 688725 17.3248 125128 1.79575 1.16873e+06 688725 ZonesAtSurface
3675.08 3575 787.049 1 0 1 4 726886 27.3783 113396 1.10459 3.10098e+06 726886 ZonesAtSurface
3725.11 3575 826.997 1 0 1 4 832224 23.6483 113391 1.69564 2.11329e+06 832224 ZonesAtSurface
3775.14 3575 926.953 0 0 2 2 1.18641e+06 27.2729 110911 3.1846 1.56855e+06 1.18641e+06 ZonesAtSurface
3825.15 3575 936.963 0 4 2 1 1.15102e+06 35.028 62369.7 10 425727 1.15102e+06 ZonesAtSurface
3875.18 3575 896.991 0 0 2 1 1.27754e+06 32.3634 133772 5.50973 1.155e+06 1.27754e+06 ZonesAtSurface
3925.19 3575 907.034 0 0 0 0 960398 42.0086 64967.1 3.91143 1.37127e+06 960398 ZonesAtSurface
3975.25 3575 867.084 0 7 0 0 1.00702e+06 32.6838 143450 1.94339 2.13013e+06 1.00702e+06 ZonesAtSurface
4025.37 3575 777.146 0 0 1 1 1.38375e+06 32.49 120300 2.78928 2.5998e+06 1.38375e+06 ZonesAtSurface
4075.44 3575 737.203 0 0 2 1 807290 33.3131 75913.8 1.73826 2.56525e+06 807290 ZonesAtSurface
4125.46 3575 747.25 0 7 0 0 970270 37.7629 133432 2.24328 2.10484e+06 970270 ZonesAtSurface
4175.55 3575 657.304 0 0 2 1 1.3941e+06 28.1351 77789.6 1.93936 3.08023e+06 1.3941e+06 ZonesAtSurface
4225.59 3575 617.347 0 0 2 1 557033 38.4549 142737 1.49028 2.7229e+06 557033 ZonesAtSurface
4275.63 3575 577.383 0 0 2 1 870885 29.3124 76986.1 1.68045 2.63157e+06 870885 ZonesAtSurface
4325.65 3575 487.428 8 0 1 2 791647 16.8789 140134 1.07327 3.25728e+06 791647 ZonesAtSurface
4375.66 3575 497.458 0 0 1 1 1.39794e+06 23.2238 110596 1.87489 3.12189e+06 1.39794e+06 ZonesAtSurface
4425.67 3575 457.485 0 0 1 1 1.07705e+06 34.7269 126784 2.31751 2.54818e+06 1.07705e+06 ZonesAtSurface
4475.67 3575 467.506 0 0 0 0 1.26433e+06 30.0554 58527.6 2.92215 1.80347e+06 1.26433e+06 ZonesAtSurface
4525.67 3575 427.53 0 0 0 0 1.45781e+06 38.4447 71745.5 3.4221 2.02037e+06 1.45781e+06 ZonesAtSurface
4575.68 3575 387.551 0 1 0 0 1.47069e+06 18.862 136841 2.54242 1.66091e+06 1.47069e+06 ZonesAtSurface
4625.67 3575 297.571 6 9 1 1 1.12241e+06 38.444 134511 2.17332 2.66076e+06 1.12241e+06 ZonesAtSurface
4675.5 3575 107.611 3 0 1 4 942575 36.9674 117740 1.35706 9.72845e+06 942575 ZonesAtSurface
4725.43 3575 67.6158 0 0 1 4 943952 37.3696 87969.9 1.30331 1.04485e+07 943952 ZonesAtSurface
4775.34 3575 27.6058 7 0 1 4 873170 24.378 137821 1.08779 1.12978e+07 873170 ZonesAtSurface
4825.29 3575 37.6278 19 0 1 3 969266 26.0427 81414.6 1.03176 1.0218e+07 969266 ZonesAtSurface
4875.22 3575 47.6432 17 0 1 2 827857 42.7172 89612.5 1.01748 1.13521e+07 827857 ZonesAtSurface
4925.13 3575 57.6784 23 0 1 1 998549 17.5265 105546 1.07376 5.90672e+06 998549 ZonesAtSurface
74.9565 3625 -13.8251 40 0 1 2 1.08801e+06 32.6697 140095 1.19072 6.01568e+06 1.08801e+06 ZonesAtSurface
124.836 3625 -38.8498 26 0 1 3 643182 30.6307 90358.4 1.04902 8.45887e+06 643182 ZonesAtSurface
174.755 3625 -13.8251 38 3 1 3 1.22441e+06 23.3091 68313.5 1.15579 3.44414e+06 1.22441e+06 ZonesAtSurface
224.695 3625 -38.8728 20 0 1 4 1.0494e+06 20.6778 100078 1.00943 6.16466e+06 1.0494e+06 ZonesAtSurface
274.619 3625 -13.861 20 0 1 4 552801 32.1142 120130 1.02393 3.88573e+06 552801 ZonesAtSurface
324.599 3625 -38.898 4 0 1 5 1.11483e+06 16.3501 141158 1.00335 7.03162e+06 1.11483e+06 ZonesAtSurface
374.541 3625 -13.8977 0 0 1 5 1.08719e+06 34.9641 73145.6 1.45558 9.87573e+06 1.08719e+06 ZonesAtSurface
424.436 3625 61.1097 2 0 1 4 1.34234e+06 34.314 100566 1.15822 7.28181e+06 1.34234e+06 ZonesAtSurface
474.311 3625 186.109 2 0 2 2 627809 27.7217 56373.5 1.02368 3.28703e+06 627809 ZonesAtSurface
524.278 3625 261.097 0 1 2 1 1.39658e+06 38.4797 108854 2.19115 2.5775e+06 1.39658e+06 ZonesAtSurface
574.266 3625 336.084 7 5 0 0 1.19936e+06 18.4404 63767 1.51308 2.24783e+06 1.19936e+06 ZonesAtSurface
624.259 3625 361.069 0 0 0 0 1.18373e+06 40.7992 93453.1 3.19561 2.2181e+06 1.18373e+06 ZonesAtSurface
674.253 3625.01 386.055 0 0 0 0 960690 34.2534 67114.9 3.4144 1.51434e+06 960690 ZonesAtSurface
724.251 3625.01 411.039 0 0 0 0 1.24642e+06 15.2019 56030.1 2.4023 1.50241e+06 1.24642e+06 ZonesAtSurface
774.251 3625.01 436.021 0 0 0 0 980570 21.0441 131984 2.38977 1.41847e+06 980570 ZonesAtSurface
824.253 3625.01 461.001 0 0 0 0 1.17799e+06 37.0003 60140.7 4.91429 1.24181e+06 1.17799e+06 ZonesAtSurface
874.256 3625.01 485.981 0 0 0 0 537470 43.7653 135821 3.74984 1.18587e+06 537470 ZonesAtSurface
924.262 3625.01 510.961 0 0 0 0 652041 39.8694 124357 3.37878 1.25313e+06 652041 ZonesAtSurface
974.271 3625 535.94 0 0 0 0 811717 31.709 101695 2.99075 1.24963e+06 811717 ZonesAtSurface
1024.29 3625 560.918 0 0 0 0 1.47403e+06 39.9061 56449.2 6.67223 1.14501e+06 1.47403e+06 ZonesAtSurface
1074.31 3625 585.894 0 0 0 0 827742 40.7989 59807.2 5.5809 939914 827742 ZonesAtSurface
1124.34 3625 610.868 0 0 0 0 829558 38.4256 116492 5.43544 879538 829558 ZonesAtSurface
1174.37 3625 635.84 0 0 0 0 1.49604e+06 35.3933 74388.9 8.53057 823634 1.49604e+06 ZonesAtSurface
1224.4 3625 660.811 0 0 0 0 1.1833e+06 15.73 121022 6.11071 562573 1.1833e+06 ZonesAtSurface
1274.43 3625 685.784 0 0 0 0 1.17497e+06 36.5361 124285 10 313173 1.17497e+06 ZonesAtSurface
1324.47 3625 710.761 0 9 0 0 709674 19.1903 72143 3.17996 719319 709674 ZonesAtSurface
1374.48 3625 685.746 0 3 2 1 711081 43.023 65441.2 2.46659 1.52537e+06 711081 ZonesAtSurface
1424.5 3625 660.734 0 7 2 2 578290 31.3502 54588.5 2.58391 1.26491e+06 578290 ZonesAtSurface
1474.51 3625 635.726 0 0 2 3 1.45961e+06 17.1759 118494 2.32152 2.13512e+06 1.45961e+06 ZonesAtSurface
1524.55 3625 660.699 7 0 2 3 546857 43.0908 125016 1.68438 2.56908e+06 546857 ZonesAtSurface
1574.61 3625 735.652 0 0 1 2 1.10573e+06 36.8944 82250.4 2.23981 2.90933e+06 1.10573e+06 ZonesAtSurface
1624.68 3625 860.609 0 10 0 0 700624 15.4245 91935 1.89632 1.00063e+06 700624 ZonesAtSurface
1674.73 3625 885.588 0 7 0 0 1.38045e+06 40.6095 140876 9.98732 607931 1.38045e+06 ZonesAtSurface
1724.73 3625 810.584 9 3 1 2 849841 20.5261 74018 1.0261 2.41155e+06 849841 ZonesAtSurface
1774.74 3625 685.66 2 0 1 5 987149 25.5178 86879.9 1.03975 3.51026e+06 987149 ZonesAtSurface
1824.77 3625 710.668 6 0 2 5 803298 40.5956 136337 1.10284 2.82594e+06 803298 ZonesAtSurface
1874.8 3625 735.674 10 2 2 5 520598 37.7672 99630.1 1.06083 1.76907e+06 520598 ZonesAtSurface
1924.85 3625 710.711 6 0 2 6 623480 38.6666 125497 1.03795 2.70249e+06 623480 ZonesAtSurface
1974.89 3625 735.728 0 6 2 6 1.47785e+06 36.0337 116458 1.35241 4.06683e+06 1.47785e+06 ZonesAtSurface
2024.93 3625 698.259 0 6 2 6 1.44545e+06 32.7746 120570 1.15766 4.36454e+06 1.44545e+06 ZonesAtSurface
2074.97 3625 598.32 0 0 2 6 907227 27.6338 64141.7 1.03817 4.11952e+06 907227 ZonesAtSurface
2125.01 3625 498.377 1 0 1 6 574170 20.6664 110300 1.05714 4.43171e+06 574170 ZonesAtSurface
2175.03 3625 448.418 0 0 1 5 1.00417e+06 28.3638 138122 1.49515 4.61995e+06 1.00417e+06 ZonesAtSurface
2225.07 3625 348.453 0 0 0 0 813275 21.9757 110960 2.01862 2.89878e+06 813275 ZonesAtSurface
2275.09 3625 248.471 0 0 0 0 1.4062e+06 24.7887 67935.2 4.26623 2.4013e+06 1.4062e+06 ZonesAtSurface
2325.1 3624.39 198.481 4 0 0 0 948573 18.9068 66715.1 1.00001 5.51696e+06 948573 ZonesAtSurface
2375.11 3624.99 48.4875 0 0 0 0 601472 26.8532 95190.7 2.90095 4.25832e+06 601472 ZonesAtSurface
2425.1 3624.39 -1.50949 4 0 0 0 1.16646e+06 26.4262 80957.4 1.00019 9.56493e+06 1.16646e+06 ZonesAtSurface
2475.08 3624.69 -101.505 10 0 0 0 500192 20.3158 90396.5 1.82943 6.90888e+06 500192 ZonesAtSurface
2525.04 3624.96 -131.502 1 0 0 0 1.42262e+06 26.8858 62425.6 1.65333 1.12938e+07 1.42262e+06 ZonesAtSurface
2575 3624.89 -91.5047 10 0 0 0 614161 44.7184 121669 3.68173 2.07952e+07 614161 ZonesAtSurface
2624.99 3624.99 -101.501 0 0 0 0 853547 17.3165 103104 1.39547 8.246e+06 853547 ZonesAtSurface
2674.97 3624.78 -11.5022 9 0 0 0 1.42768e+06 16.906 105080 1.28019 3.23203e+07 1.42768e+06 ZonesAtSurface
2724.93 3624.99 -21.4927 0 0 0 0 1.04072e+06 35.5935 109797 6.04641 7.39195e+06 1.04072e+06 ZonesAtSurface
2774.9 3624.76 68.5026 8 10 0 0 855722 15.3108 142552 0 2.53583e+06 855722 ZonesAtSurface
2824.89 3624.71 108.491 6 10 0 0 1.28949e+06 21.3926 51144.8 0.657359 6.07925e+06 1.28949e+06 ZonesAtSurface
2874.88 3624.7 148.485 6 10 0 0 593500 34.7435 101006 0.60607 4.01952e+06 593500 ZonesAtSurface
2924.87 3624.57 188.483 8 9 0 0 772350 22.8934 51972.6 0.523754 5.06521e+06 772350 ZonesAtSurface
2974.85 3625 178.476 0 0 0 0 893915 15.0434 58259.5 3.27963 1.87506e+06 893915 ZonesAtSurface
3024.86 3625 218.462 0 0 0 0 581690 35.6726 106537 10 1.83803e+06 581690 ZonesAtSurface
3074.86 3624.99 258.444 0 0 0 0 519211 42.5691 124809 10 3.26306e+06 519211 ZonesAtSurface
3124.89 3624.53 348.423 6 9 0 0 1.34844e+06 28.8291 127742 3.3011 1.32887e+06 1.34844e+06 ZonesAtSurface
3174.9 3624.39 388.412 6 0 0 0 882911 23.7767 65182.9 1.00046 6.34043e+06 882911 ZonesAtSurface
3224.91 3624.39 428.398 10 0 0 0 896973 17.7926 133771 1.00014 4.19356e+06 896973 ZonesAtSurface
3274.91 3624.69 468.376 10 2 1 4 533223 32.5753 148778 1.27046 4.02624e+06 533223 ZonesAtSurface
3324.91 3624.99 508.338 5 0 1 4 845461 32.6843 96705.5 1.08004 5.51784e+06 845461 ZonesAtSurface
3374.93 3625 598.278 2 0 2 3 1.25053e+06 30.8553 132334 1.09249 5.41484e+06 1.25053e+06 ZonesAtSurface
3424.96 3625 688.218 0 6 2 2 1.15161e+06 42.3146 128829 1.28244 4.09938e+06 1.15161e+06 ZonesAtSurface
3475.01 3625 778.17 0 0 2 1 755172 26.9817 85415.5 1.30952 2.01701e+06 755172 ZonesAtSurface
3525.06 3625 868.127 0 9 0 0 1.28931e+06 39.1388 119175 3.52428 1.44066e+06 1.28931e+06 ZonesAtSurface
3575.07 3625 858.102 0 8 2 1 933257 38.6957 52654 2.59843 1.57722e+06 933257 ZonesAtSurface
3625.06 3625 798.084 0 0 2 3 1.21408e+06 34.0538 128346 1.54183 3.44274e+06 1.21408e+06 ZonesAtSurface
3675.09 3625 838.038 6 7 2 3 705522 33.7941 119711 1.35053 1.85135e+06 705522 ZonesAtSurface
3725.11 3625 828.002 0 0 1 4 1.34814e+06 36.0468 101483 1.49644 4.21603e+06 1.34814e+06 ZonesAtSurface
3775.14 3625 927.954 0 0 2 2 557035 22.239 109952 2.19698 998863 557035 ZonesAtSurface
3825.15 3625 937.963 0 0 2 1 703436 21.0457 103892 9.74064 328726 703436 ZonesAtSurface
3875.18 3625 897.99 0 0 2 1 963118 40.2461 109551 5.90098 1.08102e+06 963118 ZonesAtSurface
3925.19 3625 908.032 0 6 0 0 1.12473e+06 23.3873 65719.3 2.537 1.37741e+06 1.12473e+06 ZonesAtSurface
3975.25 3625 868.082 3 3 0 0 971849 19.7397 125049 1.51435 2.11153e+06 971849 ZonesAtSurface
4025.37 3625 778.145 0 0 1 1 1.08166e+06 22.7966 62536.6 1.54505 2.76506e+06 1.08166e+06 ZonesAtSurface
4075.39 3625 788.2 5 2 0 0 976650 26.9556 128447 2.17512 1.77392e+06 976650 ZonesAtSurface
4125.5 3625 698.256 0 0 2 1 1.08518e+06 16.1513 106079 1.27067 2.67405e+06 1.08518e+06 ZonesAtSurface
4175.55 3625 658.305 0 0 1 1 1.05699e+06 41.5775 65772.8 2.06328 3.16069e+06 1.05699e+06 ZonesAtSurface
4225.59 3625 618.348 0 0 1 1 962013 43.4246 115791 2.63551 2.69912e+06 962013 ZonesAtSurface
4275.62 3625 578.383 0 1 2 1 1.0091e+06 41.4773 105700 2.94939 2.47501e+06 1.0091e+06 ZonesAtSurface
4325.65 3625 488.427 0 0 1 2 798457 42.3078 143184 2.14027 4.13716e+06 798457 ZonesAtSurface
4375.66 3625 448.461 0 0 1 2 1.03003e+06 37.7739 122860 2.72764 3.58673e+06 1.03003e+06 ZonesAtSurface
4425.66 3625 508.483 2 0 0 0 625297 36.6388 149838 2.1489 1.78825e+06 625297 ZonesAtSurface
4475.67 3625 468.506 0 0 0 0 1.06292e+06 34.8729 70993.1 2.46895 1.91161e+06 1.06292e+06 ZonesAtSurface
4525.67 3625 428.531 0 0 0 0 776348 36.1271 83147.4 1.87162 2.12433e+06 776348 ZonesAtSurface
4575.68 3625 388.552 0 0 0 0 519801 41.1156 131481 1.94221 1.69562e+06 519801 ZonesAtSurface
4625.68 3625 348.565 0 2 0 0 902959 29.9364 63651.9 2.91177 1.13964e+06 902959 ZonesAtSurface
4675.56 3625 158.614 3 0 1 3 848034 38.3942 81113.9 1.0408 7.36296e+06 848034 ZonesAtSurface
4725.43 3625 68.6144 0 0 1 4 1.15518e+06 22.1599 128225 1.00151 8.53716e+06 1.15518e+06 ZonesAtSurface
4775.34 3625 28.6039 0 0 1 4 873315 43.612 114181 2.79431 1.15141e+07 873315 ZonesAtSurface
4825.29 3625 38.6256 17 0 1 3 961365 20.0006 113414 1.03259 8.23175e+06 961365 ZonesAtSurface
4875.22 3625 48.6447 20 0 1 2 1.4232e+06 22.8339 149534 1.02755 8.4443e+06 1.4232e+06 ZonesAtSurface
4925.13 3625 58.6753 10 0 1 1 1.39977e+06 18.9751 80739.3 1.06992 6.90732e+06 1.39977e+06 ZonesAtSurface
74.9566 3675 -12.8338 28 0 1 2 931107 40.6966 123253 1.16352 7.24568e+06 931107 ZonesAtSurface
124.837 3675 -37.8521 30 0 1 3 1.26077e+06 25.3161 81858 1.0567 8.57264e+06 1.26077e+06 ZonesAtSurface
174.749 3675 -12.8281 35 6 1 3 1.32549e+06 16.9072 117544 1.11647 3.3582e+06 1.32549e+06 ZonesAtSurface
224.694 3675 -37.8783 6 0 1 4 1.45785e+06 43.8168 88391.1 1.0067 1.12241e+07 1.45785e+06 ZonesAtSurface
274.626 3675 -12.8638 19 0 1 4 1.22076e+06 24.6456 74916.6 1.01938 5.35355e+06 1.22076e+06 ZonesAtSurface
324.601 3675 -37.899 0 0 1 5 1.15821e+06 39.1387 54779.3 1.81111 1.11688e+07 1.15821e+06 ZonesAtSurface
374.541 3675 -12.8993 0 0 1 5 537037 35.9991 84553.6 1.35147 9.76956e+06 537037 ZonesAtSurface
424.324 3675.01 162.102 9 10 1 2 1.41943e+06 35.9584 143896 4.2348 1.50568e+06 1.41943e+06 ZonesAtSurface
474.357 3675 137.108 0 0 1 3 581838 16.6679 135525 1.01444 3.21525e+06 581838 ZonesAtSurface
524.269 3675.01 312.092 0 1 0 0 1.41475e+06 26.8144 69954.8 5.90965 816099 1.41475e+06 ZonesAtSurface
574.272 3675.01 287.084 0 0 1 1 1.046e+06 24.7278 79580.2 1.42702 3.13844e+06 1.046e+06 ZonesAtSurface
624.26 3675.01 362.069 0 0 0 0 1.13938e+06 31.4422 58829.1 2.97564 1.79978e+06 1.13938e+06 ZonesAtSurface
674.256 3675.01 387.055 0 0 0 0 1.4822e+06 31.072 77699.6 3.82607 1.68462e+06 1.4822e+06 ZonesAtSurface
724.253 3675.01 412.039 0 0 0 0 1.03537e+06 30.0618 126708 2.79824 1.61003e+06 1.03537e+06 ZonesAtSurface
774.253 3675.01 437.02 0 0 0 0 766127 28.0647 128779 2.3852 1.42756e+06 766127 ZonesAtSurface
824.254 3675.01 462 0 0 0 0 656320 16.7289 121376 1.72042 1.23842e+06 656320 ZonesAtSurface
874.257 3675.01 486.98 0 0 0 0 822141 39.3576 107071 4.30241 1.16382e+06 822141 ZonesAtSurface
924.264 3675.01 511.96 0 0 0 0 1.4997e+06 40.9028 99488.3 6.72645 1.2241e+06 1.4997e+06 ZonesAtSurface
974.273 3675.01 536.94 0 0 0 0 1.37802e+06 22.2937 80787.4 3.76043 1.22426e+06 1.37802e+06 ZonesAtSurface
1024.29 3675.01 561.917 0 0 0 0 1.05992e+06 37.8858 129302 4.77312 1.113e+06 1.05992e+06 ZonesAtSurface
1074.31 3675.01 586.893 0 0 0 0 1.29631e+06 39.422 116057 7.02307 957245 1.29631e+06 ZonesAtSurface
1124.34 3675.01 611.867 0 0 0 0 564456 37.6274 62168.8 3.8758 940844 564456 ZonesAtSurface
1174.37 3675.01 636.839 0 0 0 0 566429 28.1579 75981.5 3.07989 839137 566429 ZonesAtSurface
1224.4 3675 661.811 0 0 0 0 760654 21.3728 117347 5.4273 505022 760654 ZonesAtSurface
1274.43 3675 686.784 0 0 0 0 870444 25.0626 79381.5 10 320789 870444 ZonesAtSurface
1324.47 3675 711.76 0 5 0 0 628277 27.1276 95344.1 3.16511 732134 628277 ZonesAtSurface
1374.48 3675 686.745 3 4 2 1 600804 26.1951 75570.6 1.29101 1.55141e+06 600804 ZonesAtSurface
1424.5 3675 661.734 0 0 2 2 1.01861e+06 24.6609 91141.1 2.65835 1.62454e+06 1.01861e+06 ZonesAtSurface
1474.51 3675 636.725 0 0 2 3 802299 24.8672 98840.6 3.4721 1.19559e+06 802299 ZonesAtSurface
1524.57 3675 711.689 0 0 2 2 1.38839e+06 19.1145 146614 1.74517 2.69112e+06 1.38839e+06 ZonesAtSurface
1574.63 3675 786.646 0 5 2 1 855934 40.5855 99841.3 2.86015 2.308e+06 855934 ZonesAtSurface
1624.69 3675 861.611 0 8 0 0 900194 23.4802 64679.6 2.74858 1.01187e+06 900194 ZonesAtSurface
1674.73 3675 886.588 0 6 0 0 952658 31.9205 134343 6.85833 496071 952658 ZonesAtSurface
1724.72 3675 761.61 3 9 1 3 1.4134e+06 32.229 85197.4 1.13543 4.41044e+06 1.4134e+06 ZonesAtSurface
1774.74 3675 686.664 12 0 2 5 899476 23.4667 99399.6 1.11323 3.05514e+06 899476 ZonesAtSurface
1824.77 3675 711.671 4 0 2 5 677444 22.2062 132021 1.02561 2.06276e+06 677444 ZonesAtSurface
1874.81 3675 686.686 0 0 2 6 563151 16.3067 79488.2 1.05684 2.41209e+06 563151 ZonesAtSurface
1924.85 3675 711.708 4 3 2 6 1.29389e+06 24.7454 142579 1.13414 3.41583e+06 1.29389e+06 ZonesAtSurface
1974.89 3675 736.725 0 6 2 6 1.31849e+06 40.7538 61262.9 1.35882 4.09786e+06 1.31849e+06 ZonesAtSurface
2024.93 3675 699.258 1 0 2 6 750676 21.8377 84216 1.02047 2.24427e+06 750676 ZonesAtSurface
2074.97 3675 599.32 6 0 1 6 813750 15.5074 71089.4 1.03999 3.04277e+06 813750 ZonesAtSurface
2125 3675 599.365 4 10 2 4 1.39463e+06 39.7865 54142.5 1.17643 4.94138e+06 1.39463e+06 ZonesAtSurface
2175.03 3675 449.418 0 0 1 5 1.12869e+06 32.982 105971 1.58293 4.66308e+06 1.12869e+06 ZonesAtSurface
2225.07 3675 349.454 0 0 0 0 1.32114e+06 30.2558 121666 2.9755 2.89643e+06 1.32114e+06 ZonesAtSurface
2275.09 3675 249.471 0 0 0 0 1.04282e+06 37.6438 124174 7.22839 2.30672e+06 1.04282e+06 ZonesAtSurface
2325.1 3674.39 199.481 0 0 0 0 988711 44.0647 114307 1.00001 1.01368e+07 988711 ZonesAtSurface
2375.1 3674.39 99.4871 1 0 0 0 508779 21.7154 50510.6 1.00003 6.19726e+06 508779 ZonesAtSurface
2425.11 3675 -50.5059 0 0 0 0 1.44339e+06 28.5166 136392 5.38687 3.49568e+06 1.44339e+06 ZonesAtSurface
2475.08 3674.71 -100.504 10 0 0 0 1.27035e+06 16.5004 80657.1 1.78851 6.40891e+06 1.27035e+06 ZonesAtSurface
2525.05 3674.98 -130.498 0 0 0 0 1.339e+06 30.3327 93917.2 2.04074 9.48625e+06 1.339e+06 ZonesAtSurface
2575.01 3674.83 -90.4923 10 0 0 0 728087 24.5032 110640 2.06163 1.32666e+07 728087 ZonesAtSurface
2624.99 3675 -100.491 0 0 0 0 688519 25.5099 74296.6 3.77217 5.17842e+06 688519 ZonesAtSurface
2674.96 3675 -60.4917 0 0 0 0 934619 34.0348 142844 7.23386 4.98782e+06 934619 ZonesAtSurface
2724.92 3674.74 29.5002 9 0 0 0 1.48803e+06 40.8681 131341 1.38977 2.47575e+07 1.48803e+06 ZonesAtSurface
2774.9 3674.87 69.4886 10 0 0 0 1.28008e+06 37.0302 61918.5 2.82243 2.47246e+07 1.28008e+06 ZonesAtSurface
2824.89 3674.8 109.485 10 0 0 0 504432 35.2226 145096 1.67276 5.15912e+07 504432 ZonesAtSurface
2874.89 3674.87 149.484 10 0 0 0 548197 25.9252 55704.6 1.71539 2.27348e+07 548197 ZonesAtSurface
2924.87 3674.82 189.478 8 9 0 0 995019 27.4485 78219.8 3.58511 918802 995019 ZonesAtSurface
2974.86 3674.54 229.469 5 10 0 0 1.09993e+06 40.5438 65325.1 1.11747 5.45727e+06 1.09993e+06 ZonesAtSurface
3024.86 3675 219.46 0 0 0 0 1.2597e+06 20.7253 89453.3 4.66381 2.66946e+06 1.2597e+06 ZonesAtSurface
3074.87 3674.59 309.435 10 0 0 0 563454 24.5962 144819 1.13102 2.18782e+07 563454 ZonesAtSurface
3124.88 3674.99 299.42 0 0 0 0 946589 27.1161 92180.5 3.13884 4.70871e+06 946589 ZonesAtSurface
3174.89 3674.99 339.405 0 0 0 0 1.03786e+06 31.4803 52065.3 4.31163 4.39872e+06 1.03786e+06 ZonesAtSurface
3224.9 3674.99 379.388 0 0 0 0 1.45363e+06 29.2751 88276.8 4.05248 3.54515e+06 1.45363e+06 ZonesAtSurface
3274.92 3674.69 469.37 10 2 1 4 657589 42.0967 88733.7 1.40375 2.7071e+06 657589 ZonesAtSurface
3324.92 3675 509.337 0 0 1 4 1.45925e+06 32.4982 112681 1.51268 5.77017e+06 1.45925e+06 ZonesAtSurface
3374.93 3675 599.28 0 0 1 3 935619 38.3042 79148.9 1.34036 5.3878e+06 935619 ZonesAtSurface
3424.98 3675 739.209 0 10 2 1 862084 44.5057 114662 2.02316 1.93033e+06 862084 ZonesAtSurface
3475.01 3675 779.17 0 0 2 1 1.36189e+06 35.4665 96421 2.73718 2.06116e+06 1.36189e+06 ZonesAtSurface
3525.04 3675 819.133 0 3 2 1 1.39074e+06 33.4394 67118.4 2.59965 1.95673e+06 1.39074e+06 ZonesAtSurface
3575.05 3675 809.108 0 1 2 2 1.17703e+06 20.151 51246.4 1.24501 2.71103e+06 1.17703e+06 ZonesAtSurface
3625.06 3675 799.085 0 0 2 3 1.38044e+06 29.8921 104401 1.67895 3.23174e+06 1.38044e+06 ZonesAtSurface
3675.09 3675 839.042 2 4 1 3 777354 20.9554 67605.9 1.2597 1.94742e+06 777354 ZonesAtSurface
3725.11 3675 829.006 0 0 1 4 1.29752e+06 20.2517 61470.8 1.47632 3.03987e+06 1.29752e+06 ZonesAtSurface
3775.14 3675 928.955 0 0 2 2 1.04088e+06 38.5114 123774 3.96606 1.59681e+06 1.04088e+06 ZonesAtSurface
3825.15 3675 938.962 0 4 2 1 1.05053e+06 18.7416 96249.4 10 385464 1.05053e+06 ZonesAtSurface
3875.18 3675 898.989 4 0 2 1 624801 24.2443 110180 2.7259 1.04477e+06 624801 ZonesAtSurface
3925.19 3675 909.032 0 0 0 0 799076 41.0847 99438.8 3.46891 1.4013e+06 799076 ZonesAtSurface
3975.29 3675 819.087 0 0 2 1 980824 15.6049 85130.3 1.43548 2.23353e+06 980824 ZonesAtSurface
4025.32 3675 829.141 0 0 0 0 1.13342e+06 39.0123 130604 2.16769 3.07415e+06 1.13342e+06 ZonesAtSurface
4075.43 3675 739.203 5 0 1 1 715085 20.4589 64904.4 1.17714 2.50242e+06 715085 ZonesAtSurface
4125.46 3675 749.251 0 7 0 0 1.2348e+06 36.2711 79043 2.95777 2.00027e+06 1.2348e+06 ZonesAtSurface
4175.55 3675 659.305 0 0 1 1 1.17356e+06 33.98 90254.1 1.79365 3.15324e+06 1.17356e+06 ZonesAtSurface
4225.59 3675 619.348 0 0 1 1 562290 33.4983 53613.1 1.37201 2.69049e+06 562290 ZonesAtSurface
4275.6 3675 629.382 1 3 0 0 829691 30.5771 113519 2.55573 1.38259e+06 829691 ZonesAtSurface
4325.64 3675 589.414 0 8 0 0 1.46801e+06 43.0542 134461 2.79942 2.54773e+06 1.46801e+06 ZonesAtSurface
4375.65 3675 549.448 0 0 0 0 1.15988e+06 42.8701 124697 2.16241 2.97708e+06 1.15988e+06 ZonesAtSurface
4425.66 3675 509.478 0 0 0 0 1.15027e+06 18.8653 109043 1.50024 2.35233e+06 1.15027e+06 ZonesAtSurface
4475.67 3675 469.505 0 0 0 0 580442 33.2874 52796 1.4019 2.14233e+06 580442 ZonesAtSurface
4525.67 3675 429.531 0 0 0 0 1.35679e+06 34.6018 94197.5 2.78158 2.36996e+06 1.35679e+06 ZonesAtSurface
4575.67 3675 389.554 0 0 0 0 1.26419e+06 35.0316 132832 2.94413 1.77264e+06 1.26419e+06 ZonesAtSurface
4625.68 3675 349.567 0 4 0 0 662760 23.3701 111127 2.17875 909481 662760 ZonesAtSurface
4675.56 3675 159.613 6 0 1 3 1.02374e+06 24.5301 59303.1 1.02704 5.47386e+06 1.02374e+06 ZonesAtSurface
4725.51 3675 119.623 9 0 1 3 584304 23.3888 80981.9 1.06619 3.16139e+06 584304 ZonesAtSurface
4775.34 3675 29.603 0 0 1 4 1.24553e+06 42.2176 91688.7 2.7845 1.1574e+07 1.24553e+06 ZonesAtSurface
4825.29 3675 39.6227 18 0 1 3 974787 18.0532 79668.5 1.02949 7.67216e+06 974787 ZonesAtSurface
4875.21 3675 49.6514 28 0 1 2 672775 18.3984 61618.7 1.02832 5.57038e+06 672775 ZonesAtSurface
4925.12 3675 59.6729 17 0 1 1 809663 21.4174 61044.4 1.03449 6.45131e+06 809663 ZonesAtSurface
74.9533 3725 -11.8388 33 0 1 2 680618 38.1378 65504.3 1.17549 6.63999e+06 680618 ZonesAtSurface
124.836 3725 -36.8573 27 0 1 3 1.23358e+06 28.425 90400.1 1.06407 9.07751e+06 1.23358e+06 ZonesAtSurface
174.752 3725 -11.8305 35 0 1 3 842726 16.8788 128200 1.16877 2.41256e+06 842726 ZonesAtSurface
224.693 3725 -36.8801 11 0 1 4 1.03829e+06 35.1173 104734 1.01124 9.29819e+06 1.03829e+06 ZonesAtSurface
274.623 3725 -11.8686 13 0 1 4 839870 38.9039 134028 1.04759 5.61658e+06 839870 ZonesAtSurface
324.603 3725 -36.9006 0 0 1 5 751007 39.4039 109919 1.72509 1.0584e+07 751007 ZonesAtSurface
374.544 3725 -11.9007 0 0 1 5 1.48363e+06 29.1482 87158.3 1.41905 9.83334e+06 1.48363e+06 ZonesAtSurface
424.437 3725.01 63.1065 4 0 1 4 756273 39.2772 145467 1.31321 7.24314e+06 756273 ZonesAtSurface
474.358 3725.01 138.106 3 0 1 3 750013 26.4664 94361.4 1.01894 4.99686e+06 750013 ZonesAtSurface
524.277 3725.01 263.093 0 0 2 1 1.04422e+06 34.5429 95996.7 1.57574 2.79362e+06 1.04422e+06 ZonesAtSurface
574.268 3725.01 338.082 5 0 0 0 1.26185e+06 20.0957 131401 2.10207 1.89943e+06 1.26185e+06 ZonesAtSurface
624.263 3725.01 363.069 5 0 0 0 597429 28.5717 110293 1.70592 1.79997e+06 597429 ZonesAtSurface
674.258 3725.01 388.054 0 0 0 0 844953 25.6447 139455 2.03643 1.73861e+06 844953 ZonesAtSurface
724.255 3725.01 413.038 0 0 0 0 1.07045e+06 33.4229 128286 3.13032 1.62912e+06 1.07045e+06 ZonesAtSurface
774.254 3725.01 438.019 0 0 0 0 526331 40.3135 126208 2.78317 1.43241e+06 526331 ZonesAtSurface
824.256 3725.01 463 0 0 0 0 573679 39.9489 99108.7 3.27253 1.23451e+06 573679 ZonesAtSurface
874.259 3725.01 487.98 0 0 0 0 867262 36.4423 81489.9 4.04785 1.1723e+06 867262 ZonesAtSurface
924.265 3725.01 512.96 0 0 0 0 1.22573e+06 25.3933 132904 3.78416 1.19476e+06 1.22573e+06 ZonesAtSurface
974.275 3725.01 537.939 0 0 0 0 869744 43.114 107759 4.72417 1.20481e+06 869744 ZonesAtSurface
1024.29 3725.01 562.917 0 0 0 0 1.27945e+06 39.354 63846.7 5.95136 1.11654e+06 1.27945e+06 ZonesAtSurface
1074.31 3725.01 587.893 0 0 0 0 589002 35.1881 82067.8 3.27727 990663 589002 ZonesAtSurface
1124.34 3725.01 612.866 0 0 0 0 915454 27.4866 106193 3.81214 965918 915454 ZonesAtSurface
1174.37 3725.01 637.838 0 0 0 0 732214 21.1139 149246 2.99223 842788 732214 ZonesAtSurface
1224.4 3725.01 662.809 0 0 0 0 771174 39.4576 107458 7.41783 603341 771174 ZonesAtSurface
1274.44 3725.01 687.782 0 0 0 0 752826 22.5448 144654 6.41368 399578 752826 ZonesAtSurface
1324.47 3725.01 712.758 0 0 0 0 621595 25.345 106045 2.77711 783816 621595 ZonesAtSurface
1374.48 3725 687.744 0 0 2 1 1.1111e+06 40.7163 60143.3 3.27571 1.62323e+06 1.1111e+06 ZonesAtSurface
1424.5 3725 662.735 0 0 2 2 1.39095e+06 30.9392 110332 4.09517 1.54564e+06 1.39095e+06 ZonesAtSurface
1474.53 3725 687.715 0 0 2 2 619845 28.1911 51161.5 2.89164 968547 619845 ZonesAtSurface
1524.57 3725 712.686 4 0 2 2 512448 16.3869 101868 1.23963 1.30345e+06 512448 ZonesAtSurface
1574.63 3725 787.646 7 0 2 1 588393 22.2439 68313 1.44046 1.8716e+06 588393 ZonesAtSurface
1624.69 3725 862.612 0 3 0 0 552924 39.6497 63729.2 2.70801 875924 552924 ZonesAtSurface
1674.73 3725 887.588 0 4 0 0 866685 21.1989 106623 4.18226 638101 866685 ZonesAtSurface
1724.72 3725 762.613 4 7 2 3 769074 39.5273 136586 1.41742 2.06889e+06 769074 ZonesAtSurface
1774.74 3725 687.669 13 0 2 5 870112 22.5118 102614 1.11298 2.5344e+06 870112 ZonesAtSurface
1824.77 3725 712.676 0 9 2 5 1.45335e+06 32.1816 91396.6 1.8249 2.77629e+06 1.45335e+06 ZonesAtSurface
1874.8 3725 687.684 2 0 2 6 894035 33.8341 91410.1 1.0642 3.96709e+06 894035 ZonesAtSurface
1924.85 3725 712.702 0 6 2 6 1.24664e+06 19.6138 100480 1.08542 3.1874e+06 1.24664e+06 ZonesAtSurface
1974.89 3725 737.721 0 6 2 6 1.10691e+06 33.9778 148382 1.08244 3.50524e+06 1.10691e+06 ZonesAtSurface
2024.94 3725 700.258 1 5 2 6 1.22569e+06 38.9478 82006.7 1.05071 4.63437e+06 1.22569e+06 ZonesAtSurface
2074.97 3725 600.32 4 0 1 6 836564 41.9458 83339 1.07451 5.97348e+06 836564 ZonesAtSurface
2125 3725 550.371 4 0 2 5 1.35764e+06 38.1101 97622 1.12805 5.31782e+06 1.35764e+06 ZonesAtSurface
2175.03 3724.99 450.417 0 0 1 5 1.34341e+06 32.8654 57358.3 1.97352 6.04643e+06 1.34341e+06 ZonesAtSurface
2225.06 3724.54 400.452 10 10 0 0 1.2309e+06 15.5938 123973 0.670498 4.72053e+06 1.2309e+06 ZonesAtSurface
2275.07 3723.3 350.471 10 0 0 0 970442 36.3815 96574.7 5.08208 4.03911e+06 970442 ZonesAtSurface
2325.11 3724.99 150.48 0 0 0 0 735164 44.7005 64301.4 10 2.52193e+06 735164 ZonesAtSurface
2375.11 3724.99 50.4872 0 0 0 0 715061 15.854 106970 2.11121 3.76591e+06 715061 ZonesAtSurface
2425.1 3724.54 0.490188 10 9 0 0 532493 30.0341 89590.8 0 167249 532493 ZonesAtSurface
2475.08 3724.83 -99.5063 10 8 0 0 1.36299e+06 29.3153 89295.7 1.86884 3.08895e+06 1.36299e+06 ZonesAtSurface
2525.06 3724.97 -129.497 0 0 0 0 1.19654e+06 38.1142 129330 5.01477 9.38363e+06 1.19654e+06 ZonesAtSurface
2575.02 3724.87 -89.4848 9 8 0 0 934464 24.5629 83637.6 1.45994 2.11379e+06 934464 ZonesAtSurface
2624.97 3724.78 -49.4777 7 10 0 0 954663 37.8368 98793.8 1.16582 3.7985e+06 954663 ZonesAtSurface
2674.93 3724.64 -9.48255 7 9 0 0 1.29302e+06 42.9347 77975.5 0 3.42359e+06 1.29302e+06 ZonesAtSurface
2724.9 3724.65 30.5027 10 0 0 0 702234 35.3722 124347 1.19053 3.41381e+07 702234 ZonesAtSurface
2774.9 3724.7 70.4898 9 0 0 0 1.11623e+06 32.0499 141563 1.38531 4.932e+07 1.11623e+06 ZonesAtSurface
2824.89 3724.99 60.4843 0 0 0 0 640235 32.0673 52058.6 6.40233 4.90517e+06 640235 ZonesAtSurface
2874.88 3724.74 150.477 10 0 0 0 768990 18.1243 131611 1.1189 1.60776e+07 768990 ZonesAtSurface
2924.88 3724.86 190.467 9 0 0 0 593292 41.5792 105173 3.44245 2.98022e+07 593292 ZonesAtSurface
2974.88 3724.61 230.465 10 0 0 0 926462 42.8181 56297.9 1.96242 3.06122e+07 926462 ZonesAtSurface
3024.87 3724.44 270.46 5 0 0 0 697590 23.0772 53409.7 0.857621 4.37217e+06 697590 ZonesAtSurface
3074.86 3724.49 310.444 4 0 0 0 1.27361e+06 22.9825 108589 1.01244 1.57967e+07 1.27361e+06 ZonesAtSurface
3124.87 3725 300.428 0 0 0 0 1.43614e+06 36.4884 101720 10 1.28518e+06 1.43614e+06 ZonesAtSurface
3174.88 3725 340.407 0 0 0 0 1.27442e+06 16.334 104467 5.92767 1.62836e+06 1.27442e+06 ZonesAtSurface
3224.9 3724.99 380.386 0 0 0 0 1.41903e+06 34.4751 136754 8.04199 2.52566e+06 1.41903e+06 ZonesAtSurface
3274.92 3724.7 470.368 10 0 1 4 1.11848e+06 16.4616 92293 1.1662 3.83593e+06 1.11848e+06 ZonesAtSurface
3324.92 3725 510.335 4 0 1 4 1.19256e+06 24.9044 113924 1.12038 5.24509e+06 1.19256e+06 ZonesAtSurface
3374.93 3725 600.281 9 0 1 3 1.31375e+06 16.241 148150 1.00269 4.14764e+06 1.31375e+06 ZonesAtSurface
3424.96 3725 690.222 10 0 1 2 627823 44.3395 82300.9 1.31215 3.61123e+06 627823 ZonesAtSurface
3474.99 3725 730.179 0 0 1 2 821577 40.2905 119913 1.7005 3.46382e+06 821577 ZonesAtSurface
3525.04 3725 820.133 6 0 2 1 818193 18.9138 53237.6 1.17754 2.01153e+06 818193 ZonesAtSurface
3575.05 3725 810.108 0 5 2 2 1.17634e+06 16.4276 80709.5 1.22522 2.56309e+06 1.17634e+06 ZonesAtSurface
3625.06 3725 800.085 0 0 2 3 1.0557e+06 41.3052 55399.3 2.10365 3.21676e+06 1.0557e+06 ZonesAtSurface
3675.09 3725 840.043 8 0 2 3 516574 28.9631 137821 1.31671 1.47664e+06 516574 ZonesAtSurface
3725.12 3725 879.991 10 0 2 3 502766 33.4755 94789.6 1.65835 1.70236e+06 502766 ZonesAtSurface
3775.15 3725 879.961 0 0 1 3 585690 39.8014 74147.8 4.55647 1.37766e+06 585690 ZonesAtSurface
3825.15 3725 939.96 6 10 2 1 564314 39.7887 51553.6 5.76076 812101 564314 ZonesAtSurface
3875.15 3725 949.989 0 10 0 0 1.30086e+06 18.2923 131639 4.74725 833108 1.30086e+06 ZonesAtSurface
3925.19 3725 910.03 9 0 0 0 651256 22.8006 85983.5 1.43411 1.47298e+06 651256 ZonesAtSurface
3975.25 3725 870.082 0 0 0 0 1.47445e+06 43.4347 139775 4.13224 2.12188e+06 1.47445e+06 ZonesAtSurface
4025.4 3725 730.152 3 0 1 2 820946 23.5357 148380 1.2408 3.30315e+06 820946 ZonesAtSurface
4075.39 3725 790.199 0 0 0 0 1.15464e+06 31.7795 120061 1.97133 2.70829e+06 1.15464e+06 ZonesAtSurface
4125.46 3725 750.251 0 5 0 0 1.46518e+06 36.2484 95603.4 3.62674 1.69183e+06 1.46518e+06 ZonesAtSurface
4175.55 3725 660.303 0 0 2 1 1.47568e+06 28.0195 107150 2.09602 2.96603e+06 1.47568e+06 ZonesAtSurface
4225.59 3725 620.346 0 0 1 1 840167 35.2039 78845.9 1.78947 2.77064e+06 840167 ZonesAtSurface
4275.61 3725 630.38 0 8 0 0 1.04164e+06 34.0008 116292 2.57422 1.77567e+06 1.04164e+06 ZonesAtSurface
4325.64 3725 590.414 0 1 0 0 1.29781e+06 26.1178 52469.9 1.59333 2.97716e+06 1.29781e+06 ZonesAtSurface
4375.65 3725 550.447 0 0 0 0 1.41845e+06 28.6918 148671 2.15252 2.40958e+06 1.41845e+06 ZonesAtSurface
4425.66 3725.01 510.476 0 0 0 0 1.2796e+06 39.1666 71501.6 2.61442 2.74395e+06 1.2796e+06 ZonesAtSurface
4475.67 3725.01 470.504 0 0 0 0 1.33739e+06 20.4898 149440 2.14685 2.04193e+06 1.33739e+06 ZonesAtSurface
4525.67 3725 380.536 0 0 1 1 1.43177e+06 31.9476 146413 2.47098 3.16504e+06 1.43177e+06 ZonesAtSurface
4575.67 3725 390.555 1 0 0 0 531606 42.5714 71848.9 2.23125 1.65171e+06 531606 ZonesAtSurface
4625.67 3725 300.576 5 6 2 1 1.11701e+06 44.5522 146758 1.80386 3.61186e+06 1.11701e+06 ZonesAtSurface
4675.56 3725 160.611 3 0 1 3 1.07308e+06 28.9745 130676 1.04052 5.38822e+06 1.07308e+06 ZonesAtSurface
4725.43 3725 70.6119 0 0 1 4 1.27168e+06 39.9578 70810.4 1.679 1.03523e+07 1.27168e+06 ZonesAtSurface
4775.34 3725 30.6037 0 0 1 4 884201 42.8769 137853 2.58648 1.20183e+07 884201 ZonesAtSurface
4825.29 3725 40.6233 14 0 1 3 1.14982e+06 34.0231 90710.1 1.03715 1.23209e+07 1.14982e+06 ZonesAtSurface
4875.2 3725 50.6534 18 0 1 2 1.3436e+06 20.9541 131214 1.03098 7.11403e+06 1.3436e+06 ZonesAtSurface
4925.12 3725 60.6698 29 0 1 1 972226 43.1397 83232.4 1.02385 1.22078e+07 972226 ZonesAtSurface
74.9496 3775.01 -10.8398 26 0 1 2 810129 43.9491 54744 1.15671 7.56814e+06 810129 ZonesAtSurface
124.834 3775.01 -35.8626 23 0 1 3 1.49995e+06 29.4295 79309.7 1.05299 1.04272e+07 1.49995e+06 ZonesAtSurface
174.756 3775.01 -10.8346 30 0 1 3 528420 33.9152 105858 1.30665 3.01551e+06 528420 ZonesAtSurface
224.691 3775 -35.8806 23 0 1 4 1.22398e+06 15.608 52978.7 1.01523 6.16913e+06 1.22398e+06 ZonesAtSurface
274.614 3775 -10.8748 12 0 1 4 967880 42.1946 60512.4 1.03091 6.98522e+06 967880 ZonesAtSurface
324.603 3775.01 -35.9016 0 0 1 5 603371 32.1659 146667 1.11514 1.0058e+07 603371 ZonesAtSurface
374.545 3775.01 -10.9016 0 0 1 5 1.40566e+06 36.2679 72057.8 2.1279 9.7887e+06 1.40566e+06 ZonesAtSurface
424.439 3775.01 64.1056 2 0 1 4 991966 33.1883 112711 1.22907 7.33267e+06 991966 ZonesAtSurface
474.359 3775.01 139.106 2 0 1 3 1.25306e+06 31.9128 52171 1.07148 6.23745e+06 1.25306e+06 ZonesAtSurface
524.269 3775.01 314.089 0 8 0 0 973207 37.2663 58165.4 5.71765 761401 973207 ZonesAtSurface
574.269 3775.01 339.081 0 0 0 0 691768 42.8736 124345 2.34425 1.65875e+06 691768 ZonesAtSurface
624.265 3775.01 364.068 0 0 0 0 780372 41.757 145837 3.29178 1.85494e+06 780372 ZonesAtSurface
674.26 3775.01 389.053 0 0 0 0 1.42792e+06 26.7848 93205.6 3.15891 1.75676e+06 1.42792e+06 ZonesAtSurface
724.257 3775.01 414.037 0 0 0 0 1.23393e+06 29.2521 132465 3.21484 1.60084e+06 1.23393e+06 ZonesAtSurface
774.256 3775.01 439.019 0 0 0 0 777643 41.1723 104366 3.63066 1.4287e+06 777643 ZonesAtSurface
824.258 3775.01 463.999 0 0 0 0 1.04642e+06 18.0124 70918 2.6401 1.24297e+06 1.04642e+06 ZonesAtSurface
874.261 3775.01 488.979 0 0 0 0 932538 17.2604 131068 2.42695 1.17976e+06 932538 ZonesAtSurface
924.267 3775.01 513.96 0 0 0 0 1.37146e+06 39.6916 60707 6.24644 1.20274e+06 1.37146e+06 ZonesAtSurface
974.277 3775.01 538.938 0 0 0 0 957995 27.5038 131073 3.11594 1.21001e+06 957995 ZonesAtSurface
1024.29 3775.01 563.916 0 0 0 0 1.22953e+06 32.4759 85946.7 4.72252 1.12304e+06 1.22953e+06 ZonesAtSurface
1074.31 3775.01 588.892 0 0 0 0 878962 15.164 101828 2.52042 1.00723e+06 878962 ZonesAtSurface
1124.34 3775.01 613.865 0 0 0 0 737017 26.0276 68795.6 3.16012 951463 737017 ZonesAtSurface
1174.37 3775.01 638.836 0 0 0 0 1.31697e+06 20.294 130361 5.2804 790661 1.31697e+06 ZonesAtSurface
1224.4 3775.01 663.807 0 0 0 0 1.48157e+06 40.0999 104212 10 640304 1.48157e+06 ZonesAtSurface
1274.44 3775.01 688.78 0 0 0 0 1.02113e+06 20.2457 126545 7.00607 451725 1.02113e+06 ZonesAtSurface
1324.47 3775.01 713.756 0 0 0 0 1.4734e+06 41.0759 71943.8 10 732179 1.4734e+06 ZonesAtSurface
1374.49 3775.01 688.742 0 5 2 1 1.34956e+06 32.4429 80934.8 2.7908 1.86295e+06 1.34956e+06 ZonesAtSurface
1424.5 3775 663.734 0 0 2 2 1.18173e+06 18.3433 76452.7 2.71868 1.437e+06 1.18173e+06 ZonesAtSurface
1474.53 3775 688.716 0 2 2 2 982889 41.5076 65720.8 4.82324 1.11119e+06 982889 ZonesAtSurface
1524.57 3775 713.686 0 0 2 2 1.43417e+06 19.957 83634.6 1.81518 2.60656e+06 1.43417e+06 ZonesAtSurface
1574.63 3775 788.644 0 0 2 1 1.39202e+06 36.5175 103228 3.26077 2.19138e+06 1.39202e+06 ZonesAtSurface
1624.69 3775 863.611 0 5 0 0 1.18877e+06 23.0661 98650.7 3.36656 1.05789e+06 1.18877e+06 ZonesAtSurface
1674.73 3775 888.588 0 7 0 0 516746 27.2492 123233 2.06362 736957 516746 ZonesAtSurface
1724.72 3775 763.614 4 6 2 3 826042 31.3658 133221 1.17894 2.30128e+06 826042 ZonesAtSurface
1774.74 3775 688.672 14 0 2 5 532215 21.6426 70173.3 1.1199 1.99747e+06 532215 ZonesAtSurface
1824.77 3775 713.678 3 6 2 5 924818 36.4718 143768 1.21754 2.67482e+06 924818 ZonesAtSurface
1874.8 3775 688.683 4 0 2 6 1.24774e+06 42.335 93566.5 1.04709 5.44008e+06 1.24774e+06 ZonesAtSurface
1924.84 3775 713.699 6 0 2 6 819794 26.0155 76038 1.08627 2.6264e+06 819794 ZonesAtSurface
1974.89 3775 738.719 0 6 2 6 1.37944e+06 17.0236 76646.7 1.08049 3.39437e+06 1.37944e+06 ZonesAtSurface
2024.94 3775 701.258 6 1 2 6 931940 40.665 138684 1.0271 3.48425e+06 931940 ZonesAtSurface
2074.97 3775 601.319 5 0 1 6 742223 33.7611 140505 1.06053 5.18148e+06 742223 ZonesAtSurface
2124.99 3775 551.369 9 0 1 5 1.33752e+06 17.2208 70986.7 0 3.52349e+06 1.33752e+06 ZonesAtSurface
2175 3774.98 451.407 4 0 1 5 1.37414e+06 41.8628 57054.4 4.32387 1.46111e+07 1.37414e+06 ZonesAtSurface
2225.03 3774.97 351.434 0 0 0 0 1.18184e+06 20.8948 61839.3 1.2634 1.41636e+07 1.18184e+06 ZonesAtSurface
2275.08 3774.98 251.46 2 0 0 0 1.08381e+06 29.9973 137742 1.74449 7.91683e+06 1.08381e+06 ZonesAtSurface
2325.09 3773.28 251.479 10 0 0 0 660399 43.1828 137709 3.67439 4.63451e+06 660399 ZonesAtSurface
2375.1 3774.39 101.485 6 0 0 0 867747 39.8306 92603.9 1.00075 7.50995e+06 867747 ZonesAtSurface
2425.09 3774.57 1.48809 10 0 0 0 1.14895e+06 35.4733 145610 1.66385 4.27037e+07 1.14895e+06 ZonesAtSurface
2475.08 3774.78 -98.5097 10 0 0 0 711965 15.0218 80871.6 1.30424 3.48561e+07 711965 ZonesAtSurface
2525.07 3774.88 -128.505 10 0 0 0 704016 16.0993 78199.3 1.46996 1.8899e+07 704016 ZonesAtSurface
2575.03 3774.95 -88.4909 0 0 0 0 1.21868e+06 39.2529 143932 3.07783 1.50163e+07 1.21868e+06 ZonesAtSurface
2624.97 3774.96 -48.4782 0 0 0 0 1.45958e+06 44.6952 72046.7 3.85622 1.06913e+07 1.45958e+06 ZonesAtSurface
2674.93 3774.74 -8.47841 10 0 0 0 1.3421e+06 40.3176 147214 2.69091 1.19238e+07 1.3421e+06 ZonesAtSurface
2724.91 3775 -18.4878 0 0 0 0 1.24692e+06 18.6533 85011.3 4.38132 3.00418e+06 1.24692e+06 ZonesAtSurface
2774.89 3775 21.5024 0 0 0 0 712284 41.1183 79317.9 10 2.25798e+06 712284 ZonesAtSurface
2824.88 3775 61.4894 0 0 0 0 686025 27.1825 70891.4 6.53593 2.94012e+06 686025 ZonesAtSurface
2874.87 3775 101.475 0 0 0 0 1.32445e+06 15.8825 136675 2.61923 3.85403e+06 1.32445e+06 ZonesAtSurface
2924.89 3774.67 191.466 9 0 0 0 1.2506e+06 42.1451 60336.6 1.61185 5.89955e+07 1.2506e+06 ZonesAtSurface
2974.87 3774.99 181.464 0 0 0 0 1.27911e+06 30.4615 93937.5 4.27924 5.72146e+06 1.27911e+06 ZonesAtSurface
3024.87 3774.42 271.465 1 0 0 0 732991 44.8484 109742 1.0064 1.64858e+07 732991 ZonesAtSurface
3074.86 3775 261.451 0 0 0 0 1.31589e+06 24.6866 147452 5.64265 2.31449e+06 1.31589e+06 ZonesAtSurface
3124.87 3775 301.435 0 0 0 0 1.08363e+06 27.9432 79946.7 9.42337 1.48644e+06 1.08363e+06 ZonesAtSurface
3174.88 3775 341.412 0 0 0 0 556344 44.2072 119616 10 1.74308e+06 556344 ZonesAtSurface
3224.89 3775 381.386 0 0 0 0 787896 19.7019 83936.1 4.08827 2.04205e+06 787896 ZonesAtSurface
3274.91 3775 421.361 0 0 1 5 619988 20.6651 89891.5 3.77814 2.20293e+06 619988 ZonesAtSurface
3324.92 3775 511.332 3 0 1 4 980362 15.7432 105030 1.01476 3.79764e+06 980362 ZonesAtSurface
3374.93 3775 601.28 4 0 2 3 1.37269e+06 35.098 126882 1.09098 5.16567e+06 1.37269e+06 ZonesAtSurface
3424.96 3775 691.224 0 0 1 2 1.23903e+06 43.9282 136697 1.84014 3.61223e+06 1.23903e+06 ZonesAtSurface
3474.99 3775 731.178 0 0 1 2 1.24359e+06 18.8287 139845 1.13777 3.41753e+06 1.24359e+06 ZonesAtSurface
3525.02 3775 771.138 0 0 2 2 777141 16.0883 106989 1.1215 2.42539e+06 777141 ZonesAtSurface
3575.05 3775 811.107 0 3 2 2 1.17331e+06 21.7589 102242 1.40874 2.54335e+06 1.17331e+06 ZonesAtSurface
3625.06 3775 801.084 0 0 2 3 1.33259e+06 23.5186 110668 1.66687 3.08086e+06 1.33259e+06 ZonesAtSurface
3675.08 3775 841.044 0 3 1 3 903016 27.0657 93924.9 2.31394 1.46617e+06 903016 ZonesAtSurface
3725.12 3775 880.994 0 3 2 3 1.43899e+06 17.3263 143533 1.58429 2.57833e+06 1.43899e+06 ZonesAtSurface
3775.15 3775 880.961 3 0 1 3 1.00815e+06 17.2136 59678 2.80434 1.1885e+06 1.00815e+06 ZonesAtSurface
3825.14 3775 940.957 0 9 2 1 1.40161e+06 32.7486 65951 8.55579 674366 1.40161e+06 ZonesAtSurface
3875.14 3775 950.986 0 4 0 0 1.14148e+06 30.2716 64019.8 10 456730 1.14148e+06 ZonesAtSurface
3925.19 3775 911.028 4 0 0 0 759715 21.2771 97219.1 1.53146 1.65191e+06 759715 ZonesAtSurface
3975.25 3775 871.081 3 9 0 0 1.16697e+06 27.78 85366.5 1.78549 2.33981e+06 1.16697e+06 ZonesAtSurface
4025.32 3775 831.137 0 7 0 0 1.37054e+06 31.6075 75016.5 2.0255 2.64725e+06 1.37054e+06 ZonesAtSurface
4075.43 3775 741.2 0 0 2 1 1.48047e+06 38.4472 117422 3.2895 2.70072e+06 1.48047e+06 ZonesAtSurface
4125.45 3775 751.25 0 0 0 0 549906 41.4996 115600 2.80128 1.35416e+06 549906 ZonesAtSurface
4175.55 3775 661.301 0 0 2 1 822254 22.8939 60358.7 1.10741 2.73239e+06 822254 ZonesAtSurface
4225.59 3775 621.345 0 0 2 1 1.08735e+06 24.1603 77818.6 1.43459 3.05211e+06 1.08735e+06 ZonesAtSurface
4275.61 3775.01 631.378 3 10 0 0 840907 38.6142 128892 1.84992 1.88573e+06 840907 ZonesAtSurface
4325.65 3775 541.419 0 0 1 1 1.30027e+06 22.3996 135295 1.50503 3.47195e+06 1.30027e+06 ZonesAtSurface
4375.66 3775.01 501.452 0 0 2 1 677300 32.1024 58956.8 1.34849 2.97015e+06 677300 ZonesAtSurface
4425.66 3775.01 461.482 39 0 1 1 1.00971e+06 15.0177 103435 1.1187 2.99736e+06 1.00971e+06 ZonesAtSurface
4475.66 3775.01 471.507 0 0 0 0 1.41242e+06 35.5443 133295 3.74453 1.70586e+06 1.41242e+06 ZonesAtSurface
4525.67 3775.01 431.531 0 0 0 0 1.27226e+06 34.9447 146651 2.78758 2.24e+06 1.27226e+06 ZonesAtSurface
4575.67 3775.01 391.554 2 0 0 0 662570 37.0574 123096 1.89087 1.68172e+06 662570 ZonesAtSurface
4625.67 3775.01 351.569 0 8 0 0 1.15728e+06 34.3195 125912 3.67552 1.27507e+06 1.15728e+06 ZonesAtSurface
4675.56 3775 161.611 2 0 1 3 616065 19.7312 71082.4 1.04321 3.38852e+06 616065 ZonesAtSurface
4725.43 3775 71.6112 4 0 1 4 939717 24.757 145874 1.00245 8.3964e+06 939717 ZonesAtSurface
4775.34 3775 31.6036 0 0 1 4 1.09624e+06 39.4094 54517.2 2.14957 1.22791e+07 1.09624e+06 ZonesAtSurface
4825.28 3775 41.6262 20 0 1 3 872421 31.2426 56796.6 1.03355 1.14651e+07 872421 ZonesAtSurface
4875.2 3775 51.6482 28 0 1 2 1.02724e+06 43.1677 101447 1.01135 1.07077e+07 1.02724e+06 ZonesAtSurface
4925.12 3775 61.668 7 0 1 1 1.47003e+06 22.8345 85062.8 1.12927 8.01071e+06 1.47003e+06 ZonesAtSurface
74.9475 3825.01 -9.83356 45 0 1 2 1.39419e+06 22.4427 141571 1.1738 5.00586e+06 1.39419e+06 ZonesAtSurface
124.83 3825.01 -34.864 24 0 1 3 840854 17.696 101413 1.05906 6.1153e+06 840854 ZonesAtSurface
174.752 3825.01 -9.83595 24 10 1 3 1.24065e+06 39.1807 99537.1 1.3168 4.45653e+06 1.24065e+06 ZonesAtSurface
224.688 3825.01 -34.8833 19 0 1 4 1.32165e+06 22.0483 103415 1.02232 8.52784e+06 1.32165e+06 ZonesAtSurface
274.61 3825.01 -9.87932 12 0 1 4 1.49062e+06 35.2362 135276 1.0172 8.14315e+06 1.49062e+06 ZonesAtSurface
324.602 3825.01 -34.9031 0 0 1 5 850642 39.5071 76552.3 1.70181 1.01195e+07 850642 ZonesAtSurface
374.545 3825.01 -9.90319 3 0 1 5 1.23757e+06 15.1564 61647 1.00197 7.34848e+06 1.23757e+06 ZonesAtSurface
424.444 3825.01 65.1063 1 0 1 4 1.09821e+06 32.2012 137653 1.12527 7.76565e+06 1.09821e+06 ZonesAtSurface
474.286 3825.01 240.095 0 2 2 1 1.40312e+06 32.7316 147767 2.27513 2.43935e+06 1.40312e+06 ZonesAtSurface
524.272 3825.01 315.09 0 5 0 0 1.21793e+06 15.0502 81552.5 2.92108 1.08937e+06 1.21793e+06 ZonesAtSurface
574.271 3825.01 340.08 0 0 0 0 1.34421e+06 25.8441 108133 3.00051 1.6121e+06 1.34421e+06 ZonesAtSurface
624.267 3825.01 365.067 0 0 0 0 889205 37.839 122807 2.81645 1.86632e+06 889205 ZonesAtSurface
674.262 3825.01 390.052 0 0 0 0 1.26147e+06 43.8234 50260.1 5.08903 1.74092e+06 1.26147e+06 ZonesAtSurface
724.259 3825.01 415.036 0 0 0 0 533703 20.2926 78321.7 1.33454 1.54012e+06 533703 ZonesAtSurface
774.258 3825.01 440.018 0 0 0 0 1.05231e+06 25.3766 68770.2 2.87644 1.40322e+06 1.05231e+06 ZonesAtSurface
824.259 3825.01 464.998 0 0 0 0 1.34201e+06 23.3983 115127 3.68788 1.26407e+06 1.34201e+06 ZonesAtSurface
874.262 3825.01 489.979 0 0 0 0 756586 29.2759 74239.9 2.85826 1.20309e+06 756586 ZonesAtSurface
924.269 3825.01 514.959 0 0 0 0 785470 29.2891 140742 2.841 1.20401e+06 785470 ZonesAtSurface
974.279 3825.01 539.937 0 0 0 0 855373 41.2073 102090 4.23126 1.23449e+06 855373 ZonesAtSurface
1024.29 3825.01 564.914 0 0 0 0 1.45909e+06 33.0057 94869.3 5.33601 1.14906e+06 1.45909e+06 ZonesAtSurface
1074.31 3825.01 589.89 0 0 0 0 501009 38.9294 62104.4 3.03907 1.04885e+06 501009 ZonesAtSurface
1124.34 3825.01 614.863 0 0 0 0 1.25473e+06 18.1588 63176 3.85934 984403 1.25473e+06 ZonesAtSurface
1174.38 3825.01 639.834 0 0 0 0 968438 41.3501 54497 7.31958 775039 968438 ZonesAtSurface
1224.41 3825.01 664.805 0 0 0 0 536793 26.8825 135434 3.6628 613793 536793 ZonesAtSurface
1274.44 3825.01 689.777 0 0 0 0 756209 19.3559 138385 5.39335 442203 756209 ZonesAtSurface
1324.48 3825.01 714.753 0 0 0 0 992712 17.2049 92399.5 3.98439 756625 992712 ZonesAtSurface
1374.49 3825.01 689.739 0 4 2 1 862976 40.5824 97193.3 1.95741 2.01787e+06 862976 ZonesAtSurface
1424.51 3825.01 664.731 1 5 2 2 803255 25.8107 118596 2.49394 1.45803e+06 803255 ZonesAtSurface
1474.54 3825.01 689.715 0 5 2 2 987906 43.5185 127320 6.72147 768030 987906 ZonesAtSurface
1524.57 3825.01 714.686 3 10 2 2 1.41838e+06 21.6249 107912 1.73323 2.54594e+06 1.41838e+06 ZonesAtSurface
1574.63 3825.01 789.641 0 1 2 1 1.28057e+06 33.916 75935 2.31379 2.63669e+06 1.28057e+06 ZonesAtSurface
1624.68 3825.01 864.607 0 7 0 0 1.2799e+06 40.1284 147317 4.37016 1.20413e+06 1.2799e+06 ZonesAtSurface
1674.73 3825.01 889.586 0 7 0 0 764544 24.1366 60316.6 3.35004 696964 764544 ZonesAtSurface
1724.71 3825 714.639 0 0 1 4 1.23635e+06 16.9365 140853 1.03359 3.25414e+06 1.23635e+06 ZonesAtSurface
1774.74 3825 689.67 6 0 1 5 828150 36.1709 140579 1.15486 3.40607e+06 828150 ZonesAtSurface
1824.77 3825 714.675 8 0 2 5 737723 29.7432 73539.9 1.03156 2.3653e+06 737723 ZonesAtSurface
1874.8 3825 689.684 3 0 2 6 539114 15.1631 73970.1 1.0151 2.54532e+06 539114 ZonesAtSurface
1924.84 3825 714.698 2 0 2 6 1.03686e+06 19.7029 66745 1.12064 2.93105e+06 1.03686e+06 ZonesAtSurface
1974.89 3825 739.718 0 6 2 6 1.10022e+06 34.5674 147264 1.1088 3.43296e+06 1.10022e+06 ZonesAtSurface
2024.93 3825 702.258 3 5 2 6 941154 31.6736 112995 1.0785 3.01793e+06 941154 ZonesAtSurface
2074.97 3825 602.318 6 0 1 6 818615 15.3262 147564 1.08186 3.06628e+06 818615 ZonesAtSurface
2124.99 3825 552.367 4 0 2 5 764587 31.3534 132799 0.997778 2.48463e+06 764587 ZonesAtSurface
2174.99 3824.99 452.403 10 0 1 5 548139 15.1925 103777 1.87672 6.01886e+06 548139 ZonesAtSurface
2225.02 3824.98 352.428 4 0 0 0 933007 31.6253 95511.9 1.53935 1.11838e+07 933007 ZonesAtSurface
2275.07 3824.32 302.45 4 2 0 0 988090 27.6517 55652.1 0 0 988090 ZonesAtSurface
2325.09 3824.99 152.473 1 0 0 0 1.21344e+06 20.854 63540.4 1.42164 6.84382e+06 1.21344e+06 ZonesAtSurface
2375.1 3824.98 52.4779 0 0 0 0 1.41877e+06 31.6195 134123 2.48246 1.02472e+07 1.41877e+06 ZonesAtSurface
2425.08 3824.42 2.47897 10 0 0 0 752101 44.6974 55786.8 1.02848 3.69421e+07 752101 ZonesAtSurface
2475.08 3824.99 -147.511 0 0 0 0 1.38993e+06 42.9401 131327 10 7.07667e+06 1.38993e+06 ZonesAtSurface
2525.06 3824.72 -127.503 10 0 0 0 781616 44.9815 148267 1.40984 6.05943e+07 781616 ZonesAtSurface
2575.02 3824.86 -87.4969 10 0 0 0 1.49512e+06 33.2093 69624.7 1.90107 3.45119e+07 1.49512e+06 ZonesAtSurface
2624.98 3824.94 -47.487 4 0 0 0 714045 25.1837 113813 1.09366 1.54309e+07 714045 ZonesAtSurface
2674.94 3824.72 -7.47915 10 0 0 0 1.04908e+06 33.3762 89681.4 1.99975 1.16343e+07 1.04908e+06 ZonesAtSurface
2724.91 3825 -17.4838 0 0 0 0 1.43175e+06 30.0285 136198 4.84906 4.81133e+06 1.43175e+06 ZonesAtSurface
2774.89 3825 22.5073 0 0 0 0 1.47111e+06 27.6503 133093 5.89959 3.2735e+06 1.47111e+06 ZonesAtSurface
2824.87 3825 62.4947 0 0 0 0 555145 24.813 66172.1 6.74089 2.15318e+06 555145 ZonesAtSurface
2874.87 3825 102.481 0 0 0 0 1.13905e+06 16.0548 142824 8.9216 1.15871e+06 1.13905e+06 ZonesAtSurface
2924.89 3824.5 192.466 6 0 0 0 768238 24.4277 64360.5 1.0374 2.1792e+07 768238 ZonesAtSurface
2974.87 3825 182.465 0 0 0 0 1.20625e+06 21.9314 79463.2 3.66836 3.43959e+06 1.20625e+06 ZonesAtSurface
3024.86 3825 222.46 0 0 0 0 1.46005e+06 22.7748 139358 4.45391 2.7705e+06 1.46005e+06 ZonesAtSurface
3074.86 3825 262.452 0 0 0 0 1.04387e+06 39.6026 137484 10 2.35998e+06 1.04387e+06 ZonesAtSurface
3124.86 3825 302.438 0 0 0 0 1.17117e+06 40.1095 88836.2 10 2.148e+06 1.17117e+06 ZonesAtSurface
3174.87 3825 342.417 0 0 0 0 1.23788e+06 35.293 96472 8.59861 2.18558e+06 1.23788e+06 ZonesAtSurface
3224.89 3825 382.389 0 0 0 0 1.07789e+06 40.5748 72160.1 9.67668 2.41561e+06 1.07789e+06 ZonesAtSurface
3274.9 3825 422.359 0 0 1 5 692682 38.6868 110411 7.10449 2.63394e+06 692682 ZonesAtSurface
3324.92 3825 512.33 8 0 1 4 599276 42.7801 118290 1.10862 4.06569e+06 599276 ZonesAtSurface
3374.93 3825.01 602.278 9 0 1 3 1.38125e+06 32.3074 55673.3 1.10515 5.2403e+06 1.38125e+06 ZonesAtSurface
3424.95 3825 642.23 0 0 1 3 632093 25.8177 127222 1.00652 3.74213e+06 632093 ZonesAtSurface
3474.99 3825 732.175 4 0 1 2 1.34828e+06 21.338 57415.6 1.29282 3.57256e+06 1.34828e+06 ZonesAtSurface
3525.01 3825 772.135 0 0 2 2 1.47721e+06 39.6188 114178 2.37634 3.15053e+06 1.47721e+06 ZonesAtSurface
3575.04 3825 812.104 0 0 2 2 678012 29.8765 69056.1 1.15636 2.32239e+06 678012 ZonesAtSurface
3625.07 3825 852.078 0 9 2 2 1.38705e+06 23.3114 57022.8 2.47643 1.68131e+06 1.38705e+06 ZonesAtSurface
3675.08 3825 842.048 0 4 2 3 1.03108e+06 41.9146 68934 2.45308 2.06652e+06 1.03108e+06 ZonesAtSurface
3725.1 3825 832.013 19 0 1 4 1.09167e+06 16.9829 59229.8 1.32125 2.66089e+06 1.09167e+06 ZonesAtSurface
3775.15 3825 881.958 9 2 2 3 623167 38.6276 116022 1.83287 1.8509e+06 623167 ZonesAtSurface
3825.14 3825 941.954 0 4 2 1 1.02501e+06 21.2777 100535 4.62497 727650 1.02501e+06 ZonesAtSurface
3875.14 3825.01 951.982 0 5 0 0 1.31271e+06 33.2379 121462 10 450160 1.31271e+06 ZonesAtSurface
3925.19 3825 912.026 0 0 0 0 1.30356e+06 39.4522 57406.9 3.35861 1.98499e+06 1.30356e+06 ZonesAtSurface
3975.29 3825 822.084 0 0 1 1 1.12656e+06 38.6471 94774.8 3.21462 2.17207e+06 1.12656e+06 ZonesAtSurface
4025.32 3825 832.135 0 9 0 0 1.37843e+06 37.3802 60458.2 2.46276 2.23858e+06 1.37843e+06 ZonesAtSurface
4075.43 3825 742.197 0 0 1 1 826883 36.5478 133408 2.14028 2.90521e+06 826883 ZonesAtSurface
4125.45 3825 752.249 2 6 0 0 615690 40.1112 138232 2.92313 1.06586e+06 615690 ZonesAtSurface
4175.52 3825.01 712.294 0 4 0 0 811125 36.4071 142995 1.872 1.91939e+06 811125 ZonesAtSurface
4225.59 3825 622.345 0 0 2 1 1.37313e+06 29.0329 141170 1.70004 3.31873e+06 1.37313e+06 ZonesAtSurface
4275.62 3825 582.385 3 0 2 1 883927 28.3948 56398.8 1.32225 3.07655e+06 883927 ZonesAtSurface
4325.65 3825 492.426 0 0 1 2 859398 39.6352 145931 2.38206 3.81777e+06 859398 ZonesAtSurface
4375.66 3825.01 502.455 0 0 1 1 653011 39.4186 76969.5 1.56876 3.0612e+06 653011 ZonesAtSurface
4425.66 3825.01 462.484 0 0 2 1 1.35769e+06 42.3086 138971 3.08678 3.04688e+06 1.35769e+06 ZonesAtSurface
4475.66 3825.01 472.508 0 0 0 0 881408 28.3609 51939.8 2.73568 1.30007e+06 881408 ZonesAtSurface
4525.66 3825.01 432.531 0 0 0 0 1.24822e+06 17.9054 65106.4 2.06304 1.80974e+06 1.24822e+06 ZonesAtSurface
4575.67 3825.01 392.553 0 0 0 0 1.4617e+06 39.8874 86825.6 4.07926 1.80483e+06 1.4617e+06 ZonesAtSurface
4625.67 3825.01 352.57 0 5 0 0 1.00804e+06 35.7969 105417 2.69205 1.66245e+06 1.00804e+06 ZonesAtSurface
4675.62 3825 212.601 4 0 2 2 1.32521e+06 37.554 66260.9 1.14734 5.36006e+06 1.32521e+06 ZonesAtSurface
4725.42 3825 72.6098 5 0 1 4 589890 24.2046 138589 1.00179 7.51934e+06 589890 ZonesAtSurface
4775.34 3825 32.6016 1 0 1 4 646492 32.3641 95529.3 1.44491 1.20945e+07 646492 ZonesAtSurface
4825.28 3825 42.6249 16 0 1 3 1.20206e+06 35.2186 140539 1.02989 1.28074e+07 1.20206e+06 ZonesAtSurface
4875.2 3825 52.6452 24 0 1 2 1.38985e+06 36.0307 51277.3 1.00989 1.12144e+07 1.38985e+06 ZonesAtSurface
4925.11 3825.01 62.6689 31 0 1 1 569962 43.8995 118661 1.12889 1.06222e+07 569962 ZonesAtSurface
74.9548 3875.01 -8.8309 44 0 1 2 1.22699e+06 23.9808 75300.8 1.20736 4.61442e+06 1.22699e+06 ZonesAtSurface
124.829 3875.01 -33.8619 27 0 1 3 710078 32.3402 141493 1.07734 8.59272e+06 710078 ZonesAtSurface
174.743 3875.01 -8.83386 32 0 1 3 754230 30.4937 135813 1.16156 2.36123e+06 754230 ZonesAtSurface
224.684 3875.01 -33.8874 14 0 1 4 1.24923e+06 30.084 78003.8 1.01627 1.06239e+07 1.24923e+06 ZonesAtSurface
274.61 3875.01 -8.88198 3 0 1 4 1.24159e+06 42.5787 69556.8 1.16552 8.56872e+06 1.24159e+06 ZonesAtSurface
324.552 3875.01 16.122 9 0 1 4 1.11882e+06 32.9385 55188.7 1.02935 7.88676e+06 1.11882e+06 ZonesAtSurface
374.546 3875.01 -8.9053 0 0 1 5 602616 34.9017 115861 1.74427 8.96472e+06 602616 ZonesAtSurface
424.446 3875.01 66.106 0 0 1 4 1.26955e+06 22.764 147799 1.00835 7.12809e+06 1.26955e+06 ZonesAtSurface
474.288 3875.01 241.095 5 0 2 1 817785 43.5711 68572.1 2.10085 2.51857e+06 817785 ZonesAtSurface
524.276 3875.01 316.089 0 2 0 0 1.38104e+06 19.1924 148668 3.33882 1.17387e+06 1.38104e+06 ZonesAtSurface
574.274 3875.01 341.08 0 0 0 0 1.35534e+06 38.5369 100965 4.50914 1.49651e+06 1.35534e+06 ZonesAtSurface
624.269 3875.01 366.065 0 0 0 0 999070 32.4213 70273.3 2.52715 2.22194e+06 999070 ZonesAtSurface
674.263 3875.01 391.05 0 0 0 0 1.32812e+06 41.7036 110608 5.26913 1.5843e+06 1.32812e+06 ZonesAtSurface
724.261 3875.01 416.034 0 0 0 0 1.18019e+06 21.4861 118774 2.89005 1.43223e+06 1.18019e+06 ZonesAtSurface
774.26 3875.01 441.016 0 0 0 0 555732 39.1451 133115 2.96593 1.36206e+06 555732 ZonesAtSurface
824.261 3875.01 465.997 0 0 0 0 519883 24.6113 52155.2 1.75488 1.27364e+06 519883 ZonesAtSurface
874.264 3875.01 490.978 0 0 0 0 579749 21.8219 71917.7 1.83213 1.21308e+06 579749 ZonesAtSurface
924.271 3875.01 515.958 0 0 0 0 600251 43.138 76783.8 3.61574 1.25191e+06 600251 ZonesAtSurface
974.282 3875.01 540.936 0 0 0 0 902459 42.5875 91101.5 4.47774 1.27005e+06 902459 ZonesAtSurface
1024.3 3875.01 565.913 0 0 0 0 505221 19.9262 126080 1.54458 1.15655e+06 505221 ZonesAtSurface
1074.32 3875.01 590.888 0 0 0 0 1.24101e+06 21.5582 79457.3 3.65243 1.0834e+06 1.24101e+06 ZonesAtSurface
1124.35 3875.01 615.86 0 0 0 0 674160 40.8275 75911.8 4.26968 978758 674160 ZonesAtSurface
1174.38 3875.01 640.831 0 0 0 0 834538 39.6357 114692 6.03454 763527 834538 ZonesAtSurface
1224.41 3875.01 665.802 0 0 0 0 569238 39.5681 137244 5.93455 612404 569238 ZonesAtSurface
1274.44 3875.01 690.775 0 0 0 0 976523 25.2733 75540.2 7.65542 462944 976523 ZonesAtSurface
1324.48 3875.01 715.75 0 0 0 0 637774 30.7804 104503 4.18511 690577 637774 ZonesAtSurface
1374.49 3875.01 690.735 0 4 2 1 1.16467e+06 17.258 60695 1.64654 1.95218e+06 1.16467e+06 ZonesAtSurface
1424.51 3875.01 665.728 0 9 2 2 1.17348e+06 39.2389 61519.1 4.40517 1.80319e+06 1.17348e+06 ZonesAtSurface
1474.52 3875.01 640.716 0 0 2 3 750515 39.2602 102666 3.89496 1.6457e+06 750515 ZonesAtSurface
1524.56 3875.01 665.691 23 0 2 3 514885 18.086 70944.5 1.06449 1.67152e+06 514885 ZonesAtSurface
1574.61 3875.01 740.645 9 0 2 2 582408 33.5207 70209.4 1.33641 2.51833e+06 582408 ZonesAtSurface
1624.67 3875.01 815.606 0 0 2 1 1.07508e+06 15.2519 125268 1.48911 2.07233e+06 1.07508e+06 ZonesAtSurface
1674.73 3875.01 890.584 0 7 0 0 978889 27.0646 135972 3.94881 771991 978889 ZonesAtSurface
1724.73 3875 765.612 7 10 2 3 1.40933e+06 16.1642 70797.1 1.10089 3.4284e+06 1.40933e+06 ZonesAtSurface
1774.74 3875 690.667 0 0 1 5 1.25981e+06 36.5001 78815.2 1.35967 4.26758e+06 1.25981e+06 ZonesAtSurface
1824.77 3875 665.678 0 0 2 6 1.26227e+06 16.1889 143811 1.37779 3.30842e+06 1.26227e+06 ZonesAtSurface
1874.8 3875 690.686 1 0 2 6 792548 42.8829 113231 1.0339 4.4864e+06 792548 ZonesAtSurface
1924.84 3875 715.698 0 6 2 6 1.1082e+06 28.939 70968.3 1.21078 3.05146e+06 1.1082e+06 ZonesAtSurface
1974.89 3875 740.716 0 6 2 6 1.4793e+06 35.4015 70879.3 1.49281 3.71633e+06 1.4793e+06 ZonesAtSurface
2024.93 3875 703.258 0 3 2 6 1.25461e+06 17.3094 145115 1.06324 3.13109e+06 1.25461e+06 ZonesAtSurface
2074.97 3875 603.319 6 0 1 6 1.22136e+06 37.1403 56243.8 1.05697 5.75512e+06 1.22136e+06 ZonesAtSurface
2125 3875 553.369 6 1 2 5 1.10044e+06 36.7406 105842 1.04843 3.96022e+06 1.10044e+06 ZonesAtSurface
2175.02 3875 453.413 0 0 1 5 1.00967e+06 41.9408 131355 4.99141 4.41725e+06 1.00967e+06 ZonesAtSurface
2225.05 3875 353.443 3 0 0 0 729333 28.3036 104289 4.74922 2.14573e+06 729333 ZonesAtSurface
2275.08 3875 253.463 0 0 0 0 1.48712e+06 43.6383 108402 10 1.46797e+06 1.48712e+06 ZonesAtSurface
2325.08 3874.39 203.475 8 0 0 0 742557 36.8148 143262 1.00006 8.86473e+06 742557 ZonesAtSurface
2375.1 3874.99 53.477 5 0 0 0 757958 15.989 70776.3 1.20245 6.13127e+06 757958 ZonesAtSurface
2425.1 3874.99 -46.5151 1 0 0 0 1.0561e+06 19.1581 59336.1 1.71221 6.25175e+06 1.0561e+06 ZonesAtSurface
2475.09 3875 -146.506 0 0 0 0 793028 16.0074 63439.9 1.8389 6.29237e+06 793028 ZonesAtSurface
2525.06 3875 -176.501 0 0 0 0 721685 33.9037 81552.7 5.84597 6.50312e+06 721685 ZonesAtSurface
2575.01 3874.71 -86.4949 9 0 0 0 1.4864e+06 40.3506 112519 1.29262 4.88666e+07 1.4864e+06 ZonesAtSurface
2624.99 3874.78 -46.495 9 0 0 0 1.43606e+06 15.9155 108698 1.30124 3.25989e+07 1.43606e+06 ZonesAtSurface
2674.96 3874.74 -6.48562 10 1 0 0 1.44467e+06 30.0009 83029.1 1.23905 4.36551e+06 1.44467e+06 ZonesAtSurface
2724.91 3874.57 33.5143 6 9 0 0 1.45677e+06 37.7708 143405 0 2.01271e+06 1.45677e+06 ZonesAtSurface
2774.88 3874.41 73.5012 10 0 0 0 954544 41.1514 86321.6 1.00069 1.02724e+07 954544 ZonesAtSurface
2824.87 3875 63.4968 0 0 0 0 730084 35.7585 68954.5 8.75007 2.94224e+06 730084 ZonesAtSurface
2874.86 3875 103.488 0 0 0 0 1.09858e+06 32.1793 142499 10 2.06775e+06 1.09858e+06 ZonesAtSurface
2924.86 3875 143.479 0 0 0 0 1.2662e+06 30.8569 114291 10 1.41988e+06 1.2662e+06 ZonesAtSurface
2974.86 3875 183.469 0 0 0 0 1.33912e+06 17.6786 117226 6.39893 1.48266e+06 1.33912e+06 ZonesAtSurface
3024.86 3875 223.46 0 0 0 0 1.14532e+06 44.5155 141859 10 1.73942e+06 1.14532e+06 ZonesAtSurface
3074.87 3874.4 313.456 4 0 0 0 1.23363e+06 44.9549 74941.9 1.00001 5.76593e+06 1.23363e+06 ZonesAtSurface
3124.86 3875 303.441 0 0 0 0 796628 35.7727 119412 6.12064 2.72988e+06 796628 ZonesAtSurface
3174.87 3875 343.42 0 0 0 0 1.20018e+06 26.7924 98535.6 3.84482 2.79235e+06 1.20018e+06 ZonesAtSurface
3224.88 3875 383.392 0 0 0 0 857415 35.5753 142598 4.18862 3.42634e+06 857415 ZonesAtSurface
3274.9 3875 423.359 0 0 1 5 984193 41.5919 78007 6.98744 2.9222e+06 984193 ZonesAtSurface
3324.92 3875 513.329 9 0 1 4 1.00128e+06 19.2026 126449 1.03869 3.14257e+06 1.00128e+06 ZonesAtSurface
3374.93 3875 553.286 0 0 1 4 780933 40.8306 81788.6 1.90252 5.44843e+06 780933 ZonesAtSurface
3424.96 3875 693.214 7 0 2 2 964961 26.7049 122411 1.07312 3.46615e+06 964961 ZonesAtSurface
3474.99 3875 733.17 0 0 2 2 1.07932e+06 23.6272 120483 1.08192 3.43443e+06 1.07932e+06 ZonesAtSurface
3525.01 3875 773.133 0 0 2 2 1.01889e+06 27.3298 101025 1.18889 3.08357e+06 1.01889e+06 ZonesAtSurface
3575.04 3875 813.102 0 0 2 2 520271 39.9854 51259.6 1.3106 2.27285e+06 520271 ZonesAtSurface
3625.07 3875 853.076 0 9 2 2 820420 33.2798 89433.5 1.78323 1.61783e+06 820420 ZonesAtSurface
3675.08 3875 843.049 0 2 2 3 550819 29.6886 64284.3 1.7869 1.29189e+06 550819 ZonesAtSurface
3725.1 3875 833.013 24 0 1 4 1.2913e+06 30.527 60573.8 1.42128 4.00125e+06 1.2913e+06 ZonesAtSurface
3775.15 3875 832.979 0 0 2 4 594852 32.65 120293 1.76525 2.00799e+06 594852 ZonesAtSurface
3825.14 3875 942.95 0 0 2 1 973992 31.5867 86730.8 4.25603 957853 973992 ZonesAtSurface
3875.15 3875.01 952.978 0 0 0 0 1.34323e+06 19.4706 62097.5 5.52678 780910 1.34323e+06 ZonesAtSurface
3925.23 3875 863.025 0 0 1 1 548009 38.7987 97420.1 2.09924 2.07324e+06 548009 ZonesAtSurface
3975.25 3875.01 873.078 9 0 0 0 607356 35.175 67833.3 1.59238 2.3661e+06 607356 ZonesAtSurface
4025.32 3875.01 833.133 7 6 0 0 1.1132e+06 18.5444 55490.2 1.43039 2.20944e+06 1.1132e+06 ZonesAtSurface
4075.43 3875 743.196 0 0 1 1 824408 25.5555 103137 1.3127 2.86819e+06 824408 ZonesAtSurface
4125.45 3875.01 753.247 0 5 0 0 1.45218e+06 28.8587 61200.6 4.9265 1.10855e+06 1.45218e+06 ZonesAtSurface
4175.55 3875 663.298 0 9 2 1 1.19701e+06 29.4425 50476.3 1.59609 3.17023e+06 1.19701e+06 ZonesAtSurface
4225.59 3875.01 623.344 1 0 2 1 756481 37.7975 80120.3 1.50892 3.28867e+06 756481 ZonesAtSurface
4275.62 3875.01 583.385 0 10 2 1 1.01984e+06 44.7137 67156.4 1.53761 3.20261e+06 1.01984e+06 ZonesAtSurface
4325.64 3875.01 543.423 7 0 2 1 1.39236e+06 18.6484 62914.7 1.18197 3.76801e+06 1.39236e+06 ZonesAtSurface
4375.65 3875.01 503.457 6 0 1 1 1.03587e+06 25.1885 134951 1.1792 2.96084e+06 1.03587e+06 ZonesAtSurface
4425.66 3875.01 463.484 0 0 2 1 943466 28.1883 68984.3 1.56187 2.83063e+06 943466 ZonesAtSurface
4475.66 3875.01 423.51 0 0 1 1 1.48318e+06 34.5676 115453 3.56914 2.42483e+06 1.48318e+06 ZonesAtSurface
4525.66 3875.01 433.53 0 0 0 0 1.4566e+06 18.4318 57473.7 3.04516 1.48915e+06 1.4566e+06 ZonesAtSurface
4575.66 3875.01 393.551 0 1 0 0 858802 44.3825 88465 2.83595 1.79002e+06 858802 ZonesAtSurface
4625.67 3875.01 353.569 0 8 0 0 1.43459e+06 35.4711 149162 3.68362 1.74714e+06 1.43459e+06 ZonesAtSurface
4675.61 3875.01 213.601 2 0 2 2 538157 33.7698 99801.1 1.1026 3.54436e+06 538157 ZonesAtSurface
4725.57 3875 173.606 7 4 2 2 1.34155e+06 35.8069 110524 1.23766 4.36963e+06 1.34155e+06 ZonesAtSurface
4775.34 3875.01 33.5981 0 0 1 4 1.47229e+06 29.4912 67023 1.60769 1.14653e+07 1.47229e+06 ZonesAtSurface
4825.28 3875.01 43.6199 20 0 1 3 1.26297e+06 23.3206 137662 1.03468 1.0456e+07 1.26297e+06 ZonesAtSurface
4875.21 3875.01 53.6444 29 0 1 2 1.19411e+06 22.071 50114.1 1.01235 7.86965e+06 1.19411e+06 ZonesAtSurface
4925.11 3875.01 63.6703 33 0 1 1 735897 36.5942 98988.8 1.08584 9.22856e+06 735897 ZonesAtSurface
74.9632 3925.01 -7.83619 30 0 1 2 507434 44.5284 62831.6 1.24311 5.3462e+06 507434 ZonesAtSurface
124.828 3925.01 -32.8627 36 0 1 3 699273 20.0968 68633.3 1.09115 6.16084e+06 699273 ZonesAtSurface
174.736 3925.01 -7.83718 32 0 1 3 752459 19.1361 138212 1.1296 1.97607e+06 752459 ZonesAtSurface
224.685 3925.01 -32.8895 16 0 1 4 1.26538e+06 28.1572 143845 1.01637 1.03368e+07 1.26538e+06 ZonesAtSurface
274.614 3925.01 -7.88215 10 0 1 4 856352 40.343 84188.3 1.01752 7.82269e+06 856352 ZonesAtSurface
324.601 3925.01 -32.9085 3 0 1 5 1.36863e+06 20.3967 136142 1.01345 9.34532e+06 1.36863e+06 ZonesAtSurface
374.494 3925.01 42.1124 6 0 1 4 1.33502e+06 31.8767 106509 1.00908 9.1188e+06 1.33502e+06 ZonesAtSurface
424.331 3925.01 167.099 10 9 1 2 1.4428e+06 31.8214 135776 1.58904 3.31563e+06 1.4428e+06 ZonesAtSurface
474.276 3925.02 292.087 0 4 0 0 859812 38.6185 145500 4.2226 840945 859812 ZonesAtSurface
524.278 3925.02 317.087 0 5 0 0 867202 28.7982 87358 2.91274 1.00647e+06 867202 ZonesAtSurface
574.277 3925.02 342.078 0 0 0 0 1.10056e+06 28.4754 137749 3.97164 1.19817e+06 1.10056e+06 ZonesAtSurface
624.273 3925.01 317.064 0 0 1 1 840843 41.8007 108368 3.85116 2.83163e+06 840843 ZonesAtSurface
674.264 3925.01 392.048 0 0 0 0 1.38525e+06 43.733 112703 6.92763 1.48334e+06 1.38525e+06 ZonesAtSurface
724.262 3925.01 417.032 0 0 0 0 1.39119e+06 27.8304 95465 4.05264 1.37601e+06 1.39119e+06 ZonesAtSurface
774.262 3925.01 442.015 0 0 0 0 1.23189e+06 43.2156 56903.5 5.93695 1.33159e+06 1.23189e+06 ZonesAtSurface
824.263 3925.01 466.996 0 0 0 0 531493 15.7194 52245.1 1.37277 1.25642e+06 531493 ZonesAtSurface
874.266 3925.01 491.976 0 0 0 0 870424 36.7994 136650 3.83651 1.18737e+06 870424 ZonesAtSurface
924.273 3925.01 516.956 0 0 0 0 1.31835e+06 44.4236 95884 6.24923 1.27284e+06 1.31835e+06 ZonesAtSurface
974.284 3925.01 541.934 0 0 0 0 1.12901e+06 31.8403 97329.6 3.71809 1.29697e+06 1.12901e+06 ZonesAtSurface
1024.3 3925.01 566.91 0 0 0 0 1.37911e+06 29.9915 93527.3 4.76694 1.17102e+06 1.37911e+06 ZonesAtSurface
1074.32 3925.01 591.885 0 0 0 0 756704 16.0245 96264.6 2.04498 1.09708e+06 756704 ZonesAtSurface
1124.35 3925.01 616.857 0 0 0 0 1.04347e+06 36.3128 65827.4 5.45941 951280 1.04347e+06 ZonesAtSurface
1174.38 3925.01 641.827 0 0 0 0 1.44704e+06 21.2083 139515 6.08587 756726 1.44704e+06 ZonesAtSurface
1224.41 3925.01 666.798 0 0 0 0 1.47227e+06 36.5271 89185.3 9.94525 691945 1.47227e+06 ZonesAtSurface
1274.44 3925.01 691.771 0 0 0 0 561312 17.0814 116472 3.4311 501588 561312 ZonesAtSurface
1324.48 3925.01 716.746 0 0 0 0 1.1471e+06 18.6489 70654.6 5.40779 639324 1.1471e+06 ZonesAtSurface
1374.49 3925.01 691.729 0 1 2 1 813475 27.5328 98849.1 1.42903 1.95565e+06 813475 ZonesAtSurface
1424.49 3925.01 616.728 0 0 1 3 1.26855e+06 40.3656 91901.5 2.87401 3.00708e+06 1.26855e+06 ZonesAtSurface
1474.53 3925 641.711 0 0 2 3 905551 18.9818 116698 1.94685 1.71251e+06 905551 ZonesAtSurface
1524.56 3925 666.686 3 0 2 3 1.14473e+06 22.2941 67630 1.28689 2.8966e+06 1.14473e+06 ZonesAtSurface
1574.61 3925.01 741.639 10 0 1 2 1.02001e+06 28.6536 116160 1.12739 3.50041e+06 1.02001e+06 ZonesAtSurface
1624.68 3925.01 866.598 0 8 0 0 930924 19.4445 63361.1 5.3729 481474 930924 ZonesAtSurface
1674.73 3925.01 891.581 0 8 0 0 1.48782e+06 43.226 69697.2 7.53841 893498 1.48782e+06 ZonesAtSurface
1724.72 3925 766.61 8 6 2 3 632174 37.7115 121601 1.19875 1.88861e+06 632174 ZonesAtSurface
1774.74 3925 691.663 0 0 1 5 1.10021e+06 44.5058 142788 1.80638 4.35709e+06 1.10021e+06 ZonesAtSurface
1824.77 3925 716.67 4 0 2 5 566101 31.7886 50831 1.04776 2.1817e+06 566101 ZonesAtSurface
1874.81 3925 691.687 0 0 1 6 1.37914e+06 39.3385 146233 1.22535 4.93455e+06 1.37914e+06 ZonesAtSurface
1924.84 3925 766.684 9 10 2 5 668169 39.9429 112242 1.32389 1.98126e+06 668169 ZonesAtSurface
1974.88 3925 741.713 0 6 2 6 820496 25.9331 149214 0.986173 2.43079e+06 820496 ZonesAtSurface
2024.93 3925 704.255 5 2 2 6 680904 22.6579 144043 1.01658 1.85476e+06 680904 ZonesAtSurface
2074.97 3925 604.318 0 0 1 6 734324 26.3935 119408 1.03895 3.71267e+06 734324 ZonesAtSurface
2125 3925 554.368 8 3 1 5 994659 40.276 137421 1.09507 3.64294e+06 994659 ZonesAtSurface
2175.03 3925 404.417 0 0 1 6 1.37568e+06 43.5177 51422.6 10 2.16579e+06 1.37568e+06 ZonesAtSurface
2225.04 3924.98 354.443 6 0 0 0 1.10085e+06 26.1724 64319.6 1.3452 1.25368e+07 1.10085e+06 ZonesAtSurface
2275.08 3924.99 254.462 5 0 0 0 538749 27.3003 98643.3 2.16465 6.15879e+06 538749 ZonesAtSurface
2325.09 3924.39 204.476 3 0 0 0 785976 39.3713 115480 1.00002 9.74159e+06 785976 ZonesAtSurface
2375.11 3925 54.4831 0 0 0 0 1.42543e+06 39.1127 78590.3 10 1.68503e+06 1.42543e+06 ZonesAtSurface
2425.11 3925 -45.5092 0 0 0 0 949058 17.549 113437 3.33315 3.0658e+06 949058 ZonesAtSurface
2475.09 3925 -145.502 0 0 0 0 1.46671e+06 23.2124 148161 3.64007 5.56944e+06 1.46671e+06 ZonesAtSurface
2525.05 3924.51 -125.491 10 0 0 0 577263 27.8558 60836.7 1.01117 1.79024e+07 577263 ZonesAtSurface
2575.02 3925 -135.49 0 0 0 0 896458 44.7544 63656.5 10 4.83922e+06 896458 ZonesAtSurface
2624.99 3925 -95.4877 0 0 0 0 698290 20.6137 113033 3.11598 4.65732e+06 698290 ZonesAtSurface
2674.94 3924.77 -5.48407 9 0 0 0 1.48422e+06 29.1855 128519 1.37672 1.59442e+07 1.48422e+06 ZonesAtSurface
2724.91 3924.7 34.5092 10 0 0 0 891878 22.7494 127850 1.60043 4.56696e+06 891878 ZonesAtSurface
2774.89 3925 24.5055 0 0 0 0 929610 32.2451 76812.4 5.20387 3.98377e+06 929610 ZonesAtSurface
2824.88 3925 64.4973 0 0 0 0 685515 42.7365 76150.8 10 3.24185e+06 685515 ZonesAtSurface
2874.88 3924.56 154.49 10 9 0 0 1.24028e+06 39.5514 120847 0 2.58727e+06 1.24028e+06 ZonesAtSurface
2924.86 3924.58 194.482 6 9 0 0 992715 32.3283 59981 0.800938 5.81235e+06 992715 ZonesAtSurface
2974.85 3925 184.473 0 0 0 0 1.02484e+06 43.7928 147278 10 1.67655e+06 1.02484e+06 ZonesAtSurface
3024.87 3924.41 274.463 1 0 0 0 692544 24.1771 70497.8 1.00006 3.4796e+06 692544 ZonesAtSurface
3074.86 3925 264.453 0 0 0 0 1.34053e+06 30.3671 83555.7 7.56522 2.04666e+06 1.34053e+06 ZonesAtSurface
3124.86 3925 304.44 0 0 0 0 626021 31.999 85744.7 4.64757 2.85881e+06 626021 ZonesAtSurface
3174.87 3925 344.418 0 0 0 0 879428 21.3534 87335.7 2.35214 3.05906e+06 879428 ZonesAtSurface
3224.88 3925 384.391 0 0 0 0 1.03806e+06 44.272 92755.6 6.77782 3.37037e+06 1.03806e+06 ZonesAtSurface
3274.9 3925 424.36 0 0 1 5 554265 16.4796 93983.3 1.57542 2.97258e+06 554265 ZonesAtSurface
3324.91 3925 464.327 0 0 1 5 677909 31.2342 57254.8 3.22396 3.36615e+06 677909 ZonesAtSurface
3374.92 3925 604.27 4 0 2 3 1.16544e+06 39.2557 101954 1.05532 4.53446e+06 1.16544e+06 ZonesAtSurface
3424.95 3925 644.223 4 0 1 3 570108 16.6262 105512 1.01063 2.44099e+06 570108 ZonesAtSurface
3474.99 3925.01 734.167 5 0 1 2 844322 44.7137 91521.4 1.65189 3.48301e+06 844322 ZonesAtSurface
3525.01 3925.01 774.13 0 0 2 2 1.34747e+06 32.8506 146421 1.98649 2.91625e+06 1.34747e+06 ZonesAtSurface
3575.06 3925.01 864.097 0 10 2 1 1.39928e+06 39.4754 102231 6.69151 860041 1.39928e+06 ZonesAtSurface
3625.05 3925 804.078 0 0 2 3 1.38869e+06 36.4984 122517 2.28705 3.20998e+06 1.38869e+06 ZonesAtSurface
3675.08 3925.01 844.045 1 0 2 3 562739 32.2049 116801 2.00936 1.30082e+06 562739 ZonesAtSurface
3725.1 3925 834.01 23 0 1 4 1.30476e+06 17.8845 131128 1.21457 3.3701e+06 1.30476e+06 ZonesAtSurface
3775.14 3925 883.95 0 6 2 3 1.15543e+06 19.5262 117664 1.4183 2.33235e+06 1.15543e+06 ZonesAtSurface
3825.14 3925.01 943.946 0 0 2 1 732858 27.809 124564 3.34894 842093 732858 ZonesAtSurface
3875.15 3925.01 953.975 0 0 0 0 745127 32.4033 131122 4.42907 749447 745127 ZonesAtSurface
3925.19 3925.01 914.018 0 0 0 0 1.23932e+06 34.8088 107605 2.50974 2.2391e+06 1.23932e+06 ZonesAtSurface
3975.29 3925.01 824.077 4 0 2 1 794363 29.4768 100703 1.61054 2.434e+06 794363 ZonesAtSurface
4025.36 3925.01 784.136 0 0 1 1 1.30044e+06 34.6024 124503 2.02141 3.15885e+06 1.30044e+06 ZonesAtSurface
4075.42 3925.01 744.196 0 0 1 1 1.29079e+06 19.3069 88809.1 1.69049 2.63629e+06 1.29079e+06 ZonesAtSurface
4125.45 3925.01 754.244 0 5 0 0 1.36724e+06 36.2841 126670 3.80028 1.49415e+06 1.36724e+06 ZonesAtSurface
4175.51 3925.01 714.29 6 7 0 0 923820 26.7517 72276.3 1.63596 2.12762e+06 923820 ZonesAtSurface
4225.6 3925.01 574.347 4 0 2 2 764829 24.3167 53153.4 1.10112 3.6107e+06 764829 ZonesAtSurface
4275.62 3925.01 584.384 0 0 2 1 1.44738e+06 31.2171 95659.5 1.81004 3.65675e+06 1.44738e+06 ZonesAtSurface
4325.64 3925.01 494.426 0 0 1 2 1.20804e+06 44.5732 136467 3.40508 3.72284e+06 1.20804e+06 ZonesAtSurface
4375.65 3925.01 504.456 0 0 1 1 880722 42.8813 109773 3.04416 2.57941e+06 880722 ZonesAtSurface
4425.66 3925.01 464.482 0 0 2 1 1.16375e+06 44.3487 84773.7 3.42768 2.62592e+06 1.16375e+06 ZonesAtSurface
4475.65 3925.01 474.506 0 9 0 0 1.4192e+06 23.0219 56286.3 3.03847 1.57607e+06 1.4192e+06 ZonesAtSurface
4525.66 3925.01 434.528 0 0 0 0 1.33586e+06 32.8976 131600 3.75175 1.56056e+06 1.33586e+06 ZonesAtSurface
4575.66 3925.01 394.549 0 0 0 0 1.23216e+06 23.4467 61712.3 2.31616 1.76579e+06 1.23216e+06 ZonesAtSurface
4625.66 3925.01 354.566 7 0 0 0 675157 37.6571 132184 2.46319 1.56496e+06 675157 ZonesAtSurface
4675.61 3925.01 214.599 8 0 1 2 988782 27.028 128888 1.05254 4.14943e+06 988782 ZonesAtSurface
4725.49 3925.01 124.614 7 0 1 3 1.158e+06 27.364 57914.2 1.0278 6.59632e+06 1.158e+06 ZonesAtSurface
4775.34 3925.01 34.5963 0 0 1 4 1.43846e+06 24.9682 132449 1.27857 1.09902e+07 1.43846e+06 ZonesAtSurface
4825.29 3925.01 44.6167 20 0 1 3 698197 15.0556 105944 1.05201 6.5604e+06 698197 ZonesAtSurface
4875.21 3925.01 54.6381 21 0 1 2 1.32265e+06 24.1304 118138 1.01974 8.794e+06 1.32265e+06 ZonesAtSurface
4925.12 3925.01 64.6693 53 0 1 1 761165 23.7779 122022 1.13431 6.50137e+06 761165 ZonesAtSurface
74.9612 3975.01 -6.8403 47 0 1 2 1.2046e+06 32.8579 136994 1.20333 6.23725e+06 1.2046e+06 ZonesAtSurface
124.825 3975.01 -31.8691 26 0 1 3 968318 34.6661 76743.4 1.1104 1.11147e+07 968318 ZonesAtSurface
174.737 3975.01 -6.84501 27 2 1 3 941205 38.1403 50238.9 1.19603 3.61435e+06 941205 ZonesAtSurface
224.689 3975.01 -31.8906 7 0 1 4 1.30713e+06 37.6086 86377.8 1.01251 1.22856e+07 1.30713e+06 ZonesAtSurface
274.617 3975.01 -6.88451 18 0 1 4 1.25452e+06 23.4663 81823.7 1.01275 6.50276e+06 1.25452e+06 ZonesAtSurface
324.602 3975.01 -31.9122 0 0 1 5 720517 29.9392 117756 1.39338 9.69724e+06 720517 ZonesAtSurface
374.494 3975.01 43.108 6 0 1 4 764388 37.1066 64564.2 1.05129 9.54408e+06 764388 ZonesAtSurface
424.388 3975.01 118.106 10 0 1 3 651782 24.3805 130748 1.13863 3.98866e+06 651782 ZonesAtSurface
474.289 3975.02 243.091 2 0 2 1 765548 31.9475 129319 1.49375 2.25988e+06 765548 ZonesAtSurface
524.279 3975.02 318.084 0 0 0 0 706248 42.7051 101034 4.34223 861656 706248 ZonesAtSurface
574.279 3975.02 343.076 0 0 0 0 1.22388e+06 44.1174 138959 5.68864 1.3116e+06 1.22388e+06 ZonesAtSurface
624.273 3975.02 368.063 0 0 0 0 1.34683e+06 37.2972 145046 3.54159 2.24681e+06 1.34683e+06 ZonesAtSurface
674.267 3975.02 393.047 0 0 0 0 1.36884e+06 25.7265 77911.4 3.10523 1.67198e+06 1.36884e+06 ZonesAtSurface
724.265 3975.02 418.031 0 0 0 0 537444 24.7077 116303 1.71573 1.4409e+06 537444 ZonesAtSurface
774.264 3975.02 443.014 0 0 0 0 1.18043e+06 33.3831 95923.8 4.2296 1.33217e+06 1.18043e+06 ZonesAtSurface
824.266 3975.02 467.994 0 0 0 0 640641 34.2295 97647.3 2.86158 1.22173e+06 640641 ZonesAtSurface
874.269 3975.02 492.975 0 0 0 0 1.19152e+06 25.0545 147832 3.65102 1.17955e+06 1.19152e+06 ZonesAtSurface
924.276 3975.02 517.954 0 0 0 0 702775 29.322 117269 2.48981 1.25e+06 702775 ZonesAtSurface
974.287 3975.02 542.932 0 0 0 0 853286 16.5099 106086 2.01852 1.26673e+06 853286 ZonesAtSurface
1024.3 3975.02 567.908 0 0 0 0 1.0932e+06 42.8793 140404 5.40035 1.2109e+06 1.0932e+06 ZonesAtSurface
1074.32 3975.02 592.882 0 0 0 0 907818 36.1909 77001.3 4.24655 1.07078e+06 907818 ZonesAtSurface
1124.35 3975.02 617.854 0 0 0 0 1.26974e+06 27.6014 109410 5.02384 959737 1.26974e+06 ZonesAtSurface
1174.38 3975.02 642.824 0 0 0 0 1.33568e+06 17.887 130697 4.86065 822540 1.33568e+06 ZonesAtSurface
1224.41 3975.02 667.794 0 0 0 0 727125 15.0935 132367 3.15742 695718 727125 ZonesAtSurface
1274.45 3975.02 692.766 0 0 0 0 1.27233e+06 36.1123 108111 10 538821 1.27233e+06 ZonesAtSurface
1324.48 3975.02 717.741 0 0 0 0 977780 42.3616 69269.2 9.23287 653242 977780 ZonesAtSurface
1374.5 3975.01 692.724 0 3 2 1 1.36565e+06 22.7689 74935.9 2.68978 1.66309e+06 1.36565e+06 ZonesAtSurface
1424.51 3975.01 667.715 0 0 2 2 1.0633e+06 43.4135 120380 3.59789 2.07031e+06 1.0633e+06 ZonesAtSurface
1474.55 3975.01 692.697 0 9 2 2 1.31636e+06 42.8482 58035.1 4.23104 1.55651e+06 1.31636e+06 ZonesAtSurface
1524.56 3975.01 667.675 1 0 1 3 628043 41.865 52952.4 1.43576 2.89677e+06 628043 ZonesAtSurface
1574.62 3975.01 742.632 3 0 1 2 867722 23.9299 112037 1.15633 2.93338e+06 867722 ZonesAtSurface
1624.68 3975.01 867.594 0 5 0 0 719135 18.0715 124235 2.39527 789652 719135 ZonesAtSurface
1674.73 3975.01 892.577 0 7 0 0 1.37115e+06 15.5515 74896.6 3.98504 912334 1.37115e+06 ZonesAtSurface
1724.72 3975 767.605 4 7 2 3 1.19483e+06 38.0794 105532 1.18963 3.87977e+06 1.19483e+06 ZonesAtSurface
1774.74 3975 692.659 0 0 1 5 1.44216e+06 18.2877 54520.4 1.36325 3.50787e+06 1.44216e+06 ZonesAtSurface
1824.77 3975 717.669 0 0 2 5 784829 19.7969 52669.7 1.04383 2.23948e+06 784829 ZonesAtSurface
1874.8 3975 742.678 1 6 2 5 958387 30.6996 78820.9 1.24208 2.60812e+06 958387 ZonesAtSurface
1924.84 3975 717.695 0 6 2 6 1.49167e+06 27.8654 142062 1.385 3.43384e+06 1.49167e+06 ZonesAtSurface
1974.88 3975 742.71 0 6 2 6 1.3152e+06 37.8886 61067.9 1.46482 3.55244e+06 1.3152e+06 ZonesAtSurface
2024.93 3975 705.252 1 6 2 6 524084 21.9551 137274 1.11134 1.29932e+06 524084 ZonesAtSurface
2074.97 3975 705.287 7 7 2 4 1.12083e+06 23.1628 126763 1.27128 2.63797e+06 1.12083e+06 ZonesAtSurface
2125 3975 555.366 9 3 1 5 803002 29.9332 56549.4 1.06946 2.53064e+06 803002 ZonesAtSurface
2175.01 3974.98 455.412 3 0 1 5 1.10832e+06 42.9825 83460 3.64672 1.07576e+07 1.10832e+06 ZonesAtSurface
2225.02 3974.25 405.442 10 0 0 0 1.4758e+06 42.0413 136491 0.978321 1.70296e+07 1.4758e+06 ZonesAtSurface
2275.08 3974.99 255.458 6 0 0 0 1.02741e+06 27.1299 134572 2.09415 4.41254e+06 1.02741e+06 ZonesAtSurface
2325.1 3974.39 205.476 1 0 0 0 1.25026e+06 15.5999 91102.3 0 3.16959e+06 1.25026e+06 ZonesAtSurface
2375.13 3975 55.4868 0 0 0 0 1.37393e+06 28.7989 122284 6.31303 2.83074e+06 1.37393e+06 ZonesAtSurface
2425.12 3975 -44.5053 0 0 0 0 863771 33.0222 140861 6.61883 3.35299e+06 863771 ZonesAtSurface
2475.1 3975 -144.499 0 0 0 0 581355 31.3745 92430.1 4.938 5.16229e+06 581355 ZonesAtSurface
2525.05 3974.61 -124.488 10 8 0 0 670272 41.4149 147735 2.35118 1.09297e+06 670272 ZonesAtSurface
2575 3974.75 -84.4787 5 10 0 0 512089 22.3768 147876 0.404325 3.98007e+06 512089 ZonesAtSurface
2624.96 3974.75 -44.477 7 10 0 0 1.18386e+06 20.5754 114829 0.771353 4.66959e+06 1.18386e+06 ZonesAtSurface
2674.93 3974.87 -4.48112 10 9 0 0 852756 21.415 101339 0 902741 852756 ZonesAtSurface
2724.91 3974.71 35.5076 10 0 0 0 1.28133e+06 40.9888 73531.8 2.34137 7.76189e+06 1.28133e+06 ZonesAtSurface
2774.89 3975 25.5052 0 0 0 0 1.04393e+06 33.8174 109332 6.47706 3.59919e+06 1.04393e+06 ZonesAtSurface
2824.88 3975 65.4983 0 0 0 0 1.48378e+06 18.341 104264 3.33071 3.1477e+06 1.48378e+06 ZonesAtSurface
2874.87 3974.7 155.495 10 1 0 0 1.18669e+06 41.5152 79091.7 1.49769 7.29728e+06 1.18669e+06 ZonesAtSurface
2924.86 3974.85 195.487 10 9 0 0 695059 26.4942 102430 1.01198 2.39554e+06 695059 ZonesAtSurface
2974.85 3974.57 235.474 6 10 0 0 1.21209e+06 44.8509 110075 1.36352 5.90019e+06 1.21209e+06 ZonesAtSurface
3024.86 3974.41 275.463 5 0 0 0 695394 31.6773 90908.1 1.00026 3.60395e+06 695394 ZonesAtSurface
3074.86 3975 265.45 0 0 0 0 1.37561e+06 29.2591 67062 5.23705 2.82183e+06 1.37561e+06 ZonesAtSurface
3124.86 3974.99 305.433 0 0 0 0 816547 38.096 85935.2 5.08517 3.83431e+06 816547 ZonesAtSurface
3174.88 3974.99 345.413 0 0 0 0 1.33462e+06 17.6581 145796 2.05435 3.9289e+06 1.33462e+06 ZonesAtSurface
3224.89 3974.99 385.388 0 0 0 0 1.31137e+06 33.3495 147080 4.96915 3.33512e+06 1.31137e+06 ZonesAtSurface
3274.9 3975 425.36 0 0 1 5 859832 34.4745 134228 5.00112 2.96066e+06 859832 ZonesAtSurface
3324.91 3975 465.327 0 0 1 5 1.39762e+06 24.3486 91829.5 2.51363 3.95544e+06 1.39762e+06 ZonesAtSurface
3374.93 3975 605.264 9 0 1 3 1.37709e+06 23.5698 101679 1.02034 4.45581e+06 1.37709e+06 ZonesAtSurface
3424.96 3975.01 695.21 4 0 2 2 521142 15.2144 81468.3 1.20502 1.56828e+06 521142 ZonesAtSurface
3474.97 3975.01 685.174 0 0 1 3 1.44971e+06 37.0346 59685.6 1.63139 4.77958e+06 1.44971e+06 ZonesAtSurface
3525.03 3975.01 825.122 0 4 2 1 768730 43.3618 148724 2.68258 1.60842e+06 768730 ZonesAtSurface
3575.06 3975.01 865.095 0 6 2 1 1.11634e+06 44.2559 89092.7 5.95223 856549 1.11634e+06 ZonesAtSurface
3625.07 3975.01 855.07 0 13 2 2 744056 24.347 95523.4 1.92941 1.17268e+06 744056 ZonesAtSurface
3675.08 3975.01 845.041 0 3 2 3 1.11637e+06 15.4464 149685 2.01858 1.48814e+06 1.11637e+06 ZonesAtSurface
3725.1 3975.01 835.006 22 0 1 4 522517 31.6933 57810.7 1.64094 2.25389e+06 522517 ZonesAtSurface
3775.14 3975.01 884.948 0 2 2 3 1.00181e+06 33.0624 136982 1.78474 2.22876e+06 1.00181e+06 ZonesAtSurface
3825.14 3975.01 944.945 0 4 2 1 684290 37.4765 123537 4.66917 798808 684290 ZonesAtSurface
3875.15 3975.01 954.973 0 0 0 0 1.42512e+06 44.345 96633 10 561243 1.42512e+06 ZonesAtSurface
3925.22 3975.01 865.018 0 0 2 1 1.36677e+06 20.2139 148455 2.28408 1.98041e+06 1.36677e+06 ZonesAtSurface
3975.25 3975.01 875.067 0 9 0 0 983044 42.1473 92984.6 1.94601 2.43288e+06 983044 ZonesAtSurface
4025.4 3975.01 735.139 0 0 1 2 853791 29.7869 96844.5 1.41173 3.45461e+06 853791 ZonesAtSurface
4075.46 3975.01 695.199 0 0 1 2 1.42144e+06 41.9847 103500 3.53699 3.16126e+06 1.42144e+06 ZonesAtSurface
4125.45 3975.01 755.241 0 8 0 0 1.45118e+06 22.8077 119572 2.32663 1.90048e+06 1.45118e+06 ZonesAtSurface
4175.54 3975.01 665.294 9 0 1 1 798572 34.5445 53406.7 1.30635 2.92954e+06 798572 ZonesAtSurface
4225.58 3975.01 625.339 0 0 2 1 508417 30.2521 113157 1.3627 2.76386e+06 508417 ZonesAtSurface
4275.62 3975.01 535.387 4 0 1 2 953088 27.0322 53362.4 1.37041 3.7712e+06 953088 ZonesAtSurface
4325.63 3975.01 545.421 10 0 2 1 1.29731e+06 23.7481 78956.4 1.7689 2.93653e+06 1.29731e+06 ZonesAtSurface
4375.65 3975.01 505.451 0 0 1 1 1.09446e+06 43.2719 125382 3.18054 2.55e+06 1.09446e+06 ZonesAtSurface
4425.65 3975.01 515.475 0 10 0 0 923874 27.1347 87084.3 1.94218 1.92155e+06 923874 ZonesAtSurface
4475.66 3975.01 475.5 0 0 0 0 1.07921e+06 37.161 129023 2.9653 1.83344e+06 1.07921e+06 ZonesAtSurface
4525.66 3975.01 435.524 0 0 0 0 924873 43.8447 114304 3.63213 1.7907e+06 924873 ZonesAtSurface
4575.66 3975.01 395.546 3 0 0 0 509399 24.3074 70487.5 1.76976 1.28404e+06 509399 ZonesAtSurface
4625.66 3975.01 355.563 0 0 0 0 1.13293e+06 22.7503 99152.5 2.49977 1.46216e+06 1.13293e+06 ZonesAtSurface
4675.65 3975.01 265.583 1 0 2 1 504315 33.1749 116230 1.19114 2.52173e+06 504315 ZonesAtSurface
4725.49 3975.01 125.615 10 0 1 3 1.29334e+06 24.0499 55947.1 1.02966 6.11665e+06 1.29334e+06 ZonesAtSurface
4775.33 3975.01 35.5974 0 0 1 4 846977 38.4874 129174 2.02973 1.15944e+07 846977 ZonesAtSurface
4825.29 3975.01 45.6159 12 0 1 3 1.39723e+06 31.6678 107803 1.04504 1.34896e+07 1.39723e+06 ZonesAtSurface
4875.21 3975.01 55.6307 18 0 1 2 1.24718e+06 37.239 76975.3 1.02079 1.29249e+07 1.24718e+06 ZonesAtSurface
4925.13 3975.01 65.6615 36 0 1 1 1.48542e+06 18.6716 74959.1 1.12504 7.43983e+06 1.48542e+06 ZonesAtSurface
74.9592 4025.01 -5.83877 35 0 1 2 920775 44.7055 149265 1.33948 6.74002e+06 920775 ZonesAtSurface
124.824 4025.01 -30.8735 20 0 1 3 1.0193e+06 44.5465 50384.9 1.10578 1.26842e+07 1.0193e+06 ZonesAtSurface
174.74 4025.01 -5.84895 39 0 1 3 1.0773e+06 21.4363 105922 1.16946 3.42584e+06 1.0773e+06 ZonesAtSurface
224.691 4025.01 -30.8929 13 0 1 4 1.38276e+06 31.0488 99243.6 1.01089 1.07038e+07 1.38276e+06 ZonesAtSurface
274.617 4025.01 -5.88864 12 0 1 4 1.11125e+06 25.74 62259.1 1.00685 6.5061e+06 1.11125e+06 ZonesAtSurface
324.554 4025.01 19.109 0 0 1 4 625771 41.2944 66149.8 1.02288 7.94052e+06 625771 ZonesAtSurface
374.495 4025.01 44.1042 6 0 1 4 554528 26.6255 140537 1.03914 7.08885e+06 554528 ZonesAtSurface
424.39 4025.01 119.104 10 0 1 3 1.47624e+06 43.2533 82237.8 1.10523 7.2921e+06 1.47624e+06 ZonesAtSurface
474.29 4025.02 244.088 6 0 2 1 591271 29.7637 97919.2 1.21403 1.77445e+06 591271 ZonesAtSurface
524.281 4025.02 319.082 0 0 0 0 1.3126e+06 22.0055 60748.5 4.72669 856927 1.3126e+06 ZonesAtSurface
574.28 4025.02 344.074 0 0 0 0 1.04939e+06 43.9805 113789 4.73172 1.49516e+06 1.04939e+06 ZonesAtSurface
624.275 4025.02 369.061 0 0 0 0 630960 41.8706 51518.8 2.56649 1.87423e+06 630960 ZonesAtSurface
674.27 4025.02 394.046 0 0 0 0 774686 28.2738 99037 2.03323 1.75283e+06 774686 ZonesAtSurface
724.267 4025.02 419.03 0 0 0 0 1.10329e+06 32.864 125707 3.37582 1.5444e+06 1.10329e+06 ZonesAtSurface
774.267 4025.02 444.012 0 0 0 0 798149 24.028 99348.7 2.31901 1.36312e+06 798149 ZonesAtSurface
824.268 4025.02 468.992 0 0 0 0 624622 15.7266 117707 1.616 1.21096e+06 624622 ZonesAtSurface
874.272 4025.02 493.972 0 0 0 0 764468 31.626 99609.5 3.09272 1.18367e+06 764468 ZonesAtSurface
924.279 4025.02 518.952 0 0 0 0 1.2858e+06 44.4276 105289 6.49637 1.21916e+06 1.2858e+06 ZonesAtSurface
974.289 4025.02 543.93 0 0 0 0 509059 36.5651 97025.3 2.50062 1.21467e+06 509059 ZonesAtSurface
1024.3 4025.02 568.906 0 0 0 0 1.47821e+06 44.6359 66439.2 7.50573 1.18995e+06 1.47821e+06 ZonesAtSurface
1074.33 4025.02 593.879 0 0 0 0 944503 34.1408 119711 4.14797 1.03906e+06 944503 ZonesAtSurface
1124.35 4025.02 618.851 0 0 0 0 698022 15.1766 139124 2.16267 943841 698022 ZonesAtSurface
1174.38 4025.02 643.82 0 0 0 0 624052 21.2302 61879 2.58038 871419 624052 ZonesAtSurface
1224.42 4025.02 668.789 0 0 0 0 1.40725e+06 26.714 120125 7.18595 730241 1.40725e+06 ZonesAtSurface
1274.45 4025.02 693.761 0 0 0 0 1.22207e+06 39.5333 74792.8 10 598744 1.22207e+06 ZonesAtSurface
1324.48 4025.02 718.737 0 0 0 0 825975 27.9056 103219 5.86635 544523 825975 ZonesAtSurface
1374.5 4025.01 693.718 0 0 2 1 812287 44.0473 64502.9 5.02993 1.30296e+06 812287 ZonesAtSurface
1424.51 4025.01 668.703 0 0 2 2 1.40433e+06 33.7551 111526 3.622 1.99482e+06 1.40433e+06 ZonesAtSurface
1474.55 4025.01 693.68 0 0 2 2 1.19543e+06 33.8374 74227.6 3.09031 1.95659e+06 1.19543e+06 ZonesAtSurface
1524.58 4025.01 718.65 0 0 1 2 1.19383e+06 37.4443 125564 3.00869 2.56834e+06 1.19383e+06 ZonesAtSurface
1574.64 4025.01 843.608 0 8 0 0 1.30236e+06 21.6035 74231.1 4.3093 876778 1.30236e+06 ZonesAtSurface
1624.68 4025.01 868.591 0 5 0 0 1.37741e+06 35.2159 53570.3 7.84132 686987 1.37741e+06 ZonesAtSurface
1674.71 4025.01 843.579 0 0 2 1 698359 32.1409 85022.4 1.7145 1.69955e+06 698359 ZonesAtSurface
1724.73 4025.01 768.597 3 6 2 3 1.23077e+06 27.8898 63773.9 1.1815 3.39291e+06 1.23077e+06 ZonesAtSurface
1774.75 4025.01 693.655 11 0 1 5 697884 42.4313 124333 1.35056 3.58182e+06 697884 ZonesAtSurface
1824.77 4025.01 718.666 1 5 2 5 805822 36.934 52998.9 1.25404 2.47448e+06 805822 ZonesAtSurface
1874.81 4025 693.682 0 0 2 6 596137 27.508 94781.1 1.25136 3.09149e+06 596137 ZonesAtSurface
1924.84 4025 718.694 1 0 2 6 1.1669e+06 18.3161 146491 1.08045 3.18448e+06 1.1669e+06 ZonesAtSurface
1974.88 4025 743.708 0 6 2 6 741581 43.3453 113987 1.05873 2.79522e+06 741581 ZonesAtSurface
2024.93 4025 706.249 2 6 2 6 783132 24.2953 98430.5 1.04799 2.23202e+06 783132 ZonesAtSurface
2074.97 4025 606.313 4 0 1 6 1.39328e+06 23.2891 50147.1 1.02498 4.85395e+06 1.39328e+06 ZonesAtSurface
2125 4025 506.37 0 0 1 6 955627 35.7906 54139.9 2.64084 5.12273e+06 955627 ZonesAtSurface
2175.02 4024.99 456.416 6 0 1 5 698217 34.9494 120155 2.45657 4.86219e+06 698217 ZonesAtSurface
2225.05 4024.99 356.444 6 0 0 0 675034 20.3093 130981 3.06492 2.00151e+06 675034 ZonesAtSurface
2275.09 4024.99 256.463 0 0 0 0 651755 39.9578 137384 7.08307 2.27432e+06 651755 ZonesAtSurface
2325.1 4024.39 206.476 0 0 0 0 1.13653e+06 30.7507 117869 1.00007 7.16042e+06 1.13653e+06 ZonesAtSurface
2375.1 4023.3 156.484 10 0 0 0 1.00925e+06 30.9914 99785.6 5.75726 2.54872e+06 1.00925e+06 ZonesAtSurface
2425.12 4025 -43.5054 0 0 0 0 860595 36.609 114289 6.67739 3.80975e+06 860595 ZonesAtSurface
2475.1 4024.56 -93.5008 10 8 0 0 1.00528e+06 40.2053 148291 1.66599 3.3887e+06 1.00528e+06 ZonesAtSurface
2525.05 4024.84 -123.497 10 8 0 0 1.11996e+06 23.6475 76428.4 0 1.90164e+06 1.11996e+06 ZonesAtSurface
2575.01 4024.95 -83.4914 3 0 0 0 600652 22.3305 97480.9 1.19815 1.18811e+07 600652 ZonesAtSurface
2624.98 4024.96 -43.483 4 0 0 0 974446 18.2005 119671 1.16899 1.07753e+07 974446 ZonesAtSurface
2674.94 4024.98 -3.47977 0 0 0 0 732271 35.3336 71170.7 2.65111 8.81663e+06 732271 ZonesAtSurface
2724.91 4024.73 36.5119 10 0 0 0 758399 19.8753 51171.5 1.42137 3.62693e+06 758399 ZonesAtSurface
2774.89 4025.01 26.5073 0 0 0 0 1.12076e+06 42.9241 144206 10 3.14216e+06 1.12076e+06 ZonesAtSurface
2824.87 4025 66.4995 0 0 0 0 1.29316e+06 34.3651 148264 8.943 2.63028e+06 1.29316e+06 ZonesAtSurface
2874.86 4024.7 156.497 10 0 0 0 1.07117e+06 26.9943 130708 1.28833 8.3634e+06 1.07117e+06 ZonesAtSurface
2924.85 4024.97 196.482 5 0 0 0 1.10151e+06 19.2217 70573.6 1.34019 6.72685e+06 1.10151e+06 ZonesAtSurface
2974.86 4024.68 236.469 0 0 0 0 719073 31.164 138555 1.84188 7.2419e+06 719073 ZonesAtSurface
3024.85 4025 226.458 0 0 0 0 1.21991e+06 22.7341 129317 3.09702 4.2236e+06 1.21991e+06 ZonesAtSurface
3074.87 4024.38 316.437 0 0 0 0 528956 39.7601 104639 1.00023 5.59194e+06 528956 ZonesAtSurface
3124.87 4024.99 306.423 0 0 0 0 1.26579e+06 17.8243 75210.8 1.73076 4.75542e+06 1.26579e+06 ZonesAtSurface
3174.88 4024.99 346.405 0 0 0 0 1.42814e+06 18.488 51303.7 2.00285 4.29049e+06 1.42814e+06 ZonesAtSurface
3224.89 4024.99 386.385 0 0 0 0 1.39905e+06 30.294 81919.3 4.1284 3.47729e+06 1.39905e+06 ZonesAtSurface
3274.9 4025 426.36 0 0 1 5 600250 26.9053 122831 2.85949 3.19986e+06 600250 ZonesAtSurface
3324.91 4025 466.326 0 0 1 5 957574 34.5358 138421 3.02061 4.44463e+06 957574 ZonesAtSurface
3374.93 4025.01 656.247 0 7 2 2 1.24267e+06 43.3407 134620 2.0765 3.16889e+06 1.24267e+06 ZonesAtSurface
3424.95 4025.01 646.217 9 0 1 3 509040 18.1866 91996.6 1.00501 2.69181e+06 509040 ZonesAtSurface
3475 4025.01 786.153 0 9 1 1 1.20135e+06 28.2512 126721 1.84549 2.11306e+06 1.20135e+06 ZonesAtSurface
3525.03 4025.01 826.118 0 0 2 1 1.49463e+06 24.4949 93818.7 3.63158 1.37261e+06 1.49463e+06 ZonesAtSurface
3575.06 4025.01 866.091 0 4 2 1 1.45506e+06 28.4737 116051 5.83636 839085 1.45506e+06 ZonesAtSurface
3625.07 4025.01 856.065 0 5 2 2 835171 18.7075 89518.3 1.96295 1.1668e+06 835171 ZonesAtSurface
3675.08 4025.01 846.033 1 0 1 3 1.22662e+06 19.4484 97355.4 1.3699 2.59936e+06 1.22662e+06 ZonesAtSurface
3725.1 4025.01 835.999 7 0 2 4 982213 36.4586 68168.1 1.58605 3.56667e+06 982213 ZonesAtSurface
3775.14 4025.01 885.944 3 0 2 3 699576 25.1565 129265 1.70025 1.96073e+06 699576 ZonesAtSurface
3825.14 4025.01 945.944 5 5 2 1 676871 19.4705 69494.9 3.2288 801269 676871 ZonesAtSurface
3875.18 4025.01 905.971 0 0 2 1 922611 41.4884 116919 7.06286 985883 922611 ZonesAtSurface
3925.19 4025.01 916.012 0 0 0 0 1.12901e+06 34.5179 57953.8 2.565 2.15364e+06 1.12901e+06 ZonesAtSurface
3975.29 4025.01 826.07 0 0 1 1 907641 37.4823 88765.4 1.8743 2.6244e+06 907641 ZonesAtSurface
4025.36 4025 786.129 6 0 1 1 664722 30.0412 128954 1.16196 2.87309e+06 664722 ZonesAtSurface
4075.42 4025.01 746.187 0 0 2 1 510195 43.5309 117997 1.8411 2.67901e+06 510195 ZonesAtSurface
4125.48 4025.01 706.243 3 0 2 1 1.17929e+06 29.8205 61650.3 1.70998 3.05137e+06 1.17929e+06 ZonesAtSurface
4175.54 4025.01 666.294 0 0 2 1 1.14382e+06 38.4613 95745.5 2.15053 2.81819e+06 1.14382e+06 ZonesAtSurface
4225.59 4025.01 576.344 0 0 1 2 1.48705e+06 18.3596 96974.6 1.44142 3.75066e+06 1.48705e+06 ZonesAtSurface
4275.61 4025.01 586.381 5 0 1 1 932733 31.2081 51305.8 1.6189 3.42e+06 932733 ZonesAtSurface
4325.63 4025.01 546.415 0 0 2 1 630593 32.0944 119103 1.59705 2.20836e+06 630593 ZonesAtSurface
4375.64 4025.01 556.441 0 0 0 0 1.27503e+06 30.905 80482.7 2.57593 2.11664e+06 1.27503e+06 ZonesAtSurface
4425.65 4025.01 516.468 0 0 0 0 913221 25.1684 109473 1.53807 2.20402e+06 913221 ZonesAtSurface
4475.66 4025.01 476.495 0 0 0 0 1.35504e+06 43.676 94337 4.10407 2.03207e+06 1.35504e+06 ZonesAtSurface
4525.66 4025.01 436.52 0 0 0 0 1.34006e+06 23.2011 131675 2.40789 1.92956e+06 1.34006e+06 ZonesAtSurface
4575.66 4025.01 396.542 6 0 0 0 522278 32.8259 142214 1.6511 1.65763e+06 522278 ZonesAtSurface
4625.66 4025.02 356.56 0 0 0 0 1.20597e+06 36.9377 136832 4.112 1.45289e+06 1.20597e+06 ZonesAtSurface
4675.65 4025.01 266.578 0 5 2 1 1.41003e+06 36.5746 75943.3 1.48746 3.88111e+06 1.41003e+06 ZonesAtSurface
4725.49 4025.01 126.614 9 0 1 3 1.41925e+06 15.4522 85728 1.02557 4.49356e+06 1.41925e+06 ZonesAtSurface
4775.33 4025.01 36.5972 5 0 1 4 1.4985e+06 16.4955 61385.5 1.01532 9.2478e+06 1.4985e+06 ZonesAtSurface
4825.28 4025.01 46.6155 22 0 1 3 830077 22.3171 147557 1.04493 9.19045e+06 830077 ZonesAtSurface
4875.21 4025.01 56.6305 8 0 1 2 575293 39.2694 101618 1.07717 1.08975e+07 575293 ZonesAtSurface
4925.14 4025.01 66.6535 33 0 1 1 1.44877e+06 26.7424 68616.1 1.06911 1.03967e+07 1.44877e+06 ZonesAtSurface
74.9578 4075.01 -4.83517 46 0 1 2 1.01161e+06 29.5179 63158.2 1.23597 4.33295e+06 1.01161e+06 ZonesAtSurface
124.823 4075.01 -29.8784 36 0 1 3 521439 24.3581 139970 1.08909 7.069e+06 521439 ZonesAtSurface
174.745 4075.01 -4.85212 25 2 1 3 1.03473e+06 44.6393 61322.1 1.18489 4.47159e+06 1.03473e+06 ZonesAtSurface
224.695 4075.01 -29.8947 19 0 1 4 1.47609e+06 22.623 57253.8 1.01137 8.88501e+06 1.47609e+06 ZonesAtSurface
274.623 4075.02 -4.88801 15 0 1 4 1.30909e+06 17.3165 80417.8 1.03684 4.91453e+06 1.30909e+06 ZonesAtSurface
324.605 4075.01 -29.9181 0 0 1 5 1.07376e+06 40.5734 87404.4 2.53171 9.83103e+06 1.07376e+06 ZonesAtSurface
374.547 4075.01 -4.9157 0 0 1 5 1.22738e+06 40.7558 109770 2.68778 9.23908e+06 1.22738e+06 ZonesAtSurface
424.388 4075.02 120.099 4 0 1 3 632979 32.234 94533.1 1.05929 4.71061e+06 632979 ZonesAtSurface
474.323 4075.02 195.093 6 0 2 2 956631 16.1072 122311 1.05621 2.80559e+06 956631 ZonesAtSurface
524.284 4075.02 320.081 0 0 0 0 642171 18.2671 110653 2.3518 836946 642171 ZonesAtSurface
574.282 4075.02 345.072 0 0 0 0 1.19938e+06 38.6739 136849 3.83754 1.6118e+06 1.19938e+06 ZonesAtSurface
624.277 4075.02 370.059 0 0 0 0 821476 40.8911 134307 3.26575 1.81524e+06 821476 ZonesAtSurface
674.273 4075.02 395.045 0 0 0 0 714330 28.1001 125564 1.96782 1.7229e+06 714330 ZonesAtSurface
724.27 4075.02 420.028 0 0 0 0 1.14336e+06 37.4198 76959.2 3.9927 1.56837e+06 1.14336e+06 ZonesAtSurface
774.269 4075.02 445.009 0 0 0 0 1.33979e+06 36.6591 110041 4.90326 1.38841e+06 1.33979e+06 ZonesAtSurface
824.271 4075.02 469.99 0 0 0 0 1.25704e+06 40.7927 92813.2 5.79136 1.22918e+06 1.25704e+06 ZonesAtSurface
874.274 4075.02 494.97 0 0 0 0 1.10569e+06 22.606 57857.7 3.28416 1.17599e+06 1.10569e+06 ZonesAtSurface
924.282 4075.02 519.949 0 0 0 0 1.3468e+06 18.8442 147713 3.42546 1.19014e+06 1.3468e+06 ZonesAtSurface
974.292 4075.02 544.927 0 0 0 0 1.14044e+06 19.5899 144818 3.08597 1.1581e+06 1.14044e+06 ZonesAtSurface
1024.31 4075.02 569.903 0 0 0 0 1.22237e+06 20.7581 97100.4 3.53421 1.12164e+06 1.22237e+06 ZonesAtSurface
1074.33 4075.02 594.876 0 0 0 0 551390 34.7655 109115 2.87485 1.02459e+06 551390 ZonesAtSurface
1124.36 4075.02 619.847 0 0 0 0 1.03393e+06 19.7861 113453 3.57304 913478 1.03393e+06 ZonesAtSurface
1174.39 4075.02 644.816 0 0 0 0 1.20185e+06 17.511 72275.2 4.23102 837501 1.20185e+06 ZonesAtSurface
1224.42 4075.02 669.785 0 0 0 0 1.10736e+06 42.7612 131629 8.91504 756022 1.10736e+06 ZonesAtSurface
1274.45 4075.02 694.756 0 0 0 0 531208 37.5713 147905 4.8966 686673 531208 ZonesAtSurface
1324.49 4075.02 719.731 0 0 0 0 725309 24.7359 122266 5.10305 471921 725309 ZonesAtSurface
1374.5 4075.02 694.71 0 0 2 1 1.19932e+06 31.9988 82418.3 5.22502 1.0756e+06 1.19932e+06 ZonesAtSurface
1424.53 4075.02 719.689 0 6 2 1 1.30047e+06 32.9761 63753 7.43092 867562 1.30047e+06 ZonesAtSurface
1474.57 4075.01 744.663 0 10 2 1 1.20281e+06 26.7243 117516 2.094 2.19503e+06 1.20281e+06 ZonesAtSurface
1524.6 4075.01 769.631 0 0 2 1 617393 40.0324 133204 1.74556 2.58852e+06 617393 ZonesAtSurface
1574.64 4075.02 844.602 0 3 0 0 822337 23.3808 115885 3.5528 795652 822337 ZonesAtSurface
1624.68 4075.02 869.586 0 0 0 0 709368 25.0885 92799.2 4.48924 527122 709368 ZonesAtSurface
1674.73 4075.02 894.574 0 5 0 0 1.41538e+06 33.772 148167 5.5506 904600 1.41538e+06 ZonesAtSurface
1724.73 4075.01 819.577 0 0 2 2 1.314e+06 28.3457 114579 1.3291 3.29594e+06 1.314e+06 ZonesAtSurface
1774.75 4075.01 694.652 0 0 1 5 1.4975e+06 19.493 94880 1.48883 2.99417e+06 1.4975e+06 ZonesAtSurface
1824.77 4075.01 719.663 0 3 1 5 1.00391e+06 21.4392 50753.6 1.2392 2.35649e+06 1.00391e+06 ZonesAtSurface
1874.81 4075 694.678 0 0 2 6 754369 31.5755 140529 1.15288 3.58161e+06 754369 ZonesAtSurface
1924.84 4075 719.691 3 0 2 6 1.21266e+06 26.4383 143608 1.19603 3.3291e+06 1.21266e+06 ZonesAtSurface
1974.88 4075 744.707 0 6 2 6 1.05398e+06 38.5631 90251.9 1.2572 3.24903e+06 1.05398e+06 ZonesAtSurface
2024.93 4075 707.246 2 2 2 6 771276 28.8126 137125 1.02887 2.30272e+06 771276 ZonesAtSurface
2074.97 4075 657.296 3 1 1 5 1.12384e+06 37.1232 104378 1.14915 4.18e+06 1.12384e+06 ZonesAtSurface
2125 4075 507.368 0 0 1 6 673694 28.438 84526.5 2.58218 4.72047e+06 673694 ZonesAtSurface
2175.02 4074.98 457.413 7 0 1 5 657032 44.1424 76164.2 2.71725 1.42078e+07 657032 ZonesAtSurface
2225.04 4074.96 357.436 5 0 0 0 886289 32.6557 107980 1.40632 1.83031e+07 886289 ZonesAtSurface
2275.08 4074.97 257.457 3 0 0 0 845655 42.2739 147203 2.14913 1.14875e+07 845655 ZonesAtSurface
2325.11 4074.99 157.473 0 0 0 0 1.14032e+06 16.1029 86397.3 1.25323 6.15514e+06 1.14032e+06 ZonesAtSurface
2375.12 4074.99 57.4825 0 0 0 0 787490 31.656 51083.3 2.95508 5.78801e+06 787490 ZonesAtSurface
2425.11 4074.99 -42.5098 0 0 0 0 624696 39.6405 132684 5.49201 6.88438e+06 624696 ZonesAtSurface
2475.09 4074.68 -92.508 10 0 0 0 932262 22.0357 61373.6 1.84714 8.91974e+06 932262 ZonesAtSurface
2525.05 4074.9 -122.505 10 0 0 0 1.43433e+06 37.391 130236 3.51494 2.29158e+07 1.43433e+06 ZonesAtSurface
2575.02 4074.82 -82.4946 10 0 0 0 1.11808e+06 15.6621 67934.9 1.26515 2.68419e+07 1.11808e+06 ZonesAtSurface
2624.98 4074.89 -42.4824 10 0 0 0 645381 25.6121 98289.9 1.79666 2.13212e+07 645381 ZonesAtSurface
2674.94 4074.98 -2.47594 2 0 0 0 1.11347e+06 20.1006 139567 1.17893 7.60861e+06 1.11347e+06 ZonesAtSurface
2724.9 4074.86 37.5179 9 9 0 0 1.31986e+06 18.1587 59073.2 0 2.1544e+06 1.31986e+06 ZonesAtSurface
2774.88 4074.58 77.5066 7 9 0 0 559668 35.7219 137105 0 37032.2 559668 ZonesAtSurface
2824.87 4075 67.498 0 0 0 0 562664 18.945 91139.1 3.16377 2.91513e+06 562664 ZonesAtSurface
2874.86 4074.67 157.476 9 0 0 0 568876 23.4816 102175 1.01647 9.4264e+06 568876 ZonesAtSurface
2924.87 4074.85 197.458 7 0 0 0 853593 36.3757 130837 2.76268 3.33919e+07 853593 ZonesAtSurface
2974.88 4074.6 237.457 9 0 0 0 1.3001e+06 22.756 81938.7 1.44584 2.14704e+07 1.3001e+06 ZonesAtSurface
3024.86 4074.99 227.451 0 0 0 0 989595 36.7911 78704.9 6.07813 4.75183e+06 989595 ZonesAtSurface
3074.86 4074.99 267.436 0 0 0 0 625890 44.7438 113624 6.75883 3.51954e+06 625890 ZonesAtSurface
3124.87 4074.99 307.416 0 0 0 0 1.06012e+06 31.661 95525.4 3.81714 3.96438e+06 1.06012e+06 ZonesAtSurface
3174.94 4073.02 447.409 2 0 0 0 1.22218e+06 37.3607 141489 2.3333 7.14408e+06 1.22218e+06 ZonesAtSurface
3224.89 4075 387.385 0 0 0 0 811758 39.965 69391 7.8262 2.69497e+06 811758 ZonesAtSurface
3274.9 4075 427.359 0 0 1 5 836724 41.9321 74833 5.92259 3.57243e+06 836724 ZonesAtSurface
3324.91 4075 467.323 0 0 1 5 517102 21.3404 121536 1.26942 4.59792e+06 517102 ZonesAtSurface
3374.92 4075.01 557.27 0 0 1 4 1.26531e+06 31.0064 74309.9 1.04541 5.82779e+06 1.26531e+06 ZonesAtSurface
3424.96 4075.01 697.204 4 0 1 2 788786 43.0292 95284.9 1.86414 3.7016e+06 788786 ZonesAtSurface
3474.98 4075.01 737.159 0 0 2 2 1.4182e+06 24.166 72822.7 1.28242 3.55333e+06 1.4182e+06 ZonesAtSurface
3525.03 4075.01 827.117 0 1 2 1 734512 41.7887 78762.3 3.83048 1.16738e+06 734512 ZonesAtSurface
3575.06 4075.01 867.087 0 6 2 1 726031 15.3104 79170.7 3.28611 579848 726031 ZonesAtSurface
3625.07 4075.01 857.058 0 0 2 2 592016 20.5292 84492.1 1.77722 1.09236e+06 592016 ZonesAtSurface
3675.07 4075.01 847.022 0 0 2 3 879028 16.8607 74844.5 1.35889 2.06237e+06 879028 ZonesAtSurface
3725.11 4075.01 886.971 4 4 1 3 1.27253e+06 19.2167 94780.6 1.37489 2.998e+06 1.27253e+06 ZonesAtSurface
3775.14 4075.01 936.938 2 1 1 2 726859 31.6219 51569.8 2.40865 1.5081e+06 726859 ZonesAtSurface
3825.15 4075.01 946.942 0 0 2 1 955018 16.6624 89904.1 7.60206 425959 955018 ZonesAtSurface
3875.15 4075.01 956.968 0 0 0 0 1.26389e+06 43.9344 72136.9 8.42014 1.0864e+06 1.26389e+06 ZonesAtSurface
3925.22 4075.01 867.014 0 0 2 1 939893 20.5257 109831 1.62224 2.07448e+06 939893 ZonesAtSurface
3975.24 4075.01 877.064 6 0 0 0 828800 41.806 98862.6 1.52045 2.71281e+06 828800 ZonesAtSurface
4025.35 4075.01 787.127 0 0 2 1 1.04992e+06 17.7229 83941 1.11569 2.86592e+06 1.04992e+06 ZonesAtSurface
4075.38 4075.01 797.18 1 0 0 0 1.12038e+06 23.806 108040 2.00182 1.91756e+06 1.12038e+06 ZonesAtSurface
4125.51 4075.01 657.245 0 0 1 2 1.33909e+06 25.261 86810.3 1.66779 3.67394e+06 1.33909e+06 ZonesAtSurface
4175.53 4075.01 667.291 0 0 1 1 1.31988e+06 17.9435 141800 1.41615 2.76199e+06 1.31988e+06 ZonesAtSurface
4225.57 4075.01 627.337 0 4 1 1 1.34297e+06 43.3536 83354.4 2.63464 3.37305e+06 1.34297e+06 ZonesAtSurface
4275.62 4075.01 537.381 0 0 1 2 817257 16.2295 74251.3 1.09608 2.90781e+06 817257 ZonesAtSurface
4325.61 4075.01 597.409 0 1 0 0 1.28912e+06 44.7365 108512 6.11315 1.368e+06 1.28912e+06 ZonesAtSurface
4375.64 4075.02 557.436 4 0 0 0 726925 35.5357 113988 1.6294 2.04512e+06 726925 ZonesAtSurface
4425.65 4075.02 517.464 0 0 0 0 1.14745e+06 38.5115 111375 2.75116 2.31721e+06 1.14745e+06 ZonesAtSurface
4475.66 4075.02 477.491 0 0 0 0 1.36743e+06 42.2304 90886.7 3.7001 2.13375e+06 1.36743e+06 ZonesAtSurface
4525.66 4075.02 437.517 0 0 0 0 1.4278e+06 28.8521 142126 2.82393 2.00189e+06 1.4278e+06 ZonesAtSurface
4575.66 4075.02 397.539 0 0 0 0 1.07441e+06 42.9228 90443.7 3.51144 1.78635e+06 1.07441e+06 ZonesAtSurface
4625.66 4075.02 357.556 0 0 0 0 693224 16.0037 122912 2.42517 880371 693224 ZonesAtSurface
4675.65 4075.02 267.572 3 0 2 1 520430 37.2451 98575 1.33024 1.54639e+06 520430 ZonesAtSurface
4725.42 4075.01 77.6014 2 0 1 4 1.1783e+06 18.0565 51558 1.00742 6.67535e+06 1.1783e+06 ZonesAtSurface
4775.33 4075.01 37.5964 3 0 1 4 1.34266e+06 31.7921 147941 1.19697 1.27391e+07 1.34266e+06 ZonesAtSurface
4825.28 4075.02 47.6148 12 0 1 3 1.43787e+06 40.7283 57600.2 1.16029 1.44875e+07 1.43787e+06 ZonesAtSurface
4875.2 4075.02 57.6322 23 0 1 2 1.42357e+06 40.9693 79861.4 1.07152 1.08239e+07 1.42357e+06 ZonesAtSurface
4925.13 4075.02 67.6555 15 0 1 1 757847 22.5673 63765.6 1.05476 6.7177e+06 757847 ZonesAtSurface
74.9489 4125.01 -3.83764 46 0 1 2 937787 22.2852 54020 1.19965 3.3978e+06 937787 ZonesAtSurface
124.824 4125.02 -28.8847 18 0 1 3 1.47291e+06 43.9695 143462 1.15487 1.23918e+07 1.47291e+06 ZonesAtSurface
174.753 4125.02 -3.85519 25 0 1 3 1.45858e+06 39.8368 58002 1.20116 6.19568e+06 1.45858e+06 ZonesAtSurface
224.697 4125.01 -28.8964 11 0 1 4 1.04205e+06 44.5935 123750 1.03162 1.22647e+07 1.04205e+06 ZonesAtSurface
274.627 4125.01 -3.88731 20 0 1 4 833616 26.7929 54740.7 1.0256 5.44998e+06 833616 ZonesAtSurface
324.604 4125.01 -28.92 0 0 1 5 678151 33.5368 81029.8 1.45998 1.05592e+07 678151 ZonesAtSurface
374.546 4125.01 -3.91791 0 0 1 5 1.41937e+06 18.0513 87769.3 1.00151 7.94549e+06 1.41937e+06 ZonesAtSurface
424.391 4125.01 121.097 10 0 1 3 950768 41.5279 146610 1.10329 5.84981e+06 950768 ZonesAtSurface
474.299 4125.02 246.087 0 8 2 1 1.05419e+06 40.9119 74044.2 2.2779 2.50749e+06 1.05419e+06 ZonesAtSurface
524.288 4125.02 321.08 0 2 0 0 1.13755e+06 19.1194 56230.4 2.32076 1.39271e+06 1.13755e+06 ZonesAtSurface
574.285 4125.02 346.07 0 0 0 0 576181 37.4482 102025 2.09501 1.77333e+06 576181 ZonesAtSurface
624.28 4125.02 371.057 0 0 0 0 637021 27.7025 60094.7 1.66582 1.84183e+06 637021 ZonesAtSurface
674.275 4125.02 396.043 0 0 0 0 826635 36.9435 122625 2.90648 1.74456e+06 826635 ZonesAtSurface
724.272 4125.02 421.026 0 0 0 0 1.34006e+06 43.0967 112641 5.47488 1.55074e+06 1.34006e+06 ZonesAtSurface
774.272 4125.02 446.007 0 0 0 0 1.14455e+06 40.2383 118087 4.86618 1.38836e+06 1.14455e+06 ZonesAtSurface
824.273 4125.02 470.987 0 0 0 0 1.46299e+06 43.7069 97207 7.27912 1.21292e+06 1.46299e+06 ZonesAtSurface
874.277 4125.02 495.967 0 0 0 0 1.04243e+06 41.7287 60169.1 5.39527 1.18007e+06 1.04243e+06 ZonesAtSurface
924.285 4125.02 520.946 0 0 0 0 778028 17.5737 91191.2 2.04107 1.20285e+06 778028 ZonesAtSurface
974.296 4125.02 545.923 0 0 0 0 829231 24.7999 132008 2.77679 1.12233e+06 829231 ZonesAtSurface
1024.31 4125.02 570.899 0 0 0 0 710018 35.6905 147586 3.1139 1.15009e+06 710018 ZonesAtSurface
1074.33 4125.02 595.872 0 0 0 0 1.16621e+06 23.0683 63572.9 3.65763 1.05962e+06 1.16621e+06 ZonesAtSurface
1124.36 4125.02 620.843 0 0 0 0 786552 29.1122 78298.1 4.04994 849493 786552 ZonesAtSurface
1174.39 4125.02 645.811 0 0 0 0 1.1619e+06 42.393 148484 9.33401 705513 1.1619e+06 ZonesAtSurface
1224.42 4125.02 670.78 0 0 0 0 865601 17.7469 59833.9 3.78667 740422 865601 ZonesAtSurface
1274.46 4125.02 695.751 0 0 0 0 1.386e+06 23.4066 52677.4 6.36647 771358 1.386e+06 ZonesAtSurface
1324.49 4125.02 720.724 0 1 0 0 606737 29.6329 74367.4 5.52297 482348 606737 ZonesAtSurface
1374.53 4125.02 745.701 0 8 0 0 1.0369e+06 23.381 51441 7.57518 468269 1.0369e+06 ZonesAtSurface
1424.54 4125.02 720.681 0 6 2 1 1.39125e+06 22.6249 66844.8 7.55608 692477 1.39125e+06 ZonesAtSurface
1474.55 4125.01 695.656 0 0 2 2 678821 24.8428 64098 2.68077 1.48681e+06 678821 ZonesAtSurface
1524.6 4125.02 770.621 0 0 2 1 1.12128e+06 23.7266 139429 1.58269 2.35273e+06 1.12128e+06 ZonesAtSurface
1574.65 4125.02 845.595 0 5 0 0 902244 20.1034 65214.6 3.77179 797401 902244 ZonesAtSurface
1624.69 4125.02 870.58 0 0 0 0 1.05189e+06 21.5385 59706.4 6.83271 489686 1.05189e+06 ZonesAtSurface
1674.71 4125.01 845.571 0 7 2 1 1.04826e+06 30.6133 110157 2.57565 1.54359e+06 1.04826e+06 ZonesAtSurface
1724.73 4125.01 770.587 0 9 2 3 1.25871e+06 42.6584 123041 1.60018 3.34348e+06 1.25871e+06 ZonesAtSurface
1774.75 4125.01 695.651 1 10 2 5 1.45667e+06 38.3985 109760 1.83906 3.92934e+06 1.45667e+06 ZonesAtSurface
1824.78 4125.01 670.664 0 0 2 6 1.35991e+06 32.6907 74205 1.36355 4.79778e+06 1.35991e+06 ZonesAtSurface
1874.81 4125 695.673 0 0 2 6 1.22807e+06 29.7446 71036 1.11457 4.13947e+06 1.22807e+06 ZonesAtSurface
1924.84 4125 720.687 3 0 2 6 984470 29.187 50940.7 1.09794 3.1729e+06 984470 ZonesAtSurface
1974.88 4125 745.704 0 6 2 6 1.43677e+06 15.805 70179 1.14514 3.27336e+06 1.43677e+06 ZonesAtSurface
2024.93 4125 708.242 0 6 2 6 1.14534e+06 38.2984 110918 1.12929 3.9074e+06 1.14534e+06 ZonesAtSurface
2074.97 4125 658.291 3 0 2 5 613639 16.502 80833.6 1.17367 1.83325e+06 613639 ZonesAtSurface
2125 4125 508.364 0 0 1 6 679934 16.577 133195 3.00456 2.75154e+06 679934 ZonesAtSurface
2175.02 4124.99 408.409 0 0 1 6 835431 21.3204 138227 2.72083 6.95947e+06 835431 ZonesAtSurface
2225.02 4124.78 358.431 10 0 0 0 1.34711e+06 40.1391 104514 1.91952 7.80413e+07 1.34711e+06 ZonesAtSurface
2275.09 4124.27 308.463 6 0 0 0 1.32289e+06 31.9795 136704 1.18605 2.17703e+07 1.32289e+06 ZonesAtSurface
2325.1 4124.99 158.467 1 0 0 0 994437 16.3582 144819 1.02744 4.69642e+06 994437 ZonesAtSurface
2375.11 4124.99 58.4767 0 0 0 0 1.2016e+06 42.6551 53829.6 5.43253 6.255e+06 1.2016e+06 ZonesAtSurface
2425.1 4124.99 -41.5155 0 0 0 0 1.15652e+06 23.6985 146478 2.24252 8.22632e+06 1.15652e+06 ZonesAtSurface
2475.08 4124.62 -91.5096 10 0 0 0 505053 37.4719 100234 1.86947 3.5018e+07 505053 ZonesAtSurface
2525.06 4124.76 -121.497 10 0 0 0 568654 43.1678 82505 1.74665 5.56486e+07 568654 ZonesAtSurface
2575.03 4125 -131.498 0 0 0 0 589337 37.2634 77492.5 8.78615 5.99036e+06 589337 ZonesAtSurface
2624.97 4124.78 -41.4826 10 0 0 0 763420 32.2156 78061.3 1.35705 2.38114e+07 763420 ZonesAtSurface
2674.94 4124.95 -1.48693 6 0 0 0 776309 16.6727 90066.9 1.07045 1.11445e+07 776309 ZonesAtSurface
2724.91 4124.95 38.5086 3 0 0 0 1.45547e+06 25.068 127623 1.35862 1.42556e+07 1.45547e+06 ZonesAtSurface
2774.89 4124.68 78.5028 10 0 0 0 571771 39.5426 67999.4 2.25585 1.26227e+07 571771 ZonesAtSurface
2824.86 4124.43 118.486 2 0 0 0 505754 37.3995 89161.2 0.471623 5.42004e+06 505754 ZonesAtSurface
2874.86 4124.61 158.458 9 0 0 0 806681 39.6312 61911.3 1.21092 3.21347e+07 806681 ZonesAtSurface
2924.9 4124.66 198.445 9 0 0 0 814787 36.9893 130894 1.51527 5.05217e+07 814787 ZonesAtSurface
2974.87 4124.99 188.452 0 0 0 0 662360 35.2562 135159 5.88396 6.15504e+06 662360 ZonesAtSurface
3024.86 4125 228.448 0 0 0 0 997271 35.9572 132931 8.02416 3.62324e+06 997271 ZonesAtSurface
3074.86 4125 268.433 0 0 0 0 1.04576e+06 26.7312 138317 5.27765 2.4806e+06 1.04576e+06 ZonesAtSurface
3124.87 4125 308.413 0 0 0 0 668043 19.2309 91514.5 2.75889 2.90681e+06 668043 ZonesAtSurface
3174.89 4124.99 348.397 0 0 0 0 602442 35.8714 83184.7 6.39843 3.33876e+06 602442 ZonesAtSurface
3224.93 4122.86 488.402 2 0 0 0 736600 43.6535 52435.4 4.20317 4.46472e+06 736600 ZonesAtSurface
3274.9 4125 428.356 0 0 1 5 1.42401e+06 32.5365 65281.8 3.45855 4.39016e+06 1.42401e+06 ZonesAtSurface
3324.9 4125 518.316 6 0 1 4 840068 44.5293 147209 1.10726 6.03545e+06 840068 ZonesAtSurface
3374.93 4125.01 608.254 2 0 2 3 1.46956e+06 33.8914 99655.4 1.18353 5.02322e+06 1.46956e+06 ZonesAtSurface
3424.95 4125.01 648.211 0 0 1 3 1.37355e+06 42.4897 105318 1.9804 4.60227e+06 1.37355e+06 ZonesAtSurface
3474.98 4125.01 738.158 0 0 2 2 1.3502e+06 26.4662 143373 1.39159 3.63716e+06 1.3502e+06 ZonesAtSurface
3525.03 4125.01 828.114 0 10 1 1 1.18925e+06 43.7439 70029.7 5.55813 1.1229e+06 1.18925e+06 ZonesAtSurface
3575.06 4125.01 868.083 0 4 2 1 1.27158e+06 36.4909 121331 9.17797 535007 1.27158e+06 ZonesAtSurface
3625.07 4125.01 858.051 0 3 2 2 941411 42.5464 87969.2 2.57704 1.60558e+06 941411 ZonesAtSurface
3675.07 4125.01 848.013 0 0 2 3 910592 22.463 96516.3 1.91718 1.76373e+06 910592 ZonesAtSurface
3725.12 4125.01 937.962 0 7 2 2 1.10368e+06 25.8741 133164 2.09292 1.75785e+06 1.10368e+06 ZonesAtSurface
3775.14 4125.01 937.938 0 2 2 2 1.25563e+06 38.8933 57626 10 635853 1.25563e+06 ZonesAtSurface
3825.15 4125.01 947.943 0 3 2 1 1.40114e+06 35.7846 132087 7.75785 832446 1.40114e+06 ZonesAtSurface
3875.17 4125.01 907.969 0 0 2 1 749464 38.4328 135191 3.87376 1.25261e+06 749464 ZonesAtSurface
3925.18 4125.01 918.011 0 1 0 0 979358 35.2077 137114 2.39045 1.89256e+06 979358 ZonesAtSurface
3975.28 4125.01 828.067 0 0 2 1 1.36009e+06 33.1322 135285 2.54253 2.40062e+06 1.36009e+06 ZonesAtSurface
4025.35 4125.01 788.124 0 0 1 1 1.3648e+06 34.7861 130943 2.43115 2.79497e+06 1.3648e+06 ZonesAtSurface
4075.42 4125.01 748.181 0 0 1 1 1.18416e+06 37.7566 113275 2.14566 2.81117e+06 1.18416e+06 ZonesAtSurface
4125.48 4125.01 708.236 1 0 2 1 585150 30.7964 69072.3 1.13767 2.7596e+06 585150 ZonesAtSurface
4175.53 4125.01 668.285 0 0 2 1 1.22265e+06 35.2762 50242.2 2.2141 2.84301e+06 1.22265e+06 ZonesAtSurface
4225.59 4125.01 578.338 0 0 1 2 1.35694e+06 22.5084 75732.4 1.48201 3.83328e+06 1.35694e+06 ZonesAtSurface
4275.6 4125.01 588.374 7 0 2 1 548270 21.6389 60715.2 1.12557 2.47561e+06 548270 ZonesAtSurface
4325.63 4125.01 548.407 0 0 2 1 1.15826e+06 24.4465 55014.8 1.8431 2.55994e+06 1.15826e+06 ZonesAtSurface
4375.63 4125.02 558.434 0 0 0 0 1.25488e+06 28.1991 51532.1 2.12939 2.29962e+06 1.25488e+06 ZonesAtSurface
4425.65 4125.02 518.462 0 0 0 0 1.36374e+06 41.3036 89253.7 3.39982 2.21421e+06 1.36374e+06 ZonesAtSurface
4475.65 4125.02 478.488 0 0 0 0 546343 40.7171 147332 1.84056 2.14499e+06 546343 ZonesAtSurface
4525.65 4125.02 438.514 0 0 0 0 963743 22.7391 124615 1.69367 2.022e+06 963743 ZonesAtSurface
4575.66 4125.02 398.536 0 0 0 0 664453 25.4932 51601.9 1.63819 1.5843e+06 664453 ZonesAtSurface
4625.66 4125.02 358.552 0 0 0 0 1.2706e+06 27.1997 138742 3.9548 1.16695e+06 1.2706e+06 ZonesAtSurface
4675.56 4125.01 168.59 2 0 1 3 1.03497e+06 34.0122 131165 1.13468 6.73485e+06 1.03497e+06 ZonesAtSurface
4725.37 4125.01 28.5791 0 0 1 5 1.25478e+06 19.419 117994 1.17383 9.27678e+06 1.25478e+06 ZonesAtSurface
4775.33 4125.01 38.5934 12 0 1 4 738569 17.7377 126300 1.02715 8.2558e+06 738569 ZonesAtSurface
4825.28 4125.01 48.6131 18 0 1 3 514573 34.5635 69861.7 1.03263 1.10297e+07 514573 ZonesAtSurface
4875.21 4125.02 58.6281 20 0 1 2 1.24678e+06 15.5749 75638.5 1.05039 5.82252e+06 1.24678e+06 ZonesAtSurface
4925.13 4125.02 68.6612 27 0 1 1 942125 20.0671 132470 1.09392 5.89463e+06 942125 ZonesAtSurface
74.9389 4175.02 -2.84645 32 0 1 2 1.21782e+06 16.533 144157 1.15913 4.04567e+06 1.21782e+06 ZonesAtSurface
124.829 4175.02 -27.8874 19 0 1 3 1.39764e+06 37.2608 70277.6 1.03957 9.7022e+06 1.39764e+06 ZonesAtSurface
174.766 4175.02 -2.85227 28 0 1 3 1.18138e+06 32.0736 50880.8 1.27826 4.61551e+06 1.18138e+06 ZonesAtSurface
224.698 4175.02 -27.8978 19 0 1 4 1.06799e+06 27.1864 148735 1.01742 7.55686e+06 1.06799e+06 ZonesAtSurface
274.621 4175.01 -2.89002 16 0 1 4 1.09986e+06 32.6922 131531 1.01871 6.18783e+06 1.09986e+06 ZonesAtSurface
324.604 4175.01 -27.9231 1 0 1 5 728604 33.7917 78150.6 1.21322 1.02012e+07 728604 ZonesAtSurface
374.419 4175.01 97.0906 9 5 1 3 1.48137e+06 40.1407 85144.8 1.33667 4.94121e+06 1.48137e+06 ZonesAtSurface
424.398 4175.01 122.097 2 0 1 3 1.47471e+06 36.041 64579 1.02619 6.37403e+06 1.47471e+06 ZonesAtSurface
474.306 4175.02 247.086 0 3 2 1 1.26921e+06 44.4976 72792.7 2.76788 2.6581e+06 1.26921e+06 ZonesAtSurface
524.293 4175.02 322.079 0 0 0 0 1.43483e+06 21.6927 117660 2.83112 1.55638e+06 1.43483e+06 ZonesAtSurface
574.288 4175.02 347.069 0 0 0 0 1.10092e+06 18.1732 69798.9 1.77162 1.94976e+06 1.10092e+06 ZonesAtSurface
624.282 4175.02 372.055 0 0 0 0 1.38301e+06 40.6621 83564.3 4.25949 1.90752e+06 1.38301e+06 ZonesAtSurface
674.277 4175.02 397.04 0 0 0 0 837104 40.3683 110284 3.19138 1.76944e+06 837104 ZonesAtSurface
724.275 4175.02 422.023 0 0 0 0 1.33265e+06 37.1286 142629 4.48748 1.55451e+06 1.33265e+06 ZonesAtSurface
774.274 4175.02 447.004 0 0 0 0 1.07374e+06 26.3583 140044 3.03048 1.38924e+06 1.07374e+06 ZonesAtSurface
824.276 4175.02 471.984 0 0 0 0 607945 21.0494 132506 1.90332 1.18807e+06 607945 ZonesAtSurface
874.28 4175.02 496.964 0 0 0 0 1.36532e+06 29.3912 134121 4.55342 1.18659e+06 1.36532e+06 ZonesAtSurface
924.287 4175.02 521.943 0 0 0 0 506374 21.9922 81759 1.65768 1.20926e+06 506374 ZonesAtSurface
974.299 4175.02 546.92 0 0 0 0 570518 16.9819 122228 1.61224 1.13937e+06 570518 ZonesAtSurface
1024.31 4175.02 571.895 0 0 0 0 1.28541e+06 42.6436 65691.1 5.92536 1.20599e+06 1.28541e+06 ZonesAtSurface
1074.34 4175.02 596.867 0 0 0 0 1.20956e+06 40.3099 100546 5.64322 1.09039e+06 1.20956e+06 ZonesAtSurface
1124.37 4175.03 621.837 0 0 0 0 1.30363e+06 41.3564 111377 8.81924 847540 1.30363e+06 ZonesAtSurface
1174.39 4175.03 646.805 0 0 0 0 880370 21.4573 143519 4.27331 690345 880370 ZonesAtSurface
1224.43 4175.03 671.774 0 0 0 0 563870 42.9786 72986.4 6.47212 691866 563870 ZonesAtSurface
1274.46 4175.03 696.745 0 0 0 0 1.45273e+06 26.3974 109331 7.8225 699775 1.45273e+06 ZonesAtSurface
1324.5 4175.03 721.718 0 0 0 0 968608 29.5391 145873 10 365390 968608 ZonesAtSurface
1374.53 4175.02 746.695 0 0 0 0 1.45564e+06 35.4751 146627 10 466214 1.45564e+06 ZonesAtSurface
1424.54 4175.02 721.675 0 6 2 1 1.05052e+06 33.4813 59592.6 6.87122 740271 1.05052e+06 ZonesAtSurface
1474.55 4175.02 696.651 0 0 2 2 1.14227e+06 29.4869 95109.9 3.89398 1.64087e+06 1.14227e+06 ZonesAtSurface
1524.6 4175.02 771.617 4 0 2 1 757173 40.2417 134231 1.70963 2.51479e+06 757173 ZonesAtSurface
1574.65 4175.02 846.589 0 7 0 0 832358 34.6517 93056.2 4.17473 904928 832358 ZonesAtSurface
1624.69 4175.02 871.573 0 0 0 0 1.16161e+06 30.6793 141247 8.29378 511780 1.16161e+06 ZonesAtSurface
1674.73 4175.02 896.559 0 8 0 0 1.08706e+06 15.8402 100231 3.95605 748966 1.08706e+06 ZonesAtSurface
1724.73 4175.01 771.584 2 10 2 3 835083 21.7127 149916 1.36394 1.77255e+06 835083 ZonesAtSurface
1774.75 4175.01 646.651 0 0 1 6 1.17166e+06 37.804 149265 1.46418 5.00042e+06 1.17166e+06 ZonesAtSurface
1824.78 4175.01 721.657 1 2 2 5 917393 15.1752 138819 1.08323 2.14827e+06 917393 ZonesAtSurface
1874.81 4175.01 696.669 0 0 2 6 553980 33.8245 75567.1 1.1158 3.51145e+06 553980 ZonesAtSurface
1924.84 4175.01 721.682 0 6 2 6 1.40874e+06 17.7278 63962.4 1.17354 3.25146e+06 1.40874e+06 ZonesAtSurface
1974.88 4175.01 746.699 0 6 2 6 1.39074e+06 43.8419 80092 1.50709 4.09424e+06 1.39074e+06 ZonesAtSurface
2024.93 4175 709.239 0 6 2 6 1.3253e+06 35.1605 52188.3 1.12277 4.44211e+06 1.3253e+06 ZonesAtSurface
2074.97 4175 659.29 2 0 2 5 983687 19.9594 102589 1.12912 2.63049e+06 983687 ZonesAtSurface
2125.01 4175 509.361 0 0 1 6 530885 34.0526 128899 3.04451 4.61362e+06 530885 ZonesAtSurface
2175.03 4175 409.409 0 0 1 6 1.00764e+06 44.29 65846.7 10 2.2202e+06 1.00764e+06 ZonesAtSurface
2225.06 4175 309.441 0 0 0 0 1.08538e+06 28.1905 147257 10 1.94525e+06 1.08538e+06 ZonesAtSurface
2275.08 4174.79 259.458 8 0 0 0 1.3635e+06 41.6806 100115 3.62558 1.49041e+07 1.3635e+06 ZonesAtSurface
2325.09 4175 159.468 0 0 0 0 1.20375e+06 20.4193 64721.2 2.23719 4.1306e+06 1.20375e+06 ZonesAtSurface
2375.1 4175 59.4745 0 0 0 0 1.2355e+06 15.4883 109513 1.71118 4.4841e+06 1.2355e+06 ZonesAtSurface
2425.09 4174.4 9.47675 2 0 0 0 902928 43.6372 140576 1.00104 2.07987e+07 902928 ZonesAtSurface
2475.09 4175 -140.511 0 0 0 0 1.22919e+06 35.1273 96248.3 6.34236 6.40599e+06 1.22919e+06 ZonesAtSurface
2525.06 4174.68 -120.501 10 3 0 0 589091 15.6272 112714 1.12875 5.99407e+06 589091 ZonesAtSurface
2575.01 4174.62 -80.4941 7 5 0 0 878869 22.1071 139177 1.29543 3.53601e+06 878869 ZonesAtSurface
2624.96 4174.63 -40.4922 9 0 0 0 582161 27.9107 133551 1.17573 3.23516e+07 582161 ZonesAtSurface
2674.94 4174.81 -0.495049 10 0 0 0 856193 18.2067 128990 1.31342 2.93939e+07 856193 ZonesAtSurface
2724.92 4174.81 39.5041 10 0 0 0 589862 29.8232 122423 1.48715 4.61664e+07 589862 ZonesAtSurface
2774.9 4174.61 79.5023 10 0 0 0 525254 16.8546 116395 1.35687 1.33186e+07 525254 ZonesAtSurface
2824.87 4175 69.4937 0 0 0 0 897872 23.0874 67227.2 3.73536 4.35724e+06 897872 ZonesAtSurface
2874.86 4175 109.479 0 0 0 0 1.21871e+06 20.6393 147808 5.14777 2.25769e+06 1.21871e+06 ZonesAtSurface
2924.89 4174.51 199.452 10 0 0 0 1.19244e+06 29.9813 63440.2 1.04283 2.80586e+07 1.19244e+06 ZonesAtSurface
2974.87 4175 189.453 0 0 0 0 1.11034e+06 17.2709 100204 2.21291 4.54494e+06 1.11034e+06 ZonesAtSurface
3024.86 4175 229.446 0 0 0 0 1.09203e+06 24.3676 110851 3.78639 3.5062e+06 1.09203e+06 ZonesAtSurface
3074.86 4175 269.433 0 0 0 0 1.32136e+06 28.86 73843.6 7.51981 2.18509e+06 1.32136e+06 ZonesAtSurface
3124.89 4174.39 359.405 6 0 0 0 902408 33.5002 143495 1.00026 1.20171e+07 902408 ZonesAtSurface
3174.88 4174.99 349.387 0 0 0 0 888767 21.8546 113289 2.22399 5.47578e+06 888767 ZonesAtSurface
3224.9 4174.98 389.363 4 0 0 0 1.01333e+06 24.5226 142509 1.62248 1.0361e+07 1.01333e+06 ZonesAtSurface
3274.89 4175 379.348 0 0 1 6 1.34089e+06 41.4442 56674.5 10 2.51407e+06 1.34089e+06 ZonesAtSurface
3324.91 4175 519.311 8 0 1 4 1.11867e+06 36.9968 83757.6 1.47217 6.33016e+06 1.11867e+06 ZonesAtSurface
3374.93 4175.01 609.249 2 0 1 3 910603 44.7424 143095 1.31538 4.90718e+06 910603 ZonesAtSurface
3424.95 4175.01 649.207 0 0 1 3 1.37736e+06 28.2809 138074 1.36345 4.47008e+06 1.37736e+06 ZonesAtSurface
3474.98 4175.01 739.154 5 0 2 2 811752 22.5423 60473.5 1.13328 2.8727e+06 811752 ZonesAtSurface
3525.01 4175.01 779.112 0 0 2 2 1.40645e+06 29.0999 122021 1.84806 2.94012e+06 1.40645e+06 ZonesAtSurface
3575.07 4175.02 869.077 0 0 2 1 763554 43.2547 145254 5.48269 679434 763554 ZonesAtSurface
3625.07 4175.01 859.046 0 6 2 2 1.46283e+06 44.9254 92296.3 5.3461 1.38006e+06 1.46283e+06 ZonesAtSurface
3675.07 4175.01 849.011 0 5 2 3 998436 22.5302 135228 2.08784 1.72375e+06 998436 ZonesAtSurface
3725.11 4175.01 888.966 0 1 2 3 1.3807e+06 25.7103 114305 1.82613 2.68008e+06 1.3807e+06 ZonesAtSurface
3775.14 4175.02 938.939 0 8 2 2 1.18842e+06 25.3532 98226.1 5.32374 803470 1.18842e+06 ZonesAtSurface
3825.16 4175.01 898.941 12 0 2 2 751679 19.3559 67507.2 3.7891 853411 751679 ZonesAtSurface
3875.17 4175.01 908.97 0 0 2 1 747164 24.153 78961.4 3.52797 981950 747164 ZonesAtSurface
3925.22 4175.01 869.012 1 0 1 1 819202 21.5571 64902.7 1.66264 1.72867e+06 819202 ZonesAtSurface
3975.28 4175.01 829.065 0 0 1 1 533297 42.8861 140886 1.94238 2.31936e+06 533297 ZonesAtSurface
4025.35 4175.01 789.12 4 0 1 1 692897 32.7954 90776.4 1.14438 2.83265e+06 692897 ZonesAtSurface
4075.41 4175.01 749.178 0 0 1 1 1.42124e+06 42.0186 65744.1 2.7153 3.33387e+06 1.42124e+06 ZonesAtSurface
4125.47 4175.01 709.233 0 0 2 1 1.36383e+06 43.7671 110446 2.75424 2.59419e+06 1.36383e+06 ZonesAtSurface
4175.5 4175.02 719.275 0 4 0 0 986680 23.808 116951 2.38019 1.39099e+06 986680 ZonesAtSurface
4225.57 4175.02 629.326 10 0 1 1 562089 23.8498 135671 1.03071 2.73888e+06 562089 ZonesAtSurface
4275.6 4175.02 589.37 0 10 1 1 1.11997e+06 41.1834 85561.3 1.49789 3.37461e+06 1.11997e+06 ZonesAtSurface
4325.62 4175.02 549.406 0 0 1 1 1.2287e+06 29.1125 130236 1.68009 3.08503e+06 1.2287e+06 ZonesAtSurface
4375.64 4175.02 509.436 0 0 1 1 775039 44.7662 92312.8 3.1075 2.78467e+06 775039 ZonesAtSurface
4425.64 4175.02 519.462 0 0 0 0 1.36207e+06 18.4565 122432 2.38778 1.73809e+06 1.36207e+06 ZonesAtSurface
4475.65 4175.02 479.486 0 0 0 0 1.07489e+06 37.7006 123698 2.51087 2.09923e+06 1.07489e+06 ZonesAtSurface
4525.65 4175.02 439.512 0 0 0 0 1.26743e+06 30.5356 112488 2.63951 1.96906e+06 1.26743e+06 ZonesAtSurface
4575.65 4175.02 399.534 0 0 0 0 748446 23.4469 54843 1.86612 1.51909e+06 748446 ZonesAtSurface
4625.66 4175.02 359.549 0 0 0 0 1.0662e+06 18.2586 90668.8 2.78523 1.10694e+06 1.0662e+06 ZonesAtSurface
4675.65 4175.02 269.569 9 10 2 1 899604 18.025 109457 1.75683 1.48101e+06 899604 ZonesAtSurface
4725.42 4175.01 79.5935 7 0 1 4 773432 31.132 69567 1.04726 9.53877e+06 773432 ZonesAtSurface
4775.33 4175.02 39.5876 3 0 1 4 1.00523e+06 24.205 104082 1.0403 1.09878e+07 1.00523e+06 ZonesAtSurface
4825.28 4175.02 49.6098 18 0 1 3 659731 26.8783 126825 1.02652 8.62172e+06 659731 ZonesAtSurface
4875.21 4175.02 59.6228 17 0 1 2 1.3275e+06 35.9335 101146 1.06225 9.51408e+06 1.3275e+06 ZonesAtSurface
4925.12 4175.02 69.6673 35 0 1 1 1.27291e+06 15.0222 103945 1.14562 4.96813e+06 1.27291e+06 ZonesAtSurface
74.9395 4225.02 -1.85323 33 0 1 2 905972 19.0082 51221.7 1.164 4.15259e+06 905972 ZonesAtSurface
124.831 4225.02 -26.8902 16 0 1 3 1.01619e+06 42.2583 102957 1.03958 9.5041e+06 1.01619e+06 ZonesAtSurface
174.769 4225.02 -1.85431 35 0 1 3 727325 19.5988 104355 1.42526 2.25668e+06 727325 ZonesAtSurface
224.698 4225.02 -26.9005 26 0 1 4 508075 15.8654 137870 1.01273 4.13123e+06 508075 ZonesAtSurface
274.619 4225.02 -1.8939 21 0 1 4 592478 28.0769 74762.1 1.0516 3.6488e+06 592478 ZonesAtSurface
324.605 4225.02 -26.9268 0 0 1 5 1.19849e+06 41.8481 138757 2.32358 1.00827e+07 1.19849e+06 ZonesAtSurface
374.492 4225.02 48.0899 1 0 1 4 1.34809e+06 25.9423 71114.5 1.02871 6.75803e+06 1.34809e+06 ZonesAtSurface
424.401 4225.02 123.094 0 0 1 3 630496 26.2511 107552 1.02727 4.24705e+06 630496 ZonesAtSurface
474.312 4225.02 248.086 1 3 2 1 849854 43.7264 62453.8 1.69193 2.86336e+06 849854 ZonesAtSurface
524.297 4225.02 323.077 0 0 0 0 1.35591e+06 40.4775 110882 3.98559 1.68812e+06 1.35591e+06 ZonesAtSurface
574.291 4225.02 348.066 0 0 0 0 1.25726e+06 31.0493 101656 2.7083 1.97938e+06 1.25726e+06 ZonesAtSurface
624.285 4225.03 373.052 0 0 0 0 867453 37.1918 107570 2.7117 1.93721e+06 867453 ZonesAtSurface
674.28 4225.03 398.037 0 0 0 0 593611 35.0514 139928 2.10011 1.78855e+06 593611 ZonesAtSurface
724.278 4225.03 423.019 0 0 0 0 1.21677e+06 39.3119 99222.4 4.47614 1.55465e+06 1.21677e+06 ZonesAtSurface
774.277 4225.03 448 0 0 0 0 1.22875e+06 36.8311 131668 4.62032 1.37432e+06 1.22875e+06 ZonesAtSurface
824.279 4225.03 472.98 0 0 0 0 634089 39.9187 56539.4 3.69021 1.17159e+06 634089 ZonesAtSurface
874.283 4225.03 497.96 0 0 0 0 1.39514e+06 43.7319 81429.9 7.3364 1.16784e+06 1.39514e+06 ZonesAtSurface
924.29 4225.03 522.939 0 0 0 0 1.1061e+06 34.0831 73778.6 4.36321 1.2084e+06 1.1061e+06 ZonesAtSurface
974.303 4225.03 547.916 0 0 0 0 944861 28.5398 108635 3.15685 1.20223e+06 944861 ZonesAtSurface
1024.32 4225.03 572.89 0 0 0 0 673560 18.1725 124305 1.84936 1.16385e+06 673560 ZonesAtSurface
1074.34 4225.03 597.862 0 0 0 0 581549 21.165 53113.4 1.86139 1.11587e+06 581549 ZonesAtSurface
1124.37 4225.03 622.831 0 0 0 0 1.05692e+06 29.5021 85726 4.79239 922378 1.05692e+06 ZonesAtSurface
1174.4 4225.03 647.799 0 0 0 0 1.22125e+06 42.1585 102995 10 660207 1.22125e+06 ZonesAtSurface
1224.43 4225.03 672.768 0 0 0 0 1.39328e+06 40.4339 106163 10 635544 1.39328e+06 ZonesAtSurface
1274.47 4225.03 697.738 0 0 0 0 1.22251e+06 38.5385 83360.8 10 626479 1.22251e+06 ZonesAtSurface
1324.5 4225.03 722.711 0 0 0 0 1.13823e+06 17.4168 99385.8 8.17174 419171 1.13823e+06 ZonesAtSurface
1374.53 4225.03 747.688 0 0 0 0 866725 33.3744 130503 7.48363 495740 866725 ZonesAtSurface
1424.55 4225.02 722.669 0 0 2 1 1.41744e+06 24.6301 145603 6.08013 809306 1.41744e+06 ZonesAtSurface
1474.56 4225.02 697.646 0 0 2 2 795713 23.6158 85847.3 3.45791 1.23304e+06 795713 ZonesAtSurface
1524.59 4225.02 722.618 0 0 1 2 766116 24.5511 131285 1.30936 2.27158e+06 766116 ZonesAtSurface
1574.64 4225.02 797.586 0 0 2 1 1.41212e+06 37.663 83068.7 4.70036 1.75907e+06 1.41212e+06 ZonesAtSurface
1624.69 4225.02 872.566 0 0 0 0 504725 42.0093 139748 4.35986 565248 504725 ZonesAtSurface
1674.73 4225.02 897.551 0 7 0 0 755791 30.2587 100472 3.53389 740500 755791 ZonesAtSurface
1724.72 4225.01 722.604 0 0 2 4 972646 25.5265 84460.9 1.03816 3.48407e+06 972646 ZonesAtSurface
1774.75 4225.01 647.643 0 0 1 6 785716 31.6228 118492 1.21758 4.33351e+06 785716 ZonesAtSurface
1824.78 4225.01 722.65 0 7 2 5 1.40945e+06 22.5388 114883 1.618 2.52268e+06 1.40945e+06 ZonesAtSurface
1874.81 4225.01 697.664 1 0 2 6 947997 38.4743 145090 1.03008 4.20781e+06 947997 ZonesAtSurface
1924.84 4225.01 722.679 0 6 2 6 1.47213e+06 37.4399 119101 1.38227 4.06079e+06 1.47213e+06 ZonesAtSurface
1974.88 4225.01 747.697 0 6 2 6 852759 35.4539 94277.8 1.14004 2.68053e+06 852759 ZonesAtSurface
2024.93 4225 710.239 0 6 2 6 1.46544e+06 29.3398 121418 1.14684 4.17502e+06 1.46544e+06 ZonesAtSurface
2074.97 4225 660.291 10 8 1 5 1.22107e+06 31.6861 92852 1.13643 4.03501e+06 1.22107e+06 ZonesAtSurface
2125.01 4225 510.358 1 0 1 6 987928 22.4147 57078.5 1.28499 5.33179e+06 987928 ZonesAtSurface
2175.03 4224.86 460.407 10 10 1 5 766534 44.1389 60698.8 3.08102 1.34822e+06 766534 ZonesAtSurface
2225.06 4224.73 360.444 5 7 0 0 829940 26.9492 130826 0.449324 7.57492e+06 829940 ZonesAtSurface
2275.08 4224.87 260.461 8 8 0 0 1.01004e+06 39.498 81205.5 2.33765 1.82835e+06 1.01004e+06 ZonesAtSurface
2325.07 4223.31 260.476 10 0 0 0 890263 35.9763 141985 2.25501 8.52748e+06 890263 ZonesAtSurface
2375.11 4225 60.4763 0 0 0 0 680963 28.1793 109152 5.83242 2.62762e+06 680963 ZonesAtSurface
2425.07 4223.31 60.4745 10 0 0 0 509435 44.2537 92572.1 2.93852 1.06786e+07 509435 ZonesAtSurface
2475.09 4224.46 -89.5135 8 0 0 0 572445 40.2101 82229.2 1.00851 9.82311e+06 572445 ZonesAtSurface
2525.06 4224.63 -119.511 8 0 0 0 838485 36.0668 83409.1 1.26155 4.20178e+07 838485 ZonesAtSurface
2575.02 4224.61 -79.506 7 0 0 0 1.10659e+06 16.2114 111533 1.3076 1.96602e+07 1.10659e+06 ZonesAtSurface
2624.99 4225.01 -89.4983 0 0 0 0 1.09358e+06 38.9794 94503.4 7.8272 6.16282e+06 1.09358e+06 ZonesAtSurface
2674.95 4225.01 -49.496 0 0 0 0 1.19378e+06 22.1038 140543 4.63602 4.11131e+06 1.19378e+06 ZonesAtSurface
2724.91 4224.62 40.5133 2 0 0 0 1.30229e+06 22.3055 107143 1.06932 2.4652e+07 1.30229e+06 ZonesAtSurface
2774.89 4225.01 30.5021 0 0 0 0 1.22817e+06 32.6635 134173 7.90748 3.68888e+06 1.22817e+06 ZonesAtSurface
2824.87 4225.01 70.4953 0 0 0 0 1.03307e+06 41.0166 81750.6 10 3.38546e+06 1.03307e+06 ZonesAtSurface
2874.86 4225.01 110.481 0 0 0 0 1.15374e+06 32.7838 126608 10 2.02417e+06 1.15374e+06 ZonesAtSurface
2924.86 4225 150.467 0 0 0 0 581125 19.9737 61830.8 5.26871 1.74108e+06 581125 ZonesAtSurface
2974.86 4225 190.455 0 0 0 0 1.27983e+06 41.2317 128049 10 2.13597e+06 1.27983e+06 ZonesAtSurface
3024.86 4225 230.446 0 0 0 0 995710 35.6327 82344.1 10 1.95634e+06 995710 ZonesAtSurface
3074.86 4225 270.435 0 0 0 0 958606 22.3429 141955 6.04207 1.87287e+06 958606 ZonesAtSurface
3124.87 4225 310.416 0 0 0 0 1.36751e+06 38.2824 133872 10 2.48593e+06 1.36751e+06 ZonesAtSurface
3174.88 4225 350.384 4 0 0 0 1.14157e+06 42.1601 99580.2 4.45066 5.19049e+06 1.14157e+06 ZonesAtSurface
3224.92 4224.28 440.363 10 2 0 0 925102 44.0991 132689 0 2.63511e+06 925102 ZonesAtSurface
3274.92 4224.99 430.335 7 0 1 5 1.4539e+06 28.9215 140942 2.27761 7.54219e+06 1.4539e+06 ZonesAtSurface
3324.9 4225 570.288 5 0 2 3 873411 28.089 126671 1.07052 3.09184e+06 873411 ZonesAtSurface
3374.93 4225.01 660.232 0 0 2 2 602396 34.8569 92042.4 1.44602 2.5036e+06 602396 ZonesAtSurface
3424.96 4225.01 700.195 0 0 2 2 1.39338e+06 27.1583 96085.1 1.77385 2.91976e+06 1.39338e+06 ZonesAtSurface
3474.97 4225.01 690.158 0 0 1 3 1.30074e+06 36.6805 83128 1.92039 4.53444e+06 1.30074e+06 ZonesAtSurface
3525.01 4225.01 780.105 0 0 2 2 1.02645e+06 44.6297 133542 2.24969 3.26362e+06 1.02645e+06 ZonesAtSurface
3575.06 4225.02 870.068 6 8 2 1 534127 39.2056 97652.5 1.96779 1.36645e+06 534127 ZonesAtSurface
3625.07 4225.01 860.041 0 7 2 2 873138 20.3925 113443 1.93435 1.34334e+06 873138 ZonesAtSurface
3675.08 4225.01 850.011 0 0 1 3 1.38867e+06 32.1731 136470 2.43621 2.19137e+06 1.38867e+06 ZonesAtSurface
3725.1 4225.01 839.982 3 0 2 4 969374 35.5089 112593 1.87775 2.69965e+06 969374 ZonesAtSurface
3775.14 4225.02 889.937 2 5 2 3 1.19305e+06 27.9963 149884 2.05735 2.17083e+06 1.19305e+06 ZonesAtSurface
3825.16 4225.01 899.94 0 7 2 2 902430 25.2372 54303.6 4.50561 980587 902430 ZonesAtSurface
3875.17 4225.01 909.968 0 0 2 1 935482 37.3037 111186 10 333765 935482 ZonesAtSurface
3925.17 4225.01 920.009 7 4 0 0 715554 23.3378 128964 2.88518 914526 715554 ZonesAtSurface
3975.28 4225.01 830.06 0 0 2 1 873937 22.7383 101212 1.37248 2.40067e+06 873937 ZonesAtSurface
4025.31 4225.01 840.11 6 6 0 0 956495 33.7519 97529.5 1.65462 2.55255e+06 956495 ZonesAtSurface
4075.44 4225.01 700.179 1 0 1 2 683264 24.2317 104784 1.08338 3.33472e+06 683264 ZonesAtSurface
4125.47 4225.02 710.228 0 0 1 1 1.06839e+06 20.1284 81111 1.49452 2.56526e+06 1.06839e+06 ZonesAtSurface
4175.52 4225.02 670.274 0 0 2 1 1.48197e+06 15.495 143506 1.58664 2.70627e+06 1.48197e+06 ZonesAtSurface
4225.58 4225.02 580.327 1 0 1 2 1.27804e+06 19.2432 66110.5 1.20697 3.96905e+06 1.27804e+06 ZonesAtSurface
4275.6 4225.02 590.366 8 0 2 1 579789 20.7338 104442 1.14988 2.2779e+06 579789 ZonesAtSurface
4325.62 4225.02 550.403 0 0 1 1 1.19867e+06 34.7079 143469 1.61002 3.29061e+06 1.19867e+06 ZonesAtSurface
4375.63 4225.02 510.434 0 0 1 1 882878 35.5458 71655.1 2.21276 2.77854e+06 882878 ZonesAtSurface
4425.64 4225.02 520.459 0 0 0 0 1.16557e+06 21.6004 71043.6 2.53623 1.46344e+06 1.16557e+06 ZonesAtSurface
4475.64 4225.02 480.484 0 0 0 0 1.32159e+06 21.3691 81335.2 1.97698 2.22878e+06 1.32159e+06 ZonesAtSurface
4525.65 4225.02 440.51 0 0 0 0 1.47194e+06 30.8175 55352 3.27027 1.78225e+06 1.47194e+06 ZonesAtSurface
4575.65 4225.02 400.531 0 0 0 0 833191 22.0909 113307 1.9078 1.51733e+06 833191 ZonesAtSurface
4625.65 4225.02 360.547 0 0 0 0 743853 41.9084 65898.5 3.27247 1.18819e+06 743853 ZonesAtSurface
4675.64 4225.02 270.568 10 0 2 1 670443 19.9292 96684 1.13476 1.8096e+06 670443 ZonesAtSurface
4725.49 4225.02 130.596 3 0 1 3 1.13517e+06 23.1036 56978.5 1.07748 5.00486e+06 1.13517e+06 ZonesAtSurface
4775.33 4225.02 40.5836 5 0 1 4 1.2606e+06 27.263 109236 1.25029 1.21142e+07 1.2606e+06 ZonesAtSurface
4825.27 4225.02 50.606 24 0 1 3 1.20454e+06 27.1333 113429 1.06255 9.44079e+06 1.20454e+06 ZonesAtSurface
4875.21 4225.02 60.6244 36 0 1 2 890467 37.9176 149822 1.07468 7.92674e+06 890467 ZonesAtSurface
4925.11 4225.02 70.6656 54 0 1 1 775848 15.9549 67259.4 1.18188 4.19336e+06 775848 ZonesAtSurface
74.9452 4275.04 -0.855352 39 0 1 2 964742 32.9983 114371 1.20164 4.42916e+06 964742 ZonesAtSurface
124.828 4275.03 -25.8904 18 0 1 3 1.10425e+06 44.9251 127162 1.0272 9.24218e+06 1.10425e+06 ZonesAtSurface
174.76 4275.03 -0.864744 24 0 1 3 1.26215e+06 41.4936 92042 1.27759 5.24087e+06 1.26215e+06 ZonesAtSurface
224.698 4275.02 -25.9056 21 0 1 4 766493 20.1002 51043.2 1.0186 5.83019e+06 766493 ZonesAtSurface
274.627 4275.02 -0.89843 15 0 1 4 1.25672e+06 34.1885 101350 1.034 5.65603e+06 1.25672e+06 ZonesAtSurface
324.608 4275.02 -25.9299 4 0 1 5 1.12207e+06 23.004 69865.6 1.02985 9.75969e+06 1.12207e+06 ZonesAtSurface
374.494 4275.02 49.0867 8 0 1 4 840321 24.0537 144750 1.02234 5.86857e+06 840321 ZonesAtSurface
424.352 4275.02 174.088 5 0 2 2 967073 33.2685 115583 1.14875 3.13261e+06 967073 ZonesAtSurface
474.301 4275.03 299.08 8 8 0 0 501873 37.8779 93948.4 2.06643 920067 501873 ZonesAtSurface
524.298 4275.03 324.073 0 0 0 0 1.2085e+06 23.1047 107280 2.39296 1.5766e+06 1.2085e+06 ZonesAtSurface
574.293 4275.03 349.063 0 0 0 0 906511 25.4655 71184.2 1.86865 1.88531e+06 906511 ZonesAtSurface
624.288 4275.03 374.049 0 0 0 0 1.35854e+06 39.7272 101150 4.1345 1.89249e+06 1.35854e+06 ZonesAtSurface
674.283 4275.03 399.033 0 0 0 0 592156 28.975 97449.6 1.73354 1.76445e+06 592156 ZonesAtSurface
724.281 4275.03 424.016 0 0 0 0 815915 15.1087 115105 1.62808 1.54798e+06 815915 ZonesAtSurface
774.281 4275.03 448.996 0 0 0 0 884790 32.9167 148941 3.39655 1.32811e+06 884790 ZonesAtSurface
824.282 4275.03 473.976 0 0 0 0 1.13618e+06 32.3209 126931 4.61626 1.12716e+06 1.13618e+06 ZonesAtSurface
874.287 4275.03 498.956 0 0 0 0 540284 33.1387 117824 2.73062 1.12161e+06 540284 ZonesAtSurface
924.294 4275.03 523.934 0 0 0 0 1.36934e+06 28.3035 133421 4.40006 1.18945e+06 1.36934e+06 ZonesAtSurface
974.307 4275.03 548.911 0 0 0 0 851564 36.7917 55886.4 3.9473 1.17358e+06 851564 ZonesAtSurface
1024.32 4275.03 573.885 0 0 0 0 781710 40.4999 134187 4.17198 1.12438e+06 781710 ZonesAtSurface
1074.34 4275.03 598.856 0 0 0 0 935720 18.2348 125994 2.45278 1.1453e+06 935720 ZonesAtSurface
1124.37 4275.03 623.825 0 0 0 0 1.28307e+06 43.3247 96818 8.14117 927399 1.28307e+06 ZonesAtSurface
1174.4 4275.03 648.793 0 0 0 0 1.35668e+06 19.8435 108444 6.54734 658110 1.35668e+06 ZonesAtSurface
1224.43 4275.03 673.762 0 0 0 0 531048 26.1721 147053 4.19117 582604 531048 ZonesAtSurface
1274.47 4275.03 698.732 0 0 0 0 959888 37.857 107447 8.05329 681255 959888 ZonesAtSurface
1324.5 4275.03 723.705 0 0 0 0 990906 37.8485 63601.4 10 477930 990906 ZonesAtSurface
1374.54 4275.03 748.681 0 4 0 0 1.32367e+06 37.0868 53990.7 10 330607 1.32367e+06 ZonesAtSurface
1424.55 4275.02 723.662 0 0 2 1 1.15403e+06 39.0877 137205 10 673611 1.15403e+06 ZonesAtSurface
1474.56 4275.02 698.639 0 0 2 2 585369 36.6855 126248 6.83661 947998 585369 ZonesAtSurface
1524.59 4275.02 723.612 0 0 2 2 732254 28.8755 95761.7 1.6854 2.28383e+06 732254 ZonesAtSurface
1574.65 4275.02 848.576 0 10 0 0 1.0175e+06 39.2699 144918 3.6678 1.27895e+06 1.0175e+06 ZonesAtSurface
1624.68 4275.02 873.559 0 0 0 0 597632 25.0485 136882 3.20156 643959 597632 ZonesAtSurface
1674.71 4275.02 848.549 0 0 2 1 658084 16.2745 103625 1.05649 1.69346e+06 658084 ZonesAtSurface
1724.73 4275.01 773.582 1 9 2 3 1.45415e+06 18.3675 67249.8 1.35175 2.96133e+06 1.45415e+06 ZonesAtSurface
1774.75 4275.01 698.628 8 0 2 5 1.30898e+06 24.1817 120778 1.28596 3.27409e+06 1.30898e+06 ZonesAtSurface
1824.77 4275.01 723.641 1 8 2 5 1.05014e+06 27.3647 113505 1.31494 2.49131e+06 1.05014e+06 ZonesAtSurface
1874.81 4275.01 698.657 0 0 2 6 721471 35.0405 79143.6 1.0586 4.05221e+06 721471 ZonesAtSurface
1924.85 4275.01 723.674 6 0 2 6 926443 19.0712 108336 1.00867 2.77441e+06 926443 ZonesAtSurface
1974.88 4275.01 748.694 0 6 2 6 992967 40.8984 102944 1.16697 3.40906e+06 992967 ZonesAtSurface
2024.93 4275.01 711.236 0 4 2 6 1.42997e+06 22.0519 90970.5 1.11798 3.70482e+06 1.42997e+06 ZonesAtSurface
2074.97 4275 611.298 4 0 1 6 1.28347e+06 36.5072 64516.4 1.061 5.99709e+06 1.28347e+06 ZonesAtSurface
2125 4275 561.35 5 0 1 5 1.12629e+06 34.8055 72148.4 1.06294 3.9753e+06 1.12629e+06 ZonesAtSurface
2175.01 4274.98 461.395 6 0 1 5 921596 36.5173 77325.3 1.82616 1.33038e+07 921596 ZonesAtSurface
2225.04 4274.97 361.427 2 0 0 0 1.0526e+06 38.7469 94709.5 1.73113 1.60657e+07 1.0526e+06 ZonesAtSurface
2275.07 4273.29 361.453 9 8 0 0 708728 43.1825 76468.2 4.59101 2.36111e+06 708728 ZonesAtSurface
2325.08 4273.29 261.47 10 0 0 0 797827 35.0845 87513.1 2.04746 5.79245e+06 797827 ZonesAtSurface
2375.09 4273.3 161.478 10 0 0 0 1.00174e+06 19.3313 66969.5 2.99436 2.38559e+06 1.00174e+06 ZonesAtSurface
2425.11 4275 -38.5136 0 0 0 0 1.23291e+06 38.6719 71046.4 9.16644 3.38652e+06 1.23291e+06 ZonesAtSurface
2475.09 4274.48 -88.5089 9 0 0 0 1.1008e+06 34.3345 120183 1.00493 1.85853e+07 1.1008e+06 ZonesAtSurface
2525.06 4275.01 -168.506 0 0 0 0 1.39702e+06 25.1732 121690 3.48594 6.94944e+06 1.39702e+06 ZonesAtSurface
2575.01 4274.51 -78.4951 6 0 0 0 1.26511e+06 22.9845 147892 1.03483 1.57252e+07 1.26511e+06 ZonesAtSurface
2624.98 4275.01 -88.4924 0 0 0 0 1.04682e+06 19.1372 145507 2.48495 5.38369e+06 1.04682e+06 ZonesAtSurface
2674.94 4274.61 1.51122 9 9 0 0 1.24183e+06 30.9727 57142.8 1.31547 3.35344e+06 1.24183e+06 ZonesAtSurface
2724.91 4275.01 -8.4918 0 0 0 0 702573 27.8982 132478 3.38171 4.88467e+06 702573 ZonesAtSurface
2774.89 4274.6 81.5059 7 9 0 0 829287 19.4541 115943 0.655682 3.46894e+06 829287 ZonesAtSurface
2824.87 4275.01 71.4954 0 0 0 0 1.37386e+06 44.8692 98387.4 9.48023 3.84682e+06 1.37386e+06 ZonesAtSurface
2874.86 4274.41 161.475 7 0 0 0 1.23135e+06 31.4002 100185 1.00047 7.8527e+06 1.23135e+06 ZonesAtSurface
2924.87 4274.41 201.462 6 0 0 0 709157 44.2294 80034.8 1.00075 1.11232e+07 709157 ZonesAtSurface
2974.87 4274.4 241.453 5 0 0 0 797781 34.0587 50983.9 1.00017 6.74607e+06 797781 ZonesAtSurface
3024.88 4274.41 281.442 3 0 0 0 926593 16.1177 75612.6 1.00004 3.95691e+06 926593 ZonesAtSurface
3074.89 4273.15 371.434 9 0 0 0 811472 31.46 56029.1 3.78455 4.19716e+06 811472 ZonesAtSurface
3124.86 4275.01 311.418 0 0 0 0 1.46928e+06 19.0118 77727.3 3.71934 2.63065e+06 1.46928e+06 ZonesAtSurface
3174.87 4275 351.393 0 0 0 0 1.17466e+06 39.71 139121 9.65442 2.63338e+06 1.17466e+06 ZonesAtSurface
3224.89 4275 391.366 4 0 0 0 1.15597e+06 26.8428 52008.2 5.8009 2.1727e+06 1.15597e+06 ZonesAtSurface
3274.9 4275 431.338 1 0 1 5 1.49572e+06 20.7463 103091 3.89352 3.20723e+06 1.49572e+06 ZonesAtSurface
3324.9 4275.01 571.281 7 1 2 3 1.11158e+06 40.4797 95725.6 1.09963 4.19815e+06 1.11158e+06 ZonesAtSurface
3374.93 4275.01 661.229 1 6 2 2 1.248e+06 22.385 77848.6 1.53824 2.57707e+06 1.248e+06 ZonesAtSurface
3424.96 4275.01 701.191 0 0 2 2 1.40502e+06 30.6375 78755 1.83669 2.9996e+06 1.40502e+06 ZonesAtSurface
3474.97 4275.01 691.152 0 0 1 3 872408 37.5272 123729 1.32584 4.75526e+06 872408 ZonesAtSurface
3525.01 4275.01 781.098 0 0 1 2 1.45282e+06 15.0316 105414 1.1729 3.44076e+06 1.45282e+06 ZonesAtSurface
3575.06 4275.02 871.058 0 6 2 1 1.2936e+06 29.9318 120184 2.83075 1.55666e+06 1.2936e+06 ZonesAtSurface
3625.07 4275.01 861.033 0 5 2 2 869083 23.4792 77002.5 1.4144 1.84554e+06 869083 ZonesAtSurface
3675.07 4275.01 851.005 0 0 2 3 1.1652e+06 16.6881 70217.7 1.67667 2.22066e+06 1.1652e+06 ZonesAtSurface
3725.1 4275.01 840.977 16 0 1 4 600027 27.2744 137245 1.31274 2.40609e+06 600027 ZonesAtSurface
3775.14 4275.01 840.954 0 0 1 4 1.29879e+06 22.2009 143534 1.65479 2.94808e+06 1.29879e+06 ZonesAtSurface
3825.16 4275.01 900.933 0 0 2 2 912967 38.5027 149515 3.90014 1.61194e+06 912967 ZonesAtSurface
3875.17 4275.01 910.961 1 1 2 1 561960 26.5664 81351.3 3.90362 905407 561960 ZonesAtSurface
3925.21 4275.01 871.003 0 0 2 1 1.04808e+06 21.7216 114165 2.08992 1.72193e+06 1.04808e+06 ZonesAtSurface
3975.24 4275.02 881.05 1 0 0 0 1.11191e+06 19.2568 97609.5 1.35507 2.53745e+06 1.11191e+06 ZonesAtSurface
4025.34 4275.01 791.11 7 0 1 1 644254 29.2222 72506.6 1.10593 2.83783e+06 644254 ZonesAtSurface
4075.37 4275.02 801.163 0 5 0 0 1.31835e+06 43.8319 100481 2.02814 3.05719e+06 1.31835e+06 ZonesAtSurface
4125.47 4275.02 711.222 0 0 2 1 1.24981e+06 23.863 148740 1.52657 2.75036e+06 1.24981e+06 ZonesAtSurface
4175.49 4275.02 721.263 0 10 0 0 921430 43.8542 84465.9 2.22453 1.98879e+06 921430 ZonesAtSurface
4225.56 4275.02 631.316 0 6 1 1 1.48545e+06 42.037 131511 2.32403 3.52212e+06 1.48545e+06 ZonesAtSurface
4275.6 4275.02 541.364 0 0 2 2 1.27926e+06 28.8432 119664 1.68728 3.80344e+06 1.27926e+06 ZonesAtSurface
4325.62 4275.02 551.399 0 0 1 1 966470 38.3311 80700.3 1.60838 3.23865e+06 966470 ZonesAtSurface
4375.63 4275.02 511.43 0 0 2 1 1.2649e+06 20.0078 117583 1.73237 2.69334e+06 1.2649e+06 ZonesAtSurface
4425.63 4275.03 521.456 0 0 0 0 1.22592e+06 33.0398 61047.6 2.83303 1.98144e+06 1.22592e+06 ZonesAtSurface
4475.64 4275.02 431.486 0 0 1 1 789582 21.3832 103842 1.40981 2.57087e+06 789582 ZonesAtSurface
4525.64 4275.03 441.508 0 0 0 0 1.34571e+06 19.7271 100081 2.6606 1.59066e+06 1.34571e+06 ZonesAtSurface
4575.65 4275.03 401.528 0 0 0 0 575092 40.9362 108794 2.18714 1.41753e+06 575092 ZonesAtSurface
4625.65 4275.03 361.545 0 1 0 0 777388 29.0098 67222.3 1.93299 1.51192e+06 777388 ZonesAtSurface
4675.6 4275.02 221.576 9 0 1 2 558293 43.7676 120223 1.31839 4.68987e+06 558293 ZonesAtSurface
4725.42 4275.02 81.5859 2 0 1 4 862572 38.1073 67587.3 1.0792 8.6338e+06 862572 ZonesAtSurface
4775.33 4275.02 41.5812 0 0 1 4 896484 39.4757 147323 1.86346 1.31815e+07 896484 ZonesAtSurface
4825.27 4275.02 51.603 11 0 1 3 749257 42.1957 119693 1.01413 1.1206e+07 749257 ZonesAtSurface
4875.2 4275.02 61.6312 41 0 1 2 708733 19.8745 99668.5 1.10654 5.59105e+06 708733 ZonesAtSurface
4925.1 4275.02 71.6544 25 0 1 1 628240 44.7533 70422.7 1.1696 1.06569e+07 628240 ZonesAtSurface
74.9025 4325.02 -49.9062 20 0 1 3 1.44324e+06 30.5911 81304.7 1.08092 1.20268e+07 1.44324e+06 ZonesAtSurface
124.822 4325.03 -24.8829 30 0 1 3 1.13192e+06 27.115 132085 1.06657 4.82495e+06 1.13192e+06 ZonesAtSurface
174.769 4325.02 -49.9216 8 0 1 4 1.24687e+06 35.9871 70209.7 1.0158 1.11696e+07 1.24687e+06 ZonesAtSurface
224.697 4325.02 -24.9087 14 0 1 4 720429 36.6332 102980 1.01316 7.30087e+06 720429 ZonesAtSurface
274.67 4325.02 -49.9411 5 0 1 5 579449 19.7055 94342.6 1.00604 7.92452e+06 579449 ZonesAtSurface
324.609 4325.02 -24.9346 7 0 1 5 1.32717e+06 19.4399 96281.6 1.00394 8.86364e+06 1.32717e+06 ZonesAtSurface
374.496 4325.02 50.0835 10 0 1 4 992506 32.3873 131275 1.02108 7.61833e+06 992506 ZonesAtSurface
424.403 4325.02 125.085 2 0 1 3 746857 15.9673 96909.3 1.0618 2.87126e+06 746857 ZonesAtSurface
474.379 4325.02 150.08 3 0 1 3 1.00724e+06 25.949 145487 1.05164 5.95047e+06 1.00724e+06 ZonesAtSurface
524.298 4325.03 325.069 0 0 0 0 1.02382e+06 39.8024 88920.2 4.49087 1.25044e+06 1.02382e+06 ZonesAtSurface
574.295 4325.03 350.059 0 0 0 0 1.10741e+06 17.5248 105770 1.71217 1.86451e+06 1.10741e+06 ZonesAtSurface
624.29 4325.03 375.045 0 0 0 0 1.43116e+06 17.7256 100403 2.39126 1.87508e+06 1.43116e+06 ZonesAtSurface
674.286 4325.03 400.03 0 0 0 0 1.06668e+06 23.4547 92360.6 2.30987 1.70336e+06 1.06668e+06 ZonesAtSurface
724.284 4325.03 425.012 0 0 0 0 855551 33.4501 75819.2 2.94719 1.55642e+06 855551 ZonesAtSurface
774.284 4325.03 449.992 0 0 0 0 692433 16.4981 72396 1.75989 1.2892e+06 692433 ZonesAtSurface
824.286 4325.03 474.972 0 0 0 0 558107 21.5547 147039 2.00711 1.09491e+06 558107 ZonesAtSurface
874.291 4325.03 499.951 0 0 0 0 877169 19.6957 107270 2.68973 1.09067e+06 877169 ZonesAtSurface
924.299 4325.03 524.929 0 0 0 0 940052 37.8602 65897.4 4.54514 1.13617e+06 940052 ZonesAtSurface
974.312 4325.03 549.905 0 0 0 0 1.12596e+06 22.9724 73399 3.69714 1.06423e+06 1.12596e+06 ZonesAtSurface
1024.33 4325.03 574.879 0 0 0 0 1.24293e+06 35.8496 133533 5.32547 1.09815e+06 1.24293e+06 ZonesAtSurface
1074.35 4325.03 599.85 0 0 0 0 668612 28.7379 119139 2.56049 1.13505e+06 668612 ZonesAtSurface
1124.38 4325.03 624.819 0 0 0 0 746913 26.8873 120097 3.25625 915480 746913 ZonesAtSurface
1174.41 4325.03 649.787 0 0 0 0 612138 22.6792 120149 2.98616 767186 612138 ZonesAtSurface
1224.44 4325.03 674.755 0 0 0 0 927615 21.3074 98520.7 5.06129 648109 927615 ZonesAtSurface
1274.47 4325.03 699.726 0 0 0 0 1.23381e+06 16.0756 87091.7 4.87286 741063 1.23381e+06 ZonesAtSurface
1324.51 4325.03 724.699 0 0 0 0 980799 26.541 81414 7.61782 520940 980799 ZonesAtSurface
1374.54 4325.03 749.674 0 2 0 0 539926 28.7165 101298 7.65627 332738 539926 ZonesAtSurface
1424.55 4325.03 724.654 0 0 2 1 1.43714e+06 32.1703 87445.8 10 556018 1.43714e+06 ZonesAtSurface
1474.58 4325.02 749.631 0 4 2 1 1.30845e+06 28.8154 83943.4 2.82311 1.97537e+06 1.30845e+06 ZonesAtSurface
1524.6 4325.02 724.604 0 0 2 2 953144 37.4035 111047 2.65773 2.49827e+06 953144 ZonesAtSurface
1574.65 4325.03 849.567 3 9 0 0 690673 20.5966 126214 1.64014 1.30013e+06 690673 ZonesAtSurface
1624.68 4325.03 874.551 0 0 0 0 800251 28.8833 137195 3.91143 730269 800251 ZonesAtSurface
1674.71 4325.02 849.542 0 2 2 1 674292 40.026 72304 2.05206 1.85929e+06 674292 ZonesAtSurface
1724.72 4325.01 724.591 3 0 1 4 1.30621e+06 16.3351 100763 1.05215 3.68661e+06 1.30621e+06 ZonesAtSurface
1774.75 4325.01 699.615 2 0 1 5 1.35872e+06 31.0935 115204 1.42345 4.42438e+06 1.35872e+06 ZonesAtSurface
1824.77 4325.01 724.627 9 0 1 5 683327 15.8073 105591 1.05615 2.02867e+06 683327 ZonesAtSurface
1874.81 4325.01 699.649 0 0 2 6 1.03432e+06 19.1136 142881 1.1576 3.41818e+06 1.03432e+06 ZonesAtSurface
1924.85 4325.01 724.668 5 0 2 6 892513 33.0192 68381.6 1.12343 3.28943e+06 892513 ZonesAtSurface
1974.89 4325.01 749.687 0 6 2 6 648746 36.7123 57523.3 1.02416 2.37824e+06 648746 ZonesAtSurface
2024.93 4325.01 712.23 0 6 2 6 1.4047e+06 23.8384 131979 1.11745 3.7107e+06 1.4047e+06 ZonesAtSurface
2074.97 4325.01 612.292 4 0 1 6 788448 38.7909 60293.6 1.05778 5.00199e+06 788448 ZonesAtSurface
2124.99 4325 562.346 2 2 2 5 1.34819e+06 42.5516 134036 1.04823 5.47994e+06 1.34819e+06 ZonesAtSurface
2174.99 4324.97 462.385 7 0 1 5 1.21995e+06 23.8563 122116 1.40609 1.31013e+07 1.21995e+06 ZonesAtSurface
2225.02 4324.95 362.411 8 0 0 0 1.31241e+06 17.5601 91913.5 1.04453 1.07687e+07 1.31241e+06 ZonesAtSurface
2275.07 4324.98 262.44 7 0 0 0 646557 25.7397 119553 1.46453 5.19287e+06 646557 ZonesAtSurface
2325.11 4325 162.466 0 0 0 0 1.34237e+06 37.4037 138327 5.08499 4.10338e+06 1.34237e+06 ZonesAtSurface
2375.12 4325 62.4783 0 0 0 0 1.00702e+06 20.0827 91839.5 2.22674 4.83082e+06 1.00702e+06 ZonesAtSurface
2425.1 4323.31 62.4861 10 0 0 0 1.42781e+06 32.4004 76633.8 2.62297 9.10147e+06 1.42781e+06 ZonesAtSurface
2475.09 4324.58 -87.5126 10 8 0 0 1.4622e+06 41.0289 97174.9 2.07594 3.085e+06 1.4622e+06 ZonesAtSurface
2525.06 4324.74 -117.505 5 10 0 0 599532 20.5394 65243 0.337713 5.65109e+06 599532 ZonesAtSurface
2575 4324.59 -77.4924 10 9 0 0 626575 38.0757 67620.1 1.86088 1.28803e+06 626575 ZonesAtSurface
2624.98 4325.01 -87.4921 0 0 0 0 1.27179e+06 36.9428 124771 5.47982 5.88889e+06 1.27179e+06 ZonesAtSurface
2674.94 4324.68 2.5017 10 0 0 0 1.19669e+06 36.8956 99973 1.20529 1.48453e+07 1.19669e+06 ZonesAtSurface
2724.92 4324.95 42.4934 3 0 0 0 977992 25.6051 63274.9 1.43476 1.38733e+07 977992 ZonesAtSurface
2774.9 4324.81 82.4872 10 9 0 0 1.08664e+06 36.3359 57384.1 2.07782 2.17147e+06 1.08664e+06 ZonesAtSurface
2824.88 4324.54 122.48 9 8 0 0 712422 15.0808 140909 0 1.2781e+06 712422 ZonesAtSurface
2874.87 4324.4 162.472 10 0 0 0 1.37571e+06 19.9142 65733.1 1.00039 8.64032e+06 1.37571e+06 ZonesAtSurface
2924.86 4325 152.468 0 0 0 0 875041 16.8114 133108 2.73177 2.89958e+06 875041 ZonesAtSurface
2974.85 4325.01 192.458 0 0 0 0 1.42003e+06 29.8197 84884 7.52177 2.38805e+06 1.42003e+06 ZonesAtSurface
3024.86 4325.01 232.445 0 0 0 0 840566 15.4715 127776 3.47886 2.01621e+06 840566 ZonesAtSurface
3074.86 4325 272.43 0 0 0 0 1.23258e+06 37.8974 69804.4 9.36472 2.75023e+06 1.23258e+06 ZonesAtSurface
3124.89 4323.03 412.432 9 0 0 0 1.352e+06 42.6964 89529.3 1.68084 5.48151e+06 1.352e+06 ZonesAtSurface
3174.87 4325 352.399 0 0 0 0 665518 33.9533 149868 6.81814 2.60533e+06 665518 ZonesAtSurface
3224.88 4325 392.374 0 0 0 0 851100 40.8379 96294.5 8.10407 2.74556e+06 851100 ZonesAtSurface
3274.89 4325.01 432.34 0 0 1 5 1.29725e+06 30.7345 119106 3.89329 3.92152e+06 1.29725e+06 ZonesAtSurface
3324.9 4325.01 522.292 8 0 1 4 563048 40.8978 147202 1.23298 5.80475e+06 563048 ZonesAtSurface
3374.92 4325.01 612.236 1 0 1 3 715583 38.1376 81473.2 1.08577 4.82248e+06 715583 ZonesAtSurface
3424.94 4325.01 652.192 4 0 1 3 1.05248e+06 27.2589 53732.2 1.01346 4.55604e+06 1.05248e+06 ZonesAtSurface
3474.98 4325.01 742.136 2 0 2 2 873543 32.258 105212 1.13661 3.98307e+06 873543 ZonesAtSurface
3525.03 4325.02 832.084 0 10 2 1 1.18077e+06 18.2039 98433.9 1.87876 1.78034e+06 1.18077e+06 ZonesAtSurface
3575.06 4325.02 872.049 0 7 2 1 1.19039e+06 22.4797 59474.9 3.12797 1.18743e+06 1.19039e+06 ZonesAtSurface
3625.07 4325.02 862.021 0 6 2 2 1.06653e+06 42.852 54271.4 2.28677 2.15817e+06 1.06653e+06 ZonesAtSurface
3675.07 4325.01 851.992 0 0 2 3 1.30762e+06 30.6922 89948.5 2.00308 2.79628e+06 1.30762e+06 ZonesAtSurface
3725.1 4325.01 841.966 1 0 2 4 551648 35.8206 126642 1.48536 2.27628e+06 551648 ZonesAtSurface
3775.14 4325.01 841.946 0 0 1 4 724790 33.7053 115135 1.70121 2.66077e+06 724790 ZonesAtSurface
3825.13 4325.02 951.925 9 8 2 1 519476 17.6684 65070.7 2.68645 585100 519476 ZonesAtSurface
3875.17 4325.02 911.952 0 0 2 1 1.37605e+06 19.7872 105877 5.31972 905617 1.37605e+06 ZonesAtSurface
3925.18 4325.02 921.993 0 6 0 0 1.24497e+06 29.3876 74392 3.13054 1.71755e+06 1.24497e+06 ZonesAtSurface
3975.28 4325.01 832.047 0 0 2 1 1.17801e+06 22.0884 89408.1 1.67808 2.56286e+06 1.17801e+06 ZonesAtSurface
4025.34 4325.01 792.104 0 0 2 1 776468 33.5864 99746.1 1.38364 3.11338e+06 776468 ZonesAtSurface
4075.4 4325.02 752.162 0 0 1 1 1.45195e+06 39.6205 86384.7 2.3215 3.06093e+06 1.45195e+06 ZonesAtSurface
4125.49 4325.01 662.222 0 0 1 2 619516 40.922 83725.4 1.51256 3.77961e+06 619516 ZonesAtSurface
4175.53 4325.02 622.272 4 0 1 2 1.08833e+06 22.0672 145682 1.2555 3.66717e+06 1.08833e+06 ZonesAtSurface
4225.55 4325.02 632.316 0 8 1 1 1.39739e+06 28.5796 60329.4 1.98239 2.67291e+06 1.39739e+06 ZonesAtSurface
4275.59 4325.02 592.355 0 0 2 1 1.41578e+06 32.8993 111941 1.91433 3.20323e+06 1.41578e+06 ZonesAtSurface
4325.61 4325.02 552.393 5 0 1 1 754068 41.3551 54938.3 1.43834 3.21184e+06 754068 ZonesAtSurface
4375.63 4325.02 512.426 0 0 1 1 1.4332e+06 37.103 141408 2.8315 2.85973e+06 1.4332e+06 ZonesAtSurface
4425.64 4325.02 422.462 0 0 1 2 895522 31.9291 133525 1.81328 3.66399e+06 895522 ZonesAtSurface
4475.63 4325.03 482.482 0 0 0 0 1.42318e+06 37.4884 86283.7 4.9736 1.4492e+06 1.42318e+06 ZonesAtSurface
4525.64 4325.03 442.504 0 0 0 0 725546 38.0336 129750 2.45052 1.50104e+06 725546 ZonesAtSurface
4575.65 4325.02 352.529 0 0 2 1 537404 29.1083 140994 1.1293 2.76352e+06 537404 ZonesAtSurface
4625.62 4325.02 262.558 0 0 1 2 1.27713e+06 38.338 125797 1.43271 5.24895e+06 1.27713e+06 ZonesAtSurface
4675.63 4325.02 272.563 7 8 2 1 809862 23.8582 83733.1 2.20535 1.18728e+06 809862 ZonesAtSurface
4725.42 4325.02 82.582 6 0 1 4 996665 36.5135 126543 1.08494 8.53475e+06 996665 ZonesAtSurface
4775.33 4325.02 42.5779 12 0 1 4 769329 27.6322 145001 1.11131 1.20953e+07 769329 ZonesAtSurface
4825.27 4325.02 52.6014 14 0 1 3 959029 44.9854 125569 1.03712 1.1511e+07 959029 ZonesAtSurface
4875.19 4325.03 62.6365 19 0 1 2 1.49794e+06 41.9639 137575 1.04349 1.09579e+07 1.49794e+06 ZonesAtSurface
4925.1 4325.03 72.6501 46 0 1 1 831065 37.2588 78475.6 1.06213 1.03105e+07 831065 ZonesAtSurface
74.9027 4375.02 -48.9036 27 0 1 3 701874 26.5259 100383 1.09232 9.26704e+06 701874 ZonesAtSurface
124.817 4375.03 -23.878 36 3 1 3 1.25415e+06 21.779 90940.1 1.09314 3.41341e+06 1.25415e+06 ZonesAtSurface
174.767 4375.02 -48.9237 8 0 1 4 1.44107e+06 39.7299 63542.1 1.00947 1.02237e+07 1.44107e+06 ZonesAtSurface
224.698 4375.02 -23.9106 27 0 1 4 932369 18.4775 95373.1 1.04338 3.50361e+06 932369 ZonesAtSurface
274.669 4375.02 -48.9472 0 0 1 5 730305 40.5211 105178 2.16847 1.04168e+07 730305 ZonesAtSurface
324.609 4375.02 -23.9401 0 0 1 5 1.35331e+06 28.3048 140073 1.26353 9.07066e+06 1.35331e+06 ZonesAtSurface
374.5 4375.02 51.0797 3 0 1 4 1.33321e+06 41.4603 120302 1.22612 8.65566e+06 1.33321e+06 ZonesAtSurface
424.408 4375.02 126.082 6 0 1 3 1.17821e+06 42.5115 89982.1 1.10941 6.41356e+06 1.17821e+06 ZonesAtSurface
474.319 4375.02 251.075 0 0 2 1 953143 40.0399 68521.4 1.48173 3.21252e+06 953143 ZonesAtSurface
524.304 4375.03 326.067 0 3 0 0 1.27191e+06 19.4913 70093.7 2.47092 1.56315e+06 1.27191e+06 ZonesAtSurface
574.298 4375.03 351.056 0 0 0 0 960981 40.5124 74914.3 2.78052 2.36157e+06 960981 ZonesAtSurface
624.292 4375.03 376.041 0 0 0 0 1.11249e+06 30.6823 105283 2.73553 1.79002e+06 1.11249e+06 ZonesAtSurface
674.288 4375.03 401.025 0 0 0 0 1.43174e+06 31.6887 60276.1 3.94722 1.62144e+06 1.43174e+06 ZonesAtSurface
724.286 4375.03 426.007 0 0 0 0 1.20012e+06 43.4884 66053 5.04273 1.55365e+06 1.20012e+06 ZonesAtSurface
774.287 4375.03 450.988 0 0 0 0 1.11718e+06 40.9293 84873.6 5.40263 1.26516e+06 1.11718e+06 ZonesAtSurface
824.29 4375.03 475.967 0 0 0 0 1.49441e+06 25.5759 146748 5.0268 1.07849e+06 1.49441e+06 ZonesAtSurface
874.295 4375.03 500.946 0 0 0 0 600423 24.1264 134180 2.33779 1.04047e+06 600423 ZonesAtSurface
924.304 4375.03 525.923 0 0 0 0 1.277e+06 15.4705 112104 3.46539 1.04855e+06 1.277e+06 ZonesAtSurface
974.317 4375.03 550.899 0 0 0 0 577839 22.6569 145043 2.16994 1.01816e+06 577839 ZonesAtSurface
1024.33 4375.03 575.872 0 0 0 0 552511 22.9019 127326 1.95265 1.06362e+06 552511 ZonesAtSurface
1074.35 4375.03 600.843 0 0 0 0 676952 34.2814 90518.2 3.42507 1.06603e+06 676952 ZonesAtSurface
1124.38 4375.03 625.812 0 0 0 0 1.33946e+06 42.1946 120916 7.91851 921357 1.33946e+06 ZonesAtSurface
1174.41 4375.03 650.78 0 0 0 0 506235 17.2027 91993 2.2084 764365 506235 ZonesAtSurface
1224.45 4375.04 675.748 0 0 0 0 1.46965e+06 33.5599 140625 10 595266 1.46965e+06 ZonesAtSurface
1274.48 4375.04 700.719 0 0 0 0 1.37255e+06 27.5564 59995.6 7.81059 700289 1.37255e+06 ZonesAtSurface
1324.51 4375.04 725.691 0 0 0 0 919013 33.7464 135125 10 426469 919013 ZonesAtSurface
1374.55 4375.04 750.665 0 0 0 0 674711 38.2755 94974.5 10 379225 674711 ZonesAtSurface
1424.55 4375.03 725.644 0 0 2 1 1.44084e+06 39.4489 72487 10 644850 1.44084e+06 ZonesAtSurface
1474.57 4375.02 700.619 0 0 1 2 1.24041e+06 18.3007 104906 3.00847 1.64775e+06 1.24041e+06 ZonesAtSurface
1524.61 4375.02 775.587 0 0 2 1 1.0984e+06 22.5301 135430 1.53691 2.73158e+06 1.0984e+06 ZonesAtSurface
1574.65 4375.03 850.557 0 7 0 0 937381 18.2611 144709 2.0107 1.26915e+06 937381 ZonesAtSurface
1624.68 4375.03 875.541 0 0 0 0 1.11156e+06 16.1304 128987 4.67609 679446 1.11156e+06 ZonesAtSurface
1674.72 4375.03 900.53 0 8 0 0 1.12473e+06 37.4413 108863 6.03094 782727 1.12473e+06 ZonesAtSurface
1724.74 4375.02 875.533 2 10 2 1 703488 43.5042 80780.6 5.42998 650295 703488 ZonesAtSurface
1774.75 4375.01 750.589 2 0 1 4 557363 38.8365 79545.7 1.0573 3.25898e+06 557363 ZonesAtSurface
1824.78 4375.01 725.612 2 0 1 5 723165 29.4959 108654 1.05696 3.136e+06 723165 ZonesAtSurface
1874.81 4375.01 750.627 4 0 2 5 1.30338e+06 21.5637 134175 1.3847 2.90616e+06 1.30338e+06 ZonesAtSurface
1924.85 4375.01 725.661 2 0 2 6 958879 29.9737 146544 1.28818 2.89118e+06 958879 ZonesAtSurface
1974.89 4375.01 750.68 0 6 2 6 1.34771e+06 41.5133 108960 1.49257 3.73854e+06 1.34771e+06 ZonesAtSurface
2024.93 4375.01 713.221 0 6 2 6 678912 37.4748 84791.3 1.08589 2.31968e+06 678912 ZonesAtSurface
2074.97 4375.01 663.277 1 3 1 5 1.18718e+06 22.8811 89554.5 1.14435 3.28181e+06 1.18718e+06 ZonesAtSurface
2125 4375.01 563.342 1 5 1 5 1.40979e+06 42.1023 91981.7 1.09428 5.70704e+06 1.40979e+06 ZonesAtSurface
2175.01 4374.89 463.39 10 0 1 5 514490 20.9728 145434 1.65353 2.20488e+07 514490 ZonesAtSurface
2225.04 4374.78 363.422 10 0 0 0 1.43221e+06 36.3831 86034.4 1.84455 7.08394e+07 1.43221e+06 ZonesAtSurface
2275.08 4374.9 263.444 8 0 0 0 1.28278e+06 16.7011 64512 2.22812 1.1652e+07 1.28278e+06 ZonesAtSurface
2325.11 4375 163.464 0 0 0 0 713154 22.8653 148023 1.22303 4.43354e+06 713154 ZonesAtSurface
2375.11 4375 63.4733 0 0 0 0 1.41144e+06 21.0623 55751.6 1.79012 6.13018e+06 1.41144e+06 ZonesAtSurface
2425.11 4375 -36.5216 0 0 0 0 1.0638e+06 44.1327 75065.7 6.81814 7.537e+06 1.0638e+06 ZonesAtSurface
2475.07 4373.56 -36.5153 5 0 0 0 1.37037e+06 23.9751 117291 2.36043 1.71229e+07 1.37037e+06 ZonesAtSurface
2525.06 4374.87 -116.516 10 0 0 0 1.00623e+06 31.4139 58356.9 2.06461 3.58724e+07 1.00623e+06 ZonesAtSurface
2575.02 4374.68 -76.5032 10 0 0 0 1.20695e+06 40.5361 108698 2.15707 1.51283e+07 1.20695e+06 ZonesAtSurface
2624.98 4375.01 -86.4982 0 0 0 0 554713 29.1033 134991 3.30833 7.11873e+06 554713 ZonesAtSurface
2674.93 4374.62 3.49573 10 0 0 0 697353 37.9608 112103 1.27916 3.2074e+07 697353 ZonesAtSurface
2724.92 4374.8 43.4822 9 0 0 0 731920 16.9411 88389.7 1.30622 2.83679e+07 731920 ZonesAtSurface
2774.91 4374.79 83.4745 9 0 0 0 1.09833e+06 33.4266 86570.8 1.60055 5.36387e+07 1.09833e+06 ZonesAtSurface
2824.89 4375 73.4728 0 0 0 0 1.34734e+06 18.6531 123511 1.85576 7.68807e+06 1.34734e+06 ZonesAtSurface
2874.87 4375 113.471 0 0 0 0 1.31508e+06 38.4762 91973 7.03973 5.22986e+06 1.31508e+06 ZonesAtSurface
2924.86 4375 153.466 0 0 0 0 902338 18.2137 72341.3 2.73251 3.23291e+06 902338 ZonesAtSurface
2974.85 4375.01 193.457 0 0 0 0 678723 24.207 115336 4.04015 2.78104e+06 678723 ZonesAtSurface
3024.85 4375.01 233.443 0 0 0 0 749566 18.3498 85772.6 3.39155 2.18289e+06 749566 ZonesAtSurface
3074.88 4374.39 323.416 10 0 0 0 583715 17.2715 79355.7 1.00006 3.79385e+06 583715 ZonesAtSurface
3124.89 4374.4 363.412 4 0 0 0 925631 17.6163 114602 1.00043 4.56115e+06 925631 ZonesAtSurface
3174.87 4375 353.397 0 0 0 0 1.05224e+06 43.2957 62040.8 6.99289 3.78714e+06 1.05224e+06 ZonesAtSurface
3224.87 4375 393.374 0 0 0 0 606746 40.3543 62361.2 3.94362 4.23881e+06 606746 ZonesAtSurface
3274.88 4375 433.338 0 0 1 5 840199 33.4649 115341 2.6188 4.67974e+06 840199 ZonesAtSurface
3324.9 4375.01 523.288 0 0 1 4 1.09114e+06 28.9349 144693 1.0048 4.87984e+06 1.09114e+06 ZonesAtSurface
3374.92 4375.01 563.243 2 0 1 4 1.11562e+06 24.9843 130088 1.00101 5.28613e+06 1.11562e+06 ZonesAtSurface
3424.95 4375.02 703.178 1 0 1 2 1.26883e+06 41.6289 124404 1.49061 4.44974e+06 1.26883e+06 ZonesAtSurface
3474.98 4375.01 743.128 4 0 2 2 573799 32.3882 63392.1 1.03285 3.11439e+06 573799 ZonesAtSurface
3525.03 4375.02 833.078 0 5 2 1 1.37274e+06 40.9345 117075 4.33212 1.54749e+06 1.37274e+06 ZonesAtSurface
3575.06 4375.02 873.041 0 0 2 1 1.36925e+06 18.6322 102378 3.63075 1.15761e+06 1.36925e+06 ZonesAtSurface
3625.06 4375.01 863.009 4 0 2 2 559692 20.7133 142211 1.37011 1.62966e+06 559692 ZonesAtSurface
3675.07 4375.01 852.979 0 0 2 3 999701 25.0059 102937 1.71167 2.51588e+06 999701 ZonesAtSurface
3725.1 4375.01 842.952 0 0 1 4 1.16687e+06 34.1705 50825.1 1.4932 4.03899e+06 1.16687e+06 ZonesAtSurface
3775.14 4375.01 892.912 0 0 2 3 1.46196e+06 34.7322 125893 3.21913 2.43597e+06 1.46196e+06 ZonesAtSurface
3825.16 4375.01 902.915 0 0 2 2 635855 41.9993 105956 4.45429 1.85089e+06 635855 ZonesAtSurface
3875.17 4375.02 912.944 0 0 2 1 500367 21.654 117689 3.47205 862236 500367 ZonesAtSurface
3925.21 4375.01 872.988 0 0 1 1 830145 20.4545 107464 1.48075 1.96365e+06 830145 ZonesAtSurface
3975.24 4375.02 883.036 0 0 0 0 1.04385e+06 40.5631 77846.6 2.73926 2.17394e+06 1.04385e+06 ZonesAtSurface
4025.34 4375.02 793.097 0 0 1 1 1.20779e+06 22.0514 95586.8 1.33655 3.23266e+06 1.20779e+06 ZonesAtSurface
4075.4 4375.02 753.155 0 0 1 1 1.03051e+06 39.9483 87172.3 1.77902 3.11573e+06 1.03051e+06 ZonesAtSurface
4125.46 4375.02 713.208 10 0 1 1 617333 31.5139 145498 1.14 2.599e+06 617333 ZonesAtSurface
4175.53 4375.02 623.267 2 0 1 2 838706 29.0035 95609.1 1.19519 3.88334e+06 838706 ZonesAtSurface
4225.57 4375.02 583.313 0 0 1 2 1.30643e+06 27.6899 69270.8 1.72967 3.30965e+06 1.30643e+06 ZonesAtSurface
4275.58 4375.02 593.35 4 0 2 1 737535 23.1485 78397.3 1.04938 2.70205e+06 737535 ZonesAtSurface
4325.61 4375.02 553.387 0 0 2 1 1.1632e+06 39.8984 113641 1.63913 3.23277e+06 1.1632e+06 ZonesAtSurface
4375.63 4375.02 513.42 0 0 1 1 1.46197e+06 33.0056 135798 2.10344 3.12291e+06 1.46197e+06 ZonesAtSurface
4425.63 4375.02 423.458 6 0 1 2 524592 25.0301 147121 1.11909 3.5516e+06 524592 ZonesAtSurface
4475.63 4375.03 483.479 0 0 0 0 1.26566e+06 22.685 127937 4.28623 979119 1.26566e+06 ZonesAtSurface
4525.64 4375.03 443.501 0 9 0 0 703070 44.0701 88674.6 2.56782 1.43309e+06 703070 ZonesAtSurface
4575.64 4375.02 353.525 0 0 2 1 1.31257e+06 25.0106 57904.6 1.6067 3.02655e+06 1.31257e+06 ZonesAtSurface
4625.62 4375.02 263.555 11 0 1 2 551915 26.5279 62622.8 1.01622 3.69381e+06 551915 ZonesAtSurface
4675.63 4375.02 273.561 0 8 2 1 784252 35.4236 101515 1.86694 1.79644e+06 784252 ZonesAtSurface
4725.5 4375.02 133.581 8 0 1 3 1.38123e+06 34.5564 90532.1 1.03448 5.40864e+06 1.38123e+06 ZonesAtSurface
4775.34 4375.02 43.5726 12 0 1 4 1.00461e+06 27.8497 118832 1.13437 1.21356e+07 1.00461e+06 ZonesAtSurface
4825.28 4375.02 53.5976 34 0 1 3 1.25102e+06 26.6483 119286 1.10513 8.83556e+06 1.25102e+06 ZonesAtSurface
4875.18 4375.03 63.641 39 0 1 2 829151 16.2455 114216 1.08236 3.72189e+06 829151 ZonesAtSurface
4925.09 4375.03 73.6566 36 0 1 1 1.08018e+06 25.6403 50879.1 1.13433 5.86735e+06 1.08018e+06 ZonesAtSurface
74.9023 4425.02 -47.9068 37 0 1 3 728436 21.9903 87457 1.10465 7.59139e+06 728436 ZonesAtSurface
124.816 4425.02 -22.8821 30 0 1 3 503067 33.2863 98498 1.101 2.42987e+06 503067 ZonesAtSurface
174.767 4425.02 -47.9288 11 0 1 4 1.17999e+06 34.5165 75581.1 1.00317 9.07535e+06 1.17999e+06 ZonesAtSurface
224.704 4425.02 -22.9147 16 0 1 4 1.27109e+06 20.1556 87757 1.05692 4.00343e+06 1.27109e+06 ZonesAtSurface
274.67 4425.02 -47.9519 0 0 1 5 790486 35.1719 76171.7 1.67266 1.09349e+07 790486 ZonesAtSurface
324.609 4425.02 -22.9449 0 0 1 5 741255 29.6128 97707.9 1.02438 8.83924e+06 741255 ZonesAtSurface
374.504 4425.02 52.0754 4 0 1 4 1.41026e+06 21.9255 114834 1.01437 6.97286e+06 1.41026e+06 ZonesAtSurface
424.365 4425.02 177.076 9 0 1 2 589873 36.1411 97379.1 1.09816 3.17484e+06 589873 ZonesAtSurface
474.325 4425.03 252.072 1 0 2 1 1.03133e+06 31.2725 125127 1.41694 2.95876e+06 1.03133e+06 ZonesAtSurface
524.311 4425.03 327.066 10 0 0 0 650482 26.1631 143166 2.3532 1.28187e+06 650482 ZonesAtSurface
574.308 4425.03 302.051 0 0 1 1 833607 27.5102 65877.5 1.57362 3.33365e+06 833607 ZonesAtSurface
624.294 4425.03 377.036 0 0 0 0 1.14988e+06 39.7493 92243.7 4.48164 1.83967e+06 1.14988e+06 ZonesAtSurface
674.29 4425.03 402.021 0 0 0 0 1.47814e+06 38.7634 139266 4.96114 1.53172e+06 1.47814e+06 ZonesAtSurface
724.289 4425.03 427.003 0 0 0 0 1.37484e+06 44.2474 79484.2 5.68367 1.53623e+06 1.37484e+06 ZonesAtSurface
774.29 4425.03 451.983 0 0 0 0 1.38556e+06 38.3998 130213 5.81178 1.2637e+06 1.38556e+06 ZonesAtSurface
824.294 4425.03 476.962 0 0 0 0 943873 17.561 113522 2.79249 1.06362e+06 943873 ZonesAtSurface
874.3 4425.03 501.94 0 0 0 0 1.37073e+06 40.9886 62878.3 8.09187 971918 1.37073e+06 ZonesAtSurface
924.309 4425.03 526.917 0 0 0 0 670947 21.7745 137066 2.44171 984371 670947 ZonesAtSurface
974.321 4425.04 551.892 0 0 0 0 627535 17.9874 112562 2.01191 1.0193e+06 627535 ZonesAtSurface
1024.34 4425.04 576.866 0 0 0 0 808036 22.3896 119815 2.68828 1.04759e+06 808036 ZonesAtSurface
1074.36 4425.04 601.837 0 0 0 0 771418 43.9329 133431 4.87737 1.0253e+06 771418 ZonesAtSurface
1124.39 4425.04 626.805 0 0 0 0 602954 36.6902 76468.8 3.46378 965482 602954 ZonesAtSurface
1174.42 4425.04 651.773 0 0 0 0 819403 35.74 52973.4 5.96304 729487 819403 ZonesAtSurface
1224.45 4425.04 676.741 0 0 0 0 704117 42.2418 63000.7 10 531466 704117 ZonesAtSurface
1274.48 4425.04 701.71 0 0 0 0 1.21286e+06 40.5695 136431 10 555353 1.21286e+06 ZonesAtSurface
1324.51 4425.04 726.682 0 0 0 0 814686 41.8713 84789 10 361647 814686 ZonesAtSurface
1374.55 4425.04 751.656 0 2 0 0 1.27677e+06 19.2878 125867 10 336470 1.27677e+06 ZonesAtSurface
1424.56 4425.03 726.633 0 0 2 1 890644 24.0624 101560 5.831 721312 890644 ZonesAtSurface
1474.58 4425.03 751.604 0 2 2 1 1.34884e+06 33.7516 106574 2.33809 3.09379e+06 1.34884e+06 ZonesAtSurface
1524.62 4425.03 826.567 0 9 0 0 1.23352e+06 28.7464 148921 2.5982 1.71464e+06 1.23352e+06 ZonesAtSurface
1574.65 4425.03 851.546 0 0 0 0 626187 31.687 126409 1.96773 1.22497e+06 626187 ZonesAtSurface
1624.69 4425.03 876.531 0 0 0 0 1.34594e+06 21.9986 146088 10 435195 1.34594e+06 ZonesAtSurface
1674.72 4425.03 901.522 0 5 0 0 1.09133e+06 18.8368 81963.8 3.38853 900183 1.09133e+06 ZonesAtSurface
1724.74 4425.02 876.524 4 9 2 1 838942 23.1207 125526 4.41349 592729 838942 ZonesAtSurface
1774.75 4425.01 751.572 0 0 1 4 961909 32.5502 51089.3 1.03038 3.31824e+06 961909 ZonesAtSurface
1824.78 4425.01 776.592 0 9 2 4 1.45989e+06 40.8681 135274 2.08818 3.33781e+06 1.45989e+06 ZonesAtSurface
1874.81 4425.01 751.617 0 0 2 5 1.00692e+06 20.0387 109630 1.54255 2.03711e+06 1.00692e+06 ZonesAtSurface
1924.85 4425.01 726.652 0 0 2 6 865551 41.705 82637.9 1.49145 3.30568e+06 865551 ZonesAtSurface
1974.89 4425.01 751.67 0 6 2 6 1.11719e+06 26.6794 101628 1.13455 3.0508e+06 1.11719e+06 ZonesAtSurface
2024.93 4425.01 714.213 0 5 2 6 1.43185e+06 16.1235 60792.9 1.10844 3.40162e+06 1.43185e+06 ZonesAtSurface
2074.97 4425.01 614.282 6 0 1 6 1.29516e+06 15.114 75766.3 1.02231 3.72107e+06 1.29516e+06 ZonesAtSurface
2125.01 4425.01 514.342 0 0 1 6 1.02958e+06 43.9321 129877 3.72724 5.18338e+06 1.02958e+06 ZonesAtSurface
2175.04 4425 414.393 0 0 1 6 1.46329e+06 32.3231 67381.4 7.80335 3.01868e+06 1.46329e+06 ZonesAtSurface
2225.07 4425 314.429 0 0 0 0 1.15176e+06 16.5209 107373 9.66906 1.04513e+06 1.15176e+06 ZonesAtSurface
2275.09 4424.78 264.453 8 0 0 0 1.06502e+06 24.5539 75470.7 2.17814 8.83078e+06 1.06502e+06 ZonesAtSurface
2325.1 4424.41 214.466 4 0 0 0 962221 23.3763 136501 1.00053 8.70451e+06 962221 ZonesAtSurface
2375.11 4425 64.4705 0 0 0 0 1.34506e+06 22.1825 66396.1 2.77918 3.67645e+06 1.34506e+06 ZonesAtSurface
2425.1 4424.42 14.4747 3 0 0 0 756643 35.1144 65283.6 1.00045 1.17226e+07 756643 ZonesAtSurface
2475.09 4425.02 -135.523 0 0 0 0 794813 44.9244 143123 9.83521 6.47875e+06 794813 ZonesAtSurface
2525.06 4424.69 -115.519 10 0 0 0 1.13714e+06 22.5484 100506 1.15619 3.71568e+07 1.13714e+06 ZonesAtSurface
2575.03 4424.6 -75.5097 10 0 0 0 649936 17.6214 111155 1.32543 1.99283e+07 649936 ZonesAtSurface
2624.97 4424.45 -35.5017 8 0 0 0 747688 21.265 63096.3 0.95356 9.05043e+06 747688 ZonesAtSurface
2674.95 4425.01 -45.5042 0 0 0 0 893517 33.1052 101367 6.65916 4.57698e+06 893517 ZonesAtSurface
2724.92 4424.59 44.4849 3 0 0 0 1.39546e+06 26.7661 63672.7 1.05182 3.68516e+07 1.39546e+06 ZonesAtSurface
2774.9 4425.01 34.4784 0 0 0 0 847354 17.5375 85870.3 3.4556 4.00478e+06 847354 ZonesAtSurface
2824.88 4425.01 74.4733 0 0 0 0 1.24077e+06 31.7794 74149 6.38568 4.5903e+06 1.24077e+06 ZonesAtSurface
2874.87 4425.01 114.469 0 0 0 0 1.26715e+06 17.2464 108918 2.55462 4.24239e+06 1.26715e+06 ZonesAtSurface
2924.86 4425.01 154.463 0 0 0 0 818734 16.1805 99103 2.17454 3.2285e+06 818734 ZonesAtSurface
2974.86 4425.01 194.453 0 0 0 0 897040 42.9529 62882.3 10 3.01817e+06 897040 ZonesAtSurface
3024.87 4423.27 334.436 6 2 0 0 774793 37.2853 123259 5.6466 3.93451e+06 774793 ZonesAtSurface
3074.86 4425.01 274.422 0 0 0 0 1.26946e+06 18.4653 76951 5.22172 1.90539e+06 1.26946e+06 ZonesAtSurface
3124.87 4425 314.405 0 0 0 0 609891 29.3403 63098.3 5.78135 2.40584e+06 609891 ZonesAtSurface
3174.87 4425 354.39 0 0 0 0 531578 34.3961 78956.1 4.55198 3.62773e+06 531578 ZonesAtSurface
3224.88 4425 394.366 0 0 0 0 956580 22.3651 94186.8 1.63204 4.99704e+06 956580 ZonesAtSurface
3274.88 4425 434.331 0 0 1 5 1.1095e+06 35.9815 51520.7 3.11261 4.84269e+06 1.1095e+06 ZonesAtSurface
3324.9 4425.01 574.274 7 5 2 3 1.22613e+06 31.2383 92973.1 1.14507 3.73717e+06 1.22613e+06 ZonesAtSurface
3374.92 4425.01 564.239 0 0 1 4 1.46783e+06 43.616 81067.2 2.35735 5.46175e+06 1.46783e+06 ZonesAtSurface
3424.94 4425.01 654.18 0 0 1 3 1.4957e+06 44.9283 55396.8 2.33237 5.1857e+06 1.4957e+06 ZonesAtSurface
3474.98 4425.02 744.12 0 0 2 2 609927 16.0552 60872 1.03836 2.35458e+06 609927 ZonesAtSurface
3525.03 4425.02 834.071 0 0 1 1 1.1468e+06 16.0207 77090.2 1.97923 1.61929e+06 1.1468e+06 ZonesAtSurface
3575.06 4425.02 874.031 0 0 2 1 709400 38.791 134102 3.31282 1.24589e+06 709400 ZonesAtSurface
3625.09 4425.02 913.995 0 6 2 1 1.23074e+06 31.4275 148355 5.96928 840427 1.23074e+06 ZonesAtSurface
3675.07 4425.01 853.963 0 0 1 3 849578 33.4946 135839 1.57969 2.93513e+06 849578 ZonesAtSurface
3725.1 4425.01 893.92 0 0 1 3 904421 38.5562 138307 1.87041 3.1741e+06 904421 ZonesAtSurface
3775.13 4425.01 943.895 0 0 2 2 1.23387e+06 44.8812 141986 5.78247 1.80766e+06 1.23387e+06 ZonesAtSurface
3825.14 4425.02 953.903 0 0 2 1 1.31602e+06 35.2179 147957 5.49848 1.39283e+06 1.31602e+06 ZonesAtSurface
3875.2 4425.01 863.935 0 0 1 2 1.36004e+06 20.6415 91238.9 2.46848 2.09561e+06 1.36004e+06 ZonesAtSurface
3925.21 4425.02 873.981 0 0 2 1 1.27986e+06 27.2084 71219.3 2.58462 2.19984e+06 1.27986e+06 ZonesAtSurface
3975.23 4425.02 884.031 0 0 0 0 890438 37.8011 86577.9 2.27856 1.9339e+06 890438 ZonesAtSurface
4025.3 4425.02 844.085 8 10 0 0 1.02859e+06 33.5827 116119 1.42185 3.02791e+06 1.02859e+06 ZonesAtSurface
4075.36 4425.02 804.144 0 0 0 0 1.10274e+06 43.409 116006 1.7954 3.452e+06 1.10274e+06 ZonesAtSurface
4125.42 4425.02 764.197 9 0 0 0 751251 29.8022 52224.4 1.30469 2.20364e+06 751251 ZonesAtSurface
4175.5 4425.02 674.252 0 0 2 1 998103 42.9998 57144.8 2.02639 3.69573e+06 998103 ZonesAtSurface
4225.56 4425.02 584.305 0 0 1 2 745771 24.927 99180 1.13029 3.35068e+06 745771 ZonesAtSurface
4275.58 4425.02 594.343 0 0 1 1 1.18471e+06 35.4717 124939 1.80503 3.10939e+06 1.18471e+06 ZonesAtSurface
4325.6 4425.02 554.379 0 0 2 1 1.46035e+06 25.8582 121532 1.78404 2.97498e+06 1.46035e+06 ZonesAtSurface
4375.62 4425.02 514.413 0 0 1 1 1.34838e+06 38.9269 82653.6 2.1349 3.20948e+06 1.34838e+06 ZonesAtSurface
4425.63 4425.02 474.445 3 0 1 1 786362 17.5775 148222 1.21611 2.75881e+06 786362 ZonesAtSurface
4475.63 4425.02 384.481 0 0 1 2 1.1679e+06 23.0303 53193.1 1.57594 3.6297e+06 1.1679e+06 ZonesAtSurface
4525.63 4425.03 444.497 9 0 0 0 732411 38.8172 81062.1 2.75519 1.62574e+06 732411 ZonesAtSurface
4575.64 4425.03 354.521 5 0 2 1 774168 16.3749 70407.9 1.15356 2.36198e+06 774168 ZonesAtSurface
4625.61 4425.02 264.551 10 0 1 2 1.0701e+06 22.1309 148077 1.01677 4.14617e+06 1.0701e+06 ZonesAtSurface
4675.63 4425.02 274.556 3 6 2 1 928847 23.7066 122716 1.76565 1.7381e+06 928847 ZonesAtSurface
4725.5 4425.03 134.577 10 0 1 3 1.00551e+06 33.5044 103203 1.06388 5.22525e+06 1.00551e+06 ZonesAtSurface
4775.34 4425.02 44.5672 4 0 1 4 912022 36.4364 138945 1.49454 1.23838e+07 912022 ZonesAtSurface
4825.28 4425.03 54.5959 36 0 1 3 693569 23.1388 98611.4 1.04811 7.21942e+06 693569 ZonesAtSurface
4875.18 4425.03 64.6354 40 0 1 2 1.45728e+06 21.2653 69846.8 1.16139 4.98118e+06 1.45728e+06 ZonesAtSurface
4925.09 4425.03 74.6573 25 0 1 1 1.05612e+06 16.2064 109206 1.15738 4.12128e+06 1.05612e+06 ZonesAtSurface
74.9026 4475.02 -46.9147 28 0 1 3 1.04751e+06 28.9482 141882 1.108 1.00475e+07 1.04751e+06 ZonesAtSurface
124.818 4475.02 -21.8909 30 0 1 3 1.36771e+06 20.1264 127378 1.09962 3.77616e+06 1.36771e+06 ZonesAtSurface
174.768 4475.02 -46.9349 12 0 1 4 1.11332e+06 32.3687 80900.3 1.00433 8.73401e+06 1.11332e+06 ZonesAtSurface
224.707 4475.02 -21.92 21 0 1 4 804270 22.7658 105251 1.10453 2.95204e+06 804270 ZonesAtSurface
274.671 4475.02 -46.9562 4 0 1 5 840827 25.0926 135682 1.06157 1.05423e+07 840827 ZonesAtSurface
324.545 4475.02 28.0672 9 0 1 4 1.01334e+06 43.1768 124796 1.0311 6.97294e+06 1.01334e+06 ZonesAtSurface
374.506 4475.02 53.0697 2 0 1 4 1.19464e+06 15.2467 54714.1 1.02105 5.21455e+06 1.19464e+06 ZonesAtSurface
424.337 4475.03 228.067 0 6 2 1 994482 42.0001 79718.6 2.49889 2.16667e+06 994482 ZonesAtSurface
474.32 4475.03 303.067 0 0 0 0 1.20957e+06 26.8538 111740 4.18798 986934 1.20957e+06 ZonesAtSurface
524.316 4475.03 328.062 0 0 0 0 1.22513e+06 24.6684 93744.2 2.3926 1.69829e+06 1.22513e+06 ZonesAtSurface
574.307 4475.03 353.049 0 0 0 0 1.35045e+06 25.3618 91724 1.81476 3.0238e+06 1.35045e+06 ZonesAtSurface
624.3 4475.03 328.031 0 0 1 1 1.42996e+06 39.6344 101457 4.17664 2.93113e+06 1.42996e+06 ZonesAtSurface
674.293 4475.03 403.015 0 0 0 0 1.1878e+06 18.0585 68373.5 2.59929 1.47404e+06 1.1878e+06 ZonesAtSurface
724.292 4475.03 427.998 0 0 0 0 1.36711e+06 27.0339 91332.6 3.42495 1.51543e+06 1.36711e+06 ZonesAtSurface
774.294 4475.03 452.978 0 0 0 0 899628 33.553 136700 3.691 1.24297e+06 899628 ZonesAtSurface
824.297 4475.03 477.957 0 0 0 0 1.48604e+06 36.3812 62603.3 7.0225 1.04636e+06 1.48604e+06 ZonesAtSurface
874.304 4475.03 502.934 0 0 0 0 1.22687e+06 30.97 102594 5.58131 952961 1.22687e+06 ZonesAtSurface
924.313 4475.04 527.911 0 0 0 0 1.25569e+06 32.9116 139820 5.66183 972968 1.25569e+06 ZonesAtSurface
974.326 4475.04 552.886 0 0 0 0 869024 35.083 67779.4 4.25597 1.01693e+06 869024 ZonesAtSurface
1024.34 4475.04 577.859 0 0 0 0 1.34362e+06 24.5873 75298.7 4.66952 1.02013e+06 1.34362e+06 ZonesAtSurface
1074.36 4475.04 602.83 0 0 0 0 773903 41.4643 142206 4.57469 999371 773903 ZonesAtSurface
1124.39 4475.04 627.798 0 0 0 0 1.22887e+06 39.2285 96601.4 5.90653 986557 1.22887e+06 ZonesAtSurface
1174.42 4475.04 652.765 0 0 0 0 1.46809e+06 35.632 88851 9.34477 716160 1.46809e+06 ZonesAtSurface
1224.46 4475.04 677.732 0 0 0 0 635834 32.651 94668 6.40658 546777 635834 ZonesAtSurface
1274.49 4475.04 702.701 0 0 0 0 1.19693e+06 34.2748 124926 10 531251 1.19693e+06 ZonesAtSurface
1324.52 4475.04 727.672 0 0 0 0 1.11196e+06 22.2487 100451 10 302163 1.11196e+06 ZonesAtSurface
1374.56 4475.04 752.646 0 1 0 0 940803 35.8332 51888.9 10 350126 940803 ZonesAtSurface
1424.56 4475.03 727.624 8 5 2 1 759270 24.4044 83075.1 4.60757 781657 759270 ZonesAtSurface
1474.57 4475.02 702.595 7 0 1 2 532524 19.8543 119551 1.96555 1.43975e+06 532524 ZonesAtSurface
1524.61 4475.03 777.559 0 0 1 1 633096 41.5116 66674.9 1.74192 2.68355e+06 633096 ZonesAtSurface
1574.66 4475.03 852.534 0 0 0 0 1.08834e+06 33.0214 55723.1 4.03204 1.10762e+06 1.08834e+06 ZonesAtSurface
1624.69 4475.03 877.52 0 0 0 0 1.31525e+06 39.4535 90446.7 10 408664 1.31525e+06 ZonesAtSurface
1674.72 4475.03 902.513 0 5 0 0 1.46467e+06 15.5988 79551.1 4.96568 781550 1.46467e+06 ZonesAtSurface
1724.74 4475.02 877.513 0 8 2 1 1.36952e+06 41.6606 130529 4.32677 1.3833e+06 1.36952e+06 ZonesAtSurface
1774.76 4475.01 802.544 10 10 2 3 1.34549e+06 27.4127 127341 1.06707 4.07844e+06 1.34549e+06 ZonesAtSurface
1824.78 4475.01 727.584 0 0 1 5 1.20388e+06 33.1203 144151 1.21456 4.93659e+06 1.20388e+06 ZonesAtSurface
1874.81 4475.01 752.606 4 0 1 5 586378 22.6167 149950 1.28926 1.95433e+06 586378 ZonesAtSurface
1924.85 4475.01 727.641 0 0 2 6 605660 24.6521 96303.1 1.21901 2.51949e+06 605660 ZonesAtSurface
1974.89 4475.01 752.66 0 6 2 6 1.34409e+06 20.8565 52245.5 1.24316 3.09811e+06 1.34409e+06 ZonesAtSurface
2024.93 4475.01 715.204 0 6 2 6 1.36922e+06 15.9894 140577 1.0884 3.24659e+06 1.36922e+06 ZonesAtSurface
2074.97 4475.01 615.275 6 0 1 6 977153 33.5848 118752 1.02912 4.54773e+06 977153 ZonesAtSurface
2125.01 4475.01 515.339 4 0 1 6 1.02285e+06 31.5737 75881.3 1.00247 5.31936e+06 1.02285e+06 ZonesAtSurface
2175.05 4475 415.392 6 0 1 6 1.00491e+06 17.3443 123074 1.01789 4.58546e+06 1.00491e+06 ZonesAtSurface
2225.08 4475 315.429 0 0 0 0 718524 38.6732 68099.1 3.55011 3.52901e+06 718524 ZonesAtSurface
2275.09 4474.72 265.451 8 2 0 0 765672 42.2352 93693.8 3.25927 4.18751e+06 765672 ZonesAtSurface
2325.08 4473.31 265.468 10 0 0 0 561128 41.0769 146881 2.20387 6.95449e+06 561128 ZonesAtSurface
2375.12 4475.01 65.4706 0 0 0 0 638754 16.2761 53747.2 1.98895 2.52866e+06 638754 ZonesAtSurface
2425.11 4474.57 15.4785 10 9 0 0 980650 24.5868 73770.6 0 536036 980650 ZonesAtSurface
2475.09 4474.63 -84.5186 10 8 0 0 1.106e+06 20.8118 104620 0 4.66194e+06 1.106e+06 ZonesAtSurface
2525.07 4475.02 -164.519 0 0 0 0 1.46937e+06 38.5754 51475.1 8.15216 6.73955e+06 1.46937e+06 ZonesAtSurface
2575.01 4473.42 -24.5142 10 0 0 0 845206 38.3543 63718.1 2.33084 2.4569e+07 845206 ZonesAtSurface
2624.99 4475.01 -84.5058 0 0 0 0 1.49598e+06 36.6647 115407 6.3988 6.4623e+06 1.49598e+06 ZonesAtSurface
2674.95 4475.01 -44.5036 0 0 0 0 961773 32.7745 59050.9 4.46721 5.84675e+06 961773 ZonesAtSurface
2724.92 4475.01 -4.50737 0 0 0 0 718815 39.9734 86981 7.60355 4.70433e+06 718815 ZonesAtSurface
2774.89 4475.01 35.4857 0 0 0 0 1.41272e+06 30.4685 82285.5 6.2875 3.61666e+06 1.41272e+06 ZonesAtSurface
2824.91 4473.36 175.458 10 0 0 0 1.36912e+06 27.1185 108960 2.8945 9.39759e+06 1.36912e+06 ZonesAtSurface
2874.87 4475.01 115.468 0 0 0 0 875664 18.977 120553 2.96997 3.31337e+06 875664 ZonesAtSurface
2924.9 4473.3 255.448 10 0 0 0 1.00145e+06 29.844 61868.4 2.10596 7.62637e+06 1.00145e+06 ZonesAtSurface
2974.86 4475.01 195.448 0 0 0 0 1.16099e+06 31.6952 81911.6 5.69028 3.35394e+06 1.16099e+06 ZonesAtSurface
3024.86 4475.01 235.438 0 0 0 0 539019 33.2709 125821 5.15365 3.15666e+06 539019 ZonesAtSurface
3074.86 4475.01 275.423 0 0 0 0 570999 17.9077 99125.1 2.94521 2.33745e+06 570999 ZonesAtSurface
3124.88 4474.4 365.404 7 0 0 0 759583 31.4865 65217.6 1.00026 6.03125e+06 759583 ZonesAtSurface
3174.87 4475 355.383 0 0 0 0 1.19081e+06 35.2604 86819.4 5.77411 3.15111e+06 1.19081e+06 ZonesAtSurface
3224.88 4475 395.355 0 0 0 0 537690 25.4211 136656 1.68036 4.38595e+06 537690 ZonesAtSurface
3274.89 4475 435.323 0 0 1 5 1.04103e+06 35.7748 87449.3 4.04811 3.93511e+06 1.04103e+06 ZonesAtSurface
3324.9 4475.01 525.283 2 0 1 4 903922 34.4125 123785 1.07748 5.06013e+06 903922 ZonesAtSurface
3374.93 4475.02 665.211 3 4 2 2 1.12107e+06 38.1778 116705 1.26824 3.75542e+06 1.12107e+06 ZonesAtSurface
3424.95 4475.01 705.162 0 2 2 2 1.4668e+06 34.7929 139082 1.6665 4.03332e+06 1.4668e+06 ZonesAtSurface
3475 4475.02 795.107 0 9 1 1 900478 31.6452 61821.6 1.54185 2.12163e+06 900478 ZonesAtSurface
3525.03 4475.02 835.063 6 0 2 1 617801 33.3661 110306 2.04857 1.67301e+06 617801 ZonesAtSurface
3575.06 4475.02 875.021 0 0 2 1 1.10293e+06 30.1491 102306 2.45487 1.61932e+06 1.10293e+06 ZonesAtSurface
3625.09 4475.02 914.98 0 7 2 1 1.308e+06 29.5396 68306.5 3.03615 1.73389e+06 1.308e+06 ZonesAtSurface
3675.07 4475.01 854.946 3 0 1 3 612998 16.6636 124186 1.12864 2.0984e+06 612998 ZonesAtSurface
3725.12 4475.01 944.898 0 3 2 2 1.28515e+06 30.7014 51674.1 2.40239 2.63302e+06 1.28515e+06 ZonesAtSurface
3775.13 4475.02 994.882 0 0 2 1 1.44298e+06 22.0229 78050.7 3.02747 1.59001e+06 1.44298e+06 ZonesAtSurface
3825.15 4475.02 954.888 0 0 2 1 1.23227e+06 43.8162 102643 5.17033 1.54053e+06 1.23227e+06 ZonesAtSurface
3875.17 4475.01 914.92 0 0 2 1 1.4882e+06 42.5186 133225 3.86899 2.7301e+06 1.4882e+06 ZonesAtSurface
3925.25 4475.01 824.975 0 0 1 2 1.34525e+06 17.4585 145505 1.59929 2.81816e+06 1.34525e+06 ZonesAtSurface
3975.27 4475.02 835.028 0 0 1 1 860108 29.1647 87072.3 1.86631 2.28029e+06 860108 ZonesAtSurface
4025.29 4475.03 845.08 0 0 0 0 1.455e+06 25.0412 79312.1 1.81647 2.72351e+06 1.455e+06 ZonesAtSurface
4075.39 4475.02 755.141 1 0 1 1 672616 30.5778 117373 1.24967 3.26361e+06 672616 ZonesAtSurface
4125.41 4475.03 765.192 0 0 0 0 1.20567e+06 20.2362 58110.7 1.47867 2.47665e+06 1.20567e+06 ZonesAtSurface
4175.47 4475.03 725.241 0 0 0 0 1.34084e+06 29.3827 122111 1.8107 2.88927e+06 1.34084e+06 ZonesAtSurface
4225.54 4475.02 635.291 0 0 2 1 1.33261e+06 31.7941 111038 1.87411 3.09127e+06 1.33261e+06 ZonesAtSurface
4275.57 4475.03 595.334 0 0 2 1 1.28341e+06 40.2991 122519 2.52161 3.14441e+06 1.28341e+06 ZonesAtSurface
4325.58 4475.03 605.369 0 3 0 0 1.42657e+06 19.044 116596 2.25169 1.84042e+06 1.42657e+06 ZonesAtSurface
4375.6 4475.03 565.401 0 0 0 0 1.48807e+06 21.6112 53929.1 1.85484 2.4704e+06 1.48807e+06 ZonesAtSurface
4425.62 4475.03 525.432 0 0 0 0 1.08877e+06 38.1133 126324 2.04549 2.44215e+06 1.08877e+06 ZonesAtSurface
4475.62 4475.03 485.463 0 0 0 0 1.46882e+06 43.6569 99943 3.45005 2.36061e+06 1.46882e+06 ZonesAtSurface
4525.63 4475.03 395.496 0 0 1 1 1.34346e+06 37.006 148215 3.03655 2.68534e+06 1.34346e+06 ZonesAtSurface
4575.63 4475.03 405.515 0 0 0 0 1.11576e+06 20.8389 96781.9 2.28442 1.63824e+06 1.11576e+06 ZonesAtSurface
4625.63 4475.03 365.534 0 9 0 0 1.08239e+06 15.7859 56126.4 2.16701 1.37808e+06 1.08239e+06 ZonesAtSurface
4675.59 4475.02 225.558 0 0 2 2 897205 27.8781 64022.2 1.1078 3.30668e+06 897205 ZonesAtSurface
4725.42 4475.02 85.5699 8 0 1 4 1.29099e+06 15.0703 77899 1.04152 5.47097e+06 1.29099e+06 ZonesAtSurface
4775.33 4475.03 45.5633 13 0 1 4 1.16802e+06 24.4325 70592 1.08147 1.12351e+07 1.16802e+06 ZonesAtSurface
4825.27 4475.03 55.593 24 0 1 3 894988 17.3246 123407 1.03613 5.80277e+06 894988 ZonesAtSurface
4875.19 4475.02 65.6181 26 0 1 2 1.26161e+06 41.9252 69811.8 1.08241 8.83317e+06 1.26161e+06 ZonesAtSurface
4925.1 4475.03 75.651 42 0 1 1 866616 23.1751 69571.8 1.15051 5.48044e+06 866616 ZonesAtSurface
74.9055 4525.02 -45.925 25 0 1 3 1.04661e+06 22.1807 63167 1.07944 9.02974e+06 1.04661e+06 ZonesAtSurface
124.829 4525.02 -20.9005 23 0 1 3 534097 42.3549 86690 1.45501 3.62152e+06 534097 ZonesAtSurface
174.77 4525.02 -45.9399 10 0 1 4 1.23676e+06 44.9069 90140.6 1.02465 1.08333e+07 1.23676e+06 ZonesAtSurface
224.699 4525.02 -20.929 13 0 1 4 628221 42.8496 100251 1.10654 5.51252e+06 628221 ZonesAtSurface
274.673 4525.02 -45.9611 0 0 1 5 777858 35.7109 131309 1.4323 1.09616e+07 777858 ZonesAtSurface
324.612 4525.02 -20.9548 3 0 1 5 1.229e+06 24.9242 84468.7 1.01493 9.00294e+06 1.229e+06 ZonesAtSurface
374.443 4525.02 104.066 0 0 2 3 1.46198e+06 34.1507 127841 1.13836 4.79889e+06 1.46198e+06 ZonesAtSurface
424.342 4525.03 229.065 0 3 2 1 1.29237e+06 19.4275 108144 1.57799 2.40311e+06 1.29237e+06 ZonesAtSurface
474.323 4525.03 304.063 0 8 0 0 831334 37.5014 101817 3.42694 1.00107e+06 831334 ZonesAtSurface
524.319 4525.03 329.057 0 0 0 0 843809 35.7534 107332 2.55006 1.86421e+06 843809 ZonesAtSurface
574.314 4525.03 304.041 0 0 1 1 920707 34.7289 53948 2.20817 3.37479e+06 920707 ZonesAtSurface
624.3 4525.03 379.026 0 0 0 0 1.00431e+06 16.2151 76517.3 1.53954 2.10034e+06 1.00431e+06 ZonesAtSurface
674.296 4525.03 404.01 0 0 0 0 1.03373e+06 34.4001 85175 3.30232 1.54421e+06 1.03373e+06 ZonesAtSurface
724.296 4525.03 428.992 0 0 0 0 1.36969e+06 29.5757 60716.2 3.79851 1.49112e+06 1.36969e+06 ZonesAtSurface
774.297 4525.03 453.972 0 0 0 0 908661 28.6379 130409 3.30841 1.21462e+06 908661 ZonesAtSurface
824.301 4525.03 478.951 0 0 0 0 1.23542e+06 29.499 113934 5.10275 1.01301e+06 1.23542e+06 ZonesAtSurface
874.308 4525.04 503.928 0 0 0 0 820085 17.7013 141559 2.76399 951592 820085 ZonesAtSurface
924.318 4525.04 528.905 0 0 0 0 843495 40.5083 77819.3 5.3484 974708 843495 ZonesAtSurface
974.331 4525.04 553.88 0 0 0 0 672278 24.6003 81028.3 2.57249 1.01645e+06 672278 ZonesAtSurface
1024.35 4525.04 578.853 0 0 0 0 719232 39.7625 92909.8 4.62747 974593 719232 ZonesAtSurface
1074.37 4525.04 603.823 0 0 0 0 524110 29.4583 60205.4 2.8897 935613 524110 ZonesAtSurface
1124.4 4525.04 628.791 0 0 0 0 538305 44.4393 97214.5 4.18036 958195 538305 ZonesAtSurface
1174.43 4525.04 653.757 0 0 0 0 929170 15.3827 140047 3.73611 736684 929170 ZonesAtSurface
1224.46 4525.04 678.723 0 0 0 0 1.20496e+06 26.3758 119646 7.7163 600710 1.20496e+06 ZonesAtSurface
1274.49 4525.04 703.691 0 0 0 0 1.25011e+06 28.0581 127908 9.17295 564994 1.25011e+06 ZonesAtSurface
1324.52 4525.04 728.662 0 0 0 0 688178 29.617 135570 6.0474 512085 688178 ZonesAtSurface
1374.56 4525.04 753.635 0 0 0 0 595068 27.8867 81375.7 5.20066 538778 595068 ZonesAtSurface
1424.54 4525.02 678.61 0 0 1 2 1.38863e+06 32.4001 63953.4 4.19901 1.97798e+06 1.38863e+06 ZonesAtSurface
1474.57 4525.02 703.582 0 0 2 2 707471 22.4955 131822 2.25459 1.78955e+06 707471 ZonesAtSurface
1524.61 4525.03 778.546 0 5 2 1 1.35805e+06 42.9373 128431 3.56301 2.2563e+06 1.35805e+06 ZonesAtSurface
1574.66 4525.04 853.522 0 0 0 0 1.29979e+06 37.2087 92800.5 6.63939 946550 1.29979e+06 ZonesAtSurface
1624.69 4525.03 878.51 0 0 0 0 866366 30.5643 68121.3 10 315995 866366 ZonesAtSurface
1674.72 4525.03 903.502 0 0 0 0 564272 31.0237 127307 4.09474 513592 564272 ZonesAtSurface
1724.74 4525.02 878.499 0 1 2 1 1.07931e+06 32.4068 104096 2.1186 1.80517e+06 1.07931e+06 ZonesAtSurface
1774.75 4525.01 753.547 9 0 2 4 1.15649e+06 32.3165 102749 1.07225 4.02983e+06 1.15649e+06 ZonesAtSurface
1824.77 4525.01 778.563 0 10 2 4 1.17711e+06 32.1159 139656 1.21076 3.37081e+06 1.17711e+06 ZonesAtSurface
1874.81 4525.01 753.594 4 3 2 5 1.17153e+06 23.413 96659.7 1.24453 2.83968e+06 1.17153e+06 ZonesAtSurface
1924.85 4525.01 728.63 4 0 2 6 619419 34.6912 129947 1.10909 2.84363e+06 619419 ZonesAtSurface
1974.88 4525.01 753.651 0 6 2 6 1.3704e+06 30.7237 50510.5 1.44747 3.28285e+06 1.3704e+06 ZonesAtSurface
2024.93 4525.01 716.197 0 6 2 6 753275 18.0793 69034.6 1.06531 1.8998e+06 753275 ZonesAtSurface
2074.97 4525.01 616.268 6 0 1 6 938780 15.8474 91136.7 1.01617 3.12206e+06 938780 ZonesAtSurface
2125.01 4525.01 516.333 2 0 1 6 1.12992e+06 29.4193 128914 1.0134 5.93719e+06 1.12992e+06 ZonesAtSurface
2175.04 4525 416.386 1 0 1 6 897399 24.1309 62928.5 2.47316 4.93626e+06 897399 ZonesAtSurface
2225.05 4523.61 416.427 9 9 0 0 945688 19.3382 72934.2 0.357963 8.42646e+06 945688 ZonesAtSurface
2275.08 4524.85 266.441 8 8 0 0 613947 30.1832 149354 1.15855 1.66408e+06 613947 ZonesAtSurface
2325.11 4525 166.456 0 0 0 0 1.15998e+06 33.8403 50434.3 4.16013 5.00371e+06 1.15998e+06 ZonesAtSurface
2375.1 4524.54 116.467 10 10 0 0 1.345e+06 40.281 85519.8 1.75935 5.0762e+06 1.345e+06 ZonesAtSurface
2425.1 4524.83 16.4722 10 9 0 0 1.10079e+06 35.4863 84306.8 1.6439 2.46241e+06 1.10079e+06 ZonesAtSurface
2475.09 4524.85 -83.5273 10 8 0 0 1.25706e+06 27.4 136459 1.0669 4.05967e+06 1.25706e+06 ZonesAtSurface
2525.05 4524.59 -113.523 8 8 0 0 1.41905e+06 43.1377 85982.2 2.2883 3.18763e+06 1.41905e+06 ZonesAtSurface
2575.02 4525.02 -123.513 0 0 0 0 993689 27.8276 136938 3.46777 6.75178e+06 993689 ZonesAtSurface
2624.98 4525.01 -83.5061 0 0 0 0 1.21164e+06 39.5073 71923.5 6.43811 6.1283e+06 1.21164e+06 ZonesAtSurface
2674.95 4525.01 -43.5045 0 0 0 0 764965 37.6792 96822.2 5.57279 5.58537e+06 764965 ZonesAtSurface
2724.92 4524.41 46.4866 10 0 0 0 603699 27.6964 141881 1.00044 1.10973e+07 603699 ZonesAtSurface
2774.89 4525.01 36.4875 0 0 0 0 544646 39.5415 144748 7.83722 3.98998e+06 544646 ZonesAtSurface
2824.87 4525.01 76.4793 0 0 0 0 880628 24.426 125737 4.35781 3.26832e+06 880628 ZonesAtSurface
2874.9 4523.31 216.442 10 0 0 0 1.47556e+06 42.0071 72790.5 3.06268 1.03515e+07 1.47556e+06 ZonesAtSurface
2924.86 4525.01 156.456 0 0 0 0 510746 21.9032 63775.9 3.9336 2.56214e+06 510746 ZonesAtSurface
2974.86 4525.01 196.445 0 0 0 0 1.16851e+06 22.9679 56047.9 3.91946 2.93987e+06 1.16851e+06 ZonesAtSurface
3024.86 4525.01 236.433 0 0 0 0 1.48418e+06 39.3253 96049.1 9.47996 2.88014e+06 1.48418e+06 ZonesAtSurface
3074.86 4525.01 276.419 0 0 0 0 870506 20.9709 137581 2.83995 3.40686e+06 870506 ZonesAtSurface
3124.86 4525 316.401 0 0 0 0 572169 44.7997 85606.7 7.70183 4.30229e+06 572169 ZonesAtSurface
3174.87 4525 356.379 0 0 0 0 694082 32.5911 139370 5.09518 3.55009e+06 694082 ZonesAtSurface
3224.88 4525 396.35 0 0 0 0 727038 41.4477 136900 7.5794 2.99101e+06 727038 ZonesAtSurface
3274.89 4525.01 436.32 0 0 1 5 516046 15.9716 136421 1.71371 2.88115e+06 516046 ZonesAtSurface
3324.9 4525.01 526.283 5 0 1 4 1.30968e+06 44.9539 96092.7 1.53757 5.91801e+06 1.30968e+06 ZonesAtSurface
3374.92 4525.01 566.232 10 0 1 4 779189 27.0898 99277.7 1.07434 5.41337e+06 779189 ZonesAtSurface
3424.94 4525.01 656.168 2 0 1 3 830790 42.0677 79339.4 1.27227 5.47774e+06 830790 ZonesAtSurface
3474.98 4525.02 746.107 6 0 1 2 1.29602e+06 21.0907 126013 1.05495 4.04283e+06 1.29602e+06 ZonesAtSurface
3525 4525.02 786.06 0 0 2 2 673580 32.1316 130523 1.05547 3.15784e+06 673580 ZonesAtSurface
3575.06 4525.02 876.011 0 10 2 1 1.48893e+06 15.2139 90235.7 1.96999 2.07335e+06 1.48893e+06 ZonesAtSurface
3625.09 4525.02 915.964 3 7 2 1 864442 28.0834 70530.6 1.44324 2.26471e+06 864442 ZonesAtSurface
3675.12 4525.02 955.919 10 0 2 1 595800 40.5093 78922.3 1.44144 2.82973e+06 595800 ZonesAtSurface
3725.13 4525.02 995.882 0 6 2 1 1.23127e+06 22.3938 96740.3 1.7984 2.24019e+06 1.23127e+06 ZonesAtSurface
3775.14 4525.03 1045.87 0 8 0 0 1.46849e+06 39.2949 90564.9 5.17486 1.24598e+06 1.46849e+06 ZonesAtSurface
3825.14 4525.02 1005.87 0 10 0 0 1.42306e+06 29.0894 52445.2 3.68562 1.55131e+06 1.42306e+06 ZonesAtSurface
3875.17 4525.02 915.908 7 0 2 1 951414 30.9594 51669.8 1.34549 2.94622e+06 951414 ZonesAtSurface
3925.24 4525.01 825.967 0 0 1 2 1.06429e+06 28.0995 123609 1.61603 3.252e+06 1.06429e+06 ZonesAtSurface
3975.26 4525.02 836.023 0 0 2 1 767320 22.9078 105324 1.4416 2.13904e+06 767320 ZonesAtSurface
4025.28 4525.03 846.075 0 0 0 0 1.28455e+06 24.4482 102152 1.47881 2.95676e+06 1.28455e+06 ZonesAtSurface
4075.34 4525.03 806.132 8 4 0 0 1.38164e+06 22.8434 143587 1.53228 3.01286e+06 1.38164e+06 ZonesAtSurface
4125.4 4525.03 766.184 4 0 0 0 508307 43.2314 55174.5 1.4006 2.51864e+06 508307 ZonesAtSurface
4175.49 4525.03 676.237 0 0 1 1 1.3699e+06 21.9757 91448 1.52371 3.20204e+06 1.3699e+06 ZonesAtSurface
4225.5 4525.03 686.28 0 0 0 0 1.38262e+06 17.7077 137411 1.84326 2.13696e+06 1.38262e+06 ZonesAtSurface
4275.54 4525.03 646.323 0 0 0 0 887797 33.7613 143347 1.41232 2.9652e+06 887797 ZonesAtSurface
4325.57 4525.03 606.362 0 0 0 0 1.27766e+06 17.5188 51506.7 2.02858 1.82427e+06 1.27766e+06 ZonesAtSurface
4375.6 4525.03 566.394 0 0 0 0 946652 42.3673 87829.1 2.30873 2.31042e+06 946652 ZonesAtSurface
4425.61 4525.03 526.426 0 0 0 0 548416 43.3974 78891.6 1.95641 2.16865e+06 548416 ZonesAtSurface
4475.62 4525.03 486.458 0 0 0 0 879898 37.3887 60715.8 1.88916 2.51542e+06 879898 ZonesAtSurface
4525.62 4525.03 446.487 0 0 0 0 1.32687e+06 32.151 118100 2.87757 2.02465e+06 1.32687e+06 ZonesAtSurface
4575.63 4525.03 356.515 0 0 1 1 1.36182e+06 20.8634 113459 1.73355 2.88664e+06 1.36182e+06 ZonesAtSurface
4625.63 4525.03 366.531 0 0 0 0 1.44268e+06 16.9113 138475 3.079 1.33834e+06 1.44268e+06 ZonesAtSurface
4675.59 4525.02 226.556 10 0 1 2 597286 39.3677 97243.6 1.13536 4.09889e+06 597286 ZonesAtSurface
4725.42 4525.02 86.5644 0 0 1 4 1.20903e+06 25.1489 57252.2 1.0362 6.56395e+06 1.20903e+06 ZonesAtSurface
4775.33 4525.02 46.5581 12 0 1 4 1.21869e+06 25.76 113722 1.07786 1.15453e+07 1.21869e+06 ZonesAtSurface
4825.27 4525.03 56.5825 15 0 1 3 1.37694e+06 43.5991 98379.3 1.00307 1.08052e+07 1.37694e+06 ZonesAtSurface
4875.21 4525.03 66.6072 38 0 1 2 555461 18.5569 69312.3 1.11173 4.24396e+06 555461 ZonesAtSurface
4925.1 4525.03 76.6479 29 0 1 1 707178 18.7772 144498 1.14318 4.31893e+06 707178 ZonesAtSurface
74.908 4575.02 -44.9349 24 0 1 3 1.45434e+06 23.0973 83894.4 1.04645 9.96133e+06 1.45434e+06 ZonesAtSurface
124.846 4575.02 -19.9089 23 6 1 3 1.31695e+06 38.3261 57626.7 1.50972 4.2577e+06 1.31695e+06 ZonesAtSurface
174.772 4575.02 -44.9447 15 0 1 4 1.07579e+06 29.2962 139211 1.02862 8.3719e+06 1.07579e+06 ZonesAtSurface
224.691 4575.02 -19.938 17 0 1 4 1.23543e+06 29.8911 83553.2 1.04725 6.85458e+06 1.23543e+06 ZonesAtSurface
274.624 4575.02 5.06253 0 0 2 4 1.1263e+06 38.3457 102092 1.65031 6.73745e+06 1.1263e+06 ZonesAtSurface
324.615 4575.02 -19.9602 0 0 1 5 1.00379e+06 35.3834 91902 1.54517 9.9239e+06 1.00379e+06 ZonesAtSurface
374.508 4575.02 55.0567 0 0 1 4 1.41401e+06 34.452 58324.1 1.28037 7.79981e+06 1.41401e+06 ZonesAtSurface
424.378 4575.03 180.064 2 0 1 2 931780 35.0069 52188.3 1.2066 4.87953e+06 931780 ZonesAtSurface
474.324 4575.03 305.057 0 3 0 0 1.43754e+06 35.651 138550 5.50618 1.02341e+06 1.43754e+06 ZonesAtSurface
524.321 4575.03 330.051 0 0 0 0 1.26362e+06 27.6306 122389 2.70643 1.69598e+06 1.26362e+06 ZonesAtSurface
574.311 4575.03 355.038 0 0 0 0 1.22951e+06 24.296 118099 1.60375 3.16779e+06 1.22951e+06 ZonesAtSurface
624.302 4575.03 380.021 0 0 0 0 893052 40.9749 146540 2.77459 1.94761e+06 893052 ZonesAtSurface
674.299 4575.03 405.005 0 0 0 0 1.11034e+06 22.7145 100473 2.4798 1.60783e+06 1.11034e+06 ZonesAtSurface
724.299 4575.03 429.986 0 0 0 0 1.27916e+06 17.6333 100875 2.64718 1.48407e+06 1.27916e+06 ZonesAtSurface
774.301 4575.03 454.966 0 0 0 0 1.31827e+06 31.2944 94054.1 4.79796 1.21816e+06 1.31827e+06 ZonesAtSurface
824.305 4575.03 479.945 0 0 0 0 775574 39.7604 79529.9 5.34994 986491 775574 ZonesAtSurface
874.313 4575.04 504.922 0 0 0 0 548259 35.6889 76911.6 4.06347 878908 548259 ZonesAtSurface
924.323 4575.04 529.898 0 0 0 0 954308 15.7692 85854.3 3.00583 935227 954308 ZonesAtSurface
974.336 4575.04 554.873 0 0 0 0 523369 42.1999 56100.4 3.98571 1.00968e+06 523369 ZonesAtSurface
1024.35 4575.04 579.846 0 0 0 0 633722 22.9891 53255.8 2.57485 949357 633722 ZonesAtSurface
1074.38 4575.04 604.816 0 0 0 0 757470 43.8251 127474 5.91463 909127 757470 ZonesAtSurface
1124.4 4575.04 629.783 0 0 0 0 1.25105e+06 35.4779 112367 6.18425 918031 1.25105e+06 ZonesAtSurface
1174.43 4575.04 654.749 0 0 0 0 901872 19.6462 81344.2 4.03839 758036 901872 ZonesAtSurface
1224.46 4575.04 679.715 0 0 0 0 1.06869e+06 41.318 123323 10 645740 1.06869e+06 ZonesAtSurface
1274.5 4575.04 704.681 0 0 0 0 895574 23.0547 103919 4.49301 777844 895574 ZonesAtSurface
1324.53 4575.04 729.65 0 0 0 0 802200 22.5978 66524.9 3.27612 931363 802200 ZonesAtSurface
1374.56 4575.04 754.622 0 0 0 0 1.29136e+06 21.2442 140640 3.64948 1.16465e+06 1.29136e+06 ZonesAtSurface
1424.56 4575.03 729.594 0 0 2 1 1.09738e+06 36.4915 59680.2 6.617 1.24507e+06 1.09738e+06 ZonesAtSurface
1474.59 4575.03 754.564 0 0 2 1 1.23422e+06 40.5978 76864.3 3.85002 2.44894e+06 1.23422e+06 ZonesAtSurface
1524.63 4575.04 829.531 0 5 0 0 1.06447e+06 29.4569 122360 2.36478 1.66603e+06 1.06447e+06 ZonesAtSurface
1574.66 4575.03 854.513 0 0 0 0 1.20464e+06 29.366 149833 4.87748 896650 1.20464e+06 ZonesAtSurface
1624.69 4575.03 879.5 0 0 0 0 815097 26.8979 93177.7 10 327908 815097 ZonesAtSurface
1674.72 4575.03 904.491 0 0 0 0 1.02672e+06 38.5603 91168.7 10 437101 1.02672e+06 ZonesAtSurface
1724.74 4575.02 879.489 6 6 2 1 605986 18.4438 55587.9 1.24695 1.36042e+06 605986 ZonesAtSurface
1774.75 4575.01 754.539 2 0 2 4 1.41082e+06 27.4206 60644 1.15864 4.10062e+06 1.41082e+06 ZonesAtSurface
1824.78 4575.01 729.565 1 0 1 5 658607 32.0013 117391 1.06796 2.85443e+06 658607 ZonesAtSurface
1874.81 4575.01 704.594 0 0 1 6 921813 36.1805 75051.2 1.43118 4.60872e+06 921813 ZonesAtSurface
1924.84 4575.01 729.617 0 0 2 6 1.46494e+06 29.5599 117986 1.24864 4.26049e+06 1.46494e+06 ZonesAtSurface
1974.88 4575.01 754.641 0 6 2 6 508654 34.0367 64938.3 1.00873 1.76841e+06 508654 ZonesAtSurface
2024.93 4575.01 717.19 0 4 2 6 901057 18.9743 79546.9 1.03584 2.37216e+06 901057 ZonesAtSurface
2074.97 4575.01 667.248 7 7 2 5 1.4063e+06 37.9158 61370.9 1.07984 5.25311e+06 1.4063e+06 ZonesAtSurface
2125.01 4575.01 517.325 0 0 1 6 1.23095e+06 38.1019 84025.3 1.37667 6.35487e+06 1.23095e+06 ZonesAtSurface
2175.04 4575 417.379 0 0 1 6 986164 21.1376 84325.8 2.79066 4.83402e+06 986164 ZonesAtSurface
2225.05 4574.78 367.417 10 0 0 0 787420 42.5425 88061.5 2.07988 8.35354e+07 787420 ZonesAtSurface
2275.08 4574.91 267.436 8 0 0 0 766481 42.4159 64983.4 4.50161 2.32121e+07 766481 ZonesAtSurface
2325.1 4575 167.452 0 0 0 0 699759 21.4703 94337.8 1.49105 4.83365e+06 699759 ZonesAtSurface
2375.11 4575 67.462 0 0 0 0 1.35274e+06 35.5013 143354 4.70578 8.81271e+06 1.35274e+06 ZonesAtSurface
2425.09 4574.77 17.4682 10 0 0 0 1.23338e+06 22.7789 148670 1.39299 5.49499e+07 1.23338e+06 ZonesAtSurface
2475.08 4574.82 -82.5344 10 0 0 0 559336 27.1032 147079 1.47946 5.3778e+07 559336 ZonesAtSurface
2525.06 4574.65 -112.532 10 0 0 0 1.26989e+06 32.3066 109789 1.69019 2.89009e+07 1.26989e+06 ZonesAtSurface
2575.02 4574.43 -72.518 8 0 0 0 631779 32.0329 143677 1.00941 6.97131e+06 631779 ZonesAtSurface
2624.98 4573.32 17.4836 10 0 0 0 1.31438e+06 34.1503 146720 2.89587 1.04778e+07 1.31438e+06 ZonesAtSurface
2674.95 4575.02 -42.504 0 0 0 0 715467 41.5585 77920.3 7.37768 5.20874e+06 715467 ZonesAtSurface
2724.93 4573.33 97.4791 10 0 0 0 1.44343e+06 36.9533 149338 2.80629 7.9976e+06 1.44343e+06 ZonesAtSurface
2774.9 4573.33 137.481 10 0 0 0 1.21994e+06 35.9422 76313 4.28052 4.56254e+06 1.21994e+06 ZonesAtSurface
2824.87 4575.02 77.4805 0 0 0 0 733900 25.605 61194.3 3.57661 3.73856e+06 733900 ZonesAtSurface
2874.86 4575.01 117.47 0 0 0 0 1.44311e+06 30.068 125741 6.21999 2.88475e+06 1.44311e+06 ZonesAtSurface
2924.85 4575.01 157.457 0 0 0 0 1.16265e+06 41.5615 50649.9 10 2.40327e+06 1.16265e+06 ZonesAtSurface
2974.87 4574.41 247.44 2 0 0 0 788717 21.7771 127803 1.0001 4.86683e+06 788717 ZonesAtSurface
3024.87 4574.4 287.426 10 0 0 0 1.41123e+06 16.2522 149700 0.901828 4.63126e+06 1.41123e+06 ZonesAtSurface
3074.86 4575.01 277.414 0 0 0 0 1.03015e+06 44.8945 105001 9.26627 3.00741e+06 1.03015e+06 ZonesAtSurface
3124.86 4575 317.394 0 0 0 0 997230 18.8962 108244 1.61993 4.19368e+06 997230 ZonesAtSurface
3174.87 4575 357.375 0 0 0 0 715174 44.3031 116504 6.63222 3.95688e+06 715174 ZonesAtSurface
3224.88 4575.01 397.351 0 0 0 0 909492 34.3435 51634.5 5.44791 2.9076e+06 909492 ZonesAtSurface
3274.89 4575.01 437.319 0 0 1 5 880210 35.4303 136487 4.97768 3.22659e+06 880210 ZonesAtSurface
3324.9 4575.01 527.278 10 0 1 4 780097 31.3954 147387 1.07729 4.52817e+06 780097 ZonesAtSurface
3374.92 4575.01 567.227 3 0 1 4 532865 42.1114 118632 1.20164 5.87501e+06 532865 ZonesAtSurface
3424.94 4575.01 607.175 1 0 1 4 542664 38.3246 76351.5 1.01875 5.83778e+06 542664 ZonesAtSurface
3474.97 4575.02 697.11 0 0 1 3 1.12079e+06 19.7554 72803.4 1.00224 4.38755e+06 1.12079e+06 ZonesAtSurface
3525.03 4575.02 837.044 3 0 2 1 1.03358e+06 28.0146 62602.5 1.4982 2.77788e+06 1.03358e+06 ZonesAtSurface
3575.03 4575.02 827.004 2 0 1 2 1.4529e+06 22.7736 113509 1.36788 3.73495e+06 1.4529e+06 ZonesAtSurface
3625.09 4575.02 916.947 0 0 2 1 1.21538e+06 38.1244 116816 2.30914 2.80083e+06 1.21538e+06 ZonesAtSurface
3675.12 4575.02 956.903 0 6 2 1 1.08536e+06 43.69 72872.2 2.32817 2.71225e+06 1.08536e+06 ZonesAtSurface
3725.13 4575.02 996.869 0 0 2 1 894343 39.6435 144400 2.87956 1.90458e+06 894343 ZonesAtSurface
3775.15 4575.03 1046.86 0 0 0 0 665406 44.9352 137865 5.71363 1.0858e+06 665406 ZonesAtSurface
3825.15 4575.02 956.864 0 0 2 1 1.33557e+06 44.1903 127687 4.96555 1.81882e+06 1.33557e+06 ZonesAtSurface
3875.17 4575.02 916.898 0 5 1 1 1.47865e+06 41.2473 126832 2.33289 3.26012e+06 1.47865e+06 ZonesAtSurface
3925.24 4575.01 826.961 0 0 1 2 1.30311e+06 28.0647 99914.3 1.77068 3.5089e+06 1.30311e+06 ZonesAtSurface
3975.26 4575.02 837.018 0 0 2 1 1.02449e+06 34.2965 107629 2.81274 2.00894e+06 1.02449e+06 ZonesAtSurface
4025.32 4575.02 797.071 0 0 2 1 794453 39.0894 141380 1.92146 3.03781e+06 794453 ZonesAtSurface
4075.34 4575.03 807.125 2 0 0 0 1.20522e+06 35.9274 133895 1.91176 3.0147e+06 1.20522e+06 ZonesAtSurface
4125.4 4575.03 767.176 4 0 0 0 948042 25.8726 121322 1.3811 2.44405e+06 948042 ZonesAtSurface
4175.45 4575.03 727.224 9 0 0 0 902043 37.6533 92114.9 1.3646 2.89042e+06 902043 ZonesAtSurface
4225.5 4575.03 687.272 0 0 0 0 1.31594e+06 23.0746 124477 1.77138 2.52137e+06 1.31594e+06 ZonesAtSurface
4275.55 4575.03 597.319 0 0 1 1 1.47297e+06 34.3171 123191 2.51992 2.95475e+06 1.47297e+06 ZonesAtSurface
4325.56 4575.04 607.355 0 0 0 0 1.02642e+06 37.8546 144633 3.15498 1.76612e+06 1.02642e+06 ZonesAtSurface
4375.59 4575.04 567.388 0 0 0 0 1.45126e+06 44.641 85957.3 3.53847 2.18094e+06 1.45126e+06 ZonesAtSurface
4425.6 4575.04 527.42 0 5 0 0 1.30651e+06 39.4928 57158.4 3.10689 2.14101e+06 1.30651e+06 ZonesAtSurface
4475.62 4575.03 437.459 0 0 1 1 1.30538e+06 34.88 86133.9 2.46895 3.21931e+06 1.30538e+06 ZonesAtSurface
4525.62 4575.03 447.485 0 7 0 0 1.45965e+06 38.3291 131060 4.55724 1.44221e+06 1.45965e+06 ZonesAtSurface
4575.62 4575.03 407.509 0 0 0 0 917278 26.6725 143669 1.72829 2.13398e+06 917278 ZonesAtSurface
4625.62 4575.03 317.532 4 0 1 1 1.30766e+06 15.0424 149921 1.33202 2.85632e+06 1.30766e+06 ZonesAtSurface
4675.61 4575.03 277.545 0 0 2 1 996518 32.4869 114405 1.57337 2.56925e+06 996518 ZonesAtSurface
4725.49 4575.02 137.567 4 0 1 3 566252 22.1664 88172.9 1.12382 2.68614e+06 566252 ZonesAtSurface
4775.33 4575.02 47.5501 4 0 1 4 680820 33.7792 108553 1.30165 1.21101e+07 680820 ZonesAtSurface
4825.27 4575.02 57.5699 23 0 1 3 576736 16.2865 73136.4 1.03599 5.08602e+06 576736 ZonesAtSurface
4875.21 4575.03 67.5987 34 0 1 2 1.0825e+06 23.4467 71596.4 1.04655 6.04462e+06 1.0825e+06 ZonesAtSurface
4925.11 4575.03 77.6382 39 0 1 1 510701 20.9325 84808.9 1.12382 4.43309e+06 510701 ZonesAtSurface
74.9092 4625.02 -43.9436 10 0 1 3 657295 19.1587 122581 1.04861 6.85506e+06 657295 ZonesAtSurface
124.85 4625.02 -18.9197 28 0 1 3 1.01277e+06 29.3289 78618.9 1.36596 2.90124e+06 1.01277e+06 ZonesAtSurface
174.774 4625.02 -43.9518 10 0 1 4 1.28835e+06 43.736 106399 1.04716 1.09565e+07 1.28835e+06 ZonesAtSurface
224.695 4625.03 -18.9429 19 0 1 4 1.25321e+06 23.0246 102820 1.03939 5.3756e+06 1.25321e+06 ZonesAtSurface
274.676 4625.02 -43.9739 0 0 1 5 1.42261e+06 32.9824 107823 1.44311 1.05297e+07 1.42261e+06 ZonesAtSurface
324.616 4625.02 -18.9665 1 0 1 5 584016 32.603 123153 1.07928 9.38132e+06 584016 ZonesAtSurface
374.452 4625.02 106.059 9 0 1 3 1.16112e+06 34.3961 90215.7 1.15261 5.62392e+06 1.16112e+06 ZonesAtSurface
424.377 4625.03 181.057 3 0 1 2 1.13876e+06 41.4242 91448.3 1.54558 5.15915e+06 1.13876e+06 ZonesAtSurface
474.323 4625.03 306.049 0 3 0 0 761932 31.9399 127305 2.9929 932473 761932 ZonesAtSurface
524.321 4625.03 331.045 0 0 0 0 965369 36.2812 87559.6 3.00671 1.56669e+06 965369 ZonesAtSurface
574.318 4625.03 306.029 0 0 1 1 1.29724e+06 40.2804 83027.8 3.52955 3.31789e+06 1.29724e+06 ZonesAtSurface
624.305 4625.03 381.014 0 0 0 0 1.41357e+06 27.7753 138203 3.46387 1.78263e+06 1.41357e+06 ZonesAtSurface
674.303 4625.03 405.999 0 0 0 0 881105 21.8616 62171.6 2.04838 1.54823e+06 881105 ZonesAtSurface
724.303 4625.03 430.981 0 0 0 0 1.23395e+06 35.1865 102260 4.17354 1.47352e+06 1.23395e+06 ZonesAtSurface
774.305 4625.03 455.96 0 0 0 0 520666 34.2008 133406 2.7085 1.23211e+06 520666 ZonesAtSurface
824.31 4625.03 480.939 0 0 0 0 1.22055e+06 42.6659 109212 8.22554 961978 1.22055e+06 ZonesAtSurface
874.317 4625.04 505.916 0 0 0 0 1.31617e+06 31.2203 123357 6.6415 845463 1.31617e+06 ZonesAtSurface
924.328 4625.04 530.892 0 0 0 0 876140 23.2454 124698 3.48273 896864 876140 ZonesAtSurface
974.341 4625.04 555.866 0 0 0 0 894379 21.3978 120855 3.17558 960679 894379 ZonesAtSurface
1024.36 4625.04 580.839 0 0 0 0 976105 42.4262 103436 6.72852 908188 976105 ZonesAtSurface
1074.38 4625.04 605.809 0 0 0 0 1.18752e+06 40.1863 66088.7 8.13551 840044 1.18752e+06 ZonesAtSurface
1124.41 4625.04 630.777 0 0 0 0 1.37303e+06 25.2315 140467 5.42265 857550 1.37303e+06 ZonesAtSurface
1174.44 4625.04 655.742 0 0 0 0 613185 37.9829 90347.5 4.39374 816401 613185 ZonesAtSurface
1224.47 4625.04 680.706 0 0 0 0 1.47151e+06 42.7788 74430.8 10 700062 1.47151e+06 ZonesAtSurface
1274.5 4625.04 705.67 0 0 0 0 581260 43.5034 120892 5.48561 973528 581260 ZonesAtSurface
1324.53 4625.04 730.637 0 0 0 0 822254 17.1915 87800.2 2.423 1.15898e+06 822254 ZonesAtSurface
1374.56 4625.04 755.607 0 0 0 0 807232 33.6928 129759 3.39739 1.25807e+06 807232 ZonesAtSurface
1424.57 4625.03 730.579 0 0 2 1 791338 36.907 134909 5.20975 1.31479e+06 791338 ZonesAtSurface
1474.59 4625.03 755.55 0 0 2 1 1.09738e+06 34.8225 51358.2 4.28975 1.85144e+06 1.09738e+06 ZonesAtSurface
1524.64 4625.03 830.522 0 5 0 0 1.40735e+06 23.483 122125 3.652 1.30366e+06 1.40735e+06 ZonesAtSurface
1574.67 4625.03 855.504 0 0 0 0 533772 34.4729 79959 2.56701 1.045e+06 533772 ZonesAtSurface
1624.69 4625.03 880.49 0 0 0 0 1.39125e+06 23.8122 72077.5 10 414427 1.39125e+06 ZonesAtSurface
1674.72 4625.03 905.481 0 0 0 0 832113 22.2493 107378 7.79342 387954 832113 ZonesAtSurface
1724.74 4625.02 880.48 0 8 2 1 1.11459e+06 39.8026 57917.7 2.36394 1.9897e+06 1.11459e+06 ZonesAtSurface
1774.76 4625.02 805.52 4 10 1 3 1.40917e+06 27.5723 145497 1.12801 4.15706e+06 1.40917e+06 ZonesAtSurface
1824.78 4625.01 730.562 5 0 1 5 696155 43.3195 120825 1.03869 3.16606e+06 696155 ZonesAtSurface
1874.8 4625.01 755.582 1 6 2 5 1.45426e+06 31.342 148811 1.6411 2.96913e+06 1.45426e+06 ZonesAtSurface
1924.83 4625.01 780.593 9 10 2 5 656674 40.9403 111750 1.44435 1.91598e+06 656674 ZonesAtSurface
1974.88 4625.01 755.631 0 6 2 6 1.12521e+06 23.018 126994 1.13 2.88412e+06 1.12521e+06 ZonesAtSurface
2024.93 4625.01 718.182 1 5 2 6 855234 33.3818 53406.9 1.07916 2.83583e+06 855234 ZonesAtSurface
2074.98 4625.01 618.253 4 0 1 6 858088 33.6781 138311 1.02084 4.69139e+06 858088 ZonesAtSurface
2125.02 4625.01 518.318 0 0 1 6 983162 21.7089 111587 1.00604 4.7181e+06 983162 ZonesAtSurface
2175.05 4625.01 418.375 0 0 1 6 1.07825e+06 23.681 119286 2.61188 4.39075e+06 1.07825e+06 ZonesAtSurface
2225.07 4625.01 318.416 0 0 0 0 1.13543e+06 19.3885 107568 6.26601 1.80645e+06 1.13543e+06 ZonesAtSurface
2275.09 4624.79 268.441 9 0 0 0 726169 18.9057 143523 2.21181 6.97876e+06 726169 ZonesAtSurface
2325.11 4625.01 168.455 0 0 0 0 837511 29.1222 135956 4.61126 2.72787e+06 837511 ZonesAtSurface
2375.11 4625.01 68.4628 0 0 0 0 920755 19.2037 53182.1 2.39937 5.31031e+06 920755 ZonesAtSurface
2425.1 4625.01 -31.5346 0 0 0 0 639113 34.5895 69975.2 5.47593 6.17426e+06 639113 ZonesAtSurface
2475.09 4624.6 -81.5301 6 0 0 0 554087 36.9095 101531 1.06139 4.09199e+07 554087 ZonesAtSurface
2525.06 4625.03 -161.528 0 0 0 0 1.3218e+06 15.6928 76489.2 2.05324 6.35124e+06 1.3218e+06 ZonesAtSurface
2575.02 4624.45 -71.5145 10 0 0 0 875601 43.1542 135391 1.01262 1.64504e+07 875601 ZonesAtSurface
2624.98 4625.02 -81.5063 0 0 0 0 578882 20.9554 84054.9 1.99769 6.37498e+06 578882 ZonesAtSurface
2674.94 4625.02 -41.5026 0 0 0 0 1.22769e+06 37.5625 73687 5.77954 5.48535e+06 1.22769e+06 ZonesAtSurface
2724.91 4625.02 -1.50582 0 0 0 0 1.10813e+06 34.4709 92276 5.3857 4.63953e+06 1.10813e+06 ZonesAtSurface
2774.89 4623.33 138.488 10 0 0 0 1.02169e+06 40.0298 93831.5 3.72915 5.08826e+06 1.02169e+06 ZonesAtSurface
2824.87 4624.41 128.478 7 0 0 0 1.21712e+06 30.4015 58010.3 1.00006 8.34898e+06 1.21712e+06 ZonesAtSurface
2874.87 4624.41 168.462 8 0 0 0 963720 20.8166 99069.6 1.00001 6.84835e+06 963720 ZonesAtSurface
2924.85 4625.01 158.456 0 0 0 0 695966 24.3858 64634.6 4.95913 2.36737e+06 695966 ZonesAtSurface
2974.86 4624.41 248.442 10 0 0 0 1.45246e+06 18.9319 131620 1.00009 6.23213e+06 1.45246e+06 ZonesAtSurface
3024.85 4625.02 238.432 0 0 0 0 827465 16.1494 119201 3.4857 2.11059e+06 827465 ZonesAtSurface
3074.85 4625.01 278.413 0 0 0 0 1.41995e+06 15.9923 60672.9 4.63365 1.89059e+06 1.41995e+06 ZonesAtSurface
3124.89 4624.4 368.381 5 0 0 0 1.31638e+06 18.1551 118898 1.00004 5.55007e+06 1.31638e+06 ZonesAtSurface
3174.87 4625.01 358.374 0 0 0 0 841269 28.9037 50002.5 6.04146 2.24629e+06 841269 ZonesAtSurface
3224.87 4625.01 398.351 0 0 0 0 814390 41.3589 51694.2 7.0166 3.22764e+06 814390 ZonesAtSurface
3274.88 4625.01 438.318 0 0 1 5 593413 26.4542 126521 2.03745 4.04533e+06 593413 ZonesAtSurface
3324.89 4625.01 528.272 6 0 1 4 1.06217e+06 32.4634 50880.2 1.05808 4.77771e+06 1.06217e+06 ZonesAtSurface
3374.92 4625.01 618.211 5 0 2 3 1.20611e+06 28.5646 58081.2 1.16927 4.60611e+06 1.20611e+06 ZonesAtSurface
3424.94 4625.01 608.169 4 0 1 4 565890 21.862 51205.7 1.00285 4.08358e+06 565890 ZonesAtSurface
3474.98 4625.02 748.092 0 0 1 2 1.24267e+06 43.3566 125380 1.85201 4.26905e+06 1.24267e+06 ZonesAtSurface
3525.03 4625.02 838.031 0 0 2 1 1.29087e+06 22.8358 87725.6 1.29127 3.22065e+06 1.29087e+06 ZonesAtSurface
3575.06 4625.02 877.984 4 0 2 1 923807 33.6195 146030 1.2314 2.86108e+06 923807 ZonesAtSurface
3625.09 4625.02 917.936 0 7 2 1 1.31977e+06 19.3501 52107.9 1.75647 2.27126e+06 1.31977e+06 ZonesAtSurface
3675.12 4625.02 957.892 0 4 2 1 1.28523e+06 22.4193 122546 1.62675 2.55938e+06 1.28523e+06 ZonesAtSurface
3725.15 4625.03 1047.86 2 10 0 0 670376 28.8923 100931 1.95804 1.33986e+06 670376 ZonesAtSurface
3775.15 4625.03 1047.85 0 5 0 0 1.06265e+06 31.3118 115352 4.67442 854899 1.06265e+06 ZonesAtSurface
3825.15 4625.02 1007.86 0 5 0 0 1.00544e+06 43.604 146163 2.08637 2.38596e+06 1.00544e+06 ZonesAtSurface
3875.19 4625.01 867.899 7 0 1 2 608956 29.5998 78500.7 1.18488 3.16253e+06 608956 ZonesAtSurface
3925.24 4625.01 827.955 6 0 1 2 559833 29.1566 67849.3 1.19639 3.21682e+06 559833 ZonesAtSurface
3975.25 4625.02 838.01 0 0 1 1 1.0319e+06 38.1092 58250.3 2.9964 2.36463e+06 1.0319e+06 ZonesAtSurface
4025.27 4625.03 848.062 0 0 0 0 1.43958e+06 41.6604 65360.5 2.3463 3.32416e+06 1.43958e+06 ZonesAtSurface
4075.37 4625.03 758.119 44 0 1 1 507508 20.5279 94257.2 1.15507 2.27122e+06 507508 ZonesAtSurface
4125.39 4625.03 768.169 0 0 0 0 1.36217e+06 30.5315 68759.3 2.65286 2.24624e+06 1.36217e+06 ZonesAtSurface
4175.44 4625.03 728.215 0 0 0 0 1.36087e+06 32.5872 131801 2.14107 2.54516e+06 1.36087e+06 ZonesAtSurface
4225.51 4625.03 638.266 0 0 1 1 1.36496e+06 39.6424 123980 2.34515 3.39491e+06 1.36496e+06 ZonesAtSurface
4275.52 4625.04 648.309 0 0 0 0 1.26363e+06 29.3866 50639.1 1.93636 2.6715e+06 1.26363e+06 ZonesAtSurface
4325.55 4625.04 608.348 0 7 0 0 1.05267e+06 20.7525 70452 1.72923 1.80874e+06 1.05267e+06 ZonesAtSurface
4375.58 4625.04 568.382 10 0 0 0 687335 28.3619 143474 1.41821 1.90627e+06 687335 ZonesAtSurface
4425.59 4625.04 528.416 0 1 0 0 1.20731e+06 44.575 123602 3.32339 2.35562e+06 1.20731e+06 ZonesAtSurface
4475.61 4625.03 438.456 0 0 1 1 1.27748e+06 20.1456 95779.2 1.50786 3.1238e+06 1.27748e+06 ZonesAtSurface
4525.61 4625.03 448.482 0 10 0 0 897607 39.9806 76756.6 5.09387 1.07767e+06 897607 ZonesAtSurface
4575.61 4625.03 358.508 0 0 1 1 634942 32.8487 83530 1.69226 2.9857e+06 634942 ZonesAtSurface
4625.62 4625.03 368.525 0 0 0 0 1.13873e+06 43.127 60495.1 4.44771 1.5203e+06 1.13873e+06 ZonesAtSurface
4675.61 4625.03 278.541 0 1 2 1 1.31118e+06 31.435 102590 1.77203 3.19695e+06 1.31118e+06 ZonesAtSurface
4725.47 4625.02 138.56 6 0 1 3 1.47221e+06 21.6661 121981 1.04756 5.46178e+06 1.47221e+06 ZonesAtSurface
4775.32 4625.02 48.5412 0 0 1 4 1.2079e+06 29.9327 56693.1 1.38611 1.15204e+07 1.2079e+06 ZonesAtSurface
4825.28 4625.02 58.5574 14 0 1 3 882311 31.145 149383 1.02712 1.07763e+07 882311 ZonesAtSurface
4875.21 4625.03 68.5853 29 0 1 2 1.31553e+06 17.9374 114193 1.033 6.40607e+06 1.31553e+06 ZonesAtSurface
4925.11 4625.03 78.6253 28 0 1 1 1.37278e+06 21.605 57025.4 1.09874 6.32087e+06 1.37278e+06 ZonesAtSurface
74.9072 4675.03 -42.9506 12 0 1 3 1.3337e+06 43.493 63831.3 1.27807 1.44499e+07 1.3337e+06 ZonesAtSurface
124.842 4675.03 -17.9281 17 0 1 3 1.46274e+06 38.4682 83820.5 1.23024 6.38467e+06 1.46274e+06 ZonesAtSurface
174.775 4675.02 -42.9601 14 0 1 4 1.37249e+06 28.5328 96123.9 1.02983 9.21059e+06 1.37249e+06 ZonesAtSurface
224.701 4675.02 -17.9496 19 0 1 4 1.15004e+06 24.4462 63977.2 1.02124 5.41293e+06 1.15004e+06 ZonesAtSurface
274.677 4675.02 -42.9807 0 0 1 5 1.02053e+06 41.3547 89221.1 2.36764 1.05212e+07 1.02053e+06 ZonesAtSurface
324.561 4675.02 32.0461 5 0 1 4 1.47768e+06 33.1487 138818 1.07978 8.17507e+06 1.47768e+06 ZonesAtSurface
374.516 4675.02 57.0475 0 0 1 4 1.11264e+06 41.9578 102373 1.82616 8.81558e+06 1.11264e+06 ZonesAtSurface
424.341 4675.03 232.046 9 3 2 1 547766 35.6882 100734 2.21096 1.00501e+06 547766 ZonesAtSurface
474.336 4675.03 257.044 0 0 1 1 1.20234e+06 43.1816 135554 2.45702 2.9321e+06 1.20234e+06 ZonesAtSurface
524.321 4675.03 332.037 9 0 0 0 675460 30.202 118788 1.66688 1.7811e+06 675460 ZonesAtSurface
574.314 4675.03 357.024 0 0 0 0 1.08066e+06 27.0451 74171.3 1.91379 2.51074e+06 1.08066e+06 ZonesAtSurface
624.308 4675.03 382.009 0 0 0 0 1.44075e+06 42.4369 101663 4.93334 1.76996e+06 1.44075e+06 ZonesAtSurface
674.306 4675.03 406.993 0 0 0 0 1.31694e+06 23.9033 61603.4 3.21657 1.49815e+06 1.31694e+06 ZonesAtSurface
724.306 4675.03 431.975 0 0 0 0 557498 42.3692 143513 3.14082 1.47791e+06 557498 ZonesAtSurface
774.309 4675.03 456.954 0 0 0 0 687193 37.7827 82026.6 3.68932 1.21754e+06 687193 ZonesAtSurface
824.314 4675.03 481.933 0 0 0 0 1.43618e+06 22.8258 79745.8 5.38485 939172 1.43618e+06 ZonesAtSurface
874.322 4675.03 506.91 0 0 0 0 1.42895e+06 23.059 145608 5.55569 871467 1.42895e+06 ZonesAtSurface
924.333 4675.04 531.885 0 1 0 0 1.36566e+06 17.4079 76255.4 4.86367 840882 1.36566e+06 ZonesAtSurface
974.346 4675.04 556.86 0 0 0 0 1.13847e+06 41.5473 106713 7.04073 916510 1.13847e+06 ZonesAtSurface
1024.36 4675.04 581.832 0 0 0 0 1.06617e+06 34.655 85708 5.9753 858902 1.06617e+06 ZonesAtSurface
1074.39 4675.04 606.802 0 0 0 0 1.18785e+06 15.1103 81031.9 4.17531 810738 1.18785e+06 ZonesAtSurface
1124.41 4675.04 631.769 0 0 0 0 592066 37.5368 110173 4.0063 859546 592066 ZonesAtSurface
1174.44 4675.04 656.734 0 0 0 0 849621 30.1718 81209.8 4.13856 868944 849621 ZonesAtSurface
1224.47 4675.04 681.697 0 0 0 0 743112 31.8858 119437 4.93397 788027 743112 ZonesAtSurface
1274.5 4675.04 706.66 0 0 0 0 1.16695e+06 40.5634 83025 6.84988 1.10129e+06 1.16695e+06 ZonesAtSurface
1324.53 4675.04 731.626 0 0 0 0 1.0149e+06 35.0276 54070.8 4.52953 1.30525e+06 1.0149e+06 ZonesAtSurface
1374.56 4675.04 756.595 0 0 0 0 1.14155e+06 15.385 57706.6 2.29491 1.50264e+06 1.14155e+06 ZonesAtSurface
1424.59 4675.04 781.566 0 0 0 0 1.09753e+06 23.6156 81212.3 2.35579 1.72541e+06 1.09753e+06 ZonesAtSurface
1474.62 4675.03 806.538 0 10 0 0 1.18385e+06 18.236 93041.9 2.01874 1.97583e+06 1.18385e+06 ZonesAtSurface
1524.65 4675.03 831.513 0 5 0 0 970276 28.1631 108264 3.23501 1.23777e+06 970276 ZonesAtSurface
1574.67 4675.03 856.494 0 0 0 0 819841 30.2219 96197.5 3.50264 1.112e+06 819841 ZonesAtSurface
1624.7 4675.03 881.481 0 0 0 0 977402 19.026 149730 8.13492 428784 977402 ZonesAtSurface
1674.73 4675.03 906.472 0 0 0 0 506413 16.0898 66899.5 5.30072 314750 506413 ZonesAtSurface
1724.76 4675.03 931.465 0 10 0 0 1.29984e+06 33.3045 94308.6 5.63387 911404 1.29984e+06 ZonesAtSurface
1774.76 4675.02 756.524 1 0 1 4 914494 37.5568 79266.8 1.03902 4.79814e+06 914494 ZonesAtSurface
1824.78 4675.01 731.557 2 0 1 5 518676 22.8123 72084.1 1.30033 2.48599e+06 518676 ZonesAtSurface
1874.81 4675.01 756.576 1 0 1 5 794087 21.0985 60324.3 1.29273 2.18383e+06 794087 ZonesAtSurface
1924.84 4675.01 731.596 0 0 2 6 1.27985e+06 17.6238 103702 1.20859 3.22525e+06 1.27985e+06 ZonesAtSurface
1974.88 4675.01 756.622 0 6 2 6 985077 39.7637 50564 1.34944 3.05895e+06 985077 ZonesAtSurface
2024.93 4675.01 719.173 3 3 2 6 547642 38.6215 83455.1 1.02113 1.98093e+06 547642 ZonesAtSurface
2074.97 4675.01 669.232 10 6 1 5 1.38921e+06 19.6956 52351 1.10867 3.60316e+06 1.38921e+06 ZonesAtSurface
2125.02 4675.01 519.313 1 0 1 6 614850 27.7347 62294.4 1.0019 4.30939e+06 614850 ZonesAtSurface
2175.05 4675.01 419.373 0 0 1 6 742648 30.5 130166 1.50328 5.66772e+06 742648 ZonesAtSurface
2225.05 4672.34 469.423 9 0 0 0 773866 19.8528 144250 1.21996 4.46828e+06 773866 ZonesAtSurface
2275.1 4674.72 269.44 8 0 0 0 1.43008e+06 18.9413 90452.8 1.89882 4.07108e+06 1.43008e+06 ZonesAtSurface
2325.11 4675 169.454 0 0 0 0 1.02634e+06 36.087 122312 2.52362 6.35629e+06 1.02634e+06 ZonesAtSurface
2375.1 4673.32 169.472 10 0 0 0 1.39168e+06 40.1165 124832 5.33914 4.27689e+06 1.39168e+06 ZonesAtSurface
2425.1 4675.01 -30.5358 0 0 0 0 1.38398e+06 26.2548 66428.1 2.55219 7.56131e+06 1.38398e+06 ZonesAtSurface
2475.09 4674.61 -80.5343 10 8 0 0 835096 26.3217 89565.7 0 363156 835096 ZonesAtSurface
2525.05 4674.61 -110.529 10 8 0 0 1.38488e+06 39.5472 93768.6 1.87062 3.53733e+06 1.38488e+06 ZonesAtSurface
2575.02 4675.02 -120.517 0 0 0 0 1.26554e+06 43.4731 92344 7.77366 7.0354e+06 1.26554e+06 ZonesAtSurface
2624.98 4675.02 -80.5066 0 0 0 0 741728 23.3822 121721 2.35844 6.35522e+06 741728 ZonesAtSurface
2674.93 4673.33 59.499 10 0 0 0 1.25402e+06 32.005 105005 3.26632 5.57823e+06 1.25402e+06 ZonesAtSurface
2724.91 4673.32 99.4952 10 0 0 0 1.21434e+06 36.5976 51109.2 4.38435 4.61525e+06 1.21434e+06 ZonesAtSurface
2774.88 4675.01 39.4861 0 0 0 0 1.36733e+06 16.3963 126726 2.39381 4.07616e+06 1.36733e+06 ZonesAtSurface
2824.87 4675.01 79.4767 0 0 0 0 988458 36.1289 120056 6.26243 4.03454e+06 988458 ZonesAtSurface
2874.86 4675.01 119.465 0 0 0 0 609066 38.0301 109892 7.03702 3.54822e+06 609066 ZonesAtSurface
2924.85 4675.01 159.454 0 0 0 0 625064 30.6504 77325.2 5.81358 2.88653e+06 625064 ZonesAtSurface
2974.85 4675.01 199.443 0 0 0 0 1.43596e+06 28.9674 65712.6 6.06325 2.82754e+06 1.43596e+06 ZonesAtSurface
3024.86 4674.42 289.429 2 0 0 0 1.38421e+06 26.0458 143057 1.00011 6.73121e+06 1.38421e+06 ZonesAtSurface
3074.85 4675.01 279.411 0 0 0 0 1.29532e+06 34.5882 99116.6 8.52691 2.49514e+06 1.29532e+06 ZonesAtSurface
3124.88 4674.41 369.39 4 0 0 0 1.31438e+06 33.4483 115183 1.00016 9.62007e+06 1.31438e+06 ZonesAtSurface
3174.87 4675.01 359.373 0 0 0 0 1.29163e+06 26.7394 86439.3 5.2445 2.64919e+06 1.29163e+06 ZonesAtSurface
3224.87 4675.01 399.349 0 0 0 0 735209 39.0986 90341.2 4.92995 3.83267e+06 735209 ZonesAtSurface
3274.88 4675.01 439.314 0 0 1 5 1.10898e+06 23.0778 61541.3 1.81799 4.48136e+06 1.10898e+06 ZonesAtSurface
3324.9 4675.01 529.267 2 0 1 4 1.35422e+06 44.0226 75742.4 1.706 5.78328e+06 1.35422e+06 ZonesAtSurface
3374.92 4675.02 619.205 4 0 1 3 503590 39.3779 105594 1.03406 4.47185e+06 503590 ZonesAtSurface
3424.96 4675.02 709.142 3 0 1 2 1.40894e+06 25.7557 74992.3 1.27467 3.86429e+06 1.40894e+06 ZonesAtSurface
3474.98 4675.02 749.088 0 0 1 2 1.43013e+06 38.6665 98886.6 1.90795 3.94441e+06 1.43013e+06 ZonesAtSurface
3525.03 4675.02 839.026 0 0 2 1 1.3687e+06 30.8364 148668 1.69249 3.17968e+06 1.3687e+06 ZonesAtSurface
3575.06 4675.02 878.979 0 3 2 1 1.3387e+06 19.0125 132905 1.58239 2.42016e+06 1.3387e+06 ZonesAtSurface
3625.1 4675.02 918.932 6 6 2 1 829060 28.2034 101849 1.40893 2.21115e+06 829060 ZonesAtSurface
3675.12 4675.02 958.886 0 6 2 1 1.41199e+06 20.5581 79297.1 1.52897 2.79757e+06 1.41199e+06 ZonesAtSurface
3725.14 4675.02 998.853 0 0 2 1 532303 39.6726 83415.3 3.97583 1.32033e+06 532303 ZonesAtSurface
3775.15 4675.03 1048.84 5 7 0 0 634473 25.472 119698 2.58057 1.10316e+06 634473 ZonesAtSurface
3825.15 4675.02 958.853 4 0 1 1 1.11531e+06 19.3531 139256 2.05899 2.00381e+06 1.11531e+06 ZonesAtSurface
3875.15 4675.02 968.885 8 9 0 0 893685 37.935 71945.3 1.85773 2.32152e+06 893685 ZonesAtSurface
3925.2 4675.01 878.942 0 0 1 1 1.16279e+06 34.9025 60836.9 1.87336 3.58423e+06 1.16279e+06 ZonesAtSurface
3975.21 4675.02 888.999 0 10 0 0 1.31163e+06 37.4434 97319.3 3.0578 2.04662e+06 1.31163e+06 ZonesAtSurface
4025.3 4675.02 799.055 0 0 2 1 1.36644e+06 16.5091 68921.1 1.43325 3.06076e+06 1.36644e+06 ZonesAtSurface
4075.32 4675.03 809.11 0 0 0 0 1.30497e+06 42.8451 80517.4 2.25562 3.47969e+06 1.30497e+06 ZonesAtSurface
4125.38 4675.03 769.161 0 6 0 0 1.02039e+06 35.8756 136832 1.90315 2.33488e+06 1.02039e+06 ZonesAtSurface
4175.43 4675.03 729.208 7 0 0 0 529057 42.8485 96032.3 1.56796 2.4437e+06 529057 ZonesAtSurface
4225.48 4675.04 689.255 6 0 0 0 903970 32.7664 136322 1.33422 2.87185e+06 903970 ZonesAtSurface
4275.54 4675.03 599.304 0 0 1 1 1.25846e+06 19.5659 138535 1.42921 2.98317e+06 1.25846e+06 ZonesAtSurface
4325.55 4675.04 609.341 0 0 0 0 1.04182e+06 27.5468 139162 1.74216 2.19621e+06 1.04182e+06 ZonesAtSurface
4375.57 4675.04 569.376 0 8 0 0 1.30954e+06 40.8352 133195 4.15603 1.5505e+06 1.30954e+06 ZonesAtSurface
4425.6 4675.03 429.425 0 0 1 2 896393 31.9216 90882.4 1.72426 3.83121e+06 896393 ZonesAtSurface
4475.59 4675.04 489.451 0 0 0 0 1.27795e+06 23.877 89025.1 2.07182 2.17072e+06 1.27795e+06 ZonesAtSurface
4525.6 4675.03 449.478 0 9 0 0 1.27729e+06 32.7819 65626.4 3.40569 1.55658e+06 1.27729e+06 ZonesAtSurface
4575.61 4675.03 409.501 0 0 0 0 1.38245e+06 22.4142 71999.2 2.58117 1.81586e+06 1.38245e+06 ZonesAtSurface
4625.61 4675.03 369.519 0 0 0 0 1.45868e+06 24.5684 99891.1 3.56143 1.36476e+06 1.45868e+06 ZonesAtSurface
4675.57 4675.02 229.543 1 0 1 2 934143 29.6154 140917 1.07671 4.64167e+06 934143 ZonesAtSurface
4725.53 4675.02 189.55 1 0 2 2 555250 36.2295 116688 1.13973 3.559e+06 555250 ZonesAtSurface
4775.32 4675.02 49.5329 0 0 1 4 812528 34.8006 84742.4 1.81123 1.10526e+07 812528 ZonesAtSurface
4825.28 4675.02 59.5466 17 0 1 3 848133 29.374 75865.2 1.04625 1.17184e+07 848133 ZonesAtSurface
4875.2 4675.03 69.5786 27 0 1 2 1.26396e+06 27.7749 129749 1.01816 8.57576e+06 1.26396e+06 ZonesAtSurface
4925.11 4675.03 79.6148 29 0 1 1 665189 20.5311 128552 1.09654 5.17804e+06 665189 ZonesAtSurface
74.9075 4725.03 -41.9544 28 0 1 3 908603 22.6369 52996 1.07681 9.04828e+06 908603 ZonesAtSurface
124.842 4725.03 -16.9279 22 8 1 3 1.48138e+06 37.7862 111642 1.38791 5.24618e+06 1.48138e+06 ZonesAtSurface
174.774 4725.03 -41.9667 15 0 1 4 881979 32.0352 132714 1.0212 8.99913e+06 881979 ZonesAtSurface
224.699 4725.02 -16.9574 16 0 1 4 606606 30.8364 126412 1.02479 5.75239e+06 606606 ZonesAtSurface
274.628 4725.02 8.04397 9 0 1 4 1.3765e+06 41.5476 127460 1.10967 1.13413e+07 1.3765e+06 ZonesAtSurface
324.62 4725.02 -16.9793 3 0 1 5 568587 19.0021 109846 1.00258 6.56021e+06 568587 ZonesAtSurface
374.515 4725.02 58.0403 2 0 1 4 623033 23.5575 99483.9 1.02582 6.04592e+06 623033 ZonesAtSurface
424.374 4725.03 183.042 5 2 2 2 1.09741e+06 22.3492 87985.3 1.11574 2.95713e+06 1.09741e+06 ZonesAtSurface
474.335 4725.03 258.037 0 0 2 1 956525 33.6017 54544.4 1.70902 2.53268e+06 956525 ZonesAtSurface
524.329 4725.03 283.028 0 0 1 1 534423 44.4755 113860 1.8385 3.27502e+06 534423 ZonesAtSurface
574.313 4725.03 358.017 0 0 0 0 1.09246e+06 31.3131 97160.4 2.58619 1.9623e+06 1.09246e+06 ZonesAtSurface
624.31 4725.03 383.003 0 0 0 0 782878 40.0511 79695.9 2.71426 1.73479e+06 782878 ZonesAtSurface
674.309 4725.03 407.987 0 0 0 0 1.31297e+06 28.9498 71752.9 3.65044 1.50293e+06 1.31297e+06 ZonesAtSurface
724.31 4725.03 432.969 0 0 0 0 1.24937e+06 29.5903 133156 3.75597 1.43534e+06 1.24937e+06 ZonesAtSurface
774.313 4725.03 457.948 0 0 0 0 1.07591e+06 16.1243 61179.7 2.73927 1.1954e+06 1.07591e+06 ZonesAtSurface
824.318 4725.03 482.927 0 0 0 0 1.02679e+06 32.0684 125672 5.1679 953410 1.02679e+06 ZonesAtSurface
874.326 4725.03 507.904 0 0 0 0 1.21526e+06 40.828 104371 8.05009 857628 1.21526e+06 ZonesAtSurface
924.338 4725.03 532.879 0 0 0 0 511108 44.843 88001 5.25379 823779 511108 ZonesAtSurface
974.352 4725.03 557.853 0 6 0 0 985475 42.7956 64663.6 7.20039 863199 985475 ZonesAtSurface
1024.37 4725.03 582.825 0 0 0 0 1.07004e+06 20.5659 95567.3 4.23129 827881 1.07004e+06 ZonesAtSurface
1074.39 4725.03 607.795 0 0 0 0 1.40957e+06 31.1907 136117 6.64551 847564 1.40957e+06 ZonesAtSurface
1124.42 4725.04 632.762 0 0 0 0 1.34659e+06 44.002 50979.1 9.29622 870590 1.34659e+06 ZonesAtSurface
1174.45 4725.04 657.725 0 0 0 0 727286 27.2871 71863.6 3.44015 882520 727286 ZonesAtSurface
1224.48 4725.04 682.687 0 0 0 0 1.41835e+06 22.6618 143659 5.36719 915062 1.41835e+06 ZonesAtSurface
1274.51 4725.04 707.65 0 0 0 0 987600 25.8097 126760 3.67595 1.11468e+06 987600 ZonesAtSurface
1324.54 4725.04 732.615 0 0 0 0 1.30648e+06 42.2173 105844 6.59483 1.31149e+06 1.30648e+06 ZonesAtSurface
1374.57 4725.04 757.584 0 0 0 0 1.4967e+06 30.8856 104402 4.13804 1.6159e+06 1.4967e+06 ZonesAtSurface
1424.59 4725.03 782.554 0 3 0 0 1.23056e+06 32.3459 63458.1 3.18501 1.77452e+06 1.23056e+06 ZonesAtSurface
1474.62 4725.03 807.527 0 4 0 0 1.04084e+06 25.341 94170.1 2.19775 1.71751e+06 1.04084e+06 ZonesAtSurface
1524.65 4725.03 832.504 0 0 0 0 1.20104e+06 25.5495 74307.6 3.47627 1.31777e+06 1.20104e+06 ZonesAtSurface
1574.68 4725.03 857.485 0 0 0 0 984458 20.9809 125582 2.96741 1.15759e+06 984458 ZonesAtSurface
1624.7 4725.03 882.472 0 0 0 0 941724 27.1299 96059.4 8.5265 503539 941724 ZonesAtSurface
1674.73 4725.03 907.463 0 0 0 0 1.46475e+06 25.9301 74349.1 10 419796 1.46475e+06 ZonesAtSurface
1724.76 4725.03 932.455 0 8 0 0 1.48113e+06 25.4691 111423 6.02397 764731 1.48113e+06 ZonesAtSurface
1774.77 4725.02 807.502 4 9 1 3 1.17476e+06 39.6651 109823 1.12864 4.21701e+06 1.17476e+06 ZonesAtSurface
1824.79 4725.02 732.55 1 0 2 5 791816 40.4528 131742 1.12568 4.11493e+06 791816 ZonesAtSurface
1874.81 4725.01 757.569 4 3 2 5 623281 34.0752 116005 1.23778 1.71242e+06 623281 ZonesAtSurface
1924.84 4725.01 732.587 0 0 2 6 1.35844e+06 26.5828 111698 1.0739 4.58727e+06 1.35844e+06 ZonesAtSurface
1974.88 4725.01 757.612 3 6 2 6 509193 17.7785 50166 1.0602 1.31187e+06 509193 ZonesAtSurface
2024.93 4725.01 720.164 3 6 2 6 1.02622e+06 39.412 119313 1.07852 3.66473e+06 1.02622e+06 ZonesAtSurface
2074.97 4725.01 620.236 6 0 1 6 1.09182e+06 26.4106 89823.2 1.01129 4.17999e+06 1.09182e+06 ZonesAtSurface
2125.02 4725.01 520.308 6 0 1 6 1.02816e+06 19.4552 144370 1.00151 4.32407e+06 1.02816e+06 ZonesAtSurface
2175.05 4725.01 420.367 1 0 1 6 860283 24.0214 129409 1.24867 5.49533e+06 860283 ZonesAtSurface
2225.08 4725.01 320.409 0 0 0 0 746859 16.208 94194.7 1.66987 3.66619e+06 746859 ZonesAtSurface
2275.05 4723.84 320.423 5 0 0 0 1.30539e+06 16.3122 146047 1.54861 5.86101e+06 1.30539e+06 ZonesAtSurface
2325.07 4724.37 220.439 10 0 0 0 621648 36.6207 94954.6 1.00025 1.03773e+07 621648 ZonesAtSurface
2375.1 4725 70.452 0 0 0 0 1.21813e+06 41.3814 113324 3.3741 1.02575e+07 1.21813e+06 ZonesAtSurface
2425.1 4725.01 -29.5437 0 0 0 0 1.45276e+06 25.7372 81162.2 1.87386 1.07395e+07 1.45276e+06 ZonesAtSurface
2475.08 4724.62 -79.5421 10 0 0 0 664561 42.8652 114044 1.95469 4.55967e+07 664561 ZonesAtSurface
2525.06 4724.63 -109.534 10 0 0 0 918019 17.1408 73847.1 1.37014 1.94788e+07 918019 ZonesAtSurface
2575.01 4724.43 -69.5141 7 0 0 0 1.32643e+06 18.8728 148026 0.764398 6.95641e+06 1.32643e+06 ZonesAtSurface
2624.95 4723.33 20.5064 10 0 0 0 731246 44.1207 78884 2.56848 8.44429e+06 731246 ZonesAtSurface
2674.92 4723.32 60.4969 10 0 0 0 994975 35.7051 147486 2.05238 6.00341e+06 994975 ZonesAtSurface
2724.91 4725.01 0.488899 0 0 0 0 799654 27.1149 82437.6 3.24734 5.11753e+06 799654 ZonesAtSurface
2774.9 4723.3 140.465 10 0 0 0 1.17967e+06 37.4499 96315.5 2.36523 9.54654e+06 1.17967e+06 ZonesAtSurface
2824.87 4725.01 80.4715 0 0 0 0 508911 38.1116 66116.5 5.01243 4.95812e+06 508911 ZonesAtSurface
2874.86 4725.01 120.463 0 0 0 0 890343 28.3156 75354.5 3.1333 4.48583e+06 890343 ZonesAtSurface
2924.85 4725.01 160.45 0 0 0 0 1.13849e+06 43.8435 137197 8.51335 3.5396e+06 1.13849e+06 ZonesAtSurface
2974.87 4723.33 300.453 0 0 0 0 720389 41.9666 72846 3.96841 3.42743e+06 720389 ZonesAtSurface
3024.85 4725.01 240.423 0 0 0 0 1.32619e+06 32.2467 138258 4.08227 5.12883e+06 1.32619e+06 ZonesAtSurface
3074.87 4723.18 380.411 5 2 0 0 1.4356e+06 18.0611 70424.2 1.24947 3.1962e+06 1.4356e+06 ZonesAtSurface
3124.86 4725.01 320.387 0 0 0 0 941856 20.3761 74534.6 2.36034 3.8377e+06 941856 ZonesAtSurface
3174.87 4725.01 360.368 0 0 0 0 1.36208e+06 30.6561 140275 4.02195 4.01664e+06 1.36208e+06 ZonesAtSurface
3224.87 4725.01 400.343 0 0 0 0 1.05657e+06 15.4069 100860 1.36205 4.28526e+06 1.05657e+06 ZonesAtSurface
3274.88 4725.01 440.308 0 0 1 5 1.48512e+06 21.7823 146085 1.7887 4.68412e+06 1.48512e+06 ZonesAtSurface
3324.91 4725.02 580.259 6 4 1 3 1.19232e+06 40.3669 148340 1.30494 3.77589e+06 1.19232e+06 ZonesAtSurface
3374.92 4725.02 570.213 4 0 1 4 1.26611e+06 19.4975 56656.1 1.0155 4.96176e+06 1.26611e+06 ZonesAtSurface
3424.96 4725.02 710.136 4 0 2 2 1.28487e+06 20.0583 147237 1.28886 3.09397e+06 1.28487e+06 ZonesAtSurface
3474.99 4725.02 750.086 2 0 2 2 918838 29.2818 71821.2 1.23213 3.57894e+06 918838 ZonesAtSurface
3525.04 4725.02 840.027 0 1 2 1 1.31219e+06 25.3587 119637 1.56014 2.89218e+06 1.31219e+06 ZonesAtSurface
3575.07 4725.02 879.98 0 4 2 1 1.35222e+06 30.5653 51356.1 2.38784 2.18204e+06 1.35222e+06 ZonesAtSurface
3625.07 4725.02 869.935 1 0 1 2 725871 33.6367 131282 1.03197 3.23631e+06 725871 ZonesAtSurface
3675.13 4725.02 959.88 0 7 2 1 1.03222e+06 41.5139 57839.7 1.70568 3.24414e+06 1.03222e+06 ZonesAtSurface
3725.14 4725.02 999.846 0 0 2 1 1.28374e+06 35.1113 110833 5.19233 1.41895e+06 1.28374e+06 ZonesAtSurface
3775.14 4725.02 999.837 0 0 2 1 784835 20.0799 65440.7 2.76489 1.14362e+06 784835 ZonesAtSurface
3825.15 4725.02 959.849 0 0 1 1 1.13931e+06 32.1527 98077.2 2.97595 2.07957e+06 1.13931e+06 ZonesAtSurface
3875.16 4725.02 919.884 2 0 2 1 1.31858e+06 21.5735 85935.6 1.53771 2.98435e+06 1.31858e+06 ZonesAtSurface
3925.2 4725.02 879.935 0 0 2 1 1.24524e+06 32.1964 108298 1.48942 3.34887e+06 1.24524e+06 ZonesAtSurface
3975.24 4725.02 839.991 2 0 1 1 913940 22.7752 131726 1.17411 2.95291e+06 913940 ZonesAtSurface
4025.26 4725.03 850.046 3 0 0 0 826526 43.0679 114928 2.3291 2.50138e+06 826526 ZonesAtSurface
4075.35 4725.02 760.102 0 0 1 1 752064 41.4633 74162.4 2.28629 3.12534e+06 752064 ZonesAtSurface
4125.37 4725.03 770.153 0 0 0 0 1.09995e+06 22.4681 77235.7 1.52946 2.51286e+06 1.09995e+06 ZonesAtSurface
4175.42 4725.04 730.2 0 0 0 0 1.13474e+06 23.0271 74480.7 1.53264 2.4889e+06 1.13474e+06 ZonesAtSurface
4225.47 4725.04 690.246 0 5 0 0 1.08783e+06 35.2188 114297 1.63945 2.40537e+06 1.08783e+06 ZonesAtSurface
4275.51 4725.04 650.29 0 1 0 0 1.29414e+06 30.0423 123552 2.06043 2.50471e+06 1.29414e+06 ZonesAtSurface
4325.55 4725.03 560.339 0 0 2 1 825261 34.2417 77814.4 1.36441 3.1454e+06 825261 ZonesAtSurface
4375.56 4725.04 570.372 0 8 0 0 1.21334e+06 35.4097 51278.8 3.47128 1.50003e+06 1.21334e+06 ZonesAtSurface
4425.59 4725.02 430.421 0 0 1 2 1.29419e+06 26.4685 119623 1.79295 3.84701e+06 1.29419e+06 ZonesAtSurface
4475.59 4725.03 440.451 0 0 1 1 1.09088e+06 29.2748 119902 2.15842 2.53664e+06 1.09088e+06 ZonesAtSurface
4525.59 4725.03 450.475 0 0 0 0 924881 25.6465 147610 1.83366 1.83884e+06 924881 ZonesAtSurface
4575.6 4725.03 410.497 0 5 0 0 1.26215e+06 44.8219 125219 4.547 1.63241e+06 1.26215e+06 ZonesAtSurface
4625.6 4725.03 370.514 0 0 0 0 1.1119e+06 37.116 91244.7 3.47909 1.48903e+06 1.1119e+06 ZonesAtSurface
4675.6 4725.03 330.525 0 3 0 0 1.36547e+06 38.0087 141169 6.04676 1.03443e+06 1.36547e+06 ZonesAtSurface
4725.46 4725.02 140.546 1 0 1 3 1.47376e+06 38.5843 71447.9 1.25151 8.14991e+06 1.47376e+06 ZonesAtSurface
4775.54 4725.03 200.561 10 10 1 1 671503 25.8789 137882 4.95195 451799 671503 ZonesAtSurface
4825.28 4725.03 60.539 21 0 1 3 1.01898e+06 18.832 149729 1.05546 8.8006e+06 1.01898e+06 ZonesAtSurface
4875.2 4725.03 70.5758 24 0 1 2 551293 18.1932 81145.5 1.02549 5.38382e+06 551293 ZonesAtSurface
4925.1 4725.02 80.6039 22 0 1 1 1.28902e+06 44.4883 69099 1.04731 1.06208e+07 1.28902e+06 ZonesAtSurface
74.91 4775.02 -40.9557 23 0 1 3 1.33894e+06 31.1509 105774 1.09582 1.17523e+07 1.33894e+06 ZonesAtSurface
124.839 4775.02 -15.9268 27 0 1 3 1.17432e+06 32.8524 50000.5 1.24329 4.29658e+06 1.17432e+06 ZonesAtSurface
174.772 4775.02 -40.9717 14 0 1 4 858579 36.4089 78881.6 1.01777 9.59687e+06 858579 ZonesAtSurface
224.697 4775.02 -15.9617 17 0 1 4 1.1614e+06 19.4817 68627.7 1.01965 5.70863e+06 1.1614e+06 ZonesAtSurface
274.678 4775.02 -40.9914 3 0 1 5 715657 26.8701 61534.8 1.00936 9.54613e+06 715657 ZonesAtSurface
324.566 4775.02 34.0375 7 0 1 4 1.27935e+06 40.5963 99703.9 1.09674 1.03034e+07 1.27935e+06 ZonesAtSurface
374.517 4775.02 59.0341 6 0 1 4 1.27899e+06 15.2871 96144.5 1.01604 5.4664e+06 1.27899e+06 ZonesAtSurface
424.426 4775.02 134.037 6 0 1 3 1.37992e+06 39.3262 88737.5 1.17528 7.34624e+06 1.37992e+06 ZonesAtSurface
474.334 4775.03 259.027 7 9 2 1 1.21705e+06 32.4262 99213.1 2.10876 2.41971e+06 1.21705e+06 ZonesAtSurface
524.317 4775.03 334.02 3 8 0 0 856128 42.7087 106410 2.3871 2.0407e+06 856128 ZonesAtSurface
574.313 4775.03 359.01 0 4 0 0 1.1542e+06 37.322 107776 3.48158 1.69338e+06 1.1542e+06 ZonesAtSurface
624.311 4775.03 383.997 0 0 0 0 936165 17.1026 87489.3 1.78249 1.63252e+06 936165 ZonesAtSurface
674.311 4775.03 408.981 0 0 0 0 812302 21.9446 111043 2.03006 1.49799e+06 812302 ZonesAtSurface
724.312 4775.03 433.963 0 0 0 0 947726 39.7149 111155 4.50192 1.37799e+06 947726 ZonesAtSurface
774.316 4775.03 458.943 0 0 0 0 603605 39.4694 100357 3.69429 1.19953e+06 603605 ZonesAtSurface
824.322 4775.03 483.921 0 0 0 0 1.067e+06 35.0917 114970 5.80719 955343 1.067e+06 ZonesAtSurface
874.331 4775.03 508.898 0 0 0 0 756797 22.7661 119575 3.26075 865215 756797 ZonesAtSurface
924.343 4775.03 533.874 0 4 0 0 1.47539e+06 34.5554 139428 7.53713 864348 1.47539e+06 ZonesAtSurface
974.357 4775.03 558.847 0 9 0 0 905825 42.9573 123424 6.4669 867844 905825 ZonesAtSurface
1024.37 4775.03 583.819 0 0 0 0 1.22678e+06 40.1605 97996.3 8.3336 804174 1.22678e+06 ZonesAtSurface
1074.4 4775.03 608.789 0 0 0 0 1.25356e+06 28.6403 84422.9 5.67577 850593 1.25356e+06 ZonesAtSurface
1124.42 4775.03 633.755 0 0 0 0 612334 27.8206 120614 2.95688 894033 612334 ZonesAtSurface
1174.45 4775.03 658.718 0 0 0 0 1.37941e+06 19.8405 60521.3 4.80416 906468 1.37941e+06 ZonesAtSurface
1224.48 4775.03 683.679 0 0 0 0 1.2975e+06 35.967 55886.6 7.0698 959599 1.2975e+06 ZonesAtSurface
1274.52 4775.03 708.641 0 0 0 0 534739 33.302 69477.4 3.37766 1.07114e+06 534739 ZonesAtSurface
1324.55 4775.03 733.606 0 0 0 0 1.41371e+06 32.767 73639.5 5.06805 1.33188e+06 1.41371e+06 ZonesAtSurface
1374.57 4775.03 758.574 0 0 0 0 834411 35.5776 105222 3.2048 1.63448e+06 834411 ZonesAtSurface
1424.6 4775.03 783.544 0 7 0 0 604783 19.9269 112426 1.3223 1.72863e+06 604783 ZonesAtSurface
1474.63 4775.03 808.517 0 9 0 0 552461 18.7574 53669.2 1.18736 1.65547e+06 552461 ZonesAtSurface
1524.65 4775.03 833.495 0 0 0 0 1.03403e+06 19.5014 74272.9 2.70783 1.25471e+06 1.03403e+06 ZonesAtSurface
1574.68 4775.03 858.477 0 0 0 0 687708 24.6063 73607.5 2.2885 1.23813e+06 687708 ZonesAtSurface
1624.71 4775.03 883.463 0 0 0 0 805660 43.6447 132331 10 586006 805660 ZonesAtSurface
1674.73 4775.03 908.454 0 0 0 0 951380 18.1394 123525 5.86329 517689 951380 ZonesAtSurface
1724.76 4775.03 933.446 0 7 0 0 1.27998e+06 20.3028 134816 4.52168 804232 1.27998e+06 ZonesAtSurface
1774.77 4775.02 808.491 8 8 1 3 717770 28.0572 55228.4 1.16467 2.05314e+06 717770 ZonesAtSurface
1824.79 4775.02 733.545 0 0 1 5 1.20745e+06 23.6058 145129 1.46878 3.01993e+06 1.20745e+06 ZonesAtSurface
1874.81 4775.01 758.564 2 0 2 5 813036 17.4854 61726.4 1.23153 1.85894e+06 813036 ZonesAtSurface
1924.84 4775.01 733.58 6 0 2 6 951613 36.4118 130211 1.02096 4.34276e+06 951613 ZonesAtSurface
1974.87 4775.01 758.603 0 6 2 6 811103 41.8001 75349 1.23796 2.79479e+06 811103 ZonesAtSurface
2024.92 4775.01 721.154 2 5 2 6 1.19158e+06 36.4252 118064 1.08003 4.10534e+06 1.19158e+06 ZonesAtSurface
2074.97 4775.01 621.227 4 0 1 6 972311 16.1817 62431 1.00916 3.14692e+06 972311 ZonesAtSurface
2125.01 4775.01 521.299 6 0 1 6 538551 37.6298 124172 1.01451 5.77104e+06 538551 ZonesAtSurface
2175.05 4775.01 421.359 0 0 1 6 734908 37.5471 134288 2.59042 5.56876e+06 734908 ZonesAtSurface
2225.05 4774.71 371.401 8 10 0 0 1.00281e+06 43.748 54904 1.32019 4.88981e+06 1.00281e+06 ZonesAtSurface
2275.06 4774.85 271.42 6 6 0 0 1.06041e+06 28.0367 71912.5 0.985477 3.70284e+06 1.06041e+06 ZonesAtSurface
2325.08 4774.99 171.434 1 0 0 0 1.09744e+06 31.9289 82890.7 2.56309 8.4264e+06 1.09744e+06 ZonesAtSurface
2375.09 4775 71.447 0 0 0 0 558799 34.0241 60773 1.83046 7.99632e+06 558799 ZonesAtSurface
2425.09 4775.01 -28.5464 0 0 0 0 1.13553e+06 31.0083 140180 2.95211 6.99972e+06 1.13553e+06 ZonesAtSurface
2475.09 4775.02 -128.546 1 0 0 0 1.22949e+06 16.7117 107135 2.12883 5.90357e+06 1.22949e+06 ZonesAtSurface
2525.06 4774.53 -108.533 10 0 0 0 1.34082e+06 24.4921 142249 1.08357 2.14027e+07 1.34082e+06 ZonesAtSurface
2575.02 4775.02 -118.525 0 0 0 0 1.46425e+06 16.8969 53891.8 1.83909 7.67657e+06 1.46425e+06 ZonesAtSurface
2624.98 4775.01 -78.5136 0 0 0 0 560418 23.9332 57978.3 1.92586 7.11053e+06 560418 ZonesAtSurface
2674.94 4775.01 -38.5125 0 0 0 0 1.44762e+06 43.5095 124983 6.41121 6.66243e+06 1.44762e+06 ZonesAtSurface
2724.91 4775 1.48017 0 0 0 0 1.31096e+06 20.0891 138955 1.9132 6.23124e+06 1.31096e+06 ZonesAtSurface
2774.89 4775 41.4709 0 0 0 0 1.33779e+06 23.7491 112334 2.00846 6.83736e+06 1.33779e+06 ZonesAtSurface
2824.89 4773.3 181.453 10 0 0 0 937424 44.7108 108760 2.27968 9.22035e+06 937424 ZonesAtSurface
2874.88 4774.53 171.442 9 8 0 0 593483 28.5381 64100.1 0.36024 6.06317e+06 593483 ZonesAtSurface
2924.88 4774.54 211.425 6 8 0 0 837279 23.0756 63575.1 0.488726 6.18481e+06 837279 ZonesAtSurface
2974.9 4771.86 351.46 6 0 0 0 872690 32.1355 102036 1.54677 2.56563e+06 872690 ZonesAtSurface
3024.86 4775 241.414 0 0 0 0 832883 24.2105 99892.1 1.56126 6.03095e+06 832883 ZonesAtSurface
3074.86 4775 281.401 0 0 0 0 1.37851e+06 27.517 66282.2 2.73851 5.01517e+06 1.37851e+06 ZonesAtSurface
3124.9 4773.06 421.395 4 1 0 0 668934 40.747 72402.3 10 2.24573e+06 668934 ZonesAtSurface
3174.87 4775 361.36 0 0 0 0 847548 29.0279 57247.3 2.28323 4.31356e+06 847548 ZonesAtSurface
3224.88 4775 401.334 0 0 0 0 1.16162e+06 30.3509 134603 2.00282 4.89933e+06 1.16162e+06 ZonesAtSurface
3274.88 4775.01 441.299 0 0 1 5 1.38141e+06 25.8604 138074 1.91733 4.69592e+06 1.38141e+06 ZonesAtSurface
3324.9 4775.02 531.26 4 0 1 4 661469 29.0345 74854.2 1.10864 2.36583e+06 661469 ZonesAtSurface
3374.91 4775.02 521.218 0 0 1 5 1.22524e+06 44.752 77657.8 3.39216 5.05969e+06 1.22524e+06 ZonesAtSurface
3424.96 4775.02 711.131 0 7 2 2 1.38542e+06 34.2589 94642.8 1.69109 3.04745e+06 1.38542e+06 ZonesAtSurface
3475.02 4775.02 801.076 0 8 1 1 1.14311e+06 41.0412 110125 2.29233 2.4089e+06 1.14311e+06 ZonesAtSurface
3525.02 4775.02 791.035 1 0 2 2 731314 30.7727 77165.6 1.00899 3.19249e+06 731314 ZonesAtSurface
3575.08 4775.03 880.983 0 6 1 1 1.36399e+06 32.2851 53539 3.33369 1.63318e+06 1.36399e+06 ZonesAtSurface
3625.08 4775.02 870.933 10 0 2 2 757111 40.5467 98728.2 1.16303 3.31115e+06 757111 ZonesAtSurface
3675.11 4775.02 910.876 0 0 1 2 1.10538e+06 40.57 79059.9 1.69456 3.72526e+06 1.10538e+06 ZonesAtSurface
3725.14 4775.02 1000.84 0 0 2 1 1.15649e+06 30.5131 146447 3.43885 1.68787e+06 1.15649e+06 ZonesAtSurface
3775.14 4775.02 1000.83 0 0 2 1 674931 30.1321 92302 3.33082 1.17236e+06 674931 ZonesAtSurface
3825.15 4775.01 960.843 0 0 2 1 833017 23.3253 66906.6 1.46743 2.26177e+06 833017 ZonesAtSurface
3875.18 4775.01 870.882 0 0 1 2 1.06496e+06 27.9141 128907 2.06217 2.97465e+06 1.06496e+06 ZonesAtSurface
3925.19 4775.02 880.93 10 0 1 1 870742 27.5451 139848 1.29357 3.12807e+06 870742 ZonesAtSurface
3975.23 4775.02 840.984 7 0 1 1 784528 32.0529 53173.2 1.36368 2.63547e+06 784528 ZonesAtSurface
4025.25 4775.03 851.039 0 4 0 0 1.41493e+06 29.0236 130731 2.52847 2.13098e+06 1.41493e+06 ZonesAtSurface
4075.3 4775.03 811.093 10 0 0 0 968505 33.0005 53736.5 1.46382 3.00128e+06 968505 ZonesAtSurface
4125.36 4775.03 771.145 0 0 0 0 1.09234e+06 19.1519 101147 1.31201 2.48809e+06 1.09234e+06 ZonesAtSurface
4175.41 4775.04 731.192 0 0 0 0 573971 44.5827 71749.6 1.9407 2.2763e+06 573971 ZonesAtSurface
4225.46 4775.04 691.237 0 4 0 0 1.38219e+06 27.596 148773 2.16096 2.30511e+06 1.38219e+06 ZonesAtSurface
4275.53 4775.02 551.298 0 0 1 2 1.03892e+06 31.5517 118963 1.59711 3.86645e+06 1.03892e+06 ZonesAtSurface
4325.54 4775.03 561.335 0 0 1 1 1.46375e+06 25.6203 104598 1.76959 3.13805e+06 1.46375e+06 ZonesAtSurface
4375.56 4775.03 521.374 0 0 1 1 740407 42.6168 133505 1.94722 2.70533e+06 740407 ZonesAtSurface
4425.58 4775.03 481.411 4 0 2 1 719727 32.5002 141556 1.35855 3.13743e+06 719727 ZonesAtSurface
4475.58 4775.03 441.445 0 0 2 1 1.4784e+06 33.0187 135542 2.50683 2.68738e+06 1.4784e+06 ZonesAtSurface
4525.59 4775.03 401.473 0 0 2 1 1.49122e+06 41.4488 104008 4.10255 2.5696e+06 1.49122e+06 ZonesAtSurface
4575.59 4775.03 411.494 0 0 0 0 1.45284e+06 40.8832 132423 4.82592 1.61346e+06 1.45284e+06 ZonesAtSurface
4625.6 4775.03 371.511 0 0 0 0 1.46512e+06 32.4844 87598 3.98248 1.49468e+06 1.46512e+06 ZonesAtSurface
4675.6 4775.03 331.519 0 3 0 0 1.12441e+06 33.7526 146654 5.98967 834826 1.12441e+06 ZonesAtSurface
4725.52 4775.02 191.534 1 0 2 2 1.33e+06 40.4447 85622.6 1.28275 5.43472e+06 1.33e+06 ZonesAtSurface
4775.31 4775.02 51.5215 2 0 1 4 567637 20.647 91814.7 1.01244 9.02644e+06 567637 ZonesAtSurface
4825.27 4775.03 61.5374 17 0 1 3 1.4787e+06 29.1677 64415.5 1.08994 1.26556e+07 1.4787e+06 ZonesAtSurface
4875.19 4775.02 71.5675 26 0 1 2 650062 41.4653 102066 1.02963 1.11529e+07 650062 ZonesAtSurface
4925.11 4775.02 81.5961 27 0 1 1 813509 23.9089 74544.4 1.10008 6.32904e+06 813509 ZonesAtSurface
74.9092 4825.01 -39.9587 30 0 1 3 1.13361e+06 24.4503 68616.8 1.10857 9.37506e+06 1.13361e+06 ZonesAtSurface
124.831 4825.01 -14.9295 38 0 1 3 999915 19.0187 106358 1.11168 3.33432e+06 999915 ZonesAtSurface
174.771 4825.02 -39.975 14 0 1 4 1.12314e+06 34.8309 118423 1.01947 1.04391e+07 1.12314e+06 ZonesAtSurface
224.698 4825.02 -14.9637 14 0 1 4 929516 38.6262 112444 1.01962 5.54557e+06 929516 ZonesAtSurface
274.679 4825.02 -39.9955 0 0 1 5 562894 43.6988 148209 2.02437 1.03511e+07 562894 ZonesAtSurface
324.622 4825.02 -14.9893 1 0 1 5 572945 23.1074 130267 1.00178 7.6491e+06 572945 ZonesAtSurface
374.521 4825.02 60.0294 6 0 1 4 653615 29.6278 138624 1.01037 7.1503e+06 653615 ZonesAtSurface
424.481 4825.01 85.0236 1 0 1 4 1.12437e+06 21.7598 76501.7 1.00868 7.32149e+06 1.12437e+06 ZonesAtSurface
474.404 4825.01 160.023 0 0 1 3 1.01971e+06 37.2364 130424 1.26994 6.44067e+06 1.01971e+06 ZonesAtSurface
524.328 4825.02 285.015 8 0 1 1 742388 40.5974 96257.4 1.59442 3.26236e+06 742388 ZonesAtSurface
574.314 4825.03 360.004 0 4 0 0 997912 35.6677 122891 2.25722 1.91911e+06 997912 ZonesAtSurface
624.312 4825.02 384.992 0 0 0 0 1.35584e+06 17.2167 132863 2.40223 1.66533e+06 1.35584e+06 ZonesAtSurface
674.313 4825.02 409.976 0 0 0 0 1.40334e+06 40.6411 55909.9 5.21031 1.5669e+06 1.40334e+06 ZonesAtSurface
724.315 4825.02 434.958 0 0 0 0 791438 33.5685 83377.2 3.11772 1.37673e+06 791438 ZonesAtSurface
774.319 4825.02 459.937 0 0 0 0 901621 35.5932 65423.2 4.07336 1.22695e+06 901621 ZonesAtSurface
824.325 4825.02 484.916 0 0 0 0 955962 33.2366 112056 4.59531 1.05439e+06 955962 ZonesAtSurface
874.335 4825.02 509.893 0 0 0 0 575540 36.4935 74636.9 3.63805 1.01399e+06 575540 ZonesAtSurface
924.347 4825.03 534.869 0 5 0 0 1.242e+06 33.4674 126948 5.59706 960153 1.242e+06 ZonesAtSurface
974.362 4825.03 559.842 0 8 0 0 1.03927e+06 42.8494 127341 7.37439 855326 1.03927e+06 ZonesAtSurface
1024.38 4825.03 584.814 0 7 0 0 1.11181e+06 20.5168 142038 3.97631 869642 1.11181e+06 ZonesAtSurface
1074.4 4825.03 609.783 0 3 0 0 1.17325e+06 33.7929 98194.4 4.78549 1.07335e+06 1.17325e+06 ZonesAtSurface
1124.43 4825.03 634.749 0 0 0 0 1.07004e+06 42.9915 58269.6 5.95982 1.07602e+06 1.07004e+06 ZonesAtSurface
1174.46 4825.03 659.711 0 0 0 0 619232 33.4544 147497 2.95867 1.11035e+06 619232 ZonesAtSurface
1224.49 4825.03 684.671 0 0 0 0 1.05243e+06 25.9923 112635 3.90858 1.11075e+06 1.05243e+06 ZonesAtSurface
1274.52 4825.03 709.633 0 0 0 0 614471 21.1241 85694.1 2.19953 1.1405e+06 614471 ZonesAtSurface
1324.55 4825.03 734.598 0 0 0 0 1.14169e+06 23.8208 114382 3.15173 1.3703e+06 1.14169e+06 ZonesAtSurface
1374.58 4825.03 759.566 0 0 0 0 875825 16.4725 145956 1.73958 1.65921e+06 875825 ZonesAtSurface
1424.61 4825.03 784.536 0 1 0 0 643957 43.3719 84043.1 3.20211 1.73449e+06 643957 ZonesAtSurface
1474.63 4825.03 809.509 0 10 0 0 1.1587e+06 16.9695 56379.3 2.17634 1.61201e+06 1.1587e+06 ZonesAtSurface
1524.66 4825.03 834.487 0 0 0 0 657710 20.5887 52804.7 1.95036 1.24551e+06 657710 ZonesAtSurface
1574.69 4825.03 859.469 0 0 0 0 733607 15.2596 110222 1.85603 1.21605e+06 733607 ZonesAtSurface
1624.71 4825.02 884.455 0 0 0 0 813192 41.0065 72719.6 8.62196 711697 813192 ZonesAtSurface
1674.74 4825.02 909.447 0 0 0 0 1.10839e+06 34.0382 144121 7.81365 580910 1.10839e+06 ZonesAtSurface
1724.76 4825.03 934.439 0 10 0 0 1.02915e+06 23.3343 82745.8 4.61656 671697 1.02915e+06 ZonesAtSurface
1774.77 4825.01 809.478 7 9 2 3 771169 36.9829 66627.8 1.41771 2.13179e+06 771169 ZonesAtSurface
1824.79 4825.01 734.539 6 0 1 5 554238 21.6565 97264.4 1.20942 1.91896e+06 554238 ZonesAtSurface
1874.81 4825.01 759.558 0 8 2 5 1.35098e+06 40.9365 86328.8 1.97911 2.83885e+06 1.35098e+06 ZonesAtSurface
1924.83 4825.01 784.569 8 10 2 5 584233 40.9688 81607.9 1.50073 1.57683e+06 584233 ZonesAtSurface
1974.87 4825.01 759.595 0 6 2 6 1.08491e+06 37.4153 83494.5 1.21511 3.444e+06 1.08491e+06 ZonesAtSurface
2024.92 4825.01 722.144 6 0 2 6 582397 38.3093 87661.3 1.13159 2.17118e+06 582397 ZonesAtSurface
2074.97 4825.01 622.219 5 0 1 6 917642 27.1687 60004.6 1.02315 4.24166e+06 917642 ZonesAtSurface
2125.01 4825.01 522.29 6 0 1 6 633719 23.9846 85323.2 1.08779 5.38324e+06 633719 ZonesAtSurface
2175.03 4825 472.346 8 0 1 5 1.39825e+06 35.5049 51892.2 1.45564 9.26076e+06 1.39825e+06 ZonesAtSurface
2225.04 4824.98 372.389 7 0 0 0 1.20815e+06 17.9661 85818.3 1.08595 1.00179e+07 1.20815e+06 ZonesAtSurface
2275.05 4824.97 272.413 1 0 0 0 576524 42.3791 96797.9 1.7427 1.91784e+07 576524 ZonesAtSurface
2325.06 4824.98 172.425 8 0 0 0 652375 15.6581 127073 1.17079 1.04468e+07 652375 ZonesAtSurface
2375.07 4824.98 72.4354 0 0 0 0 795613 24.9236 112243 1.26718 1.91206e+07 795613 ZonesAtSurface
2425.08 4824.98 -27.5577 0 0 0 0 848235 44.4469 54561.5 2.81886 1.99828e+07 848235 ZonesAtSurface
2475.08 4825.01 -127.553 0 0 0 0 1.38904e+06 35.3286 96753.7 4.32052 9.30581e+06 1.38904e+06 ZonesAtSurface
2525.06 4825.02 -157.541 0 0 0 0 930559 31.889 122626 4.21125 7.58265e+06 930559 ZonesAtSurface
2575.01 4824.44 -67.5235 8 0 0 0 528686 28.3317 146951 0.889391 7.02269e+06 528686 ZonesAtSurface
2624.98 4825.02 -77.5171 0 0 0 0 658833 24.2245 67029 1.6187 6.99043e+06 658833 ZonesAtSurface
2674.94 4825.01 -37.5207 0 0 0 0 935652 27.8517 94198.9 1.8801 7.20554e+06 935652 ZonesAtSurface
2724.92 4824.38 52.4633 10 0 0 0 1.00601e+06 44.0464 118307 0 3.82217e+06 1.00601e+06 ZonesAtSurface
2774.91 4824.39 92.4587 6 0 0 0 995205 37.6892 83993.1 1.00061 7.96636e+06 995205 ZonesAtSurface
2824.88 4825.01 82.4582 8 0 0 0 1.33695e+06 15.2028 50840.5 1.13328 6.74304e+06 1.33695e+06 ZonesAtSurface
2874.88 4824.61 172.431 5 0 0 0 1.26554e+06 22.9548 123170 1.08396 1.98317e+07 1.26554e+06 ZonesAtSurface
2924.89 4824.61 212.412 5 0 0 0 1.44065e+06 39.9519 63123.1 1.79066 3.05515e+07 1.44065e+06 ZonesAtSurface
2974.87 4825.01 202.421 0 0 0 0 711237 37.0822 94915.6 4.15196 6.37254e+06 711237 ZonesAtSurface
3024.86 4825.01 242.414 0 0 0 0 1.02441e+06 33.4469 87173.4 3.22205 3.89758e+06 1.02441e+06 ZonesAtSurface
3074.86 4825.01 282.398 0 0 0 0 915439 25.2232 134000 1.63823 4.12128e+06 915439 ZonesAtSurface
3124.86 4825.01 322.375 0 0 0 0 1.40439e+06 34.1483 128982 2.54156 5.65007e+06 1.40439e+06 ZonesAtSurface
3174.88 4825 362.347 0 0 0 0 1.33554e+06 18.6539 93400.6 1.25144 7.40843e+06 1.33554e+06 ZonesAtSurface
3224.89 4825 402.322 3 0 0 0 1.41486e+06 36.0961 140939 2.56941 8.10369e+06 1.41486e+06 ZonesAtSurface
3274.89 4825.01 442.293 4 0 1 5 1.22194e+06 27.2498 67159.6 2.0165 4.90369e+06 1.22194e+06 ZonesAtSurface
3324.91 4825.02 532.26 2 2 2 4 1.1538e+06 29.4697 91498.5 1.33904 3.18726e+06 1.1538e+06 ZonesAtSurface
3374.91 4825.02 522.219 3 0 1 5 904049 23.4315 82149 1.04496 4.83468e+06 904049 ZonesAtSurface
3424.94 4825.02 612.155 0 0 1 4 1.39788e+06 41.0243 51111.5 1.45195 6.12898e+06 1.39788e+06 ZonesAtSurface
3475 4825.02 752.081 0 2 2 2 1.18071e+06 33.099 97045.9 1.34101 3.55983e+06 1.18071e+06 ZonesAtSurface
3525.03 4825.02 792.034 5 0 2 2 622826 25.8543 119140 1.04834 2.2865e+06 622826 ZonesAtSurface
3575.06 4825.02 831.989 1 0 2 2 950558 20.7295 128860 1.19878 2.57273e+06 950558 ZonesAtSurface
3625.06 4825.02 821.942 4 0 1 3 1.41132e+06 19.9935 80362.6 1.03359 4.6937e+06 1.41132e+06 ZonesAtSurface
3675.11 4825.01 911.87 6 0 2 2 858404 35.8744 69235.5 1.13657 3.45613e+06 858404 ZonesAtSurface
3725.14 4825.02 1001.83 0 0 2 1 507631 22.1351 123770 1.16352 1.74603e+06 507631 ZonesAtSurface
3775.15 4825.02 1051.83 0 0 0 0 1.21567e+06 15.7267 84998.7 2.98859 1.18146e+06 1.21567e+06 ZonesAtSurface
3825.15 4825.01 961.836 0 0 2 1 1.18442e+06 35.8927 130216 2.35575 2.35577e+06 1.18442e+06 ZonesAtSurface
3875.16 4825.01 921.869 0 0 1 1 1.47967e+06 24.9331 77353.9 1.65309 3.67174e+06 1.47967e+06 ZonesAtSurface
3925.22 4825.01 831.924 0 0 1 2 1.46904e+06 39.7937 88094.9 3.4446 3.16303e+06 1.46904e+06 ZonesAtSurface
3975.23 4825.02 841.977 0 0 2 1 866624 31.7852 80100.3 1.91041 2.4944e+06 866624 ZonesAtSurface
4025.28 4825.02 802.033 4 0 1 1 915118 16.8301 73203.7 1.09727 2.8365e+06 915118 ZonesAtSurface
4075.29 4825.03 812.088 0 8 0 0 1.17279e+06 35.5241 131467 2.71655 2.07939e+06 1.17279e+06 ZonesAtSurface
4125.34 4825.03 772.139 0 0 0 0 1.29905e+06 27.4894 68485.5 1.85951 2.75835e+06 1.29905e+06 ZonesAtSurface
4175.4 4825.03 732.186 0 4 0 0 1.0335e+06 35.7279 148714 2.39605 1.93358e+06 1.0335e+06 ZonesAtSurface
4225.47 4825.03 642.239 0 0 2 1 940720 40.4008 101540 1.781 3.6302e+06 940720 ZonesAtSurface
4275.5 4825.03 602.288 2 8 2 1 1.05322e+06 38.1939 133948 1.28428 3.40471e+06 1.05322e+06 ZonesAtSurface
4325.53 4825.02 562.332 0 0 1 1 1.39199e+06 44.0419 74022.2 2.71906 2.86045e+06 1.39199e+06 ZonesAtSurface
4375.55 4825.02 522.37 0 0 2 1 1.22799e+06 28.4664 109259 1.93164 2.46993e+06 1.22799e+06 ZonesAtSurface
4425.57 4825.02 482.404 3 0 2 1 1.12825e+06 27.1407 146536 1.67729 2.79562e+06 1.12825e+06 ZonesAtSurface
4475.58 4825.02 392.443 0 0 1 2 877408 39.6913 119312 2.70542 3.73914e+06 877408 ZonesAtSurface
4525.58 4825.02 402.47 1 0 2 1 559701 30.1605 87166.8 1.56863 2.3641e+06 559701 ZonesAtSurface
4575.58 4825.02 412.491 0 10 0 0 1.47863e+06 23.585 81460.8 3.65317 1.3616e+06 1.47863e+06 ZonesAtSurface
4625.59 4825.02 372.507 0 0 0 0 904645 26.8919 131908 2.22471 1.47358e+06 904645 ZonesAtSurface
4675.59 4825.03 332.515 0 8 0 0 760085 37.6169 55395.1 4.70662 769729 760085 ZonesAtSurface
4725.52 4825.02 192.529 9 0 2 2 660898 27.6851 125464 1.17779 3.02285e+06 660898 ZonesAtSurface
4775.31 4825.02 52.5179 0 0 1 4 1.01484e+06 37.5389 58073.7 2.22158 1.11264e+07 1.01484e+06 ZonesAtSurface
4825.27 4825.02 62.535 26 0 1 3 940956 19.9529 114379 1.04836 8.8589e+06 940956 ZonesAtSurface
4875.19 4825.02 72.5618 21 0 1 2 1.26299e+06 23.0848 87708.3 1.04121 7.33626e+06 1.26299e+06 ZonesAtSurface
4925.11 4825.01 82.5936 31 0 1 1 787780 15.1861 131380 1.11341 4.74168e+06 787780 ZonesAtSurface
74.9057 4875 -38.9667 28 0 1 3 569982 29.5018 131401 1.12431 9.88279e+06 569982 ZonesAtSurface
124.83 4875 -13.9345 28 3 1 3 1.46206e+06 23.4266 96865.9 1.17402 3.87302e+06 1.46206e+06 ZonesAtSurface
174.772 4875.01 -38.979 21 0 1 4 1.39768e+06 19.0024 124766 1.0185 7.86802e+06 1.39768e+06 ZonesAtSurface
224.701 4875.01 -13.9672 13 0 1 4 1.08844e+06 41.6132 66860.1 1.03849 4.78904e+06 1.08844e+06 ZonesAtSurface
274.682 4875.01 -38.9983 0 0 1 5 1.45397e+06 30.5075 94410.6 1.45068 1.04403e+07 1.45397e+06 ZonesAtSurface
324.624 4875.01 -13.9927 3 0 1 5 956665 15.8197 127778 1.00176 6.65068e+06 956665 ZonesAtSurface
374.524 4875.01 61.0254 0 0 1 4 1.2159e+06 41.1942 129461 1.5953 8.41835e+06 1.2159e+06 ZonesAtSurface
424.485 4875.01 86.0194 0 0 1 4 1.27203e+06 30.1714 72135.5 1.50296 8.06736e+06 1.27203e+06 ZonesAtSurface
474.408 4875.01 161.018 1 0 1 3 739602 40.7743 92244.3 1.50132 6.60475e+06 739602 ZonesAtSurface
524.354 4875.01 236.01 1 0 1 2 514766 27.8639 143704 1.10878 4.47302e+06 514766 ZonesAtSurface
574.341 4875.01 260.998 0 0 1 2 524605 34.9485 75786.2 1.68051 4.2587e+06 524605 ZonesAtSurface
624.314 4875.02 385.988 0 0 0 0 1.42439e+06 39.4443 53578.7 4.39517 1.94243e+06 1.42439e+06 ZonesAtSurface
674.314 4875.02 410.972 0 0 0 0 864089 31.0604 52694.5 2.38525 1.68721e+06 864089 ZonesAtSurface
724.316 4875.02 435.954 0 0 0 0 995059 30.3109 87685.7 3.04464 1.49475e+06 995059 ZonesAtSurface
774.321 4875.02 460.934 0 0 0 0 759781 19.7195 54879.2 1.87559 1.42428e+06 759781 ZonesAtSurface
824.328 4875.02 485.912 0 0 0 0 860795 16.2397 145331 2.10013 1.29295e+06 860795 ZonesAtSurface
874.338 4875.02 510.89 0 0 0 0 783034 25.6113 142746 2.34127 1.29053e+06 783034 ZonesAtSurface
924.351 4875.02 535.866 0 7 0 0 1.32295e+06 25.6203 128649 3.2685 1.54026e+06 1.32295e+06 ZonesAtSurface
974.346 4875.02 510.841 0 0 2 1 828384 39.4765 144231 4.27228 1.66503e+06 828384 ZonesAtSurface
1024.38 4875.02 585.81 0 9 0 0 878132 26.4996 83986.9 2.30311 1.50571e+06 878132 ZonesAtSurface
1074.41 4875.02 610.779 0 0 0 0 1.3974e+06 18.7476 129380 2.99862 1.37554e+06 1.3974e+06 ZonesAtSurface
1124.44 4875.02 635.745 0 0 0 0 865578 26.2024 140314 2.42076 1.30541e+06 865578 ZonesAtSurface
1174.47 4875.02 660.707 0 0 0 0 529528 41.9887 135044 3.48079 1.27573e+06 529528 ZonesAtSurface
1224.5 4875.02 685.667 0 0 0 0 1.35532e+06 24.1985 133091 3.38393 1.45652e+06 1.35532e+06 ZonesAtSurface
1274.53 4875.02 710.628 0 0 0 0 862098 35.6453 121933 3.47437 1.41997e+06 862098 ZonesAtSurface
1324.56 4875.02 735.592 0 2 0 0 910075 37.0806 135825 3.86175 1.40279e+06 910075 ZonesAtSurface
1374.59 4875.02 760.56 0 0 0 0 1.38268e+06 17.7109 118866 2.63152 1.66691e+06 1.38268e+06 ZonesAtSurface
1424.61 4875.02 785.53 0 4 0 0 1.39608e+06 25.3883 56022.5 3.077 1.72138e+06 1.39608e+06 ZonesAtSurface
1474.64 4875.02 810.503 0 2 0 0 944323 42.376 60275.9 4.04139 1.56986e+06 944323 ZonesAtSurface
1524.67 4875.02 835.48 0 0 0 0 870760 32.7538 78643.8 3.50038 1.25142e+06 870760 ZonesAtSurface
1574.69 4875.02 860.462 0 0 0 0 1.24048e+06 40.7372 103058 5.96917 1.22665e+06 1.24048e+06 ZonesAtSurface
1624.72 4875.02 885.449 0 0 0 0 1.35608e+06 24.5496 88568.2 5.71286 897703 1.35608e+06 ZonesAtSurface
1674.74 4875.02 910.44 0 2 0 0 957795 22.5082 147124 2.27217 1.30382e+06 957795 ZonesAtSurface
1724.74 4875.01 835.448 6 0 2 2 558557 39.2963 147555 1.32749 2.43696e+06 558557 ZonesAtSurface
1774.77 4875.01 810.471 0 8 2 3 1.10784e+06 19.1717 66141.3 1.46567 2.11262e+06 1.10784e+06 ZonesAtSurface
1824.79 4875.01 735.532 16 0 2 5 593455 27.6437 145383 1.11728 2.41579e+06 593455 ZonesAtSurface
1874.81 4875.01 760.552 9 6 2 5 794445 43.2863 142835 1.56174 1.97855e+06 794445 ZonesAtSurface
1924.85 4875.01 735.569 3 0 2 6 1.15238e+06 33.6693 117255 1.00859 4.14847e+06 1.15238e+06 ZonesAtSurface
1974.88 4875.01 760.589 0 6 2 6 1.26961e+06 36.3461 105819 1.10391 4.28221e+06 1.26961e+06 ZonesAtSurface
2024.92 4875.01 723.138 2 2 2 6 993862 21.1599 83595.7 1.12783 2.56125e+06 993862 ZonesAtSurface
2074.96 4875.01 673.199 1 0 2 5 885028 41.0827 65289 1.02356 3.81971e+06 885028 ZonesAtSurface
2125 4875.02 573.275 4 0 2 5 1.04248e+06 41.8939 60764.6 1.07209 4.30424e+06 1.04248e+06 ZonesAtSurface
2175.02 4875 473.338 8 0 1 5 1.42441e+06 27.3651 78933.2 1.33014 7.30143e+06 1.42441e+06 ZonesAtSurface
2225.04 4874.89 373.385 9 0 0 0 804761 25.655 90101.1 1.64703 2.45573e+07 804761 ZonesAtSurface
2275.06 4874.8 273.415 9 0 0 0 1.17599e+06 20.5325 67098.9 1.34419 4.33878e+07 1.17599e+06 ZonesAtSurface
2325.07 4874.9 173.427 8 0 0 0 1.10158e+06 25.1514 144369 2.43156 1.89454e+07 1.10158e+06 ZonesAtSurface
2375.07 4874.91 73.4343 8 0 0 0 1.0477e+06 28.4192 94625.9 1.64442 3.0161e+07 1.0477e+06 ZonesAtSurface
2425.08 4874.83 -26.5571 8 0 0 0 1.11022e+06 29.4194 148468 1.53521 5.67206e+07 1.11022e+06 ZonesAtSurface
2475.08 4874.94 -126.548 9 0 0 0 799391 22.9529 90153.6 2.99222 1.27747e+07 799391 ZonesAtSurface
2525.05 4875.03 -156.53 3 0 0 0 1.42276e+06 31.9166 120829 2.3915 9.0812e+06 1.42276e+06 ZonesAtSurface
2575.01 4875.02 -116.512 0 0 0 0 1.09725e+06 20.5816 113878 1.93493 6.20588e+06 1.09725e+06 ZonesAtSurface
2624.97 4875.03 -76.508 5 0 0 0 1.18798e+06 19.0202 82845.2 1.55763 6.13868e+06 1.18798e+06 ZonesAtSurface
2674.94 4875.03 -36.5158 9 0 0 0 1.18456e+06 21.865 82587 1.28903 6.54624e+06 1.18456e+06 ZonesAtSurface
2724.91 4875.02 3.46975 3 0 0 0 627921 36.7976 125658 1.34683 7.08369e+06 627921 ZonesAtSurface
2774.9 4875.02 43.4655 8 0 0 0 743410 33.8657 120312 1.40292 8.44131e+06 743410 ZonesAtSurface
2824.88 4875.03 83.4665 1 0 0 0 932096 39.6579 102630 2.58456 7.32416e+06 932096 ZonesAtSurface
2874.86 4875.03 123.457 0 0 0 0 654199 44.2399 121516 4.61825 4.74698e+06 654199 ZonesAtSurface
2924.87 4874.54 213.441 3 0 0 0 1.45317e+06 16.4569 106582 0.925819 1.0709e+07 1.45317e+06 ZonesAtSurface
2974.85 4875.03 203.434 0 0 0 0 1.2878e+06 43.6878 71062.4 5.01179 5.16547e+06 1.2878e+06 ZonesAtSurface
3024.85 4875.03 243.422 0 0 0 0 806332 33.7406 96828.7 3.7167 3.41875e+06 806332 ZonesAtSurface
3074.85 4875.03 283.404 5 0 0 0 789437 23.9804 57466.3 2.06035 3.19994e+06 789437 ZonesAtSurface
3124.86 4875.03 323.376 7 0 0 0 1.05336e+06 33.1181 67753.8 1.61404 4.51073e+06 1.05336e+06 ZonesAtSurface
3174.87 4875.02 363.347 8 0 0 0 1.02921e+06 25.4941 90649.6 1.27985 4.23445e+06 1.02921e+06 ZonesAtSurface
3224.89 4875.02 403.324 9 0 0 0 988086 20.4793 140891 1.28286 5.1782e+06 988086 ZonesAtSurface
3274.89 4875.02 443.3 2 0 1 5 633378 37.3976 114963 2.3001 4.57452e+06 633378 ZonesAtSurface
3324.9 4875.03 483.268 0 0 1 5 1.09892e+06 42.4777 94433.3 2.45449 3.83075e+06 1.09892e+06 ZonesAtSurface
3374.91 4875.03 523.225 0 0 1 5 1.44222e+06 24.8857 94557.2 1.21697 5.42192e+06 1.44222e+06 ZonesAtSurface
3424.95 4875.02 663.138 4 2 2 3 878351 20.8776 96390 1.17252 2.11135e+06 878351 ZonesAtSurface
3474.98 4875.02 703.085 10 0 1 3 1.07918e+06 31.3537 57054.1 1.00543 4.26089e+06 1.07918e+06 ZonesAtSurface
3525.03 4875.02 793.033 6 2 2 2 873077 39.0015 83935.2 1.19735 2.98429e+06 873077 ZonesAtSurface
3575.06 4875.02 832.992 6 8 2 2 1.26585e+06 17.5239 141323 1.32373 2.56789e+06 1.26585e+06 ZonesAtSurface
3625.06 4875.01 772.954 11 0 1 4 761245 37.0467 131272 1.04938 5.68792e+06 761245 ZonesAtSurface
3675.1 4875.01 862.88 7 0 1 3 560655 39.4303 108048 1.09392 4.11191e+06 560655 ZonesAtSurface
3725.14 4875.01 1002.83 2 0 2 1 534534 20.1972 57320.4 1.09657 1.84425e+06 534534 ZonesAtSurface
3775.15 4875.01 1052.82 0 0 0 0 990982 19.4281 88465.8 3.09385 1.04807e+06 990982 ZonesAtSurface
3825.14 4875.01 1012.83 0 0 0 0 802256 34.4781 145551 1.76983 1.90704e+06 802256 ZonesAtSurface
3875.16 4875.01 922.861 0 0 2 1 1.28387e+06 39.1548 147006 2.16819 3.14371e+06 1.28387e+06 ZonesAtSurface
3925.18 4875.01 882.911 0 0 1 1 1.42516e+06 39.3571 65814.9 2.12953 4.26757e+06 1.42516e+06 ZonesAtSurface
3975.22 4875.01 842.969 10 2 1 1 1.2565e+06 21.6756 134757 1.17475 3.06886e+06 1.2565e+06 ZonesAtSurface
4025.27 4875.02 803.027 3 3 2 1 1.3323e+06 22.8701 79204.1 1.39588 3.26086e+06 1.3323e+06 ZonesAtSurface
4075.31 4875.02 763.085 8 0 1 1 904609 30.3175 75345.3 1.41628 2.89105e+06 904609 ZonesAtSurface
4125.36 4875.02 723.138 0 1 1 1 1.31094e+06 16.604 60433 1.40484 2.57058e+06 1.31094e+06 ZonesAtSurface
4175.38 4875.03 733.186 0 6 0 0 1.2545e+06 37.0352 51740.5 2.35713 2.5838e+06 1.2545e+06 ZonesAtSurface
4225.48 4875.02 593.244 5 0 1 2 612943 33.4498 60307 1.21057 3.60434e+06 612943 ZonesAtSurface
4275.49 4875.02 603.287 0 0 2 1 1.16724e+06 37.5754 134772 2.03002 3.22131e+06 1.16724e+06 ZonesAtSurface
4325.54 4875.02 513.333 0 0 1 2 1.12765e+06 15.415 104024 1.1206 3.22798e+06 1.12765e+06 ZonesAtSurface
4375.54 4875.02 523.366 0 0 2 1 904455 24.6694 56615.7 1.59512 2.5062e+06 904455 ZonesAtSurface
4425.56 4875.02 483.4 0 0 2 1 1.48848e+06 38.5318 76537 3.41583 2.76184e+06 1.48848e+06 ZonesAtSurface
4475.58 4875.01 393.439 0 0 1 2 1.37451e+06 40.7505 108429 3.48929 3.90629e+06 1.37451e+06 ZonesAtSurface
4525.57 4875.01 453.467 0 4 0 0 777567 32.2639 108355 2.23864 1.5685e+06 777567 ZonesAtSurface
4575.58 4875.02 413.489 0 8 0 0 1.38723e+06 29.8608 115727 3.0476 1.71911e+06 1.38723e+06 ZonesAtSurface
4625.58 4875.02 373.505 0 0 0 0 864672 44.9063 82670.5 3.4573 1.71263e+06 864672 ZonesAtSurface
4675.54 4875.01 233.525 1 0 1 2 1.40494e+06 38.3614 148882 1.59369 5.45352e+06 1.40494e+06 ZonesAtSurface
4725.45 4875.01 143.535 10 0 1 3 828875 21.2733 116765 1.03017 4.06693e+06 828875 ZonesAtSurface
4775.37 4875.01 103.539 10 0 1 3 1.21516e+06 33.3456 145590 1.13954 1.01365e+07 1.21516e+06 ZonesAtSurface
4825.27 4875.01 63.5303 23 0 1 3 1.13302e+06 32.802 62707.7 1.08094 1.2619e+07 1.13302e+06 ZonesAtSurface
4875.18 4875.01 73.5626 26 0 1 2 1.33135e+06 16.178 117496 1.09321 5.37414e+06 1.33135e+06 ZonesAtSurface
4925.1 4875.01 83.5895 46 0 1 1 1.19023e+06 19.1144 72243.5 1.12157 5.95066e+06 1.19023e+06 ZonesAtSurface
74.9055 4925 -37.9835 21 0 1 3 1.30439e+06 36.0343 56364.9 1.45725 1.26704e+07 1.30439e+06 ZonesAtSurface
124.836 4924.99 -12.9601 36 0 1 3 1.03202e+06 19.8303 74982 1.22436 5.01974e+06 1.03202e+06 ZonesAtSurface
174.78 4925 -37.9877 14 0 1 4 1.0542e+06 16.9939 147963 1.04794 8.23145e+06 1.0542e+06 ZonesAtSurface
224.711 4925 -12.9763 10 0 1 4 1.43345e+06 36.2555 113550 1.08277 9.47285e+06 1.43345e+06 ZonesAtSurface
274.685 4925.01 -37.9993 4 0 1 5 1.07765e+06 21.3782 81033.3 1.03247 9.71965e+06 1.07765e+06 ZonesAtSurface
324.627 4925.01 -12.9938 0 0 1 5 642096 43.5363 124294 2.86677 9.17094e+06 642096 ZonesAtSurface
374.53 4925 62.0233 3 0 1 4 518606 29.4996 129434 1.04909 7.73741e+06 518606 ZonesAtSurface
424.444 4925 137.028 7 0 1 3 872595 15.4406 62323.1 1.07837 4.16892e+06 872595 ZonesAtSurface
474.379 4925 212.022 10 0 1 2 1.07467e+06 40.7821 93901.2 1.84462 6.31731e+06 1.07467e+06 ZonesAtSurface
524.337 4925 287.011 6 0 1 1 843715 43.3294 137443 2.18272 4.06154e+06 843715 ZonesAtSurface
574.319 4925 362.001 0 2 0 0 1.44958e+06 37.9476 127123 2.46378 2.71065e+06 1.44958e+06 ZonesAtSurface
624.316 4925.01 386.987 6 0 0 0 829444 30.5161 106757 1.57521 2.29504e+06 829444 ZonesAtSurface
674.315 4925.01 411.971 0 0 0 0 572798 40.9875 84052.7 2.1211 1.99806e+06 572798 ZonesAtSurface
724.317 4925.01 436.953 0 0 0 0 796513 37.551 127952 2.68712 1.82455e+06 796513 ZonesAtSurface
774.321 4925.01 461.933 0 0 0 0 1.04635e+06 18.504 55673.7 1.90794 1.76688e+06 1.04635e+06 ZonesAtSurface
824.329 4925.01 486.912 0 0 0 0 1.07306e+06 40.3218 110648 4.16514 1.6142e+06 1.07306e+06 ZonesAtSurface
874.339 4925.01 511.89 0 0 0 0 1.05189e+06 18.2588 131277 2.02587 1.60453e+06 1.05189e+06 ZonesAtSurface
924.354 4925.01 536.866 0 4 0 0 934554 26.2605 116163 2.00036 1.82675e+06 934554 ZonesAtSurface
974.348 4925.01 511.84 0 0 2 1 1.0135e+06 26.7069 64921.7 2.48376 2.07745e+06 1.0135e+06 ZonesAtSurface
1024.39 4925.01 586.81 5 0 0 0 869802 28.2689 144568 1.6793 2.09913e+06 869802 ZonesAtSurface
1074.41 4925.01 611.778 0 0 0 0 919660 36.889 125528 2.76788 1.66238e+06 919660 ZonesAtSurface
1124.44 4925.01 636.744 0 0 0 0 1.2652e+06 17.1443 79948.8 2.25889 1.65835e+06 1.2652e+06 ZonesAtSurface
1174.47 4925.01 661.705 0 0 0 0 983501 15.5219 70194.4 1.92098 1.5894e+06 983501 ZonesAtSurface
1224.51 4925.01 686.665 0 0 0 0 973551 40.8711 99363.6 4.26918 1.62407e+06 973551 ZonesAtSurface
1274.54 4925.01 711.626 0 0 0 0 926000 34.2022 131315 3.28799 1.61484e+06 926000 ZonesAtSurface
1324.57 4925.02 736.59 0 1 0 0 1.07564e+06 16.2724 72231.5 2.09515 1.67936e+06 1.07564e+06 ZonesAtSurface
1374.6 4925.02 761.556 0 5 0 0 911839 37.117 104615 3.37974 1.82789e+06 911839 ZonesAtSurface
1424.62 4925.02 786.526 0 2 0 0 938181 33.7451 111284 2.96754 1.81822e+06 938181 ZonesAtSurface
1474.65 4925.01 811.499 0 0 0 0 1.48349e+06 25.4889 143029 3.29351 1.71522e+06 1.48349e+06 ZonesAtSurface
1524.67 4925.01 836.476 0 0 0 0 1.20798e+06 18.7248 129784 2.53144 1.56882e+06 1.20798e+06 ZonesAtSurface
1574.7 4925.01 861.458 0 0 0 0 1.13755e+06 20.2522 123722 2.66465 1.47335e+06 1.13755e+06 ZonesAtSurface
1624.72 4925.01 886.444 0 0 0 0 1.47742e+06 35.4285 63171.9 5.66678 1.31514e+06 1.47742e+06 ZonesAtSurface
1674.74 4925.01 911.433 0 9 0 0 816774 36.0739 69151.3 1.95459 1.8931e+06 816774 ZonesAtSurface
1724.74 4925.01 836.442 7 0 2 2 571977 39.383 140369 1.43521 3.0447e+06 571977 ZonesAtSurface
1774.77 4925 761.482 2 0 1 4 933212 22.4701 117676 1.05556 4.12503e+06 933212 ZonesAtSurface
1824.8 4925 736.521 15 0 1 5 646153 32.6921 68125.8 1.13458 4.54393e+06 646153 ZonesAtSurface
1874.83 4925 711.547 6 0 1 6 585532 18.7386 66617.2 1.13419 3.08957e+06 585532 ZonesAtSurface
1924.86 4925 736.564 6 0 1 6 1.37195e+06 16.1432 81905.8 1.01828 4.11309e+06 1.37195e+06 ZonesAtSurface
1974.89 4925.01 761.584 6 0 1 6 835616 42.5375 53166 1.06515 3.50444e+06 835616 ZonesAtSurface
2024.94 4925.02 724.141 2 6 1 6 768873 44.3385 78460.8 1.18968 3.16804e+06 768873 ZonesAtSurface
2075.02 4925.05 674.217 2 4 2 5 1.04363e+06 31.234 83968.5 1.01404 3.80567e+06 1.04363e+06 ZonesAtSurface
2125.1 4925.07 574.317 1 3 2 5 1.12926e+06 18.0174 51378 0.651453 4.78467e+06 1.12926e+06 ZonesAtSurface
2175.13 4925.06 474.39 8 4 1 5 1.21376e+06 31.1168 88920.8 1.6278 8.51242e+06 1.21376e+06 ZonesAtSurface
2225.13 4925.04 324.427 0 0 0 0 1.13657e+06 35.4061 136229 1.51539 3.26185e+06 1.13657e+06 ZonesAtSurface
2275.17 4924.78 274.472 9 10 0 0 1.23823e+06 32.7706 50596.7 2.18967 2.97883e+06 1.23823e+06 ZonesAtSurface
2325.18 4924.93 174.489 9 8 0 0 890367 25.7111 73385.6 2.43102 1.57588e+06 890367 ZonesAtSurface
2375.18 4924.91 74.5015 9 6 0 0 523125 15.9306 140534 1.7754 781045 523125 ZonesAtSurface
2425.14 4925.02 -75.5239 1 0 0 0 526509 27.1268 53661 1.9831 3.5833e+06 526509 ZonesAtSurface
2475.11 4924.91 -125.505 8 2 0 0 544002 44.1125 73515.2 3.47731 1.11137e+06 544002 ZonesAtSurface
2525.06 4925.04 -155.494 5 0 0 0 1.1854e+06 38.074 127209 1.23543 8.53597e+06 1.1854e+06 ZonesAtSurface
2574.99 4925.04 -115.464 8 1 0 0 648834 29.1168 144097 0 2.15359e+06 648834 ZonesAtSurface
2624.94 4925.05 -75.443 0 0 0 0 1.35855e+06 25.7875 119043 1.03028 4.27446e+06 1.35855e+06 ZonesAtSurface
2674.89 4925.07 -35.4379 2 3 0 0 955818 24.0407 114649 0.938875 3.17535e+06 955818 ZonesAtSurface
2724.85 4925.06 4.55376 4 7 0 0 1.13352e+06 15.4822 128701 0.756713 3.90093e+06 1.13352e+06 ZonesAtSurface
2774.83 4925.06 44.5482 3 4 0 0 1.46875e+06 26.8423 97122.6 0 4.81977e+06 1.46875e+06 ZonesAtSurface
2824.81 4925.07 84.5439 3 8 0 0 1.47531e+06 19.1015 119709 1.07055 3.86389e+06 1.47531e+06 ZonesAtSurface
2874.8 4925.07 124.533 3 7 0 0 749582 18.1829 112838 0 3.48401e+06 749582 ZonesAtSurface
2924.79 4925.06 164.519 3 6 0 0 590103 20.4741 116094 0.847005 1.99705e+06 590103 ZonesAtSurface
2974.79 4925.06 204.506 1 4 0 0 1.25096e+06 39.1847 108294 1.03848 5.38532e+06 1.25096e+06 ZonesAtSurface
3024.79 4925.06 244.492 2 4 0 0 653551 44.6313 101292 1.07351 2.95146e+06 653551 ZonesAtSurface
3074.8 4925.07 284.476 3 9 0 0 1.39274e+06 21.0303 141375 0.851095 4.80403e+06 1.39274e+06 ZonesAtSurface
3124.8 4925.07 324.455 5 9 0 0 1.23469e+06 32.4679 90974.7 0.940153 4.98235e+06 1.23469e+06 ZonesAtSurface
3174.81 4925.07 364.426 5 10 0 0 557262 39.7809 117126 0 1.62412e+06 557262 ZonesAtSurface
3224.82 4925.06 404.394 6 10 0 0 641960 26.6162 111951 0 1.74184e+06 641960 ZonesAtSurface
3274.85 4925.03 394.335 1 2 2 6 970645 41.5168 83025.5 1.13786 3.95531e+06 970645 ZonesAtSurface
3324.84 4925.05 484.314 5 10 2 5 1.17122e+06 15.8204 100150 0.795061 3.85508e+06 1.17122e+06 ZonesAtSurface
3374.87 4925.04 524.251 5 9 2 5 711460 42.585 127990 0 2.62412e+06 711460 ZonesAtSurface
3424.9 4925.03 614.163 1 1 2 4 598299 41.4095 51048 1.03026 2.78714e+06 598299 ZonesAtSurface
3474.97 4925.01 704.08 5 7 1 3 1.32652e+06 39.0193 112503 1.14549 4.88847e+06 1.32652e+06 ZonesAtSurface
3525.04 4925.01 794.026 9 0 1 2 1.01764e+06 39.0677 87480.9 1.39436 4.61962e+06 1.01764e+06 ZonesAtSurface
3575.05 4925.01 783.989 11 0 1 3 1.30086e+06 25.76 146503 1.27182 4.58842e+06 1.30086e+06 ZonesAtSurface
3625.06 4925 773.948 5 0 1 4 975315 44.554 56934.9 1.15307 6.25419e+06 975315 ZonesAtSurface
3675.11 4925 863.879 6 0 1 3 1.10919e+06 25.4692 111568 1.08609 4.57581e+06 1.10919e+06 ZonesAtSurface
3725.14 4925.01 1053.83 0 4 0 0 1.02823e+06 20.5375 106491 2.17507 1.61939e+06 1.02823e+06 ZonesAtSurface
3775.14 4925.01 1053.82 0 0 0 0 503474 43.7339 83984.8 3.88518 1.17114e+06 503474 ZonesAtSurface
3825.14 4925.01 1013.83 0 0 0 0 1.47763e+06 39.2892 58950.4 3.92348 1.8543e+06 1.47763e+06 ZonesAtSurface
3875.15 4925.01 973.854 0 7 0 0 1.18913e+06 41.4099 79468.6 3.3631 2.39101e+06 1.18913e+06 ZonesAtSurface
3925.18 4925.01 883.906 3 0 2 1 511204 37.5523 50110.4 1.70673 3.30263e+06 511204 ZonesAtSurface
3975.22 4925.01 843.962 0 0 1 1 1.21205e+06 26.3306 143846 1.59216 3.62536e+06 1.21205e+06 ZonesAtSurface
4025.3 4925.01 754.027 0 0 1 2 684773 25.6117 146758 1.4231 3.29951e+06 684773 ZonesAtSurface
4075.34 4925.01 714.085 0 0 1 2 888119 19.713 125844 1.4942 2.83085e+06 888119 ZonesAtSurface
4125.35 4925.01 724.136 9 0 1 1 936650 16.4782 125265 1.23279 3.28341e+06 936650 ZonesAtSurface
4175.43 4925.01 634.192 0 0 1 2 1.39773e+06 26.527 143008 2.04402 3.43027e+06 1.39773e+06 ZonesAtSurface
4225.4 4925.01 694.231 0 5 0 0 1.49446e+06 43.133 73120.2 2.65443 3.46669e+06 1.49446e+06 ZonesAtSurface
4275.5 4925.01 554.29 0 0 1 2 969579 31.953 87481 1.82154 3.55401e+06 969579 ZonesAtSurface
4325.53 4925.01 514.333 0 0 1 2 694110 38.7444 90851.7 2.2851 3.09311e+06 694110 ZonesAtSurface
4375.51 4925.01 574.365 0 3 0 0 1.17123e+06 20.6624 83718.7 2.10363 1.70112e+06 1.17123e+06 ZonesAtSurface
4425.54 4925.01 534.398 0 9 0 0 1.09751e+06 33.4551 133829 2.36057 1.76066e+06 1.09751e+06 ZonesAtSurface
4475.56 4925.01 494.431 10 0 0 0 683326 38.678 131549 1.87306 2.26569e+06 683326 ZonesAtSurface
4525.58 4925.01 404.465 0 0 1 1 1.04088e+06 39.5709 76978.3 2.94573 2.95638e+06 1.04088e+06 ZonesAtSurface
4575.58 4925.01 414.49 0 0 0 0 1.05315e+06 34.2882 129041 2.37733 2.26663e+06 1.05315e+06 ZonesAtSurface
4625.58 4925.01 374.507 0 0 0 0 588389 43.4901 112745 2.23902 2.31932e+06 588389 ZonesAtSurface
4675.53 4925 234.527 0 0 1 2 944372 23.159 51113.4 1.19398 4.49311e+06 944372 ZonesAtSurface
4725.44 4925 144.537 7 0 1 3 1.34911e+06 17.7843 132375 1.09233 5.87012e+06 1.34911e+06 ZonesAtSurface
4775.31 4925.01 54.5178 0 0 1 4 1.43889e+06 31.8773 68203.8 1.86926 1.08223e+07 1.43889e+06 ZonesAtSurface
4825.26 4925 64.529 18 0 1 3 769482 37.6623 112997 1.51941 1.32923e+07 769482 ZonesAtSurface
4875.18 4925 74.5521 44 0 1 2 552293 40.8764 138397 1.18137 1.17062e+07 552293 ZonesAtSurface
4925.11 4924.99 84.5638 30 0 1 1 1.21503e+06 32.326 112484 1.19386 1.08379e+07 1.21503e+06 ZonesAtSurface
