x y z ShearFailure TensileFailure FailureType AmountRemoved cohesion friction tension strength_stress diff_stress model group
74.904 75.0079 -34.9245 72 0 1 1 1.20374e+06 40.236 107969 1.2405 1.21087e+07 1.20374e+06 ZonesAtSurface
124.827 75.0101 -9.90199 63 0 1 1 1.26264e+06 41.8813 113326 1.59826 6.5381e+06 1.26264e+06 ZonesAtSurface
174.774 75.0047 -34.9166 73 0 1 2 659266 41.9297 64096.4 1.12875 9.32217e+06 659266 ZonesAtSurface
224.708 75.0075 -9.89187 89 0 1 2 541430 27.1366 53782.9 1.17352 4.23055e+06 541430 ZonesAtSurface
274.653 75.0028 -34.9258 74 0 1 3 592429 16.2866 62508.6 1.10219 4.67877e+06 592429 ZonesAtSurface
324.594 75.0042 -9.92303 66 0 1 3 776968 40.4401 87069 1.5931 5.23267e+06 776968 ZonesAtSurface
374.56 75 -34.9538 38 0 1 4 818577 42.0153 81675.2 1.44248 1.12081e+07 818577 ZonesAtSurface
424.505 75.0044 -9.96443 28 0 1 4 1.29988e+06 39.5116 111479 1.36222 9.83043e+06 1.29988e+06 ZonesAtSurface
474.457 75.0058 15.0154 9 0 1 4 1.3791e+06 21.3788 78856.2 1.10275 8.67769e+06 1.3791e+06 ZonesAtSurface
524.373 75.0029 139.995 2 0 1 2 1.19343e+06 38.7357 96410.6 1.88028 4.21737e+06 1.19343e+06 ZonesAtSurface
574.367 75.0005 214.988 0 0 2 1 1.04733e+06 15.5097 95053.9 2.09065 1.60539e+06 1.04733e+06 ZonesAtSurface
624.374 75.0022 289.977 3 2 0 0 757429 23.6399 133327 2.58254 954313 757429 ZonesAtSurface
674.381 75.0036 314.963 0 9 0 0 1.48488e+06 33.7555 94957.1 6.05447 972046 1.48488e+06 ZonesAtSurface
724.375 75.0027 289.947 8 0 2 1 540793 19.2863 62085.9 1.1362 1.94253e+06 540793 ZonesAtSurface
774.382 75.0042 314.927 0 9 2 1 890611 40.8551 110103 2.02151 1.91028e+06 890611 ZonesAtSurface
824.375 75.0014 289.907 1 0 2 2 796825 31.597 140522 1.42265 3.13192e+06 796825 ZonesAtSurface
874.38 74.9977 314.881 5 0 1 2 1.16516e+06 20.6057 115398 1.27702 3.4142e+06 1.16516e+06 ZonesAtSurface
924.411 74.9895 389.847 3 0 2 1 1.21149e+06 36.1336 147781 1.95428 3.1578e+06 1.21149e+06 ZonesAtSurface
974.432 74.9882 414.817 4 0 2 1 728121 32.959 142020 1.6858 2.5316e+06 728121 ZonesAtSurface
1024.45 74.9881 439.785 18 0 1 1 756212 16.1082 96997.9 1.3083 2.03578e+06 756212 ZonesAtSurface
1074.51 74.9891 514.749 0 5 0 0 1.3729e+06 19.2245 124543 2.05359 2.01909e+06 1.3729e+06 ZonesAtSurface
1124.51 74.989 489.715 0 0 2 1 870590 20.7794 101158 1.47773 2.15236e+06 870590 ZonesAtSurface
1174.54 74.9899 514.677 0 0 1 1 1.36782e+06 36.6017 66254.4 3.6837 1.98068e+06 1.36782e+06 ZonesAtSurface
1224.62 74.9883 589.633 0 2 0 0 1.25977e+06 15.3708 122887 1.72183 2.0764e+06 1.25977e+06 ZonesAtSurface
1274.62 74.9897 564.59 0 0 1 1 1.27148e+06 15.909 70094 1.43092 2.83835e+06 1.27148e+06 ZonesAtSurface
1324.71 74.9812 639.539 0 0 0 0 608867 36.2462 76376.5 1.95663 2.2749e+06 608867 ZonesAtSurface
1374.75 74.9811 664.496 0 0 0 0 1.23421e+06 17.3128 84925.2 2.07415 1.83327e+06 1.23421e+06 ZonesAtSurface
1424.8 74.9812 689.458 0 0 0 0 638526 36.6979 104855 2.34344 1.72975e+06 638526 ZonesAtSurface
1474.84 74.9829 714.425 0 0 0 0 1.11487e+06 17.5775 73117.9 1.65354 1.92628e+06 1.11487e+06 ZonesAtSurface
1524.84 74.9915 689.396 0 0 2 1 715213 25.3026 87302.3 1.21843 2.44103e+06 715213 ZonesAtSurface
1574.79 74.9982 514.447 5 0 1 5 1.14958e+06 23.9136 84883.5 1.05928 5.28741e+06 1.14958e+06 ZonesAtSurface
1624.82 74.995 439.494 3 0 1 7 100000 5 10000 2.3172 586235 100000 ZonesAtSurface
1674.87 74.9968 464.472 0 0 1 7 875208 19.6465 92460.9 1.31293 3.64039e+06 875208 ZonesAtSurface
1724.92 74.999 489.457 9 0 1 7 998221 38.0884 102984 1.04102 6.57964e+06 998221 ZonesAtSurface
1774.97 75.0004 514.441 7 0 1 7 1.46252e+06 27.1787 55854.1 1.0941 6.1517e+06 1.46252e+06 ZonesAtSurface
1825.01 75.006 589.376 6 0 1 6 1.42216e+06 35.2154 135793 1.05379 6.98342e+06 1.42216e+06 ZonesAtSurface
1875.06 75.0084 614.342 0 0 1 6 1.16745e+06 27.9728 125153 1.02977 5.55176e+06 1.16745e+06 ZonesAtSurface
1925.02 75.0207 839.159 6 10 2 2 566704 41.0233 125075 1.22254 1.80934e+06 566704 ZonesAtSurface
1975.01 75.0184 864.182 10 3 2 2 517608 29.0594 97600.7 1.12239 1.46908e+06 517608 ZonesAtSurface
2025.28 75.0116 576.939 2 0 1 7 749773 37.9149 88910.9 1.0981 5.46858e+06 749773 ZonesAtSurface
2075.4 75.0017 327.245 2 0 1 10 1.0296e+06 30.4463 84424.2 1.03857 8.67155e+06 1.0296e+06 ZonesAtSurface
2125.42 74.9978 227.361 2 0 1 10 1.47117e+06 33.6526 63583.2 1.17353 1.05744e+07 1.47117e+06 ZonesAtSurface
2175.44 74.9992 177.427 2 0 1 9 550629 27.7264 90738.9 1.08557 7.45164e+06 550629 ZonesAtSurface
2225.43 75.0051 127.473 4 0 1 8 100000 5 10000 1.04074 1.03135e+06 100000 ZonesAtSurface
2275.36 75.0004 27.5128 4 0 1 8 935327 26.7328 136974 1.11577 8.78159e+06 935327 ZonesAtSurface
2325.31 75.0039 -22.4704 5 0 1 7 952840 24.4384 123864 1.13488 8.11834e+06 952840 ZonesAtSurface
2375.29 75.0154 -22.4524 47 0 1 5 1.33238e+06 26.2835 71686 1.19692 7.07068e+06 1.33238e+06 ZonesAtSurface
2425.24 75.0199 -22.4427 69 0 1 3 985200 31.0495 77576 1.38827 5.64645e+06 985200 ZonesAtSurface
2475.21 75.0313 -22.3725 69 0 1 1 100000 5 10000 2.27232 168789 100000 ZonesAtSurface
2524.99 75.0444 -2.27026 112 11 0 0 100000 5 10000 0.928746 241640 100000 ZonesAtSurface
2574.9 75.0253 -12.3539 97 0 1 1 518726 40.6068 57454.9 1.3759 6.38985e+06 518726 ZonesAtSurface
2624.86 75.0153 -22.3483 54 0 1 2 783910 34.1917 115279 1.38611 6.78964e+06 783910 ZonesAtSurface
2674.8 75.0068 -32.3734 42 0 1 3 564880 42.884 87044.1 1.13053 1.015e+07 564880 ZonesAtSurface
2724.76 74.999 -42.3933 16 0 1 4 911114 41.942 50321.9 1.34716 1.19387e+07 911114 ZonesAtSurface
2774.69 75.0016 -2.37824 11 0 1 4 1.05699e+06 34.1566 75193.2 1.57949 6.88448e+06 1.05699e+06 ZonesAtSurface
2824.67 74.9949 -12.4034 11 0 1 5 1.43827e+06 30.8998 140039 1.10848 1.03089e+07 1.43827e+06 ZonesAtSurface
2874.65 74.9892 -22.4356 0 0 1 6 1.14634e+06 44.9047 113959 4.41496 8.5268e+06 1.14634e+06 ZonesAtSurface
2924.6 74.9894 17.5492 3 0 1 6 1.38907e+06 20.318 63745 1.14623 7.94054e+06 1.38907e+06 ZonesAtSurface
2974.54 74.9934 107.527 0 0 1 5 1.22643e+06 39.4166 125190 2.03478 7.52541e+06 1.22643e+06 ZonesAtSurface
3024.5 75.0037 197.49 6 0 1 4 1.00069e+06 16.7658 85131.3 1.0384 3.84047e+06 1.00069e+06 ZonesAtSurface
3074.51 75.0095 237.463 5 0 1 4 867901 19.3916 143690 1.19676 3.64614e+06 867901 ZonesAtSurface
3124.53 75.0047 227.443 0 0 1 5 995783 32.0761 94185 1.44872 5.54272e+06 995783 ZonesAtSurface
3174.55 74.9946 167.414 0 0 1 7 1.39366e+06 27.6605 72439.4 1.69075 6.36259e+06 1.39366e+06 ZonesAtSurface
3224.55 74.9954 207.378 0 0 1 7 1.42034e+06 43.9663 116675 3.07181 6.7966e+06 1.42034e+06 ZonesAtSurface
3274.56 75.0006 297.319 0 0 1 6 1.36786e+06 43.3894 128453 2.00129 8.0265e+06 1.36786e+06 ZonesAtSurface
3324.6 75.0112 437.219 6 0 1 4 100000 5 10000 1.14158 389811 100000 ZonesAtSurface
3374.63 75.0019 427.19 10 0 1 5 100000 5 10000 1.12277 684743 100000 ZonesAtSurface
3424.66 74.9971 417.153 4 0 1 6 100000 5 10000 1.07434 801405 100000 ZonesAtSurface
3474.71 74.9963 457.097 7 0 1 6 934053 38.1672 59422.1 1.01263 6.41401e+06 934053 ZonesAtSurface
3524.76 74.9974 497.045 9 0 1 6 1.24717e+06 20.9341 87252 1.01994 4.57297e+06 1.24717e+06 ZonesAtSurface
3574.8 74.9945 487.015 2 0 1 7 1.47978e+06 29.9274 124536 1.00451 6.49744e+06 1.47978e+06 ZonesAtSurface
3624.85 74.9954 526.964 7 0 1 7 571089 43.1626 119906 1.06305 7.32034e+06 571089 ZonesAtSurface
3674.91 74.9982 566.912 0 0 1 7 868212 34.0267 146475 1.03152 5.93833e+06 868212 ZonesAtSurface
3725 75.0113 806.706 2 0 2 3 579272 22.9028 115982 1.1874 2.12939e+06 579272 ZonesAtSurface
3775.02 75.0099 806.705 0 0 1 3 1.4413e+06 32.7084 108470 2.25479 2.82445e+06 1.4413e+06 ZonesAtSurface
3825.03 75.0062 816.723 0 2 1 2 1.38348e+06 18.3385 103042 1.42486 2.90149e+06 1.38348e+06 ZonesAtSurface
3875.06 75.0035 776.764 4 0 1 2 1.14127e+06 26.2869 84457.8 1.38766 3.06118e+06 1.14127e+06 ZonesAtSurface
3925.11 75.0016 736.816 0 0 1 2 1.20203e+06 27.359 74320.7 1.72707 3.02475e+06 1.20203e+06 ZonesAtSurface
3975.12 74.9984 746.865 2 5 2 1 1.38048e+06 24.9853 75358.2 1.19428 4.08152e+06 1.38048e+06 ZonesAtSurface
4025.22 74.999 656.937 0 0 1 2 902849 39.8308 91978.8 1.83461 3.15395e+06 902849 ZonesAtSurface
4075.28 75.0001 617.004 9 0 1 2 746745 33.1649 68237 1.09592 2.98602e+06 746745 ZonesAtSurface
4125.39 75.0019 527.081 1 0 1 3 1.28423e+06 26.2021 81037.5 1.35203 3.92507e+06 1.28423e+06 ZonesAtSurface
4175.4 74.9999 537.128 0 0 2 2 1.22417e+06 28.1431 143543 1.31971 3.64328e+06 1.22417e+06 ZonesAtSurface
4225.44 74.9978 497.183 0 0 1 2 1.07615e+06 34.1959 50830 1.65668 3.24043e+06 1.07615e+06 ZonesAtSurface
4275.49 74.9953 457.233 0 0 2 2 782335 31.8042 135793 1.2617 2.71957e+06 782335 ZonesAtSurface
4325.52 74.9923 417.278 1 0 1 2 602194 27.6516 145320 1.30463 3.12236e+06 602194 ZonesAtSurface
4375.54 74.9939 327.337 4 0 1 3 100000 5 10000 1.36477 527259 100000 ZonesAtSurface
4425.57 74.9933 337.364 10 0 1 2 100000 5 10000 1.2009 593018 100000 ZonesAtSurface
4475.54 74.9932 197.429 0 0 1 4 1.41048e+06 39.2865 95236.6 2.34406 6.42537e+06 1.41048e+06 ZonesAtSurface
4525.51 74.9939 107.469 0 0 1 5 696434 40.1879 129320 3.10102 6.3818e+06 696434 ZonesAtSurface
4575.52 74.9992 117.496 0 0 1 4 1.41209e+06 37.1216 66919 2.13457 6.11724e+06 1.41209e+06 ZonesAtSurface
4625.5 75.0049 77.5109 7 0 1 4 698640 37.2588 99946.5 1.37282 6.2536e+06 698640 ZonesAtSurface
4675.4 74.9971 -12.4788 0 0 1 5 1.09433e+06 43.9876 94643.3 2.39623 1.03855e+07 1.09433e+06 ZonesAtSurface
4725.38 75.0033 -2.45506 23 0 1 4 1.42282e+06 30.7001 128987 1.13949 9.08933e+06 1.42282e+06 ZonesAtSurface
4775.3 74.9975 -42.4652 11 0 1 4 1.07271e+06 44.4467 144845 1.9039 1.32307e+07 1.07271e+06 ZonesAtSurface
4825.23 75.0043 -32.4437 64 0 1 3 1.28106e+06 27.5142 135969 1.24788 8.46576e+06 1.28106e+06 ZonesAtSurface
4875.17 75.0051 -22.4364 80 0 1 2 1.13836e+06 39.5308 132615 1.21166 1.11617e+07 1.13836e+06 ZonesAtSurface
4925.1 75.0114 -12.4226 60 0 1 1 955514 43.3437 127449 1.26174 1.29781e+07 955514 ZonesAtSurface
74.9146 125 -33.8977 75 0 1 1 1.02862e+06 22.1944 145726 1.51109 5.0684e+06 1.02862e+06 ZonesAtSurface
124.833 124.996 -8.86485 91 9 1 1 569110 25.6613 89203 2.08855 1.19815e+06 569110 ZonesAtSurface
174.781 124.994 -33.8868 65 0 1 2 864511 43.0839 57585.2 1.186 6.31634e+06 864511 ZonesAtSurface
224.718 124.993 -8.84822 81 9 1 2 800942 37.1169 121124 1.40067 2.39709e+06 800942 ZonesAtSurface
274.652 124.992 -33.8958 66 0 1 3 711663 30.7788 128356 1.03412 4.64365e+06 711663 ZonesAtSurface
324.6 124.989 -8.88435 64 46 1 3 1.18825e+06 35.5391 118850 1.97159 3.05238e+06 1.18825e+06 ZonesAtSurface
374.558 124.99 -33.9273 56 0 1 4 693207 29.1474 95031.2 1.0739 6.09814e+06 693207 ZonesAtSurface
424.502 124.994 -8.93904 44 0 1 4 1.20839e+06 16.1182 96703.7 1.11537 4.08395e+06 1.20839e+06 ZonesAtSurface
474.49 124.99 -33.9874 2 0 1 5 547121 41.7129 75842.1 2.18625 9.93021e+06 547121 ZonesAtSurface
524.368 124.995 90.9945 6 0 1 3 1.34688e+06 26.073 77803.8 1.23978 4.20291e+06 1.34688e+06 ZonesAtSurface
574.363 124.996 215.99 1 0 2 1 577429 34.9625 59538.7 1.60496 1.85943e+06 577429 ZonesAtSurface
624.37 125.001 240.982 0 0 2 1 1.34986e+06 26.9044 148048 3.04925 1.64015e+06 1.34986e+06 ZonesAtSurface
674.376 125.005 265.969 0 9 2 1 949570 43.2896 130198 2.7149 1.634e+06 949570 ZonesAtSurface
724.37 124.999 190.954 0 0 1 3 1.49633e+06 38.158 127830 3.17328 3.75884e+06 1.49633e+06 ZonesAtSurface
774.368 124.998 215.935 2 0 1 3 591201 21.0467 57531 1.04346 3.53876e+06 591201 ZonesAtSurface
824.366 124.994 240.913 3 0 1 3 957510 29.4654 117054 1.65331 4.21444e+06 957510 ZonesAtSurface
874.368 124.989 265.886 7 0 1 3 1.48749e+06 29.3535 52241.3 1.87325 4.29287e+06 1.48749e+06 ZonesAtSurface
924.404 124.979 390.851 0 10 2 1 1.45634e+06 40.445 133877 3.136 2.2152e+06 1.45634e+06 ZonesAtSurface
974.426 124.98 415.822 0 6 2 1 1.28849e+06 33.1831 135956 2.54009 1.93694e+06 1.28849e+06 ZonesAtSurface
1024.45 124.981 440.791 1 9 1 1 822741 30.5472 94241.6 1.74257 1.86624e+06 822741 ZonesAtSurface
1074.47 124.982 465.757 0 0 2 1 1.32446e+06 33.7076 64518.9 2.51476 2.37885e+06 1.32446e+06 ZonesAtSurface
1124.5 124.984 490.72 0 8 2 1 1.49228e+06 19.6716 68166.7 1.94558 2.27914e+06 1.49228e+06 ZonesAtSurface
1174.53 124.985 515.683 0 0 1 1 1.0865e+06 22.2793 50583.7 1.74867 2.44704e+06 1.0865e+06 ZonesAtSurface
1224.54 124.986 490.649 0 0 1 2 569171 30.8777 136829 1.92551 2.04009e+06 569171 ZonesAtSurface
1274.61 124.983 565.592 1 0 1 1 100000 5 10000 1.23952 343287 100000 ZonesAtSurface
1324.69 124.973 640.545 0 4 0 0 1.27321e+06 15.292 80969.6 3.25397 1.07791e+06 1.27321e+06 ZonesAtSurface
1374.74 124.974 665.504 0 1 0 0 1.46782e+06 36.9246 132999 5.04458 1.36186e+06 1.46782e+06 ZonesAtSurface
1424.78 124.974 690.466 0 0 0 0 740233 20.9611 61708.6 2.19577 1.15368e+06 740233 ZonesAtSurface
1474.82 124.976 715.434 0 0 0 0 722011 39.9904 70745.2 3.01917 1.28634e+06 722011 ZonesAtSurface
1524.8 124.991 640.414 1 0 2 2 802458 35.8854 100297 1.01144 3.3018e+06 802458 ZonesAtSurface
1574.8 124.994 565.428 6 1 2 4 603204 42.4116 67663.9 1.06478 2.38487e+06 603204 ZonesAtSurface
1624.82 124.991 440.499 2 0 1 7 757619 43.2731 110294 1.18039 7.95061e+06 757619 ZonesAtSurface
1674.87 124.988 515.477 10 8 2 6 1.09934e+06 32.1367 78968.9 1.45409 2.65492e+06 1.09934e+06 ZonesAtSurface
1724.91 124.994 490.471 7 0 1 7 989588 19.3949 144329 1.06753 3.29642e+06 989588 ZonesAtSurface
1774.98 124.992 465.494 2 0 1 8 749307 22.0095 61398.2 1.04899 5.30729e+06 749307 ZonesAtSurface
1825 125.008 590.4 4 0 1 6 1.12428e+06 37.4957 84655.7 1.07685 5.00823e+06 1.12428e+06 ZonesAtSurface
1875.05 125.012 615.356 2 0 1 6 752069 29.9073 54640.6 1.1034 4.03333e+06 752069 ZonesAtSurface
1925.1 125.023 740.172 0 0 2 4 1.23925e+06 21.0547 134623 1.24738 2.92483e+06 1.23925e+06 ZonesAtSurface
1975.18 125.019 715.225 3 3 2 5 1.06796e+06 21.9418 128849 1.27683 2.46073e+06 1.06796e+06 ZonesAtSurface
2025.33 125.01 528.001 3 0 1 8 906195 21.9359 55856.3 1.04682 3.1606e+06 906195 ZonesAtSurface
2075.43 124.999 378.226 7 0 1 9 889345 17.7699 84689 1.06903 2.77968e+06 889345 ZonesAtSurface
2125.44 124.993 228.382 2 0 1 10 1.25174e+06 27.4377 136805 1.09587 8.23613e+06 1.25174e+06 ZonesAtSurface
2175.41 124.988 128.461 2 0 1 10 100000 5 10000 0.982834 1.36832e+06 100000 ZonesAtSurface
2225.35 124.984 28.5078 0 0 1 10 1.42446e+06 25.5594 136630 1.5063 8.18715e+06 1.42446e+06 ZonesAtSurface
2275.32 124.982 -21.4784 0 0 1 9 1.0856e+06 44.9438 69932.7 4.16962 8.3597e+06 1.0856e+06 ZonesAtSurface
2325.32 124.993 -21.4501 28 0 1 7 1.34105e+06 23.8598 72963.5 1.31796 5.35413e+06 1.34105e+06 ZonesAtSurface
2375.33 125.001 -21.417 57 0 1 5 100000 5 10000 1.39394 246910 100000 ZonesAtSurface
2425.28 124.997 -21.4002 70 0 1 3 100000 5 10000 1.40582 335771 100000 ZonesAtSurface
2475.24 124.996 -21.2648 70 0 1 1 100000 5 10000 4.23425 125268 100000 ZonesAtSurface
2524.96 125.021 -1.1312 58 59 0 0 847389 42.2149 51752.2 2.10611 1.83132e+06 847389 ZonesAtSurface
2574.87 125.003 -11.2863 101 42 1 1 913108 34.1114 83400.8 1.32681 2.72088e+06 913108 ZonesAtSurface
2624.85 125 -21.2853 63 0 1 2 986138 27.4609 98423.8 2.10772 3.19249e+06 986138 ZonesAtSurface
2674.79 124.993 -31.3452 52 0 1 3 1.21597e+06 22.3046 123991 1.05709 4.14894e+06 1.21597e+06 ZonesAtSurface
2724.75 124.987 -41.3827 33 0 1 4 993028 21.2437 145688 1.02023 6.55384e+06 993028 ZonesAtSurface
2774.7 124.986 -1.3604 26 1 1 4 976547 42.7574 95022.4 1.80511 3.43449e+06 976547 ZonesAtSurface
2824.66 124.981 -11.3957 20 0 1 5 672282 17.5088 55074.4 1.03572 4.76539e+06 672282 ZonesAtSurface
2874.65 124.981 -21.4343 0 0 1 6 1.48733e+06 40.6116 92319.1 3.2769 8.67044e+06 1.48733e+06 ZonesAtSurface
2924.56 124.979 68.5569 6 0 1 5 1.47314e+06 16.7732 122082 1.04378 4.71496e+06 1.47314e+06 ZonesAtSurface
2974.57 124.985 58.5315 0 0 1 6 1.08713e+06 40.8099 100521 2.5557 7.53847e+06 1.08713e+06 ZonesAtSurface
3024.51 124.993 148.504 3 0 1 5 1.25126e+06 39.4422 51968.9 1.6136 6.71405e+06 1.25126e+06 ZonesAtSurface
3074.53 124.992 138.477 2 0 1 6 546167 27.5557 120227 1.15565 5.75183e+06 546167 ZonesAtSurface
3124.52 124.991 178.452 5 0 1 6 1.28343e+06 17.0151 91313.2 1.04157 5.09295e+06 1.28343e+06 ZonesAtSurface
3174.53 124.988 218.43 9 0 2 6 1.10876e+06 26.4201 134039 1.07682 4.80003e+06 1.10876e+06 ZonesAtSurface
3224.55 124.989 208.389 0 0 1 7 1.07531e+06 33.3094 90491.7 1.60188 6.29384e+06 1.07531e+06 ZonesAtSurface
3274.56 124.991 248.346 3 0 1 7 1.4274e+06 30.2204 120118 1.42741 7.72445e+06 1.4274e+06 ZonesAtSurface
3324.57 124.997 338.273 5 0 1 6 792154 25.149 112055 1.05864 3.62962e+06 792154 ZonesAtSurface
3374.62 125.003 428.198 8 0 1 5 767178 36.3066 62826.8 1.07864 3.29459e+06 767178 ZonesAtSurface
3424.66 124.99 368.19 0 0 1 7 100000 5 10000 1.00906 934416 100000 ZonesAtSurface
3474.71 124.991 458.109 10 0 1 6 994520 33.7773 56975.9 1.02665 4.74729e+06 994520 ZonesAtSurface
3524.75 124.989 448.078 9 0 1 7 1.31026e+06 38.0748 98189.3 1.04288 8.00962e+06 1.31026e+06 ZonesAtSurface
3574.8 124.989 488.028 1 0 1 7 794942 15.384 90823.2 1.01885 3.19065e+06 794942 ZonesAtSurface
3624.85 124.99 478.005 0 0 1 8 795717 36.8044 111441 1.15151 8.31704e+06 795717 ZonesAtSurface
3674.9 124.996 567.927 6 0 1 7 661173 33.9874 142658 1.06917 4.55107e+06 661173 ZonesAtSurface
3724.99 125.012 757.726 5 10 2 4 1.26195e+06 24.804 95589 1.32025 2.98108e+06 1.26195e+06 ZonesAtSurface
3775.02 125.016 807.706 0 0 2 3 908903 33.3308 127948 1.48113 2.72527e+06 908903 ZonesAtSurface
3825.06 125.011 767.737 0 2 2 3 1.44775e+06 37.0924 101675 2.8443 2.3834e+06 1.44775e+06 ZonesAtSurface
3875.11 125.007 727.784 10 0 1 3 779551 25.9985 115396 1.24848 2.11559e+06 779551 ZonesAtSurface
3925.16 125.006 687.838 5 0 2 3 785716 41.8679 100212 1.1844 3.11259e+06 785716 ZonesAtSurface
3975.17 125.002 697.886 0 8 2 2 1.44907e+06 37.1329 112128 2.15437 2.64129e+06 1.44907e+06 ZonesAtSurface
4025.24 125 657.948 0 9 2 2 1.29156e+06 33.8105 120758 1.67169 2.83139e+06 1.29156e+06 ZonesAtSurface
4075.39 125.002 518.046 11 0 1 4 1.30182e+06 16.8262 126187 1.34556 3.59918e+06 1.30182e+06 ZonesAtSurface
4125.4 124.998 528.093 8 0 1 3 654257 27.8626 67470.2 1.80691 2.75798e+06 654257 ZonesAtSurface
4175.45 124.995 488.143 1 0 1 3 815772 29.0961 96818.8 1.66854 2.70084e+06 815772 ZonesAtSurface
4225.5 124.994 448.195 0 0 1 3 768414 38.5517 93572.6 1.95192 3.35511e+06 768414 ZonesAtSurface
4275.51 124.989 458.241 0 0 1 2 1.16468e+06 42.45 59825.4 3.60511 2.94011e+06 1.16468e+06 ZonesAtSurface
4325.54 124.986 418.284 0 0 1 2 1.29273e+06 37.1654 62307.2 3.73197 2.17715e+06 1.29273e+06 ZonesAtSurface
4375.54 124.974 428.325 1 2 2 1 813725 36.7666 83034.4 2.7049 1.28022e+06 813725 ZonesAtSurface
4425.55 124.988 238.396 2 0 1 4 741209 31.2322 91871.5 1.10681 5.18797e+06 741209 ZonesAtSurface
4475.59 124.98 248.411 3 0 2 3 100000 5 10000 1.0826 347465 100000 ZonesAtSurface
4525.52 124.988 108.471 0 0 1 5 1.03952e+06 41.9114 135880 2.47906 6.65342e+06 1.03952e+06 ZonesAtSurface
4575.5 124.99 68.4951 0 0 1 5 1.47024e+06 40.2943 129372 2.11697 6.97007e+06 1.47024e+06 ZonesAtSurface
4625.47 124.99 28.5124 10 0 1 5 706111 28.7456 108544 1.05715 6.84002e+06 706111 ZonesAtSurface
4675.41 124.99 -11.4741 24 0 1 5 1.10391e+06 20.0874 77635 1.01908 7.80317e+06 1.10391e+06 ZonesAtSurface
4725.39 124.993 -1.43882 31 0 1 4 1.41899e+06 28.4503 113703 1.14049 4.68699e+06 1.41899e+06 ZonesAtSurface
4775.31 124.992 -41.4501 28 0 1 4 1.07616e+06 19.9274 51112.2 1.04024 7.6451e+06 1.07616e+06 ZonesAtSurface
4825.22 124.999 -31.4216 50 0 1 3 1.01873e+06 35.9323 83534.9 1.2253 6.17245e+06 1.01873e+06 ZonesAtSurface
4875.16 124.998 -21.4145 75 0 1 2 1.10863e+06 41.7877 138521 1.24443 7.6665e+06 1.10863e+06 ZonesAtSurface
4925.08 125.007 -11.3856 57 0 1 1 1.36078e+06 43.8655 143375 2.07216 5.7123e+06 1.36078e+06 ZonesAtSurface
74.9177 174.988 -32.8792 77 0 1 1 1.26573e+06 15.3886 64320.7 1.55182 3.56959e+06 1.26573e+06 ZonesAtSurface
124.826 174.98 -7.84416 77 45 1 1 1.24975e+06 22.8525 93156.6 2.79519 1.57509e+06 1.24975e+06 ZonesAtSurface
174.778 174.983 -32.871 54 0 1 2 562797 28.6592 91117 1.38745 4.32694e+06 562797 ZonesAtSurface
224.709 174.979 -7.83774 83 0 1 2 826196 18.2013 128723 1.67873 1.68574e+06 826196 ZonesAtSurface
274.654 174.981 -32.8771 76 0 1 3 1.41576e+06 18.2714 98385.8 1.05836 4.51827e+06 1.41576e+06 ZonesAtSurface
324.596 174.976 -7.86471 70 0 1 3 635089 30.2196 92516.5 2.92356 1.50904e+06 635089 ZonesAtSurface
374.551 174.979 -32.9136 62 0 1 4 611570 16.553 51040 1.08694 3.88678e+06 611570 ZonesAtSurface
424.492 174.973 -7.93066 38 0 1 4 508598 33.6275 100791 1.28023 4.07171e+06 508598 ZonesAtSurface
474.483 174.979 -32.9813 11 0 1 5 834359 29.5145 74721.9 1.27395 9.39314e+06 834359 ZonesAtSurface
524.396 174.981 42.0059 4 0 1 4 820459 36.0527 107646 1.39376 6.477e+06 820459 ZonesAtSurface
574.361 174.99 216.998 0 8 1 1 1.21037e+06 33.7608 128403 1.93236 2.19868e+06 1.21037e+06 ZonesAtSurface
624.37 174.999 191.992 1 0 1 2 881990 36.9956 100541 2.04395 2.98517e+06 881990 ZonesAtSurface
674.374 174.999 166.98 5 0 2 3 1.25516e+06 24.1864 133084 1.62497 4.17413e+06 1.25516e+06 ZonesAtSurface
724.375 174.989 141.961 0 0 1 4 625964 44.4632 50362.4 3.7877 4.29045e+06 625964 ZonesAtSurface
774.368 174.987 166.942 0 0 1 4 1.20207e+06 32.4696 78858.2 2.26569 4.90973e+06 1.20207e+06 ZonesAtSurface
824.363 174.984 191.918 0 0 1 4 1.01626e+06 30.171 64275.2 1.86417 4.76892e+06 1.01626e+06 ZonesAtSurface
874.361 174.973 316.882 5 0 2 2 1.47159e+06 23.452 100510 1.98112 2.78309e+06 1.47159e+06 ZonesAtSurface
924.38 174.978 341.856 0 0 2 2 1.49288e+06 23.9011 57328.1 2.26104 2.30284e+06 1.49288e+06 ZonesAtSurface
974.417 174.974 416.828 0 0 2 1 886324 42.7186 60855.2 3.82743 1.46082e+06 886324 ZonesAtSurface
1024.44 174.975 441.8 0 0 2 1 926248 31.3574 89761.4 2.39952 1.65458e+06 926248 ZonesAtSurface
1074.44 174.981 416.767 0 0 1 2 1.13983e+06 37.006 104723 1.80559 3.2148e+06 1.13983e+06 ZonesAtSurface
1124.49 174.977 491.729 0 0 1 1 1.2589e+06 26.307 57079.3 2.17813 2.33219e+06 1.2589e+06 ZonesAtSurface
1174.49 174.982 466.695 0 0 1 2 901582 20.9576 95586 1.60354 2.25887e+06 901582 ZonesAtSurface
1224.55 174.976 541.643 7 0 2 1 100000 5 10000 1.31029 338806 100000 ZonesAtSurface
1274.63 174.967 616.595 0 8 0 0 918973 23.7693 130504 3.44329 909102 918973 ZonesAtSurface
1324.68 174.968 641.555 0 1 0 0 671213 33.0493 92139 3.88474 890431 671213 ZonesAtSurface
1374.73 174.969 666.515 0 0 0 0 958639 44.9962 73587 7.49593 885021 958639 ZonesAtSurface
1424.77 174.97 691.477 0 0 0 0 514546 38.4087 79640.9 3.90625 845670 514546 ZonesAtSurface
1474.81 174.971 716.445 0 0 0 0 1.02723e+06 26.9349 79836.9 4.78718 776846 1.02723e+06 ZonesAtSurface
1524.82 174.983 691.418 0 5 2 1 1.09086e+06 17.9104 63571.9 2.0753 1.52589e+06 1.09086e+06 ZonesAtSurface
1574.78 174.991 516.461 0 0 1 5 570244 32.4797 143875 1.03049 4.42185e+06 570244 ZonesAtSurface
1624.82 174.988 441.506 2 0 1 7 881058 24.1974 130523 1.17134 4.60093e+06 881058 ZonesAtSurface
1674.86 174.985 516.492 5 9 1 6 1.30492e+06 20.6143 72708.1 1.72225 2.1802e+06 1.30492e+06 ZonesAtSurface
1724.91 174.989 491.492 6 0 2 7 1.22428e+06 21.105 148571 1.03094 3.5146e+06 1.22428e+06 ZonesAtSurface
1774.97 174.989 466.513 4 0 1 8 998156 20.1179 61977.4 1.10646 4.86061e+06 998156 ZonesAtSurface
1825.02 174.994 491.501 1 0 1 8 527860 37.2178 114713 1.01219 6.9104e+06 527860 ZonesAtSurface
1875.07 175.015 616.361 6 0 1 6 1.15626e+06 34.6641 142055 1.14002 4.18321e+06 1.15626e+06 ZonesAtSurface
1925.12 175.024 741.163 2 3 2 4 808252 29.9304 94284.1 1.29818 2.05609e+06 808252 ZonesAtSurface
1975.21 175.018 716.221 0 10 2 5 635545 40.6347 133160 1.59835 1.71615e+06 635545 ZonesAtSurface
2025.38 175.008 578.915 7 4 1 7 100000 5 10000 0.865899 256152 100000 ZonesAtSurface
2075.45 174.996 379.247 6 0 1 9 1.4531e+06 22.3355 115509 1.05095 4.42755e+06 1.4531e+06 ZonesAtSurface
2125.46 174.986 229.407 2 0 1 10 573688 32.3652 137566 1.05047 7.9274e+06 573688 ZonesAtSurface
2175.43 174.98 129.479 2 0 1 10 1.0365e+06 22.032 51289.2 1.00288 6.05195e+06 1.0365e+06 ZonesAtSurface
2225.37 174.975 29.5209 3 0 1 10 100000 5 10000 0.993297 1.74694e+06 100000 ZonesAtSurface
2275.34 174.971 -20.4663 13 0 1 9 726161 20.8476 57181.1 1.11435 6.93657e+06 726161 ZonesAtSurface
2325.34 174.974 -20.433 34 0 1 7 100000 5 10000 1.38213 270564 100000 ZonesAtSurface
2375.34 174.969 -20.3992 57 0 1 5 100000 5 10000 2.61336 121354 100000 ZonesAtSurface
2425.28 174.966 -20.3698 71 10 1 3 869368 24.9935 137694 1.59899 2.188e+06 869368 ZonesAtSurface
2475.23 174.966 -20.2837 71 0 1 1 584044 15.1463 133302 2.98751 776719 584044 ZonesAtSurface
2524.97 175.009 -0.190508 62 59 0 0 1.12767e+06 24.6847 60504 3.04312 1.14319e+06 1.12767e+06 ZonesAtSurface
2574.89 174.983 -10.266 72 45 1 1 1.40988e+06 30.7059 135577 3.00839 1.86188e+06 1.40988e+06 ZonesAtSurface
2624.86 174.985 -20.2646 45 0 1 2 1.46562e+06 39.3407 145253 2.76619 3.88608e+06 1.46562e+06 ZonesAtSurface
2674.79 174.981 -30.3337 57 0 1 3 1.06706e+06 20.6251 50025.3 1.01455 3.9132e+06 1.06706e+06 ZonesAtSurface
2724.74 174.976 -40.3763 14 0 1 4 904868 44.7374 115592 1.01133 1.01653e+07 904868 ZonesAtSurface
2774.69 174.973 -0.359503 40 0 1 4 955529 22.9611 116403 1.59061 2.41362e+06 955529 ZonesAtSurface
2824.66 174.971 -10.397 6 0 1 5 774284 43.5814 96143.8 1.11451 1.12362e+07 774284 ZonesAtSurface
2874.65 174.974 -20.4308 0 0 1 6 647174 33.5807 97800.5 1.97962 8.75703e+06 647174 ZonesAtSurface
2924.5 174.968 119.555 2 0 2 4 100000 5 10000 0.943787 424387 100000 ZonesAtSurface
2974.56 174.981 59.5359 0 0 1 6 652163 40.3469 87868.1 2.52396 7.66202e+06 652163 ZonesAtSurface
3024.5 174.988 149.514 3 0 2 5 1.35077e+06 27.8362 106162 1.12697 4.86847e+06 1.35077e+06 ZonesAtSurface
3074.52 174.987 139.484 1 0 1 6 1.13441e+06 25.7604 79757 1.16492 5.49556e+06 1.13441e+06 ZonesAtSurface
3124.52 174.982 179.462 0 0 1 6 1.34263e+06 34.706 77607.6 1.33744 6.02577e+06 1.34263e+06 ZonesAtSurface
3174.52 174.977 219.437 3 1 2 6 1.24606e+06 43.777 128672 1.09522 4.9957e+06 1.24606e+06 ZonesAtSurface
3224.54 174.978 209.398 0 0 1 7 705720 42.526 57961.6 2.23348 5.61752e+06 705720 ZonesAtSurface
3274.57 174.98 199.365 0 0 1 8 1.43502e+06 35.8172 71739 2.61566 6.73388e+06 1.43502e+06 ZonesAtSurface
3324.56 174.994 339.282 7 0 1 6 100000 5 10000 1.29297 539679 100000 ZonesAtSurface
3374.6 175.005 379.226 9 3 1 6 1.29195e+06 40.9668 71811.2 1.17395 4.95638e+06 1.29195e+06 ZonesAtSurface
3424.65 174.989 369.2 5 0 1 7 1.05597e+06 24.3883 140273 1.01967 5.01959e+06 1.05597e+06 ZonesAtSurface
3474.69 174.987 459.12 10 0 2 6 1.40786e+06 21.7922 51470.1 1.08325 3.86662e+06 1.40786e+06 ZonesAtSurface
3524.74 174.984 449.091 8 0 1 7 886414 15.837 57125.2 1.01054 3.94887e+06 886414 ZonesAtSurface
3574.79 174.984 489.043 6 0 1 7 1.07418e+06 38.8056 58749.8 1.01245 6.0694e+06 1.07418e+06 ZonesAtSurface
3624.84 174.987 479.022 0 0 1 8 1.31219e+06 39.2803 113857 1.70181 7.62125e+06 1.31219e+06 ZonesAtSurface
3674.9 174.99 518.978 0 0 1 8 1.46834e+06 43.5067 115055 1.3379 6.96301e+06 1.46834e+06 ZonesAtSurface
3724.99 175.015 758.733 10 9 2 4 564465 29.8968 140809 1.75002 989240 564465 ZonesAtSurface
3775.05 175.01 708.764 2 0 1 5 759043 38.6659 120375 1.0746 4.04022e+06 759043 ZonesAtSurface
3825.09 175.01 718.771 4 0 1 4 540150 26.915 149218 1.23269 1.85788e+06 540150 ZonesAtSurface
3875.11 175.009 728.801 0 8 2 3 1.31203e+06 39.5098 75426.8 2.48123 2.28809e+06 1.31203e+06 ZonesAtSurface
3925.21 175.008 638.872 3 0 1 4 791489 16.807 90812.9 1.07651 2.57953e+06 791489 ZonesAtSurface
3975.27 175.007 598.932 0 0 1 4 1.39438e+06 40.5556 61584.6 1.98545 4.48159e+06 1.39438e+06 ZonesAtSurface
4025.34 175.004 558.997 5 0 1 4 1.25946e+06 20.7244 127376 1.09842 3.86318e+06 1.25946e+06 ZonesAtSurface
4075.4 175.001 519.061 3 0 1 4 952309 30.2418 59275.9 1.35978 3.38242e+06 952309 ZonesAtSurface
4125.41 174.993 529.111 0 4 2 3 930234 38.9879 146987 2.58403 1.89363e+06 930234 ZonesAtSurface
4175.43 174.979 539.156 0 10 2 2 1.14093e+06 35.8593 120170 3.38639 1.32994e+06 1.14093e+06 ZonesAtSurface
4225.48 174.982 499.205 0 7 2 2 1.12321e+06 27.515 124723 2.12011 1.99018e+06 1.12321e+06 ZonesAtSurface
4275.52 174.984 459.252 0 0 2 2 835216 15.2203 59738.7 1.27456 1.79129e+06 835216 ZonesAtSurface
4325.55 174.984 419.294 0 0 2 2 853433 32.6231 98463.6 2.356 1.90716e+06 853433 ZonesAtSurface
4375.55 174.975 429.331 0 6 2 1 1.00176e+06 42.9646 93361 4.67377 1.114e+06 1.00176e+06 ZonesAtSurface
4425.58 174.971 389.366 0 3 2 1 1.18743e+06 32.1212 120073 3.03428 1.40327e+06 1.18743e+06 ZonesAtSurface
4475.6 174.967 349.398 2 5 2 1 539994 19.8584 71201.9 1.08543 1.36018e+06 539994 ZonesAtSurface
4525.64 174.964 259.431 9 4 2 2 797091 35.9588 115150 1.29799 2.31976e+06 797091 ZonesAtSurface
4575.5 174.984 69.4992 6 0 1 5 734750 25.1864 60376.1 1.0078 6.03028e+06 734750 ZonesAtSurface
4625.53 174.978 79.5151 0 0 1 4 1.36082e+06 27.2362 56354.6 1.11326 4.61429e+06 1.36082e+06 ZonesAtSurface
4675.42 174.984 -10.4694 12 0 1 5 1.49412e+06 32.204 146644 1.21505 1.01099e+07 1.49412e+06 ZonesAtSurface
4725.4 174.99 -0.432409 37 0 1 4 1.4699e+06 18.1763 146774 1.21124 3.84754e+06 1.4699e+06 ZonesAtSurface
4775.31 174.991 -40.4339 37 0 1 4 1.45226e+06 22.274 106185 1.02846 6.75264e+06 1.45226e+06 ZonesAtSurface
4825.23 174.997 -30.4106 48 0 1 3 1.2635e+06 34.3377 123002 1.19544 4.94319e+06 1.2635e+06 ZonesAtSurface
4875.16 174.992 -20.381 65 0 1 2 1.43135e+06 15.3726 79184.7 1.40957 2.91294e+06 1.43135e+06 ZonesAtSurface
4925.06 174.991 -10.3406 66 0 1 1 100000 5 10000 1.63149 387434 100000 ZonesAtSurface
74.9195 224.98 -31.8711 71 0 1 1 1.27176e+06 30.9621 103079 1.41623 6.92215e+06 1.27176e+06 ZonesAtSurface
124.83 224.975 -6.83376 89 40 1 1 961933 26.8739 60306.1 3.60235 1.10311e+06 961933 ZonesAtSurface
174.771 224.976 -31.8675 68 0 1 2 1.47597e+06 23.928 115007 1.29346 5.15213e+06 1.47597e+06 ZonesAtSurface
224.705 224.974 -6.8366 53 50 1 2 1.43872e+06 34.6627 126768 2.34271 3.09666e+06 1.43872e+06 ZonesAtSurface
274.656 224.974 -31.8629 52 0 1 3 1.33997e+06 38.0858 121384 1.137 7.32536e+06 1.33997e+06 ZonesAtSurface
324.587 224.97 -6.85416 75 10 1 3 1.48871e+06 15.5295 63301.9 1.54494 2.89045e+06 1.48871e+06 ZonesAtSurface
374.54 224.971 -31.9182 42 0 1 4 914560 27.4896 116372 1.02995 6.97058e+06 914560 ZonesAtSurface
424.477 224.965 -6.9411 31 0 1 4 1.24051e+06 40.8114 111812 1.0611 7.61645e+06 1.24051e+06 ZonesAtSurface
474.43 224.966 18.033 0 0 1 4 1.06864e+06 35.8546 103617 1.55942 8.82425e+06 1.06864e+06 ZonesAtSurface
524.35 224.974 143.013 10 5 2 2 566686 23.1275 145013 1.2311 1.25774e+06 566686 ZonesAtSurface
574.362 224.982 168.011 0 0 2 2 1.36586e+06 29.1021 76128.6 1.86518 3.1361e+06 1.36586e+06 ZonesAtSurface
624.374 224.984 143.008 0 0 1 3 1.24101e+06 34.9244 57333.9 2.4117 3.95572e+06 1.24101e+06 ZonesAtSurface
674.379 224.982 117.99 0 0 1 4 772669 31.7796 109619 1.93228 4.64793e+06 772669 ZonesAtSurface
724.372 224.981 142.976 4 0 1 4 543519 42.5733 87963.9 1.99756 4.9903e+06 543519 ZonesAtSurface
774.376 224.979 117.945 0 0 1 5 1.26877e+06 31.9603 84967.8 2.9536 4.74826e+06 1.26877e+06 ZonesAtSurface
824.333 224.973 242.919 5 0 1 3 100000 5 10000 0.974744 493531 100000 ZonesAtSurface
874.373 224.964 367.882 0 6 2 1 918644 43.5275 139559 3.01588 1.33791e+06 918644 ZonesAtSurface
924.391 224.968 392.86 0 0 2 1 761645 42.9732 106105 3.78656 1.02962e+06 761645 ZonesAtSurface
974.41 224.971 417.836 0 5 2 1 1.48071e+06 38.236 70429.3 6.01648 1.08913e+06 1.48071e+06 ZonesAtSurface
1024.43 224.973 442.809 0 0 2 1 855306 34.523 148437 2.99195 1.13874e+06 855306 ZonesAtSurface
1074.43 224.978 417.778 0 0 2 2 657725 19.4675 149009 1.06763 2.34281e+06 657725 ZonesAtSurface
1124.45 224.978 442.741 1 0 2 2 1.04319e+06 30.703 66140.7 1.32365 3.23e+06 1.04319e+06 ZonesAtSurface
1174.53 224.964 567.683 0 9 0 0 1.36352e+06 16.8449 102228 3.01312 1.28364e+06 1.36352e+06 ZonesAtSurface
1224.54 224.973 542.647 0 4 2 1 901944 40.4469 55258.3 1.85456 2.42525e+06 901944 ZonesAtSurface
1274.62 224.963 617.606 0 0 0 0 514309 34.8654 114874 5.17598 599303 514309 ZonesAtSurface
1324.67 224.964 642.568 0 0 0 0 513653 39.3646 87962.8 4.72746 826431 513653 ZonesAtSurface
1374.68 224.973 617.532 0 0 2 1 939151 42.076 72493.3 4.45116 1.65202e+06 939151 ZonesAtSurface
1424.73 224.974 642.496 0 0 2 1 1.29142e+06 15.5812 134633 2.03162 1.84573e+06 1.29142e+06 ZonesAtSurface
1474.77 224.978 667.463 0 0 2 1 973481 26.1944 71293.8 1.91349 1.86054e+06 973481 ZonesAtSurface
1524.78 224.989 642.439 9 3 2 2 730464 43.4553 122401 1.05459 2.75265e+06 730464 ZonesAtSurface
1574.77 224.987 517.474 5 0 1 5 1.35068e+06 33.6341 91911.9 1.01332 6.37324e+06 1.35068e+06 ZonesAtSurface
1624.81 224.983 442.519 1 0 1 7 935533 34.3211 60191.7 1.07569 5.74582e+06 935533 ZonesAtSurface
1674.85 224.983 467.516 1 0 1 7 1.43513e+06 20.3759 96329.3 1.17355 4.29149e+06 1.43513e+06 ZonesAtSurface
1724.9 224.984 492.516 7 0 1 7 548085 17.6892 124147 1.05865 1.94764e+06 548085 ZonesAtSurface
1774.96 224.986 467.529 3 0 1 8 1.4577e+06 43.7666 137619 1.03355 7.41596e+06 1.4577e+06 ZonesAtSurface
1825 224.997 542.482 7 4 1 7 939531 36.7972 58677.4 1.26813 3.38149e+06 939531 ZonesAtSurface
1875.09 225.018 617.346 10 0 1 6 100000 5 10000 1.08468 311747 100000 ZonesAtSurface
1925.13 225.028 742.177 7 6 2 4 1.12779e+06 15.8154 139837 1.44548 1.99279e+06 1.12779e+06 ZonesAtSurface
1975.27 225.02 667.259 0 1 2 6 1.49374e+06 18.53 111121 1.58299 2.6125e+06 1.49374e+06 ZonesAtSurface
2025.42 225.003 529.985 3 0 1 8 100000 5 10000 1.12642 297940 100000 ZonesAtSurface
2075.45 224.993 330.32 2 0 1 10 1.11919e+06 16.5049 128259 1.07406 3.63143e+06 1.11919e+06 ZonesAtSurface
2125.47 224.986 230.429 2 0 1 10 1.33061e+06 43.1875 129522 1.10388 1.122e+07 1.33061e+06 ZonesAtSurface
2175.44 224.979 130.496 2 0 1 10 972151 15.2001 132694 1.00483 4.79535e+06 972151 ZonesAtSurface
2225.38 224.974 30.5331 2 0 1 10 1.47723e+06 15.7865 132406 1.00524 7.40934e+06 1.47723e+06 ZonesAtSurface
2275.35 224.971 -19.456 8 0 1 9 100000 5 10000 1.1385 1.449e+06 100000 ZonesAtSurface
2325.35 224.968 -19.4239 30 0 1 7 936056 19.4897 87357.6 1.47801 2.54545e+06 936056 ZonesAtSurface
2375.32 224.959 -19.3882 53 0 1 5 584646 34.0445 124835 2.50103 2.28791e+06 584646 ZonesAtSurface
2425.27 224.961 -19.3518 72 0 1 3 805196 41.4893 87159.9 1.93537 3.89532e+06 805196 ZonesAtSurface
2475.21 224.967 -19.3216 72 0 1 1 602669 24.5396 106184 4.1693 1.15507e+06 602669 ZonesAtSurface
2525.02 224.977 -49.3379 60 0 1 1 624618 43.4235 113336 1.35892 8.00585e+06 624618 ZonesAtSurface
2574.92 224.975 -9.26106 95 0 1 1 662722 33.7864 77273 2.26046 1.78034e+06 662722 ZonesAtSurface
2624.88 224.977 -19.2732 72 0 1 2 558296 26.8493 143216 2.53242 1.97569e+06 558296 ZonesAtSurface
2674.81 224.973 -29.3242 55 0 1 3 1.32534e+06 30.1709 107830 1.02102 5.62875e+06 1.32534e+06 ZonesAtSurface
2724.75 224.968 -39.3728 41 0 1 4 541796 25.6689 142828 1.00948 5.97574e+06 541796 ZonesAtSurface
2774.73 224.967 -49.3949 0 0 1 5 760117 36.1679 57677.1 1.57035 9.54257e+06 760117 ZonesAtSurface
2824.66 224.965 -9.39893 4 0 1 5 519904 42.742 99634.4 1.18346 1.15044e+07 519904 ZonesAtSurface
2874.46 224.956 130.575 10 5 2 3 100000 5 10000 0.476998 459458 100000 ZonesAtSurface
2924.49 224.971 120.557 4 0 2 4 1.15573e+06 26.5631 66725.9 1.32283 3.27945e+06 1.15573e+06 ZonesAtSurface
2974.49 224.978 160.546 6 0 2 4 875340 41.2734 149384 1.69316 3.0045e+06 875340 ZonesAtSurface
3024.52 224.983 100.519 0 0 1 6 1.10221e+06 38.4833 122274 1.44033 7.83647e+06 1.10221e+06 ZonesAtSurface
3074.51 224.981 140.494 0 0 1 6 743251 35.068 90103.9 1.42884 5.99215e+06 743251 ZonesAtSurface
3124.51 224.975 180.468 2 0 1 6 1.04343e+06 38.8632 118257 1.31837 6.27893e+06 1.04343e+06 ZonesAtSurface
3174.53 224.975 170.433 0 0 1 7 562040 41.1986 60469.9 2.15938 6.55173e+06 562040 ZonesAtSurface
3224.54 224.97 210.402 4 0 1 7 727196 16.6242 109619 1.03368 4.12687e+06 727196 ZonesAtSurface
3274.55 224.968 250.367 0 0 1 7 1.1805e+06 35.8975 141174 1.74484 6.73012e+06 1.1805e+06 ZonesAtSurface
3324.58 224.974 240.337 9 0 1 8 957115 21.2198 65293.6 1.06126 6.1469e+06 957115 ZonesAtSurface
3374.61 224.978 280.291 3 0 1 8 100000 5 10000 1.05691 1.32437e+06 100000 ZonesAtSurface
3424.65 224.982 320.235 5 0 1 8 1.33913e+06 16.1497 72984.3 1.01004 5.63237e+06 1.33913e+06 ZonesAtSurface
3474.69 224.981 410.156 3 0 1 7 885873 43.5454 130108 1.07208 8.53946e+06 885873 ZonesAtSurface
3524.73 224.98 450.103 7 0 1 7 950030 22.4609 82859.7 1.01504 5.10364e+06 950030 ZonesAtSurface
3574.78 224.983 540.022 3 0 1 6 979196 35.2064 66877 1.14161 4.46561e+06 979196 ZonesAtSurface
3624.84 224.983 480.042 1 0 1 8 1.10003e+06 34.7078 102305 1.50499 6.9313e+06 1.10003e+06 ZonesAtSurface
3674.91 224.991 569.948 4 0 1 7 100000 5 10000 0.985465 709921 100000 ZonesAtSurface
3724.99 225 659.829 3 0 1 6 1.08113e+06 41.456 55311.5 1.05839 4.87485e+06 1.08113e+06 ZonesAtSurface
3775.06 225.003 659.819 7 0 2 6 1.39082e+06 15.7485 51032.8 1.02338 3.82877e+06 1.39082e+06 ZonesAtSurface
3825.09 225.009 719.79 10 0 2 4 585468 34.7531 89328.4 1.47642 2.05529e+06 585468 ZonesAtSurface
3875.18 225.004 629.865 5 0 1 5 1.29101e+06 22.3531 111635 1.08064 3.92793e+06 1.29101e+06 ZonesAtSurface
3925.21 225.008 639.895 10 0 2 4 1.4999e+06 21.9675 118807 1.06077 4.23693e+06 1.4999e+06 ZonesAtSurface
3975.28 225.007 599.954 5 0 1 4 940594 32.2373 81116.4 1.024 3.49e+06 940594 ZonesAtSurface
4025.39 224.996 460.064 0 0 1 6 879018 36.3145 136519 1.10668 6.48015e+06 879018 ZonesAtSurface
4075.4 225.001 520.084 0 0 1 4 1.36205e+06 40.3152 52563.1 1.83237 4.03944e+06 1.36205e+06 ZonesAtSurface
4125.42 224.994 530.128 0 0 2 3 1.21487e+06 37.2984 66666.7 2.33755 2.47126e+06 1.21487e+06 ZonesAtSurface
4175.44 224.986 540.169 0 4 2 2 1.00738e+06 17.6733 115438 1.75337 1.55689e+06 1.00738e+06 ZonesAtSurface
4225.49 224.987 500.217 0 0 1 2 1.28882e+06 22.2721 115777 1.94727 2.09338e+06 1.28882e+06 ZonesAtSurface
4275.53 224.988 460.263 0 0 2 2 1.20406e+06 17.5571 145491 1.76273 2.07293e+06 1.20406e+06 ZonesAtSurface
4325.56 224.988 420.306 0 0 2 2 1.18047e+06 17.1237 148591 1.63942 2.14753e+06 1.18047e+06 ZonesAtSurface
4375.56 224.98 430.34 2 10 2 1 735490 21.7916 133156 1.28476 1.61067e+06 735490 ZonesAtSurface
4425.6 224.983 340.38 2 0 2 2 920741 15.6064 57895.8 1.10642 2.53429e+06 920741 ZonesAtSurface
4475.6 224.974 350.407 0 5 2 1 1.2715e+06 16.6166 142471 1.65853 2.03527e+06 1.2715e+06 ZonesAtSurface
4525.63 224.973 260.442 1 4 2 2 1.02622e+06 36.5189 105274 1.29386 3.17367e+06 1.02622e+06 ZonesAtSurface
4575.64 224.968 220.472 7 2 2 2 726287 25.9816 54065.4 1.0686 2.17394e+06 726287 ZonesAtSurface
4625.55 224.978 80.5168 2 0 2 4 100000 5 10000 1.02762 331504 100000 ZonesAtSurface
4675.43 224.981 -9.46095 0 0 1 5 804483 41.813 56852.2 1.50955 9.36434e+06 804483 ZonesAtSurface
4725.36 224.979 -49.4629 7 0 1 5 1.09361e+06 42.5168 73341.9 1.53844 1.07747e+07 1.09361e+06 ZonesAtSurface
4775.31 224.988 -39.4172 40 0 1 4 623575 28.9558 91687.9 1.22291 3.09924e+06 623575 ZonesAtSurface
4825.24 224.986 -29.3729 44 0 1 3 100000 5 10000 1.00606 434301 100000 ZonesAtSurface
4875.15 224.979 -19.3251 59 0 1 2 100000 5 10000 1.12391 457712 100000 ZonesAtSurface
4925.05 224.971 -9.3165 71 0 1 1 517925 32.8341 105804 1.53932 1.82766e+06 517925 ZonesAtSurface
74.9208 274.975 -30.8633 81 0 1 1 1.19746e+06 23.121 80361.6 1.37084 5.30013e+06 1.19746e+06 ZonesAtSurface
124.833 274.972 -5.82191 63 48 1 1 1.10357e+06 40.3906 59819 2.65518 2.36663e+06 1.10357e+06 ZonesAtSurface
174.769 274.972 -30.8625 62 0 1 2 588854 39.6836 122474 1.40029 4.55543e+06 588854 ZonesAtSurface
224.703 274.971 -5.83228 73 39 1 2 1.12039e+06 29.3439 105939 2.96735 1.80799e+06 1.12039e+06 ZonesAtSurface
274.652 274.971 -30.8558 67 0 1 3 1.24076e+06 21.0926 117449 1.01997 5.20556e+06 1.24076e+06 ZonesAtSurface
324.579 274.97 -5.84863 75 0 1 3 1.07751e+06 16.486 112968 1.6205 2.11743e+06 1.07751e+06 ZonesAtSurface
374.532 274.969 -30.9202 42 0 1 4 815562 39.905 70325.3 1.0257 8.08007e+06 815562 ZonesAtSurface
424.471 274.97 -5.94158 17 0 1 4 842018 43.7402 106618 1.04546 7.4938e+06 842018 ZonesAtSurface
474.427 274.972 19.0382 3 0 1 4 562078 33.7216 109039 1.10774 7.77691e+06 562078 ZonesAtSurface
524.367 274.976 94.0248 0 0 2 3 990946 28.8031 124675 1.45365 3.20412e+06 990946 ZonesAtSurface
574.365 274.979 169.024 0 8 2 2 1.48158e+06 24.7829 78886 2.94764 1.61584e+06 1.48158e+06 ZonesAtSurface
624.374 274.976 144.022 0 0 2 3 1.19096e+06 29.3581 133642 3.26434 1.7195e+06 1.19096e+06 ZonesAtSurface
674.375 274.974 119.004 0 0 2 4 1.16878e+06 15.6713 94637.5 1.18936 3.96177e+06 1.16878e+06 ZonesAtSurface
724.367 274.972 143.99 4 0 1 4 1.36374e+06 38.1978 119621 1.49829 5.32137e+06 1.36374e+06 ZonesAtSurface
774.371 274.973 118.954 5 0 1 5 755370 18.0408 97514.6 1.119 4.93622e+06 755370 ZonesAtSurface
824.322 274.97 243.921 0 0 2 3 100000 5 10000 0.965629 489373 100000 ZonesAtSurface
874.368 274.962 368.888 0 1 2 1 932032 33.7417 53506.9 2.4635 1.37656e+06 932032 ZonesAtSurface
924.386 274.967 393.868 0 0 2 1 1.27851e+06 31.4734 134347 3.54222 1.25952e+06 1.27851e+06 ZonesAtSurface
974.404 274.97 418.847 2 3 2 1 537618 25.4834 125447 1.63763 1.15414e+06 537618 ZonesAtSurface
1024.4 274.977 393.826 4 0 2 2 937579 27.4654 93457.9 1.7021 2.40938e+06 937579 ZonesAtSurface
1074.41 274.978 368.796 0 0 1 3 1.2224e+06 24.1107 70153.8 1.34095 3.7551e+06 1.2224e+06 ZonesAtSurface
1124.44 274.978 443.749 6 0 1 2 1.13616e+06 28.771 126653 1.14142 4.26057e+06 1.13616e+06 ZonesAtSurface
1174.49 274.973 518.694 0 0 2 1 948632 31.4319 107707 1.42033 2.66813e+06 948632 ZonesAtSurface
1224.57 274.962 593.654 0 0 0 0 1.31514e+06 41.4999 137034 10 641949 1.31514e+06 ZonesAtSurface
1274.61 274.961 618.619 0 0 0 0 1.07997e+06 25.1255 92552.3 6.04545 655399 1.07997e+06 ZonesAtSurface
1324.63 274.97 593.585 0 0 2 1 915305 16.9525 121930 2.04178 1.42764e+06 915305 ZonesAtSurface
1374.67 274.97 618.551 0 0 2 1 1.34064e+06 43.8398 117920 6.72166 1.20362e+06 1.34064e+06 ZonesAtSurface
1424.68 274.981 593.518 0 0 2 2 1.40352e+06 26.1847 90768.8 1.62225 2.99722e+06 1.40352e+06 ZonesAtSurface
1474.73 274.984 618.487 4 0 2 2 536685 44.9663 87155.3 1.1368 2.76584e+06 536685 ZonesAtSurface
1524.73 274.984 543.487 3 1 1 4 1.46775e+06 38.1941 105441 1.09605 5.50558e+06 1.46775e+06 ZonesAtSurface
1574.77 274.985 568.466 8 8 2 4 1.49148e+06 18.1053 147746 1.27933 3.15954e+06 1.49148e+06 ZonesAtSurface
1624.8 274.978 443.531 0 0 1 7 1.31604e+06 15.0913 62971 1.28031 3.66207e+06 1.31604e+06 ZonesAtSurface
1674.86 274.976 418.551 0 0 1 8 1.1625e+06 44.0918 57328.5 1.15802 9.08239e+06 1.1625e+06 ZonesAtSurface
1724.89 274.982 493.531 0 0 1 7 937100 38.1646 98718.7 1.26822 2.83442e+06 937100 ZonesAtSurface
1774.96 274.986 468.545 6 0 1 8 1.07674e+06 35.3905 86396.4 1.01199 5.42676e+06 1.07674e+06 ZonesAtSurface
1825 274.999 543.487 10 0 1 7 676895 26.8552 131995 1.21081 2.86163e+06 676895 ZonesAtSurface
1875.11 275.012 568.408 6 0 1 7 100000 5 10000 1.03074 579820 100000 ZonesAtSurface
1925.21 275.027 643.268 1 8 2 6 1.15551e+06 34.064 113446 1.37834 3.03883e+06 1.15551e+06 ZonesAtSurface
1975.28 275.026 668.273 0 5 2 6 1.40998e+06 35.6701 114136 1.55299 3.47289e+06 1.40998e+06 ZonesAtSurface
2025.48 275.003 530.97 5 0 2 8 741264 34.4516 109291 1.60639 2.0641e+06 741264 ZonesAtSurface
2075.48 274.994 331.337 2 0 1 10 898319 19.8304 144555 1.12573 3.16633e+06 898319 ZonesAtSurface
2125.53 274.992 281.412 10 0 1 9 1.10976e+06 38.853 135343 1.09784 4.35739e+06 1.10976e+06 ZonesAtSurface
2175.44 274.982 131.509 2 0 1 10 1.2607e+06 16.7433 141884 1.01308 5.76714e+06 1.2607e+06 ZonesAtSurface
2225.39 274.977 31.5435 2 0 1 10 558326 21.454 80096.8 1.00491 7.17549e+06 558326 ZonesAtSurface
2275.35 274.974 -18.4454 6 0 1 9 919823 26.2795 132848 1.14399 8.24473e+06 919823 ZonesAtSurface
2325.35 274.97 -18.4144 23 0 1 7 739941 32.0065 125968 1.42492 5.06427e+06 739941 ZonesAtSurface
2375.31 274.966 -18.3755 48 0 1 5 1.32712e+06 35.102 77417 2.09047 4.20015e+06 1.32712e+06 ZonesAtSurface
2425.27 274.968 -18.3416 73 0 1 3 780429 28.7902 97946.4 1.58366 3.31616e+06 780429 ZonesAtSurface
2475.2 274.971 -18.3285 73 0 1 1 1.31569e+06 25.7667 149091 2.29657 3.37924e+06 1.31569e+06 ZonesAtSurface
2525.04 274.974 -48.333 58 0 1 1 1.07844e+06 41.5934 107937 1.12339 9.23135e+06 1.07844e+06 ZonesAtSurface
2574.94 274.972 -8.259 54 9 1 1 976308 43.2206 111244 6.789 1.50135e+06 976308 ZonesAtSurface
2624.89 274.973 -18.2836 60 10 1 2 1.17528e+06 42.7904 112620 1.42809 4.06257e+06 1.17528e+06 ZonesAtSurface
2674.83 274.969 -28.3158 24 3 2 3 1.3839e+06 37.0261 98898.1 1.02411 6.29779e+06 1.3839e+06 ZonesAtSurface
2724.75 274.966 -38.3698 33 0 1 4 558777 36.3405 114379 1.02206 9.01022e+06 558777 ZonesAtSurface
2774.73 274.966 -48.3922 0 0 1 5 1.16807e+06 31.7429 85019.2 1.43217 1.0023e+07 1.16807e+06 ZonesAtSurface
2824.58 274.961 41.613 1 0 1 4 506348 36.0916 77959.5 1.16383 7.28213e+06 506348 ZonesAtSurface
2874.58 274.969 31.5873 2 0 1 5 566078 43.2832 149246 1.28166 9.34956e+06 566078 ZonesAtSurface
2924.53 274.977 71.5699 4 0 1 5 947777 18.3332 66675.4 1.0478 5.52563e+06 947777 ZonesAtSurface
2974.49 274.983 161.559 4 6 2 4 1.28681e+06 33.1591 75908.9 1.60501 3.11113e+06 1.28681e+06 ZonesAtSurface
3024.52 274.981 101.527 2 0 1 6 1.19631e+06 33.3216 144696 1.37144 7.01035e+06 1.19631e+06 ZonesAtSurface
3074.5 274.976 141.503 7 0 1 6 544987 27.9339 139556 1.01467 5.52356e+06 544987 ZonesAtSurface
3124.5 274.97 181.472 3 0 1 6 1.12531e+06 35.3139 64099.3 1.32913 6.92212e+06 1.12531e+06 ZonesAtSurface
3174.49 274.956 271.431 9 0 1 5 821021 40.4118 111167 1.30687 4.83026e+06 821021 ZonesAtSurface
3224.51 274.965 261.398 3 0 1 6 605286 38.1322 95263.2 1.10621 5.85971e+06 605286 ZonesAtSurface
3274.54 274.97 251.367 1 0 1 7 532246 40.897 73418.8 1.10937 7.81235e+06 532246 ZonesAtSurface
3324.56 274.966 341.317 4 5 1 6 1.49706e+06 37.8741 80100.1 1.9004 3.54638e+06 1.49706e+06 ZonesAtSurface
3374.61 274.975 281.298 0 0 1 8 918288 33.1614 78581.8 1.48187 6.9651e+06 918288 ZonesAtSurface
3424.64 274.978 321.247 7 0 1 8 1.47967e+06 30.017 122827 1.07581 8.2577e+06 1.47967e+06 ZonesAtSurface
3474.68 274.976 411.166 2 0 1 7 868690 28.1319 54918.9 1.01588 5.9821e+06 868690 ZonesAtSurface
3524.71 274.981 501.08 1 0 1 6 1.39553e+06 29.9393 60382.6 1.04405 5.40985e+06 1.39553e+06 ZonesAtSurface
3574.77 274.987 541.027 3 3 1 6 1.48272e+06 43.0778 65593.3 1.28527 5.75473e+06 1.48272e+06 ZonesAtSurface
3624.84 274.987 531.018 9 0 1 7 100000 5 10000 1.02451 608035 100000 ZonesAtSurface
3674.92 274.998 620.901 9 0 1 6 987530 19.9716 84110.3 1.01798 2.96609e+06 987530 ZonesAtSurface
3724.99 275 660.845 5 0 2 6 755601 17.6743 110855 1.05669 2.15772e+06 755601 ZonesAtSurface
3775.05 275.005 710.799 0 1 2 5 1.26747e+06 26.2723 137930 1.64051 2.48346e+06 1.26747e+06 ZonesAtSurface
3825.11 275.004 670.84 0 8 1 5 910518 37.5697 57306.2 1.32651 2.99454e+06 910518 ZonesAtSurface
3875.18 275.002 630.885 9 2 2 5 871045 41.9958 96338.3 1.07592 3.48956e+06 871045 ZonesAtSurface
3925.25 275 590.936 0 0 1 5 1.42484e+06 42.8913 66646.5 1.43715 5.91372e+06 1.42484e+06 ZonesAtSurface
3975.33 274.996 501.023 4 0 1 6 629305 25.7244 68744.1 1.02261 3.47583e+06 629305 ZonesAtSurface
4025.4 274.995 461.081 4 0 1 6 1.0513e+06 33.2539 97395.3 1.03507 5.82182e+06 1.0513e+06 ZonesAtSurface
4075.43 274.998 471.12 2 0 1 5 1.36559e+06 41.7488 148147 1.16988 5.30398e+06 1.36559e+06 ZonesAtSurface
4125.46 275 481.154 0 0 2 4 1.41507e+06 30.0018 133061 1.32014 4.28824e+06 1.41507e+06 ZonesAtSurface
4175.48 275 491.191 3 7 2 3 1.00147e+06 42.4694 125506 1.46717 2.8037e+06 1.00147e+06 ZonesAtSurface
4225.52 275.001 451.237 0 7 2 3 1.49608e+06 39.9667 105201 1.74533 3.5424e+06 1.49608e+06 ZonesAtSurface
4275.56 275.002 411.282 4 2 2 3 1.1107e+06 31.9442 111462 1.24627 3.27325e+06 1.1107e+06 ZonesAtSurface
4325.58 275.002 371.324 1 0 2 3 1.32816e+06 32.2652 82937 1.34294 3.90443e+06 1.32816e+06 ZonesAtSurface
4375.6 275.001 331.363 4 0 2 3 544626 42.372 105655 1.07245 3.55164e+06 544626 ZonesAtSurface
4425.61 274.996 291.401 2 0 2 3 961228 15.1986 104384 1.05398 3.13335e+06 961228 ZonesAtSurface
4475.62 274.988 251.434 0 0 1 3 1.30001e+06 19.1498 140467 1.04807 3.88773e+06 1.30001e+06 ZonesAtSurface
4525.63 274.983 261.455 6 0 2 2 1.02799e+06 30.8257 136646 1.02827 3.2641e+06 1.02799e+06 ZonesAtSurface
4575.63 274.982 171.489 5 0 2 3 571799 38.0967 85679.4 1.06964 2.12247e+06 571799 ZonesAtSurface
4625.63 274.98 131.506 4 7 2 3 1.42489e+06 32.4262 80651 1.57825 3.52526e+06 1.42489e+06 ZonesAtSurface
4675.45 274.976 -8.45001 25 0 1 5 528323 36.6977 97991.3 1.23742 6.27433e+06 528323 ZonesAtSurface
4725.37 274.972 -48.4537 15 0 1 5 657682 44.138 130890 1.06761 8.38909e+06 657682 ZonesAtSurface
4775.31 274.971 -38.3824 41 0 1 4 100000 5 10000 1.11284 490955 100000 ZonesAtSurface
4825.23 274.962 -28.3341 60 0 1 3 100000 5 10000 1.18541 354699 100000 ZonesAtSurface
4875.13 274.963 -18.3115 74 3 1 2 932514 19.1145 87011.5 1.25421 2.29724e+06 932514 ZonesAtSurface
4925.05 274.962 -8.32322 78 0 1 1 688434 23.208 95346.5 1.15995 2.60247e+06 688434 ZonesAtSurface
74.9219 324.973 -29.8596 80 0 1 1 1.13574e+06 22.6163 51455.6 1.46262 4.58368e+06 1.13574e+06 ZonesAtSurface
124.836 324.971 -4.81653 75 36 1 1 715663 28.264 109831 2.28971 1.09812e+06 715663 ZonesAtSurface
174.769 324.969 -29.8553 69 0 1 2 1.25192e+06 35.6958 124336 1.2091 5.51345e+06 1.25192e+06 ZonesAtSurface
224.704 324.969 -4.82483 73 37 1 2 1.29251e+06 30.6329 76271.2 2.58537 2.42916e+06 1.29251e+06 ZonesAtSurface
274.647 324.969 -29.8547 66 0 1 3 801380 18.781 143139 1.01807 3.85036e+06 801380 ZonesAtSurface
324.577 324.968 -4.85083 79 0 1 3 963205 15.6559 111201 2.21059 1.39695e+06 963205 ZonesAtSurface
374.533 324.969 -29.9128 46 0 1 4 876394 15.1225 139295 1.04432 4.10918e+06 876394 ZonesAtSurface
424.475 324.972 -4.92916 22 0 1 4 543947 28.9041 105486 1.03537 4.0812e+06 543947 ZonesAtSurface
474.475 324.973 -29.9612 6 0 1 5 722920 18.621 111863 1.0727 6.59788e+06 722920 ZonesAtSurface
524.366 324.978 95.0329 8 0 2 3 790809 40.681 149785 1.37462 2.70103e+06 790809 ZonesAtSurface
574.37 324.978 120.032 9 0 2 3 507631 34.0804 109742 2.04574 2.04198e+06 507631 ZonesAtSurface
624.372 324.978 145.029 1 0 1 3 842796 43.5988 109385 3.3637 1.94352e+06 842796 ZonesAtSurface
674.37 324.971 120.009 0 0 1 4 788057 44.2009 135594 2.45493 4.84103e+06 788057 ZonesAtSurface
724.36 324.966 144.992 1 0 1 4 1.49526e+06 32.663 131791 1.40653 5.9079e+06 1.49526e+06 ZonesAtSurface
774.366 324.97 119.96 0 0 1 5 1.49841e+06 23.6312 109512 2.00891 4.86724e+06 1.49841e+06 ZonesAtSurface
824.329 324.962 294.919 3 0 2 2 721739 20.3606 79546.1 1.13236 1.91531e+06 721739 ZonesAtSurface
874.363 324.962 369.897 0 9 2 1 702256 38.5439 82380.7 2.13406 1.44233e+06 702256 ZonesAtSurface
924.365 324.971 344.881 0 0 2 2 1.44057e+06 43.007 93477.5 5.20264 1.8962e+06 1.44057e+06 ZonesAtSurface
974.382 324.974 369.863 0 0 2 2 1.37997e+06 30.7554 138938 3.13123 1.82146e+06 1.37997e+06 ZonesAtSurface
1024.39 324.977 344.84 0 0 2 3 1.23295e+06 30.4533 109399 2.02749 2.93917e+06 1.23295e+06 ZonesAtSurface
1074.39 324.978 319.815 2 0 1 4 655557 28.7099 107595 1.41616 4.04243e+06 655557 ZonesAtSurface
1124.41 324.978 394.776 5 0 1 3 1.24217e+06 28.8285 112178 1.26736 4.72403e+06 1.24217e+06 ZonesAtSurface
1174.52 324.962 569.697 0 8 0 0 681833 15.8041 128548 2.40306 720519 681833 ZonesAtSurface
1224.56 324.961 594.666 0 0 0 0 836770 34.4823 112089 7.70215 486987 836770 ZonesAtSurface
1274.61 324.96 619.633 0 0 0 0 854121 32.7263 118463 5.89317 676563 854121 ZonesAtSurface
1324.62 324.968 594.603 0 0 2 1 1.47469e+06 15.4007 92899.1 3.84922 1.11991e+06 1.47469e+06 ZonesAtSurface
1374.63 324.977 569.572 9 0 1 2 711386 20.1988 106647 1.44794 2.02956e+06 711386 ZonesAtSurface
1424.63 324.98 494.563 0 0 1 4 1.46372e+06 33.5596 83412 1.34098 5.36878e+06 1.46372e+06 ZonesAtSurface
1474.67 324.98 519.53 2 0 1 4 1.03959e+06 31.6896 86158.9 1.02391 4.8118e+06 1.03959e+06 ZonesAtSurface
1524.73 324.981 594.487 0 9 1 3 1.19535e+06 41.7492 61524.1 1.86783 2.90128e+06 1.19535e+06 ZonesAtSurface
1574.74 324.98 469.523 6 0 1 6 570317 16.3992 86561.8 1.05292 3.00812e+06 570317 ZonesAtSurface
1624.8 324.972 544.491 8 0 1 5 995472 34.1559 78055.1 1.21815 3.66701e+06 995472 ZonesAtSurface
1674.84 324.978 469.539 5 0 2 7 1.33962e+06 25.1607 84560.5 1.08992 4.94535e+06 1.33962e+06 ZonesAtSurface
1724.88 324.985 494.537 10 0 2 7 533210 27.9143 100464 1.10896 2.07423e+06 533210 ZonesAtSurface
1774.96 324.99 469.562 9 0 1 8 1.28478e+06 26.592 145445 1.07309 4.69411e+06 1.28478e+06 ZonesAtSurface
1825.02 325.005 544.485 7 0 1 7 100000 5 10000 1.2235 419207 100000 ZonesAtSurface
1875.12 325.006 519.497 4 0 1 8 100000 5 10000 1.24742 603958 100000 ZonesAtSurface
1925.17 325.037 694.237 6 9 2 5 740717 19.2133 104437 0 1.38284e+06 740717 ZonesAtSurface
1975.39 325.022 569.388 1 1 2 8 1.43826e+06 19.5531 53663.4 1.09219 3.77043e+06 1.43826e+06 ZonesAtSurface
2025.51 325.002 482.063 8 3 1 9 1.2842e+06 25.6203 55463.1 1.07497 3.9999e+06 1.2842e+06 ZonesAtSurface
2075.5 324.993 332.348 5 0 1 10 892403 26.0303 112089 1.10004 3.97584e+06 892403 ZonesAtSurface
2125.49 324.991 232.462 2 0 1 10 1.33624e+06 43.6385 75195.9 1.05468 1.01644e+07 1.33624e+06 ZonesAtSurface
2175.45 324.985 132.521 2 0 1 10 782974 17.9073 129933 1.02222 4.98481e+06 782974 ZonesAtSurface
2225.39 324.98 32.5525 0 0 1 10 1.10317e+06 39.856 112612 2.37113 8.27371e+06 1.10317e+06 ZonesAtSurface
2275.36 324.976 -17.4354 11 0 1 9 549541 17.749 54030.3 1.08239 5.96728e+06 549541 ZonesAtSurface
2325.35 324.974 -17.4081 12 0 1 7 530674 39.8118 78387 1.44961 6.88497e+06 530674 ZonesAtSurface
2375.31 324.972 -17.3748 51 0 1 5 1.19895e+06 31.2624 97047.5 2.21758 3.75631e+06 1.19895e+06 ZonesAtSurface
2425.27 324.972 -17.3366 74 0 1 3 618007 21.7972 128136 1.67602 2.23507e+06 618007 ZonesAtSurface
2475.19 324.975 -17.3188 74 0 1 1 1.21646e+06 30.4527 97813.6 1.99418 3.67576e+06 1.21646e+06 ZonesAtSurface
2525.05 324.974 -47.3279 62 0 1 1 1.07968e+06 26.7146 142465 1.08036 7.0303e+06 1.07968e+06 ZonesAtSurface
2574.95 324.974 -7.25853 49 15 1 1 1.12979e+06 42.4726 90885.3 8.82516 1.16587e+06 1.12979e+06 ZonesAtSurface
2624.9 324.971 -17.2804 61 6 1 2 1.22833e+06 37.2116 108918 1.88585 3.34331e+06 1.22833e+06 ZonesAtSurface
2674.84 324.97 -27.3038 55 0 1 3 1.39463e+06 24.0372 95956.5 1.04919 4.9826e+06 1.39463e+06 ZonesAtSurface
2724.75 324.97 -37.3601 30 0 1 4 672650 43.7693 92438.9 1.03849 9.54879e+06 672650 ZonesAtSurface
2774.72 324.968 -47.3851 2 0 1 5 985423 30.0492 50654.8 1.02045 9.80892e+06 985423 ZonesAtSurface
2824.56 324.975 42.6128 2 0 2 4 100000 5 10000 1.21288 661666 100000 ZonesAtSurface
2874.51 324.978 82.5927 3 1 2 4 1.28297e+06 37.9881 121967 1.36314 4.4733e+06 1.28297e+06 ZonesAtSurface
2924.49 324.983 122.584 4 3 2 4 845931 38.065 74812.6 1.46243 2.51789e+06 845931 ZonesAtSurface
2974.5 324.984 112.565 6 0 1 5 955305 29.028 138404 1.32303 4.81434e+06 955305 ZonesAtSurface
3024.51 324.978 102.536 7 0 1 6 1.20062e+06 17.0912 59242.3 1.02201 5.81822e+06 1.20062e+06 ZonesAtSurface
3074.5 324.972 142.509 0 0 1 6 1.08767e+06 41.568 89713.2 1.84779 7.29243e+06 1.08767e+06 ZonesAtSurface
3124.49 324.968 182.474 6 0 1 6 842539 21.5216 82487.3 1.02005 5.47045e+06 842539 ZonesAtSurface
3174.46 324.956 322.404 4 0 2 4 100000 5 10000 0.965631 279816 100000 ZonesAtSurface
3224.5 324.971 262.394 7 0 1 6 100000 5 10000 1.0458 922395 100000 ZonesAtSurface
3274.53 324.969 352.351 8 8 2 5 746703 25.3392 69931 3.24279 813426 746703 ZonesAtSurface
3324.56 324.975 292.325 4 0 1 7 1.23579e+06 16.3945 52108.6 1.02013 4.53894e+06 1.23579e+06 ZonesAtSurface
3374.6 324.976 282.302 3 0 1 8 856606 43.7198 109652 1.84926 8.0787e+06 856606 ZonesAtSurface
3424.63 324.976 322.257 2 0 1 8 568023 25.1225 115452 1.04374 5.58294e+06 568023 ZonesAtSurface
3474.65 324.971 462.142 7 0 1 6 1.23786e+06 43.386 142573 1.03977 5.42486e+06 1.23786e+06 ZonesAtSurface
3524.73 324.985 602.005 6 0 2 4 765185 16.7018 146081 1.0316 2.02778e+06 765185 ZonesAtSurface
3574.77 324.986 492.079 0 0 1 7 1.26589e+06 40.1805 149902 1.03318 7.95936e+06 1.26589e+06 ZonesAtSurface
3624.85 324.988 532.027 10 0 1 7 100000 5 10000 1.0102 694553 100000 ZonesAtSurface
3674.91 324.987 522.01 3 0 1 8 1.22949e+06 40.3632 143085 1.07799 7.78438e+06 1.22949e+06 ZonesAtSurface
3724.99 325.001 661.862 9 0 1 6 1.11337e+06 20.1851 123170 1.10823 3.29239e+06 1.11337e+06 ZonesAtSurface
3775.05 325.001 661.855 4 0 2 6 737931 44.2218 128320 1.15148 3.94655e+06 737931 ZonesAtSurface
3825.13 324.992 571.933 3 0 1 7 929452 32.3493 149412 1.0141 5.30831e+06 929452 ZonesAtSurface
3875.18 324.999 631.903 9 8 1 5 1.48606e+06 20.6592 147517 1.27059 3.49656e+06 1.48606e+06 ZonesAtSurface
3925.26 324.994 541.984 0 0 1 6 1.41386e+06 17.1396 112043 1.11417 4.90683e+06 1.41386e+06 ZonesAtSurface
3975.33 324.991 502.043 3 0 1 6 619720 16.1984 72905.3 1.05014 2.61954e+06 619720 ZonesAtSurface
4025.41 324.988 412.126 3 0 1 7 550147 15.739 121565 1.05735 3.61054e+06 550147 ZonesAtSurface
4075.46 324.985 372.171 0 0 1 7 1.24256e+06 41.7191 106500 1.98757 7.63347e+06 1.24256e+06 ZonesAtSurface
4125.48 324.998 432.191 10 0 1 5 1.25561e+06 21.1356 136218 1.10458 4.05042e+06 1.25561e+06 ZonesAtSurface
4175.52 324.998 392.234 3 0 1 5 910807 33.403 103877 1.05255 5.2781e+06 910807 ZonesAtSurface
4225.55 324.999 352.28 8 0 1 5 714832 25.0355 73065.5 1.03479 4.46423e+06 714832 ZonesAtSurface
4275.57 325.014 362.309 9 3 1 4 1.36507e+06 21.1624 119362 1.11915 3.6555e+06 1.36507e+06 ZonesAtSurface
4325.59 325.002 272.367 10 0 1 5 594084 18.3339 106030 1.0352 3.77575e+06 594084 ZonesAtSurface
4375.6 324.996 232.408 8 0 1 5 815842 25.0549 62732.2 1.07667 5.49628e+06 815842 ZonesAtSurface
4425.6 324.989 192.439 0 0 1 5 1.32869e+06 36.5968 61172.6 2.06605 6.1775e+06 1.32869e+06 ZonesAtSurface
4475.61 324.999 252.455 4 0 2 3 1.24713e+06 34.3333 56088 1.23443 4.23266e+06 1.24713e+06 ZonesAtSurface
4525.61 324.991 162.491 4 0 1 4 1.20275e+06 15.3092 140247 1.02718 3.93277e+06 1.20275e+06 ZonesAtSurface
4575.63 324.997 172.499 3 7 2 3 1.34917e+06 28.4763 99628.8 1.41542 3.19317e+06 1.34917e+06 ZonesAtSurface
4625.45 324.974 -17.4694 2 0 1 6 1.05211e+06 36.9595 118908 1.19921 8.80663e+06 1.05211e+06 ZonesAtSurface
4675.55 324.971 42.5624 7 0 2 4 1.28972e+06 33.528 120118 1.50826 4.41725e+06 1.28972e+06 ZonesAtSurface
4725.38 324.965 -47.4394 38 0 1 5 100000 5 10000 1.10604 877915 100000 ZonesAtSurface
4775.3 324.954 -37.3502 43 0 1 4 100000 5 10000 1.0777 474381 100000 ZonesAtSurface
4825.2 324.954 -27.3302 55 0 1 3 729745 42.4522 51765.3 1.41108 4.48572e+06 729745 ZonesAtSurface
4875.13 324.958 -17.3398 66 3 1 2 913204 36.5137 61968.3 1.46366 2.7628e+06 913204 ZonesAtSurface
4925.06 324.959 -7.33235 74 0 1 1 969794 28.1179 70133.8 1.34998 3.03432e+06 969794 ZonesAtSurface
74.9215 374.972 -28.8593 76 0 1 1 1.06709e+06 42.2411 56013.2 1.6549 7.29055e+06 1.06709e+06 ZonesAtSurface
124.84 374.97 -3.81837 76 34 1 1 739053 29.6885 75778 1.89793 1.42936e+06 739053 ZonesAtSurface
174.773 374.97 -28.8516 81 0 1 2 1.26779e+06 35.2734 102223 1.13833 6.44815e+06 1.26779e+06 ZonesAtSurface
224.708 374.97 -3.82266 68 29 1 2 1.10698e+06 38.2207 90892.9 2.94221 2.78784e+06 1.10698e+06 ZonesAtSurface
274.647 374.969 -28.8549 61 0 1 3 761622 42.7463 52087.3 1.06259 6.61824e+06 761622 ZonesAtSurface
324.584 374.968 -3.85413 72 0 1 3 603086 42.9894 81464.4 2.62025 2.37635e+06 603086 ZonesAtSurface
374.54 374.971 -28.9025 35 0 1 4 1.36082e+06 34.5005 107594 1.05299 8.47023e+06 1.36082e+06 ZonesAtSurface
424.483 374.972 -3.91169 39 0 1 4 960273 31.5116 105717 1.02027 4.24574e+06 960273 ZonesAtSurface
474.477 374.974 -28.9491 0 0 1 5 649736 33.9719 143343 1.41644 8.71663e+06 649736 ZonesAtSurface
524.4 374.979 46.0445 0 0 1 4 547471 25.9843 88245.7 1.34996 4.52547e+06 547471 ZonesAtSurface
574.386 374.978 71.0355 0 0 2 4 971270 18.5982 104937 1.40377 3.28416e+06 971270 ZonesAtSurface
624.373 374.974 96.0244 10 0 1 4 1.0355e+06 21.9496 132938 1.18378 4.93177e+06 1.0355e+06 ZonesAtSurface
674.36 374.969 121.009 0 0 1 4 1.06231e+06 33.4923 130333 1.56234 5.56384e+06 1.06231e+06 ZonesAtSurface
724.349 374.966 145.988 5 0 1 4 966220 27.2249 84278.8 1.03689 5.63297e+06 966220 ZonesAtSurface
774.319 374.952 270.947 4 0 2 2 849314 18.7034 86287.5 1.17333 2.19518e+06 849314 ZonesAtSurface
824.344 374.959 345.923 0 0 2 1 659808 27.3997 123737 2.00445 1.25351e+06 659808 ZonesAtSurface
874.359 374.963 370.906 0 0 2 1 610701 38.3685 60777.9 2.01297 1.33292e+06 610701 ZonesAtSurface
924.362 374.971 345.893 0 0 2 2 1.30435e+06 34.3981 120970 3.79876 1.66129e+06 1.30435e+06 ZonesAtSurface
974.378 374.975 370.877 4 7 2 2 913023 26.1434 120595 2.12106 1.44708e+06 913023 ZonesAtSurface
1024.38 374.976 345.855 0 0 1 3 1.18006e+06 37.7485 77358 2.69393 2.69873e+06 1.18006e+06 ZonesAtSurface
1074.39 374.976 320.829 0 0 1 4 1.47867e+06 41.6211 139001 3.5381 3.53607e+06 1.47867e+06 ZonesAtSurface
1124.4 374.977 345.799 8 0 1 4 708939 32.5837 77094.1 1.15071 4.96399e+06 708939 ZonesAtSurface
1174.48 374.969 520.711 0 4 2 1 1.27001e+06 37.6663 124759 2.49872 2.07377e+06 1.27001e+06 ZonesAtSurface
1224.55 374.961 595.678 0 0 0 0 1.23607e+06 44.1492 68839 10 729393 1.23607e+06 ZonesAtSurface
1274.57 374.969 570.65 0 0 2 1 1.06252e+06 28.8949 140333 3.4695 1.24873e+06 1.06252e+06 ZonesAtSurface
1324.61 374.969 595.621 0 0 2 1 807952 41.0275 105521 3.25382 1.33494e+06 807952 ZonesAtSurface
1374.62 374.977 570.591 0 0 2 2 1.45639e+06 42.1739 73645.5 3.70557 1.96622e+06 1.45639e+06 ZonesAtSurface
1424.64 374.979 545.566 7 3 2 3 713409 30.6991 104502 1.25174 1.93778e+06 713409 ZonesAtSurface
1474.68 374.977 570.535 1 10 1 3 1.34739e+06 23.7517 54521.5 1.74845 2.36854e+06 1.34739e+06 ZonesAtSurface
1524.7 374.979 545.51 7 0 1 4 1.31411e+06 27.5251 69563.5 1.02415 4.63151e+06 1.31411e+06 ZonesAtSurface
1574.75 374.977 570.481 3 0 1 4 860512 16.3348 143561 1.13089 2.51864e+06 860512 ZonesAtSurface
1624.78 374.979 495.52 7 0 1 6 925069 41.6249 99671.9 1.02389 6.08537e+06 925069 ZonesAtSurface
1674.83 374.982 470.548 9 0 1 7 762282 32.2175 54460 1.03404 5.80328e+06 762282 ZonesAtSurface
1724.89 374.986 445.574 0 0 1 8 877617 23.6146 130150 1.23753 4.40143e+06 877617 ZonesAtSurface
1774.96 374.995 470.571 1 0 1 8 917541 16.9543 100780 1.28544 2.86607e+06 917541 ZonesAtSurface
1825.04 375.004 495.545 7 0 1 8 100000 5 10000 1.13836 553368 100000 ZonesAtSurface
1875.14 375.011 520.491 1 0 1 8 832560 41.2955 103002 1.11798 4.53064e+06 832560 ZonesAtSurface
1925.27 375.019 545.432 7 2 1 8 617817 19.37 141664 1.10669 1.50132e+06 617817 ZonesAtSurface
1975.39 375.019 570.413 6 6 1 8 1.0293e+06 35.2293 58849.2 1.07438 3.7475e+06 1.0293e+06 ZonesAtSurface
2025.51 375.001 433.167 0 0 1 10 1.22789e+06 28.0434 107076 1.01496 4.3557e+06 1.22789e+06 ZonesAtSurface
2075.59 374.992 383.274 10 2 1 9 100000 5 10000 0.808327 273238 100000 ZonesAtSurface
2125.51 374.991 233.47 0 0 1 10 573508 29.9255 81315.4 1.07375 5.47474e+06 573508 ZonesAtSurface
2175.46 374.987 133.531 2 0 1 10 1.29004e+06 32.0899 128102 1.03596 8.28435e+06 1.29004e+06 ZonesAtSurface
2225.39 374.983 33.5598 0 0 1 10 620646 42.4747 143075 2.45402 8.21234e+06 620646 ZonesAtSurface
2275.36 374.979 -16.4288 0 0 1 9 1.46896e+06 37.3577 52538.8 2.50877 8.20593e+06 1.46896e+06 ZonesAtSurface
2325.36 374.977 -16.4051 9 0 1 7 1.37716e+06 44.521 110582 1.5631 9.2422e+06 1.37716e+06 ZonesAtSurface
2375.32 374.978 -16.3749 37 0 1 5 1.31066e+06 40.8373 114795 2.80038 4.30496e+06 1.31066e+06 ZonesAtSurface
2425.27 374.976 -16.3356 73 0 1 3 992188 38.4101 115869 2.20423 3.41774e+06 992188 ZonesAtSurface
2475.19 374.977 -16.3084 75 0 1 1 601032 29.5071 142994 2.03825 2.61604e+06 601032 ZonesAtSurface
2525.05 374.974 -46.3209 63 0 1 1 1.341e+06 37.1877 79214.6 1.06544 8.80862e+06 1.341e+06 ZonesAtSurface
2574.95 374.975 -6.25314 59 40 1 1 1.1109e+06 36.6478 146078 10 560036 1.1109e+06 ZonesAtSurface
2624.9 374.973 -16.2715 60 0 1 2 1.12532e+06 38.6219 149655 3.78179 2.38594e+06 1.12532e+06 ZonesAtSurface
2674.85 374.972 -26.2865 43 0 1 3 503269 26.5194 74887.1 1.05734 3.39671e+06 503269 ZonesAtSurface
2724.76 374.974 -36.337 36 0 1 4 1.17712e+06 27.0916 105554 1.09924 5.97722e+06 1.17712e+06 ZonesAtSurface
2774.71 374.971 -46.3771 20 0 1 5 1.16052e+06 30.4647 117494 1.0534 1.06909e+07 1.16052e+06 ZonesAtSurface
2824.62 374.975 -6.38472 6 0 1 5 100000 5 10000 1.06331 1.28216e+06 100000 ZonesAtSurface
2874.5 374.99 83.597 5 0 2 4 688396 28.0867 101288 1.3209 1.8088e+06 688396 ZonesAtSurface
2924.49 374.991 123.594 9 0 2 4 891847 34.8406 128831 1.38403 2.61106e+06 891847 ZonesAtSurface
2974.53 374.979 63.564 10 0 1 6 939218 27.3871 120875 1.05304 7.04293e+06 939218 ZonesAtSurface
3024.5 374.975 103.544 0 0 1 6 1.36113e+06 40.9592 97400.8 1.77633 7.37465e+06 1.36113e+06 ZonesAtSurface
3074.49 374.97 143.514 0 0 1 6 1.36884e+06 27.7902 94376.6 1.03202 6.87185e+06 1.36884e+06 ZonesAtSurface
3124.49 374.969 183.476 2 0 1 6 1.34744e+06 34.0095 133031 1.35924 7.54718e+06 1.34744e+06 ZonesAtSurface
3174.47 374.968 273.425 5 0 1 5 100000 5 10000 1.58873 484736 100000 ZonesAtSurface
3224.49 374.973 313.387 9 0 1 5 1.49098e+06 17.4707 130718 1.35378 3.10502e+06 1.49098e+06 ZonesAtSurface
3274.52 374.979 303.357 2 0 2 6 1.33769e+06 27.2368 113502 1.10915 4.29362e+06 1.33769e+06 ZonesAtSurface
3324.55 374.978 293.33 3 0 1 7 906012 19.306 59055.6 1.01849 4.66444e+06 906012 ZonesAtSurface
3374.58 374.975 333.289 6 0 1 7 784527 44.0564 80865.3 1.06492 7.03166e+06 784527 ZonesAtSurface
3424.61 374.973 373.239 0 0 1 7 1.02205e+06 37.6159 77286.7 1.03976 6.56583e+06 1.02205e+06 ZonesAtSurface
3474.65 374.977 513.122 8 0 1 5 751384 43.4041 81988.1 1.24335 4.73969e+06 751384 ZonesAtSurface
3524.71 374.991 553.053 7 0 1 5 815446 27.0037 84709 1.08734 2.51379e+06 815446 ZonesAtSurface
3574.77 374.996 543.034 4 0 1 6 977217 34.0101 55429.8 1.02747 3.82118e+06 977217 ZonesAtSurface
3624.85 374.989 533.035 5 0 1 7 1.45407e+06 26.7187 113722 1.03438 4.82848e+06 1.45407e+06 ZonesAtSurface
3674.92 374.991 572.979 5 0 2 7 1.13196e+06 18.5661 140565 1.04225 3.08108e+06 1.13196e+06 ZonesAtSurface
3724.99 374.993 612.925 7 9 2 7 1.25404e+06 35.8855 117118 1.16151 4.04765e+06 1.25404e+06 ZonesAtSurface
3775.06 374.99 562.953 2 0 1 8 1.211e+06 44.916 126788 1.03901 6.89257e+06 1.211e+06 ZonesAtSurface
3825.11 374.996 672.866 1 0 2 5 1.03909e+06 17.2062 50586.4 1.64047 2.21331e+06 1.03909e+06 ZonesAtSurface
3875.19 374.993 582.946 6 0 1 6 771544 24.4588 82493.9 1.01977 3.11306e+06 771544 ZonesAtSurface
3925.26 374.99 542.997 0 0 1 6 1.11917e+06 43.7585 124791 1.40606 6.20219e+06 1.11917e+06 ZonesAtSurface
3975.32 374.984 553.023 7 0 2 5 518604 20.0847 105505 1.08787 2.05709e+06 518604 ZonesAtSurface
4025.41 374.986 413.142 1 0 1 7 809129 42.2107 130964 1.34112 7.05267e+06 809129 ZonesAtSurface
4075.44 374.982 423.182 4 0 1 6 1.02843e+06 38.8644 58097.2 1.33157 5.05739e+06 1.02843e+06 ZonesAtSurface
4125.49 374.983 383.225 9 0 1 6 732360 38.4784 81374.3 1.46103 5.61159e+06 732360 ZonesAtSurface
4175.52 374.985 293.28 0 0 1 7 1.04456e+06 43.3817 141655 2.49622 7.26696e+06 1.04456e+06 ZonesAtSurface
4225.55 374.987 303.315 2 0 1 6 715783 39.9524 59601.3 1.34075 6.84136e+06 715783 ZonesAtSurface
4275.56 374.983 213.364 0 0 1 7 1.00502e+06 42.4702 60273.4 1.82547 8.50358e+06 1.00502e+06 ZonesAtSurface
4325.58 374.99 223.403 0 0 1 6 1.28538e+06 44.2597 71614 1.82842 7.57222e+06 1.28538e+06 ZonesAtSurface
4375.58 374.988 183.435 3 0 1 6 1.18263e+06 22.8887 108675 1.11195 6.02329e+06 1.18263e+06 ZonesAtSurface
4425.58 374.987 143.464 0 0 1 6 1.03262e+06 40.4408 137988 2.55029 6.65703e+06 1.03262e+06 ZonesAtSurface
4475.59 374.994 153.49 1 0 1 5 927388 22.1315 111355 1.07563 4.26042e+06 927388 ZonesAtSurface
4525.58 374.993 113.515 0 0 1 5 1.15218e+06 43.9537 94872.4 2.31005 7.00749e+06 1.15218e+06 ZonesAtSurface
4575.56 374.985 73.536 6 0 1 5 1.48162e+06 16.935 97551.8 1.04462 5.51279e+06 1.48162e+06 ZonesAtSurface
4625.47 374.973 -16.4533 7 0 1 6 100000 5 10000 1.05149 1.22673e+06 100000 ZonesAtSurface
4675.47 374.967 -6.42276 24 0 1 5 774852 44.5909 133370 1.14889 5.58356e+06 774852 ZonesAtSurface
4725.38 374.963 -46.416 24 0 1 5 538441 21.7469 121538 1.07505 5.16229e+06 538441 ZonesAtSurface
4775.29 374.958 -36.3445 50 0 1 4 736712 20.4743 55041.2 1.13851 3.85517e+06 736712 ZonesAtSurface
4825.21 374.961 -26.3423 36 0 1 3 1.15785e+06 38.6468 58275.9 1.41008 6.0513e+06 1.15785e+06 ZonesAtSurface
4875.14 374.96 -16.3531 47 0 1 2 754971 25.2755 123463 1.62366 2.58313e+06 754971 ZonesAtSurface
4925.07 374.96 -6.34009 101 0 1 1 857190 17.736 148521 1.32163 2.89399e+06 857190 ZonesAtSurface
74.9225 424.973 -27.8529 83 0 1 1 1.4417e+06 31.316 61285 1.64436 6.19938e+06 1.4417e+06 ZonesAtSurface
124.841 424.972 -2.81246 86 50 1 1 1.00867e+06 29.5807 106098 1.64444 2.2491e+06 1.00867e+06 ZonesAtSurface
174.772 424.972 -27.8459 83 0 1 2 1.36781e+06 35.9792 126267 1.10485 6.71714e+06 1.36781e+06 ZonesAtSurface
224.707 424.972 -2.82083 50 11 2 2 816920 16.6721 87622 3.45135 866812 816920 ZonesAtSurface
274.647 424.973 -27.8521 54 0 1 3 1.06795e+06 40.8967 132461 1.0596 7.54873e+06 1.06795e+06 ZonesAtSurface
324.593 424.972 -2.84723 60 11 1 3 1.36425e+06 20.5973 75465.7 2.12567 2.38419e+06 1.36425e+06 ZonesAtSurface
374.546 424.975 -27.8913 45 0 1 4 1.17905e+06 26.8547 69393.8 1.07048 6.87659e+06 1.17905e+06 ZonesAtSurface
424.489 424.978 -2.89847 29 0 1 4 729047 44.5763 127896 1.11346 5.20121e+06 729047 ZonesAtSurface
474.479 424.976 -27.937 6 0 1 5 865424 26.0971 100117 1.01425 7.85701e+06 865424 ZonesAtSurface
524.441 424.976 -2.94933 7 0 1 5 1.19507e+06 18.7307 71202.2 1.00978 6.66181e+06 1.19507e+06 ZonesAtSurface
574.411 424.974 22.0357 6 0 1 5 693829 31.7446 51748.7 1.23032 7.24282e+06 693829 ZonesAtSurface
624.39 424.973 47.0189 0 0 1 5 1.25415e+06 28.4094 102961 1.72424 5.97917e+06 1.25415e+06 ZonesAtSurface
674.315 424.958 171.999 1 0 2 3 100000 5 10000 1.04816 501809 100000 ZonesAtSurface
724.31 424.955 246.974 0 7 2 2 1.3452e+06 27.7973 108834 1.9379 2.51569e+06 1.3452e+06 ZonesAtSurface
774.329 424.957 321.95 0 5 2 1 984011 21.6019 124756 2.19812 1.33138e+06 984011 ZonesAtSurface
824.356 424.958 396.927 0 5 0 0 1.25714e+06 42.551 138608 4.94137 1.05219e+06 1.25714e+06 ZonesAtSurface
874.355 424.965 371.915 0 0 2 1 556278 35.2799 67443.9 2.41912 1.14978e+06 556278 ZonesAtSurface
924.356 424.97 346.903 0 0 2 2 1.45986e+06 37.8471 126440 4.91682 1.54392e+06 1.45986e+06 ZonesAtSurface
974.361 424.973 321.884 0 0 1 3 1.31115e+06 21.7797 124144 2.09452 2.47132e+06 1.31115e+06 ZonesAtSurface
1024.37 424.975 296.862 0 0 1 4 1.12583e+06 44.5302 53617.8 5.11791 2.89613e+06 1.12583e+06 ZonesAtSurface
1074.38 424.975 321.837 0 0 1 4 1.23301e+06 29.8495 129613 1.83257 3.71347e+06 1.23301e+06 ZonesAtSurface
1124.4 424.975 396.79 5 0 1 3 100000 5 10000 1.20959 505322 100000 ZonesAtSurface
1174.5 424.959 571.722 0 3 0 0 1.26152e+06 22.3507 136600 4.12461 906028 1.26152e+06 ZonesAtSurface
1224.52 424.968 546.697 0 0 2 1 1.17612e+06 25.0683 64830.5 2.78462 1.56736e+06 1.17612e+06 ZonesAtSurface
1274.53 424.976 521.672 0 0 2 2 1.04106e+06 28.2891 122261 1.70945 2.39355e+06 1.04106e+06 ZonesAtSurface
1324.57 424.977 546.646 0 8 1 2 1.45396e+06 20.0175 98895.8 1.56913 2.73215e+06 1.45396e+06 ZonesAtSurface
1374.57 424.982 471.63 3 0 1 4 1.28986e+06 15.2498 51728.2 1.23509 3.20966e+06 1.28986e+06 ZonesAtSurface
1424.62 424.98 546.584 10 0 1 3 1.13366e+06 26.9909 92419.3 1.35072 3.18791e+06 1.13366e+06 ZonesAtSurface
1474.64 424.981 521.558 5 0 1 4 1.35526e+06 29.668 145774 1.03099 5.24975e+06 1.35526e+06 ZonesAtSurface
1524.69 424.981 546.52 1 0 1 4 1.461e+06 31.2395 135671 1.0758 5.71896e+06 1.461e+06 ZonesAtSurface
1574.73 424.981 521.519 5 0 1 5 959118 38.0106 121283 1.08282 5.40602e+06 959118 ZonesAtSurface
1624.82 424.979 596.446 4 0 2 4 505515 30.1331 143232 1.11342 2.21488e+06 505515 ZonesAtSurface
1674.84 424.986 521.507 5 0 1 6 100000 5 10000 1.09399 806651 100000 ZonesAtSurface
1724.89 424.99 446.584 4 0 1 8 1.17956e+06 37.9148 65653.4 1.12343 7.67123e+06 1.17956e+06 ZonesAtSurface
1774.97 424.993 421.616 0 0 1 9 928200 32.9731 115864 1.08514 8.16129e+06 928200 ZonesAtSurface
1825.06 424.999 446.587 7 0 1 9 100000 5 10000 1.08165 995106 100000 ZonesAtSurface
1875.16 425 421.643 1 0 1 10 100000 5 10000 1.05299 1.31134e+06 100000 ZonesAtSurface
1925.27 425.013 546.447 9 2 2 8 688583 43.7463 60962.4 1.15435 3.10393e+06 688583 ZonesAtSurface
1975.39 425.016 571.438 0 7 2 8 1.48715e+06 23.6159 57460.7 1.27399 3.60759e+06 1.48715e+06 ZonesAtSurface
2025.55 425.003 484.095 4 9 2 9 1.02296e+06 41.394 122593 1.44321 3.73725e+06 1.02296e+06 ZonesAtSurface
2075.57 424.994 334.35 2 0 1 10 100000 5 10000 0.978383 612607 100000 ZonesAtSurface
2125.61 424.989 284.428 10 0 1 9 100000 5 10000 0.938062 336455 100000 ZonesAtSurface
2175.47 424.988 134.537 2 0 1 10 1.00932e+06 26.5932 121277 1.04338 7.29711e+06 1.00932e+06 ZonesAtSurface
2225.4 424.985 34.5648 2 0 1 10 729966 19.3679 87459.5 1.02636 6.73391e+06 729966 ZonesAtSurface
2275.42 424.982 34.5837 8 0 1 8 964393 43.1165 94876.1 1.45935 9.10753e+06 964393 ZonesAtSurface
2325.37 424.98 -15.4008 31 0 1 7 930662 17.1496 86172.4 1.20624 4.5637e+06 930662 ZonesAtSurface
2375.33 424.98 -15.3702 57 0 1 5 515632 18.5578 148020 2.00296 1.72237e+06 515632 ZonesAtSurface
2425.28 424.979 -15.333 76 0 1 3 1.33383e+06 19.5087 139834 1.94168 2.56614e+06 1.33383e+06 ZonesAtSurface
2475.21 424.98 -15.3002 66 0 1 1 759471 42.9542 149855 3.21247 2.96045e+06 759471 ZonesAtSurface
2525.06 424.975 -45.3081 64 0 1 1 1.45718e+06 18.4536 103032 1.10622 5.53573e+06 1.45718e+06 ZonesAtSurface
2574.94 424.975 -5.23813 47 48 1 1 1.23925e+06 33.897 109904 9.30269 671077 1.23925e+06 ZonesAtSurface
2624.9 424.975 -15.2584 62 18 1 2 1.30419e+06 42.6072 99451.7 3.49196 2.48955e+06 1.30419e+06 ZonesAtSurface
2674.85 424.976 -25.2663 45 0 1 3 614881 34.7095 89230.4 1.06009 2.72904e+06 614881 ZonesAtSurface
2724.76 424.977 -35.3083 47 0 1 4 527360 20.3317 138535 1.13657 2.5867e+06 527360 ZonesAtSurface
2774.7 424.973 -45.3684 18 0 1 5 866277 34.7289 139314 1.07028 1.06933e+07 866277 ZonesAtSurface
2824.61 424.98 -5.37307 13 0 1 5 516376 40.901 60801.2 1.15205 7.63079e+06 516376 ZonesAtSurface
2874.61 424.979 -15.3977 3 0 1 6 1.36349e+06 37.8921 90747.9 1.20074 9.87111e+06 1.36349e+06 ZonesAtSurface
2924.55 424.982 24.5923 4 0 1 6 644862 42.2264 125745 1.1293 9.09966e+06 644862 ZonesAtSurface
2974.49 424.98 114.577 4 0 1 5 1.31861e+06 35.2552 139876 1.38079 6.74866e+06 1.31861e+06 ZonesAtSurface
3024.5 424.973 104.547 0 0 1 6 899392 41.8901 135701 1.66152 7.80876e+06 899392 ZonesAtSurface
3074.48 424.97 144.518 3 0 1 6 612807 15.5167 93556.9 1.02608 3.96188e+06 612807 ZonesAtSurface
3124.43 424.962 284.444 5 0 2 4 1.25704e+06 17.9589 79161.3 1.09858 3.20293e+06 1.25704e+06 ZonesAtSurface
3174.46 424.97 324.412 1 10 2 4 1.17664e+06 40.8783 59881.4 1.55484 3.35705e+06 1.17664e+06 ZonesAtSurface
3224.49 424.979 314.395 10 0 2 5 858370 34.7271 94328.9 1.24791 2.66798e+06 858370 ZonesAtSurface
3274.51 424.98 304.367 9 0 1 6 1.11448e+06 22.8641 115256 1.12517 3.87715e+06 1.11448e+06 ZonesAtSurface
3324.55 424.98 294.34 2 0 1 7 802575 44.1723 103293 1.44668 7.98742e+06 802575 ZonesAtSurface
3374.56 424.976 384.283 2 0 1 6 1.27286e+06 35.9878 102617 1.49927 5.62162e+06 1.27286e+06 ZonesAtSurface
3424.59 424.976 424.223 3 0 1 6 768872 28.2589 135100 1.07517 4.48483e+06 768872 ZonesAtSurface
3474.66 424.985 564.087 6 10 2 4 1.32991e+06 36.7889 58245.6 1.5108 3.60934e+06 1.32991e+06 ZonesAtSurface
3524.7 424.989 504.093 6 0 2 6 100000 5 10000 1.20453 552596 100000 ZonesAtSurface
3574.79 424.988 494.098 9 0 1 7 734654 23.6389 70644.7 1.05718 4.83286e+06 734654 ZonesAtSurface
3624.85 424.988 484.082 2 0 1 8 761892 42.7217 57763.3 1.18306 8.16182e+06 761892 ZonesAtSurface
3674.92 424.99 524.031 1 0 1 8 824094 15.7948 127405 1.0254 3.44547e+06 824094 ZonesAtSurface
3724.98 424.991 563.98 10 0 1 8 1.1676e+06 35.2668 126140 1.00584 6.01497e+06 1.1676e+06 ZonesAtSurface
3775.04 424.992 663.886 5 0 2 6 1.02708e+06 25.5483 50280.2 1.08071 3.07309e+06 1.02708e+06 ZonesAtSurface
3825.12 424.99 573.966 0 0 1 7 1.49985e+06 36.9946 149845 1.01257 6.45871e+06 1.49985e+06 ZonesAtSurface
3875.17 424.989 683.872 7 8 1 4 902153 20.5965 64087.9 1.85027 1.47776e+06 902153 ZonesAtSurface
3925.25 424.986 593.969 3 0 1 5 521177 25.1191 138120 1.05376 2.60087e+06 521177 ZonesAtSurface
3975.32 424.981 554.03 5 0 1 5 995435 26.8387 88802.7 1.06397 4.26478e+06 995435 ZonesAtSurface
4025.39 424.98 464.134 4 0 1 6 768453 39.281 105876 1.22971 5.13284e+06 768453 ZonesAtSurface
4075.44 424.978 424.191 0 0 1 6 523916 40.3156 101680 1.19428 4.94544e+06 523916 ZonesAtSurface
4125.48 424.967 434.226 8 2 1 5 1.46031e+06 40.4227 113139 1.11311 5.54773e+06 1.46031e+06 ZonesAtSurface
4175.52 424.98 344.29 9 0 1 6 616925 38.1094 137821 1.0712 5.14743e+06 616925 ZonesAtSurface
4225.55 424.981 304.336 10 0 1 6 1.17319e+06 23.9143 126505 1.01622 4.72511e+06 1.17319e+06 ZonesAtSurface
4275.56 424.983 214.379 4 0 1 7 874538 16.8763 66466.4 1.00826 5.27386e+06 874538 ZonesAtSurface
4325.57 424.984 174.416 0 0 1 7 1.35314e+06 37.3735 91113.9 2.20991 6.9122e+06 1.35314e+06 ZonesAtSurface
4375.58 424.992 184.454 4 0 1 6 1.25798e+06 36.7017 137394 1.25585 5.99655e+06 1.25798e+06 ZonesAtSurface
4425.58 424.996 144.481 5 0 1 6 525521 27.8445 143290 1.08555 4.99545e+06 525521 ZonesAtSurface
4475.59 425.012 154.503 7 4 1 5 1.27798e+06 44.2528 83488.1 1.42182 4.36033e+06 1.27798e+06 ZonesAtSurface
4525.55 424.992 64.5302 0 0 1 6 728968 37.5099 101756 1.80926 7.90295e+06 728968 ZonesAtSurface
4575.55 424.998 74.5549 4 0 1 5 1.47387e+06 38.4909 115532 1.15637 6.29021e+06 1.47387e+06 ZonesAtSurface
4625.47 424.975 -15.4369 3 0 1 6 1.41943e+06 34.2718 65172.8 1.46788 9.19901e+06 1.41943e+06 ZonesAtSurface
4675.46 424.972 -5.40474 22 0 1 5 613021 19.646 129251 1.04153 3.17542e+06 613021 ZonesAtSurface
4725.37 424.968 -45.395 38 0 1 5 963424 24.1944 69939.8 1.04745 7.5022e+06 963424 ZonesAtSurface
4775.28 424.968 -35.3468 29 0 1 4 910904 37.9183 79240.1 1.10029 5.79711e+06 910904 ZonesAtSurface
4825.22 424.966 -25.3534 44 0 1 3 1.14922e+06 31.3469 79690.4 1.83895 4.56019e+06 1.14922e+06 ZonesAtSurface
4875.14 424.965 -15.3493 65 0 1 2 597767 40.8314 56318.5 1.45604 4.37785e+06 597767 ZonesAtSurface
4925.06 424.963 -5.33868 64 0 1 1 1.02688e+06 36.5948 134559 2.16111 4.05853e+06 1.02688e+06 ZonesAtSurface
74.9259 474.976 -26.8407 73 0 1 1 935960 33.9324 56808.1 1.68077 5.34068e+06 935960 ZonesAtSurface
124.839 474.975 -1.7955 91 25 1 1 584617 20.2601 78583.4 2.50868 799077 584617 ZonesAtSurface
174.764 474.976 -26.8332 75 0 1 2 652108 38.7088 69265.8 1.06565 4.65891e+06 652108 ZonesAtSurface
224.699 474.976 -1.81321 74 57 1 2 1.48735e+06 30.543 68558.3 2.40517 2.89358e+06 1.48735e+06 ZonesAtSurface
274.645 474.977 -26.8446 44 0 1 3 1.41426e+06 39.3613 54629.8 1.06051 7.86057e+06 1.41426e+06 ZonesAtSurface
324.597 474.977 -1.8338 51 31 1 3 1.19211e+06 43.6118 54947.7 2.48493 3.37431e+06 1.19211e+06 ZonesAtSurface
374.55 474.979 -26.8753 50 0 1 4 509501 23.4787 84974.1 1.0883 4.16154e+06 509501 ZonesAtSurface
424.5 474.982 -1.87887 42 1 1 4 1.03506e+06 33.7134 110731 1.36935 3.12288e+06 1.03506e+06 ZonesAtSurface
474.479 474.977 -26.9257 20 0 1 5 589532 27.7072 134215 1.01174 7.50063e+06 589532 ZonesAtSurface
524.439 474.975 -1.9393 7 0 1 5 746969 31.9285 69196.3 1.01174 7.86855e+06 746969 ZonesAtSurface
574.407 474.973 23.0429 2 0 1 5 743538 43.029 67219.1 1.45022 8.57302e+06 743538 ZonesAtSurface
624.299 474.96 148.01 5 0 2 3 100000 5 10000 1.18788 230517 100000 ZonesAtSurface
674.308 474.958 272.988 0 8 2 1 1.29924e+06 25.0539 80153.8 4.88364 827007 1.29924e+06 ZonesAtSurface
724.317 474.96 297.974 0 5 2 1 1.22746e+06 24.7626 114266 3.47874 1.08127e+06 1.22746e+06 ZonesAtSurface
774.327 474.962 322.958 0 1 2 1 791396 31.5003 110751 2.26667 1.20361e+06 791396 ZonesAtSurface
824.338 474.965 347.939 0 0 2 1 932304 24.2564 66579.9 2.98013 1.13462e+06 932304 ZonesAtSurface
874.338 474.97 322.924 0 0 2 2 726456 35.6709 133080 3.98117 1.34124e+06 726456 ZonesAtSurface
924.343 474.972 297.906 0 0 1 3 1.36919e+06 20.4541 88699.3 2.48162 2.2454e+06 1.36919e+06 ZonesAtSurface
974.354 474.97 322.888 4 0 2 3 732606 16.489 126962 1.12962 2.50737e+06 732606 ZonesAtSurface
1024.36 474.974 297.866 0 0 1 4 727721 43.1517 71653.1 3.63547 3.27983e+06 727721 ZonesAtSurface
1074.38 474.975 322.839 0 0 1 4 1.41818e+06 32.9755 86900.4 2.31269 4.15199e+06 1.41818e+06 ZonesAtSurface
1124.44 474.965 497.765 0 4 2 1 755170 41.435 66442 1.96717 1.74869e+06 755170 ZonesAtSurface
1174.5 474.959 572.735 0 10 0 0 1.13008e+06 15.6608 67664 4.06418 760750 1.13008e+06 ZonesAtSurface
1224.51 474.969 547.714 0 10 2 1 1.11472e+06 33.2599 55593.2 3.75729 1.19078e+06 1.11472e+06 ZonesAtSurface
1274.53 474.977 522.693 5 0 1 2 862572 20.8501 125425 1.24222 2.02261e+06 862572 ZonesAtSurface
1324.53 474.983 447.681 0 0 1 4 811148 42.4628 134781 2.10342 3.61042e+06 811148 ZonesAtSurface
1374.55 474.982 472.653 8 0 1 4 1.38792e+06 27.0805 51972.9 1.30814 4.02284e+06 1.38792e+06 ZonesAtSurface
1424.58 474.984 447.629 3 0 1 5 593566 29.1311 69670.6 1.18167 4.0474e+06 593566 ZonesAtSurface
1474.63 474.984 522.572 1 0 1 4 1.49136e+06 43.9697 84330.2 1.15495 6.84938e+06 1.49136e+06 ZonesAtSurface
1524.72 474.984 597.487 0 0 2 3 918930 38.227 67392.4 1.06408 3.91728e+06 918930 ZonesAtSurface
1574.78 474.984 622.446 6 6 2 3 1.15189e+06 27.9259 106597 1.17062 3.21329e+06 1.15189e+06 ZonesAtSurface
1624.82 474.991 597.447 1 4 2 4 1.49463e+06 19.8769 75100.3 1.14172 3.68252e+06 1.49463e+06 ZonesAtSurface
1674.87 475.003 572.463 3 7 2 5 1.0948e+06 25.0304 114336 1.24736 2.69481e+06 1.0948e+06 ZonesAtSurface
1724.91 474.993 447.588 2 0 1 8 100000 5 10000 1.38663 754136 100000 ZonesAtSurface
1775 474.998 472.559 7 0 2 8 753317 18.8204 63163.1 1.16934 1.85552e+06 753317 ZonesAtSurface
1825.08 474.998 497.54 10 4 2 8 720076 44.3117 83761.5 1.75516 2.06372e+06 720076 ZonesAtSurface
1875.19 475.001 422.639 2 0 1 10 516465 38.3333 74963.7 1.03609 6.94334e+06 516465 ZonesAtSurface
1925.26 475.006 547.469 0 0 2 8 926530 24.6389 112487 1.10457 2.92121e+06 926530 ZonesAtSurface
1975.43 474.999 472.617 2 0 2 10 610969 15.8539 104699 1.0241 1.89554e+06 610969 ZonesAtSurface
2025.55 475.004 485.113 1 1 1 9 1.18547e+06 44.4823 127328 1.18889 4.79438e+06 1.18547e+06 ZonesAtSurface
2075.59 474.995 335.354 2 0 1 10 783393 35.4913 106115 1.07269 4.06206e+06 783393 ZonesAtSurface
2125.55 474.992 235.477 2 0 1 10 1.30276e+06 32.7332 138702 1.04863 8.14151e+06 1.30276e+06 ZonesAtSurface
2175.48 474.989 135.541 2 0 1 10 750387 44.7058 111747 1.08245 9.06657e+06 750387 ZonesAtSurface
2225.4 474.987 35.5683 2 0 1 10 521490 23.5319 72881.3 1.04474 7.51997e+06 521490 ZonesAtSurface
2275.37 474.985 -14.4209 2 0 1 9 898072 15.0452 140670 1.06973 6.12554e+06 898072 ZonesAtSurface
2325.37 474.983 -14.3962 13 0 1 7 1.03096e+06 42.1509 146764 1.36561 9.03717e+06 1.03096e+06 ZonesAtSurface
2375.33 474.98 -14.3628 47 0 1 5 786729 40.1108 85809.7 2.0047 3.15251e+06 786729 ZonesAtSurface
2425.29 474.983 -14.3341 77 5 1 3 1.42019e+06 28.424 101512 1.75106 3.78424e+06 1.42019e+06 ZonesAtSurface
2475.23 474.983 -14.3056 70 0 1 1 606580 27.077 68115 2.65764 2.252e+06 606580 ZonesAtSurface
2525.07 474.977 -44.2996 65 0 1 1 1.19977e+06 44.3424 71801.6 1.06805 7.77354e+06 1.19977e+06 ZonesAtSurface
2574.93 474.976 -4.22236 101 18 1 1 521348 19.4657 113027 1.26454 1.17306e+06 521348 ZonesAtSurface
2624.9 474.976 -14.2414 39 18 1 2 1.44946e+06 20.3715 123352 5.07771 1.07366e+06 1.44946e+06 ZonesAtSurface
2674.84 474.977 -24.235 60 0 1 3 100000 5 10000 1.06756 327792 100000 ZonesAtSurface
2724.75 474.977 -34.2807 50 0 1 4 100000 5 10000 1.05092 625717 100000 ZonesAtSurface
2774.69 474.976 -44.3514 39 0 1 5 100000 5 10000 1.05872 1.07201e+06 100000 ZonesAtSurface
2824.6 474.981 -4.35941 26 0 1 5 1.31259e+06 38.7441 95369.8 1.18896 5.9648e+06 1.31259e+06 ZonesAtSurface
2874.6 474.979 -14.3867 13 0 1 6 606421 37.0776 100299 1.05153 8.02108e+06 606421 ZonesAtSurface
2924.55 474.979 25.601 8 0 1 6 1.16473e+06 31.3341 64937.2 1.00771 8.54335e+06 1.16473e+06 ZonesAtSurface
2974.56 474.974 15.5714 0 0 1 7 564945 38.1419 118357 2.38367 8.00791e+06 564945 ZonesAtSurface
3024.41 474.958 205.532 9 4 1 4 1.06756e+06 40.4671 75053.5 1.60623 3.33272e+06 1.06756e+06 ZonesAtSurface
3074.44 474.966 195.509 1 0 1 5 883538 34.4435 137930 1.13288 6.70605e+06 883538 ZonesAtSurface
3124.44 474.972 285.448 1 0 2 4 704840 44.5683 74793.5 1.15751 3.28528e+06 704840 ZonesAtSurface
3174.46 474.981 275.428 1 0 1 5 1.36712e+06 32.0335 140165 1.23202 4.59689e+06 1.36712e+06 ZonesAtSurface
3224.49 474.982 265.408 0 0 1 6 1.48762e+06 35.7259 88373.6 1.56387 5.91256e+06 1.48762e+06 ZonesAtSurface
3274.52 474.981 255.384 5 0 1 7 1.0308e+06 19.7186 73476.8 1.0182 5.30788e+06 1.0308e+06 ZonesAtSurface
3324.53 474.975 345.341 8 0 1 6 1.05732e+06 36.683 74553.9 1.16741 5.79669e+06 1.05732e+06 ZonesAtSurface
3374.57 474.978 335.313 4 0 1 7 1.37938e+06 24.6444 99036.9 1.0701 6.00121e+06 1.37938e+06 ZonesAtSurface
3424.58 474.98 475.187 7 0 1 5 100000 5 10000 1.22375 487148 100000 ZonesAtSurface
3474.64 474.989 515.12 6 0 2 5 1.031e+06 15.9979 59243.6 1.18309 2.59911e+06 1.031e+06 ZonesAtSurface
3524.72 474.985 455.159 0 0 1 7 100000 5 10000 1.05104 894446 100000 ZonesAtSurface
3574.79 474.988 495.108 4 0 1 7 1.3095e+06 20.9672 115470 1.03422 4.82931e+06 1.3095e+06 ZonesAtSurface
3624.85 474.988 535.062 0 0 2 7 1.3432e+06 31.4873 71264.8 1.08249 4.33682e+06 1.3432e+06 ZonesAtSurface
3674.91 474.99 525.044 3 0 1 8 1.27322e+06 39.8257 83729.9 1.00414 5.64264e+06 1.27322e+06 ZonesAtSurface
3724.98 474.992 564.996 7 0 1 8 1.49716e+06 44.5017 118425 1.00624 6.63456e+06 1.49716e+06 ZonesAtSurface
3775.03 474.996 664.9 9 2 1 6 1.3049e+06 16.3968 71219.4 1.22989 2.81306e+06 1.3049e+06 ZonesAtSurface
3825.11 474.994 624.935 3 3 1 6 1.45964e+06 33.7034 130540 1.06418 4.83073e+06 1.45964e+06 ZonesAtSurface
3875.19 474.992 634.92 9 0 1 5 950137 26.6767 109834 1.14924 3.35542e+06 950137 ZonesAtSurface
3925.26 474.989 644.925 6 0 1 4 100000 5 10000 1.17948 404431 100000 ZonesAtSurface
3975.32 474.981 604.992 3 0 1 4 1.48663e+06 23.2674 78092.3 1.07748 4.59012e+06 1.48663e+06 ZonesAtSurface
4025.38 474.973 565.062 7 0 1 4 791129 29.5949 97959.7 1.11699 3.69765e+06 791129 ZonesAtSurface
4075.44 474.967 525.136 5 0 1 4 621718 19.3593 89526.9 1.11402 2.32037e+06 621718 ZonesAtSurface
4125.48 474.97 435.229 4 0 1 5 974706 31.3708 124313 1.06727 5.20347e+06 974706 ZonesAtSurface
4175.52 474.978 345.298 4 0 1 6 656298 41.9252 53142.9 1.21698 6.42747e+06 656298 ZonesAtSurface
4225.54 474.978 305.345 0 0 1 6 1.45763e+06 28.768 138621 1.22545 5.77978e+06 1.45763e+06 ZonesAtSurface
4275.57 474.976 265.385 2 0 1 6 1.29907e+06 37.4694 137007 1.35077 5.79148e+06 1.29907e+06 ZonesAtSurface
4325.57 474.982 175.426 1 0 1 7 514043 32.7362 135743 1.27384 7.00154e+06 514043 ZonesAtSurface
4375.54 474.98 85.4616 0 0 1 8 1.49089e+06 29.6843 143512 2.20616 7.15236e+06 1.49089e+06 ZonesAtSurface
4425.56 474.982 95.4929 8 0 1 7 849655 26.2946 91326.1 1.08008 7.43169e+06 849655 ZonesAtSurface
4475.54 474.981 55.5195 1 0 1 7 908808 36.2917 118889 1.53873 8.17569e+06 908808 ZonesAtSurface
4525.51 474.978 15.5382 1 0 1 7 1.05513e+06 27.4351 133393 1.23513 8.47482e+06 1.05513e+06 ZonesAtSurface
4575.5 474.984 25.5724 9 0 1 6 900155 39.1265 117225 1.20087 7.34244e+06 900155 ZonesAtSurface
4625.46 474.977 -14.4219 16 0 1 6 1.24512e+06 19.4064 131131 1.02495 7.69955e+06 1.24512e+06 ZonesAtSurface
4675.45 474.977 -4.38761 35 0 1 5 1.35182e+06 17.107 107237 1.13778 3.8853e+06 1.35182e+06 ZonesAtSurface
4725.37 474.972 -44.3886 32 0 1 5 1.47876e+06 26.754 117226 1.01647 8.14112e+06 1.47876e+06 ZonesAtSurface
4775.28 474.972 -34.3479 41 0 1 4 1.00815e+06 21.1731 68194.2 1.11981 4.03935e+06 1.00815e+06 ZonesAtSurface
4825.22 474.969 -24.348 44 8 1 3 1.46659e+06 34.6106 130299 1.60285 5.0827e+06 1.46659e+06 ZonesAtSurface
4875.15 474.969 -14.3364 52 0 1 2 1.22187e+06 17.9484 55675.9 1.72358 2.43733e+06 1.22187e+06 ZonesAtSurface
4925.05 474.967 -4.32971 74 0 1 1 1.23758e+06 34.1563 52432.7 2.0319 4.20614e+06 1.23758e+06 ZonesAtSurface
74.9313 524.979 -25.8315 86 0 1 1 617904 34.9013 58998.9 1.51846 4.43993e+06 617904 ZonesAtSurface
124.844 524.986 -0.779486 89 32 1 1 706537 21.4707 104489 4.01588 600582 706537 ZonesAtSurface
174.765 524.981 -25.8152 60 0 1 2 1.47215e+06 19.5115 54484.2 1.26056 3.81224e+06 1.47215e+06 ZonesAtSurface
224.698 524.985 -0.801247 80 16 1 2 816709 33.8468 113713 4.75965 1.11155e+06 816709 ZonesAtSurface
274.644 524.982 -25.833 52 0 1 3 762708 39.0464 70957.5 1.3165 5.24851e+06 762708 ZonesAtSurface
324.596 524.987 -0.823706 59 27 1 3 1.07947e+06 38.1204 51892.9 2.32275 2.80855e+06 1.07947e+06 ZonesAtSurface
374.554 524.982 -25.8588 41 0 1 4 989359 42.8111 131895 1.08236 5.78741e+06 989359 ZonesAtSurface
424.509 524.988 -0.862832 50 0 1 4 542258 21.1784 63534.4 1.41845 1.44602e+06 542258 ZonesAtSurface
474.476 524.975 -25.917 12 0 1 5 971031 43.9532 71791.8 1.10237 1.02307e+07 971031 ZonesAtSurface
524.435 524.973 -0.934324 3 0 1 5 1.07772e+06 38.7805 108110 1.18388 9.24152e+06 1.07772e+06 ZonesAtSurface
574.403 524.972 24.0461 5 0 1 5 964247 28.7831 106453 1.08774 7.72064e+06 964247 ZonesAtSurface
624.285 524.964 199.004 0 1 2 2 1.41032e+06 29.6443 102782 3.1719 1.55913e+06 1.41032e+06 ZonesAtSurface
674.307 524.964 273.993 0 8 2 1 1.31387e+06 26.9526 146986 5.98258 677917 1.31387e+06 ZonesAtSurface
724.316 524.966 298.982 0 5 2 1 751839 38.5748 127653 2.81766 970960 751839 ZonesAtSurface
774.325 524.967 323.968 0 0 2 1 648794 18.2516 91868 1.62142 1.18356e+06 648794 ZonesAtSurface
824.324 524.972 298.952 0 0 2 2 1.19073e+06 18.3113 149642 2.1963 1.74553e+06 1.19073e+06 ZonesAtSurface
874.328 524.975 273.931 0 0 1 3 1.24194e+06 38.6936 135502 3.79931 2.79736e+06 1.24194e+06 ZonesAtSurface
924.336 524.973 298.909 0 0 1 3 1.00443e+06 27.154 94124.5 1.9614 2.92554e+06 1.00443e+06 ZonesAtSurface
974.347 524.972 323.886 1 0 1 3 515655 26.814 144690 1.19973 3.17021e+06 515655 ZonesAtSurface
1024.37 524.966 398.846 0 0 2 2 1.28883e+06 29.3672 132137 1.33603 3.43524e+06 1.28883e+06 ZonesAtSurface
1074.4 524.963 473.806 0 8 2 1 832018 35.8053 146858 2.15492 1.9057e+06 832018 ZonesAtSurface
1124.46 524.959 548.774 0 0 0 0 761958 16.316 149159 2.67968 795868 761958 ZonesAtSurface
1174.47 524.969 523.753 0 0 2 1 570213 31.2499 112674 1.76236 1.29688e+06 570213 ZonesAtSurface
1224.49 524.978 498.733 0 0 2 2 1.15911e+06 39.8925 79475 2.47861 2.41889e+06 1.15911e+06 ZonesAtSurface
1274.5 524.98 473.716 6 0 2 3 738699 41.8286 63469.1 1.79873 2.58351e+06 738699 ZonesAtSurface
1324.52 524.983 448.698 0 0 2 4 1.02387e+06 37.142 133298 2.23767 3.15347e+06 1.02387e+06 ZonesAtSurface
1374.54 524.981 473.674 0 0 1 4 699513 44.9229 119864 1.99704 2.8815e+06 699513 ZonesAtSurface
1424.57 524.984 448.649 3 0 1 5 1.00194e+06 19.0019 102617 1.14708 3.49189e+06 1.00194e+06 ZonesAtSurface
1474.69 524.978 623.507 0 10 2 2 906337 36.4633 143352 1.50107 2.2874e+06 906337 ZonesAtSurface
1524.69 524.99 548.531 4 0 1 4 100000 5 10000 1.07747 730489 100000 ZonesAtSurface
1574.8 524.985 673.438 6 0 2 2 512920 30.968 96318 1.18448 1.78327e+06 512920 ZonesAtSurface
1624.82 525.004 598.459 7 7 2 4 1.03555e+06 26.0573 148694 1.30884 2.41247e+06 1.03555e+06 ZonesAtSurface
1674.82 524.989 423.629 1 0 1 8 100000 5 10000 1.65644 881534 100000 ZonesAtSurface
1724.92 524.992 448.593 9 0 1 8 100000 5 10000 1.22148 943767 100000 ZonesAtSurface
1775 524.995 423.611 4 0 1 9 100000 5 10000 1.61114 814251 100000 ZonesAtSurface
1825.1 525.002 448.585 8 0 1 9 1.01551e+06 33.4584 117396 1.08518 4.96544e+06 1.01551e+06 ZonesAtSurface
1875.21 525.001 423.648 1 0 1 10 743453 41.02 91685 1.03001 6.71737e+06 743453 ZonesAtSurface
1925.24 525.002 598.413 9 5 2 7 552361 27.6333 80907.4 1.00758 1.72131e+06 552361 ZonesAtSurface
1975.42 524.996 473.634 0 0 2 10 1.48219e+06 16.0493 109618 1.03841 3.77711e+06 1.48219e+06 ZonesAtSurface
2025.55 525.004 486.128 4 4 2 9 1.04722e+06 35.0895 103400 1.25754 3.25166e+06 1.04722e+06 ZonesAtSurface
2075.6 524.997 336.362 2 0 1 10 1.48069e+06 30.8895 99287.8 1.06662 5.14451e+06 1.48069e+06 ZonesAtSurface
2125.57 524.993 236.478 2 0 1 10 100000 5 10000 1.00379 875140 100000 ZonesAtSurface
2175.49 524.99 136.545 6 0 1 10 1.03369e+06 31.5601 129005 1.06081 6.84868e+06 1.03369e+06 ZonesAtSurface
2225.4 524.988 36.5721 2 0 1 10 1.24624e+06 25.9306 64949.5 1.13688 8.2189e+06 1.24624e+06 ZonesAtSurface
2275.37 524.986 -13.4186 10 0 1 9 951028 22.6178 89030.6 1.25747 7.89235e+06 951028 ZonesAtSurface
2325.37 524.985 -13.3914 25 0 1 7 995351 34.6625 138744 1.32468 6.74742e+06 995351 ZonesAtSurface
2375.33 524.984 -13.3564 33 0 1 5 1.23875e+06 40.7328 145050 1.93795 4.74153e+06 1.23875e+06 ZonesAtSurface
2425.3 524.99 -13.3391 78 0 1 3 1.19358e+06 31.6836 113556 1.62825 4.25855e+06 1.19358e+06 ZonesAtSurface
2475.25 524.99 -13.3168 78 0 1 1 704361 42.6509 73664.5 3.58517 2.68197e+06 704361 ZonesAtSurface
2525.07 524.976 -43.2875 66 0 1 1 1.21792e+06 32.6436 91559.2 1.19301 5.65912e+06 1.21792e+06 ZonesAtSurface
2574.9 524.976 -3.1946 83 0 1 1 100000 5 10000 1.09138 304795 100000 ZonesAtSurface
2624.87 524.976 -13.2137 74 0 1 2 100000 5 10000 1.35478 386769 100000 ZonesAtSurface
2674.81 524.977 -23.2115 43 0 1 3 100000 5 10000 1.51396 275623 100000 ZonesAtSurface
2724.73 524.974 -33.2721 49 11 1 4 956733 42.9054 144599 1.16032 3.6541e+06 956733 ZonesAtSurface
2774.67 524.974 -43.3345 38 0 1 5 1.32342e+06 20.1783 111641 1.01421 6.02016e+06 1.32342e+06 ZonesAtSurface
2824.59 524.976 -3.34826 8 0 1 5 850055 17.0164 144940 1.37733 2.6723e+06 850055 ZonesAtSurface
2874.6 524.974 -13.3749 17 0 1 6 588532 18.7324 138302 1.01428 4.79802e+06 588532 ZonesAtSurface
2924.6 524.972 -23.4054 0 0 1 7 1.40845e+06 39.2135 76999.3 2.92033 8.78588e+06 1.40845e+06 ZonesAtSurface
2974.51 524.968 66.5791 8 0 1 6 1.46758e+06 17.5818 133920 1.04308 5.89165e+06 1.46758e+06 ZonesAtSurface
3024.45 524.966 156.543 1 0 1 5 603628 28.1624 136167 1.06627 4.05589e+06 603628 ZonesAtSurface
3074.41 524.966 296.474 10 0 2 3 554683 22.3324 87446.9 1.17472 1.51949e+06 554683 ZonesAtSurface
3124.45 524.977 236.469 5 0 1 5 1.36827e+06 23.2021 134786 1.11376 5.12483e+06 1.36827e+06 ZonesAtSurface
3174.48 524.981 226.446 4 0 1 6 1.29546e+06 18.0741 114581 1.16389 4.76516e+06 1.29546e+06 ZonesAtSurface
3224.49 524.982 266.419 6 0 1 6 854107 42.321 75920.4 1.08302 5.7437e+06 854107 ZonesAtSurface
3274.5 524.979 306.386 5 0 1 6 1.34154e+06 41.6225 124727 1.1202 6.7876e+06 1.34154e+06 ZonesAtSurface
3324.54 524.978 296.36 5 0 1 7 1.43893e+06 25.8556 91777.5 1.02793 6.90378e+06 1.43893e+06 ZonesAtSurface
3374.54 524.973 386.29 3 0 1 6 633006 20.9271 135235 1.0893 4.8161e+06 633006 ZonesAtSurface
3424.58 524.982 476.188 6 4 1 5 1.02831e+06 32.3704 93086.6 1.08734 3.35319e+06 1.02831e+06 ZonesAtSurface
3474.64 524.993 516.127 3 3 2 5 1.43688e+06 27.5837 65802.4 1.11606 4.23374e+06 1.43688e+06 ZonesAtSurface
3524.72 524.988 456.166 1 0 1 7 566173 40.134 90833.3 1.03075 6.08434e+06 566173 ZonesAtSurface
3574.78 524.989 496.118 7 0 1 7 745955 30.8301 118719 1.03274 4.04426e+06 745955 ZonesAtSurface
3624.84 524.989 536.074 6 0 1 7 974133 44.6468 119864 1.0333 4.48876e+06 974133 ZonesAtSurface
3674.9 524.991 576.027 9 8 1 7 1.28306e+06 41.3097 62508.7 1.34008 4.08012e+06 1.28306e+06 ZonesAtSurface
3724.97 524.993 566.012 10 0 1 8 840930 44.9323 82910.6 1.00992 4.54319e+06 840930 ZonesAtSurface
3775.04 524.999 665.905 4 1 1 6 954326 33.6142 62962.5 1.20429 3.01527e+06 954326 ZonesAtSurface
3825.12 524.995 625.937 4 0 1 6 928251 27.3732 115156 1.20033 3.04304e+06 928251 ZonesAtSurface
3875.22 524.996 685.853 9 2 2 4 1.30828e+06 25.5994 139577 1.32671 3.44266e+06 1.30828e+06 ZonesAtSurface
3925.28 524.993 645.912 2 0 1 4 100000 5 10000 1.4873 305487 100000 ZonesAtSurface
3975.35 524.988 605.978 4 0 1 4 100000 5 10000 1.05968 573432 100000 ZonesAtSurface
4025.37 524.973 665.983 0 7 2 2 791115 25.5513 62142.6 1.23139 2.02498e+06 791115 ZonesAtSurface
4075.46 524.975 526.124 2 0 1 4 100000 5 10000 1.01271 419931 100000 ZonesAtSurface
4125.51 524.969 486.193 0 0 1 4 1.37614e+06 43.706 98388.4 1.05955 6.36664e+06 1.37614e+06 ZonesAtSurface
4175.54 524.961 446.249 9 0 1 4 671121 34.994 73504.1 1.05096 3.20707e+06 671121 ZonesAtSurface
4225.55 524.967 356.336 2 0 1 5 848634 24.8 57298.1 1.08448 3.96999e+06 848634 ZonesAtSurface
4275.57 524.968 316.38 7 0 1 5 1.05669e+06 25.1749 113470 1.10071 4.57442e+06 1.05669e+06 ZonesAtSurface
4325.58 524.974 226.427 2 0 1 6 1.05703e+06 35.9395 94715.2 1.4189 6.49128e+06 1.05703e+06 ZonesAtSurface
4375.59 524.968 186.466 7 0 1 6 1.16415e+06 43.5431 82138.9 1.30007 7.17946e+06 1.16415e+06 ZonesAtSurface
4425.56 524.979 96.4992 1 0 1 7 926812 29.8768 120491 1.03752 6.45879e+06 926812 ZonesAtSurface
4475.51 524.977 6.51743 0 0 1 8 773102 42.858 87626.3 4.11655 7.0472e+06 773102 ZonesAtSurface
4525.51 524.978 16.5506 0 0 1 7 835318 44.7356 121716 1.44272 8.9061e+06 835318 ZonesAtSurface
4575.47 524.976 -23.4392 0 0 1 7 1.39687e+06 28.1026 138617 1.30341 9.21869e+06 1.39687e+06 ZonesAtSurface
4625.45 524.978 -13.4076 16 0 1 6 1.22684e+06 38.203 129875 1.00781 9.22752e+06 1.22684e+06 ZonesAtSurface
4675.43 524.975 -3.37389 27 8 1 5 1.20803e+06 44.9418 72556.3 1.40428 4.75703e+06 1.20803e+06 ZonesAtSurface
4725.37 524.974 -43.3886 34 0 1 5 1.17732e+06 22.7621 68061.6 1.0219 6.8006e+06 1.17732e+06 ZonesAtSurface
4775.29 524.973 -33.3455 43 0 1 4 932847 29.1787 119365 1.14971 4.89156e+06 932847 ZonesAtSurface
4825.22 524.97 -23.3351 49 0 1 3 535978 21.2665 92710.3 1.33112 2.25156e+06 535978 ZonesAtSurface
4875.15 524.971 -13.3279 61 0 1 2 554575 21.4882 102949 1.9324 1.83482e+06 554575 ZonesAtSurface
4925.06 524.97 -3.326 75 0 1 1 1.29815e+06 21.3967 83176.4 1.4296 3.8178e+06 1.29815e+06 ZonesAtSurface
74.9448 574.98 -24.8242 79 0 1 1 562949 22.561 142423 1.30968 2.84904e+06 562949 ZonesAtSurface
124.851 574.981 -49.846 85 0 1 2 1.21978e+06 30.3081 135983 1.14465 7.0083e+06 1.21978e+06 ZonesAtSurface
174.777 574.982 -24.7974 56 7 1 2 1.316e+06 29.9881 67961.6 1.62585 3.26425e+06 1.316e+06 ZonesAtSurface
224.715 574.979 -49.8362 64 0 1 3 818126 28.3103 101672 1.35208 4.73494e+06 818126 ZonesAtSurface
274.65 574.979 -24.8174 75 0 1 3 632806 24.2467 112088 2.03775 1.66416e+06 632806 ZonesAtSurface
324.608 574.977 -49.8559 55 0 1 4 1.46715e+06 20.5499 88378.4 1.09549 6.05035e+06 1.46715e+06 ZonesAtSurface
374.558 574.978 -24.8459 49 0 1 4 579708 39.6109 123890 1.44142 3.6286e+06 579708 ZonesAtSurface
424.521 574.975 -49.8976 28 0 1 5 1.11906e+06 32.5465 96548.6 1.06235 9.08356e+06 1.11906e+06 ZonesAtSurface
474.471 574.973 -24.9098 31 0 1 5 1.31028e+06 20.2612 89117.7 1.01076 6.18914e+06 1.31028e+06 ZonesAtSurface
524.431 574.972 0.0694477 3 0 1 5 594699 42.0758 52724.2 1.10623 9.48099e+06 594699 ZonesAtSurface
574.287 574.963 125.033 5 5 2 3 1.25706e+06 16.8923 134115 1.96575 1.88774e+06 1.25706e+06 ZonesAtSurface
624.3 574.968 250.012 0 9 2 1 990071 26.2472 137862 3.05418 980503 990071 ZonesAtSurface
674.309 574.969 275.003 0 9 2 1 1.40561e+06 16.3476 100415 3.80115 969072 1.40561e+06 ZonesAtSurface
724.317 574.972 299.993 0 10 2 1 957760 21.0528 76399.7 2.2415 1.21676e+06 957760 ZonesAtSurface
774.316 574.978 274.98 0 0 1 2 989230 25.7063 133464 1.96553 2.10718e+06 989230 ZonesAtSurface
824.319 574.978 299.962 3 3 1 2 1.16799e+06 21.9121 67620.5 1.60542 2.24518e+06 1.16799e+06 ZonesAtSurface
874.321 574.978 274.937 0 0 1 3 1.11703e+06 25.389 95633.6 1.70636 3.34607e+06 1.11703e+06 ZonesAtSurface
924.33 574.972 349.903 2 0 2 2 100000 5 10000 1.05752 539221 100000 ZonesAtSurface
974.356 574.967 424.866 0 2 2 1 1.13166e+06 32.4756 52732 2.31705 1.84379e+06 1.13166e+06 ZonesAtSurface
1024.38 574.967 449.84 0 0 2 1 1.13368e+06 18.5033 137408 2.06271 1.6327e+06 1.13368e+06 ZonesAtSurface
1074.42 574.961 524.81 0 7 0 0 997454 15.8866 74119.8 3.99148 689965 997454 ZonesAtSurface
1124.46 574.961 549.785 0 0 0 0 652816 23.8206 143202 3.4021 597731 652816 ZonesAtSurface
1174.46 574.97 524.766 0 0 2 1 1.18662e+06 21.979 96050.9 4.33786 918599 1.18662e+06 ZonesAtSurface
1224.46 574.979 449.751 0 0 1 3 929951 43.1728 69666.7 2.45898 2.63421e+06 929951 ZonesAtSurface
1274.5 574.978 474.732 0 1 2 3 954908 44.8774 90609.5 2.05723 2.69452e+06 954908 ZonesAtSurface
1324.51 574.982 449.711 0 0 1 4 1.01666e+06 32.4911 136842 2.0454 2.57772e+06 1.01666e+06 ZonesAtSurface
1374.54 574.982 474.685 0 0 1 4 1.28275e+06 43.0121 63488.5 2.68413 3.03109e+06 1.28275e+06 ZonesAtSurface
1424.57 574.983 499.643 5 0 1 4 760194 40.0536 56255.6 1.54488 3.71995e+06 760194 ZonesAtSurface
1474.69 574.98 624.519 2 2 2 2 725630 29.7729 70777 1.15392 2.17845e+06 725630 ZonesAtSurface
1524.78 574.971 699.476 0 9 2 1 796646 16.9801 139420 1.51777 1.35199e+06 796646 ZonesAtSurface
1574.77 575.001 574.506 4 0 2 4 754185 41.7269 58692.8 1.05438 3.52651e+06 754185 ZonesAtSurface
1624.77 574.994 449.611 5 0 1 7 100000 5 10000 1.18813 882249 100000 ZonesAtSurface
1674.84 574.992 424.633 1 0 1 8 100000 5 10000 1.80345 732002 100000 ZonesAtSurface
1724.93 574.989 499.571 10 8 2 7 1.11283e+06 40.3814 139861 1.96606 2.24735e+06 1.11283e+06 ZonesAtSurface
1775 574.993 474.576 3 0 2 8 677385 36.0614 104736 1.05736 2.42061e+06 677385 ZonesAtSurface
1825.11 574.995 399.666 0 0 1 10 1.18758e+06 23.9536 124659 1.06567 6.24432e+06 1.18758e+06 ZonesAtSurface
1875.21 575 424.666 2 0 1 10 789968 19.5486 115632 1.00964 4.36918e+06 789968 ZonesAtSurface
1925.23 574.993 599.429 0 6 2 7 1.0127e+06 26.8576 141597 1.28964 2.39284e+06 1.0127e+06 ZonesAtSurface
1975.4 574.999 524.577 0 9 2 9 775498 32.2818 84696.9 1.19099 2.24621e+06 775498 ZonesAtSurface
2025.54 575.002 487.141 1 2 2 9 1.05084e+06 30.5312 64984.7 1.11388 3.28982e+06 1.05084e+06 ZonesAtSurface
2075.66 574.997 437.234 10 9 2 8 511626 42.5053 104540 1.42582 1.67404e+06 511626 ZonesAtSurface
2125.59 574.991 237.479 2 0 1 10 640476 35.4422 101907 1.05723 5.51092e+06 640476 ZonesAtSurface
2175.51 574.99 137.545 3 0 1 10 100000 5 10000 1.00594 1.0356e+06 100000 ZonesAtSurface
2225.41 574.988 37.5767 2 0 1 10 951536 22.8391 134501 1.07434 6.72213e+06 951536 ZonesAtSurface
2275.38 574.986 -12.4151 5 0 1 9 1.10404e+06 35.5584 93383 1.78264 8.75416e+06 1.10404e+06 ZonesAtSurface
2325.38 574.985 -12.3854 35 0 1 7 525862 19.3002 52928.5 1.39973 2.59722e+06 525862 ZonesAtSurface
2375.35 574.991 -12.3531 57 0 1 5 1.13934e+06 36.0836 88708.4 2.83021 3.38277e+06 1.13934e+06 ZonesAtSurface
2425.33 574.99 -12.3399 79 0 1 3 531292 22.2796 61123.5 1.8287 1.12712e+06 531292 ZonesAtSurface
2475.29 574.976 -12.2606 79 0 1 1 100000 5 10000 2.39222 104636 100000 ZonesAtSurface
2525.04 574.97 -42.246 67 0 1 1 100000 5 10000 1.07827 434366 100000 ZonesAtSurface
2574.87 574.97 -2.16742 77 47 1 1 525297 38.792 87293.1 1.3489 1.65179e+06 525297 ZonesAtSurface
2624.84 574.975 -12.1823 47 30 1 2 1.38647e+06 39.5929 148731 6.85054 1.59845e+06 1.38647e+06 ZonesAtSurface
2674.78 574.976 -22.2134 72 6 1 3 1.17038e+06 18.8745 134150 1.17771 3.11093e+06 1.17038e+06 ZonesAtSurface
2724.72 574.97 -32.2785 54 0 1 4 892370 22.3527 77184.8 1.09595 2.50206e+06 892370 ZonesAtSurface
2774.67 574.97 -42.3274 31 0 1 5 716527 22.7042 95434.2 1.02505 5.60999e+06 716527 ZonesAtSurface
2824.59 574.968 -2.34275 32 0 1 5 1.22596e+06 32.9058 83242.7 1.12425 4.65973e+06 1.22596e+06 ZonesAtSurface
2874.6 574.966 -12.3693 13 0 1 6 1.42315e+06 20.7157 111178 1.01474 7.03166e+06 1.42315e+06 ZonesAtSurface
2924.6 574.969 -22.3993 0 0 1 7 660399 40.1234 89381.5 2.63599 8.90741e+06 660399 ZonesAtSurface
2974.4 574.945 167.567 10 3 1 4 100000 5 10000 0.616644 351539 100000 ZonesAtSurface
3024.39 574.964 257.501 0 2 2 3 1.44188e+06 35.5372 60032.7 2.00373 3.10506e+06 1.44188e+06 ZonesAtSurface
3074.41 574.97 297.481 2 3 2 3 835702 30.6311 96911 1.14279 2.45107e+06 835702 ZonesAtSurface
3124.44 574.979 237.476 0 0 1 5 1.33599e+06 18.3787 94477.6 1.26443 4.02251e+06 1.33599e+06 ZonesAtSurface
3174.47 574.98 227.455 0 0 1 6 976395 17.4979 89084 1.21004 3.84355e+06 976395 ZonesAtSurface
3224.48 574.979 267.428 8 0 1 6 951431 25.7677 71891 1.057 4.96234e+06 951431 ZonesAtSurface
3274.52 574.981 257.403 0 0 1 7 1.41236e+06 44.7245 65526.5 2.25073 7.33007e+06 1.41236e+06 ZonesAtSurface
3324.47 574.963 447.283 3 4 2 4 100000 5 10000 0.477616 459869 100000 ZonesAtSurface
3374.53 574.976 487.225 10 10 2 4 1.15083e+06 17.8253 73108.2 1.17682 2.71543e+06 1.15083e+06 ZonesAtSurface
3424.58 574.987 477.195 8 0 1 5 1.39246e+06 18.3067 120113 1.10163 3.93669e+06 1.39246e+06 ZonesAtSurface
3474.64 574.99 467.175 7 0 1 6 991513 16.2909 73111.7 1.07198 3.39281e+06 991513 ZonesAtSurface
3524.72 574.988 457.173 6 0 1 7 586723 35.3191 97328.5 1.03956 4.44186e+06 586723 ZonesAtSurface
3574.78 574.99 447.158 3 0 1 8 681359 38.0827 77630.1 1.00521 8.21171e+06 681359 ZonesAtSurface
3624.83 574.99 537.082 2 0 2 7 911858 29.0467 115307 1.02122 4.11485e+06 911858 ZonesAtSurface
3674.89 574.992 527.072 5 0 1 8 1.26012e+06 36.5401 55272.1 1.00503 6.28247e+06 1.26012e+06 ZonesAtSurface
3724.96 574.992 567.03 3 0 1 8 635463 24.5309 91812.4 1.01057 3.34825e+06 635463 ZonesAtSurface
3775.06 575 666.889 3 0 2 6 100000 5 10000 1.08754 480934 100000 ZonesAtSurface
3825.14 574.998 626.925 3 0 1 6 100000 5 10000 1.17558 726106 100000 ZonesAtSurface
3875.23 574.999 686.858 0 5 2 4 1.13459e+06 44.2192 72864.6 1.76462 3.08924e+06 1.13459e+06 ZonesAtSurface
3925.26 574.991 696.894 6 3 2 3 816170 21.5557 143719 1.07256 2.14978e+06 816170 ZonesAtSurface
3975.28 574.982 706.943 0 5 2 2 1.08979e+06 44.5907 67421.3 2.5952 1.90533e+06 1.08979e+06 ZonesAtSurface
4025.36 574.98 666.999 0 3 2 2 978096 29.4368 118550 1.3091 2.40555e+06 978096 ZonesAtSurface
4075.44 574.977 627.058 0 4 2 2 1.04215e+06 33.9768 89176 1.37691 2.75303e+06 1.04215e+06 ZonesAtSurface
4125.52 574.974 587.117 4 4 2 2 792107 34.5035 122340 1.26361 2.32787e+06 792107 ZonesAtSurface
4175.57 574.97 447.237 9 0 1 4 100000 5 10000 1.04062 619312 100000 ZonesAtSurface
4225.59 574.966 407.301 5 0 1 4 100000 5 10000 1.04874 371505 100000 ZonesAtSurface
4275.67 574.947 417.302 8 4 2 3 100000 5 10000 1.4023 165791 100000 ZonesAtSurface
4325.59 574.969 277.423 5 0 1 5 527994 36.2468 76085.6 1.27707 4.61263e+06 527994 ZonesAtSurface
4375.6 574.963 237.464 0 0 1 5 1.29816e+06 44.3703 72768.7 1.48816 5.93971e+06 1.29816e+06 ZonesAtSurface
4425.59 574.972 147.494 5 0 1 6 969180 31.7737 105277 1.08486 5.12467e+06 969180 ZonesAtSurface
4475.5 574.977 7.52266 3 0 1 8 1.15821e+06 16.7208 100634 1.08276 7.09459e+06 1.15821e+06 ZonesAtSurface
4525.51 574.976 17.5549 5 0 1 7 1.09529e+06 34.4504 100147 1.04165 8.24967e+06 1.09529e+06 ZonesAtSurface
4575.47 574.976 -22.434 6 0 1 7 1.25849e+06 23.3315 118896 1.02912 9.47512e+06 1.25849e+06 ZonesAtSurface
4625.45 574.977 -12.3983 20 0 1 6 1.15919e+06 29.0046 74899.5 1.01978 6.75977e+06 1.15919e+06 ZonesAtSurface
4675.43 574.975 -2.36774 29 0 1 5 742275 37.8623 134230 1.39023 3.30032e+06 742275 ZonesAtSurface
4725.37 574.974 -42.3875 22 0 1 5 1.21718e+06 44.4425 140187 1.19992 9.75762e+06 1.21718e+06 ZonesAtSurface
4775.29 574.974 -32.3443 43 0 1 4 707840 29.9375 128124 1.15773 5.06775e+06 707840 ZonesAtSurface
4825.22 574.973 -22.3252 66 0 1 3 1.38404e+06 26.2299 58758.1 1.28072 4.4076e+06 1.38404e+06 ZonesAtSurface
4875.14 574.975 -12.3279 66 0 1 2 736510 33.718 134006 2.06374 3.45809e+06 736510 ZonesAtSurface
4925.06 574.972 -2.32498 82 5 1 1 1.36747e+06 44.4714 102277 2.12877 4.85788e+06 1.36747e+06 ZonesAtSurface
74.9551 624.98 -23.8177 61 4 1 1 1.11901e+06 36.5196 121545 1.74759 4.17095e+06 1.11901e+06 ZonesAtSurface
124.853 624.98 -48.8357 72 0 1 2 642343 44.3684 121790 1.29073 6.48639e+06 642343 ZonesAtSurface
174.785 624.98 -23.7892 69 0 1 2 829806 31.2033 138595 1.61993 2.15079e+06 829806 ZonesAtSurface
224.714 624.978 -48.8272 78 0 1 3 967679 25.4676 54805.2 1.16503 4.26116e+06 967679 ZonesAtSurface
274.657 624.975 -23.8058 47 32 2 3 1.05385e+06 44.8304 88861 4.09654 2.65319e+06 1.05385e+06 ZonesAtSurface
324.605 624.973 -48.8448 65 0 1 4 1.4648e+06 17.2723 102342 1.05458 5.30274e+06 1.4648e+06 ZonesAtSurface
374.555 624.972 -23.8372 49 27 1 4 1.21982e+06 37.0404 144957 1.51383 3.65928e+06 1.21982e+06 ZonesAtSurface
424.516 624.972 -48.8924 28 0 1 5 1.2411e+06 32.6895 59348 1.03079 8.95234e+06 1.2411e+06 ZonesAtSurface
474.465 624.971 -23.9069 12 0 1 5 1.01094e+06 38.8989 148871 1.0241 7.84602e+06 1.01094e+06 ZonesAtSurface
524.346 624.96 51.0732 5 0 2 4 100000 5 10000 1.04059 544348 100000 ZonesAtSurface
574.29 624.97 126.037 0 3 2 3 1.39715e+06 38.5046 91231.8 1.52815 3.96435e+06 1.39715e+06 ZonesAtSurface
624.298 624.975 201.025 0 1 2 2 1.45419e+06 35.3982 72736.3 2.76872 2.16826e+06 1.45419e+06 ZonesAtSurface
674.307 624.979 226.017 1 0 2 2 527407 41.9131 104187 1.06887 2.3408e+06 527407 ZonesAtSurface
724.316 624.983 251.008 0 3 2 2 1.13554e+06 36.1806 116454 1.8451 2.41233e+06 1.13554e+06 ZonesAtSurface
774.315 624.99 225.991 1 0 1 3 1.27429e+06 41.9035 96279.2 2.25671 3.94498e+06 1.27429e+06 ZonesAtSurface
824.318 624.985 200.968 0 0 1 4 1.21237e+06 34.4687 87767 2.64239 4.03353e+06 1.21237e+06 ZonesAtSurface
874.312 624.981 275.941 6 0 1 3 1.40707e+06 26.0745 85315.7 1.33006 4.35553e+06 1.40707e+06 ZonesAtSurface
924.347 624.966 450.888 0 5 0 0 602339 33.6545 144096 2.52017 928583 602339 ZonesAtSurface
974.368 624.966 475.866 0 3 0 0 1.46396e+06 20.4271 52561.3 5.81961 744912 1.46396e+06 ZonesAtSurface
1024.39 624.965 500.843 0 0 0 0 1.34567e+06 42.8416 147885 10 604691 1.34567e+06 ZonesAtSurface
1074.42 624.964 525.819 0 0 0 0 1.19291e+06 21.6018 80870.6 6.94019 520438 1.19291e+06 ZonesAtSurface
1124.45 624.965 550.795 0 2 0 0 1.49471e+06 18.5997 82695.7 6.56575 634425 1.49471e+06 ZonesAtSurface
1174.44 624.977 475.779 0 0 2 2 585552 18.8439 57212.8 2.75164 751482 585552 ZonesAtSurface
1224.47 624.975 500.757 0 3 2 2 1.0198e+06 32.7227 115015 2.33093 2.0349e+06 1.0198e+06 ZonesAtSurface
1274.49 624.977 475.738 0 3 2 3 1.29641e+06 36.1195 76356.4 2.75488 2.21729e+06 1.29641e+06 ZonesAtSurface
1324.5 624.98 450.717 0 0 2 4 1.35407e+06 44.7703 100471 3.61596 3.20586e+06 1.35407e+06 ZonesAtSurface
1374.53 624.984 425.699 0 0 1 5 1.23031e+06 16.7357 139998 1.48734 3.23161e+06 1.23031e+06 ZonesAtSurface
1424.6 624.982 550.606 9 0 1 3 792059 39.4062 78536.4 1.19359 3.48051e+06 792059 ZonesAtSurface
1474.72 624.971 675.532 0 9 2 1 1.13195e+06 22.7969 89726.7 1.77114 1.93441e+06 1.13195e+06 ZonesAtSurface
1524.72 624.996 600.518 2 0 2 3 613180 23.6739 77341.2 1.12104 2.36833e+06 613180 ZonesAtSurface
1574.74 625.01 525.559 1 0 2 5 943134 41.9798 71109.2 1.03554 4.14985e+06 943134 ZonesAtSurface
1624.77 624.992 400.662 0 0 1 8 100000 5 10000 1.5341 855714 100000 ZonesAtSurface
1674.85 624.996 475.604 5 0 2 7 1.16899e+06 26.9291 141794 1.07024 3.47023e+06 1.16899e+06 ZonesAtSurface
1724.92 624.993 450.61 10 0 1 8 1.23866e+06 33.507 68602.5 1.02964 6.12008e+06 1.23866e+06 ZonesAtSurface
1774.99 624.992 475.595 7 0 1 8 1.40961e+06 19.3493 105503 1.00683 3.97534e+06 1.40961e+06 ZonesAtSurface
1825.09 624.992 400.671 0 0 1 10 1.34279e+06 22.3285 103751 1.02469 6.01928e+06 1.34279e+06 ZonesAtSurface
1875.17 624.996 475.606 0 0 1 9 956069 15.5215 97917.6 1.099 2.4564e+06 956069 ZonesAtSurface
1925.23 624.995 600.438 0 9 1 7 1.2644e+06 34.7888 51238.8 1.66949 2.84554e+06 1.2644e+06 ZonesAtSurface
1975.41 624.999 475.666 1 1 2 10 1.45884e+06 40.3912 53161.5 1.05261 5.90492e+06 1.45884e+06 ZonesAtSurface
2025.52 625.001 538.091 7 7 1 8 790873 42.6861 52423.5 1.3429 2.91513e+06 790873 ZonesAtSurface
2075.65 624.996 438.254 3 3 1 8 814586 39.0331 144544 1.14509 2.9029e+06 814586 ZonesAtSurface
2125.59 624.991 238.483 2 0 1 10 703912 42.7789 102545 1.09737 7.02483e+06 703912 ZonesAtSurface
2175.51 624.989 138.548 2 0 1 10 100000 5 10000 1.00422 981418 100000 ZonesAtSurface
2225.42 624.986 38.5832 7 0 1 10 1.43299e+06 23.3579 136036 1.1253 7.98834e+06 1.43299e+06 ZonesAtSurface
2275.38 624.985 -11.4099 13 0 1 9 894215 20.1352 101457 1.14356 6.88155e+06 894215 ZonesAtSurface
2325.38 624.984 -11.3788 32 0 1 7 1.2901e+06 26.3073 57411.4 1.37935 3.62432e+06 1.2901e+06 ZonesAtSurface
2375.39 624.988 -11.35 57 0 1 5 100000 5 10000 2.38452 105550 100000 ZonesAtSurface
2425.35 624.977 -11.335 78 0 1 3 100000 5 10000 1.46437 245791 100000 ZonesAtSurface
2475.3 624.952 -11.1894 80 0 1 1 100000 5 10000 2.0069 147279 100000 ZonesAtSurface
2525.02 624.966 -41.2214 68 0 1 1 100000 5 10000 1.22963 234123 100000 ZonesAtSurface
2574.87 624.967 -1.15457 45 59 1 1 940693 34.4229 69145 4.31578 1.05508e+06 940693 ZonesAtSurface
2624.84 624.973 -11.1692 46 24 1 2 1.42531e+06 25.6105 126154 3.739 1.56889e+06 1.42531e+06 ZonesAtSurface
2674.77 624.974 -21.2331 67 2 1 3 796112 38.3869 102214 2.01183 2.4689e+06 796112 ZonesAtSurface
2724.72 624.965 -31.2822 44 0 1 4 996780 20.606 63398 1.25829 2.9917e+06 996780 ZonesAtSurface
2774.67 624.966 -41.3231 28 0 1 5 1.26188e+06 15.1001 91984 1.02294 5.44776e+06 1.26188e+06 ZonesAtSurface
2824.59 624.964 -1.33985 30 0 1 5 1.34623e+06 19.4122 135347 1.06734 3.89788e+06 1.34623e+06 ZonesAtSurface
2874.6 624.963 -11.3708 0 0 1 6 1.49433e+06 44.419 70675.3 1.91751 9.76434e+06 1.49433e+06 ZonesAtSurface
2924.44 624.943 128.603 4 2 2 4 879965 27.5118 146448 1.11364 2.45871e+06 879965 ZonesAtSurface
2974.41 624.958 168.566 4 0 1 4 100000 5 10000 0.970805 379868 100000 ZonesAtSurface
3024.4 624.972 258.512 6 1 1 3 815971 44.4722 102996 1.23581 3.16356e+06 815971 ZonesAtSurface
3074.42 624.976 298.493 0 7 2 3 1.21451e+06 41.5227 59797.5 1.813 2.96854e+06 1.21451e+06 ZonesAtSurface
3124.44 624.98 238.483 0 0 2 5 1.4042e+06 43.5992 104008 2.07636 5.24717e+06 1.4042e+06 ZonesAtSurface
3174.45 624.978 278.462 9 0 1 5 619256 41.4262 72295.3 1.06436 3.13476e+06 619256 ZonesAtSurface
3224.47 624.978 268.434 5 0 1 6 901743 35.8948 113080 1.02067 6.44797e+06 901743 ZonesAtSurface
3274.44 624.965 408.349 5 2 2 4 100000 5 10000 0 343546 100000 ZonesAtSurface
3324.48 624.977 448.284 8 0 2 4 626919 15.8164 106483 0.99972 1.62562e+06 626919 ZonesAtSurface
3374.55 624.985 538.213 0 10 2 3 1.12906e+06 28.4483 144706 2.23996 1.60943e+06 1.12906e+06 ZonesAtSurface
3424.58 624.992 478.206 5 0 2 5 680559 30.2893 128221 1.09427 2.69075e+06 680559 ZonesAtSurface
3474.64 624.992 468.191 6 0 2 6 1.30057e+06 25.9096 141090 1.01981 3.98398e+06 1.30057e+06 ZonesAtSurface
3524.69 624.992 508.145 10 7 1 6 1.36589e+06 25.927 135184 1.42301 2.94173e+06 1.36589e+06 ZonesAtSurface
3574.75 624.989 548.098 9 4 1 6 604812 33.1722 149048 1.44537 1.42475e+06 604812 ZonesAtSurface
3624.82 624.991 538.087 1 0 1 7 1.39118e+06 44.1917 149759 1.00903 6.14845e+06 1.39118e+06 ZonesAtSurface
3674.89 624.992 528.086 4 0 1 8 614219 19.4366 56195 1.05087 2.92843e+06 614219 ZonesAtSurface
3724.96 624.995 617.98 4 0 1 7 100000 5 10000 1.19468 464698 100000 ZonesAtSurface
3775.09 625.001 667.871 3 3 2 6 1.46765e+06 39.6473 61671.3 1.18811 5.33112e+06 1.46765e+06 ZonesAtSurface
3825.18 625.004 677.853 0 2 2 5 1.14243e+06 36.8634 58429.6 1.24155 3.61997e+06 1.14243e+06 ZonesAtSurface
3875.26 625.005 637.897 1 0 2 5 1.39496e+06 42.8947 89846 1.53485 5.18317e+06 1.39496e+06 ZonesAtSurface
3925.26 624.994 697.911 0 7 2 3 1.42289e+06 41.2869 119742 2.03606 2.96659e+06 1.42289e+06 ZonesAtSurface
3975.33 624.993 657.966 5 0 2 3 843748 19.3307 63069.5 1.02347 2.51387e+06 843748 ZonesAtSurface
4025.36 624.986 668.016 10 0 2 2 663092 29.4001 57168.1 1.02029 2.2389e+06 663092 ZonesAtSurface
4075.44 624.984 628.073 1 3 2 2 1.15095e+06 16.9146 84879.5 1.10024 2.7855e+06 1.15095e+06 ZonesAtSurface
4125.51 624.982 588.128 0 0 2 2 1.31702e+06 36.1749 112865 2.07109 2.85743e+06 1.31702e+06 ZonesAtSurface
4175.6 624.977 498.193 0 0 1 3 532919 23.5249 81938.8 1.07406 2.06328e+06 532919 ZonesAtSurface
4225.65 624.968 458.249 3 0 2 3 651452 22.5561 66392.4 1.08819 2.15668e+06 651452 ZonesAtSurface
4275.69 624.962 418.299 8 0 2 3 957097 31.4527 117193 1.31266 2.99853e+06 957097 ZonesAtSurface
4325.65 624.962 328.379 2 0 2 4 100000 5 10000 1.07881 474076 100000 ZonesAtSurface
4375.66 624.959 288.431 4 0 2 4 100000 5 10000 0.978085 327749 100000 ZonesAtSurface
4425.59 624.974 148.497 2 0 1 6 1.12773e+06 35.3855 57908.3 1.07558 6.5581e+06 1.12773e+06 ZonesAtSurface
4475.58 624.97 108.527 9 0 1 6 587779 25.7378 106436 1.09287 4.33968e+06 587779 ZonesAtSurface
4525.51 624.976 18.5548 5 0 1 7 954975 37.9169 64156.4 1.03241 7.80073e+06 954975 ZonesAtSurface
4575.47 624.976 -21.4316 0 0 1 7 747926 34.1826 96176.2 1.32658 9.99555e+06 747926 ZonesAtSurface
4625.45 624.977 -11.3953 18 0 1 6 505922 32.543 90964.3 1.02014 4.77709e+06 505922 ZonesAtSurface
4675.43 624.976 -1.36557 37 0 1 5 1.17674e+06 19.4139 88995.7 1.48665 3.03176e+06 1.17674e+06 ZonesAtSurface
4725.37 624.975 -41.3856 20 0 1 5 1.37492e+06 44.0183 133494 1.24414 9.90274e+06 1.37492e+06 ZonesAtSurface
4775.3 624.976 -31.3488 41 0 1 4 862789 21.2249 97939.8 1.12818 4.11833e+06 862789 ZonesAtSurface
4825.22 624.979 -21.3157 59 0 1 3 1.19802e+06 24.0119 61728.8 1.26186 4.15016e+06 1.19802e+06 ZonesAtSurface
4875.15 624.979 -11.3258 61 4 1 2 1.48179e+06 39.4719 87198.8 2.77776 4.35794e+06 1.48179e+06 ZonesAtSurface
4925.07 624.975 -1.30712 61 0 1 1 887150 28.0236 51461.2 1.31602 2.87277e+06 887150 ZonesAtSurface
74.9557 674.981 -22.8124 76 0 1 1 821712 29.4738 127673 1.83246 3.12419e+06 821712 ZonesAtSurface
124.854 674.978 -47.8276 63 0 1 2 1.49224e+06 31.4816 146823 1.21518 6.89545e+06 1.49224e+06 ZonesAtSurface
174.786 674.977 -22.7876 73 0 1 2 655504 27.8902 109761 1.55342 1.55769e+06 655504 ZonesAtSurface
224.716 674.977 -47.8244 59 0 1 3 1.37122e+06 40.8822 102022 1.02013 7.20228e+06 1.37122e+06 ZonesAtSurface
274.657 674.977 -22.8015 77 0 1 3 858407 22.0203 106565 2.43381 1.67256e+06 858407 ZonesAtSurface
324.598 674.972 -47.8443 57 0 1 4 1.49671e+06 20.1357 59372.4 1.06119 5.93445e+06 1.49671e+06 ZonesAtSurface
374.54 674.968 -22.8407 55 0 1 4 1.24557e+06 22.1343 118373 1.17306 3.62985e+06 1.24557e+06 ZonesAtSurface
424.513 674.969 -47.893 37 0 1 5 500163 18.308 79901.5 1.03649 5.24175e+06 500163 ZonesAtSurface
474.461 674.969 -22.9107 14 0 1 5 520537 23.4259 148577 1.03785 5.56656e+06 520537 ZonesAtSurface
524.341 674.969 52.0688 0 0 2 4 100000 5 10000 1.0711 621437 100000 ZonesAtSurface
574.301 674.977 127.046 0 2 1 3 1.23867e+06 35.579 93317.2 1.69431 3.17104e+06 1.23867e+06 ZonesAtSurface
624.305 674.979 202.039 6 2 1 2 861178 18.3393 114726 1.06283 2.15472e+06 861178 ZonesAtSurface
674.314 674.984 227.034 0 10 2 2 1.05225e+06 43.7421 53896.4 1.82969 2.5901e+06 1.05225e+06 ZonesAtSurface
724.323 674.991 202.027 0 10 2 3 1.42174e+06 39.0178 110914 2.3157 3.18876e+06 1.42174e+06 ZonesAtSurface
774.33 674.986 127 0 0 1 5 534769 38.0808 118533 2.7991 4.80525e+06 534769 ZonesAtSurface
824.326 674.985 151.979 0 0 1 5 718080 34.5108 144565 2.21822 4.66122e+06 718080 ZonesAtSurface
874.313 674.975 376.919 4 6 2 1 724904 32.9611 134589 1.22827 2.02947e+06 724904 ZonesAtSurface
924.344 674.97 451.893 0 8 0 0 1.03503e+06 33.5754 105283 5.9116 650514 1.03503e+06 ZonesAtSurface
974.363 674.969 476.872 0 0 0 0 1.17179e+06 21.2838 51398.4 6.0094 601396 1.17179e+06 ZonesAtSurface
1024.39 674.968 501.85 0 0 0 0 1.27457e+06 28.3626 90032 7.08084 627408 1.27457e+06 ZonesAtSurface
1074.41 674.968 526.828 0 9 0 0 1.10563e+06 40.0958 87049.2 8.48578 612193 1.10563e+06 ZonesAtSurface
1124.42 674.975 501.808 0 0 2 1 833378 26.3908 120507 3.34346 1.04673e+06 833378 ZonesAtSurface
1174.43 674.98 476.787 0 0 1 2 1.48001e+06 32.6433 83557.4 3.55003 1.88869e+06 1.48001e+06 ZonesAtSurface
1224.45 674.981 451.767 0 0 1 3 744616 33.1107 67375.3 2.32075 1.87704e+06 744616 ZonesAtSurface
1274.48 674.979 476.737 0 0 1 3 1.38305e+06 39.7524 64202.4 2.33432 3.61817e+06 1.38305e+06 ZonesAtSurface
1324.54 674.973 551.689 0 9 2 2 1.40142e+06 39.667 111789 2.15677 2.73245e+06 1.40142e+06 ZonesAtSurface
1374.56 674.979 526.658 2 0 2 3 1.32568e+06 26.2646 149865 1.22398 4.07775e+06 1.32568e+06 ZonesAtSurface
1424.64 674.98 601.602 0 2 2 2 1.34105e+06 32.4453 125883 2.01169 2.52621e+06 1.34105e+06 ZonesAtSurface
1474.69 674.985 626.561 4 0 2 2 1.08828e+06 24.2243 104930 1.15742 3.08711e+06 1.08828e+06 ZonesAtSurface
1524.69 674.998 501.603 0 0 1 5 1.36708e+06 29.6174 103755 1.0202 4.87346e+06 1.36708e+06 ZonesAtSurface
1574.72 674.995 426.648 8 0 1 7 919080 38.9415 112777 1.14025 5.99785e+06 919080 ZonesAtSurface
1624.78 674.993 401.665 0 0 1 8 1.36336e+06 20.1162 70476.8 1.13837 4.92076e+06 1.36336e+06 ZonesAtSurface
1674.85 674.993 426.647 7 0 1 8 1.02849e+06 33.2142 73194.9 1.03506 6.28069e+06 1.02849e+06 ZonesAtSurface
1724.91 674.992 451.624 4 0 1 8 1.33449e+06 17.553 92055.2 1.0484 4.16291e+06 1.33449e+06 ZonesAtSurface
1774.97 674.991 476.61 1 0 2 8 926653 43.7702 144202 1.01033 3.80278e+06 926653 ZonesAtSurface
1825.06 674.99 451.636 10 0 1 9 1.23314e+06 36.8441 81600.7 1.00701 6.27062e+06 1.23314e+06 ZonesAtSurface
1875.13 674.992 526.552 9 9 1 8 1.34348e+06 32.7831 100691 1.08248 4.3941e+06 1.34348e+06 ZonesAtSurface
1925.24 674.998 601.432 0 9 1 7 1.26828e+06 24.9034 87529 1.36581 2.82945e+06 1.26828e+06 ZonesAtSurface
1975.4 675.002 526.593 0 9 1 9 1.48899e+06 27.434 101467 1.14746 4.13176e+06 1.48899e+06 ZonesAtSurface
2025.53 674.999 489.166 2 2 2 9 652525 37.2448 116528 1.23818 2.02693e+06 652525 ZonesAtSurface
2075.63 674.998 389.33 0 0 1 9 712950 29.3122 66909.8 1.07558 2.23936e+06 712950 ZonesAtSurface
2125.58 674.992 239.496 2 0 1 10 890031 20.5545 95891.7 1.04364 4.25548e+06 890031 ZonesAtSurface
2175.51 674.986 139.557 2 0 1 10 705064 15.7441 139915 1.0198 3.38291e+06 705064 ZonesAtSurface
2225.42 674.983 39.5895 6 0 1 10 100000 5 10000 1.01922 1.50875e+06 100000 ZonesAtSurface
2275.39 674.983 -10.4046 0 0 1 9 1.30095e+06 33.512 106213 1.74417 8.9311e+06 1.30095e+06 ZonesAtSurface
2325.38 674.982 -10.3726 21 0 1 7 100000 5 10000 1.73713 431280 100000 ZonesAtSurface
2375.39 674.974 -10.3509 57 0 1 5 100000 5 10000 2.11658 123537 100000 ZonesAtSurface
2425.33 674.97 -10.3202 79 7 1 3 911389 32.6337 120366 2.19061 2.05139e+06 911389 ZonesAtSurface
2475.26 674.966 -10.2053 81 13 1 1 1.3037e+06 16.6766 116286 2.13549 2.03073e+06 1.3037e+06 ZonesAtSurface
2525.03 674.973 -40.2291 69 0 1 1 941278 40.3279 56781.8 1.08057 6.61011e+06 941278 ZonesAtSurface
2574.9 674.972 -0.141228 69 42 1 1 1.44883e+06 17.3098 113198 2.94686 1.40932e+06 1.44883e+06 ZonesAtSurface
2624.84 674.973 -10.1857 72 4 1 2 677347 22.5701 60539.2 2.50962 1.20046e+06 677347 ZonesAtSurface
2674.78 674.97 -20.2537 64 0 1 3 537003 25.2348 105789 2.79419 1.38697e+06 537003 ZonesAtSurface
2724.74 674.963 -30.2846 39 0 1 4 1.03077e+06 37.1046 100850 1.38579 3.99808e+06 1.03077e+06 ZonesAtSurface
2774.69 674.966 -40.3206 17 0 1 5 559670 41.2025 76001.5 1.04569 8.21243e+06 559670 ZonesAtSurface
2824.6 674.967 -0.337841 26 0 1 5 1.0555e+06 20.6058 106663 1.08052 5.93291e+06 1.0555e+06 ZonesAtSurface
2874.53 674.963 39.631 0 0 2 5 603262 23.9305 118678 1.12764 2.96242e+06 603262 ZonesAtSurface
2924.38 674.963 179.582 9 6 2 3 635300 34.2144 138525 1.45766 1.50015e+06 635300 ZonesAtSurface
2974.39 674.972 219.553 9 4 2 3 1.10219e+06 44.1167 98628 1.19286 4.25747e+06 1.10219e+06 ZonesAtSurface
3024.41 674.979 209.536 1 0 1 4 963427 26.242 147658 1.16057 4.36616e+06 963427 ZonesAtSurface
3074.42 674.982 249.51 4 0 2 4 677993 33.8348 73096 1.27105 3.46004e+06 677993 ZonesAtSurface
3124.44 674.982 239.493 0 0 2 5 1.13125e+06 37.2827 92567.5 1.24277 4.81965e+06 1.13125e+06 ZonesAtSurface
3174.46 674.981 229.468 0 0 1 6 1.25671e+06 32.0367 60012.8 1.39162 6.53986e+06 1.25671e+06 ZonesAtSurface
3224.47 674.978 269.438 4 0 1 6 1.46634e+06 19.0644 98641.5 1.0422 5.90131e+06 1.46634e+06 ZonesAtSurface
3274.46 674.979 359.375 1 0 1 5 518311 20.0491 88695 1.02327 3.59317e+06 518311 ZonesAtSurface
3324.49 674.986 449.291 7 0 2 4 898643 42.2212 146250 1.08169 4.04165e+06 898643 ZonesAtSurface
3374.53 674.992 439.265 8 0 1 5 504595 15.1229 98266 1.08332 1.87157e+06 504595 ZonesAtSurface
3424.57 674.998 479.222 8 7 1 5 1.42165e+06 42.3249 104251 1.50341 4.30715e+06 1.42165e+06 ZonesAtSurface
3474.65 674.988 419.243 4 0 1 7 1.11292e+06 20.2977 109652 1.06245 5.42402e+06 1.11292e+06 ZonesAtSurface
3524.7 674.988 459.19 10 0 1 7 1.21232e+06 19.7898 105845 1.03204 4.64335e+06 1.21232e+06 ZonesAtSurface
3574.76 674.99 499.14 10 0 1 7 566804 44.7965 56314 1.06343 5.60896e+06 566804 ZonesAtSurface
3624.8 674.997 589.05 8 8 1 6 1.29746e+06 42.1559 56574.1 1.26644 4.83827e+06 1.29746e+06 ZonesAtSurface
3674.88 674.995 579.043 8 0 1 7 1.23044e+06 19.2045 67853.7 1.1666 3.45471e+06 1.23044e+06 ZonesAtSurface
3724.97 674.995 569.054 0 0 1 8 728876 42.0864 107976 1.20514 6.83941e+06 728876 ZonesAtSurface
3775.08 675.005 718.824 0 4 2 5 1.17667e+06 42.6787 130204 1.76469 2.83996e+06 1.17667e+06 ZonesAtSurface
3825.19 675.006 628.913 9 2 2 6 1.12644e+06 41.3409 69072.2 1.01472 4.72695e+06 1.12644e+06 ZonesAtSurface
3875.23 675.001 688.885 2 7 2 4 945805 37.98 67019 1.30117 2.93748e+06 945805 ZonesAtSurface
3925.3 675.001 648.938 0 0 2 4 1.21923e+06 18.2423 113620 1.23844 2.84457e+06 1.21923e+06 ZonesAtSurface
3975.33 674.996 658.984 6 0 2 3 591867 30.3196 127919 1.02231 1.97932e+06 591867 ZonesAtSurface
4025.36 674.99 669.035 6 6 2 2 779969 22.9512 51169.2 1.11391 2.07227e+06 779969 ZonesAtSurface
4075.43 674.99 629.089 6 0 2 2 694575 28.8049 62831.1 1.02165 2.32897e+06 694575 ZonesAtSurface
4125.46 674.984 639.137 0 7 2 1 1.48981e+06 15.3309 147256 1.92759 2.0094e+06 1.48981e+06 ZonesAtSurface
4175.57 674.985 549.195 0 0 2 2 733544 37.948 137544 1.11591 2.51647e+06 733544 ZonesAtSurface
4225.62 674.982 509.249 5 0 1 2 1.17852e+06 33.0764 98410 1.39139 3.48995e+06 1.17852e+06 ZonesAtSurface
4275.67 674.975 369.326 0 0 1 4 799918 37.0402 137275 1.3335 4.66323e+06 799918 ZonesAtSurface
4325.68 674.971 329.368 7 0 1 4 649908 37.33 95906.3 1.42108 4.14278e+06 649908 ZonesAtSurface
4375.72 674.963 339.386 8 1 2 3 510003 42.9303 102408 1.17711 1.75268e+06 510003 ZonesAtSurface
4425.62 674.972 199.484 7 0 1 5 1.21146e+06 17.5672 102901 1.08406 3.75e+06 1.21146e+06 ZonesAtSurface
4475.58 674.976 109.528 0 0 1 6 1.01691e+06 40.3445 72814.9 1.08637 6.969e+06 1.01691e+06 ZonesAtSurface
4525.47 674.977 -30.4575 0 0 1 8 1.01039e+06 27.7374 96047.5 2.11752 6.97473e+06 1.01039e+06 ZonesAtSurface
4575.47 674.977 -20.4314 6 0 1 7 705269 24.7147 76548 1.01946 8.25297e+06 705269 ZonesAtSurface
4625.45 674.979 -10.3933 22 0 1 6 712015 17.5585 112548 1.03305 3.27199e+06 712015 ZonesAtSurface
4675.43 674.983 -0.364324 28 0 1 5 1.17206e+06 33.5279 108205 1.32656 4.44101e+06 1.17206e+06 ZonesAtSurface
4725.37 674.978 -40.3832 22 0 1 5 856149 43.9181 80931.1 1.34595 8.6439e+06 856149 ZonesAtSurface
4775.31 674.978 -30.3513 38 2 1 4 1.29937e+06 34.3695 79197.7 1.07953 5.22877e+06 1.29937e+06 ZonesAtSurface
4825.23 674.986 -20.2985 67 0 1 3 729382 24.2909 85247.8 1.39526 2.17655e+06 729382 ZonesAtSurface
4875.15 674.98 -10.3068 60 2 1 2 644520 28.8157 94741.2 2.72775 1.67673e+06 644520 ZonesAtSurface
4925.07 674.973 -0.284194 65 0 1 1 100000 5 10000 1.24878 397943 100000 ZonesAtSurface
74.9556 724.982 -21.8087 68 0 1 1 737517 34.6724 85729.2 1.98103 3.18576e+06 737517 ZonesAtSurface
124.855 724.98 -46.8193 79 0 1 2 1.31347e+06 26.1313 78171.6 1.15699 6.1993e+06 1.31347e+06 ZonesAtSurface
174.788 724.977 -21.7802 61 39 1 2 1.33038e+06 28.8189 86312.4 1.72557 2.86145e+06 1.33038e+06 ZonesAtSurface
224.714 724.979 -46.8194 67 0 1 3 760031 38.6203 92520.6 1.03009 6.39421e+06 760031 ZonesAtSurface
274.654 724.979 -21.7995 59 19 1 3 1.10119e+06 33.0594 134965 2.07621 2.77012e+06 1.10119e+06 ZonesAtSurface
324.592 724.975 -46.8459 56 0 1 4 698191 33.5228 148715 1.0969 7.45531e+06 698191 ZonesAtSurface
374.52 724.969 -21.8472 48 0 1 4 1.13601e+06 44.2908 104175 1.07947 6.28615e+06 1.13601e+06 ZonesAtSurface
424.507 724.972 -46.8983 7 0 1 5 1.4986e+06 33.0395 79703.4 1.05335 1.08462e+07 1.4986e+06 ZonesAtSurface
474.377 724.964 28.0892 10 0 1 4 100000 5 10000 1.19406 661821 100000 ZonesAtSurface
524.342 724.978 53.0697 0 0 1 4 1.00228e+06 24.7652 104917 1.16826 4.09904e+06 1.00228e+06 ZonesAtSurface
574.304 724.982 178.056 8 5 2 2 722764 19.9977 73531.4 1.29519 1.58218e+06 722764 ZonesAtSurface
624.313 724.983 203.054 0 10 2 2 1.29867e+06 21.8381 105951 2.17537 1.71692e+06 1.29867e+06 ZonesAtSurface
674.327 724.987 128.044 0 0 1 4 1.37891e+06 31.6957 114013 3.28068 3.05852e+06 1.37891e+06 ZonesAtSurface
724.329 724.988 153.039 3 0 1 4 1.43937e+06 25.1794 118320 2.11395 2.93601e+06 1.43937e+06 ZonesAtSurface
774.328 724.986 128.01 0 0 1 5 1.47285e+06 38.7729 145023 2.8624 5.33403e+06 1.47285e+06 ZonesAtSurface
824.322 724.985 152.988 0 0 1 5 1.14924e+06 40.3424 70684.1 2.46677 5.19966e+06 1.14924e+06 ZonesAtSurface
874.31 724.978 377.922 0 0 2 1 642292 37.845 133554 1.50929 1.54666e+06 642292 ZonesAtSurface
924.341 724.973 452.9 0 7 0 0 944669 31.3904 106550 4.67367 699033 944669 ZonesAtSurface
974.359 724.973 477.88 0 2 0 0 1.17801e+06 24.6561 137539 4.18033 870718 1.17801e+06 ZonesAtSurface
1024.37 724.979 452.863 0 0 2 1 709974 15.1523 66849.7 1.81034 1.22509e+06 709974 ZonesAtSurface
1074.39 724.979 477.841 0 10 2 1 1.43736e+06 31.515 135294 4.24461 1.19475e+06 1.43736e+06 ZonesAtSurface
1124.39 724.984 452.819 0 0 2 2 683965 40.9481 82062.8 2.71852 1.74996e+06 683965 ZonesAtSurface
1174.42 724.984 477.789 1 0 1 2 1.27667e+06 16.0836 74503.4 1.45978 2.48856e+06 1.27667e+06 ZonesAtSurface
1224.44 724.985 452.77 1 0 1 3 531323 40.8037 124880 2.09417 2.5941e+06 531323 ZonesAtSurface
1274.52 724.975 577.707 0 6 2 1 1.1125e+06 23.4687 61688.3 3.42257 988768 1.1125e+06 ZonesAtSurface
1324.56 724.975 602.683 0 5 2 1 710637 26.7658 107064 2.02339 1.17051e+06 710637 ZonesAtSurface
1374.59 724.981 577.657 7 5 2 2 509389 15.596 113789 1.63789 832742 509389 ZonesAtSurface
1424.64 724.983 602.62 3 0 2 2 993705 27.2892 96383.9 1.3197 2.50362e+06 993705 ZonesAtSurface
1474.66 724.994 577.594 8 6 1 3 1.32812e+06 27.5144 66549.1 1.13941 3.7864e+06 1.32812e+06 ZonesAtSurface
1524.68 724.994 452.642 3 0 1 6 1.35173e+06 23.8859 106156 1.0435 5.64422e+06 1.35173e+06 ZonesAtSurface
1574.72 724.994 427.656 10 0 1 7 1.27812e+06 34.8806 125648 1.11419 5.3142e+06 1.27812e+06 ZonesAtSurface
1624.79 724.992 402.672 2 0 1 8 554349 19.1462 103516 1.11086 3.15081e+06 554349 ZonesAtSurface
1674.84 724.99 427.661 10 0 1 8 1.48563e+06 41.712 137324 1.10378 7.48337e+06 1.48563e+06 ZonesAtSurface
1724.9 724.991 502.622 9 7 2 7 904417 44.582 78691.8 1.22796 3.38328e+06 904417 ZonesAtSurface
1774.96 724.994 477.621 5 0 2 8 567983 35.4337 65906.9 1.06152 3.01937e+06 567983 ZonesAtSurface
1825.04 724.994 502.608 0 8 2 8 1.26424e+06 43.369 83437.9 1.69859 3.2894e+06 1.26424e+06 ZonesAtSurface
1875.13 724.996 527.569 2 2 2 8 1.36224e+06 32.4225 65887.5 1.18672 4.20686e+06 1.36224e+06 ZonesAtSurface
1925.27 724.999 602.42 8 0 2 7 100000 5 10000 1.05419 208531 100000 ZonesAtSurface
1975.4 725.003 477.681 0 0 2 10 506996 15.781 79855.1 1.03687 1.46458e+06 506996 ZonesAtSurface
2025.55 724.999 490.158 1 1 1 9 775051 25.0444 66621.2 1.14297 2.18235e+06 775051 ZonesAtSurface
2075.58 724.996 340.415 2 0 1 10 1.30501e+06 20.2025 66510.9 1.02343 3.96819e+06 1.30501e+06 ZonesAtSurface
2125.56 724.992 240.512 2 0 1 10 1.03204e+06 35.5298 133826 1.04464 6.35895e+06 1.03204e+06 ZonesAtSurface
2175.5 724.986 140.567 2 0 1 10 713873 35.0449 127468 1.03428 6.76064e+06 713873 ZonesAtSurface
2225.42 724.983 40.5943 0 0 1 10 939606 34.3616 94818.6 1.60011 8.43461e+06 939606 ZonesAtSurface
2275.39 724.983 -9.399 18 0 1 9 100000 5 10000 1.21 1.42177e+06 100000 ZonesAtSurface
2325.38 724.98 -9.36845 13 0 1 7 1.02177e+06 44.0959 52367.2 1.65499 5.4906e+06 1.02177e+06 ZonesAtSurface
2375.37 724.975 -9.34472 57 0 1 5 1.2088e+06 37.1182 134910 2.02888 4.10419e+06 1.2088e+06 ZonesAtSurface
2425.31 724.976 -9.30635 79 5 1 3 943306 36.3288 107160 1.85798 3.18591e+06 943306 ZonesAtSurface
2475.25 724.986 -9.24553 82 8 1 1 1.02735e+06 18.3722 74948.2 1.64385 2.17121e+06 1.02735e+06 ZonesAtSurface
2525.06 724.98 -39.2261 70 0 1 1 507853 27.613 97299.5 1.35986 2.93558e+06 507853 ZonesAtSurface
2574.95 724.971 -49.2427 68 0 1 2 522490 23.3859 54268.1 1.22019 4.06045e+06 522490 ZonesAtSurface
2624.84 724.973 -9.2107 59 26 1 2 827651 27.9505 78876.2 4.04922 1.05422e+06 827651 ZonesAtSurface
2674.79 724.968 -19.2651 53 9 1 3 1.37365e+06 42.3102 143759 2.44803 3.7967e+06 1.37365e+06 ZonesAtSurface
2724.75 724.963 -29.282 45 0 1 4 701200 32.816 119716 1.37491 3.1262e+06 701200 ZonesAtSurface
2774.7 724.964 -39.3224 17 0 1 5 1.46379e+06 31.0266 67554.7 1.02132 9.47291e+06 1.46379e+06 ZonesAtSurface
2824.67 724.965 -49.3603 17 0 1 6 662059 22.132 129780 1.06355 9.95924e+06 662059 ZonesAtSurface
2874.46 724.964 90.6298 5 0 2 4 100000 5 10000 0.864459 257832 100000 ZonesAtSurface
2924.39 724.976 180.585 10 2 1 3 501833 20.1051 115142 1.13533 1.17846e+06 501833 ZonesAtSurface
2974.4 724.984 220.564 2 0 2 3 723867 40.1267 67745.1 1.05566 3.50603e+06 723867 ZonesAtSurface
3024.42 724.987 210.549 3 0 1 4 602249 41.2275 86720.1 1.1975 4.80057e+06 602249 ZonesAtSurface
3074.44 724.984 200.527 0 0 1 5 1.48104e+06 34.9875 135084 1.43883 5.78822e+06 1.48104e+06 ZonesAtSurface
3124.44 724.981 240.503 3 0 1 5 1.1093e+06 33.8661 127050 1.18984 5.14404e+06 1.1093e+06 ZonesAtSurface
3174.46 724.981 230.473 0 0 1 6 635262 38.5037 64679.9 1.68651 6.76992e+06 635262 ZonesAtSurface
3224.41 724.972 370.396 1 0 2 4 100000 5 10000 1.13437 345487 100000 ZonesAtSurface
3274.46 724.983 360.375 1 0 1 5 100000 5 10000 1.19957 734137 100000 ZonesAtSurface
3324.49 724.992 450.302 9 0 2 4 934853 28.9629 83610.6 1.06789 2.95318e+06 934853 ZonesAtSurface
3374.55 724.99 390.305 0 0 1 6 621601 42.1911 102670 1.03476 5.54541e+06 621601 ZonesAtSurface
3424.6 724.987 380.294 7 0 1 7 626846 37.9461 51816.1 1.07052 6.2683e+06 626846 ZonesAtSurface
3474.65 724.988 420.248 6 0 1 7 847240 37.2047 115616 1.0412 6.53477e+06 847240 ZonesAtSurface
3524.66 724.975 560.116 6 10 2 5 1.44122e+06 22.3235 66118.6 1.47739 2.94682e+06 1.44122e+06 ZonesAtSurface
3574.73 724.988 550.103 10 2 1 6 1.24514e+06 42.8835 85064.9 1.1922 5.07716e+06 1.24514e+06 ZonesAtSurface
3624.81 724.996 540.102 5 0 1 7 521998 15.0588 60737 1.21447 2.20919e+06 521998 ZonesAtSurface
3674.89 724.996 530.103 4 0 1 8 1.17283e+06 22.8987 51606.6 1.09698 5.15957e+06 1.17283e+06 ZonesAtSurface
3724.99 724.999 619.979 8 3 1 7 1.45782e+06 16.2159 84101.2 1.13365 3.42518e+06 1.45782e+06 ZonesAtSurface
3775.09 725.001 619.95 5 0 2 7 775993 29.134 102083 1.03725 2.48188e+06 775993 ZonesAtSurface
3825.18 725.005 629.936 10 0 1 6 997808 26.0161 92384.8 1.01325 3.48182e+06 997808 ZonesAtSurface
3875.25 725.004 639.932 0 0 2 5 652351 32.4176 134063 1.01517 3.38935e+06 652351 ZonesAtSurface
3925.33 725.003 599.988 4 0 2 5 751872 29.7784 56836.2 1.04135 4.4008e+06 751872 ZonesAtSurface
3975.33 725 660.003 0 2 2 3 1.18339e+06 43.1741 87495.5 1.60376 3.32167e+06 1.18339e+06 ZonesAtSurface
4025.4 724.999 620.06 9 0 1 3 642786 39.692 137506 1.05832 3.22481e+06 642786 ZonesAtSurface
4075.47 724.998 580.116 0 0 1 3 695438 16.0409 120035 1.1313 2.10801e+06 695438 ZonesAtSurface
4125.5 724.997 590.158 8 3 2 2 1.11015e+06 27.1774 145044 1.14749 3.03523e+06 1.11015e+06 ZonesAtSurface
4175.59 724.993 500.223 2 0 1 3 859433 19.4341 112940 1.0297 3.00028e+06 859433 ZonesAtSurface
4225.64 724.988 410.295 1 0 1 4 969512 19.7362 73264.3 1.08569 3.76148e+06 969512 ZonesAtSurface
4275.66 724.986 420.327 10 0 1 3 809535 42.9959 147173 1.14312 4.18785e+06 809535 ZonesAtSurface
4325.68 724.981 380.367 0 0 1 3 1.12236e+06 41.6862 66627.5 1.41155 4.09427e+06 1.12236e+06 ZonesAtSurface
4375.7 724.976 340.402 9 1 1 3 689894 18.9347 144644 1.11334 1.65816e+06 689894 ZonesAtSurface
4425.7 724.967 250.447 3 0 1 4 774644 35.2939 143391 1.53985 2.95764e+06 774644 ZonesAtSurface
4475.71 724.961 210.477 6 6 2 4 949009 33.0043 127066 1.79883 2.06847e+06 949009 ZonesAtSurface
4525.63 724.967 120.539 7 10 1 5 811104 26.7724 108153 1.4018 1.84295e+06 811104 ZonesAtSurface
4575.47 724.978 -19.4309 7 0 1 7 630005 26.193 83059.9 1.0238 8.41169e+06 630005 ZonesAtSurface
4625.45 724.979 -9.39232 17 0 1 6 828112 19.2121 70273 1.22727 3.22697e+06 828112 ZonesAtSurface
4675.4 724.977 -49.4016 7 0 1 6 757805 38.9012 81024.3 1.01739 1.0316e+07 757805 ZonesAtSurface
4725.37 724.979 -39.3801 26 0 1 5 1.3021e+06 31.6521 64809.9 1.25412 6.92101e+06 1.3021e+06 ZonesAtSurface
4775.32 724.979 -29.3407 58 6 1 4 916318 33.4639 96276 1.12805 2.98948e+06 916318 ZonesAtSurface
4825.23 724.982 -19.2664 63 0 1 3 100000 5 10000 1.11002 272252 100000 ZonesAtSurface
4875.13 724.972 -9.2679 68 0 1 2 100000 5 10000 1.05004 350794 100000 ZonesAtSurface
4925.06 724.971 0.72605 66 23 1 1 1.3792e+06 19.5236 100020 1.25215 3.30041e+06 1.3792e+06 ZonesAtSurface
74.9561 774.984 -20.8047 74 14 1 1 1.45214e+06 31.5087 62520.7 1.44418 4.86025e+06 1.45214e+06 ZonesAtSurface
124.859 774.983 -45.8107 88 0 1 2 511860 34.4979 60721.6 1.10606 5.6628e+06 511860 ZonesAtSurface
174.79 774.981 -20.7693 58 37 1 2 1.06433e+06 35.3993 79601.6 2.29258 2.1713e+06 1.06433e+06 ZonesAtSurface
224.712 774.982 -45.8108 69 0 1 3 654454 39.1697 85753 1.00762 5.41595e+06 654454 ZonesAtSurface
274.649 774.982 -20.7938 66 48 1 3 1.48697e+06 29.8006 60979.1 2.0786 3.13842e+06 1.48697e+06 ZonesAtSurface
324.589 774.981 -45.8374 50 0 1 4 1.10864e+06 42.5461 115337 1.24678 8.8691e+06 1.10864e+06 ZonesAtSurface
374.503 774.981 -20.8389 45 0 1 4 865655 32.9255 134523 1.1487 4.08645e+06 865655 ZonesAtSurface
424.494 774.98 -45.8985 4 0 1 5 1.45613e+06 15.7803 148282 1.06048 6.66147e+06 1.45613e+06 ZonesAtSurface
474.363 774.985 29.0885 9 0 1 4 1.35046e+06 34.7839 80499.2 1.24408 5.75389e+06 1.35046e+06 ZonesAtSurface
524.313 774.99 104.071 2 0 2 3 774819 27.4478 133178 1.55041 2.85194e+06 774819 ZonesAtSurface
574.315 774.99 129.066 0 0 2 3 711440 17.3762 86985.4 1.2691 2.00396e+06 711440 ZonesAtSurface
624.321 774.99 154.064 0 0 2 3 1.3177e+06 30.9839 50183.2 3.89451 1.66738e+06 1.3177e+06 ZonesAtSurface
674.328 774.989 129.056 10 0 1 4 793606 21.6304 111077 1.32174 2.9756e+06 793606 ZonesAtSurface
724.333 774.987 104.034 0 0 1 5 685209 26.2362 75039.4 1.30796 4.47581e+06 685209 ZonesAtSurface
774.324 774.985 129.016 12 0 1 5 847653 16.4349 107013 1.02321 4.42949e+06 847653 ZonesAtSurface
824.289 774.983 203.991 6 0 1 4 100000 5 10000 1.00978 774908 100000 ZonesAtSurface
874.298 774.984 328.935 4 0 2 2 529776 37.1464 132049 1.11643 2.54194e+06 529776 ZonesAtSurface
924.326 774.981 403.913 0 3 2 1 880188 19.145 136345 1.31719 1.82187e+06 880188 ZonesAtSurface
974.342 774.982 428.895 0 5 2 1 786622 30.6035 75406.6 1.63157 1.75943e+06 786622 ZonesAtSurface
1024.35 774.991 403.88 0 0 2 2 722716 38.4153 134945 1.89445 1.99017e+06 722716 ZonesAtSurface
1074.36 774.997 378.863 5 0 2 3 712733 44.2069 93298.6 1.32165 3.97569e+06 712733 ZonesAtSurface
1124.37 774.995 403.837 6 0 2 3 1.21092e+06 16.9556 65455.3 1.10238 3.3193e+06 1.21092e+06 ZonesAtSurface
1174.4 774.991 428.806 2 0 1 3 543562 16.4066 68566.6 1.0719 2.26805e+06 543562 ZonesAtSurface
1224.47 774.98 553.739 0 0 2 1 1.02103e+06 33.0928 94604.4 3.12756 1.24858e+06 1.02103e+06 ZonesAtSurface
1274.52 774.979 578.713 0 0 2 1 807817 18.8116 68736.6 2.29854 1.01941e+06 807817 ZonesAtSurface
1324.54 774.986 553.695 0 0 2 2 1.08022e+06 30.9487 69719.1 2.06904 2.13633e+06 1.08022e+06 ZonesAtSurface
1374.59 774.987 578.67 0 9 2 2 1.47695e+06 39.3759 55894 3.16713 1.98766e+06 1.47695e+06 ZonesAtSurface
1424.61 774.993 553.643 0 0 2 3 1.03195e+06 42.8303 127592 1.88141 3.35793e+06 1.03195e+06 ZonesAtSurface
1474.64 774.996 528.631 4 1 2 4 1.39617e+06 43.7805 71366.4 1.20267 5.64146e+06 1.39617e+06 ZonesAtSurface
1524.68 774.994 453.655 2 0 1 6 663908 20.621 61172.8 1.07324 3.19598e+06 663908 ZonesAtSurface
1574.72 774.993 428.662 4 0 1 7 1.27151e+06 38.4875 66091.6 1.19267 5.80032e+06 1.27151e+06 ZonesAtSurface
1624.78 774.991 403.682 4 0 1 8 909462 35.461 111869 1.05665 5.23355e+06 909462 ZonesAtSurface
1674.83 774.985 478.653 4 9 2 7 1.44128e+06 27.931 63600.1 1.36419 3.50381e+06 1.44128e+06 ZonesAtSurface
1724.9 774.994 403.679 0 0 1 9 1.04015e+06 19.7066 109399 1.15715 5.10954e+06 1.04015e+06 ZonesAtSurface
1774.95 774.997 478.633 3 0 2 8 1.0158e+06 35.7451 52231.5 1.04399 4.17247e+06 1.0158e+06 ZonesAtSurface
1825.05 774.994 453.673 7 0 1 9 617229 40.8941 128631 1.00428 4.97463e+06 617229 ZonesAtSurface
1875.14 774.995 478.653 0 0 1 9 1.09586e+06 27.5494 81053 1.0511 4.39073e+06 1.09586e+06 ZonesAtSurface
1925.29 774.998 553.513 0 0 2 8 100000 5 10000 1.02982 337998 100000 ZonesAtSurface
1975.41 774.999 478.676 0 0 1 10 1.24129e+06 19.2313 110100 1.05835 3.30356e+06 1.24129e+06 ZonesAtSurface
2025.58 774.992 541.047 6 8 1 8 1.32631e+06 25.1571 66139.8 1.19883 3.6315e+06 1.32631e+06 ZonesAtSurface
2075.57 774.995 341.418 2 1 1 10 971392 35.4587 132361 1.09175 3.33711e+06 971392 ZonesAtSurface
2125.76 774.997 391.32 9 10 2 7 849100 40.0232 149031 1.56801 2.13055e+06 849100 ZonesAtSurface
2175.5 774.989 141.574 2 0 1 10 949455 36.1587 108698 1.04468 9.63339e+06 949455 ZonesAtSurface
2225.42 774.986 41.5992 2 0 1 10 532146 25.1593 70014.6 1.09684 7.86261e+06 532146 ZonesAtSurface
2275.39 774.984 -8.39338 4 0 1 9 640911 29.2475 118798 1.28535 7.98096e+06 640911 ZonesAtSurface
2325.38 774.983 -8.36612 12 0 1 7 674323 33.7401 92358.3 1.32361 5.87172e+06 674323 ZonesAtSurface
2375.36 774.984 -8.33547 57 0 1 5 921094 26.7538 80937 1.63882 3.16196e+06 921094 ZonesAtSurface
2425.31 774.984 -8.30448 79 0 1 3 779498 30.5545 108069 1.55569 3.11382e+06 779498 ZonesAtSurface
2475.25 774.988 -8.25199 83 0 1 1 850260 29.5594 142897 1.55557 2.83491e+06 850260 ZonesAtSurface
2525.09 774.982 -38.2215 71 0 1 1 1.35816e+06 20.5685 74969.8 1.26136 3.64792e+06 1.35816e+06 ZonesAtSurface
2574.96 774.975 -48.2454 70 0 1 2 1.43277e+06 18.8046 68821.8 1.07414 5.06229e+06 1.43277e+06 ZonesAtSurface
2624.83 774.973 -8.22155 69 27 1 2 817402 15.596 139772 2.81642 948600 817402 ZonesAtSurface
2674.79 774.969 -18.2715 44 0 1 3 1.32314e+06 35.6412 134172 2.15785 3.79021e+06 1.32314e+06 ZonesAtSurface
2724.75 774.964 -28.286 44 0 1 4 1.01984e+06 32.4276 79150 1.28683 5.02923e+06 1.01984e+06 ZonesAtSurface
2774.7 774.961 -38.3312 20 0 1 5 908425 19.3619 106512 1.03454 6.7415e+06 908425 ZonesAtSurface
2824.68 774.965 -48.3621 0 0 1 6 842113 42.1921 70309.3 2.93057 1.01284e+07 842113 ZonesAtSurface
2874.46 774.965 91.6336 2 0 1 4 100000 5 10000 0.909819 402031 100000 ZonesAtSurface
2924.44 774.978 131.61 6 0 1 4 598296 35.7439 135077 1.3674 4.76433e+06 598296 ZonesAtSurface
2974.46 774.983 121.596 7 0 1 5 795641 22.0275 89163.9 1.15822 4.71262e+06 795641 ZonesAtSurface
3024.44 774.986 161.569 4 0 1 5 1.09332e+06 35.5413 80086.6 1.04797 6.67229e+06 1.09332e+06 ZonesAtSurface
3074.44 774.986 201.541 9 0 1 5 767369 44.3078 124591 1.41873 6.41873e+06 767369 ZonesAtSurface
3124.43 774.981 241.51 6 0 1 5 1.1339e+06 39.466 113778 1.01949 5.0696e+06 1.1339e+06 ZonesAtSurface
3174.4 774.977 331.454 3 0 2 4 100000 5 10000 1.04246 354813 100000 ZonesAtSurface
3224.42 774.983 371.394 4 0 2 4 783663 38.0157 68909.1 1.09511 2.98267e+06 783663 ZonesAtSurface
3274.46 774.988 411.355 8 0 2 4 1.2684e+06 30.4547 125978 1.09772 4.00049e+06 1.2684e+06 ZonesAtSurface
3324.5 774.987 351.353 1 0 1 6 1.40166e+06 19.9044 99737.4 1.06142 5.07131e+06 1.40166e+06 ZonesAtSurface
3374.54 774.988 391.313 8 0 1 6 608721 19.9707 114585 1.08681 3.03669e+06 608721 ZonesAtSurface
3424.59 774.987 381.296 7 0 1 7 1.48472e+06 24.8463 66514.5 1.01618 7.06997e+06 1.48472e+06 ZonesAtSurface
3474.62 774.985 471.215 9 0 1 6 1.04066e+06 32.1559 121921 1.15811 4.35719e+06 1.04066e+06 ZonesAtSurface
3524.67 774.99 511.159 10 0 1 6 716517 40.0631 115691 1.04274 4.89294e+06 716517 ZonesAtSurface
3574.73 774.99 601.046 10 0 2 5 100000 5 10000 1.50159 264528 100000 ZonesAtSurface
3624.81 774.998 591.036 10 0 1 6 100000 5 10000 1.30911 221669 100000 ZonesAtSurface
3674.91 775.001 581.059 10 0 1 7 797874 37.9034 70242.5 1.19467 3.76191e+06 797874 ZonesAtSurface
3724.97 774.996 521.106 4 0 1 9 100000 5 10000 1.37257 909117 100000 ZonesAtSurface
3775.08 774.994 571.024 1 0 1 8 1.40377e+06 24.2954 111444 1.03733 4.63369e+06 1.40377e+06 ZonesAtSurface
3825.17 775.002 630.948 4 5 2 6 949588 35.9112 94643 1.08099 3.23772e+06 949588 ZonesAtSurface
3875.26 775.002 590.992 4 0 1 6 1.06591e+06 16.0262 54000.1 1.05213 3.09846e+06 1.06591e+06 ZonesAtSurface
3925.32 775.003 601.004 4 0 2 5 1.1389e+06 22.3892 134063 1.02704 4.05166e+06 1.1389e+06 ZonesAtSurface
3975.37 775.005 611.036 2 0 2 4 1.48691e+06 28.415 73630.5 1.18565 4.42853e+06 1.48691e+06 ZonesAtSurface
4025.4 775.005 621.078 0 6 2 3 1.34379e+06 35.5554 77715 1.82361 2.82805e+06 1.34379e+06 ZonesAtSurface
4075.5 775.003 531.148 1 0 2 4 1.14814e+06 34.5017 122787 1.04512 4.85567e+06 1.14814e+06 ZonesAtSurface
4125.55 775.003 491.204 0 0 1 4 1.00002e+06 44.2893 92048.1 1.572 5.43001e+06 1.00002e+06 ZonesAtSurface
4175.6 775.001 451.259 4 0 1 4 618984 36.4381 114651 1.14499 3.90095e+06 618984 ZonesAtSurface
4225.62 775.001 461.294 8 0 2 3 934608 33.0171 73356.2 1.02282 3.6252e+06 934608 ZonesAtSurface
4275.65 774.998 421.342 6 0 1 3 1.2321e+06 23.0152 95413 1.0566 3.82764e+06 1.2321e+06 ZonesAtSurface
4325.67 774.993 381.384 0 2 1 3 1.14456e+06 43.913 74572.5 1.30285 4.2247e+06 1.14456e+06 ZonesAtSurface
4375.69 774.988 341.418 0 4 1 3 1.40757e+06 39.6467 141219 1.42784 3.93521e+06 1.40757e+06 ZonesAtSurface
4425.7 774.984 301.447 6 0 2 3 626893 43.5696 127850 1.06092 3.27063e+06 626893 ZonesAtSurface
4475.71 774.974 211.484 10 0 1 4 1.01661e+06 26.756 62477.4 1.03327 3.88468e+06 1.01661e+06 ZonesAtSurface
4525.57 774.976 71.5538 2 0 1 6 1.33824e+06 22.7366 68960 1.09046 5.20503e+06 1.33824e+06 ZonesAtSurface
4575.47 774.978 -18.4303 5 0 1 7 1.42697e+06 23.4945 131116 1.09074 9.2089e+06 1.42697e+06 ZonesAtSurface
4625.46 774.974 -8.39835 8 0 1 6 1.43209e+06 43.3245 91235.6 1.21125 8.25785e+06 1.43209e+06 ZonesAtSurface
4675.41 774.975 -48.4081 12 0 1 6 1.04915e+06 26.328 94884.8 1.02633 8.84837e+06 1.04915e+06 ZonesAtSurface
4725.39 774.975 -38.3807 33 0 1 5 535817 23.4075 143577 1.14544 3.37818e+06 535817 ZonesAtSurface
4775.33 774.97 -28.3106 56 0 1 4 100000 5 10000 1.03938 447976 100000 ZonesAtSurface
4825.24 774.966 -18.2544 68 0 1 3 100000 5 10000 1.57611 182593 100000 ZonesAtSurface
4875.12 774.965 -8.24838 66 26 1 2 1.31474e+06 23.1979 52048.5 1.85784 2.51375e+06 1.31474e+06 ZonesAtSurface
4925.05 774.97 1.72515 63 12 1 1 1.1608e+06 27.411 70749.2 1.5193 2.8042e+06 1.1608e+06 ZonesAtSurface
74.9564 824.987 -19.795 72 0 1 1 896084 42.944 66685.2 1.49657 4.54688e+06 896084 ZonesAtSurface
124.86 824.986 -44.8023 86 0 1 2 830484 22.1429 51123.4 1.27508 3.71032e+06 830484 ZonesAtSurface
174.788 824.985 -19.7582 60 33 1 2 726296 40.5526 52577.5 3.96999 1.2943e+06 726296 ZonesAtSurface
224.712 824.986 -44.7974 79 0 1 3 1.06122e+06 30.1105 72753.9 1.0267 4.31632e+06 1.06122e+06 ZonesAtSurface
274.633 824.985 -19.7772 67 35 1 3 1.05676e+06 17.1266 70549.9 2.23771 1.46204e+06 1.05676e+06 ZonesAtSurface
324.576 824.986 -44.8217 61 0 1 4 781688 26.4732 58388.4 1.15834 3.55699e+06 781688 ZonesAtSurface
374.479 824.988 -19.8286 45 0 1 4 100000 5 10000 1.51417 451938 100000 ZonesAtSurface
424.477 824.988 -44.8933 25 0 1 5 100000 5 10000 1.10967 1.24885e+06 100000 ZonesAtSurface
474.364 824.996 30.0961 8 0 1 4 1.34531e+06 44.1582 94660.4 2.21687 6.48453e+06 1.34531e+06 ZonesAtSurface
524.35 825 55.0846 6 0 1 4 1.30411e+06 23.8834 146141 1.29913 4.6862e+06 1.30411e+06 ZonesAtSurface
574.319 825.002 130.072 9 2 2 3 1.07213e+06 16.2288 84356.8 1.54225 1.9004e+06 1.07213e+06 ZonesAtSurface
624.329 824.996 105.065 0 0 1 4 1.46341e+06 31.2444 126424 3.09749 2.75181e+06 1.46341e+06 ZonesAtSurface
674.325 824.991 130.062 10 0 1 4 945543 25.0944 136917 1.54128 3.37078e+06 945543 ZonesAtSurface
724.328 824.988 105.037 0 0 1 5 661041 41.1664 69890.1 2.77319 5.23738e+06 661041 ZonesAtSurface
774.318 824.987 130.018 0 0 1 5 1.12316e+06 40.8457 149569 2.49673 5.0822e+06 1.12316e+06 ZonesAtSurface
824.277 824.985 254.977 0 2 2 3 1.43803e+06 43.0478 99572.6 1.59174 4.95242e+06 1.43803e+06 ZonesAtSurface
874.301 824.987 329.947 5 0 2 2 574263 32.9661 137900 1.0426 2.19696e+06 574263 ZonesAtSurface
924.316 824.989 354.932 0 3 2 2 764287 43.0664 111160 1.49663 2.20182e+06 764287 ZonesAtSurface
974.333 824.991 379.918 0 6 2 2 1.24447e+06 41.6787 91743 1.99155 2.74534e+06 1.24447e+06 ZonesAtSurface
1024.34 824.998 304.916 0 0 1 4 1.18234e+06 38.7712 114968 3.07701 3.61656e+06 1.18234e+06 ZonesAtSurface
1074.36 824.997 279.899 14 0 1 5 667423 18.6137 52193.2 1.04247 3.61864e+06 667423 ZonesAtSurface
1124.37 824.995 304.876 0 0 1 5 992114 42.9039 111957 2.07239 4.80164e+06 992114 ZonesAtSurface
1174.39 824.997 429.809 10 0 2 3 100000 5 10000 1.19278 427260 100000 ZonesAtSurface
1224.47 824.983 554.747 0 3 2 1 1.21641e+06 26.04 77893.1 3.66717 1.03514e+06 1.21641e+06 ZonesAtSurface
1274.52 824.982 579.724 0 9 2 1 1.03929e+06 36.3743 72956.2 3.46859 1.15945e+06 1.03929e+06 ZonesAtSurface
1324.53 824.997 504.719 6 0 2 3 706963 17.4251 142588 1.08822 1.99601e+06 706963 ZonesAtSurface
1374.55 824.999 479.706 2 0 1 4 975018 28.141 94709.6 1.23687 3.69523e+06 975018 ZonesAtSurface
1424.59 824.998 504.677 10 1 2 4 1.4215e+06 22.2742 139007 1.09434 3.78476e+06 1.4215e+06 ZonesAtSurface
1474.62 824.999 479.669 1 0 1 5 1.00049e+06 40.4135 91514.5 1.01287 4.84454e+06 1.00049e+06 ZonesAtSurface
1524.67 824.995 454.669 1 0 1 6 831719 17.8377 117567 1.06762 2.91357e+06 831719 ZonesAtSurface
1574.71 824.994 429.67 0 0 1 7 761686 43.4362 51323.8 1.07756 5.9339e+06 761686 ZonesAtSurface
1624.76 824.983 504.64 6 4 1 6 801424 27.9603 50796.1 1.28443 2.14865e+06 801424 ZonesAtSurface
1674.83 824.992 429.682 3 0 1 8 972172 32.752 143353 1.00582 6.50747e+06 972172 ZonesAtSurface
1724.88 824.993 504.644 4 9 1 7 1.26037e+06 41.7984 111469 1.70769 3.16184e+06 1.26037e+06 ZonesAtSurface
1774.96 824.995 429.691 2 0 1 9 1.17603e+06 15.4012 78896.5 1.04163 4.06385e+06 1.17603e+06 ZonesAtSurface
1825.04 824.996 454.69 10 0 1 9 847352 42.58 108730 1.01617 5.82489e+06 847352 ZonesAtSurface
1875.16 825.003 529.579 9 0 2 8 100000 5 10000 1.04999 317019 100000 ZonesAtSurface
1925.3 825.011 604.411 0 8 2 7 1.11963e+06 29.2268 91118.5 2.39027 1.53772e+06 1.11963e+06 ZonesAtSurface
1975.42 824.997 479.66 0 0 2 10 100000 5 10000 1.0318 615069 100000 ZonesAtSurface
2025.59 824.996 492.127 7 7 2 9 1.48546e+06 35.7943 123681 1.16507 5.03162e+06 1.48546e+06 ZonesAtSurface
2075.57 824.996 342.408 2 0 1 10 742893 28.5357 116560 1.07999 3.29844e+06 742893 ZonesAtSurface
2125.55 824.994 242.521 2 0 1 10 991354 34.5338 73684.5 1.04888 6.69814e+06 991354 ZonesAtSurface
2175.49 824.992 142.578 2 0 1 10 1.45787e+06 34.3562 112093 1.0553 9.59817e+06 1.45787e+06 ZonesAtSurface
2225.42 824.989 42.6024 0 0 1 10 1.30569e+06 34.3287 98008 1.78656 8.33331e+06 1.30569e+06 ZonesAtSurface
2275.39 824.987 -7.38907 0 0 1 9 798161 35.1505 50456.5 2.0386 7.87774e+06 798161 ZonesAtSurface
2325.38 824.986 -7.36519 10 0 1 7 1.21328e+06 40.3776 147490 1.22975 8.61717e+06 1.21328e+06 ZonesAtSurface
2375.36 824.988 -7.33264 57 0 1 5 1.47285e+06 19.6629 134064 1.62523 3.4968e+06 1.47285e+06 ZonesAtSurface
2425.31 824.988 -7.30578 79 0 1 3 897116 31.9472 102410 1.63517 2.55101e+06 897116 ZonesAtSurface
2475.24 824.99 -7.23965 77 0 1 1 698153 38.478 60039.5 1.92837 2.77517e+06 698153 ZonesAtSurface
2525.1 824.984 -37.2205 72 0 1 1 841292 42.4961 118550 1.19473 5.34055e+06 841292 ZonesAtSurface
2574.96 824.978 -47.2486 72 0 1 2 848546 26.0981 136463 1.01958 5.60083e+06 848546 ZonesAtSurface
2624.83 824.973 -7.22938 69 34 1 2 955898 15.0616 149639 2.18165 1.16493e+06 955898 ZonesAtSurface
2674.79 824.972 -17.2732 46 0 1 3 996560 42.9649 110501 1.83377 4.17089e+06 996560 ZonesAtSurface
2724.74 824.967 -27.2952 20 0 1 4 569775 36.8685 59871.1 1.04799 8.37801e+06 569775 ZonesAtSurface
2774.7 824.965 -37.3408 10 0 1 5 699666 18.2399 85111 1.03626 7.05278e+06 699666 ZonesAtSurface
2824.44 824.96 102.645 9 7 1 3 640995 40.9341 134512 1.73661 1.4842e+06 640995 ZonesAtSurface
2874.42 824.976 142.629 8 8 2 3 1.48961e+06 28.201 119375 1.66216 3.18909e+06 1.48961e+06 ZonesAtSurface
2924.44 824.981 132.626 10 2 2 4 1.39293e+06 41.7046 129039 1.71027 4.38815e+06 1.39293e+06 ZonesAtSurface
2974.44 824.988 172.616 10 8 1 4 1.43249e+06 34.5319 93122.9 1.67092 3.64811e+06 1.43249e+06 ZonesAtSurface
3024.45 824.983 162.581 8 0 1 5 1.34116e+06 41.7758 100986 1.47009 6.51705e+06 1.34116e+06 ZonesAtSurface
3074.46 824.981 152.548 0 0 1 6 1.22923e+06 41.3927 138463 2.43174 7.47619e+06 1.22923e+06 ZonesAtSurface
3124.45 824.98 192.517 0 0 1 6 1.36003e+06 36.5176 72639.4 1.71927 7.51758e+06 1.36003e+06 ZonesAtSurface
3174.45 824.981 232.484 4 0 1 6 901087 31.6921 78484.8 1.15089 7.91472e+06 901087 ZonesAtSurface
3224.43 824.988 372.399 6 0 1 4 1.31544e+06 28.4523 120849 1.10974 4.99102e+06 1.31544e+06 ZonesAtSurface
3274.46 824.99 362.376 4 0 1 5 1.12734e+06 44.3952 117125 1.16007 5.74185e+06 1.12734e+06 ZonesAtSurface
3324.49 824.99 402.344 10 6 1 5 1.27214e+06 38.0512 116372 1.28627 3.84962e+06 1.27214e+06 ZonesAtSurface
3374.53 824.986 392.318 1 0 2 6 1.37927e+06 17.4248 106322 1.09386 3.60101e+06 1.37927e+06 ZonesAtSurface
3424.58 824.987 382.297 1 0 1 7 1.00418e+06 39.5367 129045 1.04525 8.65003e+06 1.00418e+06 ZonesAtSurface
3474.61 824.986 472.217 6 0 1 6 1.29946e+06 28.4647 94384.4 1.02884 4.61175e+06 1.29946e+06 ZonesAtSurface
3524.68 824.981 612.066 6 4 2 4 1.03983e+06 31.6728 75201.4 1.54583 2.41603e+06 1.03983e+06 ZonesAtSurface
3574.74 824.994 502.156 3 0 1 7 810705 19.7023 131979 1.04368 4.20038e+06 810705 ZonesAtSurface
3624.82 825.001 592.038 4 0 2 6 744381 17.6628 139625 1.1977 1.94032e+06 744381 ZonesAtSurface
3674.9 824.995 532.107 9 0 1 8 504424 22.4321 147412 1.13608 3.34477e+06 504424 ZonesAtSurface
3724.98 824.992 522.096 2 0 1 9 823648 27.9937 145516 1.01643 5.43561e+06 823648 ZonesAtSurface
3775.07 824.991 572.034 10 0 1 8 1.01734e+06 27.6941 146039 1.06513 3.66073e+06 1.01734e+06 ZonesAtSurface
3825.16 824.995 582.019 0 0 1 7 503518 21.0742 121984 1.03073 2.95574e+06 503518 ZonesAtSurface
3875.26 824.997 591.998 7 0 2 6 611037 19.7968 114140 1.0199 2.36594e+06 611037 ZonesAtSurface
3925.34 824.998 552.053 8 0 1 6 1.12492e+06 34.9884 127345 1.03667 5.56218e+06 1.12492e+06 ZonesAtSurface
3975.4 824.996 512.104 0 0 1 6 1.39273e+06 31.1609 81864.3 1.03762 6.50337e+06 1.39273e+06 ZonesAtSurface
4025.46 824.995 472.158 0 0 1 6 872255 35.1391 118328 1.08468 6.14917e+06 872255 ZonesAtSurface
4075.49 825.008 532.161 6 0 2 4 760738 31.0241 106096 1.38752 2.49804e+06 760738 ZonesAtSurface
4125.56 825.001 442.243 4 0 1 5 1.18724e+06 21.745 54405 1.10076 5.12814e+06 1.18724e+06 ZonesAtSurface
4175.59 824.998 402.299 4 0 1 5 1.38016e+06 30.1202 128014 1.08357 6.41146e+06 1.38016e+06 ZonesAtSurface
4225.63 824.999 362.342 6 0 1 5 884856 17.2432 64319.8 1.07088 3.60839e+06 884856 ZonesAtSurface
4275.65 825 322.38 0 0 1 5 1.23909e+06 41.5939 89908.5 2.10858 6.21999e+06 1.23909e+06 ZonesAtSurface
4325.66 825.004 332.407 2 0 1 4 1.32949e+06 37.2474 70445.6 1.22002 5.54181e+06 1.32949e+06 ZonesAtSurface
4375.67 825.001 342.432 0 3 2 3 1.1355e+06 41.8379 103066 1.42111 3.99185e+06 1.1355e+06 ZonesAtSurface
4425.68 824.995 252.469 2 0 1 4 626790 40.5627 90751.2 1.34427 4.85936e+06 626790 ZonesAtSurface
4475.69 824.991 212.499 3 0 1 4 1.48012e+06 25.6275 130121 1.02006 5.27188e+06 1.48012e+06 ZonesAtSurface
4525.64 824.973 122.549 4 0 1 5 1.49181e+06 28.9222 121423 1.11702 6.03552e+06 1.49181e+06 ZonesAtSurface
4575.54 824.972 32.5811 8 0 1 6 100000 5 10000 1.38314 717220 100000 ZonesAtSurface
4625.48 824.975 -7.40423 14 0 1 6 1.07655e+06 23.2323 103833 1.06105 4.92361e+06 1.07655e+06 ZonesAtSurface
4675.42 824.977 -47.4082 0 0 1 6 997939 23.901 92849.4 1.03315 7.09178e+06 997939 ZonesAtSurface
4725.4 824.972 -37.3796 36 0 1 5 100000 5 10000 1.05075 617873 100000 ZonesAtSurface
4775.33 824.963 -27.2941 45 0 1 4 100000 5 10000 0.897104 523794 100000 ZonesAtSurface
4825.23 824.963 -17.2624 65 0 1 3 849505 36.5165 146436 1.37459 4.57695e+06 849505 ZonesAtSurface
4875.12 824.969 -7.25723 65 0 1 2 801605 17.1575 63309.1 1.13417 2.50887e+06 801605 ZonesAtSurface
4925.05 824.97 2.72052 79 7 1 1 1.34364e+06 18.1359 102622 1.30139 3.11997e+06 1.34364e+06 ZonesAtSurface
74.953 874.989 -18.7803 100 0 1 1 653496 18.4423 125938 1.27271 2.0775e+06 653496 ZonesAtSurface
124.861 874.989 -43.79 74 0 1 2 900941 31.9335 84892.9 1.29514 4.38243e+06 900941 ZonesAtSurface
174.778 874.988 -18.7382 63 45 1 2 690278 40.9588 65397.6 4.86339 1.07666e+06 690278 ZonesAtSurface
224.698 874.987 -43.7774 79 0 1 3 624097 24.6791 85524 1.17664 2.74635e+06 624097 ZonesAtSurface
274.597 874.984 -18.7523 77 0 1 3 100000 5 10000 1.16814 267979 100000 ZonesAtSurface
324.549 874.989 -43.812 55 0 1 4 100000 5 10000 1.11194 652471 100000 ZonesAtSurface
374.459 874.991 -18.8293 36 0 1 4 701976 23.1544 143477 1.088 2.21167e+06 701976 ZonesAtSurface
424.461 874.994 -43.8861 1 0 1 5 1.22421e+06 18.9849 71214.6 1.05046 5.6607e+06 1.22421e+06 ZonesAtSurface
474.421 874.998 -18.8956 3 0 1 5 972303 26.9169 94943.8 1.41611 5.41842e+06 972303 ZonesAtSurface
524.394 875.003 6.09789 9 0 1 5 513321 33.6103 67483.4 1.27394 6.25516e+06 513321 ZonesAtSurface
574.398 874.995 -18.9288 0 0 1 6 788499 40.0692 70420.6 2.35851 7.03026e+06 788499 ZonesAtSurface
624.343 874.999 56.0651 2 0 1 5 933093 28.7725 74456 1.20835 5.27457e+06 933093 ZonesAtSurface
674.332 874.994 81.0534 0 0 1 5 809946 38.1371 136117 2.12898 5.28974e+06 809946 ZonesAtSurface
724.321 874.991 106.037 0 0 1 5 747037 28.6355 109864 1.41149 5.29648e+06 747037 ZonesAtSurface
774.275 874.987 231.006 8 0 1 3 1.4634e+06 32.2597 65413.7 1.55354 4.14935e+06 1.4634e+06 ZonesAtSurface
824.289 874.99 305.979 5 1 2 2 671735 37.1954 95384.6 1.11744 2.25588e+06 671735 ZonesAtSurface
874.303 874.992 330.963 0 4 2 2 1.10859e+06 22.5079 123307 1.44179 2.23266e+06 1.10859e+06 ZonesAtSurface
924.318 874.994 355.95 0 6 1 2 857582 41.2127 101346 1.57545 2.20325e+06 857582 ZonesAtSurface
974.33 874.999 330.944 0 0 2 3 1.24562e+06 41.686 88772 2.24986 2.84874e+06 1.24562e+06 ZonesAtSurface
1024.34 874.998 305.937 2 0 2 4 1.02629e+06 25.1857 142609 1.59209 2.37432e+06 1.02629e+06 ZonesAtSurface
1074.35 874.998 280.916 18 0 1 5 813164 20.6636 100073 1.05327 3.59975e+06 813164 ZonesAtSurface
1124.37 874.997 305.892 10 0 1 5 616952 38.533 64747.3 1.14775 4.66199e+06 616952 ZonesAtSurface
1174.39 875.004 430.813 3 0 2 3 100000 5 10000 1.09918 268770 100000 ZonesAtSurface
1224.46 874.995 505.764 0 2 2 2 1.25832e+06 31.0062 66371.5 2.25398 2.26074e+06 1.25832e+06 ZonesAtSurface
1274.49 874.998 480.757 8 0 2 3 998270 34.0106 96342.2 1.08454 3.63716e+06 998270 ZonesAtSurface
1324.51 875.004 405.762 0 0 1 5 1.19316e+06 26.8277 52490.8 1.04446 4.43439e+06 1.19316e+06 ZonesAtSurface
1374.55 875.004 480.73 7 7 2 4 1.28189e+06 37.4777 112928 1.34628 4.0567e+06 1.28189e+06 ZonesAtSurface
1424.58 875.003 455.717 7 0 1 5 639601 39.6823 83708 1.03323 3.68112e+06 639601 ZonesAtSurface
1474.62 874.998 430.711 5 0 1 6 910552 34.719 56862.7 1.00597 4.71874e+06 910552 ZonesAtSurface
1524.67 874.996 505.67 10 5 1 5 784634 37.5813 116202 1.34921 2.14311e+06 784634 ZonesAtSurface
1574.71 874.993 530.65 7 4 1 5 866946 34.6199 142470 1.40916 2.10406e+06 866946 ZonesAtSurface
1624.76 874.994 455.672 5 0 1 7 1.20011e+06 35.0469 124081 1.01012 5.84627e+06 1.20011e+06 ZonesAtSurface
1674.81 874.996 480.666 7 4 2 7 1.38931e+06 18.2817 83407.7 1.19893 3.18047e+06 1.38931e+06 ZonesAtSurface
1724.87 874.999 455.676 5 0 1 8 1.23255e+06 25.5168 76118.1 1.06808 4.31023e+06 1.23255e+06 ZonesAtSurface
1774.95 875 480.661 10 2 1 8 1.17323e+06 17.4982 90060.4 1.51065 2.17642e+06 1.17323e+06 ZonesAtSurface
1825.05 874.997 405.748 0 0 1 10 1.13589e+06 33.4988 52796.3 1.02093 6.38516e+06 1.13589e+06 ZonesAtSurface
1875.15 874.996 430.741 2 0 1 10 1.40664e+06 35.0137 51379.1 1.03771 7.53945e+06 1.40664e+06 ZonesAtSurface
1925.32 874.995 505.616 0 8 1 9 1.34782e+06 40.993 60144.1 1.18909 4.89157e+06 1.34782e+06 ZonesAtSurface
1975.46 874.999 530.559 0 10 2 9 1.49163e+06 16.2515 98957.8 1.25462 3.11743e+06 1.49163e+06 ZonesAtSurface
2025.59 874.999 493.129 6 6 2 9 569083 20.8563 62864.5 1.21077 1.39303e+06 569083 ZonesAtSurface
2075.59 874.996 343.398 2 0 1 10 999815 42.6367 86767.9 1.07152 4.1572e+06 999815 ZonesAtSurface
2125.73 874.991 343.38 0 0 2 8 100000 5 10000 1.36801 168491 100000 ZonesAtSurface
2175.49 874.995 143.579 2 0 1 10 1.01195e+06 27.3836 133772 1.0411 7.108e+06 1.01195e+06 ZonesAtSurface
2225.42 874.993 43.6042 2 0 1 10 971713 23.5696 67044.9 1.05131 7.98781e+06 971713 ZonesAtSurface
2275.44 874.994 43.6242 8 0 1 8 863291 42.0823 94517.8 1.61815 8.96887e+06 863291 ZonesAtSurface
2325.38 874.99 -6.36392 13 0 1 7 773460 36.9683 59086.2 1.18067 8.31007e+06 773460 ZonesAtSurface
2375.35 874.99 -6.3303 57 0 1 5 1.07139e+06 26.988 111350 1.85358 3.17167e+06 1.07139e+06 ZonesAtSurface
2425.3 874.989 -6.29984 79 11 1 3 1.15067e+06 27.2764 82410.6 1.53239 2.89416e+06 1.15067e+06 ZonesAtSurface
2475.24 874.991 -6.24477 78 15 1 1 979375 33.3524 130450 1.71309 2.57667e+06 979375 ZonesAtSurface
2525.1 874.986 -36.2205 73 0 1 1 930307 22.4865 134063 1.24243 3.39547e+06 930307 ZonesAtSurface
2574.95 874.982 -46.2549 73 0 1 2 1.16711e+06 17.6945 123176 1.01373 4.9923e+06 1.16711e+06 ZonesAtSurface
2624.83 874.975 -6.2283 52 41 1 2 1.15168e+06 43.8913 72427.6 2.69503 2.28381e+06 1.15168e+06 ZonesAtSurface
2674.79 874.975 -16.2677 35 0 1 3 680442 23.0954 66327.8 1.5016 1.88888e+06 680442 ZonesAtSurface
2724.73 874.976 -26.2951 36 0 1 4 769647 28.4304 95149.5 1.06009 6.28228e+06 769647 ZonesAtSurface
2774.6 874.975 13.684 2 0 1 4 100000 5 10000 0.982617 1.26606e+06 100000 ZonesAtSurface
2824.51 874.976 53.6496 3 0 2 4 1.40198e+06 37.8572 103594 1.2312 6.08779e+06 1.40198e+06 ZonesAtSurface
2874.47 874.981 93.6436 10 0 1 4 764805 31.8082 79561.6 1.16062 3.84345e+06 764805 ZonesAtSurface
2924.45 874.983 133.638 3 0 2 4 616485 26.392 75426.1 1.34967 2.8306e+06 616485 ZonesAtSurface
2974.5 874.98 73.6045 4 0 1 6 860081 32.1614 57298.5 1.2941 7.82108e+06 860081 ZonesAtSurface
3024.48 874.978 113.582 0 0 1 6 1.04682e+06 39.6533 89118.3 2.49222 7.02727e+06 1.04682e+06 ZonesAtSurface
3074.43 874.972 203.551 8 0 1 5 1.07537e+06 16.1315 73348.3 1.08545 4.15461e+06 1.07537e+06 ZonesAtSurface
3124.45 874.978 193.523 0 0 1 6 1.11924e+06 38.3566 69668.6 1.74232 7.48095e+06 1.11924e+06 ZonesAtSurface
3174.41 874.977 383.425 5 7 2 3 836482 19.4924 147332 1.20331 1.86779e+06 836482 ZonesAtSurface
3224.44 874.989 373.406 0 4 2 4 1.39427e+06 37.7188 51486.8 1.40682 4.14663e+06 1.39427e+06 ZonesAtSurface
3274.47 874.992 363.385 2 0 1 5 926929 17.9681 135289 1.18819 2.76903e+06 926929 ZonesAtSurface
3324.5 874.989 353.366 4 0 1 6 648440 35.8963 78804.3 1.01273 5.65309e+06 648440 ZonesAtSurface
3374.55 874.987 343.347 4 0 1 7 901413 37.3622 139560 1.04004 8.49424e+06 901413 ZonesAtSurface
3424.55 874.98 483.254 8 0 1 5 1.21344e+06 38.7386 80695.1 1.16501 6.1602e+06 1.21344e+06 ZonesAtSurface
3474.61 874.982 573.137 4 0 2 4 100000 5 10000 1.18181 229386 100000 ZonesAtSurface
3524.69 874.991 613.071 5 10 2 4 1.28025e+06 43.6946 66655.6 1.54117 4.05825e+06 1.28025e+06 ZonesAtSurface
3574.75 874.993 503.157 1 0 1 7 100000 5 10000 2.24973 507387 100000 ZonesAtSurface
3624.83 874.995 493.162 1 0 1 8 100000 5 10000 2.56781 461127 100000 ZonesAtSurface
3674.9 874.992 483.15 0 0 1 9 1.01988e+06 27.9274 54390.1 1.11629 6.48157e+06 1.01988e+06 ZonesAtSurface
3724.98 874.988 573.053 0 0 2 8 1.16704e+06 40.2284 134329 1.05881 4.34566e+06 1.16704e+06 ZonesAtSurface
3775.06 874.988 573.043 1 0 2 8 667665 24.7836 120820 1.13016 2.08309e+06 667665 ZonesAtSurface
3825.15 874.991 583.027 6 0 2 7 742230 17.9458 104925 1.053 2.23316e+06 742230 ZonesAtSurface
3875.24 874.991 543.068 0 0 2 7 782205 20.5882 132265 1.01488 3.997e+06 782205 ZonesAtSurface
3925.33 874.996 553.062 5 0 1 6 1.25612e+06 15.6169 108828 1.057 3.48364e+06 1.25612e+06 ZonesAtSurface
3975.4 874.995 513.113 2 0 1 6 960974 27.9007 63653.3 1.13049 5.27342e+06 960974 ZonesAtSurface
4025.44 874.992 523.138 0 0 1 5 1.48967e+06 19.2889 76223.7 1.19903 4.42114e+06 1.48967e+06 ZonesAtSurface
4075.51 874.992 433.223 9 0 1 6 927906 15.8327 132676 1.06362 3.91768e+06 927906 ZonesAtSurface
4125.55 874.991 393.28 10 0 1 6 1.3407e+06 36.6379 108188 1.13836 7.34202e+06 1.3407e+06 ZonesAtSurface
4175.58 874.992 353.328 0 0 1 6 844787 42.2157 57592.6 1.07853 6.83672e+06 844787 ZonesAtSurface
4225.61 875.003 363.36 9 0 1 5 1.27511e+06 42.5587 149379 1.34431 5.50132e+06 1.27511e+06 ZonesAtSurface
4275.62 874.995 273.407 9 0 1 6 737391 26.3034 109265 1.02475 5.76803e+06 737391 ZonesAtSurface
4325.63 874.994 233.446 3 0 1 6 896089 32.3845 124437 1.18934 6.66893e+06 896089 ZonesAtSurface
4375.66 875.008 293.461 8 0 1 4 1.07861e+06 19.7317 110146 1.15572 3.2886e+06 1.07861e+06 ZonesAtSurface
4425.67 875.011 253.482 1 1 2 4 1.45258e+06 38.5206 104908 1.3242 4.94197e+06 1.45258e+06 ZonesAtSurface
4475.61 874.988 113.54 0 0 1 6 813002 31.6645 130472 1.18007 7.55123e+06 813002 ZonesAtSurface
4525.62 874.994 123.56 3 0 1 5 1.4238e+06 38.38 51217.5 1.45996 6.52605e+06 1.4238e+06 ZonesAtSurface
4575.6 874.989 83.5796 5 0 2 5 1.23949e+06 34.1569 79559.8 1.16854 6.18168e+06 1.23949e+06 ZonesAtSurface
4625.49 874.98 -6.3969 11 0 1 6 100000 5 10000 1.07073 986531 100000 ZonesAtSurface
4675.42 874.978 -46.3964 14 0 1 6 100000 5 10000 1.05523 1.2015e+06 100000 ZonesAtSurface
4725.39 874.973 -36.3695 15 0 1 5 682269 32.8375 84436.2 1.03681 7.81331e+06 682269 ZonesAtSurface
4775.32 874.972 -26.299 58 0 1 4 1.39246e+06 23.8808 114998 1.07505 6.14705e+06 1.39246e+06 ZonesAtSurface
4825.23 874.972 -16.2676 56 0 1 3 1.13271e+06 38.6659 51330.6 1.19151 5.25574e+06 1.13271e+06 ZonesAtSurface
4875.13 874.973 -6.26808 57 0 1 2 825870 16.2327 108479 1.44696 2.38472e+06 825870 ZonesAtSurface
4925.05 874.972 3.71798 77 0 1 1 1.23549e+06 31.6472 104271 1.54763 3.91349e+06 1.23549e+06 ZonesAtSurface
74.9475 924.99 -17.7634 101 7 1 1 839603 21.2826 104378 1.31614 2.15424e+06 839603 ZonesAtSurface
124.855 924.989 -42.7643 77 11 1 2 1.49903e+06 18.0462 142803 1.45573 3.0926e+06 1.49903e+06 ZonesAtSurface
174.738 924.988 -17.7027 90 0 1 2 100000 5 10000 1.11815 306598 100000 ZonesAtSurface
224.663 924.987 -42.7541 79 0 1 3 100000 5 10000 1.27211 397653 100000 ZonesAtSurface
274.562 924.986 -17.7348 72 48 1 3 1.04412e+06 27.5856 129149 3.54209 1.29672e+06 1.04412e+06 ZonesAtSurface
324.525 924.991 -42.8046 59 0 1 4 570816 41.8474 108943 1.15421 5.49646e+06 570816 ZonesAtSurface
374.465 924.994 -17.8209 49 0 1 4 1.44077e+06 27.0156 119531 1.35098 4.47843e+06 1.44077e+06 ZonesAtSurface
424.457 924.998 -42.8733 20 0 1 5 955266 43.2589 139669 1.15443 8.67194e+06 955266 ZonesAtSurface
474.399 925.01 32.1266 4 5 2 4 1.28839e+06 38.3388 63867.4 2.33182 3.00529e+06 1.28839e+06 ZonesAtSurface
524.428 924.997 -42.9053 3 0 1 6 1.17745e+06 25.0481 80925.2 1.15717 7.88147e+06 1.17745e+06 ZonesAtSurface
574.398 924.999 -17.918 8 0 1 6 1.18372e+06 20.0992 87494.1 1.02129 6.99937e+06 1.18372e+06 ZonesAtSurface
624.336 925.006 57.0736 0 0 1 5 1.40328e+06 42.5588 85330.8 2.16655 7.1606e+06 1.40328e+06 ZonesAtSurface
674.321 925.001 82.0563 9 0 1 5 700232 17.2645 100340 1.05298 3.5151e+06 700232 ZonesAtSurface
724.265 924.996 257.017 10 9 2 2 550435 16.9459 88064.7 1.73969 821125 550435 ZonesAtSurface
774.279 924.996 282.004 0 7 2 2 1.39679e+06 40.3252 144782 3.07288 1.84371e+06 1.39679e+06 ZonesAtSurface
824.292 924.997 306.991 6 1 2 2 639692 33.2721 97896.5 1.15008 1.90561e+06 639692 ZonesAtSurface
874.302 925.002 281.983 0 0 2 3 1.08695e+06 25.0394 141477 1.6182 2.80084e+06 1.08695e+06 ZonesAtSurface
924.316 925.004 306.973 0 0 2 3 1.42225e+06 42.9257 76759.4 2.55741 3.04723e+06 1.42225e+06 ZonesAtSurface
974.329 925.004 281.964 1 0 1 4 781553 20.4764 52937.8 1.30855 2.61207e+06 781553 ZonesAtSurface
1024.35 925.003 306.955 3 1 2 4 829008 36.0104 92711.5 1.56728 2.23082e+06 829008 ZonesAtSurface
1074.35 925.002 281.93 0 0 1 5 1.31283e+06 38.9875 96459.6 2.11503 4.08042e+06 1.31283e+06 ZonesAtSurface
1124.37 925.003 306.904 1 0 2 5 747447 20.0248 98258.3 1.10718 2.9515e+06 747447 ZonesAtSurface
1174.39 925.004 331.877 0 0 1 5 1.21146e+06 38.3221 93882.7 1.25223 5.29513e+06 1.21146e+06 ZonesAtSurface
1224.45 925.008 456.792 0 3 2 3 1.32071e+06 35.2858 50129.8 1.41441 3.62099e+06 1.32071e+06 ZonesAtSurface
1274.48 925.006 431.789 1 0 2 4 1.13058e+06 25.329 93555.7 1.13984 3.5717e+06 1.13058e+06 ZonesAtSurface
1324.51 925.004 456.775 10 10 2 4 987960 37.3571 140634 1.3761 2.90922e+06 987960 ZonesAtSurface
1374.54 925.006 381.773 3 0 1 6 881545 17.2826 60220.9 1.03972 3.58405e+06 881545 ZonesAtSurface
1424.57 925.012 456.738 10 0 2 5 1.02936e+06 33.9661 107143 1.06735 3.54303e+06 1.02936e+06 ZonesAtSurface
1474.62 925.001 431.736 8 0 1 6 919693 19.0371 148969 1.09138 3.06082e+06 919693 ZonesAtSurface
1524.66 925.001 456.71 0 0 1 6 875433 37.0259 57127.7 1.02969 5.29979e+06 875433 ZonesAtSurface
1574.71 925.009 531.66 1 4 1 5 1.21098e+06 35.1781 102383 1.42004 3.13941e+06 1.21098e+06 ZonesAtSurface
1624.75 925.001 456.689 5 0 1 7 1.21572e+06 37.9045 130619 1.02339 6.51013e+06 1.21572e+06 ZonesAtSurface
1674.81 925.003 481.673 7 0 1 7 555413 25.2083 91820.5 1.21142 2.5164e+06 555413 ZonesAtSurface
1724.87 925.001 456.688 10 0 1 8 932138 38.3278 105429 1.18381 4.69582e+06 932138 ZonesAtSurface
1774.96 924.995 431.717 10 0 1 9 680484 44.7803 66993.9 1.16789 6.76929e+06 680484 ZonesAtSurface
1825.05 924.996 406.747 1 0 1 10 734745 16.5221 125809 1.08832 3.69609e+06 734745 ZonesAtSurface
1875.19 924.995 481.655 0 1 2 9 1.37796e+06 18.4484 76921.2 1.05486 3.58684e+06 1.37796e+06 ZonesAtSurface
1925.31 924.997 456.696 2 0 2 10 777391 18.7576 88795.5 1.02083 3.76326e+06 777391 ZonesAtSurface
1975.44 924.999 581.475 5 5 2 8 1.22132e+06 25.1144 145449 1.08916 3.42782e+06 1.22132e+06 ZonesAtSurface
2025.58 924.998 444.222 2 2 1 10 1.14796e+06 36.8912 126154 1.04588 4.41999e+06 1.14796e+06 ZonesAtSurface
2075.61 924.994 344.388 2 0 1 10 100000 5 10000 0.960121 667636 100000 ZonesAtSurface
2125.66 924.992 294.456 9 0 1 9 100000 5 10000 0.948645 349505 100000 ZonesAtSurface
2175.49 924.997 144.578 0 0 1 10 610239 40.3479 114289 1.07293 8.57043e+06 610239 ZonesAtSurface
2225.42 924.995 44.6058 0 0 1 10 571237 36.885 120193 1.67021 8.54039e+06 571237 ZonesAtSurface
2275.38 924.993 -5.38209 0 0 1 9 1.20132e+06 23.533 84653.4 1.40574 7.9065e+06 1.20132e+06 ZonesAtSurface
2325.38 924.991 -5.36176 15 0 1 7 564378 36.5866 145698 1.27371 7.23831e+06 564378 ZonesAtSurface
2375.35 924.99 -5.33133 57 0 1 5 621058 26.0752 105625 2.03279 2.21752e+06 621058 ZonesAtSurface
2425.3 924.99 -5.2934 75 0 1 3 972877 40.5477 147257 2.02397 3.29193e+06 972877 ZonesAtSurface
2475.25 924.991 -5.26365 78 14 1 1 1.12027e+06 37.0212 136048 1.89534 3.17883e+06 1.12027e+06 ZonesAtSurface
2525.1 924.989 -35.2301 74 0 1 1 828919 32.3446 60919.3 1.26444 4.43448e+06 828919 ZonesAtSurface
2574.96 924.986 -45.259 74 0 1 2 999551 21.3006 137496 1.03114 5.16456e+06 999551 ZonesAtSurface
2624.83 924.978 -5.21347 44 38 1 2 1.34275e+06 29.6776 58117.8 2.31805 2.06675e+06 1.34275e+06 ZonesAtSurface
2674.8 924.979 -15.2493 40 9 1 3 1.12887e+06 37.2301 94896.7 1.1371 3.97691e+06 1.12887e+06 ZonesAtSurface
2724.72 924.985 -25.2877 38 0 1 4 1.0435e+06 37.5673 144399 1.05516 7.17049e+06 1.0435e+06 ZonesAtSurface
2774.68 924.982 -35.3372 12 0 1 5 671823 28.5539 113680 1.08875 9.99373e+06 671823 ZonesAtSurface
2824.5 924.987 54.6507 5 0 2 4 1.22287e+06 43.1903 102790 1.4681 6.16333e+06 1.22287e+06 ZonesAtSurface
2874.47 924.987 94.6502 8 0 1 4 502012 41.6126 85665.4 1.19748 3.07056e+06 502012 ZonesAtSurface
2924.49 924.982 84.6361 5 0 1 5 1.01068e+06 19.4084 126619 1.08975 4.39572e+06 1.01068e+06 ZonesAtSurface
2974.5 924.978 74.6101 1 0 1 6 938826 26.114 80867.8 1.12476 7.4092e+06 938826 ZonesAtSurface
3024.48 924.976 114.586 0 0 1 6 517135 40.6477 56912 2.1679 7.51277e+06 517135 ZonesAtSurface
3074.38 924.973 254.53 9 0 1 4 100000 5 10000 1.06009 216446 100000 ZonesAtSurface
3124.39 924.978 344.466 6 8 2 3 1.39968e+06 24.9863 143363 1.52123 2.87692e+06 1.39968e+06 ZonesAtSurface
3174.42 924.985 334.448 5 0 2 4 1.13075e+06 41.8659 78558.3 1.12913 4.61005e+06 1.13075e+06 ZonesAtSurface
3224.44 924.99 324.429 3 0 1 5 754497 34.3919 69693.8 1.10526 4.95674e+06 754497 ZonesAtSurface
3274.48 924.989 314.41 0 0 1 6 1.43558e+06 19.7019 75325 1.19601 4.65877e+06 1.43558e+06 ZonesAtSurface
3324.5 924.988 354.375 6 0 1 6 963564 24.4594 97321.1 1.05591 5.06337e+06 963564 ZonesAtSurface
3374.53 924.986 394.328 4 0 1 6 879301 21.1221 50907.6 1.04648 3.8006e+06 879301 ZonesAtSurface
3424.55 924.985 484.247 1 0 1 5 878481 42.6749 70188.1 1.15732 6.42401e+06 878481 ZonesAtSurface
3474.62 924.988 574.138 9 6 2 4 1.24615e+06 34.8182 53495.4 1.19422 4.2091e+06 1.24615e+06 ZonesAtSurface
3524.67 924.993 514.155 0 0 1 6 100000 5 10000 1.34209 542144 100000 ZonesAtSurface
3574.75 924.993 554.105 3 0 2 6 1.32786e+06 33.026 51176.2 1.04154 4.70259e+06 1.32786e+06 ZonesAtSurface
3624.83 924.992 494.157 0 0 1 8 552083 15.7212 61363.8 1.15067 3.02738e+06 552083 ZonesAtSurface
3674.91 924.991 534.109 0 0 2 8 669351 30.5686 123922 1.04928 3.93057e+06 669351 ZonesAtSurface
3724.98 924.988 574.062 6 0 2 8 608136 44.4017 107835 1.01146 3.78862e+06 608136 ZonesAtSurface
3775.06 924.984 524.102 1 0 1 9 1.47606e+06 20.9794 64758.2 1.00994 5.84345e+06 1.47606e+06 ZonesAtSurface
3825.14 924.989 584.039 1 0 2 7 1.13079e+06 23.6115 103399 1.05004 3.25109e+06 1.13079e+06 ZonesAtSurface
3875.22 924.991 544.08 6 0 1 7 1.19761e+06 22.1751 100485 1.04344 4.58576e+06 1.19761e+06 ZonesAtSurface
3925.31 924.992 554.073 10 0 1 6 846093 27.5643 89845.6 1.0533 3.96123e+06 846093 ZonesAtSurface
3975.36 924.985 614.056 8 1 1 4 607896 41.6888 130677 1.23122 1.94862e+06 607896 ZonesAtSurface
4025.44 924.987 524.142 3 0 1 5 1.05677e+06 16.4006 109395 1.03631 3.71701e+06 1.05677e+06 ZonesAtSurface
4075.51 924.987 434.229 2 0 1 6 701713 34.8369 62508.3 1.11266 5.19969e+06 701713 ZonesAtSurface
4125.53 924.989 344.313 0 0 1 7 1.2994e+06 26.5074 79371.8 1.03541 7.57896e+06 1.2994e+06 ZonesAtSurface
4175.57 924.989 354.337 0 0 1 6 683267 40.4193 54515.3 1.35291 6.61036e+06 683267 ZonesAtSurface
4225.59 924.991 314.379 10 0 1 6 717187 36.9087 139007 1.1835 6.93684e+06 717187 ZonesAtSurface
4275.59 924.989 224.428 0 0 1 7 1.4905e+06 41.25 68001.4 2.64986 7.39667e+06 1.4905e+06 ZonesAtSurface
4325.63 924.998 284.463 8 0 2 5 512384 36.9515 107078 1.91381 2.71515e+06 512384 ZonesAtSurface
4375.64 925.008 244.483 5 2 1 5 1.43075e+06 44.8391 149699 1.56683 4.89853e+06 1.43075e+06 ZonesAtSurface
4425.62 924.998 154.518 4 0 1 6 599459 21.0979 80224.7 1.02884 4.37186e+06 599459 ZonesAtSurface
4475.6 924.998 114.553 6 0 1 6 1.28655e+06 35.2396 128567 1.64064 8.41809e+06 1.28655e+06 ZonesAtSurface
4525.58 924.997 74.5732 7 0 1 6 501967 24.961 114752 1.17692 3.77284e+06 501967 ZonesAtSurface
4575.49 924.983 -15.4173 4 0 1 7 100000 5 10000 1.09235 1.47894e+06 100000 ZonesAtSurface
4625.48 924.985 -5.38049 18 0 1 6 778301 41.3644 89216.7 1.10944 9.31197e+06 778301 ZonesAtSurface
4675.41 924.98 -45.3842 6 0 1 6 1.31457e+06 31.7958 107278 1.01988 9.10145e+06 1.31457e+06 ZonesAtSurface
4725.38 924.98 -35.3573 39 0 1 5 1.10604e+06 20.657 97747.8 1.0201 6.01788e+06 1.10604e+06 ZonesAtSurface
4775.3 924.983 -25.2895 57 0 1 4 813657 15.5837 79985.9 1.11551 3.30994e+06 813657 ZonesAtSurface
4825.21 924.978 -15.2735 60 0 1 3 1.15901e+06 22.1699 69224.5 1.31499 3.61422e+06 1.15901e+06 ZonesAtSurface
4875.13 924.977 -5.27987 55 4 1 2 1.38403e+06 38.5261 103350 2.52153 4.08691e+06 1.38403e+06 ZonesAtSurface
4925.05 924.975 4.71545 50 0 1 1 1.15095e+06 37.3491 94816.2 2.16904 3.71264e+06 1.15095e+06 ZonesAtSurface
74.9534 974.991 -16.7449 100 4 1 1 100000 5 10000 1.81048 170927 100000 ZonesAtSurface
124.834 974.986 -41.7381 90 0 1 2 100000 5 10000 1.3786 370401 100000 ZonesAtSurface
174.695 974.988 -16.6778 90 63 1 2 713560 20.0214 119599 2.15756 1.1338e+06 713560 ZonesAtSurface
224.634 974.99 -41.7411 79 15 1 3 1.35366e+06 32.81 101794 1.53062 4.45756e+06 1.35366e+06 ZonesAtSurface
274.552 974.994 -16.7335 78 51 1 3 1.33417e+06 38.4065 70423.8 2.24145 3.18551e+06 1.33417e+06 ZonesAtSurface
324.521 974.995 -41.7953 55 0 1 4 971714 36.7751 133289 1.13529 6.25303e+06 971714 ZonesAtSurface
374.484 974.994 -16.8044 59 0 1 4 1.15354e+06 22.5585 81394.3 1.58045 2.63835e+06 1.15354e+06 ZonesAtSurface
424.464 974.996 -41.8577 19 0 1 5 1.03687e+06 15.5085 128513 1.04833 4.63342e+06 1.03687e+06 ZonesAtSurface
474.444 974.997 -16.8608 5 0 1 5 1.37931e+06 34.3488 105465 1.30773 5.39073e+06 1.37931e+06 ZonesAtSurface
524.432 974.996 -41.8924 14 0 1 6 1.42574e+06 21.6217 145623 1.01488 7.48032e+06 1.42574e+06 ZonesAtSurface
574.4 974.999 -16.9033 1 0 1 6 1.01236e+06 44.3774 75351.3 1.36725 8.45526e+06 1.01236e+06 ZonesAtSurface
624.375 975.003 8.08158 6 0 1 6 1.10602e+06 41.6039 149147 1.12934 8.15532e+06 1.10602e+06 ZonesAtSurface
674.306 975.014 83.0584 7 0 2 5 609073 41.3521 110816 1.1408 6.2721e+06 609073 ZonesAtSurface
724.27 975.008 158.033 9 0 1 4 1.0366e+06 25.7071 91079.9 1.15996 3.24189e+06 1.0366e+06 ZonesAtSurface
774.278 975.007 233.017 5 2 2 3 1.04838e+06 24.2113 86980.2 1.20594 2.70595e+06 1.04838e+06 ZonesAtSurface
824.291 975.005 258.011 2 0 1 3 967243 19.0375 107711 1.31388 2.53815e+06 967243 ZonesAtSurface
874.306 975.006 283.004 0 9 2 3 1.29458e+06 37.8707 110263 1.7897 3.17804e+06 1.29458e+06 ZonesAtSurface
924.319 975.004 207.988 0 0 1 5 963390 27.792 82390.7 1.99369 3.48887e+06 963390 ZonesAtSurface
974.334 975.006 282.986 10 0 1 4 512665 44.2833 131093 2.00967 2.50349e+06 512665 ZonesAtSurface
1024.34 975.008 257.968 0 0 1 5 1.42061e+06 36.9722 131025 2.35233 3.50728e+06 1.42061e+06 ZonesAtSurface
1074.36 975.001 232.942 9 0 1 6 538321 24.1425 116950 1.04577 4.19429e+06 538321 ZonesAtSurface
1124.37 975 257.921 4 0 1 6 887257 27.6065 128201 1.14251 4.74249e+06 887257 ZonesAtSurface
1174.39 975.001 282.897 0 0 1 6 1.36072e+06 43.1048 68520.3 2.55384 5.35967e+06 1.36072e+06 ZonesAtSurface
1224.43 975.009 357.852 1 0 1 5 994261 28.5601 106594 1.05079 4.07521e+06 994261 ZonesAtSurface
1274.47 975.008 382.826 8 0 1 5 898755 43.8837 65284.2 1.32359 5.01733e+06 898755 ZonesAtSurface
1324.5 975.009 407.805 6 0 2 5 943927 28.8516 73892.8 1.10538 4.01605e+06 943927 ZonesAtSurface
1374.54 975.002 332.809 4 0 1 7 1.17124e+06 22.3 55421.2 1.04282 5.06537e+06 1.17124e+06 ZonesAtSurface
1424.58 975.002 357.788 6 0 1 7 1.08332e+06 28.4967 83411.1 1.00998 5.84007e+06 1.08332e+06 ZonesAtSurface
1474.61 975.003 382.769 2 0 2 7 998592 28.2494 135815 1.00919 4.88313e+06 998592 ZonesAtSurface
1524.65 975.005 407.751 5 0 1 7 1.15042e+06 30.1218 107456 1.02074 5.12168e+06 1.15042e+06 ZonesAtSurface
1574.69 975.008 432.732 4 0 1 7 1.49157e+06 17.7003 67117.8 1.06112 4.46122e+06 1.49157e+06 ZonesAtSurface
1624.74 975.013 457.71 4 0 1 7 842715 43.9831 133977 1.22759 5.67311e+06 842715 ZonesAtSurface
1674.82 975.015 482.677 0 0 2 7 100000 5 10000 1.11549 443247 100000 ZonesAtSurface
1724.88 974.997 407.744 7 0 1 9 1.04125e+06 28.8228 60215.6 1.13147 5.85352e+06 1.04125e+06 ZonesAtSurface
1774.98 974.996 482.647 9 7 1 8 948978 22.0931 76904.8 1.55172 1.88124e+06 948978 ZonesAtSurface
1825.1 974.993 457.674 6 3 1 9 1.49027e+06 36.378 126734 1.1796 4.87558e+06 1.49027e+06 ZonesAtSurface
1875.21 974.995 482.644 4 9 1 9 1.40963e+06 36.7222 125441 1.15553 4.67773e+06 1.40963e+06 ZonesAtSurface
1925.33 974.996 457.688 1 0 1 10 573315 37.7333 55470.9 1.03829 3.88954e+06 573315 ZonesAtSurface
1975.42 975.003 582.481 6 6 2 8 647611 32.0235 81007.8 1.09542 2.04456e+06 647611 ZonesAtSurface
2025.58 974.995 445.229 0 0 2 10 572559 24.6567 89469.4 1.0043 1.73978e+06 572559 ZonesAtSurface
2075.63 974.993 345.386 2 0 1 10 1.21012e+06 44.2713 79517 1.07173 5.84741e+06 1.21012e+06 ZonesAtSurface
2125.58 974.995 245.509 2 0 1 10 965200 26.1926 73605.4 1.04624 5.64882e+06 965200 ZonesAtSurface
2175.5 974.997 145.577 2 0 1 10 682246 32.1607 127406 1.06176 7.11259e+06 682246 ZonesAtSurface
2225.42 974.995 45.6068 0 0 1 10 1.18514e+06 39.269 96002.1 2.10748 8.76508e+06 1.18514e+06 ZonesAtSurface
2275.44 974.995 45.6278 9 0 1 8 560627 39.7973 93966.6 1.25593 8.22681e+06 560627 ZonesAtSurface
2325.38 974.992 -4.36105 35 0 1 7 1.33992e+06 18.2155 71773.4 1.20289 4.70769e+06 1.33992e+06 ZonesAtSurface
2375.35 974.991 -4.32873 57 0 1 5 1.26683e+06 20.1456 122450 2.02743 2.51453e+06 1.26683e+06 ZonesAtSurface
2425.3 974.994 -4.30159 69 5 1 3 1.10935e+06 42.1033 71835.6 2.0155 3.78811e+06 1.10935e+06 ZonesAtSurface
2475.26 974.994 -4.27131 76 3 1 1 999300 30.9416 116279 1.92425 2.76132e+06 999300 ZonesAtSurface
2525.1 974.993 -34.241 65 0 1 1 893922 29.5345 56307.8 1.45875 4.11292e+06 893922 ZonesAtSurface
2574.97 974.989 -44.2531 75 0 1 2 974772 36.7118 69141.6 1.04536 7.84272e+06 974772 ZonesAtSurface
2624.84 974.982 -4.18655 48 22 1 2 667306 30.9346 76927.4 1.79247 1.42008e+06 667306 ZonesAtSurface
2674.78 974.988 -14.2065 52 0 1 3 100000 5 10000 1.01196 343457 100000 ZonesAtSurface
2724.71 974.988 -24.2765 36 0 1 4 100000 5 10000 1.00102 601423 100000 ZonesAtSurface
2774.67 974.988 -34.3259 23 0 1 5 100000 5 10000 1.11397 1.30448e+06 100000 ZonesAtSurface
2824.49 974.997 55.6607 7 0 2 4 921285 42.099 58307.8 1.35689 3.52133e+06 921285 ZonesAtSurface
2874.52 974.988 45.6516 4 0 1 5 645884 17.7122 119792 1.09006 3.55772e+06 645884 ZonesAtSurface
2924.53 974.982 35.6316 4 0 1 6 838079 21.4331 139185 1.00499 7.00883e+06 838079 ZonesAtSurface
2974.46 974.974 125.618 10 0 1 5 925213 36.4995 119559 1.05636 6.48118e+06 925213 ZonesAtSurface
3024.44 974.972 165.588 3 0 1 5 1.40051e+06 40.9843 80329.5 1.59832 8.30964e+06 1.40051e+06 ZonesAtSurface
3074.43 974.976 205.548 0 0 1 5 867891 33.8721 75565.2 1.21825 7.87001e+06 867891 ZonesAtSurface
3124.4 974.985 345.473 2 7 2 3 902040 44.6599 144493 1.27909 3.17781e+06 902040 ZonesAtSurface
3174.43 974.99 335.462 6 0 2 4 828742 36.1052 85580.1 1.10223 3.94753e+06 828742 ZonesAtSurface
3224.47 974.987 275.453 1 0 1 6 676898 23.5965 53504.6 1.08724 4.47634e+06 676898 ZonesAtSurface
3274.48 974.987 315.42 6 0 1 6 855998 22.0381 77557.4 1.09329 4.30713e+06 855998 ZonesAtSurface
3324.53 974.987 305.403 0 0 1 7 774574 40.1105 141611 1.4651 7.33274e+06 774574 ZonesAtSurface
3374.51 974.984 445.302 2 0 1 5 764877 34.9071 117718 1.10789 5.04978e+06 764877 ZonesAtSurface
3424.56 974.991 535.204 5 1 2 4 1.05043e+06 39.6242 52568.1 1.08051 4.25931e+06 1.05043e+06 ZonesAtSurface
3474.63 974.994 575.144 7 8 2 4 1.21485e+06 18.0501 145513 1.35488 2.4244e+06 1.21485e+06 ZonesAtSurface
3524.68 974.994 565.115 5 5 2 5 1.22639e+06 38.3853 70310.8 1.18367 4.23194e+06 1.22639e+06 ZonesAtSurface
3574.76 974.991 505.163 0 0 1 7 1.49478e+06 35.2567 73025.7 1.31289 7.87213e+06 1.49478e+06 ZonesAtSurface
3624.83 974.989 495.158 0 0 1 8 585191 18.8449 104301 1.07962 3.35228e+06 585191 ZonesAtSurface
3674.91 974.989 585.074 5 0 2 7 794408 18.4924 83977.6 1.04248 2.10016e+06 794408 ZonesAtSurface
3724.98 974.987 525.105 1 0 1 9 750812 35.5275 121545 1.01424 5.74961e+06 750812 ZonesAtSurface
3775.05 974.985 525.107 2 0 1 9 1.06758e+06 29.1894 52089.9 1.00813 6.21267e+06 1.06758e+06 ZonesAtSurface
3825.13 974.985 535.095 3 0 1 8 785107 37.2854 116759 1.0524 5.25229e+06 785107 ZonesAtSurface
3875.21 974.989 545.088 8 0 1 7 641575 18.1464 85504 1.15986 2.7809e+06 641575 ZonesAtSurface
3925.3 974.988 555.077 6 0 1 6 1.36733e+06 38.693 131110 1.22133 6.32867e+06 1.36733e+06 ZonesAtSurface
3975.36 974.985 615.038 7 0 1 4 1.22507e+06 42.6136 65176.3 1.25981 5.52131e+06 1.22507e+06 ZonesAtSurface
4025.43 974.982 575.104 5 0 1 4 650835 17.0139 66999.1 1.1121 2.2261e+06 650835 ZonesAtSurface
4075.5 974.966 585.126 10 3 2 3 100000 5 10000 0.666523 329025 100000 ZonesAtSurface
4125.54 974.978 445.267 8 0 1 5 1.01493e+06 18.7997 116044 1.03673 3.85566e+06 1.01493e+06 ZonesAtSurface
4175.57 974.976 405.321 6 0 1 5 977922 43.5257 108338 1.05133 6.43811e+06 977922 ZonesAtSurface
4225.59 974.986 315.386 5 0 1 6 997391 24.6648 71752.4 1.04856 5.73431e+06 997391 ZonesAtSurface
4275.59 974.989 225.436 0 0 1 7 535412 41.7098 58551.8 2.28798 6.93843e+06 535412 ZonesAtSurface
4325.61 974.989 235.467 5 0 1 6 1.02102e+06 21.7442 86921.9 1.14024 4.70156e+06 1.02102e+06 ZonesAtSurface
4375.59 974.989 145.5 0 0 1 7 1.41988e+06 29.0686 90116.9 1.4448 7.39172e+06 1.41988e+06 ZonesAtSurface
4425.59 974.989 105.531 4 0 1 7 624454 36.3658 139729 1.0907 8.20218e+06 624454 ZonesAtSurface
4475.57 974.989 65.5576 1 0 1 7 1.44847e+06 35.9658 90927.3 1.44842 8.54312e+06 1.44847e+06 ZonesAtSurface
4525.53 974.988 25.5741 6 0 1 7 908017 28.8847 68692.4 1.02242 6.71319e+06 908017 ZonesAtSurface
4575.49 974.984 -14.4087 16 0 1 7 799996 16.0287 81909.5 1.02364 6.87625e+06 799996 ZonesAtSurface
4625.47 974.987 -4.36855 23 0 1 6 1.37835e+06 17.5854 64174.5 1.03743 5.24486e+06 1.37835e+06 ZonesAtSurface
4675.41 974.984 -44.3774 7 0 1 6 1.17224e+06 18.9688 117400 1.00929 7.20744e+06 1.17224e+06 ZonesAtSurface
4725.37 974.988 -34.3444 37 0 1 5 776149 27.4804 61120.2 1.02671 6.33437e+06 776149 ZonesAtSurface
4775.28 974.987 -24.2865 49 5 1 4 1.4525e+06 28.7863 76615.9 1.05834 5.60981e+06 1.4525e+06 ZonesAtSurface
4825.2 974.98 -14.2738 54 0 1 3 612134 39.0837 81635.6 1.68502 3.97028e+06 612134 ZonesAtSurface
4875.13 974.98 -4.28836 44 1 1 2 1.31359e+06 20.9137 64795.6 1.99756 2.67596e+06 1.31359e+06 ZonesAtSurface
4925.06 974.978 5.71458 66 0 1 1 719260 23.1277 65920.9 1.45039 2.76508e+06 719260 ZonesAtSurface
74.9652 1024.98 -15.7091 101 10 1 1 100000 5 10000 1.11006 283609 100000 ZonesAtSurface
124.808 1024.99 -40.7265 90 0 1 2 100000 5 10000 1.05986 387095 100000 ZonesAtSurface
174.683 1025 -15.6828 68 70 1 2 1.15169e+06 35.7509 118861 3.90014 1.58673e+06 1.15169e+06 ZonesAtSurface
224.627 1025 -40.7443 79 0 1 3 1.44366e+06 24.0189 103228 1.32668 4.35924e+06 1.44366e+06 ZonesAtSurface
274.562 1025 -15.7436 58 43 1 3 1.45885e+06 25.2746 139785 1.96881 2.56433e+06 1.45885e+06 ZonesAtSurface
324.532 1025 -40.7947 33 0 1 4 866949 35.4035 102817 1.27765 5.48104e+06 866949 ZonesAtSurface
374.5 1024.99 -15.7995 49 11 1 4 1.39882e+06 33.1436 92993.6 1.84272 3.28109e+06 1.39882e+06 ZonesAtSurface
424.477 1024.99 -40.8442 34 0 1 5 1.14435e+06 31.9946 81972.7 1.29182 6.0116e+06 1.14435e+06 ZonesAtSurface
474.457 1024.99 -15.8387 27 6 1 5 1.49554e+06 33.5128 75670.4 1.7245 3.94756e+06 1.49554e+06 ZonesAtSurface
524.437 1024.99 -40.8783 24 0 1 6 1.25619e+06 21.8335 60223.8 1.02699 6.44872e+06 1.25619e+06 ZonesAtSurface
574.405 1025 -15.8858 18 0 1 6 1.47904e+06 35.6603 102263 1.02844 5.6834e+06 1.47904e+06 ZonesAtSurface
624.408 1024.99 -40.9285 0 0 1 7 1.18737e+06 34.3552 93187.5 1.74938 7.54565e+06 1.18737e+06 ZonesAtSurface
674.383 1024.99 -15.9441 13 0 1 7 813318 15.9047 91136.9 1.0626 6.71333e+06 813318 ZonesAtSurface
724.318 1024.99 59.0413 2 0 1 6 100000 5 10000 1.06796 1.35711e+06 100000 ZonesAtSurface
774.293 1025 134.03 0 0 1 5 1.17015e+06 29.8937 142174 1.79703 4.02927e+06 1.17015e+06 ZonesAtSurface
824.294 1025 209.026 0 0 2 4 1.4044e+06 38.831 72999.8 2.7303 3.54315e+06 1.4044e+06 ZonesAtSurface
874.306 1025 234.019 0 0 1 4 1.26595e+06 39.4014 138443 2.07873 3.41623e+06 1.26595e+06 ZonesAtSurface
924.32 1025 209.001 1 0 2 5 687682 20.8668 108119 1.22601 3.17591e+06 687682 ZonesAtSurface
974.334 1025.01 233.994 1 0 2 5 1.27449e+06 17.4629 95693.7 1.84241 2.65474e+06 1.27449e+06 ZonesAtSurface
1024.34 1025 208.974 0 0 1 6 1.15512e+06 42.6088 80917.8 1.96421 4.7535e+06 1.15512e+06 ZonesAtSurface
1074.35 1025 233.956 11 0 1 6 959543 26.885 93855.9 1.07088 3.92222e+06 959543 ZonesAtSurface
1124.37 1025 258.932 3 0 1 6 1.38145e+06 36.6328 131644 1.2888 4.5927e+06 1.38145e+06 ZonesAtSurface
1174.4 1025 233.909 4 0 1 7 1.23043e+06 23.0296 139071 1.30163 5.65994e+06 1.23043e+06 ZonesAtSurface
1224.43 1025 308.876 3 0 1 6 1.14532e+06 35.1375 76424.8 1.09775 5.51168e+06 1.14532e+06 ZonesAtSurface
1274.47 1025.01 383.852 2 3 1 5 1.49187e+06 42.5449 77712.1 1.41431 4.89759e+06 1.49187e+06 ZonesAtSurface
1324.5 1025 308.842 2 0 1 7 1.29188e+06 27.8014 75772.7 1.02201 5.71677e+06 1.29188e+06 ZonesAtSurface
1374.54 1025 333.826 0 0 2 7 801916 20.1038 55759.2 1.01185 3.65689e+06 801916 ZonesAtSurface
1424.58 1025 308.814 0 0 1 8 547459 44.5701 134542 1.54291 6.9263e+06 547459 ZonesAtSurface
1474.61 1025 333.798 4 0 1 8 581942 32.9487 144188 1.01184 5.83534e+06 581942 ZonesAtSurface
1524.65 1025 358.784 0 0 1 8 1.46711e+06 39.6746 141164 1.21679 6.79604e+06 1.46711e+06 ZonesAtSurface
1574.69 1025 383.771 13 0 1 8 1.20521e+06 42.1036 83298.7 1.00772 6.49032e+06 1.20521e+06 ZonesAtSurface
1624.73 1025 408.754 8 0 1 8 721182 33.4131 58209.1 1.09516 5.44446e+06 721182 ZonesAtSurface
1674.8 1025 383.767 3 0 1 9 831420 37.2513 140113 1.15777 7.18876e+06 831420 ZonesAtSurface
1724.88 1025 408.75 10 0 1 9 100000 5 10000 1.1958 1.04232e+06 100000 ZonesAtSurface
1774.97 1024.99 383.775 0 0 1 10 100000 5 10000 1.31565 1.17369e+06 100000 ZonesAtSurface
1825.11 1024.99 458.663 0 0 1 9 1.07337e+06 31.2283 97935.1 1.07051 4.08831e+06 1.07337e+06 ZonesAtSurface
1875.2 1025 483.645 10 0 1 9 849122 19.3306 94443.1 1.0744 2.61843e+06 849122 ZonesAtSurface
1925.31 1025 508.624 1 0 2 9 589724 16.1504 93669.8 1.08512 1.63516e+06 589724 ZonesAtSurface
1975.44 1025 533.589 0 5 2 9 1.00534e+06 15.1027 102976 1.06766 2.39564e+06 1.00534e+06 ZonesAtSurface
2025.57 1025 546.08 4 4 2 8 1.024e+06 18.7632 93172.1 1.16293 2.45655e+06 1.024e+06 ZonesAtSurface
2075.63 1024.99 346.389 2 0 1 10 994862 16.5487 75929.4 1.00611 2.68985e+06 994862 ZonesAtSurface
2125.59 1025 246.505 0 0 1 10 100000 5 10000 0.981762 753352 100000 ZonesAtSurface
2175.51 1025 146.576 3 0 1 10 1.4837e+06 34.0959 74384.1 1.08996 8.22441e+06 1.4837e+06 ZonesAtSurface
2225.42 1024.99 46.6078 2 0 1 10 1.49718e+06 26.0835 144482 1.16459 8.68047e+06 1.49718e+06 ZonesAtSurface
2275.38 1024.99 -3.38244 0 0 1 9 970999 29.0296 136846 1.6631 8.07296e+06 970999 ZonesAtSurface
2325.39 1024.99 -3.36052 34 0 1 7 1.04828e+06 26.4816 132754 1.31471 4.72228e+06 1.04828e+06 ZonesAtSurface
2375.35 1025 -3.32615 49 0 1 5 1.43033e+06 38.6689 79715.9 1.92835 4.73084e+06 1.43033e+06 ZonesAtSurface
2425.32 1025 -3.31303 79 5 1 3 1.34605e+06 27.9972 53443 1.76714 3.43901e+06 1.34605e+06 ZonesAtSurface
2475.28 1025 -3.26896 88 0 1 1 985937 36.0308 54134 1.93736 3.12647e+06 985937 ZonesAtSurface
2525.1 1025 -33.234 62 0 1 1 1.42021e+06 42.7565 126273 1.50111 6.11918e+06 1.42021e+06 ZonesAtSurface
2574.97 1024.99 -43.2336 76 0 1 2 1.46324e+06 31.7726 114584 1.17674 6.18519e+06 1.46324e+06 ZonesAtSurface
2624.82 1024.99 -3.16213 56 0 1 2 100000 5 10000 1.59675 188446 100000 ZonesAtSurface
2674.76 1024.99 -13.1821 56 0 1 3 100000 5 10000 1.71557 250833 100000 ZonesAtSurface
2724.69 1024.99 -23.2683 54 9 1 4 1.40842e+06 25.3605 97515.6 1.16846 3.9246e+06 1.40842e+06 ZonesAtSurface
2774.66 1024.99 -33.312 21 0 1 5 679893 34.221 92148.5 1.07901 7.33391e+06 679893 ZonesAtSurface
2824.58 1025 6.67595 5 0 1 5 732494 30.3568 130799 1.1903 5.71704e+06 732494 ZonesAtSurface
2874.58 1024.98 -3.35087 6 0 1 6 1.23815e+06 31.1236 110291 1.19642 9.4117e+06 1.23815e+06 ZonesAtSurface
2924.44 1024.98 136.636 8 1 1 4 982855 36.0224 129794 1.30428 3.23332e+06 982855 ZonesAtSurface
2974.47 1024.98 126.616 5 0 1 5 1.1986e+06 30.415 123555 1.03201 6.7857e+06 1.1986e+06 ZonesAtSurface
3024.4 1024.97 216.566 7 0 1 4 100000 5 10000 1.07504 665765 100000 ZonesAtSurface
3074.4 1024.98 356.499 0 9 2 2 1.44088e+06 27.9685 110802 1.68485 2.74871e+06 1.44088e+06 ZonesAtSurface
3124.41 1024.99 346.483 0 0 2 3 1.0375e+06 43.9998 61735.3 1.62351 3.8056e+06 1.0375e+06 ZonesAtSurface
3174.44 1024.99 286.479 0 0 1 5 1.11218e+06 40.1219 102427 1.37063 4.89174e+06 1.11218e+06 ZonesAtSurface
3224.47 1024.99 276.461 4 0 1 6 1.07895e+06 40.5032 135651 1.17803 6.84937e+06 1.07895e+06 ZonesAtSurface
3274.48 1024.99 316.428 6 0 1 6 1.25938e+06 39.5312 136217 1.11423 7.53544e+06 1.25938e+06 ZonesAtSurface
3324.47 1024.98 406.366 2 0 1 5 1.21609e+06 26.0203 82066.4 1.1769 5.21191e+06 1.21609e+06 ZonesAtSurface
3374.51 1024.99 446.305 9 0 1 5 1.38505e+06 17.789 137376 1.0513 4.64781e+06 1.38505e+06 ZonesAtSurface
3424.59 1025 586.186 7 5 2 3 1.2487e+06 16.8612 109016 1.13834 2.90048e+06 1.2487e+06 ZonesAtSurface
3474.62 1025 526.176 11 0 1 5 632982 42.8801 51366.6 1.05273 4.36713e+06 632982 ZonesAtSurface
3524.68 1025 566.127 8 6 1 5 1.32634e+06 18.3988 62341.3 1.22411 2.98577e+06 1.32634e+06 ZonesAtSurface
3574.75 1024.99 556.127 5 0 2 6 945827 39.3062 81114.8 1.00973 3.88753e+06 945827 ZonesAtSurface
3624.83 1024.99 546.129 6 0 1 7 1.29601e+06 21.1098 54782.4 1.00978 3.78538e+06 1.29601e+06 ZonesAtSurface
3674.9 1024.99 536.123 10 0 1 8 840674 29.1872 132111 1.02609 3.47589e+06 840674 ZonesAtSurface
3724.97 1024.99 576.074 4 0 1 8 1.21666e+06 44.394 125396 1.01331 5.33687e+06 1.21666e+06 ZonesAtSurface
3775.04 1024.97 675.971 0 6 1 6 1.18203e+06 41.6612 78978.7 1.44842 3.50679e+06 1.18203e+06 ZonesAtSurface
3825.11 1024.98 586.053 5 0 1 7 566416 42.4524 76491.1 1.09384 3.75095e+06 566416 ZonesAtSurface
3875.23 1024.97 645.942 5 0 2 5 100000 5 10000 0.987569 445792 100000 ZonesAtSurface
3925.3 1024.98 606.012 4 0 1 5 780874 21.7536 141662 1.07546 3.77953e+06 780874 ZonesAtSurface
3975.39 1024.98 616.011 4 0 1 4 100000 5 10000 1.09975 647988 100000 ZonesAtSurface
4025.39 1024.97 676.029 0 2 2 2 1.17195e+06 37.0727 111048 2.23772 2.07958e+06 1.17195e+06 ZonesAtSurface
4075.48 1024.97 636.091 0 9 2 2 740087 33.0746 144202 1.46859 1.84556e+06 740087 ZonesAtSurface
4125.56 1024.98 496.225 1 0 1 4 1.03942e+06 37.7582 117367 1.09793 5.33928e+06 1.03942e+06 ZonesAtSurface
4175.59 1024.97 456.289 6 0 1 4 756476 17.4089 107050 1.04083 2.39873e+06 756476 ZonesAtSurface
4225.59 1024.98 366.372 1 0 1 5 1.25526e+06 24.5698 101702 1.02403 5.30898e+06 1.25526e+06 ZonesAtSurface
4275.61 1024.98 326.422 10 0 1 5 862204 44.1299 93101.2 2.13814 6.5155e+06 862204 ZonesAtSurface
4325.61 1024.98 236.467 0 0 1 6 1.34751e+06 23.9871 104742 1.10401 6.42787e+06 1.34751e+06 ZonesAtSurface
4375.62 1024.99 196.502 10 0 1 6 1.25978e+06 22.1118 50002 1.03205 5.68717e+06 1.25978e+06 ZonesAtSurface
4425.58 1024.99 106.536 6 0 1 7 549132 20.3401 76993.9 1.0027 5.05145e+06 549132 ZonesAtSurface
4475.52 1024.98 16.5532 0 0 1 8 1.18642e+06 23.4778 62610.4 1.63861 7.14269e+06 1.18642e+06 ZonesAtSurface
4525.49 1024.98 -23.4334 0 0 1 8 1.41486e+06 41.2388 64915.4 4.19548 7.66231e+06 1.41486e+06 ZonesAtSurface
4575.49 1024.98 -13.4031 13 0 1 7 747751 19.3505 98973.8 1.02376 7.24056e+06 747751 ZonesAtSurface
4625.47 1024.99 -3.36544 22 0 1 6 772330 42.6367 97221.1 1.09736 4.83984e+06 772330 ZonesAtSurface
4675.41 1024.98 -43.3732 19 0 1 6 1.34116e+06 28.5499 84972.7 1.01022 9.31686e+06 1.34116e+06 ZonesAtSurface
4725.35 1024.99 -33.322 43 0 1 5 872743 21.9671 58566.9 1.16542 4.26381e+06 872743 ZonesAtSurface
4775.28 1024.99 -23.2976 36 11 1 4 1.46343e+06 39.6851 54542.7 1.19392 6.33477e+06 1.46343e+06 ZonesAtSurface
4825.2 1024.98 -13.2717 56 0 1 3 513283 16.0354 148085 1.10896 2.21469e+06 513283 ZonesAtSurface
4875.13 1024.98 -3.28365 49 0 1 2 830198 40.2742 79849.2 4.48595 2.35909e+06 830198 ZonesAtSurface
4925.07 1024.98 6.71598 52 3 1 1 1.41971e+06 23.0141 65424.6 1.57282 3.79705e+06 1.41971e+06 ZonesAtSurface
74.9648 1074.97 -14.6969 101 0 1 1 100000 5 10000 1.27195 220137 100000 ZonesAtSurface
124.807 1074.99 -39.7082 90 0 1 2 719002 30.4364 125938 1.19775 3.88035e+06 719002 ZonesAtSurface
174.691 1075.01 -14.6965 54 64 1 2 1.17323e+06 30.831 52052.5 3.35111 1.54437e+06 1.17323e+06 ZonesAtSurface
224.63 1075 -39.7581 63 0 1 3 1.40978e+06 24.3478 76611.5 1.09922 4.9003e+06 1.40978e+06 ZonesAtSurface
274.576 1075 -14.7536 39 46 1 3 1.44815e+06 33.0408 71849.9 2.29046 2.91479e+06 1.44815e+06 ZonesAtSurface
324.545 1074.99 -39.7965 40 0 1 4 1.30935e+06 24.7939 145805 1.27239 4.8134e+06 1.30935e+06 ZonesAtSurface
374.508 1074.99 -14.799 61 3 1 4 892772 26.9602 116441 1.76109 2.27942e+06 892772 ZonesAtSurface
424.487 1074.99 -39.8314 13 0 1 5 1.30301e+06 38.6569 89329.6 2.0339 5.61997e+06 1.30301e+06 ZonesAtSurface
474.462 1074.99 -14.8217 38 7 1 5 1.26892e+06 30.6746 68554.8 2.13728 2.81399e+06 1.26892e+06 ZonesAtSurface
524.439 1074.99 -39.8731 19 0 1 6 756232 32.2141 111448 1.02095 5.82513e+06 756232 ZonesAtSurface
574.409 1074.98 -14.8765 25 0 1 6 791979 24.5347 94525.5 1.04834 5.11517e+06 791979 ZonesAtSurface
624.41 1074.99 -39.9265 0 0 1 7 671354 44.1651 91382.1 2.42923 8.77606e+06 671354 ZonesAtSurface
674.38 1074.99 -14.9437 0 0 1 7 1.36027e+06 44.2719 69974.7 3.1516 8.68439e+06 1.36027e+06 ZonesAtSurface
724.277 1074.99 110.046 4 0 2 5 901836 16.3504 149121 1.10458 2.54597e+06 901836 ZonesAtSurface
774.28 1075 185.045 0 5 2 4 1.37802e+06 21.4409 74633.1 1.51539 2.6791e+06 1.37802e+06 ZonesAtSurface
824.291 1075 210.039 0 0 1 4 1.34194e+06 29.797 98425.4 2.18924 2.64481e+06 1.34194e+06 ZonesAtSurface
874.303 1075 235.031 6 0 1 4 703677 37.7076 55694.3 1.16668 3.07075e+06 703677 ZonesAtSurface
924.316 1075 210.011 1 0 1 5 1.48764e+06 22.7619 102571 1.66027 4.39364e+06 1.48764e+06 ZonesAtSurface
974.331 1074.99 184.991 6 0 1 6 976498 16.4423 77237.9 1.15991 4.15442e+06 976498 ZonesAtSurface
1024.34 1074.99 209.981 0 0 1 6 1.41199e+06 44.0149 71686.9 1.96924 4.97458e+06 1.41199e+06 ZonesAtSurface
1074.36 1074.99 184.953 0 0 1 7 1.34682e+06 28.6397 139018 2.13225 4.76038e+06 1.34682e+06 ZonesAtSurface
1124.37 1074.99 259.934 9 0 1 6 100000 5 10000 0.977399 685762 100000 ZonesAtSurface
1174.4 1074.99 284.909 0 0 1 6 1.28017e+06 43.518 70590.3 2.10016 4.14311e+06 1.28017e+06 ZonesAtSurface
1224.43 1075 309.886 5 0 1 6 1.09242e+06 40.6095 66251.7 1.09284 4.52153e+06 1.09242e+06 ZonesAtSurface
1274.46 1075 334.867 0 0 2 6 1.46144e+06 29.0869 137520 1.01901 4.86961e+06 1.46144e+06 ZonesAtSurface
1324.5 1075 309.854 5 0 1 7 771734 24.9098 119669 1.02779 4.40013e+06 771734 ZonesAtSurface
1374.53 1075 334.84 10 0 1 7 586646 44.4502 147213 1.01385 4.48006e+06 586646 ZonesAtSurface
1424.57 1075 359.829 10 0 2 7 692077 36.6603 90080.9 1.01976 2.73274e+06 692077 ZonesAtSurface
1474.61 1075 334.814 7 0 1 8 1.42357e+06 30.2681 85057.5 1.00668 5.78564e+06 1.42357e+06 ZonesAtSurface
1524.64 1075 359.802 2 0 1 8 1.37563e+06 33.6046 93276 1.01575 5.2695e+06 1.37563e+06 ZonesAtSurface
1574.68 1075 434.778 8 7 1 7 1.14644e+06 15.9096 54219.6 3.45928 943176 1.14644e+06 ZonesAtSurface
1624.74 1075 359.786 7 0 1 9 952548 19.7457 59405.7 1.02716 4.96223e+06 952548 ZonesAtSurface
1674.8 1075 434.729 5 0 2 8 100000 5 10000 1.78016 295139 100000 ZonesAtSurface
1724.9 1074.99 459.686 8 7 1 8 1.48815e+06 17.7886 67861.7 1.31544 3.10541e+06 1.48815e+06 ZonesAtSurface
1774.99 1074.99 484.646 9 5 2 8 1.15053e+06 23.5319 68421.4 1.25281 2.85577e+06 1.15053e+06 ZonesAtSurface
1825.1 1074.99 409.736 1 0 1 10 529873 32.371 50936 1.05138 6.13559e+06 529873 ZonesAtSurface
1875.22 1074.99 434.722 0 0 1 10 788341 28.7316 56021.1 1.01112 4.19134e+06 788341 ZonesAtSurface
1925.31 1074.99 509.642 10 5 1 9 1.17436e+06 19.3233 55933.3 1.14057 2.9042e+06 1.17436e+06 ZonesAtSurface
1975.44 1074.99 484.679 0 1 2 10 1.36485e+06 17.1605 144045 1.09141 3.31351e+06 1.36485e+06 ZonesAtSurface
2025.56 1074.99 447.242 3 2 1 10 862028 28.0629 58177.7 1.00356 2.77372e+06 862028 ZonesAtSurface
2075.67 1074.99 397.322 2 0 1 9 566087 16.5372 91172.1 1.04226 1.57732e+06 566087 ZonesAtSurface
2125.61 1074.99 247.5 2 0 1 10 713249 33.2433 67631.1 1.05712 4.84546e+06 713249 ZonesAtSurface
2175.52 1074.99 147.575 6 0 1 10 100000 5 10000 1.0301 1.05339e+06 100000 ZonesAtSurface
2225.42 1074.99 47.6086 2 0 1 10 1.30207e+06 29.5012 147170 1.20153 8.38113e+06 1.30207e+06 ZonesAtSurface
2275.39 1074.99 -2.38428 7 0 1 9 963449 35.0519 111448 1.62154 8.65482e+06 963449 ZonesAtSurface
2325.39 1074.99 -2.35811 35 0 1 7 689997 25.2581 52963.9 1.37067 3.51828e+06 689997 ZonesAtSurface
2375.37 1075 -2.32837 57 0 1 5 904432 27.9121 142629 1.97567 2.59166e+06 904432 ZonesAtSurface
2425.33 1075 -2.31788 79 18 1 3 943545 39.6424 118611 2.39606 2.50771e+06 943545 ZonesAtSurface
2475.32 1075 -2.22945 89 0 1 1 100000 5 10000 2.974 98244.4 100000 ZonesAtSurface
2525.08 1074.99 -32.1793 77 0 1 1 100000 5 10000 1.46341 258014 100000 ZonesAtSurface
2574.94 1074.99 -42.2101 73 0 1 2 100000 5 10000 1.08579 627761 100000 ZonesAtSurface
2624.79 1074.99 -2.16225 62 44 1 2 1.25905e+06 33.4817 85093.2 3.09602 1.98537e+06 1.25905e+06 ZonesAtSurface
2674.75 1074.99 -12.201 50 28 1 3 1.15927e+06 44.5026 146423 1.57135 3.77289e+06 1.15927e+06 ZonesAtSurface
2724.7 1074.99 -22.2614 52 6 1 4 931574 43.154 77268.3 1.32842 3.5012e+06 931574 ZonesAtSurface
2774.67 1074.99 -32.2945 19 0 1 5 726712 43.5527 147327 1.2367 9.4609e+06 726712 ZonesAtSurface
2824.65 1074.98 -42.333 9 0 1 6 1.31123e+06 31.2461 140599 1.14325 1.15898e+07 1.31123e+06 ZonesAtSurface
2874.58 1074.98 -2.3462 9 0 1 6 1.44067e+06 29.4443 127296 1.20012 9.59312e+06 1.44067e+06 ZonesAtSurface
2924.49 1074.98 87.6375 5 0 1 5 1.35656e+06 43.5141 145555 1.43152 6.92728e+06 1.35656e+06 ZonesAtSurface
2974.36 1074.98 277.567 9 7 2 2 762192 16.3343 100247 2.11513 948071 762192 ZonesAtSurface
3024.39 1074.98 267.539 3 0 2 3 1.02866e+06 34.157 95987.6 1.16279 3.64101e+06 1.02866e+06 ZonesAtSurface
3074.4 1074.99 307.521 6 1 1 3 1.30668e+06 28.1881 74075.2 1.10889 4.02094e+06 1.30668e+06 ZonesAtSurface
3124.44 1074.99 247.516 2 0 1 5 556547 15.1602 63241.1 1.162 2.52745e+06 556547 ZonesAtSurface
3174.44 1075 337.481 6 2 2 4 1.12829e+06 15.7246 147461 1.56104 1.93272e+06 1.12829e+06 ZonesAtSurface
3224.48 1074.99 277.466 5 0 1 6 1.38835e+06 28.0889 120740 1.06996 6.51706e+06 1.38835e+06 ZonesAtSurface
3274.49 1074.98 317.433 5 0 1 6 883254 27.6384 67000.8 1.02663 5.53364e+06 883254 ZonesAtSurface
3324.48 1074.98 407.371 10 0 1 5 501364 28.5181 121775 1.07356 3.94703e+06 501364 ZonesAtSurface
3374.54 1074.99 547.246 7 8 2 3 992565 33.1869 80481.1 1.17692 3.03224e+06 992565 ZonesAtSurface
3424.58 1075 537.214 10 4 1 4 855350 20.7062 68971.9 1.27181 1.94827e+06 855350 ZonesAtSurface
3474.64 1075 577.164 3 9 1 4 1.37695e+06 16.4421 112273 2.48723 1.50585e+06 1.37695e+06 ZonesAtSurface
3524.69 1074.99 517.179 3 0 1 6 1.08627e+06 27.6614 50625.3 1.00568 4.16367e+06 1.08627e+06 ZonesAtSurface
3574.77 1074.99 507.181 2 0 1 7 907973 43.5792 71486 1.05029 5.48668e+06 907973 ZonesAtSurface
3624.83 1074.99 497.17 1 0 1 8 1.38159e+06 28.2003 78171.5 1.01275 5.86943e+06 1.38159e+06 ZonesAtSurface
3674.89 1074.99 537.132 3 0 2 8 618357 39.5947 127992 1.0344 3.4203e+06 618357 ZonesAtSurface
3724.97 1074.99 577.081 10 4 1 8 1.38048e+06 41.1377 68237.5 1.07691 5.45828e+06 1.38048e+06 ZonesAtSurface
3775.06 1074.98 676.944 7 0 1 6 100000 5 10000 1.0955 371541 100000 ZonesAtSurface
3825.17 1074.97 736.824 0 8 2 4 1.30085e+06 25.5603 106866 4.73328 856231 1.30085e+06 ZonesAtSurface
3875.26 1074.98 646.922 1 0 2 5 976299 17.4143 132354 1.1148 2.94638e+06 976299 ZonesAtSurface
3925.28 1074.98 706.917 2 4 2 3 952169 27.0166 135441 1.19995 2.45982e+06 952169 ZonesAtSurface
3975.36 1074.98 666.979 0 1 2 3 1.33527e+06 33.372 76617.4 1.69458 2.86891e+06 1.33527e+06 ZonesAtSurface
4025.33 1074.98 727.03 0 6 2 1 1.24526e+06 24.2208 126700 2.90575 1.29244e+06 1.24526e+06 ZonesAtSurface
4075.42 1074.98 687.09 0 6 2 1 895784 24.3233 138337 1.52075 1.72169e+06 895784 ZonesAtSurface
4125.5 1074.97 647.148 9 5 2 1 746733 17.3066 127986 1.19614 1.63962e+06 746733 ZonesAtSurface
4175.61 1074.97 457.27 2 0 1 4 100000 5 10000 1.03453 645401 100000 ZonesAtSurface
4225.69 1074.96 467.277 2 0 2 3 100000 5 10000 1.21019 231947 100000 ZonesAtSurface
4275.61 1074.98 327.421 0 0 1 5 756971 39.7519 142316 1.30653 6.19664e+06 756971 ZonesAtSurface
4325.62 1074.98 287.456 0 0 1 5 1.24257e+06 32.9076 144233 1.18419 5.71866e+06 1.24257e+06 ZonesAtSurface
4375.63 1074.97 247.491 6 0 1 5 537848 17.1851 107457 1.08591 2.1268e+06 537848 ZonesAtSurface
4425.58 1074.98 107.538 0 0 1 7 1.40422e+06 37.8024 118105 1.68753 7.93282e+06 1.40422e+06 ZonesAtSurface
4475.56 1074.98 67.5626 8 0 1 7 1.39941e+06 16.6949 135354 1.00466 6.14932e+06 1.39941e+06 ZonesAtSurface
4525.53 1074.98 27.5817 4 0 1 7 1.0683e+06 32.7332 137343 1.01354 7.43652e+06 1.0683e+06 ZonesAtSurface
4575.49 1074.98 -12.4034 8 0 1 7 513020 40.6291 86614.6 1.43903 1.07229e+07 513020 ZonesAtSurface
4625.48 1074.98 -2.36715 22 0 1 6 1.16665e+06 42.8667 111267 1.09152 4.79904e+06 1.16665e+06 ZonesAtSurface
4675.41 1074.98 -42.369 30 0 1 6 638351 19.7974 135333 1.00743 5.50667e+06 638351 ZonesAtSurface
4725.34 1074.98 -32.3076 47 0 1 5 737081 15.7226 111432 1.13453 2.94102e+06 737081 ZonesAtSurface
4775.29 1074.99 -22.3041 47 7 1 4 1.41798e+06 26.5667 82478.9 1.47508 3.86587e+06 1.41798e+06 ZonesAtSurface
4825.2 1074.98 -12.27 67 11 1 3 1.44538e+06 25.6937 90481.2 1.14282 4.07039e+06 1.44538e+06 ZonesAtSurface
4875.12 1074.98 -2.2701 46 0 1 2 521134 41.4408 83093.2 4.2124 2.37736e+06 521134 ZonesAtSurface
4925.06 1074.98 7.71933 63 0 1 1 1.0421e+06 31.687 89498 1.38151 4.54209e+06 1.0421e+06 ZonesAtSurface
74.9771 1124.98 -13.7057 101 34 1 1 1.29425e+06 40.2357 85646.7 1.15404 5.36056e+06 1.29425e+06 ZonesAtSurface
124.852 1124.99 -38.6581 68 0 1 2 100000 5 10000 1.13283 364879 100000 ZonesAtSurface
174.732 1125 -13.6679 90 11 1 2 100000 5 10000 1.94216 126559 100000 ZonesAtSurface
224.631 1125.01 -38.7712 60 0 1 3 569280 42.788 100143 1.48397 3.75552e+06 569280 ZonesAtSurface
274.58 1125.01 -13.7608 70 47 1 3 1.17201e+06 20.1813 52444.1 2.50695 1.69658e+06 1.17201e+06 ZonesAtSurface
324.549 1124.99 -38.7997 39 0 1 4 964307 25.4504 103211 1.26155 4.0384e+06 964307 ZonesAtSurface
374.508 1124.99 -13.8007 52 15 1 4 1.35226e+06 23.3646 100274 2.00499 2.48842e+06 1.35226e+06 ZonesAtSurface
424.491 1124.99 -38.8228 17 0 1 5 1.2107e+06 42.5614 56070.5 1.77843 6.30959e+06 1.2107e+06 ZonesAtSurface
474.456 1124.98 -13.8194 52 0 1 5 904397 16.6555 106568 1.5612 2.14564e+06 904397 ZonesAtSurface
524.436 1124.98 -38.8833 17 0 1 6 1.08236e+06 22.941 101921 1.02353 6.38781e+06 1.08236e+06 ZonesAtSurface
574.403 1124.97 -13.8883 12 0 1 6 1.48739e+06 26.5234 118262 1.07455 5.70972e+06 1.48739e+06 ZonesAtSurface
624.356 1124.97 11.0894 9 0 1 6 100000 5 10000 1.14211 1.29261e+06 100000 ZonesAtSurface
674.275 1124.98 86.0607 3 3 1 5 1.26787e+06 44.8344 52882.5 2.71188 3.94771e+06 1.26787e+06 ZonesAtSurface
724.282 1124.99 111.054 0 0 1 5 666906 42.9738 86412.2 2.62252 3.44141e+06 666906 ZonesAtSurface
774.281 1125 186.053 6 0 1 4 889585 39.4381 147949 2.80861 2.21205e+06 889585 ZonesAtSurface
824.293 1124.99 161.034 0 0 1 5 1.31164e+06 26.0282 104870 1.82109 3.84075e+06 1.31164e+06 ZonesAtSurface
874.294 1124.99 236.034 0 9 1 4 1.13323e+06 39.5336 53144 2.33095 3.21354e+06 1.13323e+06 ZonesAtSurface
924.307 1124.99 211.012 10 0 2 5 578156 20.557 143334 1.02943 3.16073e+06 578156 ZonesAtSurface
974.324 1124.99 185.99 2 0 1 6 854588 20.6502 67587 1.19305 3.99224e+06 854588 ZonesAtSurface
1024.33 1124.99 210.976 0 0 1 6 1.083e+06 41.3421 127458 2.22287 4.74775e+06 1.083e+06 ZonesAtSurface
1074.36 1124.99 185.954 0 0 1 7 733308 32.6782 94536.5 2.09874 5.04557e+06 733308 ZonesAtSurface
1124.37 1124.99 260.931 10 0 1 6 882056 34.0621 77075.5 1.12182 4.54075e+06 882056 ZonesAtSurface
1174.4 1124.99 285.911 0 0 2 6 1.3643e+06 26.9192 125240 1.14318 4.04646e+06 1.3643e+06 ZonesAtSurface
1224.43 1125 310.894 4 1 1 6 1.32067e+06 27.085 85420.4 1.09429 3.84662e+06 1.32067e+06 ZonesAtSurface
1274.46 1125 335.879 6 3 1 6 1.02472e+06 42.8971 145018 1.08195 3.81561e+06 1.02472e+06 ZonesAtSurface
1324.49 1125 310.863 0 0 2 7 1.03562e+06 41.0799 66051.6 1.17204 4.83784e+06 1.03562e+06 ZonesAtSurface
1374.52 1125 335.851 4 0 2 7 1.0309e+06 24.4485 139268 1.00892 3.38575e+06 1.0309e+06 ZonesAtSurface
1424.56 1125 310.839 2 0 1 8 898751 36.445 134824 1.04213 6.18273e+06 898751 ZonesAtSurface
1474.6 1125 335.827 8 0 1 8 726604 17.2371 84920 1.01685 3.30065e+06 726604 ZonesAtSurface
1524.64 1125 360.816 7 0 1 8 1.23676e+06 30.7638 61250.9 1.05527 5.67351e+06 1.23676e+06 ZonesAtSurface
1574.69 1125 335.811 6 0 1 9 637130 27.1796 135993 1.01218 4.95275e+06 637130 ZonesAtSurface
1624.74 1125 360.793 0 0 1 9 1.30462e+06 25.6812 122305 1.07291 5.726e+06 1.30462e+06 ZonesAtSurface
1674.82 1125 435.726 9 0 2 8 768539 36.2236 112231 1.19651 2.55578e+06 768539 ZonesAtSurface
1724.9 1124.99 460.691 9 0 2 8 691959 26.8868 107453 1.08202 2.21493e+06 691959 ZonesAtSurface
1774.98 1124.99 485.662 7 4 2 8 965333 21.7848 135069 1.26997 2.14908e+06 965333 ZonesAtSurface
1825.08 1124.99 460.676 2 0 2 9 1.15046e+06 29.4111 63057.3 1.00898 3.8223e+06 1.15046e+06 ZonesAtSurface
1875.18 1124.99 485.662 4 0 2 9 911772 17.4567 62240.1 1.01162 2.58888e+06 911772 ZonesAtSurface
1925.3 1124.99 510.648 10 1 2 9 828146 44.9023 108419 1.0935 3.22897e+06 828146 ZonesAtSurface
1975.43 1125 535.613 0 10 2 9 723341 27.803 101395 1.32992 1.68221e+06 723341 ZonesAtSurface
2025.56 1125 498.171 0 6 2 9 1.42001e+06 38.0502 147508 1.24769 4.48392e+06 1.42001e+06 ZonesAtSurface
2075.67 1124.99 448.261 5 5 2 8 1.4976e+06 25.3962 85271.3 1.07871 4.40076e+06 1.4976e+06 ZonesAtSurface
2125.73 1124.99 348.404 2 0 1 8 734465 26.9376 146314 1.02268 2.22583e+06 734465 ZonesAtSurface
2175.53 1124.99 148.576 2 0 1 10 100000 5 10000 1.02108 1.19402e+06 100000 ZonesAtSurface
2225.43 1124.99 48.6083 3 0 1 10 1.30421e+06 29.5137 69406.6 1.17129 8.44305e+06 1.30421e+06 ZonesAtSurface
2275.39 1124.99 -1.38512 6 0 1 9 1.0095e+06 39.2298 145382 1.7124 9.10439e+06 1.0095e+06 ZonesAtSurface
2325.4 1124.99 -1.35473 35 0 1 7 936780 25.0357 92227 1.44991 2.56222e+06 936780 ZonesAtSurface
2375.4 1125 -1.33038 57 0 1 5 100000 5 10000 1.87392 167877 100000 ZonesAtSurface
2425.35 1125 -1.30948 79 0 1 3 100000 5 10000 1.30128 288880 100000 ZonesAtSurface
2475.32 1124.98 -1.17149 90 2 1 1 100000 5 10000 1.44423 246285 100000 ZonesAtSurface
2525.06 1124.97 -31.1395 78 0 1 1 100000 5 10000 1.1514 282724 100000 ZonesAtSurface
2574.92 1124.99 -41.1879 78 0 1 2 830846 20.1753 81590.2 1.50477 3.04177e+06 830846 ZonesAtSurface
2624.78 1125 -1.16682 73 38 1 2 698164 19.9898 139731 1.82077 1.10837e+06 698164 ZonesAtSurface
2674.74 1124.99 -11.2269 54 19 1 3 1.18853e+06 35.8794 111109 1.61162 3.16186e+06 1.18853e+06 ZonesAtSurface
2724.72 1124.98 -21.2554 54 1 1 4 1.16093e+06 25.7398 92142.6 1.54749 2.74662e+06 1.16093e+06 ZonesAtSurface
2774.69 1124.98 -31.2844 24 0 1 5 1.41119e+06 26.085 74626.3 1.16482 5.73169e+06 1.41119e+06 ZonesAtSurface
2824.65 1124.98 -41.3296 8 0 1 6 739468 30.3412 96707.3 1.0876 1.1272e+07 739468 ZonesAtSurface
2874.59 1124.98 -1.34464 3 0 1 6 743217 44.6065 55844 1.3184 9.73648e+06 743217 ZonesAtSurface
2924.38 1124.97 188.616 7 0 2 3 100000 5 10000 0.857605 257524 100000 ZonesAtSurface
2974.38 1124.98 228.583 1 0 2 3 523390 26.1712 101803 1.11196 2.16902e+06 523390 ZonesAtSurface
3024.39 1124.99 318.537 0 7 2 2 1.25091e+06 27.5948 88191 1.58529 2.56633e+06 1.25091e+06 ZonesAtSurface
3074.41 1124.99 308.534 0 5 2 3 1.43045e+06 33.3995 122960 1.47249 3.44066e+06 1.43045e+06 ZonesAtSurface
3124.45 1124.99 248.529 7 0 1 5 1.23062e+06 34.6046 138910 1.24662 5.64567e+06 1.23062e+06 ZonesAtSurface
3174.47 1124.99 238.503 0 0 1 6 1.4808e+06 42.5589 92051.8 2.72753 6.39641e+06 1.4808e+06 ZonesAtSurface
3224.48 1124.98 278.471 4 0 1 6 1.41343e+06 24.0716 83920.8 1.01726 6.43231e+06 1.41343e+06 ZonesAtSurface
3274.49 1124.98 318.436 3 0 1 6 1.48172e+06 23.1129 148679 1.03045 5.89367e+06 1.48172e+06 ZonesAtSurface
3324.48 1124.99 458.336 5 0 2 4 711545 38.4886 56776.3 1.14862 3.78902e+06 711545 ZonesAtSurface
3374.53 1124.99 448.31 0 0 1 5 1.08153e+06 35.4219 93966.5 1.14138 5.62449e+06 1.08153e+06 ZonesAtSurface
3424.58 1124.99 438.288 3 0 1 6 642638 32.9689 66516.6 1.02538 4.94513e+06 642638 ZonesAtSurface
3474.64 1125 478.234 8 0 1 6 552379 20.8098 137079 1.0636 2.8207e+06 552379 ZonesAtSurface
3524.69 1125 518.188 0 0 2 6 1.00713e+06 35.4183 125246 1.01268 4.52655e+06 1.00713e+06 ZonesAtSurface
3574.75 1125 558.149 8 7 2 6 873732 17.01 71346 1.6113 1.44746e+06 873732 ZonesAtSurface
3624.82 1124.99 548.152 9 4 1 7 1.10609e+06 40.6864 112781 1.35286 3.36367e+06 1.10609e+06 ZonesAtSurface
3674.89 1124.99 488.176 1 0 1 9 556999 44.398 105483 1.01154 8.63882e+06 556999 ZonesAtSurface
3724.96 1124.99 578.089 7 0 1 8 787789 31.359 105631 1.09695 3.43283e+06 787789 ZonesAtSurface
3775.09 1124.98 677.911 2 1 2 6 1.04335e+06 31.1905 108744 1.06593 3.4325e+06 1.04335e+06 ZonesAtSurface
3825.17 1124.98 737.828 5 0 2 4 575335 30.3412 77783.2 1.70994 1.32901e+06 575335 ZonesAtSurface
3875.25 1124.98 697.878 0 2 2 4 1.11973e+06 21.79 53394 1.40106 2.37837e+06 1.11973e+06 ZonesAtSurface
3925.27 1124.98 707.92 0 1 2 3 1.20163e+06 42.2045 52785.6 2.34283 2.36773e+06 1.20163e+06 ZonesAtSurface
3975.3 1124.98 717.977 0 0 2 2 981521 32.8194 149746 1.82927 1.84674e+06 981521 ZonesAtSurface
4025.26 1124.98 778.032 0 9 0 0 514682 41.0244 56364.8 3.31066 661212 514682 ZonesAtSurface
4075.35 1124.98 738.09 0 10 0 0 775502 26.1164 68856.9 2.45482 1.03343e+06 775502 ZonesAtSurface
4125.5 1124.98 648.153 0 8 2 1 1.3481e+06 36.5864 141702 2.77568 2.08349e+06 1.3481e+06 ZonesAtSurface
4175.61 1124.98 558.214 6 3 2 2 1.08825e+06 18.2156 142686 1.14317 2.76349e+06 1.08825e+06 ZonesAtSurface
4225.69 1124.97 468.275 5 0 2 3 995787 20.8027 125194 1.19739 2.83338e+06 995787 ZonesAtSurface
4275.73 1124.96 428.326 2 0 2 3 520375 24.5192 72409.2 1.15443 2.22493e+06 520375 ZonesAtSurface
4325.69 1124.97 338.409 7 0 1 4 100000 5 10000 1.01326 374368 100000 ZonesAtSurface
4375.63 1124.98 248.49 1 0 1 5 782975 33.5097 103861 1.03585 4.66918e+06 782975 ZonesAtSurface
4425.6 1124.98 158.533 0 0 1 6 1.43365e+06 40.9797 108307 1.57206 7.39104e+06 1.43365e+06 ZonesAtSurface
4475.59 1124.98 118.559 5 0 1 6 1.14588e+06 28.2896 147017 1.0591 6.37396e+06 1.14588e+06 ZonesAtSurface
4525.53 1124.98 28.5787 5 0 1 7 1.2218e+06 26.6943 93027.9 1.06206 8.07636e+06 1.2218e+06 ZonesAtSurface
4575.48 1124.98 -11.4075 9 0 1 7 873444 23.5476 126845 1.03858 8.62663e+06 873444 ZonesAtSurface
4625.48 1124.98 -1.37621 23 0 1 6 632707 27.6464 59993.3 1.0494 5.09722e+06 632707 ZonesAtSurface
4675.41 1124.98 -41.3702 22 0 1 6 1.31459e+06 25.7583 83343.4 1.03106 8.23905e+06 1.31459e+06 ZonesAtSurface
4725.34 1124.98 -31.3176 29 0 1 5 1.06088e+06 42.3876 149106 1.12685 5.74644e+06 1.06088e+06 ZonesAtSurface
4775.3 1124.98 -21.3129 36 0 1 4 1.27226e+06 41.0076 95044.9 1.82334 5.1831e+06 1.27226e+06 ZonesAtSurface
4825.21 1124.98 -11.2762 56 2 1 3 836260 16.9156 92483 1.06389 2.16144e+06 836260 ZonesAtSurface
4875.13 1124.98 -1.26329 52 0 1 2 1.19131e+06 33.8354 132724 4.65723 1.91263e+06 1.19131e+06 ZonesAtSurface
4925.07 1124.98 8.73472 67 0 1 1 612753 44.8156 145473 1.31293 2.66198e+06 612753 ZonesAtSurface
74.9868 1174.98 -12.7197 79 23 1 1 583505 21.0071 58217 1.3582 1.3962e+06 583505 ZonesAtSurface
124.9 1174.98 -37.6329 77 0 1 2 100000 5 10000 1.35663 383391 100000 ZonesAtSurface
174.784 1174.98 -12.6091 89 0 1 2 100000 5 10000 2.41689 119680 100000 ZonesAtSurface
224.647 1175 -37.7413 79 0 1 3 100000 5 10000 1.31257 284557 100000 ZonesAtSurface
274.587 1175 -12.7466 79 0 1 3 100000 5 10000 2.53028 120397 100000 ZonesAtSurface
324.546 1174.99 -37.8039 49 0 1 4 925904 42.2135 102161 1.17981 4.92308e+06 925904 ZonesAtSurface
374.504 1174.99 -12.8029 53 0 1 4 779056 31.1281 121423 1.96922 2.07296e+06 779056 ZonesAtSurface
424.488 1174.99 -37.8247 33 0 1 5 1.12734e+06 39.0955 90644.3 1.26399 7.10996e+06 1.12734e+06 ZonesAtSurface
474.444 1174.98 -12.8287 28 0 1 5 936746 16.9344 74467.2 1.1482 2.32905e+06 936746 ZonesAtSurface
524.43 1174.98 -37.8946 0 0 1 6 1.22566e+06 43.3909 103946 1.64244 9.55659e+06 1.22566e+06 ZonesAtSurface
574.389 1174.97 -12.905 6 0 1 6 1.16572e+06 25.1375 121317 1.01158 7.61396e+06 1.16572e+06 ZonesAtSurface
624.351 1174.98 12.0793 2 0 1 6 100000 5 10000 1.10065 1.01567e+06 100000 ZonesAtSurface
674.291 1174.99 87.0709 5 0 1 5 728553 17.2342 117583 1.14629 2.64602e+06 728553 ZonesAtSurface
724.289 1174.99 112.063 1 0 1 5 1.10654e+06 43.4591 122766 2.19323 4.36361e+06 1.10654e+06 ZonesAtSurface
774.285 1175 137.049 9 0 1 5 1.35648e+06 29.1429 125319 1.75632 4.62042e+06 1.35648e+06 ZonesAtSurface
824.285 1174.99 162.034 0 0 1 5 1.21513e+06 33.3363 85983.3 1.84322 4.34976e+06 1.21513e+06 ZonesAtSurface
874.289 1174.99 187.02 0 0 1 5 573909 38.9579 118741 1.38937 4.49545e+06 573909 ZonesAtSurface
924.296 1174.98 212.004 3 0 1 5 1.19775e+06 38.9174 148939 1.73062 4.76077e+06 1.19775e+06 ZonesAtSurface
974.307 1174.98 286.986 4 6 1 4 1.28133e+06 29.2224 106094 1.60121 2.83747e+06 1.28133e+06 ZonesAtSurface
1024.32 1174.98 261.966 0 6 2 5 1.45962e+06 42.2775 57275.5 1.99866 4.01556e+06 1.45962e+06 ZonesAtSurface
1074.34 1174.98 286.946 0 5 1 5 1.3081e+06 41.8628 119447 1.5158 3.64103e+06 1.3081e+06 ZonesAtSurface
1124.37 1174.98 311.927 7 0 1 5 687438 33.8343 78524.8 1.10185 2.32228e+06 687438 ZonesAtSurface
1174.39 1174.99 286.91 0 0 2 6 1.29803e+06 33.3464 60534.7 1.47497 4.16332e+06 1.29803e+06 ZonesAtSurface
1224.42 1174.99 311.898 10 0 1 6 622110 30.1008 82708.9 1.0238 3.02467e+06 622110 ZonesAtSurface
1274.45 1175 286.884 0 0 1 7 883795 34.9495 53688.7 1.25414 4.98867e+06 883795 ZonesAtSurface
1324.49 1175 311.871 2 0 2 7 1.26829e+06 15.4168 97085 1.03604 3.79697e+06 1.26829e+06 ZonesAtSurface
1374.52 1175 336.86 1 0 2 7 748217 28.4711 148752 1.01656 3.23666e+06 748217 ZonesAtSurface
1424.56 1175 311.849 8 0 1 8 631952 18.542 57345.2 1.00969 3.75282e+06 631952 ZonesAtSurface
1474.59 1175 336.837 9 0 1 8 1.00069e+06 27.2629 119817 1.05188 4.55997e+06 1.00069e+06 ZonesAtSurface
1524.63 1175 361.821 4 0 1 8 1.07283e+06 23.2973 141945 1.18879 3.47712e+06 1.07283e+06 ZonesAtSurface
1574.69 1175 386.797 5 0 2 8 100000 5 10000 1.42346 582470 100000 ZonesAtSurface
1624.75 1175 311.819 3 0 1 10 712086 29.463 128076 1.06497 7.96096e+06 712086 ZonesAtSurface
1674.82 1174.99 336.79 2 0 1 10 100000 5 10000 1.11503 1.20387e+06 100000 ZonesAtSurface
1724.89 1174.99 411.73 4 0 1 9 518582 42.7915 106778 1.05131 5.27291e+06 518582 ZonesAtSurface
1774.99 1174.99 386.76 1 0 1 10 687553 18.5503 147308 1.01401 4.30812e+06 687553 ZonesAtSurface
1825.06 1174.99 461.694 4 0 2 9 633539 16.3149 134003 1.02184 2.1803e+06 633539 ZonesAtSurface
1875.17 1174.99 486.673 8 0 2 9 930371 44.5356 101601 1.02971 3.89394e+06 930371 ZonesAtSurface
1925.3 1174.99 461.723 2 0 1 10 1.16222e+06 42.5303 88904.3 1.01226 5.58383e+06 1.16222e+06 ZonesAtSurface
1975.42 1175 486.694 1 1 2 10 923407 25.193 66981.6 1.05263 2.75293e+06 923407 ZonesAtSurface
2025.55 1175 499.179 0 4 2 9 750425 18.2784 117233 1.19192 1.67743e+06 750425 ZonesAtSurface
2075.68 1175 499.183 3 9 2 7 1.00076e+06 32.9461 141421 1.11344 3.04314e+06 1.00076e+06 ZonesAtSurface
2125.76 1175 399.337 6 6 1 7 1.2758e+06 19.6454 112134 1.13314 3.12569e+06 1.2758e+06 ZonesAtSurface
2175.52 1174.98 149.579 2 0 1 10 940642 38.0529 106351 1.05098 1.00043e+07 940642 ZonesAtSurface
2225.43 1174.99 49.6077 7 0 1 10 100000 5 10000 0.996587 1.51326e+06 100000 ZonesAtSurface
2275.4 1174.99 -0.384713 11 0 1 9 818424 29.3878 104208 1.3768 8.53548e+06 818424 ZonesAtSurface
2325.41 1174.99 -0.352206 35 0 1 7 100000 5 10000 1.55726 240880 100000 ZonesAtSurface
2375.42 1175.01 -0.326925 57 1 1 5 100000 5 10000 1.20532 189822 100000 ZonesAtSurface
2425.35 1175 -0.284479 79 38 1 3 1.35373e+06 18.409 127982 1.91558 2.1568e+06 1.35373e+06 ZonesAtSurface
2475.27 1174.99 -0.175992 90 1 1 1 705971 41.2277 141595 2.77723 1.98105e+06 705971 ZonesAtSurface
2525.05 1174.99 -30.1632 79 0 1 1 1.4681e+06 24.7832 147320 1.10776 4.99877e+06 1.4681e+06 ZonesAtSurface
2574.92 1175 -40.1845 70 0 1 2 796533 26.3552 145585 1.90672 2.93845e+06 796533 ZonesAtSurface
2624.79 1175 -0.171055 81 40 1 2 1.03538e+06 19.2571 66901 2.76561 1.26803e+06 1.03538e+06 ZonesAtSurface
2674.75 1174.99 -10.2395 57 0 1 3 556391 23.5714 136216 2.06028 1.46261e+06 556391 ZonesAtSurface
2724.73 1174.98 -20.2559 26 1 1 4 1.46683e+06 44.9433 92901.6 1.69371 5.2781e+06 1.46683e+06 ZonesAtSurface
2774.69 1174.97 -30.2914 11 0 1 5 872690 44.2782 83862.3 1.08261 8.5336e+06 872690 ZonesAtSurface
2824.66 1174.97 -40.3316 1 0 1 6 1.48552e+06 39.2397 93385.8 1.87104 1.23129e+07 1.48552e+06 ZonesAtSurface
2874.46 1174.97 99.6491 7 6 2 4 690405 30.7988 70301.7 1.50382 1.70035e+06 690405 ZonesAtSurface
2924.36 1174.98 239.595 0 9 2 2 705799 34.4047 50933.6 1.85639 1.48886e+06 705799 ZonesAtSurface
2974.38 1174.99 279.571 6 8 2 2 839158 29.563 93825.7 1.24259 2.23968e+06 839158 ZonesAtSurface
3024.4 1174.99 319.546 0 0 2 2 1.16683e+06 20.3593 80896.3 1.17526 2.99903e+06 1.16683e+06 ZonesAtSurface
3074.41 1175 309.543 6 2 1 3 618607 26.5751 149169 1.56552 1.16032e+06 618607 ZonesAtSurface
3124.44 1174.99 299.544 7 8 1 4 784158 36.9722 120968 3.3027 997553 784158 ZonesAtSurface
3174.47 1174.98 239.512 1 0 1 6 986599 37.251 124667 1.17593 6.99574e+06 986599 ZonesAtSurface
3224.45 1174.98 329.465 7 0 1 5 519620 34.6004 55046.1 1.09802 3.81968e+06 519620 ZonesAtSurface
3274.47 1174.98 369.424 5 0 1 5 1.45129e+06 37.6022 53040.5 1.43591 6.03999e+06 1.45129e+06 ZonesAtSurface
3324.5 1175 509.312 8 10 2 3 943849 16.4431 120176 1.49247 1.68614e+06 943849 ZonesAtSurface
3374.54 1174.99 449.32 0 0 1 5 1.25298e+06 38.7162 118749 1.82873 4.75149e+06 1.25298e+06 ZonesAtSurface
3424.59 1174.99 439.303 21 0 1 6 755268 21.6465 79264 1.0968 3.73438e+06 755268 ZonesAtSurface
3474.65 1174.99 429.284 7 0 1 7 1.37439e+06 34.8608 58120 1.1286 7.71244e+06 1.37439e+06 ZonesAtSurface
3524.7 1174.99 469.235 5 0 1 7 868087 22.9524 132636 1.01593 4.25878e+06 868087 ZonesAtSurface
3574.77 1174.99 459.224 4 0 1 8 1.03713e+06 37.4135 91883.2 1.0216 7.07381e+06 1.03713e+06 ZonesAtSurface
3624.83 1174.99 449.216 2 0 1 9 1.0796e+06 27.8447 71548.5 1.01099 6.17789e+06 1.0796e+06 ZonesAtSurface
3674.89 1174.99 489.183 3 0 1 9 936535 37.9788 72155.1 1.01087 7.6828e+06 936535 ZonesAtSurface
3724.99 1174.98 678.92 10 9 1 6 1.40662e+06 16.7937 69545.9 1.73753 2.20823e+06 1.40662e+06 ZonesAtSurface
3775.09 1174.98 728.831 4 5 2 5 1.1698e+06 23.0381 121821 1.22544 2.81739e+06 1.1698e+06 ZonesAtSurface
3825.18 1174.98 688.872 0 0 2 5 1.04628e+06 23.8439 127988 1.13547 3.12334e+06 1.04628e+06 ZonesAtSurface
3875.2 1174.98 748.867 0 0 2 3 1.31673e+06 20.5216 121304 2.0365 1.93389e+06 1.31673e+06 ZonesAtSurface
3925.21 1174.98 758.921 0 0 2 2 1.18643e+06 23.976 85527.8 3.03037 1.31383e+06 1.18643e+06 ZonesAtSurface
3975.23 1174.98 768.98 0 0 2 1 1.05332e+06 39.1041 113759 5.77036 842485 1.05332e+06 ZonesAtSurface
4025.25 1174.98 779.038 0 0 0 0 1.30449e+06 35.3346 95464.3 7.82874 654971 1.30449e+06 ZonesAtSurface
4075.35 1174.98 739.096 0 1 0 0 697366 15.6128 141255 1.76386 1.03932e+06 697366 ZonesAtSurface
4125.53 1174.98 599.169 1 0 1 2 1.28949e+06 25.7598 85882.6 1.40686 3.44222e+06 1.28949e+06 ZonesAtSurface
4175.62 1174.98 509.234 0 0 1 3 508820 30.1792 109490 1.01474 2.61905e+06 508820 ZonesAtSurface
4225.61 1174.98 569.27 1 7 2 1 1.2493e+06 18.2633 52694.9 1.82995 1.91385e+06 1.2493e+06 ZonesAtSurface
4275.7 1174.97 379.357 2 0 1 4 834609 24.812 149470 1.30235 3.98841e+06 834609 ZonesAtSurface
4325.74 1174.97 389.375 2 0 1 3 805850 38.0868 106698 1.10011 3.79559e+06 805850 ZonesAtSurface
4375.6 1174.98 199.502 2 0 1 6 604316 19.6372 55939 1.00769 4.60779e+06 604316 ZonesAtSurface
4425.64 1174.98 209.519 5 0 1 5 715067 35.8888 74491.9 1.0836 5.08056e+06 715067 ZonesAtSurface
4475.59 1174.98 119.557 10 0 1 6 1.20296e+06 25.6398 85650.2 1.06122 6.97014e+06 1.20296e+06 ZonesAtSurface
4525.52 1174.98 29.5759 7 0 1 7 719314 16.6598 83403 1.00347 5.85545e+06 719314 ZonesAtSurface
4575.58 1174.97 89.5966 5 3 2 5 588418 16.7615 144465 0.975337 1.55012e+06 588418 ZonesAtSurface
4625.48 1174.98 -0.387937 2 0 1 6 630846 19.7819 132136 1.03891 4.95992e+06 630846 ZonesAtSurface
4675.41 1174.98 -40.3779 19 0 1 6 1.46107e+06 29.2803 93780.9 1.04585 1.01421e+07 1.46107e+06 ZonesAtSurface
4725.35 1174.98 -30.3356 30 0 1 5 1.42839e+06 28.5477 53380.6 1.15587 5.1076e+06 1.42839e+06 ZonesAtSurface
4775.31 1174.98 -20.3205 27 0 1 4 968215 43.6339 84805.9 1.60882 4.54458e+06 968215 ZonesAtSurface
4825.23 1174.98 -10.2776 54 0 1 3 745450 19.3683 55923.5 1.04576 2.20725e+06 745450 ZonesAtSurface
4875.14 1174.99 -0.261797 52 29 1 2 1.3895e+06 44.7967 95825.8 10 1.13545e+06 1.3895e+06 ZonesAtSurface
4925.06 1174.98 9.75231 72 0 1 1 100000 5 10000 1.28627 322090 100000 ZonesAtSurface
74.9752 1224.98 -11.7436 83 1 1 1 971252 39.5016 133723 1.16316 4.31352e+06 971252 ZonesAtSurface
124.891 1224.98 -36.6813 88 0 1 2 912927 17.6391 118514 1.18157 2.69509e+06 912927 ZonesAtSurface
174.786 1224.97 -11.6295 89 31 1 2 507227 19.0426 120084 1.52598 1.02651e+06 507227 ZonesAtSurface
224.679 1224.97 -36.7173 79 0 1 3 100000 5 10000 1.17877 361090 100000 ZonesAtSurface
274.61 1224.97 -11.7211 79 0 1 3 100000 5 10000 1.55862 190983 100000 ZonesAtSurface
324.546 1224.99 -36.7985 68 8 1 4 1.29551e+06 28.9645 103399 1.30567 3.70582e+06 1.29551e+06 ZonesAtSurface
374.495 1224.99 -11.8011 50 37 1 4 1.23213e+06 31.3287 102816 2.92778 1.92918e+06 1.23213e+06 ZonesAtSurface
424.48 1224.99 -36.8301 33 0 1 5 624506 39.3576 76139.1 1.12638 5.4711e+06 624506 ZonesAtSurface
474.425 1224.98 -11.8407 35 0 1 5 1.04522e+06 22.7828 62254.9 1.07381 3.50565e+06 1.04522e+06 ZonesAtSurface
524.42 1224.98 -36.9004 13 0 1 6 905083 26.6407 107888 1.03911 8.80654e+06 905083 ZonesAtSurface
574.376 1224.98 -11.913 5 0 1 6 100000 5 10000 1.07679 1.2246e+06 100000 ZonesAtSurface
624.31 1224.98 63.0864 3 0 2 5 816406 22.6403 87514.8 1.1292 3.3003e+06 816406 ZonesAtSurface
674.305 1225 88.0811 6 0 1 5 1.40378e+06 27.2942 144156 1.81609 3.80732e+06 1.40378e+06 ZonesAtSurface
724.312 1224.99 63.0564 9 0 1 6 1.23752e+06 21.7146 67207.3 1.14299 5.72975e+06 1.23752e+06 ZonesAtSurface
774.3 1224.99 88.0406 6 0 1 6 726103 28.5233 91993.6 1.46246 5.87699e+06 726103 ZonesAtSurface
824.271 1224.99 163.028 5 0 1 5 914267 25.7641 75450.5 1.12069 4.54644e+06 914267 ZonesAtSurface
874.277 1224.99 188.015 10 0 1 5 909262 34.7616 140236 1.26461 5.07128e+06 909262 ZonesAtSurface
924.286 1224.98 212.994 6 0 1 5 100000 5 10000 1.08027 835341 100000 ZonesAtSurface
974.301 1224.98 237.974 0 0 1 5 896816 44.7732 76712.7 2.48765 4.19216e+06 896816 ZonesAtSurface
1024.32 1224.99 262.958 4 0 1 5 591482 36.7463 108150 1.20528 3.34751e+06 591482 ZonesAtSurface
1074.34 1224.99 287.943 1 0 2 5 830664 26.7501 66835 1.02111 2.85754e+06 830664 ZonesAtSurface
1124.36 1224.99 312.926 5 0 1 5 588423 27.4485 141621 1.06389 2.13773e+06 588423 ZonesAtSurface
1174.39 1224.99 337.91 0 5 2 5 1.21309e+06 25.689 135229 1.1631 3.16193e+06 1.21309e+06 ZonesAtSurface
1224.42 1224.99 362.9 8 8 1 5 826566 40.5336 133460 1.48516 2.13514e+06 826566 ZonesAtSurface
1274.45 1225 287.89 9 0 1 7 529214 24.9431 54349.2 1.00585 3.57988e+06 529214 ZonesAtSurface
1324.48 1225 312.881 3 0 1 7 754127 40.1118 64317.1 1.03171 4.56578e+06 754127 ZonesAtSurface
1374.52 1225 287.871 0 0 1 8 1.09187e+06 32.4586 62077.7 1.14982 5.48872e+06 1.09187e+06 ZonesAtSurface
1424.55 1225 362.856 6 0 1 7 940615 40.8753 139554 1.87654 3.37977e+06 940615 ZonesAtSurface
1474.59 1225 337.843 1 0 1 8 987303 41.5502 126763 1.14041 4.53898e+06 987303 ZonesAtSurface
1524.65 1225.01 412.797 5 0 2 7 602913 19.5094 148783 1.2812 1.39997e+06 602913 ZonesAtSurface
1574.7 1225 387.796 7 0 2 8 518324 41.6107 103194 1.12036 3.16741e+06 518324 ZonesAtSurface
1624.76 1224.99 312.817 2 0 1 10 100000 5 10000 1.34009 1.17448e+06 100000 ZonesAtSurface
1674.83 1224.99 387.766 2 0 1 9 629898 39.4257 114686 1.00321 3.92273e+06 629898 ZonesAtSurface
1724.89 1224.99 462.724 7 6 2 8 1.01747e+06 41.6547 69067.7 1.28387 3.50615e+06 1.01747e+06 ZonesAtSurface
1774.98 1224.99 387.769 2 0 1 10 549014 40.4055 111623 1.01245 6.31066e+06 549014 ZonesAtSurface
1825.07 1224.98 412.773 2 0 1 10 566498 41.4259 85648.4 1.02054 6.46745e+06 566498 ZonesAtSurface
1875.16 1224.99 437.761 2 0 1 10 688207 17.9936 110664 1.00777 3.57736e+06 688207 ZonesAtSurface
1925.28 1224.98 612.455 8 3 2 7 100000 5 10000 0 319414 100000 ZonesAtSurface
1975.42 1225 487.698 1 1 2 10 858331 39.6024 60774.7 1.05228 3.37891e+06 858331 ZonesAtSurface
2025.55 1224.99 500.184 0 2 2 9 1.10776e+06 26.9673 133513 1.09648 3.12371e+06 1.10776e+06 ZonesAtSurface
2075.66 1225 450.282 7 0 2 8 912304 34.861 60018.5 1.01851 3.3232e+06 912304 ZonesAtSurface
2125.75 1225 400.34 5 5 1 7 1.06027e+06 36.7856 142204 1.11022 3.50442e+06 1.06027e+06 ZonesAtSurface
2175.51 1224.99 150.582 2 0 1 10 1.42279e+06 34.7425 85313.7 1.03785 9.05439e+06 1.42279e+06 ZonesAtSurface
2225.43 1224.98 50.6088 2 0 1 10 1.46566e+06 29.3312 143557 1.16139 9.03612e+06 1.46566e+06 ZonesAtSurface
2275.34 1224.99 -49.3931 0 0 1 10 1.21132e+06 22.5356 114002 2.13446 5.96165e+06 1.21132e+06 ZonesAtSurface
2325.34 1224.99 -49.3734 6 0 1 8 100000 5 10000 1.15712 1.13993e+06 100000 ZonesAtSurface
2375.34 1224.99 -49.3588 44 0 1 6 100000 5 10000 1.69613 319231 100000 ZonesAtSurface
2425.27 1224.99 -49.3061 66 0 1 4 1.25848e+06 28.2035 60640.2 1.81862 3.32768e+06 1.25848e+06 ZonesAtSurface
2475.18 1225 -49.2487 65 0 1 2 1.12878e+06 42.6093 54101.3 2.0883 5.85305e+06 1.12878e+06 ZonesAtSurface
2525.01 1225 -29.194 73 47 1 1 817493 35.4991 145619 2.47893 1.34494e+06 817493 ZonesAtSurface
2574.93 1225 -39.1955 72 0 1 2 1.02515e+06 32.6331 97280.4 2.30259 3.18328e+06 1.02515e+06 ZonesAtSurface
2624.85 1224.99 -49.2533 53 0 1 3 1.10587e+06 41.2033 126748 1.01681 1.02497e+07 1.10587e+06 ZonesAtSurface
2674.76 1224.99 -9.23287 47 18 1 3 1.29336e+06 30.9738 70145 1.58196 3.07927e+06 1.29336e+06 ZonesAtSurface
2724.73 1224.98 -19.2588 49 0 1 4 1.09327e+06 16.6044 109173 1.49688 2.52837e+06 1.09327e+06 ZonesAtSurface
2774.69 1224.97 -29.3063 22 0 1 5 756549 27.5435 116904 1.02878 7.41668e+06 756549 ZonesAtSurface
2824.67 1224.97 -39.3363 4 0 1 6 1.21119e+06 27.4373 66864.6 1.21982 1.05425e+07 1.21119e+06 ZonesAtSurface
2874.4 1224.97 150.645 6 0 2 3 100000 5 10000 0.925002 245120 100000 ZonesAtSurface
2924.37 1224.99 240.6 7 5 2 2 602007 33.8621 124800 1.20664 1.6834e+06 602007 ZonesAtSurface
2974.39 1224.99 280.581 0 4 2 2 1.45603e+06 30.8234 82918.6 1.22446 4.27059e+06 1.45603e+06 ZonesAtSurface
3024.41 1224.99 270.568 7 0 1 3 654301 35.0825 81845.3 1.06061 2.61017e+06 654301 ZonesAtSurface
3074.45 1224.98 210.567 0 0 1 5 549800 35.181 59520.2 1.62304 5.03923e+06 549800 ZonesAtSurface
3124.47 1224.98 200.546 0 0 1 6 1.32262e+06 24.714 136172 1.42122 5.78824e+06 1.32262e+06 ZonesAtSurface
3174.5 1224.98 190.519 0 0 1 7 1.00332e+06 24.8936 142594 1.20763 7.03746e+06 1.00332e+06 ZonesAtSurface
3224.48 1224.98 280.479 7 0 1 6 1.03115e+06 30.5661 53707.9 1.02012 7.15036e+06 1.03115e+06 ZonesAtSurface
3274.46 1224.99 420.39 4 3 2 4 1.19437e+06 21.9646 121113 1.07914 3.26853e+06 1.19437e+06 ZonesAtSurface
3324.51 1224.99 410.369 3 0 1 5 791309 28.9082 79849.5 1.12374 3.90458e+06 791309 ZonesAtSurface
3374.55 1224.99 450.33 8 0 1 5 888332 30.5545 109997 1.45756 3.1682e+06 888332 ZonesAtSurface
3424.59 1224.98 440.312 7 3 2 6 1.39313e+06 22.4647 138012 1.08752 3.70228e+06 1.39313e+06 ZonesAtSurface
3474.65 1224.99 430.287 9 0 1 7 1.0623e+06 38.427 136945 1.07706 7.54795e+06 1.0623e+06 ZonesAtSurface
3524.68 1224.98 520.212 8 9 1 6 1.37295e+06 42.322 147428 1.51114 3.86898e+06 1.37295e+06 ZonesAtSurface
3574.76 1224.99 460.229 4 0 1 8 979180 17.4263 57120.3 1.04229 4.20824e+06 979180 ZonesAtSurface
3624.82 1224.99 500.189 10 0 1 8 1.35673e+06 24.3795 77271.5 1.03108 5.03041e+06 1.35673e+06 ZonesAtSurface
3674.88 1224.99 540.141 10 0 1 8 1.05663e+06 30.3234 53678.4 1.22189 4.01663e+06 1.05663e+06 ZonesAtSurface
3724.99 1224.98 629.992 7 0 1 7 1.02086e+06 25.1888 67580.8 1.06152 3.70921e+06 1.02086e+06 ZonesAtSurface
3775.08 1224.98 729.831 5 0 2 5 912614 24.7085 141288 1.1785 2.48865e+06 912614 ZonesAtSurface
3825.15 1224.98 739.836 0 0 1 4 831490 30.5647 94268 1.84336 2.0924e+06 831490 ZonesAtSurface
3875.19 1224.98 749.868 0 0 2 3 1.46735e+06 36.188 138064 2.77039 2.24232e+06 1.46735e+06 ZonesAtSurface
3925.21 1224.98 759.922 0 0 2 2 1.27419e+06 36.7276 134898 3.88284 1.42004e+06 1.27419e+06 ZonesAtSurface
3975.23 1224.98 769.984 0 0 2 1 589674 34.036 127010 3.52476 773748 589674 ZonesAtSurface
4025.31 1224.98 730.045 0 2 2 1 758187 26.2181 114723 1.52997 1.56886e+06 758187 ZonesAtSurface
4075.34 1224.99 740.102 0 6 0 0 792202 43.1294 116410 3.77672 930472 792202 ZonesAtSurface
4125.48 1224.99 650.166 5 0 2 1 682761 26.4398 50117.7 1.09142 2.18945e+06 682761 ZonesAtSurface
4175.58 1224.99 560.233 1 0 1 2 1.14501e+06 34.7364 87702.8 1.72919 3.30601e+06 1.14501e+06 ZonesAtSurface
4225.63 1224.98 520.283 4 0 2 2 1.21436e+06 21.5569 108841 1.34147 2.96073e+06 1.21436e+06 ZonesAtSurface
4275.68 1224.98 480.332 0 7 1 2 1.42988e+06 39.248 54003.8 1.76269 4.2535e+06 1.42988e+06 ZonesAtSurface
4325.71 1224.98 340.397 2 0 1 4 919698 43.928 99888.8 1.40195 6.11175e+06 919698 ZonesAtSurface
4375.72 1224.97 300.439 0 0 1 4 1.4139e+06 20.0367 55995.8 1.12862 5.61399e+06 1.4139e+06 ZonesAtSurface
4425.6 1224.98 160.525 3 0 1 6 1.44485e+06 36.4848 88432 1.69205 8.3607e+06 1.44485e+06 ZonesAtSurface
4475.74 1224.95 270.499 7 7 2 3 929354 30.0403 74334.3 2.70967 1.4041e+06 929354 ZonesAtSurface
4525.56 1224.98 80.578 6 0 1 6 570162 24.7278 88815.8 1.0108 5.55584e+06 570162 ZonesAtSurface
4575.53 1224.98 40.5921 9 0 1 6 912364 35.3423 95091.2 1.07332 7.25845e+06 912364 ZonesAtSurface
4625.43 1224.98 -49.4122 7 0 1 7 619047 17.8232 77364.2 1.04453 8.1595e+06 619047 ZonesAtSurface
4675.41 1224.98 -39.3857 18 0 1 6 586598 21.0708 77814.2 1.02713 7.57751e+06 586598 ZonesAtSurface
4725.36 1224.98 -29.3546 19 0 1 5 948635 37.4937 71371.4 1.18764 5.74633e+06 948635 ZonesAtSurface
4775.33 1224.98 -19.3255 48 2 1 4 1.00059e+06 19.6406 66891.9 1.20444 2.48024e+06 1.00059e+06 ZonesAtSurface
4825.26 1224.97 -9.2663 57 0 1 3 100000 5 10000 1.06187 437120 100000 ZonesAtSurface
4875.14 1224.98 0.757304 63 0 1 2 100000 5 10000 1.01323 410710 100000 ZonesAtSurface
4925.05 1224.97 10.758 61 3 1 1 599288 43.9479 60775.4 1.47181 2.69437e+06 599288 ZonesAtSurface
74.9649 1274.99 -10.7503 84 8 1 1 1.39041e+06 30.9978 105797 1.23904 4.79469e+06 1.39041e+06 ZonesAtSurface
124.858 1274.98 -35.7377 89 0 1 2 574895 17.435 127649 1.22936 2.51216e+06 574895 ZonesAtSurface
174.772 1274.97 -10.6904 55 63 1 2 974085 23.5136 136263 3.78013 833489 974085 ZonesAtSurface
224.706 1274.97 -35.7258 74 0 1 3 554232 36.8917 123984 1.54434 5.09317e+06 554232 ZonesAtSurface
274.626 1274.96 -10.7047 79 34 1 3 979775 33.1746 77316.9 2.03878 2.40688e+06 979775 ZonesAtSurface
324.553 1274.98 -35.7686 68 0 1 4 100000 5 10000 1.14114 531777 100000 ZonesAtSurface
374.476 1274.98 -10.775 64 0 1 4 100000 5 10000 1.34949 222504 100000 ZonesAtSurface
424.458 1274.99 -35.8342 38 0 1 5 512380 38.182 103889 1.20473 4.05248e+06 512380 ZonesAtSurface
474.394 1274.98 -10.8525 25 0 1 5 100000 5 10000 1.21944 341937 100000 ZonesAtSurface
524.344 1274.98 14.1079 9 0 1 5 1.41298e+06 24.5635 79766.6 1.24747 6.4285e+06 1.41298e+06 ZonesAtSurface
574.317 1274.98 39.0899 5 0 1 5 818729 33.6787 127657 1.33589 4.21362e+06 818729 ZonesAtSurface
624.313 1274.99 64.0896 9 0 1 5 571080 29.4222 105847 1.44495 2.81374e+06 571080 ZonesAtSurface
674.326 1274.99 39.0713 1 0 1 6 1.19739e+06 35.024 147927 1.65172 6.1111e+06 1.19739e+06 ZonesAtSurface
724.31 1274.99 64.0596 8 0 1 6 780297 26.7722 95455.4 1.02262 5.17093e+06 780297 ZonesAtSurface
774.296 1274.99 89.0399 2 0 1 6 525445 42.4309 123849 2.16176 6.49225e+06 525445 ZonesAtSurface
824.254 1274.98 164.02 6 0 1 5 638534 22.0487 145439 1.07212 3.61401e+06 638534 ZonesAtSurface
874.257 1274.99 189.004 2 0 1 5 100000 5 10000 1.14043 828072 100000 ZonesAtSurface
924.269 1274.99 213.984 3 0 1 5 100000 5 10000 1.3295 593885 100000 ZonesAtSurface
974.287 1274.99 238.964 7 0 1 5 516530 34.3382 129379 1.1643 4.21484e+06 516530 ZonesAtSurface
1024.31 1274.99 263.953 7 0 1 5 1.30222e+06 16.5329 64366.2 1.17593 3.18985e+06 1.30222e+06 ZonesAtSurface
1074.33 1275 288.945 4 5 1 5 1.3845e+06 21.9098 59033.6 1.60213 2.65621e+06 1.3845e+06 ZonesAtSurface
1124.36 1274.99 263.932 1 0 1 6 1.034e+06 24.9388 52669.2 1.10077 4.2205e+06 1.034e+06 ZonesAtSurface
1174.37 1274.99 338.907 5 5 1 5 1.19886e+06 44.3732 141763 1.35304 4.36767e+06 1.19886e+06 ZonesAtSurface
1224.41 1274.99 313.905 2 0 1 6 607618 44.6188 94883.5 1.15719 3.69945e+06 607618 ZonesAtSurface
1274.44 1275 288.897 7 0 1 7 1.3044e+06 15.7204 75807.7 1.02045 3.95098e+06 1.3044e+06 ZonesAtSurface
1324.48 1275 313.893 2 2 2 7 1.00711e+06 39.0198 139019 1.0848 3.69246e+06 1.00711e+06 ZonesAtSurface
1374.51 1275 288.88 7 0 1 8 1.2329e+06 21.9101 131774 1.02233 4.79072e+06 1.2329e+06 ZonesAtSurface
1424.55 1275 313.865 9 0 1 8 1.11526e+06 31.7144 147839 1.07066 4.7503e+06 1.11526e+06 ZonesAtSurface
1474.61 1275.02 438.801 8 9 2 6 681829 31.5499 61351.9 1.99763 1.1566e+06 681829 ZonesAtSurface
1524.65 1275 313.835 7 0 1 9 100000 5 10000 1.05997 1.18048e+06 100000 ZonesAtSurface
1574.71 1275 338.809 8 0 1 9 952164 27.2991 58820.5 1.06289 5.29353e+06 952164 ZonesAtSurface
1624.76 1274.99 363.793 9 0 1 9 921249 37.7015 148310 1.01963 5.03939e+06 921249 ZonesAtSurface
1674.83 1274.99 338.795 2 0 1 10 642989 27.6635 65761.9 1.00775 6.91012e+06 642989 ZonesAtSurface
1724.89 1274.99 463.736 0 4 2 8 1.13736e+06 41.3538 110106 1.35158 3.57441e+06 1.13736e+06 ZonesAtSurface
1774.96 1274.99 438.74 1 1 2 9 1.03649e+06 15.9534 61184.5 1.09029 2.48989e+06 1.03649e+06 ZonesAtSurface
1825.05 1274.99 413.78 2 0 1 10 1.44913e+06 40.4989 75679 1.01083 8.34612e+06 1.44913e+06 ZonesAtSurface
1875.14 1274.99 488.701 0 0 1 9 683816 16.7857 85499.3 1.06375 1.82131e+06 683816 ZonesAtSurface
1925.3 1274.99 563.545 3 0 2 8 100000 5 10000 1.04379 307790 100000 ZonesAtSurface
1975.42 1274.99 488.7 2 0 1 10 776263 28.3261 148312 1.02557 2.31459e+06 776263 ZonesAtSurface
2025.57 1274.99 501.181 9 0 1 9 100000 5 10000 1.37043 207210 100000 ZonesAtSurface
2075.66 1275 451.285 3 0 2 8 904474 44.4592 101764 1.07612 4.29649e+06 904474 ZonesAtSurface
2125.75 1275 401.335 2 2 2 7 1.37974e+06 17.0871 116564 1.07198 3.45918e+06 1.37974e+06 ZonesAtSurface
2175.5 1274.98 151.584 2 0 1 10 1.06442e+06 18.6058 132821 1.02617 5.23631e+06 1.06442e+06 ZonesAtSurface
2225.42 1274.98 51.6114 2 0 1 10 1.07219e+06 24.2193 85042.9 1.02604 7.74966e+06 1.07219e+06 ZonesAtSurface
2275.34 1274.98 -48.393 2 0 1 10 100000 5 10000 1.07845 1.86874e+06 100000 ZonesAtSurface
2325.35 1274.99 -48.3722 26 0 1 8 100000 5 10000 1.19928 1.11802e+06 100000 ZonesAtSurface
2375.33 1274.99 -48.3525 39 0 1 6 1.16658e+06 28.7198 100366 2.94031 2.4799e+06 1.16658e+06 ZonesAtSurface
2425.26 1274.99 -48.2884 54 0 1 4 673762 38.9377 66877.3 2.31938 2.64283e+06 673762 ZonesAtSurface
2475.18 1275 -48.2473 72 0 1 2 532526 15.2536 123903 1.77005 1.57043e+06 532526 ZonesAtSurface
2524.96 1275 -28.2097 60 58 1 1 1.01057e+06 21.8528 119009 1.52924 1.97104e+06 1.01057e+06 ZonesAtSurface
2574.93 1274.99 -38.2006 67 0 1 2 1.36926e+06 17.7162 119222 2.31756 2.30732e+06 1.36926e+06 ZonesAtSurface
2624.86 1274.98 -48.2553 61 0 1 3 649119 20.1259 85536.4 1.05471 4.49125e+06 649119 ZonesAtSurface
2674.77 1274.98 -8.23259 42 20 1 3 1.35122e+06 26.9334 113214 1.56547 2.81449e+06 1.35122e+06 ZonesAtSurface
2724.74 1274.98 -18.2639 45 0 1 4 713263 22.1849 123183 1.16838 2.83614e+06 713263 ZonesAtSurface
2774.69 1274.97 -28.3177 21 0 1 5 930073 28.0949 82527.3 1.03751 9.73367e+06 930073 ZonesAtSurface
2824.61 1274.97 11.6754 1 0 1 5 817746 23.2006 59388.1 1.04903 5.84469e+06 817746 ZonesAtSurface
2874.42 1274.98 151.645 1 1 2 3 1.14938e+06 43.5535 88131.5 1.36334 4.3663e+06 1.14938e+06 ZonesAtSurface
2924.41 1274.99 191.621 0 1 1 3 1.38016e+06 41.6947 71702.4 1.39697 4.75859e+06 1.38016e+06 ZonesAtSurface
2974.41 1274.99 231.606 7 0 1 3 1.33475e+06 19.2222 149506 1.21773 3.31277e+06 1.33475e+06 ZonesAtSurface
3024.44 1274.99 221.594 8 0 1 4 1.03531e+06 24.5749 70046.6 1.13727 3.67071e+06 1.03531e+06 ZonesAtSurface
3074.46 1274.98 211.575 0 0 1 5 1.49877e+06 40.2288 73678.9 1.87126 5.26738e+06 1.49877e+06 ZonesAtSurface
3124.47 1274.98 201.547 1 0 1 6 558962 41.8695 51551.5 1.46477 6.53225e+06 558962 ZonesAtSurface
3174.45 1274.97 291.511 9 0 1 5 942341 42.1323 133450 1.18227 5.86768e+06 942341 ZonesAtSurface
3224.46 1274.98 331.46 2 0 1 5 100000 5 10000 1.12505 726446 100000 ZonesAtSurface
3274.49 1274.98 371.416 4 0 1 5 1.47299e+06 37.6151 143767 1.17911 5.86769e+06 1.47299e+06 ZonesAtSurface
3324.53 1274.98 361.393 7 0 1 6 587780 22.0422 99219.3 1.0534 3.66623e+06 587780 ZonesAtSurface
3374.56 1274.99 401.353 3 0 1 6 893480 22.4965 107857 1.07323 4.0613e+06 893480 ZonesAtSurface
3424.59 1274.98 441.316 5 0 2 6 1.25426e+06 29.3381 96515.2 1.01571 4.25005e+06 1.25426e+06 ZonesAtSurface
3474.65 1274.99 431.292 3 0 1 7 1.4495e+06 32.5075 143517 1.01231 6.93097e+06 1.4495e+06 ZonesAtSurface
3524.69 1274.99 471.245 3 0 1 7 1.12906e+06 23.6412 54085.5 1.00573 4.87171e+06 1.12906e+06 ZonesAtSurface
3574.74 1274.98 511.199 10 0 1 7 1.10826e+06 40.2579 103927 1.03267 5.24674e+06 1.10826e+06 ZonesAtSurface
3624.81 1274.99 501.189 4 0 1 8 1.207e+06 18.1428 62681.3 1.17994 4.17794e+06 1.207e+06 ZonesAtSurface
3674.89 1274.99 541.13 5 0 1 8 100000 5 10000 1.11963 795195 100000 ZonesAtSurface
3725 1274.99 630.984 7 0 1 7 1.3468e+06 36.9846 95300.2 1.01808 5.65733e+06 1.3468e+06 ZonesAtSurface
3775.07 1274.98 730.833 0 2 2 5 1.48177e+06 41.5559 79022.5 1.34865 4.6987e+06 1.48177e+06 ZonesAtSurface
3825.11 1274.98 790.822 0 2 2 3 1.13397e+06 18.1152 78492.4 1.41001 2.2236e+06 1.13397e+06 ZonesAtSurface
3875.14 1274.98 800.867 4 8 2 2 841915 32.6644 125921 3.65564 1.02311e+06 841915 ZonesAtSurface
3925.15 1274.98 810.925 0 3 2 1 1.05979e+06 17.874 66998.4 4.61327 679428 1.05979e+06 ZonesAtSurface
3975.23 1274.98 770.988 0 9 2 1 829540 23.3557 56682.9 2.58096 1.09444e+06 829540 ZonesAtSurface
4025.31 1274.99 731.05 4 0 2 1 669877 17.5548 138841 1.3697 1.41147e+06 669877 ZonesAtSurface
4075.44 1274.99 641.12 0 0 1 2 806560 29.2541 107569 1.02758 3.09979e+06 806560 ZonesAtSurface
4125.52 1274.99 601.183 1 0 1 2 928884 42.885 52651.3 1.59483 3.88748e+06 928884 ZonesAtSurface
4175.6 1274.99 511.255 10 0 1 3 897574 16.9243 107792 1.04739 3.22478e+06 897574 ZonesAtSurface
4225.62 1274.99 521.3 0 4 2 2 1.3603e+06 26.9456 51230.2 1.77403 3.30124e+06 1.3603e+06 ZonesAtSurface
4275.67 1274.98 431.353 5 0 1 3 990356 19.5385 149195 1.11217 3.78011e+06 990356 ZonesAtSurface
4325.68 1274.98 441.386 0 0 1 2 965269 37.948 121743 2.41977 3.21465e+06 965269 ZonesAtSurface
4375.69 1274.98 451.417 0 10 2 1 784989 44.3738 64514 2.17459 1.7141e+06 784989 ZonesAtSurface
4425.72 1274.98 361.458 5 0 1 2 1.02712e+06 39.0832 105788 1.1284 3.75613e+06 1.02712e+06 ZonesAtSurface
4475.73 1274.97 271.499 1 7 2 3 1.49877e+06 25.913 126137 1.30178 3.63767e+06 1.49877e+06 ZonesAtSurface
4525.74 1274.97 231.524 0 7 2 3 1.49878e+06 37.4941 66406.8 1.51732 4.06086e+06 1.49878e+06 ZonesAtSurface
4575.53 1274.98 41.5891 8 0 1 6 1.26496e+06 26.9764 136550 1.01805 7.24195e+06 1.26496e+06 ZonesAtSurface
4625.48 1274.98 1.60244 4 0 1 6 1.43272e+06 44.9134 87369.4 1.15108 1.03638e+07 1.43272e+06 ZonesAtSurface
4675.41 1274.98 -38.3939 17 0 1 6 1.02751e+06 16.1138 67938 1.02382 6.86467e+06 1.02751e+06 ZonesAtSurface
4725.38 1274.97 -28.3681 14 0 1 5 771724 38.8068 98089.2 1.0916 5.97443e+06 771724 ZonesAtSurface
4775.34 1274.97 -18.3272 34 0 1 4 100000 5 10000 0.902453 512270 100000 ZonesAtSurface
4825.26 1274.96 -8.26478 52 0 1 3 100000 5 10000 1.04797 386167 100000 ZonesAtSurface
4875.14 1274.97 1.7613 58 12 1 2 1.20904e+06 27.0054 116456 2.97728 1.85185e+06 1.20904e+06 ZonesAtSurface
4925.06 1274.97 11.7498 77 0 1 1 593471 16.6007 75272 1.12505 2.49152e+06 593471 ZonesAtSurface
74.9576 1324.99 -9.75568 75 0 1 1 709036 28.8921 122226 1.49775 3.37603e+06 709036 ZonesAtSurface
124.854 1324.99 -34.7574 79 0 1 2 945414 39.3815 66027.6 1.44987 6.19369e+06 945414 ZonesAtSurface
174.777 1324.98 -9.70672 53 52 1 2 1.38159e+06 43.8259 50143.3 3.52465 2.96407e+06 1.38159e+06 ZonesAtSurface
224.711 1324.98 -34.7345 75 0 1 3 572063 38.2379 146518 1.42529 4.24016e+06 572063 ZonesAtSurface
274.616 1324.97 -9.70444 72 8 1 3 509624 26.9746 66721.8 2.88123 940553 509624 ZonesAtSurface
324.553 1324.97 -34.7456 48 0 1 4 725734 20.5321 126241 1.12943 2.9602e+06 725734 ZonesAtSurface
374.447 1324.97 -9.75618 58 0 1 4 100000 5 10000 2.18126 139536 100000 ZonesAtSurface
424.428 1324.98 -34.8393 42 0 1 5 100000 5 10000 0.9467 712344 100000 ZonesAtSurface
474.365 1324.98 -9.85743 17 0 1 5 100000 5 10000 1.22949 726172 100000 ZonesAtSurface
524.39 1324.99 -34.9077 12 0 1 6 629160 16.1116 69677.4 1.01321 4.96152e+06 629160 ZonesAtSurface
574.307 1324.98 40.0916 1 0 1 5 100000 5 10000 1.07745 728616 100000 ZonesAtSurface
624.302 1324.98 65.0915 4 0 2 5 100000 5 10000 1.1104 556238 100000 ZonesAtSurface
674.319 1324.98 40.0687 18 0 1 6 1.44172e+06 16.7253 118141 1.08325 5.60475e+06 1.44172e+06 ZonesAtSurface
724.301 1324.98 65.0562 7 0 1 6 843784 35.1514 89853.4 1.08493 6.80585e+06 843784 ZonesAtSurface
774.288 1324.99 90.0372 4 0 1 6 1.46181e+06 19.4725 143928 1.08089 6.134e+06 1.46181e+06 ZonesAtSurface
824.176 1324.98 264.984 10 8 2 3 555033 27.3411 50806.8 1.67921 1.13284e+06 555033 ZonesAtSurface
874.205 1324.98 239.977 2 0 2 4 1.17072e+06 28.9659 110010 1.29534 3.9977e+06 1.17072e+06 ZonesAtSurface
924.223 1324.99 264.963 4 0 2 4 937466 23.3116 86665.2 1.15867 2.68025e+06 937466 ZonesAtSurface
974.296 1324.99 189.971 0 0 1 6 887027 40.6555 115880 1.94571 6.27464e+06 887027 ZonesAtSurface
1024.25 1324.99 314.939 0 5 2 4 1.05544e+06 43.4885 54765.1 2.07947 3.0799e+06 1.05544e+06 ZonesAtSurface
1074.33 1324.99 239.947 10 0 1 6 637986 39.9086 130781 1.59143 5.01184e+06 637986 ZonesAtSurface
1124.35 1324.99 264.934 11 0 1 6 849571 26.6876 72664.5 1.08743 4.19576e+06 849571 ZonesAtSurface
1174.34 1324.99 339.902 4 0 2 5 100000 5 10000 1.07859 505855 100000 ZonesAtSurface
1224.41 1325 264.911 0 0 1 7 1.43025e+06 30.1521 103076 1.83188 4.99058e+06 1.43025e+06 ZonesAtSurface
1274.43 1324.99 289.903 7 0 1 7 766349 18.7577 144061 1.02822 3.26279e+06 766349 ZonesAtSurface
1324.47 1324.99 314.899 8 0 1 7 1.47744e+06 29.9834 90428.9 1.17045 4.57621e+06 1.47744e+06 ZonesAtSurface
1374.51 1325 289.886 7 0 1 8 681581 33.4973 69705.6 1.16277 5.18348e+06 681581 ZonesAtSurface
1424.56 1325 264.879 0 0 1 9 1.21311e+06 22.4995 129263 1.07283 6.63233e+06 1.21311e+06 ZonesAtSurface
1474.61 1325 289.857 3 0 1 9 100000 5 10000 1.22153 1.07407e+06 100000 ZonesAtSurface
1524.67 1324.99 364.819 9 5 1 8 1.02584e+06 44.3911 60254 1.19024 4.20875e+06 1.02584e+06 ZonesAtSurface
1574.71 1324.99 389.804 2 3 2 8 1.13017e+06 39.496 118308 1.26985 3.56268e+06 1.13017e+06 ZonesAtSurface
1624.78 1324.99 314.812 2 0 1 10 677848 40.0982 65662.8 1.02217 8.50816e+06 677848 ZonesAtSurface
1674.83 1324.99 339.803 0 0 1 10 782918 29.9039 135568 1.00405 6.92615e+06 782918 ZonesAtSurface
1724.88 1324.99 414.766 10 0 1 9 980545 22.5817 142465 1.02516 4.5813e+06 980545 ZonesAtSurface
1774.97 1324.98 389.795 0 0 1 10 1.00128e+06 15.6603 105168 1.02766 3.93395e+06 1.00128e+06 ZonesAtSurface
1825.05 1324.99 414.791 2 0 1 10 1.02614e+06 44.1729 53071.6 1.01036 8.63738e+06 1.02614e+06 ZonesAtSurface
1875.14 1324.99 489.71 5 4 1 9 1.47178e+06 16.5032 71491 1.06129 3.72154e+06 1.47178e+06 ZonesAtSurface
1925.32 1325 564.549 0 2 2 8 1.18739e+06 31.8546 84445.2 1.18588 3.49345e+06 1.18739e+06 ZonesAtSurface
1975.43 1324.99 489.699 2 0 1 10 100000 5 10000 0.963792 628621 100000 ZonesAtSurface
2025.58 1324.99 502.179 10 6 1 9 1.24716e+06 21.4488 101650 1.15458 3.35353e+06 1.24716e+06 ZonesAtSurface
2075.57 1324.99 352.421 2 0 1 10 845700 34.7467 65422 1.03929 4.74929e+06 845700 ZonesAtSurface
2125.77 1325 402.327 2 3 2 7 100000 5 10000 0 460059 100000 ZonesAtSurface
2175.49 1324.98 152.585 2 0 1 10 865656 25.0322 141943 1.02924 6.70916e+06 865656 ZonesAtSurface
2225.41 1324.98 52.6103 2 0 1 10 659249 26.3827 80380.7 1.03551 6.85644e+06 659249 ZonesAtSurface
2275.39 1324.98 2.61736 2 0 1 9 643701 43.3364 87610.3 1.51476 8.41718e+06 643701 ZonesAtSurface
2325.34 1324.98 -47.376 24 0 1 8 897045 20.0638 63591.2 1.17756 6.75857e+06 897045 ZonesAtSurface
2375.31 1324.98 -47.351 17 0 1 6 1.31348e+06 44.0443 102036 2.64529 6.19197e+06 1.31348e+06 ZonesAtSurface
2425.24 1324.99 -47.2896 58 0 1 4 999312 28.5948 54283.9 1.97228 3.71253e+06 999312 ZonesAtSurface
2475.18 1324.99 -47.2826 79 0 1 2 983110 38.6648 124408 2.56379 4.43496e+06 983110 ZonesAtSurface
2524.94 1324.99 -27.215 37 69 1 1 1.0886e+06 39.0646 138034 1.54404 3.00972e+06 1.0886e+06 ZonesAtSurface
2574.94 1324.98 -37.2035 64 0 1 2 1.08621e+06 21.025 71285.8 1.57147 2.53634e+06 1.08621e+06 ZonesAtSurface
2624.86 1324.97 -47.2682 49 0 1 3 676445 38.0386 87501.7 1.02032 5.58444e+06 676445 ZonesAtSurface
2674.77 1324.98 -7.24811 55 1 1 3 622103 35.7463 84543 1.45882 1.91593e+06 622103 ZonesAtSurface
2724.74 1324.97 -17.272 38 0 1 4 1.05175e+06 30.323 86153.8 1.17923 4.55518e+06 1.05175e+06 ZonesAtSurface
2774.7 1324.97 -27.3245 14 0 1 5 1.20835e+06 32.6299 50709.4 1.08789 1.14348e+07 1.20835e+06 ZonesAtSurface
2824.52 1324.97 62.6702 4 0 2 4 100000 5 10000 1.33988 350626 100000 ZonesAtSurface
2874.55 1324.97 52.6583 0 0 1 5 100000 5 10000 1.04132 1.20362e+06 100000 ZonesAtSurface
2924.43 1324.99 192.632 1 0 2 3 959035 22.8085 76269 1.19528 3.48975e+06 959035 ZonesAtSurface
2974.45 1324.98 182.623 2 0 1 4 1.34959e+06 15.026 141820 1.41933 3.4085e+06 1.34959e+06 ZonesAtSurface
3024.47 1324.98 172.606 11 0 1 5 713355 23.6055 97636.1 1.08102 4.46172e+06 713355 ZonesAtSurface
3074.49 1324.97 162.574 11 0 1 6 1.46147e+06 15.3098 125321 1.04577 6.30752e+06 1.46147e+06 ZonesAtSurface
3124.48 1324.97 202.546 0 0 1 6 1.47756e+06 36.1468 127867 1.64732 7.10755e+06 1.47756e+06 ZonesAtSurface
3174.45 1324.97 292.503 2 0 1 5 593726 20.5537 138692 1.09498 4.14398e+06 593726 ZonesAtSurface
3224.47 1324.99 382.437 4 0 2 4 515900 40.1033 97404.3 1.10288 2.28388e+06 515900 ZonesAtSurface
3274.5 1324.98 372.418 3 0 2 5 967112 24.2472 64328.1 1.07182 3.83479e+06 967112 ZonesAtSurface
3324.53 1324.98 362.396 6 0 1 6 961053 32.8869 98999.5 1.0381 5.0547e+06 961053 ZonesAtSurface
3374.56 1324.99 402.361 5 0 1 6 1.27748e+06 23.1895 148588 1.02713 4.49574e+06 1.27748e+06 ZonesAtSurface
3424.59 1324.99 442.322 10 0 2 6 1.12969e+06 17.7377 65345.7 1.00833 3.25626e+06 1.12969e+06 ZonesAtSurface
3474.63 1324.99 482.271 9 0 1 6 1.0928e+06 28.7495 83086 1.07177 3.69129e+06 1.0928e+06 ZonesAtSurface
3524.69 1324.99 472.25 4 0 1 7 1.49386e+06 38.4783 147150 1.01953 7.28659e+06 1.49386e+06 ZonesAtSurface
3574.74 1324.98 562.15 10 0 2 6 100000 5 10000 1.10641 273696 100000 ZonesAtSurface
3624.82 1324.99 502.191 4 0 1 8 732334 30.7105 108436 1.09397 4.69708e+06 732334 ZonesAtSurface
3674.91 1324.99 542.124 9 0 1 8 628033 41.7022 74588.4 1.0736 5.82989e+06 628033 ZonesAtSurface
3725 1324.99 631.985 6 0 1 7 698196 34.702 139772 1.00861 4.88616e+06 698196 ZonesAtSurface
3775.07 1324.98 731.839 2 2 2 5 1.33922e+06 23.7127 140992 1.07093 3.67725e+06 1.33922e+06 ZonesAtSurface
3825.11 1324.98 791.821 0 0 2 3 640964 19.0204 146339 1.54526 1.35337e+06 640964 ZonesAtSurface
3875.13 1324.98 801.868 0 0 2 2 1.23285e+06 22.3665 126409 3.19827 1.25564e+06 1.23285e+06 ZonesAtSurface
3925.2 1324.98 761.928 0 0 2 2 889820 42.0856 140075 3.01606 1.5665e+06 889820 ZonesAtSurface
3975.22 1324.98 771.992 0 5 2 1 1.42715e+06 23.0493 103309 3.92623 1.15415e+06 1.42715e+06 ZonesAtSurface
4025.31 1324.99 732.055 0 0 1 1 1.03158e+06 43.5233 97014.6 3.66896 1.43843e+06 1.03158e+06 ZonesAtSurface
4075.39 1324.99 692.118 2 7 2 1 795305 31.671 129276 1.27981 2.03597e+06 795305 ZonesAtSurface
4125.51 1324.99 602.188 0 0 2 2 1.44236e+06 39.7186 91974.4 1.60761 4.39364e+06 1.44236e+06 ZonesAtSurface
4175.59 1324.99 512.267 10 0 1 3 1.05674e+06 30.8439 136270 1.16014 4.94149e+06 1.05674e+06 ZonesAtSurface
4225.61 1324.99 522.318 0 6 2 2 1.34682e+06 43.1326 136562 2.73399 2.4149e+06 1.34682e+06 ZonesAtSurface
4275.64 1324.99 482.357 0 0 1 2 1.12201e+06 42.1333 117536 2.11154 3.15468e+06 1.12201e+06 ZonesAtSurface
4325.65 1324.98 492.393 0 5 1 1 1.33596e+06 32.9492 109087 3.96346 1.24388e+06 1.33596e+06 ZonesAtSurface
4375.68 1324.99 452.422 0 5 2 1 1.32166e+06 18.3656 114497 2.13228 1.87847e+06 1.32166e+06 ZonesAtSurface
4425.71 1324.98 362.462 0 0 1 2 1.16331e+06 39.8299 97331.2 1.75158 3.84172e+06 1.16331e+06 ZonesAtSurface
4475.71 1324.99 372.484 6 10 2 1 660850 38.0645 108871 2.66561 958780 660850 ZonesAtSurface
4525.58 1324.98 82.5708 1 0 1 6 100000 5 10000 1.00196 1.19818e+06 100000 ZonesAtSurface
4575.61 1324.97 92.5883 9 0 1 5 1.48644e+06 17.05 50620.1 1.08319 4.27056e+06 1.48644e+06 ZonesAtSurface
4625.48 1324.98 2.60044 9 0 1 6 654448 40.5979 52789.1 1.01492 8.07619e+06 654448 ZonesAtSurface
4675.41 1324.98 -37.3977 8 0 1 6 673666 34.322 106675 1.08099 1.1133e+07 673666 ZonesAtSurface
4725.38 1324.97 -27.3677 16 0 1 5 100000 5 10000 1.12286 863614 100000 ZonesAtSurface
4775.33 1324.96 -17.3258 35 0 1 4 100000 5 10000 1.13761 563399 100000 ZonesAtSurface
4825.24 1324.96 -7.28092 46 0 1 3 643464 34.1677 53341.2 1.13747 4.11656e+06 643464 ZonesAtSurface
4875.15 1324.97 2.72721 49 0 1 2 1.20355e+06 42.0761 52841.8 1.38644 5.17226e+06 1.20355e+06 ZonesAtSurface
4925.07 1324.97 12.7285 59 3 1 1 1.258e+06 35.5748 65658.3 2.33005 4.55468e+06 1.258e+06 ZonesAtSurface
74.9556 1375 -8.76151 80 12 1 1 1.46951e+06 33.2146 112267 1.47114 4.78138e+06 1.46951e+06 ZonesAtSurface
124.862 1374.99 -33.7564 79 0 1 2 1.21728e+06 15.1571 126037 1.37948 3.33227e+06 1.21728e+06 ZonesAtSurface
174.768 1374.99 -8.69817 58 51 1 2 808166 28.7405 136805 3.14384 979432 808166 ZonesAtSurface
224.693 1374.98 -33.7395 79 28 1 3 1.45546e+06 25.653 110190 1.3085 3.73785e+06 1.45546e+06 ZonesAtSurface
274.587 1374.98 -8.70363 64 0 1 3 100000 5 10000 2.12733 187412 100000 ZonesAtSurface
324.531 1374.98 -33.7565 53 0 1 4 100000 5 10000 1.08249 859179 100000 ZonesAtSurface
374.432 1374.98 -8.77753 45 22 1 4 996203 38.9023 58726.5 1.53717 3.10195e+06 996203 ZonesAtSurface
424.412 1374.98 -33.8456 19 0 1 5 839716 26.3094 110445 1.08729 4.57255e+06 839716 ZonesAtSurface
474.359 1374.98 -8.86022 34 0 1 5 702070 26.9018 107202 1.07053 4.95443e+06 702070 ZonesAtSurface
524.288 1374.98 66.1142 4 0 2 4 1.34267e+06 34.386 136127 1.20478 4.80852e+06 1.34267e+06 ZonesAtSurface
574.304 1374.98 41.0978 2 0 1 5 502175 44.9186 53727.8 2.44441 4.31773e+06 502175 ZonesAtSurface
624.29 1374.98 66.0922 4 0 1 5 1.34112e+06 36.9749 101372 1.16875 5.20172e+06 1.34112e+06 ZonesAtSurface
674.27 1374.97 91.0765 10 0 1 5 1.0985e+06 39.7705 108675 1.58839 7.15187e+06 1.0985e+06 ZonesAtSurface
724.286 1374.98 66.05 0 0 1 6 100000 5 10000 1.07143 920004 100000 ZonesAtSurface
774.178 1374.98 241.009 5 8 2 3 1.24229e+06 17.6626 136080 1.71451 1.95941e+06 1.24229e+06 ZonesAtSurface
824.196 1374.99 265.991 9 3 1 3 795457 35.5087 146107 1.32625 2.13702e+06 795457 ZonesAtSurface
874.212 1374.99 290.98 0 4 2 3 757454 41.7138 95630.4 1.82418 1.78204e+06 757454 ZonesAtSurface
924.226 1374.99 265.97 2 0 2 4 759680 17.5376 140254 1.04867 2.42633e+06 759680 ZonesAtSurface
974.238 1374.99 290.959 6 0 2 4 519795 16.1899 136609 1.07055 1.80624e+06 519795 ZonesAtSurface
1024.26 1374.99 265.949 9 0 1 5 622250 25.9151 76068 1.19091 2.73993e+06 622250 ZonesAtSurface
1074.28 1374.99 290.939 1 0 2 5 692464 33.0956 72416.1 1.20847 2.98806e+06 692464 ZonesAtSurface
1124.32 1374.99 265.929 4 0 1 6 100000 5 10000 1.06317 775274 100000 ZonesAtSurface
1174.31 1374.99 340.901 0 3 1 5 1.4553e+06 43.6089 79930.1 1.72579 4.46837e+06 1.4553e+06 ZonesAtSurface
1224.39 1375 265.912 2 0 1 7 1.1999e+06 40.7631 110205 1.58129 6.51502e+06 1.1999e+06 ZonesAtSurface
1274.4 1374.99 340.889 6 0 1 6 100000 5 10000 1.1988 396568 100000 ZonesAtSurface
1324.45 1374.99 315.889 0 0 1 7 100000 5 10000 1.0925 738411 100000 ZonesAtSurface
1374.5 1375 290.887 7 0 1 8 100000 5 10000 1.10819 1.05228e+06 100000 ZonesAtSurface
1424.56 1375 315.86 7 0 1 8 100000 5 10000 1.01688 758949 100000 ZonesAtSurface
1474.6 1374.99 390.812 9 0 1 7 1.05123e+06 16.6785 132234 1.60551 2.28601e+06 1.05123e+06 ZonesAtSurface
1524.67 1375 365.822 1 0 1 8 767889 23.8859 96209.4 1.04693 2.7539e+06 767889 ZonesAtSurface
1574.72 1374.99 340.817 4 0 1 9 1.11056e+06 17.3066 116475 1.01472 4.04878e+06 1.11056e+06 ZonesAtSurface
1624.77 1374.99 365.807 9 0 1 9 1.26433e+06 43.6414 72821.5 1.08489 5.94638e+06 1.26433e+06 ZonesAtSurface
1674.81 1374.98 390.791 0 0 2 9 1.24961e+06 38.0975 61791.2 1.01739 5.49512e+06 1.24961e+06 ZonesAtSurface
1724.86 1374.97 515.709 5 5 1 7 884349 19.8761 107353 1.08935 2.32127e+06 884349 ZonesAtSurface
1774.96 1374.99 490.732 9 5 1 8 732637 27.596 138145 1.81001 1.30132e+06 732637 ZonesAtSurface
1825.05 1374.99 415.806 2 0 1 10 891981 23.0986 80352.2 1.02637 4.92849e+06 891981 ZonesAtSurface
1875.17 1374.99 490.715 4 0 1 9 100000 5 10000 1.0516 532007 100000 ZonesAtSurface
1925.29 1374.98 465.753 2 0 1 10 100000 5 10000 1.00786 718725 100000 ZonesAtSurface
1975.45 1374.98 490.702 3 0 1 10 505616 39.0557 69743 1.00137 2.53655e+06 505616 ZonesAtSurface
2025.55 1374.98 453.264 3 0 1 10 672776 15.6189 70366.6 1.0402 2.03855e+06 672776 ZonesAtSurface
2075.56 1374.98 353.421 2 0 1 10 1.43195e+06 42.375 128791 1.06729 5.86448e+06 1.43195e+06 ZonesAtSurface
2125.6 1374.99 303.485 5 1 1 9 1.42458e+06 28.2868 148733 1.04213 4.42823e+06 1.42458e+06 ZonesAtSurface
2175.47 1374.98 153.583 2 0 1 10 979559 43.0908 123749 1.13413 1.03573e+07 979559 ZonesAtSurface
2225.4 1374.98 53.6055 2 0 1 10 1.4326e+06 28.0958 58853.9 1.16002 8.41195e+06 1.4326e+06 ZonesAtSurface
2275.37 1374.98 3.61504 7 0 1 9 731374 26.5247 73001 1.05837 6.90405e+06 731374 ZonesAtSurface
2325.33 1374.98 -46.3825 10 0 1 8 1.36373e+06 21.7555 117810 1.24337 8.7108e+06 1.36373e+06 ZonesAtSurface
2375.31 1374.98 -46.3514 43 0 1 6 1.25457e+06 25.7197 101425 1.53537 4.73624e+06 1.25457e+06 ZonesAtSurface
2425.24 1374.98 -46.3016 60 0 1 4 1.39786e+06 28.1556 131960 1.7211 4.44927e+06 1.39786e+06 ZonesAtSurface
2475.18 1374.98 -46.2953 71 0 1 2 1.2759e+06 44.2851 142175 2.08771 5.80734e+06 1.2759e+06 ZonesAtSurface
2524.93 1374.97 -26.2065 60 71 1 1 763327 30.3017 104401 1.39224 1.97782e+06 763327 ZonesAtSurface
2574.95 1374.97 -36.2025 82 12 1 2 1.34178e+06 21.478 141717 1.69952 2.36455e+06 1.34178e+06 ZonesAtSurface
2624.87 1374.96 -46.2747 55 0 1 3 1.11723e+06 37.8453 52378.9 1.01859 6.45388e+06 1.11723e+06 ZonesAtSurface
2674.77 1374.97 -6.25717 31 12 1 3 1.4673e+06 33.6991 136487 1.70335 3.36707e+06 1.4673e+06 ZonesAtSurface
2724.74 1374.97 -16.2819 28 0 1 4 723613 36.1762 116577 1.0748 4.96025e+06 723613 ZonesAtSurface
2774.71 1374.97 -26.3303 7 0 1 5 1.22319e+06 23.7671 140330 1.03663 9.22919e+06 1.22319e+06 ZonesAtSurface
2824.46 1374.98 113.655 4 9 2 3 616982 27.4296 66434.5 1.40146 1.47878e+06 616982 ZonesAtSurface
2874.45 1374.99 153.649 0 10 2 3 957934 36.0818 84231.5 2.22322 1.78827e+06 957934 ZonesAtSurface
2924.45 1374.99 193.64 6 9 2 3 1.1998e+06 39.558 72558.7 1.90386 2.67608e+06 1.1998e+06 ZonesAtSurface
2974.47 1374.98 183.633 23 0 1 4 1.43456e+06 27.2458 60654.7 1.72886 3.65649e+06 1.43456e+06 ZonesAtSurface
3024.48 1374.97 173.61 15 0 1 5 858750 21.7592 104804 1.04921 3.95182e+06 858750 ZonesAtSurface
3074.49 1374.97 163.574 9 0 1 6 910269 17.2549 144066 1.03009 5.77365e+06 910269 ZonesAtSurface
3124.45 1374.97 253.535 2 0 1 5 630502 27.84 136156 1.03617 5.34159e+06 630502 ZonesAtSurface
3174.45 1374.98 343.476 3 2 2 4 832204 36.8502 91375.7 1.13159 2.88709e+06 832204 ZonesAtSurface
3224.49 1374.98 333.455 6 0 2 5 987795 40.86 132949 1.37765 5.809e+06 987795 ZonesAtSurface
3274.52 1374.98 323.433 1 0 1 6 627390 21.8944 68736.6 1.02658 4.12054e+06 627390 ZonesAtSurface
3324.54 1374.99 413.398 10 0 2 5 881794 28.2573 135688 1.3526 2.34271e+06 881794 ZonesAtSurface
3374.58 1374.98 353.382 9 0 1 7 543501 35.5205 130356 1.01521 6.40941e+06 543501 ZonesAtSurface
3424.61 1374.98 393.345 3 0 1 7 775498 42.6413 88261.1 1.04589 7.61991e+06 775498 ZonesAtSurface
3474.66 1374.98 383.326 0 0 1 8 585682 17.0312 84131.1 1.00326 4.1366e+06 585682 ZonesAtSurface
3524.69 1374.99 573.165 9 2 2 5 641137 34.9884 128898 1.71372 1.50479e+06 641137 ZonesAtSurface
3574.75 1374.99 563.14 8 4 2 6 858831 37.6799 124782 1.33604 2.48197e+06 858831 ZonesAtSurface
3624.84 1374.99 553.139 8 0 2 7 910374 15.6378 122421 1.05864 2.68482e+06 910374 ZonesAtSurface
3674.9 1374.99 493.164 0 0 1 9 1.30737e+06 39.7858 87441 1.2004 9.13146e+06 1.30737e+06 ZonesAtSurface
3725 1374.99 583.048 2 0 1 8 910912 42.4913 118325 1.03596 6.29843e+06 910912 ZonesAtSurface
3775.06 1374.98 782.805 4 0 2 4 716933 16.2972 136807 1.15274 1.73851e+06 716933 ZonesAtSurface
3825.07 1374.98 842.819 0 0 2 2 1.15686e+06 15.6296 95123.9 2.66066 1.16261e+06 1.15686e+06 ZonesAtSurface
3875.13 1374.98 802.869 0 0 2 2 969106 41.5343 95115.2 4.13035 1.27199e+06 969106 ZonesAtSurface
3925.14 1374.98 812.93 0 9 2 1 889720 33.4402 69902.6 3.17914 1.31945e+06 889720 ZonesAtSurface
3975.28 1374.99 722.998 0 0 2 2 520661 23.3256 74878.6 1.24615 1.7427e+06 520661 ZonesAtSurface
4025.3 1374.99 733.06 0 0 2 1 1.10762e+06 21.4852 84629.7 2.30825 1.47581e+06 1.10762e+06 ZonesAtSurface
4075.39 1374.99 693.123 10 1 2 1 558105 35.8497 74701.6 1.06636 1.87689e+06 558105 ZonesAtSurface
4125.53 1374.99 553.212 6 0 1 3 954483 19.308 99826.3 1.05239 3.6212e+06 954483 ZonesAtSurface
4175.6 1374.99 463.291 0 0 1 4 886764 40.8596 55953.5 1.68177 5.34756e+06 886764 ZonesAtSurface
4225.62 1374.99 473.328 0 0 2 3 1.09653e+06 16.5689 90355.2 1.4865 2.61227e+06 1.09653e+06 ZonesAtSurface
4275.63 1374.99 483.365 0 0 2 2 1.05075e+06 24.2577 103257 1.34397 2.72243e+06 1.05075e+06 ZonesAtSurface
4325.64 1374.99 493.399 3 5 1 1 691087 37.6759 106898 3.63014 882941 691087 ZonesAtSurface
4375.67 1374.99 453.429 0 0 1 1 987529 40.2641 123129 2.5792 2.06419e+06 987529 ZonesAtSurface
4425.69 1374.99 413.461 0 0 2 1 1.35719e+06 31.0215 59868.1 2.69031 2.23794e+06 1.35719e+06 ZonesAtSurface
4475.7 1374.99 373.488 10 1 2 1 745071 43.5452 51941.2 2.31789 1.76904e+06 745071 ZonesAtSurface
4525.67 1374.98 183.553 10 0 1 4 1.14241e+06 15.6985 114742 1.01533 4.22876e+06 1.14241e+06 ZonesAtSurface
4575.54 1374.98 43.5892 0 0 1 6 745310 26.3702 91406 1.02792 7.55373e+06 745310 ZonesAtSurface
4625.48 1374.98 3.60286 0 0 1 6 100000 5 10000 1.01946 1.22911e+06 100000 ZonesAtSurface
4675.41 1374.98 -36.3941 8 0 1 6 100000 5 10000 1.08452 1.52468e+06 100000 ZonesAtSurface
4725.38 1374.97 -26.3593 16 0 1 5 929090 44.0393 131139 1.05134 1.03142e+07 929090 ZonesAtSurface
4775.32 1374.97 -16.3262 28 0 1 4 1.12055e+06 35.1849 92898.7 1.0914 8.74141e+06 1.12055e+06 ZonesAtSurface
4825.23 1374.97 -6.29978 35 0 1 3 1.03204e+06 42.4664 94147.6 1.16988 6.68959e+06 1.03204e+06 ZonesAtSurface
4875.16 1374.98 3.69886 49 0 1 2 566879 43.1777 105575 1.47644 4.94447e+06 566879 ZonesAtSurface
4925.07 1374.98 13.7133 55 0 1 1 637986 39.6296 89509 2.58291 4.85016e+06 637986 ZonesAtSurface
74.9506 1425 -7.75264 87 24 1 1 1.26598e+06 34.8757 119297 1.38727 4.17153e+06 1.26598e+06 ZonesAtSurface
124.855 1425 -32.7435 88 30 1 2 1.42282e+06 37.8781 53919.4 1.33646 5.20457e+06 1.42282e+06 ZonesAtSurface
174.729 1425 -7.68144 90 0 1 2 100000 5 10000 1.36273 220412 100000 ZonesAtSurface
224.658 1424.99 -32.724 79 0 1 3 100000 5 10000 1.04516 505371 100000 ZonesAtSurface
274.554 1424.99 -7.69051 55 5 1 3 559026 19.0764 54931.3 3.61166 565804 559026 ZonesAtSurface
324.502 1424.99 -32.7683 53 0 1 4 549777 26.2047 146395 1.04782 3.78593e+06 549777 ZonesAtSurface
374.438 1424.99 -7.79331 32 13 1 4 1.19136e+06 15.3234 81004.1 1.62764 2.05297e+06 1.19136e+06 ZonesAtSurface
424.415 1424.99 -32.8469 19 0 1 5 1.12736e+06 40.221 93970.1 1.10359 8.95651e+06 1.12736e+06 ZonesAtSurface
474.374 1424.99 -7.8578 1 0 1 5 1.06487e+06 32.5674 88220.4 1.21031 6.44888e+06 1.06487e+06 ZonesAtSurface
524.376 1424.99 -32.8928 2 0 1 6 1.18837e+06 39.4315 145024 1.43757 9.22859e+06 1.18837e+06 ZonesAtSurface
574.304 1424.99 42.101 7 0 1 5 1.03338e+06 22.2279 102152 1.25246 5.36487e+06 1.03338e+06 ZonesAtSurface
624.282 1424.99 67.0907 5 0 1 5 1.29497e+06 32.1089 53006.9 1.24226 5.47955e+06 1.29497e+06 ZonesAtSurface
674.294 1424.98 42.0646 4 0 1 6 720652 26.1575 103809 1.17043 7.13048e+06 720652 ZonesAtSurface
724.178 1424.99 217.033 8 6 2 3 834867 44.0575 131828 1.77103 2.00122e+06 834867 ZonesAtSurface
774.192 1424.99 242.016 7 1 2 3 678779 30.0028 79700.8 1.17773 1.99149e+06 678779 ZonesAtSurface
824.21 1424.99 316.999 0 6 2 2 1.07853e+06 18.2603 119124 2.15733 1.34214e+06 1.07853e+06 ZonesAtSurface
874.217 1424.99 291.99 0 0 2 3 1.26199e+06 31.3969 122828 3.01686 1.82531e+06 1.26199e+06 ZonesAtSurface
924.23 1424.99 316.981 0 0 2 3 1.19558e+06 42.4058 129866 4.18812 1.69189e+06 1.19558e+06 ZonesAtSurface
974.242 1424.99 291.97 0 0 1 4 751793 40.5529 57727.1 2.0201 2.3836e+06 751793 ZonesAtSurface
1024.26 1424.99 316.961 2 0 1 4 641044 21.9549 130844 1.38596 1.74075e+06 641044 ZonesAtSurface
1074.27 1425 291.944 0 0 1 5 825275 33.3379 135877 1.53015 3.1486e+06 825275 ZonesAtSurface
1124.3 1424.99 266.927 1 0 1 6 1.34486e+06 33.7521 93087.4 1.46991 4.89571e+06 1.34486e+06 ZonesAtSurface
1174.31 1425 341.906 4 3 1 5 1.05691e+06 33.4466 98538.4 1.21076 3.24909e+06 1.05691e+06 ZonesAtSurface
1224.34 1425 316.896 6 0 1 6 930920 31.6554 66804.3 1.28037 3.10275e+06 930920 ZonesAtSurface
1274.39 1425 291.889 1 0 1 7 100000 5 10000 1.03238 996800 100000 ZonesAtSurface
1324.42 1424.99 316.869 8 0 1 7 100000 5 10000 1.07339 1.08312e+06 100000 ZonesAtSurface
1374.49 1425 291.876 6 0 1 8 100000 5 10000 1.11664 1.06768e+06 100000 ZonesAtSurface
1424.48 1424.98 416.792 9 0 2 6 773503 16.6645 131645 1.61167 1.46286e+06 773503 ZonesAtSurface
1474.6 1425 341.833 9 0 1 8 1.49851e+06 43.6688 80182.5 1.1637 6.49124e+06 1.49851e+06 ZonesAtSurface
1524.6 1425 416.782 6 0 1 7 100000 5 10000 1.16704 427010 100000 ZonesAtSurface
1574.72 1424.99 341.829 9 0 1 9 1.34839e+06 36.9039 65701.2 1.07172 6.67709e+06 1.34839e+06 ZonesAtSurface
1624.78 1424.99 316.831 0 0 1 10 1.15585e+06 19.5681 113205 1.05809 6.44431e+06 1.15585e+06 ZonesAtSurface
1674.75 1424.98 491.714 6 0 1 7 100000 5 10000 1.01852 229792 100000 ZonesAtSurface
1724.87 1424.98 416.784 0 0 1 9 1.35016e+06 44.0328 66267.3 1.01902 7.64936e+06 1.35016e+06 ZonesAtSurface
1774.96 1424.98 391.813 1 0 1 10 1.1444e+06 29.1126 108529 1.01801 6.30756e+06 1.1444e+06 ZonesAtSurface
1825.05 1424.99 416.813 2 0 1 10 1.30634e+06 17.3924 81396.7 1.0657 4.86868e+06 1.30634e+06 ZonesAtSurface
1875.2 1424.99 491.722 0 2 2 9 1.49705e+06 24.929 127596 1.11283 4.07233e+06 1.49705e+06 ZonesAtSurface
1925.34 1424.98 516.688 0 4 2 9 884780 31.7811 144918 1.17733 2.47562e+06 884780 ZonesAtSurface
1975.47 1424.98 541.645 8 8 1 9 735741 30.2404 84748.1 1.17734 2.05951e+06 735741 ZonesAtSurface
2025.56 1424.98 454.274 2 0 1 10 950909 42.6294 126835 1.03162 4.03937e+06 950909 ZonesAtSurface
2075.56 1424.98 354.421 2 0 1 10 100000 5 10000 0.973624 726793 100000 ZonesAtSurface
2125.51 1424.98 254.523 2 0 1 10 653463 39.7515 86436.8 1.05234 6.57483e+06 653463 ZonesAtSurface
2175.45 1424.98 154.579 2 0 1 10 1.17056e+06 15.1066 50613 1.02401 4.58085e+06 1.17056e+06 ZonesAtSurface
2225.38 1424.97 54.6004 2 0 1 10 836849 27.3857 149858 1.04059 7.50037e+06 836849 ZonesAtSurface
2275.36 1424.98 4.60798 6 0 1 9 559193 25.5028 142906 1.05279 6.7464e+06 559193 ZonesAtSurface
2325.32 1424.98 -45.3914 0 0 1 8 581754 44.9123 111595 3.92133 8.81613e+06 581754 ZonesAtSurface
2375.3 1424.97 -45.3567 46 0 1 6 1.27645e+06 17.5824 52694.8 1.49039 4.06e+06 1.27645e+06 ZonesAtSurface
2425.24 1424.96 -45.312 58 0 1 4 924217 33.163 109465 1.81094 3.638e+06 924217 ZonesAtSurface
2475.18 1424.96 -45.2878 84 0 1 2 717819 35.6048 61668.9 2.0126 3.42631e+06 717819 ZonesAtSurface
2524.93 1424.94 -25.1746 58 72 1 1 1.26228e+06 20.3243 68846.4 0 1.58957e+06 1.26228e+06 ZonesAtSurface
2574.97 1424.93 -35.1814 54 18 1 2 1.34986e+06 35.0185 79468 1.74577 3.12019e+06 1.34986e+06 ZonesAtSurface
2624.89 1424.95 -45.255 69 0 1 3 1.41326e+06 15.2444 124461 1.08047 4.49885e+06 1.41326e+06 ZonesAtSurface
2674.76 1424.97 -5.24471 36 20 1 3 1.43946e+06 28.0391 139013 2.3176 2.33141e+06 1.43946e+06 ZonesAtSurface
2724.73 1424.97 -15.2901 14 0 1 4 926450 15.7098 106855 1.05875 4.3762e+06 926450 ZonesAtSurface
2774.71 1424.97 -25.3323 8 0 1 5 821115 32.3327 114084 1.09643 1.17393e+07 821115 ZonesAtSurface
2824.48 1424.99 114.653 3 4 2 3 649212 30.297 86010.1 1.35138 1.74516e+06 649212 ZonesAtSurface
2874.5 1424.99 104.651 10 0 1 4 948855 15.3194 63758.7 1.1387 2.66461e+06 948855 ZonesAtSurface
2924.46 1424.99 194.64 8 7 2 3 650071 31.9408 58890.2 5.70573 480477 650071 ZonesAtSurface
2974.48 1424.97 184.632 10 4 1 4 1.13986e+06 44.4777 97228.8 3.80573 3.17264e+06 1.13986e+06 ZonesAtSurface
3024.48 1424.96 174.604 5 0 1 5 1.3027e+06 37.9561 92430.2 1.04692 6.80478e+06 1.3027e+06 ZonesAtSurface
3074.43 1424.96 264.559 6 0 1 4 100000 5 10000 1.06575 256918 100000 ZonesAtSurface
3124.45 1424.97 304.51 9 0 1 4 726912 22.7778 76777.3 1.03925 2.16707e+06 726912 ZonesAtSurface
3174.47 1424.98 344.48 7 0 1 4 1.13856e+06 21.2919 54363.9 1.04023 3.41169e+06 1.13856e+06 ZonesAtSurface
3224.51 1424.97 284.47 2 0 1 6 1.38669e+06 37.0314 147559 1.62423 6.92792e+06 1.38669e+06 ZonesAtSurface
3274.53 1424.98 324.441 7 0 1 6 630856 28.2833 123995 1.08346 4.95079e+06 630856 ZonesAtSurface
3324.56 1424.98 314.419 1 0 1 7 744450 21.2256 98378.7 1.01126 5.04984e+06 744450 ZonesAtSurface
3374.57 1424.98 454.372 8 0 2 5 528656 32.6056 135150 1.59455 1.30987e+06 528656 ZonesAtSurface
3424.63 1424.98 344.364 2 0 1 8 547733 34.4889 98543.9 1.00946 7.73377e+06 547733 ZonesAtSurface
3474.65 1424.98 434.305 8 0 1 7 659578 31.6772 139582 1.06209 5.32996e+06 659578 ZonesAtSurface
3524.69 1424.99 524.197 7 0 1 6 100000 5 10000 1.24361 444684 100000 ZonesAtSurface
3574.78 1424.98 514.191 3 0 1 7 1.33885e+06 24.6461 125453 1.01554 6.04878e+06 1.33885e+06 ZonesAtSurface
3624.85 1424.98 504.184 2 0 1 8 1.16078e+06 32.8089 130971 1.04982 6.06094e+06 1.16078e+06 ZonesAtSurface
3674.91 1424.99 494.157 1 0 1 9 1.4926e+06 30.5004 64261.9 1.08461 8.03702e+06 1.4926e+06 ZonesAtSurface
3725 1424.99 584.052 10 0 1 8 1.04807e+06 44.6915 105171 1.0395 7.4732e+06 1.04807e+06 ZonesAtSurface
3775.05 1424.98 783.808 1 0 2 4 901358 30.4269 97083.3 1.0591 3.30207e+06 901358 ZonesAtSurface
3825.07 1424.98 843.822 0 0 2 2 599873 26.0065 144949 2.01491 991002 599873 ZonesAtSurface
3875.08 1424.98 853.87 2 3 2 1 894667 23.7646 141350 2.78895 1.09598e+06 894667 ZonesAtSurface
3925.2 1424.98 763.934 0 0 1 2 1.44292e+06 25.913 75668.5 2.503 2.12952e+06 1.44292e+06 ZonesAtSurface
3975.22 1424.98 774.001 2 3 2 1 907503 24.0738 90570 1.78523 1.65669e+06 907503 ZonesAtSurface
4025.3 1424.99 734.066 0 4 2 1 853118 32.7721 97135.8 2.08066 1.66753e+06 853118 ZonesAtSurface
4075.46 1424.99 594.15 1 0 1 3 954314 24.027 126881 1.00756 3.76231e+06 954314 ZonesAtSurface
4125.54 1424.99 504.24 1 0 1 4 1.11738e+06 18.9434 97808.4 1.00941 4.57214e+06 1.11738e+06 ZonesAtSurface
4175.57 1424.99 514.285 5 0 1 3 1.32277e+06 35.4645 83690.8 1.45787 4.29814e+06 1.32277e+06 ZonesAtSurface
4225.61 1424.99 474.334 0 0 2 3 1.22554e+06 23.7001 77217.6 1.97636 2.86581e+06 1.22554e+06 ZonesAtSurface
4275.63 1424.99 484.371 0 3 2 2 1.38251e+06 40.3112 88139.6 2.9903 2.36212e+06 1.38251e+06 ZonesAtSurface
4325.66 1424.99 444.406 0 0 2 2 618020 38.2753 127361 1.97591 2.5909e+06 618020 ZonesAtSurface
4375.67 1424.99 454.435 0 5 1 1 1.40237e+06 19.8328 138873 1.79928 2.25065e+06 1.40237e+06 ZonesAtSurface
4425.68 1425 414.467 2 1 2 1 896750 44.5552 122273 2.17465 2.75489e+06 896750 ZonesAtSurface
4475.69 1425 374.495 4 0 2 1 1.11366e+06 18.0236 83331.7 1.89033 1.88817e+06 1.11366e+06 ZonesAtSurface
4525.71 1424.99 284.524 1 0 2 2 662070 37.1453 107315 1.25735 3.04409e+06 662070 ZonesAtSurface
4575.65 1424.98 144.576 7 0 1 4 717640 44.624 134906 1.07116 5.74959e+06 717640 ZonesAtSurface
4625.48 1424.98 4.60668 4 0 1 6 870851 39.4027 103102 1.48609 9.62633e+06 870851 ZonesAtSurface
4675.41 1424.98 -35.3892 7 0 1 6 1.46468e+06 20.8336 105266 1.04914 9.69737e+06 1.46468e+06 ZonesAtSurface
4725.37 1424.98 -25.3545 20 0 1 5 1.43174e+06 15.7488 127320 1.01375 7.2623e+06 1.43174e+06 ZonesAtSurface
4775.3 1424.98 -15.3238 33 0 1 4 765254 25.4499 58819.5 1.14313 5.06255e+06 765254 ZonesAtSurface
4825.24 1424.98 -5.31091 44 0 1 3 1.17453e+06 28.2597 131833 1.27831 4.97774e+06 1.17453e+06 ZonesAtSurface
4875.16 1424.98 4.68906 53 0 1 2 1.43341e+06 35.4786 57345.2 1.22749 6.22375e+06 1.43341e+06 ZonesAtSurface
4925.07 1424.98 14.7102 48 0 1 1 692479 36.7679 118142 2.18414 4.63576e+06 692479 ZonesAtSurface
74.9563 1475 -6.70914 101 0 1 1 100000 5 10000 1.63211 178321 100000 ZonesAtSurface
124.825 1475 -31.7029 90 0 1 2 100000 5 10000 1.37075 366155 100000 ZonesAtSurface
174.677 1475 -6.65449 90 49 1 2 736522 17.2394 113165 1.29703 1.68047e+06 736522 ZonesAtSurface
224.617 1475 -31.7129 78 0 1 3 1.17113e+06 44.186 62347.1 1.83959 5.87362e+06 1.17113e+06 ZonesAtSurface
274.536 1475.01 -6.69147 60 40 1 3 1.46109e+06 40.9882 75519.9 2.27512 3.59616e+06 1.46109e+06 ZonesAtSurface
324.492 1475 -31.773 48 0 1 4 1.04535e+06 36.315 117954 1.06506 5.75494e+06 1.04535e+06 ZonesAtSurface
374.454 1475 -6.79248 38 9 1 4 1.25148e+06 19.0244 90762.5 1.61094 2.54878e+06 1.25148e+06 ZonesAtSurface
424.428 1475 -31.8374 17 0 1 5 1.26815e+06 34.2335 119177 1.0695 8.13778e+06 1.26815e+06 ZonesAtSurface
474.397 1475 -6.84039 14 0 1 5 1.33319e+06 42.7785 134788 1.24022 7.02249e+06 1.33319e+06 ZonesAtSurface
524.382 1474.99 -31.8831 14 0 1 6 1.00783e+06 23.6128 50266.3 1.03855 8.08953e+06 1.00783e+06 ZonesAtSurface
574.342 1474.99 -6.90236 3 0 1 6 586861 43.8314 78452.3 1.90185 9.30714e+06 586861 ZonesAtSurface
624.311 1474.99 18.0816 2 0 1 6 572214 36.8514 98149 1.39633 7.62405e+06 572214 ZonesAtSurface
674.245 1474.99 93.0712 6 0 1 5 1.03961e+06 28.5685 82046.5 1.0879 6.1801e+06 1.03961e+06 ZonesAtSurface
724.186 1475 218.04 9 4 2 3 1.09533e+06 24.8619 118069 1.34059 2.5096e+06 1.09533e+06 ZonesAtSurface
774.199 1475 243.026 0 0 2 3 1.30206e+06 36.922 129140 2.5047 2.66791e+06 1.30206e+06 ZonesAtSurface
824.214 1475 318.01 0 5 2 2 1.39242e+06 19.7411 119420 1.7729 2.20281e+06 1.39242e+06 ZonesAtSurface
874.222 1475 293.004 0 0 1 3 1.07487e+06 26.394 96300.2 2.28159 2.06502e+06 1.07487e+06 ZonesAtSurface
924.233 1475 267.992 0 0 1 4 1.06202e+06 31.0058 143936 2.27787 2.53811e+06 1.06202e+06 ZonesAtSurface
974.245 1475 292.983 8 0 2 4 617553 26.9717 92261 1.27122 2.22996e+06 617553 ZonesAtSurface
1024.26 1475 317.974 7 3 1 4 695655 41.617 88430.2 1.91022 1.76214e+06 695655 ZonesAtSurface
1074.27 1475 292.956 6 0 1 5 983180 29.9019 94770.4 1.91662 2.75069e+06 983180 ZonesAtSurface
1124.29 1475 267.934 6 0 2 6 948463 18.9775 81721.4 1.02123 3.71708e+06 948463 ZonesAtSurface
1174.31 1475 292.917 8 0 1 6 1.32028e+06 43.7507 54080.8 2.96078 3.91655e+06 1.32028e+06 ZonesAtSurface
1224.34 1475 267.901 3 0 1 7 535417 29.0844 147497 1.20877 5.27431e+06 535417 ZonesAtSurface
1274.37 1475 292.879 5 0 1 7 100000 5 10000 1.01592 962294 100000 ZonesAtSurface
1324.4 1475 317.857 0 0 2 7 564973 30.2727 143841 1.24719 4.12518e+06 564973 ZonesAtSurface
1374.44 1474.99 392.838 0 8 2 6 1.19035e+06 27.9156 84758.4 2.08704 2.05604e+06 1.19035e+06 ZonesAtSurface
1424.47 1474.99 367.808 9 2 2 7 558239 38.8854 69940.5 1.62978 1.62526e+06 558239 ZonesAtSurface
1474.51 1474.99 442.783 0 7 2 6 1.00145e+06 37.7571 134048 2.87776 1.93434e+06 1.00145e+06 ZonesAtSurface
1524.59 1474.99 367.8 6 0 1 8 100000 5 10000 1.23006 614155 100000 ZonesAtSurface
1574.7 1474.99 342.83 9 0 1 9 655284 40.8013 149819 1.51177 6.19968e+06 655284 ZonesAtSurface
1624.62 1474.99 467.708 6 0 2 7 666400 15.3906 133561 1.17655 1.64426e+06 666400 ZonesAtSurface
1674.72 1475 492.678 10 3 2 7 100000 5 10000 0 463780 100000 ZonesAtSurface
1724.82 1474.99 517.656 2 8 1 7 1.39685e+06 37.1138 93063.7 1.39441 4.02993e+06 1.39685e+06 ZonesAtSurface
1774.93 1474.98 492.678 4 0 2 8 100000 5 10000 1.38156 404127 100000 ZonesAtSurface
1825.07 1474.98 467.723 8 2 1 9 1.33053e+06 28.8485 57350.6 1.18226 4.16146e+06 1.33053e+06 ZonesAtSurface
1875.21 1474.98 442.808 2 0 1 10 797248 35.9172 145602 1.01127 4.48598e+06 797248 ZonesAtSurface
1925.34 1474.97 467.784 2 0 1 10 815176 44.4188 115989 1.04076 4.15121e+06 815176 ZonesAtSurface
1975.46 1474.98 542.676 7 7 2 9 1.28753e+06 37.5046 123698 1.1354 4.3507e+06 1.28753e+06 ZonesAtSurface
2025.55 1474.98 455.291 1 1 1 10 549991 44.896 53772.6 1.12933 2.45655e+06 549991 ZonesAtSurface
2075.55 1474.98 355.424 2 0 1 10 1.20529e+06 42.6657 94219.2 1.02807 6.6884e+06 1.20529e+06 ZonesAtSurface
2125.5 1474.97 255.519 2 0 1 10 1.09899e+06 22.3946 117149 1.02945 5.07705e+06 1.09899e+06 ZonesAtSurface
2175.43 1474.97 155.573 2 0 1 10 578327 17.9927 145139 1.03904 3.40674e+06 578327 ZonesAtSurface
2225.37 1474.97 55.5921 2 0 1 10 659529 21.4722 126003 1.03061 6.18285e+06 659529 ZonesAtSurface
2275.35 1474.97 5.59766 0 0 1 9 1.47388e+06 33.912 143506 1.67404 7.94283e+06 1.47388e+06 ZonesAtSurface
2325.31 1474.97 -44.4022 2 0 1 8 991168 32.2058 141795 2.0829 8.77887e+06 991168 ZonesAtSurface
2375.29 1474.96 -44.3729 30 0 1 6 1.26952e+06 29.788 107591 1.65386 4.92932e+06 1.26952e+06 ZonesAtSurface
2425.24 1474.94 -44.3184 53 0 1 4 1.04039e+06 35.6474 124577 2.01466 2.74441e+06 1.04039e+06 ZonesAtSurface
2475.21 1474.88 -44.226 85 12 1 2 911431 31.4787 141594 1.66476 2.15515e+06 911431 ZonesAtSurface
2524.92 1474.89 -24.1215 95 51 1 1 992354 22.3511 88857 1.237 2.30834e+06 992354 ZonesAtSurface
2575 1474.83 -34.0967 82 22 1 2 1.31309e+06 34.0994 90642.9 1.26596 4.32339e+06 1.31309e+06 ZonesAtSurface
2624.92 1474.91 -44.2019 59 0 1 3 507421 31.852 90630.3 1.14235 2.45167e+06 507421 ZonesAtSurface
2674.76 1474.97 -4.19997 55 0 1 3 100000 5 10000 1.79611 172907 100000 ZonesAtSurface
2724.73 1474.98 -14.288 33 0 1 4 100000 5 10000 1.13323 643976 100000 ZonesAtSurface
2774.71 1474.98 -24.3261 3 0 1 5 100000 5 10000 1.06992 1.44612e+06 100000 ZonesAtSurface
2824.55 1475 65.66 0 0 2 4 569412 22.0402 128982 1.14113 2.23868e+06 569412 ZonesAtSurface
2874.52 1475 105.647 0 0 2 4 1.31824e+06 15.5549 63706.2 1.56319 2.5061e+06 1.31824e+06 ZonesAtSurface
2924.53 1474.98 95.6322 10 0 1 5 717580 33.9026 125277 1.02202 6.234e+06 717580 ZonesAtSurface
2974.51 1474.97 135.616 9 0 1 5 705111 16.1899 72296.2 1.04979 3.5104e+06 705111 ZonesAtSurface
3024.49 1474.96 175.594 6 0 1 5 785714 25.9071 86002.2 1.02102 5.59582e+06 785714 ZonesAtSurface
3074.45 1474.97 265.551 10 0 1 4 100000 5 10000 1.13671 441834 100000 ZonesAtSurface
3124.47 1474.98 405.497 9 8 2 2 765764 24.2734 82284.8 1.95106 1.18588e+06 765764 ZonesAtSurface
3174.5 1474.97 295.494 5 0 1 5 1.33231e+06 24.5717 108416 1.11807 4.92858e+06 1.33231e+06 ZonesAtSurface
3224.52 1474.97 285.473 0 0 1 6 714011 34.451 75447.1 1.30274 5.74568e+06 714011 ZonesAtSurface
3274.53 1474.98 375.455 9 10 1 5 842428 42.7519 111396 2.84407 1.56153e+06 842428 ZonesAtSurface
3324.57 1474.97 315.422 2 0 1 7 517294 27.6655 86624 1.00269 5.453e+06 517294 ZonesAtSurface
3374.57 1474.98 455.368 10 3 1 5 1.49797e+06 29.3003 80988.7 1.50034 3.55936e+06 1.49797e+06 ZonesAtSurface
3424.64 1474.98 345.369 0 0 1 8 1.37154e+06 36.3361 111963 1.39373 8.07467e+06 1.37154e+06 ZonesAtSurface
3474.65 1474.98 535.225 6 0 2 5 581666 23.193 115106 1.24777 1.38604e+06 581666 ZonesAtSurface
3524.72 1474.98 475.245 1 0 1 7 100000 5 10000 1.0151 795679 100000 ZonesAtSurface
3574.78 1474.98 565.15 4 1 2 6 949140 35.8532 126245 1.12873 3.05972e+06 949140 ZonesAtSurface
3624.85 1474.98 555.146 9 3 1 7 1.21097e+06 28.6915 62683.8 1.10848 3.61188e+06 1.21097e+06 ZonesAtSurface
3674.92 1474.98 495.16 1 0 1 9 735999 31.2604 51634.9 1.00625 6.1242e+06 735999 ZonesAtSurface
3725 1474.98 585.056 1 0 1 8 500484 43.4638 123296 1.0442 4.83879e+06 500484 ZonesAtSurface
3775.05 1474.98 784.814 3 0 1 4 837255 41.509 144898 1.02865 3.64059e+06 837255 ZonesAtSurface
3825.07 1474.98 844.822 3 0 2 2 724202 33.01 94565 2.20852 1.5994e+06 724202 ZonesAtSurface
3875.13 1474.98 804.875 0 0 2 2 1.40042e+06 43.0955 116543 4.72768 1.74237e+06 1.40042e+06 ZonesAtSurface
3925.2 1474.99 764.94 0 0 2 2 1.06921e+06 29.9372 124189 1.82592 2.47489e+06 1.06921e+06 ZonesAtSurface
3975.27 1474.99 725.011 0 0 2 2 629795 24.1465 70419.2 1.28485 2.10597e+06 629795 ZonesAtSurface
4025.35 1474.99 685.079 0 0 2 2 1.13867e+06 16.6555 137865 1.21543 2.75784e+06 1.13867e+06 ZonesAtSurface
4075.46 1474.99 595.158 0 0 2 3 867913 15.2869 80760.7 1.02029 3.06548e+06 867913 ZonesAtSurface
4125.53 1474.99 505.248 1 0 1 4 1.00258e+06 29.0859 109223 1.19473 5.1745e+06 1.00258e+06 ZonesAtSurface
4175.56 1474.99 515.289 0 0 1 3 1.08258e+06 43.4834 94171.4 1.98257 3.96631e+06 1.08258e+06 ZonesAtSurface
4225.58 1474.99 525.338 0 6 2 2 1.2542e+06 33.9978 52597.5 4.60311 1.28805e+06 1.2542e+06 ZonesAtSurface
4275.62 1474.99 485.374 3 0 2 2 531426 21.9383 54885.8 1.31106 1.50922e+06 531426 ZonesAtSurface
4325.65 1474.99 445.41 0 0 2 2 1.42148e+06 28.8163 57773.5 2.10048 3.14234e+06 1.42148e+06 ZonesAtSurface
4375.66 1475 455.441 0 0 2 1 1.14987e+06 31.4068 129095 1.73784 2.91428e+06 1.14987e+06 ZonesAtSurface
4425.68 1474.99 365.477 0 0 1 2 1.1404e+06 44.2061 134080 3.16115 3.47248e+06 1.1404e+06 ZonesAtSurface
4475.68 1475 375.501 0 0 2 1 1.12287e+06 42.9198 89990.6 3.57115 2.00845e+06 1.12287e+06 ZonesAtSurface
4525.66 1474.99 185.553 2 0 1 4 744887 26.2808 87639.4 1.01013 4.93991e+06 744887 ZonesAtSurface
4575.69 1474.99 195.557 1 8 2 3 1.04722e+06 23.1159 97165 1.71858 1.94525e+06 1.04722e+06 ZonesAtSurface
4625.48 1474.98 5.60702 6 0 1 6 872364 27.6597 139225 1.0248 8.13872e+06 872364 ZonesAtSurface
4675.41 1474.98 -34.3863 1 0 1 6 745199 35.9694 108224 1.60002 1.22019e+07 745199 ZonesAtSurface
4725.36 1474.99 -24.3526 12 0 1 5 722279 34.0173 141580 1.03352 9.30483e+06 722279 ZonesAtSurface
4775.3 1474.99 -14.3207 27 0 1 4 981526 21.408 59828 1.04922 4.75416e+06 981526 ZonesAtSurface
4825.24 1474.99 -4.31557 39 0 1 3 1.34447e+06 34.9763 104891 1.26577 5.54575e+06 1.34447e+06 ZonesAtSurface
4875.16 1474.98 5.69057 46 0 1 2 1.35097e+06 39.896 98293.3 1.17698 6.47491e+06 1.35097e+06 ZonesAtSurface
4925.07 1474.98 15.7083 49 0 1 1 914187 23.9729 116906 1.35267 4.28252e+06 914187 ZonesAtSurface
74.9652 1524.99 -5.65112 98 10 1 1 100000 5 10000 1.10104 268452 100000 ZonesAtSurface
124.792 1525 -30.6642 90 0 1 2 100000 5 10000 1.03678 341151 100000 ZonesAtSurface
174.652 1525.01 -5.63674 90 67 1 2 712149 21.677 121178 2.36058 952722 712149 ZonesAtSurface
224.595 1525.01 -30.7154 76 0 1 3 1.08425e+06 34.2374 68971.6 2.13516 3.29208e+06 1.08425e+06 ZonesAtSurface
274.537 1525.02 -5.71034 56 46 1 3 1.08726e+06 42.6363 64176.1 2.76816 2.23867e+06 1.08726e+06 ZonesAtSurface
324.502 1525 -30.7783 67 0 1 4 1.45397e+06 21.138 86801.5 1.13474 4.91907e+06 1.45397e+06 ZonesAtSurface
374.468 1525 -5.78733 45 11 1 4 1.23224e+06 40.8876 115022 1.89875 3.39459e+06 1.23224e+06 ZonesAtSurface
424.445 1525 -30.8245 22 0 1 5 1.28846e+06 41.2251 120980 1.26758 7.33704e+06 1.28846e+06 ZonesAtSurface
474.415 1525 -5.82024 41 0 1 5 1.45725e+06 18.5713 110637 1.66119 2.94797e+06 1.45725e+06 ZonesAtSurface
524.387 1524.99 -30.8701 24 0 1 6 592661 16.7408 119791 1.03435 4.08731e+06 592661 ZonesAtSurface
574.341 1524.99 -5.89314 19 0 1 6 949533 33.6598 67594.8 1.02998 6.57072e+06 949533 ZonesAtSurface
624.306 1524.99 19.0855 0 0 1 6 1.34196e+06 43.6506 116212 2.15408 8.80959e+06 1.34196e+06 ZonesAtSurface
674.193 1525.01 144.067 6 6 2 4 1.13194e+06 38.9189 53967.4 1.76903 2.90141e+06 1.13194e+06 ZonesAtSurface
724.203 1525.01 169.054 10 0 1 4 625814 40.6103 55451.1 1.11242 3.22361e+06 625814 ZonesAtSurface
774.21 1525.01 194.038 0 0 1 4 898114 34.1217 123439 1.82622 3.63883e+06 898114 ZonesAtSurface
824.214 1525.01 269.023 0 5 1 3 1.41951e+06 40.1658 71731.5 3.00916 2.07458e+06 1.41951e+06 ZonesAtSurface
874.225 1525.01 294.016 0 3 2 3 935251 41.9008 85984.4 3.60669 1.15645e+06 935251 ZonesAtSurface
924.235 1525 269.004 1 0 2 4 930880 26.7808 141806 1.58223 2.50422e+06 930880 ZonesAtSurface
974.248 1525.01 293.995 5 5 2 4 1.18921e+06 15.7614 99391.6 1.49961 2.11983e+06 1.18921e+06 ZonesAtSurface
1024.26 1525 268.978 5 0 1 5 605228 35.5416 60377.8 1.96293 3.24433e+06 605228 ZonesAtSurface
1074.27 1524.99 243.955 0 0 1 6 801309 43.4101 63739.6 3.31296 3.56582e+06 801309 ZonesAtSurface
1124.29 1524.99 268.941 1 0 1 6 1.10048e+06 20.7355 99984.1 1.22906 3.97077e+06 1.10048e+06 ZonesAtSurface
1174.31 1524.99 243.919 0 0 1 7 907513 16.2555 129087 1.16746 4.32798e+06 907513 ZonesAtSurface
1224.35 1524.99 368.906 10 9 2 5 868337 31.4149 69500.4 1.21439 2.52967e+06 868337 ZonesAtSurface
1274.37 1524.99 343.886 0 4 2 6 1.22282e+06 39.8614 56237.9 2.18685 2.62893e+06 1.22282e+06 ZonesAtSurface
1324.4 1524.99 368.871 0 8 2 6 1.39881e+06 17.1253 146903 1.62661 2.43757e+06 1.39881e+06 ZonesAtSurface
1374.42 1525 343.839 3 0 2 7 564015 17.8468 147522 1.03973 2.60404e+06 564015 ZonesAtSurface
1424.47 1524.99 418.823 9 6 2 6 1.01185e+06 21.0166 111129 2.31537 1.59497e+06 1.01185e+06 ZonesAtSurface
1474.48 1524.99 343.794 4 0 1 8 1.15748e+06 25.6596 51319.2 1.41778 3.73703e+06 1.15748e+06 ZonesAtSurface
1524.53 1524.99 418.779 9 2 1 7 1.27961e+06 15.0855 108638 1.60162 2.31053e+06 1.27961e+06 ZonesAtSurface
1574.66 1524.99 343.817 3 0 1 9 100000 5 10000 1.10723 1.04223e+06 100000 ZonesAtSurface
1624.6 1525 418.743 7 7 1 8 1.45416e+06 38.5307 128225 1.9805 4.08625e+06 1.45416e+06 ZonesAtSurface
1674.68 1525 443.717 6 0 1 8 100000 5 10000 1.12061 376682 100000 ZonesAtSurface
1724.84 1524.99 418.777 4 0 1 9 100000 5 10000 1.0243 1.33419e+06 100000 ZonesAtSurface
1774.93 1524.98 443.724 0 0 1 9 100000 5 10000 1.01783 1.1565e+06 100000 ZonesAtSurface
1824.97 1524.98 518.61 7 8 2 8 976274 41.022 143526 1.51918 2.87657e+06 976274 ZonesAtSurface
1875.16 1524.98 493.708 2 0 2 9 100000 5 10000 1.03637 679069 100000 ZonesAtSurface
1925.3 1524.97 518.707 3 0 2 9 100000 5 10000 1.02943 425064 100000 ZonesAtSurface
1975.44 1524.98 543.684 7 2 2 9 100000 5 10000 0.809482 268903 100000 ZonesAtSurface
2025.53 1524.98 456.313 2 2 1 10 1.47559e+06 16.6926 108400 1.03141 3.85101e+06 1.47559e+06 ZonesAtSurface
2075.6 1524.98 406.378 10 5 1 9 828607 21.9059 98607.5 1.07369 2.28177e+06 828607 ZonesAtSurface
2125.48 1524.97 256.518 2 0 1 10 100000 5 10000 1.00945 1.02546e+06 100000 ZonesAtSurface
2175.42 1524.96 156.566 7 0 1 10 1.34967e+06 41.437 108062 1.09161 8.54601e+06 1.34967e+06 ZonesAtSurface
2225.35 1524.96 56.581 0 0 1 10 567229 40.2956 128932 2.04221 7.6102e+06 567229 ZonesAtSurface
2275.33 1524.97 6.58567 9 0 1 9 1.33637e+06 19.2111 98742 1.07818 7.33934e+06 1.33637e+06 ZonesAtSurface
2325.28 1524.97 -43.4149 0 0 1 8 1.43679e+06 36.2634 136708 2.73331 8.46201e+06 1.43679e+06 ZonesAtSurface
2375.27 1524.95 -43.3903 36 0 1 6 1.48532e+06 26.1634 147745 1.66125 4.40317e+06 1.48532e+06 ZonesAtSurface
2425.23 1524.89 -43.3162 48 0 1 4 848549 42.2818 97431.5 2.20899 4.00718e+06 848549 ZonesAtSurface
2475.23 1524.68 -43.0275 85 9 1 2 1.43358e+06 27.4863 126523 1.34134 4.07904e+06 1.43358e+06 ZonesAtSurface
2524.47 1523.46 -22.0919 90 76 1 1 577151 37.4636 61206.9 1.70871 1.6224e+06 577151 ZonesAtSurface
2575.06 1524.41 -32.6861 82 33 1 2 671293 34.8197 101885 0 1.66287e+06 671293 ZonesAtSurface
2624.97 1524.81 -43.0997 57 18 1 3 762534 33.7464 87982.7 1.52053 2.09699e+06 762534 ZonesAtSurface
2674.78 1524.94 -3.12557 63 0 1 3 100000 5 10000 1.38025 183848 100000 ZonesAtSurface
2724.74 1524.98 -13.2781 47 3 1 4 957424 41.3565 89542.1 1.56543 4.64831e+06 957424 ZonesAtSurface
2774.72 1524.98 -23.3181 22 0 1 5 1.37037e+06 27.2208 93336.7 1.03599 8.84688e+06 1.37037e+06 ZonesAtSurface
2824.7 1524.97 -33.3529 6 0 1 6 856932 17.8084 98575.1 1.01087 7.59158e+06 856932 ZonesAtSurface
2874.63 1524.97 6.6357 4 0 1 6 677010 22.0768 83444.3 1.03471 7.10326e+06 677010 ZonesAtSurface
2924.59 1524.97 46.6225 0 0 1 6 829734 39.8275 90722.9 2.03712 7.44996e+06 829734 ZonesAtSurface
2974.48 1524.97 186.608 7 0 1 4 634633 20.98 148372 1.14262 2.56488e+06 634633 ZonesAtSurface
3024.47 1524.97 226.577 7 0 1 4 100000 5 10000 1.0537 679831 100000 ZonesAtSurface
3074.47 1524.98 366.523 0 8 2 2 1.31498e+06 19.1039 71346.3 1.46939 2.47839e+06 1.31498e+06 ZonesAtSurface
3124.49 1524.98 356.511 0 8 2 3 884542 39.8153 110257 1.24249 2.89666e+06 884542 ZonesAtSurface
3174.51 1524.97 296.498 0 0 1 5 710955 18.3625 143760 1.08166 3.00753e+06 710955 ZonesAtSurface
3224.53 1524.97 286.478 0 0 1 6 1.1003e+06 34.3779 51732.6 1.60131 5.44499e+06 1.1003e+06 ZonesAtSurface
3274.56 1524.97 276.455 0 0 1 7 802155 36.5107 86693.6 1.55416 6.59282e+06 802155 ZonesAtSurface
3324.58 1524.97 316.426 4 0 1 7 609481 30.7754 126411 1.02471 6.08673e+06 609481 ZonesAtSurface
3374.6 1524.97 356.393 1 0 1 7 1.17255e+06 15.2289 107124 1.02285 3.95685e+06 1.17255e+06 ZonesAtSurface
3424.61 1524.98 446.32 7 0 1 6 100000 5 10000 1.37756 474762 100000 ZonesAtSurface
3474.67 1524.98 436.294 5 0 1 7 100000 5 10000 1.07376 955760 100000 ZonesAtSurface
3524.72 1524.98 526.207 2 0 2 6 1.07709e+06 19.7233 50337.4 1.05458 3.44043e+06 1.07709e+06 ZonesAtSurface
3574.78 1524.99 566.156 10 0 2 6 699380 39.3964 140260 1.11421 2.353e+06 699380 ZonesAtSurface
3624.85 1524.98 556.146 9 0 2 7 1.33819e+06 17.0625 98876.9 1.03064 3.55579e+06 1.33819e+06 ZonesAtSurface
3674.93 1524.98 496.168 1 0 1 9 891693 29.913 116602 1.00293 5.80596e+06 891693 ZonesAtSurface
3724.99 1524.98 685.936 6 6 2 6 1.16869e+06 25.2613 71716.6 1.16062 3.14408e+06 1.16869e+06 ZonesAtSurface
3775.04 1524.98 835.795 2 0 2 3 562433 18.0301 78239.6 1.00961 1.88775e+06 562433 ZonesAtSurface
3825.07 1524.98 845.823 0 6 2 2 1.11821e+06 29.6536 143783 2.00458 2.056e+06 1.11821e+06 ZonesAtSurface
3875.13 1524.99 805.88 0 1 1 2 1.14318e+06 26.2796 141161 1.90699 2.30244e+06 1.14318e+06 ZonesAtSurface
3925.25 1524.99 715.956 6 0 1 3 1.05084e+06 33.596 91767.2 1.1827 4.08394e+06 1.05084e+06 ZonesAtSurface
3975.27 1524.99 726.022 0 0 2 2 1.451e+06 24.8036 112258 1.91544 2.6611e+06 1.451e+06 ZonesAtSurface
4025.29 1524.99 736.085 0 9 2 1 839733 36.9775 147420 1.77165 2.02283e+06 839733 ZonesAtSurface
4075.45 1524.99 596.167 2 0 1 3 647143 22.2868 51310.8 1.02626 2.82826e+06 647143 ZonesAtSurface
4125.48 1524.99 606.223 5 8 2 2 1.46844e+06 26.6073 82866.5 1.47036 3.68893e+06 1.46844e+06 ZonesAtSurface
4175.56 1524.99 516.29 7 0 2 3 508242 27.6584 140397 1.07494 1.97774e+06 508242 ZonesAtSurface
4225.58 1524.99 526.338 0 0 2 2 1.05647e+06 42.7736 129773 3.10891 2.41845e+06 1.05647e+06 ZonesAtSurface
4275.61 1524.99 486.378 0 0 2 2 734440 31.7747 119994 1.77482 2.36296e+06 734440 ZonesAtSurface
4325.63 1525 496.411 0 3 1 1 1.38732e+06 26.8213 103401 2.18358 2.4228e+06 1.38732e+06 ZonesAtSurface
4375.66 1524.99 406.45 0 0 1 2 605356 32.74 101073 1.37366 3.3463e+06 605356 ZonesAtSurface
4425.66 1524.99 416.479 0 0 1 1 1.45767e+06 17.1044 94336.4 1.98661 2.17215e+06 1.45767e+06 ZonesAtSurface
4475.68 1524.99 376.503 0 9 2 1 1.0613e+06 38.6117 127346 3.02192 1.56692e+06 1.0613e+06 ZonesAtSurface
4525.69 1524.99 286.531 1 0 1 2 636795 25.4363 81619.1 1.09707 2.95018e+06 636795 ZonesAtSurface
4575.59 1524.99 96.5833 0 0 1 5 1.04085e+06 18.8612 121099 1.05143 5.42329e+06 1.04085e+06 ZonesAtSurface
4625.43 1524.98 -43.4084 0 0 1 7 800682 31.8259 51947.8 2.80537 7.8796e+06 800682 ZonesAtSurface
4675.41 1524.98 -33.3861 1 0 1 6 736097 35.9033 50071.6 1.45185 1.26902e+07 736097 ZonesAtSurface
4725.36 1524.99 -23.3538 8 0 1 5 1.29372e+06 38.2457 131389 1.02171 1.04679e+07 1.29372e+06 ZonesAtSurface
4775.3 1524.99 -13.3215 31 0 1 4 1.33553e+06 28.4223 74572.6 1.04208 5.76867e+06 1.33553e+06 ZonesAtSurface
4825.23 1524.99 -3.31388 38 0 1 3 868906 42.7087 84126.5 1.21597 6.10434e+06 868906 ZonesAtSurface
4875.14 1524.99 6.69814 53 0 1 2 667430 28.3459 112809 1.11282 4.29868e+06 667430 ZonesAtSurface
4925.06 1524.98 16.7042 41 0 1 1 1.14115e+06 38.0227 135530 1.28195 6.07721e+06 1.14115e+06 ZonesAtSurface
74.9622 1574.99 -4.63993 101 0 1 1 100000 5 10000 1.13993 268147 100000 ZonesAtSurface
124.789 1575 -29.654 90 32 1 2 1.42318e+06 21.1032 127841 1.14054 3.81913e+06 1.42318e+06 ZonesAtSurface
174.662 1575.02 -4.64601 87 65 1 2 894333 24.7573 106724 3.04055 1.05931e+06 894333 ZonesAtSurface
224.597 1575.01 -29.7269 60 0 1 3 1.20794e+06 18.3881 125781 1.27111 3.34079e+06 1.20794e+06 ZonesAtSurface
274.543 1575.02 -4.73527 44 41 1 3 1.23063e+06 18.0987 79944.7 2.61751 1.38189e+06 1.23063e+06 ZonesAtSurface
324.516 1575 -29.7822 31 0 1 4 1.19192e+06 36.5851 139767 1.21647 5.80796e+06 1.19192e+06 ZonesAtSurface
374.478 1575 -4.78158 34 14 1 4 976523 44.19 124383 2.78445 2.5993e+06 976523 ZonesAtSurface
424.455 1574.99 -29.8173 41 0 1 5 763119 15.7227 66169.3 1.30615 3.23886e+06 763119 ZonesAtSurface
474.42 1574.99 -4.81417 34 15 1 5 1.18838e+06 34.9706 67140.7 2.44853 2.6325e+06 1.18838e+06 ZonesAtSurface
524.391 1574.99 -29.8627 21 0 1 6 1.16701e+06 21.9659 122273 1.02409 5.74556e+06 1.16701e+06 ZonesAtSurface
574.341 1574.99 -4.8856 21 0 1 6 1.24321e+06 25.2298 60577.9 1.03552 5.10106e+06 1.24321e+06 ZonesAtSurface
624.355 1574.99 -29.9274 0 0 1 7 1.48215e+06 24.3674 133338 1.41684 7.85804e+06 1.48215e+06 ZonesAtSurface
674.268 1574.99 45.0718 3 0 1 6 100000 5 10000 1.01055 1.15633e+06 100000 ZonesAtSurface
724.249 1574.99 70.0541 2 0 1 6 1.28129e+06 23.2074 55069.8 1.13015 6.512e+06 1.28129e+06 ZonesAtSurface
774.222 1575 145.044 0 0 1 5 716635 44.1251 118531 3.21031 4.35793e+06 716635 ZonesAtSurface
824.225 1575 170.028 0 0 1 5 1.11713e+06 25.7065 86780.8 2.07444 3.633e+06 1.11713e+06 ZonesAtSurface
874.229 1575 195.016 0 0 1 5 809692 19.588 110696 1.31885 3.24496e+06 809692 ZonesAtSurface
924.234 1575 220.007 7 0 1 5 1.05143e+06 19.7847 52200.7 1.28122 3.65131e+06 1.05143e+06 ZonesAtSurface
974.241 1575 244.997 0 2 1 5 1.43949e+06 38.6054 62908.3 2.04874 4.22271e+06 1.43949e+06 ZonesAtSurface
1024.26 1574.99 219.971 0 0 1 6 1.16509e+06 35.9507 64206.8 3.67819 3.28809e+06 1.16509e+06 ZonesAtSurface
1074.27 1574.99 244.956 0 0 1 6 742328 30.5959 132734 1.97269 3.54666e+06 742328 ZonesAtSurface
1124.29 1574.98 319.946 0 0 2 5 1.01489e+06 29.9974 66478.5 2.09193 2.26737e+06 1.01489e+06 ZonesAtSurface
1174.31 1574.99 294.922 3 0 2 6 1.2128e+06 18.6855 111757 1.19381 3.1387e+06 1.2128e+06 ZonesAtSurface
1224.35 1574.99 369.91 0 3 2 5 1.47189e+06 43.5128 114611 2.65251 2.40534e+06 1.47189e+06 ZonesAtSurface
1274.38 1574.99 394.896 0 10 2 5 968355 16.2669 53360.3 2.26905 1.13717e+06 968355 ZonesAtSurface
1324.38 1575 319.869 0 0 1 7 1.42189e+06 29.2976 61554.3 2.26064 3.3242e+06 1.42189e+06 ZonesAtSurface
1374.41 1575 344.852 0 0 2 7 1.34525e+06 28.2434 72111.6 1.6082 3.52431e+06 1.34525e+06 ZonesAtSurface
1424.45 1575 369.833 0 0 2 7 1.49049e+06 40.6383 122712 2.04549 3.67112e+06 1.49049e+06 ZonesAtSurface
1474.46 1575 344.803 0 0 1 8 811337 43.5019 112712 4.58739 3.46101e+06 811337 ZonesAtSurface
1524.5 1575 369.785 0 0 2 8 1.34468e+06 22.1398 104174 1.72443 3.28515e+06 1.34468e+06 ZonesAtSurface
1574.53 1574.99 394.767 0 0 1 8 1.06332e+06 28.6209 111215 2.01878 3.291e+06 1.06332e+06 ZonesAtSurface
1624.63 1574.99 369.77 10 0 1 9 100000 5 10000 1.05954 1.06652e+06 100000 ZonesAtSurface
1674.69 1574.99 394.758 9 0 1 9 100000 5 10000 1.0684 911592 100000 ZonesAtSurface
1724.77 1574.99 469.676 0 2 2 8 838422 27.3266 68348.1 1.15162 2.39639e+06 838422 ZonesAtSurface
1774.86 1574.99 494.646 7 0 2 8 775557 24.1261 77668.5 1.16562 2.08029e+06 775557 ZonesAtSurface
1824.93 1574.99 519.616 8 1 2 8 702238 25.8256 59496.5 1.12158 1.99479e+06 702238 ZonesAtSurface
1875.07 1574.98 494.67 5 0 2 9 100000 5 10000 1.09569 624699 100000 ZonesAtSurface
1925.3 1574.96 469.809 1 0 1 10 100000 5 10000 1.25669 696422 100000 ZonesAtSurface
1975.42 1574.97 494.793 3 0 1 10 100000 5 10000 1.03563 578665 100000 ZonesAtSurface
2025.52 1574.99 507.271 9 0 1 9 556340 40.2538 90550.7 1.26223 2.25222e+06 556340 ZonesAtSurface
2075.5 1574.97 357.449 2 0 1 10 770187 19.4969 98107.2 1.00338 2.35449e+06 770187 ZonesAtSurface
2125.46 1574.95 257.521 2 0 1 10 1.3272e+06 30.0199 142453 1.04216 6.37095e+06 1.3272e+06 ZonesAtSurface
2175.4 1574.95 157.559 2 0 1 10 100000 5 10000 0.996529 981135 100000 ZonesAtSurface
2225.33 1574.96 57.5703 0 0 1 10 912221 20.0477 87420.6 1.05812 6.37486e+06 912221 ZonesAtSurface
2275.31 1574.96 7.57335 7 0 1 9 1.04502e+06 15.759 92054.7 1.09631 5.6299e+06 1.04502e+06 ZonesAtSurface
2325.26 1574.97 -42.4275 4 0 1 8 670825 30.0442 148494 1.585 8.14302e+06 670825 ZonesAtSurface
2375.25 1574.95 -42.4026 41 0 1 6 1.24204e+06 21.4949 123437 1.77721 3.31964e+06 1.24204e+06 ZonesAtSurface
2425.24 1574.81 -42.2765 55 13 1 4 844234 34.1207 87219.4 2.07861 1.71478e+06 844234 ZonesAtSurface
2475.51 1573.98 -41.5716 76 45 1 2 1.3369e+06 44.0909 122366 2.11713 3.20541e+06 1.3369e+06 ZonesAtSurface
2524.22 1570.58 -20.5759 99 53 1 1 100000 5 10000 0 0 100000 ZonesAtSurface
2575.38 1573.23 -30.941 87 39 1 2 100000 5 10000 0.926427 880534 100000 ZonesAtSurface
2625.05 1574.62 -41.9373 67 12 1 3 100000 5 10000 0.85096 428019 100000 ZonesAtSurface
2674.83 1574.88 -2.02991 71 13 1 3 947904 20.1268 115727 1.21201 3.23225e+06 947904 ZonesAtSurface
2724.77 1574.96 -12.2659 39 11 1 4 1.12679e+06 30.0325 70258.9 1.3008 3.49025e+06 1.12679e+06 ZonesAtSurface
2774.74 1574.97 -22.3146 38 0 1 5 1.20546e+06 22.0223 106701 1.01937 6.366e+06 1.20546e+06 ZonesAtSurface
2824.72 1574.97 -32.3557 0 0 1 6 1.17424e+06 41.4893 125440 1.82179 1.19837e+07 1.17424e+06 ZonesAtSurface
2874.58 1574.98 57.6349 10 0 1 5 590425 17.8453 55011 1.09719 3.42851e+06 590425 ZonesAtSurface
2924.51 1574.98 147.617 3 4 2 4 1.31196e+06 18.6685 68190.5 1.37684 2.74503e+06 1.31196e+06 ZonesAtSurface
2974.49 1574.98 187.601 0 0 2 4 100000 5 10000 1.0929 302075 100000 ZonesAtSurface
3024.49 1574.98 227.568 3 0 1 4 694843 29.4944 127632 1.03499 3.89843e+06 694843 ZonesAtSurface
3074.48 1574.99 317.535 9 6 2 3 997111 22.9222 111929 1.34168 2.18995e+06 997111 ZonesAtSurface
3124.5 1574.98 307.521 0 3 2 4 1.39333e+06 35.0252 83266.6 1.3326 4.12837e+06 1.39333e+06 ZonesAtSurface
3174.52 1574.97 297.504 1 0 2 5 1.20179e+06 36.5917 88710.7 1.27394 4.03092e+06 1.20179e+06 ZonesAtSurface
3224.54 1574.97 337.49 0 9 1 5 1.37038e+06 38.7032 65948.6 1.74093 3.21181e+06 1.37038e+06 ZonesAtSurface
3274.56 1574.97 327.461 6 0 1 6 1.40307e+06 31.3857 59881.1 1.06771 5.13541e+06 1.40307e+06 ZonesAtSurface
3324.6 1574.96 267.436 0 0 1 8 1.2599e+06 23.5444 98041 1.20684 6.98528e+06 1.2599e+06 ZonesAtSurface
3374.6 1574.97 357.394 0 0 1 7 678684 17.6637 85062.7 1.0286 3.69687e+06 678684 ZonesAtSurface
3424.63 1574.98 447.314 10 0 1 6 100000 5 10000 1.12434 236337 100000 ZonesAtSurface
3474.69 1574.98 437.287 0 0 1 7 1.19635e+06 32.1361 106018 1.03264 6.99313e+06 1.19635e+06 ZonesAtSurface
3524.74 1574.98 477.239 9 0 1 7 1.45618e+06 38.1585 128767 1.01928 7.80685e+06 1.45618e+06 ZonesAtSurface
3574.79 1574.99 567.164 8 9 1 6 1.34147e+06 38.0573 53515 1.34971 4.05465e+06 1.34147e+06 ZonesAtSurface
3624.87 1574.98 507.186 2 0 1 8 1.16777e+06 30.7455 126250 1.00165 6.76243e+06 1.16777e+06 ZonesAtSurface
3674.94 1574.98 497.175 1 0 1 9 1.30471e+06 15.272 81228.9 1.00577 4.62907e+06 1.30471e+06 ZonesAtSurface
3724.98 1574.99 686.948 9 0 2 6 659392 36.1177 73199.2 1.02574 2.36119e+06 659392 ZonesAtSurface
3775.03 1574.98 886.788 0 8 2 2 936926 23.7116 104780 1.67291 1.68465e+06 936926 ZonesAtSurface
3825.11 1574.99 796.838 6 0 1 3 1.39526e+06 15.9144 131319 1.07323 3.71437e+06 1.39526e+06 ZonesAtSurface
3875.13 1574.99 806.887 1 0 1 2 911291 38.325 126425 1.6253 2.86732e+06 911291 ZonesAtSurface
3925.24 1574.99 716.968 17 0 2 3 766466 23.825 73606.3 1.05005 2.67192e+06 766466 ZonesAtSurface
3975.26 1574.99 727.035 0 2 1 2 1.34534e+06 38.649 59557.6 2.98324 2.13274e+06 1.34534e+06 ZonesAtSurface
4025.34 1574.99 687.098 0 2 2 2 1.31396e+06 25.4705 76770.4 1.89589 2.43352e+06 1.31396e+06 ZonesAtSurface
4075.41 1574.99 647.162 0 0 2 2 710930 25.7435 65797.6 1.07507 2.46543e+06 710930 ZonesAtSurface
4125.48 1574.99 607.225 0 5 1 2 1.42094e+06 37.0473 114337 1.80093 3.43967e+06 1.42094e+06 ZonesAtSurface
4175.53 1574.99 567.286 7 9 1 2 1.47761e+06 27.5726 117245 1.4971 3.87722e+06 1.47761e+06 ZonesAtSurface
4225.57 1574.99 527.34 5 0 2 2 1.22563e+06 19.0188 50969.2 1.25819 3.001e+06 1.22563e+06 ZonesAtSurface
4275.61 1574.99 487.382 0 0 2 2 1.39678e+06 39.3534 130166 3.15091 2.60934e+06 1.39678e+06 ZonesAtSurface
4325.64 1575 447.418 0 0 1 2 751878 27.2998 100550 1.34454 3.10335e+06 751878 ZonesAtSurface
4375.64 1574.99 457.45 5 0 2 1 1.20332e+06 21.4234 129444 1.83824 2.52045e+06 1.20332e+06 ZonesAtSurface
4425.66 1574.99 417.478 0 1 1 1 1.29139e+06 43.1283 75660.8 4.17828 1.60408e+06 1.29139e+06 ZonesAtSurface
4475.67 1574.99 377.501 0 0 2 1 830085 17.1768 121069 1.56525 1.77897e+06 830085 ZonesAtSurface
4525.68 1574.99 287.533 8 0 1 2 624765 37.1788 105234 1.01323 2.96523e+06 624765 ZonesAtSurface
4575.69 1574.99 247.548 0 1 2 2 1.40124e+06 24.6015 108082 2.32042 2.04763e+06 1.40124e+06 ZonesAtSurface
4625.61 1574.98 107.59 5 4 2 4 1.29301e+06 21.2122 113294 1.21408 3.09311e+06 1.29301e+06 ZonesAtSurface
4675.41 1574.98 -32.389 0 0 1 6 595190 38.7017 142868 1.86985 1.16874e+07 595190 ZonesAtSurface
4725.37 1574.99 -22.3586 11 0 1 5 727591 39.5814 149685 1.03922 1.04597e+07 727591 ZonesAtSurface
4775.3 1574.99 -12.3244 37 0 1 4 1.19883e+06 15.938 68315.7 1.20146 3.53978e+06 1.19883e+06 ZonesAtSurface
4825.23 1574.99 -2.30459 44 0 1 3 1.01188e+06 34.8412 133044 1.15776 5.61256e+06 1.01188e+06 ZonesAtSurface
4875.13 1574.99 7.70631 34 0 1 2 1.43081e+06 44.1475 101706 1.09541 7.67456e+06 1.43081e+06 ZonesAtSurface
4925.06 1574.98 17.7038 37 0 1 1 1.06171e+06 33.4073 148254 1.18296 6.0263e+06 1.06171e+06 ZonesAtSurface
74.9773 1624.99 -3.66105 87 48 1 1 1.24223e+06 31.7547 124627 1.12106 4.16517e+06 1.24223e+06 ZonesAtSurface
124.828 1625 -28.6291 90 0 1 2 100000 5 10000 1.16919 391508 100000 ZonesAtSurface
174.699 1625.01 -3.6326 90 0 1 2 100000 5 10000 2.63438 114738 100000 ZonesAtSurface
224.605 1625.02 -28.7422 71 0 1 3 838704 27.5058 83695.6 1.48701 2.43723e+06 838704 ZonesAtSurface
274.547 1625.02 -3.75271 75 47 1 3 873656 32.5602 114334 4.18959 1.13064e+06 873656 ZonesAtSurface
324.524 1625 -28.785 21 0 1 4 1.48259e+06 33.7207 76960.2 1.28917 5.15259e+06 1.48259e+06 ZonesAtSurface
374.479 1625 -3.77809 58 7 1 4 1.32996e+06 18.865 70755.3 2.23083 1.98244e+06 1.32996e+06 ZonesAtSurface
424.456 1624.99 -28.8165 42 0 1 5 1.26362e+06 20.6687 111890 1.09092 5.11328e+06 1.26362e+06 ZonesAtSurface
474.408 1624.99 -3.82473 34 0 1 5 786965 38.934 140794 1.41294 3.89927e+06 786965 ZonesAtSurface
524.392 1624.98 -28.8719 21 0 1 6 741338 28.7333 148686 1.038 7.36839e+06 741338 ZonesAtSurface
574.343 1624.98 -3.88833 14 0 1 6 1.45604e+06 17.3308 134154 1.02356 6.10647e+06 1.45604e+06 ZonesAtSurface
624.297 1624.99 21.0889 8 0 1 6 100000 5 10000 0.954332 1.3059e+06 100000 ZonesAtSurface
674.218 1624.99 96.0787 0 1 2 5 1.4262e+06 38.3195 70422.9 3.11088 3.191e+06 1.4262e+06 ZonesAtSurface
724.221 1624.99 121.068 0 0 1 5 890006 44.1106 59663.7 1.90003 4.61619e+06 890006 ZonesAtSurface
774.22 1625 146.05 3 0 1 5 1.33173e+06 44.4215 78101 2.50848 4.94164e+06 1.33173e+06 ZonesAtSurface
824.22 1624.99 171.033 0 0 1 5 641490 25.5835 147231 1.34241 3.83036e+06 641490 ZonesAtSurface
874.224 1624.99 196.021 0 0 1 5 1.32079e+06 31.1266 62102.6 2.08035 3.9151e+06 1.32079e+06 ZonesAtSurface
924.228 1624.99 221.01 5 0 1 5 950169 25.9524 90075.8 1.1109 4.27098e+06 950169 ZonesAtSurface
974.235 1624.99 245.996 6 0 1 5 833598 40.7038 65583.8 1.3614 4.63504e+06 833598 ZonesAtSurface
1024.25 1624.99 220.97 0 0 1 6 862357 38.1017 122460 3.70326 3.64723e+06 862357 ZonesAtSurface
1074.28 1624.98 345.961 0 9 1 4 911612 41.6207 53111 2.11748 1.88116e+06 911612 ZonesAtSurface
1124.29 1624.99 320.943 8 0 1 5 558145 41.766 87574 1.09523 2.07491e+06 558145 ZonesAtSurface
1174.32 1624.99 345.929 3 0 2 5 575599 17.8696 87640.2 1.62814 1.20792e+06 575599 ZonesAtSurface
1224.34 1625 320.911 3 0 1 6 1.00333e+06 16.709 74328.9 1.05799 2.90958e+06 1.00333e+06 ZonesAtSurface
1274.37 1625 345.9 0 0 2 6 1.46586e+06 26.5049 120729 1.79446 3.02859e+06 1.46586e+06 ZonesAtSurface
1324.38 1625 320.88 0 0 2 7 1.47602e+06 34.1239 115187 2.51016 3.4537e+06 1.47602e+06 ZonesAtSurface
1374.41 1625 345.868 0 0 2 7 1.34407e+06 23.6962 118019 1.30461 3.79639e+06 1.34407e+06 ZonesAtSurface
1424.44 1625 320.841 1 0 1 8 973050 18.3322 121278 1.18195 4.17268e+06 973050 ZonesAtSurface
1474.47 1625 345.824 3 0 1 8 910918 17.838 87054.7 1.16887 3.42467e+06 910918 ZonesAtSurface
1524.5 1624.99 370.805 7 0 1 8 782674 38.6597 63530.5 1.72339 4.31746e+06 782674 ZonesAtSurface
1574.53 1624.99 345.774 9 0 1 9 1.15142e+06 26.2716 95537.9 1.02814 6.42454e+06 1.15142e+06 ZonesAtSurface
1624.6 1624.99 420.74 9 0 2 8 100000 5 10000 1.68577 233626 100000 ZonesAtSurface
1674.68 1624.99 445.71 0 6 1 8 1.00887e+06 38.5487 59534.9 1.68979 2.51629e+06 1.00887e+06 ZonesAtSurface
1724.77 1624.99 470.688 9 5 1 8 723673 39.7233 64031.4 1.18062 2.5665e+06 723673 ZonesAtSurface
1774.84 1624.99 445.691 7 0 1 9 988494 22.3745 118432 1.01558 4.05275e+06 988494 ZonesAtSurface
1824.92 1624.98 470.666 6 0 1 9 807488 21.7783 125665 1.02336 4.07257e+06 807488 ZonesAtSurface
1875.01 1624.97 495.657 6 0 1 9 820393 20.8674 115988 1.08561 2.70648e+06 820393 ZonesAtSurface
1925.14 1624.97 520.671 9 3 2 9 611934 22.5591 82000.4 1.00553 1.74922e+06 611934 ZonesAtSurface
1975.35 1624.96 495.81 3 0 2 10 100000 5 10000 0.977048 584704 100000 ZonesAtSurface
2025.44 1624.97 458.367 3 0 2 10 859830 18.929 102866 1.09937 2.59269e+06 859830 ZonesAtSurface
2075.46 1624.96 358.468 2 0 1 10 1.04192e+06 17.4074 124302 1.01647 2.955e+06 1.04192e+06 ZonesAtSurface
2125.42 1624.94 258.524 2 0 1 10 1.31433e+06 19.1959 98179.3 1.02428 5.35069e+06 1.31433e+06 ZonesAtSurface
2175.37 1624.95 158.551 2 0 1 10 100000 5 10000 0.954924 1.05841e+06 100000 ZonesAtSurface
2225.31 1624.95 58.5591 0 0 1 10 1.49221e+06 28.5059 99524.9 2.05996 6.49275e+06 1.49221e+06 ZonesAtSurface
2275.29 1624.96 8.56089 2 0 1 9 836783 31.8202 84684.6 1.43702 7.50458e+06 836783 ZonesAtSurface
2325.24 1624.97 -41.4395 11 0 1 8 503893 18.5427 105372 1.19536 6.27287e+06 503893 ZonesAtSurface
2375.22 1624.95 -41.4219 32 0 1 6 1.21281e+06 29.1378 85712.1 2.00738 4.07374e+06 1.21281e+06 ZonesAtSurface
2425.29 1624.68 -41.2351 62 24 1 4 1.23393e+06 22.0283 101407 1.50564 2.54487e+06 1.23393e+06 ZonesAtSurface
2475.37 1622.39 -40.6949 88 26 1 2 100000 5 10000 0 1.20147e+06 100000 ZonesAtSurface
2525.07 1624.95 -271.558 0 0 0 0 501697 19.5631 89364.3 1.80527 9.45531e+06 501697 ZonesAtSurface
2575.48 1621.88 -30.0558 80 31 1 2 959519 27.736 132505 1.762 1.68671e+06 959519 ZonesAtSurface
2625.07 1624.23 -40.8496 62 17 1 3 1.37026e+06 29.1739 106299 1.11725 4.04574e+06 1.37026e+06 ZonesAtSurface
2674.91 1624.69 -0.886747 70 38 1 3 1.40048e+06 16.4476 101756 1.05039 3.66389e+06 1.40048e+06 ZonesAtSurface
2724.82 1624.93 -11.2561 51 0 1 4 1.26255e+06 35.9466 107702 1.1172 5.77379e+06 1.26255e+06 ZonesAtSurface
2774.77 1624.97 -21.3143 21 0 1 5 1.25873e+06 44.9238 148686 1.06949 1.00358e+07 1.25873e+06 ZonesAtSurface
2824.74 1624.97 -31.3632 15 0 1 6 757252 35.3182 86503.5 1.34776 1.22577e+07 757252 ZonesAtSurface
2874.59 1624.98 58.6231 1 0 2 5 1.42363e+06 18.4066 80372 1.05567 5.35289e+06 1.42363e+06 ZonesAtSurface
2924.52 1624.99 148.609 0 10 1 4 1.38138e+06 40.6484 69437.5 1.96007 3.70738e+06 1.38138e+06 ZonesAtSurface
2974.51 1624.98 188.593 5 0 1 4 100000 5 10000 1.03668 358530 100000 ZonesAtSurface
3024.53 1624.97 178.574 7 0 1 5 931080 27.5344 93685.5 1.03881 6.1294e+06 931080 ZonesAtSurface
3074.51 1624.98 268.547 10 0 1 4 660079 22.8242 69807 1.19924 2.76975e+06 660079 ZonesAtSurface
3124.53 1624.97 258.529 2 0 1 5 544177 44.904 122352 1.61358 5.05117e+06 544177 ZonesAtSurface
3174.54 1624.98 298.51 3 0 1 5 1.27753e+06 28.7572 88673.8 1.28731 4.34068e+06 1.27753e+06 ZonesAtSurface
3224.56 1624.97 288.487 2 0 2 6 1.37083e+06 15.0295 88473.8 1.03804 4.28653e+06 1.37083e+06 ZonesAtSurface
3274.56 1624.98 378.464 9 9 1 5 811497 29.9996 56819 1.4119 2.12831e+06 811497 ZonesAtSurface
3324.58 1624.98 368.429 10 0 1 6 1.46937e+06 20.7331 112942 1.58277 3.33435e+06 1.46937e+06 ZonesAtSurface
3374.63 1624.96 308.405 0 0 1 8 708361 21.3248 138730 1.03605 5.84778e+06 708361 ZonesAtSurface
3424.66 1624.97 398.337 1 0 1 7 100000 5 10000 0.975725 780791 100000 ZonesAtSurface
3474.7 1624.98 488.269 1 3 2 6 1.05514e+06 44.9611 93836.1 1.2085 3.95811e+06 1.05514e+06 ZonesAtSurface
3524.76 1624.97 428.27 1 0 1 8 1.26504e+06 37.6845 131722 1.06848 8.93391e+06 1.26504e+06 ZonesAtSurface
3574.8 1624.98 518.198 8 0 1 7 610394 22.1116 137681 1.00993 2.77946e+06 610394 ZonesAtSurface
3624.87 1624.98 508.187 2 0 1 8 1.14709e+06 21.8228 51154.1 1.01547 5.12443e+06 1.14709e+06 ZonesAtSurface
3674.94 1624.98 498.175 1 0 1 9 1.1607e+06 23.0028 145241 1.01335 5.7636e+06 1.1607e+06 ZonesAtSurface
3724.99 1624.98 638.024 5 0 1 7 1.40439e+06 38.7443 146309 1.01674 5.94859e+06 1.40439e+06 ZonesAtSurface
3775.03 1624.99 887.795 5 8 2 2 760083 26.0605 104424 1.43316 1.62929e+06 760083 ZonesAtSurface
3825.08 1624.99 847.836 0 0 2 2 1.46478e+06 28.3585 136363 1.84988 2.80322e+06 1.46478e+06 ZonesAtSurface
3875.17 1624.99 757.904 8 0 1 3 1.01436e+06 32.541 142209 1.36249 3.76454e+06 1.01436e+06 ZonesAtSurface
3925.24 1624.99 717.977 29 0 1 3 834937 18.2672 124059 1.02403 2.33995e+06 834937 ZonesAtSurface
3975.26 1624.99 728.046 0 9 2 2 1.45197e+06 33.9298 57868.9 3.34948 1.67388e+06 1.45197e+06 ZonesAtSurface
4025.34 1624.99 688.106 0 2 2 2 949324 36.7327 77935.8 2.29729 2.12509e+06 949324 ZonesAtSurface
4075.41 1624.99 648.167 6 0 2 2 866837 19.1961 55142.4 1.13703 2.38566e+06 866837 ZonesAtSurface
4125.48 1624.99 608.227 6 0 2 2 920758 30.8129 123075 1.20008 3.53736e+06 920758 ZonesAtSurface
4175.55 1624.99 518.296 0 0 1 3 1.40012e+06 32.0312 137134 1.42175 4.77395e+06 1.40012e+06 ZonesAtSurface
4225.57 1624.99 528.346 0 0 2 2 1.32862e+06 26.4803 137004 1.62146 2.86769e+06 1.32862e+06 ZonesAtSurface
4275.6 1625 488.386 0 0 2 2 1.43932e+06 35.898 109255 2.95586 2.6463e+06 1.43932e+06 ZonesAtSurface
4325.62 1625 498.419 0 10 2 1 1.49759e+06 15.6237 118830 1.99757 2.18831e+06 1.49759e+06 ZonesAtSurface
4375.65 1624.99 408.454 0 0 1 2 798108 23.3362 122441 1.57317 2.54979e+06 798108 ZonesAtSurface
4425.64 1624.99 468.475 0 8 0 0 1.20415e+06 27.5932 125319 8.03758 547071 1.20415e+06 ZonesAtSurface
4475.66 1624.99 428.497 0 0 0 0 1.06855e+06 25.0746 111993 5.80881 642007 1.06855e+06 ZonesAtSurface
4525.67 1624.99 388.519 0 6 0 0 1.33341e+06 40.6869 136754 5.58981 987010 1.33341e+06 ZonesAtSurface
4575.66 1624.99 198.56 3 0 1 3 1.11279e+06 35.2605 92394 1.15795 4.93174e+06 1.11279e+06 ZonesAtSurface
4625.6 1624.99 108.593 1 0 1 4 759285 16.2612 107107 1.00552 2.82513e+06 759285 ZonesAtSurface
4675.41 1624.99 -31.3922 8 0 1 6 648689 18.9462 134398 1.02338 9.02972e+06 648689 ZonesAtSurface
4725.38 1624.99 -21.3646 24 0 1 5 1.49033e+06 16.155 135541 1.04991 7.84043e+06 1.49033e+06 ZonesAtSurface
4775.3 1624.99 -11.3304 24 0 1 4 930481 39.4406 136471 1.37937 5.62486e+06 930481 ZonesAtSurface
4825.22 1624.99 -1.30322 51 0 1 3 1.01375e+06 16.8896 134641 1.06032 3.58169e+06 1.01375e+06 ZonesAtSurface
4875.13 1624.99 8.7095 31 0 2 2 1.12221e+06 26.7349 82941.7 1.11856 5.26894e+06 1.12221e+06 ZonesAtSurface
4925.06 1624.98 18.7071 28 0 1 1 945848 23.5115 60779.6 1.12993 5.01163e+06 945848 ZonesAtSurface
74.9804 1674.99 -2.68408 101 48 1 1 729321 35.8017 57758.3 1.23459 2.53087e+06 729321 ZonesAtSurface
124.879 1674.99 -27.6156 90 0 1 2 100000 5 10000 1.24233 413192 100000 ZonesAtSurface
174.768 1674.99 -2.58165 90 13 1 2 100000 5 10000 3.30078 82900.4 100000 ZonesAtSurface
224.632 1675.01 -27.7123 79 0 1 3 100000 5 10000 1.73052 258368 100000 ZonesAtSurface
274.557 1675.01 -2.73662 79 0 1 3 100000 5 10000 4.26525 69595.3 100000 ZonesAtSurface
324.523 1675 -27.7886 46 0 1 4 1.23948e+06 34.9438 116534 1.213 4.29078e+06 1.23948e+06 ZonesAtSurface
374.473 1675 -2.77877 68 0 1 4 534137 17.118 103722 1.3304 1.4986e+06 534137 ZonesAtSurface
424.45 1675 -27.8174 37 0 1 5 583322 28.7189 136160 1.05758 4.97247e+06 583322 ZonesAtSurface
474.385 1674.99 -2.83665 39 0 1 5 556745 24.2817 105766 1.05699 2.62015e+06 556745 ZonesAtSurface
524.386 1674.98 -27.8873 0 0 1 6 1.19249e+06 43.7648 116758 1.64433 9.80487e+06 1.19249e+06 ZonesAtSurface
574.338 1674.98 -2.89859 4 0 1 6 690778 36.223 55911.6 1.02472 9.87563e+06 690778 ZonesAtSurface
624.292 1674.99 22.0836 1 0 1 6 100000 5 10000 1.04023 1.15684e+06 100000 ZonesAtSurface
674.227 1674.99 97.0805 4 0 2 5 875338 38.8814 62943.2 1.9281 3.45236e+06 875338 ZonesAtSurface
724.224 1674.99 122.07 4 0 1 5 736162 40.662 135572 1.42677 5.12241e+06 736162 ZonesAtSurface
774.236 1674.99 97.0388 2 0 1 6 972497 19.9355 71751.4 1.08222 5.4234e+06 972497 ZonesAtSurface
824.213 1674.99 172.032 4 0 1 5 515001 36.8472 75902.9 1.73739 4.76871e+06 515001 ZonesAtSurface
874.215 1674.99 197.019 9 0 1 5 780878 24.9215 113937 1.24022 4.39893e+06 780878 ZonesAtSurface
924.22 1674.99 222.003 9 0 1 5 1.23866e+06 18.5338 60595.8 1.19013 4.35655e+06 1.23866e+06 ZonesAtSurface
974.229 1674.98 296.984 10 4 1 4 1.48802e+06 18.9642 79604.6 1.32719 3.2593e+06 1.48802e+06 ZonesAtSurface
1024.25 1674.98 321.968 3 9 1 4 952300 35.6224 92726.1 1.81785 1.9982e+06 952300 ZonesAtSurface
1074.27 1674.99 296.951 0 0 2 5 1.19809e+06 22.5316 83849.1 1.42886 2.82565e+06 1.19809e+06 ZonesAtSurface
1124.29 1674.99 321.94 3 0 2 5 1.16184e+06 21.2292 120604 1.40601 2.63959e+06 1.16184e+06 ZonesAtSurface
1174.31 1674.99 296.925 0 0 1 6 874573 27.3929 144857 1.54258 3.15835e+06 874573 ZonesAtSurface
1224.34 1674.99 321.915 6 0 1 6 543974 17.072 109866 1.02572 2.30679e+06 543974 ZonesAtSurface
1274.37 1675 346.909 10 0 2 6 599597 43.7808 62131.2 1.10457 2.671e+06 599597 ZonesAtSurface
1324.39 1675 321.891 0 0 2 7 1.09961e+06 33.7872 79459.2 1.32682 3.56438e+06 1.09961e+06 ZonesAtSurface
1374.42 1675 346.884 5 5 1 7 1.03443e+06 37.2704 128832 1.18639 3.30301e+06 1.03443e+06 ZonesAtSurface
1424.44 1675 321.859 0 0 1 8 1.45684e+06 38.1763 67751.7 2.07671 4.94322e+06 1.45684e+06 ZonesAtSurface
1474.48 1674.99 296.838 1 0 1 9 1.37774e+06 21.116 137844 1.21788 6.27701e+06 1.37774e+06 ZonesAtSurface
1524.51 1674.99 321.816 0 0 1 9 757279 40.4798 146900 1.73903 6.88078e+06 757279 ZonesAtSurface
1574.57 1674.99 396.78 8 0 1 8 100000 5 10000 1.40115 526909 100000 ZonesAtSurface
1624.62 1674.99 371.765 10 0 1 9 100000 5 10000 1.01179 722986 100000 ZonesAtSurface
1674.68 1674.98 396.744 9 0 1 9 1.00597e+06 44.2078 64922.7 1.06584 6.64094e+06 1.00597e+06 ZonesAtSurface
1724.76 1674.98 421.732 8 0 1 9 570813 20.1643 105545 1.03199 3.12615e+06 570813 ZonesAtSurface
1774.84 1674.98 446.715 2 0 1 9 840499 18.7166 125423 1.01804 3.55879e+06 840499 ZonesAtSurface
1824.92 1674.97 471.694 7 0 2 9 872213 28.0303 133976 1.01278 4.07322e+06 872213 ZonesAtSurface
1875.04 1674.96 446.752 2 0 1 10 1.05894e+06 23.6109 131260 1.09372 4.91068e+06 1.05894e+06 ZonesAtSurface
1925.16 1674.95 471.79 0 0 2 10 675620 26.7324 125706 1.06616 2.93245e+06 675620 ZonesAtSurface
1975.26 1674.96 546.721 0 2 2 9 809599 31.0919 141158 1.52082 1.69851e+06 809599 ZonesAtSurface
2025.39 1674.98 509.32 7 7 2 9 1.23251e+06 43.079 69646.5 1.22047 4.67623e+06 1.23251e+06 ZonesAtSurface
2075.45 1674.97 409.449 8 8 2 9 982712 44.3526 63040 1.19219 4.15415e+06 982712 ZonesAtSurface
2125.37 1674.94 259.527 2 0 1 10 909641 42.9467 113428 1.056 7.67478e+06 909641 ZonesAtSurface
2175.33 1674.94 159.545 7 0 1 10 1.29347e+06 19.8264 87172 1.01319 5.88899e+06 1.29347e+06 ZonesAtSurface
2225.28 1674.95 59.5478 4 0 1 10 100000 5 10000 0.978617 1.67859e+06 100000 ZonesAtSurface
2275.26 1674.96 9.54906 3 0 1 9 663658 21.9807 128524 1.26094 6.36672e+06 663658 ZonesAtSurface
2325.22 1674.97 -40.4527 0 0 1 8 949663 32.9568 133343 2.73107 8.07564e+06 949663 ZonesAtSurface
2375.2 1674.96 -40.4369 32 0 1 6 1.44435e+06 32.9871 91859.2 2.11931 5.88117e+06 1.44435e+06 ZonesAtSurface
2425.27 1674.52 -40.2668 67 14 1 4 100000 5 10000 0.193774 1.28639e+06 100000 ZonesAtSurface
2475.08 1674.96 -240.555 0 0 0 0 747924 31.6506 52627.8 3.64127 1.00239e+07 747924 ZonesAtSurface
2525.07 1674.97 -270.564 0 0 0 0 1.08549e+06 41.6921 74169.3 8.36591 7.84264e+06 1.08549e+06 ZonesAtSurface
2575.05 1674.93 -230.584 0 0 0 0 753352 18.7429 82014.7 1.59353 1.10142e+07 753352 ZonesAtSurface
2625.09 1673.56 -40.0153 69 4 1 3 547446 17.3687 124360 1.03621 1.81357e+06 547446 ZonesAtSurface
2675.01 1674.74 -50.3417 10 0 1 4 1.00871e+06 41.7728 62274.6 1.12151 9.3157e+06 1.00871e+06 ZonesAtSurface
2724.87 1674.91 -10.2313 49 4 1 4 1.21152e+06 30.6699 105731 1.22967 3.91013e+06 1.21152e+06 ZonesAtSurface
2774.79 1674.96 -20.3199 41 0 1 5 782203 16.9723 98291.1 1.01091 2.36945e+06 782203 ZonesAtSurface
2824.75 1674.97 -30.3753 1 0 1 6 1.31331e+06 31.0463 97912.1 1.21745 1.16587e+07 1.31331e+06 ZonesAtSurface
2874.61 1674.99 59.6159 0 0 1 5 1.22084e+06 42.6931 81855 2.44989 6.12804e+06 1.22084e+06 ZonesAtSurface
2924.57 1674.99 99.6063 7 0 1 5 1.47933e+06 20.7353 116009 1.06524 5.13552e+06 1.47933e+06 ZonesAtSurface
2974.52 1675 189.582 8 5 2 4 855163 21.8907 101361 1.22009 2.12054e+06 855163 ZonesAtSurface
3024.52 1674.99 229.564 1 0 2 4 571940 17.0341 119150 1.22125 1.38504e+06 571940 ZonesAtSurface
3074.54 1674.98 219.551 2 0 2 5 532671 16.8529 96742.2 1.07717 2.56364e+06 532671 ZonesAtSurface
3124.54 1674.98 309.54 4 4 1 4 851794 44.6992 72580.3 1.52431 2.70328e+06 851794 ZonesAtSurface
3174.57 1674.97 249.514 0 0 1 6 1.44211e+06 36.2514 136919 1.95143 5.45262e+06 1.44211e+06 ZonesAtSurface
3224.58 1674.97 289.497 0 0 1 6 1.24605e+06 35.1669 53230.9 1.60204 5.5168e+06 1.24605e+06 ZonesAtSurface
3274.6 1674.96 279.468 9 0 1 7 812364 31.8123 62858.9 1.05765 6.45133e+06 812364 ZonesAtSurface
3324.61 1674.97 319.431 8 0 1 7 560771 21.1575 125689 1.06632 3.45643e+06 560771 ZonesAtSurface
3374.65 1674.96 309.398 2 0 1 8 501729 34.7688 133166 1.15742 8.16918e+06 501729 ZonesAtSurface
3424.68 1674.97 399.33 9 0 1 7 1.11523e+06 38.5567 122066 1.01038 6.7329e+06 1.11523e+06 ZonesAtSurface
3474.72 1674.97 439.287 5 0 1 7 536254 30.2049 137078 1.02469 5.09853e+06 536254 ZonesAtSurface
3524.76 1674.97 479.248 10 0 1 7 522215 30.0611 69021 1.01595 4.22907e+06 522215 ZonesAtSurface
3574.82 1674.97 469.232 2 0 1 8 878777 25.9592 91915 1.00178 5.3994e+06 878777 ZonesAtSurface
3624.87 1674.98 559.159 0 7 2 7 1.37768e+06 41.3626 109708 1.41949 4.02328e+06 1.37768e+06 ZonesAtSurface
3674.94 1674.98 499.177 1 0 1 9 917096 40.9004 127741 1.01439 7.69721e+06 917096 ZonesAtSurface
3724.99 1674.98 589.09 2 0 1 8 1.06037e+06 32.1993 58513.9 1.04864 5.61108e+06 1.06037e+06 ZonesAtSurface
3775.03 1674.99 888.803 0 0 2 2 1.11913e+06 18.1032 133884 1.3367 2.35676e+06 1.11913e+06 ZonesAtSurface
3825.11 1674.99 798.853 10 0 1 3 777417 28.0272 67887.5 1.0315 2.92955e+06 777417 ZonesAtSurface
3875.13 1674.99 808.906 1 8 1 2 1.38564e+06 21.0669 145538 1.58025 2.62169e+06 1.38564e+06 ZonesAtSurface
3925.24 1674.99 718.982 20 0 2 3 523859 33.7601 136453 1.13908 1.96041e+06 523859 ZonesAtSurface
3975.31 1674.99 679.053 0 0 2 3 1.32676e+06 28.1801 111004 1.45649 3.21062e+06 1.32676e+06 ZonesAtSurface
4025.33 1674.99 689.113 0 0 1 2 988714 36.8683 123805 2.39946 1.90575e+06 988714 ZonesAtSurface
4075.41 1674.99 649.173 6 0 2 2 668007 29.0286 135501 1.07587 2.19184e+06 668007 ZonesAtSurface
4125.47 1674.99 609.232 9 0 1 2 607977 37.4582 52749.1 1.1784 3.32784e+06 607977 ZonesAtSurface
4175.55 1674.99 519.299 0 0 1 3 1.40819e+06 27.12 123009 1.30102 4.50056e+06 1.40819e+06 ZonesAtSurface
4225.57 1675 529.349 0 0 1 2 1.21643e+06 40.59 140581 2.30548 2.66722e+06 1.21643e+06 ZonesAtSurface
4275.6 1675 489.39 4 0 1 2 884854 28.3367 74255.4 1.40052 2.83782e+06 884854 ZonesAtSurface
4325.61 1675 499.424 0 2 2 1 1.10124e+06 20.5127 76352.4 2.09152 1.64673e+06 1.10124e+06 ZonesAtSurface
4375.64 1675 459.452 0 0 1 1 1.23719e+06 29.7562 98960.2 4.05926 1.6357e+06 1.23719e+06 ZonesAtSurface
4425.64 1674.99 469.476 7 7 0 0 700738 24.5163 61106.4 8.58061 298166 700738 ZonesAtSurface
4475.65 1675 429.497 0 0 0 0 962933 27.1692 132235 4.32458 782462 962933 ZonesAtSurface
4525.67 1675 389.519 0 9 0 0 1.19493e+06 18.8049 115285 3.42432 1.01848e+06 1.19493e+06 ZonesAtSurface
4575.69 1675 299.542 0 8 1 1 851600 39.1982 74632.2 3.16735 1.49436e+06 851600 ZonesAtSurface
4625.64 1675 159.584 8 5 1 3 1.49096e+06 16.9978 88278.4 1.70437 2.7772e+06 1.49096e+06 ZonesAtSurface
4675.55 1674.99 69.6125 4 0 2 4 1.26285e+06 40.1675 90230.4 1.38284 5.09186e+06 1.26285e+06 ZonesAtSurface
4725.38 1674.99 -20.3707 23 0 1 5 689409 23.7932 87104.7 1.06651 9.63333e+06 689409 ZonesAtSurface
4775.3 1674.98 -10.3352 21 0 1 4 865310 43.9586 126499 1.4572 6.87636e+06 865310 ZonesAtSurface
4825.22 1674.98 -0.311843 42 0 1 3 1.19786e+06 31.6906 111943 1.05016 5.26902e+06 1.19786e+06 ZonesAtSurface
4875.14 1674.99 9.70047 41 0 1 2 1.04434e+06 44.1829 95520 1.09927 7.17408e+06 1.04434e+06 ZonesAtSurface
4925.07 1674.98 19.7001 32 0 1 1 1.25022e+06 26.5008 128377 1.10279 6.16903e+06 1.25022e+06 ZonesAtSurface
74.9597 1725 -1.70704 101 0 1 1 537826 29.0983 67503.9 1.16858 2.48228e+06 537826 ZonesAtSurface
124.882 1724.99 -26.6521 90 0 1 2 554998 22.6864 118786 1.15559 2.72944e+06 554998 ZonesAtSurface
174.797 1724.99 -1.58694 44 69 1 2 1.2733e+06 42.5255 139721 3.32525 2.21227e+06 1.2733e+06 ZonesAtSurface
224.673 1724.99 -26.6862 79 0 1 3 100000 5 10000 1.28631 332388 100000 ZonesAtSurface
274.585 1724.98 -1.70401 79 3 1 3 100000 5 10000 1.60242 196866 100000 ZonesAtSurface
324.519 1725 -26.7859 64 25 1 4 1.43527e+06 32.4912 100908 1.45801 3.77771e+06 1.43527e+06 ZonesAtSurface
374.461 1725 -1.7816 39 33 1 4 1.35812e+06 37.6868 136241 3.41023 2.06752e+06 1.35812e+06 ZonesAtSurface
424.44 1725 -26.8166 29 0 1 5 840211 16.2549 74024.9 1.04253 3.26826e+06 840211 ZonesAtSurface
474.362 1724.99 -1.83699 30 0 1 5 717910 18.3394 105946 1.02627 2.47032e+06 717910 ZonesAtSurface
524.373 1724.99 -26.8981 7 0 1 6 1.22941e+06 41.4635 78483.8 1.48237 1.08902e+07 1.22941e+06 ZonesAtSurface
574.324 1724.99 -1.90849 10 0 1 6 100000 5 10000 1.15025 1.41508e+06 100000 ZonesAtSurface
624.286 1724.99 23.0786 3 0 1 6 683056 39.5359 56380.9 1.12261 8.244e+06 683056 ZonesAtSurface
674.239 1724.99 98.0841 8 0 1 5 1.12537e+06 37.9234 65626.9 1.46383 4.23339e+06 1.12537e+06 ZonesAtSurface
724.247 1724.99 73.0545 1 0 1 6 1.2819e+06 24.3811 144908 1.27471 6.66229e+06 1.2819e+06 ZonesAtSurface
774.207 1724.99 148.043 6 0 1 5 788688 35.0347 71311.4 1.2643 6.04536e+06 788688 ZonesAtSurface
824.177 1724.98 223.029 7 0 2 4 1.24811e+06 23.5871 107034 1.15628 3.74839e+06 1.24811e+06 ZonesAtSurface
874.206 1724.99 198.012 0 0 1 5 1.02643e+06 26.2627 90847.8 1.30915 4.76549e+06 1.02643e+06 ZonesAtSurface
924.198 1724.98 272.987 10 1 1 4 1.1198e+06 25.8226 56410.9 1.11779 3.37521e+06 1.1198e+06 ZonesAtSurface
974.217 1724.98 297.969 8 2 1 4 671499 29.0553 76125.9 1.24799 1.78337e+06 671499 ZonesAtSurface
1024.24 1724.99 322.957 9 9 1 4 1.3047e+06 23.4248 70079.9 1.78218 2.27601e+06 1.3047e+06 ZonesAtSurface
1074.26 1724.99 297.949 8 0 2 5 628848 24.2741 141112 1.11096 2.48861e+06 628848 ZonesAtSurface
1124.29 1724.99 322.939 0 7 1 5 1.42276e+06 28.0007 63085.8 1.97081 2.37816e+06 1.42276e+06 ZonesAtSurface
1174.31 1724.99 297.926 0 0 2 6 1.40937e+06 34.6463 84404.3 2.7374 2.89154e+06 1.40937e+06 ZonesAtSurface
1224.34 1724.99 322.92 7 0 2 6 550145 33.7494 143636 1.03247 2.47054e+06 550145 ZonesAtSurface
1274.36 1725 297.906 0 0 1 7 953733 22.4658 75074.3 1.12858 3.68049e+06 953733 ZonesAtSurface
1324.39 1725 322.903 8 0 2 7 516193 34.0377 66005.3 1.03188 3.03758e+06 516193 ZonesAtSurface
1374.42 1725 297.885 0 0 1 8 847401 33.6518 116661 1.2184 4.89051e+06 847401 ZonesAtSurface
1424.45 1725 372.878 8 0 1 7 605263 43.5231 127221 2.18959 2.18631e+06 605263 ZonesAtSurface
1474.5 1725 397.835 6 0 2 7 100000 5 10000 0 407856 100000 ZonesAtSurface
1524.55 1724.99 422.797 6 4 2 7 1.19165e+06 25.3155 128889 1.47118 2.71038e+06 1.19165e+06 ZonesAtSurface
1574.59 1724.99 397.785 1 0 2 8 553334 33.293 123564 1.16038 2.80703e+06 553334 ZonesAtSurface
1624.65 1724.98 322.802 0 0 1 10 100000 5 10000 1.00205 1.2508e+06 100000 ZonesAtSurface
1674.7 1724.98 447.75 5 6 2 8 841333 31.3475 148651 3.20226 1.12611e+06 841333 ZonesAtSurface
1724.76 1724.98 422.753 1 0 2 9 789243 29.8092 129125 1.02303 3.42731e+06 789243 ZonesAtSurface
1774.84 1724.97 497.711 6 9 2 8 831862 22.9967 104760 1.92812 1.27868e+06 831862 ZonesAtSurface
1824.92 1724.97 472.722 6 0 1 9 615994 21.4196 67493.2 1.01677 2.64438e+06 615994 ZonesAtSurface
1875 1724.96 497.714 8 6 1 9 1.28664e+06 44.9707 74124.3 1.17936 4.98444e+06 1.28664e+06 ZonesAtSurface
1925.09 1724.95 522.719 8 5 1 9 871637 34.4104 121700 1.10338 2.82929e+06 871637 ZonesAtSurface
1975.23 1724.96 547.732 10 3 1 9 647933 17.1392 145435 1.10924 1.51982e+06 647933 ZonesAtSurface
2025.35 1724.97 510.321 8 9 1 9 547133 16.6086 87759.2 0 1.40954e+06 547133 ZonesAtSurface
2075.35 1724.95 360.485 2 0 1 10 1.07098e+06 37.5274 77175.6 1.11219 6.53517e+06 1.07098e+06 ZonesAtSurface
2125.34 1724.94 260.527 2 0 1 10 1.13903e+06 17.178 69695.5 1.00895 4.66229e+06 1.13903e+06 ZonesAtSurface
2175.34 1724.94 210.54 9 3 1 9 1.48771e+06 43.7351 93651.1 1.05287 6.29966e+06 1.48771e+06 ZonesAtSurface
2225.3 1724.95 110.545 6 0 1 9 1.37629e+06 33.6182 94337.4 1.03839 5.71183e+06 1.37629e+06 ZonesAtSurface
2275.24 1724.96 10.5383 3 0 1 9 100000 5 10000 1.05805 1.68657e+06 100000 ZonesAtSurface
2325.2 1724.97 -39.4664 1 0 1 8 100000 5 10000 1.24661 2.07514e+06 100000 ZonesAtSurface
2375.19 1724.97 -39.4474 37 0 1 6 100000 5 10000 1.50523 871664 100000 ZonesAtSurface
2425.21 1724.15 -39.2866 54 6 1 4 1.18649e+06 23.6752 108854 1.95766 2.42672e+06 1.18649e+06 ZonesAtSurface
2475.09 1724.99 -289.521 0 0 0 0 800611 44.2044 129395 10 6.42214e+06 800611 ZonesAtSurface
2525.07 1724.92 -219.583 3 0 0 0 1.33065e+06 31.4064 51773.8 2.0727 1.15451e+07 1.33065e+06 ZonesAtSurface
2575.04 1724.94 -229.563 0 0 0 0 1.3827e+06 21.6627 106627 2.46105 8.84894e+06 1.3827e+06 ZonesAtSurface
2625.02 1724.93 -189.557 6 0 0 0 100000 5 10000 1.01145 3.84681e+06 100000 ZonesAtSurface
2674.99 1724.57 -49.3111 50 0 1 4 953521 32.6954 61761.8 1.25698 9.84842e+06 953521 ZonesAtSurface
2724.88 1724.82 -9.18039 51 26 1 4 837655 24.4156 73227.3 0 2.91502e+06 837655 ZonesAtSurface
2774.83 1724.95 -19.3174 33 5 1 5 1.33566e+06 39.0289 116358 1.22783 4.94654e+06 1.33566e+06 ZonesAtSurface
2824.77 1724.97 -29.3781 24 0 1 6 1.08357e+06 31.0277 115620 1.11168 9.12879e+06 1.08357e+06 ZonesAtSurface
2874.75 1724.96 -39.4055 2 0 1 7 905801 15.3975 83976.3 1.06683 7.32553e+06 905801 ZonesAtSurface
2924.64 1724.97 50.6015 5 0 1 6 1.46454e+06 22.8896 131395 1.02461 5.99695e+06 1.46454e+06 ZonesAtSurface
2974.54 1725.01 190.567 4 6 2 4 932364 40.9284 149517 1.35644 2.66077e+06 932364 ZonesAtSurface
3024.54 1725.01 230.558 0 9 2 4 1.14403e+06 44.883 67255 2.12453 2.57266e+06 1.14403e+06 ZonesAtSurface
3074.56 1725 270.552 8 9 2 4 1.41981e+06 23.3103 66030.6 2.25493 2.00539e+06 1.41981e+06 ZonesAtSurface
3124.58 1724.97 210.536 7 0 1 6 792687 27.2851 91639.4 1.14627 5.09141e+06 792687 ZonesAtSurface
3174.59 1724.97 250.52 6 0 1 6 1.27094e+06 27.4913 55322.7 1.02804 5.2675e+06 1.27094e+06 ZonesAtSurface
3224.61 1724.96 240.493 0 0 1 7 1.15655e+06 35.5551 88711.2 1.67468 5.51917e+06 1.15655e+06 ZonesAtSurface
3274.61 1724.96 280.471 9 0 1 7 960290 39.3499 81627.6 1.13916 6.53516e+06 960290 ZonesAtSurface
3324.63 1724.96 320.424 8 0 1 7 100000 5 10000 1.00829 601673 100000 ZonesAtSurface
3374.66 1724.96 360.368 9 0 1 7 1.18941e+06 28.4131 53952.4 1.0212 7.03362e+06 1.18941e+06 ZonesAtSurface
3424.69 1724.96 450.309 8 0 1 6 1.2039e+06 41.593 130667 1.10454 6.37527e+06 1.2039e+06 ZonesAtSurface
3474.72 1724.96 490.268 1 0 2 6 864427 27.8651 116785 1.02235 3.99504e+06 864427 ZonesAtSurface
3524.77 1724.96 530.228 3 0 2 6 1.14615e+06 17.5931 51061 1.07532 3.07219e+06 1.14615e+06 ZonesAtSurface
3574.83 1724.97 470.234 4 0 1 8 1.19782e+06 21.1619 115112 1.01623 5.43298e+06 1.19782e+06 ZonesAtSurface
3624.87 1724.98 560.163 5 0 2 7 665831 19.1806 60085 1.17796 1.72494e+06 665831 ZonesAtSurface
3674.94 1724.98 550.153 9 0 1 8 1.32597e+06 37.6705 136112 1.01272 5.88251e+06 1.32597e+06 ZonesAtSurface
3724.99 1724.98 590.1 4 0 1 8 1.3242e+06 30.9227 142465 1.0633 5.6522e+06 1.3242e+06 ZonesAtSurface
3775.04 1724.99 889.814 0 4 2 2 854919 16.3893 131054 1.24274 1.91133e+06 854919 ZonesAtSurface
3825.11 1724.99 799.862 10 0 1 3 1.06918e+06 22.9192 59449.9 1.09062 3.23945e+06 1.06918e+06 ZonesAtSurface
3875.21 1724.99 709.937 8 0 1 4 1.19767e+06 37.8524 139662 1.25364 4.80043e+06 1.19767e+06 ZonesAtSurface
3925.19 1724.99 769.982 3 9 1 2 1.11306e+06 32.4007 57826.1 3.12902 1.85606e+06 1.11306e+06 ZonesAtSurface
3975.26 1724.99 730.051 8 3 1 2 758069 19.5332 124358 1.43976 1.52922e+06 758069 ZonesAtSurface
4025.33 1724.99 690.117 0 2 2 2 1.12949e+06 38.5071 88273.5 3.28369 2.05655e+06 1.12949e+06 ZonesAtSurface
4075.41 1724.99 650.177 0 5 2 2 911190 40.3592 89847.3 2.3325 2.49347e+06 911190 ZonesAtSurface
4125.5 1724.99 560.246 8 0 1 3 639722 17.6059 77398.9 1.03147 2.66079e+06 639722 ZonesAtSurface
4175.53 1725 570.294 0 7 1 2 1.43479e+06 43.27 81767.6 2.08723 4.21948e+06 1.43479e+06 ZonesAtSurface
4225.58 1725 480.353 2 0 2 3 1.02698e+06 25.9034 110845 1.18339 3.87819e+06 1.02698e+06 ZonesAtSurface
4275.6 1725 490.395 0 0 2 2 938653 44.9031 134580 2.0601 2.9497e+06 938653 ZonesAtSurface
4325.62 1725 450.429 0 0 2 2 1.38917e+06 16.5454 103988 2.00776 2.3219e+06 1.38917e+06 ZonesAtSurface
4375.63 1725 460.454 0 0 2 1 1.27221e+06 41.9906 80700.4 7.29619 1.29242e+06 1.27221e+06 ZonesAtSurface
4425.63 1725 470.476 0 0 0 0 1.18126e+06 39.1354 139768 10 301393 1.18126e+06 ZonesAtSurface
4475.65 1725 430.498 0 0 0 0 927615 19.2422 63029.6 3.53459 839465 927615 ZonesAtSurface
4525.68 1725 340.525 0 3 1 1 1.41969e+06 40.0749 60045.6 3.51423 2.18383e+06 1.41969e+06 ZonesAtSurface
4575.69 1725 300.542 0 5 2 1 818422 36.9912 53190.5 3.73936 1.04161e+06 818422 ZonesAtSurface
4625.53 1724.99 60.6072 0 0 1 5 599821 31.4808 118163 1.02093 7.49063e+06 599821 ZonesAtSurface
4675.41 1724.99 -29.3956 3 0 1 6 1.34103e+06 16.0797 136901 1.01436 8.93473e+06 1.34103e+06 ZonesAtSurface
4725.38 1724.99 -19.3733 14 0 1 5 640318 31.4038 99860 1.10798 1.24355e+07 640318 ZonesAtSurface
4775.31 1724.98 -9.34112 22 0 1 4 1.14269e+06 41.0113 82330.2 1.3136 8.57799e+06 1.14269e+06 ZonesAtSurface
4825.23 1724.98 0.681728 30 0 1 3 952814 39.2892 96904.9 1.03054 8.22092e+06 952814 ZonesAtSurface
4875.15 1724.99 10.688 29 0 1 2 1.40774e+06 37.3259 91601.5 1.0105 7.94024e+06 1.40774e+06 ZonesAtSurface
4925.08 1724.98 20.6865 42 0 1 1 1.43598e+06 41.5754 121679 1.05781 9.44481e+06 1.43598e+06 ZonesAtSurface
74.9478 1775.02 -0.715094 101 30 1 1 694480 17.6844 134536 1.37532 1.62808e+06 694480 ZonesAtSurface
124.86 1775 -25.6859 90 0 1 2 890433 26.2084 82929.7 1.14019 3.80083e+06 890433 ZonesAtSurface
174.78 1775 -0.63075 65 62 1 2 1.42148e+06 26.8052 82624.7 2.48196 2.16105e+06 1.42148e+06 ZonesAtSurface
224.692 1774.99 -25.6831 78 0 1 3 1.30909e+06 44.6577 92845.4 1.11211 7.26967e+06 1.30909e+06 ZonesAtSurface
274.606 1774.98 -0.673078 79 0 1 3 757771 33.8219 125606 1.58109 2.67071e+06 757771 ZonesAtSurface
324.517 1775 -25.7548 68 0 1 4 100000 5 10000 1.15763 395589 100000 ZonesAtSurface
374.436 1775 -0.763763 63 0 1 4 100000 5 10000 1.0525 392625 100000 ZonesAtSurface
424.414 1775 -25.82 42 0 1 5 1.14816e+06 28.0933 148907 1.12682 4.43822e+06 1.14816e+06 ZonesAtSurface
474.332 1774.99 -0.841511 35 0 1 5 100000 5 10000 1.09093 520830 100000 ZonesAtSurface
524.279 1774.98 24.1099 3 0 1 5 660271 17.2615 97411.3 1.20532 2.69657e+06 660271 ZonesAtSurface
574.201 1774.97 99.0896 4 3 2 4 100000 5 10000 0 294700 100000 ZonesAtSurface
624.241 1774.99 74.0846 5 0 1 5 1.26041e+06 30.3992 82136.2 1.25693 4.46282e+06 1.26041e+06 ZonesAtSurface
674.266 1774.99 49.066 0 0 1 6 1.01678e+06 34.9048 61780.4 1.93083 5.65546e+06 1.01678e+06 ZonesAtSurface
724.249 1774.99 74.0523 0 0 1 6 1.31829e+06 21.1316 91289.8 1.29718 6.80334e+06 1.31829e+06 ZonesAtSurface
774.156 1774.98 199.032 5 0 1 4 100000 5 10000 1.30632 210908 100000 ZonesAtSurface
824.159 1774.98 224.015 5 0 1 4 100000 5 10000 1.09853 551524 100000 ZonesAtSurface
874.164 1774.98 248.993 3 0 1 4 100000 5 10000 1.33997 492009 100000 ZonesAtSurface
924.201 1774.99 223.984 2 0 1 5 100000 5 10000 1.25443 751572 100000 ZonesAtSurface
974.197 1774.99 298.957 5 0 1 4 100000 5 10000 1.09383 441187 100000 ZonesAtSurface
1024.24 1774.99 273.956 3 0 1 5 725993 38.0665 114852 1.40031 3.85792e+06 725993 ZonesAtSurface
1074.26 1774.99 248.949 0 0 1 6 847315 36.8242 70874.5 2.83113 3.61123e+06 847315 ZonesAtSurface
1124.29 1774.99 273.938 0 0 1 6 617792 41.339 53102.3 3.0377 3.3807e+06 617792 ZonesAtSurface
1174.31 1775 298.93 0 0 2 6 1.48483e+06 35.0112 148297 2.42768 3.2721e+06 1.48483e+06 ZonesAtSurface
1224.34 1775 323.926 3 0 2 6 686342 36.6971 66034.3 1.43587 2.59191e+06 686342 ZonesAtSurface
1274.36 1775 298.914 0 0 2 7 1.47303e+06 27.4222 67339.1 1.44359 3.74477e+06 1.47303e+06 ZonesAtSurface
1324.39 1775 323.912 4 6 2 7 1.22332e+06 28.144 114976 1.29933 2.99973e+06 1.22332e+06 ZonesAtSurface
1374.42 1775 298.897 0 0 2 8 1.38814e+06 39.0338 58432.6 1.32412 4.57083e+06 1.38814e+06 ZonesAtSurface
1424.46 1775 273.884 0 0 1 9 1.11461e+06 41.8494 124664 2.33303 5.72197e+06 1.11461e+06 ZonesAtSurface
1474.49 1774.99 298.868 0 0 1 9 872054 43.8922 92458.9 1.71737 6.52125e+06 872054 ZonesAtSurface
1524.54 1774.99 323.838 10 0 1 9 100000 5 10000 1.01747 803935 100000 ZonesAtSurface
1574.6 1774.99 398.799 4 0 1 8 1.38984e+06 26.2631 113464 1.21743 4.95171e+06 1.38984e+06 ZonesAtSurface
1624.66 1774.98 323.811 1 0 1 10 910191 23.3506 143941 1.02258 5.57355e+06 910191 ZonesAtSurface
1674.72 1774.98 348.8 1 0 1 10 884966 35.9325 52335.9 1.03428 7.56154e+06 884966 ZonesAtSurface
1724.77 1774.98 423.772 6 0 1 9 671747 25.0134 64421.4 1.01252 4.08329e+06 671747 ZonesAtSurface
1774.84 1774.97 398.781 0 0 1 10 641325 33.1892 80727.6 1.01013 5.62714e+06 641325 ZonesAtSurface
1824.91 1774.97 473.747 0 0 2 9 653755 33.2074 117999 1.02702 2.63134e+06 653755 ZonesAtSurface
1874.99 1774.96 498.745 3 2 2 9 1.16719e+06 29.1522 104665 1.14979 3.29301e+06 1.16719e+06 ZonesAtSurface
1925.08 1774.95 523.744 0 4 1 9 1.20262e+06 43.977 122254 1.42336 3.75308e+06 1.20262e+06 ZonesAtSurface
1975.2 1774.95 498.813 5 1 1 10 956206 27.8916 74954.5 1.05592 2.98618e+06 956206 ZonesAtSurface
2025.29 1774.95 461.384 2 0 1 10 1.36125e+06 21.9908 77521.9 1.04796 3.85994e+06 1.36125e+06 ZonesAtSurface
2075.31 1774.94 361.481 2 0 1 10 775382 16.2998 71410.9 1.06134 3.11574e+06 775382 ZonesAtSurface
2125.3 1774.94 261.523 2 0 1 10 967204 39.0546 83762.4 1.02664 6.83788e+06 967204 ZonesAtSurface
2175.27 1774.94 161.53 2 0 1 10 867205 15.43 95636.2 0.999762 4.31317e+06 867205 ZonesAtSurface
2225.27 1774.95 111.536 5 0 1 9 1.21646e+06 34.9088 119720 1.10679 6.46143e+06 1.21646e+06 ZonesAtSurface
2275.25 1774.96 61.5424 3 0 1 8 897833 42.4635 90883.6 1.58404 6.77081e+06 897833 ZonesAtSurface
2325.22 1774.97 11.5378 3 0 1 7 757863 37.3016 126730 2.26266 7.17265e+06 757863 ZonesAtSurface
2375.17 1774.97 -38.4705 18 0 1 6 720340 28.6748 98991.9 1.87399 1.01998e+07 720340 ZonesAtSurface
2425.06 1773.59 -38.3796 55 4 1 4 706446 20.061 70226.7 1.67723 5.59934e+06 706446 ZonesAtSurface
2475.09 1774.97 -238.535 0 0 0 0 855800 23.693 89112.3 2.95699 9.93768e+06 855800 ZonesAtSurface
2525.07 1774.98 -268.536 0 0 0 0 1.07501e+06 19.0961 148552 3.59117 5.99604e+06 1.07501e+06 ZonesAtSurface
2575.04 1774.95 -228.546 2 0 0 0 1.3981e+06 18.8721 80426.5 1.44183 1.13818e+07 1.3981e+06 ZonesAtSurface
2625 1774.94 -188.538 6 0 0 0 100000 5 10000 0.997586 3.46482e+06 100000 ZonesAtSurface
2674.99 1774.25 -48.3461 51 0 1 4 602996 24.6274 143814 1.19557 1.14428e+07 602996 ZonesAtSurface
2724.93 1774.55 -8.14872 44 13 1 4 1.49025e+06 24.9086 146948 0.855398 5.55752e+06 1.49025e+06 ZonesAtSurface
2774.88 1774.92 -18.3387 37 0 1 5 1.20236e+06 26.7906 131230 1.12941 3.77215e+06 1.20236e+06 ZonesAtSurface
2824.81 1774.96 -28.3844 27 0 1 6 1.30765e+06 18.4426 114595 1.07607 6.4031e+06 1.30765e+06 ZonesAtSurface
2874.77 1774.96 -38.4156 5 0 1 7 943983 36.4088 93320.4 1.40794 1.13489e+07 943983 ZonesAtSurface
2924.71 1774.96 1.58289 6 0 1 7 889178 25.991 123835 1.09426 7.7227e+06 889178 ZonesAtSurface
2974.67 1774.96 41.5689 5 0 1 7 100000 5 10000 1.00003 1.4206e+06 100000 ZonesAtSurface
3024.61 1774.97 131.563 5 0 1 6 787998 41.2133 82772.6 1.33058 5.9156e+06 787998 ZonesAtSurface
3074.6 1774.97 171.551 2 0 1 6 1.4926e+06 34.8091 108291 1.57228 5.87493e+06 1.4926e+06 ZonesAtSurface
3124.6 1774.97 211.536 0 0 2 6 814285 38.8227 111725 2.09454 3.85347e+06 814285 ZonesAtSurface
3174.62 1774.95 201.51 0 0 1 7 770405 37.5495 96587.8 1.84881 5.80378e+06 770405 ZonesAtSurface
3224.62 1774.95 241.489 0 0 1 7 757573 39.7129 121157 2.19953 5.36596e+06 757573 ZonesAtSurface
3274.65 1774.95 231.459 0 0 1 8 1.07078e+06 29.2625 137200 1.7639 6.03701e+06 1.07078e+06 ZonesAtSurface
3324.64 1774.95 421.377 6 6 2 5 699283 41.5919 108617 1.85628 1.59315e+06 699283 ZonesAtSurface
3374.67 1774.96 411.344 8 0 1 6 1.12806e+06 30.8757 81762.7 1.06158 5.11489e+06 1.12806e+06 ZonesAtSurface
3424.7 1774.97 501.292 6 0 2 5 796657 39.1355 146042 1.05305 3.95508e+06 796657 ZonesAtSurface
3474.74 1774.97 541.253 7 2 2 5 901487 36.5501 77484.3 1.15991 2.92707e+06 901487 ZonesAtSurface
3524.77 1774.97 531.227 6 0 1 6 875527 44.8436 135743 1.01504 3.68294e+06 875527 ZonesAtSurface
3574.82 1774.97 521.207 3 0 1 7 851047 33.2175 98165.1 1.0274 4.82067e+06 851047 ZonesAtSurface
3624.9 1774.97 461.229 0 0 1 9 731014 20.447 141122 1.00346 5.03174e+06 731014 ZonesAtSurface
3674.95 1774.97 501.192 5 0 1 9 745260 37.4064 98660.1 1.01575 8.36729e+06 745260 ZonesAtSurface
3724.99 1774.99 641.051 7 0 1 7 876380 23.7872 134629 1.0251 3.99007e+06 876380 ZonesAtSurface
3775.05 1775 840.836 10 5 1 3 657047 33.3792 119024 1.11393 1.94813e+06 657047 ZonesAtSurface
3825.11 1774.99 800.871 0 8 2 3 1.15333e+06 34.4501 108341 1.48587 2.92709e+06 1.15333e+06 ZonesAtSurface
3875.18 1774.99 760.923 0 7 2 3 1.48956e+06 35.8291 125375 2.31509 2.73565e+06 1.48956e+06 ZonesAtSurface
3925.24 1774.99 720.989 1 0 2 3 1.065e+06 34.2463 95428.1 1.59339 3.07765e+06 1.065e+06 ZonesAtSurface
3975.26 1774.99 731.055 9 0 2 2 713752 16.7191 88867.6 1.39039 1.57022e+06 713752 ZonesAtSurface
4025.34 1774.99 691.121 0 2 2 2 1.42862e+06 33.7222 103830 2.84888 2.07307e+06 1.42862e+06 ZonesAtSurface
4075.41 1774.99 651.18 3 0 2 2 749465 32.2933 148544 1.19127 2.43045e+06 749465 ZonesAtSurface
4125.47 1774.99 611.236 0 0 2 2 1.44411e+06 24.0328 57895.1 1.55082 3.4487e+06 1.44411e+06 ZonesAtSurface
4175.55 1774.99 471.322 0 0 1 4 1.31763e+06 36.5465 134797 1.60207 5.81274e+06 1.31763e+06 ZonesAtSurface
4225.58 1774.99 481.356 10 0 1 3 685165 30.0354 112736 1.14953 3.5597e+06 685165 ZonesAtSurface
4275.59 1774.99 491.398 4 0 1 2 727550 37.552 63900.3 1.38912 2.62915e+06 727550 ZonesAtSurface
4325.62 1775 451.43 0 0 2 2 1.0402e+06 22.9926 98970.9 1.98508 2.24463e+06 1.0402e+06 ZonesAtSurface
4375.63 1775 461.454 1 0 1 1 597631 28.3473 72312.6 2.56522 1.2303e+06 597631 ZonesAtSurface
4425.63 1775 471.476 0 0 0 0 888132 34.7548 128389 10 379593 888132 ZonesAtSurface
4475.65 1775 431.498 0 0 0 0 680792 43.7449 124473 4.81376 917164 680792 ZonesAtSurface
4525.67 1775 341.525 0 0 2 1 1.27574e+06 21.619 50112.6 2.40669 1.94333e+06 1.27574e+06 ZonesAtSurface
4575.68 1775 301.543 7 9 1 1 746799 37.8134 135315 4.07268 1.04803e+06 746799 ZonesAtSurface
4625.52 1774.99 61.6087 6 0 1 5 691764 37.3128 56555.4 1.07556 8.57941e+06 691764 ZonesAtSurface
4675.46 1774.99 21.6236 9 0 1 5 1.09533e+06 38.775 79838.3 1.10958 1.04037e+07 1.09533e+06 ZonesAtSurface
4725.37 1774.99 -18.3753 14 0 1 5 796932 24.5544 119132 1.0385 9.66345e+06 796932 ZonesAtSurface
4775.32 1774.99 -8.35144 19 0 1 4 1.3225e+06 18.3581 74988.6 1.03141 7.05444e+06 1.3225e+06 ZonesAtSurface
4825.24 1774.99 1.67292 36 0 1 3 543438 20.1 111335 1.03109 5.32211e+06 543438 ZonesAtSurface
4875.18 1774.99 11.6738 26 0 1 2 1.10885e+06 37.4656 129122 1.09445 9.03101e+06 1.10885e+06 ZonesAtSurface
4925.09 1774.98 21.6834 24 0 1 1 1.07464e+06 39.8928 131413 1.07902 9.55692e+06 1.07464e+06 ZonesAtSurface
74.9356 1825 -49.7684 86 0 1 2 1.12192e+06 31.1675 117160 1.25903 7.42892e+06 1.12192e+06 ZonesAtSurface
124.863 1825.01 -24.6868 71 18 1 2 1.21148e+06 34.9315 145422 1.45975 3.57085e+06 1.21148e+06 ZonesAtSurface
174.785 1825 -49.703 79 0 1 3 727114 16.1236 149159 1.24269 3.00892e+06 727114 ZonesAtSurface
224.686 1825 -24.6653 79 0 1 3 518180 22.1706 147290 1.32671 1.22069e+06 518180 ZonesAtSurface
274.611 1824.99 -49.7286 68 0 1 4 948278 31.8873 145253 1.05205 5.64827e+06 948278 ZonesAtSurface
324.506 1824.99 -24.7244 65 17 1 4 1.23203e+06 40.1973 108698 1.92109 3.65068e+06 1.23203e+06 ZonesAtSurface
374.465 1824.99 -49.8246 31 0 1 5 100000 5 10000 1.06938 800245 100000 ZonesAtSurface
424.374 1824.99 -24.8353 38 0 1 5 100000 5 10000 1.20523 626631 100000 ZonesAtSurface
474.304 1824.98 0.145971 5 0 1 5 100000 5 10000 1.07909 733839 100000 ZonesAtSurface
524.199 1824.98 75.1081 9 5 2 4 979834 24.5368 98264.4 1.75486 2.0195e+06 979834 ZonesAtSurface
574.195 1824.98 100.093 0 0 2 4 1.37374e+06 31.3307 87865.7 7.75369 1.07174e+06 1.37374e+06 ZonesAtSurface
624.192 1824.97 125.09 8 0 1 4 1.33981e+06 28.9257 129907 1.69874 3.14934e+06 1.33981e+06 ZonesAtSurface
674.189 1824.97 150.08 10 2 1 4 1.28999e+06 35.0892 99738.7 1.62778 3.78211e+06 1.28999e+06 ZonesAtSurface
724.2 1824.98 125.053 10 0 1 5 100000 5 10000 1.26817 850996 100000 ZonesAtSurface
774.119 1824.98 250.013 9 0 2 3 100000 5 10000 0 313707 100000 ZonesAtSurface
824.136 1824.99 274.992 9 0 2 3 1.48962e+06 23.644 64233.4 1.30416 3.80262e+06 1.48962e+06 ZonesAtSurface
874.153 1824.99 299.978 8 2 2 3 910862 19.57 96311.1 1.28863 1.95817e+06 910862 ZonesAtSurface
924.169 1824.99 324.966 7 7 2 3 624848 41.7982 53326.3 1.80453 1.48987e+06 624848 ZonesAtSurface
974.185 1824.99 299.954 2 1 2 4 1.10749e+06 31.6019 99682.9 1.45798 2.94201e+06 1.10749e+06 ZonesAtSurface
1024.2 1824.99 324.946 5 0 2 4 666921 34.3783 144969 1.29277 2.00828e+06 666921 ZonesAtSurface
1074.26 1824.99 249.948 1 0 1 6 1.27944e+06 16.3845 92178.8 1.14846 4.36288e+06 1.27944e+06 ZonesAtSurface
1124.28 1824.99 274.938 5 0 1 6 1.13984e+06 28.9506 77471.9 1.40103 4.59865e+06 1.13984e+06 ZonesAtSurface
1174.29 1824.99 349.925 8 0 2 5 100000 5 10000 1.06323 263264 100000 ZonesAtSurface
1224.33 1825 274.927 3 0 1 7 1.11861e+06 16.1693 103136 1.18017 3.77521e+06 1.11861e+06 ZonesAtSurface
1274.36 1825 299.925 7 3 1 7 1.2612e+06 34.2565 132445 1.13562 4.08349e+06 1.2612e+06 ZonesAtSurface
1324.39 1825 274.911 0 0 1 8 1.31218e+06 30.0274 136280 1.56919 4.65675e+06 1.31218e+06 ZonesAtSurface
1374.42 1825 299.906 7 0 1 8 688060 38.4614 97176.8 1.10425 4.01314e+06 688060 ZonesAtSurface
1424.46 1824.99 274.894 0 0 1 9 1.48045e+06 32.9493 131972 1.95539 5.3673e+06 1.48045e+06 ZonesAtSurface
1474.51 1824.99 249.881 0 0 1 10 966931 37.8832 94330.6 1.95495 8.02711e+06 966931 ZonesAtSurface
1524.56 1824.99 324.841 2 0 1 9 1.39193e+06 25.9647 102257 1.02944 4.21593e+06 1.39193e+06 ZonesAtSurface
1574.61 1824.99 299.831 2 0 1 10 1.42615e+06 16.18 54199.4 1.02921 6.06655e+06 1.42615e+06 ZonesAtSurface
1624.65 1824.99 424.795 5 0 2 8 635031 28.8294 80872.9 1.53113 2.30093e+06 635031 ZonesAtSurface
1674.72 1824.98 349.811 0 0 1 10 1.3684e+06 29.2886 125453 1.03288 6.62438e+06 1.3684e+06 ZonesAtSurface
1724.77 1824.97 424.787 2 0 1 9 1.28188e+06 42.7403 83068.2 1.03188 5.36855e+06 1.28188e+06 ZonesAtSurface
1774.83 1824.97 399.789 0 0 1 10 1.15587e+06 37.4427 74049.7 1.00754 6.34069e+06 1.15587e+06 ZonesAtSurface
1824.9 1824.96 474.77 8 5 1 9 1.07935e+06 40.5439 89513.6 1.12445 3.95529e+06 1.07935e+06 ZonesAtSurface
1874.98 1824.95 449.805 2 0 1 10 797130 40.7756 78278.1 1.01456 6.52949e+06 797130 ZonesAtSurface
1925.07 1824.95 474.811 1 0 1 10 803355 20.4288 142116 1.02315 3.26661e+06 803355 ZonesAtSurface
1975.19 1824.94 499.81 6 0 2 10 100000 5 10000 1.01542 677766 100000 ZonesAtSurface
2025.27 1824.93 462.368 2 0 1 10 100000 5 10000 1.01629 490498 100000 ZonesAtSurface
2075.28 1824.93 362.468 2 0 1 10 100000 5 10000 1.00973 755544 100000 ZonesAtSurface
2125.27 1824.94 262.515 2 0 1 10 1.06106e+06 22.9697 120003 1.01718 5.45667e+06 1.06106e+06 ZonesAtSurface
2175.24 1824.95 162.521 0 0 1 10 1.37223e+06 33.6091 141985 1.78008 6.18672e+06 1.37223e+06 ZonesAtSurface
2225.24 1824.95 112.527 0 0 1 9 1.46993e+06 37.0939 75796 1.65732 6.44782e+06 1.46993e+06 ZonesAtSurface
2275.23 1824.96 62.5317 0 0 2 8 833771 44.644 131949 1.95582 5.81071e+06 833771 ZonesAtSurface
2325.2 1824.97 12.5263 0 0 1 7 812459 38.034 142693 3.57416 6.08987e+06 812459 ZonesAtSurface
2375.16 1824.96 -37.4854 9 0 1 6 747636 39.7872 134064 4.68956 1.14646e+07 747636 ZonesAtSurface
2425.11 1824.98 -187.514 0 0 0 0 834806 35.0963 63923.6 8.98071 6.18258e+06 834806 ZonesAtSurface
2475.09 1824.97 -237.529 0 0 0 0 1.33284e+06 36.152 115085 7.1671 8.77968e+06 1.33284e+06 ZonesAtSurface
2525.06 1824.98 -267.527 0 0 0 0 936706 26.0353 138461 6.38891 5.30432e+06 936706 ZonesAtSurface
2575.03 1824.99 -277.51 0 0 0 0 666133 30.7604 92928.5 8.54991 5.3172e+06 666133 ZonesAtSurface
2624.99 1824.95 -187.526 0 0 0 0 914153 39.7736 98896 6.05963 9.70574e+06 914153 ZonesAtSurface
2674.96 1824.94 -147.519 0 0 0 0 671757 16.6746 81829.1 1.29837 1.01741e+07 671757 ZonesAtSurface
2725.05 1824.12 -7.2603 56 0 1 4 1.14581e+06 16.9892 57007.2 0.964416 3.51317e+06 1.14581e+06 ZonesAtSurface
2774.91 1824.88 -17.385 39 0 1 5 956440 32.2124 66660.6 1.13212 7.44053e+06 956440 ZonesAtSurface
2824.83 1824.95 -27.4082 28 0 1 6 769929 19.472 96094.9 1.02308 6.12954e+06 769929 ZonesAtSurface
2874.79 1824.96 -37.4324 10 0 1 7 566281 26.0477 90818.6 1.06983 8.91484e+06 566281 ZonesAtSurface
2924.77 1824.96 -47.457 0 0 1 8 1.03287e+06 28.4557 54601.4 2.41409 7.61371e+06 1.03287e+06 ZonesAtSurface
2974.64 1824.97 92.5564 3 0 2 6 726853 37.7842 138001 1.10304 3.00023e+06 726853 ZonesAtSurface
3024.63 1824.97 132.557 0 0 1 6 1.31926e+06 43.9645 56581.3 2.4107 5.20952e+06 1.31926e+06 ZonesAtSurface
3074.65 1824.95 122.543 1 0 1 7 1.01127e+06 27.9796 121002 1.23268 7.08384e+06 1.01127e+06 ZonesAtSurface
3124.64 1824.95 162.526 4 0 1 7 1.39629e+06 31.4601 139526 1.54662 6.34836e+06 1.39629e+06 ZonesAtSurface
3174.64 1824.95 202.508 0 0 1 7 1.36624e+06 33.4938 142678 1.6276 5.85773e+06 1.36624e+06 ZonesAtSurface
3224.62 1824.95 292.473 6 0 1 6 100000 5 10000 1.1911 481126 100000 ZonesAtSurface
3274.64 1824.95 332.422 8 0 1 6 694024 39.8069 59474.2 1.42105 6.42616e+06 694024 ZonesAtSurface
3324.66 1824.95 372.382 3 0 1 6 752285 40.0712 59178.3 1.10285 3.97995e+06 752285 ZonesAtSurface
3374.7 1824.96 362.356 2 0 1 7 1.38699e+06 29.3919 113430 1.04639 7.7163e+06 1.38699e+06 ZonesAtSurface
3424.71 1824.97 502.292 2 0 1 5 1.13579e+06 41.357 98105.6 1.07527 5.64254e+06 1.13579e+06 ZonesAtSurface
3474.75 1824.97 492.264 3 0 1 6 871717 30.5376 51292.2 1.00976 5.31636e+06 871717 ZonesAtSurface
3524.78 1824.97 532.226 10 0 1 6 1.04255e+06 31.3009 77091.2 1.01261 4.48718e+06 1.04255e+06 ZonesAtSurface
3574.83 1824.97 522.207 1 0 1 7 538426 26.8221 113025 1.01895 3.4896e+06 538426 ZonesAtSurface
3624.88 1824.97 562.174 1 1 2 7 782699 30.7847 94303.1 1.21099 2.14424e+06 782699 ZonesAtSurface
3674.96 1824.97 502.201 2 0 1 9 1.24189e+06 36.2648 99066.5 1.07583 8.70699e+06 1.24189e+06 ZonesAtSurface
3725 1824.98 592.118 1 1 1 8 1.3918e+06 36.1637 112935 1.06115 5.17859e+06 1.3918e+06 ZonesAtSurface
3775.07 1825 741.912 1 0 1 5 1.04044e+06 40.4808 124548 1.01069 4.26048e+06 1.04044e+06 ZonesAtSurface
3825.11 1824.99 801.883 0 7 2 3 1.44456e+06 40.7268 114139 1.76096 3.43192e+06 1.44456e+06 ZonesAtSurface
3875.18 1824.99 761.932 2 0 2 3 615196 18.4006 70351.8 1.06212 1.79314e+06 615196 ZonesAtSurface
3925.24 1824.99 721.998 28 0 1 3 606410 18.8468 104080 1.16046 2.08682e+06 606410 ZonesAtSurface
3975.26 1824.99 732.063 0 4 2 2 1.05556e+06 43.9531 89338.4 2.95656 1.88826e+06 1.05556e+06 ZonesAtSurface
4025.34 1824.99 692.124 9 0 2 2 590339 37.2086 129069 1.38666 1.85888e+06 590339 ZonesAtSurface
4075.41 1824.99 652.183 8 0 2 2 721885 40.326 53706.2 1.52945 2.82919e+06 721885 ZonesAtSurface
4125.47 1824.99 612.238 0 4 2 2 1.44096e+06 33.1932 52474.8 1.93506 3.33385e+06 1.44096e+06 ZonesAtSurface
4175.54 1824.99 522.304 4 0 1 3 917790 18.1702 130796 1.05757 3.27887e+06 917790 ZonesAtSurface
4225.56 1824.99 532.35 1 3 2 2 1.33338e+06 31.8977 120822 1.4949 3.80728e+06 1.33338e+06 ZonesAtSurface
4275.59 1824.99 492.395 6 0 1 2 888713 38.9071 137856 1.54894 3.19165e+06 888713 ZonesAtSurface
4325.6 1824.99 502.429 5 9 2 1 846059 17.7118 51670.2 3.73768 781099 846059 ZonesAtSurface
4375.63 1824.99 462.453 0 0 2 1 1.05049e+06 44.4776 130275 6.18715 1.41306e+06 1.05049e+06 ZonesAtSurface
4425.64 1825 472.475 0 0 0 0 938756 43.3973 142400 7.12538 773111 938756 ZonesAtSurface
4475.65 1825 432.497 0 0 0 0 1.21482e+06 19.6251 56543.4 3.22522 1.13385e+06 1.21482e+06 ZonesAtSurface
4525.68 1825 342.524 9 0 2 1 759849 23.5174 138570 2.01642 1.65016e+06 759849 ZonesAtSurface
4575.68 1825 252.548 4 8 2 2 1.29499e+06 41.4329 115703 2.25643 2.91904e+06 1.29499e+06 ZonesAtSurface
4625.52 1824.99 62.6096 5 0 1 5 967379 34.5476 87794.4 1.06908 8.16551e+06 967379 ZonesAtSurface
4675.4 1824.99 -27.3976 0 0 1 6 1.46639e+06 42.6171 69045 4.01843 9.32362e+06 1.46639e+06 ZonesAtSurface
4725.37 1824.99 -17.3775 0 0 1 5 1.41533e+06 39.6598 97901 1.71467 1.23878e+07 1.41533e+06 ZonesAtSurface
4775.32 1824.99 -7.35977 12 0 1 4 807066 39.8744 70619.2 1.05591 1.08629e+07 807066 ZonesAtSurface
4825.24 1824.99 2.66393 4 0 2 3 973835 24.893 66916.1 1.03179 6.34594e+06 973835 ZonesAtSurface
4875.19 1824.99 12.6609 27 0 1 2 612144 15.4529 68279.8 1.07729 4.54657e+06 612144 ZonesAtSurface
4925.11 1824.99 22.6829 9 0 1 1 643419 16.3059 56575 1.10463 4.24844e+06 643419 ZonesAtSurface
74.9424 1875 -48.7648 87 0 1 2 1.12689e+06 27.4593 56254.2 1.31394 5.60432e+06 1.12689e+06 ZonesAtSurface
124.872 1875.01 -23.6794 57 28 1 2 1.01492e+06 24.64 55952.7 2.27913 1.66812e+06 1.01492e+06 ZonesAtSurface
174.777 1875 -48.7075 75 0 1 3 1.01692e+06 19.9605 144857 1.13173 2.78808e+06 1.01692e+06 ZonesAtSurface
224.669 1875 -23.6617 65 53 1 3 1.19456e+06 20.2128 76311.2 1.61152 2.2709e+06 1.19456e+06 ZonesAtSurface
274.592 1875 -48.7167 68 0 1 4 1.08984e+06 20.2161 52140.2 1.14405 4.34407e+06 1.08984e+06 ZonesAtSurface
324.474 1874.99 -23.73 68 0 1 4 100000 5 10000 1.07004 424664 100000 ZonesAtSurface
374.44 1874.99 -48.825 26 0 1 5 100000 5 10000 1.05079 940188 100000 ZonesAtSurface
424.357 1874.99 -23.8472 12 0 1 5 930521 44.6709 92588.1 1.44731 6.35652e+06 930521 ZonesAtSurface
474.307 1874.99 1.14312 5 0 1 5 797497 15.0255 124761 1.27187 3.32472e+06 797497 ZonesAtSurface
524.215 1875 76.1132 6 0 2 4 699967 19.9337 135386 1.10899 2.3409e+06 699967 ZonesAtSurface
574.198 1875 101.094 8 7 2 4 963118 43.6701 98450.1 1.20981 3.55399e+06 963118 ZonesAtSurface
624.186 1874.99 126.09 7 0 1 4 999754 44.0168 77730.3 2.4628 3.9348e+06 999754 ZonesAtSurface
674.2 1874.98 101.069 6 0 1 5 781696 23.6446 127831 1.02369 5.33345e+06 781696 ZonesAtSurface
724.156 1874.98 176.052 9 0 1 4 1.45403e+06 34.5978 85086 1.3787 5.85355e+06 1.45403e+06 ZonesAtSurface
774.131 1874.99 251.016 3 0 2 3 557800 15.9647 57242.1 1.19715 1.78319e+06 557800 ZonesAtSurface
824.153 1875 325.996 3 9 2 2 567953 39.0249 149330 1.79936 1.09304e+06 567953 ZonesAtSurface
874.161 1875 300.985 6 0 2 3 695518 15.9021 97640.3 1.06283 1.88781e+06 695518 ZonesAtSurface
924.173 1875 275.973 0 0 1 4 965861 30.5464 91109.3 2.13076 2.82236e+06 965861 ZonesAtSurface
974.187 1875 300.961 0 0 1 4 1.29883e+06 15.8686 96549.7 1.58526 2.60237e+06 1.29883e+06 ZonesAtSurface
1024.2 1874.99 325.952 0 0 2 4 1.30005e+06 28.5262 110313 2.58857 2.0544e+06 1.30005e+06 ZonesAtSurface
1074.22 1874.99 300.941 3 0 2 5 931968 36.8878 134542 1.38695 3.25177e+06 931968 ZonesAtSurface
1124.24 1874.99 325.93 0 3 2 5 1.07446e+06 40.3572 88852.9 1.4926 3.14696e+06 1.07446e+06 ZonesAtSurface
1174.27 1874.99 350.924 10 9 1 5 1.14178e+06 28.2158 100062 1.52316 2.46797e+06 1.14178e+06 ZonesAtSurface
1224.32 1874.99 275.929 4 0 1 7 1.32497e+06 43.4297 123298 1.92054 4.88166e+06 1.32497e+06 ZonesAtSurface
1274.36 1874.99 250.921 0 0 1 8 889977 25.2128 62358.4 1.49417 4.49655e+06 889977 ZonesAtSurface
1324.39 1874.99 275.917 0 0 1 8 985818 37.7004 130511 1.64264 4.32255e+06 985818 ZonesAtSurface
1374.42 1874.99 300.91 1 0 1 8 100000 5 10000 1.24119 696628 100000 ZonesAtSurface
1424.46 1874.99 275.898 7 0 1 9 100000 5 10000 0.990344 1.18682e+06 100000 ZonesAtSurface
1474.51 1874.99 250.886 2 0 1 10 100000 5 10000 1.09986 1.54832e+06 100000 ZonesAtSurface
1524.57 1874.99 275.858 2 0 1 10 100000 5 10000 1.05225 1.44164e+06 100000 ZonesAtSurface
1574.62 1874.99 300.837 0 0 1 10 612627 29.4914 53660.3 1.0145 6.7459e+06 612627 ZonesAtSurface
1624.67 1874.98 325.827 2 0 1 10 1.0008e+06 34.2231 86575 1.03313 7.16157e+06 1.0008e+06 ZonesAtSurface
1674.71 1874.98 350.818 1 0 1 10 1.40062e+06 41.1557 98586.2 1.39254 7.34177e+06 1.40062e+06 ZonesAtSurface
1724.76 1874.98 475.778 0 9 2 8 1.45005e+06 30.5649 50050 1.60881 3.32601e+06 1.45005e+06 ZonesAtSurface
1774.83 1874.97 400.799 0 0 1 10 881368 40.3302 121780 1.00557 6.26474e+06 881368 ZonesAtSurface
1824.9 1874.96 475.781 10 0 1 9 1.14041e+06 23.1773 70201.8 1.0761 3.22011e+06 1.14041e+06 ZonesAtSurface
1874.97 1874.95 450.818 2 0 1 10 660562 39.2534 149823 1.04615 6.17972e+06 660562 ZonesAtSurface
1925.09 1874.94 525.776 3 4 2 9 580791 42.266 108204 1.22637 1.85503e+06 580791 ZonesAtSurface
1975.18 1874.93 500.816 0 1 2 10 882053 28.495 55359.1 1.01401 2.84835e+06 882053 ZonesAtSurface
2025.24 1874.92 463.366 4 0 1 10 1.31531e+06 30.9972 97095.9 1.01737 6.00832e+06 1.31531e+06 ZonesAtSurface
2075.25 1874.93 363.456 0 0 1 10 773184 39.6449 112815 1.05539 6.43836e+06 773184 ZonesAtSurface
2125.24 1874.94 263.502 2 0 1 10 891979 27.5617 136692 1.03455 5.90032e+06 891979 ZonesAtSurface
2175.25 1874.95 213.517 10 0 1 9 873967 32.5334 71514.2 1.01458 4.76868e+06 873967 ZonesAtSurface
2225.21 1874.96 113.516 1 0 1 9 1.15205e+06 26.8205 53505.1 1.38229 5.8251e+06 1.15205e+06 ZonesAtSurface
2275.2 1874.96 63.5191 6 0 1 8 1.44516e+06 20.0555 136664 1.07625 5.20328e+06 1.44516e+06 ZonesAtSurface
2325.19 1874.97 13.517 0 0 2 7 964705 44.587 93376.7 5.07397 6.57749e+06 964705 ZonesAtSurface
2375.16 1874.95 -36.4859 9 0 1 6 1.14305e+06 36.1295 91740.4 2.76023 1.10037e+07 1.14305e+06 ZonesAtSurface
2425.06 1874.83 -86.5162 10 0 0 0 1.23271e+06 39.0962 95600.2 1.12376 2.68139e+07 1.23271e+06 ZonesAtSurface
2475.09 1874.97 -236.516 1 0 0 0 100000 5 10000 1.60539 2.58424e+06 100000 ZonesAtSurface
2525.05 1874.93 -216.536 0 0 0 0 1.10742e+06 29.8841 131960 4.55519 7.62759e+06 1.10742e+06 ZonesAtSurface
2575.02 1874.86 -176.535 4 0 0 0 1.32863e+06 37.9157 70084 2.75183 1.55875e+07 1.32863e+06 ZonesAtSurface
2624.99 1874.94 -186.511 0 0 0 0 932898 27.8708 119881 3.59893 9.33415e+06 932898 ZonesAtSurface
2674.95 1874.94 -146.512 0 0 0 0 1.05338e+06 23.8818 93750.7 2.60397 9.52476e+06 1.05338e+06 ZonesAtSurface
2724.92 1874.94 -106.508 0 0 0 0 1.0101e+06 34.935 75011.5 4.85233 9.04205e+06 1.0101e+06 ZonesAtSurface
2774.91 1874.86 -16.4414 38 0 1 5 1.43605e+06 17.076 142364 1.13726 9.32766e+06 1.43605e+06 ZonesAtSurface
2824.84 1874.95 -26.4385 23 0 1 6 1.23574e+06 17.8705 103900 1.05954 7.64852e+06 1.23574e+06 ZonesAtSurface
2874.8 1874.96 -36.4573 3 0 1 7 537239 29.2187 76706.9 1.18045 8.87791e+06 537239 ZonesAtSurface
2924.75 1874.95 3.54703 10 0 1 7 100000 5 10000 1.15247 1.17427e+06 100000 ZonesAtSurface
2974.72 1874.95 43.5458 8 0 1 7 1.09257e+06 36.9481 90602.3 1.19478 6.64361e+06 1.09257e+06 ZonesAtSurface
3024.69 1874.95 83.5446 0 0 1 7 821488 44.1833 106285 2.47699 7.10641e+06 821488 ZonesAtSurface
3074.67 1874.95 123.535 0 0 1 7 581878 20.2712 133512 1.06336 4.45673e+06 581878 ZonesAtSurface
3124.64 1874.96 213.533 9 1 1 6 1.13155e+06 43.2349 92963 1.58358 3.99594e+06 1.13155e+06 ZonesAtSurface
3174.68 1874.95 153.497 0 0 1 8 1.09566e+06 37.537 115729 2.67334 6.10428e+06 1.09566e+06 ZonesAtSurface
3224.62 1874.96 343.434 4 3 2 5 1.49763e+06 20.4703 69397.9 1.1628 3.77515e+06 1.49763e+06 ZonesAtSurface
3274.65 1874.96 383.402 7 2 1 5 1.03317e+06 32.8175 75816.3 1.55946 2.71045e+06 1.03317e+06 ZonesAtSurface
3324.68 1874.96 373.38 2 0 1 6 954529 38.6009 93112.9 1.01742 4.92408e+06 954529 ZonesAtSurface
3374.7 1874.96 413.344 9 0 1 6 1.4861e+06 19.5758 144386 1.01207 4.99825e+06 1.4861e+06 ZonesAtSurface
3424.73 1874.97 453.304 1 0 1 6 1.34078e+06 42.8638 114532 1.02634 7.06979e+06 1.34078e+06 ZonesAtSurface
3474.76 1874.97 543.253 0 0 2 5 946911 30.9171 98925.4 1.01583 3.71176e+06 946911 ZonesAtSurface
3524.8 1874.97 583.212 3 6 2 5 1.04834e+06 16.7768 119809 1.42297 1.92284e+06 1.04834e+06 ZonesAtSurface
3574.85 1874.97 623.177 8 8 2 5 650880 37.1097 109631 2.12318 1.10252e+06 650880 ZonesAtSurface
3624.91 1874.97 513.207 2 0 1 8 1.39871e+06 25.9555 136182 1.00874 5.96198e+06 1.39871e+06 ZonesAtSurface
3674.97 1874.98 503.208 0 0 1 9 1.21745e+06 29.2641 107515 1.00135 7.15064e+06 1.21745e+06 ZonesAtSurface
3725.01 1874.98 593.128 9 0 1 8 580903 17.012 66844 1.04034 2.87015e+06 580903 ZonesAtSurface
3775.07 1875 742.923 9 4 1 5 1.19407e+06 24.5155 101149 1.04013 3.44121e+06 1.19407e+06 ZonesAtSurface
3825.12 1875 802.894 3 5 2 3 1.01832e+06 36.6303 86617.8 1.30023 2.96969e+06 1.01832e+06 ZonesAtSurface
3875.18 1874.99 762.944 0 0 2 3 1.28989e+06 18.3553 130122 1.30956 2.96701e+06 1.28989e+06 ZonesAtSurface
3925.24 1874.99 723.007 23 0 1 3 616194 37.5694 77174.3 1.60053 2.59685e+06 616194 ZonesAtSurface
3975.26 1874.99 733.068 0 0 2 2 1.15594e+06 33.0667 114679 2.89036 1.72147e+06 1.15594e+06 ZonesAtSurface
4025.29 1874.98 743.126 5 5 2 1 811731 17.7482 61013.4 1.84828 1.27321e+06 811731 ZonesAtSurface
4075.41 1874.99 653.186 10 0 2 2 872346 25.6924 106129 1.20608 2.81311e+06 872346 ZonesAtSurface
4125.44 1874.99 663.235 0 2 2 1 909856 35.5312 135319 2.52344 1.62547e+06 909856 ZonesAtSurface
4175.53 1874.99 573.295 9 0 2 2 956431 34.1806 130521 1.34343 4.06205e+06 956431 ZonesAtSurface
4225.58 1875 483.356 0 0 1 3 532017 38.7748 64945 1.66338 3.7917e+06 532017 ZonesAtSurface
4275.6 1875 493.393 31 0 1 2 746653 16.1753 91249.4 1.22209 2.35195e+06 746653 ZonesAtSurface
4325.61 1874.99 503.428 0 0 2 1 1.46589e+06 20.114 145030 4.74652 992429 1.46589e+06 ZonesAtSurface
4375.61 1874.99 513.451 0 0 0 0 1.45396e+06 15.3244 139899 6.51239 621236 1.45396e+06 ZonesAtSurface
4425.64 1875 473.473 0 0 0 0 1.37719e+06 27.1651 140626 5.50669 896910 1.37719e+06 ZonesAtSurface
4475.66 1875 433.495 5 0 0 0 843455 21.4263 74993 2.70617 986904 843455 ZonesAtSurface
4525.68 1875 343.524 4 3 2 1 1.02577e+06 21.6958 78163.6 1.36803 2.34087e+06 1.02577e+06 ZonesAtSurface
4575.56 1874.99 103.592 5 0 1 5 534810 26.0151 114302 1.03248 6.88529e+06 534810 ZonesAtSurface
4625.52 1874.99 63.6106 3 0 1 5 517780 18.6922 70191.7 1.02325 4.54884e+06 517780 ZonesAtSurface
4675.46 1874.99 23.6232 7 0 1 5 1.28563e+06 38.2208 145035 1.09423 1.07204e+07 1.28563e+06 ZonesAtSurface
4725.37 1874.99 -16.3784 0 0 1 5 1.47436e+06 34.3926 116788 1.3607 1.24448e+07 1.47436e+06 ZonesAtSurface
4775.32 1874.99 -6.36165 20 0 1 4 1.36425e+06 27.2624 144826 1.05648 9.33514e+06 1.36425e+06 ZonesAtSurface
4825.24 1874.99 3.66689 29 0 1 3 1.16063e+06 17.9181 75771.9 1.05271 5.36623e+06 1.16063e+06 ZonesAtSurface
4875.18 1874.99 13.6643 23 0 1 2 1.0309e+06 42.6121 121583 1.06031 9.48296e+06 1.0309e+06 ZonesAtSurface
4925.11 1874.99 23.6783 10 0 1 1 806723 27.9416 135384 1.04233 6.80512e+06 806723 ZonesAtSurface
74.9475 1925 -47.7645 82 0 1 2 1.3389e+06 29.2151 73373.7 1.31275 5.87703e+06 1.3389e+06 ZonesAtSurface
124.873 1925.01 -22.6769 51 49 1 2 1.29519e+06 38.1475 89603.3 2.92468 2.54087e+06 1.29519e+06 ZonesAtSurface
174.77 1925 -47.7078 79 1 1 3 1.35957e+06 17.9984 64838.2 1.34975 3.14245e+06 1.35957e+06 ZonesAtSurface
224.649 1925 -22.6447 79 0 1 3 100000 5 10000 1.4404 221506 100000 ZonesAtSurface
274.564 1925 -47.7101 68 0 1 4 100000 5 10000 1.34608 454485 100000 ZonesAtSurface
324.445 1925 -22.7429 68 39 1 4 1.19261e+06 39.255 86382.5 4.102 1.91191e+06 1.19261e+06 ZonesAtSurface
374.431 1925 -47.8216 17 0 1 5 1.42009e+06 33.2064 142267 1.03371 8.04467e+06 1.42009e+06 ZonesAtSurface
424.368 1925 -22.8393 19 0 1 5 961535 35.0698 123430 1.10726 7.47072e+06 961535 ZonesAtSurface
474.331 1925 2.14845 0 0 1 5 598982 43.5503 88557.8 1.95962 6.84346e+06 598982 ZonesAtSurface
524.331 1924.99 -22.8842 4 0 1 6 1.34697e+06 28.0653 90499 1.12474 9.86302e+06 1.34697e+06 ZonesAtSurface
574.291 1924.99 2.09623 13 0 1 6 1.428e+06 24.9567 136153 1.01884 8.77505e+06 1.428e+06 ZonesAtSurface
624.209 1924.99 77.0858 0 0 1 5 1.13033e+06 41.1342 101714 1.45648 6.87321e+06 1.13033e+06 ZonesAtSurface
674.152 1924.99 152.072 10 0 1 4 584666 40.7745 102854 1.2883 5.16288e+06 584666 ZonesAtSurface
724.125 1925 227.039 0 0 2 3 1.35026e+06 31.4294 123305 1.58877 3.8683e+06 1.35026e+06 ZonesAtSurface
774.144 1925 302.018 0 6 2 2 1.34139e+06 42.0997 117161 3.36439 1.67849e+06 1.34139e+06 ZonesAtSurface
824.16 1925 327.008 0 7 2 2 1.17256e+06 29.2393 80885.2 2.53082 1.55262e+06 1.17256e+06 ZonesAtSurface
874.167 1925 301.996 0 0 1 3 790199 22.7709 68782.2 1.38295 2.13769e+06 790199 ZonesAtSurface
924.188 1925 376.984 7 10 2 2 595496 35.9284 112884 1.29679 1.64172e+06 595496 ZonesAtSurface
974.195 1925 351.975 0 2 2 3 968991 20.2514 119363 1.99195 1.42439e+06 968991 ZonesAtSurface
1024.21 1925 326.962 0 0 2 4 1.26915e+06 32.9733 55255.5 3.48834 1.88981e+06 1.26915e+06 ZonesAtSurface
1074.22 1925 351.953 0 5 1 4 1.12956e+06 40.6843 148236 5.43504 1.35906e+06 1.12956e+06 ZonesAtSurface
1124.23 1925 326.934 0 0 2 5 1.33753e+06 42.5767 102558 2.25805 3.02517e+06 1.33753e+06 ZonesAtSurface
1174.26 1924.99 301.926 4 0 1 6 1.24213e+06 24.1051 85170.1 1.30663 3.85489e+06 1.24213e+06 ZonesAtSurface
1224.3 1924.99 276.922 9 0 1 7 100000 5 10000 1.04249 962078 100000 ZonesAtSurface
1274.32 1924.99 301.913 4 0 1 7 100000 5 10000 0.954293 627073 100000 ZonesAtSurface
1324.38 1924.99 276.912 4 0 1 8 1.03457e+06 35.7999 129549 1.69721 6.74638e+06 1.03457e+06 ZonesAtSurface
1374.43 1924.99 251.913 0 0 1 9 755546 36.0604 115419 2.0993 5.84739e+06 755546 ZonesAtSurface
1424.46 1924.98 326.876 2 0 1 8 972685 27.7363 70975.2 1.30698 4.66533e+06 972685 ZonesAtSurface
1474.52 1924.99 251.887 2 0 1 10 100000 5 10000 1.10926 1.42365e+06 100000 ZonesAtSurface
1524.57 1924.99 276.865 2 0 1 10 1.1218e+06 28.7335 139950 1.0732 7.80162e+06 1.1218e+06 ZonesAtSurface
1574.62 1924.99 301.849 1 0 1 10 1.12931e+06 35.6806 120264 1.15226 7.73304e+06 1.12931e+06 ZonesAtSurface
1624.64 1924.98 426.816 3 9 1 8 1.0426e+06 30.9596 59702 1.40112 2.91177e+06 1.0426e+06 ZonesAtSurface
1674.71 1924.98 351.825 2 0 1 10 914160 32.7554 141082 1.03816 7.31118e+06 914160 ZonesAtSurface
1724.77 1924.97 376.816 2 0 1 10 1.26232e+06 26.8664 83701.6 1.01085 6.04917e+06 1.26232e+06 ZonesAtSurface
1774.83 1924.97 451.789 9 0 1 9 1.04907e+06 40.6749 65002 1.06749 4.50295e+06 1.04907e+06 ZonesAtSurface
1824.91 1924.96 526.744 4 9 1 8 865494 38.3538 143537 1.20607 2.80677e+06 865494 ZonesAtSurface
1874.98 1924.95 451.821 2 0 1 10 100000 5 10000 1.10393 920131 100000 ZonesAtSurface
1925.07 1924.93 476.826 0 0 1 10 1.29125e+06 19.6055 118472 1.01277 4.4466e+06 1.29125e+06 ZonesAtSurface
1975.17 1924.93 551.798 7 2 1 9 510266 38.9778 145316 1.10177 1.50658e+06 510266 ZonesAtSurface
2025.21 1924.92 464.374 0 0 2 10 586620 34.0078 104538 1.00181 3.73019e+06 586620 ZonesAtSurface
2075.22 1924.93 364.447 2 0 1 10 100000 5 10000 0.980347 940839 100000 ZonesAtSurface
2125.21 1924.94 264.49 6 0 1 10 1.21472e+06 21.4204 149120 1.0354 5.62317e+06 1.21472e+06 ZonesAtSurface
2175.22 1924.95 214.508 7 0 1 9 599520 36.7833 50288.6 1.01973 4.39774e+06 599520 ZonesAtSurface
2225.19 1924.96 114.504 0 0 1 9 563063 41.6697 149415 3.73578 4.8523e+06 563063 ZonesAtSurface
2275.21 1924.96 114.518 10 7 1 7 1.15972e+06 43.9759 58742.9 1.86304 3.47512e+06 1.15972e+06 ZonesAtSurface
2325.15 1924.96 -35.5065 0 0 1 8 645259 28.5477 139590 3.22279 6.47997e+06 645259 ZonesAtSurface
2375.14 1924.9 -35.4956 28 0 1 6 1.09915e+06 23.4089 116308 1.64352 1.15081e+07 1.09915e+06 ZonesAtSurface
2425.11 1924.92 -135.514 0 0 0 0 809998 19.3493 97501.7 1.23474 1.18205e+07 809998 ZonesAtSurface
2475.09 1924.96 -235.512 0 0 0 0 987314 20.9232 98353.1 2.78636 7.73964e+06 987314 ZonesAtSurface
2525.05 1924.92 -215.531 0 0 0 0 1.11634e+06 36.9432 115496 3.57694 1.21798e+07 1.11634e+06 ZonesAtSurface
2575.02 1924.94 -225.517 0 0 0 0 605921 43.1558 148368 6.80429 1.04036e+07 605921 ZonesAtSurface
2624.99 1924.93 -185.511 0 0 0 0 1.01773e+06 21.2178 115481 1.63513 1.24678e+07 1.01773e+06 ZonesAtSurface
2674.96 1924.84 -95.5219 2 0 0 0 1.11779e+06 42.337 139291 1.29572 1.77618e+07 1.11779e+06 ZonesAtSurface
2724.91 1924.93 -105.501 0 0 0 0 1.49423e+06 40.3373 91963.6 6.34547 8.51523e+06 1.49423e+06 ZonesAtSurface
2774.88 1924.93 -65.492 8 0 0 0 782563 16.2887 92403 1.16657 8.52391e+06 782563 ZonesAtSurface
2824.84 1924.93 -25.4752 17 0 1 6 100000 5 10000 1.08339 2.61874e+06 100000 ZonesAtSurface
2874.81 1924.96 -35.4815 8 0 1 7 100000 5 10000 1.07691 2.19007e+06 100000 ZonesAtSurface
2924.78 1924.95 4.52883 2 0 1 7 704424 29.4808 100852 1.19753 7.77737e+06 704424 ZonesAtSurface
2974.75 1924.95 44.5359 7 0 1 7 1.14199e+06 22.2669 58496 1.01549 5.78831e+06 1.14199e+06 ZonesAtSurface
3024.72 1924.95 84.5349 5 0 1 7 1.3542e+06 37.8337 135070 1.12509 6.81278e+06 1.3542e+06 ZonesAtSurface
3074.7 1924.95 124.529 6 0 1 7 1.29187e+06 15.3015 103609 1.11184 4.58107e+06 1.29187e+06 ZonesAtSurface
3124.71 1924.95 114.504 0 0 1 8 1.00495e+06 33.2757 57662.6 2.09387 5.95701e+06 1.00495e+06 ZonesAtSurface
3174.68 1924.95 204.495 4 0 1 7 1.40578e+06 39.5113 81458.6 1.286 7.1096e+06 1.40578e+06 ZonesAtSurface
3224.64 1924.97 344.421 1 4 2 5 1.25152e+06 29.1364 138952 1.27274 3.27997e+06 1.25152e+06 ZonesAtSurface
3274.67 1924.97 384.396 0 0 2 5 1.1612e+06 17.2037 132482 1.24655 2.67064e+06 1.1612e+06 ZonesAtSurface
3324.7 1924.96 424.375 0 3 2 5 1.25213e+06 38.189 97958.6 1.70605 3.11293e+06 1.25213e+06 ZonesAtSurface
3374.73 1924.96 364.353 0 0 1 7 1.20682e+06 42.6758 102181 1.56298 7.59936e+06 1.20682e+06 ZonesAtSurface
3424.75 1924.97 454.304 1 0 1 6 1.35108e+06 38.0766 52484.5 1.07153 6.85715e+06 1.35108e+06 ZonesAtSurface
3474.78 1924.98 594.244 3 0 2 4 761224 26.8582 94359.1 1.25424 2.16155e+06 761224 ZonesAtSurface
3524.81 1924.98 584.218 0 2 2 5 1.29765e+06 37.3603 87710.4 1.32766 3.78217e+06 1.29765e+06 ZonesAtSurface
3574.85 1924.98 574.199 2 2 2 6 1.05613e+06 17.1403 121854 1.102 2.5602e+06 1.05613e+06 ZonesAtSurface
3624.91 1924.98 514.212 0 0 1 8 788930 34.3675 106317 1.00761 5.95944e+06 788930 ZonesAtSurface
3674.97 1924.98 504.213 3 0 1 9 1.12513e+06 39.126 113340 1.00445 7.7601e+06 1.12513e+06 ZonesAtSurface
3725.01 1924.98 594.135 7 0 1 8 1.33779e+06 39.3875 138728 1.04864 5.55473e+06 1.33779e+06 ZonesAtSurface
3775.07 1925 743.936 8 0 1 5 507652 36.1394 65347.1 1.01393 2.51531e+06 507652 ZonesAtSurface
3825.12 1925 803.9 0 7 1 3 1.45297e+06 43.6683 51067.6 3.18643 2.24572e+06 1.45297e+06 ZonesAtSurface
3875.14 1924.99 813.947 0 10 2 2 1.16441e+06 32.8389 70475.5 3.58083 1.46702e+06 1.16441e+06 ZonesAtSurface
3925.25 1924.99 724.011 0 0 2 3 632802 36.5994 50049.8 1.42643 2.66191e+06 632802 ZonesAtSurface
3975.27 1924.99 734.068 0 0 2 2 724618 44.3384 58869.4 2.65756 2.09207e+06 724618 ZonesAtSurface
4025.29 1924.98 744.127 0 7 2 1 1.4785e+06 42.9159 131422 4.79307 1.56129e+06 1.4785e+06 ZonesAtSurface
4075.37 1924.99 704.184 0 7 2 1 1.22883e+06 44.9028 54172.4 3.97836 1.73177e+06 1.22883e+06 ZonesAtSurface
4125.45 1924.99 664.236 0 7 1 1 911512 31.5713 141295 1.90576 1.61662e+06 911512 ZonesAtSurface
4175.55 1925 474.33 3 0 1 4 866496 22.1389 90408.8 1.03823 4.17769e+06 866496 ZonesAtSurface
4225.56 1925 534.354 0 0 2 2 565429 23.2722 54630.8 1.15639 2.0855e+06 565429 ZonesAtSurface
4275.6 1925 494.395 12 0 1 2 679135 15.5615 124483 1.08542 2.33507e+06 679135 ZonesAtSurface
4325.61 1925 504.428 0 0 2 1 892930 15.1005 134341 2.85539 1.04227e+06 892930 ZonesAtSurface
4375.61 1925 514.45 0 0 0 0 1.48433e+06 21.9588 100091 10 205166 1.48433e+06 ZonesAtSurface
4425.64 1925 474.472 0 0 0 0 1.2233e+06 40.7372 122786 6.29788 979465 1.2233e+06 ZonesAtSurface
4475.66 1925 434.495 0 7 0 0 1.09743e+06 27.2452 85271.9 4.69637 812917 1.09743e+06 ZonesAtSurface
4525.65 1925 244.549 9 0 1 3 1.41243e+06 44.4146 51323.5 1.44639 5.83066e+06 1.41243e+06 ZonesAtSurface
4575.65 1925 204.574 0 0 2 3 680980 22.9941 128862 1.16906 2.46588e+06 680980 ZonesAtSurface
4625.52 1925 64.6109 6 0 1 5 650114 41.0794 75842.3 1.03386 7.4806e+06 650114 ZonesAtSurface
4675.46 1925 24.6248 10 0 1 5 1.4231e+06 35.6487 61486.5 1.07215 1.07023e+07 1.4231e+06 ZonesAtSurface
4725.37 1924.99 -15.376 9 0 1 5 944773 24.514 63483.3 1.02551 9.61816e+06 944773 ZonesAtSurface
4775.33 1924.99 -5.35806 27 0 1 4 1.12525e+06 22.3398 128824 1.01878 7.71423e+06 1.12525e+06 ZonesAtSurface
4825.25 1925 4.67232 30 0 1 3 1.10873e+06 19.2295 90446.7 1.0732 5.01051e+06 1.10873e+06 ZonesAtSurface
4875.16 1925 14.6787 19 0 1 2 713371 21.2619 82804.6 1.0507 4.27558e+06 713371 ZonesAtSurface
4925.1 1924.99 24.6791 15 0 1 1 1.40939e+06 40.8645 114988 1.03233 9.01358e+06 1.40939e+06 ZonesAtSurface
74.9459 1975 -46.7626 87 0 1 2 1.48658e+06 33.8937 112435 1.27524 6.14251e+06 1.48658e+06 ZonesAtSurface
124.86 1975.01 -21.6788 90 1 1 2 100000 5 10000 2.14186 147823 100000 ZonesAtSurface
174.756 1975 -46.6909 79 0 1 3 100000 5 10000 1.72714 244539 100000 ZonesAtSurface
224.623 1975 -21.6227 79 61 1 3 1.18667e+06 29.9869 116228 2.68648 1.87631e+06 1.18667e+06 ZonesAtSurface
274.546 1975 -46.7093 68 0 1 4 100000 5 10000 1.12496 670100 100000 ZonesAtSurface
324.448 1975 -21.7411 60 12 1 4 622476 25.7975 136890 2.95288 840490 622476 ZonesAtSurface
374.434 1975 -46.8049 37 0 1 5 761720 39.2194 149553 1.04445 5.61373e+06 761720 ZonesAtSurface
424.397 1975.01 -21.8138 28 0 1 5 505566 22.8848 130226 1.29929 2.12328e+06 505566 ZonesAtSurface
474.382 1975 -46.8584 5 0 1 6 1.07424e+06 41.8701 100340 1.74306 9.69543e+06 1.07424e+06 ZonesAtSurface
524.342 1975 -21.8723 1 0 1 6 1.34729e+06 35.7755 98393.5 1.17407 9.87992e+06 1.34729e+06 ZonesAtSurface
574.294 1975 3.10419 2 0 1 6 1.2899e+06 41.6399 125493 1.93676 1.153e+07 1.2899e+06 ZonesAtSurface
624.207 1974.99 78.0894 7 0 1 5 1.22333e+06 41.6197 74973.1 1.16904 4.63977e+06 1.22333e+06 ZonesAtSurface
674.189 1974.99 103.078 9 0 1 5 1.21245e+06 42.2801 140006 1.10699 8.5883e+06 1.21245e+06 ZonesAtSurface
724.124 1975.01 228.04 6 0 2 3 588308 34.7033 92355 1.11583 1.9597e+06 588308 ZonesAtSurface
774.144 1975.01 253.03 0 0 2 3 709660 34.0271 92271 1.48978 2.8066e+06 709660 ZonesAtSurface
824.159 1975 278.02 0 0 2 3 885890 26.794 134757 2.03843 2.08802e+06 885890 ZonesAtSurface
874.173 1975 303.011 30 0 1 3 605354 15.5147 83678.2 1.07038 1.86822e+06 605354 ZonesAtSurface
924.186 1975 327.999 6 0 2 3 525741 25.0821 130312 1.36878 2.00181e+06 525741 ZonesAtSurface
974.2 1975 352.988 0 10 2 3 1.44176e+06 33.8483 147970 3.25912 1.78019e+06 1.44176e+06 ZonesAtSurface
1024.21 1975 327.974 4 0 1 4 828853 24.3909 62727.9 1.77634 2.07908e+06 828853 ZonesAtSurface
1074.22 1975 302.956 0 0 2 5 1.45665e+06 30.4266 79076.5 2.66536 3.00686e+06 1.45665e+06 ZonesAtSurface
1124.23 1975 327.943 6 0 1 5 715069 43.2413 114638 1.72842 3.24381e+06 715069 ZonesAtSurface
1174.26 1974.99 302.927 3 0 1 6 1.03777e+06 25.2578 113576 1.51082 2.98041e+06 1.03777e+06 ZonesAtSurface
1224.28 1974.99 327.914 8 0 2 6 100000 5 10000 1.03603 507156 100000 ZonesAtSurface
1274.31 1974.99 302.897 3 0 2 7 100000 5 10000 1.0287 782738 100000 ZonesAtSurface
1324.34 1974.98 327.884 7 0 2 7 1.28247e+06 24.8876 101878 1.27314 3.69349e+06 1.28247e+06 ZonesAtSurface
1374.38 1974.97 402.862 8 7 2 6 826127 18.55 115550 1.28357 1.83872e+06 826127 ZonesAtSurface
1424.42 1974.98 327.855 2 0 2 8 100000 5 10000 1.90043 345315 100000 ZonesAtSurface
1474.45 1974.97 402.825 0 10 2 7 1.30086e+06 32.641 53736.3 4.93448 941951 1.30086e+06 ZonesAtSurface
1524.58 1974.99 277.875 0 0 1 10 1.44768e+06 30.5408 111544 1.46026 7.193e+06 1.44768e+06 ZonesAtSurface
1574.62 1974.98 302.862 1 0 1 10 1.20324e+06 26.4124 86223.9 1.09157 6.61726e+06 1.20324e+06 ZonesAtSurface
1624.67 1974.98 327.848 2 0 1 10 1.32414e+06 25.8195 91241.5 1.11809 6.63199e+06 1.32414e+06 ZonesAtSurface
1674.71 1974.98 352.835 0 0 1 10 796009 44.0099 82005.4 1.73122 7.47455e+06 796009 ZonesAtSurface
1724.71 1974.98 477.753 10 0 2 8 100000 5 10000 0 380378 100000 ZonesAtSurface
1774.82 1974.97 452.78 2 0 1 9 100000 5 10000 0.984301 761757 100000 ZonesAtSurface
1824.88 1974.97 527.712 6 0 2 8 100000 5 10000 0.992534 351100 100000 ZonesAtSurface
1874.99 1974.95 502.79 4 0 1 9 900497 33.3135 73493.1 1.09393 3.08365e+06 900497 ZonesAtSurface
1925.07 1974.94 527.813 8 1 1 9 884087 18.8635 106969 1.10664 2.17794e+06 884087 ZonesAtSurface
1975.15 1974.94 552.823 2 0 1 9 579840 35.4667 51735.2 1.01123 2.14344e+06 579840 ZonesAtSurface
2025.18 1974.93 465.382 3 0 1 10 815218 39.3807 87069.3 1.01791 4.31722e+06 815218 ZonesAtSurface
2075.19 1974.93 365.439 3 0 1 10 608893 42.6268 145343 1.02526 6.24329e+06 608893 ZonesAtSurface
2125.18 1974.95 265.477 2 0 1 10 100000 5 10000 0.953539 1.18479e+06 100000 ZonesAtSurface
2175.19 1974.96 215.497 6 0 1 9 611727 33.4626 86899.3 1.06607 4.62649e+06 611727 ZonesAtSurface
2225.17 1974.97 115.495 0 0 1 9 735915 42.5067 143090 5.43793 4.04547e+06 735915 ZonesAtSurface
2275.16 1974.97 65.4979 4 0 1 8 704761 30.1466 103784 1.77598 4.36647e+06 704761 ZonesAtSurface
2325.14 1974.96 -34.5164 6 0 1 8 594170 16.3823 84676.8 1.25237 7.02722e+06 594170 ZonesAtSurface
2375.12 1974.93 -84.5283 0 0 0 0 878012 41.0698 100384 3.32682 1.38865e+07 878012 ZonesAtSurface
2425.12 1974.96 -184.519 0 0 0 0 753578 38.0585 69449.2 6.13719 7.80058e+06 753578 ZonesAtSurface
2475.09 1974.96 -234.517 0 0 0 0 851123 44.9933 125725 9.00988 8.93499e+06 851123 ZonesAtSurface
2525.06 1974.9 -214.542 0 0 0 0 1.13311e+06 39.5097 69551.9 4.90934 1.19799e+07 1.13311e+06 ZonesAtSurface
2575.03 1974.93 -224.525 0 0 0 0 1.14092e+06 35.4212 88922.6 4.66722 9.94089e+06 1.14092e+06 ZonesAtSurface
2625 1974.97 -234.507 0 0 0 0 675823 17.4886 107198 1.98577 7.79365e+06 675823 ZonesAtSurface
2674.96 1974.92 -144.501 0 0 0 0 607203 26.67 134724 2.0484 1.23622e+07 607203 ZonesAtSurface
2724.91 1974.93 -104.495 0 0 0 0 1.29084e+06 17.9202 105804 1.79883 8.35236e+06 1.29084e+06 ZonesAtSurface
2774.87 1974.93 -64.5047 0 0 0 0 746707 38.2143 69625.4 3.19034 1.0093e+07 746707 ZonesAtSurface
2824.85 1974.96 -74.5037 9 0 0 0 100000 5 10000 1.01799 2.83478e+06 100000 ZonesAtSurface
2874.83 1974.96 -34.5018 0 0 1 7 590522 29.7481 89643.2 3.09791 6.87741e+06 590522 ZonesAtSurface
2924.8 1974.95 5.51101 0 0 1 7 1.40925e+06 35.5119 77848.5 2.79933 8.40645e+06 1.40925e+06 ZonesAtSurface
2974.77 1974.95 45.5234 2 0 1 7 631997 36.4769 101690 1.47301 8.20017e+06 631997 ZonesAtSurface
3024.74 1974.96 85.5257 5 0 1 7 861487 33.365 143966 1.11078 6.26263e+06 861487 ZonesAtSurface
3074.72 1974.95 125.524 8 0 1 7 1.3711e+06 27.5504 132865 1.24951 5.4819e+06 1.3711e+06 ZonesAtSurface
3124.73 1974.95 115.494 0 0 1 8 1.36599e+06 28.3124 59263.6 1.97521 5.74529e+06 1.36599e+06 ZonesAtSurface
3174.72 1974.95 155.477 0 0 1 8 646439 40.4376 148551 2.99742 5.86708e+06 646439 ZonesAtSurface
3224.66 1974.97 345.421 2 0 2 5 616862 34.8213 107901 1.02889 2.66027e+06 616862 ZonesAtSurface
3274.69 1974.98 435.394 6 3 2 4 639259 36.8285 145118 1.51231 1.5092e+06 639259 ZonesAtSurface
3324.72 1974.96 375.379 2 0 1 6 556494 16.28 138177 1.03177 2.6154e+06 556494 ZonesAtSurface
3374.75 1974.96 365.353 1 0 1 7 788385 15.8162 78927 1.00261 4.40208e+06 788385 ZonesAtSurface
3424.76 1974.98 555.283 7 10 1 4 1.48411e+06 33.2157 61153.2 1.61577 3.35849e+06 1.48411e+06 ZonesAtSurface
3474.79 1974.98 545.261 2 2 2 5 1.07401e+06 31.2089 102484 1.05635 3.42215e+06 1.07401e+06 ZonesAtSurface
3524.83 1974.98 535.24 10 0 1 6 967222 43.5309 117174 1.03164 5.02045e+06 967222 ZonesAtSurface
3574.87 1974.97 525.226 5 0 1 7 1.08467e+06 44.3186 75317.5 1.03769 5.82891e+06 1.08467e+06 ZonesAtSurface
3624.94 1974.97 465.245 8 0 1 9 692889 25.9265 112684 1.00363 5.90409e+06 692889 ZonesAtSurface
3674.95 1974.99 605.147 0 0 2 7 1.2733e+06 41.5665 63169.4 1.48094 4.07542e+06 1.2733e+06 ZonesAtSurface
3725.03 1974.98 545.178 7 0 1 9 1.25673e+06 32.627 96910 1.01458 6.74521e+06 1.25673e+06 ZonesAtSurface
3775.08 1975 744.947 5 0 1 5 724738 34.6851 129530 1.02173 2.45597e+06 724738 ZonesAtSurface
3825.13 1974.99 804.909 0 3 2 3 786064 30.0422 73497.8 1.30238 2.06996e+06 786064 ZonesAtSurface
3875.14 1974.99 814.954 0 10 2 2 883615 31.77 60604.1 3.32587 1.07959e+06 883615 ZonesAtSurface
3925.21 1974.99 775.009 0 0 2 2 501833 27.9917 143985 1.55318 1.29903e+06 501833 ZonesAtSurface
3975.22 1974.99 785.069 0 9 1 1 1.39165e+06 31.6031 87271.6 4.37111 1.27115e+06 1.39165e+06 ZonesAtSurface
4025.3 1974.99 745.128 0 0 2 1 1.37417e+06 24.7007 107394 3.32019 1.45346e+06 1.37417e+06 ZonesAtSurface
4075.42 1974.99 655.191 9 0 2 2 767232 27.2499 68572.4 1.1052 2.89731e+06 767232 ZonesAtSurface
4125.5 1975 565.262 5 0 1 3 1.0468e+06 15.6476 80616.8 1.0335 3.46468e+06 1.0468e+06 ZonesAtSurface
4175.55 1975 475.335 12 0 1 4 992798 25.2217 134185 1.11704 4.49204e+06 992798 ZonesAtSurface
4225.56 1975 535.366 1 10 1 2 1.03996e+06 42.0712 119022 2.60988 2.45699e+06 1.03996e+06 ZonesAtSurface
4275.58 1975 545.398 0 8 2 1 1.4495e+06 16.3066 140688 1.98868 2.1277e+06 1.4495e+06 ZonesAtSurface
4325.61 1975 505.429 5 0 1 1 592866 25.4418 64994.7 1.70615 1.52956e+06 592866 ZonesAtSurface
4375.62 1975 515.452 0 8 0 0 1.03894e+06 28.8668 102697 5.93939 678913 1.03894e+06 ZonesAtSurface
4425.64 1975 475.473 0 0 0 0 1.13592e+06 27.1388 129095 3.9452 1.07375e+06 1.13592e+06 ZonesAtSurface
4475.66 1974.99 385.503 4 0 2 1 673988 41.3677 134380 1.42901 2.84199e+06 673988 ZonesAtSurface
4525.67 1974.99 295.537 7 0 1 2 1.29897e+06 40.7244 130624 2.19855 3.72112e+06 1.29897e+06 ZonesAtSurface
4575.57 1974.99 105.593 5 0 1 5 1.10173e+06 15.3402 52419 1.02944 4.98834e+06 1.10173e+06 ZonesAtSurface
4625.53 1974.99 65.6125 10 0 1 5 915285 37.1396 83008.9 1.03973 7.79238e+06 915285 ZonesAtSurface
4675.4 1974.99 -24.3972 0 0 1 6 1.39679e+06 32.1758 140290 2.2202 9.76649e+06 1.39679e+06 ZonesAtSurface
4725.37 1974.99 -14.3736 5 0 1 5 1.34923e+06 33.0394 110028 1.06113 1.2441e+07 1.34923e+06 ZonesAtSurface
4775.32 1974.99 -4.35053 16 0 1 4 954032 44.5751 113868 1.07761 1.08654e+07 954032 ZonesAtSurface
4825.24 1975 5.67417 31 0 1 3 733623 26.933 123382 1.09847 4.71102e+06 733623 ZonesAtSurface
4875.16 1975 15.6854 30 0 1 2 1.37472e+06 15.2784 65651.8 1.02652 4.40529e+06 1.37472e+06 ZonesAtSurface
4925.09 1975 25.6849 16 0 1 1 1.01386e+06 33.3826 65170.3 1.03484 6.54592e+06 1.01386e+06 ZonesAtSurface
74.9352 2025 -45.7469 89 0 1 2 1.12783e+06 18.8862 76954.8 1.31397 3.27269e+06 1.12783e+06 ZonesAtSurface
124.831 2025 -20.6508 90 2 1 2 100000 5 10000 1.4509 179640 100000 ZonesAtSurface
174.736 2025 -45.667 79 0 1 3 100000 5 10000 1.30874 380481 100000 ZonesAtSurface
224.608 2025.01 -20.6299 79 58 1 3 1.21828e+06 17.753 90394.9 2.34842 1.5769e+06 1.21828e+06 ZonesAtSurface
274.54 2025.01 -45.7346 68 0 1 4 1.19811e+06 20.8095 138347 1.09684 3.65659e+06 1.19811e+06 ZonesAtSurface
324.47 2025.01 -20.7453 49 16 1 4 926896 19.8461 88540.9 2.66281 1.29453e+06 926896 ZonesAtSurface
374.455 2025 -45.7903 44 0 1 5 645494 16.7093 89310.1 1.0292 3.74632e+06 645494 ZonesAtSurface
424.424 2025 -20.7947 12 26 1 5 1.43204e+06 42.4231 86788.6 1.83968 3.77434e+06 1.43204e+06 ZonesAtSurface
474.393 2025 -45.8523 20 0 1 6 525715 41.2789 136666 1.04407 8.99418e+06 525715 ZonesAtSurface
524.357 2025 -20.8574 20 0 1 6 691133 41.1257 61014 1.06517 6.27445e+06 691133 ZonesAtSurface
574.349 2024.99 -45.9054 10 0 1 7 523471 16.4101 114609 1.0478 7.18458e+06 523471 ZonesAtSurface
624.253 2024.99 29.0837 0 0 1 6 1.07878e+06 23.1274 131909 1.07361 5.24831e+06 1.07878e+06 ZonesAtSurface
674.232 2024.99 54.0725 4 0 1 6 830076 43.7835 86695 1.16813 9.59696e+06 830076 ZonesAtSurface
724.139 2025 179.055 7 0 1 4 685596 44.3465 127281 1.50537 4.08262e+06 685596 ZonesAtSurface
774.152 2025 204.042 0 0 1 4 1.25412e+06 34.7835 52434.6 2.25186 3.56915e+06 1.25412e+06 ZonesAtSurface
824.165 2025 279.033 0 0 1 3 932046 41.3017 149613 3.31251 2.12577e+06 932046 ZonesAtSurface
874.18 2025 304.025 0 0 2 3 1.12286e+06 35.9543 76401.4 3.53021 1.95755e+06 1.12286e+06 ZonesAtSurface
924.186 2025 279.009 0 0 1 4 1.30625e+06 41.0867 64391.8 3.5608 2.79007e+06 1.30625e+06 ZonesAtSurface
974.199 2025.01 303.998 0 6 1 4 1.39581e+06 26.8661 96036.4 2.07089 2.61376e+06 1.39581e+06 ZonesAtSurface
1024.21 2025 278.981 0 0 2 5 533349 38.3464 70007.6 3.79145 2.84509e+06 533349 ZonesAtSurface
1074.22 2025 253.96 0 0 1 6 1.00882e+06 36.6798 85858 2.97818 3.65837e+06 1.00882e+06 ZonesAtSurface
1124.23 2025 278.946 6 0 1 6 758954 18.0175 119252 1.08054 3.34599e+06 758954 ZonesAtSurface
1174.25 2024.99 303.929 15 0 1 6 100000 5 10000 1.02918 723077 100000 ZonesAtSurface
1224.28 2024.99 328.914 5 0 2 6 544400 33.5689 117710 1.20599 2.82045e+06 544400 ZonesAtSurface
1274.31 2024.99 353.902 0 5 1 6 1.00759e+06 23.2794 126481 1.37064 2.19176e+06 1.00759e+06 ZonesAtSurface
1324.34 2024.99 378.891 7 6 2 6 629970 41.4703 69765.7 1.24681 2.1438e+06 629970 ZonesAtSurface
1374.36 2024.99 353.865 0 1 1 7 1.28521e+06 41.5189 139631 2.01195 2.93198e+06 1.28521e+06 ZonesAtSurface
1424.39 2024.99 328.841 0 0 1 8 1.4055e+06 28.0712 113648 1.59816 4.31345e+06 1.4055e+06 ZonesAtSurface
1474.43 2024.99 403.834 2 7 2 7 1.44277e+06 20.8755 137955 1.75789 2.33728e+06 1.44277e+06 ZonesAtSurface
1524.58 2024.99 278.884 1 0 1 10 530522 25.0906 60287.3 1.02834 6.18679e+06 530522 ZonesAtSurface
1574.63 2024.98 303.872 0 0 1 10 722739 38.1118 133759 1.73677 6.51452e+06 722739 ZonesAtSurface
1624.67 2024.98 328.858 3 0 1 10 705797 32.5515 141983 1.23396 6.53266e+06 705797 ZonesAtSurface
1674.71 2024.98 353.844 2 0 1 10 537738 22.7908 84598.5 1.04348 5.43817e+06 537738 ZonesAtSurface
1724.76 2024.97 378.833 2 0 1 10 1.37598e+06 19.1184 58520.5 1.03242 6.46816e+06 1.37598e+06 ZonesAtSurface
1774.79 2024.97 453.758 10 0 1 9 100000 5 10000 0.950755 842404 100000 ZonesAtSurface
1824.91 2024.96 428.812 1 0 1 10 100000 5 10000 1.02465 1.03594e+06 100000 ZonesAtSurface
1875 2024.94 453.831 0 0 1 10 539023 15.3211 137577 1.02577 3.06723e+06 539023 ZonesAtSurface
1924.99 2024.97 578.72 6 6 2 8 780820 29.8458 114375 1.10725 2.41397e+06 780820 ZonesAtSurface
1975.12 2024.94 503.861 2 0 1 10 529931 37.3202 119556 1.03617 3.90189e+06 529931 ZonesAtSurface
2025.15 2024.94 466.387 1 0 1 10 1.39744e+06 34.0779 79712.6 1.01917 6.4565e+06 1.39744e+06 ZonesAtSurface
2075.16 2024.94 366.431 2 0 1 10 1.46803e+06 22.4265 143161 1.01062 5.87718e+06 1.46803e+06 ZonesAtSurface
2125.18 2024.95 316.464 10 0 1 9 1.00219e+06 42.067 112661 0.9967 4.3034e+06 1.00219e+06 ZonesAtSurface
2175.17 2024.96 216.485 9 0 1 9 100000 5 10000 0.957932 951992 100000 ZonesAtSurface
2225.16 2024.98 116.488 1 0 1 9 524868 19.1663 77057.5 1.62223 3.79038e+06 524868 ZonesAtSurface
2275.16 2024.98 66.4944 1 0 1 8 553668 18.1569 80035.4 1.20227 3.57287e+06 553668 ZonesAtSurface
2325.14 2024.97 -33.5189 4 0 1 8 1.07419e+06 21.492 69133.6 1.94543 7.10286e+06 1.07419e+06 ZonesAtSurface
2375.13 2024.97 -133.528 0 0 0 0 1.44093e+06 20.1128 67937.4 1.92545 8.61503e+06 1.44093e+06 ZonesAtSurface
2425.11 2024.95 -183.532 7 0 0 0 727894 18.039 71894.7 1.65366 9.73784e+06 727894 ZonesAtSurface
2475.09 2024.95 -233.528 0 0 0 0 523533 37.06 103459 5.76589 8.58359e+06 523533 ZonesAtSurface
2525.06 2024.9 -213.545 0 0 0 0 1.32519e+06 42.1315 106287 3.37209 1.34469e+07 1.32519e+06 ZonesAtSurface
2575.05 2024.83 -173.549 8 0 0 0 1.15559e+06 39.4073 87944 2.23897 1.77433e+07 1.15559e+06 ZonesAtSurface
2625 2024.92 -183.518 0 0 0 0 1.37966e+06 25.1293 61266.6 1.52162 1.3667e+07 1.37966e+06 ZonesAtSurface
2674.95 2024.92 -143.507 0 0 0 0 777512 36.8018 75433.1 2.33498 1.43008e+07 777512 ZonesAtSurface
2724.9 2024.92 -103.507 0 0 0 0 1.20403e+06 31.7107 51166.8 2.23601 1.20732e+07 1.20403e+06 ZonesAtSurface
2774.88 2024.97 -113.509 0 0 0 0 794562 35.2764 141787 7.07522 5.70606e+06 794562 ZonesAtSurface
2824.86 2024.91 -23.5283 0 0 0 0 1.42344e+06 38.7773 85212.1 2.98271 1.25671e+07 1.42344e+06 ZonesAtSurface
2874.84 2024.91 16.4852 10 0 0 0 1.04851e+06 17.7082 115866 1.0529 9.06262e+06 1.04851e+06 ZonesAtSurface
2924.82 2024.92 56.5141 3 0 1 6 727366 42.7345 118693 1.74402 1.19332e+07 727366 ZonesAtSurface
2974.79 2024.95 46.5109 0 0 1 7 1.49652e+06 42.5238 100147 3.17301 8.87487e+06 1.49652e+06 ZonesAtSurface
3024.76 2024.95 86.5169 4 0 1 7 1.39359e+06 36.8653 91259.7 1.67172 8.12298e+06 1.39359e+06 ZonesAtSurface
3074.74 2024.95 126.512 1 1 1 7 1.49006e+06 36.6503 95323.4 1.40519 5.05246e+06 1.49006e+06 ZonesAtSurface
3124.75 2024.95 116.481 3 0 1 8 734346 15.6304 92542.4 1.04941 5.06817e+06 734346 ZonesAtSurface
3174.69 2024.95 256.46 9 0 1 6 1.30198e+06 28.0397 67551.3 1.03845 4.92037e+06 1.30198e+06 ZonesAtSurface
3224.69 2024.98 346.425 6 6 2 5 1.17502e+06 34.5035 58246.6 1.08872 4.3437e+06 1.17502e+06 ZonesAtSurface
3274.72 2024.97 336.411 10 0 1 6 793083 28.7088 114733 1.01191 4.32271e+06 793083 ZonesAtSurface
3324.74 2024.97 376.382 2 0 1 6 679105 23.1548 60018.7 1.01722 3.35671e+06 679105 ZonesAtSurface
3374.76 2024.97 416.346 8 0 1 6 1.39792e+06 26.7785 148009 1.01095 5.46467e+06 1.39792e+06 ZonesAtSurface
3424.78 2024.98 506.299 5 0 1 5 671487 37.7158 70979.8 1.02567 4.6504e+06 671487 ZonesAtSurface
3474.81 2024.98 496.281 2 0 1 6 1.23645e+06 16.9578 122304 1.04916 3.80319e+06 1.23645e+06 ZonesAtSurface
3524.84 2024.98 536.252 7 6 1 6 1.46629e+06 41.3297 101384 1.4851 4.62264e+06 1.46629e+06 ZonesAtSurface
3574.88 2024.98 576.23 0 6 2 6 1.47451e+06 44.1194 138851 2.57153 2.49437e+06 1.47451e+06 ZonesAtSurface
3624.95 2024.97 466.25 9 0 1 9 1.49841e+06 22.7753 147767 1.00943 5.9074e+06 1.49841e+06 ZonesAtSurface
3674.99 2024.98 506.223 8 0 1 9 1.23725e+06 29.9678 142775 1.01574 5.75896e+06 1.23725e+06 ZonesAtSurface
3725.04 2024.98 546.183 3 0 1 9 844050 36.7724 129695 1.02935 6.89954e+06 844050 ZonesAtSurface
3775.08 2025 745.953 0 0 2 5 816318 34.5176 93210 1.0945 3.12043e+06 816318 ZonesAtSurface
3825.13 2025 805.92 0 0 2 3 1.34852e+06 15.7464 119163 1.29701 2.76589e+06 1.34852e+06 ZonesAtSurface
3875.15 2024.99 815.96 0 0 2 2 1.00178e+06 17.6622 134644 3.24401 963114 1.00178e+06 ZonesAtSurface
3925.21 2024.99 776.016 0 4 2 2 625956 42.1883 52726.5 1.91364 1.75153e+06 625956 ZonesAtSurface
3975.28 2024.99 736.076 0 0 2 2 538245 34.3441 105584 1.60938 1.97208e+06 538245 ZonesAtSurface
4025.31 2024.99 746.131 0 2 2 1 763178 34.0056 119453 1.93573 1.5342e+06 763178 ZonesAtSurface
4075.42 2024.99 656.194 6 0 2 2 704500 24.2268 50788.3 1.02227 2.49942e+06 704500 ZonesAtSurface
4125.52 2025 516.286 0 0 1 4 1.39998e+06 35.3728 65172.9 1.27847 6.08834e+06 1.39998e+06 ZonesAtSurface
4175.54 2025 526.329 0 10 1 3 1.47785e+06 42.3883 90957.6 2.01674 4.84857e+06 1.47785e+06 ZonesAtSurface
4225.58 2025 486.376 4 0 1 3 1.1467e+06 33.7755 139264 1.73317 3.22976e+06 1.1467e+06 ZonesAtSurface
4275.59 2025 496.408 0 0 1 2 1.41384e+06 28.3383 113455 2.3359 2.58041e+06 1.41384e+06 ZonesAtSurface
4325.61 2025 506.435 0 3 2 1 998619 37.2916 126652 2.424 1.95234e+06 998619 ZonesAtSurface
4375.63 2025 466.459 0 0 2 1 1.3803e+06 17.4823 88172 2.95099 1.50148e+06 1.3803e+06 ZonesAtSurface
4425.63 2025 476.477 0 8 0 0 1.41415e+06 19.1412 60835.5 3.84252 1.14632e+06 1.41415e+06 ZonesAtSurface
4475.66 2024.99 386.505 0 0 1 1 1.12675e+06 25.5495 98405.7 1.45827 2.59916e+06 1.12675e+06 ZonesAtSurface
4525.67 2024.99 346.528 0 10 2 1 1.34168e+06 30.8629 124118 4.18919 1.43028e+06 1.34168e+06 ZonesAtSurface
4575.57 2024.99 106.592 2 0 1 5 1.30829e+06 40.4357 73909 1.78341 8.20386e+06 1.30829e+06 ZonesAtSurface
4625.47 2024.99 16.6025 0 0 1 6 605489 38.549 50798.5 2.134 9.11687e+06 605489 ZonesAtSurface
4675.46 2024.99 26.6283 9 0 1 5 1.34244e+06 38.8316 88740.5 1.08589 1.00614e+07 1.34244e+06 ZonesAtSurface
4725.38 2024.99 -13.3763 9 0 1 5 656580 29.0124 86823.3 1.03772 1.04768e+07 656580 ZonesAtSurface
4775.32 2024.99 -3.34417 32 0 1 4 1.33576e+06 17.6076 97941.6 1.0801 5.66656e+06 1.33576e+06 ZonesAtSurface
4825.24 2024.99 6.67926 30 0 1 3 539137 43.3043 134159 1.12588 5.69645e+06 539137 ZonesAtSurface
4875.16 2024.99 16.6826 23 0 1 2 628389 26.727 121100 1.05128 3.91832e+06 628389 ZonesAtSurface
4925.09 2025 26.6892 27 0 1 1 1.16083e+06 26.4585 78621 1.03707 5.95734e+06 1.16083e+06 ZonesAtSurface
74.9258 2075 -44.7103 89 0 1 2 100000 5 10000 1.17299 367491 100000 ZonesAtSurface
124.81 2075 -19.592 90 70 1 2 839163 28.7545 92733.7 1.91851 1.62618e+06 839163 ZonesAtSurface
174.708 2075.01 -44.6592 79 0 1 3 1.0788e+06 18.5871 133316 1.65016 2.45193e+06 1.0788e+06 ZonesAtSurface
224.608 2075.02 -19.6592 79 21 1 3 641014 16.977 72186.3 2.08602 887263 641014 ZonesAtSurface
274.542 2075.01 -44.762 62 12 1 4 1.47313e+06 23.4107 55146.4 1.12717 4.07718e+06 1.47313e+06 ZonesAtSurface
324.488 2075.01 -19.7595 24 33 1 4 1.38603e+06 36.0424 108869 3.43056 2.07848e+06 1.38603e+06 ZonesAtSurface
374.475 2075 -44.7879 33 0 1 5 1.01817e+06 17.6135 75619.1 1.05741 4.41363e+06 1.01817e+06 ZonesAtSurface
424.437 2075 -19.7913 44 6 1 5 886679 28.898 62486.4 1.29587 2.5266e+06 886679 ZonesAtSurface
474.4 2074.99 -44.8492 21 0 1 6 566170 41.332 137084 1.18318 7.82313e+06 566170 ZonesAtSurface
524.363 2074.99 -19.8533 21 0 1 6 1.34446e+06 37.3517 141341 1.06554 5.61061e+06 1.34446e+06 ZonesAtSurface
574.353 2074.99 -44.9046 4 0 1 7 638455 29.3039 65228.6 1.30081 1.05487e+07 638455 ZonesAtSurface
624.315 2074.99 -19.9227 0 0 1 7 774337 35.9882 86765.7 1.53417 8.63995e+06 774337 ZonesAtSurface
674.132 2075 155.073 9 2 2 4 750765 43.2974 88453.1 1.89578 2.07866e+06 750765 ZonesAtSurface
724.146 2075 180.063 6 0 1 4 1.31089e+06 18.6433 145097 1.23543 3.20923e+06 1.31089e+06 ZonesAtSurface
774.156 2075 205.051 0 0 1 4 1.19613e+06 44.5325 105703 3.45812 3.4819e+06 1.19613e+06 ZonesAtSurface
824.168 2075.01 280.041 0 8 1 3 1.43945e+06 31.1499 75615.3 3.53736 1.86025e+06 1.43945e+06 ZonesAtSurface
874.176 2075 255.027 0 0 2 4 1.34547e+06 28.075 64196.1 3.36371 2.17163e+06 1.34547e+06 ZonesAtSurface
924.189 2075 280.018 4 0 2 4 659056 19.109 105216 1.98077 1.48493e+06 659056 ZonesAtSurface
974.194 2075 254.998 0 0 1 5 1.41999e+06 37.0144 131754 3.44268 3.68195e+06 1.41999e+06 ZonesAtSurface
1024.21 2074.99 229.976 0 0 1 6 906214 39.9046 148133 5.22543 2.93856e+06 906214 ZonesAtSurface
1074.22 2074.99 254.963 0 0 1 6 1.44625e+06 30.4947 64974.6 2.8941 3.54234e+06 1.44625e+06 ZonesAtSurface
1124.23 2074.99 279.946 8 0 1 6 100000 5 10000 0.994175 773122 100000 ZonesAtSurface
1174.25 2074.99 304.928 1 0 2 6 1.47794e+06 18.8871 147966 1.33812 3.36489e+06 1.47794e+06 ZonesAtSurface
1224.29 2074.99 379.923 0 7 2 5 1.13578e+06 19.1204 114269 1.71664 1.8565e+06 1.13578e+06 ZonesAtSurface
1274.31 2074.99 354.903 7 0 2 6 772187 21.0478 95101.1 1.07367 2.2395e+06 772187 ZonesAtSurface
1324.34 2074.99 379.894 0 8 2 6 1.43061e+06 24.8708 137185 1.78423 2.40571e+06 1.43061e+06 ZonesAtSurface
1374.36 2074.99 354.871 0 0 1 7 1.24485e+06 21.4079 104357 1.45053 2.69741e+06 1.24485e+06 ZonesAtSurface
1424.37 2074.99 329.845 0 0 1 8 836669 35.9149 52150.7 3.31207 3.10517e+06 836669 ZonesAtSurface
1474.41 2074.99 354.834 0 0 1 8 1.03777e+06 22.7495 138181 1.84574 2.83138e+06 1.03777e+06 ZonesAtSurface
1524.44 2074.99 379.824 2 2 1 8 1.14888e+06 22.9637 103148 2.18351 1.95545e+06 1.14888e+06 ZonesAtSurface
1574.5 2074.98 354.814 10 0 1 9 100000 5 10000 1.07912 710012 100000 ZonesAtSurface
1624.63 2074.98 329.843 2 0 1 10 100000 5 10000 1.16883 1.23221e+06 100000 ZonesAtSurface
1674.68 2074.98 354.833 4 0 1 10 100000 5 10000 1.13176 1.22863e+06 100000 ZonesAtSurface
1724.66 2074.99 479.721 8 9 2 8 926200 26.4672 133802 1.15276 2.46995e+06 926200 ZonesAtSurface
1774.8 2074.97 404.803 2 0 1 10 100000 5 10000 1.06521 1.39199e+06 100000 ZonesAtSurface
1824.79 2074.97 529.699 0 9 2 8 1.41899e+06 22.6746 120549 2.04304 2.04673e+06 1.41899e+06 ZonesAtSurface
1874.89 2074.96 504.74 2 0 2 9 100000 5 10000 1.07684 553399 100000 ZonesAtSurface
1925.02 2074.95 479.841 2 0 1 10 100000 5 10000 1.25935 740287 100000 ZonesAtSurface
1975.08 2074.95 504.863 3 0 1 10 100000 5 10000 1.20728 623080 100000 ZonesAtSurface
2025.12 2074.95 467.391 7 0 1 10 899103 35.9533 146162 1.04507 6.24818e+06 899103 ZonesAtSurface
2075.13 2074.95 367.427 2 0 1 10 971433 39.4099 133385 1.05905 6.81187e+06 971433 ZonesAtSurface
2125.15 2074.96 317.456 6 0 1 9 841348 40.2431 58405.7 1.0224 4.85018e+06 841348 ZonesAtSurface
2175.18 2074.96 317.481 10 7 1 7 1.19023e+06 36.7834 135637 1.6773 2.75176e+06 1.19023e+06 ZonesAtSurface
2225.19 2074.97 217.489 9 0 2 7 100000 5 10000 2.46451 220989 100000 ZonesAtSurface
2275.18 2074.98 117.5 8 0 1 7 100000 5 10000 1.465 452363 100000 ZonesAtSurface
2325.14 2074.98 -32.516 0 0 1 8 1.37183e+06 23.9856 113104 2.88396 6.54469e+06 1.37183e+06 ZonesAtSurface
2375.12 2074.98 -132.528 0 0 0 0 759656 25.354 129486 2.34651 8.81421e+06 759656 ZonesAtSurface
2425.1 2074.95 -182.54 5 0 0 0 644743 26.8935 89011.7 1.891 1.29281e+07 644743 ZonesAtSurface
2475.09 2074.95 -232.536 8 0 0 0 562345 37.5431 95131.8 6.4304 7.79556e+06 562345 ZonesAtSurface
2525.06 2074.9 -212.54 5 0 0 0 813187 32.2179 140398 2.17337 1.21145e+07 813187 ZonesAtSurface
2575.03 2074.94 -222.517 0 0 0 0 1.22694e+06 27.7636 117903 2.51501 1.05843e+07 1.22694e+06 ZonesAtSurface
2625 2074.98 -232.502 0 0 0 0 622756 25.1767 61080.6 3.83903 6.44944e+06 622756 ZonesAtSurface
2674.95 2074.93 -142.514 0 0 0 0 1.13435e+06 35.4521 125524 2.45274 1.22646e+07 1.13435e+06 ZonesAtSurface
2724.92 2074.97 -152.509 0 0 0 0 1.33393e+06 24.2707 55146.4 3.99218 6.01402e+06 1.33393e+06 ZonesAtSurface
2774.89 2074.91 -62.5383 0 0 0 0 938224 32.4446 117446 1.49472 1.56148e+07 938224 ZonesAtSurface
2824.87 2074.9 -22.5323 0 0 0 0 1.11785e+06 38.2254 94002.2 2.22689 1.42237e+07 1.11785e+06 ZonesAtSurface
2874.85 2074.91 17.4784 0 0 0 0 1.42232e+06 37.3471 85917.5 2.26347 1.20299e+07 1.42232e+06 ZonesAtSurface
2924.83 2074.95 7.48429 0 0 0 0 1.33493e+06 29.565 75531.6 3.59241 6.50669e+06 1.33493e+06 ZonesAtSurface
2974.81 2074.94 97.5257 6 0 1 6 1.09907e+06 42.8157 88329.5 1.76281 1.05019e+07 1.09907e+06 ZonesAtSurface
3024.78 2074.95 87.5036 4 0 1 7 798220 31.3468 72970.4 1.22841 8.16759e+06 798220 ZonesAtSurface
3074.76 2074.95 127.496 10 0 1 7 1.12313e+06 15.6766 84466.3 1.03087 3.46503e+06 1.12313e+06 ZonesAtSurface
3124.73 2074.95 217.486 8 0 1 6 1.20836e+06 38.119 126526 1.65076 5.72589e+06 1.20836e+06 ZonesAtSurface
3174.75 2074.95 207.461 7 0 1 7 1.13349e+06 29.4908 96281.5 1.19646 5.97154e+06 1.13349e+06 ZonesAtSurface
3224.75 2074.96 247.44 0 0 1 7 1.34001e+06 41.286 149617 2.5838 6.19315e+06 1.34001e+06 ZonesAtSurface
3274.76 2074.96 287.415 0 0 1 7 1.40714e+06 17.3938 57021.9 1.02121 5.90198e+06 1.40714e+06 ZonesAtSurface
3324.76 2074.97 377.387 1 0 1 6 1.23414e+06 40.2868 134976 1.3641 6.32259e+06 1.23414e+06 ZonesAtSurface
3374.78 2074.96 367.356 1 0 1 7 654075 28.7323 121375 1.00888 6.02702e+06 654075 ZonesAtSurface
3424.8 2074.97 457.32 8 0 1 6 1.32878e+06 29.9741 132666 1.06494 5.17012e+06 1.32878e+06 ZonesAtSurface
3474.83 2074.97 447.298 4 0 1 7 1.33562e+06 22.7421 93126 1.01291 5.31593e+06 1.33562e+06 ZonesAtSurface
3524.87 2074.97 437.282 2 0 1 8 1.12566e+06 24.9566 69894.6 1.00493 5.81338e+06 1.12566e+06 ZonesAtSurface
3574.89 2074.98 527.247 2 0 2 7 686887 16.4252 99329.2 1.15406 2.01342e+06 686887 ZonesAtSurface
3624.96 2074.97 467.255 10 0 1 9 695211 15.4325 93158 1.01289 3.09918e+06 695211 ZonesAtSurface
3674.99 2074.98 557.202 7 0 1 8 1.17514e+06 20.2037 77828.2 1.27935 3.14673e+06 1.17514e+06 ZonesAtSurface
3725.04 2074.98 547.185 5 0 1 9 811837 43.9592 118093 1.06127 7.70077e+06 811837 ZonesAtSurface
3775.1 2074.99 647.075 3 0 1 7 845072 43.9924 143590 1.0158 5.84647e+06 845072 ZonesAtSurface
3825.13 2075 806.929 4 0 2 3 588237 21.6196 110702 1.21208 1.62547e+06 588237 ZonesAtSurface
3875.15 2074.99 816.966 0 9 2 2 1.35834e+06 25.8365 124375 4.08137 1.10543e+06 1.35834e+06 ZonesAtSurface
3925.26 2074.99 727.029 0 0 2 3 609036 39.0854 108058 1.13445 2.76274e+06 609036 ZonesAtSurface
3975.23 2074.99 787.079 0 8 1 1 638536 36.0988 83730.7 2.47634 1.0413e+06 638536 ZonesAtSurface
4025.31 2074.99 747.133 6 6 2 1 841027 29.2889 101180 1.79727 1.57979e+06 841027 ZonesAtSurface
4075.47 2074.99 557.23 0 0 1 4 808731 41.1952 54826.2 1.3456 5.45321e+06 808731 ZonesAtSurface
4125.52 2075 517.289 0 0 1 4 1.12957e+06 38.4904 140563 1.38503 5.74787e+06 1.12957e+06 ZonesAtSurface
4175.56 2075 477.342 18 0 1 4 603988 26.3182 140991 1.02497 3.61045e+06 603988 ZonesAtSurface
4225.58 2074.99 487.379 9 0 2 3 608764 43.0507 132187 1.76074 3.55227e+06 608764 ZonesAtSurface
4275.61 2075 447.414 0 0 1 3 1.27606e+06 20.6194 121268 1.63964 2.94205e+06 1.27606e+06 ZonesAtSurface
4325.62 2075 457.441 0 0 2 2 1.04335e+06 37.4039 56693.6 2.92987 2.2599e+06 1.04335e+06 ZonesAtSurface
4375.63 2075 467.465 0 0 2 1 1.01726e+06 18.3667 81740.8 2.87926 1.24044e+06 1.01726e+06 ZonesAtSurface
4425.64 2075 427.483 0 0 2 1 989744 42.8254 130551 3.2051 1.76987e+06 989744 ZonesAtSurface
4475.65 2074.99 437.501 5 9 0 0 662613 31.6061 53058.1 2.24405 1.22211e+06 662613 ZonesAtSurface
4525.65 2074.99 247.55 2 0 1 3 986572 33.1848 120920 1.12545 5.52024e+06 986572 ZonesAtSurface
4575.56 2074.99 107.592 1 0 1 5 665339 32.2515 94927.2 1.37284 7.45849e+06 665339 ZonesAtSurface
4625.52 2074.98 67.6114 2 0 1 5 568439 43.1686 58572.4 1.51787 9.43812e+06 568439 ZonesAtSurface
4675.46 2074.98 27.623 6 0 1 5 1.17906e+06 43.4719 129412 1.12257 9.192e+06 1.17906e+06 ZonesAtSurface
4725.38 2074.99 -12.3798 16 0 1 5 869665 19.1111 109185 1.04203 8.97532e+06 869665 ZonesAtSurface
4775.32 2074.99 -2.34651 30 0 1 4 718778 25.625 130740 1.00876 6.4492e+06 718778 ZonesAtSurface
4825.24 2074.99 7.67661 37 0 1 3 625044 30.723 53328.6 1.18019 5.06394e+06 625044 ZonesAtSurface
4875.16 2074.99 17.6841 34 0 1 2 535836 24.7212 64342.6 1.07927 3.6911e+06 535836 ZonesAtSurface
4925.09 2075 27.6904 29 0 1 1 1.24974e+06 15.2452 74650.7 1.04135 4.5687e+06 1.24974e+06 ZonesAtSurface
74.9353 2125 -43.6664 89 0 1 2 100000 5 10000 1.04483 363439 100000 ZonesAtSurface
124.823 2125 -18.5512 89 15 1 2 100000 5 10000 5.18041 45444.6 100000 ZonesAtSurface
174.688 2125.01 -43.6728 71 0 1 3 1.06124e+06 25.1334 66856.7 1.58322 2.75096e+06 1.06124e+06 ZonesAtSurface
224.61 2125.02 -18.6895 79 38 1 3 598789 40.1621 66464.9 1.91636 1.76982e+06 598789 ZonesAtSurface
274.553 2125 -43.7685 68 0 1 4 587481 22.1747 139945 1.29141 2.50454e+06 587481 ZonesAtSurface
324.499 2125 -18.761 63 6 1 4 647729 21.7981 121404 1.76028 1.51571e+06 647729 ZonesAtSurface
374.483 2125 -43.7941 44 0 1 5 592409 18.4503 108363 1.05366 3.52995e+06 592409 ZonesAtSurface
424.44 2124.99 -18.7912 43 22 1 5 1.40617e+06 30.753 133023 1.62214 3.37525e+06 1.40617e+06 ZonesAtSurface
474.402 2124.99 -43.8526 20 0 1 6 1.48014e+06 36.2376 67435.2 1.0289 8.94961e+06 1.48014e+06 ZonesAtSurface
524.354 2124.99 -18.8666 23 0 1 6 744213 33.1582 144615 1.02126 6.21755e+06 744213 ZonesAtSurface
574.356 2124.99 -43.9088 0 0 1 7 788539 35.353 79559.3 1.86866 9.37869e+06 788539 ZonesAtSurface
624.253 2124.99 31.091 7 0 1 6 100000 5 10000 0.945751 1.13285e+06 100000 ZonesAtSurface
674.141 2125 156.075 8 3 2 4 1.12821e+06 27.7124 97168.1 1.36512 2.87158e+06 1.12821e+06 ZonesAtSurface
724.151 2125 181.07 6 0 1 4 962962 29.3272 112156 1.43536 3.04846e+06 962962 ZonesAtSurface
774.158 2125 206.056 8 0 1 4 1.39869e+06 18.5469 96899.8 1.33535 3.22596e+06 1.39869e+06 ZonesAtSurface
824.165 2125 231.042 0 0 1 4 1.29237e+06 30.79 133997 1.92195 3.29071e+06 1.29237e+06 ZonesAtSurface
874.174 2125 256.032 0 0 1 4 1.16832e+06 38.5784 117951 2.44798 3.726e+06 1.16832e+06 ZonesAtSurface
924.182 2124.99 231.01 0 0 1 5 1.48142e+06 42.4303 80102.7 4.84227 3.64265e+06 1.48142e+06 ZonesAtSurface
974.195 2124.99 205.988 0 0 1 6 1.47402e+06 28.6935 65512 4.39273 2.81472e+06 1.47402e+06 ZonesAtSurface
1024.21 2124.97 330.985 10 10 1 4 1.02642e+06 39.8071 76194 1.80412 2.63817e+06 1.02642e+06 ZonesAtSurface
1074.22 2124.98 305.963 2 0 1 5 1.08558e+06 41.8257 140101 3.20433 3.0567e+06 1.08558e+06 ZonesAtSurface
1124.23 2124.99 280.941 0 0 1 6 1.49696e+06 38.3884 95897.4 3.24478 3.56842e+06 1.49696e+06 ZonesAtSurface
1174.27 2124.99 355.933 0 4 2 5 992175 39.7247 113616 1.98631 2.24116e+06 992175 ZonesAtSurface
1224.28 2124.99 330.915 0 0 1 6 804568 25.697 144194 1.4251 2.70522e+06 804568 ZonesAtSurface
1274.31 2124.99 355.906 0 2 2 6 1.06526e+06 26.0897 129450 1.41496 2.42363e+06 1.06526e+06 ZonesAtSurface
1324.34 2124.99 380.899 6 8 2 6 857403 26.3903 57482.9 1.26081 2.12797e+06 857403 ZonesAtSurface
1374.36 2124.99 355.88 8 0 1 7 677855 16.5329 86465.7 1.08262 1.97456e+06 677855 ZonesAtSurface
1424.38 2124.99 330.859 0 0 2 8 1.29651e+06 19.6933 87292.5 1.56433 3.54771e+06 1.29651e+06 ZonesAtSurface
1474.41 2124.99 355.852 0 0 1 8 1.45764e+06 29.3302 58889 1.64196 3.7454e+06 1.45764e+06 ZonesAtSurface
1524.44 2124.99 330.824 8 0 1 9 585811 16.3644 104254 1.03654 3.83831e+06 585811 ZonesAtSurface
1574.47 2124.99 355.804 3 0 1 9 857218 34.9781 145490 1.0408 4.69907e+06 857218 ZonesAtSurface
1624.52 2124.98 380.781 9 0 1 9 1.27112e+06 32.8542 131327 1.19152 4.5958e+06 1.27112e+06 ZonesAtSurface
1674.64 2124.98 355.815 5 0 1 10 100000 5 10000 0.996353 1.27591e+06 100000 ZonesAtSurface
1724.66 2124.99 430.751 2 0 2 9 527397 17.4887 137433 1.00435 2.46574e+06 527397 ZonesAtSurface
1774.77 2124.98 405.785 1 0 1 10 100000 5 10000 1.01645 1.33696e+06 100000 ZonesAtSurface
1824.79 2124.98 480.731 6 0 2 9 1.49774e+06 17.4899 147379 1.02163 4.32689e+06 1.49774e+06 ZonesAtSurface
1874.85 2124.97 555.718 3 10 2 8 845900 29.8962 130783 1.26615 2.14072e+06 845900 ZonesAtSurface
1924.93 2124.96 530.762 0 6 2 9 1.33231e+06 25.1162 113419 1.15702 3.51453e+06 1.33231e+06 ZonesAtSurface
1975.02 2124.96 555.813 8 8 2 9 650783 20.5713 123992 1.07098 1.64904e+06 650783 ZonesAtSurface
2025.08 2124.96 468.389 7 0 1 10 1.24609e+06 35.2234 129912 1.12616 6.02169e+06 1.24609e+06 ZonesAtSurface
2075.1 2124.96 368.423 1 0 1 10 1.25033e+06 27.8504 83918.8 1.08731 6.45523e+06 1.25033e+06 ZonesAtSurface
2125.13 2124.96 318.45 5 0 1 9 976807 26.0521 63055.5 1.02533 4.72124e+06 976807 ZonesAtSurface
2175.15 2124.97 268.471 1 0 2 8 665513 37.9268 131271 1.21332 4.12623e+06 665513 ZonesAtSurface
2225.17 2124.97 218.483 5 0 2 7 1.21229e+06 16.2641 126413 1.06235 3.03415e+06 1.21229e+06 ZonesAtSurface
2275.16 2124.98 118.49 2 0 1 7 100000 5 10000 1.44061 1.18811e+06 100000 ZonesAtSurface
2325.14 2124.97 18.4882 6 0 0 0 914249 31.922 91803.4 2.58549 9.81543e+06 914249 ZonesAtSurface
2375.13 2124.99 -131.521 0 0 0 0 1.32054e+06 32.3316 80457.6 6.14279 5.46335e+06 1.32054e+06 ZonesAtSurface
2425.11 2124.96 -181.53 10 0 0 0 829733 21.9539 94685.3 1.52143 9.71895e+06 829733 ZonesAtSurface
2475.1 2124.99 -281.514 0 0 0 0 1.13459e+06 15.7409 93188.5 2.74472 5.61058e+06 1.13459e+06 ZonesAtSurface
2525.07 2124.98 -261.511 0 0 0 0 879374 18.7333 112058 2.3576 6.84433e+06 879374 ZonesAtSurface
2575.03 2124.95 -221.507 0 0 0 0 1.35723e+06 43.1073 122490 5.52366 1.02238e+07 1.35723e+06 ZonesAtSurface
2624.98 2124.94 -181.503 0 0 0 0 983098 28.0189 69197.7 1.76915 1.13859e+07 983098 ZonesAtSurface
2674.94 2124.94 -141.511 0 0 0 0 530874 42.6374 109904 4.4335 9.26445e+06 530874 ZonesAtSurface
2724.92 2124.98 -151.51 10 0 0 0 100000 5 10000 1.07504 2.96915e+06 100000 ZonesAtSurface
2774.89 2124.92 -61.5402 9 0 0 0 778290 16.1451 121931 1.00933 9.90959e+06 778290 ZonesAtSurface
2824.88 2124.9 -21.5353 0 0 0 0 1.37224e+06 42.5556 59854.5 3.10882 1.31354e+07 1.37224e+06 ZonesAtSurface
2874.85 2124.9 18.4722 7 0 0 0 919767 15.1931 145727 1.03144 8.25993e+06 919767 ZonesAtSurface
2924.84 2124.91 58.4793 0 0 0 0 1.43233e+06 31.6517 81285.5 2.01794 9.64166e+06 1.43233e+06 ZonesAtSurface
2974.82 2124.95 48.4816 0 0 1 7 767789 20.9451 72256.3 1.66618 7.14549e+06 767789 ZonesAtSurface
3024.79 2124.95 88.4838 0 0 1 7 1.42916e+06 34.5429 78673.3 2.48771 7.53368e+06 1.42916e+06 ZonesAtSurface
3074.78 2124.95 128.476 8 0 1 7 100000 5 10000 0.948023 972133 100000 ZonesAtSurface
3124.77 2124.95 168.467 0 0 1 7 1.48987e+06 15.8052 76606.9 1.04074 4.6198e+06 1.48987e+06 ZonesAtSurface
3174.77 2124.95 208.456 3 0 1 7 959780 34.1234 107558 1.04817 5.53246e+06 959780 ZonesAtSurface
3224.77 2124.96 248.438 2 0 1 7 1.35402e+06 27.5911 79423.6 1.17665 6.08671e+06 1.35402e+06 ZonesAtSurface
3274.76 2124.97 338.421 7 0 1 6 827562 38.4043 80663 1.12289 4.56247e+06 827562 ZonesAtSurface
3324.79 2124.96 328.389 10 0 1 7 617328 24.9423 102543 1.02201 5.81717e+06 617328 ZonesAtSurface
3374.79 2124.97 418.354 4 0 1 6 1.45717e+06 32.2929 95864.4 1.04917 5.79052e+06 1.45717e+06 ZonesAtSurface
3424.82 2124.97 408.328 1 0 1 7 1.41437e+06 19.1514 117402 1.00854 5.50431e+06 1.41437e+06 ZonesAtSurface
3474.86 2124.97 398.308 0 0 1 8 1.07093e+06 40.323 143765 2.01339 6.52771e+06 1.07093e+06 ZonesAtSurface
3524.9 2124.97 388.296 0 0 1 9 793467 37.2285 79336.5 1.62281 7.30526e+06 793467 ZonesAtSurface
3574.93 2124.97 428.276 0 0 1 9 890672 28.6625 116233 1.04492 6.47486e+06 890672 ZonesAtSurface
3624.98 2124.97 418.271 0 0 1 10 716897 17.9783 119995 1.00443 5.16066e+06 716897 ZonesAtSurface
3675.01 2124.98 508.226 7 0 1 9 1.4309e+06 37.1905 59801.4 1.03515 6.36194e+06 1.4309e+06 ZonesAtSurface
3725.05 2124.98 598.151 7 0 1 8 1.38321e+06 40.3139 124074 1.04192 6.97383e+06 1.38321e+06 ZonesAtSurface
3775.09 2124.99 698.04 3 0 1 6 594903 21.7095 101044 1.04999 2.46116e+06 594903 ZonesAtSurface
3825.17 2125 708.013 1 0 1 5 503128 15.1396 144217 1.18274 2.2602e+06 503128 ZonesAtSurface
3875.16 2125 817.974 2 7 2 2 718575 27.3219 111243 1.93396 1.39256e+06 718575 ZonesAtSurface
3925.22 2124.99 778.029 1 0 2 2 693958 18.8844 96763.7 1.81373 1.24913e+06 693958 ZonesAtSurface
3975.24 2124.99 788.084 0 0 2 1 776914 17.3204 111200 2.39618 918336 776914 ZonesAtSurface
4025.32 2124.99 748.136 0 10 2 1 759507 39.419 110258 2.02865 1.58738e+06 759507 ZonesAtSurface
4075.46 2124.99 608.211 8 0 1 3 658399 24.2237 114884 1.0163 2.9353e+06 658399 ZonesAtSurface
4125.52 2124.99 468.315 3 0 1 5 992270 16.7538 122469 1.0109 4.47701e+06 992270 ZonesAtSurface
4175.56 2124.99 478.341 6 0 1 4 785039 15.5581 85130.3 1.02221 2.98992e+06 785039 ZonesAtSurface
4225.59 2124.99 488.377 6 0 2 3 1.34766e+06 24.3456 149176 1.23432 3.93459e+06 1.34766e+06 ZonesAtSurface
4275.61 2124.99 448.415 0 0 1 3 1.43785e+06 33.5912 55840.4 2.83268 3.22105e+06 1.43785e+06 ZonesAtSurface
4325.62 2125 458.445 0 0 1 2 1.08409e+06 29.9672 131479 2.86881 2.0125e+06 1.08409e+06 ZonesAtSurface
4375.63 2125 468.468 0 2 2 1 1.32369e+06 20.8534 134593 7.08459 630916 1.32369e+06 ZonesAtSurface
4425.63 2125 478.484 0 0 0 0 1.41901e+06 34.0383 69912 10 522164 1.41901e+06 ZonesAtSurface
4475.65 2124.99 438.503 0 0 0 0 1.49191e+06 18.0933 146580 4.24131 988808 1.49191e+06 ZonesAtSurface
4525.66 2124.99 398.524 0 10 0 0 1.0637e+06 19.7408 147583 2.78711 1.05793e+06 1.0637e+06 ZonesAtSurface
4575.64 2124.98 208.579 10 0 1 3 805363 21.4528 129995 1.02603 3.56351e+06 805363 ZonesAtSurface
4625.57 2124.98 118.61 8 0 1 4 997486 16.1442 72479.6 1.00653 3.91156e+06 997486 ZonesAtSurface
4675.53 2124.98 78.6255 10 0 1 4 1.3247e+06 35.6148 76479.2 1.11237 5.62459e+06 1.3247e+06 ZonesAtSurface
4725.38 2124.99 -11.3821 10 0 1 5 1.26702e+06 22.4326 128450 1.05764 1.08809e+07 1.26702e+06 ZonesAtSurface
4775.33 2124.99 -1.3555 17 0 1 4 1.4707e+06 32.2845 52748.8 1.04279 1.15599e+07 1.4707e+06 ZonesAtSurface
4825.25 2124.99 8.66697 27 0 1 3 1.15314e+06 41.1872 139517 1.24452 7.36991e+06 1.15314e+06 ZonesAtSurface
4875.16 2124.99 18.6871 33 0 1 2 1.04195e+06 32.4613 71574.9 1.06097 6.21621e+06 1.04195e+06 ZonesAtSurface
4925.08 2125 28.6894 21 0 1 1 1.2921e+06 38.7622 89769.3 1.03769 7.83942e+06 1.2921e+06 ZonesAtSurface
74.9615 2174.99 -42.6744 89 0 1 2 100000 5 10000 1.04741 346462 100000 ZonesAtSurface
124.878 2174.98 -17.543 79 0 1 2 100000 5 10000 2.42801 128710 100000 ZonesAtSurface
174.715 2175 -42.6611 75 0 1 3 100000 5 10000 1.52672 281439 100000 ZonesAtSurface
224.629 2175.01 -17.6901 79 0 1 3 100000 5 10000 2.36568 129597 100000 ZonesAtSurface
274.564 2175 -42.7687 45 0 1 4 823450 33.3134 89162.3 1.20387 3.85098e+06 823450 ZonesAtSurface
324.51 2175 -17.7577 36 36 1 4 1.20479e+06 30.6441 57080.7 3.17366 1.69468e+06 1.20479e+06 ZonesAtSurface
374.483 2175 -42.8031 49 0 1 5 1.24044e+06 20.6198 98008.6 1.14625 4.50455e+06 1.24044e+06 ZonesAtSurface
424.434 2175 -17.7987 42 16 1 5 1.33993e+06 25.0195 144683 1.70863 2.73818e+06 1.33993e+06 ZonesAtSurface
474.402 2174.99 -42.8598 27 0 1 6 1.23327e+06 16.696 141999 1.01563 5.89338e+06 1.23327e+06 ZonesAtSurface
524.343 2174.99 -17.8795 10 0 1 6 783942 20.7014 80861.5 1.03253 6.04931e+06 783942 ZonesAtSurface
574.293 2174.99 7.1035 3 0 1 6 705729 24.2898 52443.3 1.02217 5.66908e+06 705729 ZonesAtSurface
624.186 2174.99 82.0925 9 0 1 5 996546 33.2582 112368 1.19856 5.71199e+06 996546 ZonesAtSurface
674.175 2175 107.077 0 0 1 5 588607 33.0548 101609 1.12053 4.25038e+06 588607 ZonesAtSurface
724.158 2175 182.074 6 0 1 4 1.15818e+06 31.5387 59072.1 1.41414 3.46644e+06 1.15818e+06 ZonesAtSurface
774.155 2175 207.056 8 0 1 4 1.0308e+06 40.7858 125669 1.56776 4.31558e+06 1.0308e+06 ZonesAtSurface
824.155 2174.99 232.04 1 0 1 4 1.33168e+06 41.7578 83367.8 1.62589 4.57536e+06 1.33168e+06 ZonesAtSurface
874.17 2174.99 207.017 3 0 1 5 803184 20.4211 78000 1.40073 3.68211e+06 803184 ZonesAtSurface
924.175 2174.99 232.003 0 0 1 5 997835 42.689 105389 3.77964 3.95357e+06 997835 ZonesAtSurface
974.183 2174.98 306.988 4 0 1 4 1.46376e+06 27.2958 108327 1.71512 3.36634e+06 1.46376e+06 ZonesAtSurface
1024.2 2174.98 281.97 3 0 1 5 565069 24.2349 118503 1.06438 3.39408e+06 565069 ZonesAtSurface
1074.22 2174.99 306.954 0 0 1 5 1.21273e+06 39.6202 127736 2.5364 3.28294e+06 1.21273e+06 ZonesAtSurface
1124.24 2174.99 331.94 10 0 1 5 520465 23.2712 131713 1.05592 2.23757e+06 520465 ZonesAtSurface
1174.27 2174.99 356.931 4 6 1 5 1.24708e+06 18.7792 82329.2 1.42575 2.43256e+06 1.24708e+06 ZonesAtSurface
1224.29 2174.99 331.917 0 0 1 6 1.32795e+06 15.7762 77065.4 1.54139 2.66486e+06 1.32795e+06 ZonesAtSurface
1274.31 2175 356.911 0 3 2 6 1.4216e+06 44.2603 100607 2.60296 2.50686e+06 1.4216e+06 ZonesAtSurface
1324.34 2175 381.905 3 10 2 6 917401 26.9235 110942 1.44315 1.99173e+06 917401 ZonesAtSurface
1374.36 2175 356.891 0 2 1 7 1.14071e+06 35.2758 72118.9 1.24133 3.50716e+06 1.14071e+06 ZonesAtSurface
1424.39 2175 331.874 0 0 1 8 687353 33.519 84002.8 1.25621 3.8181e+06 687353 ZonesAtSurface
1474.42 2174.99 356.865 6 0 1 8 1.22549e+06 31.9308 109519 1.57342 3.38274e+06 1.22549e+06 ZonesAtSurface
1524.45 2174.99 331.839 0 0 1 9 1.04027e+06 40.4627 139276 1.69373 5.76756e+06 1.04027e+06 ZonesAtSurface
1574.52 2174.98 456.784 9 8 2 7 1.02859e+06 21.5109 50650.2 1.24593 2.4488e+06 1.02859e+06 ZonesAtSurface
1624.56 2174.98 331.816 4 0 1 10 1.32215e+06 28.3815 102989 1.11204 7.47396e+06 1.32215e+06 ZonesAtSurface
1674.62 2174.98 356.805 4 0 1 10 100000 5 10000 1.05697 1.1462e+06 100000 ZonesAtSurface
1724.67 2174.98 431.763 4 0 2 9 1.26596e+06 16.5915 102979 1.00221 3.49358e+06 1.26596e+06 ZonesAtSurface
1774.75 2174.98 406.78 2 0 1 10 855967 25.4809 92541.9 1.08575 5.52764e+06 855967 ZonesAtSurface
1824.79 2174.98 481.751 4 0 2 9 808540 24.9171 70663.9 1.00466 3.45814e+06 808540 ZonesAtSurface
1874.84 2174.97 506.751 10 0 2 9 1.35445e+06 28.2486 132423 1.00351 4.29164e+06 1.35445e+06 ZonesAtSurface
1924.93 2174.96 481.805 2 0 2 10 968142 15.1895 66446.1 1.04976 3.05914e+06 968142 ZonesAtSurface
1975 2174.96 506.838 5 5 2 10 1.3562e+06 34.391 92542.8 1.05475 4.87414e+06 1.3562e+06 ZonesAtSurface
2025.05 2174.96 469.377 7 0 1 10 100000 5 10000 1.11908 756378 100000 ZonesAtSurface
2075.08 2174.96 369.416 2 0 1 10 1.2515e+06 21.1107 79711.6 1.09816 5.90024e+06 1.2515e+06 ZonesAtSurface
2125.11 2174.97 319.444 0 0 1 9 726959 15.7128 93562.7 1.01145 3.67366e+06 726959 ZonesAtSurface
2175.13 2174.97 269.464 7 0 1 8 1.3148e+06 15.8784 109240 1.06478 4.37107e+06 1.3148e+06 ZonesAtSurface
2225.15 2174.97 219.477 6 0 1 7 1.46248e+06 18.9434 95733.1 1.05657 4.45807e+06 1.46248e+06 ZonesAtSurface
2275.15 2174.98 119.482 0 0 1 7 1.31645e+06 21.3563 144824 3.66576 3.52295e+06 1.31645e+06 ZonesAtSurface
2325.14 2174.97 69.4849 0 0 0 0 1.0666e+06 23.8301 140825 3.35354 4.44914e+06 1.0666e+06 ZonesAtSurface
2375.14 2174.97 -80.5127 9 0 0 0 753841 20.2324 113114 1.72301 6.38793e+06 753841 ZonesAtSurface
2425.13 2174.98 -180.51 8 0 0 0 534315 15.2919 76150.5 1.6189 6.33036e+06 534315 ZonesAtSurface
2475.1 2174.99 -280.503 0 0 0 0 796075 44.2014 70918.8 10 5.12238e+06 796075 ZonesAtSurface
2525.07 2174.98 -260.501 0 0 0 0 1.03866e+06 15.5924 115838 2.08012 6.862e+06 1.03866e+06 ZonesAtSurface
2575.02 2174.96 -220.496 0 0 0 0 1.3238e+06 29.5551 130001 3.30582 8.65078e+06 1.3238e+06 ZonesAtSurface
2624.98 2174.95 -180.495 0 0 0 0 1.29224e+06 36.2877 66576.5 3.55199 9.93516e+06 1.29224e+06 ZonesAtSurface
2674.93 2174.95 -140.504 8 0 0 0 100000 5 10000 1.00203 2.79683e+06 100000 ZonesAtSurface
2724.91 2174.94 -100.519 0 0 0 0 749583 26.3399 91807.5 2.05335 9.22136e+06 749583 ZonesAtSurface
2774.89 2174.93 -60.5307 0 0 0 0 1.22837e+06 40.1141 133888 3.56448 1.08988e+07 1.22837e+06 ZonesAtSurface
2824.87 2174.91 -20.5365 9 0 0 0 1.14297e+06 20.8747 149305 1.14085 1.02348e+07 1.14297e+06 ZonesAtSurface
2874.86 2174.91 19.4648 0 0 0 0 1.07022e+06 38.2861 55645.4 2.64017 1.04039e+07 1.07022e+06 ZonesAtSurface
2924.84 2174.91 59.4684 0 0 0 0 1.35536e+06 33.2161 133395 2.71431 8.30192e+06 1.35536e+06 ZonesAtSurface
2974.84 2174.91 99.4639 0 0 0 0 1.47949e+06 40.2914 73607.3 2.94981 1.04924e+07 1.47949e+06 ZonesAtSurface
3024.81 2174.97 39.4603 0 0 1 8 975418 17.2522 57999.5 4.31658 2.825e+06 975418 ZonesAtSurface
3074.8 2174.95 129.458 2 0 1 7 1.41583e+06 28.3382 134154 1.41928 6.11047e+06 1.41583e+06 ZonesAtSurface
3124.8 2174.95 169.455 3 0 1 7 917837 27.4528 114635 1.07414 5.18852e+06 917837 ZonesAtSurface
3174.79 2174.95 209.449 1 0 1 7 1.38804e+06 43.7817 145490 1.32824 6.52753e+06 1.38804e+06 ZonesAtSurface
3224.79 2174.96 249.434 5 0 1 7 886680 27.4786 63811.2 1.01329 5.05066e+06 886680 ZonesAtSurface
3274.79 2174.96 289.415 2 0 1 7 752114 33.3967 69721.9 1.06988 5.36349e+06 752114 ZonesAtSurface
3324.8 2174.96 329.39 2 0 1 7 1.11966e+06 26.96 94300.3 1.1663 6.03025e+06 1.11966e+06 ZonesAtSurface
3374.82 2174.96 369.36 6 0 1 7 1.3592e+06 24.3468 93801.1 1.16946 6.04851e+06 1.3592e+06 ZonesAtSurface
3424.84 2174.97 409.331 0 0 1 7 637264 38.1745 68998.2 1.48147 5.506e+06 637264 ZonesAtSurface
3474.87 2174.97 399.309 0 0 1 8 570824 38.3834 109122 1.53317 6.23034e+06 570824 ZonesAtSurface
3524.89 2174.96 489.285 4 0 1 7 666256 41.0059 117756 1.05874 3.36265e+06 666256 ZonesAtSurface
3574.94 2174.97 429.276 6 0 1 9 1.11551e+06 24.8335 78486.6 1.05098 6.26633e+06 1.11551e+06 ZonesAtSurface
3624.97 2174.97 469.255 10 0 1 9 784879 36.8929 139064 1.03878 5.33675e+06 784879 ZonesAtSurface
3675.03 2174.98 459.249 2 0 1 10 995087 21.4549 119750 1.00517 6.17303e+06 995087 ZonesAtSurface
3725.06 2174.98 599.148 3 0 1 8 912081 18.3564 113508 1.0632 4.00022e+06 912081 ZonesAtSurface
3775.1 2175 748.997 10 9 2 5 725592 34.3409 136994 2.89096 942695 725592 ZonesAtSurface
3825.18 2174.99 659.08 2 0 1 6 1.09907e+06 38.1307 121457 1.03802 4.83387e+06 1.09907e+06 ZonesAtSurface
3875.21 2175 768.988 0 8 1 3 1.22948e+06 23.0575 65694.3 1.45636 2.5511e+06 1.22948e+06 ZonesAtSurface
3925.17 2174.99 829.034 0 8 2 1 939204 44.0892 102336 7.34058 797437 939204 ZonesAtSurface
3975.24 2174.99 789.09 0 0 2 1 1.41335e+06 18.8234 50931 4.90236 874071 1.41335e+06 ZonesAtSurface
4025.32 2174.99 749.141 0 1 2 1 999662 29.9294 56028.9 2.30203 1.65241e+06 999662 ZonesAtSurface
4075.43 2174.99 659.2 8 0 2 2 1.14821e+06 19.8585 120146 1.11226 3.27476e+06 1.14821e+06 ZonesAtSurface
4125.52 2174.99 519.292 0 0 1 4 1.49618e+06 44.595 51764 1.89405 6.08018e+06 1.49618e+06 ZonesAtSurface
4175.56 2174.99 529.326 10 0 1 3 1.49404e+06 24.601 105303 1.16313 4.39821e+06 1.49404e+06 ZonesAtSurface
4225.59 2174.99 439.383 0 0 1 4 1.42349e+06 41.5412 123907 1.75287 5.90287e+06 1.42349e+06 ZonesAtSurface
4275.61 2174.99 449.415 0 0 2 3 1.26987e+06 30.3198 56868.2 1.66995 3.47463e+06 1.26987e+06 ZonesAtSurface
4325.62 2174.99 459.445 0 0 1 2 1.25213e+06 28.7258 143970 2.6363 2.27429e+06 1.25213e+06 ZonesAtSurface
4375.63 2174.99 469.469 0 6 2 1 1.26226e+06 24.9621 83099.8 6.99979 702624 1.26226e+06 ZonesAtSurface
4425.64 2174.99 429.489 0 0 2 1 609165 22.773 95089.9 2.4607 1.08836e+06 609165 ZonesAtSurface
4475.65 2174.99 439.507 0 0 0 0 1.39871e+06 40.5229 129698 8.08877 881678 1.39871e+06 ZonesAtSurface
4525.66 2174.99 399.527 0 0 0 0 968633 43.032 148921 6.06475 974658 968633 ZonesAtSurface
4575.68 2174.99 309.553 0 5 2 1 963248 43.7194 62425 1.70436 2.64248e+06 963248 ZonesAtSurface
4625.57 2174.99 119.608 0 0 1 4 1.1413e+06 32.3737 87607.4 1.07896 7.47899e+06 1.1413e+06 ZonesAtSurface
4675.46 2174.99 29.617 4 0 1 5 602222 35.5544 89458.9 1.27629 9.29692e+06 602222 ZonesAtSurface
4725.38 2174.99 -10.3845 0 0 1 5 812685 36.0923 50741 1.80191 1.14629e+07 812685 ZonesAtSurface
4775.34 2174.99 -0.361863 24 0 1 4 1.232e+06 20.4691 88861.1 1.04217 9.11457e+06 1.232e+06 ZonesAtSurface
4825.25 2175 9.6639 30 0 1 3 1.12466e+06 38.7409 50991.5 1.30022 7.17685e+06 1.12466e+06 ZonesAtSurface
4875.15 2175 19.6897 30 0 1 2 1.39321e+06 37.1597 148852 1.05867 8.02937e+06 1.39321e+06 ZonesAtSurface
4925.07 2175 29.6903 24 0 1 1 775775 31.5194 87993 1.05243 6.08092e+06 775775 ZonesAtSurface
74.9649 2224.98 -41.7222 88 11 1 2 1.2799e+06 32.5201 100498 1.19662 4.60768e+06 1.2799e+06 ZonesAtSurface
124.901 2224.98 -16.5893 67 23 1 2 573002 22.1874 95374.7 1.4271 1.26665e+06 573002 ZonesAtSurface
174.756 2224.98 -41.6579 78 0 1 3 100000 5 10000 1.68384 261694 100000 ZonesAtSurface
224.661 2224.98 -16.678 78 2 1 3 100000 5 10000 2.15102 139878 100000 ZonesAtSurface
274.576 2225 -41.7628 54 33 1 4 1.19914e+06 31.4808 73483.5 1.38076 3.38793e+06 1.19914e+06 ZonesAtSurface
324.521 2225 -16.7526 61 37 1 4 803129 24.5769 52661.8 2.60803 1.17621e+06 803129 ZonesAtSurface
374.482 2225 -41.8077 48 0 1 5 783352 25.8418 59367.6 1.13092 4.24228e+06 783352 ZonesAtSurface
424.426 2225 -16.8084 41 0 1 5 558656 32.375 132266 1.72005 2.31162e+06 558656 ZonesAtSurface
474.398 2224.99 -41.8671 22 0 1 6 1.4746e+06 19.889 130358 1.01894 7.55729e+06 1.4746e+06 ZonesAtSurface
524.333 2224.99 -16.8867 12 0 1 6 1.28725e+06 44.501 50054 1.02726 1.17676e+07 1.28725e+06 ZonesAtSurface
574.213 2224.99 58.0989 5 0 2 5 1.4411e+06 39.2242 65612 1.38475 5.9635e+06 1.4411e+06 ZonesAtSurface
624.247 2224.99 33.0816 2 0 1 6 979552 43.5505 135472 1.21279 8.67827e+06 979552 ZonesAtSurface
674.194 2225 108.084 9 0 1 5 1.2578e+06 31.5451 93426.2 1.06604 4.82124e+06 1.2578e+06 ZonesAtSurface
724.207 2224.99 83.0568 0 0 1 6 921411 42.7744 51582.8 2.80045 6.84594e+06 921411 ZonesAtSurface
774.163 2224.99 158.043 2 0 1 5 1.07919e+06 31.0404 59281.5 1.53799 5.65122e+06 1.07919e+06 ZonesAtSurface
824.133 2224.99 233.03 7 0 1 4 1.03709e+06 18.7797 91876.1 1.08585 3.93268e+06 1.03709e+06 ZonesAtSurface
874.137 2224.99 258.009 5 0 1 4 100000 5 10000 1.05512 640178 100000 ZonesAtSurface
924.149 2224.98 282.986 1 0 1 4 716842 39.9653 107147 1.20516 4.30931e+06 716842 ZonesAtSurface
974.166 2224.98 307.968 4 0 1 4 923867 29.7057 96383.3 1.20588 3.51202e+06 923867 ZonesAtSurface
1024.19 2224.99 332.952 5 0 1 4 599738 16.9872 93493.8 1.22007 1.99182e+06 599738 ZonesAtSurface
1074.21 2224.99 357.94 8 6 1 4 1.01078e+06 40.8986 137401 1.7289 2.81006e+06 1.01078e+06 ZonesAtSurface
1124.24 2224.99 332.936 0 1 2 5 978462 38.9066 54229 1.49345 2.99846e+06 978462 ZonesAtSurface
1174.27 2224.99 357.931 9 2 2 5 652010 18.4315 96616.1 1.17693 1.47565e+06 652010 ZonesAtSurface
1224.29 2225 332.921 0 0 2 6 857059 35.0855 149336 1.52187 2.74389e+06 857059 ZonesAtSurface
1274.31 2225 357.918 0 9 2 6 1.25857e+06 29.7756 106377 1.6199 2.5705e+06 1.25857e+06 ZonesAtSurface
1324.34 2225 332.905 4 0 2 7 1.02508e+06 21.1729 56251.2 1.01727 3.36963e+06 1.02508e+06 ZonesAtSurface
1374.37 2225 357.902 9 0 2 7 755303 20.8152 114605 1.10605 2.25654e+06 755303 ZonesAtSurface
1424.4 2225 332.889 0 0 1 8 1.44664e+06 32.3992 80832.2 1.35829 4.11521e+06 1.44664e+06 ZonesAtSurface
1474.43 2225 307.868 0 0 1 9 783530 41.0484 99476.3 2.04829 5.4811e+06 783530 ZonesAtSurface
1524.47 2225 432.811 5 4 2 7 822921 41.3394 98877 1.32759 2.7433e+06 822921 ZonesAtSurface
1574.52 2224.99 407.811 9 1 1 8 1.00023e+06 34.6978 91899.7 1.1643 3.38911e+06 1.00023e+06 ZonesAtSurface
1624.56 2224.99 382.798 2 0 1 9 719770 35.3673 62282 1.2345 4.50868e+06 719770 ZonesAtSurface
1674.61 2224.98 407.78 7 0 1 9 787723 22.6129 95858.5 1.10503 3.39785e+06 787723 ZonesAtSurface
1724.67 2224.98 432.774 6 0 1 9 763548 15.3334 115115 1.00916 2.58511e+06 763548 ZonesAtSurface
1774.74 2224.98 457.773 3 0 2 9 849550 23.383 93932.9 1.01574 3.18405e+06 849550 ZonesAtSurface
1824.79 2224.98 482.767 7 0 2 9 1.18609e+06 28.8671 105167 1.00351 4.09563e+06 1.18609e+06 ZonesAtSurface
1874.84 2224.97 507.766 3 0 2 9 973944 23.8281 99197.8 1.00383 3.01973e+06 973944 ZonesAtSurface
1924.9 2224.96 532.781 9 2 2 9 1.18173e+06 15.1026 105975 1.09443 2.7643e+06 1.18173e+06 ZonesAtSurface
1974.97 2224.96 507.822 1 0 2 10 888222 22.032 62967.4 0.99295 2.76036e+06 888222 ZonesAtSurface
2025.03 2224.97 470.362 2 0 1 10 1.15581e+06 22.5123 60579.5 1.02869 4.7676e+06 1.15581e+06 ZonesAtSurface
2075.06 2224.97 370.406 7 0 1 10 647687 18.7653 137812 1.05853 5.12507e+06 647687 ZonesAtSurface
2125.09 2224.97 320.436 0 0 1 9 985638 34.7519 114311 2.5344 4.70926e+06 985638 ZonesAtSurface
2175.12 2224.97 320.465 0 3 1 7 1.41619e+06 41.8929 147935 1.49415 4.2924e+06 1.41619e+06 ZonesAtSurface
2225.13 2224.97 220.47 2 0 1 7 836410 39.5479 58159.4 1.90612 4.73396e+06 836410 ZonesAtSurface
2275.14 2224.96 170.478 0 0 1 6 791969 35.0675 106196 4.81675 5.07629e+06 791969 ZonesAtSurface
2325.15 2224.96 70.4828 0 0 0 0 1.3087e+06 40.3503 73520.7 9.83455 4.23382e+06 1.3087e+06 ZonesAtSurface
2375.15 2224.97 -79.5083 0 0 0 0 765405 18.0409 115419 1.36352 7.8028e+06 765405 ZonesAtSurface
2425.14 2224.94 -129.499 0 0 0 0 1.48038e+06 40.299 123658 3.23697 9.98607e+06 1.48038e+06 ZonesAtSurface
2475.11 2224.97 -229.497 7 0 0 0 744644 17.6982 127256 2.48618 5.8302e+06 744644 ZonesAtSurface
2525.05 2224.94 -209.489 0 0 0 0 717802 42.8497 148758 5.554 9.17578e+06 717802 ZonesAtSurface
2574.99 2224.89 -169.486 4 0 0 0 1.2532e+06 39.9324 56688 2.67384 9.2791e+06 1.2532e+06 ZonesAtSurface
2624.97 2224.95 -179.488 3 0 0 0 100000 5 10000 0.988984 2.96788e+06 100000 ZonesAtSurface
2674.93 2224.94 -139.497 0 0 0 0 1.4091e+06 38.1108 97537.4 4.99565 8.49397e+06 1.4091e+06 ZonesAtSurface
2724.9 2224.94 -99.5077 0 0 0 0 809742 43.2556 127664 5.78722 8.58506e+06 809742 ZonesAtSurface
2774.88 2224.93 -59.5193 0 0 0 0 1.26379e+06 32.8355 105389 3.43411 8.64507e+06 1.26379e+06 ZonesAtSurface
2824.87 2224.92 -19.5306 6 0 0 0 628779 25.6531 147648 2.72989 7.30799e+06 628779 ZonesAtSurface
2874.85 2224.96 -29.5269 0 0 0 0 1.31254e+06 16.7463 114112 2.47948 5.11953e+06 1.31254e+06 ZonesAtSurface
2924.84 2224.92 60.463 4 0 0 0 543459 29.5364 52827.9 2.07378 8.06191e+06 543459 ZonesAtSurface
2974.82 2224.96 50.4574 0 0 0 0 1.01597e+06 33.02 125284 4.63657 5.16235e+06 1.01597e+06 ZonesAtSurface
3024.83 2224.9 140.432 3 0 0 0 643357 33.7685 121314 1.61432 1.15297e+07 643357 ZonesAtSurface
3074.82 2224.95 130.436 1 0 1 7 1.11321e+06 21.3486 78797.3 1.49442 7.66633e+06 1.11321e+06 ZonesAtSurface
3124.82 2224.94 170.437 0 0 1 7 1.30887e+06 38.5677 112181 2.91291 7.55997e+06 1.30887e+06 ZonesAtSurface
3174.81 2224.94 210.438 2 0 1 7 1.4622e+06 37.146 139084 1.89659 7.03884e+06 1.4622e+06 ZonesAtSurface
3224.81 2224.95 250.43 7 0 1 7 557431 25.8988 133850 1.01717 3.79207e+06 557431 ZonesAtSurface
3274.81 2224.96 290.412 5 0 1 7 1.07088e+06 29.9822 122865 1.0402 5.16907e+06 1.07088e+06 ZonesAtSurface
3324.81 2224.97 380.394 10 5 1 6 1.35187e+06 43.1256 114807 1.97057 3.89422e+06 1.35187e+06 ZonesAtSurface
3374.83 2224.97 370.361 0 0 1 7 1.45584e+06 29.1912 107824 1.34929 5.84398e+06 1.45584e+06 ZonesAtSurface
3424.85 2224.97 410.332 0 0 1 7 1.31208e+06 20.5815 107894 1.14851 4.97908e+06 1.31208e+06 ZonesAtSurface
3474.88 2224.97 450.305 3 0 1 7 857754 25.8951 129221 1.00653 4.14485e+06 857754 ZonesAtSurface
3524.91 2224.97 490.284 6 1 2 7 988984 26.7987 128194 1.09915 2.76631e+06 988984 ZonesAtSurface
3574.94 2224.96 530.26 7 0 1 7 981784 26.1015 128279 1.23421 2.92932e+06 981784 ZonesAtSurface
3625 2224.97 420.273 2 0 1 10 1.36875e+06 19.1272 67372.1 1.00597 6.91493e+06 1.36875e+06 ZonesAtSurface
3675 2224.97 610.162 6 2 2 7 751725 32.467 89106.5 1.18672 2.25334e+06 751725 ZonesAtSurface
3725.07 2224.98 600.15 0 0 2 8 954136 30.6746 100313 1.04469 3.78314e+06 954136 ZonesAtSurface
3775.13 2224.98 600.145 2 0 1 8 1.32714e+06 27.2226 119709 1.00432 6.27503e+06 1.32714e+06 ZonesAtSurface
3825.19 2225 710.028 0 6 1 5 1.1874e+06 22.8015 112911 1.32542 2.66362e+06 1.1874e+06 ZonesAtSurface
3875.21 2225 770 9 6 2 3 853071 18.8056 70096.7 1.478 1.62657e+06 853071 ZonesAtSurface
3925.23 2225 780.045 3 0 2 2 1.05056e+06 16.8346 140286 1.48441 1.96256e+06 1.05056e+06 ZonesAtSurface
3975.25 2224.99 790.098 0 0 2 1 1.02387e+06 15.3577 89485.5 3.35895 878144 1.02387e+06 ZonesAtSurface
4025.27 2224.99 800.145 0 10 0 0 748146 37.8959 74623.1 4.10274 721303 748146 ZonesAtSurface
4075.4 2224.99 710.197 0 0 2 1 959141 34.7933 76293.7 1.86708 2.27758e+06 959141 ZonesAtSurface
4125.5 2224.99 620.26 3 0 2 2 892407 26.6375 112896 1.0547 3.01203e+06 892407 ZonesAtSurface
4175.55 2224.99 580.308 0 9 2 2 1.39181e+06 39.8652 121905 1.60757 3.67871e+06 1.39181e+06 ZonesAtSurface
4225.59 2224.99 440.383 4 0 1 4 1.19766e+06 28.1382 52455.2 1.09441 5.45894e+06 1.19766e+06 ZonesAtSurface
4275.61 2225 450.416 0 0 2 3 870636 44.5704 136829 1.40689 3.48014e+06 870636 ZonesAtSurface
4325.62 2225 460.446 0 0 1 2 805401 43.4564 108623 2.93087 2.24526e+06 805401 ZonesAtSurface
4375.64 2225 420.471 0 0 2 2 1.26141e+06 40.7938 142045 4.28739 1.99464e+06 1.26141e+06 ZonesAtSurface
4425.64 2224.99 430.491 0 0 2 1 543607 33.7602 109297 2.63925 1.32121e+06 543607 ZonesAtSurface
4475.64 2224.99 440.51 4 0 0 0 609823 35.9707 92101.3 6.29935 476734 609823 ZonesAtSurface
4525.66 2224.99 400.53 0 0 0 0 905216 23.0545 101705 4.18563 774289 905216 ZonesAtSurface
4575.67 2224.99 310.554 0 2 2 1 962687 31.0064 59805.9 1.69946 2.30083e+06 962687 ZonesAtSurface
4625.68 2224.99 270.569 7 1 2 1 629330 44.3417 137758 1.20388 2.1842e+06 629330 ZonesAtSurface
4675.59 2224.99 130.616 9 0 1 3 669093 15.8257 124092 1.03544 2.16543e+06 669093 ZonesAtSurface
4725.38 2225 -9.38572 1 0 1 5 802794 15.717 50826.4 1.02115 7.85469e+06 802794 ZonesAtSurface
4775.34 2225 0.638374 23 0 1 4 907953 31.8576 98167 1.06442 1.19909e+07 907953 ZonesAtSurface
4825.25 2225 10.6659 32 0 1 3 1.24207e+06 39.1187 53849.9 1.25497 7.26092e+06 1.24207e+06 ZonesAtSurface
4875.15 2225 20.6965 34 0 1 2 1.19927e+06 28.0768 124631 1.08203 6.23323e+06 1.19927e+06 ZonesAtSurface
4925.07 2225 30.6973 38 0 1 1 798063 41.5484 142758 1.14603 6.59708e+06 798063 ZonesAtSurface
74.945 2274.99 -40.7505 88 0 1 2 1.03937e+06 28.8041 53880.3 1.11833 6.19763e+06 1.03937e+06 ZonesAtSurface
124.876 2274.99 -15.655 85 37 1 2 519302 35.194 70269.4 1.53022 1.32497e+06 519302 ZonesAtSurface
174.774 2274.98 -40.6862 79 0 1 3 885330 22.8122 138438 1.3394 3.20423e+06 885330 ZonesAtSurface
224.688 2274.97 -15.6722 79 14 1 3 614446 28.7404 104062 2.78553 1.03521e+06 614446 ZonesAtSurface
274.594 2274.99 -40.74 68 0 1 4 100000 5 10000 1.25743 534708 100000 ZonesAtSurface
324.527 2274.98 -15.7248 68 0 1 4 100000 5 10000 1.40462 202052 100000 ZonesAtSurface
374.472 2274.99 -40.8066 49 0 1 5 859471 38.2303 95847.6 1.12038 3.54505e+06 859471 ZonesAtSurface
424.405 2274.99 -15.8106 36 7 1 5 533174 31.0629 68005.5 1.49312 1.64632e+06 533174 ZonesAtSurface
474.389 2274.99 -40.8712 20 0 1 6 806490 39.8997 128090 1.04102 1.06289e+07 806490 ZonesAtSurface
524.233 2274.99 34.1118 6 0 2 5 601015 35.9567 82364.4 1.31759 4.1574e+06 601015 ZonesAtSurface
574.164 2274.99 109.095 10 0 2 4 100000 5 10000 0 280587 100000 ZonesAtSurface
624.249 2275 34.0795 0 0 1 6 1.1279e+06 42.2173 83542.9 2.10022 7.548e+06 1.1279e+06 ZonesAtSurface
674.231 2275 59.0701 2 0 1 6 1.03269e+06 26.9422 100693 1.31898 5.69828e+06 1.03269e+06 ZonesAtSurface
724.214 2274.99 84.0556 0 0 1 6 1.04303e+06 25.0571 140034 1.38788 6.96469e+06 1.04303e+06 ZonesAtSurface
774.156 2274.99 159.037 5 0 1 5 1.41085e+06 24.9556 68492.6 1.10085 5.93822e+06 1.41085e+06 ZonesAtSurface
824.107 2274.99 234.017 0 0 1 4 100000 5 10000 0.994208 624122 100000 ZonesAtSurface
874.111 2274.99 258.993 0 0 1 4 100000 5 10000 1.11806 692137 100000 ZonesAtSurface
924.11 2274.99 333.957 0 6 2 3 1.43096e+06 37.469 116234 1.92802 3.07525e+06 1.43096e+06 ZonesAtSurface
974.127 2274.99 358.94 10 4 2 3 1.10141e+06 26.6591 149110 1.54863 2.35461e+06 1.10141e+06 ZonesAtSurface
1024.16 2274.99 333.939 6 0 2 4 100000 5 10000 1.258 469762 100000 ZonesAtSurface
1074.19 2274.99 358.927 9 0 2 4 100000 5 10000 1.41588 373311 100000 ZonesAtSurface
1124.23 2274.99 333.932 10 0 1 5 686931 23.3972 115587 1.12732 3.00977e+06 686931 ZonesAtSurface
1174.26 2275 308.93 0 0 1 6 987951 29.3269 114592 2.06653 3.02806e+06 987951 ZonesAtSurface
1224.29 2275 333.929 0 0 2 6 1.16487e+06 28.7169 67844.6 1.75984 3.2119e+06 1.16487e+06 ZonesAtSurface
1274.31 2275 308.918 4 0 1 7 595102 26.1579 57685 1.0277 3.83598e+06 595102 ZonesAtSurface
1324.34 2275 283.908 4 0 1 8 503083 21.5042 51707.8 1.0307 4.13914e+06 503083 ZonesAtSurface
1374.37 2275 308.906 0 0 1 8 1.38521e+06 43.1069 109728 1.96897 4.12366e+06 1.38521e+06 ZonesAtSurface
1424.4 2275 333.903 10 2 1 8 946201 33.3819 135921 1.25255 2.61146e+06 946201 ZonesAtSurface
1474.43 2275 308.878 4 0 1 9 1.32249e+06 34.1605 74382.7 1.37708 5.7103e+06 1.32249e+06 ZonesAtSurface
1524.48 2274.99 283.861 0 0 1 10 890916 36.7411 76853.3 1.62926 7.58246e+06 890916 ZonesAtSurface
1574.52 2274.99 308.84 0 0 1 10 100000 5 10000 1.00567 1.32574e+06 100000 ZonesAtSurface
1624.57 2274.99 333.819 3 0 1 10 830805 41.1609 122902 1.02782 8.28937e+06 830805 ZonesAtSurface
1674.62 2274.99 408.791 2 0 2 9 639240 42.8126 93341.7 1.03388 4.45256e+06 639240 ZonesAtSurface
1724.67 2274.98 433.784 1 3 2 9 1.36485e+06 33.5505 109728 1.11817 4.43732e+06 1.36485e+06 ZonesAtSurface
1774.74 2274.98 408.794 0 0 1 10 1.24161e+06 22.713 128656 1.00605 5.40988e+06 1.24161e+06 ZonesAtSurface
1824.79 2274.98 483.78 3 3 2 9 1.35461e+06 43.5926 85068.4 1.08222 5.52317e+06 1.35461e+06 ZonesAtSurface
1874.84 2274.97 508.779 6 0 2 9 741706 27.2052 107719 1.03436 2.18697e+06 741706 ZonesAtSurface
1924.9 2274.97 533.786 0 2 1 9 1.48469e+06 33.5031 92391.1 1.23946 4.33132e+06 1.48469e+06 ZonesAtSurface
1974.96 2274.97 508.815 0 0 1 10 839634 37.9109 63538.5 1.02868 3.52839e+06 839634 ZonesAtSurface
2025.02 2274.97 521.332 9 0 1 9 100000 5 10000 0.92078 408514 100000 ZonesAtSurface
2075.05 2274.98 371.396 6 0 1 10 903040 17.9671 131459 1.06385 5.34652e+06 903040 ZonesAtSurface
2125.08 2274.98 371.434 5 4 1 8 1.41322e+06 42.45 82283.2 1.20623 5.41322e+06 1.41322e+06 ZonesAtSurface
2175.11 2274.98 321.461 6 4 2 7 1.2421e+06 26.0513 147002 1.23873 3.19631e+06 1.2421e+06 ZonesAtSurface
2225.12 2274.97 221.464 4 0 1 7 887708 28.0693 122160 3.10598 3.41525e+06 887708 ZonesAtSurface
2275.12 2274.95 171.471 0 0 0 0 919396 35.6902 144162 5.57391 3.73708e+06 919396 ZonesAtSurface
2325.14 2274.96 21.4739 7 0 0 0 825234 22.2626 100984 1.30324 9.74455e+06 825234 ZonesAtSurface
2375.14 2274.96 -78.5178 6 0 0 0 100000 5 10000 1.00119 2.49603e+06 100000 ZonesAtSurface
2425.13 2274.97 -178.508 0 0 0 0 514004 22.7146 86672.8 1.92934 8.48919e+06 514004 ZonesAtSurface
2475.1 2274.99 -278.501 0 0 0 0 1.04757e+06 44.7147 117492 10 6.01599e+06 1.04757e+06 ZonesAtSurface
2525.06 2274.97 -258.494 0 0 0 0 619781 27.1962 58054.3 3.04469 8.68534e+06 619781 ZonesAtSurface
2575.01 2274.95 -218.487 0 0 0 0 1.01731e+06 28.196 86585.1 2.66 9.50881e+06 1.01731e+06 ZonesAtSurface
2624.94 2274.87 -128.487 1 0 0 0 868914 36.3193 147997 1.69624 9.36293e+06 868914 ZonesAtSurface
2674.92 2274.87 -88.4976 8 0 0 0 502161 38.6574 110448 1.63818 8.24508e+06 502161 ZonesAtSurface
2724.91 2274.93 -98.4989 0 0 0 0 908841 34.9817 83733.1 3.38019 8.51155e+06 908841 ZonesAtSurface
2774.88 2274.93 -58.5076 0 0 0 0 1.16887e+06 43.5899 59322 5.80611 6.24736e+06 1.16887e+06 ZonesAtSurface
2824.87 2274.97 -68.5112 0 0 0 0 1.29759e+06 23.2779 104748 4.6381 4.3281e+06 1.29759e+06 ZonesAtSurface
2874.85 2274.96 -28.5215 0 0 0 0 1.4459e+06 40.2373 146168 10 4.26874e+06 1.4459e+06 ZonesAtSurface
2924.83 2274.97 11.468 0 0 0 0 1.06098e+06 16.8742 136081 2.11031 5.48978e+06 1.06098e+06 ZonesAtSurface
2974.83 2274.93 101.443 0 0 0 0 1.42436e+06 29.9985 79991.2 1.90593 8.07498e+06 1.42436e+06 ZonesAtSurface
3024.84 2274.91 141.422 4 0 0 0 1.13017e+06 24.4457 128475 1.13031 8.0775e+06 1.13017e+06 ZonesAtSurface
3074.85 2274.9 181.412 9 0 0 0 1.1564e+06 22.6891 56378.9 1.036 8.51673e+06 1.1564e+06 ZonesAtSurface
3124.83 2274.94 171.417 0 0 1 7 1.09815e+06 20.7018 64923.7 1.15695 6.8093e+06 1.09815e+06 ZonesAtSurface
3174.83 2274.94 211.421 2 0 1 7 1.335e+06 33.6417 51678.7 1.96666 6.86272e+06 1.335e+06 ZonesAtSurface
3224.83 2274.95 251.421 5 0 1 7 1.25689e+06 28.3743 143857 1.13354 6.06151e+06 1.25689e+06 ZonesAtSurface
3274.84 2274.96 241.396 0 0 1 8 816509 26.5708 112976 3.42447 3.58154e+06 816509 ZonesAtSurface
3324.83 2274.97 381.389 0 0 2 6 1.17235e+06 35.2221 114606 1.37097 4.01053e+06 1.17235e+06 ZonesAtSurface
3374.85 2274.97 371.361 2 0 1 7 1.49162e+06 31.7458 128675 1.47441 6.05116e+06 1.49162e+06 ZonesAtSurface
3424.86 2274.98 511.329 8 8 2 5 908600 30.8597 96011.4 0 1.51384e+06 908600 ZonesAtSurface
3474.89 2274.97 451.305 3 0 1 7 634831 34.8967 137351 1.02997 4.79035e+06 634831 ZonesAtSurface
3524.92 2274.97 441.285 6 0 1 8 611076 28.1823 61581 1.09292 5.25643e+06 611076 ZonesAtSurface
3574.95 2274.97 481.263 0 0 1 8 913353 40.118 53219.4 1.25875 5.57058e+06 913353 ZonesAtSurface
3624.98 2274.98 621.202 2 10 1 6 1.45585e+06 25.0257 76012.4 2.997 1.53979e+06 1.45585e+06 ZonesAtSurface
3675.05 2274.97 511.225 2 0 1 9 582931 26.2105 84510.1 1.0053 3.99659e+06 582931 ZonesAtSurface
3725.08 2274.98 601.155 6 0 1 8 887072 19.3338 58453.6 1.0271 3.5695e+06 887072 ZonesAtSurface
3775.14 2274.98 601.152 2 0 1 8 1.0659e+06 19.4846 114999 1.00628 4.87052e+06 1.0659e+06 ZonesAtSurface
3825.19 2275 711.039 7 0 1 5 778488 27.6633 75503.3 1.27316 2.4893e+06 778488 ZonesAtSurface
3875.27 2275 671.072 1 0 2 5 1.18575e+06 40.9127 110504 1.22011 5.12029e+06 1.18575e+06 ZonesAtSurface
3925.23 2275 781.052 2 3 2 2 668052 19.4387 74273.5 1.52375 1.3589e+06 668052 ZonesAtSurface
3975.25 2274.99 791.105 0 0 2 1 1.19265e+06 25.254 96548.5 4.61132 872590 1.19265e+06 ZonesAtSurface
4025.33 2274.99 751.155 0 0 2 1 1.40134e+06 44.4426 102936 5.34355 1.43602e+06 1.40134e+06 ZonesAtSurface
4075.4 2274.99 711.202 0 2 2 1 1.36879e+06 24.0313 87934.9 2.0072 2.25234e+06 1.36879e+06 ZonesAtSurface
4125.5 2274.99 621.261 0 4 1 2 1.44406e+06 34.9438 98016.7 1.68626 3.52464e+06 1.44406e+06 ZonesAtSurface
4175.56 2274.99 531.319 1 0 1 3 1.41726e+06 28.789 102126 1.29073 4.95725e+06 1.41726e+06 ZonesAtSurface
4225.6 2274.99 441.384 3 0 1 4 828751 32.4259 58590.1 1.18693 5.35635e+06 828751 ZonesAtSurface
4275.61 2274.99 401.424 6 0 1 4 1.06947e+06 15.5405 135967 1.05179 3.96122e+06 1.06947e+06 ZonesAtSurface
4325.62 2275 461.453 0 6 2 2 1.24635e+06 32.0473 95781.2 2.51779 2.15089e+06 1.24635e+06 ZonesAtSurface
4375.64 2275 421.475 0 0 2 2 680055 35.4194 115825 2.2162 1.86512e+06 680055 ZonesAtSurface
4425.64 2274.99 431.494 0 0 2 1 791485 33.1191 80944.2 4.70776 952006 791485 ZonesAtSurface
4475.64 2274.99 441.511 0 7 0 0 1.19429e+06 20.5348 113780 9.16127 425625 1.19429e+06 ZonesAtSurface
4525.66 2274.99 401.531 6 0 0 0 610971 27.4385 128845 4.10925 610274 610971 ZonesAtSurface
4575.67 2274.99 361.549 0 5 0 0 640957 31.2987 136108 3.31245 698045 640957 ZonesAtSurface
4625.68 2275 321.561 0 9 0 0 1.49678e+06 21.8704 142398 5.69204 779018 1.49678e+06 ZonesAtSurface
4675.53 2275 81.6174 2 0 1 4 1.06642e+06 39.9705 138772 1.12331 7.82521e+06 1.06642e+06 ZonesAtSurface
4725.39 2275 -8.38344 5 0 1 5 971726 17.4582 99071.5 1.04488 8.62505e+06 971726 ZonesAtSurface
4775.34 2275 1.64642 24 0 1 4 538833 15.6938 147609 1.05275 5.53496e+06 538833 ZonesAtSurface
4825.26 2275 11.6718 41 0 1 3 1.08137e+06 28.1807 87105.8 1.25607 5.10393e+06 1.08137e+06 ZonesAtSurface
4875.16 2275 21.7028 46 0 1 2 1.1001e+06 28.446 144799 1.12366 5.64802e+06 1.1001e+06 ZonesAtSurface
4925.07 2275 31.7085 36 0 1 1 978283 17.6576 82833.4 1.23532 3.56023e+06 978283 ZonesAtSurface
74.9339 2324.99 -39.762 76 0 1 2 1.32165e+06 44.3276 89998.1 1.33984 9.12904e+06 1.32165e+06 ZonesAtSurface
124.864 2324.99 -14.6882 82 51 1 2 1.25518e+06 25.1597 58857.7 1.55461 2.58547e+06 1.25518e+06 ZonesAtSurface
174.782 2324.99 -39.7097 79 0 1 3 597324 32.1135 112163 1.03259 4.59531e+06 597324 ZonesAtSurface
224.702 2324.98 -14.673 78 19 1 3 519056 44.1268 56446.8 2.15473 1.72954e+06 519056 ZonesAtSurface
274.612 2324.98 -39.7123 68 0 1 4 1.0358e+06 34.6732 104014 1.20832 4.8558e+06 1.0358e+06 ZonesAtSurface
324.502 2324.97 -14.706 60 22 1 4 1.38747e+06 21.3247 59346.1 2.40817 2.0921e+06 1.38747e+06 ZonesAtSurface
374.448 2324.99 -39.8142 57 0 1 5 100000 5 10000 1.11255 568925 100000 ZonesAtSurface
424.365 2324.98 -14.825 21 0 1 5 100000 5 10000 0.998836 456961 100000 ZonesAtSurface
474.375 2324.99 -39.8735 21 0 1 6 100000 5 10000 1.05566 1.31558e+06 100000 ZonesAtSurface
524.312 2324.99 -14.898 7 0 1 6 1.33554e+06 16.9752 127297 1.03475 5.6078e+06 1.33554e+06 ZonesAtSurface
574.212 2324.99 60.1002 10 0 1 5 100000 5 10000 2.61333 292408 100000 ZonesAtSurface
624.196 2324.99 85.0922 1 0 2 5 100000 5 10000 1.17618 266294 100000 ZonesAtSurface
674.186 2324.99 110.08 10 0 1 5 100000 5 10000 1.38208 518626 100000 ZonesAtSurface
724.209 2324.99 85.0527 6 0 1 6 837760 16.3541 79210.4 1.06288 5.05232e+06 837760 ZonesAtSurface
774.094 2324.98 210.032 10 0 1 4 950021 23.8654 55178.8 1.10832 3.00645e+06 950021 ZonesAtSurface
824.095 2324.99 235.008 2 0 1 4 100000 5 10000 1.03739 664783 100000 ZonesAtSurface
874.099 2324.99 309.978 0 1 2 3 1.11932e+06 43.3926 65919.9 1.76704 2.90681e+06 1.11932e+06 ZonesAtSurface
924.117 2324.99 334.962 8 2 2 3 665045 40.5137 51808 1.16874 2.36341e+06 665045 ZonesAtSurface
974.133 2324.99 359.948 0 5 2 3 1.11194e+06 38.1674 114734 1.87029 2.25823e+06 1.11194e+06 ZonesAtSurface
1024.15 2324.99 384.935 3 3 2 3 783980 37.8487 113160 1.2046 2.45776e+06 783980 ZonesAtSurface
1074.19 2324.99 309.937 4 0 1 5 100000 5 10000 1.19317 741342 100000 ZonesAtSurface
1124.21 2324.99 334.926 3 0 2 5 100000 5 10000 1.08128 662567 100000 ZonesAtSurface
1174.24 2324.99 359.921 10 0 2 5 100000 5 10000 1.10993 327130 100000 ZonesAtSurface
1224.28 2325 334.934 9 9 1 6 1.09623e+06 42.36 77126.5 2.29194 2.71102e+06 1.09623e+06 ZonesAtSurface
1274.31 2325 309.925 0 1 1 7 1.43358e+06 38.901 71786 1.97796 3.61921e+06 1.43358e+06 ZonesAtSurface
1324.34 2325 284.915 0 0 1 8 977305 29.4384 132311 1.59531 3.99667e+06 977305 ZonesAtSurface
1374.37 2325 309.917 5 0 1 8 868517 40.6177 87947.8 1.21107 3.85744e+06 868517 ZonesAtSurface
1424.41 2325 284.9 1 0 1 9 720885 22.4431 135476 1.13907 4.52346e+06 720885 ZonesAtSurface
1474.45 2324.99 259.886 0 0 1 10 937696 30.3942 81093 1.86791 6.66825e+06 937696 ZonesAtSurface
1524.49 2325 334.858 0 0 1 9 1.37726e+06 33.6062 88452.2 1.18306 4.23406e+06 1.37726e+06 ZonesAtSurface
1574.53 2324.99 309.84 0 0 1 10 794888 42.8045 92903.1 1.33463 7.88141e+06 794888 ZonesAtSurface
1624.58 2324.99 334.822 4 0 1 10 639172 31.9339 84632.8 1.00908 6.47647e+06 639172 ZonesAtSurface
1674.62 2324.99 459.794 9 0 2 8 617602 32.2334 113415 1.18214 2.47904e+06 617602 ZonesAtSurface
1724.68 2324.98 384.805 1 0 1 10 1.05157e+06 32.36 66209.1 1.0074 6.33904e+06 1.05157e+06 ZonesAtSurface
1774.74 2324.98 459.792 0 1 1 9 1.17183e+06 34.8506 75846.6 1.06797 4.05031e+06 1.17183e+06 ZonesAtSurface
1824.79 2324.98 484.79 8 0 1 9 724468 43.9645 117458 1.01284 3.9993e+06 724468 ZonesAtSurface
1874.84 2324.98 459.796 2 0 1 10 714125 29.1167 146102 1.00638 4.09489e+06 714125 ZonesAtSurface
1924.91 2324.97 534.787 5 0 2 9 100000 5 10000 1.05925 501292 100000 ZonesAtSurface
1974.97 2324.96 559.794 4 5 2 9 1.08427e+06 27.6736 71135.4 1.1062 3.20068e+06 1.08427e+06 ZonesAtSurface
2025.01 2324.97 472.336 2 0 1 10 100000 5 10000 1.01233 806473 100000 ZonesAtSurface
2075.04 2324.98 372.385 5 0 1 10 100000 5 10000 0.985444 1.37748e+06 100000 ZonesAtSurface
2125.08 2324.98 322.42 1 0 1 9 823803 18.3107 128926 1.17658 5.10669e+06 823803 ZonesAtSurface
2175.1 2324.97 322.454 5 0 2 7 1.3842e+06 35.7161 118218 1.37882 5.93697e+06 1.3842e+06 ZonesAtSurface
2225.11 2324.97 222.459 8 0 1 7 602121 23.2945 99377.5 1.46854 6.92243e+06 602121 ZonesAtSurface
2275.11 2324.95 172.464 8 0 0 0 1.08225e+06 22.5543 119743 2.80596 4.69811e+06 1.08225e+06 ZonesAtSurface
2325.12 2324.97 22.4669 10 0 0 0 1.48009e+06 17.9176 73452.3 1.33846 8.26308e+06 1.48009e+06 ZonesAtSurface
2375.11 2324.93 -27.5357 10 0 0 0 977862 34.8352 97180.3 1.15752 1.58914e+07 977862 ZonesAtSurface
2425.12 2324.97 -177.518 0 0 0 0 1.463e+06 26.5215 90473.8 3.27656 7.58699e+06 1.463e+06 ZonesAtSurface
2475.1 2324.96 -227.517 0 0 0 0 707505 44.0851 144788 6.38407 1.03181e+07 707505 ZonesAtSurface
2525.06 2324.97 -257.513 0 0 0 0 893768 35.1917 101452 4.63214 9.4527e+06 893768 ZonesAtSurface
2575.03 2324.97 -267.512 0 0 0 0 1.32666e+06 24.4057 95311.6 3.70599 7.24919e+06 1.32666e+06 ZonesAtSurface
2624.98 2324.91 -177.502 0 0 0 0 754169 43.3694 127104 3.57154 1.22672e+07 754169 ZonesAtSurface
2674.94 2324.91 -137.496 10 0 0 0 811644 21.9342 58706.3 1.28649 9.56272e+06 811644 ZonesAtSurface
2724.93 2324.95 -147.501 0 0 0 0 1.2671e+06 37.6892 111784 5.90829 7.67344e+06 1.2671e+06 ZonesAtSurface
2774.88 2324.94 -57.4975 0 0 0 0 1.25333e+06 22.3855 102913 2.58736 5.05711e+06 1.25333e+06 ZonesAtSurface
2824.86 2324.94 -17.5051 9 0 0 0 1.08237e+06 34.3434 143561 3.61807 3.67016e+06 1.08237e+06 ZonesAtSurface
2874.85 2324.97 -27.5166 0 0 0 0 1.07197e+06 25.8755 79475.5 4.12324 4.55622e+06 1.07197e+06 ZonesAtSurface
2924.83 2324.99 -37.5233 0 0 0 0 635596 20.9512 92674.7 6.71381 2.48328e+06 635596 ZonesAtSurface
2974.83 2324.93 102.439 0 0 0 0 1.36136e+06 38.9173 113329 3.36111 8.95457e+06 1.36136e+06 ZonesAtSurface
3024.84 2324.92 142.421 7 0 0 0 917771 24.8844 74473 1.21316 9.42034e+06 917771 ZonesAtSurface
3074.85 2324.92 182.408 3 0 0 0 844604 35.3464 143401 2.03201 8.16557e+06 844604 ZonesAtSurface
3124.84 2324.95 172.408 0 0 0 0 1.1167e+06 34.3752 149632 4.62524 5.49876e+06 1.1167e+06 ZonesAtSurface
3174.85 2324.94 212.407 0 0 1 7 1.08278e+06 39.7801 123776 4.10058 6.25593e+06 1.08278e+06 ZonesAtSurface
3224.85 2324.95 252.411 3 0 1 7 719113 33.9501 59972.4 2.00436 5.29413e+06 719113 ZonesAtSurface
3274.85 2324.96 292.403 4 0 1 7 969445 42.3277 102986 1.11841 5.4429e+06 969445 ZonesAtSurface
3324.85 2324.97 332.383 4 0 1 7 1.19583e+06 39.386 111356 1.54306 4.73281e+06 1.19583e+06 ZonesAtSurface
3374.87 2324.97 372.36 3 0 1 7 659231 28.3453 85688.5 1.05725 4.81797e+06 659231 ZonesAtSurface
3424.89 2324.97 362.332 0 0 1 8 1.1121e+06 40.1814 129521 3.36208 5.18335e+06 1.1121e+06 ZonesAtSurface
3474.91 2324.97 402.306 0 0 1 8 923072 30.7887 125071 1.57617 5.7748e+06 923072 ZonesAtSurface
3524.93 2324.97 492.28 4 0 2 7 769048 28.144 70933.7 1.02268 3.70204e+06 769048 ZonesAtSurface
3574.97 2324.97 482.258 5 0 1 8 627945 35.6923 126262 1.12678 6.09268e+06 627945 ZonesAtSurface
3625 2324.97 522.226 4 0 1 8 647879 17.0243 140309 1.0503 3.1491e+06 647879 ZonesAtSurface
3675.04 2324.98 562.191 7 0 1 8 1.03815e+06 34.1117 88031.4 1.03532 5.66099e+06 1.03815e+06 ZonesAtSurface
3725.08 2324.98 652.121 8 0 1 7 519832 20.5245 65992.3 1.03462 2.03225e+06 519832 ZonesAtSurface
3775.14 2324.99 702.069 10 1 2 6 888960 22.1666 94804.8 1.09764 2.42506e+06 888960 ZonesAtSurface
3825.21 2324.99 662.099 7 0 2 6 575784 30.684 108307 1.03725 3.13803e+06 575784 ZonesAtSurface
3875.28 2325 672.083 0 0 1 5 1.49096e+06 43.6684 120367 1.48591 5.12574e+06 1.49096e+06 ZonesAtSurface
3925.29 2325 732.074 6 0 2 3 584275 19.3002 97970.6 1.3706 1.72547e+06 584275 ZonesAtSurface
3975.31 2325 742.118 0 0 2 2 839726 40.0511 85519.4 2.93768 1.995e+06 839726 ZonesAtSurface
4025.33 2325 752.164 0 5 2 1 750367 22.4664 103760 2.10849 1.27043e+06 750367 ZonesAtSurface
4075.41 2325 712.209 0 4 2 1 885528 36.2688 75712.6 1.83837 1.92289e+06 885528 ZonesAtSurface
4125.5 2325 622.264 0 0 1 2 954137 29.1055 146527 1.25981 3.29143e+06 954137 ZonesAtSurface
4175.57 2324.99 532.322 6 0 1 3 649626 40.7722 128973 1.16284 3.98867e+06 649626 ZonesAtSurface
4225.6 2324.99 492.37 5 0 1 3 1.09187e+06 42.2044 78037 1.39826 5.19337e+06 1.09187e+06 ZonesAtSurface
4275.62 2324.99 402.424 0 0 1 4 1.27441e+06 32.2884 74103.6 1.40826 5.20645e+06 1.27441e+06 ZonesAtSurface
4325.63 2324.99 412.455 0 0 1 3 1.21231e+06 43.1656 103121 2.5323 3.3357e+06 1.21231e+06 ZonesAtSurface
4375.64 2325 422.48 0 0 2 2 1.08386e+06 23.3158 97872.7 1.87346 1.97746e+06 1.08386e+06 ZonesAtSurface
4425.65 2325 432.497 0 0 1 1 1.09622e+06 23.3102 68433.9 5.41704 766079 1.09622e+06 ZonesAtSurface
4475.65 2324.99 442.512 0 8 0 0 1.03152e+06 28.3682 129724 7.40975 535322 1.03152e+06 ZonesAtSurface
4525.66 2324.99 402.531 0 0 0 0 1.09361e+06 40.8381 75300.5 7.28891 759950 1.09361e+06 ZonesAtSurface
4575.67 2325 362.548 0 8 0 0 1.14578e+06 22.9694 54429.9 6.32678 580696 1.14578e+06 ZonesAtSurface
4625.67 2325 222.575 3 0 2 2 1.06144e+06 26.1631 142870 1.27959 2.79566e+06 1.06144e+06 ZonesAtSurface
4675.55 2325.01 82.6133 0 0 2 4 1.2562e+06 32.5541 50480.8 1.18017 5.6486e+06 1.2562e+06 ZonesAtSurface
4725.39 2325 -7.37633 25 0 1 5 774765 19.1029 65304.5 1.04907 8.69062e+06 774765 ZonesAtSurface
4775.33 2325.01 2.66387 28 0 1 4 618926 28.9822 130470 1.14045 6.68659e+06 618926 ZonesAtSurface
4825.25 2325 12.681 34 0 1 3 777138 43.2581 99532.6 1.13601 5.83539e+06 777138 ZonesAtSurface
4875.16 2325 22.7037 44 0 1 2 563833 34.742 146373 1.14688 5.75079e+06 563833 ZonesAtSurface
4925.08 2325 32.7161 32 0 1 1 833457 22.9376 90671.8 1.28603 3.48925e+06 833457 ZonesAtSurface
74.9332 2375 -38.7645 89 0 1 2 1.20102e+06 18.8072 79898.3 1.20714 4.88898e+06 1.20102e+06 ZonesAtSurface
124.86 2375 -13.6974 70 51 1 2 889456 22.4726 100081 1.85519 1.42978e+06 889456 ZonesAtSurface
174.778 2375 -38.7249 68 8 1 3 1.38184e+06 37.2317 76015.3 1.15654 4.98202e+06 1.38184e+06 ZonesAtSurface
224.69 2375 -13.6752 78 47 1 3 950094 24.171 76795.7 1.82062 1.82932e+06 950094 ZonesAtSurface
274.605 2374.99 -38.7037 68 0 1 4 840739 22.6068 70977.6 1.23302 4.16361e+06 840739 ZonesAtSurface
324.46 2374.98 -13.7164 68 0 1 4 100000 5 10000 1.39479 334509 100000 ZonesAtSurface
374.425 2374.99 -38.8196 19 0 1 5 100000 5 10000 1.05457 818288 100000 ZonesAtSurface
424.338 2374.99 -13.8393 14 0 1 5 724919 24.5818 64864.6 1.28468 3.14014e+06 724919 ZonesAtSurface
474.288 2374.98 11.1469 9 0 1 5 793532 32.4398 66393.1 1.25596 5.25306e+06 793532 ZonesAtSurface
524.252 2374.99 36.1247 1 0 1 5 1.11441e+06 20.2715 69355.8 1.65118 4.28458e+06 1.11441e+06 ZonesAtSurface
574.27 2374.99 11.0944 9 0 1 6 100000 5 10000 1.04847 1.14003e+06 100000 ZonesAtSurface
624.187 2374.99 86.0969 10 0 1 5 529455 20.8113 78055.8 1.26626 2.55155e+06 529455 ZonesAtSurface
674.216 2374.99 61.0662 5 0 1 6 100000 5 10000 1.04194 1.22179e+06 100000 ZonesAtSurface
724.109 2374.98 186.05 3 0 2 4 1.40206e+06 40.5202 135625 1.6739 5.81511e+06 1.40206e+06 ZonesAtSurface
774.099 2374.99 211.032 2 0 1 4 100000 5 10000 1.03001 723538 100000 ZonesAtSurface
824.108 2375 336.003 7 9 2 2 537386 40.9129 60872.5 1.25755 1.79282e+06 537386 ZonesAtSurface
874.112 2375 260.99 0 0 1 4 577039 41.9355 124779 2.62616 3.42188e+06 577039 ZonesAtSurface
924.128 2375 335.974 0 0 2 3 1.00275e+06 30.047 122689 1.54163 2.4492e+06 1.00275e+06 ZonesAtSurface
974.144 2375 360.962 0 2 2 3 1.47679e+06 35.8533 109535 2.54375 2.19983e+06 1.47679e+06 ZonesAtSurface
1024.16 2375 385.949 0 5 1 3 1.19278e+06 37.1699 56875.4 2.04755 2.3111e+06 1.19278e+06 ZonesAtSurface
1074.17 2375 360.936 0 6 2 4 1.28796e+06 41.1582 131898 2.44935 2.32077e+06 1.28796e+06 ZonesAtSurface
1124.2 2375 335.925 1 0 2 5 1.13911e+06 24.8254 62211.9 1.13547 3.58895e+06 1.13911e+06 ZonesAtSurface
1174.22 2375 360.919 9 5 1 5 1.35043e+06 19.614 67326.5 1.4205 2.72289e+06 1.35043e+06 ZonesAtSurface
1224.28 2375 285.927 3 0 1 7 655231 32.7338 110161 1.44523 4.23955e+06 655231 ZonesAtSurface
1274.31 2375 260.922 0 0 1 8 1.02179e+06 23.34 54854.8 1.75898 4.19219e+06 1.02179e+06 ZonesAtSurface
1324.34 2374.99 285.918 0 0 1 8 1.20949e+06 35.722 103902 2.57161 4.0015e+06 1.20949e+06 ZonesAtSurface
1374.38 2375 260.912 0 0 1 9 1.123e+06 31.3789 55944.6 2.74575 4.39913e+06 1.123e+06 ZonesAtSurface
1424.41 2374.99 285.902 8 0 1 9 100000 5 10000 1.0651 1.19843e+06 100000 ZonesAtSurface
1474.45 2375 260.89 0 0 1 10 100000 5 10000 1.47325 1.20625e+06 100000 ZonesAtSurface
1524.5 2375 285.864 2 0 1 10 100000 5 10000 1.06378 1.37518e+06 100000 ZonesAtSurface
1574.54 2374.99 310.843 0 0 1 10 1.43489e+06 36.9232 61975.9 1.78407 7.09077e+06 1.43489e+06 ZonesAtSurface
1624.58 2374.99 335.828 1 0 1 10 901525 26.324 59825.8 1.00692 6.31611e+06 901525 ZonesAtSurface
1674.63 2374.99 360.816 2 0 1 10 1.40047e+06 24.6118 70143 1.00223 6.3474e+06 1.40047e+06 ZonesAtSurface
1724.68 2374.98 385.81 1 0 1 10 1.18011e+06 31.331 132052 1.00587 6.88875e+06 1.18011e+06 ZonesAtSurface
1774.73 2374.98 510.775 9 0 1 8 530646 20.5331 97078.6 1.3101 1.68587e+06 530646 ZonesAtSurface
1824.8 2374.98 485.794 0 0 1 9 623546 32.8156 72063.1 1.03937 2.79604e+06 623546 ZonesAtSurface
1874.86 2374.98 510.787 0 0 2 9 100000 5 10000 1.06971 514665 100000 ZonesAtSurface
1924.92 2374.97 535.787 1 1 2 9 677480 42.3114 51223.2 1.09319 2.76589e+06 677480 ZonesAtSurface
1974.97 2374.97 560.798 6 10 1 9 1.24273e+06 35.2404 71449.2 1.14419 4.06076e+06 1.24273e+06 ZonesAtSurface
2025 2374.97 473.327 2 0 1 10 1.3461e+06 44.3863 110885 1.52698 7.32721e+06 1.3461e+06 ZonesAtSurface
2075.04 2374.98 373.373 2 0 1 10 1.05542e+06 20.5226 118247 1.19777 6.52041e+06 1.05542e+06 ZonesAtSurface
2125.07 2374.97 423.409 6 2 1 7 589414 26.4352 81856.2 1.24338 1.52753e+06 589414 ZonesAtSurface
2175.09 2374.98 273.437 0 0 1 8 793573 23.7006 136202 2.41411 5.04622e+06 793573 ZonesAtSurface
2225.09 2374.92 273.461 10 0 1 6 969089 40.689 84334 1.61805 1.39412e+07 969089 ZonesAtSurface
2275.12 2374.96 123.454 5 0 0 0 1.16807e+06 15.582 117596 1.38978 6.7726e+06 1.16807e+06 ZonesAtSurface
2325.12 2374.95 73.4629 0 0 0 0 1.0258e+06 41.0852 105239 3.87251 8.27452e+06 1.0258e+06 ZonesAtSurface
2375.11 2374.95 -26.5304 10 0 0 0 1.27147e+06 31.935 100153 1.09033 1.40636e+07 1.27147e+06 ZonesAtSurface
2425.11 2374.94 -126.529 0 0 0 0 931651 38.8953 78069.5 1.71158 1.56859e+07 931651 ZonesAtSurface
2475.09 2374.97 -226.526 7 0 0 0 100000 5 10000 1.70814 2.00007e+06 100000 ZonesAtSurface
2525.07 2374.99 -306.52 0 0 0 0 1.17082e+06 28.1851 116869 5.37167 6.64586e+06 1.17082e+06 ZonesAtSurface
2575.03 2374.91 -216.537 0 0 0 0 1.22198e+06 38.7061 100163 4.52752 1.11237e+07 1.22198e+06 ZonesAtSurface
2625 2374.89 -176.522 3 0 0 0 509953 29.6173 58676.7 1.97164 1.22829e+07 509953 ZonesAtSurface
2674.96 2374.89 -136.507 0 0 0 0 872492 44.0765 117914 4.23092 1.115e+07 872492 ZonesAtSurface
2724.93 2374.91 -96.5025 0 0 0 0 541150 37.2985 54344.5 3.28168 9.76332e+06 541150 ZonesAtSurface
2774.9 2374.93 -56.5039 0 0 0 0 678181 41.1105 136068 4.80138 9.59109e+06 678181 ZonesAtSurface
2824.87 2374.94 -16.5107 0 0 0 0 593485 32.4307 111178 2.4914 8.56172e+06 593485 ZonesAtSurface
2874.85 2374.97 -26.5177 0 0 0 0 753205 42.2733 126256 7.93305 5.41503e+06 753205 ZonesAtSurface
2924.84 2374.95 63.4555 4 0 0 0 1.14483e+06 18.6193 125054 1.40067 7.05045e+06 1.14483e+06 ZonesAtSurface
2974.84 2374.94 103.441 0 0 0 0 743338 36.7109 82815.6 3.57649 6.77445e+06 743338 ZonesAtSurface
3024.84 2374.93 143.429 4 0 0 0 1.32857e+06 24.3666 128084 2.11457 6.74237e+06 1.32857e+06 ZonesAtSurface
3074.84 2374.92 183.417 5 0 0 0 1.05676e+06 29.2606 108665 2.29784 7.03815e+06 1.05676e+06 ZonesAtSurface
3124.86 2374.91 223.405 6 0 0 0 1.42223e+06 28.0522 132925 2.35583 6.0247e+06 1.42223e+06 ZonesAtSurface
3174.88 2374.91 263.396 3 0 0 0 1.06539e+06 37.6244 112017 3.3773 8.79132e+06 1.06539e+06 ZonesAtSurface
3224.86 2374.95 253.402 0 0 1 7 1.38299e+06 41.9371 135288 4.9891 6.01226e+06 1.38299e+06 ZonesAtSurface
3274.86 2374.96 293.399 10 0 1 7 1.26137e+06 23.9899 110049 1.39405 5.02091e+06 1.26137e+06 ZonesAtSurface
3324.86 2374.97 333.383 5 0 1 7 635008 41.9706 96076.7 1.26614 4.07402e+06 635008 ZonesAtSurface
3374.88 2374.97 373.358 0 0 1 7 1.01317e+06 31.9577 95468.4 2.04319 4.4613e+06 1.01317e+06 ZonesAtSurface
3424.87 2374.97 513.305 6 7 1 5 1.37488e+06 30.7008 132149 1.1575 4.09478e+06 1.37488e+06 ZonesAtSurface
3474.9 2374.96 553.277 5 6 1 5 735076 39.8223 118537 1.27279 2.32944e+06 735076 ZonesAtSurface
3524.94 2374.97 493.273 7 0 1 7 1.31326e+06 21.4624 111810 1.02215 4.62685e+06 1.31326e+06 ZonesAtSurface
3574.98 2374.98 483.256 0 0 1 8 1.27056e+06 35.6559 104536 1.34584 6.60294e+06 1.27056e+06 ZonesAtSurface
3625 2374.97 623.178 1 1 2 6 1.19162e+06 38.0916 83304.2 1.17665 4.5902e+06 1.19162e+06 ZonesAtSurface
3675.06 2374.98 563.191 2 0 1 8 879111 42.7382 56406.6 1.07246 6.49724e+06 879111 ZonesAtSurface
3725.1 2374.99 653.126 0 0 1 7 1.44521e+06 41.8794 126567 1.10705 5.44075e+06 1.44521e+06 ZonesAtSurface
3775.16 2374.99 653.114 8 0 1 7 1.35802e+06 26.6559 115455 1.04964 4.04999e+06 1.35802e+06 ZonesAtSurface
3825.22 2374.99 663.107 9 0 1 6 806222 23.8475 87071.9 1.05693 2.95726e+06 806222 ZonesAtSurface
3875.29 2374.99 623.136 7 0 1 6 627095 20.1593 114138 1.02216 3.14145e+06 627095 ZonesAtSurface
3925.33 2375.01 683.105 5 0 2 4 1.06512e+06 32.7273 134517 1.14116 3.50181e+06 1.06512e+06 ZonesAtSurface
3975.35 2375.01 693.136 0 0 2 3 669978 26.5544 92089.7 1.59843 2.26473e+06 669978 ZonesAtSurface
4025.38 2375 703.177 0 1 2 2 818883 31.6926 89751.8 1.55524 2.15692e+06 818883 ZonesAtSurface
4075.44 2375 663.223 5 0 2 2 550503 33.2681 133105 1.29393 2.29005e+06 550503 ZonesAtSurface
4125.53 2375 573.279 10 0 1 3 948824 16.1571 105336 1.02101 3.03231e+06 948824 ZonesAtSurface
4175.57 2375 533.325 0 0 1 3 1.43916e+06 40.1148 111291 1.92161 4.2987e+06 1.43916e+06 ZonesAtSurface
4225.6 2374.99 493.371 5 0 2 3 721862 15.2161 72726.4 1.04148 2.49473e+06 721862 ZonesAtSurface
4275.62 2374.99 403.424 3 0 1 4 773805 22.6261 118601 1.03636 4.3848e+06 773805 ZonesAtSurface
4325.64 2374.99 413.453 0 0 1 3 1.21686e+06 26.9313 91500.9 1.46046 3.89009e+06 1.21686e+06 ZonesAtSurface
4375.64 2374.99 423.48 8 0 1 2 1.24427e+06 15.4737 91411.4 1.78019 2.15802e+06 1.24427e+06 ZonesAtSurface
4425.65 2375 433.5 0 9 2 1 1.47955e+06 41.7414 54659.7 9.58686 771998 1.47955e+06 ZonesAtSurface
4475.65 2374.99 443.513 9 6 0 0 717441 27.8488 95188.5 3.55862 713499 717441 ZonesAtSurface
4525.67 2375 353.534 0 0 2 1 1.46679e+06 30.6216 141573 3.70967 1.71842e+06 1.46679e+06 ZonesAtSurface
4575.69 2375 313.549 0 0 2 1 1.13419e+06 28.0461 111366 2.48883 1.71788e+06 1.13419e+06 ZonesAtSurface
4625.68 2375.01 223.572 9 9 2 2 610797 16.759 117605 2.87513 600547 610797 ZonesAtSurface
4675.42 2375 -16.3935 7 0 1 6 1.10661e+06 18.5419 142466 1.05207 9.70326e+06 1.10661e+06 ZonesAtSurface
4725.39 2375 -6.36532 15 0 1 5 1.12196e+06 37.6183 121570 1.10621 1.29674e+07 1.12196e+06 ZonesAtSurface
4775.31 2375 3.67802 34 0 1 4 834661 28.6778 66492 1.13196 4.39195e+06 834661 ZonesAtSurface
4825.25 2375 13.6898 40 0 1 3 1.23874e+06 27.0397 90979.7 1.11675 5.24246e+06 1.23874e+06 ZonesAtSurface
4875.16 2375 23.7055 48 0 1 2 1.04763e+06 40.3391 72921.4 1.19712 6.38755e+06 1.04763e+06 ZonesAtSurface
4925.08 2375 33.7234 50 0 1 1 971285 20.2516 51005.7 1.40852 3.01745e+06 971285 ZonesAtSurface
74.941 2425 -37.7664 74 0 1 2 661470 42.7668 124873 1.47817 5.80514e+06 661470 ZonesAtSurface
124.862 2425 -12.6893 74 34 1 2 635137 34.7823 121911 1.5634 1.63287e+06 635137 ZonesAtSurface
174.764 2425 -37.7223 79 0 1 3 781036 20.2582 117939 1.44984 2.14696e+06 781036 ZonesAtSurface
224.653 2425 -12.654 79 3 1 3 100000 5 10000 1.58776 150751 100000 ZonesAtSurface
274.572 2425 -37.7024 64 0 1 4 100000 5 10000 1.21677 521476 100000 ZonesAtSurface
324.436 2425 -12.7251 56 14 1 4 706400 36.8973 94128.8 1.94374 1.8586e+06 706400 ZonesAtSurface
374.415 2425 -37.8107 49 0 1 5 989553 33.5663 136414 1.03511 7.23424e+06 989553 ZonesAtSurface
424.348 2425 -12.8319 14 0 1 5 659766 28.501 82729.3 1.02503 6.05314e+06 659766 ZonesAtSurface
474.31 2425 12.1489 6 0 1 5 572741 43.4009 88076.1 1.77759 6.55979e+06 572741 ZonesAtSurface
524.308 2424.99 -12.8806 2 0 1 6 1.28819e+06 34.9888 71335.4 1.32691 1.00845e+07 1.28819e+06 ZonesAtSurface
574.222 2425 62.1187 4 0 1 5 1.30185e+06 39.8036 119784 1.60145 6.58946e+06 1.30185e+06 ZonesAtSurface
624.235 2424.99 37.0877 3 0 1 6 702026 29.5877 65880.8 1.03017 6.93918e+06 702026 ZonesAtSurface
674.159 2424.99 112.073 3 0 1 5 1.16042e+06 18.8538 135559 1.05271 5.18575e+06 1.16042e+06 ZonesAtSurface
724.079 2425 237.041 10 10 2 3 828682 39.5069 90912.3 1.72815 2.28041e+06 828682 ZonesAtSurface
774.094 2425 262.027 1 0 2 3 786178 20.4687 102175 1.16951 2.51708e+06 786178 ZonesAtSurface
824.109 2425 287.013 0 0 2 3 1.43488e+06 19.7635 83347.2 2.03245 2.26519e+06 1.43488e+06 ZonesAtSurface
874.123 2425 312 0 0 2 3 1.16403e+06 42.4694 50143.2 3.53279 2.07166e+06 1.16403e+06 ZonesAtSurface
924.138 2425 336.988 0 0 2 3 724941 38.4339 93345.7 1.7773 2.11926e+06 724941 ZonesAtSurface
974.153 2425 361.977 9 0 2 3 586265 42.4357 114884 1.21334 2.06253e+06 586265 ZonesAtSurface
1024.17 2425 386.963 0 9 2 3 1.29359e+06 40.7907 102537 2.58121 2.15181e+06 1.29359e+06 ZonesAtSurface
1074.18 2425 311.945 0 0 1 5 676103 34.8066 139745 1.86766 3.3956e+06 676103 ZonesAtSurface
1124.2 2425.01 386.932 9 7 1 4 1.30092e+06 36.6753 148932 1.75426 2.93621e+06 1.30092e+06 ZonesAtSurface
1174.22 2425 361.923 5 0 1 5 881171 38.3457 102566 1.20699 3.03582e+06 881171 ZonesAtSurface
1224.26 2425 286.923 5 0 1 7 100000 5 10000 1.07316 939332 100000 ZonesAtSurface
1274.31 2425 261.92 2 0 1 8 619572 31.3802 57663 1.41901 5.68734e+06 619572 ZonesAtSurface
1324.31 2424.99 336.906 6 0 2 7 100000 5 10000 1.16388 459308 100000 ZonesAtSurface
1374.36 2424.99 311.903 6 0 1 8 100000 5 10000 1.13298 682210 100000 ZonesAtSurface
1424.38 2424.97 386.864 9 5 2 7 100000 5 10000 0 244186 100000 ZonesAtSurface
1474.45 2424.99 311.878 1 0 1 9 983391 16.9145 81777.7 1.09696 3.59729e+06 983391 ZonesAtSurface
1524.5 2424.99 336.863 6 0 1 9 1.29367e+06 44.2215 53246.9 1.22947 5.5042e+06 1.29367e+06 ZonesAtSurface
1574.48 2424.98 461.788 6 3 2 7 100000 5 10000 0 871533 100000 ZonesAtSurface
1624.58 2424.99 386.833 3 0 1 9 978618 35.1358 136205 1.04967 4.47943e+06 978618 ZonesAtSurface
1674.63 2424.99 411.815 2 0 1 9 838091 18.5795 147805 1.13941 2.90038e+06 838091 ZonesAtSurface
1724.68 2424.98 436.803 1 0 1 9 1.32576e+06 32.6493 122853 1.03647 4.43713e+06 1.32576e+06 ZonesAtSurface
1774.74 2424.98 411.811 0 0 1 10 1.11076e+06 39.533 60349.1 1.00789 6.32349e+06 1.11076e+06 ZonesAtSurface
1824.79 2424.98 436.805 0 0 1 10 1.29716e+06 41.7965 107438 1.12407 7.17052e+06 1.29716e+06 ZonesAtSurface
1874.87 2424.98 511.787 7 6 1 9 1.48723e+06 30.9418 76135.3 1.21642 4.26139e+06 1.48723e+06 ZonesAtSurface
1924.92 2424.98 536.789 2 7 2 9 1.24302e+06 39.897 114713 1.25272 4.01284e+06 1.24302e+06 ZonesAtSurface
1974.96 2424.98 561.801 5 9 2 9 1.44488e+06 18.8965 115767 1.15762 3.4029e+06 1.44488e+06 ZonesAtSurface
2025 2424.98 474.324 0 0 1 10 712748 25.3444 130120 1.0269 5.33581e+06 712748 ZonesAtSurface
2075.03 2424.98 474.361 8 1 1 8 1.36276e+06 33.8109 132010 1.06226 4.63933e+06 1.36276e+06 ZonesAtSurface
2125.06 2424.98 424.403 7 5 2 7 1.13159e+06 24.7777 52199 1.20786 3.05618e+06 1.13159e+06 ZonesAtSurface
2175.08 2424.98 274.426 0 0 1 8 1.2909e+06 20.553 67165.5 2.31209 5.18279e+06 1.2909e+06 ZonesAtSurface
2225.1 2424.98 174.438 0 0 0 0 846874 44.8717 146047 7.82197 5.45524e+06 846874 ZonesAtSurface
2275.13 2424.99 74.454 0 0 0 0 1.1907e+06 31.185 107510 10 2.29094e+06 1.1907e+06 ZonesAtSurface
2325.13 2424.95 74.4623 6 0 0 0 1.16483e+06 41.362 56360 4.72774 5.96674e+06 1.16483e+06 ZonesAtSurface
2375.12 2424.95 -25.5203 5 0 0 0 685674 38.8357 101966 1.87815 1.34722e+07 685674 ZonesAtSurface
2425.11 2424.93 -125.525 0 0 0 0 743065 31.6579 57785.6 1.96959 1.48596e+07 743065 ZonesAtSurface
2475.09 2424.91 -175.536 10 0 0 0 544477 34.25 81981.9 2.72893 1.02416e+07 544477 ZonesAtSurface
2525.07 2424.89 -205.557 7 0 0 0 1.43475e+06 41.2109 101531 3.33004 1.54003e+07 1.43475e+06 ZonesAtSurface
2575.04 2424.91 -215.55 3 0 0 0 976417 29.3075 120939 1.7007 1.49255e+07 976417 ZonesAtSurface
2625.01 2424.88 -175.536 9 0 0 0 613964 18.4034 139851 1.36642 1.06079e+07 613964 ZonesAtSurface
2674.97 2424.87 -135.516 0 0 0 0 768263 38.2655 88644.2 2.87362 1.22845e+07 768263 ZonesAtSurface
2724.94 2424.89 -95.5114 0 0 0 0 1.3091e+06 42.8996 71773.4 4.8993 1.02714e+07 1.3091e+06 ZonesAtSurface
2774.91 2424.92 -55.5175 5 0 0 0 992842 24.5187 103622 1.86733 9.24141e+06 992842 ZonesAtSurface
2824.88 2424.97 -65.5143 0 0 0 0 1.16839e+06 31.0121 120464 4.28928 6.50777e+06 1.16839e+06 ZonesAtSurface
2874.86 2424.96 24.4656 0 0 0 0 805971 36.9442 145683 3.81104 7.94657e+06 805971 ZonesAtSurface
2924.85 2424.96 64.4574 0 0 0 0 1.35872e+06 29.6112 95693.7 4.15414 5.88958e+06 1.35872e+06 ZonesAtSurface
2974.83 2424.95 104.449 6 0 0 0 712444 18.2978 132706 2.47446 4.2063e+06 712444 ZonesAtSurface
3024.83 2424.93 144.44 10 0 0 0 764677 26.6929 133124 2.23445 5.44797e+06 764677 ZonesAtSurface
3074.83 2424.97 134.434 0 0 0 0 1.05104e+06 23.2936 127601 3.65261 4.40837e+06 1.05104e+06 ZonesAtSurface
3124.83 2424.96 174.421 0 0 0 0 877369 24.6166 88592.8 3.9824 4.15836e+06 877369 ZonesAtSurface
3174.85 2424.96 214.406 0 0 0 0 1.33283e+06 40.3362 79588.7 6.73018 5.06015e+06 1.33283e+06 ZonesAtSurface
3224.87 2424.96 254.397 2 0 0 0 937843 26.5705 112347 2.28579 5.80246e+06 937843 ZonesAtSurface
3274.87 2424.97 294.395 0 0 1 7 1.1081e+06 36.262 76965.8 3.71315 5.23557e+06 1.1081e+06 ZonesAtSurface
3324.87 2424.98 334.385 4 0 1 7 1.3184e+06 28.6155 126804 1.1468 4.04551e+06 1.3184e+06 ZonesAtSurface
3374.88 2424.98 374.361 10 0 1 7 973588 29.4652 140379 1.39626 4.82994e+06 973588 ZonesAtSurface
3424.85 2424.98 514.295 6 3 2 5 100000 5 10000 0 278618 100000 ZonesAtSurface
3474.89 2424.97 554.26 6 0 2 5 100000 5 10000 0.954268 325387 100000 ZonesAtSurface
3524.95 2424.98 494.268 6 0 1 7 1.41555e+06 15.4428 109958 1.02955 4.68145e+06 1.41555e+06 ZonesAtSurface
3574.95 2424.97 584.204 9 0 1 6 100000 5 10000 1.24158 463531 100000 ZonesAtSurface
3624.96 2424.97 674.127 6 6 2 5 1.23076e+06 29.5995 136340 1.57762 3.10186e+06 1.23076e+06 ZonesAtSurface
3675.05 2424.98 614.162 2 0 1 7 972167 22.5958 57152 1.07645 4.27773e+06 972167 ZonesAtSurface
3725.06 2424.98 704.067 9 0 2 6 100000 5 10000 1.38232 266508 100000 ZonesAtSurface
3775.16 2424.99 654.118 8 0 1 7 995679 32.5771 94257.9 1.10746 4.62732e+06 995679 ZonesAtSurface
3825.22 2424.99 664.107 7 0 1 6 1.09165e+06 21.9177 137124 1.07341 3.32879e+06 1.09165e+06 ZonesAtSurface
3875.29 2424.99 624.139 6 0 1 6 624871 36.0973 73418.4 1.02258 4.50454e+06 624871 ZonesAtSurface
3925.35 2425 584.176 1 0 1 6 1.39781e+06 41.6082 141584 1.16701 6.75598e+06 1.39781e+06 ZonesAtSurface
3975.39 2425.01 644.163 0 3 2 4 1.47593e+06 38.19 66605.3 1.82939 3.88317e+06 1.47593e+06 ZonesAtSurface
4025.45 2425 604.209 4 0 1 4 1.33102e+06 22.4298 76734.1 1.11222 3.85636e+06 1.33102e+06 ZonesAtSurface
4075.45 2425 664.233 10 0 2 2 744988 27.206 95955.3 1.05966 2.47263e+06 744988 ZonesAtSurface
4125.53 2425 574.285 8 0 2 3 1.23395e+06 17.8142 142804 1.0293 3.60881e+06 1.23395e+06 ZonesAtSurface
4175.55 2425 584.327 0 10 1 2 1.35839e+06 40.823 77325 2.20826 2.90354e+06 1.35839e+06 ZonesAtSurface
4225.59 2424.99 544.369 10 7 1 2 1.04644e+06 36.0808 87878.5 1.7843 2.4048e+06 1.04644e+06 ZonesAtSurface
4275.63 2424.99 454.414 0 0 1 3 1.27545e+06 41.0577 143092 1.87498 4.33084e+06 1.27545e+06 ZonesAtSurface
4325.64 2424.99 464.446 7 0 1 2 1.07462e+06 26.1124 127465 1.4207 2.92562e+06 1.07462e+06 ZonesAtSurface
4375.65 2424.99 374.478 6 0 1 3 598587 19.6159 94960.2 1.2456 3.02914e+06 598587 ZonesAtSurface
4425.65 2425 434.498 0 8 2 1 1.48588e+06 34.3424 94379.5 3.32593 2.07895e+06 1.48588e+06 ZonesAtSurface
4475.66 2425 394.518 0 0 2 1 677337 39.4649 84156.3 3.62315 1.23091e+06 677337 ZonesAtSurface
4525.67 2425 404.532 0 4 0 0 1.23466e+06 24.7566 118369 4.01355 1.01669e+06 1.23466e+06 ZonesAtSurface
4575.68 2425 264.556 0 0 2 2 641635 32.8226 104106 1.10176 2.78473e+06 641635 ZonesAtSurface
4625.56 2425 74.6016 3 0 1 5 839392 44.3335 72158.8 1.17266 7.60726e+06 839392 ZonesAtSurface
4675.42 2425 -15.3924 13 0 1 6 938803 17.1914 106799 1.04178 9.23404e+06 938803 ZonesAtSurface
4725.39 2425 -5.35675 30 0 1 5 711066 17.1428 140641 1.02244 5.80817e+06 711066 ZonesAtSurface
4775.32 2425 4.67803 32 0 1 4 1.18425e+06 34.097 103037 1.31708 5.67396e+06 1.18425e+06 ZonesAtSurface
4825.25 2425 14.6934 45 0 1 3 1.23163e+06 31.3957 54014.7 1.08037 5.56644e+06 1.23163e+06 ZonesAtSurface
4875.16 2425 24.7206 62 0 1 2 1.0945e+06 16.9224 51116.6 1.28687 2.70161e+06 1.0945e+06 ZonesAtSurface
4925.07 2425 34.7357 48 0 1 1 1.08658e+06 20.2717 142690 1.35165 3.02841e+06 1.08658e+06 ZonesAtSurface
74.9463 2475 -36.7673 89 0 1 2 508069 32.5419 108792 1.20185 3.73089e+06 508069 ZonesAtSurface
124.86 2475.01 -11.6818 90 1 1 2 100000 5 10000 2.61633 112238 100000 ZonesAtSurface
174.745 2475 -36.7135 79 0 1 3 100000 5 10000 2.52928 169547 100000 ZonesAtSurface
224.619 2475 -11.6392 66 61 1 3 1.36308e+06 40.7945 130579 2.96586 2.5716e+06 1.36308e+06 ZonesAtSurface
274.554 2475.01 -36.6995 68 0 1 4 100000 5 10000 1.28459 667078 100000 ZonesAtSurface
324.449 2475.01 -11.7295 68 25 1 4 1.23651e+06 34.0189 114655 1.91391 2.90729e+06 1.23651e+06 ZonesAtSurface
374.424 2475.01 -36.8039 22 0 1 5 1.41978e+06 19.6751 98205.4 1.13034 4.84239e+06 1.41978e+06 ZonesAtSurface
424.381 2475.01 -11.8102 31 0 1 5 1.27948e+06 29.1882 66908.5 1.23905 5.61546e+06 1.27948e+06 ZonesAtSurface
474.363 2475 -36.857 18 0 1 6 833592 29.1187 109574 1.07875 8.25434e+06 833592 ZonesAtSurface
524.314 2475 -11.8713 9 0 1 6 1.37034e+06 44.4456 126595 1.48907 1.0872e+07 1.37034e+06 ZonesAtSurface
574.273 2475 13.1119 0 0 1 6 501775 42.7804 118388 1.57069 9.26971e+06 501775 ZonesAtSurface
624.237 2475 38.0934 6 0 1 6 854377 37.188 74080.3 1.25438 9.74073e+06 854377 ZonesAtSurface
674.089 2475 163.063 6 2 2 4 100000 5 10000 0 329222 100000 ZonesAtSurface
724.089 2475.01 238.045 0 0 2 3 1.4778e+06 35.4388 80415.8 2.68259 2.43318e+06 1.4778e+06 ZonesAtSurface
774.104 2475.01 263.036 0 0 2 3 1.11151e+06 21.5182 114007 1.56988 2.36601e+06 1.11151e+06 ZonesAtSurface
824.117 2475.01 288.025 0 0 2 3 1.24991e+06 40.7937 72398.4 4.11201 2.12823e+06 1.24991e+06 ZonesAtSurface
874.131 2475.01 313.014 0 0 1 3 1.30441e+06 20.1616 143767 1.80513 2.19522e+06 1.30441e+06 ZonesAtSurface
924.147 2475 338.003 7 0 1 3 546908 36.5505 87073.9 1.33321 1.69504e+06 546908 ZonesAtSurface
974.162 2475 362.991 4 0 2 3 575865 31.3313 113260 1.46782 1.78303e+06 575865 ZonesAtSurface
1024.17 2475 337.975 0 0 2 4 1.1711e+06 30.3358 56795.6 2.05271 2.64875e+06 1.1711e+06 ZonesAtSurface
1074.19 2475.01 362.963 0 9 1 4 1.12029e+06 39.7381 65632.6 2.00638 2.66103e+06 1.12029e+06 ZonesAtSurface
1124.2 2475 287.941 0 0 1 6 698924 34.608 55237.9 2.21518 3.37437e+06 698924 ZonesAtSurface
1174.22 2475 312.932 0 0 1 6 1.16867e+06 40.221 76507.7 2.61352 3.43995e+06 1.16867e+06 ZonesAtSurface
1224.25 2475 287.918 7 0 1 7 1.29555e+06 29.3029 50276.2 1.82883 4.6959e+06 1.29555e+06 ZonesAtSurface
1274.27 2475 312.906 0 0 2 7 100000 5 10000 1.03687 658692 100000 ZonesAtSurface
1324.3 2474.99 337.898 9 0 2 7 846056 21.8378 105667 1.14032 2.66665e+06 846056 ZonesAtSurface
1374.34 2474.99 312.887 6 0 1 8 100000 5 10000 1.0436 898300 100000 ZonesAtSurface
1424.37 2474.99 337.871 7 0 1 8 100000 5 10000 1.13395 598276 100000 ZonesAtSurface
1474.39 2474.99 412.852 7 8 2 7 1.21979e+06 28.8508 123666 2.99005 1.4187e+06 1.21979e+06 ZonesAtSurface
1524.51 2475 287.88 0 0 1 10 1.39393e+06 35.2949 50328.2 2.06705 6.49091e+06 1.39393e+06 ZonesAtSurface
1574.45 2475 462.779 3 2 2 7 861703 30.2861 142354 1.11652 2.59331e+06 861703 ZonesAtSurface
1624.58 2474.99 387.836 4 0 1 9 747234 17.2742 52157.9 1.16241 2.77191e+06 747234 ZonesAtSurface
1674.64 2474.99 362.834 2 0 1 10 571333 22.1584 93705.1 1.01092 5.10295e+06 571333 ZonesAtSurface
1724.66 2475 487.774 10 0 2 8 100000 5 10000 1.36216 168602 100000 ZonesAtSurface
1774.74 2474.98 412.812 2 0 1 10 809620 21.6138 57885.8 1.0578 4.78081e+06 809620 ZonesAtSurface
1824.81 2474.98 487.781 8 2 1 9 1.2287e+06 16.3914 143238 1.13963 2.81467e+06 1.2287e+06 ZonesAtSurface
1874.87 2474.98 462.794 2 0 1 10 617230 23.1018 143516 1.06817 3.73951e+06 617230 ZonesAtSurface
1924.91 2474.98 537.792 9 0 1 9 919417 18.3984 79073.3 1.07216 2.34685e+06 919417 ZonesAtSurface
1974.96 2474.98 562.805 6 7 1 9 1.29467e+06 30.759 120370 1.21611 3.57156e+06 1.29467e+06 ZonesAtSurface
2024.99 2474.98 525.326 3 3 1 9 1.34488e+06 44.0031 61866.5 1.11575 5.64102e+06 1.34488e+06 ZonesAtSurface
2075.03 2474.99 425.36 0 0 1 9 972378 38.7522 88761.3 2.4085 5.3897e+06 972378 ZonesAtSurface
2125.05 2474.99 425.404 9 4 1 7 1.30937e+06 29.2239 108709 1.17949 3.76314e+06 1.30937e+06 ZonesAtSurface
2175.08 2474.99 275.422 3 0 1 8 100000 5 10000 2.03353 915653 100000 ZonesAtSurface
2225.11 2474.99 175.437 0 0 0 0 1.20627e+06 27.0715 62975.3 4.68319 3.25232e+06 1.20627e+06 ZonesAtSurface
2275.13 2474.97 125.447 0 0 0 0 797551 34.7811 65293.7 3.328 5.85769e+06 797551 ZonesAtSurface
2325.13 2474.98 25.4695 0 0 0 0 510465 28.5886 123020 3.77823 6.91828e+06 510465 ZonesAtSurface
2375.11 2474.97 -74.5305 9 0 0 0 1.32436e+06 18.2915 50943.5 1.45642 1.18398e+07 1.32436e+06 ZonesAtSurface
2425.1 2474.97 -174.537 2 0 0 0 818139 18.2751 136985 1.39762 1.13387e+07 818139 ZonesAtSurface
2475.08 2474.96 -224.542 10 0 0 0 522436 27.0107 76957.8 2.67734 9.56251e+06 522436 ZonesAtSurface
2525.07 2474.97 -254.542 0 0 0 0 965080 44.259 146601 8.984 7.83461e+06 965080 ZonesAtSurface
2575.04 2474.98 -264.532 0 0 0 0 1.33675e+06 26.9686 95550 4.86957 6.26463e+06 1.33675e+06 ZonesAtSurface
2625.01 2474.88 -174.543 7 0 0 0 1.35178e+06 30.8485 64082.1 1.58043 1.52999e+07 1.35178e+06 ZonesAtSurface
2674.98 2474.94 -184.518 0 0 0 0 868302 36.1965 55936.2 2.93407 1.15925e+07 868302 ZonesAtSurface
2724.94 2474.89 -94.5113 10 0 0 0 766399 33.4481 85615.9 2.31855 1.08044e+07 766399 ZonesAtSurface
2774.91 2474.96 -104.51 0 0 0 0 1.18563e+06 34.8839 143021 3.7992 8.50563e+06 1.18563e+06 ZonesAtSurface
2824.88 2474.99 -114.506 0 0 0 0 1.21227e+06 19.697 110152 4.57641 3.85401e+06 1.21227e+06 ZonesAtSurface
2874.86 2474.96 25.4727 0 0 0 0 539229 18.1494 125105 2.82185 4.16244e+06 539229 ZonesAtSurface
2924.84 2474.96 65.4647 0 0 0 0 1.08669e+06 44.4559 117524 10 4.19281e+06 1.08669e+06 ZonesAtSurface
2974.83 2474.95 105.452 0 0 0 0 845720 28.785 122051 2.98069 5.5341e+06 845720 ZonesAtSurface
3024.83 2474.93 145.438 5 0 0 0 570487 42.7808 138575 3.74149 7.32848e+06 570487 ZonesAtSurface
3074.83 2474.96 135.437 0 0 0 0 1.14896e+06 37.8011 117719 4.39147 6.77218e+06 1.14896e+06 ZonesAtSurface
3124.84 2474.96 175.423 0 0 0 0 589344 31.5409 133631 2.70363 6.69439e+06 589344 ZonesAtSurface
3174.85 2474.96 215.408 0 0 0 0 556561 35.1175 104036 3.36495 6.02219e+06 556561 ZonesAtSurface
3224.86 2474.96 255.397 0 0 0 0 1.09976e+06 24.7121 61267.7 2.56 4.99203e+06 1.09976e+06 ZonesAtSurface
3274.87 2474.97 295.394 0 0 1 7 855921 31.4193 109243 3.10143 4.90562e+06 855921 ZonesAtSurface
3324.87 2474.98 335.386 2 2 2 7 1.09684e+06 38.5257 116024 1.08716 4.15421e+06 1.09684e+06 ZonesAtSurface
3374.89 2474.98 325.356 0 0 1 8 1.11559e+06 33.9279 99141.2 3.48803 3.85497e+06 1.11559e+06 ZonesAtSurface
3424.9 2474.98 415.329 2 0 1 7 893181 29.517 147327 1.02929 5.35574e+06 893181 ZonesAtSurface
3474.9 2474.98 505.27 0 0 1 6 100000 5 10000 0.979091 681359 100000 ZonesAtSurface
3524.91 2474.98 595.212 0 0 2 5 1.23289e+06 32.5692 75825.7 1.79364 3.6731e+06 1.23289e+06 ZonesAtSurface
3574.96 2474.98 685.164 3 7 1 4 1.24088e+06 28.8943 67143.8 1.40208 3.00489e+06 1.24088e+06 ZonesAtSurface
3625.01 2474.98 575.182 2 0 1 7 100000 5 10000 1.03086 976326 100000 ZonesAtSurface
3675.02 2474.99 765.058 10 10 2 4 900746 35.8652 123812 0 1.33356e+06 900746 ZonesAtSurface
3725.06 2474.99 755.031 9 7 2 5 734093 22.5272 108517 4.79251 480176 734093 ZonesAtSurface
3775.15 2474.99 655.119 7 0 1 7 100000 5 10000 1.29556 687272 100000 ZonesAtSurface
3825.2 2474.99 715.051 10 4 2 5 566911 44.034 147747 1.73772 1.44494e+06 566911 ZonesAtSurface
3875.29 2475 675.099 5 0 1 5 1.11053e+06 32.8829 149124 1.33189 3.85332e+06 1.11053e+06 ZonesAtSurface
3925.36 2475 585.182 7 0 1 6 572059 41.3877 103008 1.02667 4.56943e+06 572059 ZonesAtSurface
3975.42 2475 545.22 1 0 1 6 1.32837e+06 17.7272 129784 1.01613 4.81563e+06 1.32837e+06 ZonesAtSurface
4025.45 2475.01 605.221 8 0 1 4 980992 43.9757 80249.3 1.45619 3.53599e+06 980992 ZonesAtSurface
4075.48 2475.01 615.252 6 5 2 3 1.15035e+06 23.7008 66822.6 1.21359 2.94574e+06 1.15035e+06 ZonesAtSurface
4125.54 2475 525.309 0 0 1 4 850893 33.7477 113049 1.2107 4.20879e+06 850893 ZonesAtSurface
4175.57 2475 535.335 0 0 1 3 1.18264e+06 29.581 70226 1.3952 3.54433e+06 1.18264e+06 ZonesAtSurface
4225.59 2475 545.374 9 1 2 2 1.48998e+06 20.7998 92888.5 2.04984 2.21947e+06 1.48998e+06 ZonesAtSurface
4275.63 2475 455.414 0 0 1 3 1.30074e+06 32.272 96486.9 1.82293 4.05058e+06 1.30074e+06 ZonesAtSurface
4325.64 2474.99 465.444 0 0 2 2 1.07512e+06 29.8838 108596 1.6679 2.48497e+06 1.07512e+06 ZonesAtSurface
4375.66 2474.99 425.47 0 0 2 2 730972 38.4985 76963 1.93041 3.22474e+06 730972 ZonesAtSurface
4425.66 2474.99 335.505 0 0 1 3 1.18876e+06 24.1388 143682 1.66944 3.80439e+06 1.18876e+06 ZonesAtSurface
4475.67 2475 345.526 0 0 2 2 1.03747e+06 28.6455 109937 2.05019 2.4913e+06 1.03747e+06 ZonesAtSurface
4525.68 2475 355.541 0 0 2 1 620752 36.0836 74118.7 1.90986 1.55193e+06 620752 ZonesAtSurface
4575.69 2475 315.554 0 8 1 1 1.38558e+06 38.8348 147770 4.89031 1.31022e+06 1.38558e+06 ZonesAtSurface
4625.66 2474.99 175.578 0 5 2 3 1.16255e+06 38.55 77885 1.93068 3.03616e+06 1.16255e+06 ZonesAtSurface
4675.43 2474.99 -14.3924 0 0 1 6 534123 40.1883 120651 2.51325 1.11366e+07 534123 ZonesAtSurface
4725.39 2474.99 -4.35903 18 0 1 5 1.17443e+06 34.8601 108364 1.02722 1.15717e+07 1.17443e+06 ZonesAtSurface
4775.34 2474.99 5.66454 27 0 1 4 801033 42.1443 112678 1.45287 8.79425e+06 801033 ZonesAtSurface
4825.26 2475 15.6967 54 0 1 3 809873 25.5978 63245 1.07576 3.68244e+06 809873 ZonesAtSurface
4875.15 2475 25.7313 60 0 1 2 601287 26.7827 87551.2 1.74775 1.77434e+06 601287 ZonesAtSurface
4925.06 2475 35.7443 73 0 1 1 737066 30.0975 73077.7 1.28575 2.83853e+06 737066 ZonesAtSurface
74.935 2525 -35.7538 89 0 1 2 574792 44.7536 106246 1.43502 4.5044e+06 574792 ZonesAtSurface
124.84 2525 -10.6566 86 27 1 2 100000 5 10000 1.29673 189431 100000 ZonesAtSurface
174.729 2525 -35.7037 79 0 1 3 100000 5 10000 2.38462 226674 100000 ZonesAtSurface
224.61 2525.01 -10.6595 79 58 1 3 914070 34.7652 137889 2.22918 1.70441e+06 914070 ZonesAtSurface
274.559 2525.01 -35.7115 68 0 1 4 1.46485e+06 30.0045 91345.3 1.25784 5.31846e+06 1.46485e+06 ZonesAtSurface
324.487 2525.01 -10.7328 61 7 1 4 1.05111e+06 30.0774 104695 2.15255 2.2429e+06 1.05111e+06 ZonesAtSurface
374.449 2525.01 -35.7991 41 0 1 5 1.39041e+06 40.4199 63911 1.17356 7.26344e+06 1.39041e+06 ZonesAtSurface
424.412 2525 -10.7857 45 0 1 5 755698 27.0229 146393 1.68592 2.48299e+06 755698 ZonesAtSurface
474.374 2525 -35.8464 31 0 1 6 988235 15.964 91759.9 1.0154 5.0236e+06 988235 ZonesAtSurface
524.319 2525 -10.8626 19 0 1 6 1.33392e+06 36.384 104201 1.02559 6.84338e+06 1.33392e+06 ZonesAtSurface
574.282 2525 14.1205 3 0 1 6 1.09095e+06 41.8581 106850 1.08711 9.06266e+06 1.09095e+06 ZonesAtSurface
624.29 2524.99 -10.916 2 0 1 7 1.36525e+06 18.2525 52715.7 1.02366 8.46391e+06 1.36525e+06 ZonesAtSurface
674.081 2525 164.06 4 9 2 4 1.19674e+06 41.5076 100475 2.12428 2.92755e+06 1.19674e+06 ZonesAtSurface
724.1 2525.01 239.053 8 10 2 3 995368 28.0377 118879 1.45162 2.34207e+06 995368 ZonesAtSurface
774.115 2525.01 264.047 7 0 1 3 839422 37.9603 104928 2.44896 2.19926e+06 839422 ZonesAtSurface
824.126 2525.01 239.032 0 0 2 4 888868 15.1803 96196.1 1.13525 2.90525e+06 888868 ZonesAtSurface
874.139 2525.01 314.024 0 0 2 3 993473 22.567 145764 1.93168 1.79084e+06 993473 ZonesAtSurface
924.154 2525.01 339.011 0 2 1 3 1.46543e+06 41.1494 102243 4.20147 1.60217e+06 1.46543e+06 ZonesAtSurface
974.16 2525.01 313.996 0 0 2 4 1.11548e+06 28.1018 141857 2.91366 1.94776e+06 1.11548e+06 ZonesAtSurface
1024.17 2525.01 338.986 10 1 1 4 664121 43.0797 54946.9 3.09333 1.67007e+06 664121 ZonesAtSurface
1074.19 2525 313.967 0 0 1 5 1.09255e+06 33.9507 63802.3 2.30921 3.25294e+06 1.09255e+06 ZonesAtSurface
1124.2 2525 288.947 0 0 1 6 729837 18.9547 149031 1.27499 3.17449e+06 729837 ZonesAtSurface
1174.22 2525 263.929 0 0 1 7 980464 17.544 60203.1 1.85434 3.24047e+06 980464 ZonesAtSurface
1224.25 2525 338.926 3 8 1 6 1.22984e+06 31.2856 115099 1.74788 2.90237e+06 1.22984e+06 ZonesAtSurface
1274.27 2525 363.917 3 6 2 6 1.1803e+06 15.8434 104360 1.34279 2.3442e+06 1.1803e+06 ZonesAtSurface
1324.29 2525 338.896 7 0 1 7 764930 19.5227 68785.3 1.0099 2.73987e+06 764930 ZonesAtSurface
1374.32 2525 313.876 0 0 1 8 573751 36.5783 144670 1.89615 4.1514e+06 573751 ZonesAtSurface
1424.35 2524.99 388.877 1 2 1 7 1.12314e+06 36.8388 129696 2.13694 2.51543e+06 1.12314e+06 ZonesAtSurface
1474.42 2525 313.871 10 0 1 9 100000 5 10000 1.07985 1.16785e+06 100000 ZonesAtSurface
1524.4 2525 388.834 2 2 1 8 1.39277e+06 43.952 114691 4.74053 3.51754e+06 1.39277e+06 ZonesAtSurface
1574.56 2524.99 313.874 2 0 1 10 1.24401e+06 17.9025 102404 1.04961 5.59344e+06 1.24401e+06 ZonesAtSurface
1624.55 2524.99 388.826 9 0 1 9 100000 5 10000 1.20383 679139 100000 ZonesAtSurface
1674.64 2524.99 363.841 0 0 1 10 1.02713e+06 25.9996 59969.8 1.15655 6.27044e+06 1.02713e+06 ZonesAtSurface
1724.68 2524.99 388.826 3 0 1 10 907685 28.5178 142977 1.22769 7.00103e+06 907685 ZonesAtSurface
1774.74 2524.99 413.808 5 0 1 10 100000 5 10000 1.1866 1.14642e+06 100000 ZonesAtSurface
1824.81 2524.99 438.796 1 0 1 10 100000 5 10000 1.02681 979280 100000 ZonesAtSurface
1874.88 2524.98 463.796 6 0 1 10 1.47289e+06 35.2625 96287.5 1.18539 6.53007e+06 1.47289e+06 ZonesAtSurface
1924.9 2524.99 538.784 10 0 2 9 100000 5 10000 1.06706 533566 100000 ZonesAtSurface
1974.96 2524.99 513.81 4 0 1 10 651800 26.6851 125234 1.0066 4.08969e+06 651800 ZonesAtSurface
2024.99 2524.99 476.329 2 0 1 10 1.2602e+06 24.8832 107274 1.02944 5.81357e+06 1.2602e+06 ZonesAtSurface
2075.03 2524.99 426.362 1 0 1 9 1.10228e+06 28.2309 128012 1.18217 5.65638e+06 1.10228e+06 ZonesAtSurface
2125.06 2525 426.406 5 6 2 7 964504 32.4234 133947 1.29709 2.74987e+06 964504 ZonesAtSurface
2175.08 2525 326.429 4 0 1 7 1.05794e+06 33.4933 76329.7 10 2.28191e+06 1.05794e+06 ZonesAtSurface
2225.12 2525 176.445 0 0 0 0 1.47567e+06 23.483 83291.5 7.48361 2.04247e+06 1.47567e+06 ZonesAtSurface
2275.12 2524.98 126.459 2 0 0 0 685914 23.6389 114183 1.86921 6.35394e+06 685914 ZonesAtSurface
2325.11 2524.98 26.4662 0 0 0 0 861529 37.8649 81263.6 4.19336 9.97951e+06 861529 ZonesAtSurface
2375.07 2524.93 -23.5487 7 0 0 0 915020 21.7967 88162.5 1.04366 1.59662e+07 915020 ZonesAtSurface
2425.1 2524.97 -173.547 0 0 0 0 1.19811e+06 26.7857 94318.7 2.54914 1.03248e+07 1.19811e+06 ZonesAtSurface
2475.08 2524.96 -223.544 7 0 0 0 1.27914e+06 25.8494 88642.3 3.43634 8.33511e+06 1.27914e+06 ZonesAtSurface
2525.07 2524.97 -253.532 0 0 0 0 521911 23.7605 93158.1 3.48212 6.74483e+06 521911 ZonesAtSurface
2575.04 2524.92 -213.543 0 0 0 0 1.16096e+06 27.7253 104963 1.84166 1.30628e+07 1.16096e+06 ZonesAtSurface
2625.01 2524.89 -173.54 0 0 0 0 1.36635e+06 33.9459 127222 1.86916 1.58117e+07 1.36635e+06 ZonesAtSurface
2674.97 2524.96 -183.513 0 0 0 0 744269 32.3671 74460.4 2.88809 1.03575e+07 744269 ZonesAtSurface
2724.94 2524.96 -143.506 0 0 0 0 1.12762e+06 24.3518 54865 1.90233 9.46927e+06 1.12762e+06 ZonesAtSurface
2774.9 2524.97 -103.504 10 0 0 0 912785 16.4694 93680.4 1.38848 7.76361e+06 912785 ZonesAtSurface
2824.87 2524.96 -13.5084 0 0 0 0 1.41461e+06 44.5031 116948 5.99537 6.94014e+06 1.41461e+06 ZonesAtSurface
2874.85 2524.96 26.4837 0 0 0 0 1.23813e+06 22.092 145917 3.14119 4.63537e+06 1.23813e+06 ZonesAtSurface
2924.84 2524.96 66.4705 0 0 0 0 1.09199e+06 19.8224 71968.8 2.86023 4.43508e+06 1.09199e+06 ZonesAtSurface
2974.83 2524.95 106.452 0 0 0 0 791311 29.0818 74645 2.51027 5.63501e+06 791311 ZonesAtSurface
3024.83 2524.97 96.4476 0 0 0 0 513490 24.9444 83322.1 3.0861 5.09625e+06 513490 ZonesAtSurface
3074.83 2524.97 136.431 0 0 0 0 767995 36.7353 110984 4.11264 7.17903e+06 767995 ZonesAtSurface
3124.85 2524.96 176.416 0 0 0 0 549995 41.0359 61698.1 4.71686 8.1755e+06 549995 ZonesAtSurface
3174.88 2524.93 266.394 7 0 0 0 1.36377e+06 34.3736 72859.2 1.66637 1.08814e+07 1.36377e+06 ZonesAtSurface
3224.92 2524.94 306.391 10 0 0 0 818792 24.1283 120924 1.38182 6.53518e+06 818792 ZonesAtSurface
3274.87 2524.98 296.392 0 0 1 7 650367 33.2886 69804.4 4.24153 4.83987e+06 650367 ZonesAtSurface
3324.87 2524.98 336.381 2 0 1 7 1.3499e+06 38.5474 78499.5 1.33881 5.18721e+06 1.3499e+06 ZonesAtSurface
3374.88 2524.98 376.359 5 0 1 7 1.22608e+06 24.268 115844 1.0676 5.14955e+06 1.22608e+06 ZonesAtSurface
3424.9 2524.98 416.325 0 0 1 7 100000 5 10000 0.991938 893171 100000 ZonesAtSurface
3474.9 2525 606.241 3 10 2 4 1.38718e+06 35.5769 101161 1.80604 2.89672e+06 1.38718e+06 ZonesAtSurface
3524.94 2525 646.21 9 9 2 4 1.23341e+06 24.9644 95877 1.58456 2.43475e+06 1.23341e+06 ZonesAtSurface
3574.94 2524.99 586.185 5 0 2 6 731325 33.4823 57295 1.07389 3.81736e+06 731325 ZonesAtSurface
3624.99 2524.99 576.167 0 0 1 7 1.35014e+06 30.5679 68787.4 1.13609 6.25565e+06 1.35014e+06 ZonesAtSurface
3675.03 2524.99 616.135 9 0 1 7 608804 31.9253 112623 1.15171 3.82568e+06 608804 ZonesAtSurface
3725.07 2524.98 656.107 7 0 1 7 639416 29.7333 87708.3 1.13823 2.08642e+06 639416 ZonesAtSurface
3775.14 2524.99 656.115 6 0 1 7 1.32267e+06 32.1148 122457 1.07527 5.64939e+06 1.32267e+06 ZonesAtSurface
3825.21 2524.99 666.098 6 0 1 6 100000 5 10000 1.17345 532962 100000 ZonesAtSurface
3875.28 2525 676.092 0 0 1 5 100000 5 10000 1.11244 532475 100000 ZonesAtSurface
3925.36 2525 636.145 4 1 1 5 1.33412e+06 31.0689 99799.8 1.17448 4.40548e+06 1.33412e+06 ZonesAtSurface
3975.42 2525 546.223 2 0 1 6 1.22144e+06 29.8763 69965.3 1.02454 5.74316e+06 1.22144e+06 ZonesAtSurface
4025.47 2525 556.248 8 0 1 5 1.03818e+06 25.8847 146915 1.09731 3.93909e+06 1.03818e+06 ZonesAtSurface
4075.51 2525 516.292 10 0 1 5 536319 17.6124 143402 1.0246 2.49866e+06 536319 ZonesAtSurface
4125.55 2525 526.317 3 0 1 4 1.02585e+06 30.6922 60068.1 1.39448 3.94383e+06 1.02585e+06 ZonesAtSurface
4175.58 2525 536.342 0 0 1 3 1.21824e+06 26.9523 137203 1.70827 2.91144e+06 1.21824e+06 ZonesAtSurface
4225.6 2525 546.377 0 3 2 2 1.08001e+06 34.6404 110021 2.17056 1.98745e+06 1.08001e+06 ZonesAtSurface
4275.63 2525 456.415 0 0 1 3 1.38494e+06 16.7055 98956 1.26261 3.70923e+06 1.38494e+06 ZonesAtSurface
4325.65 2524.99 466.442 0 0 1 2 935967 33.4809 91192.1 1.6725 2.68457e+06 935967 ZonesAtSurface
4375.66 2524.99 426.468 7 0 2 2 837986 17.1607 79741.3 1.20078 2.39338e+06 837986 ZonesAtSurface
4425.66 2524.99 336.507 0 0 1 3 1.1357e+06 36.933 116788 2.48905 4.18621e+06 1.1357e+06 ZonesAtSurface
4475.67 2525 296.534 0 0 1 3 1.14862e+06 21.2504 141818 1.31249 3.86561e+06 1.14862e+06 ZonesAtSurface
4525.68 2525 306.549 2 0 2 2 646227 33.3476 137907 1.39025 2.90895e+06 646227 ZonesAtSurface
4575.68 2525 266.562 0 10 1 2 1.28323e+06 35.7984 75783.3 1.91507 3.09671e+06 1.28323e+06 ZonesAtSurface
4625.66 2525 176.581 6 4 2 3 1.06921e+06 16.1266 132677 1.28162 2.1616e+06 1.06921e+06 ZonesAtSurface
4675.43 2524.99 -13.3923 0 0 1 6 1.02819e+06 38.3651 147452 2.48847 1.04378e+07 1.02819e+06 ZonesAtSurface
4725.39 2524.99 -3.36529 3 0 1 5 1.41636e+06 44.2835 138516 1.15288 1.2612e+07 1.41636e+06 ZonesAtSurface
4775.35 2524.99 6.65315 31 0 1 4 692068 34.3802 113853 1.21379 8.08208e+06 692068 ZonesAtSurface
4825.27 2524.99 16.6992 54 0 1 3 923344 17.0378 94196.8 1.11619 3.08828e+06 923344 ZonesAtSurface
4875.15 2524.99 26.7289 69 4 1 2 1.20991e+06 22.7927 90077.9 1.41129 3.06485e+06 1.20991e+06 ZonesAtSurface
4925.06 2525 36.7434 64 0 1 1 667316 24.9504 51272.3 1.16757 2.83868e+06 667316 ZonesAtSurface
74.9183 2575 -34.7173 89 0 1 2 100000 5 10000 1.1797 396448 100000 ZonesAtSurface
124.816 2575.01 -9.60756 49 70 1 2 1.40775e+06 41.0277 131952 2.50484 2.61306e+06 1.40775e+06 ZonesAtSurface
174.704 2575.01 -34.6995 78 0 1 3 787084 43.9642 141770 1.35503 4.7543e+06 787084 ZonesAtSurface
224.613 2575.02 -9.69028 73 26 1 3 660344 27.9683 74904.4 1.59227 1.51602e+06 660344 ZonesAtSurface
274.57 2575.01 -34.7321 39 0 1 4 1.28416e+06 36.515 117418 1.28911 5.67309e+06 1.28416e+06 ZonesAtSurface
324.517 2575.01 -9.73406 68 23 1 4 1.3751e+06 17.4389 116474 2.10112 2.18658e+06 1.3751e+06 ZonesAtSurface
374.47 2575 -34.7928 40 0 1 5 972601 43.9421 145341 1.18798 5.93974e+06 972601 ZonesAtSurface
424.426 2575 -9.77708 48 7 1 5 977984 29.8536 70658.3 1.73323 2.74315e+06 977984 ZonesAtSurface
474.384 2574.99 -34.8433 30 0 1 6 831533 23.2874 101120 1.01278 6.20689e+06 831533 ZonesAtSurface
524.325 2574.99 -9.85748 20 0 1 6 581919 44.6539 78001.6 1.03422 5.84251e+06 581919 ZonesAtSurface
574.335 2574.99 -34.9004 0 0 1 7 1.25397e+06 44.8604 60363.5 2.41542 9.19912e+06 1.25397e+06 ZonesAtSurface
624.297 2574.99 -9.91502 12 0 1 7 1.48261e+06 15.2775 127106 1.01715 8.42124e+06 1.48261e+06 ZonesAtSurface
674.087 2575 165.063 10 5 2 4 1.49557e+06 16.9539 108618 1.23462 3.29569e+06 1.49557e+06 ZonesAtSurface
724.109 2575.01 190.061 5 0 1 4 844750 19.6391 79640.1 1.08591 2.8223e+06 844750 ZonesAtSurface
774.122 2575.01 215.053 0 0 1 4 1.44481e+06 32.3202 130505 3.0135 3.19147e+06 1.44481e+06 ZonesAtSurface
824.131 2575.01 240.04 2 0 1 4 1.36977e+06 27.5828 68255.6 2.44367 2.8593e+06 1.36977e+06 ZonesAtSurface
874.142 2575 265.028 0 0 2 4 1.27029e+06 44.3397 110000 3.94603 2.76564e+06 1.27029e+06 ZonesAtSurface
924.155 2575.01 290.018 0 0 1 4 892813 34.3797 125885 2.87766 2.58334e+06 892813 ZonesAtSurface
974.16 2575 264.999 0 0 1 5 1.02203e+06 38.6125 133461 2.65517 3.59772e+06 1.02203e+06 ZonesAtSurface
1024.17 2575 239.975 0 0 1 6 1.05209e+06 37.1792 112740 4.94036 2.92986e+06 1.05209e+06 ZonesAtSurface
1074.19 2575 314.969 0 0 2 5 100000 5 10000 1.10741 509505 100000 ZonesAtSurface
1124.2 2575 289.947 4 0 2 6 100000 5 10000 1.01063 783852 100000 ZonesAtSurface
1174.24 2574.99 364.943 0 5 1 5 1.15151e+06 23.6186 141055 1.70146 2.01549e+06 1.15151e+06 ZonesAtSurface
1224.25 2574.99 339.926 0 0 1 6 1.01347e+06 36.5714 136130 1.9794 3.07176e+06 1.01347e+06 ZonesAtSurface
1274.27 2575 314.906 0 0 1 7 1.18947e+06 39.1767 130382 3.7896 2.97603e+06 1.18947e+06 ZonesAtSurface
1324.29 2575 339.898 3 0 2 7 820869 23.4681 80623.8 1.09384 2.98671e+06 820869 ZonesAtSurface
1374.32 2575 364.892 0 0 2 7 1.44822e+06 27.2677 132979 1.8879 2.98233e+06 1.44822e+06 ZonesAtSurface
1424.34 2575 339.87 0 0 1 8 1.282e+06 35.1879 96512.1 4.13188 2.71372e+06 1.282e+06 ZonesAtSurface
1474.36 2575 364.859 1 0 2 8 1.05048e+06 16.2163 101912 1.61301 2.44326e+06 1.05048e+06 ZonesAtSurface
1524.39 2575 389.843 9 1 1 8 853646 38.4254 110822 1.99646 2.2027e+06 853646 ZonesAtSurface
1574.46 2574.99 364.827 10 0 1 9 100000 5 10000 1.07218 900011 100000 ZonesAtSurface
1624.58 2574.99 339.849 2 0 1 10 100000 5 10000 1.14315 1.19878e+06 100000 ZonesAtSurface
1674.56 2574.99 414.789 3 0 1 9 100000 5 10000 1.06247 482683 100000 ZonesAtSurface
1724.64 2574.99 439.771 4 0 2 9 100000 5 10000 1.18127 698525 100000 ZonesAtSurface
1774.7 2574.99 464.748 3 0 2 9 100000 5 10000 1.17009 517881 100000 ZonesAtSurface
1824.76 2574.99 489.739 3 0 2 9 100000 5 10000 1.13966 546220 100000 ZonesAtSurface
1874.82 2574.99 514.748 3 0 2 9 100000 5 10000 1.13929 591096 100000 ZonesAtSurface
1924.87 2574.99 539.765 7 0 2 9 100000 5 10000 0.986483 597622 100000 ZonesAtSurface
1974.95 2574.99 514.81 7 0 1 10 100000 5 10000 1.12737 835614 100000 ZonesAtSurface
2024.99 2574.99 477.332 7 0 1 10 1.1551e+06 15.3014 61015.7 1.01463 4.65489e+06 1.1551e+06 ZonesAtSurface
2075.03 2575 427.364 0 0 1 9 1.01231e+06 43.2893 86768.8 1.74482 5.7975e+06 1.01231e+06 ZonesAtSurface
2125.06 2575 377.4 5 0 1 8 1.08863e+06 27.0726 111850 1.37731 5.13112e+06 1.08863e+06 ZonesAtSurface
2175.08 2574.99 327.431 10 0 1 7 864755 24.507 145923 2.82782 4.0578e+06 864755 ZonesAtSurface
2225.11 2574.99 227.449 10 0 0 0 100000 5 10000 1.18127 1.35554e+06 100000 ZonesAtSurface
2275.12 2575 77.4634 0 0 0 0 1.20111e+06 38.421 128798 10 3.65105e+06 1.20111e+06 ZonesAtSurface
2325.1 2574.99 27.4636 7 0 0 0 1.29833e+06 15.0804 111346 1.7319 7.31386e+06 1.29833e+06 ZonesAtSurface
2375.08 2574.95 -22.5513 3 0 0 0 503853 35.6576 126206 1.62543 1.74469e+07 503853 ZonesAtSurface
2425.11 2574.98 -172.543 0 0 0 0 678309 35.1202 86101 5.83101 7.57067e+06 678309 ZonesAtSurface
2475.1 2575 -272.521 0 0 0 0 1.06832e+06 28.8111 110981 7.17234 5.10551e+06 1.06832e+06 ZonesAtSurface
2525.07 2574.98 -252.52 0 0 0 0 709068 36.8005 114997 6.92375 7.21685e+06 709068 ZonesAtSurface
2575.04 2574.94 -212.526 0 0 0 0 877269 39.3627 121413 4.0256 1.0815e+07 877269 ZonesAtSurface
2625.01 2574.92 -172.524 0 0 0 0 1.48373e+06 42.7573 145716 3.3799 1.30785e+07 1.48373e+06 ZonesAtSurface
2674.97 2574.97 -182.501 0 0 0 0 1.37065e+06 29.1163 120442 4.11049 7.52477e+06 1.37065e+06 ZonesAtSurface
2724.93 2574.97 -142.497 0 0 0 0 1.49095e+06 38.5256 59809.4 6.09571 7.42202e+06 1.49095e+06 ZonesAtSurface
2774.89 2574.95 -52.4974 0 0 0 0 1.30744e+06 43.3542 59669.3 5.94793 8.16357e+06 1.30744e+06 ZonesAtSurface
2824.86 2574.92 37.4975 0 0 0 0 1.00722e+06 44.2278 113876 4.45203 6.30828e+06 1.00722e+06 ZonesAtSurface
2874.84 2574.96 27.4881 0 0 0 0 935702 40.8726 138946 9.37096 4.4139e+06 935702 ZonesAtSurface
2924.83 2574.96 67.4709 0 0 0 0 1.28058e+06 21.3899 67000.5 2.71771 5.42973e+06 1.28058e+06 ZonesAtSurface
2974.83 2574.95 107.447 0 0 0 0 697232 22.0719 85939.7 1.90528 6.90779e+06 697232 ZonesAtSurface
3024.83 2574.98 97.4424 0 0 0 0 1.36879e+06 40.4622 119183 9.55507 4.92825e+06 1.36879e+06 ZonesAtSurface
3074.86 2574.93 187.387 3 0 0 0 909941 31.3201 99095.9 1.39883 1.36942e+07 909941 ZonesAtSurface
3124.86 2574.97 177.403 0 0 0 0 1.38572e+06 25.2639 127458 2.8798 7.29486e+06 1.38572e+06 ZonesAtSurface
3174.87 2574.97 217.393 0 0 0 0 1.45539e+06 17.8057 86237 2.29798 6.1354e+06 1.45539e+06 ZonesAtSurface
3224.88 2574.97 257.39 0 0 0 0 1.19645e+06 33.4487 65196.7 6.90694 4.53177e+06 1.19645e+06 ZonesAtSurface
3274.88 2574.98 297.386 0 0 1 7 901565 28.8275 110983 5.46134 3.81579e+06 901565 ZonesAtSurface
3324.88 2574.98 337.375 0 0 1 7 100000 5 10000 0.988358 1.1091e+06 100000 ZonesAtSurface
3374.86 2574.98 427.353 10 0 1 6 634731 19.2337 89173.2 1.0936 3.10597e+06 634731 ZonesAtSurface
3424.89 2574.99 417.319 2 0 1 7 100000 5 10000 1.10492 867648 100000 ZonesAtSurface
3474.89 2574.99 507.268 7 0 1 6 956208 23.4017 74206.7 1.12728 4.58638e+06 956208 ZonesAtSurface
3524.92 2574.99 547.231 0 0 2 6 1.31021e+06 39.678 115705 1.76454 4.97849e+06 1.31021e+06 ZonesAtSurface
3574.96 2574.99 587.195 10 0 1 6 1.08102e+06 25.4483 112489 1.02549 4.21413e+06 1.08102e+06 ZonesAtSurface
3625 2574.99 627.158 9 0 2 6 1.04115e+06 24.3846 88634.5 1.05081 3.26504e+06 1.04115e+06 ZonesAtSurface
3675.03 2574.99 617.132 7 0 2 7 618875 18.7759 138192 1.0411 2.5087e+06 618875 ZonesAtSurface
3725.07 2574.98 657.105 0 5 2 7 1.29742e+06 18.9642 116241 1.35145 2.63886e+06 1.29742e+06 ZonesAtSurface
3775.13 2574.99 657.113 6 0 1 7 1.16703e+06 44.8631 141130 1.14736 6.00528e+06 1.16703e+06 ZonesAtSurface
3825.19 2574.99 717.041 0 2 2 5 1.31885e+06 26.8052 50058.2 1.14105 3.76608e+06 1.31885e+06 ZonesAtSurface
3875.25 2574.99 727.036 7 8 1 4 698787 43.2152 51102.5 1.20124 2.62042e+06 698787 ZonesAtSurface
3925.3 2574.99 737.058 5 5 2 3 1.09718e+06 28.1089 79415.7 1.1694 3.16856e+06 1.09718e+06 ZonesAtSurface
3975.43 2575 597.197 8 0 1 5 1.34069e+06 28.0866 100053 1.15529 5.92318e+06 1.34069e+06 ZonesAtSurface
4025.48 2575 507.273 0 0 1 6 1.28765e+06 43.9595 96878.5 1.96837 6.31714e+06 1.28765e+06 ZonesAtSurface
4075.52 2575 517.3 8 0 1 5 1.05078e+06 39.0847 94104.4 1.43478 4.35564e+06 1.05078e+06 ZonesAtSurface
4125.55 2575 527.327 8 0 1 4 1.4793e+06 15.4412 114246 1.2393 3.2894e+06 1.4793e+06 ZonesAtSurface
4175.58 2575 537.351 0 0 1 3 853014 41.7893 122903 2.24981 2.41861e+06 853014 ZonesAtSurface
4225.61 2575 497.383 0 0 2 3 1.47893e+06 22.1753 52302.8 1.8242 2.89482e+06 1.47893e+06 ZonesAtSurface
4275.63 2575 507.413 0 0 2 2 802580 41.2205 81486.1 2.04371 2.53027e+06 802580 ZonesAtSurface
4325.64 2574.99 517.44 8 2 2 1 888035 22.7885 88842.4 1.93374 1.42438e+06 888035 ZonesAtSurface
4375.66 2574.99 477.461 0 9 2 1 1.00989e+06 41.3879 113226 3.95941 1.40883e+06 1.00989e+06 ZonesAtSurface
4425.67 2575 337.508 0 0 1 3 1.1376e+06 30.8925 74643 1.78464 4.34798e+06 1.1376e+06 ZonesAtSurface
4475.68 2574.99 347.531 3 0 1 2 1.10885e+06 25.6561 95792.1 1.41588 3.04984e+06 1.10885e+06 ZonesAtSurface
4525.68 2575 307.548 6 0 2 2 616105 37.5824 50885.4 1.09989 2.96609e+06 616105 ZonesAtSurface
4575.69 2575 267.559 0 1 2 2 1.20124e+06 44.2827 57284.5 2.21196 2.85553e+06 1.20124e+06 ZonesAtSurface
4625.61 2575 127.596 7 0 1 4 1.19765e+06 27.9432 144368 1.05054 4.16745e+06 1.19765e+06 ZonesAtSurface
4675.42 2574.99 -12.3917 0 0 1 6 1.30989e+06 33.991 139223 2.23408 1.01966e+07 1.30989e+06 ZonesAtSurface
4725.39 2574.99 -2.36675 2 0 1 5 1.24002e+06 43.2066 133062 1.35917 1.2839e+07 1.24002e+06 ZonesAtSurface
4775.35 2574.99 7.65239 26 0 1 4 768307 36.9824 87534.9 1.10023 9.33066e+06 768307 ZonesAtSurface
4825.27 2574.99 17.6934 53 0 1 3 1.02641e+06 17.3398 108675 1.18248 3.39941e+06 1.02641e+06 ZonesAtSurface
4875.15 2574.99 27.7301 64 1 1 2 900661 36.152 119637 1.76664 3.25023e+06 900661 ZonesAtSurface
4925.06 2575 37.7368 53 0 2 1 787291 44.2015 91543.1 1.37063 4.34857e+06 787291 ZonesAtSurface
74.9333 2625 -33.6636 88 0 1 2 100000 5 10000 1.06645 367056 100000 ZonesAtSurface
124.83 2625.01 -8.56117 90 29 1 2 100000 5 10000 3.02563 99541.1 100000 ZonesAtSurface
174.683 2625.02 -33.7066 64 0 1 3 854094 34.8766 101021 1.42801 3.1471e+06 854094 ZonesAtSurface
224.613 2625.02 -8.7106 41 48 1 3 1.44485e+06 16.1354 130392 2.05297 1.98547e+06 1.44485e+06 ZonesAtSurface
274.577 2625.01 -33.7499 27 0 1 4 1.31439e+06 33.6581 77396.9 1.53331 4.55632e+06 1.31439e+06 ZonesAtSurface
324.527 2625.01 -8.7387 68 14 1 4 1.25286e+06 16.513 84664.5 2.15187 1.83065e+06 1.25286e+06 ZonesAtSurface
374.479 2625 -33.7905 48 0 1 5 563973 28.0959 83894.6 1.21157 4.16663e+06 563973 ZonesAtSurface
424.417 2624.99 -8.78877 48 0 1 5 1.30432e+06 19.5871 94991.1 1.44985 2.96282e+06 1.30432e+06 ZonesAtSurface
474.39 2624.99 -33.8537 31 0 1 6 620884 25.919 98175.1 1.01492 6.70637e+06 620884 ZonesAtSurface
524.334 2624.99 -8.8662 24 0 1 6 976761 28.5643 134013 1.0208 7.14501e+06 976761 ZonesAtSurface
574.34 2624.99 -33.9048 0 0 1 7 935620 15.817 134463 1.01295 6.6462e+06 935620 ZonesAtSurface
624.236 2624.98 41.098 3 0 1 6 100000 5 10000 1.21361 1.33837e+06 100000 ZonesAtSurface
674.13 2624.99 116.071 8 0 1 5 1.01285e+06 39.7837 112265 1.3016 5.2013e+06 1.01285e+06 ZonesAtSurface
724.122 2625 191.072 0 2 1 4 1.38455e+06 42.5282 87737.7 2.31582 3.60432e+06 1.38455e+06 ZonesAtSurface
774.135 2625 166.052 6 0 1 5 556700 22.8808 66942.8 1.17392 4.02595e+06 556700 ZonesAtSurface
824.136 2625 191.037 0 0 1 5 940661 39.1151 78787.8 2.64354 4.03956e+06 940661 ZonesAtSurface
874.141 2625 266.034 0 0 1 4 1.32346e+06 42.4801 96380.7 2.83076 3.45067e+06 1.32346e+06 ZonesAtSurface
924.151 2625 241.012 0 0 1 5 1.09665e+06 22.3381 91934.3 1.69258 3.34831e+06 1.09665e+06 ZonesAtSurface
974.159 2625 266.001 4 0 1 5 1.0552e+06 30.0754 134842 1.3864 3.95075e+06 1.0552e+06 ZonesAtSurface
1024.17 2625 240.976 0 0 1 6 865996 28.0317 77878.4 3.00114 3.11831e+06 865996 ZonesAtSurface
1074.2 2624.99 365.971 0 10 1 4 1.16202e+06 29.9632 94571.3 1.74796 2.34641e+06 1.16202e+06 ZonesAtSurface
1124.21 2625 290.945 0 0 1 6 852666 20.7486 138515 1.47852 2.98486e+06 852666 ZonesAtSurface
1174.24 2624.99 365.942 0 10 2 5 1.33188e+06 43.8893 78661.7 3.39808 1.80094e+06 1.33188e+06 ZonesAtSurface
1224.26 2624.99 390.933 6 8 2 5 1.15343e+06 16.2004 146939 2.18533 1.37378e+06 1.15343e+06 ZonesAtSurface
1274.28 2624.99 365.919 0 7 1 6 855638 44.4849 67362.9 2.12122 2.32687e+06 855638 ZonesAtSurface
1324.3 2625 340.902 6 0 2 7 763678 15.0609 137875 1.0075 2.66031e+06 763678 ZonesAtSurface
1374.33 2625 365.899 0 7 2 7 1.41207e+06 44.8893 122809 2.38654 2.89417e+06 1.41207e+06 ZonesAtSurface
1424.35 2625 340.881 0 0 2 8 653754 33.3415 50094.3 1.66831 3.62475e+06 653754 ZonesAtSurface
1474.38 2625 315.86 0 0 1 9 991201 36.6769 63165 2.27186 5.75503e+06 991201 ZonesAtSurface
1524.4 2624.99 340.843 12 0 1 9 578492 19.5954 119762 1.02563 3.70034e+06 578492 ZonesAtSurface
1574.44 2624.99 365.821 2 0 1 9 951951 38.8372 90685.2 1.05279 5.18459e+06 951951 ZonesAtSurface
1624.54 2624.99 340.834 2 0 1 10 100000 5 10000 1.0067 1.34556e+06 100000 ZonesAtSurface
1674.6 2624.99 365.816 2 0 1 10 100000 5 10000 1.00618 1.25851e+06 100000 ZonesAtSurface
1724.66 2624.99 390.794 2 0 1 10 100000 5 10000 1.03983 1.63135e+06 100000 ZonesAtSurface
1774.71 2624.99 415.772 1 0 1 10 100000 5 10000 1.02087 1.33118e+06 100000 ZonesAtSurface
1824.74 2624.99 490.733 2 0 2 9 809980 41.0723 107862 1.01129 4.61535e+06 809980 ZonesAtSurface
1874.8 2624.99 515.741 0 1 2 9 649718 25.3784 66354.5 1.03408 1.90391e+06 649718 ZonesAtSurface
1924.86 2624.99 540.76 0 7 2 9 1.36666e+06 40.0905 51265.4 1.17067 4.87311e+06 1.36666e+06 ZonesAtSurface
1974.93 2624.99 515.805 0 0 2 10 100000 5 10000 1.06161 734408 100000 ZonesAtSurface
2024.98 2625 478.332 6 0 1 10 1.02398e+06 18.1739 125439 1.03224 4.62539e+06 1.02398e+06 ZonesAtSurface
2075.02 2625 478.365 4 6 1 8 1.47056e+06 42.4876 136859 1.2189 5.49302e+06 1.47056e+06 ZonesAtSurface
2125.06 2625 428.405 6 9 2 7 981316 26.5483 149918 1.17682 2.71448e+06 981316 ZonesAtSurface
2175.08 2624.99 328.43 3 0 1 7 1.49138e+06 17.9355 139085 2.11752 4.1159e+06 1.49138e+06 ZonesAtSurface
2225.08 2624.96 278.445 9 0 0 0 817467 26.5448 97159.6 1.95171 8.19648e+06 817467 ZonesAtSurface
2275.1 2624.96 178.463 2 0 0 0 1.33116e+06 22.9815 109288 1.81368 9.83665e+06 1.33116e+06 ZonesAtSurface
2325.11 2624.99 28.465 0 0 0 0 728556 32.844 145220 7.73707 5.10728e+06 728556 ZonesAtSurface
2375.12 2624.99 -71.536 0 0 0 0 639385 16.2453 119215 2.33265 6.02428e+06 639385 ZonesAtSurface
2425.11 2624.99 -171.53 0 0 0 0 785061 15.914 140776 2.32042 6.59658e+06 785061 ZonesAtSurface
2475.09 2624.97 -221.527 4 0 0 0 1.26027e+06 22.4559 51415.1 2.97352 7.54625e+06 1.26027e+06 ZonesAtSurface
2525.07 2624.98 -251.512 0 0 0 0 987846 19.8821 59047 2.82753 6.66317e+06 987846 ZonesAtSurface
2575.03 2624.95 -211.508 0 0 0 0 1.06151e+06 32.5695 72203.4 3.23776 9.11223e+06 1.06151e+06 ZonesAtSurface
2624.99 2624.94 -171.498 0 0 0 0 1.31782e+06 40.7121 119019 4.21415 8.73706e+06 1.31782e+06 ZonesAtSurface
2674.96 2624.98 -181.487 0 0 0 0 970681 25.368 55214 3.4401 6.69716e+06 970681 ZonesAtSurface
2724.92 2624.98 -141.488 2 0 0 0 100000 5 10000 1.05347 2.79225e+06 100000 ZonesAtSurface
2774.87 2624.96 -51.4926 0 0 0 0 557154 30.4959 145859 2.78046 6.71157e+06 557154 ZonesAtSurface
2824.85 2624.96 -11.4999 0 0 0 0 1.49602e+06 17.5689 135017 1.80446 6.22946e+06 1.49602e+06 ZonesAtSurface
2874.84 2624.96 28.4869 0 0 0 0 647601 28.8016 71685.3 2.84704 6.14316e+06 647601 ZonesAtSurface
2924.83 2624.95 68.4685 0 0 0 0 1.25243e+06 34.4115 109666 3.21809 7.43221e+06 1.25243e+06 ZonesAtSurface
2974.83 2624.98 58.4575 0 0 0 0 906929 28.7928 138377 7.49203 3.29132e+06 906929 ZonesAtSurface
3024.84 2624.98 98.4368 0 0 0 0 600582 19.3352 78602.3 3.59807 4.00433e+06 600582 ZonesAtSurface
3074.84 2624.98 138.415 0 0 0 0 1.48149e+06 43.4913 103490 10 4.8429e+06 1.48149e+06 ZonesAtSurface
3124.86 2624.98 178.397 0 0 0 0 521186 21.23 111093 3.5797 4.63721e+06 521186 ZonesAtSurface
3174.9 2624.94 268.381 0 0 0 0 623627 15.3268 60252.8 1.05023 8.43679e+06 623627 ZonesAtSurface
3224.9 2624.94 308.387 0 0 0 0 730820 31.7134 138316 2.44974 7.5682e+06 730820 ZonesAtSurface
3274.89 2624.96 348.389 7 0 1 6 639432 21.2431 77142.3 1.52694 7.1774e+06 639432 ZonesAtSurface
3324.87 2624.98 388.384 5 0 1 6 963128 38.3966 64755.3 1.14834 5.53499e+06 963128 ZonesAtSurface
3374.88 2624.99 378.349 0 0 1 7 1.05342e+06 18.3085 120178 1.3501 4.84559e+06 1.05342e+06 ZonesAtSurface
3424.88 2624.99 468.317 6 0 1 6 600331 37.3943 66837.3 1.2308 4.85883e+06 600331 ZonesAtSurface
3474.91 2624.99 458.279 0 0 1 7 1.2103e+06 44.9971 59969.6 2.8745 6.27469e+06 1.2103e+06 ZonesAtSurface
3524.95 2625 598.241 3 6 2 5 1.12064e+06 40.7416 138144 1.91937 2.43179e+06 1.12064e+06 ZonesAtSurface
3574.96 2624.99 538.207 4 0 1 7 859064 20.8707 148214 1.07646 4.38527e+06 859064 ZonesAtSurface
3625.01 2624.99 628.166 4 1 1 6 1.25975e+06 34.6167 63004.8 1.22538 4.17451e+06 1.25975e+06 ZonesAtSurface
3675.04 2624.99 618.14 7 0 1 7 890389 32.1533 56818.6 1.03789 3.27171e+06 890389 ZonesAtSurface
3725.1 2624.99 608.139 2 0 1 8 605921 41.7457 83237.9 1.01636 6.24756e+06 605921 ZonesAtSurface
3775.16 2624.99 608.141 1 0 1 8 953671 22.0087 59501.1 1.10725 4.18177e+06 953671 ZonesAtSurface
3825.2 2624.99 718.039 5 6 2 5 1.06036e+06 29.799 121074 1.2162 2.84337e+06 1.06036e+06 ZonesAtSurface
3875.19 2624.99 828.004 0 6 2 2 1.48445e+06 21.174 98326.5 3.36297 1.26029e+06 1.48445e+06 ZonesAtSurface
3925.29 2625 738.057 0 1 2 3 1.05019e+06 40.8475 122979 1.3778 3.33651e+06 1.05019e+06 ZonesAtSurface
3975.43 2625 598.188 3 0 1 5 797942 30.929 108969 1.11674 4.94355e+06 797942 ZonesAtSurface
4025.49 2624.99 558.252 10 0 1 5 1.32762e+06 27.0947 57802.2 1.06959 4.87359e+06 1.32762e+06 ZonesAtSurface
4075.53 2625 468.319 0 0 1 6 860431 26.2466 85889.8 1.04179 4.82447e+06 860431 ZonesAtSurface
4125.55 2625 528.332 0 1 1 4 1.41234e+06 29.1705 62390 1.47361 3.34503e+06 1.41234e+06 ZonesAtSurface
4175.58 2625.01 538.361 10 10 2 3 882364 36.1118 68598.3 2.051 2.1491e+06 882364 ZonesAtSurface
4225.61 2625 498.393 8 0 1 3 758663 34.7554 82930.6 1.54529 2.38554e+06 758663 ZonesAtSurface
4275.63 2625 508.418 0 0 2 2 1.15868e+06 39.1595 60468.9 3.30468 2.13872e+06 1.15868e+06 ZonesAtSurface
4325.65 2625 468.445 0 0 2 2 1.35655e+06 19.6495 138444 2.04394 2.15935e+06 1.35655e+06 ZonesAtSurface
4375.66 2625 478.466 0 1 2 1 1.3914e+06 27.9325 140233 2.95479 1.66505e+06 1.3914e+06 ZonesAtSurface
4425.67 2624.99 438.493 2 10 1 1 1.45027e+06 42.1963 111273 2.88988 2.6838e+06 1.45027e+06 ZonesAtSurface
4475.68 2624.99 398.521 0 10 1 1 1.31231e+06 31.9465 112307 2.38231 2.11473e+06 1.31231e+06 ZonesAtSurface
4525.69 2625 358.541 7 5 2 1 740473 27.9378 129990 1.60273 1.71374e+06 740473 ZonesAtSurface
4575.7 2625 268.556 0 4 2 2 1.35101e+06 39.3404 115791 2.85902 2.33548e+06 1.35101e+06 ZonesAtSurface
4625.49 2625 28.6063 0 0 1 6 978080 42.8948 106541 2.70307 9.15393e+06 978080 ZonesAtSurface
4675.42 2624.99 -11.3905 0 0 1 6 1.26232e+06 44.5621 148401 3.66552 1.02037e+07 1.26232e+06 ZonesAtSurface
4725.39 2625 -1.36584 5 0 1 5 828791 26.9365 136863 1.01077 9.1263e+06 828791 ZonesAtSurface
4775.35 2625 8.65492 21 0 1 4 1.31995e+06 44.4348 135435 1.13496 9.86655e+06 1.31995e+06 ZonesAtSurface
4825.27 2624.99 18.6867 52 0 1 3 1.17747e+06 30.877 132196 1.21476 4.41711e+06 1.17747e+06 ZonesAtSurface
4875.16 2624.99 28.7318 65 0 1 2 592074 18.9914 115609 1.54137 2.16614e+06 592074 ZonesAtSurface
4925.06 2625 38.7321 67 0 1 1 1.04057e+06 32.4468 98737.3 1.34534 4.24638e+06 1.04057e+06 ZonesAtSurface
74.9627 2674.99 -32.6686 89 0 1 2 100000 5 10000 1.10185 334739 100000 ZonesAtSurface
124.882 2674.98 -7.545 88 0 1 2 100000 5 10000 1.84232 175968 100000 ZonesAtSurface
174.713 2675.01 -32.6806 79 0 1 3 100000 5 10000 1.5875 259653 100000 ZonesAtSurface
224.635 2675.01 -7.69597 79 2 1 3 100000 5 10000 3.11621 123824 100000 ZonesAtSurface
274.574 2675.01 -32.7613 41 0 1 4 1.1035e+06 27.2228 73442.5 1.46299 4.03829e+06 1.1035e+06 ZonesAtSurface
324.524 2675.01 -7.74618 48 35 1 4 1.39499e+06 31.0993 103036 2.11999 2.8671e+06 1.39499e+06 ZonesAtSurface
374.478 2675 -32.7951 39 0 1 5 732611 27.1236 73709.9 1.33138 4.81314e+06 732611 ZonesAtSurface
424.405 2674.99 -7.80541 48 0 1 5 516072 18.0187 65200.3 1.80715 1.6074e+06 516072 ZonesAtSurface
474.388 2674.99 -32.8685 11 0 1 6 1.46155e+06 22.4831 59228.9 1.00803 8.89428e+06 1.46155e+06 ZonesAtSurface
524.333 2674.99 -7.88147 11 0 1 6 666851 30.1346 95153.4 1.02111 9.36547e+06 666851 ZonesAtSurface
574.28 2674.99 17.105 5 0 1 6 1.38264e+06 35.5479 67024.5 1.04095 1.15199e+07 1.38264e+06 ZonesAtSurface
624.158 2674.99 92.0897 2 0 2 5 643821 38.5059 125026 1.3198 5.24984e+06 643821 ZonesAtSurface
674.13 2675 167.085 0 0 1 4 1.47842e+06 25.2557 113281 1.74957 3.28506e+06 1.47842e+06 ZonesAtSurface
724.142 2675 142.067 1 0 2 5 867922 24.8619 63105.4 1.09433 3.97144e+06 867922 ZonesAtSurface
774.138 2675 167.051 10 0 1 5 543698 23.627 78385.1 1.07458 4.43659e+06 543698 ZonesAtSurface
824.122 2674.99 242.041 7 0 1 4 1.06522e+06 35.3121 138177 1.88927 3.263e+06 1.06522e+06 ZonesAtSurface
874.14 2674.99 217.021 0 0 1 5 1.05555e+06 23.0028 107236 1.51549 3.60236e+06 1.05555e+06 ZonesAtSurface
924.146 2674.99 242.008 0 0 1 5 1.15369e+06 44.1293 62257.7 4.07003 3.75088e+06 1.15369e+06 ZonesAtSurface
974.156 2674.99 266.992 6 0 1 5 100000 5 10000 1.05527 663283 100000 ZonesAtSurface
1024.17 2674.99 291.974 4 0 1 5 521861 31.5749 109993 1.26829 3.03639e+06 521861 ZonesAtSurface
1074.19 2675 316.959 0 0 2 5 737540 38.7495 50605.7 2.03678 2.40915e+06 737540 ZonesAtSurface
1124.22 2675 341.948 0 2 2 5 871005 29.6772 71585.8 1.44876 2.14713e+06 871005 ZonesAtSurface
1174.23 2675 316.932 0 0 1 6 1.44315e+06 38.6089 76916.3 3.92534 2.58691e+06 1.44315e+06 ZonesAtSurface
1224.26 2675 341.925 0 0 1 6 612105 33.622 77772.3 1.56572 2.51957e+06 612105 ZonesAtSurface
1274.28 2675 366.921 0 8 2 6 1.10527e+06 33.2348 58133.5 1.62851 2.54883e+06 1.10527e+06 ZonesAtSurface
1324.31 2675 341.907 6 0 2 7 530742 31.0296 60268.1 1.01994 2.77806e+06 530742 ZonesAtSurface
1374.34 2675 366.908 7 4 2 7 1.00806e+06 38.3324 109658 1.20753 3.236e+06 1.00806e+06 ZonesAtSurface
1424.36 2675 341.894 0 4 1 8 1.20679e+06 44.6027 108963 1.62081 3.98824e+06 1.20679e+06 ZonesAtSurface
1474.39 2675 316.872 9 0 1 9 981655 15.795 128675 1.0551 4.14468e+06 981655 ZonesAtSurface
1524.42 2674.99 341.855 0 0 1 9 1.16741e+06 42.0214 125846 1.617 5.99268e+06 1.16741e+06 ZonesAtSurface
1574.47 2674.99 416.82 7 0 2 8 100000 5 10000 1.60341 197710 100000 ZonesAtSurface
1624.54 2674.98 441.787 1 9 2 8 935333 44.4125 63375.7 1.5055 3.16162e+06 935333 ZonesAtSurface
1674.59 2674.99 416.781 6 0 1 9 803119 43.7879 91066.7 1.06709 4.78136e+06 803119 ZonesAtSurface
1724.67 2674.97 541.74 5 4 2 7 624346 31.9944 78780.5 0 2.08469e+06 624346 ZonesAtSurface
1774.7 2674.99 466.753 5 0 1 9 608027 32.9213 103167 1.00782 3.21403e+06 608027 ZonesAtSurface
1824.75 2674.99 491.743 0 0 2 9 1.02696e+06 40.5051 53640.7 1.04566 5.15741e+06 1.02696e+06 ZonesAtSurface
1874.82 2674.99 466.771 1 0 1 10 1.49812e+06 15.163 124337 1.03403 4.73945e+06 1.49812e+06 ZonesAtSurface
1924.87 2674.99 491.788 0 0 1 10 1.07241e+06 22.5213 144191 1.04799 4.73584e+06 1.07241e+06 ZonesAtSurface
1974.92 2674.99 566.791 9 8 2 9 932258 29.624 87681.9 0.971113 3.1509e+06 932258 ZonesAtSurface
2024.98 2675 479.33 7 0 1 10 100000 5 10000 1.02738 872595 100000 ZonesAtSurface
2075.02 2675 429.366 2 0 1 9 922783 44.0817 79728.7 1.52746 6.38559e+06 922783 ZonesAtSurface
2125.06 2675 379.405 2 0 1 8 1.26179e+06 37.2884 101214 2.33179 5.30012e+06 1.26179e+06 ZonesAtSurface
2175.08 2674.99 329.435 0 0 1 7 1.08095e+06 42.135 109866 4.49757 5.14772e+06 1.08095e+06 ZonesAtSurface
2225.07 2674.96 279.448 0 0 0 0 1.42545e+06 37.5722 74652.7 2.99345 8.17671e+06 1.42545e+06 ZonesAtSurface
2275.1 2674.98 129.455 0 0 0 0 542083 19.0039 86066.6 1.99731 8.19661e+06 542083 ZonesAtSurface
2325.09 2674.95 79.4538 0 0 0 0 807936 24.1694 93260.2 1.33827 1.54504e+07 807936 ZonesAtSurface
2375.11 2674.95 -20.5396 2 0 0 0 1.02039e+06 31.4903 76817.2 1.61396 1.70918e+07 1.02039e+06 ZonesAtSurface
2425.11 2674.94 -120.528 7 0 0 0 705017 21.3779 107956 1.03282 1.44371e+07 705017 ZonesAtSurface
2475.1 2674.97 -220.516 0 0 0 0 803249 30.9993 98514.8 4.5081 7.51173e+06 803249 ZonesAtSurface
2525.07 2674.98 -250.509 0 0 0 0 625757 41.8891 84921.2 9.57647 6.65182e+06 625757 ZonesAtSurface
2575.03 2674.96 -210.501 0 0 0 0 835817 28.4356 107865 3.31591 8.3404e+06 835817 ZonesAtSurface
2624.98 2674.94 -170.488 0 0 0 0 695355 38.9649 93219.1 5.00775 8.10631e+06 695355 ZonesAtSurface
2674.95 2674.97 -180.483 0 0 0 0 828560 28.9962 106169 4.10355 6.96523e+06 828560 ZonesAtSurface
2724.9 2674.95 -90.4838 0 0 0 0 844128 44.1175 94300.9 6.93705 7.7417e+06 844128 ZonesAtSurface
2774.87 2674.95 -50.4961 0 0 0 0 1.47039e+06 30.2775 65369.4 3.03735 8.24455e+06 1.47039e+06 ZonesAtSurface
2824.86 2674.98 -60.506 0 0 0 0 1.35941e+06 31.793 132089 10 3.22928e+06 1.35941e+06 ZonesAtSurface
2874.84 2674.94 29.4757 7 0 0 0 100000 5 10000 1.00751 2.58207e+06 100000 ZonesAtSurface
2924.84 2674.93 69.4603 6 0 0 0 100000 5 10000 1.00613 2.50415e+06 100000 ZonesAtSurface
2974.85 2674.87 159.427 10 0 0 0 1.1796e+06 42.0784 106809 1.26953 1.10357e+07 1.1796e+06 ZonesAtSurface
3024.85 2674.94 149.421 0 0 0 0 1.24275e+06 20.6413 103144 1.59792 8.52359e+06 1.24275e+06 ZonesAtSurface
3074.86 2674.93 189.397 0 0 0 0 1.18027e+06 42.1097 64366.2 5.84204 8.43298e+06 1.18027e+06 ZonesAtSurface
3124.88 2674.93 229.384 0 0 0 0 806300 21.3012 130082 1.70884 8.7765e+06 806300 ZonesAtSurface
3174.91 2674.85 319.379 10 0 0 0 683440 37.0663 122376 1.02865 1.04623e+07 683440 ZonesAtSurface
3224.89 2674.95 309.389 0 0 0 0 819199 26.4312 132631 1.97994 7.02088e+06 819199 ZonesAtSurface
3274.89 2674.97 349.394 2 0 1 6 1.16523e+06 27.5556 73039 2.56454 5.31639e+06 1.16523e+06 ZonesAtSurface
3324.87 2674.99 389.384 5 0 1 6 615564 40.419 145761 1.87341 6.18399e+06 615564 ZonesAtSurface
3374.87 2674.99 429.352 5 0 1 6 1.28913e+06 24.9639 62801.1 1.28329 4.66796e+06 1.28913e+06 ZonesAtSurface
3424.89 2674.99 469.318 0 0 2 6 1.47191e+06 44.2672 96434 2.16311 4.51991e+06 1.47191e+06 ZonesAtSurface
3474.92 2674.99 509.281 10 0 1 6 607436 32.4631 73256.4 1.06553 4.0602e+06 607436 ZonesAtSurface
3524.94 2674.99 499.245 0 0 1 7 1.40622e+06 34.9096 119290 1.55567 6.06807e+06 1.40622e+06 ZonesAtSurface
3574.98 2674.99 539.213 0 0 1 7 655683 40.6946 118764 1.48884 5.87493e+06 655683 ZonesAtSurface
3625.02 2674.99 529.198 5 0 1 8 1.05816e+06 22.6234 91474.9 1.00489 5.57863e+06 1.05816e+06 ZonesAtSurface
3675.06 2674.99 669.138 3 0 2 6 624588 40.6767 50811.6 1.2285 3.1678e+06 624588 ZonesAtSurface
3725.09 2674.99 659.121 4 4 2 7 1.21902e+06 33.247 110996 1.21912 3.49978e+06 1.21902e+06 ZonesAtSurface
3775.15 2674.99 609.141 2 0 1 8 1.07683e+06 32.325 145809 1.02052 5.27143e+06 1.07683e+06 ZonesAtSurface
3825.19 2674.99 669.102 2 0 1 6 1.38658e+06 28.7527 96086.9 1.05171 5.21759e+06 1.38658e+06 ZonesAtSurface
3875.26 2675 729.028 3 0 2 4 824901 44.2137 60867 1.0611 4.00008e+06 824901 ZonesAtSurface
3925.25 2675 789.054 0 6 2 2 1.22344e+06 41.1435 92419.8 4.38215 1.16708e+06 1.22344e+06 ZonesAtSurface
3975.41 2675 649.135 9 3 1 4 1.39601e+06 41.6052 148115 1.07295 5.77827e+06 1.39601e+06 ZonesAtSurface
4025.5 2675 559.244 0 0 1 5 1.18431e+06 21.78 141928 1.07665 4.87623e+06 1.18431e+06 ZonesAtSurface
4075.54 2675 519.301 7 0 1 5 657381 39.4056 137638 1.07434 4.32159e+06 657381 ZonesAtSurface
4125.57 2675 479.344 0 0 1 5 899915 42.7057 86651.6 1.35605 5.78997e+06 899915 ZonesAtSurface
4175.59 2675 389.397 0 0 1 6 1.18605e+06 33.9832 116090 1.63219 6.30781e+06 1.18605e+06 ZonesAtSurface
4225.61 2675.01 499.407 3 0 2 3 1.04979e+06 37.546 84261.7 1.62811 2.99043e+06 1.04979e+06 ZonesAtSurface
4275.64 2675 459.431 7 0 2 3 789262 34.2789 84167.3 1.70188 2.57325e+06 789262 ZonesAtSurface
4325.65 2675 469.45 0 0 2 2 1.15159e+06 39.8904 130888 3.25071 2.04428e+06 1.15159e+06 ZonesAtSurface
4375.66 2675 479.47 0 0 2 1 1.22144e+06 25.2602 93638.7 2.89506 1.52496e+06 1.22144e+06 ZonesAtSurface
4425.67 2675 439.494 9 0 1 1 1.37639e+06 17.586 105483 2.14459 1.86815e+06 1.37639e+06 ZonesAtSurface
4475.69 2675 399.517 0 2 1 1 952662 26.8402 115262 3.29562 1.28018e+06 952662 ZonesAtSurface
4525.7 2675 359.534 1 3 2 1 926448 35.9279 52431.2 2.98792 1.47105e+06 926448 ZonesAtSurface
4575.65 2675 169.576 0 0 2 4 658899 40.9638 83836.3 1.15548 4.71407e+06 658899 ZonesAtSurface
4625.49 2675 29.6077 7 0 1 6 694951 23.3857 71311.5 1.02394 8.61088e+06 694951 ZonesAtSurface
4675.42 2675 -10.3893 0 0 1 6 1.27499e+06 33.7651 66926.3 1.90212 1.03091e+07 1.27499e+06 ZonesAtSurface
4725.39 2675 -0.363064 12 0 1 5 728738 36.2922 128357 1.03221 1.16517e+07 728738 ZonesAtSurface
4775.34 2675 9.66305 24 0 1 4 1.37411e+06 30.7777 83531.4 1.19455 8.00031e+06 1.37411e+06 ZonesAtSurface
4825.27 2675 19.683 54 0 1 3 961875 25.9906 54883.5 1.31786 3.2679e+06 961875 ZonesAtSurface
4875.17 2674.99 29.7257 51 0 1 2 908930 34.8277 142243 1.68004 3.68066e+06 908930 ZonesAtSurface
4925.07 2675 39.7379 66 2 1 1 959070 17.3837 119812 1.09802 3.41472e+06 959070 ZonesAtSurface
74.9592 2724.98 -31.7192 86 6 1 2 1.47831e+06 23.1918 77641 1.19724 4.11689e+06 1.47831e+06 ZonesAtSurface
124.893 2724.98 -6.58664 72 46 1 2 1.18658e+06 28.3789 126446 2.23998 1.81597e+06 1.18658e+06 ZonesAtSurface
174.759 2724.99 -31.6629 79 0 1 3 100000 5 10000 1.32532 331443 100000 ZonesAtSurface
224.673 2724.98 -6.66939 79 3 1 3 100000 5 10000 2.38329 143030 100000 ZonesAtSurface
274.579 2725.01 -31.7597 68 5 1 4 947657 41.0331 51897.3 1.32879 4.01261e+06 947657 ZonesAtSurface
324.522 2725.01 -6.74979 67 41 1 4 1.135e+06 37.2475 67990.6 2.66277 2.52059e+06 1.135e+06 ZonesAtSurface
374.47 2725 -31.8067 43 0 1 5 1.15886e+06 37.0442 129931 1.20083 8.08148e+06 1.15886e+06 ZonesAtSurface
424.401 2725 -6.81466 42 2 1 5 1.28382e+06 22.9567 53371.4 1.3019 3.29136e+06 1.28382e+06 ZonesAtSurface
474.382 2724.99 -31.876 8 0 1 6 1.45072e+06 34.2979 104638 1.03675 1.14732e+07 1.45072e+06 ZonesAtSurface
524.227 2724.98 43.1161 10 0 1 5 100000 5 10000 0.853314 587663 100000 ZonesAtSurface
574.192 2724.99 68.0961 0 0 2 5 1.23584e+06 36.2498 139903 1.1355 6.47619e+06 1.23584e+06 ZonesAtSurface
624.135 2724.99 143.092 8 9 1 4 1.28346e+06 33.2053 59930.9 2.04203 2.67611e+06 1.28346e+06 ZonesAtSurface
674.199 2725 68.0712 0 0 1 6 1.25687e+06 34.6445 109499 1.55381 7.50957e+06 1.25687e+06 ZonesAtSurface
724.152 2725 143.069 0 0 1 5 1.47496e+06 43.6202 85172.4 1.95759 6.07674e+06 1.47496e+06 ZonesAtSurface
774.142 2724.99 168.048 6 0 1 5 1.16564e+06 33.2422 130791 1.45185 6.19447e+06 1.16564e+06 ZonesAtSurface
824.11 2724.99 243.032 3 0 1 4 794888 21.934 112895 1.15678 2.78965e+06 794888 ZonesAtSurface
874.137 2724.99 218.016 0 0 1 5 1.02626e+06 44.8122 125982 3.5215 4.29847e+06 1.02626e+06 ZonesAtSurface
924.131 2724.99 292.997 9 0 1 4 1.39564e+06 17.5555 138315 1.19927 3.43876e+06 1.39564e+06 ZonesAtSurface
974.15 2724.99 317.98 10 1 1 4 686147 20.2814 133616 1.13687 1.6994e+06 686147 ZonesAtSurface
1024.17 2725 292.969 7 0 1 5 609421 21.4135 83740.1 1.12187 2.5757e+06 609421 ZonesAtSurface
1074.19 2725 317.959 1 0 2 5 604286 31.088 55387 1.36945 2.27882e+06 604286 ZonesAtSurface
1124.22 2725 342.949 0 5 2 5 1.35546e+06 31.6578 142503 2.21538 2.06958e+06 1.35546e+06 ZonesAtSurface
1174.24 2725 367.94 8 6 2 5 614276 25.6214 59305.7 1.47087 1.28257e+06 614276 ZonesAtSurface
1224.26 2725 342.928 3 0 2 6 780708 26.1838 108434 1.10183 2.57823e+06 780708 ZonesAtSurface
1274.29 2725 367.925 0 8 2 6 1.33418e+06 31.0732 128196 2.00778 2.25075e+06 1.33418e+06 ZonesAtSurface
1324.31 2725 342.913 0 0 1 7 1.44462e+06 41.3457 124273 2.14439 3.52641e+06 1.44462e+06 ZonesAtSurface
1374.34 2725 317.902 0 0 1 8 1.45831e+06 21.7974 69976.1 1.53404 3.94993e+06 1.45831e+06 ZonesAtSurface
1424.37 2725 342.901 7 0 1 8 626580 40.8731 56246 1.11675 3.65141e+06 626580 ZonesAtSurface
1474.4 2725 317.878 10 0 1 9 508241 21.102 78334.9 1.00839 4.07806e+06 508241 ZonesAtSurface
1524.45 2724.99 292.864 0 0 1 10 1.26913e+06 25.9823 135902 1.21798 7.13919e+06 1.26913e+06 ZonesAtSurface
1574.49 2724.99 367.831 4 0 1 9 100000 5 10000 1.00821 882207 100000 ZonesAtSurface
1624.55 2724.99 392.804 6 0 1 9 554292 31.7858 67419.3 1.02319 3.99278e+06 554292 ZonesAtSurface
1674.61 2724.99 467.776 1 0 2 8 956398 22.3435 147532 1.10885 2.62649e+06 956398 ZonesAtSurface
1724.66 2724.99 492.765 0 7 2 8 1.13841e+06 41.3219 55115.3 1.32806 3.71982e+06 1.13841e+06 ZonesAtSurface
1774.71 2724.99 517.756 0 8 2 8 886083 27.9696 90984 1.61194 1.79372e+06 886083 ZonesAtSurface
1824.76 2724.99 492.753 2 0 2 9 815051 27.1394 91222.1 1.01286 3.64388e+06 815051 ZonesAtSurface
1874.8 2724.99 567.753 7 8 2 8 621630 17.642 128132 2.46415 729108 621630 ZonesAtSurface
1924.86 2724.99 592.766 8 8 2 8 513134 23.3033 137924 1.86924 1.02329e+06 513134 ZonesAtSurface
1974.92 2724.99 567.795 6 2 2 9 828761 19.1027 53377.3 1.01037 2.26272e+06 828761 ZonesAtSurface
2024.97 2725 480.327 0 0 1 10 853837 20.1714 133397 1.0021 3.91221e+06 853837 ZonesAtSurface
2075.02 2725 430.366 2 0 2 9 598991 15.2659 66629.5 1.00789 2.64625e+06 598991 ZonesAtSurface
2125.06 2725 380.41 0 0 1 8 1.02334e+06 34.2295 101556 1.94305 5.6225e+06 1.02334e+06 ZonesAtSurface
2175.07 2724.99 330.441 0 0 1 7 766162 41.3712 126133 3.32028 4.76576e+06 766162 ZonesAtSurface
2225.08 2724.96 280.452 8 0 0 0 1.04339e+06 16.1169 65511.4 1.63839 5.48533e+06 1.04339e+06 ZonesAtSurface
2275.1 2724.98 130.453 2 0 0 0 100000 5 10000 1.18723 2.72924e+06 100000 ZonesAtSurface
2325.1 2724.94 80.4474 0 0 0 0 503281 42.4565 56212.1 3.28561 1.33525e+07 503281 ZonesAtSurface
2375.14 2724.98 -69.5255 0 0 0 0 874725 32.2832 104280 7.94085 4.45525e+06 874725 ZonesAtSurface
2425.13 2724.94 -119.515 0 0 0 0 753833 41.9719 142984 2.83741 1.35009e+07 753833 ZonesAtSurface
2475.11 2724.99 -269.507 0 0 0 0 987829 17.2211 127555 3.05788 5.59825e+06 987829 ZonesAtSurface
2525.07 2724.97 -249.506 0 0 0 0 1.16846e+06 36.7199 100230 5.98958 7.1505e+06 1.16846e+06 ZonesAtSurface
2575.03 2724.95 -209.499 0 0 0 0 1.41447e+06 30.8642 54898.4 3.69144 7.98041e+06 1.41447e+06 ZonesAtSurface
2624.99 2724.97 -219.493 0 0 0 0 980704 27.8232 93630.4 4.55296 6.78392e+06 980704 ZonesAtSurface
2674.95 2724.97 -179.489 7 0 0 0 100000 5 10000 1.02352 3.14545e+06 100000 ZonesAtSurface
2724.91 2724.97 -139.492 0 0 0 0 1.39733e+06 19.7746 91307.2 3.22258 5.74976e+06 1.39733e+06 ZonesAtSurface
2774.88 2724.97 -99.5014 0 0 0 0 1.42259e+06 38.6195 108722 9.82851 5.47465e+06 1.42259e+06 ZonesAtSurface
2824.86 2724.97 -59.5136 0 0 0 0 720580 17.4725 61591.7 2.7503 4.92619e+06 720580 ZonesAtSurface
2874.85 2724.97 -19.5283 3 0 0 0 100000 5 10000 1.08918 2.72573e+06 100000 ZonesAtSurface
2924.84 2724.99 -29.5286 0 0 0 0 800306 26.5856 81977.3 10 2.2449e+06 800306 ZonesAtSurface
2974.85 2724.94 110.445 0 0 0 0 1.41895e+06 27.028 75365 1.61907 8.72851e+06 1.41895e+06 ZonesAtSurface
3024.85 2724.94 150.431 0 0 0 0 837289 29.2023 51980.3 1.89897 7.01317e+06 837289 ZonesAtSurface
3074.85 2724.93 190.413 0 0 0 0 1.34553e+06 25.9635 124462 1.83005 7.3134e+06 1.34553e+06 ZonesAtSurface
3124.86 2724.93 230.398 0 0 0 0 834428 38.0784 133678 3.41575 7.18476e+06 834428 ZonesAtSurface
3174.88 2724.93 270.392 0 0 0 0 1.15735e+06 33.6593 111225 3.27231 6.29544e+06 1.15735e+06 ZonesAtSurface
3224.89 2724.95 310.392 0 0 0 0 1.09081e+06 42.5691 122156 5.99153 5.30731e+06 1.09081e+06 ZonesAtSurface
3274.89 2724.97 350.403 0 0 1 6 1.23202e+06 28.4797 84895.6 2.46411 6.224e+06 1.23202e+06 ZonesAtSurface
3324.88 2724.99 340.377 0 0 1 7 1.28852e+06 17.7742 74995.4 1.86559 4.39994e+06 1.28852e+06 ZonesAtSurface
3374.87 2725.01 480.344 6 10 1 5 1.32487e+06 37.628 127858 2.38141 2.29797e+06 1.32487e+06 ZonesAtSurface
3424.89 2725 470.314 9 0 1 6 1.14752e+06 22.7602 90285.3 1.06219 4.11717e+06 1.14752e+06 ZonesAtSurface
3474.92 2724.99 510.278 0 0 2 6 883629 42.3073 146623 1.02917 4.87533e+06 883629 ZonesAtSurface
3524.95 2724.99 500.247 3 0 1 7 1.28006e+06 32.5064 135017 1.2348 6.29203e+06 1.28006e+06 ZonesAtSurface
3575 2724.99 590.204 10 3 1 6 1.28976e+06 40.8552 103071 1.10718 4.92752e+06 1.28976e+06 ZonesAtSurface
3625.04 2724.98 680.167 0 8 2 5 1.34578e+06 26.2508 140023 1.78536 2.55265e+06 1.34578e+06 ZonesAtSurface
3675.06 2724.99 670.144 10 10 2 6 1.12561e+06 35.1084 117992 1.45888 2.77481e+06 1.12561e+06 ZonesAtSurface
3725.1 2724.99 660.126 6 5 2 7 1.18212e+06 31.2377 50899.5 1.21421 3.38692e+06 1.18212e+06 ZonesAtSurface
3775.16 2724.99 610.144 5 0 1 8 1.23091e+06 17.0657 92580.8 1.0548 4.02177e+06 1.23091e+06 ZonesAtSurface
3825.2 2724.99 670.104 7 0 1 6 767427 26.6931 67695.1 1.04494 3.66403e+06 767427 ZonesAtSurface
3875.26 2725 730.032 2 0 2 4 612935 16.5883 94305.3 1.04807 1.84224e+06 612935 ZonesAtSurface
3925.3 2725 740.055 0 4 2 3 1.17121e+06 23.2045 123971 2.01386 1.86778e+06 1.17121e+06 ZonesAtSurface
3975.37 2725 700.108 0 0 2 3 1.33088e+06 18.85 92086.6 1.44372 2.62911e+06 1.33088e+06 ZonesAtSurface
4025.45 2724.99 660.165 2 3 2 3 1.30537e+06 34.9418 138597 1.19369 4.02472e+06 1.30537e+06 ZonesAtSurface
4075.55 2725 520.298 9 0 1 5 1.20614e+06 20.1622 83972 1.05349 4.91726e+06 1.20614e+06 ZonesAtSurface
4125.58 2725 480.35 7 0 1 5 1.30789e+06 36.0223 54501.2 1.10931 6.30001e+06 1.30789e+06 ZonesAtSurface
4175.6 2725 390.402 0 0 1 6 760898 32.8978 92417 1.29898 5.95934e+06 760898 ZonesAtSurface
4225.61 2725.01 450.426 9 0 2 4 513049 44.4655 129419 1.99551 2.6827e+06 513049 ZonesAtSurface
4275.63 2725.01 460.445 0 9 1 3 1.384e+06 28.0788 131176 1.91995 2.5871e+06 1.384e+06 ZonesAtSurface
4325.65 2725 470.459 0 1 2 2 1.15027e+06 15.7432 60268 1.77927 1.88177e+06 1.15027e+06 ZonesAtSurface
4375.66 2725 480.476 0 6 2 1 1.19467e+06 21.1638 87029.6 2.51588 1.43153e+06 1.19467e+06 ZonesAtSurface
4425.67 2725 440.496 0 6 2 1 1.18825e+06 37.1203 92076.9 4.01052 1.50146e+06 1.18825e+06 ZonesAtSurface
4475.69 2725 400.514 0 0 2 1 1.12232e+06 36.0362 60818.9 6.13512 981843 1.12232e+06 ZonesAtSurface
4525.7 2725 360.529 3 10 2 1 871554 33.7827 144993 3.98477 875816 871554 ZonesAtSurface
4575.54 2725 70.5961 0 0 1 6 991533 36.4134 74422.4 1.6857 8.86676e+06 991533 ZonesAtSurface
4625.49 2725 30.6096 3 0 1 6 1.19566e+06 21.5001 132972 1.00805 8.06529e+06 1.19566e+06 ZonesAtSurface
4675.43 2725 -9.38839 0 0 1 6 1.45007e+06 43.3262 138929 2.99274 1.08252e+07 1.45007e+06 ZonesAtSurface
4725.39 2725 0.638686 15 0 1 5 1.22646e+06 39.6744 132981 1.08781 1.32207e+07 1.22646e+06 ZonesAtSurface
4775.32 2725 10.6722 24 0 1 4 1.19599e+06 43.0409 119889 1.36605 6.98752e+06 1.19599e+06 ZonesAtSurface
4825.27 2725 20.6845 48 0 1 3 588162 32.1248 93325.8 1.33228 3.35897e+06 588162 ZonesAtSurface
4875.17 2725 30.725 59 0 1 2 892773 20.7014 74049.7 1.46596 2.68985e+06 892773 ZonesAtSurface
4925.07 2724.99 40.7446 58 2 1 1 643961 18.7492 76202.1 1.07632 3.16847e+06 643961 ZonesAtSurface
74.9374 2774.99 -30.7443 89 0 1 2 1.40253e+06 24.2745 73500.8 1.20289 5.57668e+06 1.40253e+06 ZonesAtSurface
124.864 2774.99 -5.64784 54 69 1 2 1.37723e+06 36.0307 76821.5 2.58819 2.34508e+06 1.37723e+06 ZonesAtSurface
174.778 2774.98 -30.6853 70 0 1 3 1.44142e+06 29.9791 95288.7 1.74819 4.31168e+06 1.44142e+06 ZonesAtSurface
224.704 2774.98 -5.65542 79 39 1 3 1.37408e+06 33.1902 139277 2.22147 2.94178e+06 1.37408e+06 ZonesAtSurface
274.598 2775 -30.7276 68 0 1 4 100000 5 10000 1.09016 540743 100000 ZonesAtSurface
324.521 2775 -5.71647 68 0 1 4 100000 5 10000 1.23703 201392 100000 ZonesAtSurface
374.454 2775 -30.8142 51 0 1 5 821739 31.0059 90702.1 1.10156 4.61097e+06 821739 ZonesAtSurface
424.384 2775 -5.8229 27 6 1 5 1.34361e+06 44.1561 123373 1.28008 5.0503e+06 1.34361e+06 ZonesAtSurface
474.374 2775 -30.8789 14 0 1 6 1.09698e+06 39.6516 122685 1.04157 1.22452e+07 1.09698e+06 ZonesAtSurface
524.217 2775 44.1085 1 0 2 5 634499 25.609 80457.4 1.09144 3.09351e+06 634499 ZonesAtSurface
574.129 2774.99 119.091 4 0 2 4 100000 5 10000 0.949627 255499 100000 ZonesAtSurface
624.177 2775 94.0894 0 0 1 5 1.18725e+06 34.3722 142050 1.16486 4.25377e+06 1.18725e+06 ZonesAtSurface
674.167 2775 119.08 5 0 1 5 890588 24.9772 81231.1 1.14127 4.0848e+06 890588 ZonesAtSurface
724.188 2775 94.0555 0 0 1 6 618273 34.2707 138714 2.22793 6.26363e+06 618273 ZonesAtSurface
774.141 2774.99 169.042 0 0 1 5 1.11526e+06 39.0343 59856.3 1.76582 6.86337e+06 1.11526e+06 ZonesAtSurface
824.094 2774.99 244.02 4 0 1 4 100000 5 10000 1.12965 514097 100000 ZonesAtSurface
874.101 2774.99 269.001 7 0 1 4 100000 5 10000 1.29285 532115 100000 ZonesAtSurface
924.136 2775 243.992 2 0 1 5 100000 5 10000 1.39578 675649 100000 ZonesAtSurface
974.151 2775 268.975 0 0 1 5 1.43042e+06 38.5899 69280.8 2.20911 4.46236e+06 1.43042e+06 ZonesAtSurface
1024.17 2775 293.966 2 0 1 5 1.43531e+06 26.5254 88202.4 1.60556 3.7249e+06 1.43531e+06 ZonesAtSurface
1074.2 2775 268.958 0 0 1 6 856404 33.4773 104857 2.86994 3.17433e+06 856404 ZonesAtSurface
1124.22 2775 293.948 0 0 1 6 1.2409e+06 15.1223 118585 1.23901 3.50493e+06 1.2409e+06 ZonesAtSurface
1174.24 2775 318.94 2 0 1 6 1.17168e+06 30.0024 56219.5 1.42281 3.52746e+06 1.17168e+06 ZonesAtSurface
1224.26 2775 343.935 8 0 1 6 516501 36.4676 128568 1.07868 2.73789e+06 516501 ZonesAtSurface
1274.29 2775 318.923 3 0 2 7 689773 23.4213 134494 1.09763 3.3898e+06 689773 ZonesAtSurface
1324.31 2775 343.921 9 0 2 7 518019 19.2629 61230.9 1.04165 1.69345e+06 518019 ZonesAtSurface
1374.34 2775 318.906 0 0 2 8 1.01774e+06 20.5433 82097.4 1.27819 3.49427e+06 1.01774e+06 ZonesAtSurface
1424.37 2775 343.898 5 0 1 8 759625 29.5009 105530 1.20265 2.99322e+06 759625 ZonesAtSurface
1474.41 2774.99 368.878 7 0 1 8 100000 5 10000 1.32741 308619 100000 ZonesAtSurface
1524.45 2774.99 343.854 4 0 1 9 100000 5 10000 1.00835 950339 100000 ZonesAtSurface
1574.53 2774.99 468.82 5 10 2 7 1.00513e+06 29.6822 118396 3.03304 1.09808e+06 1.00513e+06 ZonesAtSurface
1624.56 2775 443.799 5 0 2 8 1.28372e+06 16.5369 62812.4 1.48344 2.52761e+06 1.28372e+06 ZonesAtSurface
1674.61 2775 418.792 4 0 1 9 714277 32.6547 135551 1.01205 3.88089e+06 714277 ZonesAtSurface
1724.67 2775 493.774 10 9 1 8 1.47025e+06 32.6578 115417 1.14951 4.47657e+06 1.47025e+06 ZonesAtSurface
1774.71 2774.99 468.762 6 0 1 9 944223 25.0105 83180.5 1.01303 3.73526e+06 944223 ZonesAtSurface
1824.77 2774.99 493.762 7 0 1 9 854170 16.4041 56438.6 1.00375 2.96565e+06 854170 ZonesAtSurface
1874.82 2774.99 518.772 9 3 1 9 1.25536e+06 38.1496 68682.8 1.05272 4.72612e+06 1.25536e+06 ZonesAtSurface
1924.87 2774.99 543.788 0 2 2 9 1.02252e+06 27.7256 93671.6 1.11482 2.91112e+06 1.02252e+06 ZonesAtSurface
1974.92 2774.99 568.799 0 4 2 9 1.05192e+06 42.2126 80212.4 1.09037 4.08186e+06 1.05192e+06 ZonesAtSurface
2024.96 2775 531.32 9 0 1 9 1.41591e+06 20.0364 137843 1.00765 4.02439e+06 1.41591e+06 ZonesAtSurface
2075.02 2775 381.371 2 0 1 10 1.34978e+06 19.8469 74110.6 1.30302 6.22039e+06 1.34978e+06 ZonesAtSurface
2125.06 2775 381.41 2 0 1 8 1.32946e+06 30.5106 99450.3 1.23875 6.1771e+06 1.32946e+06 ZonesAtSurface
2175.08 2774.99 281.434 0 0 1 8 845293 31.3718 90882 5.98063 3.20936e+06 845293 ZonesAtSurface
2225.09 2774.98 231.447 0 0 0 0 1.45552e+06 43.3854 93409.1 8.46793 5.38377e+06 1.45552e+06 ZonesAtSurface
2275.1 2774.96 181.457 2 0 0 0 769990 18.8384 71894.6 1.44072 7.2776e+06 769990 ZonesAtSurface
2325.13 2774.97 31.4633 0 0 0 0 598912 27.4394 136881 2.86676 7.43814e+06 598912 ZonesAtSurface
2375.14 2774.97 -68.5256 5 0 0 0 100000 5 10000 1.01965 2.84983e+06 100000 ZonesAtSurface
2425.14 2774.98 -168.514 0 0 0 0 573785 42.0135 120666 9.57016 5.95146e+06 573785 ZonesAtSurface
2475.11 2774.99 -268.509 0 0 0 0 100000 5 10000 1.37937 2.78305e+06 100000 ZonesAtSurface
2525.07 2774.97 -248.504 0 0 0 0 615007 32.764 58310.7 4.28259 8.24652e+06 615007 ZonesAtSurface
2575.04 2774.98 -258.503 0 0 0 0 1.1123e+06 27.282 82925.3 4.33801 7.19511e+06 1.1123e+06 ZonesAtSurface
2625 2774.99 -268.498 0 0 0 0 1.31204e+06 21.5964 71694.9 4.38165 5.5551e+06 1.31204e+06 ZonesAtSurface
2674.95 2774.96 -178.495 0 0 0 0 821425 28.3042 95636 3.93147 6.90177e+06 821425 ZonesAtSurface
2724.92 2774.96 -138.501 9 0 0 0 100000 5 10000 1.01925 3.03399e+06 100000 ZonesAtSurface
2774.89 2774.92 -48.5225 0 0 0 0 1.38426e+06 36.7916 92116.1 2.17901 1.29594e+07 1.38426e+06 ZonesAtSurface
2824.88 2774.92 -8.53542 8 0 0 0 678073 18.4232 136018 1.02139 9.66563e+06 678073 ZonesAtSurface
2874.87 2774.92 31.4525 0 0 0 0 618555 30.2329 71374.8 1.64226 1.08933e+07 618555 ZonesAtSurface
2924.87 2774.93 71.4501 0 0 0 0 1.326e+06 26.775 62677.5 1.82063 1.0088e+07 1.326e+06 ZonesAtSurface
2974.85 2774.95 111.448 0 0 0 0 800271 18.712 84474.1 1.42465 7.14451e+06 800271 ZonesAtSurface
3024.85 2774.95 151.437 0 0 0 0 857117 42.9032 89579.1 6.25086 5.87954e+06 857117 ZonesAtSurface
3074.85 2774.94 191.42 0 0 0 0 1.43546e+06 15.6637 84053.2 1.42367 6.36381e+06 1.43546e+06 ZonesAtSurface
3124.86 2774.93 231.405 0 0 0 0 1.27397e+06 18.27 71256.2 1.44606 6.5148e+06 1.27397e+06 ZonesAtSurface
3174.87 2774.93 271.397 0 0 0 0 886238 33.503 53927.4 3.71931 5.61525e+06 886238 ZonesAtSurface
3224.87 2774.97 261.393 0 0 0 0 1.31873e+06 28.8976 118915 5.73358 3.36753e+06 1.31873e+06 ZonesAtSurface
3274.89 2774.98 351.41 8 0 1 6 1.35314e+06 41.8492 80272.2 3.26321 7.54813e+06 1.35314e+06 ZonesAtSurface
3324.88 2774.99 341.384 5 0 1 7 1.04381e+06 18.2727 56836 1.19965 5.09376e+06 1.04381e+06 ZonesAtSurface
3374.88 2775 381.357 9 0 1 7 821556 29.5513 119111 1.06451 5.15533e+06 821556 ZonesAtSurface
3424.9 2775.01 521.306 5 8 2 5 1.43617e+06 32.4293 142808 1.962 2.67122e+06 1.43617e+06 ZonesAtSurface
3474.93 2775 561.273 2 6 1 5 1.36542e+06 33.2664 56491.4 1.54933 3.28211e+06 1.36542e+06 ZonesAtSurface
3524.96 2774.99 551.237 0 0 2 6 895277 35.2226 131503 1.01642 4.13492e+06 895277 ZonesAtSurface
3575 2774.99 591.2 5 0 2 6 1.07948e+06 43.8159 64499.4 1.01414 5.19463e+06 1.07948e+06 ZonesAtSurface
3625.04 2774.99 681.168 7 10 1 5 1.413e+06 24.8444 51024.1 2.10973 2.07987e+06 1.413e+06 ZonesAtSurface
3675.07 2774.99 621.159 6 0 1 7 597762 22.2568 76167.2 1.0127 3.2202e+06 597762 ZonesAtSurface
3725.12 2774.99 611.15 6 0 1 8 1.01485e+06 39.9701 55490.1 1.01291 6.98551e+06 1.01485e+06 ZonesAtSurface
3775.17 2774.99 611.146 0 0 1 8 1.36567e+06 20.3553 148843 1.0229 4.73275e+06 1.36567e+06 ZonesAtSurface
3825.22 2774.99 621.143 4 0 1 7 769254 24.8767 95707.3 1.04303 3.86943e+06 769254 ZonesAtSurface
3875.28 2775 681.09 8 0 1 5 862296 17.4436 84657.7 1.10329 2.72039e+06 862296 ZonesAtSurface
3925.31 2775 741.055 0 0 2 3 1.34152e+06 15.314 65397.7 1.84761 2.01759e+06 1.34152e+06 ZonesAtSurface
3975.42 2775 651.119 6 0 2 4 548415 35.2513 58799.8 1.18909 2.55919e+06 548415 ZonesAtSurface
4025.45 2775 661.16 7 7 2 3 897992 35.5687 67268.5 1.13748 3.18563e+06 897992 ZonesAtSurface
4075.53 2774.99 621.217 6 5 2 3 820444 33.728 113318 1.43861 2.15121e+06 820444 ZonesAtSurface
4125.58 2775 431.368 2 0 1 6 1.05717e+06 39.9505 65695.9 1.1188 6.89036e+06 1.05717e+06 ZonesAtSurface
4175.6 2775 391.406 5 0 1 6 726081 22.0703 111956 1.01271 4.53312e+06 726081 ZonesAtSurface
4225.62 2775 351.436 0 0 1 6 838453 29.1253 138892 1.37482 5.2413e+06 838453 ZonesAtSurface
4275.63 2775.01 461.457 5 10 1 3 1.29997e+06 20.9176 110565 2.03209 1.84583e+06 1.29997e+06 ZonesAtSurface
4325.65 2775.01 421.473 0 0 2 3 1.2741e+06 19.5937 84791.7 1.55008 2.71567e+06 1.2741e+06 ZonesAtSurface
4375.66 2775.01 431.487 0 0 2 2 656306 41.6715 84730.3 1.75713 2.3499e+06 656306 ZonesAtSurface
4425.67 2775 441.501 0 0 2 1 762994 17.0662 57885.5 1.9696 1.11439e+06 762994 ZonesAtSurface
4475.69 2775 401.515 0 0 2 1 756734 38.328 60450.9 2.89925 1.48901e+06 756734 ZonesAtSurface
4525.71 2775 311.531 0 8 2 2 1.12874e+06 25.6627 64537.4 2.12173 1.87079e+06 1.12874e+06 ZonesAtSurface
4575.55 2774.99 71.5971 0 0 1 6 1.00669e+06 40.3854 73061.6 2.26603 9.02259e+06 1.00669e+06 ZonesAtSurface
4625.61 2774.99 131.612 6 7 2 4 1.19619e+06 26.1045 139750 1.29995 3.01019e+06 1.19619e+06 ZonesAtSurface
4675.43 2775 -8.38898 0 0 1 6 1.00483e+06 44.8066 80779.9 2.83458 1.14742e+07 1.00483e+06 ZonesAtSurface
4725.39 2775 1.6403 23 0 1 5 623234 30.866 57440.1 1.02704 9.19406e+06 623234 ZonesAtSurface
4775.32 2775 11.6815 31 0 1 4 944411 36.8451 98193.3 1.38795 5.38722e+06 944411 ZonesAtSurface
4825.26 2775 21.6952 51 1 1 3 1.0736e+06 29.1548 70332.6 1.2138 4.18277e+06 1.0736e+06 ZonesAtSurface
4875.16 2775 31.7347 61 0 1 2 1.13656e+06 16.2405 141727 1.54602 2.38774e+06 1.13656e+06 ZonesAtSurface
4925.06 2774.99 41.7439 62 0 1 1 826299 37.5538 133136 1.43642 4.27265e+06 826299 ZonesAtSurface
74.928 2824.99 -29.7559 87 0 1 2 536072 23.1681 93152.1 1.31812 3.75639e+06 536072 ZonesAtSurface
124.854 2825 -4.68413 79 51 1 2 539328 25.9957 135529 2.63311 651252 539328 ZonesAtSurface
174.786 2824.99 -29.7033 49 0 1 3 607751 40.7926 113704 1.18447 4.73638e+06 607751 ZonesAtSurface
224.713 2824.99 -4.65693 64 18 1 3 613618 37.0118 91649.4 2.10752 1.45857e+06 613618 ZonesAtSurface
274.623 2824.99 -29.6951 68 0 1 4 679204 15.6556 77074 1.22498 1.81391e+06 679204 ZonesAtSurface
324.524 2824.98 -4.66209 67 10 1 4 704495 19.3183 66666.5 1.89364 1.19942e+06 704495 ZonesAtSurface
374.43 2825 -29.8 57 0 1 5 100000 5 10000 1.09028 621754 100000 ZonesAtSurface
424.34 2825 -4.82898 25 0 1 5 100000 5 10000 1.06911 415441 100000 ZonesAtSurface
474.358 2825 -29.8774 10 0 1 6 100000 5 10000 1.12283 1.22525e+06 100000 ZonesAtSurface
524.204 2825 45.1117 10 0 1 5 100000 5 10000 0.950787 440102 100000 ZonesAtSurface
574.185 2825 70.0962 1 0 2 5 100000 5 10000 1.04721 590839 100000 ZonesAtSurface
624.13 2824.99 145.097 6 0 2 4 821997 39.6503 56165.6 1.96195 2.47101e+06 821997 ZonesAtSurface
674.205 2825 70.0678 3 0 1 6 740839 37.0405 143118 1.30835 7.82743e+06 740839 ZonesAtSurface
724.142 2824.99 145.058 4 0 1 5 100000 5 10000 1.12826 853567 100000 ZonesAtSurface
774.13 2824.99 170.039 0 0 1 5 100000 5 10000 1.20075 866828 100000 ZonesAtSurface
824.077 2824.99 295.003 6 0 2 3 883456 24.4647 118630 1.24217 2.36161e+06 883456 ZonesAtSurface
874.098 2824.99 319.989 0 9 1 3 1.28692e+06 32.9466 97154.9 2.34894 1.97778e+06 1.28692e+06 ZonesAtSurface
924.115 2824.99 344.98 7 6 2 3 524894 30.9235 105731 1.68019 985157 524894 ZonesAtSurface
974.131 2825 319.968 8 0 2 4 725337 24.4645 115093 1.22448 2.17748e+06 725337 ZonesAtSurface
1024.16 2825 294.964 6 0 2 5 100000 5 10000 1.03362 695546 100000 ZonesAtSurface
1074.19 2825 269.957 2 0 1 6 897411 26.5584 90858 1.37818 4.09862e+06 897411 ZonesAtSurface
1124.22 2825 244.948 0 0 1 7 629209 30.5397 91439.3 2.48977 3.92231e+06 629209 ZonesAtSurface
1174.24 2825 319.942 0 3 1 6 1.36381e+06 41.2674 59126.6 1.88042 3.80543e+06 1.36381e+06 ZonesAtSurface
1224.27 2825 294.934 0 0 1 7 735696 20.387 86761.3 1.17307 3.62426e+06 735696 ZonesAtSurface
1274.29 2825 319.932 5 0 1 7 667753 40.5352 117531 1.09629 3.26763e+06 667753 ZonesAtSurface
1324.31 2825 344.931 9 3 1 7 914517 41.5468 68056.8 1.25345 3.29177e+06 914517 ZonesAtSurface
1374.34 2825 319.911 4 0 1 8 1.08139e+06 39.0901 73617.8 1.46045 4.35204e+06 1.08139e+06 ZonesAtSurface
1424.38 2825 344.895 6 0 2 8 100000 5 10000 1.27401 484774 100000 ZonesAtSurface
1474.42 2825 319.875 8 0 1 9 100000 5 10000 0.976323 1.04885e+06 100000 ZonesAtSurface
1524.47 2825 394.845 8 0 2 8 1.10521e+06 29.2076 94048.5 1.04407 4.20737e+06 1.10521e+06 ZonesAtSurface
1574.51 2824.99 369.826 10 0 1 9 845393 17.0314 63259.9 1.02144 3.83785e+06 845393 ZonesAtSurface
1624.56 2824.99 394.812 9 0 1 9 929528 43.9604 107996 1.17028 6.36783e+06 929528 ZonesAtSurface
1674.61 2825 419.799 9 0 1 9 628669 17.7821 119662 1.01293 2.95255e+06 628669 ZonesAtSurface
1724.67 2825 494.783 8 0 2 8 560267 32.966 70114.1 1.17642 1.8176e+06 560267 ZonesAtSurface
1774.72 2825 519.77 5 9 2 8 891455 42.7198 57352.5 1.80018 2.23727e+06 891455 ZonesAtSurface
1824.77 2824.99 494.769 0 0 2 9 1.46796e+06 21.8793 112518 1.07041 3.93808e+06 1.46796e+06 ZonesAtSurface
1874.82 2824.99 569.768 9 4 2 8 553602 35.3634 85773.9 1.37484 1.66408e+06 553602 ZonesAtSurface
1924.88 2824.99 494.795 2 0 1 10 1.23474e+06 28.8607 112081 1.01306 5.19564e+06 1.23474e+06 ZonesAtSurface
1974.92 2824.99 519.804 0 0 1 10 1.04176e+06 35.1675 70885 1.00124 4.95775e+06 1.04176e+06 ZonesAtSurface
2024.96 2824.99 532.323 5 1 1 9 1.04822e+06 37.5699 107504 1.02072 3.88534e+06 1.04822e+06 ZonesAtSurface
2075.01 2824.99 432.364 8 0 1 9 1.06846e+06 39.3876 147371 1.37475 6.41687e+06 1.06846e+06 ZonesAtSurface
2125.05 2824.99 382.406 7 0 1 8 100000 5 10000 0.993308 871754 100000 ZonesAtSurface
2175.08 2824.99 282.43 0 0 1 8 979604 28.2683 112312 4.32518 3.70934e+06 979604 ZonesAtSurface
2225.05 2824.91 282.437 9 0 0 0 831079 20.8339 132096 1.36445 7.37273e+06 831079 ZonesAtSurface
2275.12 2824.98 132.457 0 0 0 0 1.14968e+06 36.0386 103419 10 2.2814e+06 1.14968e+06 ZonesAtSurface
2325.12 2824.97 32.47 5 0 0 0 1.29866e+06 28.5762 81099.2 2.49682 1.00689e+07 1.29866e+06 ZonesAtSurface
2375.12 2824.91 -17.529 0 0 0 0 792937 42.2291 122026 5.34245 1.05602e+07 792937 ZonesAtSurface
2425.13 2824.96 -167.522 0 0 0 0 1.34009e+06 32.3962 93303.2 4.79605 8.1077e+06 1.34009e+06 ZonesAtSurface
2475.11 2824.95 -217.516 0 0 0 0 559362 32.2212 74250.6 3.49353 9.08732e+06 559362 ZonesAtSurface
2525.08 2824.99 -297.511 0 0 0 0 1.26136e+06 25.1935 78436.4 3.96977 7.19073e+06 1.26136e+06 ZonesAtSurface
2575.04 2824.99 -307.507 0 0 0 0 595832 34.2216 148959 8.30885 5.83094e+06 595832 ZonesAtSurface
2625 2824.97 -217.503 10 0 0 0 100000 5 10000 1.01422 3.09968e+06 100000 ZonesAtSurface
2674.96 2824.96 -177.5 7 0 0 0 100000 5 10000 1.00785 2.97108e+06 100000 ZonesAtSurface
2724.93 2824.96 -137.504 1 0 0 0 100000 5 10000 1.01785 2.8548e+06 100000 ZonesAtSurface
2774.9 2824.92 -47.5291 4 0 0 0 1.49066e+06 21.4005 66772.3 1.42152 1.01632e+07 1.49066e+06 ZonesAtSurface
2824.89 2824.93 -7.53791 0 0 0 0 735343 29.1205 109108 1.73728 1.01965e+07 735343 ZonesAtSurface
2874.87 2824.97 -17.5307 0 0 0 0 880876 18.8525 104866 2.45413 5.21449e+06 880876 ZonesAtSurface
2924.87 2824.94 72.4525 0 0 0 0 1.3471e+06 30.2835 105844 2.2946 9.3191e+06 1.3471e+06 ZonesAtSurface
2974.85 2824.95 112.451 0 0 0 0 1.46528e+06 36.1118 127638 4.57141 6.6098e+06 1.46528e+06 ZonesAtSurface
3024.84 2824.95 152.441 0 0 0 0 834590 39.1589 75696.2 6.22471 5.06154e+06 834590 ZonesAtSurface
3074.84 2824.94 192.427 0 0 0 0 1.30259e+06 41.158 73292.7 6.60833 5.15958e+06 1.30259e+06 ZonesAtSurface
3124.85 2824.93 232.41 0 0 0 0 1.47963e+06 25.9336 50053.5 2.6944 5.57432e+06 1.47963e+06 ZonesAtSurface
3174.87 2824.93 272.399 0 0 0 0 848550 43.2224 119164 5.58874 5.55353e+06 848550 ZonesAtSurface
3224.87 2824.96 262.395 0 0 0 0 651085 29.5993 143920 3.49321 4.00493e+06 651085 ZonesAtSurface
3274.88 2824.98 302.398 0 0 1 7 1.16023e+06 35.0548 55049.4 4.5628 4.60212e+06 1.16023e+06 ZonesAtSurface
3324.88 2824.99 342.39 10 0 1 7 1.241e+06 23.7836 115622 1.27884 5.34902e+06 1.241e+06 ZonesAtSurface
3374.89 2824.99 382.359 6 0 1 7 1.40103e+06 33.7673 75515.5 1.35104 5.92653e+06 1.40103e+06 ZonesAtSurface
3424.9 2825 422.322 0 0 1 7 772772 42.0075 102213 1.5946 6.37154e+06 772772 ZonesAtSurface
3474.93 2825 512.277 9 0 1 6 1.03009e+06 38.8946 111101 1.22666 5.94615e+06 1.03009e+06 ZonesAtSurface
3524.97 2824.99 602.226 4 4 1 5 1.49976e+06 40.8062 122353 1.31755 5.2591e+06 1.49976e+06 ZonesAtSurface
3575 2824.99 642.183 9 0 1 5 780723 17.7311 80801.5 1.18076 2.06455e+06 780723 ZonesAtSurface
3625.04 2824.99 632.173 3 0 1 6 651254 39.2809 68117.8 1.01227 4.52916e+06 651254 ZonesAtSurface
3675.08 2825 622.163 7 0 1 7 738407 30.9448 78173.5 1.01039 4.03724e+06 738407 ZonesAtSurface
3725.13 2825 662.128 3 1 1 7 1.25223e+06 38.2761 90647.4 1.08526 4.51779e+06 1.25223e+06 ZonesAtSurface
3775.18 2825 662.116 6 6 1 7 1.33729e+06 24.0045 82665 1.29155 3.14897e+06 1.33729e+06 ZonesAtSurface
3825.23 2825 622.142 3 0 1 7 1.11824e+06 44.1814 148197 1.03249 6.67747e+06 1.11824e+06 ZonesAtSurface
3875.29 2824.99 632.137 3 1 1 6 1.36922e+06 36.844 80373.6 1.01645 5.26131e+06 1.36922e+06 ZonesAtSurface
3925.31 2825 742.06 3 10 2 3 1.22761e+06 16.6724 112568 1.71214 1.92094e+06 1.22761e+06 ZonesAtSurface
3975.33 2825 752.106 0 9 2 2 561334 16.4033 101265 2.00842 737448 561334 ZonesAtSurface
4025.45 2825 662.16 2 2 2 3 621813 41.4767 104951 1.12056 2.26017e+06 621813 ZonesAtSurface
4075.49 2824.99 672.196 0 7 2 2 1.4226e+06 17.4736 146705 2.15089 1.77273e+06 1.4226e+06 ZonesAtSurface
4125.62 2824.99 532.311 6 0 2 4 100000 5 10000 1.08444 284588 100000 ZonesAtSurface
4175.61 2825 392.409 0 0 1 6 1.24282e+06 42.0574 103067 1.74674 6.51975e+06 1.24282e+06 ZonesAtSurface
4225.62 2825 352.44 0 0 1 6 515135 32.6611 101474 1.40939 5.59336e+06 515135 ZonesAtSurface
4275.64 2825 362.468 8 0 1 5 590742 19.3553 109732 1.14489 3.09337e+06 590742 ZonesAtSurface
4325.65 2825.01 372.489 4 0 1 4 581580 16.8896 128245 1.24557 2.5636e+06 581580 ZonesAtSurface
4375.66 2825.01 432.5 0 4 2 2 1.18705e+06 24.6467 102019 1.63921 2.38985e+06 1.18705e+06 ZonesAtSurface
4425.68 2825.01 392.513 0 0 1 2 789311 29.9766 113759 1.92555 2.18433e+06 789311 ZonesAtSurface
4475.69 2825 352.526 0 0 1 2 1.07541e+06 40.7804 147686 2.49962 2.48775e+06 1.07541e+06 ZonesAtSurface
4525.7 2825 312.536 0 4 2 2 1.23053e+06 34.3271 75756.9 1.73661 2.8992e+06 1.23053e+06 ZonesAtSurface
4575.59 2824.99 122.595 3 0 1 5 592098 38.1311 129706 1.24881 8.44445e+06 592098 ZonesAtSurface
4625.56 2824.99 82.6096 8 0 1 5 995660 40.9065 86710.5 1.25138 7.24649e+06 995660 ZonesAtSurface
4675.43 2824.99 -7.39109 8 0 1 6 1.41245e+06 22.0547 114265 1.17143 1.1018e+07 1.41245e+06 ZonesAtSurface
4725.39 2824.99 2.64015 28 0 1 5 760292 24.3691 70126.6 1.0512 8.70693e+06 760292 ZonesAtSurface
4775.32 2824.99 12.6857 33 0 1 4 659578 35.1812 127867 1.31227 4.68042e+06 659578 ZonesAtSurface
4825.25 2824.99 22.6988 54 0 1 3 609457 20.3762 141097 1.11197 3.18972e+06 609457 ZonesAtSurface
4875.15 2824.99 32.7287 59 0 1 2 1.02337e+06 24.2878 101322 1.69145 2.67756e+06 1.02337e+06 ZonesAtSurface
4925.06 2824.99 42.7381 64 0 1 1 1.0517e+06 30.5024 84671 1.24879 3.64356e+06 1.0517e+06 ZonesAtSurface
74.9297 2875 -28.7626 89 0 1 2 548986 21.2605 68169.9 1.43522 2.7163e+06 548986 ZonesAtSurface
124.858 2875 -3.6986 85 52 1 2 645166 32.4768 110500 2.86567 882052 645166 ZonesAtSurface
174.784 2875 -28.7178 65 0 1 3 594576 35.1232 144070 1.31638 2.72333e+06 594576 ZonesAtSurface
224.691 2875 -3.66937 62 46 1 3 1.14087e+06 17.9686 98494.6 2.20824 1.54247e+06 1.14087e+06 ZonesAtSurface
274.627 2874.99 -28.6933 68 9 1 4 1.42795e+06 31.277 116496 1.0889 5.52292e+06 1.42795e+06 ZonesAtSurface
324.513 2874.99 -3.65127 68 0 1 4 100000 5 10000 1.51261 259089 100000 ZonesAtSurface
374.413 2874.99 -28.7859 57 0 1 5 100000 5 10000 1.04825 652630 100000 ZonesAtSurface
424.317 2875 -3.83391 23 3 1 5 1.37492e+06 25.9268 123976 1.87279 2.75304e+06 1.37492e+06 ZonesAtSurface
474.34 2875 -28.8709 19 0 1 6 100000 5 10000 1.46357 934233 100000 ZonesAtSurface
524.287 2875 -3.89089 0 0 1 6 100000 5 10000 1.36499 805933 100000 ZonesAtSurface
574.251 2875 21.0949 3 0 1 6 100000 5 10000 1.11842 981427 100000 ZonesAtSurface
624.161 2874.99 96.0925 10 0 1 5 531704 33.265 118321 1.21421 4.65298e+06 531704 ZonesAtSurface
674.11 2874.99 171.078 8 0 1 4 681913 41.9996 121472 1.81785 5.1623e+06 681913 ZonesAtSurface
724.059 2874.99 246.047 9 2 2 3 100000 5 10000 0.672526 332348 100000 ZonesAtSurface
774.074 2875 271.024 3 0 2 3 906120 37.3899 74195.4 1.36407 3.80235e+06 906120 ZonesAtSurface
824.09 2875 296.007 1 0 2 3 1.16434e+06 18.551 126228 1.51695 2.36937e+06 1.16434e+06 ZonesAtSurface
874.107 2875 320.996 4 0 2 3 625490 25.1139 75117.9 1.16869 1.63477e+06 625490 ZonesAtSurface
924.123 2875 345.987 0 6 2 3 1.38221e+06 37.8429 148451 3.22388 1.60997e+06 1.38221e+06 ZonesAtSurface
974.139 2875 370.977 0 5 2 3 1.449e+06 17.72 99605.4 2.32399 1.71817e+06 1.449e+06 ZonesAtSurface
1024.15 2875 345.967 0 0 2 4 762631 27.9645 108676 1.98727 1.68155e+06 762631 ZonesAtSurface
1074.17 2874.99 320.954 8 0 2 5 524518 37.8288 78552.2 1.15966 2.49647e+06 524518 ZonesAtSurface
1124.19 2874.99 345.944 0 6 2 5 975265 33.586 121859 1.40306 2.53551e+06 975265 ZonesAtSurface
1174.23 2875 320.938 4 0 2 6 100000 5 10000 1.06517 653975 100000 ZonesAtSurface
1224.26 2875 295.936 1 0 1 7 767383 44.4314 122675 1.86488 4.05986e+06 767383 ZonesAtSurface
1274.28 2875 320.936 8 3 1 7 1.47352e+06 33.8113 132886 1.30263 4.54529e+06 1.47352e+06 ZonesAtSurface
1324.32 2875 295.923 0 0 1 8 1.37112e+06 35.2452 143938 2.22477 4.29411e+06 1.37112e+06 ZonesAtSurface
1374.36 2875 270.912 0 0 1 9 1.41854e+06 36.0918 99144.3 3.40369 4.77422e+06 1.41854e+06 ZonesAtSurface
1424.39 2875 295.897 7 0 1 9 100000 5 10000 1.07939 1.26806e+06 100000 ZonesAtSurface
1474.43 2875 320.87 8 0 1 9 100000 5 10000 1.00448 1.14099e+06 100000 ZonesAtSurface
1524.48 2874.99 395.844 6 0 1 8 716102 39.8573 61464.8 1.04598 3.3489e+06 716102 ZonesAtSurface
1574.52 2874.99 370.828 1 0 2 9 1.4538e+06 21.8072 67983.5 1.09841 4.85715e+06 1.4538e+06 ZonesAtSurface
1624.57 2874.99 445.815 9 5 2 8 687624 26.099 83502.8 3.47223 703804 687624 ZonesAtSurface
1674.62 2875 470.802 0 5 2 8 1.26295e+06 43.5686 72058 2.06701 3.20389e+06 1.26295e+06 ZonesAtSurface
1724.67 2875 395.795 2 0 1 10 1.42665e+06 30.3289 73601.7 1.01795 7.54558e+06 1.42665e+06 ZonesAtSurface
1774.72 2875 420.787 1 0 1 10 1.05389e+06 26.9311 72810.1 1.00274 5.64026e+06 1.05389e+06 ZonesAtSurface
1824.77 2875 545.767 9 0 2 8 554676 29.4716 143429 1.74115 1.54555e+06 554676 ZonesAtSurface
1874.82 2875 570.775 6 10 2 8 878530 25.6614 88905.9 1.30153 2.0506e+06 878530 ZonesAtSurface
1924.87 2874.99 595.792 10 7 2 8 581914 20.728 74138.3 1.52717 1.06884e+06 581914 ZonesAtSurface
1974.92 2874.99 570.805 0 3 2 9 779677 44.6694 98949.8 1.19002 2.84536e+06 779677 ZonesAtSurface
2024.97 2874.99 533.326 9 0 2 9 1.14215e+06 26.4563 130967 1.01023 3.60544e+06 1.14215e+06 ZonesAtSurface
2075.01 2874.99 483.362 4 7 2 8 1.08085e+06 25.1378 62732.4 1.06963 3.14608e+06 1.08085e+06 ZonesAtSurface
2125.04 2874.99 383.403 6 0 2 8 100000 5 10000 0.884201 516982 100000 ZonesAtSurface
2175.08 2874.99 283.427 0 0 1 8 693606 36.0436 88442.7 6.32266 2.83442e+06 693606 ZonesAtSurface
2225.09 2874.98 233.435 4 0 0 0 559663 41.3513 96233.5 5.08994 6.04929e+06 559663 ZonesAtSurface
2275.12 2874.99 133.462 0 0 0 0 839699 36.4842 120521 7.85492 3.60221e+06 839699 ZonesAtSurface
2325.12 2874.97 33.473 9 0 0 0 100000 5 10000 1.07551 2.5033e+06 100000 ZonesAtSurface
2375.11 2874.94 -66.5342 3 0 0 0 636921 43.0972 67255.5 2.07235 1.68098e+07 636921 ZonesAtSurface
2425.13 2874.98 -216.525 0 0 0 0 713925 40.2477 109545 8.70619 6.35372e+06 713925 ZonesAtSurface
2475.11 2874.98 -266.52 0 0 0 0 1.47028e+06 43.9063 131755 9.98828 7.26408e+06 1.47028e+06 ZonesAtSurface
2525.07 2874.91 -196.531 3 0 0 0 1.00295e+06 35.649 132105 2.53592 1.15764e+07 1.00295e+06 ZonesAtSurface
2575.03 2874.87 -156.532 8 0 0 0 1.16117e+06 36.9307 121876 2.11215 1.08862e+07 1.16117e+06 ZonesAtSurface
2625 2874.98 -216.505 0 0 0 0 908241 17.5476 97251.3 1.70814 7.9052e+06 908241 ZonesAtSurface
2674.96 2874.93 -126.506 0 0 0 0 601051 36.4852 101583 2.56978 9.92394e+06 601051 ZonesAtSurface
2724.92 2874.93 -86.512 4 0 0 0 1.34933e+06 17.6123 92804.7 1.21692 8.67847e+06 1.34933e+06 ZonesAtSurface
2774.9 2874.94 -46.5235 0 0 0 0 892192 28.1204 61633.8 1.79655 9.6137e+06 892192 ZonesAtSurface
2824.89 2874.94 -6.53445 0 0 0 0 889602 44.437 52275.4 4.45448 9.53524e+06 889602 ZonesAtSurface
2874.88 2874.95 33.4599 2 0 0 0 1.11923e+06 25.4277 73978 1.45554 9.68149e+06 1.11923e+06 ZonesAtSurface
2924.86 2874.96 73.4609 7 0 0 0 1.0962e+06 17.526 104507 1.31101 7.09316e+06 1.0962e+06 ZonesAtSurface
2974.85 2874.91 163.455 10 0 0 0 1.22801e+06 32.6444 109803 2.79954 5.02623e+06 1.22801e+06 ZonesAtSurface
3024.84 2874.96 153.449 0 0 0 0 571157 34.2938 116957 6.27785 3.76951e+06 571157 ZonesAtSurface
3074.83 2874.98 143.439 0 0 0 0 1.02153e+06 15.928 141665 3.36302 2.94186e+06 1.02153e+06 ZonesAtSurface
3124.84 2874.97 183.422 0 0 0 0 880311 39.0116 120261 8.69396 3.86745e+06 880311 ZonesAtSurface
3174.85 2874.97 223.407 0 0 0 0 1.37155e+06 19.2353 71695.2 2.58722 4.37699e+06 1.37155e+06 ZonesAtSurface
3224.87 2874.97 263.399 0 0 0 0 506883 31.8217 133877 3.89498 3.63057e+06 506883 ZonesAtSurface
3274.88 2874.98 303.4 0 0 1 7 1.19101e+06 32.0582 56498.5 4.26473 4.21628e+06 1.19101e+06 ZonesAtSurface
3324.87 2874.99 343.387 6 0 1 7 1.07968e+06 36.1096 66822.4 2.61395 4.48278e+06 1.07968e+06 ZonesAtSurface
3374.89 2874.99 383.356 2 0 1 7 1.46682e+06 27.1614 72277.9 1.49705 5.62785e+06 1.46682e+06 ZonesAtSurface
3424.91 2875 423.322 3 0 1 7 573564 36.5378 127871 1.06834 6.14864e+06 573564 ZonesAtSurface
3474.94 2874.99 513.28 5 0 1 6 1.492e+06 22.6203 114475 1.19029 5.20124e+06 1.492e+06 ZonesAtSurface
3524.95 2874.99 603.215 10 0 1 5 100000 5 10000 1.15287 562345 100000 ZonesAtSurface
3574.98 2875 643.168 7 0 1 5 100000 5 10000 1.17395 556294 100000 ZonesAtSurface
3625.04 2875 633.168 8 0 1 6 577478 35.3905 108213 1.19331 4.39676e+06 577478 ZonesAtSurface
3675.04 2874.99 723.088 8 0 2 5 100000 5 10000 1.92386 136910 100000 ZonesAtSurface
3725.12 2875 713.09 6 0 2 6 100000 5 10000 1.04993 320708 100000 ZonesAtSurface
3775.19 2875 663.117 6 2 1 7 1.14906e+06 19.1824 91548.3 1.16526 2.74294e+06 1.14906e+06 ZonesAtSurface
3825.23 2875 673.118 10 5 1 6 1.06044e+06 28.3843 64567.3 1.34952 2.60725e+06 1.06044e+06 ZonesAtSurface
3875.29 2875 683.1 6 0 2 5 604153 30.345 138680 1.04586 2.62915e+06 604153 ZonesAtSurface
3925.35 2875 693.083 7 2 2 4 974109 26.9576 98671 1.36026 2.66045e+06 974109 ZonesAtSurface
3975.42 2875 653.126 3 0 2 4 820883 34.7891 136973 1.01639 3.12592e+06 820883 ZonesAtSurface
4025.46 2875 663.161 5 9 2 3 1.4211e+06 18.4205 103027 1.22886 3.16812e+06 1.4211e+06 ZonesAtSurface
4075.53 2875 623.21 6 0 2 3 723974 38.3225 139091 1.08232 2.7239e+06 723974 ZonesAtSurface
4125.6 2874.99 583.265 6 8 2 3 815344 33.111 76865.1 1.68314 1.93741e+06 815344 ZonesAtSurface
4175.62 2875 393.41 3 0 1 6 1.09455e+06 19.3842 99827.2 1.01515 5.12807e+06 1.09455e+06 ZonesAtSurface
4225.63 2875 353.442 3 0 1 6 527975 18.1459 92786 1.01858 3.96963e+06 527975 ZonesAtSurface
4275.64 2875 363.475 7 0 1 5 734474 34.6546 69304.7 1.26641 5.03763e+06 734474 ZonesAtSurface
4325.65 2875.01 373.505 0 0 1 4 1.38861e+06 42.5318 65145.4 2.87214 3.24323e+06 1.38861e+06 ZonesAtSurface
4375.66 2875.01 383.516 4 0 1 3 1.26443e+06 23.7683 147288 2.33937 2.31162e+06 1.26443e+06 ZonesAtSurface
4425.67 2875.01 393.526 0 0 2 2 1.19722e+06 44.4357 81313.2 3.23289 2.01787e+06 1.19722e+06 ZonesAtSurface
4475.68 2875 353.534 0 0 2 2 770374 22.6695 87827.2 1.22498 2.19055e+06 770374 ZonesAtSurface
4525.69 2875 313.544 6 4 2 2 906370 20.3578 84791.5 1.16938 2.18264e+06 906370 ZonesAtSurface
4575.7 2874.99 273.562 7 8 2 2 776690 32.0254 71858.6 1.8281 1.49094e+06 776690 ZonesAtSurface
4625.56 2874.99 83.6067 3 0 1 5 1.1743e+06 29.5169 137717 1.03091 6.27559e+06 1.1743e+06 ZonesAtSurface
4675.49 2874.99 43.6218 4 0 1 5 1.39878e+06 15.9156 77893.2 1.11929 7.13617e+06 1.39878e+06 ZonesAtSurface
4725.4 2874.99 3.63225 16 0 1 5 715170 44.6266 64081.7 1.27505 1.39316e+07 715170 ZonesAtSurface
4775.32 2874.99 13.6811 28 0 1 4 1.43423e+06 36.8364 105674 1.24838 6.12628e+06 1.43423e+06 ZonesAtSurface
4825.25 2874.99 23.6932 42 0 1 3 1.40305e+06 40.2176 91502.7 1.16083 7.19721e+06 1.40305e+06 ZonesAtSurface
4875.15 2874.99 33.722 59 9 1 2 1.3806e+06 42.3399 119905 1.40402 4.74768e+06 1.3806e+06 ZonesAtSurface
4925.06 2874.99 43.7312 50 0 1 1 849057 30.6694 129076 1.26569 3.88258e+06 849057 ZonesAtSurface
74.9381 2925 -27.7702 89 0 1 2 1.252e+06 21.9224 58698.9 1.31194 4.06703e+06 1.252e+06 ZonesAtSurface
124.863 2925 -2.70113 70 37 1 2 532438 43.2797 72065.4 3.68224 1.1344e+06 532438 ZonesAtSurface
174.775 2925 -27.7182 79 0 1 3 888594 15.5405 146652 1.72542 1.65846e+06 888594 ZonesAtSurface
224.654 2925 -2.65111 79 0 1 3 100000 5 10000 1.49632 180169 100000 ZonesAtSurface
274.593 2925 -27.6842 61 0 1 4 100000 5 10000 1.21268 421933 100000 ZonesAtSurface
324.472 2925 -2.67098 68 23 1 4 1.00348e+06 17.0318 134421 1.76012 1.76809e+06 1.00348e+06 ZonesAtSurface
374.405 2925 -27.7866 52 0 1 5 1.29056e+06 17.3809 132612 1.04956 4.77643e+06 1.29056e+06 ZonesAtSurface
424.328 2925 -2.83159 26 0 1 5 1.26001e+06 17.2273 75133.6 1.04679 3.9353e+06 1.26001e+06 ZonesAtSurface
474.286 2925 22.1513 9 0 1 5 1.4142e+06 40.3118 118843 1.19677 7.08914e+06 1.4142e+06 ZonesAtSurface
524.289 2925 -2.87813 3 0 1 6 1.42332e+06 32.0939 142266 1.28845 9.89377e+06 1.42332e+06 ZonesAtSurface
574.248 2925 22.1047 7 0 1 6 989712 24.5726 104255 1.02631 7.00082e+06 989712 ZonesAtSurface
624.216 2925 47.0873 4 0 1 6 1.26538e+06 44.5997 87638 1.42623 9.74301e+06 1.26538e+06 ZonesAtSurface
674.094 2925 172.07 2 0 2 4 667468 23.6378 113270 1.09818 2.19071e+06 667468 ZonesAtSurface
724.061 2925 247.042 9 3 2 3 1.18314e+06 15.213 116451 1.22892 2.63952e+06 1.18314e+06 ZonesAtSurface
774.08 2925 272.024 0 0 2 3 997375 25.9247 71676.2 1.11783 2.99681e+06 997375 ZonesAtSurface
824.098 2925 297.012 0 0 2 3 908216 36.2184 102346 1.92058 2.26624e+06 908216 ZonesAtSurface
874.115 2925 322.004 0 0 1 3 1.27954e+06 27.6192 110973 2.42433 1.80615e+06 1.27954e+06 ZonesAtSurface
924.13 2925 346.995 0 5 2 3 939779 24.5231 141873 1.66042 1.65909e+06 939779 ZonesAtSurface
974.146 2925 371.986 0 8 2 3 862015 24.7774 133744 1.90957 1.33817e+06 862015 ZonesAtSurface
1024.16 2925 346.972 0 0 2 4 905667 18.2566 137952 1.74385 1.68254e+06 905667 ZonesAtSurface
1074.17 2925 371.962 5 6 1 4 907615 18.1085 137618 2.00194 1.41795e+06 907615 ZonesAtSurface
1124.19 2925 346.945 0 3 2 5 1.47566e+06 38.9144 144706 2.00138 2.90885e+06 1.47566e+06 ZonesAtSurface
1174.21 2925 321.935 1 1 2 6 1.15875e+06 41.2629 67592.9 1.8082 3.7234e+06 1.15875e+06 ZonesAtSurface
1224.25 2925 296.932 9 0 1 7 100000 5 10000 1.03942 874289 100000 ZonesAtSurface
1274.29 2925 271.925 0 0 1 8 1.34788e+06 38.7674 83762.7 2.66615 5.20656e+06 1.34788e+06 ZonesAtSurface
1324.3 2924.99 346.92 8 0 1 7 100000 5 10000 1.11905 555014 100000 ZonesAtSurface
1374.36 2925 271.912 0 0 1 9 861817 21.4949 79862.7 1.45509 5.00272e+06 861817 ZonesAtSurface
1424.38 2924.99 346.878 5 0 1 8 516111 29.7689 85210 1.17161 3.54591e+06 516111 ZonesAtSurface
1474.4 2924.97 421.83 6 0 2 7 100000 5 10000 1.3985 177706 100000 ZonesAtSurface
1524.47 2924.99 396.837 8 0 1 8 1.13425e+06 15.5602 94147.3 1.15061 3.49174e+06 1.13425e+06 ZonesAtSurface
1574.53 2924.99 371.834 3 0 1 9 510891 28.7022 51108.9 1.17947 5.0433e+06 510891 ZonesAtSurface
1624.58 2924.99 346.827 0 0 1 10 1.27258e+06 27.6306 108986 1.22025 6.88237e+06 1.27258e+06 ZonesAtSurface
1674.62 2924.99 421.807 9 0 1 9 992972 34.8476 113800 1.03655 5.3922e+06 992972 ZonesAtSurface
1724.67 2925 446.793 8 0 1 9 751642 38.8907 89254.4 1.01906 3.71029e+06 751642 ZonesAtSurface
1774.73 2924.99 421.794 2 0 1 10 791993 44.4352 100383 1.01335 7.16934e+06 791993 ZonesAtSurface
1824.78 2924.99 446.793 2 0 1 10 841863 29.2698 75095.1 1.00273 5.21922e+06 841863 ZonesAtSurface
1874.83 2925 521.792 3 0 1 9 634607 30.4468 130394 1.01088 2.22706e+06 634607 ZonesAtSurface
1924.88 2925 546.798 8 6 1 9 1.25779e+06 36.4958 81127.7 1.09732 4.35443e+06 1.25779e+06 ZonesAtSurface
1974.92 2925 571.807 0 8 2 9 1.26952e+06 38.992 139326 1.23571 3.97262e+06 1.26952e+06 ZonesAtSurface
2024.97 2925 534.33 4 4 2 9 1.23689e+06 42.1821 141207 1.0541 4.76133e+06 1.23689e+06 ZonesAtSurface
2075.01 2925 434.367 4 0 1 9 1.38657e+06 26.0698 88351.9 1.08091 6.11035e+06 1.38657e+06 ZonesAtSurface
2125.05 2925 384.405 3 0 1 8 664855 36.7702 132541 1.08807 4.7918e+06 664855 ZonesAtSurface
2175.08 2925 284.431 0 0 1 8 823406 30.8849 129461 6.03518 2.49727e+06 823406 ZonesAtSurface
2225.11 2925 184.451 0 0 0 0 679720 19.3019 79226.7 5.5174 1.84321e+06 679720 ZonesAtSurface
2275.13 2925 134.468 0 0 0 0 816973 32.3144 121713 6.90362 2.81444e+06 816973 ZonesAtSurface
2325.13 2925 -15.5264 9 0 0 0 100000 5 10000 1.17608 2.28197e+06 100000 ZonesAtSurface
2375.13 2924.99 -115.529 0 0 0 0 818961 20.0903 79832.7 2.4561 6.05947e+06 818961 ZonesAtSurface
2425.12 2924.96 -165.532 0 0 0 0 851094 36.0129 99145.9 3.66625 9.92355e+06 851094 ZonesAtSurface
2475.1 2924.95 -215.529 8 0 0 0 1.14002e+06 39.6786 135242 5.00504 9.51652e+06 1.14002e+06 ZonesAtSurface
2525.07 2924.92 -195.525 10 0 0 0 1.17101e+06 27.0821 117766 1.94187 1.06537e+07 1.17101e+06 ZonesAtSurface
2575.03 2924.88 -155.526 10 0 0 0 1.4234e+06 42.6151 119533 3.98177 9.1754e+06 1.4234e+06 ZonesAtSurface
2625 2924.94 -165.507 0 0 0 0 1.38357e+06 41.9643 91127.8 6.04608 8.95772e+06 1.38357e+06 ZonesAtSurface
2674.96 2924.95 -125.502 0 0 0 0 1.3704e+06 44.7047 124438 6.22478 8.59087e+06 1.3704e+06 ZonesAtSurface
2724.92 2924.95 -85.5046 0 0 0 0 957175 43.3131 96559.6 5.46726 7.6756e+06 957175 ZonesAtSurface
2774.9 2924.96 -45.5148 0 0 0 0 774029 21.2963 70404.6 1.51154 7.29712e+06 774029 ZonesAtSurface
2824.88 2924.96 -5.52576 0 0 0 0 941349 30.7197 99211 2.97251 6.88696e+06 941349 ZonesAtSurface
2874.87 2924.96 34.4692 0 0 0 0 940972 19.4517 128398 1.67658 6.90563e+06 940972 ZonesAtSurface
2924.86 2924.96 74.4703 0 0 0 0 716061 23.6931 91792.9 2.95632 5.18057e+06 716061 ZonesAtSurface
2974.84 2924.97 114.468 0 0 0 0 912493 18.8195 116004 2.92403 3.82262e+06 912493 ZonesAtSurface
3024.83 2924.98 104.458 0 0 0 0 1.10376e+06 42.455 137569 10 2.80511e+06 1.10376e+06 ZonesAtSurface
3074.84 2924.95 194.431 8 0 0 0 719297 40.7679 83560.2 3.9727 5.64023e+06 719297 ZonesAtSurface
3124.84 2924.98 184.423 0 0 0 0 1.27244e+06 42.2598 94511.9 9.03977 4.54311e+06 1.27244e+06 ZonesAtSurface
3174.85 2924.97 224.409 0 0 0 0 1.18645e+06 19.5852 89166.4 1.58559 6.25856e+06 1.18645e+06 ZonesAtSurface
3224.87 2924.97 264.401 0 0 0 0 1.27295e+06 34.0736 107022 3.94002 5.08403e+06 1.27295e+06 ZonesAtSurface
3274.87 2924.98 304.398 3 0 1 7 992072 24.0718 63469.6 3.18037 3.59908e+06 992072 ZonesAtSurface
3324.87 2924.99 344.382 3 0 1 7 1.28337e+06 35.5825 88305.8 1.62356 5.24969e+06 1.28337e+06 ZonesAtSurface
3374.88 2924.99 434.348 1 0 2 6 815471 31.0227 51382.1 1.08297 3.13167e+06 815471 ZonesAtSurface
3424.88 2924.98 524.296 10 0 1 5 100000 5 10000 0 323976 100000 ZonesAtSurface
3474.9 2924.99 564.248 2 0 1 5 100000 5 10000 1.06562 480536 100000 ZonesAtSurface
3524.93 2924.99 654.181 2 5 2 4 897242 21.7576 99895.7 1.52027 1.73611e+06 897242 ZonesAtSurface
3574.96 2925 644.157 3 0 2 5 593100 44.5831 56292 1.48027 3.68432e+06 593100 ZonesAtSurface
3624.99 2925 684.123 5 4 2 5 1.02932e+06 43.2632 75463.4 1.53438 3.83497e+06 1.02932e+06 ZonesAtSurface
3675.05 2925.01 674.121 2 0 2 6 100000 5 10000 1.12699 577032 100000 ZonesAtSurface
3725.13 2925 664.133 9 0 1 7 100000 5 10000 1.16134 484175 100000 ZonesAtSurface
3775.2 2925 614.158 4 0 1 8 939161 23.1135 68366 1.01438 4.39455e+06 939161 ZonesAtSurface
3825.24 2925 674.118 8 0 1 6 885003 41.3849 67595.1 1.11333 3.57849e+06 885003 ZonesAtSurface
3875.3 2925 684.101 0 2 2 5 1.06051e+06 31.7402 50093.1 1.31648 2.96305e+06 1.06051e+06 ZonesAtSurface
3925.37 2925 644.133 7 0 1 5 1.05077e+06 23.4433 140718 1.08214 3.16531e+06 1.05077e+06 ZonesAtSurface
3975.42 2925 654.134 6 0 2 4 593889 22.3028 135376 1.05794 2.26704e+06 593889 ZonesAtSurface
4025.46 2925 664.164 4 9 2 3 539122 34.6291 91227.6 1.40693 1.41322e+06 539122 ZonesAtSurface
4075.53 2925 624.211 0 5 2 3 1.28532e+06 38.8457 129901 1.42223 3.67791e+06 1.28532e+06 ZonesAtSurface
4125.59 2925 584.262 5 0 2 3 775998 33.5457 76177.9 1.28078 2.66066e+06 775998 ZonesAtSurface
4175.65 2924.99 494.364 10 0 1 4 100000 5 10000 0.998445 431969 100000 ZonesAtSurface
4225.65 2925 404.438 10 0 1 5 821361 34.4446 109004 1.06209 5.65427e+06 821361 ZonesAtSurface
4275.64 2925 314.475 3 0 1 6 901207 23.539 126637 1.1295 5.71443e+06 901207 ZonesAtSurface
4325.65 2925.01 374.517 0 8 1 4 1.44141e+06 41.4572 146326 4.0411 1.60788e+06 1.44141e+06 ZonesAtSurface
4375.66 2925.01 334.526 0 0 2 4 539025 39.8906 105908 2.75734 2.85282e+06 539025 ZonesAtSurface
4425.67 2925.01 394.536 0 7 2 2 997266 40.3848 126980 2.81821 1.44833e+06 997266 ZonesAtSurface
4475.68 2925.01 354.545 0 0 2 2 857792 39.9736 147330 1.9522 2.20177e+06 857792 ZonesAtSurface
4525.69 2925.01 314.552 7 6 2 2 932827 25.1619 70532.7 1.28692 2.25441e+06 932827 ZonesAtSurface
4575.7 2925 274.566 7 6 2 2 638711 16.4883 148844 1.68979 947896 638711 ZonesAtSurface
4625.61 2924.99 134.604 7 0 1 4 1.26779e+06 33.017 59346 1.03629 5.2706e+06 1.26779e+06 ZonesAtSurface
4675.57 2924.99 94.6135 8 2 1 4 1.44825e+06 39.016 146831 1.18564 5.86302e+06 1.44825e+06 ZonesAtSurface
4725.4 2924.99 4.62466 25 0 1 5 703751 25.9727 52186.5 1.0839 1.0991e+07 703751 ZonesAtSurface
4775.33 2924.99 14.6679 38 0 1 4 1.32183e+06 19.8252 99378.6 1.31707 4.6545e+06 1.32183e+06 ZonesAtSurface
4825.26 2924.99 24.6933 51 0 1 3 771253 31.1638 69494.1 1.11049 4.24583e+06 771253 ZonesAtSurface
4875.15 2924.99 34.7315 57 0 1 2 710852 24.4965 134762 1.23005 2.82395e+06 710852 ZonesAtSurface
4925.06 2924.99 44.7276 58 0 1 1 1.11306e+06 27.1999 101214 1.33856 4.10211e+06 1.11306e+06 ZonesAtSurface
74.9436 2975.01 -26.769 89 12 1 2 1.34529e+06 42.2125 95098.1 1.25395 6.00866e+06 1.34529e+06 ZonesAtSurface
124.854 2975.01 -1.69054 90 2 1 2 100000 5 10000 2.09221 149817 100000 ZonesAtSurface
174.751 2975 -26.7055 79 0 1 3 100000 5 10000 1.47129 268591 100000 ZonesAtSurface
224.619 2975.01 -1.62995 72 58 1 3 920817 39.244 55674.4 3.93303 1.47771e+06 920817 ZonesAtSurface
274.559 2975.01 -26.6767 67 0 1 4 100000 5 10000 1.06495 659761 100000 ZonesAtSurface
324.453 2975.01 -1.69111 68 22 1 4 625002 28.5494 130585 1.66105 1.34741e+06 625002 ZonesAtSurface
374.41 2975.01 -26.7838 45 0 1 5 971068 28.9556 121394 1.05298 5.02756e+06 971068 ZonesAtSurface
424.359 2975.01 -1.80713 40 0 1 5 1.10742e+06 33.3931 72521.7 1.35199 4.59698e+06 1.10742e+06 ZonesAtSurface
474.34 2975 -26.8576 22 0 1 6 1.41975e+06 25.1206 90811.7 1.1188 7.83233e+06 1.41975e+06 ZonesAtSurface
524.291 2975 -1.87345 15 0 1 6 833429 29.7795 136227 1.05113 8.32717e+06 833429 ZonesAtSurface
574.25 2975 23.1071 0 0 1 6 1.36749e+06 43.2531 98499.6 1.8334 9.59043e+06 1.36749e+06 ZonesAtSurface
624.217 2975 48.0901 0 0 1 6 1.14588e+06 41.8477 79735.8 1.66521 9.06394e+06 1.14588e+06 ZonesAtSurface
674.075 2975.01 173.065 3 0 2 4 100000 5 10000 1.01811 328403 100000 ZonesAtSurface
724.067 2975.01 248.042 5 9 2 3 944750 34.6451 113114 1.5594 2.25334e+06 944750 ZonesAtSurface
774.088 2975.01 273.031 2 0 2 3 579597 30.7388 74776.3 1.04479 2.54007e+06 579597 ZonesAtSurface
824.106 2975.01 298.02 0 0 2 3 875660 34.3717 73650 2.31457 2.13605e+06 875660 ZonesAtSurface
874.122 2975 323.012 0 2 2 3 1.11802e+06 21.149 124517 2.30896 1.40932e+06 1.11802e+06 ZonesAtSurface
924.137 2975 348.003 0 6 2 3 1.24628e+06 20.8356 118363 2.75205 1.3708e+06 1.24628e+06 ZonesAtSurface
974.152 2975 372.991 0 9 1 3 1.0718e+06 28.5381 126329 2.32116 1.5942e+06 1.0718e+06 ZonesAtSurface
1024.16 2975.01 347.977 4 0 2 4 876864 19.9943 128119 1.68218 1.942e+06 876864 ZonesAtSurface
1074.17 2975 322.963 0 0 2 5 1.02113e+06 17.1507 119465 1.56839 2.68928e+06 1.02113e+06 ZonesAtSurface
1124.19 2975 297.947 3 0 1 6 638909 23.2959 126456 1.03527 3.42223e+06 638909 ZonesAtSurface
1174.21 2975 322.936 5 0 1 6 701377 37.5576 116512 1.5059 2.9601e+06 701377 ZonesAtSurface
1224.24 2974.99 297.924 0 0 1 7 1.41677e+06 36.1296 66165 1.89691 4.93928e+06 1.41677e+06 ZonesAtSurface
1274.27 2974.99 322.915 8 0 2 7 100000 5 10000 0.975232 733012 100000 ZonesAtSurface
1324.31 2974.99 297.904 4 0 1 8 100000 5 10000 1.06166 1.2552e+06 100000 ZonesAtSurface
1374.32 2974.98 372.885 0 0 2 7 1.14686e+06 40.7368 77608.7 3.42099 2.70359e+06 1.14686e+06 ZonesAtSurface
1424.35 2974.98 397.853 7 5 2 7 927586 37.1158 70940.2 2.08424 2.19179e+06 927586 ZonesAtSurface
1474.41 2974.98 472.824 0 10 2 6 1.36886e+06 37.6306 134566 2.94986 1.83637e+06 1.36886e+06 ZonesAtSurface
1524.43 2974.99 447.801 2 1 2 7 826341 19.7193 66474 1.70259 1.47413e+06 826341 ZonesAtSurface
1574.48 2974.98 472.783 10 2 2 7 756815 42.8487 126668 1.75447 2.14099e+06 756815 ZonesAtSurface
1624.53 2974.98 497.759 5 1 2 7 508066 28.3128 68383.2 0 1.20411e+06 508066 ZonesAtSurface
1674.61 2974.99 422.803 3 0 1 9 609428 42.0977 87836.8 1.21795 5.60732e+06 609428 ZonesAtSurface
1724.64 2974.99 497.761 10 0 2 8 100000 5 10000 1.16304 356659 100000 ZonesAtSurface
1774.73 2975 472.785 1 0 1 9 508817 32.6416 121929 1.13682 3.16337e+06 508817 ZonesAtSurface
1824.78 2975 497.789 0 0 1 9 1.29784e+06 20.542 68199.2 1.12353 3.30825e+06 1.29784e+06 ZonesAtSurface
1874.84 2974.99 472.801 2 0 1 10 1.09949e+06 36.0032 77667.4 1.00158 5.63422e+06 1.09949e+06 ZonesAtSurface
1924.88 2975 547.802 0 3 1 9 1.40832e+06 44.9616 91415.7 1.41392 4.68488e+06 1.40832e+06 ZonesAtSurface
1974.93 2975 572.81 10 3 1 9 1.0086e+06 17.5691 92789.8 1.1353 2.38324e+06 1.0086e+06 ZonesAtSurface
2024.97 2975 535.333 8 0 1 9 615731 30.1455 63999.3 0.990441 3.59624e+06 615731 ZonesAtSurface
2075.02 2975 385.373 0 0 1 10 573428 35.4623 134366 2.1334 6.03048e+06 573428 ZonesAtSurface
2125.05 2974.99 435.412 8 5 1 7 1.48913e+06 34.243 64986.5 1.20488 4.77814e+06 1.48913e+06 ZonesAtSurface
2175.08 2974.99 335.435 0 0 1 7 781965 28.2172 125548 4.40805 3.59368e+06 781965 ZonesAtSurface
2225.09 2974.97 285.452 5 0 0 0 719495 41.8039 103413 7.19888 4.42276e+06 719495 ZonesAtSurface
2275.13 2974.98 185.469 0 0 0 0 1.16427e+06 21.8062 70935.5 3.39124 3.3046e+06 1.16427e+06 ZonesAtSurface
2325.14 2974.99 35.4807 0 0 0 0 727749 33.0746 87746.5 4.17951 5.38493e+06 727749 ZonesAtSurface
2375.14 2974.97 -64.5198 0 0 0 0 1.01597e+06 40.2773 63305.8 2.68281 1.05033e+07 1.01597e+06 ZonesAtSurface
2425.13 2974.97 -164.517 0 0 0 0 1.09321e+06 32.4112 81486.6 3.13685 9.50219e+06 1.09321e+06 ZonesAtSurface
2475.1 2974.97 -214.515 10 0 0 0 1.32651e+06 40.7877 104319 5.45227 8.48577e+06 1.32651e+06 ZonesAtSurface
2525.07 2974.93 -194.517 4 0 0 0 837055 43.9829 101692 3.88552 1.12439e+07 837055 ZonesAtSurface
2575.03 2974.96 -204.504 4 0 0 0 701365 17.893 72652.2 1.35827 8.93045e+06 701365 ZonesAtSurface
2624.99 2974.96 -164.498 0 0 0 0 912745 24.9356 132856 1.59031 9.68755e+06 912745 ZonesAtSurface
2674.95 2974.96 -124.493 0 0 0 0 1.26371e+06 31.6409 105377 2.53743 8.7053e+06 1.26371e+06 ZonesAtSurface
2724.92 2974.96 -84.4934 0 0 0 0 581156 39.0069 81095.3 4.74698 7.03351e+06 581156 ZonesAtSurface
2774.89 2974.97 -44.5019 0 0 0 0 929030 34.1936 141149 6.16926 4.89093e+06 929030 ZonesAtSurface
2824.87 2974.97 -4.51248 0 0 0 0 1.3135e+06 33.6958 94636 8.68126 3.53407e+06 1.3135e+06 ZonesAtSurface
2874.86 2974.96 35.479 0 0 0 0 947868 19.3793 105366 2.60415 4.52984e+06 947868 ZonesAtSurface
2924.84 2974.96 75.4733 0 0 0 0 1.41611e+06 29.9547 64755.5 4.66146 4.88432e+06 1.41611e+06 ZonesAtSurface
2974.83 2974.96 115.465 0 0 0 0 1.05015e+06 20.7412 123268 2.38653 5.26152e+06 1.05015e+06 ZonesAtSurface
3024.83 2974.96 155.453 0 0 0 0 852219 29.7554 135588 3.69169 4.2791e+06 852219 ZonesAtSurface
3074.83 2974.95 195.435 0 0 0 0 1.43309e+06 39.8994 109335 5.88953 3.63961e+06 1.43309e+06 ZonesAtSurface
3124.83 2974.98 185.427 0 0 0 0 819420 30.6393 113843 4.83432 4.04611e+06 819420 ZonesAtSurface
3174.85 2974.98 225.412 0 0 0 0 770254 22.8916 87221.2 2.77979 4.27676e+06 770254 ZonesAtSurface
3224.86 2974.98 265.403 0 0 0 0 836777 37.1629 127994 6.33044 3.82553e+06 836777 ZonesAtSurface
3274.87 2974.99 305.399 0 0 1 7 646882 40.4487 111179 6.81469 4.0933e+06 646882 ZonesAtSurface
3324.87 2974.99 345.383 6 0 1 7 768104 33.0326 142288 1.22124 4.86078e+06 768104 ZonesAtSurface
3374.87 2974.99 435.347 6 0 1 6 1.46567e+06 23.5215 70697.4 1.05038 5.11308e+06 1.46567e+06 ZonesAtSurface
3424.87 2974.99 575.271 4 0 2 4 1.01077e+06 30.7443 79858.2 1.24017 3.00278e+06 1.01077e+06 ZonesAtSurface
3474.9 2975 615.233 0 3 2 4 1.27819e+06 36.4257 107340 1.23697 3.89205e+06 1.27819e+06 ZonesAtSurface
3524.94 2975.01 655.194 6 10 1 4 1.30449e+06 29.3809 132726 1.21924 3.50843e+06 1.30449e+06 ZonesAtSurface
3574.98 2975.01 695.154 10 4 1 4 1.11509e+06 16.9118 61841.1 1.39313 2.15132e+06 1.11509e+06 ZonesAtSurface
3625.03 2975 585.186 6 0 1 7 100000 5 10000 1.31477 712006 100000 ZonesAtSurface
3675.1 2975 575.2 5 0 1 8 867421 37.0305 73803.9 1.29409 5.39721e+06 867421 ZonesAtSurface
3725.1 2975 665.125 4 0 2 7 100000 5 10000 1.30093 299676 100000 ZonesAtSurface
3775.2 2975 615.162 5 0 1 8 1.46518e+06 25.0091 120839 1.06897 4.89538e+06 1.46518e+06 ZonesAtSurface
3825.24 2975.01 675.111 8 0 2 6 100000 5 10000 2.37129 230778 100000 ZonesAtSurface
3875.3 2975 685.1 10 6 1 5 1.17255e+06 19.6395 102831 1.48753 2.24128e+06 1.17255e+06 ZonesAtSurface
3925.38 2975 595.174 1 0 1 6 1.21493e+06 41.3959 148744 1.05341 6.12424e+06 1.21493e+06 ZonesAtSurface
3975.43 2975 655.143 3 0 2 4 538826 28.7545 64413.1 1.1048 2.31514e+06 538826 ZonesAtSurface
4025.49 2975 615.191 10 0 1 4 909864 20.0055 84011.9 1.0582 2.99935e+06 909864 ZonesAtSurface
4075.53 2975 625.216 0 3 2 3 1.08431e+06 30.5738 70749 1.20386 3.07642e+06 1.08431e+06 ZonesAtSurface
4125.59 2975 585.264 2 2 2 3 1.09194e+06 27.4095 64554.7 1.10255 3.24625e+06 1.09194e+06 ZonesAtSurface
4175.65 2975 545.315 7 9 2 3 920618 17.9596 142886 1.55244 1.61374e+06 920618 ZonesAtSurface
4225.66 2975 405.434 10 0 1 5 1.40461e+06 29.3702 79350.1 1.07511 6.29085e+06 1.40461e+06 ZonesAtSurface
4275.65 2975 315.477 0 0 1 6 1.41642e+06 40.3656 128299 2.52867 6.10837e+06 1.41642e+06 ZonesAtSurface
4325.64 2975 275.504 0 0 1 6 786500 43.2613 110075 3.06526 5.45563e+06 786500 ZonesAtSurface
4375.65 2975.01 285.532 0 0 1 5 1.35039e+06 31.29 50985.5 2.78249 4.09596e+06 1.35039e+06 ZonesAtSurface
4425.66 2975.02 345.548 0 3 2 3 1.07821e+06 44.1462 141465 2.11494 2.59942e+06 1.07821e+06 ZonesAtSurface
4475.67 2975.02 305.559 2 0 2 3 579173 18.4484 130509 1.06252 2.05906e+06 579173 ZonesAtSurface
4525.67 2975.01 265.568 0 0 2 3 1.35145e+06 44.4642 76667 2.67157 3.41562e+06 1.35145e+06 ZonesAtSurface
4575.67 2975.01 225.58 5 0 2 3 1.29198e+06 33.761 146875 1.08669 4.47598e+06 1.29198e+06 ZonesAtSurface
4625.61 2975 135.604 6 0 1 4 1.39116e+06 19.4274 65492.2 1.03717 4.37452e+06 1.39116e+06 ZonesAtSurface
4675.49 2975 45.6224 9 0 1 5 1.31051e+06 17.9541 128799 1.0633 7.78137e+06 1.31051e+06 ZonesAtSurface
4725.4 2975 5.62618 8 0 1 5 775473 37.8342 128449 1.19753 1.25339e+07 775473 ZonesAtSurface
4775.34 2974.99 15.656 25 0 1 4 721342 38.2499 51427.6 1.14383 9.37891e+06 721342 ZonesAtSurface
4825.27 2974.99 25.6888 43 0 1 3 1.26873e+06 17.8977 73881.7 1.07975 4.07971e+06 1.26873e+06 ZonesAtSurface
4875.16 2974.99 35.7234 56 0 1 2 985790 18.9684 89239.3 1.19382 3.19036e+06 985790 ZonesAtSurface
4925.07 2974.99 45.7205 49 0 1 1 635200 28.906 90871.5 1.44743 3.55216e+06 635200 ZonesAtSurface
74.9399 3025.01 -25.7512 89 0 1 2 543991 21.3486 95296.3 1.25406 1.98135e+06 543991 ZonesAtSurface
124.825 3025.04 -0.666413 90 1 1 2 100000 5 10000 0.965434 244480 100000 ZonesAtSurface
174.722 3025.01 -25.676 79 0 1 3 100000 5 10000 1.17736 328858 100000 ZonesAtSurface
224.6 3025.02 -0.627288 66 57 1 3 1.14256e+06 34.2678 107381 2.88722 1.89053e+06 1.14256e+06 ZonesAtSurface
274.545 3025.02 -25.6983 64 0 1 4 544492 20.3429 132405 1.12469 2.87934e+06 544492 ZonesAtSurface
324.472 3025.02 -0.713994 68 46 1 4 1.41085e+06 17.5821 107051 1.69185 2.47077e+06 1.41085e+06 ZonesAtSurface
374.436 3025.01 -25.7786 49 0 1 5 891136 27.5021 130919 1.08916 5.34e+06 891136 ZonesAtSurface
424.393 3025.01 -0.783284 43 0 1 5 618867 42.8964 55714.4 1.62639 2.48897e+06 618867 ZonesAtSurface
474.356 3025.01 -25.841 35 0 1 6 1.10314e+06 15.5017 116821 1.04778 4.05377e+06 1.10314e+06 ZonesAtSurface
524.298 3025.01 -0.866695 28 0 1 6 975563 18.8084 104476 1.096 4.82537e+06 975563 ZonesAtSurface
574.186 3025.03 74.1053 7 9 2 5 570550 21.2365 136238 0 1.38723e+06 570550 ZonesAtSurface
624.22 3025 49.0896 3 0 1 6 1.27768e+06 37.1666 61101.4 1.34735 9.51024e+06 1.27768e+06 ZonesAtSurface
674.124 3025 124.072 8 0 1 5 100000 5 10000 1.0706 621295 100000 ZonesAtSurface
724.082 3025.01 199.049 0 0 2 4 726755 22.3038 98334.6 1.08458 2.74626e+06 726755 ZonesAtSurface
774.099 3025.01 274.043 0 10 2 3 1.16726e+06 43.4822 117447 1.8638 3.1702e+06 1.16726e+06 ZonesAtSurface
824.112 3025 249.03 0 0 1 4 1.48036e+06 31.5501 149311 2.80955 3.07644e+06 1.48036e+06 ZonesAtSurface
874.128 3025.01 324.02 0 0 1 3 1.39055e+06 25.4436 144899 2.26769 2.29675e+06 1.39055e+06 ZonesAtSurface
924.137 3025 299.007 0 0 1 4 1.10332e+06 30.0299 143827 2.27653 2.50228e+06 1.10332e+06 ZonesAtSurface
974.153 3025 323.998 0 0 1 4 1.4864e+06 18.2621 133672 1.67347 2.9359e+06 1.4864e+06 ZonesAtSurface
1024.16 3025 298.981 4 0 1 5 505940 44.2402 123145 3.16192 3.22106e+06 505940 ZonesAtSurface
1074.18 3025 273.961 0 0 1 6 1.44932e+06 41.3073 124297 5.03377 2.95781e+06 1.44932e+06 ZonesAtSurface
1124.2 3025 298.949 0 0 1 6 1.29974e+06 39.9997 88800.6 2.3267 4.12317e+06 1.29974e+06 ZonesAtSurface
1174.22 3024.99 273.93 0 0 1 7 1.43007e+06 22.8046 56937.6 2.59571 3.54593e+06 1.43007e+06 ZonesAtSurface
1224.24 3024.99 298.916 1 0 1 7 100000 5 10000 1.03963 955487 100000 ZonesAtSurface
1274.27 3024.99 323.907 0 0 1 7 1.33888e+06 29.4004 145094 2.45816 2.97438e+06 1.33888e+06 ZonesAtSurface
1324.3 3024.99 348.899 0 0 1 7 706211 31.1194 134331 1.89033 2.744e+06 706211 ZonesAtSurface
1374.32 3024.99 373.881 8 0 1 7 672210 33.7054 58695.2 2.03696 2.50992e+06 672210 ZonesAtSurface
1424.38 3024.99 448.862 4 7 2 6 1.41553e+06 26.4701 144293 2.37946 2.19878e+06 1.41553e+06 ZonesAtSurface
1474.39 3025 423.829 0 0 2 7 1.36762e+06 15.6083 84915.6 1.59752 2.40362e+06 1.36762e+06 ZonesAtSurface
1524.43 3025 448.808 0 9 1 7 1.02056e+06 42.2236 73641.3 1.81035 2.64126e+06 1.02056e+06 ZonesAtSurface
1574.46 3025 423.794 1 0 2 8 1.37317e+06 39.5481 132164 2.13225 3.91976e+06 1.37317e+06 ZonesAtSurface
1624.55 3025 398.81 8 0 1 9 100000 5 10000 1.2218 995640 100000 ZonesAtSurface
1674.57 3025 523.742 5 0 2 7 557498 21.2556 144607 1.00394 1.46346e+06 557498 ZonesAtSurface
1724.65 3025 448.778 6 0 1 9 100000 5 10000 1.01436 1.01684e+06 100000 ZonesAtSurface
1774.71 3025 473.774 9 0 1 9 100000 5 10000 1.04371 915974 100000 ZonesAtSurface
1824.8 3025 448.807 1 0 1 10 661026 32.503 123174 1.02763 5.62855e+06 661026 ZonesAtSurface
1874.85 3025 473.808 7 0 1 10 766521 20.0585 96875.9 1.01071 4.16255e+06 766521 ZonesAtSurface
1924.89 3025 498.813 3 0 1 10 1.29035e+06 34.7937 123107 1.0134 5.95316e+06 1.29035e+06 ZonesAtSurface
1974.94 3025 523.82 7 0 1 10 621557 31.8524 59595.8 1.01286 4.03085e+06 621557 ZonesAtSurface
2024.97 3025 536.335 8 0 1 9 1.48831e+06 36.4557 60246.3 1.05143 5.55567e+06 1.48831e+06 ZonesAtSurface
2075.02 3025 436.372 0 0 1 9 810058 44.0985 89874.3 1.43776 6.31318e+06 810058 ZonesAtSurface
2125.05 3024.99 386.407 0 0 1 8 1.12075e+06 42.4755 70614.9 3.31253 5.56331e+06 1.12075e+06 ZonesAtSurface
2175.07 3024.97 386.44 9 0 1 6 1.32343e+06 25.1912 64722.2 1.66681 5.69573e+06 1.32343e+06 ZonesAtSurface
2225.11 3024.98 236.452 0 0 0 0 1.32749e+06 44.7818 53182.3 7.80235 6.85446e+06 1.32749e+06 ZonesAtSurface
2275.12 3024.96 186.464 0 0 0 0 1.15653e+06 37.8701 145766 2.9992 1.11579e+07 1.15653e+06 ZonesAtSurface
2325.14 3024.96 86.4747 5 0 0 0 1.0222e+06 21.9253 89686.1 1.44535 1.14514e+07 1.0222e+06 ZonesAtSurface
2375.14 3024.94 -13.5177 10 0 0 0 1.03463e+06 39.5788 141291 2.71266 1.32624e+07 1.03463e+06 ZonesAtSurface
2425.13 3024.98 -163.507 0 0 0 0 1.42622e+06 35.1671 95589.5 5.15649 7.90091e+06 1.42622e+06 ZonesAtSurface
2475.1 3024.98 -213.504 0 0 0 0 658425 36.0283 93806.1 6.78377 5.92582e+06 658425 ZonesAtSurface
2525.07 3024.99 -243.497 0 0 0 0 646681 41.4219 58410.6 8.96385 7.23965e+06 646681 ZonesAtSurface
2575.03 3024.97 -203.491 0 0 0 0 1.40441e+06 22.2541 59182.7 2.79313 7.33601e+06 1.40441e+06 ZonesAtSurface
2624.98 3024.96 -163.485 0 0 0 0 913068 17.8983 135791 1.63592 7.49755e+06 913068 ZonesAtSurface
2674.94 3024.97 -123.481 0 0 0 0 580907 34.3175 140351 5.02914 5.78113e+06 580907 ZonesAtSurface
2724.89 3024.93 -33.4865 0 0 0 0 718955 42.8546 130523 3.06465 6.10741e+06 718955 ZonesAtSurface
2774.87 3024.93 6.49954 2 0 0 0 1.30703e+06 34.6914 123856 3.04446 5.65023e+06 1.30703e+06 ZonesAtSurface
2824.85 3024.97 -3.50191 0 0 0 0 635735 42.2672 54086.6 10 3.14584e+06 635735 ZonesAtSurface
2874.84 3024.97 36.4865 0 0 0 0 1.05391e+06 42.5378 90604.3 10 3.0066e+06 1.05391e+06 ZonesAtSurface
2924.83 3024.96 76.4732 0 0 0 0 1.08831e+06 15.0282 107496 2.22911 4.21616e+06 1.08831e+06 ZonesAtSurface
2974.83 3024.96 116.458 0 0 0 0 677424 19.9351 83995.5 1.72859 6.18648e+06 677424 ZonesAtSurface
3024.83 3024.96 156.447 0 0 0 0 540111 29.5342 76593.6 2.73337 6.35285e+06 540111 ZonesAtSurface
3074.84 3024.96 196.436 3 0 0 0 1.03366e+06 25.3551 51235.2 2.96874 4.14782e+06 1.03366e+06 ZonesAtSurface
3124.84 3024.98 186.428 0 0 0 0 1.182e+06 17.9358 96237.7 2.42267 4.30668e+06 1.182e+06 ZonesAtSurface
3174.87 3024.95 276.408 3 0 0 0 1.46018e+06 25.504 101624 1.5335 6.92339e+06 1.46018e+06 ZonesAtSurface
3224.9 3024.95 316.405 2 0 0 0 1.25178e+06 42.4097 69320.6 2.32799 7.86322e+06 1.25178e+06 ZonesAtSurface
3274.87 3024.98 306.397 0 0 1 7 1.27572e+06 27.9218 52477.4 3.90588 4.34631e+06 1.27572e+06 ZonesAtSurface
3324.84 3024.98 396.381 10 0 1 6 100000 5 10000 0 346373 100000 ZonesAtSurface
3374.83 3024.99 486.331 8 8 1 5 1.43181e+06 44.6489 108792 1.6411 5.29664e+06 1.43181e+06 ZonesAtSurface
3424.88 3025.01 576.278 7 0 2 4 595561 23.6283 111776 1.05399 1.7548e+06 595561 ZonesAtSurface
3474.9 3025.01 566.251 5 0 1 5 1.07183e+06 36.1593 104640 1.05828 4.05529e+06 1.07183e+06 ZonesAtSurface
3524.93 3025 556.229 0 0 1 6 1.49317e+06 34.0062 139091 1.48914 5.73868e+06 1.49317e+06 ZonesAtSurface
3574.96 3025.01 596.193 5 0 1 6 954576 23.0302 74015.8 1.06268 2.98708e+06 954576 ZonesAtSurface
3625 3025.01 636.161 5 2 2 6 1.04036e+06 22.2458 108629 1.304 2.35112e+06 1.04036e+06 ZonesAtSurface
3675.11 3025 526.226 7 0 1 9 741513 37.6593 133049 1.08303 8.16626e+06 741513 ZonesAtSurface
3725.08 3025 666.122 10 0 1 7 646708 16.3518 53580 1.16904 1.93895e+06 646708 ZonesAtSurface
3775.19 3025 616.158 9 0 1 8 100000 5 10000 1.31811 701282 100000 ZonesAtSurface
3825.24 3025 626.157 8 0 1 7 100000 5 10000 1.25397 570421 100000 ZonesAtSurface
3875.32 3025 636.133 2 0 1 6 1.48783e+06 28.291 62383.2 1.07274 5.54485e+06 1.48783e+06 ZonesAtSurface
3925.38 3025 646.137 8 0 1 5 662396 28.4573 116353 1.15178 3.09838e+06 662396 ZonesAtSurface
3975.45 3025 606.183 2 0 1 5 895547 25.2379 87346.1 1.05007 4.39764e+06 895547 ZonesAtSurface
4025.5 3025 516.268 2 0 1 6 1.14758e+06 24.0394 90143.5 1.02722 4.64303e+06 1.14758e+06 ZonesAtSurface
4075.53 3025.01 626.228 9 0 2 3 846060 21.6318 114786 1.11609 2.43155e+06 846060 ZonesAtSurface
4125.59 3025 586.272 9 4 2 3 1.18183e+06 17.6445 63777.2 1.1427 2.80787e+06 1.18183e+06 ZonesAtSurface
4175.65 3025 496.34 0 0 2 4 603351 29.5542 65472.8 1.07494 3.18468e+06 603351 ZonesAtSurface
4225.69 3025 506.364 4 7 2 3 783083 22.1639 105139 0 1.09904e+06 783083 ZonesAtSurface
4275.68 3025 366.466 7 0 1 5 1.4918e+06 36.5418 54472.4 1.48127 6.02254e+06 1.4918e+06 ZonesAtSurface
4325.65 3025.01 276.507 6 0 1 6 1.378e+06 37.7614 96190.1 2.11722 7.44939e+06 1.378e+06 ZonesAtSurface
4375.62 3025 186.53 0 0 1 7 501544 31.6978 83233.9 2.32345 5.47462e+06 501544 ZonesAtSurface
4425.65 3025.02 296.563 10 0 2 4 1.10938e+06 28.2827 117570 1.16104 3.48388e+06 1.10938e+06 ZonesAtSurface
4475.65 3025.02 256.575 0 0 1 4 825407 33.9499 78816.2 1.95875 3.52778e+06 825407 ZonesAtSurface
4525.67 3025.02 266.575 6 0 2 3 843493 18.1105 86106.1 1.17639 2.14575e+06 843493 ZonesAtSurface
4575.67 3025.02 226.582 5 2 2 3 943200 15.8279 79464.9 1.25556 2.00083e+06 943200 ZonesAtSurface
4625.66 3025.02 186.594 7 9 2 3 595343 21.6584 55032.1 0 754768 595343 ZonesAtSurface
4675.43 3025 -3.38992 9 0 1 6 1.26889e+06 19.7058 86030 1.08263 1.04252e+07 1.26889e+06 ZonesAtSurface
4725.39 3025 6.6332 3 0 1 5 986350 42.2437 98228.9 1.31486 1.24176e+07 986350 ZonesAtSurface
4775.33 3025 16.6614 10 0 1 4 809113 27.7713 98512 1.08825 7.4871e+06 809113 ZonesAtSurface
4825.26 3025 26.6859 49 0 1 3 1.03172e+06 30.5947 106374 1.04493 7.22294e+06 1.03172e+06 ZonesAtSurface
4875.16 3025 36.7033 47 0 1 2 1.16123e+06 44.6301 87851.1 1.29176 7.10821e+06 1.16123e+06 ZonesAtSurface
4925.07 3025 46.7127 61 0 1 1 1.12014e+06 38.358 144157 1.89709 5.58722e+06 1.12014e+06 ZonesAtSurface
74.9606 3075.01 -24.705 89 4 1 2 100000 5 10000 1.31324 268191 100000 ZonesAtSurface
124.825 3075.01 -49.7155 79 0 1 3 100000 5 10000 1.09974 444287 100000 ZonesAtSurface
174.699 3075.02 -24.6485 79 41 1 3 1.42023e+06 16.9147 142188 1.81371 2.31876e+06 1.42023e+06 ZonesAtSurface
224.636 3075.01 -49.7239 68 0 1 4 978491 20.2866 107329 1.07057 4.24669e+06 978491 ZonesAtSurface
274.544 3075.02 -24.7248 68 0 1 4 838524 38.9177 108378 1.27075 3.65351e+06 838524 ZonesAtSurface
324.514 3075.01 -49.779 48 0 1 5 1.40662e+06 34.811 124876 1.11536 6.96799e+06 1.40662e+06 ZonesAtSurface
374.462 3075.01 -24.7772 43 0 1 5 660529 39.3738 107406 1.47478 3.83963e+06 660529 ZonesAtSurface
424.427 3075 -49.8334 27 0 1 6 686091 30.1356 143494 1.0299 6.57802e+06 686091 ZonesAtSurface
474.372 3075 -24.8354 35 0 1 6 537755 22.7263 97872.2 1.08597 3.90956e+06 537755 ZonesAtSurface
524.367 3075 -49.89 0 0 1 7 1.3549e+06 32.6942 141027 1.84029 1.01744e+07 1.3549e+06 ZonesAtSurface
574.323 3075 -24.9026 0 0 1 7 899022 33.7329 104139 1.61971 1.0012e+07 899022 ZonesAtSurface
624.286 3074.99 0.0813987 0 0 1 7 609092 31.9147 101779 1.42136 9.20206e+06 609092 ZonesAtSurface
674.178 3075 75.0702 3 0 1 6 100000 5 10000 1.04115 1.47818e+06 100000 ZonesAtSurface
724.09 3075.01 200.053 0 0 2 4 767746 33.3584 113402 1.19609 3.36856e+06 767746 ZonesAtSurface
774.106 3075.01 225.047 0 0 2 4 997025 42.0002 127680 2.97654 2.6726e+06 997025 ZonesAtSurface
824.118 3075 250.037 3 0 1 4 938960 21.5567 53135.5 1.50226 2.66881e+06 938960 ZonesAtSurface
874.129 3075 275.024 4 0 1 4 950531 31.043 67373.9 1.86509 2.90493e+06 950531 ZonesAtSurface
924.141 3075 300.014 0 3 2 4 1.36043e+06 33.7787 50641.6 2.18556 2.94674e+06 1.36043e+06 ZonesAtSurface
974.151 3075 274.991 0 0 1 5 1.28538e+06 25.3252 73039.1 2.57324 2.77561e+06 1.28538e+06 ZonesAtSurface
1024.17 3074.99 299.981 8 0 1 5 756101 34.2001 143544 1.74226 3.63936e+06 756101 ZonesAtSurface
1074.18 3074.99 274.958 0 0 1 6 1.20624e+06 24.1265 79984.3 2.37616 3.18655e+06 1.20624e+06 ZonesAtSurface
1124.2 3074.99 299.942 6 0 1 6 100000 5 10000 1.04538 754315 100000 ZonesAtSurface
1174.23 3074.99 324.925 8 0 1 6 614876 37.7905 76914.9 1.42436 3.7812e+06 614876 ZonesAtSurface
1224.26 3074.99 349.915 4 0 2 6 617572 43.1682 116158 1.10195 2.843e+06 617572 ZonesAtSurface
1274.28 3074.99 324.902 0 0 2 7 583437 34.082 61741.6 2.37332 3.1572e+06 583437 ZonesAtSurface
1324.3 3074.99 349.896 0 0 2 7 1.27514e+06 42.401 86666.4 3.39048 2.92026e+06 1.27514e+06 ZonesAtSurface
1374.33 3075 374.882 3 0 2 7 753613 31.9343 81638.6 1.47749 2.70847e+06 753613 ZonesAtSurface
1424.36 3075 399.861 2 0 2 7 972052 40.84 74245.6 2.32984 3.12709e+06 972052 ZonesAtSurface
1474.4 3075.01 424.839 5 0 2 7 1.23562e+06 18.0942 141241 1.46618 2.87175e+06 1.23562e+06 ZonesAtSurface
1524.42 3075 399.818 0 0 2 8 535406 38.8944 106120 1.73879 4.17162e+06 535406 ZonesAtSurface
1574.45 3075 424.801 0 0 2 8 822863 42.2828 131676 2.29599 4.35537e+06 822863 ZonesAtSurface
1624.52 3074.99 399.794 9 0 1 9 100000 5 10000 1.08395 969146 100000 ZonesAtSurface
1674.56 3074.99 424.775 7 0 1 9 100000 5 10000 1.08783 996892 100000 ZonesAtSurface
1724.61 3075 449.761 8 0 1 9 100000 5 10000 1.01853 960786 100000 ZonesAtSurface
1774.67 3075 474.755 3 0 1 9 100000 5 10000 1.05955 836653 100000 ZonesAtSurface
1824.73 3075 499.755 6 0 2 9 100000 5 10000 1.07458 729719 100000 ZonesAtSurface
1874.84 3074.99 474.8 2 0 1 10 100000 5 10000 1.16177 1.10772e+06 100000 ZonesAtSurface
1924.89 3075 499.809 3 0 1 10 100000 5 10000 1.18407 946672 100000 ZonesAtSurface
1974.93 3075 524.82 6 0 1 10 100000 5 10000 1.11051 769175 100000 ZonesAtSurface
2024.98 3075 487.341 1 0 1 10 846460 40.4051 105111 1.50577 6.40657e+06 846460 ZonesAtSurface
2075.01 3075 437.372 7 0 1 9 651501 32.8696 81030.6 1.03525 5.63633e+06 651501 ZonesAtSurface
2125.05 3074.99 387.405 0 0 1 8 899507 42.3816 147899 3.36046 4.83733e+06 899507 ZonesAtSurface
2175.07 3074.98 337.431 5 0 1 7 802173 29.5679 52310 2.54828 5.54441e+06 802173 ZonesAtSurface
2225.1 3074.98 187.445 0 0 0 0 806599 39.543 108770 7.67216 4.96522e+06 806599 ZonesAtSurface
2275.11 3074.97 137.448 0 0 0 0 685206 26.2179 61443.3 1.59088 1.12689e+07 685206 ZonesAtSurface
2325.12 3074.93 87.4518 0 0 0 0 1.42397e+06 42.6959 86371.9 2.48007 1.72903e+07 1.42397e+06 ZonesAtSurface
2375.15 3074.98 -62.5153 0 0 0 0 1.00024e+06 36.7354 145688 5.59957 6.6987e+06 1.00024e+06 ZonesAtSurface
2425.13 3074.98 -162.503 0 0 0 0 1.21267e+06 24.68 67371.6 3.61855 6.41373e+06 1.21267e+06 ZonesAtSurface
2475.1 3074.98 -212.499 0 0 0 0 1.42228e+06 29.989 84700.8 5.27402 6.48717e+06 1.42228e+06 ZonesAtSurface
2525.05 3074.95 -192.487 0 0 0 0 1.12848e+06 44.3126 70650.9 6.83346 8.33338e+06 1.12848e+06 ZonesAtSurface
2575.02 3074.96 -202.478 0 0 0 0 798430 29.5165 51111.1 3.03428 8.58458e+06 798430 ZonesAtSurface
2624.94 3074.93 -112.467 3 0 0 0 913855 41.7552 58075.1 5.97398 5.37828e+06 913855 ZonesAtSurface
2674.93 3074.96 -122.469 0 0 0 0 1.33926e+06 19.2365 115171 2.37603 5.96462e+06 1.33926e+06 ZonesAtSurface
2724.87 3074.94 -32.471 3 0 0 0 1.35499e+06 39.7017 111102 7.05672 3.93331e+06 1.35499e+06 ZonesAtSurface
2774.85 3074.94 7.51455 5 0 0 0 521584 26.8033 149685 4.61083 2.89201e+06 521584 ZonesAtSurface
2824.84 3074.93 47.4991 8 0 0 0 921874 24.0388 114961 3.71087 3.74212e+06 921874 ZonesAtSurface
2874.84 3074.96 37.4895 0 0 0 0 828998 22.7555 113819 3.65199 4.65937e+06 828998 ZonesAtSurface
2924.83 3074.96 77.4735 0 0 0 0 1.27952e+06 36.2199 84230.1 7.17208 4.71071e+06 1.27952e+06 ZonesAtSurface
2974.83 3074.95 117.452 0 0 0 0 849158 34.4244 131327 4.39692 5.67005e+06 849158 ZonesAtSurface
3024.84 3074.95 157.438 0 0 0 0 1.31569e+06 24.3464 149279 1.97835 7.86755e+06 1.31569e+06 ZonesAtSurface
3074.85 3074.96 197.43 0 0 0 0 519075 44.9329 101925 5.85164 6.64936e+06 519075 ZonesAtSurface
3124.84 3074.98 187.423 0 0 0 0 971677 35.2981 131351 8.87351 3.44013e+06 971677 ZonesAtSurface
3174.85 3074.98 227.408 0 0 0 0 1.24787e+06 15.8858 103654 3.46032 3.15171e+06 1.24787e+06 ZonesAtSurface
3224.87 3074.98 267.398 0 0 0 0 970867 35.5752 63797.9 8.63742 3.41887e+06 970867 ZonesAtSurface
3274.87 3074.98 307.39 0 0 1 7 884446 32.0524 92498.2 4.70613 4.28043e+06 884446 ZonesAtSurface
3324.85 3074.98 397.375 4 0 1 6 631556 44.7051 142603 1.28264 4.68017e+06 631556 ZonesAtSurface
3374.88 3074.99 387.352 8 0 1 7 100000 5 10000 0.990713 1.13204e+06 100000 ZonesAtSurface
3424.88 3075 527.298 9 0 2 5 1.09629e+06 36.8771 85901 1.17714 5.17148e+06 1.09629e+06 ZonesAtSurface
3474.91 3075 517.27 5 0 1 6 514348 19.6473 96615.6 1.03656 2.90816e+06 514348 ZonesAtSurface
3524.94 3075.01 557.24 6 0 2 6 1.29151e+06 25.3158 122671 1.127 4.94662e+06 1.29151e+06 ZonesAtSurface
3574.98 3075.02 597.209 8 0 2 6 789429 40.9151 110078 1.16605 4.0361e+06 789429 ZonesAtSurface
3625.02 3075 537.205 14 0 1 8 100000 5 10000 1.11694 793909 100000 ZonesAtSurface
3675.05 3074.99 577.179 8 0 1 8 999364 35.4234 60764.7 1.23125 5.4067e+06 999364 ZonesAtSurface
3725.09 3075 617.152 10 1 2 8 1.38503e+06 15.2279 134692 1.15899 3.09772e+06 1.38503e+06 ZonesAtSurface
3775.14 3075 667.121 10 10 1 7 1.26334e+06 26.751 56941 1.93864 2.28755e+06 1.26334e+06 ZonesAtSurface
3825.23 3075 627.153 6 0 1 7 100000 5 10000 1.31885 552600 100000 ZonesAtSurface
3875.29 3074.99 687.072 5 0 1 5 1.12365e+06 30.2448 58852.4 1.07744 3.74826e+06 1.12365e+06 ZonesAtSurface
3925.36 3075 697.081 10 3 2 4 1.29015e+06 23.3135 102916 1.27631 3.16459e+06 1.29015e+06 ZonesAtSurface
3975.46 3075 557.222 10 0 1 6 566010 44.9915 80910.6 1.1966 7.26675e+06 566010 ZonesAtSurface
4025.51 3075 567.232 1 0 1 5 940700 16.766 87543.8 1.2311 2.45418e+06 940700 ZonesAtSurface
4075.57 3075 527.275 3 0 1 5 629138 43.2789 79777.2 1.11488 4.43157e+06 629138 ZonesAtSurface
4125.61 3075 487.318 0 0 1 5 1.03026e+06 21.3906 108127 1.29784 3.5455e+06 1.03026e+06 ZonesAtSurface
4175.64 3075 447.363 0 0 1 5 1.05876e+06 42.5667 132567 1.44844 5.94705e+06 1.05876e+06 ZonesAtSurface
4225.66 3075 357.431 3 0 1 6 100000 5 10000 1.04073 1.01138e+06 100000 ZonesAtSurface
4275.7 3075 367.454 3 0 1 5 1.25304e+06 33.1456 57963.7 1.30949 5.96195e+06 1.25304e+06 ZonesAtSurface
4325.63 3075 227.511 0 0 1 7 974842 32.2497 66338.9 2.39524 6.56627e+06 974842 ZonesAtSurface
4375.62 3075 187.534 0 0 1 7 714205 39.4607 73892.2 3.46702 5.3845e+06 714205 ZonesAtSurface
4425.63 3075.02 247.575 2 0 1 5 717448 43.541 71880.3 2.05111 3.34453e+06 717448 ZonesAtSurface
4475.64 3075.03 257.584 10 0 2 4 902499 31.7236 141234 1.94219 2.49508e+06 902499 ZonesAtSurface
4525.65 3075.02 217.586 0 3 2 4 1.32368e+06 42.1735 90046.4 2.50302 3.45285e+06 1.32368e+06 ZonesAtSurface
4575.6 3075.02 127.602 10 0 1 5 1.22901e+06 22.1386 57599.7 1.02346 5.73327e+06 1.22901e+06 ZonesAtSurface
4625.5 3075 37.612 5 0 1 6 713145 33.8849 75570.4 1.05939 8.75223e+06 713145 ZonesAtSurface
4675.43 3075 -2.38535 10 0 1 6 882415 21.7938 108139 1.05465 1.03199e+07 882415 ZonesAtSurface
4725.38 3075 7.64217 20 0 1 5 674163 31.3107 144726 1.06661 8.51633e+06 674163 ZonesAtSurface
4775.31 3075 17.6776 47 0 1 4 557854 16.4011 117005 1.19748 2.8022e+06 557854 ZonesAtSurface
4825.24 3075 27.6984 46 0 1 3 935727 39.7808 93028.6 1.06198 7.39156e+06 935727 ZonesAtSurface
4875.16 3075 37.7036 53 0 1 2 1.06085e+06 42.2724 73957.4 1.30549 7.22193e+06 1.06085e+06 ZonesAtSurface
4925.07 3075 47.7143 48 0 1 1 742422 30.9991 135692 1.8986 4.15599e+06 742422 ZonesAtSurface
74.9892 3125 -23.6483 88 10 1 2 100000 5 10000 1.07836 337322 100000 ZonesAtSurface
124.799 3125.01 -48.6661 79 37 1 3 1.26642e+06 20.9594 148613 1.28387 3.10257e+06 1.26642e+06 ZonesAtSurface
174.686 3125.02 -23.652 79 24 1 3 616544 25.502 74476.1 3.26047 758138 616544 ZonesAtSurface
224.619 3125.01 -48.7344 68 0 1 4 757010 17.1697 55068.7 1.12463 3.26822e+06 757010 ZonesAtSurface
274.55 3125.01 -23.7416 62 35 1 4 1.16499e+06 24.2899 62629.5 1.5716 2.53982e+06 1.16499e+06 ZonesAtSurface
324.521 3125 -48.7873 46 0 1 5 537513 32.4471 54169.2 1.18379 4.67943e+06 537513 ZonesAtSurface
374.477 3125 -23.7832 49 0 1 5 1.05736e+06 19.3591 121671 1.34477 2.51411e+06 1.05736e+06 ZonesAtSurface
424.431 3125 -48.8409 19 0 1 6 789787 39.1536 133576 1.14131 1.03392e+07 789787 ZonesAtSurface
474.374 3124.99 -23.8495 24 0 1 6 1.30094e+06 35.2727 80380.5 1.02762 7.80815e+06 1.30094e+06 ZonesAtSurface
524.372 3124.99 -48.894 0 0 1 7 1.2059e+06 33.2794 72631.6 1.47027 1.00287e+07 1.2059e+06 ZonesAtSurface
574.276 3124.98 26.114 7 0 1 6 887121 23.0328 50553 1.11624 5.26787e+06 887121 ZonesAtSurface
624.223 3124.98 51.0937 1 0 1 6 100000 5 10000 1.0562 1.11257e+06 100000 ZonesAtSurface
674.178 3124.99 76.0703 2 0 1 6 100000 5 10000 1.14872 1.00279e+06 100000 ZonesAtSurface
724.122 3125 151.058 5 0 1 5 500830 20.6912 142026 1.12746 3.54983e+06 500830 ZonesAtSurface
774.111 3125 226.05 0 0 2 4 1.45148e+06 18.8298 109969 1.98416 2.48884e+06 1.45148e+06 ZonesAtSurface
824.121 3125 251.039 6 0 1 4 702135 26.6403 91742.6 1.39908 2.73497e+06 702135 ZonesAtSurface
874.129 3125 276.024 0 0 1 4 1.48156e+06 27.7743 113036 2.05883 2.97971e+06 1.48156e+06 ZonesAtSurface
924.14 3124.99 301.009 8 0 1 4 1.41758e+06 23.3801 61475.8 1.52046 3.4647e+06 1.41758e+06 ZonesAtSurface
974.152 3124.99 275.986 0 0 1 5 664581 38.0142 82413.3 3.08661 3.2613e+06 664581 ZonesAtSurface
1024.18 3124.98 350.969 8 0 1 4 570371 26.2161 93081.2 1.09401 2.65852e+06 570371 ZonesAtSurface
1074.19 3124.99 275.951 7 0 1 6 100000 5 10000 1.06589 1.05355e+06 100000 ZonesAtSurface
1124.23 3124.98 400.93 9 4 2 4 773747 38.3099 56599.3 1.7308 1.75923e+06 773747 ZonesAtSurface
1174.23 3124.99 325.917 0 0 1 6 539490 29.4137 63353.8 1.25204 3.75774e+06 539490 ZonesAtSurface
1224.26 3124.99 350.908 8 0 1 6 870700 27.0153 111415 1.14736 3.62948e+06 870700 ZonesAtSurface
1274.29 3124.99 375.904 3 0 1 6 1.42645e+06 39.2413 139408 1.63785 4.26607e+06 1.42645e+06 ZonesAtSurface
1324.31 3124.99 350.891 0 0 1 7 736885 29.8311 65203.6 1.42314 3.43647e+06 736885 ZonesAtSurface
1374.34 3124.99 375.882 4 0 1 7 1.05503e+06 33.2557 67464.5 1.34388 4.25125e+06 1.05503e+06 ZonesAtSurface
1424.36 3124.99 350.859 1 0 1 8 712499 27.2165 55617.8 1.24644 4.66432e+06 712499 ZonesAtSurface
1474.4 3125 375.848 5 0 1 8 738547 43.1259 88924.8 1.59809 4.5765e+06 738547 ZonesAtSurface
1524.43 3125 400.834 5 0 1 8 1.17887e+06 40.1638 86284.8 1.56499 4.82068e+06 1.17887e+06 ZonesAtSurface
1574.46 3124.99 375.808 0 0 1 9 1.15014e+06 39.2904 129328 1.34566 6.50969e+06 1.15014e+06 ZonesAtSurface
1624.51 3125 450.796 5 0 2 8 978651 31.8036 85680.2 2.03839 2.6102e+06 978651 ZonesAtSurface
1674.55 3125 475.775 5 4 2 8 969604 24.943 61605.8 2.54906 1.52265e+06 969604 ZonesAtSurface
1724.6 3125 500.753 9 4 2 8 589389 36.1211 95070.5 1.61159 1.52648e+06 589389 ZonesAtSurface
1774.66 3125 525.74 8 6 1 8 547434 22.4914 92134.9 1.78064 914100 547434 ZonesAtSurface
1824.72 3124.99 550.74 0 9 2 8 1.41724e+06 28.7388 107193 1.68743 2.76902e+06 1.41724e+06 ZonesAtSurface
1874.78 3124.99 525.757 2 0 2 9 943577 22.055 130338 1.01423 3.17979e+06 943577 ZonesAtSurface
1924.84 3124.99 550.772 3 4 2 9 1.16046e+06 26.9832 78540.9 1.13248 3.25659e+06 1.16046e+06 ZonesAtSurface
1974.9 3124.99 575.795 8 6 2 9 718459 15.8515 50305.4 1.03094 1.82669e+06 718459 ZonesAtSurface
2024.97 3125 488.341 5 0 1 10 1.21445e+06 39.6432 140238 1.44171 6.76546e+06 1.21445e+06 ZonesAtSurface
2075.01 3125 438.372 8 0 1 9 720220 29.2079 95459.5 1.03063 5.47214e+06 720220 ZonesAtSurface
2125.04 3124.99 438.41 8 0 2 7 1.09638e+06 25.7434 62769.4 1.01576 3.37374e+06 1.09638e+06 ZonesAtSurface
2175.06 3124.98 338.429 0 0 1 7 859601 41.3132 54094.1 4.1479 6.14579e+06 859601 ZonesAtSurface
2225.07 3124.97 238.436 0 0 0 0 1.05619e+06 32.3628 127691 2.56444 8.48725e+06 1.05619e+06 ZonesAtSurface
2275.1 3124.98 138.438 0 0 0 0 1.46166e+06 30.1446 53023 2.17096 1.03648e+07 1.46166e+06 ZonesAtSurface
2325.11 3124.94 88.433 8 0 0 0 815458 38.9447 99058.2 1.51532 1.66281e+07 815458 ZonesAtSurface
2375.15 3124.98 -61.5187 0 0 0 0 635987 21.0594 102831 2.47615 6.0733e+06 635987 ZonesAtSurface
2425.13 3124.91 -61.5168 7 0 0 0 528563 41.8794 142836 2.99769 1.30656e+07 528563 ZonesAtSurface
2475.11 3124.95 -161.495 0 0 0 0 1.20032e+06 39.5828 132887 5.21649 8.31678e+06 1.20032e+06 ZonesAtSurface
2525.07 3124.98 -241.49 0 0 0 0 614634 44.8809 58725.6 9.43295 8.10777e+06 614634 ZonesAtSurface
2575.02 3124.95 -201.48 0 0 0 0 1.39839e+06 20.2948 96107.6 1.80766 9.88243e+06 1.39839e+06 ZonesAtSurface
2624.97 3124.94 -161.473 0 0 0 0 1.19236e+06 26.8002 98489 2.17996 9.98193e+06 1.19236e+06 ZonesAtSurface
2674.93 3124.94 -121.471 0 0 0 0 853200 43.558 65880.9 4.75161 1.04031e+07 853200 ZonesAtSurface
2724.89 3124.94 -81.4754 0 0 0 0 1.01848e+06 44.7156 51141 5.1015 9.99228e+06 1.01848e+06 ZonesAtSurface
2774.86 3124.94 -41.4856 0 0 0 0 727125 43.3543 112879 4.43362 1.01512e+07 727125 ZonesAtSurface
2824.85 3124.94 -1.49964 8 0 0 0 910450 20.8368 138322 1.35997 9.73503e+06 910450 ZonesAtSurface
2874.84 3124.97 -11.5124 0 0 0 0 769845 37.1375 112447 9.2246 4.12751e+06 769845 ZonesAtSurface
2924.83 3124.94 78.4665 0 0 0 0 520233 36.4653 101729 2.20953 1.09863e+07 520233 ZonesAtSurface
2974.83 3124.98 68.4564 0 0 0 0 1.31029e+06 19.7785 75987.9 3.65333 4.17288e+06 1.31029e+06 ZonesAtSurface
3024.84 3124.98 108.442 0 0 0 0 1.49658e+06 21.9608 89168.7 4.861 3.6945e+06 1.49658e+06 ZonesAtSurface
3074.84 3124.98 148.43 0 0 0 0 1.15478e+06 20.9626 111462 5.44058 3.0395e+06 1.15478e+06 ZonesAtSurface
3124.85 3124.98 188.418 0 0 0 0 1.19723e+06 22.7595 130318 8.22507 2.36758e+06 1.19723e+06 ZonesAtSurface
3174.87 3124.94 278.398 0 0 0 0 934344 23.1686 144704 1.59027 7.77415e+06 934344 ZonesAtSurface
3224.89 3124.94 318.387 2 0 0 0 660711 35.4905 112058 1.75556 9.02141e+06 660711 ZonesAtSurface
3274.87 3124.98 308.382 7 0 1 7 100000 5 10000 1.31218 1.38325e+06 100000 ZonesAtSurface
3324.85 3124.99 448.368 4 7 2 5 594657 32.3844 59073.9 2.32716 902290 594657 ZonesAtSurface
3374.87 3124.99 438.344 0 0 1 6 804302 28.131 133880 1.34124 5.03218e+06 804302 ZonesAtSurface
3424.89 3125 478.314 5 0 1 6 1.21769e+06 37.113 86764.4 1.16283 4.99085e+06 1.21769e+06 ZonesAtSurface
3474.92 3125 518.286 5 0 1 6 1.39356e+06 34.4322 55187.7 1.6077 5.0935e+06 1.39356e+06 ZonesAtSurface
3524.94 3125 508.253 0 0 1 7 588713 31.5548 113226 1.7946 4.42667e+06 588713 ZonesAtSurface
3574.98 3125 548.228 3 0 1 7 1.00727e+06 42.849 125633 1.59501 5.07112e+06 1.00727e+06 ZonesAtSurface
3625.01 3125 538.201 10 0 1 8 1.34202e+06 27.3095 131975 1.02112 5.26048e+06 1.34202e+06 ZonesAtSurface
3675.05 3124.99 578.175 0 0 1 8 1.06929e+06 24.2691 83917.3 1.01112 4.03187e+06 1.06929e+06 ZonesAtSurface
3725.11 3125 568.175 4 0 1 9 980394 33.173 92155.7 1.07403 7.05882e+06 980394 ZonesAtSurface
3775.19 3125 568.182 0 0 1 9 100000 5 10000 1.15245 761882 100000 ZonesAtSurface
3825.21 3124.99 728.035 2 3 2 5 1.20844e+06 23.6532 89358.3 1.41808 2.55167e+06 1.20844e+06 ZonesAtSurface
3875.29 3124.99 688.062 1 0 1 5 929479 27.4616 134671 1.26557 2.59317e+06 929479 ZonesAtSurface
3925.38 3125 648.116 0 0 1 5 1.2872e+06 30.2019 100276 1.14806 4.80212e+06 1.2872e+06 ZonesAtSurface
3975.44 3124.99 658.136 7 0 1 4 100000 5 10000 1.28411 398863 100000 ZonesAtSurface
4025.52 3125 518.269 7 0 1 6 774255 16.0258 77770.7 1.03875 3.16043e+06 774255 ZonesAtSurface
4075.57 3125 528.281 5 0 1 5 998150 38.8715 57705.2 1.32752 4.06285e+06 998150 ZonesAtSurface
4125.6 3125 538.317 8 10 1 4 869762 40.968 83442.7 1.23979 2.92258e+06 869762 ZonesAtSurface
4175.64 3125 498.355 0 6 2 4 1.44667e+06 29.6458 55024.9 1.46627 3.37728e+06 1.44667e+06 ZonesAtSurface
4225.67 3125 458.389 2 0 2 4 1.02305e+06 42.541 75416.8 1.69608 4.20599e+06 1.02305e+06 ZonesAtSurface
4275.7 3124.99 368.445 9 0 1 5 100000 5 10000 1.0379 595907 100000 ZonesAtSurface
4325.67 3124.99 278.506 1 0 1 6 1.20898e+06 18.0512 119219 1.18765 5.76692e+06 1.20898e+06 ZonesAtSurface
4375.62 3125 188.535 8 0 1 7 608367 19.293 73957.1 1.05722 6.00666e+06 608367 ZonesAtSurface
4425.63 3125 198.569 0 0 1 6 1.41957e+06 37.0683 50117.9 1.63854 6.67496e+06 1.41957e+06 ZonesAtSurface
4475.61 3125.01 158.581 0 0 1 6 1.21763e+06 41.254 120542 2.57366 6.30354e+06 1.21763e+06 ZonesAtSurface
4525.62 3125.01 168.597 4 0 1 5 598863 38.1656 123024 2.01424 4.79124e+06 598863 ZonesAtSurface
4575.56 3125 78.6068 7 0 1 6 674328 30.7625 71211.4 1.0362 8.24353e+06 674328 ZonesAtSurface
4625.51 3125 38.6173 8 0 1 6 1.32864e+06 35.6124 85872.4 1.0679 9.34548e+06 1.32864e+06 ZonesAtSurface
4675.43 3125 -1.38089 7 0 1 6 1.14182e+06 29.8965 67628.3 1.11881 1.25985e+07 1.14182e+06 ZonesAtSurface
4725.38 3125 8.65022 19 0 1 5 828354 42.1381 126935 1.14836 9.5009e+06 828354 ZonesAtSurface
4775.3 3125 18.6852 35 0 1 4 1.14764e+06 44.9971 134002 1.25012 5.42799e+06 1.14764e+06 ZonesAtSurface
4825.23 3125 28.7055 47 0 1 3 1.12527e+06 40.6445 66270.6 1.10037 6.99409e+06 1.12527e+06 ZonesAtSurface
4875.16 3125 38.7083 58 0 1 2 651974 32.8104 54014 1.6777 4.10297e+06 651974 ZonesAtSurface
4925.07 3125 48.7204 80 0 1 1 692541 36.587 55840.8 1.74984 4.07053e+06 692541 ZonesAtSurface
75.0031 3174.99 -22.6502 89 1 1 2 100000 5 10000 1.04968 331364 100000 ZonesAtSurface
124.827 3175 -47.6279 74 0 1 3 100000 5 10000 1.15978 360155 100000 ZonesAtSurface
174.712 3175.01 -22.6408 79 1 1 3 100000 5 10000 2.38681 117599 100000 ZonesAtSurface
224.621 3175.01 -47.7504 49 0 1 4 958382 42.1801 149746 1.1279 4.44205e+06 958382 ZonesAtSurface
274.561 3175.01 -22.7541 66 15 1 4 1.05443e+06 22.8786 84313.2 1.95601 2.05769e+06 1.05443e+06 ZonesAtSurface
324.528 3175 -47.7947 42 0 1 5 1.19399e+06 37.3127 116782 1.32277 6.59309e+06 1.19399e+06 ZonesAtSurface
374.482 3175 -22.7876 45 18 1 5 1.33575e+06 35.6971 144404 1.70415 3.59257e+06 1.33575e+06 ZonesAtSurface
424.434 3175 -47.847 18 0 1 6 1.12476e+06 40.6687 63287 1.07512 1.17808e+07 1.12476e+06 ZonesAtSurface
474.369 3175 -22.8648 9 0 1 6 1.46435e+06 24.1202 87546.6 1.02783 8.41976e+06 1.46435e+06 ZonesAtSurface
524.317 3174.99 2.11446 6 0 1 6 598848 44.1642 69968.6 1.18617 1.04743e+07 598848 ZonesAtSurface
574.272 3174.99 27.1002 3 0 1 6 1.31627e+06 37.2692 96116.6 1.03861 1.01063e+07 1.31627e+06 ZonesAtSurface
624.226 3174.99 52.0843 0 0 1 6 100000 5 10000 1.01916 1.25251e+06 100000 ZonesAtSurface
674.123 3175 177.083 0 6 1 4 1.29687e+06 39.972 102265 1.92723 2.97677e+06 1.29687e+06 ZonesAtSurface
724.135 3175 152.064 7 0 1 5 1.06556e+06 19.0005 111988 1.05493 4.28261e+06 1.06556e+06 ZonesAtSurface
774.13 3175 177.045 0 0 1 5 1.2092e+06 32.1831 104765 1.44209 5.37351e+06 1.2092e+06 ZonesAtSurface
824.116 3175 252.035 9 0 1 4 625608 41.0987 145314 1.47736 3.81228e+06 625608 ZonesAtSurface
874.122 3175 277.017 6 0 1 4 760405 24.937 81951.1 1.14121 3.30562e+06 760405 ZonesAtSurface
924.135 3174.99 301.995 6 0 1 4 100000 5 10000 1.05959 609832 100000 ZonesAtSurface
974.132 3174.98 376.949 6 0 1 3 100000 5 10000 0.929209 454580 100000 ZonesAtSurface
1024.18 3174.99 351.952 4 0 1 4 753236 24.1569 135159 1.02364 2.71704e+06 753236 ZonesAtSurface
1074.2 3174.99 376.935 0 0 1 4 1.48541e+06 22.7456 122197 1.82147 2.63149e+06 1.48541e+06 ZonesAtSurface
1124.23 3174.99 401.919 0 7 1 4 1.49002e+06 41.8655 115924 2.26077 2.7814e+06 1.49002e+06 ZonesAtSurface
1174.25 3174.99 376.907 0 0 2 5 828074 20.799 65787.3 1.01155 3.15733e+06 828074 ZonesAtSurface
1224.28 3174.98 401.894 4 0 2 5 809038 38.9712 111074 1.14816 4.01078e+06 809038 ZonesAtSurface
1274.3 3174.99 376.892 3 0 1 6 1.42071e+06 29.1836 105487 1.37578 4.33028e+06 1.42071e+06 ZonesAtSurface
1324.32 3174.99 351.884 0 0 1 7 1.26713e+06 32.3925 78353.7 2.22484 3.66594e+06 1.26713e+06 ZonesAtSurface
1374.35 3174.99 376.877 9 0 1 7 966998 24.4877 52352.3 1.04827 3.11258e+06 966998 ZonesAtSurface
1424.38 3174.99 351.863 1 0 2 8 645916 15.7714 92027.1 1.1773 2.86157e+06 645916 ZonesAtSurface
1474.41 3174.99 376.856 0 0 1 8 1.43271e+06 26.8914 61898.1 1.41703 3.86156e+06 1.43271e+06 ZonesAtSurface
1524.44 3175 351.832 0 0 1 9 907003 38.3306 109256 1.55313 5.89489e+06 907003 ZonesAtSurface
1574.49 3174.99 426.822 1 0 2 8 1.23532e+06 33.5459 59668.9 1.58711 3.87177e+06 1.23532e+06 ZonesAtSurface
1624.52 3174.99 401.801 6 0 1 9 712733 42.2093 82240.6 1.19395 5.78838e+06 712733 ZonesAtSurface
1674.56 3174.99 426.785 12 0 1 9 1.02745e+06 35.2087 112355 1.03915 6.0693e+06 1.02745e+06 ZonesAtSurface
1724.61 3174.99 451.774 11 0 1 9 548163 17.598 136845 1.03569 2.55128e+06 548163 ZonesAtSurface
1774.67 3175 526.754 0 9 2 8 1.34716e+06 25.2803 54756.4 1.54363 2.75916e+06 1.34716e+06 ZonesAtSurface
1824.74 3175 501.765 0 0 2 9 544510 16.6115 93185 1.00962 2.15298e+06 544510 ZonesAtSurface
1874.79 3175 526.77 6 0 1 9 737615 38.0761 136776 1.01287 4.52889e+06 737615 ZonesAtSurface
1924.84 3174.99 551.78 8 0 1 9 589597 21.2661 111056 0.999293 2.02835e+06 589597 ZonesAtSurface
1974.91 3174.99 576.797 10 7 2 9 1.3391e+06 17.1651 69063.5 1.01816 3.53281e+06 1.3391e+06 ZonesAtSurface
2024.96 3175 489.336 4 0 1 10 100000 5 10000 1.03848 916972 100000 ZonesAtSurface
2075.01 3175 439.37 7 0 1 9 1.07187e+06 20.4996 91299.9 1.043 5.44502e+06 1.07187e+06 ZonesAtSurface
2125.04 3174.99 439.41 6 3 1 7 1.46209e+06 30.5694 117261 1.13345 4.41528e+06 1.46209e+06 ZonesAtSurface
2175.06 3174.99 339.428 0 0 1 7 1.35846e+06 42.1111 68095.8 8.17975 3.84845e+06 1.35846e+06 ZonesAtSurface
2225.05 3174.96 289.439 7 0 0 0 1.39521e+06 31.8367 93986.4 1.76586 1.07894e+07 1.39521e+06 ZonesAtSurface
2275.1 3174.99 139.443 0 0 0 0 1.42453e+06 33.2768 130978 5.36936 6.34268e+06 1.42453e+06 ZonesAtSurface
2325.11 3174.95 89.4406 0 0 0 0 1.13654e+06 35.7465 107480 1.83508 1.29837e+07 1.13654e+06 ZonesAtSurface
2375.13 3174.94 -10.5314 0 0 0 0 1.33616e+06 44.0615 142802 3.98317 1.04643e+07 1.33616e+06 ZonesAtSurface
2425.13 3174.95 -110.508 0 0 0 0 729270 42.2953 54911.7 5.3137 8.73063e+06 729270 ZonesAtSurface
2475.11 3174.97 -210.501 0 0 0 0 954911 39.487 64841.6 7.07155 7.96104e+06 954911 ZonesAtSurface
2525.05 3174.92 -190.487 7 0 0 0 1.14141e+06 38.2866 130198 2.21656 1.52274e+07 1.14141e+06 ZonesAtSurface
2575.02 3174.94 -200.497 0 0 0 0 1.08477e+06 28.3421 115966 2.74706 9.38215e+06 1.08477e+06 ZonesAtSurface
2624.98 3174.92 -160.494 8 0 0 0 762306 17.8591 55633.6 1.0164 1.12728e+07 762306 ZonesAtSurface
2674.94 3174.91 -120.493 0 0 0 0 1.0156e+06 41.5697 83361.3 2.8333 1.47471e+07 1.0156e+06 ZonesAtSurface
2724.9 3174.91 -80.4986 4 0 0 0 1.11346e+06 27.5838 51219.3 1.23681 1.54065e+07 1.11346e+06 ZonesAtSurface
2774.89 3174.96 -90.5055 0 0 0 0 1.31234e+06 44.4777 139422 8.86669 7.47994e+06 1.31234e+06 ZonesAtSurface
2824.87 3174.96 -50.5139 0 0 0 0 908101 17.5709 96700.2 1.87642 7.32118e+06 908101 ZonesAtSurface
2874.85 3174.97 -10.5251 0 0 0 0 643790 17.25 60309.3 2.00511 6.35974e+06 643790 ZonesAtSurface
2924.85 3174.97 29.4576 0 0 0 0 786943 25.6541 70832.4 3.51687 6.11409e+06 786943 ZonesAtSurface
2974.85 3174.97 69.4428 0 0 0 0 1.30707e+06 25.2615 117464 3.82331 5.88022e+06 1.30707e+06 ZonesAtSurface
3024.85 3174.93 159.428 0 0 0 0 856659 44.9955 79374.3 3.40749 1.17085e+07 856659 ZonesAtSurface
3074.85 3174.94 199.421 0 0 0 0 756059 22.6482 65285.6 1.33803 9.00251e+06 756059 ZonesAtSurface
3124.86 3174.94 239.408 0 0 0 0 1.29086e+06 42.2319 76193.5 4.26115 8.17528e+06 1.29086e+06 ZonesAtSurface
3174.87 3174.94 279.394 0 0 0 0 1.23257e+06 40.6535 99341.5 4.08514 6.87142e+06 1.23257e+06 ZonesAtSurface
3224.89 3174.94 319.38 0 0 0 0 1.14315e+06 27.0421 65279.4 2.26488 6.38719e+06 1.14315e+06 ZonesAtSurface
3274.88 3174.98 309.376 0 0 1 7 786835 21.7151 123117 2.6326 4.21278e+06 786835 ZonesAtSurface
3324.87 3174.99 399.371 7 0 1 6 1.37835e+06 28.2997 103268 1.29068 4.8406e+06 1.37835e+06 ZonesAtSurface
3374.88 3175 439.346 0 0 1 6 1.40665e+06 25.1888 99312.5 1.75229 4.64704e+06 1.40665e+06 ZonesAtSurface
3424.9 3175 479.319 2 0 2 6 1.46664e+06 32.1252 77013.7 1.40902 4.45863e+06 1.46664e+06 ZonesAtSurface
3474.93 3175 519.294 0 4 2 6 980616 36.8472 85189.2 1.32723 2.98095e+06 980616 ZonesAtSurface
3524.95 3175 509.26 1 0 2 7 1.03907e+06 28.3869 143986 1.30644 4.0307e+06 1.03907e+06 ZonesAtSurface
3574.99 3175 549.233 10 2 1 7 1.04412e+06 32.0825 73664 1.14742 3.16643e+06 1.04412e+06 ZonesAtSurface
3625.02 3174.99 589.201 1 0 1 7 700518 42.3992 109861 1.1299 2.66634e+06 700518 ZonesAtSurface
3675.06 3174.99 629.171 2 0 2 7 972709 25.7388 135174 1.03659 3.12002e+06 972709 ZonesAtSurface
3725.11 3174.99 569.171 3 0 1 9 609735 43.4852 54937.9 1.02602 7.4538e+06 609735 ZonesAtSurface
3775.16 3174.99 669.109 4 4 2 7 1.04388e+06 34.9724 57236.8 1.23802 3.33644e+06 1.04388e+06 ZonesAtSurface
3825.22 3175 729.038 9 9 2 5 994192 20.5196 118162 1.1868 2.3619e+06 994192 ZonesAtSurface
3875.27 3174.99 739.024 6 2 2 4 1.11568e+06 21.5219 66589.1 1.04449 3.15894e+06 1.11568e+06 ZonesAtSurface
3925.31 3174.99 749.039 1 1 2 3 514390 22.5183 69143.4 1.43023 1.14352e+06 514390 ZonesAtSurface
3975.43 3174.99 659.122 2 2 2 4 1.20308e+06 24.5183 56439.8 1.04153 3.57807e+06 1.20308e+06 ZonesAtSurface
4025.53 3175 569.234 4 0 1 5 1.31454e+06 31.2984 63325.4 1.20604 5.11035e+06 1.31454e+06 ZonesAtSurface
4075.56 3175 479.309 5 0 1 6 655218 17.8403 70264.3 1.05104 2.88915e+06 655218 ZonesAtSurface
4125.61 3175 489.333 5 0 1 5 1.0952e+06 26.0021 84233.7 1.06605 3.77928e+06 1.0952e+06 ZonesAtSurface
4175.63 3175 499.365 0 5 1 4 1.17849e+06 20.3494 124940 1.26065 2.64647e+06 1.17849e+06 ZonesAtSurface
4225.67 3175 459.395 0 1 1 4 1.47589e+06 43.917 137032 1.90704 3.89072e+06 1.47589e+06 ZonesAtSurface
4275.7 3174.99 419.422 4 0 2 4 948096 39.281 93492.6 1.69086 3.63241e+06 948096 ZonesAtSurface
4325.67 3174.99 279.499 0 0 1 6 1.37698e+06 30.1188 77469.1 1.0621 7.47755e+06 1.37698e+06 ZonesAtSurface
4375.66 3174.99 239.537 7 0 1 6 1.33797e+06 35.5587 119774 1.16055 8.58062e+06 1.33797e+06 ZonesAtSurface
4425.61 3175 149.555 0 0 1 7 695808 20.9521 131308 1.01243 6.2801e+06 695808 ZonesAtSurface
4475.59 3175 109.573 0 0 1 7 1.3413e+06 24.6179 50559 1.25306 7.60989e+06 1.3413e+06 ZonesAtSurface
4525.59 3175.01 119.603 5 0 1 6 1.46115e+06 32.5874 88617.8 1.27248 8.4437e+06 1.46115e+06 ZonesAtSurface
4575.6 3175 129.62 2 0 2 5 1.27946e+06 23.2287 101713 1.29199 3.24378e+06 1.27946e+06 ZonesAtSurface
4625.51 3175 39.6199 10 0 1 6 598873 38.5285 76308 1.04125 8.30891e+06 598873 ZonesAtSurface
4675.43 3175 -0.3789 6 0 1 6 894215 33.9887 50750.2 1.1295 1.29392e+07 894215 ZonesAtSurface
4725.38 3175 9.6514 22 0 1 5 1.18489e+06 32.5842 117059 1.24624 8.01613e+06 1.18489e+06 ZonesAtSurface
4775.3 3175 19.6889 41 2 1 4 1.39507e+06 29.3422 58837.7 1.21356 5.1264e+06 1.39507e+06 ZonesAtSurface
4825.22 3175 29.7049 34 0 1 3 909591 41.0348 53023.2 1.32296 5.7675e+06 909591 ZonesAtSurface
4875.16 3175 39.704 60 0 1 2 823901 37.906 132057 2.34094 4.16455e+06 823901 ZonesAtSurface
4925.08 3175 49.7258 67 0 1 1 1.49521e+06 16.4657 56254.1 1.28601 3.80103e+06 1.49521e+06 ZonesAtSurface
74.9921 3224.98 -21.7148 88 39 1 2 1.27615e+06 22.5205 93106.7 1.34666 3.20902e+06 1.27615e+06 ZonesAtSurface
124.867 3224.98 -46.6611 79 0 1 3 100000 5 10000 1.28619 379210 100000 ZonesAtSurface
174.764 3224.98 -21.6332 79 1 1 3 100000 5 10000 2.51023 122050 100000 ZonesAtSurface
224.642 3225.01 -46.7522 68 23 1 4 1.4112e+06 23.3049 101383 1.11247 4.10842e+06 1.4112e+06 ZonesAtSurface
274.576 3225.01 -21.7557 68 39 1 4 647148 42.018 106639 4.35092 1.33017e+06 647148 ZonesAtSurface
324.534 3225 -46.7932 30 0 1 5 836533 39.1384 148604 1.65409 7.21907e+06 836533 ZonesAtSurface
374.478 3225.01 -21.7873 45 0 1 5 1.09082e+06 39.4523 105542 2.31333 3.54563e+06 1.09082e+06 ZonesAtSurface
424.433 3225 -46.8488 25 0 1 6 775965 17.6192 115925 1.0223 4.91236e+06 775965 ZonesAtSurface
474.362 3225 -21.8712 23 0 1 6 646431 15.5104 139995 1.04522 3.66232e+06 646431 ZonesAtSurface
524.308 3225 3.1056 0 0 1 6 859352 28.9153 108800 1.02389 6.07634e+06 859352 ZonesAtSurface
574.264 3225 28.0922 3 0 1 6 100000 5 10000 1.03877 1.24514e+06 100000 ZonesAtSurface
624.226 3225 53.0787 1 0 1 6 952880 20.6402 121417 1.02182 5.86499e+06 952880 ZonesAtSurface
674.161 3225 128.079 5 0 1 5 1.32187e+06 32.4525 61726.9 1.12725 5.08834e+06 1.32187e+06 ZonesAtSurface
724.15 3225 153.067 7 0 1 5 1.02924e+06 27.8823 91217.9 1.01871 4.78836e+06 1.02924e+06 ZonesAtSurface
774.137 3225 178.045 6 0 1 5 568022 43.9016 123286 1.61336 6.53138e+06 568022 ZonesAtSurface
824.098 3225 253.026 8 0 1 4 914455 31.6398 94799.2 1.17359 4.12128e+06 914455 ZonesAtSurface
874.107 3224.99 278.004 1 0 1 4 100000 5 10000 1.07048 656902 100000 ZonesAtSurface
924.088 3224.99 352.952 2 0 2 3 100000 5 10000 1.74747 191683 100000 ZonesAtSurface
974.112 3224.99 377.929 7 0 2 3 100000 5 10000 1.59483 268409 100000 ZonesAtSurface
1024.14 3224.99 402.908 5 0 2 3 100000 5 10000 1.14578 422664 100000 ZonesAtSurface
1074.16 3224.99 427.888 1 0 2 3 100000 5 10000 1.08692 481130 100000 ZonesAtSurface
1124.22 3224.99 402.904 10 0 1 4 883166 33.4611 108689 1.27417 3.22897e+06 883166 ZonesAtSurface
1174.25 3224.99 427.889 0 0 1 4 1.34248e+06 19.8083 81737.6 1.23705 3.10736e+06 1.34248e+06 ZonesAtSurface
1224.28 3224.99 402.888 0 0 2 5 1.00268e+06 37.6854 92792.5 1.04126 3.95318e+06 1.00268e+06 ZonesAtSurface
1274.32 3224.99 427.879 8 0 2 5 559317 31.9673 149079 1.05313 2.64731e+06 559317 ZonesAtSurface
1324.34 3224.99 402.882 3 6 1 6 1.23103e+06 30.1645 118992 1.40986 2.88865e+06 1.23103e+06 ZonesAtSurface
1374.37 3224.99 427.879 0 8 2 6 1.43382e+06 41.4397 142644 2.75117 2.13624e+06 1.43382e+06 ZonesAtSurface
1424.4 3224.99 402.873 3 5 2 7 1.28752e+06 24.2886 116422 1.38206 2.77677e+06 1.28752e+06 ZonesAtSurface
1474.42 3225 377.86 2 0 1 8 1.1035e+06 31.1607 132336 1.42299 3.24987e+06 1.1035e+06 ZonesAtSurface
1524.47 3225 452.852 10 8 2 7 1.10653e+06 27.0312 92420.8 1.99889 1.81628e+06 1.10653e+06 ZonesAtSurface
1574.5 3225 427.824 1 0 2 8 827574 43.051 125609 1.21033 2.82773e+06 827574 ZonesAtSurface
1624.54 3224.99 452.808 0 10 2 8 1.37374e+06 39.436 84278.9 1.65995 3.35621e+06 1.37374e+06 ZonesAtSurface
1674.58 3224.99 477.796 5 6 2 8 844437 40.9605 89739.5 2.01656 2.23121e+06 844437 ZonesAtSurface
1724.64 3224.99 402.796 0 0 1 10 682197 43.9799 98652.1 1.00501 7.31563e+06 682197 ZonesAtSurface
1774.69 3224.99 427.79 2 0 1 10 749754 27.3336 132221 1.00339 4.71871e+06 749754 ZonesAtSurface
1824.75 3224.99 452.786 2 0 1 10 638470 43.4109 55315.6 1.00984 5.73702e+06 638470 ZonesAtSurface
1874.8 3225 527.778 4 0 2 9 1.39752e+06 22.5848 127402 1.03138 3.94225e+06 1.39752e+06 ZonesAtSurface
1924.85 3224.99 552.787 8 0 1 9 647823 21.2451 90364.4 0.997694 2.05514e+06 647823 ZonesAtSurface
1974.91 3224.99 577.799 0 5 2 9 938804 40.4992 129305 1.09615 3.31751e+06 938804 ZonesAtSurface
2024.96 3225 540.325 5 0 2 9 832916 30.8976 65043.2 0.999976 3.38545e+06 832916 ZonesAtSurface
2075 3225 440.367 5 0 1 9 1.10466e+06 15.6154 132752 1.00507 4.20078e+06 1.10466e+06 ZonesAtSurface
2125.04 3225 440.407 6 8 2 7 985403 44.4033 89919.5 1.25959 3.79867e+06 985403 ZonesAtSurface
2175.06 3224.99 340.429 0 0 1 7 523453 29.2762 127099 4.51044 2.88012e+06 523453 ZonesAtSurface
2225.06 3224.97 290.443 0 0 0 0 969706 22.3748 106987 2.16186 5.61837e+06 969706 ZonesAtSurface
2275.09 3224.97 190.45 0 0 0 0 1.31672e+06 31.3571 132203 3.81171 6.57023e+06 1.31672e+06 ZonesAtSurface
2325.12 3224.95 90.4601 0 0 0 0 749034 30.7059 63722.3 1.45083 1.12318e+07 749034 ZonesAtSurface
2375.13 3224.94 -9.52283 0 0 0 0 834774 35.8128 142910 2.41795 9.18699e+06 834774 ZonesAtSurface
2425.13 3224.97 -159.512 0 0 0 0 687021 39.1789 102932 6.25236 7.4731e+06 687021 ZonesAtSurface
2475.1 3224.99 -259.51 0 0 0 0 515647 36.5111 97130.4 7.7695 6.61828e+06 515647 ZonesAtSurface
2525.06 3224.97 -239.519 0 0 0 0 1.17871e+06 18.5889 92166.2 1.88054 8.80673e+06 1.17871e+06 ZonesAtSurface
2575.03 3224.93 -199.525 7 0 0 0 662403 21.6236 148378 1.46421 1.13848e+07 662403 ZonesAtSurface
2625 3224.9 -159.525 1 0 0 0 1.05164e+06 27.434 123873 1.45666 1.58181e+07 1.05164e+06 ZonesAtSurface
2674.96 3224.89 -119.523 0 0 0 0 564586 37.7051 123727 1.79096 1.72785e+07 564586 ZonesAtSurface
2724.93 3224.95 -129.514 0 0 0 0 1.01418e+06 41.0302 111761 6.60473 8.58677e+06 1.01418e+06 ZonesAtSurface
2774.9 3224.96 -89.52 0 0 0 0 1.36223e+06 25.187 89543.6 3.24021 7.41398e+06 1.36223e+06 ZonesAtSurface
2824.88 3224.96 -49.5282 0 0 0 0 1.19179e+06 24.7343 76644 3.10872 7.17883e+06 1.19179e+06 ZonesAtSurface
2874.88 3224.91 40.4408 4 0 0 0 940638 20.6612 114826 1.04936 1.32112e+07 940638 ZonesAtSurface
2924.88 3224.92 80.426 0 0 0 0 636946 27.327 137123 1.34444 1.37682e+07 636946 ZonesAtSurface
2974.87 3224.92 120.424 0 0 0 0 1.41062e+06 32.3049 97254.9 2.11948 1.23307e+07 1.41062e+06 ZonesAtSurface
3024.86 3224.93 160.423 0 0 0 0 542500 33.9321 84947.9 1.79004 1.04341e+07 542500 ZonesAtSurface
3074.86 3224.93 200.411 0 0 0 0 1.34789e+06 35.2001 99132.5 2.17963 9.87582e+06 1.34789e+06 ZonesAtSurface
3124.87 3224.93 240.397 0 0 0 0 511790 41.8523 143384 3.32673 8.69612e+06 511790 ZonesAtSurface
3174.87 3224.94 280.388 0 0 0 0 1.09796e+06 31.7672 102049 3.72938 5.45774e+06 1.09796e+06 ZonesAtSurface
3224.89 3224.95 320.377 2 0 0 0 894546 22.9597 126134 3.12702 3.76596e+06 894546 ZonesAtSurface
3274.89 3224.97 360.381 2 0 1 6 798536 37.8228 65046.6 3.91297 6.34887e+06 798536 ZonesAtSurface
3324.88 3224.99 400.379 9 0 1 6 860863 31.6599 71535.4 1.08423 2.83159e+06 860863 ZonesAtSurface
3374.89 3225 440.353 8 0 1 6 1.06312e+06 44.9843 131939 2.55321 5.002e+06 1.06312e+06 ZonesAtSurface
3424.91 3225 480.322 2 0 1 6 1.42161e+06 36.9034 109086 1.90081 4.64097e+06 1.42161e+06 ZonesAtSurface
3474.93 3225 520.294 9 0 2 6 1.0148e+06 21.7836 77447.6 1.0676 3.29589e+06 1.0148e+06 ZonesAtSurface
3524.96 3225 510.261 4 0 1 7 679290 37.7182 114853 1.25281 4.52945e+06 679290 ZonesAtSurface
3574.99 3225 500.237 4 0 1 8 598805 31.8425 133037 1.00429 6.27682e+06 598805 ZonesAtSurface
3625.03 3225 590.2 0 0 1 7 1.42829e+06 39.2211 141268 1.37427 5.44189e+06 1.42829e+06 ZonesAtSurface
3675.07 3224.99 630.168 2 0 2 7 838124 24.0388 119134 1.01859 3.2037e+06 838124 ZonesAtSurface
3725.11 3224.99 620.153 9 0 1 8 500350 39.2224 76260.6 1.01364 4.08746e+06 500350 ZonesAtSurface
3775.17 3224.99 620.146 0 0 1 8 702803 31.9312 108547 1.0599 4.58214e+06 702803 ZonesAtSurface
3825.22 3224.99 680.096 11 0 1 6 699445 24.5036 82584.3 1.12113 2.61439e+06 699445 ZonesAtSurface
3875.29 3225 690.068 3 0 1 5 1.41921e+06 20.1851 62005.5 1.07737 4.30441e+06 1.41921e+06 ZonesAtSurface
3925.27 3224.99 800.038 0 7 2 2 707253 40.5327 84569.7 2.13177 1.37145e+06 707253 ZonesAtSurface
3975.43 3224.99 660.113 4 0 2 4 960400 32.0328 102351 1.04042 3.50059e+06 960400 ZonesAtSurface
4025.51 3224.99 620.182 3 0 2 4 979542 34.8764 68158.9 1.06041 3.68106e+06 979542 ZonesAtSurface
4075.55 3225 430.341 1 0 1 7 1.10598e+06 33.0005 117801 1.00718 7.4709e+06 1.10598e+06 ZonesAtSurface
4125.6 3225 440.35 16 0 1 6 1.45062e+06 20.0263 74404.9 1.10273 5.18077e+06 1.45062e+06 ZonesAtSurface
4175.63 3225 400.388 0 0 1 6 545247 17.3269 128746 1.04111 3.30368e+06 545247 ZonesAtSurface
4225.66 3225 410.411 0 0 2 5 1.46772e+06 26.371 99816.1 1.42753 4.61105e+06 1.46772e+06 ZonesAtSurface
4275.68 3225 470.423 0 8 2 3 1.22467e+06 38.9253 59094.7 1.57317 3.18753e+06 1.22467e+06 ZonesAtSurface
4325.71 3224.99 430.438 2 6 2 3 790517 27.9312 62214 1.29311 1.97356e+06 790517 ZonesAtSurface
4375.7 3224.98 290.515 5 0 1 5 1.30313e+06 16.909 91510.5 1.04991 4.88114e+06 1.30313e+06 ZonesAtSurface
4425.65 3224.99 200.558 7 0 1 6 887878 44.9057 112983 1.38452 8.22126e+06 887878 ZonesAtSurface
4475.59 3225 110.574 0 0 1 7 1.38566e+06 34.9697 58112.5 1.95283 7.96911e+06 1.38566e+06 ZonesAtSurface
4525.56 3225 70.5907 0 0 1 7 1.1322e+06 29.3763 146980 1.42582 8.8339e+06 1.1322e+06 ZonesAtSurface
4575.59 3225.01 130.631 10 7 1 5 1.37644e+06 42.6836 118014 3.20807 2.71597e+06 1.37644e+06 ZonesAtSurface
4625.51 3225 40.6227 9 0 1 6 907029 40.2226 109466 1.1412 8.69801e+06 907029 ZonesAtSurface
4675.43 3225 0.623212 15 0 1 6 986525 19.8605 107705 1.04178 8.59606e+06 986525 ZonesAtSurface
4725.37 3225 10.6531 18 0 1 5 514218 41.7859 56875.5 1.19302 8.19444e+06 514218 ZonesAtSurface
4775.3 3225 20.6915 39 0 1 4 681059 15.3945 94768.4 1.1881 2.37093e+06 681059 ZonesAtSurface
4825.23 3225 30.7013 54 0 1 3 1.07276e+06 29.2085 125944 1.35565 4.3675e+06 1.07276e+06 ZonesAtSurface
4875.16 3225 40.7074 59 0 1 2 931331 43.7127 117451 1.91934 4.26207e+06 931331 ZonesAtSurface
4925.07 3225 50.7307 63 0 1 1 1.43312e+06 25.3345 53167.1 1.57139 4.0766e+06 1.43312e+06 ZonesAtSurface
74.9696 3274.99 -20.7571 79 6 1 2 1.01764e+06 40.229 109359 1.33717 4.36229e+06 1.01764e+06 ZonesAtSurface
124.875 3274.98 -45.7164 66 0 1 3 1.39435e+06 35.6693 90728.3 1.39898 6.58578e+06 1.39435e+06 ZonesAtSurface
174.797 3274.98 -20.6483 63 47 1 3 1.30938e+06 35.6995 88770.8 2.79924 2.5953e+06 1.30938e+06 ZonesAtSurface
224.678 3274.99 -45.7276 68 0 1 4 100000 5 10000 1.02708 619820 100000 ZonesAtSurface
274.601 3275 -20.7282 68 0 1 4 100000 5 10000 1.59832 177195 100000 ZonesAtSurface
324.532 3275.01 -45.785 48 0 1 5 830110 42.7404 61996.5 1.52243 4.36323e+06 830110 ZonesAtSurface
374.459 3275.01 -20.788 57 10 1 5 942270 19.9003 82711.2 1.56906 1.95462e+06 942270 ZonesAtSurface
424.432 3275 -45.8529 27 0 1 6 1.44708e+06 21.0242 141826 1.02353 6.27661e+06 1.44708e+06 ZonesAtSurface
474.356 3275 -20.8735 18 0 1 6 735574 20.3345 88390.3 1.03355 4.30637e+06 735574 ZonesAtSurface
524.375 3275 -45.9169 0 0 1 7 1.4092e+06 27.412 58047.6 1.25307 1.01917e+07 1.4092e+06 ZonesAtSurface
574.261 3275 29.0893 7 0 1 6 1.47378e+06 29.9816 54417.2 1.06864 7.9486e+06 1.47378e+06 ZonesAtSurface
624.185 3275.01 104.089 7 0 1 5 1.16133e+06 15.0666 142720 1.40659 2.84779e+06 1.16133e+06 ZonesAtSurface
674.206 3275 79.0662 0 0 1 6 1.13882e+06 30.3033 106460 1.17398 7.29402e+06 1.13882e+06 ZonesAtSurface
724.187 3275 104.053 9 0 1 6 1.16529e+06 15.2004 97622.1 1.00598 5.86359e+06 1.16529e+06 ZonesAtSurface
774.173 3275 129.038 0 0 1 6 1.18854e+06 21.1827 134010 1.31393 6.15363e+06 1.18854e+06 ZonesAtSurface
824.08 3274.99 254.013 9 0 1 4 100000 5 10000 1.0279 655219 100000 ZonesAtSurface
874.072 3274.99 328.971 8 2 2 3 716494 39.9708 59297.9 1.58248 2.62804e+06 716494 ZonesAtSurface
924.095 3274.99 353.948 7 10 1 3 1.3763e+06 42.4898 137119 1.91836 4.15459e+06 1.3763e+06 ZonesAtSurface
974.115 3274.99 378.926 3 4 1 3 1.22418e+06 39.545 96843.6 1.49513 3.98177e+06 1.22418e+06 ZonesAtSurface
1024.14 3274.99 453.889 3 7 2 2 814156 16.4285 68057.8 1.16351 1.83656e+06 814156 ZonesAtSurface
1074.18 3275 378.907 4 0 1 4 100000 5 10000 1.04974 717151 100000 ZonesAtSurface
1124.19 3275 453.864 9 0 2 3 1.11753e+06 27.2573 95890.2 1.2531 3.253e+06 1.11753e+06 ZonesAtSurface
1174.22 3275 478.843 7 5 2 3 697794 24.1482 113644 1.28804 1.6991e+06 697794 ZonesAtSurface
1224.28 3275 403.884 0 0 1 5 1.37506e+06 36.2647 104949 1.27347 4.85024e+06 1.37506e+06 ZonesAtSurface
1274.31 3275 378.889 3 6 1 6 1.30866e+06 39.6209 71724.7 1.36529 4.08664e+06 1.30866e+06 ZonesAtSurface
1324.34 3275.01 403.885 2 3 2 6 1.47158e+06 27.4229 100486 1.383 3.46441e+06 1.47158e+06 ZonesAtSurface
1374.37 3275 378.88 2 0 2 7 1.01052e+06 25.4688 68514.8 1.02134 3.39312e+06 1.01052e+06 ZonesAtSurface
1424.4 3275 403.875 0 1 2 7 1.04418e+06 18.9218 129954 1.27271 2.37238e+06 1.04418e+06 ZonesAtSurface
1474.43 3275 378.864 0 0 1 8 1.0919e+06 34.8803 108969 1.62821 3.50381e+06 1.0919e+06 ZonesAtSurface
1524.46 3275 403.853 0 9 1 8 1.3753e+06 40.9625 73105 1.79406 3.8697e+06 1.3753e+06 ZonesAtSurface
1574.5 3275 428.83 3 0 1 8 789195 38.4745 124431 1.59208 2.954e+06 789195 ZonesAtSurface
1624.56 3275.01 503.8 5 3 2 7 596982 41.0226 71490.7 1.32446 2.09106e+06 596982 ZonesAtSurface
1674.59 3275 428.8 10 0 1 9 1.20524e+06 29.371 111095 1.04689 5.00696e+06 1.20524e+06 ZonesAtSurface
1724.64 3274.99 503.785 0 6 1 8 925927 38.5828 128051 1.82815 2.045e+06 925927 ZonesAtSurface
1774.69 3274.99 478.781 1 0 2 9 851739 37.7079 126990 1.01163 3.05217e+06 851739 ZonesAtSurface
1824.75 3274.99 453.789 2 0 1 10 1.20001e+06 19.7525 55655.4 0.99723 4.96505e+06 1.20001e+06 ZonesAtSurface
1874.81 3275 478.795 0 0 1 10 787203 17.7911 59513.6 1.00858 3.78136e+06 787203 ZonesAtSurface
1924.86 3274.99 553.792 0 0 2 9 927577 42.7374 108330 1.07056 3.60208e+06 927577 ZonesAtSurface
1974.91 3274.99 578.8 9 0 2 9 783831 37.716 145590 1.01426 2.73521e+06 783831 ZonesAtSurface
2024.96 3275 541.323 9 0 1 9 877325 32.3897 131999 0.997482 3.7894e+06 877325 ZonesAtSurface
2075 3275 441.364 9 0 1 9 100000 5 10000 0.973015 968552 100000 ZonesAtSurface
2125.04 3275 391.401 0 0 1 8 1.37061e+06 20.8692 72776.9 1.42787 4.83603e+06 1.37061e+06 ZonesAtSurface
2175.07 3274.99 341.432 0 0 1 7 929392 35.8416 117415 4.4015 4.25813e+06 929392 ZonesAtSurface
2225.07 3274.97 291.445 1 0 0 0 735951 25.968 149739 2.64846 5.62794e+06 735951 ZonesAtSurface
2275.1 3274.97 191.458 0 0 0 0 601386 37.5077 51643.9 3.73109 7.02991e+06 601386 ZonesAtSurface
2325.13 3274.97 41.4725 0 0 0 0 707306 30.5654 88238 3.25664 7.34288e+06 707306 ZonesAtSurface
2375.13 3274.95 -58.522 0 0 0 0 943048 38.3635 86148.9 3.55747 1.0748e+07 943048 ZonesAtSurface
2425.12 3274.96 -158.522 4 0 0 0 1.08213e+06 16.1755 51804.7 1.3961 9.10391e+06 1.08213e+06 ZonesAtSurface
2475.1 3275 -308.512 0 0 0 0 1.19737e+06 43.3407 134495 10 5.48238e+06 1.19737e+06 ZonesAtSurface
2525.07 3274.97 -238.533 0 0 0 0 1.15591e+06 20.6447 60392.3 2.86002 7.22747e+06 1.15591e+06 ZonesAtSurface
2575.04 3274.98 -248.526 0 0 0 0 1.0985e+06 30.766 149749 5.55176 6.67529e+06 1.0985e+06 ZonesAtSurface
2625.01 3274.97 -208.527 0 0 0 0 1.45735e+06 39.9741 55812.4 7.19789 7.81842e+06 1.45735e+06 ZonesAtSurface
2674.98 3274.96 -168.524 0 0 0 0 984501 36.5624 135309 5.00217 8.91495e+06 984501 ZonesAtSurface
2724.95 3274.89 -78.5401 0 0 0 0 1.23772e+06 34.8491 108559 1.55359 1.84917e+07 1.23772e+06 ZonesAtSurface
2774.92 3274.9 -38.5454 1 0 0 0 1.34814e+06 30.4691 51156.7 1.15092 1.83254e+07 1.34814e+06 ZonesAtSurface
2824.9 3274.91 1.44618 2 0 0 0 686057 34.951 110748 1.33951 1.63082e+07 686057 ZonesAtSurface
2874.89 3274.92 41.4379 3 0 0 0 514440 24.6042 51246.8 1.00247 1.26879e+07 514440 ZonesAtSurface
2924.88 3274.92 81.4332 3 0 0 0 557189 27.3933 75213.6 1.0338 1.26961e+07 557189 ZonesAtSurface
2974.87 3274.93 121.435 6 0 0 0 800531 19.8937 65478.1 1.04151 9.61969e+06 800531 ZonesAtSurface
3024.86 3274.93 161.428 0 0 0 0 759043 23.3107 127027 1.40227 7.6572e+06 759043 ZonesAtSurface
3074.86 3274.94 201.409 0 0 0 0 508317 40.1548 53339.5 4.65427 6.49419e+06 508317 ZonesAtSurface
3124.87 3274.94 241.394 0 0 0 0 1.15595e+06 37.8993 101809 4.79499 6.7592e+06 1.15595e+06 ZonesAtSurface
3174.87 3274.94 281.387 0 0 0 0 1.03015e+06 27.5562 54790.6 3.52348 5.10515e+06 1.03015e+06 ZonesAtSurface
3224.89 3274.95 321.378 0 0 0 0 1.29139e+06 32.6756 70962.4 3.78672 4.85965e+06 1.29139e+06 ZonesAtSurface
3274.88 3274.98 311.38 0 0 1 7 1.07583e+06 24.6358 104133 4.50234 3.04007e+06 1.07583e+06 ZonesAtSurface
3324.89 3275 351.374 0 0 1 7 1.0519e+06 23.3175 79036.8 2.96692 3.46234e+06 1.0519e+06 ZonesAtSurface
3374.88 3275 441.353 3 0 2 6 639996 23.2199 122636 1.13026 2.70162e+06 639996 ZonesAtSurface
3424.92 3275 531.324 5 7 2 5 653386 35.9956 133448 2.47631 1.33396e+06 653386 ZonesAtSurface
3474.94 3275 521.291 5 0 1 6 838448 38.9883 74862.3 1.10005 3.69021e+06 838448 ZonesAtSurface
3524.97 3275 511.259 2 0 1 7 1.01846e+06 19.7879 58636.2 1.01498 4.07796e+06 1.01846e+06 ZonesAtSurface
3575 3275 551.229 5 0 1 7 1.12673e+06 27.3307 102096 1.01505 4.6558e+06 1.12673e+06 ZonesAtSurface
3625.05 3274.99 641.192 5 7 1 6 1.35917e+06 17.8961 65053.6 1.17674 3.21638e+06 1.35917e+06 ZonesAtSurface
3675.08 3275 631.165 1 0 2 7 1.13274e+06 25.6098 96323.1 1.01363 3.93532e+06 1.13274e+06 ZonesAtSurface
3725.12 3275 671.132 6 6 2 7 934111 43.3946 141028 1.3045 2.87025e+06 934111 ZonesAtSurface
3775.18 3274.99 671.117 7 5 2 7 1.3079e+06 21.4816 106031 1.32191 2.85373e+06 1.3079e+06 ZonesAtSurface
3825.23 3275 681.099 7 7 2 6 1.45479e+06 41.078 99049.9 1.3791 4.45429e+06 1.45479e+06 ZonesAtSurface
3875.29 3275 741.028 8 6 2 4 1.09945e+06 16.8865 84113.4 1.68462 1.72828e+06 1.09945e+06 ZonesAtSurface
3925.32 3275 751.049 0 0 2 3 1.34417e+06 40.8704 65123.6 2.89879 2.42148e+06 1.34417e+06 ZonesAtSurface
3975.42 3274.99 661.114 3 0 2 4 877298 28.1223 127925 1.04504 3.1401e+06 877298 ZonesAtSurface
4025.42 3274.99 721.145 3 3 2 2 733328 37.42 118933 1.194 2.2054e+06 733328 ZonesAtSurface
4075.56 3274.98 581.247 6 0 1 4 100000 5 10000 1.1395 359792 100000 ZonesAtSurface
4125.61 3274.99 491.338 9 0 1 5 521976 44.3076 53400.9 1.23834 4.98784e+06 521976 ZonesAtSurface
4175.64 3274.99 451.382 10 0 1 5 1.32284e+06 28.7261 138922 1.07218 4.94017e+06 1.32284e+06 ZonesAtSurface
4225.66 3275 411.417 9 0 1 5 1.31916e+06 25.9352 80356.4 1.17017 4.54622e+06 1.31916e+06 ZonesAtSurface
4275.68 3275 421.442 3 0 1 4 1.19253e+06 35.1043 54790.9 1.81372 3.34111e+06 1.19253e+06 ZonesAtSurface
4325.7 3274.99 431.446 9 4 2 3 926555 24.4938 126420 1.09773 2.50272e+06 926555 ZonesAtSurface
4375.73 3274.99 391.464 3 7 2 3 636049 19.4278 63091.6 1.46421 1.26064e+06 636049 ZonesAtSurface
4425.7 3274.98 251.541 0 0 1 5 530036 32.8173 121078 1.12289 3.82159e+06 530036 ZonesAtSurface
4475.64 3274.99 161.574 8 0 1 6 768099 32.6393 85479.5 1.10035 5.97822e+06 768099 ZonesAtSurface
4525.56 3275 71.5908 2 0 1 7 1.30958e+06 17.1988 51363.3 1.00415 7.0224e+06 1.30958e+06 ZonesAtSurface
4575.51 3275 31.6023 0 0 1 7 1.22227e+06 38.3977 55678.8 1.60203 9.64773e+06 1.22227e+06 ZonesAtSurface
4625.45 3275 -8.3978 0 0 1 7 1.17765e+06 37.9171 88051.5 2.62225 9.71539e+06 1.17765e+06 ZonesAtSurface
4675.43 3275 1.62731 20 0 1 6 1.2936e+06 15.8582 88668.6 1.03191 7.80519e+06 1.2936e+06 ZonesAtSurface
4725.37 3275 11.6621 20 0 1 5 1.11701e+06 34.3645 102051 1.1623 6.35328e+06 1.11701e+06 ZonesAtSurface
4775.3 3275 21.6895 29 0 1 4 597923 44.142 121767 1.10535 4.17074e+06 597923 ZonesAtSurface
4825.24 3275 31.6968 43 0 1 3 725490 44.0708 94439.9 1.74591 4.73245e+06 725490 ZonesAtSurface
4875.16 3275 41.7152 60 0 1 2 722744 23.9096 130815 1.30732 2.64739e+06 722744 ZonesAtSurface
4925.06 3275 51.7355 66 0 1 1 1.12662e+06 36.4262 89079.1 1.74567 4.43971e+06 1.12662e+06 ZonesAtSurface
74.9688 3324.99 -19.76 81 0 1 2 638335 32.7072 86804 1.2931 3.63312e+06 638335 ZonesAtSurface
124.876 3324.99 -44.7275 61 0 1 3 922123 37.0202 61212.8 1.17075 6.24467e+06 922123 ZonesAtSurface
174.801 3324.99 -19.6583 60 31 1 3 1.04217e+06 33.2399 146987 2.16596 1.97395e+06 1.04217e+06 ZonesAtSurface
224.703 3324.99 -44.7083 68 0 1 4 790013 31.4424 89738.7 1.08812 4.79549e+06 790013 ZonesAtSurface
274.615 3324.99 -19.7026 68 15 1 4 615645 25.9285 73871.8 2.6531 992038 615645 ZonesAtSurface
324.528 3324.99 -44.7698 57 0 1 5 100000 5 10000 1.08645 514428 100000 ZonesAtSurface
374.432 3324.99 -19.788 57 0 1 5 100000 5 10000 2.34334 231801 100000 ZonesAtSurface
424.423 3325 -44.8581 27 0 1 6 1.01636e+06 24.738 76169.1 1.05588 5.73269e+06 1.01636e+06 ZonesAtSurface
474.348 3325 -19.873 20 0 1 6 100000 5 10000 1.05357 753961 100000 ZonesAtSurface
524.211 3325 55.109 0 0 2 5 100000 5 10000 0.878717 420192 100000 ZonesAtSurface
574.197 3325 80.0972 7 0 1 5 100000 5 10000 1.07517 516679 100000 ZonesAtSurface
624.287 3325 5.06599 0 0 1 7 1.00782e+06 26.4588 142382 1.63881 7.78258e+06 1.00782e+06 ZonesAtSurface
674.258 3325 30.0565 0 0 1 7 1.07527e+06 37.8655 99402 3.30715 7.06993e+06 1.07527e+06 ZonesAtSurface
724.136 3324.99 155.053 5 0 1 5 100000 5 10000 1.07246 802438 100000 ZonesAtSurface
774.086 3324.98 230.032 2 0 1 4 517888 35.6077 77670.6 1.28451 4.84424e+06 517888 ZonesAtSurface
824.069 3324.99 304.993 0 0 2 3 1.13529e+06 43.0372 79688.3 1.60163 3.96193e+06 1.13529e+06 ZonesAtSurface
874.099 3325 379.967 0 5 2 2 1.27436e+06 15.0098 128676 1.86958 1.73773e+06 1.27436e+06 ZonesAtSurface
924.114 3325 404.945 9 2 2 2 587667 36.4785 92020 1.13895 1.82452e+06 587667 ZonesAtSurface
974.13 3325 429.922 7 7 2 2 1.13905e+06 25.6975 147308 1.3197 2.58699e+06 1.13905e+06 ZonesAtSurface
1024.14 3325 404.908 5 0 2 3 801371 16.3186 112280 1.00319 2.37484e+06 801371 ZonesAtSurface
1074.17 3325 429.888 2 0 2 3 1.29531e+06 15.7854 142187 1.02388 3.27628e+06 1.29531e+06 ZonesAtSurface
1124.19 3325 454.867 0 4 2 3 1.21437e+06 34.3992 65504.7 1.16982 3.80029e+06 1.21437e+06 ZonesAtSurface
1174.22 3325 429.867 1 1 2 4 1.32335e+06 27.1331 70809.1 1.05563 4.13516e+06 1.32335e+06 ZonesAtSurface
1224.27 3325.01 404.878 5 0 2 5 100000 5 10000 1.25292 507154 100000 ZonesAtSurface
1274.31 3325.01 379.893 2 0 1 6 1.18857e+06 16.7085 134690 1.14991 3.30042e+06 1.18857e+06 ZonesAtSurface
1324.34 3325 354.895 2 0 1 7 1.04577e+06 28.2064 101350 1.2349 3.93841e+06 1.04577e+06 ZonesAtSurface
1374.37 3325 379.892 7 5 1 7 1.29518e+06 38.4778 117105 1.28367 4.2015e+06 1.29518e+06 ZonesAtSurface
1424.4 3325 354.876 0 0 1 8 1.16271e+06 20.3401 138651 1.14178 3.8245e+06 1.16271e+06 ZonesAtSurface
1474.43 3325 379.869 0 6 2 8 1.34174e+06 39.9025 109662 1.70318 3.70364e+06 1.34174e+06 ZonesAtSurface
1524.47 3325 354.85 5 0 1 9 813608 21.7556 101839 1.0197 4.60915e+06 813608 ZonesAtSurface
1574.51 3325 379.835 1 0 1 9 610851 42.5147 120475 1.28186 6.08449e+06 610851 ZonesAtSurface
1624.55 3325 404.818 8 0 1 9 593001 31.7932 88709.4 1.01769 4.44925e+06 593001 ZonesAtSurface
1674.6 3325 429.803 5 0 1 9 1.30739e+06 32.976 109232 1.21097 5.50996e+06 1.30739e+06 ZonesAtSurface
1724.65 3325 454.792 6 0 1 9 1.41856e+06 25.1076 96545.5 1.02153 4.32021e+06 1.41856e+06 ZonesAtSurface
1774.7 3324.99 429.793 1 0 1 10 775940 20.4578 57334.3 1.00747 4.94127e+06 775940 ZonesAtSurface
1824.76 3324.99 454.791 1 0 1 10 1.0386e+06 18.4325 95910.9 1.00309 4.51327e+06 1.0386e+06 ZonesAtSurface
1874.81 3324.99 529.785 5 0 1 9 666596 27.3063 142094 1.01017 2.45268e+06 666596 ZonesAtSurface
1924.87 3324.99 554.795 10 0 1 9 1.30267e+06 19.3785 54799.5 1.01172 3.6165e+06 1.30267e+06 ZonesAtSurface
1974.92 3325 579.801 5 9 1 9 1.49985e+06 30.71 139671 1.08341 4.61507e+06 1.49985e+06 ZonesAtSurface
2024.96 3325 542.323 3 2 2 9 1.2004e+06 41.3742 63204.1 1.02996 4.93338e+06 1.2004e+06 ZonesAtSurface
2075.01 3325 442.364 0 0 1 9 808854 32.3461 54223.2 1.17717 5.82302e+06 808854 ZonesAtSurface
2125.05 3325 342.403 0 0 1 9 1.01547e+06 18.211 73910.4 2.25828 3.89356e+06 1.01547e+06 ZonesAtSurface
2175.07 3324.99 342.436 1 0 1 7 509060 29.328 103750 2.31633 4.51419e+06 509060 ZonesAtSurface
2225.07 3324.96 292.444 0 0 0 0 920856 42.7239 74100.9 9.63058 4.84202e+06 920856 ZonesAtSurface
2275.11 3324.97 192.461 3 0 0 0 593300 17.3626 67160.9 2.98077 3.38746e+06 593300 ZonesAtSurface
2325.12 3324.96 42.4736 2 0 0 0 759447 35.9935 81147.8 2.93804 1.02723e+07 759447 ZonesAtSurface
2375.11 3324.94 -57.5302 6 0 0 0 1.29959e+06 27.9199 87561.3 1.49343 1.58239e+07 1.29959e+06 ZonesAtSurface
2425.11 3324.95 -157.536 3 0 0 0 1.0861e+06 19.0792 95729.1 1.34838 1.26059e+07 1.0861e+06 ZonesAtSurface
2475.09 3324.95 -207.538 0 0 0 0 681915 41.4608 76369.3 7.59894 7.97072e+06 681915 ZonesAtSurface
2525.07 3324.99 -287.526 0 0 0 0 528115 33.6434 118310 6.54417 6.6499e+06 528115 ZonesAtSurface
2575.04 3324.98 -247.531 7 0 0 0 100000 5 10000 1.0526 3.44337e+06 100000 ZonesAtSurface
2625.02 3324.9 -157.552 0 0 0 0 1.37469e+06 41.4612 137055 2.54366 1.92444e+07 1.37469e+06 ZonesAtSurface
2674.99 3324.97 -167.531 0 0 0 0 100000 5 10000 1.03467 3.50918e+06 100000 ZonesAtSurface
2724.95 3324.97 -127.528 0 0 0 0 100000 5 10000 1.00987 3.43292e+06 100000 ZonesAtSurface
2774.93 3324.91 -37.5461 0 0 0 0 1.22356e+06 41.2767 67113.4 1.9049 1.6086e+07 1.22356e+06 ZonesAtSurface
2824.9 3324.92 2.44688 3 0 0 0 620741 27.7862 69105.8 1.10451 1.37118e+07 620741 ZonesAtSurface
2874.89 3324.92 42.4403 0 0 0 0 1.31741e+06 28.0586 146105 1.37795 1.23692e+07 1.31741e+06 ZonesAtSurface
2924.87 3324.93 82.4373 0 0 0 0 1.06893e+06 42.9228 114929 2.1763 1.24787e+07 1.06893e+06 ZonesAtSurface
2974.87 3324.93 122.439 0 0 0 0 730171 44.2965 118354 2.35555 1.07466e+07 730171 ZonesAtSurface
3024.86 3324.94 162.434 0 0 0 0 736333 30.3313 114788 2.18751 6.79862e+06 736333 ZonesAtSurface
3074.86 3324.94 202.418 0 0 0 0 782781 32.7602 107390 4.15115 5.13279e+06 782781 ZonesAtSurface
3124.86 3324.95 242.402 0 0 0 0 570909 32.4435 115969 4.11698 5.19903e+06 570909 ZonesAtSurface
3174.87 3324.95 282.392 0 0 0 0 1.40228e+06 39.8493 55014.4 7.72551 4.47246e+06 1.40228e+06 ZonesAtSurface
3224.89 3324.95 322.383 0 0 0 0 635088 40.5885 89819.4 4.30257 5.24699e+06 635088 ZonesAtSurface
3274.89 3324.98 362.399 9 0 1 6 643642 42.3923 138100 3.04436 7.67671e+06 643642 ZonesAtSurface
3324.88 3325 352.379 0 0 1 7 590263 39.7462 59998.4 3.82614 4.2715e+06 590263 ZonesAtSurface
3374.89 3325 392.353 0 0 1 7 588016 17.3184 65352.1 1.01588 3.71021e+06 588016 ZonesAtSurface
3424.91 3325 432.319 0 0 1 7 958109 36.3013 64559.7 1.92368 5.6304e+06 958109 ZonesAtSurface
3474.94 3325 522.285 0 0 1 6 1.34997e+06 35.959 73215.8 1.89481 4.47779e+06 1.34997e+06 ZonesAtSurface
3524.97 3324.99 612.237 3 0 2 5 685096 43.8256 117055 1.16347 4.35798e+06 685096 ZonesAtSurface
3575 3324.99 652.195 4 1 1 5 1.0834e+06 19.7491 96981.9 1.05742 2.95188e+06 1.0834e+06 ZonesAtSurface
3625.04 3324.99 692.163 10 3 1 5 814884 20.3385 149385 1.16467 1.9255e+06 814884 ZonesAtSurface
3675.09 3325 682.157 1 5 1 6 1.12501e+06 44.6427 103761 1.59095 3.35841e+06 1.12501e+06 ZonesAtSurface
3725.13 3325 672.132 7 0 1 7 657598 26.805 58283.7 1.0404 1.99127e+06 657598 ZonesAtSurface
3775.19 3325 622.153 3 0 1 8 896669 37.5769 72139.9 1.02243 4.99604e+06 896669 ZonesAtSurface
3825.25 3325 682.098 8 1 2 6 1.12593e+06 17.5882 110031 1.20083 2.53436e+06 1.12593e+06 ZonesAtSurface
3875.31 3325 692.075 4 0 1 5 538685 28.3697 133928 1.09058 2.32173e+06 538685 ZonesAtSurface
3925.36 3325 702.072 0 0 2 4 863095 28.3959 59996.3 1.06739 2.70087e+06 863095 ZonesAtSurface
3975.42 3325 662.119 0 0 2 4 1.21514e+06 33.4768 51238.8 1.13828 4.00832e+06 1.21514e+06 ZonesAtSurface
4025.45 3324.99 672.158 3 0 2 3 671921 37.8647 90801.8 1.08706 2.6337e+06 671921 ZonesAtSurface
4075.53 3324.99 632.207 6 6 2 3 575162 20.433 63550.4 1.2049 1.36091e+06 575162 ZonesAtSurface
4125.6 3324.99 592.265 7 0 2 3 519726 34.9974 130055 1.1085 1.74575e+06 519726 ZonesAtSurface
4175.64 3324.99 452.378 1 0 1 5 1.1611e+06 37.1913 74996.2 1.23663 5.79625e+06 1.1611e+06 ZonesAtSurface
4225.65 3325 362.424 4 0 1 6 1.38205e+06 15.1847 78326.7 1.04636 5.01246e+06 1.38205e+06 ZonesAtSurface
4275.68 3325 372.447 3 0 2 5 705907 33.7329 63704.5 1.25744 3.9902e+06 705907 ZonesAtSurface
4325.7 3325 382.463 6 0 2 4 503942 37.8443 72435.8 1.22284 3.14569e+06 503942 ZonesAtSurface
4375.71 3324.99 342.482 0 0 2 4 698775 19.1727 112446 1.10541 2.48094e+06 698775 ZonesAtSurface
4425.73 3324.99 302.51 6 0 2 4 1.16607e+06 26.2531 64375.5 1.0469 3.8403e+06 1.16607e+06 ZonesAtSurface
4475.64 3325 162.571 1 0 1 6 1.38643e+06 42.0644 65606 1.4908 8.21961e+06 1.38643e+06 ZonesAtSurface
4525.56 3325 72.5905 6 0 1 7 628098 20.9717 105822 1.00703 6.5778e+06 628098 ZonesAtSurface
4575.51 3325 32.6048 2 0 1 7 1.35889e+06 16.8137 124641 1.00624 6.70319e+06 1.35889e+06 ZonesAtSurface
4625.45 3325 -7.39413 0 0 1 7 1.35991e+06 35.0566 143936 1.75392 1.04796e+07 1.35991e+06 ZonesAtSurface
4675.42 3325 2.63268 14 0 1 6 1.34976e+06 26.3893 111705 1.02871 9.85004e+06 1.34976e+06 ZonesAtSurface
4725.36 3325 12.6656 23 0 1 5 1.41801e+06 31.8327 84263.1 1.14868 6.4417e+06 1.41801e+06 ZonesAtSurface
4775.3 3325 22.6921 41 0 1 4 1.48413e+06 15.4681 111169 1.24597 3.70108e+06 1.48413e+06 ZonesAtSurface
4825.24 3325 32.7034 43 4 1 3 1.27875e+06 37.1928 130333 1.25972 5.72411e+06 1.27875e+06 ZonesAtSurface
4875.16 3325 42.7205 59 0 1 2 843194 29.8054 132599 1.40433 3.54928e+06 843194 ZonesAtSurface
4925.06 3325 52.7337 73 0 1 1 511773 21.2278 135079 1.09168 3.09151e+06 511773 ZonesAtSurface
74.9715 3375 -18.7609 84 9 1 2 1.45892e+06 32.7622 141951 1.26311 4.82011e+06 1.45892e+06 ZonesAtSurface
124.872 3375 -43.7378 79 0 1 3 724560 15.9516 99444.5 1.13611 2.69622e+06 724560 ZonesAtSurface
174.792 3375 -18.6745 57 41 1 3 747408 24.9402 109368 2.01641 1.23099e+06 747408 ZonesAtSurface
224.703 3375 -43.7197 68 0 1 4 550294 20.5686 118068 1.03211 3.19201e+06 550294 ZonesAtSurface
274.604 3374.99 -18.7057 68 40 1 4 959750 38.1995 62249.6 2.40396 2.3817e+06 959750 ZonesAtSurface
324.529 3374.99 -43.7599 47 1 1 5 1.22825e+06 38.1256 65972.6 1.08017 5.42713e+06 1.22825e+06 ZonesAtSurface
374.416 3374.98 -18.7893 37 0 1 5 100000 5 10000 1.76562 329286 100000 ZonesAtSurface
424.404 3375 -43.8638 18 0 1 6 100000 5 10000 1.16977 1.02495e+06 100000 ZonesAtSurface
474.335 3375 -18.8712 7 0 1 6 100000 5 10000 1.10238 774248 100000 ZonesAtSurface
524.36 3375 -43.9179 8 0 1 7 557416 31.0405 86014.3 1.03898 9.57612e+06 557416 ZonesAtSurface
574.32 3375 -18.9242 1 0 1 7 800461 34.9267 108863 1.41175 9.10626e+06 800461 ZonesAtSurface
624.123 3374.98 156.078 1 6 2 4 1.45142e+06 18.0619 60460.1 1.32238 3.03064e+06 1.45142e+06 ZonesAtSurface
674.151 3374.98 131.072 4 0 1 5 699005 20.8043 64404.5 1.21061 3.89341e+06 699005 ZonesAtSurface
724.095 3374.99 206.051 5 0 1 4 680469 25.95 146420 1.05393 3.51642e+06 680469 ZonesAtSurface
774.072 3375 281.018 0 0 2 3 1.48169e+06 28.4105 145381 1.47555 3.97078e+06 1.48169e+06 ZonesAtSurface
824.094 3375 355.993 0 5 2 2 956667 38.9601 139342 1.67999 2.11661e+06 956667 ZonesAtSurface
874.109 3375.01 380.973 0 3 2 2 1.20452e+06 21.4404 131547 1.44766 2.36023e+06 1.20452e+06 ZonesAtSurface
924.117 3375 355.957 0 0 1 3 953160 40.5128 65607.4 1.57935 3.48065e+06 953160 ZonesAtSurface
974.135 3375 380.937 0 0 1 3 542028 39.6635 66186.7 1.00813 3.14165e+06 542028 ZonesAtSurface
1024.16 3375 405.919 10 0 1 3 560768 33.5751 132459 1.0155 2.41625e+06 560768 ZonesAtSurface
1074.18 3375.01 430.9 1 0 1 3 828253 44.5404 54438.6 1.30777 4.11496e+06 828253 ZonesAtSurface
1124.2 3375 355.902 3 0 1 5 926963 23.1711 131085 1.069 4.36704e+06 926963 ZonesAtSurface
1174.23 3375.01 430.875 3 0 2 4 1.30645e+06 27.0466 86815.9 1.01981 4.18748e+06 1.30645e+06 ZonesAtSurface
1224.27 3375 355.895 9 0 1 6 100000 5 10000 1.1066 871701 100000 ZonesAtSurface
1274.31 3375 330.902 4 0 1 7 1.34861e+06 20.28 125455 1.27406 4.13228e+06 1.34861e+06 ZonesAtSurface
1324.34 3375 355.903 9 4 1 7 1.12196e+06 41.2557 135993 1.45782 3.5234e+06 1.12196e+06 ZonesAtSurface
1374.37 3375 330.89 0 0 1 8 889051 31.5861 89379.9 1.62779 4.10288e+06 889051 ZonesAtSurface
1424.4 3375 355.882 9 0 1 8 631422 20.6932 136277 1.02605 2.97447e+06 631422 ZonesAtSurface
1474.44 3375 330.865 0 0 1 9 948683 34.1634 91122.5 1.84025 5.32347e+06 948683 ZonesAtSurface
1524.47 3375 355.853 2 0 1 9 1.00988e+06 18.7099 92138.1 1.04064 4.30684e+06 1.00988e+06 ZonesAtSurface
1574.5 3374.98 480.806 8 3 2 7 633221 18.3856 106270 0.928052 1.81819e+06 633221 ZonesAtSurface
1624.58 3374.98 505.789 4 5 2 7 1.03921e+06 33.9682 104211 1.21409 3.11363e+06 1.03921e+06 ZonesAtSurface
1674.61 3375 430.807 4 0 1 9 753230 44.5688 115040 1.63545 5.46618e+06 753230 ZonesAtSurface
1724.66 3375 405.802 2 0 1 10 1.31844e+06 21.3484 66672 1.00119 5.94816e+06 1.31844e+06 ZonesAtSurface
1774.71 3375 480.786 6 0 1 9 711366 42.4512 103286 1.01388 3.20163e+06 711366 ZonesAtSurface
1824.76 3374.99 555.774 0 9 2 8 1.46932e+06 35.7762 136930 1.5926 3.4847e+06 1.46932e+06 ZonesAtSurface
1874.82 3374.99 530.783 5 0 2 9 770643 18.5604 77288.7 1.00424 2.48932e+06 770643 ZonesAtSurface
1924.87 3375 555.794 1 0 2 9 636180 15.6928 69020.6 1.02695 2.22583e+06 636180 ZonesAtSurface
1974.92 3375 580.803 4 1 2 9 882235 34.6956 96750.6 1.02793 3.05724e+06 882235 ZonesAtSurface
2024.96 3375 543.326 6 0 2 9 1.32771e+06 20.2137 122086 1.00426 3.68637e+06 1.32771e+06 ZonesAtSurface
2075.01 3375 493.363 10 5 1 8 1.46204e+06 37.6387 82510.3 1.09458 5.46239e+06 1.46204e+06 ZonesAtSurface
2125.05 3375 343.403 0 0 1 9 1.21316e+06 23.3811 90484.2 2.89501 4.11563e+06 1.21316e+06 ZonesAtSurface
2175.07 3374.98 343.436 7 0 1 7 1.49265e+06 31.1106 83345.4 2.50288 7.721e+06 1.49265e+06 ZonesAtSurface
2225.07 3374.94 293.446 6 0 0 0 770820 38.2707 110700 4.37956 7.21477e+06 770820 ZonesAtSurface
2275.12 3374.97 143.463 0 0 0 0 921547 35.4611 68993.4 4.20521 5.06527e+06 921547 ZonesAtSurface
2325.11 3374.96 43.471 10 0 0 0 100000 5 10000 1.03857 2.59787e+06 100000 ZonesAtSurface
2375.1 3374.93 -56.5408 7 0 0 0 636206 37.3549 145411 1.21527 2.08353e+07 636206 ZonesAtSurface
2425.1 3374.94 -156.546 5 0 0 0 843053 29.6695 105319 1.64459 1.49534e+07 843053 ZonesAtSurface
2475.09 3374.94 -206.547 0 0 0 0 1.05799e+06 44.8336 52354.3 7.81095 8.50892e+06 1.05799e+06 ZonesAtSurface
2525.07 3374.89 -186.564 5 0 0 0 1.19591e+06 42.5293 138976 3.23794 1.38633e+07 1.19591e+06 ZonesAtSurface
2575.05 3374.93 -196.551 0 0 0 0 1.39151e+06 24.7808 106509 1.54033 1.47768e+07 1.39151e+06 ZonesAtSurface
2625.02 3374.91 -156.552 0 0 0 0 659159 42.5311 63951.1 2.57728 1.7784e+07 659159 ZonesAtSurface
2674.99 3374.91 -116.548 0 0 0 0 536395 31.1613 62079.9 1.1437 1.70456e+07 536395 ZonesAtSurface
2724.96 3374.92 -76.5429 0 0 0 0 1.47884e+06 33.6025 67053.5 1.61574 1.56339e+07 1.47884e+06 ZonesAtSurface
2774.93 3374.93 -36.5437 8 0 0 0 961462 15.6103 138802 1.00337 1.00662e+07 961462 ZonesAtSurface
2824.9 3374.93 3.44995 9 0 0 0 908627 16.4751 143653 1.00458 1.02219e+07 908627 ZonesAtSurface
2874.88 3374.93 43.445 8 0 0 0 924849 16.79 94099.1 1.01105 1.02764e+07 924849 ZonesAtSurface
2924.87 3374.93 83.4414 0 0 0 0 1.21854e+06 26.7324 71747.1 1.54383 1.14257e+07 1.21854e+06 ZonesAtSurface
2974.86 3374.94 123.441 0 0 0 0 1.24399e+06 44.9031 111962 4.78805 9.47024e+06 1.24399e+06 ZonesAtSurface
3024.86 3374.94 163.436 0 0 0 0 1.46512e+06 27.6945 53857.1 2.50237 7.43184e+06 1.46512e+06 ZonesAtSurface
3074.85 3374.98 153.429 0 0 0 0 1.40817e+06 35.6587 115746 7.55737 4.13978e+06 1.40817e+06 ZonesAtSurface
3124.87 3374.9 293.404 8 0 0 0 571778 43.0776 114943 2.42748 7.71394e+06 571778 ZonesAtSurface
3174.87 3374.95 283.402 0 0 0 0 1.38262e+06 37.016 56180.5 4.46344 4.83443e+06 1.38262e+06 ZonesAtSurface
3224.89 3374.95 323.39 6 0 0 0 1.01376e+06 35.9932 120394 2.65159 7.42711e+06 1.01376e+06 ZonesAtSurface
3274.87 3374.99 313.393 0 0 1 7 1.38091e+06 34.6663 104965 7.67244 2.98698e+06 1.38091e+06 ZonesAtSurface
3324.88 3375 353.381 7 0 1 7 1.20476e+06 29.7142 102146 1.78048 4.94672e+06 1.20476e+06 ZonesAtSurface
3374.88 3375 443.346 8 0 1 6 1.3319e+06 27.4072 77585.5 1.05398 4.09585e+06 1.3319e+06 ZonesAtSurface
3424.91 3374.99 533.302 6 6 1 5 1.47212e+06 15.4905 84155.5 1.06812 3.72092e+06 1.47212e+06 ZonesAtSurface
3474.93 3374.99 573.266 7 0 1 5 1.00575e+06 36.4129 89375.5 1.27853 4.27709e+06 1.00575e+06 ZonesAtSurface
3524.92 3374.99 663.184 9 5 2 4 100000 5 10000 0 191220 100000 ZonesAtSurface
3574.98 3375 653.175 2 0 2 5 100000 5 10000 1.01065 568316 100000 ZonesAtSurface
3625.02 3375 693.142 5 0 2 5 100000 5 10000 1.08178 398211 100000 ZonesAtSurface
3675.09 3375 633.169 1 0 1 7 886829 16.359 63161.5 1.06931 3.11184e+06 886829 ZonesAtSurface
3725.14 3375 673.137 0 0 1 7 749898 16.0032 61360.3 1.08475 2.04987e+06 749898 ZonesAtSurface
3775.19 3375 623.158 5 0 1 8 809031 27.3377 146020 1.03313 4.0893e+06 809031 ZonesAtSurface
3825.26 3375 633.138 1 0 1 7 603553 17.8572 125837 1.15256 2.85964e+06 603553 ZonesAtSurface
3875.32 3375 693.078 0 8 2 5 1.38016e+06 20.1846 58393.1 1.33564 2.91986e+06 1.38016e+06 ZonesAtSurface
3925.36 3375 703.082 0 4 2 4 1.31665e+06 38.4066 93948.8 1.33762 4.08536e+06 1.31665e+06 ZonesAtSurface
3975.39 3375 713.116 0 3 2 3 1.09343e+06 41.2688 87150 1.95183 2.38283e+06 1.09343e+06 ZonesAtSurface
4025.46 3375 673.161 5 5 2 3 1.04026e+06 28.4572 125432 1.13577 2.91202e+06 1.04026e+06 ZonesAtSurface
4075.49 3374.99 683.196 0 6 2 2 1.12153e+06 21.8527 121233 1.84497 1.73489e+06 1.12153e+06 ZonesAtSurface
4125.59 3374.99 593.258 0 0 2 3 811892 24.4364 87713.9 1.1086 2.66403e+06 811892 ZonesAtSurface
4175.65 3374.99 503.355 6 0 1 4 1.45304e+06 40.0965 73241.8 1.26702 6.24148e+06 1.45304e+06 ZonesAtSurface
4225.65 3375 363.424 0 0 1 6 1.3284e+06 29.5233 52131.7 1.16776 6.74161e+06 1.3284e+06 ZonesAtSurface
4275.66 3375 323.453 2 0 1 6 658252 27.9695 148128 1.0118 5.8097e+06 658252 ZonesAtSurface
4325.69 3375 383.47 0 0 2 4 1.25449e+06 38.7613 98807.1 2.15776 3.28627e+06 1.25449e+06 ZonesAtSurface
4375.71 3375 343.486 2 0 2 4 952935 42.948 86238.8 1.36451 3.65854e+06 952935 ZonesAtSurface
4425.73 3375 353.494 0 10 2 3 1.31664e+06 38.3501 138687 2.49207 2.06739e+06 1.31664e+06 ZonesAtSurface
4475.75 3374.99 263.531 4 0 2 4 100000 5 10000 1.11176 204840 100000 ZonesAtSurface
4525.56 3375 73.5895 2 0 1 7 921781 25.9844 61469.8 1.04735 7.72582e+06 921781 ZonesAtSurface
4575.47 3375 -16.4164 0 0 1 8 1.1153e+06 44.4619 113250 5.22489 8.12423e+06 1.1153e+06 ZonesAtSurface
4625.45 3375 -6.39093 4 0 1 7 893912 24.5057 122621 1.03449 1.03049e+07 893912 ZonesAtSurface
4675.42 3375 3.63946 13 0 1 6 1.32409e+06 28.4802 87148.2 1.01749 9.36282e+06 1.32409e+06 ZonesAtSurface
4725.37 3375 13.667 23 0 1 5 1.24807e+06 40.4313 112593 1.14703 8.57652e+06 1.24807e+06 ZonesAtSurface
4775.3 3375 23.6935 30 1 1 4 1.31994e+06 37.9555 117928 1.46828 5.44918e+06 1.31994e+06 ZonesAtSurface
4825.23 3375 33.7142 44 0 1 3 919548 39.6061 61332.5 1.08346 5.02865e+06 919548 ZonesAtSurface
4875.14 3375 43.7294 51 0 1 2 885943 40.7476 120279 1.49948 3.814e+06 885943 ZonesAtSurface
4925.06 3375 53.7245 71 0 1 1 998338 32.0146 70022.3 1.61532 4.33648e+06 998338 ZonesAtSurface
74.9722 3425 -17.7605 89 0 1 2 830699 32.369 119118 1.38015 2.96572e+06 830699 ZonesAtSurface
124.871 3425 -42.7469 69 0 1 3 1.38013e+06 20.5863 128173 1.24911 3.7792e+06 1.38013e+06 ZonesAtSurface
174.789 3425.01 -17.6867 64 43 1 3 613514 26.9316 88651 1.60862 1.27237e+06 613514 ZonesAtSurface
224.699 3425 -42.7258 68 10 1 4 729337 28.882 87650.1 1.16157 2.21849e+06 729337 ZonesAtSurface
274.583 3425 -17.6955 68 0 1 4 100000 5 10000 2.50175 189292 100000 ZonesAtSurface
324.513 3424.99 -42.755 49 0 1 5 100000 5 10000 1.15202 666035 100000 ZonesAtSurface
374.397 3424.99 -17.7892 44 0 1 5 1.0961e+06 26.0622 149848 1.41467 3.31528e+06 1.0961e+06 ZonesAtSurface
424.386 3425 -42.865 18 0 1 6 1.01477e+06 29.9165 119658 1.05794 8.71559e+06 1.01477e+06 ZonesAtSurface
474.327 3425 -17.8707 0 0 1 6 624919 22.9206 143099 1.08148 4.57352e+06 624919 ZonesAtSurface
524.287 3424.99 7.11251 6 0 1 6 1.1871e+06 21.7284 60196.6 1.02423 5.8301e+06 1.1871e+06 ZonesAtSurface
574.253 3424.99 32.0965 7 0 1 6 761928 44.6446 95484 1.13133 8.21949e+06 761928 ZonesAtSurface
624.226 3424.99 57.0825 3 0 1 6 779492 40.7099 100165 1.17254 8.69274e+06 779492 ZonesAtSurface
674.106 3424.99 182.07 7 0 1 4 776468 44.0444 134525 1.07151 5.80424e+06 776468 ZonesAtSurface
724.073 3425 257.041 7 0 2 3 914001 26.5414 79546.9 1.16596 2.90891e+06 914001 ZonesAtSurface
774.09 3425.01 332.018 0 9 2 2 1.05599e+06 37.414 110785 1.96696 2.02108e+06 1.05599e+06 ZonesAtSurface
824.098 3425.01 307.004 0 0 2 3 1.11708e+06 22.6928 79841.6 1.32683 3.03391e+06 1.11708e+06 ZonesAtSurface
874.113 3425.01 331.987 0 0 1 3 1.10776e+06 42.8909 67561.7 2.38269 2.99889e+06 1.10776e+06 ZonesAtSurface
924.13 3425.01 356.969 14 0 1 3 885505 19.6842 115001 1.05415 2.76877e+06 885505 ZonesAtSurface
974.148 3425.01 381.95 0 2 1 3 1.42193e+06 28.9036 139178 1.41788 3.30697e+06 1.42193e+06 ZonesAtSurface
1024.17 3425.01 406.933 0 4 1 3 1.27622e+06 36.8351 63869.3 1.39189 3.58379e+06 1.27622e+06 ZonesAtSurface
1074.18 3425.01 381.923 4 0 1 4 977157 35.0786 68708.2 1.16597 3.52914e+06 977157 ZonesAtSurface
1124.21 3425.01 406.91 9 5 1 4 1.48139e+06 36.7458 137522 1.27713 4.48031e+06 1.48139e+06 ZonesAtSurface
1174.23 3425 331.904 0 0 1 6 745591 42.6785 135916 2.08197 4.77209e+06 745591 ZonesAtSurface
1224.26 3425 356.897 3 0 1 6 1.15639e+06 25.5303 87445 1.27276 3.56386e+06 1.15639e+06 ZonesAtSurface
1274.3 3425 331.899 5 0 1 7 100000 5 10000 1.04897 866135 100000 ZonesAtSurface
1324.34 3425 306.899 1 0 1 8 591407 38.704 60728.1 2.02869 4.89428e+06 591407 ZonesAtSurface
1374.37 3425 331.894 4 0 1 8 624778 43.4634 137785 1.82243 4.91481e+06 624778 ZonesAtSurface
1424.38 3425 406.88 9 0 2 7 100000 5 10000 1.24734 417099 100000 ZonesAtSurface
1474.44 3425 381.871 6 0 1 8 1.07131e+06 40.6144 80382.6 1.41523 3.90822e+06 1.07131e+06 ZonesAtSurface
1524.48 3425 356.856 5 0 1 9 708554 31.7749 62508.6 1.0129 5.51888e+06 708554 ZonesAtSurface
1574.47 3424.99 531.747 0 1 2 6 1.32486e+06 19.4068 97191.9 1.41703 2.5945e+06 1.32486e+06 ZonesAtSurface
1624.55 3424.99 506.768 4 0 2 7 100000 5 10000 1.06667 425969 100000 ZonesAtSurface
1674.61 3425 431.807 5 0 1 9 926565 37.2156 129746 1.152 5.95229e+06 926565 ZonesAtSurface
1724.67 3425 406.806 0 0 1 10 802888 21.4469 93435.4 1.00306 5.069e+06 802888 ZonesAtSurface
1774.71 3425 531.778 10 7 1 8 927241 37.4812 115547 1.17883 3.03922e+06 927241 ZonesAtSurface
1824.77 3425 506.784 7 0 1 9 744992 25.8792 130426 1.00894 3.46815e+06 744992 ZonesAtSurface
1874.81 3425 581.775 0 9 1 8 1.42292e+06 38.1624 123326 1.69917 3.26778e+06 1.42292e+06 ZonesAtSurface
1924.87 3425 556.798 2 0 2 9 1.03802e+06 31.9618 72847 1.0228 3.54486e+06 1.03802e+06 ZonesAtSurface
1974.92 3425 581.806 4 5 2 9 1.10316e+06 33.2844 95556.3 1.02809 3.77443e+06 1.10316e+06 ZonesAtSurface
2024.97 3425 494.334 0 0 1 10 1.47731e+06 37.9556 98268.7 1.15464 7.15723e+06 1.47731e+06 ZonesAtSurface
2075.01 3425 444.367 7 0 1 9 836791 41.9302 63832.7 1.45478 6.39418e+06 836791 ZonesAtSurface
2125.04 3424.99 394.405 2 0 1 8 1.33384e+06 15.3785 141537 1.0521 4.66398e+06 1.33384e+06 ZonesAtSurface
2175.07 3424.99 294.426 6 0 1 8 1.22851e+06 16.8659 77072.5 1.85696 5.00777e+06 1.22851e+06 ZonesAtSurface
2225.1 3424.98 194.441 0 0 0 0 864736 32.9722 94726.6 2.72586 6.3817e+06 864736 ZonesAtSurface
2275.13 3424.99 94.4603 0 0 0 0 954468 18.1924 120577 4.01522 2.81834e+06 954468 ZonesAtSurface
2325.12 3424.98 44.4699 4 0 0 0 1.1355e+06 21.5462 75795.9 1.40234 8.93375e+06 1.1355e+06 ZonesAtSurface
2375.12 3424.99 -105.535 0 0 0 0 1.23489e+06 43.6645 69281.1 8.70367 7.15074e+06 1.23489e+06 ZonesAtSurface
2425.1 3424.95 -155.541 0 0 0 0 888008 43.3767 83659.6 3.85972 1.29034e+07 888008 ZonesAtSurface
2475.1 3424.99 -255.529 0 0 0 0 623405 33.3152 128714 7.0353 6.51819e+06 623405 ZonesAtSurface
2525.07 3424.88 -185.561 8 0 0 0 836067 28.9279 98088.4 1.98485 1.19491e+07 836067 ZonesAtSurface
2575.05 3424.92 -195.553 0 0 0 0 985071 44.5781 93540 5.15026 1.36436e+07 985071 ZonesAtSurface
2625.02 3424.91 -155.551 0 0 0 0 1.46599e+06 37.0326 112700 2.4938 1.64473e+07 1.46599e+06 ZonesAtSurface
2674.99 3424.92 -115.542 0 0 0 0 650197 33.6919 149534 1.6863 1.62458e+07 650197 ZonesAtSurface
2724.95 3424.93 -75.5348 8 0 0 0 942825 15.6978 61619.2 1.00364 1.0733e+07 942825 ZonesAtSurface
2774.92 3424.94 -35.5358 2 0 0 0 1.46913e+06 16.3579 52291 1.02633 1.10381e+07 1.46913e+06 ZonesAtSurface
2824.9 3424.95 4.45624 0 0 0 0 822297 41.1418 149468 3.64595 1.03392e+07 822297 ZonesAtSurface
2874.88 3424.94 44.4492 3 0 0 0 1.42606e+06 15.2951 86977.5 1.17948 9.1228e+06 1.42606e+06 ZonesAtSurface
2924.87 3424.94 84.4429 0 0 0 0 1.45549e+06 27.5169 113577 1.77269 1.12104e+07 1.45549e+06 ZonesAtSurface
2974.86 3424.93 124.44 7 0 0 0 560720 23.5157 88591.9 1.9003 7.67147e+06 560720 ZonesAtSurface
3024.86 3424.94 164.437 3 0 0 0 1.06487e+06 39.973 112332 4.69449 7.58871e+06 1.06487e+06 ZonesAtSurface
3074.85 3424.95 204.428 0 0 0 0 1.31926e+06 44.7336 103679 10 3.94638e+06 1.31926e+06 ZonesAtSurface
3124.86 3424.96 244.418 0 0 0 0 1.31958e+06 19.7784 96706.2 2.50019 4.30504e+06 1.31958e+06 ZonesAtSurface
3174.85 3424.99 234.411 0 0 0 0 1.13105e+06 15.3401 71202 3.329 2.85974e+06 1.13105e+06 ZonesAtSurface
3224.86 3424.99 274.401 0 0 0 0 1.38764e+06 18.1937 59992.2 4.4121 2.4148e+06 1.38764e+06 ZonesAtSurface
3274.87 3424.99 314.4 0 0 1 7 1.19636e+06 21.224 88865.3 2.50319 4.04227e+06 1.19636e+06 ZonesAtSurface
3324.87 3425 354.384 9 0 1 7 1.11496e+06 38.1042 107806 1.68884 5.41906e+06 1.11496e+06 ZonesAtSurface
3374.88 3425 444.345 9 2 1 6 1.23143e+06 42.3271 73910.5 1.11274 4.91639e+06 1.23143e+06 ZonesAtSurface
3424.86 3424.99 584.264 5 9 2 4 1.07509e+06 41.088 89284.2 1.63504 3.02917e+06 1.07509e+06 ZonesAtSurface
3474.94 3425 524.275 5 0 1 6 962576 25.5675 72492.9 1.0742 4.81693e+06 962576 ZonesAtSurface
3524.93 3425 664.184 10 1 2 4 700186 32.2769 101424 1.31388 2.00551e+06 700186 ZonesAtSurface
3574.97 3425 654.162 2 2 2 5 1.42237e+06 24.4558 104820 1.36426 3.70034e+06 1.42237e+06 ZonesAtSurface
3625.02 3425 644.161 2 0 1 6 100000 5 10000 1.82613 371882 100000 ZonesAtSurface
3675.09 3425.01 634.169 2 0 1 7 1.10152e+06 26.8318 137431 1.0924 4.41273e+06 1.10152e+06 ZonesAtSurface
3725.1 3425.01 724.079 10 3 2 6 100000 5 10000 0 237690 100000 ZonesAtSurface
3775.2 3425.01 674.13 4 0 1 7 1.02911e+06 15.8023 143776 1.09467 2.80932e+06 1.02911e+06 ZonesAtSurface
3825.27 3425.01 634.137 6 0 1 7 653276 24.3571 84115.3 1.03244 3.23709e+06 653276 ZonesAtSurface
3875.33 3425 644.114 4 0 1 6 1.00764e+06 34.3863 148532 1.10272 4.90512e+06 1.00764e+06 ZonesAtSurface
3925.37 3425 704.087 3 3 2 4 1.00366e+06 25.9283 109743 1.38068 2.31821e+06 1.00366e+06 ZonesAtSurface
3975.4 3425 714.121 0 1 2 3 1.4031e+06 21.0894 87021.2 1.58744 2.56886e+06 1.4031e+06 ZonesAtSurface
4025.46 3425 674.166 0 0 2 3 689294 37.2466 84193.9 1.17539 2.18558e+06 689294 ZonesAtSurface
4075.49 3425 684.2 0 0 2 2 1.05771e+06 27.231 86421.4 1.59482 2.25074e+06 1.05771e+06 ZonesAtSurface
4125.56 3425 644.241 0 4 2 2 664388 23.9359 98391.6 1.15183 1.69754e+06 664388 ZonesAtSurface
4175.63 3424.99 604.286 1 10 2 2 600122 15.5789 73185.2 1.50526 1.03584e+06 600122 ZonesAtSurface
4225.67 3425 414.413 5 0 1 5 1.20111e+06 25.1821 134712 1.03537 5.65376e+06 1.20111e+06 ZonesAtSurface
4275.68 3425 374.445 9 0 1 5 836734 26.6286 138565 1.03242 4.57249e+06 836734 ZonesAtSurface
4325.67 3425 284.481 0 0 1 6 1.4518e+06 25.5393 144337 1.24761 6.43298e+06 1.4518e+06 ZonesAtSurface
4375.7 3425 344.497 8 0 2 4 920518 27.6224 97462.3 1.24428 2.97782e+06 920518 ZonesAtSurface
4425.72 3425 304.506 0 0 2 4 1.3175e+06 17.4091 54550.6 1.20542 3.32804e+06 1.3175e+06 ZonesAtSurface
4475.75 3425 264.523 2 5 2 4 983653 31.8502 113706 1.35678 2.56407e+06 983653 ZonesAtSurface
4525.56 3425 74.588 4 0 1 7 873640 38.4158 53332.4 1.23378 9.15843e+06 873640 ZonesAtSurface
4575.52 3425 34.6059 9 0 1 7 1.21683e+06 26.5857 88664 1.00946 8.56889e+06 1.21683e+06 ZonesAtSurface
4625.45 3425 -5.39147 0 0 1 7 551922 34.9121 137655 1.36257 1.10331e+07 551922 ZonesAtSurface
4675.42 3425 4.64422 21 0 1 6 713795 15.6137 141044 1.00818 4.21054e+06 713795 ZonesAtSurface
4725.36 3425 14.6781 31 0 1 5 1.00803e+06 27.8605 68020.2 1.16614 5.11209e+06 1.00803e+06 ZonesAtSurface
4775.3 3425 24.6941 33 0 1 4 581045 41.6595 85329.3 1.5823 4.57238e+06 581045 ZonesAtSurface
4825.21 3425 34.7254 47 0 1 3 556150 17.4126 101362 1.02968 2.43185e+06 556150 ZonesAtSurface
4875.12 3425 44.7362 54 0 1 2 582981 28.3226 106729 1.46106 2.33174e+06 582981 ZonesAtSurface
4925.05 3425 54.7167 49 0 1 1 560904 44.3294 90127.4 3.77345 3.32146e+06 560904 ZonesAtSurface
74.9697 3475 -16.7529 89 10 1 2 875279 16.7635 129516 1.55426 1.79231e+06 875279 ZonesAtSurface
124.867 3475 -41.7462 79 0 1 3 916732 33.9177 105207 1.31602 3.51815e+06 916732 ZonesAtSurface
174.779 3475.01 -16.6954 79 0 1 3 100000 5 10000 1.50051 173951 100000 ZonesAtSurface
224.689 3475 -41.7143 68 0 1 4 100000 5 10000 1.22924 300067 100000 ZonesAtSurface
274.56 3475 -16.6774 68 1 1 4 100000 5 10000 2.24275 221440 100000 ZonesAtSurface
324.496 3475 -41.7562 57 0 1 5 100000 5 10000 1.12816 678907 100000 ZonesAtSurface
374.395 3475.01 -16.7824 44 12 1 5 1.37902e+06 19.8922 101393 1.67869 2.57205e+06 1.37902e+06 ZonesAtSurface
424.387 3475 -41.8587 13 0 1 6 609614 29.6732 96888.3 1.06665 8.30307e+06 609614 ZonesAtSurface
474.334 3475 -16.8707 2 0 1 6 795420 37.798 101727 1.15494 9.33668e+06 795420 ZonesAtSurface
524.294 3475 8.11705 14 0 1 6 1.36762e+06 24.3564 96812.1 1.01284 7.54142e+06 1.36762e+06 ZonesAtSurface
574.259 3475 33.0986 1 0 1 6 876580 36.5508 75444.1 1.49384 8.69223e+06 876580 ZonesAtSurface
624.175 3475 108.086 8 0 1 5 584282 20.8962 76994.5 1.09074 3.55579e+06 584282 ZonesAtSurface
674.062 3475.01 233.053 6 9 2 3 680051 36.8128 95151.5 1.5126 1.6718e+06 680051 ZonesAtSurface
724.08 3475.01 258.041 4 2 2 3 959535 35.7529 84993 1.45942 2.70943e+06 959535 ZonesAtSurface
774.095 3475.01 283.029 4 0 1 3 758096 42.6215 50228.3 1.32461 2.93282e+06 758096 ZonesAtSurface
824.111 3475.01 308.014 0 0 2 3 1.47809e+06 32.0697 87758.2 2.41873 2.72249e+06 1.47809e+06 ZonesAtSurface
874.127 3475.01 332.999 0 0 2 3 704146 34.73 61648.6 1.62396 2.28613e+06 704146 ZonesAtSurface
924.143 3475.01 357.983 2 2 1 3 780180 42.972 89378.9 1.29262 2.52326e+06 780180 ZonesAtSurface
974.161 3475.01 382.965 7 0 2 3 779049 34.9181 102435 1.21867 2.95791e+06 779049 ZonesAtSurface
1024.17 3475.01 357.951 18 0 1 4 711192 19.8557 132497 1.07419 2.80507e+06 711192 ZonesAtSurface
1074.2 3475 382.94 7 1 1 4 1.11745e+06 44.4608 145822 1.73376 3.7066e+06 1.11745e+06 ZonesAtSurface
1124.21 3475 357.924 10 0 1 5 862296 25.1958 108906 1.06206 3.17337e+06 862296 ZonesAtSurface
1174.23 3475 332.91 0 0 2 6 1.1177e+06 33.9695 62138.7 2.16055 3.59632e+06 1.1177e+06 ZonesAtSurface
1224.26 3475 357.903 5 0 2 6 749068 21.7387 111608 1.02343 2.68543e+06 749068 ZonesAtSurface
1274.29 3475 332.895 1 0 1 7 692511 39.338 120505 1.92815 3.97302e+06 692511 ZonesAtSurface
1324.32 3475 357.894 8 0 2 7 1.03346e+06 16.2258 92975 1.24879 2.51455e+06 1.03346e+06 ZonesAtSurface
1374.36 3475 332.887 3 0 1 8 100000 5 10000 0.982505 935724 100000 ZonesAtSurface
1424.41 3475 307.882 2 0 1 9 1.25841e+06 30.0652 142242 1.38669 6.78324e+06 1.25841e+06 ZonesAtSurface
1474.44 3475 332.87 4 0 1 9 1.42962e+06 26.7252 110469 1.21467 6.12786e+06 1.42962e+06 ZonesAtSurface
1524.48 3475 357.855 3 0 1 9 778007 27.5024 68732.5 1.12348 4.99397e+06 778007 ZonesAtSurface
1574.48 3475.01 532.762 10 10 2 6 1.41259e+06 27.2846 80571.5 1.24293 3.68151e+06 1.41259e+06 ZonesAtSurface
1624.54 3475.01 557.733 8 9 2 6 537590 27.9182 144996 1.16857 1.34481e+06 537590 ZonesAtSurface
1674.59 3475 532.744 5 0 1 7 934030 29.5501 118957 1.07251 2.98894e+06 934030 ZonesAtSurface
1724.64 3475 507.764 9 0 2 8 100000 5 10000 1.3208 397148 100000 ZonesAtSurface
1774.72 3475 482.786 1 0 1 9 596481 31.6734 83687.2 1.09381 3.44674e+06 596481 ZonesAtSurface
1824.78 3475 507.787 4 0 1 9 1.39308e+06 19.475 125369 1.07149 3.88945e+06 1.39308e+06 ZonesAtSurface
1874.83 3475 532.796 4 0 1 9 725586 33.6072 124337 1.02038 2.88137e+06 725586 ZonesAtSurface
1924.88 3475 557.806 8 0 1 9 836105 40.661 102310 1.05851 3.20726e+06 836105 ZonesAtSurface
1974.93 3475 582.813 6 2 1 9 889523 19.6452 137754 1.05079 2.29452e+06 889523 ZonesAtSurface
2024.97 3475 545.333 7 0 1 9 584306 43.8458 127849 1.01469 3.69636e+06 584306 ZonesAtSurface
2075.01 3475 445.368 0 0 1 9 535636 42.7213 136868 1.50446 5.99835e+06 535636 ZonesAtSurface
2125.04 3475 445.41 5 10 2 7 1.30752e+06 40.8347 108463 1.33781 4.20978e+06 1.30752e+06 ZonesAtSurface
2175.06 3475 295.423 3 0 1 8 100000 5 10000 1.39024 1.30185e+06 100000 ZonesAtSurface
2225.1 3474.99 195.436 0 0 0 0 1.32277e+06 26.6859 54258 3.42984 4.48417e+06 1.32277e+06 ZonesAtSurface
2275.13 3475 95.4577 0 0 0 0 680271 21.0821 86201.7 6.10292 2.20523e+06 680271 ZonesAtSurface
2325.14 3474.96 95.4667 8 0 0 0 1.23468e+06 37.3615 55944.3 2.31539 6.09025e+06 1.23468e+06 ZonesAtSurface
2375.12 3474.97 -54.5253 0 0 0 0 1.06269e+06 35.9214 52794.9 2.44986 1.36597e+07 1.06269e+06 ZonesAtSurface
2425.11 3474.96 -154.53 0 0 0 0 566406 33.1459 72825.7 3.2697 1.17384e+07 566406 ZonesAtSurface
2475.09 3474.95 -204.538 6 0 0 0 1.45058e+06 42.382 104315 7.64159 8.24218e+06 1.45058e+06 ZonesAtSurface
2525.07 3474.87 -184.565 0 0 0 0 738404 43.5133 115388 2.02413 1.81404e+07 738404 ZonesAtSurface
2575.05 3474.92 -194.552 0 0 0 0 842696 34.104 127961 2.77465 1.21101e+07 842696 ZonesAtSurface
2625.02 3474.91 -154.544 0 0 0 0 1.0573e+06 30.4231 126927 1.91 1.4271e+07 1.0573e+06 ZonesAtSurface
2674.99 3474.92 -114.53 0 0 0 0 1.26574e+06 35.127 104985 2.52618 1.37822e+07 1.26574e+06 ZonesAtSurface
2724.95 3474.94 -74.5215 0 0 0 0 1.16035e+06 40.5144 60514.1 3.58877 1.23333e+07 1.16035e+06 ZonesAtSurface
2774.91 3474.95 -34.5214 0 0 0 0 876633 41.0168 148851 5.32014 8.97241e+06 876633 ZonesAtSurface
2824.88 3474.96 5.47078 0 0 0 0 950124 22.8053 68792 2.75378 6.55406e+06 950124 ZonesAtSurface
2874.87 3474.96 45.4596 0 0 0 0 829196 43.6981 126877 8.13049 6.2101e+06 829196 ZonesAtSurface
2924.86 3474.95 85.4481 0 0 0 0 1.30006e+06 39.5012 111382 4.13997 8.42235e+06 1.30006e+06 ZonesAtSurface
2974.84 3474.98 75.4537 0 0 0 0 1.37416e+06 23.9125 132942 6.40978 3.23703e+06 1.37416e+06 ZonesAtSurface
3024.84 3474.98 115.445 0 0 0 0 751611 22.5414 96609.1 4.47397 3.54854e+06 751611 ZonesAtSurface
3074.84 3474.96 205.434 9 0 0 0 944822 24.9097 56637.2 2.88543 4.08618e+06 944822 ZonesAtSurface
3124.85 3474.96 245.422 0 0 0 0 1.27058e+06 37.023 129862 3.8434 5.25295e+06 1.27058e+06 ZonesAtSurface
3174.86 3474.97 285.41 3 0 0 0 1.45044e+06 35.7458 94544.3 4.00496 3.98239e+06 1.45044e+06 ZonesAtSurface
3224.86 3474.99 275.402 0 0 0 0 804801 30.0632 57490.3 5.67888 2.97651e+06 804801 ZonesAtSurface
3274.87 3474.99 315.401 2 0 1 7 1.14319e+06 16.812 142983 1.78418 4.25117e+06 1.14319e+06 ZonesAtSurface
3324.87 3475 355.386 9 0 1 7 506567 37.3231 144217 1.75255 4.53004e+06 506567 ZonesAtSurface
3374.89 3475 395.354 4 0 1 7 1.39629e+06 19.0774 132320 1.0397 5.23727e+06 1.39629e+06 ZonesAtSurface
3424.86 3475 585.263 3 3 2 4 528218 28.705 139358 1.48833 1.06358e+06 528218 ZonesAtSurface
3474.9 3475 625.231 7 2 2 4 1.0571e+06 33.8566 103785 1.32923 2.9737e+06 1.0571e+06 ZonesAtSurface
3524.94 3475.01 665.194 0 10 2 4 1.46272e+06 38.3794 97162.7 1.70693 3.40695e+06 1.46272e+06 ZonesAtSurface
3574.96 3475.01 655.166 0 0 2 5 965638 41.6035 137862 1.14549 4.42058e+06 965638 ZonesAtSurface
3625.04 3475 595.185 3 0 1 7 100000 5 10000 1.30051 760588 100000 ZonesAtSurface
3675.11 3475 585.205 3 0 1 8 1.35288e+06 15.2464 69740.7 1.15454 4.00833e+06 1.35288e+06 ZonesAtSurface
3725.16 3475 575.204 3 0 1 9 1.02312e+06 38.9229 148998 1.07007 7.40482e+06 1.02312e+06 ZonesAtSurface
3775.2 3475 625.182 10 0 1 8 1.08437e+06 31.3391 50547.6 1.09359 3.89662e+06 1.08437e+06 ZonesAtSurface
3825.26 3475 585.195 0 0 1 8 1.41143e+06 19.8007 93656 1.05864 5.34198e+06 1.41143e+06 ZonesAtSurface
3875.32 3475 695.085 9 4 1 5 1.25371e+06 22.2136 114513 1.248 2.92809e+06 1.25371e+06 ZonesAtSurface
3925.37 3475 705.088 5 0 1 4 1.09918e+06 19.3288 119001 1.24891 2.58654e+06 1.09918e+06 ZonesAtSurface
3975.45 3475 615.163 5 0 1 5 1.04587e+06 36.5024 119884 1.01901 4.77556e+06 1.04587e+06 ZonesAtSurface
4025.46 3475.01 675.174 6 5 2 3 1.45874e+06 20.9141 66530.1 1.25746 3.35381e+06 1.45874e+06 ZonesAtSurface
4075.52 3475 635.214 7 7 2 3 1.20476e+06 34.5861 137929 1.2457 3.55241e+06 1.20476e+06 ZonesAtSurface
4125.56 3475 645.247 1 1 2 2 535470 37.2002 68324.1 1.15851 1.84149e+06 535470 ZonesAtSurface
4175.62 3475 605.291 0 0 2 2 1.03705e+06 24.0515 79972.5 1.14099 2.83806e+06 1.03705e+06 ZonesAtSurface
4225.69 3474.99 515.353 5 1 2 3 1.28287e+06 39.9439 144033 1.33137 4.70274e+06 1.28287e+06 ZonesAtSurface
4275.69 3475 375.442 6 0 1 5 838021 34.4229 107420 1.05304 6.13462e+06 838021 ZonesAtSurface
4325.64 3475 235.49 0 0 1 7 1.47231e+06 44.5848 123241 3.94902 6.63345e+06 1.47231e+06 ZonesAtSurface
4375.7 3475.01 345.511 6 6 1 4 1.22913e+06 39.5364 141374 2.7264 2.23769e+06 1.22913e+06 ZonesAtSurface
4425.71 3475.01 305.518 0 3 1 4 1.36596e+06 30.5605 143120 1.22479 3.83066e+06 1.36596e+06 ZonesAtSurface
4475.73 3475.01 315.517 7 6 2 3 513961 39.3408 110993 1.18013 1.69321e+06 513961 ZonesAtSurface
4525.7 3474.98 175.573 4 3 1 5 100000 5 10000 0.513723 427276 100000 ZonesAtSurface
4575.52 3475 35.6033 7 0 1 7 1.21681e+06 30.4293 117920 1.0532 9.8633e+06 1.21681e+06 ZonesAtSurface
4625.45 3475 -4.39448 0 0 1 7 659025 40.7949 127566 2.4431 1.07818e+07 659025 ZonesAtSurface
4675.42 3475 5.63968 23 0 1 6 649137 18.7382 80818.4 1.03448 5.53476e+06 649137 ZonesAtSurface
4725.36 3475 15.6844 38 0 1 5 903531 23.8498 147783 1.16474 3.70328e+06 903531 ZonesAtSurface
4775.3 3475 25.7004 42 0 1 4 1.40777e+06 29.5947 96265.5 1.23621 5.16205e+06 1.40777e+06 ZonesAtSurface
4825.2 3475 35.7304 44 0 1 3 1.20746e+06 15.3905 136584 1.04819 3.27484e+06 1.20746e+06 ZonesAtSurface
4875.12 3475 45.7328 48 0 1 2 664803 35.3565 87348.9 1.58987 2.88092e+06 664803 ZonesAtSurface
4925.05 3475 55.712 60 0 1 1 1.40909e+06 35.5025 132164 2.98417 3.68937e+06 1.40909e+06 ZonesAtSurface
74.9689 3525 -15.7391 89 31 1 2 1.17632e+06 26.1513 68603 1.23387 3.68199e+06 1.17632e+06 ZonesAtSurface
124.853 3525 -40.7325 79 0 1 3 812644 19.2822 141655 1.14159 2.80929e+06 812644 ZonesAtSurface
174.747 3525 -15.6857 79 0 1 3 100000 5 10000 1.22054 212442 100000 ZonesAtSurface
224.664 3525 -40.7182 68 0 1 4 100000 5 10000 1.48271 360983 100000 ZonesAtSurface
274.552 3525 -15.6974 68 47 1 4 1.23223e+06 19.682 81888.7 1.79825 2.11757e+06 1.23223e+06 ZonesAtSurface
324.505 3525 -40.7726 50 0 1 5 1.26871e+06 41.653 140639 1.08126 5.97811e+06 1.26871e+06 ZonesAtSurface
374.436 3525.01 -15.7719 53 0 1 5 1.38534e+06 16.0867 86522.8 1.574 2.66741e+06 1.38534e+06 ZonesAtSurface
424.406 3525 -40.8457 41 0 1 6 879856 20.6096 144229 1.03793 5.96905e+06 879856 ZonesAtSurface
474.349 3525.01 -15.8629 14 0 1 6 1.09812e+06 30.4993 98098.1 1.0418 6.34077e+06 1.09812e+06 ZonesAtSurface
524.358 3525 -40.8971 0 0 1 7 705123 24.1349 52401.6 1.00993 8.76148e+06 705123 ZonesAtSurface
574.317 3525 -15.9105 0 0 1 7 1.2466e+06 24.6283 107878 1.19749 9.32336e+06 1.2466e+06 ZonesAtSurface
624.167 3525 109.083 2 0 1 5 1.28578e+06 17.6531 90009.3 1.00908 4.07094e+06 1.28578e+06 ZonesAtSurface
674.149 3525 134.067 7 0 1 5 100000 5 10000 0.999772 1.03102e+06 100000 ZonesAtSurface
724.101 3525.01 209.047 8 0 1 4 822014 38.6474 111695 1.33843 4.58941e+06 822014 ZonesAtSurface
774.108 3525.01 284.037 9 0 1 3 1.03804e+06 30.3783 107383 1.67401 2.81227e+06 1.03804e+06 ZonesAtSurface
824.123 3525.01 309.023 5 0 2 3 893348 17.7549 135189 1.22112 2.41113e+06 893348 ZonesAtSurface
874.139 3525.01 334.009 5 0 2 3 751704 29.0124 137930 1.52621 2.20965e+06 751704 ZonesAtSurface
924.154 3525.01 358.994 0 7 2 3 939401 35.3412 134153 1.78212 2.30985e+06 939401 ZonesAtSurface
974.164 3525.01 333.975 0 0 2 4 873713 34.474 60198.6 1.84795 2.88761e+06 873713 ZonesAtSurface
1024.18 3525 358.962 21 0 1 4 775486 18.2452 146758 1.12102 2.33571e+06 775486 ZonesAtSurface
1074.21 3525 383.95 8 6 1 4 950902 32.0767 123005 1.53531 2.62349e+06 950902 ZonesAtSurface
1124.22 3525 358.929 4 0 1 5 543136 40.905 142215 1.38563 3.47768e+06 543136 ZonesAtSurface
1174.24 3525 333.915 0 0 1 6 1.46126e+06 35.5783 99239.4 3.03688 3.41107e+06 1.46126e+06 ZonesAtSurface
1224.27 3525 358.91 0 1 2 6 1.44158e+06 26.4393 115137 1.43352 3.39983e+06 1.44158e+06 ZonesAtSurface
1274.29 3525 333.896 0 0 2 7 768622 35.417 97613.1 2.51707 3.18103e+06 768622 ZonesAtSurface
1324.31 3525 358.893 0 0 1 7 1.0138e+06 31.9763 105550 1.43711 3.21051e+06 1.0138e+06 ZonesAtSurface
1374.34 3525 383.891 3 10 1 7 1.47977e+06 22.4868 85771 1.72763 2.69744e+06 1.47977e+06 ZonesAtSurface
1424.36 3525 358.866 9 0 1 8 729016 38.5601 129006 1.80466 4.12096e+06 729016 ZonesAtSurface
1474.43 3525 333.863 4 0 1 9 100000 5 10000 1.05036 1.2013e+06 100000 ZonesAtSurface
1524.51 3525 308.871 0 0 1 10 504158 39.7878 128213 2.02175 6.839e+06 504158 ZonesAtSurface
1574.47 3525.01 483.797 8 7 1 7 1.27285e+06 43.52 72200.7 1.29702 4.64965e+06 1.27285e+06 ZonesAtSurface
1624.55 3525 408.813 2 0 1 9 100000 5 10000 1.0564 1.00814e+06 100000 ZonesAtSurface
1674.56 3525.01 483.762 7 1 1 8 1.17396e+06 32.7169 87104 1.18862 3.96603e+06 1.17396e+06 ZonesAtSurface
1724.7 3525 408.821 0 0 1 10 862714 29.0911 66870.6 1.00821 6.19898e+06 862714 ZonesAtSurface
1774.71 3525 483.776 10 0 1 9 100000 5 10000 1.04204 955626 100000 ZonesAtSurface
1824.8 3525 458.807 5 0 1 10 1.04966e+06 28.0156 57034.9 1.05657 5.83276e+06 1.04966e+06 ZonesAtSurface
1874.85 3525 483.809 7 0 1 10 700120 21.743 69570.4 1.01141 4.4467e+06 700120 ZonesAtSurface
1924.89 3525 508.816 7 0 1 10 1.4183e+06 17.2936 86787 1.00708 4.549e+06 1.4183e+06 ZonesAtSurface
1974.94 3525 533.821 3 0 1 10 1.38337e+06 36.5515 102852 1.02375 5.85161e+06 1.38337e+06 ZonesAtSurface
2024.97 3525 496.337 2 0 1 10 1.17013e+06 23.9936 104998 1.00501 4.95241e+06 1.17013e+06 ZonesAtSurface
2075.01 3525 446.368 0 0 1 9 1.39608e+06 40.6801 108076 2.00819 5.92936e+06 1.39608e+06 ZonesAtSurface
2125.04 3525 396.403 8 0 1 8 1.30743e+06 15.5327 59831.6 1.073 4.78989e+06 1.30743e+06 ZonesAtSurface
2175.06 3524.99 346.43 0 0 1 7 1.13e+06 39.0897 84781 7.65816 3.45308e+06 1.13e+06 ZonesAtSurface
2225.08 3524.98 246.435 10 0 0 0 567496 29.3887 141509 1.7586 8.34046e+06 567496 ZonesAtSurface
2275.12 3524.98 146.449 0 0 0 0 554386 33.4859 119444 3.44304 6.86968e+06 554386 ZonesAtSurface
2325.13 3524.97 96.4609 9 0 0 0 1.46847e+06 21.5703 75325.5 2.01777 6.5174e+06 1.46847e+06 ZonesAtSurface
2375.13 3524.99 -103.519 0 0 0 0 1.17178e+06 33.8008 62257 7.64921 5.55844e+06 1.17178e+06 ZonesAtSurface
2425.11 3524.95 -153.525 0 0 0 0 639690 28.2937 129933 1.68752 1.44768e+07 639690 ZonesAtSurface
2475.09 3524.99 -253.525 0 0 0 0 1.36904e+06 20.9566 53603.1 3.26149 6.60298e+06 1.36904e+06 ZonesAtSurface
2525.07 3524.96 -233.541 0 0 0 0 1.14828e+06 28.4348 110090 4.74497 6.98966e+06 1.14828e+06 ZonesAtSurface
2575.05 3524.92 -193.542 0 0 0 0 1.38404e+06 29.7526 132302 3.4317 1.05009e+07 1.38404e+06 ZonesAtSurface
2625.02 3524.92 -153.527 0 0 0 0 585855 23.5883 149417 1.60303 1.17408e+07 585855 ZonesAtSurface
2674.98 3524.94 -113.51 0 0 0 0 1.00577e+06 26.5318 101573 1.91354 1.06985e+07 1.00577e+06 ZonesAtSurface
2724.93 3524.95 -73.5032 0 0 0 0 959712 40.4664 125465 4.5354 9.38992e+06 959712 ZonesAtSurface
2774.9 3524.97 -33.5071 0 0 0 0 1.18611e+06 35.6579 82962.9 4.67321 7.21634e+06 1.18611e+06 ZonesAtSurface
2824.87 3524.97 6.48348 0 0 0 0 844962 38.8484 128745 7.26924 5.51957e+06 844962 ZonesAtSurface
2874.86 3524.97 46.4744 0 0 0 0 1.2552e+06 27.0344 72335.3 5.47233 4.08268e+06 1.2552e+06 ZonesAtSurface
2924.84 3524.99 36.4739 0 0 0 0 1.20738e+06 40.9889 137066 10 2.40034e+06 1.20738e+06 ZonesAtSurface
2974.83 3524.98 76.4642 0 0 0 0 967748 18.311 113173 5.77072 2.18704e+06 967748 ZonesAtSurface
3024.83 3524.98 116.454 0 0 0 0 673976 27.6136 79254.4 6.93087 2.68315e+06 673976 ZonesAtSurface
3074.84 3524.96 206.437 0 0 0 0 1.24705e+06 40.2671 63378.5 7.85716 3.60911e+06 1.24705e+06 ZonesAtSurface
3124.85 3524.97 246.42 0 0 0 0 888479 27.8296 97554.6 2.25889 6.16597e+06 888479 ZonesAtSurface
3174.86 3524.97 286.407 0 0 0 0 1.07056e+06 44.8968 124346 7.09007 5.51284e+06 1.07056e+06 ZonesAtSurface
3224.86 3524.99 276.399 0 0 0 0 1.15273e+06 25.0101 79929 4.87544 2.86377e+06 1.15273e+06 ZonesAtSurface
3274.87 3524.99 316.397 0 0 1 7 1.40897e+06 41.3031 145018 7.78237 3.95033e+06 1.40897e+06 ZonesAtSurface
3324.88 3525 306.374 0 0 1 8 698181 42.4582 133425 10 2.68631e+06 698181 ZonesAtSurface
3374.89 3525 396.355 4 0 1 7 1.02777e+06 29.7935 132765 1.07589 5.27119e+06 1.02777e+06 ZonesAtSurface
3424.87 3525.01 586.269 3 7 2 4 823922 34.9033 139069 1.37416 2.0748e+06 823922 ZonesAtSurface
3474.9 3525.01 576.246 6 0 1 5 993970 39.9126 61582.1 1.16337 4.46134e+06 993970 ZonesAtSurface
3524.93 3525 566.225 4 0 1 6 737116 34.6457 119807 1.1843 5.41269e+06 737116 ZonesAtSurface
3574.96 3525.01 606.188 5 0 1 6 503757 38.7165 61058.6 1.10301 3.71327e+06 503757 ZonesAtSurface
3625 3525.01 646.158 10 1 2 6 1.16024e+06 15.0064 141648 1.34061 2.20899e+06 1.16024e+06 ZonesAtSurface
3675.09 3525 586.195 4 0 1 8 100000 5 10000 1.09963 781975 100000 ZonesAtSurface
3725.13 3525 626.175 6 0 2 8 100000 5 10000 1.07926 481637 100000 ZonesAtSurface
3775.21 3525 576.206 0 0 1 9 743762 39.0526 79812.8 1.05861 7.1209e+06 743762 ZonesAtSurface
3825.27 3525 586.198 1 0 1 8 1.15857e+06 24.188 103839 1.13622 4.98578e+06 1.15857e+06 ZonesAtSurface
3875.33 3525 646.116 8 0 1 6 829124 26.8183 50880.1 1.17483 4.38327e+06 829124 ZonesAtSurface
3925.37 3525 706.081 7 0 2 4 100000 5 10000 1.14045 481642 100000 ZonesAtSurface
3975.46 3525 616.171 9 0 1 5 1.24343e+06 26.3877 84118.4 1.10155 4.18931e+06 1.24343e+06 ZonesAtSurface
4025.51 3525 576.214 1 0 1 5 887572 25.2745 78120.8 1.01275 3.3793e+06 887572 ZonesAtSurface
4075.56 3525 536.258 0 0 2 5 1.15831e+06 30.9263 54724.6 1.06926 5.04443e+06 1.15831e+06 ZonesAtSurface
4125.58 3525 596.266 3 0 2 3 707810 24.5115 144485 1.08126 2.55375e+06 707810 ZonesAtSurface
4175.65 3525 506.33 1 0 1 4 542668 20.8467 72987.5 1.0471 2.73516e+06 542668 ZonesAtSurface
4225.66 3525 566.337 0 2 2 2 1.47408e+06 27.8314 118813 1.96013 2.65873e+06 1.47408e+06 ZonesAtSurface
4275.69 3525 376.442 1 0 1 5 552287 37.442 51775.6 1.14152 5.74099e+06 552287 ZonesAtSurface
4325.67 3525 286.485 4 0 1 6 539405 32.2992 67875.3 1.02448 6.60104e+06 539405 ZonesAtSurface
4375.67 3525 246.513 0 0 1 6 1.42762e+06 28.9216 114067 1.57072 6.27096e+06 1.42762e+06 ZonesAtSurface
4425.7 3525.01 306.537 3 5 2 4 1.31263e+06 44.1389 66720.8 1.56277 4.2803e+06 1.31263e+06 ZonesAtSurface
4475.65 3525 166.557 1 0 1 6 544762 29.8176 146410 1.08767 6.13643e+06 544762 ZonesAtSurface
4525.72 3524.99 226.558 7 3 1 4 819322 44.2198 97300.3 1.19291 3.17989e+06 819322 ZonesAtSurface
4575.58 3524.99 86.6079 2 0 1 6 1.14389e+06 42.9898 73918 1.3293 9.03804e+06 1.14389e+06 ZonesAtSurface
4625.51 3524.99 46.6216 2 0 1 6 626056 32.8237 105885 1.38474 8.82886e+06 626056 ZonesAtSurface
4675.42 3525 6.6297 13 0 1 6 1.00459e+06 36.3576 90812 1.07028 1.17825e+07 1.00459e+06 ZonesAtSurface
4725.36 3525 16.6777 38 0 1 5 1.07047e+06 22.5366 112250 1.26615 3.76768e+06 1.07047e+06 ZonesAtSurface
4775.29 3525 26.6989 51 0 1 4 807330 22.3885 98878.5 1.14984 4.27555e+06 807330 ZonesAtSurface
4825.2 3525 36.7223 53 0 1 3 1.3055e+06 27.5117 66740.8 1.07725 4.14532e+06 1.3055e+06 ZonesAtSurface
4875.12 3525 46.7243 56 0 1 2 607697 42.4563 119305 1.51339 3.39672e+06 607697 ZonesAtSurface
4925.06 3525.01 56.7128 71 0 1 1 1.4079e+06 21.0904 127516 1.52732 3.89856e+06 1.4079e+06 ZonesAtSurface
74.9759 3575 -14.7051 89 9 1 2 100000 5 10000 1.11136 328463 100000 ZonesAtSurface
124.821 3575 -39.7133 79 0 1 3 100000 5 10000 1.08871 407869 100000 ZonesAtSurface
174.711 3575.01 -14.6773 79 55 1 3 783923 31.3267 145088 4.00666 959840 783923 ZonesAtSurface
224.643 3575 -39.7361 55 0 1 4 1.39514e+06 22.0064 68377.3 1.21775 4.41278e+06 1.39514e+06 ZonesAtSurface
274.561 3575.01 -14.7325 67 10 1 4 923069 22.5206 116042 1.66344 1.8723e+06 923069 ZonesAtSurface
324.524 3575 -39.7886 53 0 1 5 944726 26.194 75176.9 1.04033 4.88586e+06 944726 ZonesAtSurface
374.476 3575 -14.7721 34 7 2 5 1.01948e+06 31.9073 60552.5 1.36886 3.02313e+06 1.01948e+06 ZonesAtSurface
424.431 3575 -39.8333 32 0 1 6 742947 19.3485 112160 1.02246 4.56877e+06 742947 ZonesAtSurface
474.369 3575.01 -14.8461 37 0 1 6 1.0792e+06 19.7799 69749.6 1.06194 3.84439e+06 1.0792e+06 ZonesAtSurface
524.367 3575 -39.8988 0 0 1 7 1.43672e+06 40.8601 120976 2.27413 1.11705e+07 1.43672e+06 ZonesAtSurface
574.323 3575 -14.9123 0 0 1 7 1.08392e+06 38.6426 69089.1 1.91704 9.41023e+06 1.08392e+06 ZonesAtSurface
624.232 3575 60.0809 1 0 1 6 1.38676e+06 22.5784 71051.6 1.01621 7.42509e+06 1.38676e+06 ZonesAtSurface
674.144 3575 135.063 10 0 1 5 1.42667e+06 41.3684 132227 1.50342 7.67178e+06 1.42667e+06 ZonesAtSurface
724.104 3575 260.049 0 6 1 3 1.3197e+06 38.1229 111896 2.48956 2.35892e+06 1.3197e+06 ZonesAtSurface
774.12 3575 235.036 4 0 1 4 1.05004e+06 25.7875 131607 1.35614 3.56168e+06 1.05004e+06 ZonesAtSurface
824.133 3575.01 310.027 0 2 1 3 1.00585e+06 28.1183 96543.2 1.78555 2.06765e+06 1.00585e+06 ZonesAtSurface
874.149 3575.01 335.016 3 0 1 3 1.25847e+06 23.445 74579.1 2.12981 1.97009e+06 1.25847e+06 ZonesAtSurface
924.157 3575 309.997 7 0 1 4 629165 22.1248 110743 1.04458 2.90609e+06 629165 ZonesAtSurface
974.172 3575 334.982 3 0 2 4 906506 43.7854 120091 2.34685 3.09283e+06 906506 ZonesAtSurface
1024.19 3575 359.967 9 0 2 4 779911 25.3919 94394.3 1.18045 2.59935e+06 779911 ZonesAtSurface
1074.2 3575 334.942 0 0 2 5 992207 20.4465 135983 1.35034 3.11201e+06 992207 ZonesAtSurface
1124.24 3574.99 409.93 2 6 1 4 1.20759e+06 30.4456 76597.2 1.6878 2.52046e+06 1.20759e+06 ZonesAtSurface
1174.25 3575 334.915 0 0 1 6 689895 33.4789 114346 2.15323 3.39806e+06 689895 ZonesAtSurface
1224.27 3574.99 359.909 0 0 1 6 1.49989e+06 22.3155 89036 1.42744 4.03556e+06 1.49989e+06 ZonesAtSurface
1274.29 3575 334.895 0 0 1 7 1.27653e+06 31.7034 97029.6 3.1295 3.43752e+06 1.27653e+06 ZonesAtSurface
1324.32 3574.99 359.891 2 0 1 7 734086 33.374 100037 1.552 3.67864e+06 734086 ZonesAtSurface
1374.35 3574.99 384.888 3 0 2 7 1.37779e+06 25.4731 67715.3 1.50695 3.54544e+06 1.37779e+06 ZonesAtSurface
1424.36 3574.99 359.859 0 0 1 8 801945 36.2966 63815.2 2.36533 3.86283e+06 801945 ZonesAtSurface
1474.39 3574.99 384.844 0 0 2 8 1.42023e+06 36.0268 96541.4 2.8882 3.12544e+06 1.42023e+06 ZonesAtSurface
1524.45 3575 459.837 0 6 2 7 1.08771e+06 38.9564 118611 1.67917 2.76014e+06 1.08771e+06 ZonesAtSurface
1574.48 3575 384.816 9 0 1 9 100000 5 10000 1.11433 1.007e+06 100000 ZonesAtSurface
1624.52 3575 409.799 11 0 1 9 100000 5 10000 1.11728 1.04694e+06 100000 ZonesAtSurface
1674.63 3575 384.822 1 0 1 10 100000 5 10000 1.15368 1.29581e+06 100000 ZonesAtSurface
1724.62 3575 459.767 2 0 1 9 100000 5 10000 1.05755 873172 100000 ZonesAtSurface
1774.65 3574.99 534.74 0 8 2 8 1.26469e+06 40.3355 141400 1.67616 2.9978e+06 1.26469e+06 ZonesAtSurface
1824.71 3574.99 559.733 8 9 2 8 552773 32.0823 103145 1.76389 1.05102e+06 552773 ZonesAtSurface
1874.84 3575 484.799 0 0 1 10 100000 5 10000 1.14458 1.08227e+06 100000 ZonesAtSurface
1924.89 3575 509.81 2 0 1 10 100000 5 10000 1.16344 904290 100000 ZonesAtSurface
1974.92 3575 584.804 10 2 2 9 100000 5 10000 1.60755 136568 100000 ZonesAtSurface
2024.97 3575 497.337 0 0 1 10 770739 41.1684 50962.5 1.60107 6.19676e+06 770739 ZonesAtSurface
2075.01 3575 447.368 7 0 1 9 832704 20.664 84430 1.00071 4.24158e+06 832704 ZonesAtSurface
2125.05 3575 397.403 0 0 2 8 650180 28.2606 101218 1.03662 4.98206e+06 650180 ZonesAtSurface
2175.07 3574.99 347.431 7 0 1 7 603966 38.9086 140852 4.11883 4.08306e+06 603966 ZonesAtSurface
2225.1 3575 197.442 0 0 0 0 1.1076e+06 28.5656 120077 9.51593 2.88194e+06 1.1076e+06 ZonesAtSurface
2275.1 3574.98 147.447 0 0 0 0 575276 24.8601 132752 2.36215 9.31632e+06 575276 ZonesAtSurface
2325.1 3574.96 97.4466 2 0 0 0 728891 30.8657 81595.4 2.27103 1.33634e+07 728891 ZonesAtSurface
2375.14 3575 -102.518 2 0 0 0 100000 5 10000 1.26441 2.27357e+06 100000 ZonesAtSurface
2425.12 3574.99 -202.516 0 0 0 0 822273 22.38 148909 3.62354 5.73367e+06 822273 ZonesAtSurface
2475.1 3574.99 -252.518 0 0 0 0 969355 23.3975 110280 3.69916 6.51639e+06 969355 ZonesAtSurface
2525.07 3574.97 -232.526 0 0 0 0 929487 35.7647 137028 4.4538 8.13859e+06 929487 ZonesAtSurface
2575.05 3574.93 -192.522 0 0 0 0 1.27509e+06 36.3858 131378 3.72097 1.12088e+07 1.27509e+06 ZonesAtSurface
2625.01 3574.93 -152.507 0 0 0 0 730119 38.0511 100456 4.3334 1.03727e+07 730119 ZonesAtSurface
2674.95 3574.89 -62.5073 9 0 0 0 1.39012e+06 37.538 83454.2 1.33032 1.38636e+07 1.39012e+06 ZonesAtSurface
2724.92 3574.97 -72.4901 0 0 0 0 1.46133e+06 44.422 77861.4 9.01016 6.7272e+06 1.46133e+06 ZonesAtSurface
2774.88 3574.97 -32.4981 0 0 0 0 1.12035e+06 21.3812 56009.2 4.1117 4.37725e+06 1.12035e+06 ZonesAtSurface
2824.86 3574.97 7.4898 0 0 0 0 671415 32.8575 132077 7.94421 4.14652e+06 671415 ZonesAtSurface
2874.85 3574.97 47.48 0 0 0 0 1.33435e+06 38.657 102577 8.78103 5.224e+06 1.33435e+06 ZonesAtSurface
2924.84 3574.97 87.4741 0 0 0 0 953564 20.6506 108063 3.08463 4.29443e+06 953564 ZonesAtSurface
2974.83 3574.96 127.467 0 0 0 0 1.42431e+06 44.6899 128055 10 3.51637e+06 1.42431e+06 ZonesAtSurface
3024.83 3574.96 167.454 0 0 0 0 1.32004e+06 38.0854 54007.9 8.64379 3.67994e+06 1.32004e+06 ZonesAtSurface
3074.83 3574.96 207.435 3 0 0 0 1.03807e+06 16.0725 112818 1.55744 5.42788e+06 1.03807e+06 ZonesAtSurface
3124.84 3574.99 197.423 0 0 0 0 757769 35.0397 113590 8.54477 3.07345e+06 757769 ZonesAtSurface
3174.85 3574.99 237.406 0 0 0 0 1.40375e+06 16.4949 112706 4.34019 2.53897e+06 1.40375e+06 ZonesAtSurface
3224.86 3574.99 277.395 0 0 0 0 1.30402e+06 30.0453 78497.3 10 2.16911e+06 1.30402e+06 ZonesAtSurface
3274.87 3574.99 317.389 0 0 1 7 815221 34.0235 107347 6.85634 3.47498e+06 815221 ZonesAtSurface
3324.87 3574.99 357.376 6 0 1 7 100000 5 10000 0.951131 1.2666e+06 100000 ZonesAtSurface
3374.88 3574.99 397.35 7 0 1 7 100000 5 10000 0.976471 1.07248e+06 100000 ZonesAtSurface
3424.88 3575 487.3 5 0 1 6 578658 15.072 148319 1.08803 2.96009e+06 578658 ZonesAtSurface
3474.91 3575.01 527.262 3 0 1 6 933462 19.1661 66991.6 1.04709 4.03117e+06 933462 ZonesAtSurface
3524.95 3575.01 617.227 6 0 2 5 1.3334e+06 15.3001 132419 1.08109 3.44743e+06 1.3334e+06 ZonesAtSurface
3574.97 3575 557.21 7 0 1 7 1.0622e+06 40.0534 58918.9 1.90012 5.28085e+06 1.0622e+06 ZonesAtSurface
3625.02 3575 547.201 6 0 1 8 100000 5 10000 1.13994 829855 100000 ZonesAtSurface
3675.1 3575 537.219 2 0 1 9 100000 5 10000 1.12067 1.28076e+06 100000 ZonesAtSurface
3725.14 3575 577.196 6 0 1 9 100000 5 10000 1.16617 1.04085e+06 100000 ZonesAtSurface
3775.21 3575 577.196 2 0 1 9 100000 5 10000 1.47787 750909 100000 ZonesAtSurface
3825.22 3574.99 687.084 8 2 1 6 724076 41.5457 137815 1.13554 2.52868e+06 724076 ZonesAtSurface
3875.28 3574.99 747.011 8 5 2 4 893360 36.0711 97457.1 1.1294 2.91242e+06 893360 ZonesAtSurface
3925.36 3575 707.071 7 2 2 4 1.3299e+06 31.4357 62247.6 1.06799 4.45964e+06 1.3299e+06 ZonesAtSurface
3975.46 3575 567.207 8 0 1 6 627967 42.4583 103111 1.01647 6.52735e+06 627967 ZonesAtSurface
4025.52 3575 577.222 0 9 1 5 1.37852e+06 43.59 106246 1.32352 4.92173e+06 1.37852e+06 ZonesAtSurface
4075.56 3575 537.265 10 0 1 5 1.38741e+06 26.6716 105598 1.02356 4.58353e+06 1.38741e+06 ZonesAtSurface
4125.6 3575 547.296 0 6 2 4 1.34666e+06 44.143 50978.2 1.30845 4.86187e+06 1.34666e+06 ZonesAtSurface
4175.63 3575 557.316 1 0 2 3 746294 29.8049 145956 1.21242 2.44976e+06 746294 ZonesAtSurface
4225.68 3575 517.35 2 2 2 3 876438 31.2791 104845 1.16452 2.67168e+06 876438 ZonesAtSurface
4275.72 3575 477.386 0 5 2 3 1.45131e+06 43.8913 119436 1.96892 3.98627e+06 1.45131e+06 ZonesAtSurface
4325.68 3575 287.486 2 0 1 6 582527 37.0446 86815.8 1.04337 6.94887e+06 582527 ZonesAtSurface
4375.67 3575 247.517 0 0 1 6 1.04563e+06 40.5535 104982 2.00267 7.10904e+06 1.04563e+06 ZonesAtSurface
4425.66 3575 207.542 0 0 1 6 916541 39.6806 148536 2.01843 5.77774e+06 916541 ZonesAtSurface
4475.68 3575.01 217.56 1 0 2 5 531145 30.0516 103017 1.23105 3.93392e+06 531145 ZonesAtSurface
4525.7 3575.01 227.567 3 6 2 4 657744 15.4819 76987.2 1.04366 1.61964e+06 657744 ZonesAtSurface
4575.7 3575 187.583 3 8 2 4 1.3717e+06 26.3127 87414.3 1.49269 2.90198e+06 1.3717e+06 ZonesAtSurface
4625.45 3575 -2.40146 0 0 1 7 1.33506e+06 25.3405 93385.2 1.4574 1.00394e+07 1.33506e+06 ZonesAtSurface
4675.42 3575 7.62533 8 0 1 6 1.06538e+06 42.4945 131929 1.54964 1.38907e+07 1.06538e+06 ZonesAtSurface
4725.36 3575 17.6665 30 0 1 5 1.44381e+06 30.6149 50552.4 1.3518 6.36067e+06 1.44381e+06 ZonesAtSurface
4775.29 3575 27.6898 39 0 1 4 1.15508e+06 43.564 135149 1.4154 6.74393e+06 1.15508e+06 ZonesAtSurface
4825.21 3575 37.7115 36 0 2 3 1.40523e+06 20.9888 93601.1 1.1369 4.13549e+06 1.40523e+06 ZonesAtSurface
4875.14 3575.01 47.7196 61 0 1 2 796965 28.5525 148420 1.36065 3.47827e+06 796965 ZonesAtSurface
4925.06 3575.01 57.7192 49 0 1 1 743181 38.0641 57567.8 2.96412 3.5471e+06 743181 ZonesAtSurface
74.9986 3625 -13.6705 88 8 1 2 100000 5 10000 1.06242 334862 100000 ZonesAtSurface
124.793 3625.01 -38.6935 79 35 1 3 1.2761e+06 27.4237 77622.5 1.19537 3.76616e+06 1.2761e+06 ZonesAtSurface
174.697 3625.02 -13.6908 61 58 1 3 1.45021e+06 24.1047 50502.3 2.10185 2.40442e+06 1.45021e+06 ZonesAtSurface
224.635 3625.01 -38.7544 38 0 1 4 740433 42.5761 64660.5 1.35194 5.27249e+06 740433 ZonesAtSurface
274.571 3625.01 -13.7525 46 39 1 4 1.44306e+06 28.1815 82360.1 1.94963 2.90118e+06 1.44306e+06 ZonesAtSurface
324.537 3625 -38.7958 39 0 1 5 858886 44.8049 144739 1.03177 6.22332e+06 858886 ZonesAtSurface
374.492 3625 -13.7803 45 0 1 5 1.07734e+06 28.7983 147043 1.56817 2.63505e+06 1.07734e+06 ZonesAtSurface
424.445 3625 -38.8346 32 0 1 6 791425 25.5506 128888 1.04209 5.83664e+06 791425 ZonesAtSurface
474.382 3625 -13.8444 26 0 1 6 1.23896e+06 35.2424 59852.1 1.1125 4.42573e+06 1.23896e+06 ZonesAtSurface
524.374 3625 -38.9031 4 0 1 7 626498 31.1926 72627 1.21196 1.12886e+07 626498 ZonesAtSurface
574.266 3625 36.092 2 0 1 6 1.03772e+06 35.6033 109885 1.03943 7.76503e+06 1.03772e+06 ZonesAtSurface
624.105 3625 161.067 9 7 2 4 1.21332e+06 27.6243 50075.4 1.49719 2.90067e+06 1.21332e+06 ZonesAtSurface
674.097 3625 236.054 3 9 1 3 912678 16.439 144833 1.74201 1.45702e+06 912678 ZonesAtSurface
724.122 3625 211.046 5 0 1 4 729187 29.3754 90920.4 1.30471 3.79307e+06 729187 ZonesAtSurface
774.129 3625 236.033 0 0 1 4 886494 38.1363 55398.5 3.03012 3.22595e+06 886494 ZonesAtSurface
824.139 3625 311.023 0 0 1 3 1.44011e+06 41.6068 98309.6 2.44848 3.74895e+06 1.44011e+06 ZonesAtSurface
874.152 3625 286.008 0 0 1 4 1.14677e+06 22.5145 116838 2.03019 2.81685e+06 1.14677e+06 ZonesAtSurface
924.165 3625 310.996 2 0 1 4 693691 29.9247 77522 1.42199 3.06091e+06 693691 ZonesAtSurface
974.176 3625 285.973 0 0 1 5 1.32024e+06 29.15 116196 3.26766 2.8005e+06 1.32024e+06 ZonesAtSurface
1024.2 3625 360.963 0 0 1 4 1.15156e+06 24.2527 87167.4 1.40837 2.76312e+06 1.15156e+06 ZonesAtSurface
1074.22 3624.99 385.943 10 0 1 4 542361 38.1875 59312.1 1.08583 2.51552e+06 542361 ZonesAtSurface
1124.24 3624.99 410.922 5 1 2 4 1.11927e+06 29.2233 60724.2 1.30979 3.15557e+06 1.11927e+06 ZonesAtSurface
1174.26 3624.99 385.909 7 0 1 5 854091 23.5595 84655.5 1.02071 3.61556e+06 854091 ZonesAtSurface
1224.28 3624.99 360.901 2 0 1 6 800871 26.1619 140940 1.24117 3.76731e+06 800871 ZonesAtSurface
1274.31 3624.99 385.897 7 0 1 6 803282 39.6223 65527.3 1.3524 3.37649e+06 803282 ZonesAtSurface
1324.34 3624.99 410.895 6 5 1 6 1.25815e+06 34.924 51659.5 1.54753 3.10304e+06 1.25815e+06 ZonesAtSurface
1374.36 3624.99 385.881 9 0 1 7 585924 34.0772 149346 1.06186 3.02649e+06 585924 ZonesAtSurface
1424.38 3624.99 360.857 0 0 1 8 1.34477e+06 31.7538 105349 2.28128 3.96603e+06 1.34477e+06 ZonesAtSurface
1474.42 3624.99 435.859 7 3 2 7 1.40996e+06 24.3704 75961.8 1.24411 3.73031e+06 1.40996e+06 ZonesAtSurface
1524.44 3625 360.823 0 0 1 9 1.35133e+06 40.0246 105051 2.1433 5.95027e+06 1.35133e+06 ZonesAtSurface
1574.47 3625 385.809 4 0 1 9 1.14968e+06 33.473 70556.9 1.02402 6.07411e+06 1.14968e+06 ZonesAtSurface
1624.52 3624.99 460.8 7 7 2 8 1.32037e+06 23.4281 119844 1.38322 2.8614e+06 1.32037e+06 ZonesAtSurface
1674.56 3625 435.78 5 0 2 9 1.25258e+06 26.3609 128023 1.01475 4.78208e+06 1.25258e+06 ZonesAtSurface
1724.61 3625 510.764 1 9 2 8 674799 37.1648 54476.3 1.79741 1.67395e+06 674799 ZonesAtSurface
1774.67 3625 535.747 6 6 2 8 789317 20.3684 149454 1.26489 1.69083e+06 789317 ZonesAtSurface
1824.72 3625 510.742 0 0 2 9 775545 32.4613 106478 1.00956 3.2323e+06 775545 ZonesAtSurface
1874.77 3624.99 585.74 7 9 2 8 652048 25.7217 108036 3.21708 633299 652048 ZonesAtSurface
1924.84 3624.99 560.773 4 0 2 9 568117 20.1541 58240 0.99838 1.96103e+06 568117 ZonesAtSurface
1974.91 3624.99 585.798 7 6 2 9 650700 25.571 80188.8 1.07612 1.8294e+06 650700 ZonesAtSurface
2024.97 3625 498.337 3 0 1 10 557846 39.4261 62484.6 1.24767 6.046e+06 557846 ZonesAtSurface
2075.01 3625 498.366 10 6 1 8 1.43288e+06 40.4474 144821 1.12025 5.19241e+06 1.43288e+06 ZonesAtSurface
2125.05 3625 398.403 0 0 1 8 1.26842e+06 29.6747 137247 1.84539 4.77226e+06 1.26842e+06 ZonesAtSurface
2175.07 3624.99 348.429 7 0 1 7 670921 21.2284 133727 1.79394 4.2964e+06 670921 ZonesAtSurface
2225.06 3624.96 298.441 6 0 0 0 544474 32.6464 91347.8 2.34708 9.09253e+06 544474 ZonesAtSurface
2275.1 3624.99 148.447 0 0 0 0 877049 39.0361 64600.8 7.28552 6.40364e+06 877049 ZonesAtSurface
2325.1 3624.95 98.442 8 0 0 0 1.13943e+06 28.1187 132121 1.69204 1.24536e+07 1.13943e+06 ZonesAtSurface
2375.13 3624.95 -1.53754 0 0 0 0 1.05344e+06 34.9339 91706 2.94355 1.09302e+07 1.05344e+06 ZonesAtSurface
2425.13 3624.98 -151.513 8 0 0 0 811015 15.0165 137227 1.42449 7.68713e+06 811015 ZonesAtSurface
2475.1 3624.99 -251.507 0 0 0 0 533198 22.4098 61819.4 3.88703 5.66079e+06 533198 ZonesAtSurface
2525.07 3625 -281.503 0 0 0 0 526824 35.3117 67972.9 8.08957 6.23308e+06 526824 ZonesAtSurface
2575.03 3624.94 -191.503 2 0 0 0 631398 39.5641 101659 4.61463 8.07172e+06 631398 ZonesAtSurface
2625 3624.98 -201.493 0 0 0 0 804743 19.4202 115608 2.37797 6.92682e+06 804743 ZonesAtSurface
2674.94 3624.96 -111.482 9 0 0 0 1.17416e+06 21.826 135998 3.05258 6.31202e+06 1.17416e+06 ZonesAtSurface
2724.89 3624.93 -21.4945 4 0 0 0 903959 38.7579 65965.8 7.17624 5.51328e+06 903959 ZonesAtSurface
2774.87 3624.97 -31.4945 0 0 0 0 1.35359e+06 23.229 127301 4.34112 4.421e+06 1.35359e+06 ZonesAtSurface
2824.85 3624.96 8.49166 0 0 0 0 547029 41.8775 142993 8.51184 5.30105e+06 547029 ZonesAtSurface
2874.84 3624.96 48.4771 0 0 0 0 1.28427e+06 16.4289 68069.4 1.6284 6.62087e+06 1.28427e+06 ZonesAtSurface
2924.84 3624.95 88.4666 0 0 0 0 926722 25.8364 63063.2 2.35561 7.54732e+06 926722 ZonesAtSurface
2974.83 3624.98 78.4602 0 0 0 0 1.34062e+06 26.8472 138439 5.80579 3.86383e+06 1.34062e+06 ZonesAtSurface
3024.83 3624.98 118.447 0 0 0 0 1.09771e+06 30.546 76936.9 5.95188 4.45068e+06 1.09771e+06 ZonesAtSurface
3074.84 3624.95 208.428 8 0 0 0 100000 5 10000 1.00934 2.33895e+06 100000 ZonesAtSurface
3124.86 3624.9 298.41 7 0 0 0 566260 41.076 134037 1.74951 7.57432e+06 566260 ZonesAtSurface
3174.87 3624.96 288.403 0 0 0 0 1.3417e+06 19.2658 144454 1.47801 7.29411e+06 1.3417e+06 ZonesAtSurface
3224.88 3624.96 328.396 0 0 0 0 1.39423e+06 19.6509 79583.7 1.99191 4.96733e+06 1.39423e+06 ZonesAtSurface
3274.88 3624.97 368.392 0 0 1 6 965151 41.4261 80548.5 4.84122 5.83657e+06 965151 ZonesAtSurface
3324.87 3624.98 408.377 6 0 1 6 743361 19.2692 100032 1.04407 3.03108e+06 743361 ZonesAtSurface
3374.87 3624.99 448.344 2 0 1 6 1.44254e+06 21.289 114011 1.30794 5.25012e+06 1.44254e+06 ZonesAtSurface
3424.89 3625.01 538.307 0 7 1 5 1.40245e+06 40.813 81390.1 1.75961 3.59209e+06 1.40245e+06 ZonesAtSurface
3474.92 3625.01 528.272 3 0 1 6 1.37883e+06 32.4322 57133.4 1.27669 4.96232e+06 1.37883e+06 ZonesAtSurface
3524.95 3625.01 568.24 0 3 1 6 1.38107e+06 39.0111 134539 1.20452 4.69617e+06 1.38107e+06 ZonesAtSurface
3574.98 3625 558.217 0 0 1 7 1.13588e+06 29.195 73803.2 1.22256 4.39207e+06 1.13588e+06 ZonesAtSurface
3625.01 3625 548.197 6 0 1 8 1.28808e+06 27.3977 130871 1.01764 5.36348e+06 1.28808e+06 ZonesAtSurface
3675.06 3624.99 638.164 2 0 2 7 539089 29.0345 107267 1.96691 1.41708e+06 539089 ZonesAtSurface
3725.1 3624.99 628.152 0 5 2 8 1.45833e+06 44.775 87585.3 1.47776 4.54195e+06 1.45833e+06 ZonesAtSurface
3775.19 3625 578.181 4 0 1 9 100000 5 10000 1.10736 741513 100000 ZonesAtSurface
3825.21 3624.99 738.026 0 3 2 5 1.02931e+06 27.8702 90752.4 1.21247 2.74258e+06 1.02931e+06 ZonesAtSurface
3875.28 3625 748.007 6 0 2 4 723070 15.9227 86378.1 1.22458 1.87843e+06 723070 ZonesAtSurface
3925.38 3625 658.103 9 0 1 5 719697 38.2733 119705 1.16519 4.13861e+06 719697 ZonesAtSurface
3975.4 3624.99 718.092 8 9 2 3 894644 33.9774 100578 2.0745 1.60614e+06 894644 ZonesAtSurface
4025.52 3625 528.253 7 0 1 6 808669 19.1935 88715.5 1.01983 3.86677e+06 808669 ZonesAtSurface
4075.57 3625 538.27 8 0 1 5 793237 39.7796 115414 1.05085 4.25999e+06 793237 ZonesAtSurface
4125.61 3625 498.315 1 0 1 5 573888 23.5727 68624.9 1.10454 3.42333e+06 573888 ZonesAtSurface
4175.64 3625 508.342 4 0 1 4 842101 27.0536 88785.5 1.2472 2.96583e+06 842101 ZonesAtSurface
4225.65 3625 568.35 0 8 2 2 1.24977e+06 41.4219 119174 2.58358 2.19646e+06 1.24977e+06 ZonesAtSurface
4275.71 3625 478.386 8 8 2 3 1.20655e+06 20.1535 134037 1.2071 2.89651e+06 1.20655e+06 ZonesAtSurface
4325.71 3625 338.471 2 0 1 5 549814 26.704 127261 1.03465 3.75632e+06 549814 ZonesAtSurface
4375.67 3625 248.519 4 0 1 6 581786 39.5501 136931 1.08718 7.4051e+06 581786 ZonesAtSurface
4425.66 3625 208.546 7 0 1 6 912853 36.673 86213.8 1.23956 6.48773e+06 912853 ZonesAtSurface
4475.64 3625.01 168.566 0 0 1 6 1.39005e+06 43.1925 80899.2 1.84821 7.08197e+06 1.39005e+06 ZonesAtSurface
4525.62 3625.01 128.586 2 0 1 6 714973 25.3571 67148.8 1.09118 4.62211e+06 714973 ZonesAtSurface
4575.52 3625 38.5927 2 0 1 7 1.26881e+06 25.6537 141628 1.06893 9.59979e+06 1.26881e+06 ZonesAtSurface
4625.45 3625 -1.40375 0 0 1 7 777814 30.5503 82093.4 1.60811 1.02367e+07 777814 ZonesAtSurface
4675.43 3625 8.62562 18 0 1 6 771571 27.8737 122258 1.05878 1.09842e+07 771571 ZonesAtSurface
4725.37 3625 18.6563 27 0 1 5 572967 42.9083 142163 1.29677 8.47587e+06 572967 ZonesAtSurface
4775.29 3625 28.692 56 0 1 4 1.11988e+06 18.6682 94796.3 1.13385 4.12636e+06 1.11988e+06 ZonesAtSurface
4825.22 3625.01 38.7063 51 0 1 3 1.35883e+06 40.3572 62264.8 1.46083 5.20756e+06 1.35883e+06 ZonesAtSurface
4875.15 3625.01 48.7193 69 0 1 2 1.18726e+06 20.5191 63771.1 1.28323 3.05039e+06 1.18726e+06 ZonesAtSurface
4925.05 3625.01 58.7288 79 0 1 1 675448 33.1944 122524 1.69445 3.96742e+06 675448 ZonesAtSurface
75.0182 3674.99 -12.6786 72 3 1 2 100000 5 10000 1.04172 347438 100000 ZonesAtSurface
124.827 3675 -37.6639 79 0 1 3 100000 5 10000 0.983211 343033 100000 ZonesAtSurface
174.728 3675.01 -12.6787 79 6 1 3 100000 5 10000 1.72704 181332 100000 ZonesAtSurface
224.636 3675.01 -37.7662 62 0 1 4 511955 16.2028 138061 1.51189 2.05021e+06 511955 ZonesAtSurface
274.575 3675.01 -12.7628 39 40 1 4 1.02713e+06 39.7176 102979 2.94535 2.17692e+06 1.02713e+06 ZonesAtSurface
324.543 3675.01 -37.7998 44 0 1 5 964296 37.1461 66664.6 1.19844 5.95124e+06 964296 ZonesAtSurface
374.494 3675.01 -12.7877 45 0 1 5 535969 33.6749 60553.9 1.65086 2.16201e+06 535969 ZonesAtSurface
424.445 3675 -37.8467 21 0 1 6 1.10127e+06 36.5767 137496 1.02597 9.51937e+06 1.10127e+06 ZonesAtSurface
474.381 3675 -12.8602 29 0 1 6 874086 33.4767 142187 1.02311 5.84817e+06 874086 ZonesAtSurface
524.38 3675 -37.91 4 0 1 7 1.33703e+06 26.7529 71512.6 1.23879 1.04807e+07 1.33703e+06 ZonesAtSurface
574.182 3674.99 87.0859 6 0 1 5 100000 5 10000 0.985251 330834 100000 ZonesAtSurface
624.122 3675 162.063 8 0 1 4 992749 24.6538 129061 1.07021 2.97374e+06 992749 ZonesAtSurface
674.088 3675 237.047 10 0 1 3 100000 5 10000 0.917543 344216 100000 ZonesAtSurface
724.072 3674.99 312.019 7 0 2 2 100000 5 10000 2.52827 95268.9 100000 ZonesAtSurface
774.091 3674.99 337.004 4 0 2 2 100000 5 10000 1.28919 234311 100000 ZonesAtSurface
824.131 3674.99 312.006 2 0 1 3 100000 5 10000 1.07543 541894 100000 ZonesAtSurface
874.144 3674.99 336.992 9 0 1 3 100000 5 10000 1.08175 522112 100000 ZonesAtSurface
924.171 3675 311.985 0 0 1 4 1.19973e+06 36.1656 148676 3.90472 2.60073e+06 1.19973e+06 ZonesAtSurface
974.185 3675 336.969 0 0 1 4 1.41228e+06 24.8123 97742.3 2.51259 2.74058e+06 1.41228e+06 ZonesAtSurface
1024.2 3675 361.951 0 0 1 4 521286 33.2307 95950.1 1.859 2.94316e+06 521286 ZonesAtSurface
1074.21 3674.98 436.91 8 0 1 3 100000 5 10000 1.02167 463317 100000 ZonesAtSurface
1124.25 3674.99 411.91 0 0 1 4 767693 35.3079 118673 1.17393 3.41882e+06 767693 ZonesAtSurface
1174.28 3674.99 436.894 0 2 1 4 1.38716e+06 37.7988 136135 1.55553 3.40407e+06 1.38716e+06 ZonesAtSurface
1224.31 3674.99 461.881 0 7 1 4 1.16871e+06 41.5081 148086 1.48963 3.13658e+06 1.16871e+06 ZonesAtSurface
1274.32 3674.99 386.886 0 0 1 6 512287 38.8141 65668.7 1.45946 3.77254e+06 512287 ZonesAtSurface
1324.34 3674.99 361.878 0 0 1 7 1.39759e+06 28.0602 113543 2.1563 3.76074e+06 1.39759e+06 ZonesAtSurface
1374.37 3674.99 386.871 0 0 1 7 1.00617e+06 17.1581 121546 1.16257 3.16528e+06 1.00617e+06 ZonesAtSurface
1424.4 3674.99 411.862 8 0 2 7 671940 18.3631 72023.6 1.03696 2.1112e+06 671940 ZonesAtSurface
1474.43 3674.99 436.854 0 5 1 7 1.47134e+06 25.7272 140176 1.41804 3.16092e+06 1.47134e+06 ZonesAtSurface
1524.46 3674.99 411.834 1 0 1 8 1.49616e+06 16.1222 92275.3 1.2426 3.40777e+06 1.49616e+06 ZonesAtSurface
1574.51 3674.99 486.827 4 8 2 7 1.06775e+06 24.9475 149639 3.09752 1.06365e+06 1.06775e+06 ZonesAtSurface
1624.54 3675 461.805 7 0 2 8 873826 16.0318 143648 1.24593 2.36896e+06 873826 ZonesAtSurface
1674.58 3675 436.792 10 0 1 9 1.364e+06 33.7337 122713 1.07158 6.6645e+06 1.364e+06 ZonesAtSurface
1724.64 3675 411.789 2 0 1 10 1.1274e+06 43.5926 86440.2 1.08983 8.61477e+06 1.1274e+06 ZonesAtSurface
1774.68 3675 486.761 3 0 1 9 1.29331e+06 22.2884 70974 1.0109 4.11084e+06 1.29331e+06 ZonesAtSurface
1824.73 3675 511.755 8 5 1 9 1.39877e+06 41.5867 97081.2 1.10627 5.33497e+06 1.39877e+06 ZonesAtSurface
1874.79 3675 536.766 5 0 2 9 917734 15.4151 53008.3 1.00723 2.3649e+06 917734 ZonesAtSurface
1924.85 3674.99 561.782 0 4 2 9 1.29847e+06 41.4823 111138 1.10245 4.86228e+06 1.29847e+06 ZonesAtSurface
1974.91 3675 536.808 7 0 1 10 986858 40.8717 118331 1.02509 4.96481e+06 986858 ZonesAtSurface
2024.96 3675 499.333 4 0 1 10 100000 5 10000 1.06031 950832 100000 ZonesAtSurface
2075.01 3675 499.363 9 0 1 8 100000 5 10000 1.13255 344507 100000 ZonesAtSurface
2125.04 3675 449.407 6 0 2 7 1.36591e+06 35.9423 65227.3 1.27522 4.74767e+06 1.36591e+06 ZonesAtSurface
2175.07 3674.99 349.429 0 0 1 7 655002 29.4323 119928 3.79896 2.99428e+06 655002 ZonesAtSurface
2225.07 3674.97 299.443 0 0 0 0 858667 28.3679 142116 2.53877 5.7859e+06 858667 ZonesAtSurface
2275.11 3674.99 149.454 0 0 0 0 757503 25.3398 112872 7.36572 2.48814e+06 757503 ZonesAtSurface
2325.11 3674.96 99.4557 8 0 0 0 1.34001e+06 23.3349 105112 1.25488 1.09438e+07 1.34001e+06 ZonesAtSurface
2375.13 3674.95 -0.534024 0 0 0 0 1.11218e+06 29.9384 70580.6 2.76633 9.01662e+06 1.11218e+06 ZonesAtSurface
2425.13 3675 -200.509 0 0 0 0 1.1224e+06 19.512 100264 4.65398 4.3034e+06 1.1224e+06 ZonesAtSurface
2475.11 3674.98 -200.502 0 0 0 0 1.13112e+06 41.52 119396 7.1055 7.4798e+06 1.13112e+06 ZonesAtSurface
2525.06 3674.98 -230.498 0 0 0 0 1.28485e+06 20.2997 50463.7 1.94167 9.08315e+06 1.28485e+06 ZonesAtSurface
2575.01 3674.95 -190.495 6 0 0 0 1.08175e+06 30.0508 50854.5 3.27649 5.90837e+06 1.08175e+06 ZonesAtSurface
2624.97 3674.94 -150.488 10 0 0 0 1.17955e+06 20.5078 125209 2.53082 6.49129e+06 1.17955e+06 ZonesAtSurface
2674.93 3674.94 -110.482 0 0 0 0 1.45284e+06 42.4174 138865 7.02661 8.49031e+06 1.45284e+06 ZonesAtSurface
2724.89 3674.95 -70.4868 0 0 0 0 1.34655e+06 38.8418 64936.6 4.95169 9.08457e+06 1.34655e+06 ZonesAtSurface
2774.87 3674.95 -30.4981 0 0 0 0 685668 26.3781 50005.5 1.99307 9.43269e+06 685668 ZonesAtSurface
2824.86 3674.98 -40.5106 0 0 0 0 917642 25.4374 112632 5.01489 4.35019e+06 917642 ZonesAtSurface
2874.85 3674.89 99.4761 9 0 0 0 1.03143e+06 35.1072 134846 2.05483 6.83981e+06 1.03143e+06 ZonesAtSurface
2924.84 3674.89 139.459 9 0 0 0 1.01328e+06 34.4787 140404 1.82825 9.0115e+06 1.01328e+06 ZonesAtSurface
2974.84 3674.94 129.441 4 0 0 0 100000 5 10000 1.04737 2.44183e+06 100000 ZonesAtSurface
3024.85 3674.93 169.426 0 0 0 0 1.23661e+06 35.2226 89172.4 2.39147 1.09004e+07 1.23661e+06 ZonesAtSurface
3074.85 3674.93 209.416 0 0 0 0 1.22304e+06 34.0659 117148 2.24886 1.04533e+07 1.22304e+06 ZonesAtSurface
3124.86 3674.94 249.408 0 0 0 0 970193 32.263 120708 2.30799 8.80066e+06 970193 ZonesAtSurface
3174.87 3674.95 289.401 0 0 0 0 596631 25.4136 126908 1.8761 6.73076e+06 596631 ZonesAtSurface
3224.88 3674.96 329.394 0 0 0 0 1.47104e+06 42.8858 59042 5.78525 5.59335e+06 1.47104e+06 ZonesAtSurface
3274.88 3674.98 369.389 0 0 1 6 666911 33.3774 53168 3.3255 4.63624e+06 666911 ZonesAtSurface
3324.87 3675 409.373 9 0 1 6 915852 18.4741 101203 1.27173 4.45378e+06 915852 ZonesAtSurface
3374.88 3675 449.343 1 0 1 6 508188 37.0735 122333 1.77075 4.74442e+06 508188 ZonesAtSurface
3424.91 3675.01 539.316 7 0 2 5 729087 42.2498 108447 1.61135 3.49225e+06 729087 ZonesAtSurface
3474.92 3675.01 529.279 9 0 1 6 581566 36.0188 78060.9 1.01873 3.86704e+06 581566 ZonesAtSurface
3524.96 3675.01 569.245 10 0 1 6 908889 23.0916 147584 1.02685 2.87427e+06 908889 ZonesAtSurface
3575 3675 609.223 4 10 2 6 1.28049e+06 36.187 115156 1.77081 2.6988e+06 1.28049e+06 ZonesAtSurface
3625.03 3675 599.198 2 7 1 7 1.37977e+06 42.9795 145528 1.41419 4.16237e+06 1.37977e+06 ZonesAtSurface
3675.06 3675 639.17 0 0 2 7 522488 33.634 97852.2 1.13746 1.96419e+06 522488 ZonesAtSurface
3725.11 3675 579.17 3 0 1 9 861677 21.5372 131073 1.03374 4.47243e+06 861677 ZonesAtSurface
3775.18 3674.99 579.172 3 0 1 9 677226 29.8643 79968.9 1.05584 3.62126e+06 677226 ZonesAtSurface
3825.21 3675 689.083 1 1 1 6 1.00799e+06 43.5246 149075 1.05181 4.12436e+06 1.00799e+06 ZonesAtSurface
3875.25 3675 798.981 0 6 2 3 759052 17.4008 133543 1.44122 1.39263e+06 759052 ZonesAtSurface
3925.35 3675 709.052 3 0 2 4 520702 36.5125 127280 1.06665 2.84991e+06 520702 ZonesAtSurface
3975.43 3674.99 669.11 7 0 2 4 968723 24.4773 52798.7 1.07071 2.95004e+06 968723 ZonesAtSurface
4025.51 3674.99 629.178 6 0 1 4 100000 5 10000 1.18121 513445 100000 ZonesAtSurface
4075.58 3675 539.268 6 0 1 5 1.16427e+06 18.4181 123555 1.02357 3.59771e+06 1.16427e+06 ZonesAtSurface
4125.6 3675 549.309 6 4 1 4 1.23809e+06 40.0465 144008 1.66208 3.74107e+06 1.23809e+06 ZonesAtSurface
4175.64 3675 509.349 8 8 1 4 1.18784e+06 17.5753 108280 1.34983 2.45848e+06 1.18784e+06 ZonesAtSurface
4225.67 3675 469.378 1 0 2 4 859225 39.6522 111817 1.08191 3.75327e+06 859225 ZonesAtSurface
4275.7 3675 479.391 6 3 2 3 865890 30.4921 118529 1.14007 2.52788e+06 865890 ZonesAtSurface
4325.73 3674.99 389.44 0 0 1 4 1.08498e+06 39.8733 102022 1.18025 4.5643e+06 1.08498e+06 ZonesAtSurface
4375.68 3675 249.517 8 0 1 6 995541 20.0856 71692.7 1.02811 5.27634e+06 995541 ZonesAtSurface
4425.63 3675 159.543 0 0 1 7 1.16021e+06 25.6809 94072.7 1.36779 7.15803e+06 1.16021e+06 ZonesAtSurface
4475.64 3675.01 169.572 0 0 1 6 1.01357e+06 38.1568 54772.6 1.25115 7.30552e+06 1.01357e+06 ZonesAtSurface
4525.66 3675.02 229.598 8 10 2 4 1.34954e+06 23.2192 95070.7 0 1.24719e+06 1.34954e+06 ZonesAtSurface
4575.64 3675.02 139.6 1 0 2 5 1.45721e+06 42.4919 78771 1.90539 5.14272e+06 1.45721e+06 ZonesAtSurface
4625.6 3675.02 99.6226 5 0 2 5 1.38199e+06 24.6688 133883 1.08874 5.44436e+06 1.38199e+06 ZonesAtSurface
4675.42 3675.01 9.63125 10 0 1 6 529739 26.0821 59295.6 1.0727 7.87436e+06 529739 ZonesAtSurface
4725.38 3675.01 19.6561 36 0 1 5 1.21351e+06 31.8259 84133.5 1.20192 7.55006e+06 1.21351e+06 ZonesAtSurface
4775.29 3675.01 29.6982 38 0 1 4 695211 33.2265 89458.3 1.07189 4.98766e+06 695211 ZonesAtSurface
4825.23 3675.01 39.7048 61 0 1 3 1.17447e+06 25.0428 94658.8 2.17731 3.04277e+06 1.17447e+06 ZonesAtSurface
4875.15 3675.01 49.7173 73 0 1 2 548226 33.4976 67863.1 1.3349 2.36755e+06 548226 ZonesAtSurface
4925.05 3675.01 59.7365 76 0 1 1 816692 28.342 107384 1.39166 3.0799e+06 816692 ZonesAtSurface
74.9968 3724.99 -11.7245 84 33 1 2 1.23005e+06 21.1658 69054.8 1.29316 3.10331e+06 1.23005e+06 ZonesAtSurface
124.869 3724.98 -36.6782 77 0 1 3 100000 5 10000 1.36444 382421 100000 ZonesAtSurface
174.772 3724.98 -11.6649 79 2 1 3 100000 5 10000 3.97821 69349.8 100000 ZonesAtSurface
224.65 3725.01 -36.7623 68 22 1 4 1.20659e+06 27.7188 135521 1.28091 3.51145e+06 1.20659e+06 ZonesAtSurface
274.583 3725.01 -11.7592 51 46 1 4 1.36691e+06 20.6627 59612.9 2.8569 1.64465e+06 1.36691e+06 ZonesAtSurface
324.544 3725.01 -36.8036 40 0 1 5 1.34263e+06 39.7684 54874.5 1.26179 7.16725e+06 1.34263e+06 ZonesAtSurface
374.49 3725.01 -11.7948 44 2 1 5 815649 37.6695 83024.2 1.55575 2.67472e+06 815649 ZonesAtSurface
424.443 3725 -36.8577 28 0 1 6 1.00982e+06 25.5678 57080 1.00865 7.48474e+06 1.00982e+06 ZonesAtSurface
474.377 3725 -11.8734 17 0 1 6 1.25572e+06 24.3147 113585 1.02135 6.52677e+06 1.25572e+06 ZonesAtSurface
524.383 3725 -36.9179 3 0 1 7 742584 21.101 133820 1.03102 8.9522e+06 742584 ZonesAtSurface
574.129 3725 138.072 5 5 1 4 721057 22.078 91795.7 1.27352 1.70009e+06 721057 ZonesAtSurface
624.133 3725 163.062 5 0 1 4 1.21601e+06 16.758 58074.2 1.14613 3.06385e+06 1.21601e+06 ZonesAtSurface
674.06 3724.99 288.031 1 5 2 2 920518 38.7209 126251 1.50483 2.36484e+06 920518 ZonesAtSurface
724.076 3724.99 313.014 0 9 2 2 1.19183e+06 17.1481 53843.4 1.37656 2.32702e+06 1.19183e+06 ZonesAtSurface
774.093 3724.99 337.998 0 9 2 2 1.38177e+06 15.7988 50454.1 1.68639 2.1532e+06 1.38177e+06 ZonesAtSurface
824.108 3724.99 362.981 6 1 2 2 696780 32.8609 125497 1.36858 1.83527e+06 696780 ZonesAtSurface
874.121 3724.99 387.963 0 3 2 2 1.43104e+06 19.0571 97610 2.19376 1.82172e+06 1.43104e+06 ZonesAtSurface
924.132 3724.99 412.942 0 5 2 2 1.28599e+06 44.8466 110104 2.98445 1.93512e+06 1.28599e+06 ZonesAtSurface
974.144 3724.99 437.918 9 7 2 2 974940 26.9989 124581 1.33067 2.27261e+06 974940 ZonesAtSurface
1024.16 3724.99 462.89 0 6 2 2 1.0495e+06 31.2839 78923.1 1.34421 2.74845e+06 1.0495e+06 ZonesAtSurface
1074.18 3724.99 487.862 8 2 2 2 534535 17.896 108481 1.12865 1.2532e+06 534535 ZonesAtSurface
1124.22 3724.99 462.865 2 0 2 3 100000 5 10000 1.11673 543525 100000 ZonesAtSurface
1174.27 3725 437.879 3 0 1 4 522202 42.4734 149758 1.39563 3.98676e+06 522202 ZonesAtSurface
1224.3 3724.99 412.881 5 0 1 5 573821 29.4228 141171 1.00922 3.35459e+06 573821 ZonesAtSurface
1274.34 3724.99 437.875 0 10 1 5 1.44176e+06 34.5674 59128.6 1.27969 4.29241e+06 1.44176e+06 ZonesAtSurface
1324.36 3725 412.875 4 4 1 6 1.20878e+06 29.4244 131601 1.53144 2.64539e+06 1.20878e+06 ZonesAtSurface
1374.38 3725 387.865 0 0 2 7 547809 39.6474 130082 1.7581 3.23445e+06 547809 ZonesAtSurface
1424.41 3725 412.856 2 2 2 7 799023 43.1514 66157.8 1.29805 2.79455e+06 799023 ZonesAtSurface
1474.44 3725 437.85 2 10 2 7 1.30434e+06 26.3426 146691 1.72839 2.30662e+06 1.30434e+06 ZonesAtSurface
1524.47 3725 412.834 0 0 2 8 1.03547e+06 43.6474 103517 1.8218 3.66225e+06 1.03547e+06 ZonesAtSurface
1574.5 3725 437.823 2 0 2 8 1.28569e+06 22.5708 117988 1.44063 3.38492e+06 1.28569e+06 ZonesAtSurface
1624.55 3725 462.811 4 3 2 8 1.465e+06 19.5334 138894 1.38119 2.9734e+06 1.465e+06 ZonesAtSurface
1674.6 3725 487.797 9 7 2 8 895464 22.8933 128806 3.037 906762 895464 ZonesAtSurface
1724.64 3725 462.784 1 0 2 9 1.13021e+06 25.7771 58863.3 1.02117 3.54809e+06 1.13021e+06 ZonesAtSurface
1774.7 3725 437.779 2 0 1 10 1.12509e+06 16.8629 85839.4 1.00287 5.25518e+06 1.12509e+06 ZonesAtSurface
1824.75 3725 512.764 8 0 1 9 794735 42.1757 93346.7 1.01933 3.56947e+06 794735 ZonesAtSurface
1874.81 3725 487.783 0 0 2 10 1.08502e+06 38.7976 65457.5 1.0029 5.54196e+06 1.08502e+06 ZonesAtSurface
1924.86 3724.99 562.786 5 2 2 9 836500 40.9702 120910 1.05065 3.09283e+06 836500 ZonesAtSurface
1974.91 3725 537.801 0 0 2 10 772726 17.8178 146021 0.994168 3.04384e+06 772726 ZonesAtSurface
2024.96 3725 550.32 5 0 2 9 869684 30.7241 75827.9 1.01702 3.36267e+06 869684 ZonesAtSurface
2075.02 3725 400.37 0 0 1 10 555346 36.3402 65986.3 2.35868 5.77353e+06 555346 ZonesAtSurface
2125.05 3725 400.405 4 0 1 8 1.04346e+06 19.4454 125880 1.20926 4.58905e+06 1.04346e+06 ZonesAtSurface
2175.07 3725 350.432 0 0 1 7 703608 29.2554 89686.7 3.28486 3.22299e+06 703608 ZonesAtSurface
2225.08 3724.98 300.445 0 0 0 0 1.39587e+06 25.6206 61951.7 3.15339 4.58128e+06 1.39587e+06 ZonesAtSurface
2275.11 3724.98 200.458 0 0 0 0 1.15985e+06 22.6581 103068 2.22247 5.09035e+06 1.15985e+06 ZonesAtSurface
2325.12 3724.96 100.466 3 0 0 0 630223 28.5778 89054.3 1.33073 9.0355e+06 630223 ZonesAtSurface
2375.14 3724.97 -49.5229 0 0 0 0 1.12114e+06 35.3703 111435 5.04184 6.85504e+06 1.12114e+06 ZonesAtSurface
2425.13 3724.97 -149.514 0 0 0 0 1.0335e+06 32.3267 116116 4.85588 6.82928e+06 1.0335e+06 ZonesAtSurface
2475.1 3724.99 -249.512 0 0 0 0 1.3836e+06 44.8555 128989 10 6.49284e+06 1.3836e+06 ZonesAtSurface
2525.06 3724.97 -229.51 0 0 0 0 1.39569e+06 17.0392 55134.5 1.75054 9.32393e+06 1.39569e+06 ZonesAtSurface
2575.01 3724.94 -189.507 0 0 0 0 750608 33.7403 131538 3.62086 9.39486e+06 750608 ZonesAtSurface
2624.98 3724.92 -149.502 0 0 0 0 1.00048e+06 36.5138 110514 2.96487 1.38732e+07 1.00048e+06 ZonesAtSurface
2674.94 3724.92 -109.501 0 0 0 0 1.25235e+06 39.0163 108309 2.7265 1.52369e+07 1.25235e+06 ZonesAtSurface
2724.92 3724.97 -119.504 0 0 0 0 1.37152e+06 38.9522 58242.7 7.02219 7.78883e+06 1.37152e+06 ZonesAtSurface
2774.89 3724.97 -79.5131 0 0 0 0 595085 43.5423 140942 8.54655 7.41e+06 595085 ZonesAtSurface
2824.87 3724.97 -39.5247 0 0 0 0 893709 33.648 68748.5 5.29658 6.75668e+06 893709 ZonesAtSurface
2874.86 3724.92 50.4624 0 0 0 0 1.03414e+06 41.5633 99277.4 2.38119 1.27632e+07 1.03414e+06 ZonesAtSurface
2924.85 3724.93 90.4501 0 0 0 0 1.3378e+06 25.5702 132171 1.47168 9.48197e+06 1.3378e+06 ZonesAtSurface
2974.85 3724.93 130.425 0 0 0 0 1.25341e+06 42.2819 77988.6 4.32516 8.42735e+06 1.25341e+06 ZonesAtSurface
3024.86 3724.92 170.407 6 0 0 0 1.48295e+06 19.3985 136987 1.3584 8.98416e+06 1.48295e+06 ZonesAtSurface
3074.87 3724.92 210.404 0 0 0 0 1.00685e+06 39.559 95949.4 3.35679 9.00833e+06 1.00685e+06 ZonesAtSurface
3124.87 3724.93 250.404 0 0 0 0 828347 32.0508 62968.9 2.3907 7.49508e+06 828347 ZonesAtSurface
3174.89 3724.91 340.395 7 0 0 0 1.42334e+06 41.2071 108748 1.07631 8.19423e+06 1.42334e+06 ZonesAtSurface
3224.88 3724.96 330.39 0 0 0 0 716143 20.8219 107628 2.30285 4.33122e+06 716143 ZonesAtSurface
3274.87 3724.98 320.381 0 0 1 7 977843 36.133 115921 8.69589 2.91852e+06 977843 ZonesAtSurface
3324.88 3725 360.368 0 0 1 7 1.11801e+06 26.8398 56889 3.58338 3.84528e+06 1.11801e+06 ZonesAtSurface
3374.88 3725 500.337 0 0 2 5 816648 42.4413 145946 2.08922 2.76957e+06 816648 ZonesAtSurface
3424.9 3725 490.312 3 0 1 6 1.43613e+06 29.5848 130992 1.43117 4.04397e+06 1.43613e+06 ZonesAtSurface
3474.93 3725 480.278 0 0 1 7 1.44622e+06 44.3564 142396 2.41238 5.79472e+06 1.44622e+06 ZonesAtSurface
3524.97 3725 570.244 10 3 1 6 1.38673e+06 34.2442 71629.2 1.0943 4.83655e+06 1.38673e+06 ZonesAtSurface
3575 3725 560.219 0 0 1 7 1.31333e+06 40.9527 105997 1.52393 4.95215e+06 1.31333e+06 ZonesAtSurface
3625.03 3725 550.203 0 0 1 8 1.31504e+06 39.0625 76026.3 1.15619 7.01902e+06 1.31504e+06 ZonesAtSurface
3675.07 3725 590.183 2 0 2 8 1.03869e+06 19.5987 106873 1.01585 3.59074e+06 1.03869e+06 ZonesAtSurface
3725.12 3724.99 580.174 4 0 1 9 1.40594e+06 34.9093 68486.1 1.00898 7.12954e+06 1.40594e+06 ZonesAtSurface
3775.17 3724.99 630.146 8 1 2 8 612794 43.5823 120799 1.33445 2.1739e+06 612794 ZonesAtSurface
3825.22 3725 640.132 7 0 1 7 1.12098e+06 18.6545 110159 1.13033 3.36668e+06 1.12098e+06 ZonesAtSurface
3875.3 3725 700.044 10 1 1 5 1.19276e+06 29.4779 134333 1.05817 3.71775e+06 1.19276e+06 ZonesAtSurface
3925.32 3725 760.03 2 5 2 3 838467 34.5993 132401 1.25721 2.40876e+06 838467 ZonesAtSurface
3975.34 3724.99 770.076 0 5 2 2 1.33471e+06 33.859 66401.9 2.98674 1.62542e+06 1.33471e+06 ZonesAtSurface
4025.42 3724.99 730.124 0 4 2 2 1.29799e+06 31.1274 106217 1.94252 2.27913e+06 1.29799e+06 ZonesAtSurface
4075.57 3725 590.241 10 0 1 4 1.40628e+06 24.7944 120540 1.23509 4.67664e+06 1.40628e+06 ZonesAtSurface
4125.61 3725 450.335 5 0 1 6 1.34755e+06 24.653 95827.1 1.01131 6.37164e+06 1.34755e+06 ZonesAtSurface
4175.64 3725 460.361 1 0 1 5 1.40607e+06 36.2236 50341.2 1.2115 5.27052e+06 1.40607e+06 ZonesAtSurface
4225.67 3725 470.387 7 3 2 4 1.39871e+06 24.1144 135372 1.282 3.49086e+06 1.39871e+06 ZonesAtSurface
4275.7 3725 480.396 9 3 2 3 837536 28.8608 117731 1.08075 2.5532e+06 837536 ZonesAtSurface
4325.73 3725 440.418 0 0 2 3 1.02332e+06 44.5568 74441.9 1.49677 3.30912e+06 1.02332e+06 ZonesAtSurface
4375.75 3724.99 350.47 6 0 1 4 100000 5 10000 0.965936 258203 100000 ZonesAtSurface
4425.67 3725 210.544 10 0 1 6 574838 42.0119 123508 1.07931 7.97918e+06 574838 ZonesAtSurface
4475.61 3725.01 120.565 0 0 1 7 1.02472e+06 43.6528 149835 2.36841 7.77352e+06 1.02472e+06 ZonesAtSurface
4525.58 3725.01 80.5807 3 0 1 7 825192 33.1115 148945 1.19892 8.12977e+06 825192 ZonesAtSurface
4575.54 3725.01 40.5878 1 0 1 7 660624 22.735 146934 1.04745 5.51764e+06 660624 ZonesAtSurface
4625.46 3725.01 0.59606 15 0 1 7 100000 5 10000 1.11235 2.06961e+06 100000 ZonesAtSurface
4675.42 3725.01 10.6407 19 0 1 6 526549 31.9583 57879.4 1.04223 8.37745e+06 526549 ZonesAtSurface
4725.38 3725.01 20.6713 37 0 1 5 1.48708e+06 32.0959 63060.5 1.15761 6.19451e+06 1.48708e+06 ZonesAtSurface
4775.29 3725.01 30.7045 48 9 1 4 1.35396e+06 42.9551 105798 1.06711 7.09933e+06 1.35396e+06 ZonesAtSurface
4825.23 3725.01 40.7122 64 0 1 3 1.02402e+06 40.8088 109776 1.58468 5.00336e+06 1.02402e+06 ZonesAtSurface
4875.15 3725.01 50.7141 81 0 1 2 612494 44.2157 102788 1.81568 3.54697e+06 612494 ZonesAtSurface
4925.05 3725.01 60.7389 96 1 1 1 1.38644e+06 39.0091 51852.5 1.52925 4.73271e+06 1.38644e+06 ZonesAtSurface
74.9696 3774.99 -10.7639 87 2 1 2 1.45693e+06 19.2567 108315 1.14207 4.12137e+06 1.45693e+06 ZonesAtSurface
124.879 3774.99 -35.7232 71 0 1 3 1.26375e+06 25.579 119967 1.40902 5.08379e+06 1.26375e+06 ZonesAtSurface
174.796 3774.98 -10.6705 79 45 1 3 964902 43.7135 69302.3 2.75396 2.62745e+06 964902 ZonesAtSurface
224.68 3775 -35.7436 68 0 1 4 100000 5 10000 1.06467 651582 100000 ZonesAtSurface
274.607 3775 -10.7338 68 0 1 4 100000 5 10000 1.07503 299371 100000 ZonesAtSurface
324.543 3775.01 -35.7972 54 0 1 5 1.28777e+06 22.2504 104934 1.17149 3.83288e+06 1.28777e+06 ZonesAtSurface
374.475 3775.01 -10.7979 45 9 1 5 894572 21.8931 104564 1.58459 1.86387e+06 894572 ZonesAtSurface
424.437 3775.01 -35.8629 28 0 1 6 1.20133e+06 29.0088 80815.9 1.02632 6.97591e+06 1.20133e+06 ZonesAtSurface
474.366 3775 -10.8797 21 0 1 6 634307 25.041 130166 1.04732 4.55495e+06 634307 ZonesAtSurface
524.308 3775 14.0907 6 0 1 6 100000 5 10000 1.12724 1.01923e+06 100000 ZonesAtSurface
574.136 3774.99 139.07 9 0 1 4 100000 5 10000 0.940149 371097 100000 ZonesAtSurface
624.069 3774.99 264.046 2 9 2 2 1.25496e+06 22.6003 148192 1.69834 2.15151e+06 1.25496e+06 ZonesAtSurface
674.081 3774.99 289.033 3 4 2 2 656281 41.3917 69871 1.39049 2.08338e+06 656281 ZonesAtSurface
724.095 3774.99 314.017 0 5 2 2 1.19903e+06 15.8092 111162 1.44273 2.20245e+06 1.19903e+06 ZonesAtSurface
774.109 3774.99 339 0 1 2 2 1.06053e+06 37.5925 86269.3 2.37215 2.07025e+06 1.06053e+06 ZonesAtSurface
824.122 3774.99 363.983 6 0 2 2 766034 20.8761 54820 1.2181 2.06518e+06 766034 ZonesAtSurface
874.134 3775 388.964 0 0 2 2 1.30439e+06 21.4636 147243 1.8141 2.19732e+06 1.30439e+06 ZonesAtSurface
924.146 3775 413.943 0 2 2 2 1.35447e+06 41.7549 136003 2.5226 2.37359e+06 1.35447e+06 ZonesAtSurface
974.159 3775 438.92 0 4 1 2 1.48704e+06 34.7009 134295 1.89184 2.88128e+06 1.48704e+06 ZonesAtSurface
1024.17 3775 463.895 0 5 2 2 978501 37.4044 66134.9 1.24974 3.1559e+06 978501 ZonesAtSurface
1074.21 3775 538.861 0 2 2 1 1.28541e+06 16.0897 55179 1.61793 2.11443e+06 1.28541e+06 ZonesAtSurface
1124.22 3775 463.862 1 0 2 3 930685 38.8861 107839 1.18852 4.10986e+06 930685 ZonesAtSurface
1174.24 3775 488.843 1 5 2 3 1.1773e+06 42.0007 100059 1.59937 3.58566e+06 1.1773e+06 ZonesAtSurface
1224.28 3775 463.845 6 0 2 4 100000 5 10000 1.27735 467255 100000 ZonesAtSurface
1274.34 3775 438.864 3 0 1 5 570128 22.6825 101625 1.08108 2.69623e+06 570128 ZonesAtSurface
1324.36 3775 413.874 0 5 1 6 1.32915e+06 32.26 71485.2 2.0901 2.48893e+06 1.32915e+06 ZonesAtSurface
1374.38 3775 388.865 0 0 2 7 1.1266e+06 27.4258 95046 1.64046 3.15022e+06 1.1266e+06 ZonesAtSurface
1424.42 3775 413.858 0 0 2 7 1.09667e+06 16.1785 120991 1.41232 2.24666e+06 1.09667e+06 ZonesAtSurface
1474.45 3775 438.852 10 2 2 7 669674 39.3626 145544 1.13402 2.06626e+06 669674 ZonesAtSurface
1524.48 3775 363.835 0 0 1 9 1.05836e+06 24.5499 96810.5 1.19108 5.43606e+06 1.05836e+06 ZonesAtSurface
1574.51 3775.01 438.827 2 1 2 8 1.20759e+06 22.4553 91412.3 1.19106 3.01131e+06 1.20759e+06 ZonesAtSurface
1624.56 3775.01 463.818 8 7 1 8 1.42908e+06 19.5696 124048 1.66005 2.5043e+06 1.42908e+06 ZonesAtSurface
1674.6 3775 438.805 13 0 1 9 685619 21.7856 56501.2 1.02336 2.84326e+06 685619 ZonesAtSurface
1724.66 3775 463.788 4 0 1 9 1.42607e+06 33.5048 101182 1.03329 5.13296e+06 1.42607e+06 ZonesAtSurface
1774.71 3775 488.774 0 0 2 9 1.31312e+06 33.6565 61859.4 1.16091 4.11236e+06 1.31312e+06 ZonesAtSurface
1824.76 3775 563.767 0 8 2 8 1.44953e+06 37.0333 137081 2.07609 2.74211e+06 1.44953e+06 ZonesAtSurface
1874.81 3774.99 588.766 7 9 2 8 631781 23.3799 122601 2.01046 977122 631781 ZonesAtSurface
1924.86 3775 563.788 0 4 1 9 1.4276e+06 39.8705 56664.3 1.23926 4.79417e+06 1.4276e+06 ZonesAtSurface
1974.91 3775 588.795 0 9 2 9 1.25462e+06 39.5025 83147.7 1.15265 4.39925e+06 1.25462e+06 ZonesAtSurface
2024.96 3775 551.318 2 0 2 9 865854 28.1237 88259.4 0.990991 2.76455e+06 865854 ZonesAtSurface
2075.02 3775 401.368 0 0 1 10 621345 38.8758 84114.8 2.21535 6.28777e+06 621345 ZonesAtSurface
2125.05 3775 401.405 0 0 1 8 980184 32.6238 120732 2.19166 5.0512e+06 980184 ZonesAtSurface
2175.07 3775 351.437 1 0 1 7 1.11007e+06 28.7656 88573.1 2.92272 3.48165e+06 1.11007e+06 ZonesAtSurface
2225.08 3774.98 301.447 0 0 0 0 570633 34.1748 62226 6.27278 3.15374e+06 570633 ZonesAtSurface
2275.11 3774.98 201.46 0 0 0 0 1.10754e+06 42.7908 118988 8.75997 3.87796e+06 1.10754e+06 ZonesAtSurface
2325.12 3774.97 101.469 0 0 0 0 1.1401e+06 39.1744 87402.4 3.29185 8.20458e+06 1.1401e+06 ZonesAtSurface
2375.13 3774.94 1.47413 8 0 0 0 1.26792e+06 23.2029 115749 1.48176 9.14482e+06 1.26792e+06 ZonesAtSurface
2425.12 3774.94 -98.5228 5 0 0 0 532764 37.125 107649 3.2662 1.00555e+07 532764 ZonesAtSurface
2475.11 3775 -298.514 0 0 0 0 923219 23.4717 145817 4.58128 5.77968e+06 923219 ZonesAtSurface
2525.06 3774.97 -228.528 0 0 0 0 875824 29.0736 137476 3.08972 9.08855e+06 875824 ZonesAtSurface
2575.03 3774.98 -238.523 0 0 0 0 555247 32.6012 62199.5 4.92782 7.46619e+06 555247 ZonesAtSurface
2624.99 3774.8 -98.5166 6 0 0 0 751579 40.2596 78656.9 1.89055 1.87666e+07 751579 ZonesAtSurface
2674.94 3774.8 -58.5165 0 0 0 0 1.27721e+06 44.1725 82222.7 2.07559 1.9783e+07 1.27721e+06 ZonesAtSurface
2724.93 3774.96 -118.523 3 0 0 0 100000 5 10000 1.00857 3.40893e+06 100000 ZonesAtSurface
2774.91 3774.9 -28.5418 0 0 0 0 1.14584e+06 36.1816 112810 2.35511 1.4683e+07 1.14584e+06 ZonesAtSurface
2824.89 3774.91 11.4506 0 0 0 0 528307 31.1532 148279 1.68652 1.33472e+07 528307 ZonesAtSurface
2874.87 3774.91 51.4524 4 0 0 0 1.12209e+06 26.5547 101172 1.41841 1.17689e+07 1.12209e+06 ZonesAtSurface
2924.86 3774.93 91.4456 0 0 0 0 1.32072e+06 42.5514 94115.3 3.92525 9.27557e+06 1.32072e+06 ZonesAtSurface
2974.85 3774.93 131.421 0 0 0 0 644814 36.4635 89924.6 3.51751 7.36037e+06 644814 ZonesAtSurface
3024.86 3774.92 171.4 0 0 0 0 1.21403e+06 41.3779 70669.5 4.08353 9.27003e+06 1.21403e+06 ZonesAtSurface
3074.87 3774.92 211.397 0 0 0 0 690045 39.8526 62340.8 3.98968 8.62102e+06 690045 ZonesAtSurface
3124.87 3774.93 251.399 8 0 0 0 1.11986e+06 17.148 128604 1.56259 6.18362e+06 1.11986e+06 ZonesAtSurface
3174.87 3774.94 291.393 0 0 0 0 879067 27.1767 146977 3.25584 4.80528e+06 879067 ZonesAtSurface
3224.88 3774.96 331.388 0 0 0 0 1.23211e+06 29.3701 83545.9 3.49771 4.63647e+06 1.23211e+06 ZonesAtSurface
3274.88 3774.99 371.394 10 0 1 6 1.24038e+06 36.5902 54499.3 3.68123 6.43015e+06 1.24038e+06 ZonesAtSurface
3324.86 3775.01 411.375 9 0 1 6 605035 20.9362 58673.5 1.15342 2.96503e+06 605035 ZonesAtSurface
3374.88 3775.01 501.333 8 6 2 5 1.48208e+06 15.1028 65614 1.76606 2.29011e+06 1.48208e+06 ZonesAtSurface
3424.91 3775 541.31 2 10 1 5 1.24464e+06 41.6462 55608.2 1.97533 3.51658e+06 1.24464e+06 ZonesAtSurface
3474.93 3775 481.278 0 0 1 7 581512 41.8393 121283 1.25897 5.95789e+06 581512 ZonesAtSurface
3524.97 3775 571.238 9 0 1 6 1.24486e+06 26.1832 79579.5 1.02164 4.28047e+06 1.24486e+06 ZonesAtSurface
3575.01 3775 611.21 1 0 2 6 581702 19.4999 62361.4 1.11588 2.36396e+06 581702 ZonesAtSurface
3625.04 3775 551.204 4 0 1 8 1.15906e+06 24.9495 81379.2 1.00311 5.82555e+06 1.15906e+06 ZonesAtSurface
3675.08 3775 591.185 7 0 1 8 1.28602e+06 38.5697 54728.1 1.0661 5.61787e+06 1.28602e+06 ZonesAtSurface
3725.12 3775 581.176 3 0 1 9 799859 28.6442 89747 1.00251 4.99538e+06 799859 ZonesAtSurface
3775.17 3774.99 581.177 2 0 1 9 1.21559e+06 32.6032 129618 1.03932 6.00421e+06 1.21559e+06 ZonesAtSurface
3825.24 3775 591.158 1 0 1 8 939571 40.4645 88585.6 1.04043 5.6094e+06 939571 ZonesAtSurface
3875.31 3775 701.042 8 0 2 5 701213 19.3323 136716 1.04438 1.82256e+06 701213 ZonesAtSurface
3925.32 3775 761.037 6 5 2 3 933792 29.949 78468.5 1.29385 2.39022e+06 933792 ZonesAtSurface
3975.34 3775 771.079 0 1 2 2 931356 31.4007 110674 1.75336 1.85194e+06 931356 ZonesAtSurface
4025.37 3775 781.122 0 9 2 1 1.32796e+06 39.0006 92074.9 5.37724 1.08357e+06 1.32796e+06 ZonesAtSurface
4075.54 3774.99 641.19 9 10 2 3 1.05711e+06 16.1866 136001 1.15709 2.45922e+06 1.05711e+06 ZonesAtSurface
4125.63 3775 551.289 2 0 2 4 934903 16.0431 135411 1.05586 2.46543e+06 934903 ZonesAtSurface
4175.65 3775 461.365 9 0 1 5 760838 35.5149 146152 1.05041 4.45026e+06 760838 ZonesAtSurface
4225.67 3775 421.401 9 0 1 5 1.29544e+06 26.7342 60506.7 1.17929 4.30641e+06 1.29544e+06 ZonesAtSurface
4275.69 3775 431.416 6 0 1 4 546764 26.12 136445 1.09062 2.3554e+06 546764 ZonesAtSurface
4325.71 3775 491.416 10 5 2 2 660544 24.9738 112433 1.16417 1.6941e+06 660544 ZonesAtSurface
4375.74 3774.99 351.465 0 0 2 4 542661 42.0285 135672 1.08701 2.53713e+06 542661 ZonesAtSurface
4425.71 3774.99 261.528 2 0 2 5 1.32632e+06 20.9546 109642 1.06775 3.99107e+06 1.32632e+06 ZonesAtSurface
4475.61 3775 121.565 0 0 1 7 575681 38.9095 88160.3 1.65008 8.11258e+06 575681 ZonesAtSurface
4525.58 3775.01 81.5813 1 0 1 7 648078 37.8842 131676 1.21589 8.15313e+06 648078 ZonesAtSurface
4575.54 3775.01 41.5911 4 0 1 7 978377 19.442 58649.3 1.04948 4.61871e+06 978377 ZonesAtSurface
4625.47 3775.01 1.59723 13 0 1 7 100000 5 10000 1.12082 1.79549e+06 100000 ZonesAtSurface
4675.43 3775.01 11.6459 28 0 1 6 100000 5 10000 0.984971 910945 100000 ZonesAtSurface
4725.38 3775.01 21.6885 39 0 1 5 100000 5 10000 1.02027 745888 100000 ZonesAtSurface
4775.31 3775.01 31.7134 57 0 1 4 773477 22.4793 108710 1.16241 3.34856e+06 773477 ZonesAtSurface
4825.23 3775.01 41.7307 57 0 1 3 674858 40.2479 61843.5 1.92406 3.18218e+06 674858 ZonesAtSurface
4875.15 3775.02 51.7222 76 0 1 2 939390 39.8881 67020.1 2.48693 3.10769e+06 939390 ZonesAtSurface
4925.05 3775.01 61.7435 93 0 1 1 500403 42.2512 60555.3 1.56318 3.42606e+06 500403 ZonesAtSurface
74.9667 3825 -9.77861 60 0 1 2 782624 44.836 131909 1.37814 5.05419e+06 782624 ZonesAtSurface
124.88 3825 -34.7462 72 0 1 3 1.34275e+06 28.3569 118396 1.13883 6.02963e+06 1.34275e+06 ZonesAtSurface
174.801 3824.99 -9.68628 70 38 1 3 1.25962e+06 19.4706 129294 1.63055 2.26455e+06 1.25962e+06 ZonesAtSurface
224.708 3824.99 -34.7333 59 11 1 4 1.37263e+06 41.1593 116791 1.25152 5.88059e+06 1.37263e+06 ZonesAtSurface
274.63 3824.99 -9.70728 68 46 1 4 1.23112e+06 28.8205 107181 1.9863 2.50182e+06 1.23112e+06 ZonesAtSurface
324.541 3825 -34.7689 57 0 1 5 100000 5 10000 1.05233 659243 100000 ZonesAtSurface
374.441 3825 -9.78937 57 0 1 5 100000 5 10000 1.75156 213075 100000 ZonesAtSurface
424.425 3825.01 -34.8658 23 0 1 6 1.29226e+06 25.0076 101510 1.04785 4.96806e+06 1.29226e+06 ZonesAtSurface
474.35 3825 -9.88325 20 0 1 6 100000 5 10000 0.932772 714726 100000 ZonesAtSurface
524.142 3824.99 115.075 7 9 2 4 884333 40.3087 122296 1.75705 2.45688e+06 884333 ZonesAtSurface
574.143 3824.99 140.069 3 0 2 4 963472 28.9392 84651.5 1.07343 3.09745e+06 963472 ZonesAtSurface
624.086 3825 265.048 9 5 2 2 932775 41.3395 136239 1.67981 2.42836e+06 932775 ZonesAtSurface
674.096 3825 290.035 0 0 2 2 963876 30.7334 88452.7 1.57202 2.34834e+06 963876 ZonesAtSurface
724.12 3825 365.017 0 9 2 1 1.21938e+06 32.036 120302 3.71484 1.12176e+06 1.21938e+06 ZonesAtSurface
774.12 3825 340.002 1 0 2 2 613498 17.305 111155 1.11819 1.97262e+06 613498 ZonesAtSurface
824.132 3825 364.984 0 0 2 2 893668 29.4914 130441 1.87099 2.20502e+06 893668 ZonesAtSurface
874.145 3825 389.965 0 0 2 2 810816 28.892 130221 1.41929 2.39014e+06 810816 ZonesAtSurface
924.158 3825 414.944 0 0 2 2 1.4971e+06 29.5941 101797 2.18669 2.54753e+06 1.4971e+06 ZonesAtSurface
974.172 3825 439.923 0 0 2 2 1.27227e+06 40.3208 87122.6 1.94581 2.81702e+06 1.27227e+06 ZonesAtSurface
1024.19 3825.01 464.9 0 6 1 2 1.20989e+06 30.2233 67376.7 1.29928 3.18996e+06 1.20989e+06 ZonesAtSurface
1074.21 3825.01 489.876 2 7 2 2 963861 28.9512 130663 1.12246 2.70466e+06 963861 ZonesAtSurface
1124.22 3825.01 464.865 1 0 2 3 775092 19.5998 100645 1.02421 2.70691e+06 775092 ZonesAtSurface
1174.25 3825.01 439.856 0 0 2 4 627941 42.8514 85837.3 1.45235 4.52066e+06 627941 ZonesAtSurface
1224.28 3825 514.828 0 9 2 3 957210 39.1358 64424.8 1.98192 1.95227e+06 957210 ZonesAtSurface
1274.31 3825 489.825 5 5 2 4 765018 22.122 79509.3 1.70932 1.29074e+06 765018 ZonesAtSurface
1324.36 3825 364.873 0 0 1 7 1.48476e+06 21.9699 115829 1.92581 3.62725e+06 1.48476e+06 ZonesAtSurface
1374.39 3825.01 389.869 0 0 1 7 792783 41.3136 88481.3 1.57901 3.53471e+06 792783 ZonesAtSurface
1424.42 3825.01 414.865 7 2 2 7 839335 39.3904 137705 1.17002 2.7248e+06 839335 ZonesAtSurface
1474.45 3825.01 389.85 3 0 2 8 706342 17.9045 126270 1.038 2.7004e+06 706342 ZonesAtSurface
1524.49 3825 364.838 0 0 1 9 943371 35.1574 133481 1.95442 5.26696e+06 943371 ZonesAtSurface
1574.53 3825 339.832 0 0 1 10 986890 39.8511 75771.1 2.56889 6.41006e+06 986890 ZonesAtSurface
1624.57 3825 414.82 8 0 1 9 946245 41.1032 111216 1.19221 6.05999e+06 946245 ZonesAtSurface
1674.62 3825 439.807 11 0 1 9 1.08687e+06 21.5268 72499.6 1.02719 3.87518e+06 1.08687e+06 ZonesAtSurface
1724.67 3825 464.792 4 0 1 9 1.22729e+06 28.1461 120183 1.02416 4.65331e+06 1.22729e+06 ZonesAtSurface
1774.72 3825 439.785 2 0 1 10 1.18367e+06 19.319 102916 1.00153 5.00593e+06 1.18367e+06 ZonesAtSurface
1824.77 3825 464.781 1 0 1 10 959782 41.6129 116040 1.0036 6.95708e+06 959782 ZonesAtSurface
1874.82 3825 539.776 4 0 2 9 784509 22.7599 65880.4 1.0277 2.36104e+06 784509 ZonesAtSurface
1924.87 3825 564.787 2 3 2 9 1.47346e+06 21.9717 81593.5 1.02208 4.18613e+06 1.47346e+06 ZonesAtSurface
1974.92 3825 589.797 2 0 2 9 661932 33.8327 82570.6 0.99422 2.53392e+06 661932 ZonesAtSurface
2024.96 3825 502.324 0 0 1 10 731031 31.2644 62648.4 0.999241 4.44439e+06 731031 ZonesAtSurface
2075.01 3825 452.36 9 0 1 9 1.24666e+06 16.2717 118453 0.995813 4.02567e+06 1.24666e+06 ZonesAtSurface
2125.06 3825 352.402 1 0 1 9 758328 16.4467 54848.8 1.31241 4.59543e+06 758328 ZonesAtSurface
2175.07 3825 352.436 2 0 1 7 1.46793e+06 23.4993 64488.8 2.88012 2.91881e+06 1.46793e+06 ZonesAtSurface
2225.08 3824.99 302.446 0 0 0 0 1.12629e+06 29.1561 104777 6.08814 2.80537e+06 1.12629e+06 ZonesAtSurface
2275.11 3824.99 202.459 0 0 0 0 1.21415e+06 27.612 95588.6 7.72383 2.28043e+06 1.21415e+06 ZonesAtSurface
2325.13 3824.98 52.4702 0 0 0 0 1.09788e+06 17.8504 101114 2.20797 5.10165e+06 1.09788e+06 ZonesAtSurface
2375.12 3824.95 2.47316 0 0 0 0 1.16276e+06 42.213 75554.5 4.72531 9.06204e+06 1.16276e+06 ZonesAtSurface
2425.11 3824.97 -147.527 0 0 0 0 773752 27.8934 70704.5 2.41745 1.02135e+07 773752 ZonesAtSurface
2475.08 3824.92 -147.541 7 0 0 0 502541 42.5461 141439 4.0442 1.16879e+07 502541 ZonesAtSurface
2525.07 3825 -277.526 0 0 0 0 1.16149e+06 43.5191 142165 10 6.48699e+06 1.16149e+06 ZonesAtSurface
2575.03 3824.99 -237.536 4 0 0 0 100000 5 10000 1.24569 2.99595e+06 100000 ZonesAtSurface
2625 3824.97 -197.545 6 0 0 0 100000 5 10000 1.16921 3.24179e+06 100000 ZonesAtSurface
2674.98 3824.96 -157.545 0 0 0 0 100000 5 10000 1.02318 3.46456e+06 100000 ZonesAtSurface
2724.95 3824.96 -117.538 2 0 0 0 100000 5 10000 1.01365 3.2598e+06 100000 ZonesAtSurface
2774.92 3824.9 -27.55 0 0 0 0 1.15211e+06 39.8986 116550 1.69416 1.70114e+07 1.15211e+06 ZonesAtSurface
2824.89 3824.97 -37.5409 0 0 0 0 586167 33.5903 116045 4.03927 7.81737e+06 586167 ZonesAtSurface
2874.88 3824.91 52.4468 1 0 0 0 636032 36.6201 149197 1.77508 1.25581e+07 636032 ZonesAtSurface
2924.86 3824.87 142.419 9 0 0 0 806900 38.7655 85871.1 3.14411 7.89461e+06 806900 ZonesAtSurface
2974.86 3824.93 132.416 0 0 0 0 795436 37.6149 119722 4.07078 8.95277e+06 795436 ZonesAtSurface
3024.87 3824.92 172.397 6 0 0 0 505477 27.9193 136507 1.62614 1.14099e+07 505477 ZonesAtSurface
3074.87 3824.92 212.394 7 0 0 0 846579 27.4235 70331.9 1.91833 9.6439e+06 846579 ZonesAtSurface
3124.87 3824.93 252.394 0 0 0 0 1.18929e+06 37.2582 61039.7 4.18679 6.57218e+06 1.18929e+06 ZonesAtSurface
3174.87 3824.94 292.393 8 0 0 0 1.088e+06 25.5625 127492 3.16903 4.77467e+06 1.088e+06 ZonesAtSurface
3224.87 3824.97 282.387 0 0 0 0 923840 44.0318 76891.9 8.49021 3.69644e+06 923840 ZonesAtSurface
3274.87 3824.99 322.388 0 0 1 7 1.24059e+06 37.7959 57954 7.00515 3.98943e+06 1.24059e+06 ZonesAtSurface
3324.87 3825 362.373 7 0 1 7 1.08417e+06 34.3989 118127 2.45981 5.73489e+06 1.08417e+06 ZonesAtSurface
3374.88 3825.01 452.334 7 0 1 6 1.28166e+06 25.369 71029.7 1.11402 4.68558e+06 1.28166e+06 ZonesAtSurface
3424.91 3825 542.299 0 0 1 5 1.19597e+06 42.2068 98080.7 2.10669 3.86523e+06 1.19597e+06 ZonesAtSurface
3474.95 3825 582.261 4 2 1 5 1.10094e+06 20.1561 53025.2 1.08985 3.20883e+06 1.10094e+06 ZonesAtSurface
3524.96 3824.99 672.183 8 0 2 4 100000 5 10000 0 324660 100000 ZonesAtSurface
3575.01 3825 562.216 0 0 1 7 951491 30.6935 60358.9 1.00868 5.33723e+06 951491 ZonesAtSurface
3625.06 3825 652.189 7 5 1 6 671586 40.6821 100206 1.43248 2.11252e+06 671586 ZonesAtSurface
3675.09 3824.99 642.175 6 0 2 7 834966 27.3992 57915 1.06933 2.70198e+06 834966 ZonesAtSurface
3725.13 3825 632.163 1 0 1 8 1.33145e+06 28.5026 81691 1.04368 4.27805e+06 1.33145e+06 ZonesAtSurface
3775.18 3825 632.148 8 2 1 8 1.39203e+06 18.8005 56451.1 1.11482 3.51251e+06 1.39203e+06 ZonesAtSurface
3825.24 3825 642.129 8 0 1 7 1.09929e+06 35.3131 120926 1.07467 5.04954e+06 1.09929e+06 ZonesAtSurface
3875.31 3825 702.048 10 3 2 5 943269 21.7979 71913.7 1.15107 2.40033e+06 943269 ZonesAtSurface
3925.32 3825 762.042 3 7 2 3 879453 37.163 74168.9 1.61346 2.06707e+06 879453 ZonesAtSurface
3975.34 3825 772.083 0 2 2 2 803229 33.3474 97351.3 1.54838 1.85503e+06 803229 ZonesAtSurface
4025.37 3825 782.125 0 4 2 1 1.13286e+06 27.6169 88198.4 3.23639 1.24464e+06 1.13286e+06 ZonesAtSurface
4075.49 3825 692.174 7 7 2 2 570176 36.1416 77267.3 1.39732 1.80816e+06 570176 ZonesAtSurface
4125.63 3825 552.276 3 0 2 4 100000 5 10000 0.969307 504584 100000 ZonesAtSurface
4175.64 3825 412.377 3 0 1 6 1.22834e+06 37.0764 123720 1.29975 7.70453e+06 1.22834e+06 ZonesAtSurface
4225.65 3825 372.41 0 0 1 6 1.059e+06 32.2618 64394.6 1.02675 6.63614e+06 1.059e+06 ZonesAtSurface
4275.69 3825.01 432.421 5 2 2 4 1.13061e+06 43.4027 95285.5 1.26669 4.31262e+06 1.13061e+06 ZonesAtSurface
4325.69 3825 342.456 4 0 1 5 1.11342e+06 27.6472 101988 1.08152 5.46024e+06 1.11342e+06 ZonesAtSurface
4375.72 3825 352.469 0 0 1 4 1.04718e+06 18.2516 94018.3 1.02738 3.14392e+06 1.04718e+06 ZonesAtSurface
4425.71 3824.99 262.519 2 0 1 5 100000 5 10000 1.03487 719492 100000 ZonesAtSurface
4475.65 3824.99 172.563 5 0 1 6 884443 41.4766 95671.7 1.47734 8.45601e+06 884443 ZonesAtSurface
4525.58 3825 82.5792 3 0 1 7 561180 24.4474 95308.7 1.02295 6.17859e+06 561180 ZonesAtSurface
4575.49 3825.01 -7.42404 0 0 1 8 1.0288e+06 35.1464 63469.3 2.72515 8.66291e+06 1.0288e+06 ZonesAtSurface
4625.48 3825.01 2.6007 0 0 1 7 706819 43.1318 101513 1.41831 1.21693e+07 706819 ZonesAtSurface
4675.44 3825.01 12.6457 31 0 1 6 753985 15.0314 140403 0.99665 3.09811e+06 753985 ZonesAtSurface
4725.39 3825.01 22.6921 25 0 1 5 958064 41.9349 51778.2 1.35175 3.8237e+06 958064 ZonesAtSurface
4775.34 3825.01 32.7201 58 0 1 4 100000 5 10000 1.0865 524866 100000 ZonesAtSurface
4825.25 3825.01 42.7558 68 0 1 3 100000 5 10000 1.32213 354424 100000 ZonesAtSurface
4875.16 3825.01 52.7728 75 0 1 2 100000 5 10000 1.13821 278882 100000 ZonesAtSurface
4925.06 3825.01 62.7598 95 34 1 1 1.34792e+06 18.7388 85176 1.63942 2.46387e+06 1.34792e+06 ZonesAtSurface
74.9681 3875 -8.78014 77 5 1 2 1.14491e+06 37.182 87925.4 1.3292 4.53492e+06 1.14491e+06 ZonesAtSurface
124.868 3875 -33.7617 79 0 1 3 579996 23.8001 136022 1.26636 3.61785e+06 579996 ZonesAtSurface
174.791 3875 -8.705 58 41 1 3 1.22895e+06 24.9811 130436 1.95572 2.03083e+06 1.22895e+06 ZonesAtSurface
224.715 3875 -33.739 59 0 1 4 748698 38.3071 81095.2 1.126 5.0694e+06 748698 ZonesAtSurface
274.622 3874.99 -8.70265 68 17 1 4 882072 15.0456 121449 2.02313 1.29994e+06 882072 ZonesAtSurface
324.536 3874.99 -33.7572 55 2 1 5 1.34083e+06 24.2707 64865.6 1.0583 4.22436e+06 1.34083e+06 ZonesAtSurface
374.417 3874.98 -8.78629 46 0 1 5 100000 5 10000 1.6722 265507 100000 ZonesAtSurface
424.406 3875 -33.8723 24 0 1 6 100000 5 10000 0.985095 967273 100000 ZonesAtSurface
474.337 3875 -8.88595 12 0 1 6 100000 5 10000 0.963722 919314 100000 ZonesAtSurface
524.22 3875 66.086 4 0 1 5 1.40469e+06 26.5745 134732 1.06646 5.26264e+06 1.40469e+06 ZonesAtSurface
574.114 3875 191.062 9 9 2 3 917947 36.8863 141718 1.79603 2.11167e+06 917947 ZonesAtSurface
624.099 3875.01 266.05 5 0 2 2 706634 27.9392 90428.6 1.44824 1.86584e+06 706634 ZonesAtSurface
674.109 3875 291.038 0 0 2 2 1.30416e+06 37.0374 60229.6 2.63747 2.31178e+06 1.30416e+06 ZonesAtSurface
724.13 3875.01 366.019 0 6 2 1 981139 35.7058 137354 3.06761 1.12929e+06 981139 ZonesAtSurface
774.142 3875.01 391.002 0 9 2 1 1.22621e+06 26.4329 90842.8 3.40589 1.12085e+06 1.22621e+06 ZonesAtSurface
824.142 3875 365.985 0 0 2 2 576193 29.2365 53882.1 1.45178 2.20141e+06 576193 ZonesAtSurface
874.155 3875.01 390.967 0 0 2 2 1.03034e+06 28.6121 59333.6 1.81988 2.3615e+06 1.03034e+06 ZonesAtSurface
924.168 3875.01 415.947 0 0 2 2 754490 35.8331 77661.4 1.41731 2.64748e+06 754490 ZonesAtSurface
974.182 3875.01 440.927 5 0 2 2 583936 42.0061 114825 1.00692 2.68206e+06 583936 ZonesAtSurface
1024.19 3875.01 415.914 2 0 1 3 988010 25.5184 83649.2 1.13796 3.44649e+06 988010 ZonesAtSurface
1074.22 3875.01 490.884 8 1 2 2 778219 15.2399 87406.9 1.03867 1.91245e+06 778219 ZonesAtSurface
1124.23 3875.01 465.872 2 2 2 3 1.06215e+06 37.2308 125286 1.07911 3.69091e+06 1.06215e+06 ZonesAtSurface
1174.26 3875.01 490.852 1 9 2 3 983373 22.2954 66882.9 1.40959 2.02731e+06 983373 ZonesAtSurface
1224.28 3875.01 515.836 0 5 2 3 1.41032e+06 32.1677 99807.3 1.81842 2.72286e+06 1.41032e+06 ZonesAtSurface
1274.31 3875.01 440.849 1 0 1 5 1.33033e+06 31.1605 72747 1.1202 4.71474e+06 1.33033e+06 ZonesAtSurface
1324.36 3875 365.871 1 0 1 7 879793 27.3245 118661 1.37108 4.13034e+06 879793 ZonesAtSurface
1374.4 3875 340.868 0 0 1 8 692364 36.7441 81052.3 2.30508 4.47738e+06 692364 ZonesAtSurface
1424.43 3875.01 365.863 0 0 1 8 1.39171e+06 31.2046 104961 1.60089 4.51171e+06 1.39171e+06 ZonesAtSurface
1474.46 3875 340.851 0 0 1 9 1.0437e+06 28.6213 85498.6 1.65459 5.25187e+06 1.0437e+06 ZonesAtSurface
1524.5 3875 365.839 2 0 1 9 1.46151e+06 20.307 83942.5 1.20998 5.33749e+06 1.46151e+06 ZonesAtSurface
1574.52 3874.98 490.802 4 4 1 7 1.24686e+06 37.1453 110035 1.18453 4.40308e+06 1.24686e+06 ZonesAtSurface
1624.58 3874.98 515.781 0 4 1 7 752283 34.0857 65357.9 1.41266 1.99968e+06 752283 ZonesAtSurface
1674.63 3875 440.805 8 0 1 9 917601 21.5377 54848.3 1.0619 4.31489e+06 917601 ZonesAtSurface
1724.68 3875 415.799 0 0 1 10 708474 40.4523 125641 1.24959 7.21863e+06 708474 ZonesAtSurface
1774.73 3875 490.783 5 4 1 9 1.41245e+06 35.6366 71587.9 1.06488 5.00348e+06 1.41245e+06 ZonesAtSurface
1824.78 3875 465.782 1 0 1 10 663654 24.3389 59279.3 0.998797 4.59613e+06 663654 ZonesAtSurface
1874.82 3875 540.779 10 4 1 9 1.32287e+06 30.5299 110661 1.08407 4.09677e+06 1.32287e+06 ZonesAtSurface
1924.87 3875 565.788 1 2 2 9 1.17799e+06 22.5061 72180.5 1.04439 3.29244e+06 1.17799e+06 ZonesAtSurface
1974.92 3875 590.798 0 8 2 9 1.18701e+06 44.1543 71382.4 1.1039 4.82673e+06 1.18701e+06 ZonesAtSurface
2024.97 3875 553.319 2 5 2 9 1.10631e+06 40.0489 101622 1.04045 4.23784e+06 1.10631e+06 ZonesAtSurface
2075.01 3875 453.359 9 0 1 9 660153 35.1834 148569 1.01199 5.54728e+06 660153 ZonesAtSurface
2125.06 3875 353.4 0 0 1 9 652203 39.3394 54447.9 3.19545 4.92778e+06 652203 ZonesAtSurface
2175.08 3875 353.432 0 0 1 7 1.43886e+06 34.7073 127270 5.38683 2.92825e+06 1.43886e+06 ZonesAtSurface
2225.09 3874.99 303.446 0 0 0 0 690247 15.6962 110365 7.28009 1.06149e+06 690247 ZonesAtSurface
2275.11 3874.98 253.46 10 3 0 0 907404 18.5589 69131.7 2.75929 2.32517e+06 907404 ZonesAtSurface
2325.13 3874.98 103.472 0 0 0 0 591659 35.0242 107443 8.09561 3.16333e+06 591659 ZonesAtSurface
2375.13 3874.98 -46.5264 0 0 0 0 1.31785e+06 44.1229 113786 6.21722 9.72526e+06 1.31785e+06 ZonesAtSurface
2425.1 3874.94 -96.5336 0 0 0 0 1.49596e+06 36.4852 50125.6 2.30859 1.51747e+07 1.49596e+06 ZonesAtSurface
2475.09 3874.97 -196.538 0 0 0 0 527415 43.6649 79907.9 7.52523 8.36192e+06 527415 ZonesAtSurface
2525.07 3874.98 -226.545 0 0 0 0 1.43933e+06 30.1806 142561 4.57125 7.65792e+06 1.43933e+06 ZonesAtSurface
2575.04 3874.93 -186.562 0 0 0 0 580558 44.1396 102249 4.54358 1.38946e+07 580558 ZonesAtSurface
2625.02 3874.91 -146.573 0 0 0 0 647353 44.5382 61976.6 2.63041 1.82421e+07 647353 ZonesAtSurface
2675 3874.9 -106.573 9 0 0 0 786648 29.1226 108464 1.01141 1.78016e+07 786648 ZonesAtSurface
2724.96 3874.9 -66.564 4 0 0 0 888668 34.7871 137897 1.15943 1.88336e+07 888668 ZonesAtSurface
2774.93 3874.91 -26.5559 8 0 0 0 902279 26.9668 107141 1.00529 1.43145e+07 902279 ZonesAtSurface
2824.9 3874.92 13.4472 6 0 0 0 1.12656e+06 21.2674 134244 1.02475 1.09743e+07 1.12656e+06 ZonesAtSurface
2874.88 3874.92 53.4461 8 0 0 0 1.26739e+06 20.1137 70684.4 1.19511 9.17197e+06 1.26739e+06 ZonesAtSurface
2924.86 3874.93 93.4348 0 0 0 0 1.11374e+06 28.5419 149353 2.60693 6.88475e+06 1.11374e+06 ZonesAtSurface
2974.86 3874.93 133.415 1 0 0 0 1.4835e+06 23.2957 120402 1.7889 8.07734e+06 1.4835e+06 ZonesAtSurface
3024.87 3874.93 173.399 4 0 0 0 1.09717e+06 20.41 117178 1.09806 1.04026e+07 1.09717e+06 ZonesAtSurface
3074.87 3874.93 213.394 0 0 0 0 1.48662e+06 26.4637 83271.8 1.67887 1.1291e+07 1.48662e+06 ZonesAtSurface
3124.87 3874.93 253.393 0 0 0 0 794055 40.9883 138721 4.31631 8.24133e+06 794055 ZonesAtSurface
3174.86 3874.97 243.395 0 0 0 0 1.46183e+06 44.1381 93269.9 7.54482 5.53363e+06 1.46183e+06 ZonesAtSurface
3224.87 3874.98 283.391 0 0 0 0 1.14279e+06 34.6254 127709 5.65516 3.47417e+06 1.14279e+06 ZonesAtSurface
3274.87 3874.99 323.388 0 0 1 7 949871 34.371 93818 4.95918 4.16593e+06 949871 ZonesAtSurface
3324.87 3875 363.372 2 0 1 7 1.2476e+06 26.8637 137562 1.62866 4.62021e+06 1.2476e+06 ZonesAtSurface
3374.89 3875 403.341 0 0 1 7 849819 44.4897 127093 2.98777 5.38933e+06 849819 ZonesAtSurface
3424.91 3875.01 493.304 0 0 1 6 1.36326e+06 33.8484 92935.1 1.60884 5.30571e+06 1.36326e+06 ZonesAtSurface
3474.89 3875 633.213 1 0 2 4 100000 5 10000 1.01916 312834 100000 ZonesAtSurface
3524.94 3875 673.166 6 2 2 4 100000 5 10000 1.34767 160638 100000 ZonesAtSurface
3574.97 3874.99 713.136 8 9 2 4 1.10592e+06 37.5918 81839.3 2.08898 2.16349e+06 1.10592e+06 ZonesAtSurface
3625.06 3875 603.195 10 0 1 7 1.12992e+06 36.654 73598.8 1.07032 5.32928e+06 1.12992e+06 ZonesAtSurface
3675.09 3875.01 643.176 7 0 2 7 800663 28.2587 60986.7 1.07225 2.76535e+06 800663 ZonesAtSurface
3725.14 3875 683.142 5 6 1 7 770702 36.7052 109023 1.68185 1.81396e+06 770702 ZonesAtSurface
3775.19 3875 633.148 8 0 1 8 599886 44.8812 60180.8 1.02485 3.15643e+06 599886 ZonesAtSurface
3825.25 3875 693.088 1 4 1 6 1.39955e+06 17.5646 135822 1.32046 2.87015e+06 1.39955e+06 ZonesAtSurface
3875.31 3875 653.103 2 0 1 6 1.13116e+06 23.2831 132351 1.06447 3.55332e+06 1.13116e+06 ZonesAtSurface
3925.36 3875 713.063 4 0 2 4 884492 43.1299 51297.4 1.25559 3.69181e+06 884492 ZonesAtSurface
3975.35 3875.01 773.087 0 4 2 2 912214 26.1391 115988 2.04891 1.3622e+06 912214 ZonesAtSurface
4025.42 3875 733.133 0 10 2 2 1.4497e+06 32.1021 72907.4 2.95347 1.72776e+06 1.4497e+06 ZonesAtSurface
4075.53 3875 643.186 0 0 2 3 1.31022e+06 23.8008 64897.5 1.12815 3.66268e+06 1.31022e+06 ZonesAtSurface
4125.59 3875 603.238 6 1 2 3 1.10023e+06 29.6158 113003 1.10244 3.47068e+06 1.10023e+06 ZonesAtSurface
4175.65 3875 463.358 2 0 1 5 930627 39.0511 100355 1.35016 6.65008e+06 930627 ZonesAtSurface
4225.65 3875 373.411 3 0 1 6 625871 34.7849 124969 1.01917 6.53579e+06 625871 ZonesAtSurface
4275.66 3875 333.44 0 0 1 6 728273 44.295 149428 2.24819 6.11288e+06 728273 ZonesAtSurface
4325.69 3875 343.464 9 0 1 5 681028 34.0601 140684 1.03832 4.66993e+06 681028 ZonesAtSurface
4375.72 3875.01 403.474 9 9 2 3 846504 41.4382 81097.9 1.56008 2.32847e+06 846504 ZonesAtSurface
4425.73 3875 313.496 7 0 1 4 1.27808e+06 33.5168 61895.6 1.05019 4.48658e+06 1.27808e+06 ZonesAtSurface
4475.74 3874.98 273.526 3 0 2 4 100000 5 10000 0.639457 342235 100000 ZonesAtSurface
4525.63 3875 133.573 6 0 1 6 504335 34.115 54970.9 1.02416 4.2881e+06 504335 ZonesAtSurface
4575.54 3875 43.5938 10 0 1 7 556336 33.2478 99812.3 1.05084 8.5613e+06 556336 ZonesAtSurface
4625.48 3875.01 3.60294 0 0 1 7 784381 40.3063 86237.4 1.32452 1.15805e+07 784381 ZonesAtSurface
4675.44 3875.01 13.6424 27 0 1 6 1.37771e+06 25.0136 105726 1.01587 5.64815e+06 1.37771e+06 ZonesAtSurface
4725.39 3875.01 23.6878 41 0 1 5 1.08804e+06 22.4632 85875.7 1.43135 3.17494e+06 1.08804e+06 ZonesAtSurface
4775.35 3875.01 33.7171 55 8 1 4 881397 26.8584 129975 1.08633 2.8847e+06 881397 ZonesAtSurface
4825.27 3875 43.763 67 32 1 3 1.00684e+06 16.6159 91541.2 1.25849 2.22867e+06 1.00684e+06 ZonesAtSurface
4875.17 3875 53.8051 85 3 1 2 100000 5 10000 1.02895 255689 100000 ZonesAtSurface
4925.07 3875 63.7879 88 0 1 1 100000 5 10000 1.57753 248259 100000 ZonesAtSurface
74.9707 3925.01 -7.77581 89 0 1 2 515085 23.0607 58592.1 1.34706 2.04354e+06 515085 ZonesAtSurface
124.867 3925.01 -32.7665 74 0 1 3 825072 31.9311 82825.4 1.40674 3.62851e+06 825072 ZonesAtSurface
174.786 3925.01 -7.70101 55 35 1 3 1.15692e+06 25.808 94878.6 2.43086 1.996e+06 1.15692e+06 ZonesAtSurface
224.692 3925 -32.7382 68 37 1 4 1.2149e+06 41.6115 120623 1.22665 4.76903e+06 1.2149e+06 ZonesAtSurface
274.564 3925 -7.71677 68 0 1 4 100000 5 10000 3.11418 187861 100000 ZonesAtSurface
324.513 3924.99 -32.7837 45 0 1 5 100000 5 10000 1.07729 764133 100000 ZonesAtSurface
374.408 3924.99 -7.80691 42 5 1 5 1.4698e+06 18.2715 98829.9 1.58967 3.0434e+06 1.4698e+06 ZonesAtSurface
424.393 3924.99 -32.8777 19 0 1 6 1.26479e+06 36.322 108633 1.10945 8.73593e+06 1.26479e+06 ZonesAtSurface
474.335 3925 -7.88851 13 0 1 6 1.08806e+06 27.2071 61085.4 1.04408 8.31602e+06 1.08806e+06 ZonesAtSurface
524.238 3925 67.0908 1 0 1 5 1.35903e+06 44.4688 141732 1.18152 8.5449e+06 1.35903e+06 ZonesAtSurface
574.123 3925.01 192.06 2 9 2 3 1.44185e+06 18.6862 56574.2 1.50865 2.73234e+06 1.44185e+06 ZonesAtSurface
624.111 3925.01 267.05 0 9 2 2 1.09323e+06 26.4937 81664.2 2.22131 1.77403e+06 1.09323e+06 ZonesAtSurface
674.119 3925.01 292.039 0 0 2 2 783027 28.0626 142006 1.38006 2.32059e+06 783027 ZonesAtSurface
724.138 3925.01 367.021 0 9 2 1 1.01308e+06 17.5737 132732 2.54628 1.05407e+06 1.01308e+06 ZonesAtSurface
774.14 3925.01 342.006 0 0 2 2 1.29189e+06 42.0848 113122 3.72874 2.25763e+06 1.29189e+06 ZonesAtSurface
824.152 3925.01 366.988 0 0 2 2 1.03092e+06 31.7163 62089.2 2.27915 2.21415e+06 1.03092e+06 ZonesAtSurface
874.165 3925.01 391.971 0 0 2 2 1.43544e+06 35.3934 101825 2.63868 2.30438e+06 1.43544e+06 ZonesAtSurface
924.173 3925.01 366.957 0 0 1 3 663383 40.7673 110245 2.55234 2.96358e+06 663383 ZonesAtSurface
974.187 3925.01 391.94 6 0 1 3 615404 19.6733 139544 1.03279 2.67101e+06 615404 ZonesAtSurface
1024.2 3925.01 416.924 5 0 1 3 825372 32.3093 95617.9 1.2219 3.02502e+06 825372 ZonesAtSurface
1074.22 3925.02 441.905 0 5 2 3 1.27623e+06 42.8888 106327 1.68272 3.45407e+06 1.27623e+06 ZonesAtSurface
1124.24 3925.01 416.891 6 0 1 4 1.08565e+06 19.0703 63176.2 1.01244 3.74366e+06 1.08565e+06 ZonesAtSurface
1174.26 3925.01 391.88 5 0 1 5 921362 22.7731 127720 1.03787 4.14714e+06 921362 ZonesAtSurface
1224.29 3925.02 466.855 6 0 2 4 859075 43.6844 83662.5 1.08034 4.83388e+06 859075 ZonesAtSurface
1274.31 3925 391.862 2 0 2 6 826083 33.5777 137920 1.51299 4.08011e+06 826083 ZonesAtSurface
1324.34 3925 416.861 9 3 2 6 1.33148e+06 27.3 54021.3 1.33161 3.43948e+06 1.33148e+06 ZonesAtSurface
1374.4 3925 341.865 0 0 1 8 1.35441e+06 15.701 94848.9 1.27413 4.40373e+06 1.35441e+06 ZonesAtSurface
1424.43 3925 366.861 8 0 1 8 620982 26.5681 147158 1.19201 4.85022e+06 620982 ZonesAtSurface
1474.47 3925 341.853 0 0 1 9 1.17835e+06 41.1577 55516.6 3.60132 5.04353e+06 1.17835e+06 ZonesAtSurface
1524.45 3924.99 466.807 2 0 2 7 100000 5 10000 1.32711 454670 100000 ZonesAtSurface
1574.52 3924.99 591.727 4 10 2 5 541968 33.3054 60855.5 0 1.67502e+06 541968 ZonesAtSurface
1624.56 3924.99 566.723 1 1 2 6 688070 40.431 57984.4 1.25205 2.77562e+06 688070 ZonesAtSurface
1674.64 3925 441.802 2 0 1 9 1.2848e+06 37.0717 93172.4 1.23444 6.44342e+06 1.2848e+06 ZonesAtSurface
1724.69 3925 466.793 8 0 1 9 826655 24.5353 70182.3 1.00894 3.79709e+06 826655 ZonesAtSurface
1774.74 3925 491.784 0 0 2 9 1.48266e+06 21.2852 89886.2 1.08193 3.94227e+06 1.48266e+06 ZonesAtSurface
1824.78 3925 516.78 0 2 2 9 1.0601e+06 18.4652 83234.2 1.16255 2.48045e+06 1.0601e+06 ZonesAtSurface
1874.83 3925 541.784 7 6 1 9 1.32556e+06 35.4985 88664 1.20409 4.09119e+06 1.32556e+06 ZonesAtSurface
1924.88 3925 566.793 0 4 2 9 1.17854e+06 22.6465 100310 1.1581 2.96408e+06 1.17854e+06 ZonesAtSurface
1974.92 3925 591.801 2 5 2 9 1.2812e+06 40.5771 78536 1.12838 4.714e+06 1.2812e+06 ZonesAtSurface
2024.97 3925 604.317 9 7 1 8 958947 40.5886 68448.4 1.26179 3.34085e+06 958947 ZonesAtSurface
2075.02 3925 404.364 0 0 1 10 1.38203e+06 34.5008 94481.2 1.98216 6.28897e+06 1.38203e+06 ZonesAtSurface
2125.06 3925 404.4 9 0 1 8 812592 34.3518 89214.9 1.54186 4.8543e+06 812592 ZonesAtSurface
2175.08 3925 354.43 1 0 1 7 100000 5 10000 1.48207 738272 100000 ZonesAtSurface
2225.1 3924.99 304.448 0 0 0 0 1.31729e+06 32.5708 100379 10 1.13997e+06 1.31729e+06 ZonesAtSurface
2275.12 3924.98 254.464 6 0 0 0 1.31694e+06 20.8076 66250.6 4.81621 1.634e+06 1.31694e+06 ZonesAtSurface
2325.13 3924.97 154.477 4 0 0 0 1.46236e+06 42.449 92585.9 9.1467 2.33089e+06 1.46236e+06 ZonesAtSurface
2375.13 3924.95 4.47656 6 0 0 0 1.29232e+06 33.8208 75486 2.30806 1.10339e+07 1.29232e+06 ZonesAtSurface
2425.11 3924.94 -95.5324 0 0 0 0 843759 33.8168 78920.9 1.60775 1.68026e+07 843759 ZonesAtSurface
2475.09 3924.97 -195.538 0 0 0 0 1.12851e+06 24.8044 142548 2.74397 8.78164e+06 1.12851e+06 ZonesAtSurface
2525.07 3924.98 -225.547 0 0 0 0 983970 41.5662 64339.8 8.33427 7.58358e+06 983970 ZonesAtSurface
2575.04 3924.95 -185.559 0 0 0 0 1.2827e+06 29.6396 76248.4 1.85127 1.41714e+07 1.2827e+06 ZonesAtSurface
2625.01 3925 -195.539 0 0 0 0 811096 38.6464 57723.5 8.48864 6.63113e+06 811096 ZonesAtSurface
2674.99 3924.93 -105.565 2 0 0 0 1.37332e+06 25.2298 65010.6 1.13798 1.63326e+07 1.37332e+06 ZonesAtSurface
2724.96 3924.93 -65.5597 0 0 0 0 943450 35.7103 115361 1.82029 1.60667e+07 943450 ZonesAtSurface
2774.93 3924.93 -25.5522 0 0 0 0 978321 43.9976 109460 2.67555 1.41962e+07 978321 ZonesAtSurface
2824.9 3924.94 14.4523 6 0 0 0 831078 25.3683 53195.7 1.21214 1.0408e+07 831078 ZonesAtSurface
2874.87 3924.93 54.4501 2 0 0 0 1.31545e+06 29.4082 56974.6 2.38682 8.6404e+06 1.31545e+06 ZonesAtSurface
2924.86 3924.94 94.4396 0 0 0 0 1.13751e+06 19.8718 81196 2.22794 5.96957e+06 1.13751e+06 ZonesAtSurface
2974.85 3924.94 134.424 3 0 0 0 1.10178e+06 17.9785 72014 1.94283 6.10641e+06 1.10178e+06 ZonesAtSurface
3024.84 3924.98 124.425 0 0 0 0 1.33108e+06 39.4015 95613.4 8.91141 4.74416e+06 1.33108e+06 ZonesAtSurface
3074.86 3924.94 214.399 1 0 0 0 565972 22.8477 141672 1.28539 6.79062e+06 565972 ZonesAtSurface
3124.85 3924.98 204.404 0 0 0 0 629731 21.7604 95603.7 2.43015 5.08739e+06 629731 ZonesAtSurface
3174.85 3924.98 244.397 8 0 0 0 1.0253e+06 15.1585 106219 1.21558 6.16921e+06 1.0253e+06 ZonesAtSurface
3224.86 3924.99 284.392 6 0 0 0 1.13258e+06 17.8556 138257 1.60875 4.90194e+06 1.13258e+06 ZonesAtSurface
3274.87 3924.99 324.384 0 0 1 7 735922 35.5031 68114 5.51946 3.80944e+06 735922 ZonesAtSurface
3324.86 3925 414.371 8 5 1 6 1.2257e+06 37.4685 82060.2 1.47969 3.60637e+06 1.2257e+06 ZonesAtSurface
3374.89 3925 404.341 0 0 1 7 1.09325e+06 19.4303 116866 1.46212 4.34983e+06 1.09325e+06 ZonesAtSurface
3424.87 3925 544.277 10 0 1 5 100000 5 10000 0.888603 388889 100000 ZonesAtSurface
3474.89 3925 634.203 9 0 2 4 531398 22.2283 86743.4 1.29756 1.71618e+06 531398 ZonesAtSurface
3524.93 3925 674.162 10 4 2 4 599288 18.4739 71587.5 1.29068 1.29832e+06 599288 ZonesAtSurface
3574.97 3925 664.149 1 0 2 5 1.13906e+06 15.7276 130237 1.2512 2.95131e+06 1.13906e+06 ZonesAtSurface
3625.06 3925.01 604.194 1 0 1 7 1.00308e+06 35.3666 115528 1.1416 5.52537e+06 1.00308e+06 ZonesAtSurface
3675.1 3925 594.192 6 0 1 8 1.38757e+06 18.9172 74707.8 1.1836 4.77685e+06 1.38757e+06 ZonesAtSurface
3725.14 3925 584.185 9 0 1 9 870750 15.1796 85053.7 1.11555 3.80202e+06 870750 ZonesAtSurface
3775.19 3925.01 684.12 3 3 1 7 1.34771e+06 28.2847 76810.3 1.28012 3.5742e+06 1.34771e+06 ZonesAtSurface
3825.26 3925.01 644.125 7 0 1 7 877471 18.9691 120299 1.05333 2.41976e+06 877471 ZonesAtSurface
3875.32 3925 654.1 2 1 2 6 1.34744e+06 42.5684 57037.7 1.04178 5.86738e+06 1.34744e+06 ZonesAtSurface
3925.36 3925.01 714.073 3 7 1 4 1.26078e+06 32.5761 123575 1.33004 3.30027e+06 1.26078e+06 ZonesAtSurface
3975.42 3925.01 674.116 0 6 2 4 1.32512e+06 22.5043 72056 1.20966 3.24513e+06 1.32512e+06 ZonesAtSurface
4025.42 3925.01 734.139 6 7 2 2 663038 24.0953 77541.1 1.26185 1.58121e+06 663038 ZonesAtSurface
4075.53 3925 644.191 0 5 1 3 1.1617e+06 40.3199 88908 1.56052 3.19336e+06 1.1617e+06 ZonesAtSurface
4125.59 3925 604.236 0 0 2 3 1.09039e+06 32.7113 118108 1.13124 3.6936e+06 1.09039e+06 ZonesAtSurface
4175.65 3925 514.323 1 0 2 4 100000 5 10000 1.01763 568028 100000 ZonesAtSurface
4225.68 3925 424.398 4 0 1 5 542694 37.5087 56447 1.29679 5.76481e+06 542694 ZonesAtSurface
4275.66 3925 334.441 0 0 1 6 638810 36.2579 145101 1.95627 5.99164e+06 638810 ZonesAtSurface
4325.67 3925 294.47 0 0 1 6 995251 28.5036 117506 1.19218 5.71807e+06 995251 ZonesAtSurface
4375.69 3925 304.488 0 0 1 5 1.49299e+06 37.1653 133801 2.40546 4.07534e+06 1.49299e+06 ZonesAtSurface
4425.72 3925 314.501 6 0 2 4 512275 18.4249 112989 1.35601 1.8087e+06 512275 ZonesAtSurface
4475.73 3925 274.524 6 1 1 4 1.09717e+06 32.842 61465 1.1785 3.60535e+06 1.09717e+06 ZonesAtSurface
4525.69 3924.99 184.562 0 3 2 5 1.2852e+06 38.0511 96869.9 1.21155 4.20691e+06 1.2852e+06 ZonesAtSurface
4575.53 3925 44.5899 5 0 1 7 687387 41.1927 138484 1.17218 9.85109e+06 687387 ZonesAtSurface
4625.47 3925 4.6 4 0 1 7 787985 29.8928 57590.3 1.09303 1.11611e+07 787985 ZonesAtSurface
4675.44 3925 14.6394 20 0 1 6 1.35107e+06 33.1319 124591 1.00936 7.32915e+06 1.35107e+06 ZonesAtSurface
4725.38 3925 24.6801 28 0 1 5 898246 39.7273 59371.3 1.42857 4.98752e+06 898246 ZonesAtSurface
4775.34 3925 34.7034 54 2 1 4 1.13038e+06 17.2294 51677.9 1.26051 3.24171e+06 1.13038e+06 ZonesAtSurface
4825.26 3925 44.7442 63 25 1 3 944785 31.174 142330 1.18145 2.79528e+06 944785 ZonesAtSurface
4875.16 3924.99 54.785 79 18 1 2 992789 43.3051 126716 2.56063 2.895e+06 992789 ZonesAtSurface
4925.07 3924.99 64.7762 91 21 1 1 880086 20.7967 140848 1.15919 2.14028e+06 880086 ZonesAtSurface
74.9703 3975.01 -6.77705 89 11 1 2 758212 30.001 147695 1.35457 2.39113e+06 758212 ZonesAtSurface
124.868 3975.01 -31.7699 53 18 1 3 1.39334e+06 41.4948 134398 1.92413 4.16192e+06 1.39334e+06 ZonesAtSurface
174.779 3975.01 -6.6945 79 0 1 3 100000 5 10000 1.2729 245109 100000 ZonesAtSurface
224.657 3975 -31.7384 68 0 1 4 100000 5 10000 1.08077 451168 100000 ZonesAtSurface
274.509 3975 -6.733 55 0 1 4 100000 5 10000 1.77278 277840 100000 ZonesAtSurface
324.488 3975 -31.8088 20 0 1 5 100000 5 10000 1.00838 740893 100000 ZonesAtSurface
374.403 3975 -6.83229 34 0 1 5 591203 38.8327 103560 1.39443 3.87505e+06 591203 ZonesAtSurface
424.396 3975 -31.881 11 0 1 6 1.28294e+06 29.8429 82083.3 1.09291 9.56821e+06 1.28294e+06 ZonesAtSurface
474.347 3975 -6.89344 8 0 1 6 664387 23.314 115858 1.10057 7.95912e+06 664387 ZonesAtSurface
524.257 3975.01 68.0952 7 0 1 5 983495 39.009 116286 1.03418 6.84626e+06 983495 ZonesAtSurface
574.234 3975.01 93.0805 5 0 1 5 1.47185e+06 28.5453 93561 1.04025 7.93675e+06 1.47185e+06 ZonesAtSurface
624.136 3975.01 218.053 3 0 2 3 1.05066e+06 23.8619 135149 1.05931 3.18619e+06 1.05066e+06 ZonesAtSurface
674.13 3975.02 293.041 3 0 2 2 1.20201e+06 22.754 121900 1.85609 2.21457e+06 1.20201e+06 ZonesAtSurface
724.139 3975.01 318.027 0 3 2 2 1.03222e+06 36.8462 77138.8 1.94279 2.40258e+06 1.03222e+06 ZonesAtSurface
774.16 3975.02 393.006 0 9 2 1 843006 38.734 128007 2.34775 1.54829e+06 843006 ZonesAtSurface
824.162 3975.01 367.992 0 0 2 2 1.01096e+06 29.9222 141392 2.17117 2.0816e+06 1.01096e+06 ZonesAtSurface
874.176 3975.01 392.977 0 0 2 2 1.47097e+06 22.6377 135960 2.07533 2.13514e+06 1.47097e+06 ZonesAtSurface
924.19 3975.01 417.963 0 8 2 2 1.10775e+06 36.7466 77902 1.88863 2.24991e+06 1.10775e+06 ZonesAtSurface
974.198 3975.01 392.95 0 0 1 3 1.36715e+06 38.2766 81478.3 2.74602 2.52306e+06 1.36715e+06 ZonesAtSurface
1024.21 3975.01 417.937 0 4 2 3 1.36409e+06 29.9877 144184 1.62122 2.84525e+06 1.36409e+06 ZonesAtSurface
1074.23 3975.01 392.92 0 0 1 4 1.48262e+06 34.5767 129431 2.50596 3.47233e+06 1.48262e+06 ZonesAtSurface
1124.24 3975.01 367.904 9 0 1 5 504786 17.4202 96087 1.02714 2.98129e+06 504786 ZonesAtSurface
1174.27 3975.01 392.889 5 0 1 5 1.3355e+06 18.5557 142287 1.17829 3.78437e+06 1.3355e+06 ZonesAtSurface
1224.29 3975.01 417.877 8 0 1 5 941333 35.8409 105764 1.20493 3.59198e+06 941333 ZonesAtSurface
1274.32 3975.01 442.871 8 10 2 5 739003 42.8779 109860 1.50011 2.29927e+06 739003 ZonesAtSurface
1324.34 3975 417.86 5 0 2 6 811878 21.1971 142526 1.02239 2.4695e+06 811878 ZonesAtSurface
1374.37 3975 392.85 6 0 2 7 785112 27.1287 112678 1.2181 3.85234e+06 785112 ZonesAtSurface
1424.41 3975 367.845 10 0 1 8 100000 5 10000 1.05192 1.0642e+06 100000 ZonesAtSurface
1474.42 3974.99 492.821 9 8 2 6 1.42827e+06 21.02 83526.6 2.14285 2.02467e+06 1.42827e+06 ZonesAtSurface
1524.5 3975 367.833 3 0 1 9 809537 29.2036 117520 1.13136 6.62447e+06 809537 ZonesAtSurface
1574.49 3975 492.768 9 0 1 7 600455 29.8279 135339 1.50542 3.06533e+06 600455 ZonesAtSurface
1624.56 3975 467.776 0 0 1 8 100000 5 10000 1.51995 576953 100000 ZonesAtSurface
1674.6 3975 542.735 6 3 2 7 969128 43.3534 98053.8 1.27867 3.42667e+06 969128 ZonesAtSurface
1724.69 3975 467.788 1 0 1 9 647444 37.0833 103713 1.13498 3.96047e+06 647444 ZonesAtSurface
1774.75 3975 442.794 2 0 1 10 950065 41.2545 55421.1 1.09816 6.51023e+06 950065 ZonesAtSurface
1824.8 3975 467.79 2 0 1 10 754539 40.3302 51570.2 1.00493 5.71321e+06 754539 ZonesAtSurface
1874.84 3975.01 542.783 7 0 1 9 557458 29.6712 138107 1.01699 2.00144e+06 557458 ZonesAtSurface
1924.89 3975 517.799 1 0 1 10 1.29591e+06 41.961 65139.5 1.31641 5.83721e+06 1.29591e+06 ZonesAtSurface
1974.93 3975 542.806 2 0 1 10 1.30374e+06 19.6284 147657 1.00592 4.4506e+06 1.30374e+06 ZonesAtSurface
2024.97 3975 555.323 9 0 1 9 855384 17.7265 54174.2 0.999842 2.30653e+06 855384 ZonesAtSurface
2075.02 3975 455.361 2 0 1 9 1.01742e+06 43.3568 84569.8 1.16252 6.56734e+06 1.01742e+06 ZonesAtSurface
2125.06 3975 355.398 0 0 1 9 627251 33.6776 115783 2.51781 4.97249e+06 627251 ZonesAtSurface
2175.08 3975 355.43 0 0 1 7 1.40429e+06 23.7485 126844 2.72511 3.59223e+06 1.40429e+06 ZonesAtSurface
2225.1 3974.99 305.449 0 0 0 0 642941 35.255 132060 6.62599 2.76123e+06 642941 ZonesAtSurface
2275.12 3974.98 255.464 1 0 0 0 1.19921e+06 25.2202 141937 2.49842 3.2348e+06 1.19921e+06 ZonesAtSurface
2325.13 3974.97 105.47 4 0 0 0 1.15021e+06 36.2972 128411 3.21791 6.61812e+06 1.15021e+06 ZonesAtSurface
2375.13 3974.98 -44.5266 0 0 0 0 711809 31.3413 90737.5 3.14141 7.5846e+06 711809 ZonesAtSurface
2425.11 3974.94 -94.5316 5 0 0 0 1.26296e+06 34.1377 136153 1.09931 1.80385e+07 1.26296e+06 ZonesAtSurface
2475.09 3974.98 -194.535 0 0 0 0 1.14118e+06 29.4031 61801.3 3.32878 9.0738e+06 1.14118e+06 ZonesAtSurface
2525.07 3974.99 -224.541 0 0 0 0 1.24791e+06 34.2707 146949 6.47112 6.70494e+06 1.24791e+06 ZonesAtSurface
2575.04 3974.96 -184.551 0 0 0 0 828838 38.81 78222.2 4.4069 1.0352e+07 828838 ZonesAtSurface
2625.01 3974.95 -144.554 1 0 0 0 777443 19.6428 78384.4 1.0743 1.31539e+07 777443 ZonesAtSurface
2674.98 3974.94 -104.551 0 0 0 0 1.24985e+06 22.3523 119394 1.27409 1.34601e+07 1.24985e+06 ZonesAtSurface
2724.95 3974.94 -64.5419 0 0 0 0 1.41682e+06 25.8764 82328.4 1.51574 1.32948e+07 1.41682e+06 ZonesAtSurface
2774.91 3974.95 -24.5364 0 0 0 0 1.4631e+06 33.1579 102742 3.24037 9.79065e+06 1.4631e+06 ZonesAtSurface
2824.89 3974.95 15.4605 3 0 0 0 806245 23.3211 53829 2.06942 7.67864e+06 806245 ZonesAtSurface
2874.87 3974.94 55.4514 0 0 0 0 1.06826e+06 38.4753 122851 3.26035 9.18943e+06 1.06826e+06 ZonesAtSurface
2924.86 3974.94 95.4401 0 0 0 0 708077 43.3331 73487 3.31032 9.80327e+06 708077 ZonesAtSurface
2974.84 3974.98 85.441 0 0 0 0 531280 27.6014 61734.4 3.43161 5.46489e+06 531280 ZonesAtSurface
3024.85 3974.96 175.423 9 0 0 0 1.35476e+06 26.5444 73073.4 1.67423 7.43943e+06 1.35476e+06 ZonesAtSurface
3074.85 3974.97 215.413 6 0 0 0 1.09708e+06 43.7215 140838 4.1563 5.14511e+06 1.09708e+06 ZonesAtSurface
3124.84 3974.99 205.412 0 0 0 0 503910 15.3947 115448 2.24664 3.44074e+06 503910 ZonesAtSurface
3174.87 3974.96 295.395 0 0 0 0 703218 34.3691 83726 3.27631 3.47531e+06 703218 ZonesAtSurface
3224.86 3974.99 285.39 0 0 0 0 975015 20.96 129163 2.83087 3.6217e+06 975015 ZonesAtSurface
3274.87 3975 325.383 0 0 1 7 941690 28.55 81705.1 3.49919 4.15171e+06 941690 ZonesAtSurface
3324.85 3975 415.364 9 5 1 6 1.35616e+06 33.2557 138977 1.25435 4.28217e+06 1.35616e+06 ZonesAtSurface
3374.87 3975 455.331 1 0 1 6 1.27799e+06 38.5952 77783.2 1.15858 6.58808e+06 1.27799e+06 ZonesAtSurface
3424.86 3975 595.243 2 0 2 4 866259 42.7447 117902 1.45567 3.11143e+06 866259 ZonesAtSurface
3474.9 3975 635.206 2 0 2 4 726390 31.5483 104977 1.06523 2.49211e+06 726390 ZonesAtSurface
3524.94 3975.01 675.173 5 6 2 4 844446 20.3486 133206 1.11462 2.07762e+06 844446 ZonesAtSurface
3574.97 3975.01 665.153 3 0 1 5 851559 36.2158 119485 1.05236 3.64284e+06 851559 ZonesAtSurface
3625.04 3975.01 605.183 4 0 1 7 100000 5 10000 1.52108 566731 100000 ZonesAtSurface
3675.1 3975.01 595.193 10 0 1 8 1.22894e+06 42.9107 74933.4 1.27087 5.08565e+06 1.22894e+06 ZonesAtSurface
3725.13 3975.01 635.172 6 0 1 8 1.05065e+06 16.2521 81019.5 1.22419 2.73609e+06 1.05065e+06 ZonesAtSurface
3775.19 3975 585.192 5 0 1 9 757725 41.5592 143480 1.01865 6.3192e+06 757725 ZonesAtSurface
3825.25 3975 595.176 2 0 1 8 521993 23.1023 50826.2 1.07083 3.17549e+06 521993 ZonesAtSurface
3875.33 3975.01 655.103 7 0 1 6 891418 31.2609 118652 1.05677 4.728e+06 891418 ZonesAtSurface
3925.39 3975.01 665.101 0 4 1 5 1.48357e+06 32.3699 58919.3 1.10698 4.84516e+06 1.48357e+06 ZonesAtSurface
3975.45 3975 625.147 10 0 1 5 1.00074e+06 30.4664 107181 1.03684 3.86752e+06 1.00074e+06 ZonesAtSurface
4025.49 3975.01 635.172 1 0 2 4 652989 31.6512 85409 1.04452 2.80176e+06 652989 ZonesAtSurface
4075.54 3975.01 595.213 2 0 2 4 694602 16.9693 124144 1.03032 2.3098e+06 694602 ZonesAtSurface
4125.55 3975.01 655.232 0 0 2 2 901873 35.2731 106393 1.57031 2.37544e+06 901873 ZonesAtSurface
4175.65 3975 515.312 5 0 1 4 784445 26.0412 86835.9 1.0264 3.03048e+06 784445 ZonesAtSurface
4225.7 3975 475.366 3 0 2 4 100000 5 10000 1.00021 524254 100000 ZonesAtSurface
4275.66 3975 335.441 0 0 1 6 1.34267e+06 36.8077 145897 2.19969 6.18314e+06 1.34267e+06 ZonesAtSurface
4325.68 3975 345.47 7 0 1 5 1.33664e+06 28.2998 107611 1.09301 4.93968e+06 1.33664e+06 ZonesAtSurface
4375.69 3975.01 305.492 1 0 1 5 579017 31.8966 51268.4 1.26186 4.11835e+06 579017 ZonesAtSurface
4425.7 3975.01 315.512 4 6 1 4 1.34179e+06 40.9709 126618 1.44846 3.85688e+06 1.34179e+06 ZonesAtSurface
4475.69 3975.01 225.538 1 0 1 5 694450 24.1767 84142.3 1.04685 3.86973e+06 694450 ZonesAtSurface
4525.68 3975 185.561 6 0 1 5 100000 5 10000 0.969581 565094 100000 ZonesAtSurface
4575.53 3975 45.5855 3 0 1 7 622758 41.087 146328 1.51552 9.62779e+06 622758 ZonesAtSurface
4625.47 3975 5.59362 0 0 1 7 524139 39.2413 72958 2.02899 1.09091e+07 524139 ZonesAtSurface
4675.43 3975 15.6315 23 0 1 6 1.41083e+06 23.0818 144021 1.04956 7.69672e+06 1.41083e+06 ZonesAtSurface
4725.38 3975.01 25.6692 29 0 1 5 967363 41.1074 139410 1.49239 5.37906e+06 967363 ZonesAtSurface
4775.32 3975 35.6975 39 1 1 4 1.29703e+06 31.4075 66482.7 1.80942 4.65297e+06 1.29703e+06 ZonesAtSurface
4825.24 3975 45.7261 71 0 1 3 579637 17.7616 123504 1.04987 2.06202e+06 579637 ZonesAtSurface
4875.15 3975 55.7579 56 0 1 2 1.23935e+06 20.8702 126748 1.64233 2.62551e+06 1.23935e+06 ZonesAtSurface
4925.07 3975 65.7386 82 0 1 1 836859 35.4046 135577 1.38178 5.04251e+06 836859 ZonesAtSurface
74.9666 4025.01 -5.77091 89 27 1 2 1.46665e+06 23.0311 66752.5 1.18385 4.2052e+06 1.46665e+06 ZonesAtSurface
124.851 4025.01 -30.7626 79 0 1 3 1.4231e+06 19.9453 145308 1.29574 3.61787e+06 1.4231e+06 ZonesAtSurface
174.741 4025.01 -5.69717 79 0 1 3 100000 5 10000 1.53354 196138 100000 ZonesAtSurface
224.637 4025.01 -30.7545 68 0 1 4 100000 5 10000 1.13837 526848 100000 ZonesAtSurface
274.524 4025.01 -5.74481 68 36 1 4 1.18572e+06 43.8781 143156 3.40444 2.33993e+06 1.18572e+06 ZonesAtSurface
324.49 4025.01 -30.8166 50 0 1 5 1.18853e+06 27.481 131259 1.05084 5.36737e+06 1.18853e+06 ZonesAtSurface
374.413 4025.01 -5.84553 32 0 1 5 993268 20.411 94871.6 1.14764 3.39413e+06 993268 ZonesAtSurface
424.371 4025.01 19.1329 6 0 2 5 1.21527e+06 41.3272 121075 1.4795 5.34027e+06 1.21527e+06 ZonesAtSurface
474.364 4025.01 -5.89714 6 0 1 6 923522 29.0861 94050.3 1.15808 9.64774e+06 923522 ZonesAtSurface
524.323 4025 19.0888 4 0 1 6 1.40822e+06 20.7526 75561.5 1.01084 7.54616e+06 1.40822e+06 ZonesAtSurface
574.293 4025 44.0754 0 0 1 6 1.21488e+06 27.4572 77751.1 1.31883 7.87302e+06 1.21488e+06 ZonesAtSurface
624.146 4025.02 219.052 7 0 2 3 726212 37.9445 69955.5 1.07952 2.71516e+06 726212 ZonesAtSurface
674.153 4025.01 244.047 7 0 1 3 1.14423e+06 21.693 63674.9 1.07522 3.66081e+06 1.14423e+06 ZonesAtSurface
724.152 4025.02 319.031 0 2 1 2 1.09616e+06 34.1333 77239 1.93514 2.42194e+06 1.09616e+06 ZonesAtSurface
774.16 4025.02 344.013 0 5 2 2 1.06989e+06 33.7868 146829 2.00238 2.40453e+06 1.06989e+06 ZonesAtSurface
824.171 4025.02 368.996 0 0 2 2 1.35891e+06 38.0149 63581.7 3.65521 1.85687e+06 1.35891e+06 ZonesAtSurface
874.185 4025.01 393.983 3 4 2 2 697741 26.9944 126357 1.33996 1.67882e+06 697741 ZonesAtSurface
924.193 4025.01 368.97 0 0 2 3 1.09936e+06 15.1901 136395 1.56308 2.24702e+06 1.09936e+06 ZonesAtSurface
974.208 4025.01 393.958 8 0 2 3 595785 32.7303 79500.6 1.31538 2.34153e+06 595785 ZonesAtSurface
1024.22 4025.01 368.94 0 0 2 4 1.13997e+06 36.2737 110971 2.91178 2.67357e+06 1.13997e+06 ZonesAtSurface
1074.24 4025.01 393.927 7 3 1 4 660882 36.6814 98743.9 1.48699 2.08354e+06 660882 ZonesAtSurface
1124.25 4025 368.906 0 0 2 5 858929 31.3258 79501.6 1.898 3.01801e+06 858929 ZonesAtSurface
1174.27 4025 393.892 1 0 1 5 1.38579e+06 15.7959 142637 1.13988 3.41117e+06 1.38579e+06 ZonesAtSurface
1224.3 4025 418.882 10 5 1 5 774083 42.2213 85511.2 1.09937 3.05046e+06 774083 ZonesAtSurface
1274.32 4025 393.864 0 0 2 6 1.05964e+06 44.1347 70149.1 3.1774 3.4072e+06 1.05964e+06 ZonesAtSurface
1324.35 4025 418.859 7 4 2 6 921724 37.6284 95039.1 1.22659 3.25661e+06 921724 ZonesAtSurface
1374.37 4025 393.842 0 0 2 7 868014 28.8531 89896.1 2.24571 2.72057e+06 868014 ZonesAtSurface
1424.41 4025 468.842 10 1 2 6 1.2197e+06 27.5145 141833 2.27665 2.07303e+06 1.2197e+06 ZonesAtSurface
1474.42 4025 443.815 1 7 1 7 1.21692e+06 41.3468 100770 2.04629 2.92187e+06 1.21692e+06 ZonesAtSurface
1524.48 4025 518.785 5 0 2 6 1.0284e+06 17.1309 84146 1.18377 2.78858e+06 1.0284e+06 ZonesAtSurface
1574.5 4025 493.77 0 4 1 7 1.33741e+06 40.8639 80385.1 1.64794 3.5959e+06 1.33741e+06 ZonesAtSurface
1624.58 4025 418.79 4 0 1 9 100000 5 10000 1.09482 1.19506e+06 100000 ZonesAtSurface
1674.63 4025 443.78 5 0 1 9 100000 5 10000 1.22831 957293 100000 ZonesAtSurface
1724.72 4025 418.801 3 0 1 10 1.24118e+06 18.8697 92454.5 1.02697 5.57765e+06 1.24118e+06 ZonesAtSurface
1774.76 4025 443.795 1 0 1 10 879451 27.7935 53868.8 1.13007 5.81583e+06 879451 ZonesAtSurface
1824.81 4025 468.791 7 0 1 10 776129 38.8643 71917.7 1.01587 5.80288e+06 776129 ZonesAtSurface
1874.86 4025 493.795 5 0 1 10 658809 43.2095 129777 1.01079 5.2345e+06 658809 ZonesAtSurface
1924.9 4025 518.803 7 0 1 10 928767 31.6153 77964.9 1.00967 5.04715e+06 928767 ZonesAtSurface
1974.93 4025.01 593.799 8 0 2 9 100000 5 10000 1.0635 320460 100000 ZonesAtSurface
2024.98 4025 506.328 2 0 1 10 1.05727e+06 32.2418 140408 1.00506 5.31317e+06 1.05727e+06 ZonesAtSurface
2075.02 4025 456.361 2 0 1 9 1.06509e+06 38.1339 107099 1.15174 6.23894e+06 1.06509e+06 ZonesAtSurface
2125.06 4025 406.399 3 0 1 8 635832 38.6844 109081 1.54889 5.141e+06 635832 ZonesAtSurface
2175.08 4025 356.429 0 0 1 7 1.23712e+06 23.2419 59339.7 2.95503 3.00909e+06 1.23712e+06 ZonesAtSurface
2225.09 4024.99 306.447 5 0 0 0 100000 5 10000 1.9311 729456 100000 ZonesAtSurface
2275.11 4024.97 256.46 8 0 0 0 1.09039e+06 43.8206 138817 5.98462 3.67352e+06 1.09039e+06 ZonesAtSurface
2325.13 4024.97 106.465 1 0 0 0 813798 34.711 72881.5 3.11183 6.85488e+06 813798 ZonesAtSurface
2375.13 4024.96 6.47059 4 0 0 0 672352 21.9382 137436 1.16817 9.29688e+06 672352 ZonesAtSurface
2425.11 4024.96 -93.5287 9 0 0 0 1.49385e+06 21.0319 142505 1.05077 1.33542e+07 1.49385e+06 ZonesAtSurface
2475.1 4024.98 -193.528 0 0 0 0 800388 30.5032 78975.6 4.30656 7.66998e+06 800388 ZonesAtSurface
2525.06 4024.93 -173.546 10 0 0 0 1.34212e+06 27.7577 123797 1.77406 1.02585e+07 1.34212e+06 ZonesAtSurface
2575.03 4024.97 -183.533 0 0 0 0 1.24036e+06 36.0963 114334 4.6473 9.06015e+06 1.24036e+06 ZonesAtSurface
2625 4024.96 -143.536 0 0 0 0 839287 32.3293 96902.7 3.23033 9.75697e+06 839287 ZonesAtSurface
2674.97 4024.95 -103.532 0 0 0 0 1.29114e+06 27.5034 87013.4 2.4619 1.00871e+07 1.29114e+06 ZonesAtSurface
2724.93 4024.95 -63.5212 0 0 0 0 1.26614e+06 41.1409 129653 4.19615 1.09238e+07 1.26614e+06 ZonesAtSurface
2774.9 4024.96 -23.519 3 0 0 0 534812 23.6959 120938 1.5352 8.37022e+06 534812 ZonesAtSurface
2824.87 4024.96 16.4705 0 0 0 0 696830 38.308 87139.4 4.29125 6.55373e+06 696830 ZonesAtSurface
2874.85 4024.99 6.46667 0 0 0 0 1.38126e+06 18.4468 128334 4.24949 3.59964e+06 1.38126e+06 ZonesAtSurface
2924.84 4024.99 46.4551 0 0 0 0 672198 17.0622 98403.4 2.67553 4.24352e+06 672198 ZonesAtSurface
2974.83 4024.99 86.4449 0 0 0 0 1.49327e+06 41.3786 73947 10 4.45248e+06 1.49327e+06 ZonesAtSurface
3024.84 4024.96 176.426 8 0 0 0 1.07289e+06 19.4893 133817 2.09746 6.59386e+06 1.07289e+06 ZonesAtSurface
3074.84 4024.97 216.417 0 0 0 0 1.33771e+06 20.3144 64502.3 2.83124 4.61159e+06 1.33771e+06 ZonesAtSurface
3124.85 4024.97 256.408 0 0 0 0 1.14986e+06 27.5826 125335 3.78408 4.07127e+06 1.14986e+06 ZonesAtSurface
3174.86 4024.97 296.398 0 0 0 0 1.39379e+06 29.4558 55660.6 3.48901 4.45181e+06 1.39379e+06 ZonesAtSurface
3224.9 4024.97 336.387 8 0 0 0 1.01158e+06 30.0776 60856.9 1.86263 6.23503e+06 1.01158e+06 ZonesAtSurface
3274.87 4025 326.379 0 0 1 7 1.15023e+06 37.9258 139620 6.52446 4.39686e+06 1.15023e+06 ZonesAtSurface
3324.84 4024.99 416.356 5 0 1 6 100000 5 10000 1.05583 491428 100000 ZonesAtSurface
3374.83 4025 556.286 3 5 2 4 891364 22.7988 96818.7 1.4118 1.938e+06 891364 ZonesAtSurface
3424.87 4025.01 596.247 5 0 2 4 664768 26.6144 97947.5 1.03786 2.29296e+06 664768 ZonesAtSurface
3474.91 4025.01 636.214 1 9 2 4 1.40041e+06 21.7564 140767 1.15152 3.45417e+06 1.40041e+06 ZonesAtSurface
3524.93 4025.01 626.192 5 1 2 5 1.0256e+06 31.2522 81160.6 1.07841 3.27563e+06 1.0256e+06 ZonesAtSurface
3574.96 4025.01 616.172 4 0 2 6 746954 44.5781 102900 1.17398 3.9053e+06 746954 ZonesAtSurface
3625.01 4025.01 606.169 5 0 2 7 593744 32.5036 52788.4 1.25137 2.98402e+06 593744 ZonesAtSurface
3675.11 4025.01 546.209 4 0 1 9 1.05546e+06 29.3042 72642.7 1.07657 6.68094e+06 1.05546e+06 ZonesAtSurface
3725.16 4025.01 536.209 2 0 1 10 837600 31.7449 73956.1 1.02714 7.44896e+06 837600 ZonesAtSurface
3775.18 4025.01 636.161 5 0 1 8 100000 5 10000 1.21742 563644 100000 ZonesAtSurface
3825.25 4025 596.18 1 0 1 8 588188 31.9204 110730 1.14687 3.79728e+06 588188 ZonesAtSurface
3875.33 4025 656.103 6 0 1 6 609580 34.9813 146193 1.16068 4.3466e+06 609580 ZonesAtSurface
3925.37 4025 716.057 6 0 2 4 100000 5 10000 1.03449 336698 100000 ZonesAtSurface
3975.46 4025 576.176 6 0 1 6 1.18304e+06 20.3225 131590 1.02197 4.57286e+06 1.18304e+06 ZonesAtSurface
4025.5 4025.01 586.198 0 0 1 5 956057 43.787 94813.8 1.02316 4.59799e+06 956057 ZonesAtSurface
4075.52 4025.01 646.202 0 10 2 3 1.03154e+06 43.9568 146580 2.78012 1.54812e+06 1.03154e+06 ZonesAtSurface
4125.59 4025.01 556.263 3 0 1 4 795562 31.0693 88293.3 1.03837 3.45556e+06 795562 ZonesAtSurface
4175.63 4025.01 566.286 0 4 2 3 1.12568e+06 37.5823 125554 1.31371 3.28061e+06 1.12568e+06 ZonesAtSurface
4225.68 4025 526.329 0 1 2 3 1.39595e+06 17.5448 67017 1.25903 3.05901e+06 1.39595e+06 ZonesAtSurface
4275.71 4025 436.409 2 0 2 4 1.20157e+06 23.2162 124760 1.08171 4.73806e+06 1.20157e+06 ZonesAtSurface
4325.69 4025.01 346.464 6 0 1 5 783683 43.2218 63279.1 1.12829 6.0375e+06 783683 ZonesAtSurface
4375.67 4025.01 256.498 6 0 1 6 575089 25.5827 90603.3 1.03939 5.57623e+06 575089 ZonesAtSurface
4425.69 4025.03 316.52 2 7 1 4 1.29434e+06 35.3579 133958 1.58853 2.97823e+06 1.29434e+06 ZonesAtSurface
4475.7 4025.02 276.534 5 0 2 4 1.16182e+06 22.8629 101440 1.09728 3.12176e+06 1.16182e+06 ZonesAtSurface
4525.7 4025.01 236.549 5 2 2 4 729091 25.9821 127330 1.14666 1.92221e+06 729091 ZonesAtSurface
4575.65 4025 146.58 3 0 2 5 886763 40.4303 119355 1.13025 4.44521e+06 886763 ZonesAtSurface
4625.46 4025.01 6.58633 0 0 1 7 610701 42.6239 125973 2.98232 9.71092e+06 610701 ZonesAtSurface
4675.44 4025 16.6177 25 0 1 6 503434 18.9797 110812 1.04523 6.56716e+06 503434 ZonesAtSurface
4725.37 4025.01 26.6625 31 0 1 5 1.46458e+06 33.3205 96827.6 1.3197 5.80464e+06 1.46458e+06 ZonesAtSurface
4775.3 4025.01 36.696 51 0 1 4 1.06601e+06 17.3303 111589 1.55803 3.48361e+06 1.06601e+06 ZonesAtSurface
4825.22 4025 46.7128 34 0 2 3 524621 35.6734 143144 1.02448 3.70733e+06 524621 ZonesAtSurface
4875.15 4025.01 56.7264 79 0 1 2 1.06716e+06 24.4361 90236.4 2.48722 2.4676e+06 1.06716e+06 ZonesAtSurface
4925.07 4025.01 66.7255 86 0 1 1 586231 32.3256 148272 1.29022 3.77472e+06 586231 ZonesAtSurface
74.9745 4075.01 -4.73164 89 1 1 2 100000 5 10000 1.13795 309726 100000 ZonesAtSurface
124.813 4075.01 -29.7384 79 0 1 3 100000 5 10000 1.22595 399200 100000 ZonesAtSurface
174.696 4075.02 -4.70546 79 50 1 3 643984 39.2734 117216 3.59898 1.25641e+06 643984 ZonesAtSurface
224.629 4075.02 -29.7712 60 0 1 4 801767 44.3274 64834.6 1.3697 5.86328e+06 801767 ZonesAtSurface
274.561 4075.02 -4.76422 58 9 1 4 917988 36.0013 115606 2.08719 2.44453e+06 917988 ZonesAtSurface
324.507 4075.01 -29.826 45 0 1 5 1.11222e+06 33.6707 132296 1.09443 5.6294e+06 1.11222e+06 ZonesAtSurface
374.438 4075.01 -4.849 39 0 1 5 1.09691e+06 15.314 108336 1.21444 3.57277e+06 1.09691e+06 ZonesAtSurface
424.429 4075.01 -29.8914 18 0 1 6 1.35992e+06 15.0172 124287 1.02654 6.517e+06 1.35992e+06 ZonesAtSurface
474.379 4075.01 -4.89986 14 0 1 6 1.40273e+06 29.9634 114760 1.19886 1.05704e+07 1.40273e+06 ZonesAtSurface
524.334 4075.01 20.0859 0 0 1 6 997722 37.5968 64672.8 1.72662 9.10572e+06 997722 ZonesAtSurface
574.249 4075.01 95.0773 10 0 1 5 742640 37.0646 108406 1.02852 7.40364e+06 742640 ZonesAtSurface
624.159 4075.02 220.055 10 8 1 3 1.31169e+06 35.9888 95580.1 1.61032 3.17755e+06 1.31169e+06 ZonesAtSurface
674.185 4075.01 195.049 3 0 1 4 660686 36.5011 77568.6 1.25741 5.33866e+06 660686 ZonesAtSurface
724.169 4075.01 270.034 2 0 1 3 565938 29.2626 137635 1.26146 3.55643e+06 565938 ZonesAtSurface
774.172 4075.01 295.015 0 0 1 3 1.0452e+06 28.5148 99363.9 2.0033 3.2184e+06 1.0452e+06 ZonesAtSurface
824.178 4075.01 319.998 3 0 1 3 833637 19.7191 73082.9 1.43936 2.73778e+06 833637 ZonesAtSurface
874.188 4075.01 344.983 0 0 2 3 1.32351e+06 29.6057 148964 3.29593 2.23601e+06 1.32351e+06 ZonesAtSurface
924.202 4075.01 369.972 0 0 1 3 1.34809e+06 38.7403 137271 4.00477 2.10391e+06 1.34809e+06 ZonesAtSurface
974.219 4075.01 394.961 0 0 1 3 700697 42.6818 59605.9 3.0018 2.23209e+06 700697 ZonesAtSurface
1024.23 4075.01 369.94 0 0 1 4 963169 23.4107 133460 1.67022 2.73417e+06 963169 ZonesAtSurface
1074.25 4075.01 394.924 5 0 2 4 1.21151e+06 23.2847 118553 1.56743 3.03627e+06 1.21151e+06 ZonesAtSurface
1124.27 4075 419.907 9 0 2 4 1.06406e+06 30.4552 108407 1.72164 2.753e+06 1.06406e+06 ZonesAtSurface
1174.29 4075 444.89 10 1 1 4 1.26689e+06 31.23 144374 1.37582 3.22163e+06 1.26689e+06 ZonesAtSurface
1224.3 4075 369.87 0 0 1 6 1.42089e+06 41.9688 92408 4.77059 3.40953e+06 1.42089e+06 ZonesAtSurface
1274.33 4075 394.858 0 0 1 6 1.0417e+06 17.444 91294.7 1.14938 3.55548e+06 1.0417e+06 ZonesAtSurface
1324.35 4075 419.852 6 0 1 6 1.4824e+06 17.8294 74835.9 1.2754 3.617e+06 1.4824e+06 ZonesAtSurface
1374.38 4075 444.846 10 0 2 6 896392 39.1725 87703.9 1.92461 3.12164e+06 896392 ZonesAtSurface
1424.4 4075 419.823 6 0 2 7 973193 20.2252 57094.7 1.27604 3.20711e+06 973193 ZonesAtSurface
1474.43 4075 444.808 0 0 1 7 1.2996e+06 43.6884 64267.4 2.71905 3.12288e+06 1.2996e+06 ZonesAtSurface
1524.47 4075 469.789 0 4 1 7 1.47481e+06 39.1952 148937 1.67221 3.63268e+06 1.47481e+06 ZonesAtSurface
1574.49 4075 444.763 0 0 2 8 1.33333e+06 39.4164 96336.4 2.88196 3.88951e+06 1.33333e+06 ZonesAtSurface
1624.55 4075 419.765 0 0 1 9 100000 5 10000 1.20539 1.09928e+06 100000 ZonesAtSurface
1674.65 4075 394.794 2 0 1 10 100000 5 10000 1.28398 1.28097e+06 100000 ZonesAtSurface
1724.64 4075 469.749 1 0 2 9 100000 5 10000 1.08855 659116 100000 ZonesAtSurface
1774.69 4075 494.741 4 0 2 9 100000 5 10000 1.14042 609576 100000 ZonesAtSurface
1824.74 4074.99 519.739 6 0 2 9 100000 5 10000 1.2009 509376 100000 ZonesAtSurface
1874.8 4075 544.746 0 0 2 9 100000 5 10000 1.10909 572036 100000 ZonesAtSurface
1924.89 4075 519.794 1 0 1 10 100000 5 10000 1.18935 888062 100000 ZonesAtSurface
1974.94 4075 544.805 7 0 1 10 100000 5 10000 1.08336 807652 100000 ZonesAtSurface
2024.98 4075 507.326 3 0 1 10 887927 21.6156 68012.9 1.01437 4.69415e+06 887927 ZonesAtSurface
2075.02 4075 457.361 3 0 1 9 1.39986e+06 34.8895 102377 1.21707 6.27581e+06 1.39986e+06 ZonesAtSurface
2125.05 4075 407.398 0 0 1 8 1.1161e+06 29.454 61536.9 1.55658 4.91436e+06 1.1161e+06 ZonesAtSurface
2175.08 4075 357.427 0 0 1 7 766310 36.8058 133056 5.32371 3.36209e+06 766310 ZonesAtSurface
2225.09 4074.99 307.445 0 0 0 0 1.47555e+06 42.19 106014 10 2.34823e+06 1.47555e+06 ZonesAtSurface
2275.12 4074.97 207.456 0 0 0 0 1.20421e+06 43.3401 116130 10 3.18837e+06 1.20421e+06 ZonesAtSurface
2325.13 4074.96 107.465 0 0 0 0 742296 20.2326 123984 2.13833 5.07465e+06 742296 ZonesAtSurface
2375.13 4074.96 7.47334 0 0 0 0 762609 23.7812 76111 1.84466 8.12798e+06 762609 ZonesAtSurface
2425.13 4075 -142.521 0 0 0 0 787175 44.4644 90347.4 10 5.40506e+06 787175 ZonesAtSurface
2475.1 4074.99 -192.522 0 0 0 0 698285 42.7242 107861 8.72893 7.52447e+06 698285 ZonesAtSurface
2525.06 4074.94 -172.53 0 0 0 0 1.40871e+06 42.8472 118773 5.39243 9.60325e+06 1.40871e+06 ZonesAtSurface
2575.03 4074.97 -182.517 0 0 0 0 842559 23.7184 123965 2.30685 9.28022e+06 842559 ZonesAtSurface
2624.99 4074.96 -142.52 0 0 0 0 1.46463e+06 19.4312 113158 1.83338 9.43182e+06 1.46463e+06 ZonesAtSurface
2674.95 4074.86 -52.5289 8 0 0 0 1.27792e+06 38.887 144822 1.4004 1.56205e+07 1.27792e+06 ZonesAtSurface
2724.92 4074.95 -62.5114 0 0 0 0 971089 41.603 147098 4.58504 1.09956e+07 971089 ZonesAtSurface
2774.89 4074.96 -22.5109 4 0 0 0 938250 22.6908 93255.1 1.7691 8.41825e+06 938250 ZonesAtSurface
2824.86 4074.96 17.4804 10 0 0 0 805645 43.7499 87503.6 7.81092 3.76308e+06 805645 ZonesAtSurface
2874.85 4074.96 57.4668 10 0 0 0 656604 30.8895 97782.4 2.95019 3.8892e+06 656604 ZonesAtSurface
2924.84 4074.96 97.4527 10 0 0 0 763368 42.8974 115661 5.33362 3.50276e+06 763368 ZonesAtSurface
2974.83 4074.99 87.4477 0 0 0 0 1.33049e+06 44.9415 144287 10 4.54908e+06 1.33049e+06 ZonesAtSurface
3024.84 4074.96 177.422 5 0 0 0 845086 18.898 73897.2 1.31338 7.48281e+06 845086 ZonesAtSurface
3074.84 4074.96 217.405 0 0 0 0 1.03961e+06 41.6156 86919.1 4.11237 9.6134e+06 1.03961e+06 ZonesAtSurface
3124.84 4075 207.405 0 0 0 0 1.1791e+06 44.7792 73275.7 10 3.85969e+06 1.1791e+06 ZonesAtSurface
3174.87 4074.96 297.388 1 0 0 0 100000 5 10000 1.00359 2.09079e+06 100000 ZonesAtSurface
3224.86 4074.99 287.382 0 0 0 0 1.41665e+06 38.0951 111393 10 3.63738e+06 1.41665e+06 ZonesAtSurface
3274.87 4074.99 327.371 0 0 1 7 879962 20.917 116336 3.41653 3.47349e+06 879962 ZonesAtSurface
3324.84 4074.99 417.352 10 0 1 6 1.21974e+06 41.5229 76513.5 1.32663 5.45936e+06 1.21974e+06 ZonesAtSurface
3374.84 4075.01 557.288 4 8 2 4 1.0151e+06 41.2999 85406.6 1.68703 2.6744e+06 1.0151e+06 ZonesAtSurface
3424.88 4075.01 597.254 3 7 2 4 1.17221e+06 18.6154 98483.4 1.2852 2.4946e+06 1.17221e+06 ZonesAtSurface
3474.91 4075.01 587.228 5 0 1 5 917590 33.7023 61912 1.05876 4.16352e+06 917590 ZonesAtSurface
3524.93 4075.01 577.204 0 0 1 6 599114 36.9937 78942.1 1.0118 4.28454e+06 599114 ZonesAtSurface
3574.97 4075.01 617.181 5 0 2 6 1.47972e+06 23.7953 59869.3 1.04665 4.3042e+06 1.47972e+06 ZonesAtSurface
3625.02 4075 557.183 5 0 1 8 100000 5 10000 1.20673 832248 100000 ZonesAtSurface
3675.09 4075 547.195 4 0 1 9 100000 5 10000 1.24323 1.07338e+06 100000 ZonesAtSurface
3725.13 4075 587.176 8 0 1 9 100000 5 10000 1.14503 937799 100000 ZonesAtSurface
3775.19 4075.01 587.179 4 0 1 9 100000 5 10000 1.37957 691936 100000 ZonesAtSurface
3825.25 4075 597.175 3 0 1 8 1.3729e+06 36.996 77399 1.1559 6.54749e+06 1.3729e+06 ZonesAtSurface
3875.29 4075 707.037 9 0 2 5 966224 19.3877 52616.2 1.04656 2.78461e+06 966224 ZonesAtSurface
3925.36 4075 717.042 10 2 2 4 702626 28.7918 106731 1.09026 2.06316e+06 702626 ZonesAtSurface
3975.46 4075 577.177 6 0 1 6 1.41898e+06 29.7706 65802.5 1.02467 5.88507e+06 1.41898e+06 ZonesAtSurface
4025.51 4075 537.223 7 0 1 6 1.16698e+06 25.5478 106652 1.00594 5.1892e+06 1.16698e+06 ZonesAtSurface
4075.55 4075 497.27 1 0 1 6 938317 21.0573 76872.4 1.03039 4.17755e+06 938317 ZonesAtSurface
4125.59 4075.01 507.296 5 0 1 5 989824 35.5263 66862.8 1.06627 4.7994e+06 989824 ZonesAtSurface
4175.62 4075.01 567.295 1 2 2 3 945278 33.6893 81879.1 1.07344 3.18506e+06 945278 ZonesAtSurface
4225.67 4075.01 527.329 3 3 2 3 908350 19.662 95492.2 1.19087 2.16057e+06 908350 ZonesAtSurface
4275.71 4075.01 437.397 3 0 2 4 100000 5 10000 1.07603 457228 100000 ZonesAtSurface
4325.7 4075.01 347.458 7 0 1 5 983002 21.1219 67492.3 1.05073 3.57752e+06 983002 ZonesAtSurface
4375.66 4075.01 257.503 6 0 1 6 689623 34.7791 100342 1.1021 6.99353e+06 689623 ZonesAtSurface
4425.66 4075.01 217.53 0 0 1 6 902154 39.5217 131957 1.5286 5.84985e+06 902154 ZonesAtSurface
4475.64 4075.01 177.545 9 0 1 6 1.14148e+06 32.314 84500.3 1.25668 6.22735e+06 1.14148e+06 ZonesAtSurface
4525.66 4075.02 187.564 5 0 1 5 667608 25.7175 117890 1.34841 3.1691e+06 667608 ZonesAtSurface
4575.65 4075.01 147.579 0 0 2 5 100000 5 10000 0.947857 482461 100000 ZonesAtSurface
4625.52 4075.01 57.5967 2 0 1 6 562255 35.2106 96772.2 1.03097 7.52484e+06 562255 ZonesAtSurface
4675.44 4075.01 17.6085 25 0 1 6 1.23022e+06 21.4059 131395 1.05847 9.5039e+06 1.23022e+06 ZonesAtSurface
4725.36 4075.01 27.6605 36 0 1 5 563889 32.1296 138778 1.22565 4.95785e+06 563889 ZonesAtSurface
4775.29 4075.01 37.6852 40 0 1 4 1.13231e+06 39.4079 134868 1.5964 6.2957e+06 1.13231e+06 ZonesAtSurface
4825.2 4075.01 47.7024 45 0 1 3 1.13397e+06 35.8458 51944.4 1.10895 5.30868e+06 1.13397e+06 ZonesAtSurface
4875.15 4075.02 57.7042 70 0 1 2 514612 44.1032 87440.2 2.36131 3.3067e+06 514612 ZonesAtSurface
4925.08 4075.01 67.7167 68 0 1 1 1.38039e+06 21.8813 60777.7 1.35801 4.24602e+06 1.38039e+06 ZonesAtSurface
74.9871 4125.01 -3.68966 88 10 1 2 100000 5 10000 0.881914 414528 100000 ZonesAtSurface
124.782 4125.02 -28.7173 79 40 1 3 1.4783e+06 26.8269 142422 1.20035 4.15427e+06 1.4783e+06 ZonesAtSurface
174.686 4125.03 -3.71988 48 57 1 3 1.19123e+06 44.4541 139274 2.74331 2.73848e+06 1.19123e+06 ZonesAtSurface
224.627 4125.02 -28.7811 44 0 1 4 1.15889e+06 43.3405 113946 1.21909 6.10576e+06 1.15889e+06 ZonesAtSurface
274.568 4125.02 -3.78325 64 0 1 4 1.09958e+06 18.0578 116136 2.0883 1.70938e+06 1.09958e+06 ZonesAtSurface
324.519 4125.02 -28.8431 39 0 1 5 1.45616e+06 37.2194 114148 1.08638 8.2896e+06 1.45616e+06 ZonesAtSurface
374.458 4125.02 -3.85219 41 2 1 5 1.49967e+06 20.4135 77700.8 1.24468 3.95194e+06 1.49967e+06 ZonesAtSurface
424.442 4125.01 -28.8944 6 0 1 6 818210 21.6259 109040 1.00368 6.7515e+06 818210 ZonesAtSurface
474.387 4125.01 -3.90542 2 0 1 6 1.45751e+06 41.0461 131439 1.56716 1.18917e+07 1.45751e+06 ZonesAtSurface
524.278 4125.01 71.0828 8 0 1 5 1.36058e+06 17.9278 51935.5 1.09074 4.04086e+06 1.36058e+06 ZonesAtSurface
574.259 4125.01 96.0743 9 0 1 5 593617 36.5248 78738.7 1.01825 7.21304e+06 593617 ZonesAtSurface
624.202 4125.01 171.061 2 0 1 4 1.41026e+06 42.17 54094.3 1.61291 5.80124e+06 1.41026e+06 ZonesAtSurface
674.172 4125.01 246.047 0 2 2 3 1.49535e+06 35.9614 131256 1.51455 4.279e+06 1.49535e+06 ZonesAtSurface
724.147 4125.01 321.019 3 0 2 2 100000 5 10000 0.930504 298537 100000 ZonesAtSurface
774.16 4125.01 346.002 4 0 2 2 100000 5 10000 0.966757 387214 100000 ZonesAtSurface
824.172 4125.01 370.985 8 0 2 2 100000 5 10000 0.975877 425574 100000 ZonesAtSurface
874.185 4125.01 395.968 5 0 2 2 100000 5 10000 1.01926 439997 100000 ZonesAtSurface
924.21 4125.01 370.965 6 0 1 3 770369 16.7282 97195.7 1.24872 2.60553e+06 770369 ZonesAtSurface
974.221 4125.01 345.95 0 0 1 4 1.46846e+06 25.6334 131644 3.27056 2.40657e+06 1.46846e+06 ZonesAtSurface
1024.24 4125 370.933 0 0 1 4 1.37059e+06 33.7977 141022 3.42105 2.65162e+06 1.37059e+06 ZonesAtSurface
1074.25 4125 395.914 0 0 1 4 1.30691e+06 30.3999 73104.7 2.33718 2.88028e+06 1.30691e+06 ZonesAtSurface
1124.28 4125 420.894 0 0 1 4 1.34448e+06 25.069 63306.6 1.90032 2.98013e+06 1.34448e+06 ZonesAtSurface
1174.3 4125 445.875 2 0 2 4 1.22933e+06 20.1344 62273.2 1.22036 3.16715e+06 1.22933e+06 ZonesAtSurface
1224.32 4125 420.86 0 0 1 5 1.13297e+06 37.5154 101956 2.17511 3.82008e+06 1.13297e+06 ZonesAtSurface
1274.33 4125 395.847 0 0 1 6 1.28738e+06 30.4448 57158.2 2.1247 4.02118e+06 1.28738e+06 ZonesAtSurface
1324.36 4125 420.837 0 0 2 6 1.07827e+06 26.4869 115300 1.41997 3.79481e+06 1.07827e+06 ZonesAtSurface
1374.39 4125 445.831 2 0 1 6 1.0093e+06 40.7 81384.2 1.82345 3.64684e+06 1.0093e+06 ZonesAtSurface
1424.41 4125 420.813 0 0 1 7 1.24493e+06 38.2568 128468 2.49966 4.02092e+06 1.24493e+06 ZonesAtSurface
1474.44 4125 445.801 1 0 1 7 1.36126e+06 30.7369 83061.9 1.54979 3.97492e+06 1.36126e+06 ZonesAtSurface
1524.46 4125 420.778 0 0 1 8 793329 21.5629 134350 1.17855 4.16031e+06 793329 ZonesAtSurface
1574.52 4125 495.774 5 7 1 7 1.35175e+06 32.0451 109004 1.34434 3.48216e+06 1.35175e+06 ZonesAtSurface
1624.54 4125 470.752 5 0 1 8 1.07849e+06 44.8121 85312.2 1.14114 4.93753e+06 1.07849e+06 ZonesAtSurface
1674.63 4125 395.773 1 0 1 10 100000 5 10000 1.03897 1.51378e+06 100000 ZonesAtSurface
1724.68 4125 420.764 2 0 1 10 100000 5 10000 1.01525 1.52292e+06 100000 ZonesAtSurface
1774.72 4125 445.756 1 0 1 10 100000 5 10000 1.00331 1.45418e+06 100000 ZonesAtSurface
1824.73 4125 520.726 5 0 1 9 547069 40.2565 80324.3 1.00331 2.43074e+06 547069 ZonesAtSurface
1874.78 4125 545.734 0 5 2 9 1.31859e+06 44.9998 104866 1.16388 5.07223e+06 1.31859e+06 ZonesAtSurface
1924.84 4125 570.752 0 5 2 9 945818 26.619 133774 1.18982 2.41045e+06 945818 ZonesAtSurface
1974.91 4125 595.777 6 9 2 9 894726 35.3416 66574.9 1.14606 2.87556e+06 894726 ZonesAtSurface
2024.98 4125 508.322 6 0 1 10 1.15426e+06 26.9813 74672.8 1.0682 5.51266e+06 1.15426e+06 ZonesAtSurface
2075.02 4125 408.36 2 0 1 10 930747 15.1645 78172.2 1.03762 4.71976e+06 930747 ZonesAtSurface
2125.06 4125 408.397 9 0 1 8 868278 37.162 61051.8 1.83858 5.04916e+06 868278 ZonesAtSurface
2175.08 4125 358.427 0 0 1 7 1.00967e+06 17.9449 83844 1.49965 3.76455e+06 1.00967e+06 ZonesAtSurface
2225.09 4124.98 308.445 0 0 0 0 847019 34.0544 54061.9 4.99622 3.0167e+06 847019 ZonesAtSurface
2275.12 4124.97 208.457 0 0 0 0 991513 39.8102 112802 3.43171 6.19266e+06 991513 ZonesAtSurface
2325.13 4124.95 108.466 8 0 0 0 1.29056e+06 19.3745 133899 2.41575 5.11189e+06 1.29056e+06 ZonesAtSurface
2375.14 4124.95 8.47311 5 0 0 0 767218 15.777 82099.2 1.34173 7.41398e+06 767218 ZonesAtSurface
2425.13 4124.99 -141.521 0 0 0 0 1.35445e+06 29.9819 146837 6.43942 5.45671e+06 1.35445e+06 ZonesAtSurface
2475.1 4124.99 -191.518 0 0 0 0 914906 39.834 71697.3 7.27139 7.66164e+06 914906 ZonesAtSurface
2525.06 4124.94 -171.52 0 0 0 0 1.42947e+06 31.9501 90401 2.56405 1.07522e+07 1.42947e+06 ZonesAtSurface
2575.01 4124.91 -131.522 5 0 0 0 889854 34.0287 130644 1.22046 1.41492e+07 889854 ZonesAtSurface
2624.98 4124.97 -141.512 0 0 0 0 1.40552e+06 42.2387 74807 6.86586 8.07629e+06 1.40552e+06 ZonesAtSurface
2674.94 4124.96 -101.522 0 0 0 0 1.3865e+06 27.2467 51710.4 1.98606 1.15344e+07 1.3865e+06 ZonesAtSurface
2724.92 4124.95 -61.5251 0 0 0 0 1.1116e+06 34.135 96530 2.23513 1.37024e+07 1.1116e+06 ZonesAtSurface
2774.89 4124.94 -21.5251 1 0 0 0 731280 32.6366 54855.6 1.94102 1.43004e+07 731280 ZonesAtSurface
2824.87 4124.99 -31.5237 0 0 0 0 536434 37.0335 55984.5 6.35914 6.89716e+06 536434 ZonesAtSurface
2874.85 4124.96 58.4653 0 0 0 0 619096 29.5975 67057.2 2.70057 7.67383e+06 619096 ZonesAtSurface
2924.84 4124.96 98.4516 0 0 0 0 1.11282e+06 34.0728 63362.7 3.6474 7.44059e+06 1.11282e+06 ZonesAtSurface
2974.83 4125 88.4443 0 0 0 0 1.21907e+06 38.7835 125093 8.31716 4.88956e+06 1.21907e+06 ZonesAtSurface
3024.83 4125 128.429 0 0 0 0 921444 18.9299 139004 4.2292 3.27471e+06 921444 ZonesAtSurface
3074.83 4125 168.411 0 0 0 0 1.21437e+06 29.1397 88157.8 7.62969 3.61639e+06 1.21437e+06 ZonesAtSurface
3124.86 4124.95 258.37 7 0 0 0 100000 5 10000 0.992585 2.55617e+06 100000 ZonesAtSurface
3174.85 4124.99 248.381 8 0 0 0 100000 5 10000 1.0657 2.42923e+06 100000 ZonesAtSurface
3224.88 4124.96 338.377 0 0 0 0 740380 38.1537 135643 2.62913 8.24847e+06 740380 ZonesAtSurface
3274.87 4124.99 378.375 0 0 1 6 687947 41.6278 97684.2 4.0245 7.21691e+06 687947 ZonesAtSurface
3324.85 4125 418.354 6 0 1 6 641112 35.1979 137001 1.09302 5.31447e+06 641112 ZonesAtSurface
3374.86 4125 458.314 9 0 1 6 1.35706e+06 15.86 138542 1.08702 5.04555e+06 1.35706e+06 ZonesAtSurface
3424.9 4125.02 598.261 7 7 2 4 1.04542e+06 21.6826 56823.2 1.31811 2.31714e+06 1.04542e+06 ZonesAtSurface
3474.92 4125.01 588.235 4 0 2 5 729498 44.1705 100105 1.0995 3.5417e+06 729498 ZonesAtSurface
3524.94 4125.01 528.213 0 0 1 7 1.49113e+06 37.1641 77764.3 2.20884 5.19726e+06 1.49113e+06 ZonesAtSurface
3574.97 4125.01 568.188 6 0 1 7 776691 29.6006 131741 1.0105 4.75917e+06 776691 ZonesAtSurface
3625.01 4125 608.168 4 3 2 7 1.20632e+06 28.3112 67359 1.18327 3.33386e+06 1.20632e+06 ZonesAtSurface
3675.05 4125 598.158 4 0 2 8 919956 19.0453 121668 1.02708 2.76151e+06 919956 ZonesAtSurface
3725.1 4125 588.154 4 0 1 9 1.21976e+06 29.7525 90297.2 1.1031 5.69204e+06 1.21976e+06 ZonesAtSurface
3775.18 4125 588.161 7 0 1 9 100000 5 10000 1.12936 671012 100000 ZonesAtSurface
3825.22 4125 648.109 0 0 2 7 1.45276e+06 21.4591 58380.1 1.0335 4.82201e+06 1.45276e+06 ZonesAtSurface
3875.28 4125 708.027 9 1 2 5 1.36564e+06 17.5321 73060.3 1.05492 3.54662e+06 1.36564e+06 ZonesAtSurface
3925.34 4125 718.035 2 4 2 4 1.37797e+06 20.9771 68559.8 1.25345 3.22965e+06 1.37797e+06 ZonesAtSurface
3975.46 4125 578.176 7 0 1 6 779137 32.1425 134261 1.11395 6.7725e+06 779137 ZonesAtSurface
4025.51 4125 588.201 7 0 1 5 1.03182e+06 37.398 97901.3 1.05734 3.9371e+06 1.03182e+06 ZonesAtSurface
4075.54 4125 448.295 3 0 1 7 1.27785e+06 24.8812 119662 1.01279 6.51103e+06 1.27785e+06 ZonesAtSurface
4125.59 4125.01 458.315 4 0 1 6 1.38368e+06 42.0608 68996.6 1.06561 7.39664e+06 1.38368e+06 ZonesAtSurface
4175.61 4125.01 568.307 2 8 2 3 1.21846e+06 27.1191 142219 1.34304 2.81083e+06 1.21846e+06 ZonesAtSurface
4225.66 4125.01 528.335 7 10 2 3 1.05556e+06 29.2559 89735.7 1.27405 2.72774e+06 1.05556e+06 ZonesAtSurface
4275.7 4125.01 488.366 6 10 2 3 933111 33.8518 64885.6 1.46307 2.40031e+06 933111 ZonesAtSurface
4325.67 4125.01 298.469 1 0 1 6 1.20862e+06 34.2183 115480 1.16111 7.55634e+06 1.20862e+06 ZonesAtSurface
4375.66 4125.01 258.506 6 0 1 6 1.25537e+06 35.3519 88561.1 1.08053 7.62529e+06 1.25537e+06 ZonesAtSurface
4425.65 4125.01 218.534 8 0 1 6 692900 30.037 70859.3 1.03879 3.95468e+06 692900 ZonesAtSurface
4475.6 4125.01 128.541 2 0 1 7 1.11507e+06 27.263 125107 1.26483 7.25856e+06 1.11507e+06 ZonesAtSurface
4525.62 4125.02 138.566 9 0 1 6 1.03868e+06 35.8438 135634 1.1787 6.72321e+06 1.03868e+06 ZonesAtSurface
4575.68 4125.03 198.568 8 7 2 4 1.04811e+06 26.9299 143233 2.36826 1.36508e+06 1.04811e+06 ZonesAtSurface
4625.46 4125.01 8.57833 0 0 1 7 1.30223e+06 16.9039 73987 1.02689 8.64742e+06 1.30223e+06 ZonesAtSurface
4675.43 4125.02 18.6107 25 0 1 6 511212 21.8627 91537.9 1.06749 7.0096e+06 511212 ZonesAtSurface
4725.36 4125.01 28.6576 36 0 1 5 1.17372e+06 17.8932 91305.3 1.15431 4.1757e+06 1.17372e+06 ZonesAtSurface
4775.29 4125.01 38.6815 40 0 1 4 1.43643e+06 38.6655 85964.8 1.63774 6.5004e+06 1.43643e+06 ZonesAtSurface
4825.2 4125.02 48.7019 58 0 1 3 659787 38.7713 116238 1.10719 4.95857e+06 659787 ZonesAtSurface
4875.14 4125.02 58.6967 43 0 1 2 680371 36.5966 125582 1.72887 2.88747e+06 680371 ZonesAtSurface
4925.08 4125.02 68.7125 87 0 1 1 1.23004e+06 19.3154 82125.3 1.42801 3.57511e+06 1.23004e+06 ZonesAtSurface
75.0063 4175.01 -2.69343 88 3 1 2 100000 5 10000 1.03203 332482 100000 ZonesAtSurface
124.814 4175.02 -27.6964 79 0 1 3 100000 5 10000 1.02774 321390 100000 ZonesAtSurface
174.715 4175.03 -2.72034 79 2 1 3 100000 5 10000 1.75396 186828 100000 ZonesAtSurface
224.63 4175.02 -27.7898 68 0 1 4 702501 16.0639 78354.2 1.33732 2.48185e+06 702501 ZonesAtSurface
274.564 4175.02 -2.79126 64 16 1 4 1.08763e+06 22.2312 59325.9 2.04438 1.80805e+06 1.08763e+06 ZonesAtSurface
324.524 4175.02 -27.8563 44 0 1 5 836230 27.2502 66718.5 1.02659 5.38022e+06 836230 ZonesAtSurface
374.474 4175.02 -2.85507 18 3 1 5 1.3495e+06 44.3077 132362 1.4111 4.91464e+06 1.3495e+06 ZonesAtSurface
424.45 4175.02 -27.8971 16 0 1 6 1.4747e+06 29.4989 93118 1.02719 9.9378e+06 1.4747e+06 ZonesAtSurface
474.391 4175.01 -2.91294 13 0 1 6 544528 21.3992 113751 1.06202 7.47986e+06 544528 ZonesAtSurface
524.289 4175.01 72.0789 7 0 1 5 1.3655e+06 41.0443 127672 1.10031 6.24378e+06 1.3655e+06 ZonesAtSurface
574.271 4175.01 97.0715 0 0 1 5 980155 35.8435 67879.4 1.25458 7.52923e+06 980155 ZonesAtSurface
624.217 4175.01 172.059 0 0 1 4 912864 39.9381 92738.6 1.19116 5.66212e+06 912864 ZonesAtSurface
674.17 4175.01 247.041 1 0 1 3 100000 5 10000 1.05268 442052 100000 ZonesAtSurface
724.143 4175.01 322.014 4 0 2 2 100000 5 10000 1.21 329044 100000 ZonesAtSurface
774.159 4175.01 396.992 0 7 2 1 923100 28.0535 114972 3.55403 820974 923100 ZonesAtSurface
824.172 4175.01 421.972 0 1 2 1 601583 39.5619 135563 2.21407 1.09285e+06 601583 ZonesAtSurface
874.183 4175.01 446.951 0 0 2 1 770849 33.4482 99402.8 2.88245 1.17454e+06 770849 ZonesAtSurface
924.194 4175.01 471.927 0 4 2 1 1.34845e+06 20.9816 99332.1 3.06029 1.31994e+06 1.34845e+06 ZonesAtSurface
974.201 4175 446.912 2 0 2 2 100000 5 10000 1.02518 437513 100000 ZonesAtSurface
1024.21 4175 471.886 7 0 2 2 100000 5 10000 1.02892 363195 100000 ZonesAtSurface
1074.23 4175 496.858 8 0 2 2 100000 5 10000 1.08208 348682 100000 ZonesAtSurface
1124.25 4175 521.828 9 0 2 2 100000 5 10000 1.10193 318884 100000 ZonesAtSurface
1174.3 4175 496.839 4 0 1 3 100000 5 10000 1.05502 508061 100000 ZonesAtSurface
1224.33 4175 521.817 4 0 1 3 100000 5 10000 0.986031 553356 100000 ZonesAtSurface
1274.35 4175 446.831 3 0 2 5 696174 28.9348 56258.4 1.03629 3.78541e+06 696174 ZonesAtSurface
1324.39 4175 471.82 0 0 2 5 995928 44.6655 86325.8 1.95347 4.16441e+06 995928 ZonesAtSurface
1374.4 4175 446.814 0 0 1 6 810990 40.0298 130492 1.54334 3.96698e+06 810990 ZonesAtSurface
1424.43 4175 471.805 4 0 2 6 1.15005e+06 17.1178 139808 1.40704 2.4606e+06 1.15005e+06 ZonesAtSurface
1474.46 4175 446.794 4 0 1 7 523074 32.058 72351.9 1.04755 3.07548e+06 523074 ZonesAtSurface
1524.48 4175 421.775 0 0 1 8 996795 39.5848 80147.9 2.63892 4.48528e+06 996795 ZonesAtSurface
1574.53 4175 496.767 0 10 1 7 1.40801e+06 40.0889 54961 1.49315 4.2811e+06 1.40801e+06 ZonesAtSurface
1624.56 4175 421.751 0 0 1 9 1.18128e+06 43.1233 110125 2.19889 6.69143e+06 1.18128e+06 ZonesAtSurface
1674.62 4174.98 546.716 2 7 2 7 1.264e+06 23.1158 139042 1.63395 2.50161e+06 1.264e+06 ZonesAtSurface
1724.67 4174.97 571.703 5 8 2 7 1.24323e+06 18.4045 145482 0 1.21746e+06 1.24323e+06 ZonesAtSurface
1774.72 4175 446.743 2 0 1 10 705762 28.5199 97232.3 1.06179 6.87622e+06 705762 ZonesAtSurface
1824.77 4175 471.743 2 0 1 10 953319 26.8725 50818.1 1.0595 6.33136e+06 953319 ZonesAtSurface
1874.8 4175 546.738 4 0 1 9 739329 28.0803 73473.8 1.01325 3.34617e+06 739329 ZonesAtSurface
1924.86 4175 521.768 2 0 2 10 926048 22.7692 105601 1.02767 4.39187e+06 926048 ZonesAtSurface
1974.91 4175 596.77 6 8 2 9 737246 32.8971 115055 0.978712 2.5117e+06 737246 ZonesAtSurface
2024.97 4175 509.313 4 0 1 10 100000 5 10000 1.01902 972561 100000 ZonesAtSurface
2075.02 4175 459.352 8 0 1 9 558013 42.0283 68412.4 1.28746 6.38216e+06 558013 ZonesAtSurface
2125.06 4175 359.39 0 0 1 9 780191 20.4551 91859 1.66525 4.55401e+06 780191 ZonesAtSurface
2175.07 4174.99 359.425 1 0 1 7 1.37358e+06 31.2457 106248 2.53915 4.50624e+06 1.37358e+06 ZonesAtSurface
2225.09 4174.98 309.444 2 0 0 0 552972 38.6329 99749.6 3.9731 4.10751e+06 552972 ZonesAtSurface
2275.11 4174.96 159.45 8 0 0 0 547382 26.6737 102749 1.4411 9.21078e+06 547382 ZonesAtSurface
2325.12 4174.92 109.461 6 0 0 0 566730 39.6586 88765.1 2.9392 9.4593e+06 566730 ZonesAtSurface
2375.14 4174.93 9.46488 4 0 0 0 828001 30.4852 141589 2.51671 8.3694e+06 828001 ZonesAtSurface
2425.13 4174.95 -90.5276 0 0 0 0 1.0189e+06 18.8058 71423.3 1.44499 8.75488e+06 1.0189e+06 ZonesAtSurface
2475.1 4174.99 -190.522 0 0 0 0 638996 19.6212 79050.4 1.93906 8.28099e+06 638996 ZonesAtSurface
2525.07 4174.99 -220.515 0 0 0 0 1.16081e+06 22.6893 76975.1 2.79973 8.15147e+06 1.16081e+06 ZonesAtSurface
2575.02 4174.98 -180.506 0 0 0 0 1.12175e+06 42.1982 79827.8 8.86026 7.59677e+06 1.12175e+06 ZonesAtSurface
2624.97 4174.96 -140.51 0 0 0 0 707451 20.3905 110215 2.67775 6.55394e+06 707451 ZonesAtSurface
2674.94 4174.96 -100.526 0 0 0 0 1.2479e+06 40.8879 62762.1 5.77076 8.7605e+06 1.2479e+06 ZonesAtSurface
2724.92 4174.95 -60.5444 0 0 0 0 1.46014e+06 40.9456 117400 4.1703 1.17386e+07 1.46014e+06 ZonesAtSurface
2774.9 4174.93 -20.5505 0 0 0 0 1.17095e+06 42.478 119464 3.03036 1.62039e+07 1.17095e+06 ZonesAtSurface
2824.87 4174.99 -30.5383 0 0 0 0 643476 17.5392 87413.2 1.92195 6.5338e+06 643476 ZonesAtSurface
2874.86 4174.99 9.45458 0 0 0 0 1.40677e+06 41.5353 141384 9.41868 5.9603e+06 1.40677e+06 ZonesAtSurface
2924.85 4174.99 49.446 0 0 0 0 780524 37.7371 66561.5 7.8034 5.92911e+06 780524 ZonesAtSurface
2974.84 4174.99 89.4375 0 0 0 0 1.48951e+06 38.9106 114308 10 4.62806e+06 1.48951e+06 ZonesAtSurface
3024.84 4174.96 179.417 0 0 0 0 1.06227e+06 16.7049 88608.6 1.08128 8.40594e+06 1.06227e+06 ZonesAtSurface
3074.85 4174.96 219.388 0 0 0 0 1.44725e+06 40.4488 105419 5.13558 7.68584e+06 1.44725e+06 ZonesAtSurface
3124.86 4174.96 259.363 0 0 0 0 1.02921e+06 39.1797 57544.5 4.52161 8.33443e+06 1.02921e+06 ZonesAtSurface
3174.85 4174.99 249.375 6 0 0 0 100000 5 10000 1.14966 2.07667e+06 100000 ZonesAtSurface
3224.89 4174.97 339.37 4 0 0 0 885943 37.1102 118478 2.69865 8.0761e+06 885943 ZonesAtSurface
3274.87 4175 329.362 0 0 1 7 1.11286e+06 42.7236 53386.6 10 2.95907e+06 1.11286e+06 ZonesAtSurface
3324.86 4175 369.344 0 0 1 7 1.11753e+06 34.5241 60901.7 4.27943 4.17654e+06 1.11753e+06 ZonesAtSurface
3374.86 4175.01 459.313 2 0 1 6 1.14315e+06 19.6339 55961.7 1.20958 4.52847e+06 1.14315e+06 ZonesAtSurface
3424.89 4175.02 549.271 3 0 1 5 719582 37.8815 131743 1.13529 3.47632e+06 719582 ZonesAtSurface
3474.92 4175.01 539.238 1 0 1 6 688032 23.4272 140320 1.03013 3.40626e+06 688032 ZonesAtSurface
3524.95 4175.01 579.207 10 0 1 6 531095 33.6242 81261.9 1.00502 3.04847e+06 531095 ZonesAtSurface
3574.99 4175.01 619.183 0 1 2 6 982450 42.8452 85792.6 1.10095 3.84935e+06 982450 ZonesAtSurface
3625.02 4175 559.175 0 0 1 8 1.39553e+06 40.1353 85214.6 1.84176 5.32856e+06 1.39553e+06 ZonesAtSurface
3675.05 4175 549.163 1 0 1 9 1.03079e+06 32.4608 74731 1.37419 5.9313e+06 1.03079e+06 ZonesAtSurface
3725.09 4175 589.145 9 0 1 9 1.3356e+06 26.1673 92749.8 1.04374 4.88441e+06 1.3356e+06 ZonesAtSurface
3775.16 4175 589.15 7 0 1 9 992221 24.127 51394.9 1.15725 3.79203e+06 992221 ZonesAtSurface
3825.2 4175 699.055 0 2 2 6 1.21663e+06 24.4004 64545.3 1.21504 3.19093e+06 1.21663e+06 ZonesAtSurface
3875.28 4175 709.023 4 3 2 5 933833 42.1461 90010.2 1.04812 3.73943e+06 933833 ZonesAtSurface
3925.33 4175 719.028 5 7 2 4 1.0687e+06 30.2959 68020.1 1.2213 3.14694e+06 1.0687e+06 ZonesAtSurface
3975.41 4175 679.086 9 0 2 4 831259 24.8301 122142 1.18137 2.67526e+06 831259 ZonesAtSurface
4025.5 4175 639.155 10 0 2 4 100000 5 10000 1.10662 205421 100000 ZonesAtSurface
4075.54 4175 449.293 5 0 1 7 1.43267e+06 44.3562 73093.6 1.54927 8.55599e+06 1.43267e+06 ZonesAtSurface
4125.58 4175 459.313 3 0 1 6 1.06544e+06 27.0696 101516 1.02264 5.07587e+06 1.06544e+06 ZonesAtSurface
4175.62 4175.01 519.323 4 4 2 4 843321 39.9355 113506 1.17115 2.97375e+06 843321 ZonesAtSurface
4225.65 4175.01 529.341 0 10 2 3 800678 29.4016 115846 1.19078 2.18066e+06 800678 ZonesAtSurface
4275.69 4175.01 439.383 2 0 1 4 1.21817e+06 35.3289 59200.5 1.13374 4.83198e+06 1.21817e+06 ZonesAtSurface
4325.72 4175 399.422 6 0 1 4 926749 33.7212 54456.9 1.62031 3.02482e+06 926749 ZonesAtSurface
4375.63 4175.01 209.501 0 0 1 7 873573 28.5331 106994 1.51708 6.53363e+06 873573 ZonesAtSurface
4425.65 4175.01 219.532 10 0 1 6 1.17694e+06 26.214 141713 1.03983 5.5363e+06 1.17694e+06 ZonesAtSurface
4475.64 4175.01 179.554 4 0 1 6 1.13466e+06 44.6564 91436.5 1.02086 6.26215e+06 1.13466e+06 ZonesAtSurface
4525.62 4175.02 139.565 5 0 1 6 1.45139e+06 43.833 118440 1.48783 6.08288e+06 1.45139e+06 ZonesAtSurface
4575.65 4175.03 149.569 10 5 1 5 696427 28.9451 52510.3 1.40754 1.80585e+06 696427 ZonesAtSurface
4625.46 4175.02 9.57808 12 0 1 7 1.2818e+06 30.4738 71040.2 1.18306 1.26095e+07 1.2818e+06 ZonesAtSurface
4675.42 4175.02 19.6173 20 0 1 6 887738 35.1372 53490.3 1.11174 8.67538e+06 887738 ZonesAtSurface
4725.37 4175.02 29.6526 43 0 1 5 844533 27.4864 99837.1 1.09854 4.2405e+06 844533 ZonesAtSurface
4775.29 4175.02 39.695 58 0 1 4 1.44261e+06 25.2466 126988 1.19514 5.46042e+06 1.44261e+06 ZonesAtSurface
4825.2 4175.02 49.7093 70 0 1 3 755118 29.4767 87008.6 1.07653 3.56047e+06 755118 ZonesAtSurface
4875.14 4175.02 59.6984 59 0 1 2 1.01453e+06 30.4395 97524 2.02842 2.81569e+06 1.01453e+06 ZonesAtSurface
4925.08 4175.02 69.7104 70 0 1 1 1.13044e+06 15.7526 76948.5 1.27104 3.09281e+06 1.13044e+06 ZonesAtSurface
74.9978 4225.01 -1.73507 89 26 1 2 598724 30.9219 85336.6 1.31543 1.78024e+06 598724 ZonesAtSurface
124.849 4225.01 -26.7078 79 0 1 3 100000 5 10000 2.11041 226122 100000 ZonesAtSurface
174.749 4225.01 -1.70339 78 6 1 3 100000 5 10000 2.57102 125037 100000 ZonesAtSurface
224.637 4225.02 -26.7911 63 9 1 4 1.00189e+06 37.9619 119402 1.33018 3.44477e+06 1.00189e+06 ZonesAtSurface
274.568 4225.03 -1.78756 58 44 1 4 955730 40.1211 133674 3.05057 1.57858e+06 955730 ZonesAtSurface
324.531 4225.03 -26.8629 37 0 1 5 1.08563e+06 38.4426 107854 1.0838 6.54088e+06 1.08563e+06 ZonesAtSurface
374.49 4225.03 -1.85394 32 0 1 5 640989 38.1183 102577 1.8805 1.86252e+06 640989 ZonesAtSurface
424.457 4225.02 -26.8991 21 0 1 6 871887 16.0181 83027.5 1.02292 5.69916e+06 871887 ZonesAtSurface
474.396 4225.02 -1.91842 8 0 1 6 820958 18.1002 128381 1.05371 6.30504e+06 820958 ZonesAtSurface
524.298 4225.02 73.0746 5 0 1 5 904140 26.4579 104910 1.26309 4.57128e+06 904140 ZonesAtSurface
574.281 4225.01 98.0665 0 0 1 5 1.31273e+06 42.6463 133083 1.80159 7.4412e+06 1.31273e+06 ZonesAtSurface
624.225 4225.01 173.054 10 0 1 4 719991 37.377 149548 1.06873 4.882e+06 719991 ZonesAtSurface
674.138 4225.01 298.025 0 5 2 2 1.26484e+06 34.1607 79239.3 1.48507 3.20744e+06 1.26484e+06 ZonesAtSurface
724.158 4225.01 373.008 0 8 2 1 1.33411e+06 15.0798 147434 2.87137 1.17941e+06 1.33411e+06 ZonesAtSurface
774.17 4225.01 397.99 0 7 2 1 1.33488e+06 43.789 80152.2 4.531 1.30462e+06 1.33488e+06 ZonesAtSurface
824.181 4225.01 422.97 0 4 2 1 1.39478e+06 27.2273 79314.7 2.979 1.4912e+06 1.39478e+06 ZonesAtSurface
874.192 4225.02 447.947 5 0 2 1 516067 36.1776 136878 1.4215 1.64424e+06 516067 ZonesAtSurface
924.203 4225.02 472.924 0 1 2 1 1.18177e+06 20.2405 128353 2.09058 1.64142e+06 1.18177e+06 ZonesAtSurface
974.215 4225.01 497.899 0 0 2 1 709586 42.7848 125527 2.10176 1.81434e+06 709586 ZonesAtSurface
1024.23 4225.01 522.871 0 1 2 1 1.47454e+06 32.3897 106975 2.79259 1.92085e+06 1.47454e+06 ZonesAtSurface
1074.27 4225.02 597.838 0 10 0 0 1.03365e+06 25.187 104407 2.53167 1.22684e+06 1.03365e+06 ZonesAtSurface
1124.27 4225.01 572.808 0 0 2 1 1.14496e+06 41.861 114806 2.94889 1.81676e+06 1.14496e+06 ZonesAtSurface
1174.33 4225.01 647.774 0 9 0 0 1.07795e+06 42.1649 107655 4.9177 911671 1.07795e+06 ZonesAtSurface
1224.34 4225.01 622.749 0 9 2 1 713904 38.9854 84861.8 2.06818 1.42569e+06 713904 ZonesAtSurface
1274.37 4225 497.809 0 3 1 4 1.33201e+06 31.4138 72415 1.31938 3.85664e+06 1.33201e+06 ZonesAtSurface
1324.41 4225.01 522.804 7 9 1 4 1.16142e+06 22.5158 114855 1.87828 1.92693e+06 1.16142e+06 ZonesAtSurface
1374.42 4225 497.801 2 9 1 5 776043 42.2081 91196.9 2.21177 1.70159e+06 776043 ZonesAtSurface
1424.44 4225 472.793 0 0 2 6 997276 28.9469 121850 1.29046 3.23133e+06 997276 ZonesAtSurface
1474.47 4225 447.784 1 0 1 7 749336 18.2443 98128.4 1.13895 2.98284e+06 749336 ZonesAtSurface
1524.5 4225 472.774 5 0 2 7 709814 35.2386 56491.5 1.06218 3.3823e+06 709814 ZonesAtSurface
1574.54 4225 497.754 10 6 1 7 1.36458e+06 29.2243 94266.2 1.25225 3.71035e+06 1.36458e+06 ZonesAtSurface
1624.59 4224.99 522.73 0 2 1 7 1.41828e+06 43.3451 128263 1.37003 4.44249e+06 1.41828e+06 ZonesAtSurface
1674.63 4224.99 547.71 8 9 2 7 1.4e+06 23.2108 131910 1.80172 2.35421e+06 1.4e+06 ZonesAtSurface
1724.67 4225 572.702 0 5 2 7 1.29214e+06 43.0396 62306.5 2.2093 2.68234e+06 1.29214e+06 ZonesAtSurface
1774.72 4225 547.718 7 9 2 8 1.45958e+06 33.4171 134656 1.48847 3.6069e+06 1.45958e+06 ZonesAtSurface
1824.76 4225 572.728 0 10 2 8 1.25232e+06 17.5445 72254.9 3.03511 1.15226e+06 1.25232e+06 ZonesAtSurface
1874.8 4225 597.731 8 8 2 8 941088 21.7698 124275 1.65284 1.63598e+06 941088 ZonesAtSurface
1924.86 4225 572.748 0 4 2 9 1.00354e+06 19.9779 109205 1.1356 2.42784e+06 1.00354e+06 ZonesAtSurface
1974.92 4225 547.776 1 0 2 10 1.17228e+06 16.6251 57962.4 0.99466 3.25486e+06 1.17228e+06 ZonesAtSurface
2024.96 4225 560.299 9 0 2 9 1.43884e+06 34.9999 69163 1.01203 5.41897e+06 1.43884e+06 ZonesAtSurface
2075.01 4225 460.344 3 0 1 9 1.40044e+06 37.5629 91014.1 1.21559 6.55901e+06 1.40044e+06 ZonesAtSurface
2125.05 4225 410.388 9 0 1 8 1.29939e+06 28.8197 78066.6 1.37045 5.25801e+06 1.29939e+06 ZonesAtSurface
2175.07 4224.99 360.421 0 0 1 7 1.44609e+06 38.1991 98343.4 4.4991 3.90994e+06 1.44609e+06 ZonesAtSurface
2225.09 4224.98 260.438 0 0 0 0 1.29506e+06 38.9067 109733 5.88073 4.23472e+06 1.29506e+06 ZonesAtSurface
2275.11 4224.99 110.44 2 0 0 0 1.46083e+06 20.1386 113386 1.76952 8.01694e+06 1.46083e+06 ZonesAtSurface
2325.13 4224.98 10.4402 0 0 0 0 588279 38.2812 119557 3.19484 1.00472e+07 588279 ZonesAtSurface
2375.13 4224.95 -39.5565 6 0 0 0 526030 40.8814 114777 2.23961 1.20742e+07 526030 ZonesAtSurface
2425.13 4224.99 -139.538 0 0 0 0 1.29383e+06 21.8932 132242 2.46288 6.47004e+06 1.29383e+06 ZonesAtSurface
2475.11 4225.01 -239.529 0 0 0 0 933574 36.0439 105167 6.93004 7.09093e+06 933574 ZonesAtSurface
2525.06 4224.99 -219.528 0 0 0 0 1.3124e+06 43.7144 98136.4 7.58578 9.07071e+06 1.3124e+06 ZonesAtSurface
2575.02 4224.96 -179.524 0 0 0 0 1.1179e+06 34.2427 97455.5 3.34622 1.08536e+07 1.1179e+06 ZonesAtSurface
2624.98 4224.95 -139.522 0 0 0 0 1.08182e+06 44.8197 137319 5.01237 1.29268e+07 1.08182e+06 ZonesAtSurface
2674.94 4224.95 -99.5298 0 0 0 0 1.26379e+06 41.6101 113397 4.78993 1.10811e+07 1.26379e+06 ZonesAtSurface
2724.92 4224.95 -59.5487 10 0 0 0 100000 5 10000 1.0295 2.96691e+06 100000 ZonesAtSurface
2774.9 4225 -69.5401 0 0 0 0 990799 20.5616 109375 3.81485 4.6451e+06 990799 ZonesAtSurface
2824.88 4224.99 -29.5506 0 0 0 0 903662 19.6169 121780 3.16105 5.28825e+06 903662 ZonesAtSurface
2874.88 4224.93 60.4284 7 0 0 0 670556 27.9935 132805 1.53712 1.44683e+07 670556 ZonesAtSurface
2924.87 4224.93 100.43 0 0 0 0 802209 38.9199 137950 3.31468 1.33475e+07 802209 ZonesAtSurface
2974.86 4224.89 190.425 5 0 0 0 1.4469e+06 40.9068 123385 1.15471 1.25324e+07 1.4469e+06 ZonesAtSurface
3024.85 4224.96 180.419 0 0 0 0 562808 26.7559 87568.7 1.93957 7.9282e+06 562808 ZonesAtSurface
3074.84 4224.96 220.399 0 0 0 0 707340 30.3723 113655 2.37142 6.83558e+06 707340 ZonesAtSurface
3124.93 4223.06 360.364 3 0 0 0 896418 27.7389 81087.1 0.997989 1.50955e+07 896418 ZonesAtSurface
3174.87 4224.97 300.366 4 0 0 0 657454 23.6732 109642 1.90688 6.67589e+06 657454 ZonesAtSurface
3224.88 4224.98 340.368 0 0 0 0 514548 37.4157 76364.4 4.81063 4.96145e+06 514548 ZonesAtSurface
3274.88 4225 380.375 0 0 1 6 1.10501e+06 40.7795 95160.1 4.86764 6.25148e+06 1.10501e+06 ZonesAtSurface
3324.86 4225.01 420.354 7 0 1 6 1.39227e+06 38.2649 119125 1.39397 7.43527e+06 1.39227e+06 ZonesAtSurface
3374.87 4225.01 460.309 0 0 1 6 762212 43.1808 126673 1.61389 5.56195e+06 762212 ZonesAtSurface
3424.89 4225.01 500.271 10 0 1 6 1.18718e+06 27.9936 89121.7 1.1164 4.97837e+06 1.18718e+06 ZonesAtSurface
3474.92 4225.01 490.24 0 0 1 7 1.26702e+06 39.7704 137953 1.97204 5.93324e+06 1.26702e+06 ZonesAtSurface
3524.96 4225.01 580.201 4 0 1 6 879807 25.0363 144813 1.01199 4.11776e+06 879807 ZonesAtSurface
3574.99 4225.01 570.182 2 0 1 7 562322 17.8823 78657.7 1.00622 3.05655e+06 562322 ZonesAtSurface
3625.03 4225 610.166 1 0 2 7 655099 31.0459 55986.6 1.00119 2.77564e+06 655099 ZonesAtSurface
3675.06 4225 600.159 0 0 1 8 1.06155e+06 44.7462 144579 1.33352 4.52932e+06 1.06155e+06 ZonesAtSurface
3725.11 4225 540.164 0 0 1 10 1.43947e+06 34.6126 141312 1.00951 8.73469e+06 1.43947e+06 ZonesAtSurface
3775.16 4225 590.145 4 0 1 9 958330 20.9458 55963 1.09463 4.34863e+06 958330 ZonesAtSurface
3825.22 4225 650.079 5 0 1 7 1.23867e+06 44.2516 141535 1.29931 5.33291e+06 1.23867e+06 ZonesAtSurface
3875.28 4225 710.023 1 0 2 5 1.00185e+06 29.0618 71842.4 1.01832 3.62795e+06 1.00185e+06 ZonesAtSurface
3925.3 4225 770.011 0 10 2 3 1.30463e+06 37.7592 74025.4 1.89494 2.76043e+06 1.30463e+06 ZonesAtSurface
3975.33 4225 780.048 9 8 2 2 840478 21.9808 97295.7 1.57772 1.51771e+06 840478 ZonesAtSurface
4025.51 4225 590.178 3 0 1 5 100000 5 10000 1.15349 590296 100000 ZonesAtSurface
4075.56 4225 550.245 8 0 1 5 1.49152e+06 34.2768 135348 1.26559 5.96186e+06 1.49152e+06 ZonesAtSurface
4125.58 4225 460.309 8 0 1 6 930921 16.971 79489.8 1.02848 3.82395e+06 930921 ZonesAtSurface
4175.61 4225.01 420.346 0 0 1 6 846206 21.8028 120726 1.02356 4.33707e+06 846206 ZonesAtSurface
4225.64 4225.02 480.358 3 0 2 4 1.22764e+06 30.1831 67289.7 1.14602 4.44449e+06 1.22764e+06 ZonesAtSurface
4275.67 4225.01 490.372 5 5 2 3 678459 33.7818 100004 1.14049 2.09699e+06 678459 ZonesAtSurface
4325.7 4225.01 400.415 1 0 2 4 653665 43.5311 140046 1.12404 2.99902e+06 653665 ZonesAtSurface
4375.7 4225 310.484 1 0 1 5 926474 25.7163 149678 1.12539 4.58324e+06 926474 ZonesAtSurface
4425.62 4225.01 170.521 0 0 1 7 730789 27.9509 59135.1 1.30303 7.00011e+06 730789 ZonesAtSurface
4475.6 4225.01 130.541 3 0 1 7 1.27385e+06 20.8218 99007.4 1.0268 7.08701e+06 1.27385e+06 ZonesAtSurface
4525.62 4225.02 140.562 8 0 1 6 1.15205e+06 36.2589 144517 1.13505 5.57237e+06 1.15205e+06 ZonesAtSurface
4575.53 4225.02 50.5648 5 0 1 7 1.11e+06 25.2698 62685.9 1.09597 7.52547e+06 1.11e+06 ZonesAtSurface
4625.46 4225.02 10.576 18 0 1 7 100000 5 10000 1.09843 1.8489e+06 100000 ZonesAtSurface
4675.42 4225.01 20.6136 2 0 1 6 1.39262e+06 42.9577 148286 1.49672 1.06294e+07 1.39262e+06 ZonesAtSurface
4725.39 4225.02 30.6485 47 0 1 5 782519 28.5857 97817.9 1.06103 4.17037e+06 782519 ZonesAtSurface
4775.29 4225.02 40.7072 62 0 1 4 1.14032e+06 27.9619 58165.1 1.06543 4.78466e+06 1.14032e+06 ZonesAtSurface
4825.19 4225.02 50.7157 48 0 1 3 877416 30.0966 87753.2 1.05525 3.8212e+06 877416 ZonesAtSurface
4875.13 4225.02 60.7017 62 0 1 2 1.22002e+06 43.6995 114193 2.70218 4.08432e+06 1.22002e+06 ZonesAtSurface
4925.07 4225.03 70.7 67 0 1 1 1.01264e+06 34.4028 123403 1.67958 3.87958e+06 1.01264e+06 ZonesAtSurface
74.9625 4275.03 -0.771635 89 9 1 2 1.14133e+06 24.1452 58809.4 1.07883 3.76741e+06 1.14133e+06 ZonesAtSurface
124.851 4275.01 -25.7385 79 0 1 3 1.01152e+06 31.9211 57893 1.1606 3.94446e+06 1.01152e+06 ZonesAtSurface
174.764 4275.01 -0.694219 72 45 1 3 1.46813e+06 21.8975 136139 2.35975 2.1161e+06 1.46813e+06 ZonesAtSurface
224.658 4275.02 -25.7742 68 0 1 4 100000 5 10000 1.16638 420004 100000 ZonesAtSurface
274.572 4275.03 -0.784722 68 0 1 4 100000 5 10000 1.28998 310325 100000 ZonesAtSurface
324.538 4275.03 -25.8624 43 2 1 5 1.04799e+06 35.3942 117288 1.05899 3.80881e+06 1.04799e+06 ZonesAtSurface
374.501 4275.04 -0.856711 20 0 1 5 611815 35.2805 142909 1.9625 1.86364e+06 611815 ZonesAtSurface
424.464 4275.02 -25.8993 17 0 1 6 762159 35.1061 64822 1.01536 8.5784e+06 762159 ZonesAtSurface
474.402 4275.02 -0.919501 14 0 1 6 638910 43.1428 50701.4 1.26148 1.2285e+07 638910 ZonesAtSurface
524.298 4275.02 74.0684 5 2 1 5 1.10869e+06 39.666 97777.7 1.20041 4.08557e+06 1.10869e+06 ZonesAtSurface
574.285 4275.01 99.0608 7 0 1 5 757438 20.1951 135997 1.03258 3.96043e+06 757438 ZonesAtSurface
624.149 4275.01 274.035 9 7 2 2 1.28345e+06 15.0926 134656 1.52129 2.19046e+06 1.28345e+06 ZonesAtSurface
674.158 4275.02 349.02 0 4 2 1 676697 17.585 75993.8 1.6827 1.07007e+06 676697 ZonesAtSurface
724.17 4275.02 374.007 0 4 2 1 1.48689e+06 39.1083 66478.8 5.49606 1.10113e+06 1.48689e+06 ZonesAtSurface
774.181 4275.02 398.989 0 3 2 1 594160 39.9555 97951.5 1.65056 1.34663e+06 594160 ZonesAtSurface
824.192 4275.02 423.969 0 0 2 1 755219 39.4156 88561.8 1.9363 1.64332e+06 755219 ZonesAtSurface
874.203 4275.02 448.947 0 0 2 1 1.41286e+06 34.2664 77602.6 3.27173 1.81527e+06 1.41286e+06 ZonesAtSurface
924.229 4275.03 523.919 0 6 0 0 1.09331e+06 20.2902 145846 1.96645 1.59395e+06 1.09331e+06 ZonesAtSurface
974.227 4275.02 498.899 0 0 2 1 981186 35.1424 141542 2.02798 2.07061e+06 981186 ZonesAtSurface
1024.26 4275.03 573.867 0 10 0 0 1.11334e+06 38.2599 111262 3 1.45398e+06 1.11334e+06 ZonesAtSurface
1074.28 4275.03 598.837 0 8 0 0 960335 42.7432 147474 2.84623 1.40981e+06 960335 ZonesAtSurface
1124.31 4275.02 623.806 0 2 0 0 1.34788e+06 24.8538 84201.7 3.49323 1.22675e+06 1.34788e+06 ZonesAtSurface
1174.34 4275.02 648.777 0 5 0 0 1.24894e+06 27.8512 88283.3 4.61651 926411 1.24894e+06 ZonesAtSurface
1224.35 4275.01 623.755 0 6 2 1 1.4034e+06 41.4342 60445.6 4.30383 1.48622e+06 1.4034e+06 ZonesAtSurface
1274.36 4275.01 548.758 1 0 2 3 809047 35.5591 134171 1.16024 2.93965e+06 809047 ZonesAtSurface
1324.39 4275 473.794 0 0 1 5 1.44193e+06 31.1343 149206 1.90266 4.00606e+06 1.44193e+06 ZonesAtSurface
1374.42 4275 448.788 0 0 1 6 531689 17.4724 79462.5 2.00265 1.79351e+06 531689 ZonesAtSurface
1424.45 4275 473.781 6 0 2 6 1.02918e+06 29.5624 126380 1.13846 3.02623e+06 1.02918e+06 ZonesAtSurface
1474.48 4275 498.776 5 0 1 6 1.06345e+06 18.9691 124272 2.03332 1.84782e+06 1.06345e+06 ZonesAtSurface
1524.51 4275 473.761 2 0 1 7 1.21724e+06 34.6834 115230 1.48859 4.37044e+06 1.21724e+06 ZonesAtSurface
1574.55 4275 498.74 4 0 1 7 856219 16.4577 66928 1.09378 2.96131e+06 856219 ZonesAtSurface
1624.62 4275 573.707 4 0 2 6 717436 27.5493 108995 1.05383 2.42141e+06 717436 ZonesAtSurface
1674.63 4275 498.71 3 0 1 8 1.15535e+06 18.3199 114293 1.08966 4.15363e+06 1.15535e+06 ZonesAtSurface
1724.68 4275 473.717 2 0 1 9 1.14438e+06 21.2452 128663 1.05368 4.87945e+06 1.14438e+06 ZonesAtSurface
1774.73 4275 448.726 0 0 1 10 1.44624e+06 37.7898 143063 1.41712 8.03529e+06 1.44624e+06 ZonesAtSurface
1824.77 4275 523.724 0 0 2 9 867033 19.2194 67774.7 1.01073 3.00069e+06 867033 ZonesAtSurface
1874.81 4275 548.73 1 3 2 9 1.45838e+06 41.6073 107233 1.14498 5.37342e+06 1.45838e+06 ZonesAtSurface
1924.86 4275 623.736 10 10 2 8 501734 21.7943 92700.1 2.24403 779091 501734 ZonesAtSurface
1974.92 4275 598.766 6 5 1 9 1.24981e+06 23.173 53218 0 3.70215e+06 1.24981e+06 ZonesAtSurface
2024.97 4275 511.297 2 0 1 10 1.20528e+06 22.2454 117770 1.01039 5.80234e+06 1.20528e+06 ZonesAtSurface
2075.02 4275.01 411.341 2 0 1 10 1.28451e+06 16.0866 146548 1.11442 5.85447e+06 1.28451e+06 ZonesAtSurface
2125.05 4275 411.381 0 0 1 8 586734 24.7556 85185.1 1.14469 4.97964e+06 586734 ZonesAtSurface
2175.07 4274.99 361.415 8 0 1 7 1.24587e+06 15.0935 91371.9 1.68555 4.00701e+06 1.24587e+06 ZonesAtSurface
2225.07 4274.97 311.432 8 0 0 0 1.02551e+06 26.195 96336.5 2.65959 5.5614e+06 1.02551e+06 ZonesAtSurface
2275.09 4274.97 161.44 9 0 0 0 1.43954e+06 33.9647 126097 1.63452 1.25942e+07 1.43954e+06 ZonesAtSurface
2325.13 4274.99 11.435 0 0 0 0 1.07831e+06 25.5312 146544 2.21667 7.85063e+06 1.07831e+06 ZonesAtSurface
2375.12 4274.96 -38.5647 7 0 0 0 984583 39.3807 58080.2 3.13947 1.06436e+07 984583 ZonesAtSurface
2425.13 4274.99 -138.547 0 0 0 0 935803 37.977 103289 8.14333 5.82503e+06 935803 ZonesAtSurface
2475.11 4275.02 -288.536 0 0 0 0 830213 21.7923 98110 3.70562 6.29358e+06 830213 ZonesAtSurface
2525.07 4274.99 -218.547 0 0 0 0 944965 37.7618 116068 5.65593 8.67671e+06 944965 ZonesAtSurface
2575.03 4275 -228.538 0 0 0 0 1.05564e+06 24.8515 102207 3.38558 7.67019e+06 1.05564e+06 ZonesAtSurface
2625 4275 -188.534 0 0 0 0 899078 20.8898 117218 2.4275 7.68769e+06 899078 ZonesAtSurface
2674.95 4274.95 -98.5352 4 0 0 0 100000 5 10000 1.00563 3.1203e+06 100000 ZonesAtSurface
2724.92 4274.95 -58.5403 0 0 0 0 999517 38.2845 149130 3.69725 9.42284e+06 999517 ZonesAtSurface
2774.9 4274.95 -18.5556 0 0 0 0 836000 42.2755 63749.9 4.46099 1.04374e+07 836000 ZonesAtSurface
2824.89 4274.94 21.4285 0 0 0 0 837858 29.347 108267 1.90261 1.14791e+07 837858 ZonesAtSurface
2874.89 4274.93 61.4227 0 0 0 0 995769 37.1316 99241.6 2.21717 1.33342e+07 995769 ZonesAtSurface
2924.86 4274.99 51.4347 0 0 0 0 503548 24.6497 111626 2.2218 7.41442e+06 503548 ZonesAtSurface
2974.86 4274.95 141.431 4 0 0 0 1.27027e+06 18.0465 66608.5 1.24087 8.14167e+06 1.27027e+06 ZonesAtSurface
3024.85 4274.97 181.423 0 0 0 0 1.40227e+06 41.7371 88909.6 6.02824 6.28393e+06 1.40227e+06 ZonesAtSurface
3074.84 4274.97 221.407 0 0 0 0 1.29403e+06 24.8893 128862 3.16396 4.75459e+06 1.29403e+06 ZonesAtSurface
3124.85 4274.98 261.389 3 0 0 0 649647 15.7636 107611 1.5908 4.0841e+06 649647 ZonesAtSurface
3174.86 4274.98 301.377 1 0 0 0 827852 23.4339 91996.4 3.08428 3.31314e+06 827852 ZonesAtSurface
3224.87 4274.99 341.372 0 0 0 0 524639 15.7672 55703.5 2.02727 2.58306e+06 524639 ZonesAtSurface
3274.88 4275.01 381.382 1 0 1 6 1.11433e+06 37.4862 97510.5 2.6696 6.28215e+06 1.11433e+06 ZonesAtSurface
3324.87 4275.01 371.345 3 0 1 7 1.15853e+06 21.1725 106557 1.70902 5.18335e+06 1.15853e+06 ZonesAtSurface
3374.87 4275.01 411.309 0 0 1 7 1.29199e+06 37.1717 61667.3 2.01598 6.16674e+06 1.29199e+06 ZonesAtSurface
3424.9 4275.01 551.253 0 0 2 5 1.21568e+06 20.5966 105236 1.0124 4.1493e+06 1.21568e+06 ZonesAtSurface
3474.93 4275.01 591.215 6 0 1 5 633697 22.8222 96662.3 1.05476 2.34982e+06 633697 ZonesAtSurface
3524.97 4275.01 631.182 2 0 1 5 910451 17.1242 108312 1.06457 2.85059e+06 910451 ZonesAtSurface
3575 4275.01 621.166 9 0 1 6 578559 19.1903 79408.2 1.03951 3.02414e+06 578559 ZonesAtSurface
3625.03 4275.01 561.167 1 0 1 8 942522 28.0198 115212 1.10273 4.94491e+06 942522 ZonesAtSurface
3675.07 4275 551.157 0 0 1 9 1.09647e+06 20.2942 74713.2 1.00949 5.60257e+06 1.09647e+06 ZonesAtSurface
3725.11 4275 591.138 2 0 1 9 1.15889e+06 30.0102 100855 1.01546 5.84188e+06 1.15889e+06 ZonesAtSurface
3775.17 4274.99 691.061 10 2 1 7 1.26484e+06 15.9358 119488 1.41624 2.34894e+06 1.26484e+06 ZonesAtSurface
3825.21 4275 701.058 4 8 1 6 1.35662e+06 23.3514 59448.9 1.46715 2.9119e+06 1.35662e+06 ZonesAtSurface
3875.28 4275 711.022 2 0 2 5 603133 15.3041 84471.6 1.17426 1.8628e+06 603133 ZonesAtSurface
3925.3 4275 771.008 3 0 2 3 783322 21.0107 85665.8 1.46111 1.71539e+06 783322 ZonesAtSurface
3975.33 4275.01 781.044 5 7 2 2 707053 33.231 135947 1.20743 1.99698e+06 707053 ZonesAtSurface
4025.47 4275 641.134 8 0 1 4 1.04806e+06 33.2008 135861 1.04938 4.448e+06 1.04806e+06 ZonesAtSurface
4075.54 4275 601.201 7 0 2 4 100000 5 10000 1.09665 301213 100000 ZonesAtSurface
4125.59 4275 461.305 8 0 1 6 1.40088e+06 40.5396 144252 1.0717 7.549e+06 1.40088e+06 ZonesAtSurface
4175.61 4275.01 421.345 4 0 1 6 916255 43.0048 94603.4 1.06854 6.67366e+06 916255 ZonesAtSurface
4225.64 4275.01 431.373 2 0 1 5 1.05814e+06 37.6714 133539 1.62695 4.34943e+06 1.05814e+06 ZonesAtSurface
4275.66 4275.01 441.393 7 0 1 4 1.01333e+06 33.8775 87805.3 1.11853 3.94469e+06 1.01333e+06 ZonesAtSurface
4325.69 4275.01 451.401 0 1 2 3 1.36437e+06 20.8737 128531 1.17991 3.30959e+06 1.36437e+06 ZonesAtSurface
4375.66 4275.01 261.486 9 0 1 6 1.26439e+06 25.969 65529.4 1.16332 7.56228e+06 1.26439e+06 ZonesAtSurface
4425.65 4275.01 221.517 1 0 1 6 1.08121e+06 28.389 65416.5 1.00906 6.19538e+06 1.08121e+06 ZonesAtSurface
4475.6 4275.01 131.537 0 0 1 7 615073 32.8972 119479 1.11832 7.50511e+06 615073 ZonesAtSurface
4525.62 4275.02 141.558 4 0 1 6 1.13638e+06 36.0091 67496 1.15921 6.10072e+06 1.13638e+06 ZonesAtSurface
4575.53 4275.02 51.565 9 0 1 7 1.29113e+06 38.7034 109882 1.5371 9.60522e+06 1.29113e+06 ZonesAtSurface
4625.47 4275.02 11.5717 0 0 1 7 100000 5 10000 1.02289 1.60932e+06 100000 ZonesAtSurface
4675.43 4275.02 21.6075 8 0 1 6 100000 5 10000 1.04508 1.18729e+06 100000 ZonesAtSurface
4725.4 4275.02 31.6453 48 0 1 5 100000 5 10000 1.25249 722281 100000 ZonesAtSurface
4775.3 4275.03 41.7003 50 0 1 4 934487 22.6291 81945.9 1.09969 3.11986e+06 934487 ZonesAtSurface
4825.2 4275.03 51.7217 61 6 1 3 1.09691e+06 41.7446 99446.7 1.09144 4.51317e+06 1.09691e+06 ZonesAtSurface
4875.12 4275.03 61.7087 81 0 1 2 663491 44.0865 135359 3.56691 3.16511e+06 663491 ZonesAtSurface
4925.06 4275.03 71.6883 81 0 1 1 1.26158e+06 35.9634 79424.2 1.93667 3.85179e+06 1.26158e+06 ZonesAtSurface
74.9338 4325.02 -49.8375 61 0 1 3 1.11599e+06 34.0265 111995 1.18578 8.72936e+06 1.11599e+06 ZonesAtSurface
124.861 4325.02 -24.7489 67 16 1 3 1.14582e+06 34.5898 101388 1.29088 3.50646e+06 1.14582e+06 ZonesAtSurface
174.772 4325.02 -49.7872 59 0 1 4 761949 35.6208 74441.7 1.05688 6.30297e+06 761949 ZonesAtSurface
224.678 4325.02 -24.7684 60 19 1 4 1.44611e+06 23.5508 73977.5 1.25628 3.97674e+06 1.44611e+06 ZonesAtSurface
274.615 4325.02 -49.8453 47 0 1 5 100000 5 10000 1.00074 967749 100000 ZonesAtSurface
324.556 4325.02 -24.8428 21 0 1 5 100000 5 10000 1.14128 551247 100000 ZonesAtSurface
374.521 4325.02 -49.8975 24 0 1 6 768672 34.7304 102372 1.08167 6.23841e+06 768672 ZonesAtSurface
424.464 4325.02 -24.8953 26 0 1 6 728906 34.0976 78276 1.12958 2.91083e+06 728906 ZonesAtSurface
474.459 4325.02 -49.9465 0 0 1 7 1.42045e+06 43.0362 149420 2.95959 9.93765e+06 1.42045e+06 ZonesAtSurface
524.361 4325.02 25.0604 6 0 1 6 1.30618e+06 25.7592 73792.6 1.03857 6.18195e+06 1.30618e+06 ZonesAtSurface
574.181 4325.02 200.04 0 3 2 3 1.32992e+06 40.7371 72802 1.66029 3.76637e+06 1.32992e+06 ZonesAtSurface
624.163 4325.02 275.029 0 0 2 2 925796 24.7957 147016 1.93754 1.72183e+06 925796 ZonesAtSurface
674.169 4325.02 350.018 0 5 2 1 1.48481e+06 35.2168 111983 5.03499 1.09122e+06 1.48481e+06 ZonesAtSurface
724.18 4325.02 375.004 0 3 2 1 1.00547e+06 27.9268 98759.4 2.56734 1.23971e+06 1.00547e+06 ZonesAtSurface
774.192 4325.02 399.987 0 2 2 1 1.28461e+06 42.2945 110689 4.28775 1.32357e+06 1.28461e+06 ZonesAtSurface
824.203 4325.02 424.967 0 0 2 1 589189 23.8524 135140 1.28447 1.53738e+06 589189 ZonesAtSurface
874.231 4325.03 499.943 0 5 0 0 732844 23.786 149544 1.73985 1.25072e+06 732844 ZonesAtSurface
924.227 4325.02 474.923 0 0 2 1 886664 41.0154 60040.5 2.72577 1.74947e+06 886664 ZonesAtSurface
974.24 4325.02 499.899 26 0 2 1 543825 31.0262 79648.8 1.15964 1.93879e+06 543825 ZonesAtSurface
1024.26 4325.02 524.873 3 0 2 1 622630 40.7774 89241.6 1.66913 2.05356e+06 622630 ZonesAtSurface
1074.28 4325.02 549.843 0 0 2 1 927274 27.2303 50268 1.88597 1.929e+06 927274 ZonesAtSurface
1124.3 4325.02 574.812 0 0 2 1 632508 33.6024 126847 1.5892 1.9506e+06 632508 ZonesAtSurface
1174.33 4325.02 599.782 0 0 2 1 513662 34.3358 62436.7 1.80349 1.3157e+06 513662 ZonesAtSurface
1224.36 4325.02 624.76 0 3 2 1 644506 23.8267 65427.1 1.77054 1.12413e+06 644506 ZonesAtSurface
1274.36 4325.01 549.752 0 0 2 3 897490 35.6353 62817.3 1.13286 3.0443e+06 897490 ZonesAtSurface
1324.38 4325.01 524.757 4 0 2 4 858052 34.7647 85414.2 1.23945 3.57708e+06 858052 ZonesAtSurface
1374.42 4325 449.774 0 0 1 6 821042 42.0772 57576 1.762 5.4511e+06 821042 ZonesAtSurface
1424.45 4325 474.766 0 0 1 6 1.29223e+06 15.5962 144445 1.46931 2.84477e+06 1.29223e+06 ZonesAtSurface
1474.48 4325 449.76 1 0 1 7 513837 29.6099 117177 1.3606 3.77253e+06 513837 ZonesAtSurface
1524.51 4325 524.735 7 3 1 6 1.29351e+06 29.0993 130666 1.23902 4.41708e+06 1.29351e+06 ZonesAtSurface
1574.53 4324.99 599.658 9 0 2 5 100000 5 10000 0.999953 326306 100000 ZonesAtSurface
1624.62 4325 574.688 4 0 1 6 1.38368e+06 42.2158 147293 1.05232 5.65135e+06 1.38368e+06 ZonesAtSurface
1674.64 4325 499.701 10 0 1 8 738589 22.4218 77799.9 1.01999 4.0276e+06 738589 ZonesAtSurface
1724.69 4325 524.7 2 0 2 8 897125 36.8618 94522.8 1.06389 3.86154e+06 897125 ZonesAtSurface
1774.74 4325 499.711 9 0 1 9 724265 44.4092 54994.7 1.02491 5.23654e+06 724265 ZonesAtSurface
1824.78 4325 524.718 7 0 1 9 650029 44.5829 91330.6 1.00688 3.85963e+06 650029 ZonesAtSurface
1874.83 4325 499.733 2 0 1 10 832183 18.6147 90582.7 1.00306 4.49582e+06 832183 ZonesAtSurface
1924.87 4325 574.742 10 0 1 9 811297 22.2545 112438 1.01769 2.31933e+06 811297 ZonesAtSurface
1974.92 4325 599.761 6 0 2 9 698732 37.1825 80369.5 0.989775 2.6449e+06 698732 ZonesAtSurface
2024.97 4325 562.287 0 0 2 9 715376 23.2811 62149.2 0.999267 2.64058e+06 715376 ZonesAtSurface
2075.02 4325.01 412.335 1 0 1 10 100000 5 10000 1.00814 1.37993e+06 100000 ZonesAtSurface
2125.05 4325.01 412.375 4 0 1 8 100000 5 10000 1.18385 891149 100000 ZonesAtSurface
2175.07 4325 362.412 0 0 1 7 858416 41.8888 77595.1 5.65693 3.69961e+06 858416 ZonesAtSurface
2225.07 4324.97 312.425 0 0 0 0 1.38347e+06 34.1386 68340.1 4.17875 5.70381e+06 1.38347e+06 ZonesAtSurface
2275.1 4324.96 212.44 0 0 0 0 1.26983e+06 32.1676 62269 3.33713 5.32791e+06 1.26983e+06 ZonesAtSurface
2325.12 4324.97 62.4403 7 0 0 0 1.1826e+06 19.5351 98775 1.13282 1.04393e+07 1.1826e+06 ZonesAtSurface
2375.12 4324.96 -37.5602 0 0 0 0 1.45874e+06 40.8591 100427 3.63815 1.36535e+07 1.45874e+06 ZonesAtSurface
2425.12 4324.98 -137.557 0 0 0 0 849554 37.9251 62997.8 5.49638 9.59575e+06 849554 ZonesAtSurface
2475.11 4325.01 -237.551 1 0 0 0 100000 5 10000 1.69852 2.34366e+06 100000 ZonesAtSurface
2525.07 4324.93 -167.568 10 0 0 0 1.09035e+06 25.9572 62356.4 1.97691 1.09184e+07 1.09035e+06 ZonesAtSurface
2575.04 4325.01 -227.546 3 0 0 0 100000 5 10000 1.15037 3.10376e+06 100000 ZonesAtSurface
2625 4324.95 -137.544 0 0 0 0 553421 29.1309 123601 1.62532 1.27143e+07 553421 ZonesAtSurface
2674.96 4324.95 -97.5315 0 0 0 0 1.04991e+06 25.9768 52245.5 1.55866 1.14785e+07 1.04991e+06 ZonesAtSurface
2724.92 4324.95 -57.5292 7 0 0 0 946557 15.1856 148941 1.0171 8.25296e+06 946557 ZonesAtSurface
2774.89 4324.95 -17.5434 0 0 0 0 1.04633e+06 37.183 75151.6 2.28144 1.04094e+07 1.04633e+06 ZonesAtSurface
2824.88 4324.95 22.4349 0 0 0 0 1.25811e+06 35.3829 108067 1.89959 1.16061e+07 1.25811e+06 ZonesAtSurface
2874.88 4324.94 62.4241 3 0 0 0 1.20692e+06 28.2163 114236 1.15666 1.28393e+07 1.20692e+06 ZonesAtSurface
2924.87 4324.95 102.428 9 0 0 0 751170 27.1843 57630.9 1.34501 1.05961e+07 751170 ZonesAtSurface
2974.85 4324.96 142.432 4 0 0 0 1.00393e+06 21.1207 137326 1.5109 7.15601e+06 1.00393e+06 ZonesAtSurface
3024.86 4324.93 232.416 9 0 0 0 640733 40.352 55320.3 1.81133 1.02841e+07 640733 ZonesAtSurface
3074.84 4324.98 222.414 0 0 0 0 594039 18.5761 62633 2.54945 3.7901e+06 594039 ZonesAtSurface
3124.84 4324.99 262.399 0 0 0 0 1.27998e+06 33.5354 96052.6 9.80587 2.53787e+06 1.27998e+06 ZonesAtSurface
3174.85 4324.99 302.385 0 0 0 0 824804 38.7085 66384.8 8.40748 2.90115e+06 824804 ZonesAtSurface
3224.87 4324.98 342.373 0 0 0 0 1.33284e+06 28.3675 127897 3.15341 4.94078e+06 1.33284e+06 ZonesAtSurface
3274.86 4325.01 332.362 0 0 1 7 812599 36.3121 146018 6.19041 2.98641e+06 812599 ZonesAtSurface
3324.86 4325.01 372.343 9 0 1 7 941804 15.2501 131818 1.12395 4.19929e+06 941804 ZonesAtSurface
3374.87 4325.01 462.297 10 0 1 6 1.0812e+06 43.7328 115075 1.01697 4.87335e+06 1.0812e+06 ZonesAtSurface
3424.9 4325.01 552.245 0 0 1 5 1.45363e+06 34.1979 52740.6 1.01025 5.31487e+06 1.45363e+06 ZonesAtSurface
3474.92 4325.01 642.184 8 1 1 4 678817 43.6305 142897 1.19759 2.73951e+06 678817 ZonesAtSurface
3524.95 4325.01 682.142 6 0 1 4 100000 5 10000 1.04796 366796 100000 ZonesAtSurface
3575.01 4325 672.138 6 0 1 5 909093 40.178 96929.3 1.29277 4.6742e+06 909093 ZonesAtSurface
3625.04 4325.01 612.149 1 0 1 7 711395 15.0141 98503.1 1.0402 3.15186e+06 711395 ZonesAtSurface
3675.08 4325.01 602.142 5 0 1 8 1.35486e+06 29.7599 113445 1.18176 5.37979e+06 1.35486e+06 ZonesAtSurface
3725.12 4324.99 692.084 8 0 1 7 867180 21.3407 117951 1.17129 2.94163e+06 867180 ZonesAtSurface
3775.18 4325 692.056 9 10 2 7 1.12192e+06 34.4919 93229.6 1.56694 2.64463e+06 1.12192e+06 ZonesAtSurface
3825.22 4325 702.049 15 0 2 6 727504 34.5428 104876 1.2299 3.00845e+06 727504 ZonesAtSurface
3875.28 4325 712.02 2 2 2 5 1.49732e+06 40.4871 130993 1.10294 5.66306e+06 1.49732e+06 ZonesAtSurface
3925.3 4325.01 772.011 0 10 2 3 984546 42.5164 80110.7 1.62912 2.67518e+06 984546 ZonesAtSurface
3975.37 4325.01 732.053 8 7 2 3 1.02921e+06 18.9976 146509 1.33926 2.14406e+06 1.02921e+06 ZonesAtSurface
4025.46 4325 642.123 4 0 1 4 1.35298e+06 38.0893 106569 1.17476 5.003e+06 1.35298e+06 ZonesAtSurface
4075.5 4325 652.156 9 5 2 3 787712 17.6865 85064 1.25272 1.72099e+06 787712 ZonesAtSurface
4125.59 4325.01 512.283 7 0 1 5 1.27848e+06 44.0562 118423 1.39114 6.29188e+06 1.27848e+06 ZonesAtSurface
4175.61 4325.01 422.343 0 0 1 6 1.48478e+06 20.0976 94974 1.01578 5.79088e+06 1.48478e+06 ZonesAtSurface
4225.61 4325.01 332.388 0 0 1 7 1.00473e+06 30.8931 91594.6 1.25034 6.9911e+06 1.00473e+06 ZonesAtSurface
4275.66 4325.01 442.401 1 0 1 4 1.3006e+06 27.3312 124785 1.91439 2.88537e+06 1.3006e+06 ZonesAtSurface
4325.67 4325.01 402.42 0 0 1 4 1.1272e+06 26.1068 117346 1.11629 3.16848e+06 1.1272e+06 ZonesAtSurface
4375.69 4325.01 362.444 0 0 1 4 665598 39.1429 64091.8 1.18419 4.04565e+06 665598 ZonesAtSurface
4425.71 4325 322.481 9 8 2 4 1.23446e+06 19.5024 115285 1.45724 2.4033e+06 1.23446e+06 ZonesAtSurface
4475.64 4325.01 182.532 10 0 1 6 876879 19.4784 66166.7 1.05911 4.79401e+06 876879 ZonesAtSurface
4525.53 4325.02 42.5408 0 0 1 8 601185 40.3024 93491.1 2.71966 7.86756e+06 601185 ZonesAtSurface
4575.58 4325.02 102.575 8 0 1 6 840436 44.8634 134836 1.71291 6.46386e+06 840436 ZonesAtSurface
4625.47 4325.02 12.5688 16 0 1 7 1.36503e+06 16.7138 125794 1.01973 8.20683e+06 1.36503e+06 ZonesAtSurface
4675.44 4325.03 22.6088 22 0 1 6 737081 44.008 141608 1.0399 9.27396e+06 737081 ZonesAtSurface
4725.39 4325.03 32.6548 31 0 1 5 1.10002e+06 38.7155 127767 1.25978 5.58703e+06 1.10002e+06 ZonesAtSurface
4775.32 4325.03 42.6922 62 0 1 4 100000 5 10000 1.0065 476923 100000 ZonesAtSurface
4825.23 4325.03 52.7365 73 0 1 3 100000 5 10000 1.72359 245518 100000 ZonesAtSurface
4875.12 4325.03 62.7561 63 1 1 2 100000 5 10000 1.28796 247917 100000 ZonesAtSurface
4925.05 4325.03 72.6971 92 28 1 1 1.29627e+06 27.9011 133450 1.79288 2.88554e+06 1.29627e+06 ZonesAtSurface
74.9286 4375.02 -48.8411 66 0 1 3 535210 27.6453 118014 1.22958 6.09301e+06 535210 ZonesAtSurface
124.862 4375.02 -23.7622 65 52 1 3 1.27014e+06 39.6025 80442.9 1.64864 3.5742e+06 1.27014e+06 ZonesAtSurface
174.77 4375.02 -48.8042 66 0 1 4 832722 19.5183 89327.5 1.03222 4.98566e+06 832722 ZonesAtSurface
224.684 4375.02 -23.7872 52 19 1 4 1.04544e+06 39.8296 118436 1.4756 3.3616e+06 1.04544e+06 ZonesAtSurface
274.633 4375.01 -48.8367 29 0 1 5 1.05978e+06 31.7182 125316 1.03696 5.85659e+06 1.05978e+06 ZonesAtSurface
324.567 4375.01 -23.8363 39 0 1 5 993536 18.5294 118089 1.26727 2.61233e+06 993536 ZonesAtSurface
374.527 4375.01 -48.8972 28 0 1 6 100000 5 10000 1.04947 1.01779e+06 100000 ZonesAtSurface
424.47 4375.01 -23.8991 22 0 1 6 100000 5 10000 1.06795 645602 100000 ZonesAtSurface
474.466 4375.01 -48.9502 10 0 1 7 1.2036e+06 26.8735 83849.9 1.14136 1.05032e+07 1.2036e+06 ZonesAtSurface
524.423 4375.01 -23.9587 0 0 1 7 995897 33.8557 66659.9 1.43289 8.96389e+06 995897 ZonesAtSurface
574.341 4375.01 51.0472 2 0 1 6 100000 5 10000 0.980299 1.2252e+06 100000 ZonesAtSurface
624.171 4375.03 326.024 3 9 2 1 520514 41.6818 146377 2.79733 707990 520514 ZonesAtSurface
674.181 4375.02 351.015 0 1 2 1 619241 25.3603 129142 1.60951 1.12162e+06 619241 ZonesAtSurface
724.191 4375.02 376.001 0 0 2 1 955606 25.2896 116527 2.44131 1.30566e+06 955606 ZonesAtSurface
774.202 4375.02 400.984 0 0 2 1 960872 42.7301 75127.6 3.83316 1.35973e+06 960872 ZonesAtSurface
824.23 4375.03 475.961 0 10 0 0 1.21899e+06 33.6098 127260 4.8654 896083 1.21899e+06 ZonesAtSurface
874.243 4375.03 500.939 0 10 0 0 1.19192e+06 24.113 60210.9 6.5089 561585 1.19192e+06 ZonesAtSurface
924.239 4375.02 475.92 0 0 2 1 1.31658e+06 30.7361 77488.9 4.1268 1.30214e+06 1.31658e+06 ZonesAtSurface
974.253 4375.03 500.897 0 0 2 1 1.27314e+06 37.0206 56218.4 4.2528 1.41174e+06 1.27314e+06 ZonesAtSurface
1024.27 4375.03 525.871 0 8 2 1 1.45499e+06 35.051 94510.8 4.54027 1.44394e+06 1.45499e+06 ZonesAtSurface
1074.29 4375.03 550.842 0 0 2 1 674953 36.6968 52113.5 2.1837 1.52058e+06 674953 ZonesAtSurface
1124.32 4375.03 575.81 0 0 2 1 1.09313e+06 17.4592 64912.4 2.04409 1.53596e+06 1.09313e+06 ZonesAtSurface
1174.34 4375.02 600.781 0 0 2 1 1.07617e+06 18.8519 123203 3.16552 1.02701e+06 1.07617e+06 ZonesAtSurface
1224.37 4375.02 625.759 0 6 2 1 730955 40.6945 62841.9 4.06582 785009 730955 ZonesAtSurface
1274.37 4375.01 550.75 0 0 1 3 1.1896e+06 41.8688 137689 1.52395 3.81198e+06 1.1896e+06 ZonesAtSurface
1324.37 4375.01 475.755 0 0 2 5 1.00729e+06 25.8203 65452.7 1.53141 3.66157e+06 1.00729e+06 ZonesAtSurface
1374.4 4375.01 500.747 0 0 2 5 578394 43.6889 148507 2.04279 2.51045e+06 578394 ZonesAtSurface
1424.44 4375 475.744 1 0 2 6 100000 5 10000 1.01024 676366 100000 ZonesAtSurface
1474.48 4375 450.741 7 0 1 7 1.35966e+06 38.8445 75190.6 1.89314 6.73825e+06 1.35966e+06 ZonesAtSurface
1524.51 4375 475.724 6 0 1 7 1.02552e+06 23.2818 139258 1.07646 4.72036e+06 1.02552e+06 ZonesAtSurface
1574.52 4374.99 600.625 2 0 2 5 581237 17.0281 122767 1.10226 2.4117e+06 581237 ZonesAtSurface
1624.59 4374.98 675.568 0 7 2 4 1.27293e+06 38.003 110120 1.65889 3.05628e+06 1.27293e+06 ZonesAtSurface
1674.66 4375 550.673 6 0 1 7 1.34032e+06 28.9325 83845.2 1.20036 5.84816e+06 1.34032e+06 ZonesAtSurface
1724.7 4375 475.698 6 0 1 9 1.45592e+06 26.484 91257 1.0578 7.08774e+06 1.45592e+06 ZonesAtSurface
1774.75 4375 450.709 0 0 1 10 1.27474e+06 32.1769 105564 1.3503 7.36958e+06 1.27474e+06 ZonesAtSurface
1824.78 4375.01 575.713 0 10 2 8 846738 42.7165 129935 1.85042 1.86915e+06 846738 ZonesAtSurface
1874.83 4375 600.72 7 10 2 8 1.05965e+06 16.8509 100109 2.13593 1.3166e+06 1.05965e+06 ZonesAtSurface
1924.88 4375 575.735 4 1 2 9 593748 20.0521 61317.7 1.10466 1.49052e+06 593748 ZonesAtSurface
1974.92 4375 600.753 0 2 2 9 1.2373e+06 39.8815 74699.1 1.12581 4.48111e+06 1.2373e+06 ZonesAtSurface
2024.97 4375.01 563.282 7 0 1 9 907802 32.2133 74577.4 1.00174 3.84517e+06 907802 ZonesAtSurface
2075.02 4375.01 463.326 9 0 1 9 671305 35.1353 113625 1.08297 6.05941e+06 671305 ZonesAtSurface
2125.06 4375.01 363.37 0 0 1 9 1.05861e+06 40.2562 117078 4.98483 4.91956e+06 1.05861e+06 ZonesAtSurface
2175.08 4375 363.411 5 0 1 7 772645 18.1629 118345 1.35222 4.38031e+06 772645 ZonesAtSurface
2225.08 4374.97 313.425 0 0 0 0 960281 25.6802 57679.3 2.37657 7.12097e+06 960281 ZonesAtSurface
2275.11 4374.97 213.438 4 0 0 0 907097 27.8523 96017.2 2.86404 5.36057e+06 907097 ZonesAtSurface
2325.13 4375 13.4412 0 0 0 0 1.40757e+06 30.9283 137647 4.66199 7.142e+06 1.40757e+06 ZonesAtSurface
2375.13 4375 -86.5604 0 0 0 0 1.39087e+06 22.3021 99284.7 2.43669 8.72999e+06 1.39087e+06 ZonesAtSurface
2425.11 4374.98 -136.565 0 0 0 0 637642 39.3146 51994.7 3.67047 1.12136e+07 637642 ZonesAtSurface
2475.1 4375.02 -236.555 0 0 0 0 996479 19.583 124495 2.49576 6.82661e+06 996479 ZonesAtSurface
2525.07 4375 -216.553 0 0 0 0 620109 42.0583 105489 6.62672 8.44019e+06 620109 ZonesAtSurface
2575.03 4374.97 -176.546 0 0 0 0 676936 26.7633 96721 1.7885 1.16653e+07 676936 ZonesAtSurface
2624.99 4374.96 -136.535 0 0 0 0 1.35098e+06 26.0757 111591 1.46764 1.19441e+07 1.35098e+06 ZonesAtSurface
2674.95 4374.95 -96.5243 0 0 0 0 1.19484e+06 34.973 77935.9 2.54883 1.01548e+07 1.19484e+06 ZonesAtSurface
2724.92 4374.96 -56.5241 0 0 0 0 1.35501e+06 31.3461 121221 2.42178 9.35559e+06 1.35501e+06 ZonesAtSurface
2774.89 4374.96 -16.5398 0 0 0 0 789733 42.5207 140450 4.4461 8.90208e+06 789733 ZonesAtSurface
2824.88 4374.96 23.4368 0 0 0 0 864954 33.7303 78267.8 2.33546 1.05624e+07 864954 ZonesAtSurface
2874.87 4374.95 63.4252 8 0 0 0 984636 25.3109 110682 1.29785 1.15009e+07 984636 ZonesAtSurface
2924.88 4374.89 153.422 10 0 0 0 593705 36.6843 95880 2.45008 1.00137e+07 593705 ZonesAtSurface
2974.85 4374.97 143.432 0 0 0 0 690736 29.9248 115667 2.8621 6.74291e+06 690736 ZonesAtSurface
3024.85 4374.94 233.425 10 0 0 0 1.27017e+06 41.2296 102777 3.65761 6.66084e+06 1.27017e+06 ZonesAtSurface
3074.83 4374.99 223.416 0 0 0 0 1.4883e+06 31.7556 87057.2 8.03249 2.91134e+06 1.4883e+06 ZonesAtSurface
3124.83 4374.99 263.4 0 0 0 0 1.23566e+06 31.6478 64295.8 7.10735 2.87971e+06 1.23566e+06 ZonesAtSurface
3174.84 4374.98 303.383 0 0 0 0 1.32242e+06 44.578 130722 6.80755 3.85401e+06 1.32242e+06 ZonesAtSurface
3224.85 4375 293.365 0 0 0 0 1.42887e+06 30.726 127954 7.91996 2.36963e+06 1.42887e+06 ZonesAtSurface
3274.86 4375 333.359 0 0 1 7 711427 28.9869 144268 2.99887 3.93912e+06 711427 ZonesAtSurface
3324.86 4375.01 373.339 8 0 1 7 914503 29.8615 145024 1.21962 4.88258e+06 914503 ZonesAtSurface
3374.88 4375.01 413.301 6 0 1 7 1.48781e+06 16.6197 67995.6 1.00784 5.60962e+06 1.48781e+06 ZonesAtSurface
3424.89 4375.01 553.236 1 0 2 5 1.24263e+06 24.8672 144096 1.07577 3.76e+06 1.24263e+06 ZonesAtSurface
3474.89 4375.01 643.162 2 0 2 4 100000 5 10000 1.1678 365862 100000 ZonesAtSurface
3524.92 4375.01 683.117 0 0 2 4 100000 5 10000 1.26953 262234 100000 ZonesAtSurface
3574.98 4375.01 673.112 0 0 1 5 100000 5 10000 1.02666 697123 100000 ZonesAtSurface
3624.99 4375 763.041 6 9 2 4 678002 35.4265 120226 1.74036 1.39614e+06 678002 ZonesAtSurface
3675.08 4375 653.114 6 0 1 7 827740 17.4687 52109.6 1.07293 3.54376e+06 827740 ZonesAtSurface
3725.13 4375 693.076 7 0 1 7 1.19276e+06 21.3768 125606 1.04861 3.33849e+06 1.19276e+06 ZonesAtSurface
3775.18 4375 693.054 14 0 1 7 1.0521e+06 23.6172 95244.8 1.04966 3.074e+06 1.0521e+06 ZonesAtSurface
3825.23 4375 703.04 0 4 2 6 1.4186e+06 23.5133 126099 1.0677 3.94772e+06 1.4186e+06 ZonesAtSurface
3875.29 4375 713.017 3 0 2 5 679493 16.2621 68501.4 1.19991 1.82814e+06 679493 ZonesAtSurface
3925.33 4375 723.023 0 4 2 4 1.4755e+06 31.1309 52547.7 1.52097 3.44541e+06 1.4755e+06 ZonesAtSurface
3975.4 4375.01 683.066 0 0 2 4 1.00693e+06 42.8839 73942.4 1.14831 3.84938e+06 1.00693e+06 ZonesAtSurface
4025.39 4375.01 743.091 0 0 2 2 1.1911e+06 17.0561 138218 1.84412 1.81724e+06 1.1911e+06 ZonesAtSurface
4075.49 4375.01 653.149 2 0 2 3 688809 39.0156 91404.2 1.03507 2.6311e+06 688809 ZonesAtSurface
4125.56 4375 613.201 7 7 2 3 1.08673e+06 26.618 72706.1 1.49592 2.36347e+06 1.08673e+06 ZonesAtSurface
4175.6 4375.01 423.34 8 0 1 6 702529 42.9025 104340 1.1785 6.77017e+06 702529 ZonesAtSurface
4225.65 4375.01 483.357 8 1 1 4 1.34529e+06 33.9105 60354.1 1.06572 4.77846e+06 1.34529e+06 ZonesAtSurface
4275.64 4375.01 343.407 0 0 1 6 1.49926e+06 27.0978 74075.4 1.51703 5.24083e+06 1.49926e+06 ZonesAtSurface
4325.67 4375.02 403.426 5 2 2 4 820484 42.7578 99738.2 1.36618 3.18957e+06 820484 ZonesAtSurface
4375.68 4375.02 363.446 1 9 1 4 1.34118e+06 44.518 68817.8 1.84597 4.0878e+06 1.34118e+06 ZonesAtSurface
4425.7 4375.01 323.471 3 0 2 4 567397 21.6495 121721 1.0998 1.68855e+06 567397 ZonesAtSurface
4475.64 4375.01 183.525 2 0 1 6 1.23206e+06 38.8751 106139 1.03444 6.99127e+06 1.23206e+06 ZonesAtSurface
4525.56 4375.01 93.5452 4 0 1 7 1.31905e+06 27.4758 87181 1.2341 8.2966e+06 1.31905e+06 ZonesAtSurface
4575.53 4375.02 53.5599 7 0 1 7 1.26162e+06 31.057 121595 1.11153 7.72921e+06 1.26162e+06 ZonesAtSurface
4625.47 4375.02 13.566 9 0 1 7 1.08785e+06 25.6673 99948.4 1.09262 1.05942e+07 1.08785e+06 ZonesAtSurface
4675.44 4375.02 23.6065 33 0 1 6 1.27599e+06 16.0774 73533.6 1.07843 4.66046e+06 1.27599e+06 ZonesAtSurface
4725.38 4375.02 33.6618 48 0 1 5 551308 19.4928 128670 1.16451 2.45597e+06 551308 ZonesAtSurface
4775.33 4375.02 43.6903 61 0 1 4 686180 22.0968 95994.4 1.29471 2.12139e+06 686180 ZonesAtSurface
4825.26 4375.02 53.7359 71 32 1 3 850969 35.402 122879 1.54282 2.49322e+06 850969 ZonesAtSurface
4875.13 4375.02 63.7797 83 0 1 2 100000 5 10000 1.09921 196939 100000 ZonesAtSurface
4925.05 4375.02 73.7199 70 0 1 1 100000 5 10000 1.70857 251385 100000 ZonesAtSurface
74.9317 4425.02 -47.8484 78 0 1 3 964908 21.0242 74476.7 1.18652 5.79662e+06 964908 ZonesAtSurface
124.866 4425.02 -22.7758 61 34 1 3 955009 33.2415 90279.4 1.7816 2.21943e+06 955009 ZonesAtSurface
174.77 4425.02 -47.8175 56 0 1 4 1.0429e+06 35.117 55693.6 1.02728 5.73304e+06 1.0429e+06 ZonesAtSurface
224.691 4425.02 -22.7949 57 5 1 4 1.14792e+06 16.5389 120617 1.3534 2.48953e+06 1.14792e+06 ZonesAtSurface
274.636 4425.02 -47.8458 40 0 1 5 874460 35.2733 128054 1.01979 7.25519e+06 874460 ZonesAtSurface
324.558 4425.01 -22.8526 39 0 1 5 679157 42.0676 120062 1.09714 5.25812e+06 679157 ZonesAtSurface
374.536 4425.01 -47.9047 3 0 1 6 1.46782e+06 17.6695 81718.2 1.02692 6.97253e+06 1.46782e+06 ZonesAtSurface
424.477 4425.01 -22.9126 9 0 1 6 1.0045e+06 44.0868 107800 1.24114 1.06589e+07 1.0045e+06 ZonesAtSurface
474.42 4425 2.07969 9 0 1 6 1.36558e+06 22.104 67208.7 1.06344 7.73656e+06 1.36558e+06 ZonesAtSurface
524.427 4425.01 -22.9593 1 0 1 7 100000 5 10000 0.988613 1.55086e+06 100000 ZonesAtSurface
574.293 4425.01 102.051 9 0 1 5 950394 32.1681 53440.6 1.01791 6.38273e+06 950394 ZonesAtSurface
624.184 4425.02 277.021 0 9 1 2 1.42012e+06 43.0016 127064 2.97819 2.22179e+06 1.42012e+06 ZonesAtSurface
674.193 4425.02 352.013 0 0 2 1 1.13766e+06 35.7326 135280 3.13663 1.58386e+06 1.13766e+06 ZonesAtSurface
724.202 4425.02 376.998 4 0 2 1 525887 29.5518 57800.7 1.38642 1.57224e+06 525887 ZonesAtSurface
774.212 4425.02 401.98 0 0 2 1 738863 27.8714 57351.1 1.88213 1.61295e+06 738863 ZonesAtSurface
824.223 4425.03 426.959 0 0 2 1 683776 29.6012 135346 2.2113 1.56992e+06 683776 ZonesAtSurface
874.253 4425.03 501.935 0 0 0 0 923182 34.1641 106592 4.63055 803594 923182 ZonesAtSurface
924.267 4425.03 526.912 0 0 0 0 1.20296e+06 16.905 104766 5.55386 604744 1.20296e+06 ZonesAtSurface
974.283 4425.03 551.889 0 8 0 0 867087 17.46 124622 3.70163 666196 867087 ZonesAtSurface
1024.3 4425.03 576.862 0 5 0 0 934727 22.6014 115786 4.6688 643432 934727 ZonesAtSurface
1074.3 4425.03 551.835 0 0 2 1 1.23358e+06 18.9893 75855.6 2.78158 1.44255e+06 1.23358e+06 ZonesAtSurface
1124.33 4425.03 576.804 0 0 2 1 642625 31.3754 86217.6 2.40743 1.46109e+06 642625 ZonesAtSurface
1174.38 4425.03 651.772 0 9 0 0 967708 31.935 78088.2 5.44054 730772 967708 ZonesAtSurface
1224.38 4425.02 626.751 0 0 2 1 1.41404e+06 40.6583 117598 6.18747 1.11796e+06 1.41404e+06 ZonesAtSurface
1274.39 4425.01 601.734 0 3 2 2 981537 39.8563 122100 1.51768 2.75619e+06 981537 ZonesAtSurface
1324.39 4425.01 526.741 10 0 1 4 1.02748e+06 42.6515 129723 1.19271 3.89944e+06 1.02748e+06 ZonesAtSurface
1374.4 4425.01 501.736 7 5 1 5 1.17652e+06 26.6257 92736.7 1.6418 2.68125e+06 1.17652e+06 ZonesAtSurface
1424.43 4425.01 526.73 5 9 1 5 745429 37.7618 98302.9 1.64762 2.46575e+06 745429 ZonesAtSurface
1474.46 4425 451.714 1 0 1 7 100000 5 10000 1.05716 1.24335e+06 100000 ZonesAtSurface
1524.48 4425 526.672 9 0 1 6 1.02237e+06 42.1744 55087.3 1.35888 4.42818e+06 1.02237e+06 ZonesAtSurface
1574.55 4425 651.585 2 9 2 4 1.44078e+06 26.8841 126736 1.2158 3.70154e+06 1.44078e+06 ZonesAtSurface
1624.6 4424.99 676.557 0 5 2 4 992068 25.9404 51883.2 1.48047 2.14016e+06 992068 ZonesAtSurface
1674.65 4425 501.665 2 0 1 8 1.16513e+06 23.7358 78719.3 1.09678 5.99827e+06 1.16513e+06 ZonesAtSurface
1724.69 4424.99 576.629 2 0 2 7 100000 5 10000 1.13013 638276 100000 ZonesAtSurface
1774.76 4425 501.692 7 0 1 9 882668 35.3313 132865 1.1251 6.33785e+06 882668 ZonesAtSurface
1824.8 4425 526.701 10 0 1 9 1.09341e+06 27.2766 87385.1 1.01996 4.44437e+06 1.09341e+06 ZonesAtSurface
1874.84 4425 551.713 10 0 1 9 1.32995e+06 20.6749 65127.6 1.01312 4.30518e+06 1.32995e+06 ZonesAtSurface
1924.89 4425 526.733 2 0 1 10 1.1699e+06 33.5054 111846 1.0031 5.89827e+06 1.1699e+06 ZonesAtSurface
1974.93 4425.01 601.749 1 4 2 9 1.27064e+06 24.5802 133908 1.00255 3.76128e+06 1.27064e+06 ZonesAtSurface
2024.97 4425.01 564.278 6 0 2 9 1.14902e+06 29.7059 90320.6 0.999266 3.78581e+06 1.14902e+06 ZonesAtSurface
2075.02 4425.01 414.323 0 0 1 10 1.2929e+06 27.9114 131636 2.0533 5.94499e+06 1.2929e+06 ZonesAtSurface
2125.05 4425 414.368 9 0 1 8 865950 28.8848 71173.5 1.10129 5.31064e+06 865950 ZonesAtSurface
2175.08 4425 314.399 0 0 1 8 759905 35.0142 51474.7 5.67719 4.54129e+06 759905 ZonesAtSurface
2225.09 4424.97 264.419 0 0 0 0 1.32656e+06 30.7685 105733 2.8579 9.5332e+06 1.32656e+06 ZonesAtSurface
2275.09 4424.92 264.433 10 1 0 0 1.25351e+06 26.252 139113 2.2196 1.01198e+07 1.25351e+06 ZonesAtSurface
2325.13 4425.01 14.4401 4 0 0 0 100000 5 10000 1.15902 2.31254e+06 100000 ZonesAtSurface
2375.12 4424.97 -35.5619 7 0 0 0 506085 41.9482 127641 1.7873 1.44578e+07 506085 ZonesAtSurface
2425.12 4424.99 -135.56 0 0 0 0 1.2151e+06 33.9355 125918 3.75993 8.94016e+06 1.2151e+06 ZonesAtSurface
2475.1 4424.99 -185.559 6 0 0 0 552571 40.1489 107973 4.74338 1.0301e+07 552571 ZonesAtSurface
2525.07 4425.01 -215.551 0 0 0 0 631474 34.8014 121765 4.85244 7.84124e+06 631474 ZonesAtSurface
2575.02 4424.9 -125.556 10 0 0 0 514993 43.746 57620.7 1.9564 1.29764e+07 514993 ZonesAtSurface
2624.98 4424.89 -85.5396 9 0 0 0 1.03223e+06 36.685 85905.1 1.92046 1.10117e+07 1.03223e+06 ZonesAtSurface
2674.95 4424.96 -95.5249 0 0 0 0 779627 29.4332 136560 1.76191 9.73904e+06 779627 ZonesAtSurface
2724.92 4424.96 -55.5241 0 0 0 0 1.18844e+06 44.2552 128917 4.27136 8.84173e+06 1.18844e+06 ZonesAtSurface
2774.89 4424.97 -15.5355 0 0 0 0 512449 25.8881 55359.4 1.51017 7.72947e+06 512449 ZonesAtSurface
2824.87 4424.97 24.4455 0 0 0 0 1.33227e+06 41.4632 113185 4.93225 6.93553e+06 1.33227e+06 ZonesAtSurface
2874.86 4424.97 64.4325 0 0 0 0 754668 41.5595 141092 4.73956 7.71846e+06 754668 ZonesAtSurface
2924.86 4424.96 104.43 6 0 0 0 1.17605e+06 19.7759 105883 1.86819 7.00838e+06 1.17605e+06 ZonesAtSurface
2974.85 4424.97 144.431 3 0 0 0 817734 39.7441 133328 4.84072 7.56938e+06 817734 ZonesAtSurface
3024.83 4424.98 184.427 0 0 0 0 647130 38.2393 115068 6.89197 4.70542e+06 647130 ZonesAtSurface
3074.83 4424.96 274.412 0 0 0 0 936536 32.2641 93438 2.47585 4.61255e+06 936536 ZonesAtSurface
3124.83 4424.99 264.396 0 0 0 0 1.40068e+06 28.9489 83972.9 5.85767 3.48447e+06 1.40068e+06 ZonesAtSurface
3174.84 4424.98 304.378 0 0 0 0 996963 36.837 64676.2 4.50049 3.96973e+06 996963 ZonesAtSurface
3224.84 4425 294.362 0 0 0 0 1.01798e+06 21.437 79117.3 4.29073 2.52158e+06 1.01798e+06 ZonesAtSurface
3274.85 4425 334.356 0 0 1 7 1.31072e+06 22.3498 52586.6 2.26735 4.26667e+06 1.31072e+06 ZonesAtSurface
3324.86 4425.01 324.324 0 0 1 8 643212 43.8406 103946 7.47517 3.43881e+06 643212 ZonesAtSurface
3374.88 4425.02 414.296 2 0 1 7 1.35828e+06 23.6199 96856.3 1.02566 5.93229e+06 1.35828e+06 ZonesAtSurface
3424.87 4425.02 554.224 2 0 2 5 100000 5 10000 0.961557 266624 100000 ZonesAtSurface
3474.87 4425.02 644.153 5 5 2 4 1.30752e+06 32.9192 94345.8 1.24487 3.98517e+06 1.30752e+06 ZonesAtSurface
3524.91 4425.02 684.109 8 3 2 4 766528 15.878 77236.2 1.14351 1.76766e+06 766528 ZonesAtSurface
3574.96 4425.02 724.069 6 1 2 4 1.02921e+06 17.455 132903 1.10511 2.47286e+06 1.02921e+06 ZonesAtSurface
3624.99 4425.01 714.055 6 0 2 5 736463 19.2434 131823 1.12496 2.12022e+06 736463 ZonesAtSurface
3675.03 4425 754.019 8 2 2 5 870063 20.3787 57813.1 1.12842 2.20365e+06 870063 ZonesAtSurface
3725.12 4425.01 694.065 1 0 1 7 100000 5 10000 1.23114 488104 100000 ZonesAtSurface
3775.18 4425.01 694.053 6 0 1 7 872002 23.1018 101885 1.14544 3.33478e+06 872002 ZonesAtSurface
3825.24 4425.01 704.028 8 0 1 6 587534 37.2494 122927 1.06636 4.2479e+06 587534 ZonesAtSurface
3875.29 4425 714.013 9 5 1 5 1.10348e+06 44.4806 68711.6 1.31915 4.3448e+06 1.10348e+06 ZonesAtSurface
3925.34 4425.01 724.021 6 10 2 4 943015 43.9975 90882.6 1.34816 3.19401e+06 943015 ZonesAtSurface
3975.39 4425.01 684.066 0 7 1 4 1.49331e+06 30.5656 100720 1.58856 3.26576e+06 1.49331e+06 ZonesAtSurface
4025.43 4425.01 694.1 0 9 2 3 1.42013e+06 43.8494 58725.7 2.04516 3.18993e+06 1.42013e+06 ZonesAtSurface
4075.45 4425.02 704.138 0 2 2 2 1.49365e+06 34.0091 109592 2.37197 2.3628e+06 1.49365e+06 ZonesAtSurface
4125.52 4425.02 664.183 0 9 2 2 1.44303e+06 19.2774 79856.9 1.54571 2.61271e+06 1.44303e+06 ZonesAtSurface
4175.61 4425.01 574.247 7 7 2 3 1.23469e+06 25.0423 123256 1.42584 2.79889e+06 1.23469e+06 ZonesAtSurface
4225.62 4425.01 384.371 0 0 1 6 624282 39.3354 84248 1.23355 6.41321e+06 624282 ZonesAtSurface
4275.63 4425.01 344.403 0 0 1 6 1.23741e+06 42.5032 146810 2.72224 5.70303e+06 1.23741e+06 ZonesAtSurface
4325.66 4425.02 354.429 6 0 1 5 944723 18.3581 58579.8 1.15928 3.2993e+06 944723 ZonesAtSurface
4375.66 4425.02 314.455 0 0 1 5 1.1126e+06 42.0002 138283 2.26804 4.76019e+06 1.1126e+06 ZonesAtSurface
4425.68 4425.02 324.474 8 0 1 4 1.23454e+06 18.7974 73601.2 1.22951 3.07094e+06 1.23454e+06 ZonesAtSurface
4475.67 4425.01 234.51 5 0 1 5 100000 5 10000 1.0304 659634 100000 ZonesAtSurface
4525.61 4425.01 144.54 9 0 1 6 545017 40.817 121959 1.01264 6.19745e+06 545017 ZonesAtSurface
4575.53 4425.02 54.5529 0 0 1 7 1.40651e+06 17.9489 77053.2 1.02961 6.2474e+06 1.40651e+06 ZonesAtSurface
4625.47 4425.02 14.5615 0 0 1 7 881563 43.8106 117590 2.22857 1.19442e+07 881563 ZonesAtSurface
4675.43 4425.02 24.6017 20 0 1 6 664513 38.5799 53155.8 1.02612 7.5697e+06 664513 ZonesAtSurface
4725.37 4425.02 34.6529 39 0 1 5 959069 28.4527 142288 1.17344 3.58648e+06 959069 ZonesAtSurface
4775.32 4425.02 44.6785 51 22 1 4 1.43957e+06 36.2154 99005 1.22624 5.31594e+06 1.43957e+06 ZonesAtSurface
4825.25 4425.02 54.7089 70 7 1 3 1.04199e+06 15.3397 146229 1.27844 2.39645e+06 1.04199e+06 ZonesAtSurface
4875.14 4425.01 64.7437 70 3 1 2 806016 30.8694 70590.2 1.40734 3.17936e+06 806016 ZonesAtSurface
4925.05 4425.02 74.7165 97 26 1 1 1.4373e+06 32.3005 130634 1.40127 4.24761e+06 1.4373e+06 ZonesAtSurface
74.9362 4475.02 -46.8601 60 0 1 3 1.32991e+06 36.8742 114103 1.23581 9.48651e+06 1.32991e+06 ZonesAtSurface
124.873 4475.02 -21.7917 62 16 1 3 1.12741e+06 17.3792 119328 1.35548 2.36796e+06 1.12741e+06 ZonesAtSurface
174.779 4475.02 -46.8249 58 0 1 4 529498 28.7095 139828 1.01047 4.30123e+06 529498 ZonesAtSurface
224.704 4475.02 -21.7935 58 8 1 4 684592 32.6042 92705 1.76317 1.74631e+06 684592 ZonesAtSurface
274.638 4475.02 -46.8484 44 0 1 5 673646 29.3053 64823.2 1.00946 5.36967e+06 673646 ZonesAtSurface
324.563 4475.02 -21.8512 49 0 1 5 1.2945e+06 21.2537 125618 1.43775 2.93427e+06 1.2945e+06 ZonesAtSurface
374.533 4475.01 -46.9121 24 0 1 6 756667 25.0261 53496.3 1.0295 8.80627e+06 756667 ZonesAtSurface
424.47 4475.01 -21.9264 11 0 1 6 611020 20.8727 87501.5 1.08636 6.95926e+06 611020 ZonesAtSurface
474.473 4475.01 -46.9525 1 0 1 7 500601 23.1197 139555 1.05546 7.99233e+06 500601 ZonesAtSurface
524.324 4475.01 78.0558 10 0 1 5 1.4744e+06 36.0414 78349.5 1.06815 6.96106e+06 1.4744e+06 ZonesAtSurface
574.26 4475.01 153.041 7 0 1 4 1.19394e+06 34.67 50978.9 1.05812 5.49501e+06 1.19394e+06 ZonesAtSurface
624.198 4475.02 278.02 0 0 2 2 1.1096e+06 26.7882 135279 1.66308 2.44915e+06 1.1096e+06 ZonesAtSurface
674.206 4475.03 353.01 0 0 2 1 617820 41.2216 118337 2.10713 1.59127e+06 617820 ZonesAtSurface
724.214 4475.03 377.994 0 0 2 1 1.02542e+06 43.2343 87995.7 3.7745 1.70299e+06 1.02542e+06 ZonesAtSurface
774.223 4475.03 402.975 0 0 2 1 866307 43.5867 119718 4.08344 1.57104e+06 866307 ZonesAtSurface
824.25 4475.03 477.953 0 7 0 0 1.13345e+06 42.8856 102329 5.83838 869088 1.13345e+06 ZonesAtSurface
874.262 4475.03 502.931 0 0 0 0 669595 20.3661 91402.5 2.81122 760670 669595 ZonesAtSurface
924.276 4475.03 527.907 0 0 0 0 609814 33.6572 140494 3.82425 735173 609814 ZonesAtSurface
974.292 4475.03 552.882 0 0 0 0 799127 41.4848 55554.4 5.9153 764851 799127 ZonesAtSurface
1024.31 4475.03 577.855 0 0 0 0 1.0075e+06 43.3581 133921 6.93939 766561 1.0075e+06 ZonesAtSurface
1074.33 4475.03 602.825 0 4 0 0 1.22573e+06 30.004 74404 4.89959 1.01766e+06 1.22573e+06 ZonesAtSurface
1124.36 4475.03 627.794 0 0 0 0 1.33211e+06 33.71 64987.2 6.02866 946016 1.33211e+06 ZonesAtSurface
1174.39 4475.03 652.764 0 0 0 0 704913 26.2388 51019.9 5.08787 510870 704913 ZonesAtSurface
1224.42 4475.03 677.737 0 4 0 0 581065 36.2375 55465.9 3.73096 792638 581065 ZonesAtSurface
1274.43 4475.02 652.715 0 0 2 1 888200 41.0343 105339 3.13125 1.60509e+06 888200 ZonesAtSurface
1324.4 4475.01 527.725 7 0 1 4 957147 23.5697 126802 1.11346 3.98054e+06 957147 ZonesAtSurface
1374.41 4475.01 502.722 1 0 1 5 1.17469e+06 18.0431 69989.8 1.72543 2.50457e+06 1.17469e+06 ZonesAtSurface
1424.44 4475.01 527.714 0 7 1 5 1.31546e+06 37.5556 54170.3 1.67169 3.30488e+06 1.31546e+06 ZonesAtSurface
1474.45 4475 502.684 8 0 1 6 1.14296e+06 26.5902 121730 1.26791 4.08503e+06 1.14296e+06 ZonesAtSurface
1524.49 4475 527.648 3 0 1 6 802420 36.9846 76337.2 1.35644 4.71665e+06 802420 ZonesAtSurface
1574.56 4475 652.573 2 0 1 4 600675 27.7845 85567.1 1.06325 2.62768e+06 600675 ZonesAtSurface
1624.61 4475 677.547 5 0 2 4 1.18998e+06 26.3084 104115 1.01395 3.87351e+06 1.18998e+06 ZonesAtSurface
1674.63 4474.99 602.579 8 0 1 6 658331 27.5845 92266.7 1.07139 4.22927e+06 658331 ZonesAtSurface
1724.67 4475 577.595 1 0 1 7 860844 35.6337 54382.2 1.10222 4.46758e+06 860844 ZonesAtSurface
1774.71 4474.99 602.598 1 0 2 7 868677 28.1432 137017 1.1445 2.86405e+06 868677 ZonesAtSurface
1824.78 4475 577.655 9 0 2 8 100000 5 10000 1.16608 687798 100000 ZonesAtSurface
1874.86 4475.01 502.708 2 0 1 10 1.20768e+06 23.3032 94625.6 1.00371 6.06475e+06 1.20768e+06 ZonesAtSurface
1924.89 4475 577.722 5 0 1 9 899273 29.7783 117758 1.05118 2.78709e+06 899273 ZonesAtSurface
1974.94 4475.01 552.747 2 0 1 10 676944 42.418 56186.2 1.00803 5.29587e+06 676944 ZonesAtSurface
2024.98 4475.01 515.275 0 0 1 10 1.32278e+06 42.3712 72489.8 1.33642 7.00926e+06 1.32278e+06 ZonesAtSurface
2075.02 4475.01 415.316 0 0 1 10 1.41714e+06 17.162 103367 1.31919 5.81764e+06 1.41714e+06 ZonesAtSurface
2125.05 4475 415.362 8 0 1 8 603013 28.2634 59890.4 0.991771 4.7742e+06 603013 ZonesAtSurface
2175.07 4474.99 315.389 10 0 1 8 100000 5 10000 1.25419 1.74205e+06 100000 ZonesAtSurface
2225.1 4474.99 215.403 0 0 0 0 882969 27.7464 135253 2.14625 8.10365e+06 882969 ZonesAtSurface
2275.11 4474.97 165.414 6 0 0 0 1.10895e+06 33.1637 93525.1 1.60825 1.09908e+07 1.10895e+06 ZonesAtSurface
2325.14 4474.99 65.437 0 0 0 0 1.00738e+06 31.5029 60168.5 2.44062 7.2749e+06 1.00738e+06 ZonesAtSurface
2375.14 4474.99 -34.5508 0 0 0 0 543258 41.0229 135429 2.95904 9.95175e+06 543258 ZonesAtSurface
2425.13 4475 -134.548 0 0 0 0 818331 23.6242 130467 2.33239 7.81058e+06 818331 ZonesAtSurface
2475.1 4475 -184.549 0 0 0 0 888971 39.3781 98014.8 4.9781 8.34207e+06 888971 ZonesAtSurface
2525.07 4475.01 -214.547 0 0 0 0 953968 16.2792 126953 1.81491 7.7351e+06 953968 ZonesAtSurface
2575.03 4474.98 -174.541 0 0 0 0 698491 19.8844 60454.2 1.47626 9.53685e+06 698491 ZonesAtSurface
2624.99 4474.97 -134.533 0 0 0 0 1.15528e+06 38.3652 91275.1 3.57632 1.0013e+07 1.15528e+06 ZonesAtSurface
2674.95 4474.96 -94.5258 0 0 0 0 1.34081e+06 37.7033 70912.5 4.62771 8.03506e+06 1.34081e+06 ZonesAtSurface
2724.91 4474.97 -54.5233 0 0 0 0 867713 44.6744 55361.3 8.14455 6.72712e+06 867713 ZonesAtSurface
2774.88 4474.98 -14.5282 0 0 0 0 1.46198e+06 26.3683 82865.9 4.77212 4.78253e+06 1.46198e+06 ZonesAtSurface
2824.86 4474.98 25.4596 0 0 0 0 1.02757e+06 38.5201 82384.9 10 3.71816e+06 1.02757e+06 ZonesAtSurface
2874.85 4475.01 15.4538 0 0 0 0 650277 39.274 140611 10 3.10885e+06 650277 ZonesAtSurface
2924.85 4474.97 105.433 0 0 0 0 1.38945e+06 37.2873 107402 3.50394 6.53852e+06 1.38945e+06 ZonesAtSurface
2974.83 4475 95.4305 0 0 0 0 1.46985e+06 38.5424 83614.5 9.20117 4.41643e+06 1.46985e+06 ZonesAtSurface
3024.83 4474.98 185.423 9 0 0 0 694458 25.1996 119772 3.88 4.16004e+06 694458 ZonesAtSurface
3074.82 4474.98 225.409 0 0 0 0 915630 40.039 138093 8.76467 3.59886e+06 915630 ZonesAtSurface
3124.83 4474.98 265.391 0 0 0 0 1.47542e+06 26.9645 87190.8 3.17847 4.86731e+06 1.47542e+06 ZonesAtSurface
3174.84 4474.98 305.373 0 0 0 0 621921 37.4095 125468 3.83243 3.97974e+06 621921 ZonesAtSurface
3224.85 4475 295.354 0 0 0 0 1.31699e+06 42.0046 126019 7.88183 4.40836e+06 1.31699e+06 ZonesAtSurface
3274.86 4475 335.348 4 0 1 7 928454 19.8614 83366.7 1.54373 5.39067e+06 928454 ZonesAtSurface
3324.86 4475.01 325.317 0 0 1 8 1.48784e+06 27.319 102746 3.64507 3.84121e+06 1.48784e+06 ZonesAtSurface
3374.88 4475.01 365.292 0 0 1 8 1.14785e+06 23.0905 84407.5 1.36712 5.01806e+06 1.14785e+06 ZonesAtSurface
3424.9 4475.02 455.255 3 0 1 7 1.46875e+06 23.2225 64914.6 1.03528 6.00692e+06 1.46875e+06 ZonesAtSurface
3474.9 4475.01 545.197 4 0 1 6 100000 5 10000 1.00914 806435 100000 ZonesAtSurface
3524.91 4475.02 635.132 4 0 1 5 1.16132e+06 22.244 50185.1 1.11569 3.85674e+06 1.16132e+06 ZonesAtSurface
3574.97 4475.03 725.072 0 7 2 4 1.455e+06 29.9617 75240.8 1.35523 3.74175e+06 1.455e+06 ZonesAtSurface
3624.99 4475.02 715.047 3 0 2 5 547368 15.4238 107415 1.11952 1.64895e+06 547368 ZonesAtSurface
3675.05 4475.01 655.075 10 0 1 7 100000 5 10000 1.05382 881513 100000 ZonesAtSurface
3725.07 4475 745.007 0 10 2 6 1.48537e+06 36.5298 125650 1.80879 3.1926e+06 1.48537e+06 ZonesAtSurface
3775.16 4475.01 695.049 1 0 1 7 100000 5 10000 1.46361 559441 100000 ZonesAtSurface
3825.23 4475.01 705.014 3 0 2 6 100000 5 10000 1.98204 355023 100000 ZonesAtSurface
3875.29 4475.01 715.008 4 4 1 5 1.0726e+06 29.402 69304.9 1.37336 2.86488e+06 1.0726e+06 ZonesAtSurface
3925.34 4475.01 725.012 2 1 1 4 871627 42.1673 147804 1.16204 3.39799e+06 871627 ZonesAtSurface
3975.41 4475.01 635.087 2 0 2 5 997375 25.0858 134112 1.01347 3.86101e+06 997375 ZonesAtSurface
4025.45 4475.01 645.115 6 0 1 4 1.07313e+06 22.2335 106483 1.2296 2.81527e+06 1.07313e+06 ZonesAtSurface
4075.48 4475.02 655.147 2 1 2 3 1.02718e+06 22.8339 102582 1.20069 2.52868e+06 1.02718e+06 ZonesAtSurface
4125.54 4475.02 615.189 0 10 1 3 1.4522e+06 30.6659 138969 1.68447 2.91227e+06 1.4522e+06 ZonesAtSurface
4175.61 4475.01 525.261 2 0 2 4 774042 26.3586 91885.6 1.08561 2.30331e+06 774042 ZonesAtSurface
4225.65 4475.01 535.294 10 10 2 3 1.0502e+06 30.9617 53967.6 2.01779 1.95571e+06 1.0502e+06 ZonesAtSurface
4275.65 4475.01 395.391 8 0 1 5 893301 24.6229 96505.8 1.09564 4.44702e+06 893301 ZonesAtSurface
4325.64 4475.02 305.429 0 0 1 6 534472 15.7236 134742 1.01591 3.49989e+06 534472 ZonesAtSurface
4375.65 4475.02 315.461 2 0 1 5 750710 39.0182 102712 1.3552 4.94881e+06 750710 ZonesAtSurface
4425.66 4475.03 325.485 0 0 1 4 1.16673e+06 35.9552 103741 1.76842 3.0003e+06 1.16673e+06 ZonesAtSurface
4475.67 4475.02 285.498 9 5 1 4 1.29875e+06 31.4493 90635.2 1.47776 3.32e+06 1.29875e+06 ZonesAtSurface
4525.69 4475.01 245.513 5 1 2 4 796661 32.3988 100521 1.31832 2.20669e+06 796661 ZonesAtSurface
4575.64 4475 155.539 2 1 2 5 802856 18.8367 86802.6 1.13338 2.06686e+06 802856 ZonesAtSurface
4625.46 4475.02 15.5525 6 0 1 7 830938 29.863 65702.7 1.47164 1.07579e+07 830938 ZonesAtSurface
4675.42 4475.02 25.5944 34 0 1 6 1.03036e+06 17.7982 100422 1.10022 5.96736e+06 1.03036e+06 ZonesAtSurface
4725.36 4475.02 35.6464 46 0 1 5 1.19209e+06 17.1747 103172 1.13421 3.63715e+06 1.19209e+06 ZonesAtSurface
4775.3 4475.02 45.6622 56 0 1 4 1.05751e+06 20.8703 89834.1 1.20662 4.05528e+06 1.05751e+06 ZonesAtSurface
4825.22 4475.02 55.6809 67 0 1 3 836092 33.4842 73194.5 1.40045 3.88814e+06 836092 ZonesAtSurface
4875.14 4475.02 65.6999 78 0 1 2 655232 27.6269 123818 1.70465 2.33502e+06 655232 ZonesAtSurface
4925.06 4475.02 75.6952 91 0 1 1 1.28149e+06 30.451 86525.1 1.41708 4.11554e+06 1.28149e+06 ZonesAtSurface
74.9374 4525.02 -45.8715 50 0 1 3 1.30789e+06 41.8546 105936 1.2052 1.02261e+07 1.30789e+06 ZonesAtSurface
124.879 4525.02 -20.8059 46 20 1 3 1.26816e+06 36.1868 56697.5 1.63361 3.64068e+06 1.26816e+06 ZonesAtSurface
174.785 4525.02 -45.8324 53 0 1 4 1.2466e+06 32.2176 82135.7 1.00739 6.57194e+06 1.2466e+06 ZonesAtSurface
224.714 4525.02 -20.8008 58 32 1 4 1.41606e+06 27.6498 113354 1.613 3.14408e+06 1.41606e+06 ZonesAtSurface
274.643 4525.02 -45.8589 45 0 1 5 593685 15.9041 120661 1.05165 3.44329e+06 593685 ZonesAtSurface
324.573 4525.02 -20.8539 44 5 1 5 1.10331e+06 24.7282 83830.2 1.64823 2.4678e+06 1.10331e+06 ZonesAtSurface
374.534 4525.02 -45.9172 33 0 1 6 622951 15.3997 65926.9 1.0277 5.43095e+06 622951 ZonesAtSurface
424.469 4525.02 -20.9359 3 0 1 6 951077 26.4633 139702 1.02834 6.68191e+06 951077 ZonesAtSurface
474.423 4525.01 4.05448 0 0 1 6 1.25508e+06 36.492 57571.4 1.65506 9.35452e+06 1.25508e+06 ZonesAtSurface
524.273 4525.02 129.041 6 3 1 4 1.06321e+06 20.6909 120641 1.11893 2.68304e+06 1.06321e+06 ZonesAtSurface
574.206 4525.02 254.021 0 10 2 2 1.0863e+06 32.3008 142672 6.07163 671984 1.0863e+06 ZonesAtSurface
624.21 4525.03 329.018 0 10 2 1 1.1575e+06 33.6107 65765 3.469 1.21535e+06 1.1575e+06 ZonesAtSurface
674.218 4525.03 354.006 0 0 2 1 864932 22.4156 111278 2.35019 1.35448e+06 864932 ZonesAtSurface
724.225 4525.03 378.991 0 0 2 1 871637 39.0268 149517 3.73961 1.59856e+06 871637 ZonesAtSurface
774.248 4525.03 453.97 0 9 0 0 1.37179e+06 44.9156 132921 7.23705 841148 1.37179e+06 ZonesAtSurface
824.259 4525.03 478.949 0 3 0 0 1.17594e+06 20.1142 61609.3 3.87431 871943 1.17594e+06 ZonesAtSurface
874.272 4525.03 503.926 0 0 0 0 1.09078e+06 21.177 119229 4.00593 837482 1.09078e+06 ZonesAtSurface
924.285 4525.03 528.902 0 0 0 0 624428 35.6694 102749 3.61547 840185 624428 ZonesAtSurface
974.3 4525.04 553.875 0 0 0 0 1.42225e+06 19.7888 147967 5.04351 857775 1.42225e+06 ZonesAtSurface
1024.32 4525.04 578.847 0 0 0 0 1.08685e+06 28.6077 74138.8 4.82307 880528 1.08685e+06 ZonesAtSurface
1074.34 4525.04 603.818 0 0 0 0 967302 34.7439 107431 5.0712 898139 967302 ZonesAtSurface
1124.37 4525.04 628.787 0 0 0 0 780550 40.7005 55928.4 6.16726 811451 780550 ZonesAtSurface
1174.4 4525.04 653.757 0 0 0 0 953404 15.4526 91545.2 4.6238 605286 953404 ZonesAtSurface
1224.43 4525.03 678.727 0 0 0 0 512075 34.5611 50903.5 4.60687 567332 512075 ZonesAtSurface
1274.46 4525.03 703.697 0 0 0 0 796952 16.9634 78921.3 3.21642 699656 796952 ZonesAtSurface
1324.44 4525.01 628.681 0 8 2 2 1.2262e+06 37.6535 133002 1.92542 2.45705e+06 1.2262e+06 ZonesAtSurface
1374.42 4525.01 503.699 4 0 1 5 1.19598e+06 19.3232 54046.2 1.49966 3.61056e+06 1.19598e+06 ZonesAtSurface
1424.43 4525 478.682 0 0 1 6 1.04382e+06 31.7187 97698.6 2.08458 4.52961e+06 1.04382e+06 ZonesAtSurface
1474.46 4525 503.657 0 0 1 6 1.23329e+06 37.0017 64335.3 1.87067 5.32749e+06 1.23329e+06 ZonesAtSurface
1524.53 4524.99 628.587 4 0 2 4 733657 31.0865 86055.6 1.03605 3.29483e+06 733657 ZonesAtSurface
1574.61 4525.01 753.528 10 5 2 2 835655 29.3163 105196 1.2544 2.13584e+06 835655 ZonesAtSurface
1624.65 4525.01 778.505 0 0 2 2 1.19274e+06 37.7001 110388 1.97926 2.42153e+06 1.19274e+06 ZonesAtSurface
1674.67 4525 753.504 9 6 2 3 629243 26.24 148978 1.45036 1.65005e+06 629243 ZonesAtSurface
1724.69 4524.99 728.517 0 6 2 4 1.44014e+06 36.4578 62144.2 1.35943 4.07856e+06 1.44014e+06 ZonesAtSurface
1774.72 4525 653.566 4 2 2 6 808497 30.7786 94575.2 1.14602 2.36365e+06 808497 ZonesAtSurface
1824.8 4525 528.654 6 0 1 9 100000 5 10000 1.31485 1.19694e+06 100000 ZonesAtSurface
1874.8 4525 603.642 7 0 2 8 1.11011e+06 27.5513 100406 1.23837 3.69034e+06 1.11011e+06 ZonesAtSurface
1924.88 4525.01 578.7 9 0 1 9 100000 5 10000 1.06722 763138 100000 ZonesAtSurface
1974.93 4525.01 603.73 5 0 2 9 100000 5 10000 1.1894 409831 100000 ZonesAtSurface
2024.98 4525.01 516.267 1 0 1 10 678984 22.9257 52560.6 1.00599 4.37671e+06 678984 ZonesAtSurface
2075.02 4525.01 466.308 8 0 1 9 636539 26.4486 83371.5 1.01087 5.07629e+06 636539 ZonesAtSurface
2125.04 4525 416.353 1 0 2 8 1.47509e+06 18.4743 81188.7 1.03912 4.67906e+06 1.47509e+06 ZonesAtSurface
2175.06 4525 316.38 5 0 1 8 100000 5 10000 1.19591 1.4528e+06 100000 ZonesAtSurface
2225.1 4525 216.393 0 0 0 0 1.22287e+06 35.3401 115246 4.5771 5.64822e+06 1.22287e+06 ZonesAtSurface
2275.13 4525.01 116.413 0 0 0 0 1.4672e+06 17.3623 100233 3.56042 3.74844e+06 1.4672e+06 ZonesAtSurface
2325.15 4525 66.4326 0 0 0 0 1.23643e+06 28.5532 104552 4.45431 4.87787e+06 1.23643e+06 ZonesAtSurface
2375.15 4525.02 -83.5459 0 0 0 0 724430 42.7687 103061 10 3.56242e+06 724430 ZonesAtSurface
2425.13 4524.97 -83.5411 9 0 0 0 1.0999e+06 25.4985 84539.3 1.54443 9.83961e+06 1.0999e+06 ZonesAtSurface
2475.1 4525.01 -183.543 3 0 0 0 624296 20.9511 142645 2.30569 6.84634e+06 624296 ZonesAtSurface
2525.05 4524.96 -163.547 0 0 0 0 1.00752e+06 31.4591 78285.4 2.35651 1.04171e+07 1.00752e+06 ZonesAtSurface
2575 4524.91 -123.545 10 0 0 0 1.20381e+06 44.0431 148748 2.87355 1.1321e+07 1.20381e+06 ZonesAtSurface
2624.98 4524.98 -133.529 5 0 0 0 991411 19.1114 106840 1.77661 7.58737e+06 991411 ZonesAtSurface
2674.94 4524.96 -93.5234 6 0 0 0 1.09314e+06 22.1569 148178 2.2456 7.20166e+06 1.09314e+06 ZonesAtSurface
2724.9 4524.97 -53.52 8 0 0 0 1.18558e+06 35.1274 51899.7 3.96254 8.17221e+06 1.18558e+06 ZonesAtSurface
2774.87 4524.98 -13.523 0 0 0 0 1.11811e+06 32.6813 130595 5.61755 4.90211e+06 1.11811e+06 ZonesAtSurface
2824.85 4524.98 26.4668 0 0 0 0 1.44305e+06 40.0991 76699.5 9.39246 4.00576e+06 1.44305e+06 ZonesAtSurface
2874.84 4524.99 66.4535 0 0 0 0 1.47599e+06 28.7022 126654 5.549 3.41023e+06 1.47599e+06 ZonesAtSurface
2924.83 4525.01 56.4444 0 0 0 0 795211 37.0994 115968 9.40552 3.62874e+06 795211 ZonesAtSurface
2974.83 4524.98 146.428 5 0 0 0 1.33985e+06 39.4846 97220.1 9.3689 3.05087e+06 1.33985e+06 ZonesAtSurface
3024.82 4524.98 186.418 0 0 0 0 1.43533e+06 29.7299 148044 5.02252 4.29151e+06 1.43533e+06 ZonesAtSurface
3074.82 4524.97 226.403 0 0 0 0 594170 43.511 102749 4.54247 6.19539e+06 594170 ZonesAtSurface
3124.83 4524.97 266.381 0 0 0 0 585738 33.9457 119256 1.76468 7.54546e+06 585738 ZonesAtSurface
3174.85 4524.97 306.359 8 0 0 0 1.19864e+06 18.6668 127015 1.1937 7.19322e+06 1.19864e+06 ZonesAtSurface
3224.9 4524.96 346.341 10 0 0 0 1.19286e+06 44.8642 133622 2.2803 8.45407e+06 1.19286e+06 ZonesAtSurface
3274.87 4525 336.335 0 0 1 7 546082 31.1395 118108 2.16174 5.74874e+06 546082 ZonesAtSurface
3324.84 4525 426.316 4 0 2 6 100000 5 10000 0.763884 412745 100000 ZonesAtSurface
3374.88 4525.01 416.286 1 0 1 7 574173 25.2697 149372 1.03051 4.36691e+06 574173 ZonesAtSurface
3424.86 4525.01 556.217 1 1 2 5 1.38773e+06 19.5362 54563 1.31357 3.14536e+06 1.38773e+06 ZonesAtSurface
3474.89 4525.02 546.187 0 0 1 6 878351 40.2045 120847 1.26126 4.89488e+06 878351 ZonesAtSurface
3524.92 4525.02 586.149 0 0 1 6 537776 20.4859 71359.7 1.12531 3.17268e+06 537776 ZonesAtSurface
3574.97 4525.01 576.131 4 0 1 7 100000 5 10000 1.22895 802337 100000 ZonesAtSurface
3625 4525.01 616.091 6 0 2 7 1.27118e+06 19.2649 114019 1.17693 4.11251e+06 1.27118e+06 ZonesAtSurface
3675.03 4525.01 656.055 0 0 2 7 591893 36.5448 97413.1 1.23994 3.47935e+06 591893 ZonesAtSurface
3725.07 4525.01 696.026 0 4 2 7 1.43867e+06 16.7775 146511 1.37653 2.7681e+06 1.43867e+06 ZonesAtSurface
3775.14 4525.01 696.036 10 2 2 7 1.31577e+06 37.2163 83604 1.19877 4.54356e+06 1.31577e+06 ZonesAtSurface
3825.21 4525.01 706.005 4 0 2 6 100000 5 10000 1.75017 309333 100000 ZonesAtSurface
3875.27 4525.01 715.994 4 0 1 5 100000 5 10000 1.87549 327937 100000 ZonesAtSurface
3925.33 4525 725.997 4 0 2 4 100000 5 10000 1.14023 442335 100000 ZonesAtSurface
3975.41 4525.01 636.084 2 0 1 5 728234 34.6805 107448 1.02793 4.29056e+06 728234 ZonesAtSurface
4025.46 4525.01 596.135 4 0 2 5 614724 43.3969 51630.6 1.03694 4.25221e+06 614724 ZonesAtSurface
4075.49 4525.02 606.163 6 0 2 4 946014 25.8599 127902 1.13376 2.88052e+06 946014 ZonesAtSurface
4125.53 4525.02 616.191 0 1 2 3 1.49168e+06 42.9086 58179.8 2.508 2.90127e+06 1.49168e+06 ZonesAtSurface
4175.59 4525.01 476.278 2 0 1 5 909894 24.011 118221 1.01867 4.4247e+06 909894 ZonesAtSurface
4225.62 4525.02 536.285 4 9 2 3 819494 44.6492 52871.4 1.65088 2.47235e+06 819494 ZonesAtSurface
4275.63 4525.01 346.393 6 0 1 6 991890 34.3539 116395 1.20862 7.04502e+06 991890 ZonesAtSurface
4325.65 4525.02 356.43 7 0 1 5 1.36619e+06 41.2579 58321.9 1.07992 5.99576e+06 1.36619e+06 ZonesAtSurface
4375.65 4525.03 316.463 2 0 1 5 1.11861e+06 44.1853 86470 1.51479 5.3707e+06 1.11861e+06 ZonesAtSurface
4425.63 4525.02 226.483 1 0 1 6 570707 31.4772 146430 1.04285 5.73644e+06 570707 ZonesAtSurface
4475.65 4525.02 236.503 6 0 1 5 1.08617e+06 31.1849 97366.1 1.24527 4.22697e+06 1.08617e+06 ZonesAtSurface
4525.65 4525.02 196.518 4 0 1 5 1.25852e+06 35.9151 146492 1.20663 5.65379e+06 1.25852e+06 ZonesAtSurface
4575.68 4525.02 206.523 1 1 2 4 100000 5 10000 0 192901 100000 ZonesAtSurface
4625.51 4525.02 66.5657 8 0 1 6 1.26406e+06 24.4946 115218 1.05653 9.11144e+06 1.26406e+06 ZonesAtSurface
4675.42 4525.02 26.5834 41 0 1 6 625645 17.4517 130498 1.03893 5.19149e+06 625645 ZonesAtSurface
4725.35 4525.02 36.6337 28 0 1 5 931030 40.4867 144943 1.14568 5.03254e+06 931030 ZonesAtSurface
4775.29 4525.02 46.6486 52 0 1 4 728238 35.2278 114818 1.27185 5.8553e+06 728238 ZonesAtSurface
4825.21 4525.02 56.661 43 0 2 3 592343 42.9784 126313 1.83838 4.59361e+06 592343 ZonesAtSurface
4875.15 4525.03 66.6637 70 0 1 2 1.44994e+06 35.6444 146915 1.4616 5.26185e+06 1.44994e+06 ZonesAtSurface
4925.06 4525.03 76.6774 62 0 1 1 1.16122e+06 26.6191 109472 1.4726 4.21577e+06 1.16122e+06 ZonesAtSurface
74.937 4575.02 -44.8795 51 0 1 3 1.35107e+06 39.0785 104039 1.18184 9.29442e+06 1.35107e+06 ZonesAtSurface
124.88 4575.02 -19.8107 62 0 1 3 706955 36.6976 99867.9 1.44158 2.48414e+06 706955 ZonesAtSurface
174.784 4575.02 -44.841 68 0 1 4 857630 15.3617 69584.9 1.00853 3.82174e+06 857630 ZonesAtSurface
224.716 4575.02 -19.8215 57 33 1 4 1.3615e+06 21.4507 112166 1.4597 2.84811e+06 1.3615e+06 ZonesAtSurface
274.644 4575.02 -44.8799 39 0 1 5 1.30462e+06 40.368 125098 1.09551 8.18759e+06 1.30462e+06 ZonesAtSurface
324.577 4575.02 -19.869 40 7 1 5 1.30407e+06 36.5259 76082.6 1.52036 4.07973e+06 1.30407e+06 ZonesAtSurface
374.539 4575.02 -44.9251 12 0 1 6 1.26164e+06 15.5374 129423 1.02616 7.2114e+06 1.26164e+06 ZonesAtSurface
424.476 4575.02 -19.9425 21 0 1 6 1.05307e+06 29.0939 52206.5 1.03488 7.58193e+06 1.05307e+06 ZonesAtSurface
474.431 4575.02 5.04537 0 0 1 6 962939 30.533 107626 1.61306 8.69996e+06 962939 ZonesAtSurface
524.285 4575.02 130.036 8 1 1 4 954929 17.9614 67013.4 1.03416 2.51341e+06 954929 ZonesAtSurface
574.218 4575.02 255.015 0 5 2 2 1.46001e+06 36.5811 148292 5.14815 1.11674e+06 1.46001e+06 ZonesAtSurface
624.221 4575.03 330.013 1 1 2 1 1.06727e+06 18.2816 83653.1 2.33946 1.26298e+06 1.06727e+06 ZonesAtSurface
674.236 4575.03 405 0 10 0 0 1.17462e+06 19.2874 101616 3.3275 975695 1.17462e+06 ZonesAtSurface
724.235 4575.03 379.986 0 0 1 1 882186 32.2244 125762 2.56403 1.7959e+06 882186 ZonesAtSurface
774.258 4575.03 454.966 0 5 0 0 793224 33.9481 77176.3 2.7808 1.07121e+06 793224 ZonesAtSurface
824.269 4575.03 479.944 0 0 0 0 505334 15.3131 115330 1.47655 908998 505334 ZonesAtSurface
874.281 4575.04 504.921 0 0 0 0 599694 31.3673 148657 2.94327 859924 599694 ZonesAtSurface
924.294 4575.04 529.896 0 0 0 0 1.00876e+06 23.1463 147349 3.888 862188 1.00876e+06 ZonesAtSurface
974.309 4575.04 554.87 0 0 0 0 947634 18.2767 138856 3.20437 907448 947634 ZonesAtSurface
1024.33 4575.04 579.841 0 2 0 0 724274 24.9901 135157 2.98022 912111 724274 ZonesAtSurface
1074.35 4575.04 604.812 0 0 0 0 1.11993e+06 17.2207 57300 3.85829 875170 1.11993e+06 ZonesAtSurface
1124.38 4575.04 629.78 0 0 0 0 959139 20.9313 119034 3.8107 837579 959139 ZonesAtSurface
1174.4 4575.04 654.749 0 0 0 0 1.04221e+06 19.4105 104638 4.62057 717221 1.04221e+06 ZonesAtSurface
1224.44 4575.04 679.717 0 0 0 0 1.03566e+06 32.4469 83508.5 8.4186 572841 1.03566e+06 ZonesAtSurface
1274.47 4575.03 704.686 0 0 0 0 1.06459e+06 16.0064 89393.7 6.17032 484630 1.06459e+06 ZonesAtSurface
1324.47 4575.02 679.661 0 2 2 1 656791 42.7655 78494.3 2.56506 1.28331e+06 656791 ZonesAtSurface
1374.46 4575 604.647 1 2 2 3 1.02996e+06 35.2123 108951 1.44238 3.03162e+06 1.02996e+06 ZonesAtSurface
1424.47 4574.99 579.632 0 0 2 4 766940 41.5049 121874 1.24493 5.46374e+06 766940 ZonesAtSurface
1474.5 4574.99 604.601 6 0 2 4 580366 32.6549 74543.7 1.07437 3.26524e+06 580366 ZonesAtSurface
1524.55 4575 679.557 4 9 1 3 829801 41.7347 131455 1.90206 2.12095e+06 829801 ZonesAtSurface
1574.61 4575.01 754.512 0 8 2 2 1.31216e+06 24.6082 55737.1 1.3794 2.96375e+06 1.31216e+06 ZonesAtSurface
1624.65 4575.01 779.49 3 0 2 2 592402 40.6297 84962.6 1.60078 2.0338e+06 592402 ZonesAtSurface
1674.7 4575.02 854.471 0 8 2 1 1.4585e+06 26.1014 130672 4.82712 935181 1.4585e+06 ZonesAtSurface
1724.71 4575.01 779.484 0 6 2 3 1.11789e+06 41.8742 145822 1.58772 3.01515e+06 1.11789e+06 ZonesAtSurface
1774.73 4575 654.55 7 0 2 6 566055 40.4306 51870.7 1.05162 2.17666e+06 566055 ZonesAtSurface
1824.77 4575.01 529.615 0 0 1 9 100000 5 10000 1.22345 1.14575e+06 100000 ZonesAtSurface
1874.79 4575.01 604.614 4 0 2 8 810216 17.8173 129845 1.05277 2.01995e+06 810216 ZonesAtSurface
1924.84 4575.01 629.645 0 8 2 8 780630 40.8671 52366.5 1.61548 2.01143e+06 780630 ZonesAtSurface
1974.94 4575.01 554.727 2 0 1 10 100000 5 10000 1.16172 982948 100000 ZonesAtSurface
2024.98 4575.01 517.258 0 0 1 10 965506 34.087 65228.9 1.27278 6.32993e+06 965506 ZonesAtSurface
2075.02 4575.01 467.3 9 0 1 9 840215 23.1013 94489.4 1.00741 4.72028e+06 840215 ZonesAtSurface
2125.04 4575.01 417.347 0 0 1 8 1.42445e+06 38.66 125973 1.54091 6.66194e+06 1.42445e+06 ZonesAtSurface
2175.07 4575.01 317.376 0 0 1 8 545908 22.5157 95535.3 4.32481 2.72347e+06 545908 ZonesAtSurface
2225.1 4575.01 217.392 0 0 0 0 623698 22.7562 73505.7 4.26606 3.45517e+06 623698 ZonesAtSurface
2275.12 4574.98 167.404 4 0 0 0 1.12619e+06 19.6444 90501.6 1.60683 7.66541e+06 1.12619e+06 ZonesAtSurface
2325.13 4574.97 117.42 10 0 0 0 1.16416e+06 37.5956 108464 2.75828 8.58883e+06 1.16416e+06 ZonesAtSurface
2375.15 4575 -32.5531 0 0 0 0 1.1556e+06 21.4428 142907 2.19425 7.1123e+06 1.1556e+06 ZonesAtSurface
2425.13 4575.01 -132.545 0 0 0 0 968934 29.3873 113808 3.78142 7.18999e+06 968934 ZonesAtSurface
2475.1 4575.01 -182.544 0 0 0 0 848340 25.5944 68461.8 2.54603 8.44486e+06 848340 ZonesAtSurface
2525.07 4575.02 -212.538 0 0 0 0 1.29708e+06 35.3353 118706 5.76754 7.74605e+06 1.29708e+06 ZonesAtSurface
2575.02 4575 -172.529 0 0 0 0 583955 30.7464 57712.4 3.11252 8.64855e+06 583955 ZonesAtSurface
2624.97 4574.98 -132.523 0 0 0 0 648852 41.2065 145470 4.86124 7.29707e+06 648852 ZonesAtSurface
2674.95 4575.01 -142.522 0 0 0 0 568654 30.6833 97480.2 4.36643 6.33006e+06 568654 ZonesAtSurface
2724.91 4575.01 -102.523 0 0 0 0 1.22312e+06 41.7847 52097.3 8.48371 6.01952e+06 1.22312e+06 ZonesAtSurface
2774.87 4574.97 -12.5275 0 0 0 0 1.36924e+06 36.3697 65882.8 4.31317 7.04757e+06 1.36924e+06 ZonesAtSurface
2824.85 4574.98 27.4639 0 0 0 0 840304 32.2923 64479.1 3.05882 7.43323e+06 840304 ZonesAtSurface
2874.84 4574.99 67.4536 0 0 0 0 1.47629e+06 35.5515 63405.7 5.1102 6.02231e+06 1.47629e+06 ZonesAtSurface
2924.83 4574.99 107.439 0 0 0 0 1.20879e+06 39.3352 143067 8.53101 3.71773e+06 1.20879e+06 ZonesAtSurface
2974.82 4574.98 147.424 7 0 0 0 686007 19.8635 99698.5 1.77023 5.4497e+06 686007 ZonesAtSurface
3024.82 4574.97 187.41 0 0 0 0 1.17574e+06 32.0876 82002.1 2.09061 8.35135e+06 1.17574e+06 ZonesAtSurface
3074.82 4575 177.39 0 0 0 0 1.33073e+06 30.6628 97694.6 4.47244 4.65156e+06 1.33073e+06 ZonesAtSurface
3124.82 4575 217.365 0 0 0 0 865922 33.4284 85268.7 3.8191 5.39454e+06 865922 ZonesAtSurface
3174.84 4574.99 257.34 0 0 0 0 1.30132e+06 44.2366 101754 6.88382 5.88304e+06 1.30132e+06 ZonesAtSurface
3224.85 4575.01 247.327 0 0 0 0 638024 37.849 135240 8.85146 3.46275e+06 638024 ZonesAtSurface
3274.87 4575 337.32 0 0 1 7 1.32545e+06 43.8194 111132 5.16302 6.26001e+06 1.32545e+06 ZonesAtSurface
3324.86 4575.01 377.305 9 0 1 7 100000 5 10000 1.19215 589233 100000 ZonesAtSurface
3374.87 4575.01 417.273 4 0 1 7 100000 5 10000 1.05772 865882 100000 ZonesAtSurface
3424.87 4575.02 507.226 4 0 1 6 1.25116e+06 30.1912 129418 1.05025 5.14262e+06 1.25116e+06 ZonesAtSurface
3474.89 4575.02 547.185 4 0 1 6 1.05055e+06 26.6035 69473.6 1.16618 4.75115e+06 1.05055e+06 ZonesAtSurface
3524.93 4575.02 537.158 1 0 1 7 855936 15.7288 91392.4 1.14426 3.03158e+06 855936 ZonesAtSurface
3574.97 4575.01 527.14 0 0 1 8 100000 5 10000 1.02646 1.41966e+06 100000 ZonesAtSurface
3624.99 4575.01 617.085 7 0 1 7 1.27227e+06 17.3269 55948.3 1.07475 3.95579e+06 1.27227e+06 ZonesAtSurface
3675.08 4575.01 557.107 0 0 1 9 100000 5 10000 1.05189 1.38452e+06 100000 ZonesAtSurface
3725.08 4575.01 647.041 6 0 2 8 1.2685e+06 19.2089 121144 1.05703 4.28974e+06 1.2685e+06 ZonesAtSurface
3775.15 4575.01 647.049 2 0 1 8 691756 20.4015 129718 1.154 3.5639e+06 691756 ZonesAtSurface
3825.2 4575.01 657.051 4 0 1 7 100000 5 10000 1.41357 652876 100000 ZonesAtSurface
3875.24 4575 766.93 5 0 2 4 707916 36.8365 140095 1.05154 2.74921e+06 707916 ZonesAtSurface
3925.32 4575 726.981 7 0 1 4 1.08853e+06 22.8987 99530.7 1.03921 3.26214e+06 1.08853e+06 ZonesAtSurface
3975.41 4575.01 637.078 6 0 1 5 763215 42.6728 65247.7 1.30523 6.36249e+06 763215 ZonesAtSurface
4025.46 4575.01 547.152 10 0 1 6 1.32699e+06 25.9845 125367 1.02863 5.64487e+06 1.32699e+06 ZonesAtSurface
4075.49 4575.02 607.166 10 0 1 4 800018 42.3208 76729.2 1.56967 2.91893e+06 800018 ZonesAtSurface
4125.53 4575.02 567.207 6 4 2 4 1.12233e+06 30.6843 81126.3 1.06582 3.62664e+06 1.12233e+06 ZonesAtSurface
4175.56 4575.02 577.237 0 8 2 3 1.1075e+06 39.6561 103138 1.50476 3.0072e+06 1.1075e+06 ZonesAtSurface
4225.61 4575.02 487.293 3 0 2 4 1.18411e+06 33.7377 79629.9 1.02451 4.27505e+06 1.18411e+06 ZonesAtSurface
4275.66 4575.01 447.348 4 0 2 4 100000 5 10000 1.05247 304942 100000 ZonesAtSurface
4325.63 4575.02 307.421 6 0 1 6 572960 38.8153 63715.5 1.08412 6.91166e+06 572960 ZonesAtSurface
4375.6 4575.02 217.453 0 0 1 7 509590 38.253 56381.2 2.46186 6.37829e+06 509590 ZonesAtSurface
4425.62 4575.02 227.485 7 0 1 6 726428 15.028 120745 1.04013 3.0496e+06 726428 ZonesAtSurface
4475.63 4575.03 237.509 1 0 2 5 928793 19.4153 59280.4 1.47062 2.68752e+06 928793 ZonesAtSurface
4525.64 4575.02 197.517 8 0 1 5 862246 37.9995 131117 1.32478 4.34463e+06 862246 ZonesAtSurface
4575.67 4575.02 207.52 4 9 2 4 627481 38.0997 104767 1.39908 1.7109e+06 627481 ZonesAtSurface
4625.44 4575.02 17.5383 13 0 1 7 1.29835e+06 17.7116 57712.6 1.0634 9.5867e+06 1.29835e+06 ZonesAtSurface
4675.41 4575.02 27.5753 17 0 1 6 897172 43.0257 146713 1.1041 1.32536e+07 897172 ZonesAtSurface
4725.35 4575.02 37.6138 41 0 1 5 1.46679e+06 22.636 133666 1.19657 4.35221e+06 1.46679e+06 ZonesAtSurface
4775.29 4575.02 47.6367 51 0 1 4 1.25325e+06 33.7571 139546 1.16522 6.32392e+06 1.25325e+06 ZonesAtSurface
4825.21 4575.03 57.6496 42 0 2 3 1.3398e+06 38.0855 79668.4 1.46195 5.62689e+06 1.3398e+06 ZonesAtSurface
4875.14 4575.03 67.6527 61 0 1 2 1.45144e+06 23.5373 132393 1.51423 4.45496e+06 1.45144e+06 ZonesAtSurface
4925.06 4575.03 77.6638 62 0 1 1 1.22371e+06 44.4254 126520 2.33333 5.9603e+06 1.22371e+06 ZonesAtSurface
74.9328 4625.02 -43.8888 56 0 1 3 859305 24.2535 84292.4 1.21123 5.65263e+06 859305 ZonesAtSurface
124.872 4625.02 -18.8217 59 24 1 3 966977 43.1174 136026 1.76836 2.82464e+06 966977 ZonesAtSurface
174.781 4625.02 -43.8562 54 0 1 4 550993 36.766 132026 1.05274 5.4001e+06 550993 ZonesAtSurface
224.717 4625.02 -18.844 54 23 1 4 886425 41.2664 127185 1.8386 2.37936e+06 886425 ZonesAtSurface
274.645 4625.02 -43.8933 37 0 1 5 1.10186e+06 44.7613 131880 1.04836 9.52061e+06 1.10186e+06 ZonesAtSurface
324.58 4625.02 -18.8816 43 0 1 5 740806 28.946 107957 1.19715 2.56186e+06 740806 ZonesAtSurface
374.544 4625.02 -43.9378 21 0 1 6 767323 20.9087 84989.7 1.02785 7.7111e+06 767323 ZonesAtSurface
424.481 4625.02 -18.9515 3 0 1 6 1.23291e+06 19.7555 124320 1.02785 6.04351e+06 1.23291e+06 ZonesAtSurface
474.438 4625.02 6.03576 0 0 1 6 779251 35.5204 145858 1.67666 8.06267e+06 779251 ZonesAtSurface
524.358 4625.02 81.0331 1 0 1 5 1.49651e+06 37.6734 106774 1.22365 7.71199e+06 1.49651e+06 ZonesAtSurface
574.232 4625.03 256.01 0 4 2 2 1.17065e+06 30.1476 85568.9 2.89466 1.5184e+06 1.17065e+06 ZonesAtSurface
624.233 4625.03 331.009 0 0 2 1 773574 15.1843 126305 1.67399 1.33395e+06 773574 ZonesAtSurface
674.24 4625.03 355.997 0 0 2 1 1.36259e+06 41.1062 95191.2 5.03698 1.64516e+06 1.36259e+06 ZonesAtSurface
724.258 4625.03 430.98 0 10 0 0 1.14908e+06 21.597 129767 3.2595 1.0111e+06 1.14908e+06 ZonesAtSurface
774.269 4625.03 455.961 0 2 0 0 942561 40.6383 57357.5 4.10428 1.01663e+06 942561 ZonesAtSurface
824.279 4625.03 480.939 0 0 0 0 869832 42.9079 117037 4.83272 950844 869832 ZonesAtSurface
874.29 4625.04 505.916 0 0 0 0 1.40633e+06 34.4793 69659 6.955 873091 1.40633e+06 ZonesAtSurface
924.303 4625.04 530.891 0 3 0 0 782142 20.7301 79883.2 2.80995 920638 782142 ZonesAtSurface
974.318 4625.04 555.864 0 0 0 0 1.0508e+06 35.2807 92496.4 4.98215 984091 1.0508e+06 ZonesAtSurface
1024.34 4625.04 580.835 0 0 0 0 620863 24.708 56020 2.61953 935228 620863 ZonesAtSurface
1074.36 4625.04 605.805 0 0 0 0 870165 42.6783 65146.9 6.09963 892083 870165 ZonesAtSurface
1124.38 4625.04 630.773 0 0 0 0 1.26403e+06 15.5184 86100.4 3.99422 896610 1.26403e+06 ZonesAtSurface
1174.41 4625.04 655.74 0 0 0 0 1.04536e+06 21.3274 118482 4.05478 855082 1.04536e+06 ZonesAtSurface
1224.44 4625.04 680.707 0 0 0 0 1.17076e+06 16.2689 133147 4.95893 685493 1.17076e+06 ZonesAtSurface
1274.47 4625.04 705.675 0 0 0 0 758831 18.559 108183 6.64596 379525 758831 ZonesAtSurface
1324.48 4625.02 680.648 0 0 2 1 704977 19.0978 58267.8 2.26802 955495 704977 ZonesAtSurface
1374.51 4625.02 705.622 0 6 2 1 1.04281e+06 26.0148 133065 3.60077 911651 1.04281e+06 ZonesAtSurface
1424.52 4625.01 680.597 0 0 2 2 1.08207e+06 18.4273 52108.3 1.48901 2.18342e+06 1.08207e+06 ZonesAtSurface
1474.53 4625 655.574 0 0 1 3 1.1592e+06 34.0517 139101 1.56499 3.16068e+06 1.1592e+06 ZonesAtSurface
1524.56 4625.01 680.54 0 0 1 3 1.20159e+06 30.1066 94990.1 1.52152 3.30792e+06 1.20159e+06 ZonesAtSurface
1574.62 4625.02 755.497 3 5 2 2 1.31955e+06 25.9884 92660.8 1.49129 3.09603e+06 1.31955e+06 ZonesAtSurface
1624.67 4625.02 830.473 0 0 2 1 625316 43.9868 73013.2 3.19491 1.07424e+06 625316 ZonesAtSurface
1674.69 4625.02 805.462 0 5 2 2 1.23605e+06 25.4615 86032.8 2.08408 1.91259e+06 1.23605e+06 ZonesAtSurface
1724.7 4625.01 680.514 6 1 1 5 1.04614e+06 27.6525 142759 1.0224 3.42437e+06 1.04614e+06 ZonesAtSurface
1774.73 4625.01 655.542 2 6 2 6 1.42289e+06 36.1663 93162.3 1.31451 4.13535e+06 1.42289e+06 ZonesAtSurface
1824.76 4625.01 580.573 9 0 1 8 519607 20.122 141375 1.06159 2.83812e+06 519607 ZonesAtSurface
1874.81 4625.01 555.613 3 0 1 9 1.10613e+06 44.4523 133130 1.01892 7.50885e+06 1.10613e+06 ZonesAtSurface
1924.85 4625.01 580.644 10 0 1 9 656485 32.9919 70399 1.02056 2.87305e+06 656485 ZonesAtSurface
1974.93 4625.01 555.707 0 0 2 10 100000 5 10000 1.15821 909374 100000 ZonesAtSurface
2024.97 4625.01 518.246 2 0 1 10 1.42508e+06 32.473 100682 1.40846 6.80795e+06 1.42508e+06 ZonesAtSurface
2075.01 4625.01 468.291 6 0 1 9 914853 31.3171 68758.3 1.0164 5.47554e+06 914853 ZonesAtSurface
2125.04 4625.01 418.341 2 0 2 8 1.37603e+06 38.9307 103268 1.01402 6.07399e+06 1.37603e+06 ZonesAtSurface
2175.07 4625 318.367 0 0 1 8 933584 43.8544 113894 6.12656 5.98153e+06 933584 ZonesAtSurface
2225.07 4624.97 268.381 1 0 0 0 1.45706e+06 33.8096 77256.3 2.20801 1.26759e+07 1.45706e+06 ZonesAtSurface
2275.12 4624.99 168.404 0 0 0 0 570320 38.0688 143589 4.12464 5.93233e+06 570320 ZonesAtSurface
2325.14 4625 68.4286 0 0 0 0 868179 33.4571 129621 4.72165 6.11656e+06 868179 ZonesAtSurface
2375.13 4624.97 18.4373 1 0 0 0 1.33449e+06 26.6844 113313 1.94417 8.5395e+06 1.33449e+06 ZonesAtSurface
2425.13 4625.02 -131.549 0 0 0 0 1.17018e+06 24.5854 139403 3.38758 6.50616e+06 1.17018e+06 ZonesAtSurface
2475.1 4624.97 -131.547 7 0 0 0 1.19845e+06 39.381 88953.5 2.47118 1.15196e+07 1.19845e+06 ZonesAtSurface
2525.05 4624.98 -161.537 0 0 0 0 524219 36.0738 120913 2.36498 1.06596e+07 524219 ZonesAtSurface
2575.02 4625.01 -171.527 0 0 0 0 1.3643e+06 25.5226 137893 2.72847 8.38851e+06 1.3643e+06 ZonesAtSurface
2624.97 4625 -131.52 5 0 0 0 1.07576e+06 20.5502 127970 1.87465 7.12775e+06 1.07576e+06 ZonesAtSurface
2674.94 4625.01 -141.521 0 0 0 0 1.02736e+06 39.4113 84059 6.37061 6.76725e+06 1.02736e+06 ZonesAtSurface
2724.89 4624.98 -51.531 0 0 0 0 995137 39.2187 97573.4 3.56037 6.27422e+06 995137 ZonesAtSurface
2774.88 4625.01 -61.5332 0 0 0 0 998538 27.6301 95802.8 3.10674 6.19916e+06 998538 ZonesAtSurface
2824.86 4624.98 28.4527 0 0 0 0 1.40896e+06 44.5403 73497.6 3.06358 1.04907e+07 1.40896e+06 ZonesAtSurface
2874.84 4624.99 68.447 0 0 0 0 1.17733e+06 37.021 74048 2.95208 8.61075e+06 1.17733e+06 ZonesAtSurface
2924.83 4624.99 108.433 0 0 0 0 1.21029e+06 36.1337 63198.7 4.5756 5.42155e+06 1.21029e+06 ZonesAtSurface
2974.82 4625.01 98.4199 0 0 0 0 561413 35.3532 120235 6.23247 4.10959e+06 561413 ZonesAtSurface
3024.82 4625.01 138.398 0 0 0 0 872844 20.1312 77987.3 2.2456 4.84107e+06 872844 ZonesAtSurface
3074.82 4625.01 178.374 0 0 0 0 715901 33.9835 94655.1 3.50138 5.92302e+06 715901 ZonesAtSurface
3124.83 4625 218.349 0 0 0 0 1.36814e+06 37.0843 88968.5 4.44957 6.46709e+06 1.36814e+06 ZonesAtSurface
3174.86 4624.93 308.318 8 0 0 0 1.17874e+06 44.4373 140339 1.25478 1.28095e+07 1.17874e+06 ZonesAtSurface
3224.85 4625.02 248.319 0 0 0 0 1.15935e+06 37.278 90671.7 10 2.91948e+06 1.15935e+06 ZonesAtSurface
3274.86 4625.02 288.303 0 0 1 8 1.44635e+06 33.4153 106349 10 1.7364e+06 1.44635e+06 ZonesAtSurface
3324.87 4625.02 328.286 1 0 1 8 100000 5 10000 1.01767 1.32608e+06 100000 ZonesAtSurface
3374.86 4625.02 418.263 0 0 1 7 1.04705e+06 42.1434 94197.8 1.86032 6.05238e+06 1.04705e+06 ZonesAtSurface
3424.88 4625.03 558.221 1 4 2 5 1.37894e+06 30.1644 129271 1.4472 3.42957e+06 1.37894e+06 ZonesAtSurface
3474.9 4625.02 498.189 0 0 1 7 856314 37.3121 75685.7 1.4037 5.67109e+06 856314 ZonesAtSurface
3524.94 4625.02 588.154 3 0 2 6 772499 15.9907 91984.6 1.21957 2.43878e+06 772499 ZonesAtSurface
3574.96 4625.02 578.118 0 0 1 7 1.27016e+06 38.7496 110048 1.47512 4.3724e+06 1.27016e+06 ZonesAtSurface
3625 4625.01 568.085 1 0 1 8 1.07593e+06 24.0913 111540 1.01585 5.0964e+06 1.07593e+06 ZonesAtSurface
3675.04 4625.01 608.052 8 0 1 8 1.40622e+06 20.5296 102305 1.00922 4.86679e+06 1.40622e+06 ZonesAtSurface
3725.08 4625 648.025 5 0 1 8 971459 44.5458 120617 1.01764 5.44168e+06 971459 ZonesAtSurface
3775.13 4625.01 648.028 5 0 1 8 900271 43.1297 148876 1.2333 5.30126e+06 900271 ZonesAtSurface
3825.18 4625 707.99 2 2 1 6 1.40481e+06 39.7655 79032.9 1.05321 5.55652e+06 1.40481e+06 ZonesAtSurface
3875.17 4625 867.902 0 9 2 2 1.29292e+06 28.367 124277 3.31853 1.25091e+06 1.29292e+06 ZonesAtSurface
3925.27 4625 777.947 9 8 2 3 1.01162e+06 32.5088 80065.3 1.26598 2.87405e+06 1.01162e+06 ZonesAtSurface
3975.4 4625.01 638.065 7 0 1 5 1.26234e+06 36.9423 70253.3 1.15139 5.91296e+06 1.26234e+06 ZonesAtSurface
4025.46 4625.01 598.127 2 0 1 5 946546 15.7892 117352 1.11239 2.88075e+06 946546 ZonesAtSurface
4075.49 4625.02 458.214 3 0 1 7 817656 25.0576 55310.4 1.01823 5.7528e+06 817656 ZonesAtSurface
4125.53 4625.02 518.226 7 0 1 5 780083 36.814 74894.3 1.03321 3.79926e+06 780083 ZonesAtSurface
4175.57 4625.02 478.262 0 0 1 5 1.00891e+06 25.6575 121180 1.08628 3.94605e+06 1.00891e+06 ZonesAtSurface
4225.6 4625.02 488.288 3 0 2 4 689147 31.7165 103089 1.03857 3.24486e+06 689147 ZonesAtSurface
4275.64 4625.02 448.332 6 0 2 4 729664 38.5338 104290 1.06964 2.63134e+06 729664 ZonesAtSurface
4325.63 4625.02 308.413 2 0 1 6 705611 38.979 106835 1.11746 7.32073e+06 705611 ZonesAtSurface
4375.6 4625.02 218.449 1 0 1 7 746144 20.1956 73031 1.08878 6.42914e+06 746144 ZonesAtSurface
4425.59 4625.02 178.474 0 0 1 7 563515 41.7608 82656.1 2.72655 6.14945e+06 563515 ZonesAtSurface
4475.57 4625.02 138.492 0 0 1 7 1.13332e+06 33.9692 103793 2.03191 6.64072e+06 1.13332e+06 ZonesAtSurface
4525.62 4625.03 198.519 0 0 2 5 606605 29.1444 75168.7 1.44565 2.81702e+06 606605 ZonesAtSurface
4575.65 4625.03 208.52 9 9 2 4 711385 28.5127 133897 1.91465 1.154e+06 711385 ZonesAtSurface
4625.44 4625.02 18.5289 4 0 1 7 662587 19.4676 71868.8 1.03289 8.73554e+06 662587 ZonesAtSurface
4675.41 4625.02 28.5657 24 0 1 6 522070 18.9937 130138 1.0326 5.6953e+06 522070 ZonesAtSurface
4725.35 4625.02 38.5941 21 0 1 5 1.46077e+06 37.5581 72563.4 1.18294 7.50851e+06 1.46077e+06 ZonesAtSurface
4775.3 4625.03 48.6247 55 0 1 4 737067 21.5959 98981.3 1.28595 3.07841e+06 737067 ZonesAtSurface
4825.21 4625.03 58.6446 67 0 1 3 1.10178e+06 18.9781 91974.4 1.30573 3.02371e+06 1.10178e+06 ZonesAtSurface
4875.13 4625.03 68.6569 60 0 1 2 1.17802e+06 40.4806 139549 1.41712 4.85332e+06 1.17802e+06 ZonesAtSurface
4925.05 4625.03 78.661 64 0 1 1 784836 41.0086 109153 2.03936 4.40712e+06 784836 ZonesAtSurface
74.9267 4675.02 -42.8994 55 0 1 3 857315 27.2381 121260 1.16491 6.84752e+06 857315 ZonesAtSurface
124.865 4675.02 -17.8409 60 38 1 3 1.17071e+06 38.701 143714 1.57531 3.3277e+06 1.17071e+06 ZonesAtSurface
174.782 4675.02 -42.8708 45 0 1 4 564558 41.164 84781.9 1.12272 7.04033e+06 564558 ZonesAtSurface
224.719 4675.02 -17.85 54 13 1 4 1.09222e+06 35.1983 106846 1.86559 2.83363e+06 1.09222e+06 ZonesAtSurface
274.648 4675.02 -42.8989 40 0 1 5 896339 31.192 66887.3 1.07071 6.58003e+06 896339 ZonesAtSurface
324.574 4675.02 -17.899 31 0 1 5 1.33713e+06 21.5508 87001.1 1.08487 3.86526e+06 1.33713e+06 ZonesAtSurface
374.547 4675.02 -42.9517 8 0 1 6 1.41281e+06 33.0876 138142 1.13589 1.15396e+07 1.41281e+06 ZonesAtSurface
424.487 4675.02 -17.9602 19 0 1 6 1.11352e+06 16.8824 146714 1.02754 7.05559e+06 1.11352e+06 ZonesAtSurface
474.387 4675.02 57.0325 7 0 1 5 690910 32.2541 144659 1.09758 5.25836e+06 690910 ZonesAtSurface
524.37 4675.02 82.0254 2 0 1 5 949973 35.238 105768 1.1563 7.21585e+06 949973 ZonesAtSurface
574.248 4675.02 257.006 0 4 2 2 1.1092e+06 41.6549 127379 2.34811 2.17302e+06 1.1092e+06 ZonesAtSurface
624.249 4675.03 332.005 0 0 2 1 1.4086e+06 39.3689 140478 2.95521 2.06891e+06 1.4086e+06 ZonesAtSurface
674.253 4675.03 356.992 0 0 2 1 953230 24.1428 117327 1.96975 2.00333e+06 953230 ZonesAtSurface
724.268 4675.03 431.975 0 4 0 0 687835 28.9027 106563 2.25324 1.02807e+06 687835 ZonesAtSurface
774.278 4675.03 456.956 0 0 0 0 1.27731e+06 30.2824 123176 4.92949 970318 1.27731e+06 ZonesAtSurface
824.289 4675.03 481.934 0 0 0 0 1.4698e+06 24.1016 68038.2 5.23234 939727 1.4698e+06 ZonesAtSurface
874.3 4675.04 506.911 0 0 0 0 1.46206e+06 16.6648 120478 4.3797 944008 1.46206e+06 ZonesAtSurface
924.313 4675.04 531.886 0 2 0 0 646856 24.9163 109844 2.6891 926630 646856 ZonesAtSurface
974.327 4675.04 556.859 0 5 0 0 1.19504e+06 39.1732 144749 5.85506 1.01724e+06 1.19504e+06 ZonesAtSurface
1024.34 4675.04 581.83 0 0 0 0 1.31353e+06 26.901 114141 4.65565 1.0183e+06 1.31353e+06 ZonesAtSurface
1074.37 4675.04 606.799 0 1 0 0 1.1568e+06 39.2692 76877.3 6.73608 905360 1.1568e+06 ZonesAtSurface
1124.39 4675.04 631.766 0 3 0 0 791386 43.8325 98173.4 5.68297 919114 791386 ZonesAtSurface
1174.42 4675.04 656.732 0 0 0 0 682678 42.8334 89638.6 4.95725 947958 682678 ZonesAtSurface
1224.45 4675.04 681.697 0 0 0 0 610697 42.8585 96856 5.61794 782468 610697 ZonesAtSurface
1274.48 4675.04 706.663 0 0 0 0 706881 38.4591 140665 7.80149 591606 706881 ZonesAtSurface
1324.48 4675.03 681.634 0 0 2 1 743345 26.7031 138464 2.89403 1.22484e+06 743345 ZonesAtSurface
1374.52 4675.02 706.605 0 0 2 1 877315 37.39 114484 4.29048 1.13379e+06 877315 ZonesAtSurface
1424.55 4675.02 731.575 0 0 2 1 604104 32.3449 68547.5 2.49237 1.13869e+06 604104 ZonesAtSurface
1474.56 4675.01 706.546 0 0 2 2 1.43709e+06 34.6304 103934 3.28203 2.26615e+06 1.43709e+06 ZonesAtSurface
1524.59 4675.01 731.512 3 0 1 2 1.13387e+06 20.3301 56684.4 1.42732 2.69798e+06 1.13387e+06 ZonesAtSurface
1574.65 4675.02 806.479 0 0 2 1 687396 22.8958 91026.7 1.96747 1.2369e+06 687396 ZonesAtSurface
1624.68 4675.02 831.461 0 0 2 1 1.28841e+06 22.6785 122261 3.11399 1.32743e+06 1.28841e+06 ZonesAtSurface
1674.68 4675.01 756.458 0 1 2 3 1.23928e+06 41.068 129511 1.18337 4.37499e+06 1.23928e+06 ZonesAtSurface
1724.7 4675.01 631.528 0 0 1 6 1.16687e+06 17.9853 103743 1.05279 3.84808e+06 1.16687e+06 ZonesAtSurface
1774.73 4675.01 606.544 3 0 2 7 1.14191e+06 35.5168 130686 1.19072 4.85375e+06 1.14191e+06 ZonesAtSurface
1824.77 4675.01 581.568 4 0 2 8 1.28784e+06 20.4957 72323.6 1.0308 4.35496e+06 1.28784e+06 ZonesAtSurface
1874.82 4675.01 556.608 3 0 1 9 518042 15.231 121652 1.07279 3.20022e+06 518042 ZonesAtSurface
1924.86 4675.01 581.637 10 0 1 9 1.35899e+06 23.1829 55729.1 1.01894 4.55857e+06 1.35899e+06 ZonesAtSurface
1974.92 4675.02 556.687 2 0 1 10 1.27162e+06 17.8718 66663.6 1.01659 5.02671e+06 1.27162e+06 ZonesAtSurface
2024.96 4675.02 569.224 9 2 1 9 1.38355e+06 36.8349 67847.1 1.03838 5.16864e+06 1.38355e+06 ZonesAtSurface
2075.01 4675.02 469.281 10 0 1 9 760712 17.0868 53066.4 1.01746 4.01947e+06 760712 ZonesAtSurface
2125.04 4675.02 419.333 1 0 2 8 1.353e+06 37.6576 122535 1.14998 6.63344e+06 1.353e+06 ZonesAtSurface
2175.06 4675 319.357 0 0 1 8 1.37075e+06 44.23 104372 5.34303 7.20415e+06 1.37075e+06 ZonesAtSurface
2225.06 4674.96 269.365 0 0 0 0 1.32398e+06 44.0037 126761 3.09044 1.47189e+07 1.32398e+06 ZonesAtSurface
2275.11 4674.98 169.396 0 0 0 0 1.32537e+06 35.3484 113674 4.01583 8.21603e+06 1.32537e+06 ZonesAtSurface
2325.13 4675 69.4277 0 0 0 0 1.02598e+06 40.4862 73891.1 6.26155 5.99817e+06 1.02598e+06 ZonesAtSurface
2375.13 4674.98 19.4411 0 0 0 0 581302 36.4323 118384 3.87219 5.50255e+06 581302 ZonesAtSurface
2425.13 4675 -80.5478 4 0 0 0 1.11482e+06 22.4113 129718 1.97056 7.27637e+06 1.11482e+06 ZonesAtSurface
2475.1 4675.02 -180.546 4 0 0 0 933683 15.877 126964 1.54029 7.6546e+06 933683 ZonesAtSurface
2525.05 4674.99 -160.532 2 0 0 0 775254 33.0069 77683.3 2.08208 1.0691e+07 775254 ZonesAtSurface
2575.02 4675.01 -170.53 0 0 0 0 1.19943e+06 36.7429 104601 4.36788 8.59413e+06 1.19943e+06 ZonesAtSurface
2624.97 4675 -130.525 0 0 0 0 1.09264e+06 32.5779 85308.6 3.19053 8.02741e+06 1.09264e+06 ZonesAtSurface
2674.93 4675 -90.5298 0 0 0 0 1.05796e+06 36.7902 105689 3.65123 6.21366e+06 1.05796e+06 ZonesAtSurface
2724.9 4674.99 -50.5406 9 0 0 0 863983 19.3691 101919 1.42244 6.78151e+06 863983 ZonesAtSurface
2774.88 4674.99 -10.5516 0 0 0 0 609129 28.4873 60890 1.58229 9.00083e+06 609129 ZonesAtSurface
2824.86 4675.02 -20.5494 0 0 0 0 1.49614e+06 27.2821 103239 4.67577 4.56504e+06 1.49614e+06 ZonesAtSurface
2874.84 4675.02 19.4421 0 0 0 0 515897 38.9056 90850.2 9.01932 4.04386e+06 515897 ZonesAtSurface
2924.83 4675.02 59.4307 0 0 0 0 922670 40.3399 147701 10 3.88768e+06 922670 ZonesAtSurface
2974.82 4675.02 99.4116 0 0 0 0 795632 37.5229 96268.6 9.86806 3.45504e+06 795632 ZonesAtSurface
3024.83 4674.99 189.369 6 0 0 0 1.30526e+06 20.6739 69905.1 1.79614 6.93295e+06 1.30526e+06 ZonesAtSurface
3074.81 4675.03 129.377 0 0 0 0 911034 27.1578 100581 8.38633 2.50343e+06 911034 ZonesAtSurface
3124.82 4675.03 169.355 0 0 0 0 513197 34.6214 91211.5 10 2.5922e+06 513197 ZonesAtSurface
3174.83 4675.03 209.334 0 0 0 0 100000 5 10000 1.68674 1.3324e+06 100000 ZonesAtSurface
3224.84 4675.02 249.314 9 0 0 0 100000 5 10000 2.70886 802720 100000 ZonesAtSurface
3274.86 4675.02 289.297 7 0 1 8 100000 5 10000 1.23437 1.48591e+06 100000 ZonesAtSurface
3324.86 4675.02 329.28 2 0 1 8 100000 5 10000 0.986512 1.29407e+06 100000 ZonesAtSurface
3374.85 4675.03 469.253 9 5 1 6 1.02185e+06 44.9367 60073.8 1.5848 3.95493e+06 1.02185e+06 ZonesAtSurface
3424.88 4675.03 459.223 4 0 1 7 1.32704e+06 26.7128 131512 1.15866 5.50849e+06 1.32704e+06 ZonesAtSurface
3474.91 4675.02 549.184 2 0 1 6 896641 18.788 142915 1.28047 2.60336e+06 896641 ZonesAtSurface
3524.95 4675.02 589.15 5 6 1 6 1.29336e+06 35.4359 111758 1.69044 2.98759e+06 1.29336e+06 ZonesAtSurface
3574.97 4675.02 529.115 0 0 1 8 881131 38.6892 63038.8 1.616 6.43181e+06 881131 ZonesAtSurface
3625.01 4675.01 569.078 4 0 1 8 1.37708e+06 28.5077 76015.2 1.02477 6.53897e+06 1.37708e+06 ZonesAtSurface
3675.05 4675 659.034 3 0 1 7 513695 28.0489 96718.7 1.02708 2.95768e+06 513695 ZonesAtSurface
3725.08 4675 699.005 10 4 1 7 1.48495e+06 21.1966 145802 1.19486 3.51611e+06 1.48495e+06 ZonesAtSurface
3775.12 4675 698.995 10 8 1 7 1.29373e+06 44.3375 108540 1.38427 4.41654e+06 1.29373e+06 ZonesAtSurface
3825.17 4675 708.979 5 0 1 6 825849 29.5001 136367 1.04157 3.8618e+06 825849 ZonesAtSurface
3875.17 4675 868.896 0 9 2 2 1.16956e+06 23.1323 51255.4 2.69385 1.32093e+06 1.16956e+06 ZonesAtSurface
3925.26 4675 778.937 0 8 1 3 1.44355e+06 33.1944 100037 1.91129 3.03325e+06 1.44355e+06 ZonesAtSurface
3975.4 4675.01 589.083 3 0 1 6 854527 22.187 113350 1.09087 5.2973e+06 854527 ZonesAtSurface
4025.46 4675.01 599.111 5 0 1 5 1.02799e+06 32.1969 126658 1.07281 5.15288e+06 1.02799e+06 ZonesAtSurface
4075.48 4675.02 459.208 6 0 1 7 1.45394e+06 26.0856 128367 1.03137 7.29582e+06 1.45394e+06 ZonesAtSurface
4125.52 4675.02 469.236 16 0 1 6 1.02181e+06 16.9751 83485.2 1.07827 3.79342e+06 1.02181e+06 ZonesAtSurface
4175.56 4675.02 479.263 5 0 1 5 746981 38.8016 119928 1.32809 4.21443e+06 746981 ZonesAtSurface
4225.59 4675.02 439.297 3 0 1 5 1.47711e+06 39.3819 98420.4 1.52043 5.36365e+06 1.47711e+06 ZonesAtSurface
4275.62 4675.02 449.323 0 0 2 4 929200 30.8604 101956 1.03391 3.49519e+06 929200 ZonesAtSurface
4325.65 4675.02 459.347 7 7 2 3 841554 32.6497 138933 2.30528 1.30484e+06 841554 ZonesAtSurface
4375.62 4675.01 269.444 5 0 1 6 887617 28.2672 64102 1.08174 6.2659e+06 887617 ZonesAtSurface
4425.61 4675.02 229.477 3 0 1 6 980027 43.9591 118099 1.05941 6.78589e+06 980027 ZonesAtSurface
4475.6 4675.02 189.499 10 0 1 6 1.21031e+06 23.0534 50715.1 1.01054 5.89116e+06 1.21031e+06 ZonesAtSurface
4525.58 4675.03 149.514 0 0 1 6 1.18311e+06 41.2571 142213 1.61327 6.37438e+06 1.18311e+06 ZonesAtSurface
4575.56 4675.03 109.526 0 0 1 6 603939 27.6306 130830 1.07664 4.41869e+06 603939 ZonesAtSurface
4625.44 4675.03 19.5203 0 0 1 7 1.48659e+06 26.5807 78167.9 1.33979 1.06055e+07 1.48659e+06 ZonesAtSurface
4675.42 4675.02 29.5559 12 0 1 6 1.49134e+06 33.0676 136412 1.06116 1.16163e+07 1.49134e+06 ZonesAtSurface
4725.36 4675.03 39.5802 30 0 1 5 1.37292e+06 33.2622 111503 1.27078 8.21159e+06 1.37292e+06 ZonesAtSurface
4775.3 4675.03 49.6163 53 0 1 4 603793 28.2555 80022.9 1.32079 3.60672e+06 603793 ZonesAtSurface
4825.22 4675.03 59.6391 74 0 1 3 1.07435e+06 29.9612 125922 1.1893 3.48609e+06 1.07435e+06 ZonesAtSurface
4875.14 4675.03 69.6623 61 0 1 2 834623 17.4841 76578 1.23006 2.41722e+06 834623 ZonesAtSurface
4925.06 4675.03 79.6654 89 0 1 1 1.16049e+06 17.0082 79081 1.23829 3.21691e+06 1.16049e+06 ZonesAtSurface
74.926 4725.02 -41.9075 61 0 1 3 812330 31.6449 94787.4 1.12837 8.09128e+06 812330 ZonesAtSurface
124.862 4725.02 -16.8545 64 39 1 3 1.16056e+06 33.5384 72475.4 1.29169 3.61933e+06 1.16056e+06 ZonesAtSurface
174.782 4725.02 -41.8813 49 0 1 4 1.15898e+06 39.8151 83963.2 1.06264 8.90119e+06 1.15898e+06 ZonesAtSurface
224.717 4725.02 -16.8518 51 0 1 4 721072 44.8571 128648 1.86985 3.58928e+06 721072 ZonesAtSurface
274.652 4725.03 -41.9056 45 0 1 5 988879 23.0456 95131.8 1.03631 5.3205e+06 988879 ZonesAtSurface
324.576 4725.03 -16.9106 38 0 1 5 648472 27.6124 108470 1.0572 3.25593e+06 648472 ZonesAtSurface
374.553 4725.02 -41.9636 4 0 1 6 518128 27.6178 64308.9 1.02795 8.84965e+06 518128 ZonesAtSurface
424.495 4725.02 -16.9712 0 0 1 6 1.29623e+06 40.6488 76832.1 2.12296 1.10849e+07 1.29623e+06 ZonesAtSurface
474.334 4725.02 108.019 5 0 2 4 551397 43.0858 83742.8 1.2317 2.14248e+06 551397 ZonesAtSurface
524.328 4725.02 133.019 2 0 1 4 1.21454e+06 15.9426 123712 1.02271 3.65667e+06 1.21454e+06 ZonesAtSurface
574.262 4725.02 258.004 1 3 2 2 1.12915e+06 25.734 141734 1.39587 2.73139e+06 1.12915e+06 ZonesAtSurface
624.263 4725.03 333 0 0 2 1 891118 18.264 134094 1.84865 1.54012e+06 891118 ZonesAtSurface
674.27 4725.03 407.986 0 9 0 0 1.36812e+06 39.7597 97864.8 5.94204 1.06173e+06 1.36812e+06 ZonesAtSurface
724.278 4725.03 432.97 0 1 0 0 986051 29.4225 128454 3.82682 945009 986051 ZonesAtSurface
774.287 4725.03 457.951 0 0 0 0 1.32673e+06 20.5283 77091.4 4.37204 953933 1.32673e+06 ZonesAtSurface
824.297 4725.03 482.93 0 0 0 0 568143 22.5088 145080 2.03643 1.01123e+06 568143 ZonesAtSurface
874.309 4725.03 507.907 0 0 0 0 524552 36.3566 105360 2.81731 1.02591e+06 524552 ZonesAtSurface
924.322 4725.04 532.882 0 2 0 0 749191 21.1306 66993.7 2.59162 988450 749191 ZonesAtSurface
974.336 4725.04 557.855 0 8 0 0 1.12785e+06 37.0667 67445.7 4.90113 1.13387e+06 1.12785e+06 ZonesAtSurface
1024.35 4725.04 582.824 0 5 0 0 1.32178e+06 43.153 114558 6.19545 1.17139e+06 1.32178e+06 ZonesAtSurface
1074.37 4725.04 607.792 0 2 0 0 903525 31.2464 104360 3.78522 1.01035e+06 903525 ZonesAtSurface
1124.4 4725.04 632.759 0 0 0 0 652633 31.9728 144913 3.29472 925894 652633 ZonesAtSurface
1174.43 4725.04 657.724 0 0 0 0 570506 18.4151 67784.7 1.91066 999779 570506 ZonesAtSurface
1224.46 4725.03 682.688 0 0 0 0 740718 17.2352 126380 2.51255 929854 740718 ZonesAtSurface
1274.49 4725.03 707.652 0 0 0 0 725044 23.1255 100250 3.39212 844354 725044 ZonesAtSurface
1324.52 4725.03 732.618 0 0 0 0 648264 44.2239 54979.7 8.59278 687516 648264 ZonesAtSurface
1374.56 4725.03 757.587 0 10 0 0 1.19426e+06 30.3217 139083 5.63371 825228 1.19426e+06 ZonesAtSurface
1424.56 4725.03 732.558 0 0 2 1 1.46508e+06 30.5712 149855 8.90566 763337 1.46508e+06 ZonesAtSurface
1474.59 4725.02 757.526 0 5 2 1 1.26501e+06 36.5339 146618 5.55744 1.19273e+06 1.26501e+06 ZonesAtSurface
1524.6 4725.02 732.495 0 0 1 2 557360 32.9179 100664 2.67553 1.38248e+06 557360 ZonesAtSurface
1574.65 4725.02 807.467 0 0 2 1 524411 33.0152 63928.8 2.74006 1.12273e+06 524411 ZonesAtSurface
1624.69 4725.02 832.449 0 0 2 1 987252 37.7036 105641 3.49797 1.45735e+06 987252 ZonesAtSurface
1674.7 4725.01 807.439 0 3 2 2 735781 38.3176 135299 1.83561 1.76853e+06 735781 ZonesAtSurface
1724.71 4725.02 632.525 3 0 1 6 1.19336e+06 35.0534 132262 1.02888 5.1954e+06 1.19336e+06 ZonesAtSurface
1774.74 4725.01 607.543 5 0 2 7 1.02368e+06 40.909 82094.7 1.21867 4.11917e+06 1.02368e+06 ZonesAtSurface
1824.77 4725.01 632.561 6 6 2 7 1.06828e+06 25.2519 95519.3 1.50928 2.17982e+06 1.06828e+06 ZonesAtSurface
1874.79 4725.01 657.584 7 7 2 7 632866 43.4613 116940 1.51664 1.75407e+06 632866 ZonesAtSurface
1924.85 4725.01 632.622 0 6 2 8 1.10223e+06 15.4652 135477 1.42658 1.96763e+06 1.10223e+06 ZonesAtSurface
1974.9 4725.02 607.663 3 2 2 9 861336 34.0036 81201.6 1.08199 2.86177e+06 861336 ZonesAtSurface
2024.95 4725.02 570.21 6 0 2 9 540492 17.7824 149899 0.995356 2.24605e+06 540492 ZonesAtSurface
2075.01 4725.03 520.266 8 5 1 8 100000 5 10000 1.18994 185815 100000 ZonesAtSurface
2125.04 4725.03 370.323 0 0 1 9 1.30689e+06 43.0781 103245 7.77594 4.86367e+06 1.30689e+06 ZonesAtSurface
2175.05 4725.01 320.354 0 0 1 8 1.11111e+06 40.2484 136608 5.01209 7.3144e+06 1.11111e+06 ZonesAtSurface
2225.05 4724.97 270.357 9 0 0 0 1.22965e+06 43.6055 109383 1.21001 1.90001e+07 1.22965e+06 ZonesAtSurface
2275.13 4725.02 120.395 0 0 0 0 1.11401e+06 36.4888 51485.5 6.36524 4.67454e+06 1.11401e+06 ZonesAtSurface
2325.14 4725.01 70.4191 8 0 0 0 1.27385e+06 23.0964 118313 2.09243 5.92227e+06 1.27385e+06 ZonesAtSurface
2375.14 4725 20.4422 0 0 0 0 681934 42.8489 104166 5.60764 5.55406e+06 681934 ZonesAtSurface
2425.13 4725 -79.5492 6 0 0 0 1.34816e+06 20.779 111209 1.98697 6.66685e+06 1.34816e+06 ZonesAtSurface
2475.1 4725 -129.546 0 0 0 0 824141 43.7107 52489 4.15299 8.02871e+06 824141 ZonesAtSurface
2525.06 4725.03 -209.547 0 0 0 0 570575 26.7896 137366 2.6364 8.37171e+06 570575 ZonesAtSurface
2575.01 4725.02 -169.537 0 0 0 0 955574 17.3468 112429 1.39546 8.46613e+06 955574 ZonesAtSurface
2624.97 4725.01 -129.534 0 0 0 0 1.4557e+06 33.9899 76312.1 3.5733 7.59206e+06 1.4557e+06 ZonesAtSurface
2674.93 4725.01 -89.5387 0 0 0 0 999192 20.7735 137509 1.6103 6.59544e+06 999192 ZonesAtSurface
2724.91 4725.03 -99.5361 0 0 0 0 716294 37.4592 51976 7.0414 5.44269e+06 716294 ZonesAtSurface
2774.88 4725.03 -59.5426 0 0 0 0 875240 36.5876 138243 8.00021 4.56221e+06 875240 ZonesAtSurface
2824.86 4725.03 -19.5511 0 0 0 0 571044 44.289 112087 10 3.70426e+06 571044 ZonesAtSurface
2874.85 4725.01 70.4362 0 0 0 0 1.10043e+06 41.2125 143269 4.87985 6.8529e+06 1.10043e+06 ZonesAtSurface
2924.84 4725.01 110.423 0 0 0 0 891177 21.958 52390.5 1.71575 6.4109e+06 891177 ZonesAtSurface
2974.83 4725.01 150.402 0 0 0 0 907109 26.5636 88595.2 2.71327 5.44066e+06 907109 ZonesAtSurface
3024.83 4725 190.378 0 0 0 0 706501 37.2473 115311 4.87859 5.0907e+06 706501 ZonesAtSurface
3074.82 4725.02 180.369 0 0 0 0 1.37466e+06 27.9646 146868 8.03269 2.62126e+06 1.37466e+06 ZonesAtSurface
3124.83 4725.02 220.349 0 0 0 0 622002 37.5584 118502 6.71239 3.70251e+06 622002 ZonesAtSurface
3174.84 4725.01 260.331 0 0 0 0 622185 20.6533 118602 1.80866 4.33092e+06 622185 ZonesAtSurface
3224.86 4725.01 300.314 0 0 0 0 1.07134e+06 19.0848 79892.1 1.86187 3.78984e+06 1.07134e+06 ZonesAtSurface
3274.86 4725.01 340.307 5 0 1 7 980899 32.529 64144.1 2.93883 5.26422e+06 980899 ZonesAtSurface
3324.85 4725.02 380.291 9 0 1 7 1.16577e+06 40.9775 80762.2 1.82945 5.68657e+06 1.16577e+06 ZonesAtSurface
3374.86 4725.03 420.256 0 0 1 7 611171 44.9716 142985 2.01348 5.56704e+06 611171 ZonesAtSurface
3424.88 4725.03 460.221 3 0 1 7 1.14663e+06 15.9854 128770 1.01849 4.00751e+06 1.14663e+06 ZonesAtSurface
3474.91 4725.03 500.18 0 0 1 7 1.43284e+06 26.2995 138215 1.05765 5.88319e+06 1.43284e+06 ZonesAtSurface
3524.95 4725.02 590.142 1 7 1 6 1.31883e+06 38.0061 132826 1.68274 3.15529e+06 1.31883e+06 ZonesAtSurface
3574.98 4725.02 530.107 3 0 1 8 1.01488e+06 28.2547 58671.2 1.01454 6.67963e+06 1.01488e+06 ZonesAtSurface
3625.03 4725.01 670.051 4 2 2 6 979219 41.7783 92397.6 1.18127 3.68302e+06 979219 ZonesAtSurface
3675.05 4725.01 660.022 1 0 2 7 1.24843e+06 38.2316 77174.7 1.0259 4.80574e+06 1.24843e+06 ZonesAtSurface
3725.09 4725 699.993 3 6 2 7 1.4579e+06 34.1125 126197 1.31375 3.96329e+06 1.4579e+06 ZonesAtSurface
3775.13 4725 699.982 7 0 1 7 781744 30.9758 96189.2 1.0988 3.42214e+06 781744 ZonesAtSurface
3825.18 4725 759.922 4 6 2 5 1.10765e+06 34.8243 110382 1.23595 3.22284e+06 1.10765e+06 ZonesAtSurface
3875.21 4725 819.892 5 5 2 3 865131 17.5017 129418 1.19134 1.96867e+06 865131 ZonesAtSurface
3925.22 4725 829.927 0 2 2 2 1.38054e+06 22.7245 112930 2.46469 1.66746e+06 1.38054e+06 ZonesAtSurface
3975.31 4725 739.978 4 8 2 3 1.10747e+06 23.7099 67375.9 1.28223 2.6299e+06 1.10747e+06 ZonesAtSurface
4025.42 4725 650.058 6 6 2 4 921733 21.6418 74491.2 1.0755 2.61601e+06 921733 ZonesAtSurface
4075.49 4725.01 560.159 10 0 1 5 682825 41.3695 103855 1.16251 4.75353e+06 682825 ZonesAtSurface
4125.52 4725.01 470.227 14 0 1 6 749146 25.8871 105946 1.0139 4.22987e+06 749146 ZonesAtSurface
4175.55 4725.02 480.263 5 0 1 5 1.2319e+06 32.7986 115574 1.37814 3.55562e+06 1.2319e+06 ZonesAtSurface
4225.57 4725.02 490.291 0 2 2 4 1.24589e+06 27.9097 100232 1.20929 3.30777e+06 1.24589e+06 ZonesAtSurface
4275.59 4725.03 500.308 5 9 2 3 930522 18.7133 100738 1.49055 1.69912e+06 930522 ZonesAtSurface
4325.63 4725.02 410.356 7 1 2 4 1.0248e+06 23.9274 73046.4 1.04746 2.98585e+06 1.0248e+06 ZonesAtSurface
4375.64 4725.02 320.425 4 0 1 5 1.03031e+06 37.7931 67378.7 1.45205 6.72326e+06 1.03031e+06 ZonesAtSurface
4425.61 4725.02 230.468 7 0 1 6 523636 39.2371 98505.8 1.05015 6.73797e+06 523636 ZonesAtSurface
4475.59 4725.03 190.497 0 0 1 6 1.08372e+06 41.3262 135800 2.08951 7.37991e+06 1.08372e+06 ZonesAtSurface
4525.57 4725.03 150.513 4 0 1 6 526538 42.4993 82716.7 1.23536 5.13958e+06 526538 ZonesAtSurface
4575.5 4725.03 60.5072 0 0 1 7 1.40964e+06 38.1103 130523 2.45974 7.94532e+06 1.40964e+06 ZonesAtSurface
4625.5 4725.03 70.5391 9 0 1 6 100000 5 10000 0.989886 1.09354e+06 100000 ZonesAtSurface
4675.42 4725.03 30.5457 14 0 1 6 514808 26.2042 110077 1.06144 8.53445e+06 514808 ZonesAtSurface
4725.38 4725.03 40.5776 29 0 1 5 1.45516e+06 40.8513 93095.1 1.16419 8.77925e+06 1.45516e+06 ZonesAtSurface
4775.31 4725.03 50.6205 45 0 1 4 1.3105e+06 42.3469 96325 1.24248 6.1911e+06 1.3105e+06 ZonesAtSurface
4825.22 4725.03 60.6384 47 0 1 3 1.0215e+06 31.9059 121056 1.18469 3.93187e+06 1.0215e+06 ZonesAtSurface
4875.15 4725.03 70.6598 78 0 1 2 644649 36.6415 51666.7 1.65998 2.9883e+06 644649 ZonesAtSurface
4925.06 4725.03 80.6624 73 0 1 1 711280 18.3512 90677.3 1.15549 2.85804e+06 711280 ZonesAtSurface
74.9309 4775.01 -40.9124 57 0 1 3 1.48583e+06 33.7818 62832.3 1.12317 1.00189e+07 1.48583e+06 ZonesAtSurface
124.865 4775.02 -15.8591 63 1 1 3 585064 43.7114 105643 1.29526 2.55992e+06 585064 ZonesAtSurface
174.78 4775.02 -40.8878 48 0 1 4 1.35213e+06 36.8822 145359 1.19794 8.58989e+06 1.35213e+06 ZonesAtSurface
224.709 4775.02 -15.8592 55 0 1 4 1.25748e+06 17.8108 75433.6 1.5169 2.78266e+06 1.25748e+06 ZonesAtSurface
274.658 4775.02 -40.9115 15 0 1 5 1.37056e+06 35.7015 76661.2 1.0232 7.83571e+06 1.37056e+06 ZonesAtSurface
324.599 4775.03 -15.9037 41 0 1 5 1.34373e+06 23.3457 101788 1.39147 4.1812e+06 1.34373e+06 ZonesAtSurface
374.557 4775.02 -40.9683 12 0 1 6 909750 34.9299 112129 1.12302 1.16467e+07 909750 ZonesAtSurface
424.424 4775.03 34.0265 10 0 1 5 575945 39.3058 77805.3 1.37077 6.21219e+06 575945 ZonesAtSurface
474.397 4775.02 59.0181 5 0 1 5 711690 31.1291 115647 1.03318 4.46262e+06 711690 ZonesAtSurface
524.295 4775.02 184.009 8 0 2 3 594624 35.8749 114837 1.03864 2.20766e+06 594624 ZonesAtSurface
574.265 4775.03 308.999 0 7 1 1 1.3345e+06 21.9291 121270 4.67466 873055 1.3345e+06 ZonesAtSurface
624.271 4775.02 333.993 0 0 2 1 1.19058e+06 37.0972 131316 4.86176 1.34466e+06 1.19058e+06 ZonesAtSurface
674.279 4775.03 408.98 0 10 0 0 1.18879e+06 37.8598 143376 5.02809 1.10805e+06 1.18879e+06 ZonesAtSurface
724.288 4775.03 433.965 0 0 0 0 1.48457e+06 40.3711 62606.4 7.01574 1.05452e+06 1.48457e+06 ZonesAtSurface
774.296 4775.03 458.946 0 0 0 0 680611 15.0727 117307 1.7332 1.13054e+06 680611 ZonesAtSurface
824.306 4775.03 483.925 0 0 0 0 547817 19.7842 81030.8 1.79906 1.07755e+06 547817 ZonesAtSurface
874.317 4775.03 508.903 0 0 0 0 1.01622e+06 28.2472 146253 3.235 1.16058e+06 1.01622e+06 ZonesAtSurface
924.33 4775.03 533.879 0 5 0 0 1.0408e+06 43.4877 90422.9 5.27437 1.17925e+06 1.0408e+06 ZonesAtSurface
974.325 4775.03 508.854 0 0 2 1 1.12883e+06 20.6889 104739 2.69806 1.51778e+06 1.12883e+06 ZonesAtSurface
1024.34 4775.03 533.824 0 0 2 1 1.44173e+06 41.6726 108377 4.7985 1.83737e+06 1.44173e+06 ZonesAtSurface
1074.36 4775.03 558.789 0 0 2 1 681041 18.5915 130347 1.33182 1.90008e+06 681041 ZonesAtSurface
1124.4 4775.03 633.751 0 0 0 0 928186 16.7571 143229 2.77168 1.0094e+06 928186 ZonesAtSurface
1174.43 4775.03 658.716 0 0 0 0 1.36712e+06 19.7272 122155 3.70205 1.12287e+06 1.36712e+06 ZonesAtSurface
1224.46 4775.03 683.679 0 0 0 0 640393 24.5891 55292.8 2.39252 1.08331e+06 640393 ZonesAtSurface
1274.49 4775.03 708.641 0 0 0 0 957482 36.7246 136699 5.46413 972245 957482 ZonesAtSurface
1324.53 4775.03 733.606 0 0 0 0 1.19846e+06 28.2005 81164.7 5.21145 921122 1.19846e+06 ZonesAtSurface
1374.56 4775.03 758.574 0 0 0 0 517920 40.2258 113919 5.27932 802105 517920 ZonesAtSurface
1424.57 4775.02 733.544 0 0 2 1 593627 30.0756 113007 3.14098 1.112e+06 593627 ZonesAtSurface
1474.6 4775.03 758.512 0 4 2 1 1.49554e+06 19.9684 130580 4.00909 1.18881e+06 1.49554e+06 ZonesAtSurface
1524.63 4775.02 783.48 0 10 2 1 1.43488e+06 36.6498 113637 5.01402 1.37439e+06 1.43488e+06 ZonesAtSurface
1574.66 4775.02 808.454 0 0 2 1 698786 43.469 82590.5 4.63953 1.43047e+06 698786 ZonesAtSurface
1624.71 4775.03 883.436 0 10 0 0 811302 17.6429 104516 2.3287 1.00182e+06 811302 ZonesAtSurface
1674.71 4775.01 808.429 0 3 2 2 1.11491e+06 30.3663 91087.9 2.18645 1.77881e+06 1.11491e+06 ZonesAtSurface
1724.71 4775.02 633.522 7 0 1 6 592955 31.4228 95840.4 1.01581 3.86058e+06 592955 ZonesAtSurface
1774.74 4775.01 558.548 0 0 1 8 1.09039e+06 31.729 140492 1.09927 6.48531e+06 1.09039e+06 ZonesAtSurface
1824.77 4775.01 633.561 8 7 1 7 847612 43.5707 129187 1.54434 2.25345e+06 847612 ZonesAtSurface
1874.81 4775.01 608.586 1 0 2 8 1.02426e+06 24.4409 74832.3 1.02129 3.48166e+06 1.02426e+06 ZonesAtSurface
1924.87 4775.02 583.623 4 0 1 9 975611 15.08 147565 1.02022 3.3729e+06 975611 ZonesAtSurface
1974.9 4775.02 608.653 7 0 2 9 945562 22.2806 110180 1.00763 3.13413e+06 945562 ZonesAtSurface
2024.96 4775.03 521.206 0 0 1 10 522858 31.7598 138056 1.01145 5.88607e+06 522858 ZonesAtSurface
2075.02 4775.03 421.267 2 0 1 10 1.16586e+06 19.1139 96221.1 1.22595 6.27575e+06 1.16586e+06 ZonesAtSurface
2125.04 4775.03 371.32 0 0 1 9 774704 40.9169 120931 5.35561 5.65713e+06 774704 ZonesAtSurface
2175.05 4775.03 321.358 0 0 1 8 540989 34.4673 117046 5.51159 4.85223e+06 540989 ZonesAtSurface
2225.08 4775.03 221.368 2 0 0 0 1.29665e+06 16.0327 108164 1.66236 5.70438e+06 1.29665e+06 ZonesAtSurface
2275.1 4775 171.374 7 0 0 0 1.38531e+06 44.7566 70862.1 2.4216 9.61258e+06 1.38531e+06 ZonesAtSurface
2325.15 4775.03 21.4219 0 0 0 0 1.09598e+06 44.7222 53908 10 3.4067e+06 1.09598e+06 ZonesAtSurface
2375.15 4775.01 21.4358 7 0 0 0 994778 32.341 57410.3 2.46946 6.62297e+06 994778 ZonesAtSurface
2425.13 4775.01 -78.5517 2 0 0 0 1.03958e+06 29.2401 114193 2.0939 7.84149e+06 1.03958e+06 ZonesAtSurface
2475.1 4775.03 -178.554 6 0 0 0 100000 5 10000 1.22244 2.37407e+06 100000 ZonesAtSurface
2525.06 4775.04 -208.55 0 0 0 0 1.4936e+06 39.5936 82083.5 6.44297 7.8149e+06 1.4936e+06 ZonesAtSurface
2575.02 4775.04 -218.545 0 0 0 0 1.12228e+06 36.4884 68121.1 6.74558 6.84828e+06 1.12228e+06 ZonesAtSurface
2624.98 4775.04 -178.536 0 0 0 0 1.09765e+06 25.5884 128433 3.681 6.20673e+06 1.09765e+06 ZonesAtSurface
2674.94 4775.02 -88.5321 9 0 0 0 100000 5 10000 1.05603 2.21998e+06 100000 ZonesAtSurface
2724.91 4775.02 -48.535 0 0 0 0 620963 33.7814 138115 4.5942 5.63002e+06 620963 ZonesAtSurface
2774.88 4775.02 -8.5408 0 0 0 0 1.12873e+06 37.9076 114471 6.07001 5.35632e+06 1.12873e+06 ZonesAtSurface
2824.86 4775.02 31.4497 0 0 0 0 519961 42.9733 91669.6 8.03723 4.66037e+06 519961 ZonesAtSurface
2874.85 4775.02 71.4373 0 0 0 0 746948 16.4486 65566.7 1.85668 4.50929e+06 746948 ZonesAtSurface
2924.84 4775.02 111.423 0 0 0 0 528678 44.1135 126708 8.38359 4.71843e+06 528678 ZonesAtSurface
2974.83 4775.01 151.406 0 0 0 0 1.42218e+06 44.1822 52926.1 10 4.11131e+06 1.42218e+06 ZonesAtSurface
3024.83 4775.01 191.387 0 0 0 0 1.40466e+06 44.1577 78283.8 10 4.03333e+06 1.40466e+06 ZonesAtSurface
3074.83 4775 231.371 0 0 0 0 1.47443e+06 39.0525 70768.5 5.35099 3.78203e+06 1.47443e+06 ZonesAtSurface
3124.82 4775.02 221.356 0 0 0 0 713267 30.9216 77560.5 5.54206 3.28038e+06 713267 ZonesAtSurface
3174.83 4775.02 261.337 0 0 0 0 1.21791e+06 40.5883 85347.4 8.16976 3.47204e+06 1.21791e+06 ZonesAtSurface
3224.85 4775.02 301.32 0 0 0 0 1.17014e+06 20.4296 94018.9 3.00999 3.08956e+06 1.17014e+06 ZonesAtSurface
3274.86 4775.02 341.313 0 0 1 7 1.3842e+06 31.1179 59609.1 3.34705 4.16741e+06 1.3842e+06 ZonesAtSurface
3324.85 4775.03 331.282 0 0 1 8 943659 33.8389 51099.1 4.68604 3.41025e+06 943659 ZonesAtSurface
3374.86 4775.03 421.257 4 0 1 7 1.25567e+06 26.3459 82166.6 1.26731 4.64448e+06 1.25567e+06 ZonesAtSurface
3424.88 4775.03 461.22 4 0 1 7 1.4759e+06 32.3345 109683 1.20926 5.56679e+06 1.4759e+06 ZonesAtSurface
3474.91 4775.03 501.175 2 0 1 7 747386 18.5513 141556 1.09192 3.8014e+06 747386 ZonesAtSurface
3524.94 4775.02 491.139 0 0 1 8 1.39365e+06 43.4082 141976 2.61623 6.61968e+06 1.39365e+06 ZonesAtSurface
3574.99 4775.02 581.088 9 0 1 7 1.00855e+06 32.3956 136851 1.03959 5.74018e+06 1.00855e+06 ZonesAtSurface
3625.02 4775.01 621.047 3 0 1 7 729267 35.4269 61146.5 1.00576 4.72767e+06 729267 ZonesAtSurface
3675.06 4775.01 611.027 0 0 1 8 912650 29.8889 143711 1.00316 6.38148e+06 912650 ZonesAtSurface
3725.1 4775.01 650.995 1 0 1 8 1.26882e+06 21.7104 91535.9 1.00452 5.20885e+06 1.26882e+06 ZonesAtSurface
3775.14 4775.01 650.987 0 0 1 8 1.33804e+06 26.6625 81547.2 1.01042 7.1558e+06 1.33804e+06 ZonesAtSurface
3825.18 4774.99 760.911 10 0 1 5 853383 29.1196 113679 1.04334 3.16073e+06 853383 ZonesAtSurface
3875.2 4775 820.891 0 4 2 3 1.37133e+06 44.4082 86429.3 2.94735 2.33705e+06 1.37133e+06 ZonesAtSurface
3925.21 4775 830.923 0 5 2 2 972473 17.9027 62707.6 1.87735 1.52543e+06 972473 ZonesAtSurface
3975.3 4775 740.973 0 7 1 3 921293 39.6731 72852.6 1.28849 3.01206e+06 921293 ZonesAtSurface
4025.36 4775.01 701.024 4 0 2 3 671494 40.6855 98589.2 1.15944 2.49612e+06 671494 ZonesAtSurface
4075.49 4775.01 511.168 0 0 1 6 1.41062e+06 41.1928 111405 1.07283 8.2695e+06 1.41062e+06 ZonesAtSurface
4125.52 4775.01 471.217 2 0 1 6 536173 30.0917 109207 1.00952 4.21485e+06 536173 ZonesAtSurface
4175.54 4775.02 481.258 0 4 1 5 1.27538e+06 37.5456 123388 1.23457 3.9625e+06 1.27538e+06 ZonesAtSurface
4225.56 4775.02 491.294 10 7 1 4 1.23982e+06 18.9561 81398.2 1.5313 2.30959e+06 1.23982e+06 ZonesAtSurface
4275.59 4775.02 451.318 0 8 1 4 1.24741e+06 39.02 53500.8 1.6842 3.63504e+06 1.24741e+06 ZonesAtSurface
4325.62 4775.02 361.361 2 0 1 5 1.18603e+06 36.2714 109109 1.13638 6.30649e+06 1.18603e+06 ZonesAtSurface
4375.64 4775.02 321.41 4 0 1 5 100000 5 10000 1.11554 601396 100000 ZonesAtSurface
4425.65 4775.02 281.459 4 0 2 5 1.33253e+06 19.1551 72561.9 1.11699 3.64048e+06 1.33253e+06 ZonesAtSurface
4475.56 4775.02 141.483 9 0 1 7 568922 21.2684 128890 1.00627 6.49693e+06 568922 ZonesAtSurface
4525.57 4775.03 151.513 4 0 1 6 1.08799e+06 30.016 133566 1.17783 4.80964e+06 1.08799e+06 ZonesAtSurface
4575.55 4775.03 111.52 10 0 1 6 1.39723e+06 34.2295 114142 1.04831 7.0693e+06 1.39723e+06 ZonesAtSurface
4625.55 4775.03 121.543 7 2 2 5 1.47898e+06 35.3808 107000 4.66161 2.53049e+06 1.47898e+06 ZonesAtSurface
4675.43 4775.03 31.5342 5 0 1 6 100000 5 10000 1.06459 1.59922e+06 100000 ZonesAtSurface
4725.39 4775.03 41.5718 38 0 1 5 100000 5 10000 1.19149 922670 100000 ZonesAtSurface
4775.31 4775.03 51.6248 46 0 1 4 1.02325e+06 19.0727 96605 1.18177 3.19806e+06 1.02325e+06 ZonesAtSurface
4825.23 4775.03 61.6516 67 0 1 3 822111 28.0829 118063 1.10499 3.14823e+06 822111 ZonesAtSurface
4875.14 4775.04 71.6625 85 0 1 2 806761 36.5327 142851 1.59376 3.24103e+06 806761 ZonesAtSurface
4925.05 4775.03 81.6509 81 21 1 1 1.4052e+06 38.6226 121936 1.50146 4.64594e+06 1.4052e+06 ZonesAtSurface
74.9366 4825.01 -39.9161 54 0 1 3 1.17912e+06 41.0272 136402 1.10967 1.09199e+07 1.17912e+06 ZonesAtSurface
124.876 4825.01 -14.8589 68 0 1 3 684257 29.0827 85367.6 1.24154 2.71026e+06 684257 ZonesAtSurface
174.78 4825.01 -39.8926 54 0 1 4 994896 25.0454 104047 1.16823 5.86932e+06 994896 ZonesAtSurface
224.712 4825.02 -14.8646 58 6 1 4 1.26311e+06 26.3676 97881.1 1.5708 2.89649e+06 1.26311e+06 ZonesAtSurface
274.662 4825.02 -39.914 38 0 1 5 1.21737e+06 33.2072 57151.5 1.01794 7.86784e+06 1.21737e+06 ZonesAtSurface
324.613 4825.02 -14.8992 36 8 1 5 1.34788e+06 33.724 102196 1.65563 3.73486e+06 1.34788e+06 ZonesAtSurface
374.558 4825.02 -39.9714 24 0 1 6 1.41562e+06 21.1079 58428.8 1.03211 9.19974e+06 1.41562e+06 ZonesAtSurface
424.497 4825.02 -14.9856 0 0 1 6 906999 37.3613 131549 1.78548 1.0622e+07 906999 ZonesAtSurface
474.456 4825.02 10.0068 0 0 1 6 948168 43.918 136801 2.75899 7.88013e+06 948168 ZonesAtSurface
524.339 4825.01 135.004 0 0 1 4 730257 38.9814 130696 1.08559 4.64502e+06 730257 ZonesAtSurface
574.28 4825.02 259.997 9 0 2 2 699454 43.9875 101478 1.2379 3.07582e+06 699454 ZonesAtSurface
624.278 4825.02 334.988 0 0 2 1 543665 44.588 118546 2.84236 1.76594e+06 543665 ZonesAtSurface
674.288 4825.02 409.976 5 4 0 0 658304 25.0612 103163 2.2371 945101 658304 ZonesAtSurface
724.296 4825.02 434.961 0 0 0 0 914845 31.2798 131898 3.41062 1.18447e+06 914845 ZonesAtSurface
774.305 4825.02 459.942 0 0 0 0 783355 36.315 51184.1 3.28657 1.22753e+06 783355 ZonesAtSurface
824.314 4825.03 484.922 0 0 0 0 691011 41.2056 76099.2 3.78407 1.19343e+06 691011 ZonesAtSurface
874.326 4825.03 509.9 0 0 0 0 1.04722e+06 19.1629 96012.7 2.38338 1.41975e+06 1.04722e+06 ZonesAtSurface
924.32 4825.02 484.877 0 0 2 1 747308 16.3762 113290 1.80399 1.53278e+06 747308 ZonesAtSurface
974.333 4825.03 509.853 0 0 2 1 1.11285e+06 30.126 149824 3.17584 1.54766e+06 1.11285e+06 ZonesAtSurface
1024.35 4825.03 534.822 0 0 2 1 1.13722e+06 15.1844 60346.5 1.78882 1.7153e+06 1.13722e+06 ZonesAtSurface
1074.37 4825.02 559.785 0 0 2 1 684420 38.7992 149213 2.24992 2.11224e+06 684420 ZonesAtSurface
1124.41 4825.03 634.745 0 4 0 0 1.35558e+06 25.7361 148924 3.7333 1.24386e+06 1.35558e+06 ZonesAtSurface
1174.44 4825.03 659.709 0 0 0 0 1.47079e+06 21.7444 58989.9 3.62582 1.30425e+06 1.47079e+06 ZonesAtSurface
1224.47 4825.03 684.67 0 0 0 0 728574 40.7697 146939 3.43492 1.16306e+06 728574 ZonesAtSurface
1274.5 4825.03 709.632 0 0 0 0 1.209e+06 25.2207 84402.1 4.07327 1.1185e+06 1.209e+06 ZonesAtSurface
1324.53 4825.03 734.595 0 0 0 0 783341 44.5766 147086 4.93002 1.12755e+06 783341 ZonesAtSurface
1374.57 4825.03 759.56 0 0 0 0 1.36384e+06 16.9949 119536 3.35402 1.24604e+06 1.36384e+06 ZonesAtSurface
1424.57 4825.02 734.528 0 0 2 1 700573 40.6464 62832.3 3.98048 2.11285e+06 700573 ZonesAtSurface
1474.58 4825.01 709.499 0 0 1 2 848210 42.1062 134025 2.97912 2.6494e+06 848210 ZonesAtSurface
1524.64 4825.02 784.466 0 0 2 1 1.17521e+06 24.5584 96749.3 2.39189 2.18895e+06 1.17521e+06 ZonesAtSurface
1574.67 4825.02 809.442 0 0 2 1 845314 20.2417 74854.2 2.15791 1.48582e+06 845314 ZonesAtSurface
1624.72 4825.02 884.426 0 0 0 0 981722 42.3738 116077 5.0234 948071 981722 ZonesAtSurface
1674.72 4825.01 809.421 0 3 2 2 880431 22.8759 123032 1.58654 1.66683e+06 880431 ZonesAtSurface
1724.71 4825.01 584.529 2 0 1 7 539181 29.5938 113541 1.03047 4.46699e+06 539181 ZonesAtSurface
1774.75 4825.01 559.545 1 0 1 8 1.26645e+06 34.5919 142309 1.20461 6.2063e+06 1.26645e+06 ZonesAtSurface
1824.79 4825.01 584.559 4 0 1 8 1.27477e+06 37.1804 119915 1.16458 5.46965e+06 1.27477e+06 ZonesAtSurface
1874.83 4825.01 559.591 1 0 1 9 1.49236e+06 25.9687 148872 1.00794 6.58753e+06 1.49236e+06 ZonesAtSurface
1924.85 4825.01 634.61 8 5 1 8 665400 44.6766 99413 1.13233 2.4166e+06 665400 ZonesAtSurface
1974.92 4825.02 559.654 0 0 1 10 1.1688e+06 31.4394 57243.1 1.00144 6.17864e+06 1.1688e+06 ZonesAtSurface
2024.95 4825.02 572.189 2 1 2 9 1.38259e+06 28.5278 79650.2 1.00926 4.53855e+06 1.38259e+06 ZonesAtSurface
2075.02 4825.03 422.261 0 0 1 10 100000 5 10000 0.998787 1.21192e+06 100000 ZonesAtSurface
2125.05 4825.04 372.316 0 0 1 9 1.05759e+06 27.9426 146672 2.36916 5.78905e+06 1.05759e+06 ZonesAtSurface
2175.07 4825.04 322.36 0 0 1 8 501609 31.7052 81957.8 6.11065 3.54897e+06 501609 ZonesAtSurface
2225.07 4825.02 272.374 9 0 0 0 1.46838e+06 16.975 67429.1 1.23676 6.66066e+06 1.46838e+06 ZonesAtSurface
2275.11 4825.02 172.39 0 0 0 0 613876 36.8318 74404.4 2.15935 5.89203e+06 613876 ZonesAtSurface
2325.15 4825.04 22.4248 0 0 0 0 774654 28.7984 81563.1 5.93409 2.84008e+06 774654 ZonesAtSurface
2375.15 4825.03 -27.5594 0 0 0 0 963793 40.4862 77352.8 8.47169 4.31396e+06 963793 ZonesAtSurface
2425.13 4825.02 -77.5478 3 0 0 0 1.39989e+06 16.8252 111103 1.82496 5.25739e+06 1.39989e+06 ZonesAtSurface
2475.1 4825.04 -177.547 0 0 0 0 995861 22.9831 138359 3.00534 6.2382e+06 995861 ZonesAtSurface
2525.06 4825.05 -257.551 0 0 0 0 600548 40.9253 101610 7.59401 7.51944e+06 600548 ZonesAtSurface
2574.99 4824.99 -117.518 6 0 0 0 1.3857e+06 42.6378 128675 2.5105 8.60577e+06 1.3857e+06 ZonesAtSurface
2624.97 4825.02 -127.52 0 0 0 0 523393 31.6914 99793.5 3.19194 6.79581e+06 523393 ZonesAtSurface
2674.93 4825.02 -87.5207 0 0 0 0 763729 32.0212 77037.7 4.29108 5.45466e+06 763729 ZonesAtSurface
2724.9 4825.02 -47.5244 0 0 0 0 1.17628e+06 28.9468 75946 3.99647 5.20301e+06 1.17628e+06 ZonesAtSurface
2774.87 4825.02 -7.53219 0 0 0 0 1.42175e+06 23.5266 68365.9 3.40805 4.56859e+06 1.42175e+06 ZonesAtSurface
2824.85 4824.99 82.4489 8 0 0 0 898040 33.5925 98065.4 2.53837 5.61881e+06 898040 ZonesAtSurface
2874.84 4824.99 122.435 9 2 0 0 1.48944e+06 21.8898 85095.2 2.06765 4.82068e+06 1.48944e+06 ZonesAtSurface
2924.84 4824.98 162.421 6 5 0 0 1.47976e+06 28.5186 104632 3.17314 4.09833e+06 1.47976e+06 ZonesAtSurface
2974.83 4824.98 202.409 10 0 0 0 895525 41.5911 117751 4.54621 4.67578e+06 895525 ZonesAtSurface
3024.81 4825.03 142.4 0 0 0 0 1.02024e+06 15.7656 55500.1 4.29756 2.30629e+06 1.02024e+06 ZonesAtSurface
3074.83 4825.01 232.377 0 0 0 0 689925 39.555 148525 6.22319 4.7916e+06 689925 ZonesAtSurface
3124.84 4825 272.359 4 0 0 0 607008 35.86 66191.3 3.93167 5.03625e+06 607008 ZonesAtSurface
3174.83 4825.03 262.344 0 0 0 0 676225 19.1394 67825.2 3.1223 2.65818e+06 676225 ZonesAtSurface
3224.84 4825.02 302.327 0 0 0 0 1.01721e+06 25.3621 149454 5.13069 2.37376e+06 1.01721e+06 ZonesAtSurface
3274.85 4825.03 342.319 0 0 1 7 1.03946e+06 25.2566 61898 2.93763 3.74431e+06 1.03946e+06 ZonesAtSurface
3324.85 4825.04 332.287 0 0 1 8 1.42619e+06 34.9924 53664.6 5.55587 3.6129e+06 1.42619e+06 ZonesAtSurface
3374.86 4825.04 422.262 9 0 1 7 1.28333e+06 19.2049 116827 1.15432 4.19731e+06 1.28333e+06 ZonesAtSurface
3424.88 4825.03 462.218 0 0 1 7 1.1394e+06 44.9201 92460 2.96002 5.6547e+06 1.1394e+06 ZonesAtSurface
3474.91 4825.02 502.169 5 0 1 7 656136 40.5682 95210.9 1.26907 5.85531e+06 656136 ZonesAtSurface
3524.95 4825.02 542.123 1 0 1 7 891125 40.035 82403 1.26313 5.77456e+06 891125 ZonesAtSurface
3574.99 4825.01 582.078 1 0 1 7 726178 32.8321 103926 1.00842 4.70631e+06 726178 ZonesAtSurface
3625.05 4825.01 672.03 0 0 1 6 665289 26.4953 114175 1.0443 3.09805e+06 665289 ZonesAtSurface
3675.07 4825.01 612.016 2 0 1 8 1.02076e+06 19.6388 73520.4 1.00357 5.23822e+06 1.02076e+06 ZonesAtSurface
3725.1 4824.98 801.907 8 5 2 5 100000 5 10000 0.911263 242269 100000 ZonesAtSurface
3775.15 4824.99 751.923 3 0 1 6 1.29376e+06 16.7764 67613.4 1.03148 4.4457e+06 1.29376e+06 ZonesAtSurface
3825.18 4824.99 811.878 3 8 1 4 1.22786e+06 29.8051 88533.5 1.40664 3.17713e+06 1.22786e+06 ZonesAtSurface
3875.2 4825 821.892 0 8 1 3 1.40551e+06 27.3066 64884.5 2.6712 1.78057e+06 1.40551e+06 ZonesAtSurface
3925.24 4825 781.926 0 0 2 3 793785 26.109 86909 1.73119 1.72157e+06 793785 ZonesAtSurface
3975.26 4825 791.963 6 7 2 2 644309 39.388 54350.5 2.74629 1.47197e+06 644309 ZonesAtSurface
4025.34 4825 702.017 8 0 2 3 730877 31.5174 135446 1.07773 2.66119e+06 730877 ZonesAtSurface
4075.4 4825 662.073 8 6 2 3 1.14287e+06 15.78 97249.5 1.17362 2.56074e+06 1.14287e+06 ZonesAtSurface
4125.51 4825.01 472.21 6 0 1 6 963941 21.2716 91601.5 1.01136 4.40969e+06 963941 ZonesAtSurface
4175.54 4825.01 432.254 5 0 1 6 924896 19.3513 86326.2 1.06808 4.6773e+06 924896 ZonesAtSurface
4225.56 4825.02 442.292 1 0 1 5 1.01989e+06 34.7593 63762.1 1.27216 4.22591e+06 1.01989e+06 ZonesAtSurface
4275.57 4825.02 452.322 4 0 2 4 712163 31.4385 148928 1.21916 3.175e+06 712163 ZonesAtSurface
4325.61 4825.01 362.353 1 0 1 5 755746 31.1029 143263 1.04764 4.70254e+06 755746 ZonesAtSurface
4375.63 4825.02 322.393 9 0 1 5 753148 23.5979 71256.2 1.05551 3.35738e+06 753148 ZonesAtSurface
4425.57 4825.02 182.455 0 0 1 7 612065 21.2739 118900 1.01077 5.59164e+06 612065 ZonesAtSurface
4475.55 4825.02 142.479 0 0 1 7 558467 42.5688 98882 1.85228 7.35389e+06 558467 ZonesAtSurface
4525.56 4825.02 152.511 10 0 1 6 1.41998e+06 25.0686 81150.9 1.17323 4.54264e+06 1.41998e+06 ZonesAtSurface
4575.54 4825.02 112.519 3 0 1 6 1.19259e+06 35.4704 75587.8 1.05849 7.62462e+06 1.19259e+06 ZonesAtSurface
4625.5 4825.02 72.529 10 0 1 6 577231 36.1729 62480.4 1.02926 8.15034e+06 577231 ZonesAtSurface
4675.43 4825.02 32.5285 8 0 1 6 1.07736e+06 44.2398 94720 1.34323 1.23222e+07 1.07736e+06 ZonesAtSurface
4725.4 4825.02 42.5651 27 0 1 5 627998 31.953 86653 1.09884 6.93379e+06 627998 ZonesAtSurface
4775.33 4825.02 52.6286 58 0 1 4 100000 5 10000 0.952557 449162 100000 ZonesAtSurface
4825.25 4825.03 62.6757 64 0 1 3 100000 5 10000 1.17344 375481 100000 ZonesAtSurface
4875.15 4825.02 72.7115 80 2 1 2 100000 5 10000 1.25579 290561 100000 ZonesAtSurface
4925.05 4825.02 82.6644 95 12 1 1 856217 18.499 112247 1.49469 1.80995e+06 856217 ZonesAtSurface
74.9331 4875 -38.9264 56 0 1 3 613266 39.378 92286.5 1.18435 8.84465e+06 613266 ZonesAtSurface
124.875 4875 -13.8675 76 27 1 3 985287 18.6893 64496 1.46733 2.00368e+06 985287 ZonesAtSurface
174.783 4875 -38.9024 51 0 1 4 1.30779e+06 38.6202 57037 1.17297 6.8619e+06 1.30779e+06 ZonesAtSurface
224.722 4875 -13.8696 50 37 1 4 1.17734e+06 43.4886 145447 2.55973 2.85237e+06 1.17734e+06 ZonesAtSurface
274.663 4875 -38.9205 34 0 1 5 1.39856e+06 36.9629 81684.8 1.10905 7.12969e+06 1.39856e+06 ZonesAtSurface
324.604 4875.01 -13.9117 37 5 1 5 1.04304e+06 31.3828 133882 1.50513 2.90194e+06 1.04304e+06 ZonesAtSurface
374.559 4875.01 -38.9829 18 0 1 6 536088 33.6188 108593 1.11931 1.18183e+07 536088 ZonesAtSurface
424.425 4875 36.0135 4 0 1 5 726768 36.1529 84467.1 1.24677 3.64604e+06 726768 ZonesAtSurface
474.461 4875.01 11.0027 2 0 1 6 730293 18.5915 70287.5 1.01847 6.32335e+06 730293 ZonesAtSurface
524.349 4875 136 4 0 1 4 918310 37.9002 53770.7 1.48218 5.81187e+06 918310 ZonesAtSurface
574.294 4875.01 260.995 9 0 1 2 770950 44.0158 126039 1.85539 4.17723e+06 770950 ZonesAtSurface
624.286 4875.02 335.986 0 5 2 1 829398 43.2896 80538 3.174 2.26838e+06 829398 ZonesAtSurface
674.295 4875.02 410.972 0 4 0 0 1.20096e+06 40.7469 50466.2 3.83648 1.58777e+06 1.20096e+06 ZonesAtSurface
724.303 4875.02 435.958 0 0 0 0 573331 32.6688 83821 2.17705 1.41248e+06 573331 ZonesAtSurface
774.311 4875.02 460.94 0 0 0 0 571236 42.553 63150.2 3.12296 1.3792e+06 571236 ZonesAtSurface
824.321 4875.02 485.92 0 0 0 0 800499 15.1093 102223 1.77252 1.34318e+06 800499 ZonesAtSurface
874.333 4875.02 510.899 0 0 0 0 1.46339e+06 25.4889 50955.4 3.9212 1.34532e+06 1.46339e+06 ZonesAtSurface
924.326 4875.02 485.876 0 0 2 1 1.00853e+06 23.3068 60916.3 2.69761 1.75192e+06 1.00853e+06 ZonesAtSurface
974.322 4875.01 460.849 0 0 2 2 714464 27.7681 121562 2.65822 2.06507e+06 714464 ZonesAtSurface
1024.35 4875.02 535.82 0 0 2 1 1.32614e+06 23.6407 133449 2.59153 1.83857e+06 1.32614e+06 ZonesAtSurface
1074.37 4875.02 560.782 0 0 2 1 1.02585e+06 25.9403 139693 1.56442 2.27613e+06 1.02585e+06 ZonesAtSurface
1124.42 4875.02 635.741 0 7 0 0 693912 44.6559 92208.5 2.38002 1.89277e+06 693912 ZonesAtSurface
1174.42 4875.02 610.704 0 0 1 1 505947 37.3598 115908 2.2625 1.92542e+06 505947 ZonesAtSurface
1224.48 4875.02 685.664 0 0 0 0 666143 18.8126 122104 1.41489 1.57998e+06 666143 ZonesAtSurface
1274.51 4875.02 710.625 0 0 0 0 1.2197e+06 35.0099 63990.4 4.45401 1.34036e+06 1.2197e+06 ZonesAtSurface
1324.54 4875.02 735.586 0 0 0 0 866425 29.1238 125785 3.00504 1.25103e+06 866425 ZonesAtSurface
1374.58 4875.02 760.55 0 0 0 0 1.05403e+06 24.5758 64897.4 3.16748 1.25019e+06 1.05403e+06 ZonesAtSurface
1424.61 4875.02 785.514 0 2 0 0 940282 36.0828 117096 4.24523 1.31256e+06 940282 ZonesAtSurface
1474.64 4875.02 810.481 3 0 0 0 905907 33.5898 112694 2.67305 1.48146e+06 905907 ZonesAtSurface
1524.67 4875.02 835.454 0 0 0 0 1.17976e+06 23.0282 58530.9 2.94958 1.40014e+06 1.17976e+06 ZonesAtSurface
1574.69 4875.02 860.433 0 0 0 0 1.48945e+06 22.6451 125117 4.7869 994796 1.48945e+06 ZonesAtSurface
1624.72 4875.02 885.418 0 2 0 0 744671 35.8443 81183.7 3.62469 1.04379e+06 744671 ZonesAtSurface
1674.71 4875 760.426 0 0 2 3 712475 37.6845 138692 1.46481 2.69833e+06 712475 ZonesAtSurface
1724.72 4875.01 585.525 2 0 1 7 895648 32.4548 129838 1.0361 5.17124e+06 895648 ZonesAtSurface
1774.75 4875.01 610.54 9 0 2 7 583688 40.1616 54801.3 1.05479 2.38994e+06 583688 ZonesAtSurface
1824.79 4875.01 585.56 0 0 2 8 1.25367e+06 24.9782 108623 1.04878 4.103e+06 1.25367e+06 ZonesAtSurface
1874.81 4875.02 660.579 5 5 2 7 985336 35.2787 75213.3 1.32958 2.92667e+06 985336 ZonesAtSurface
1924.87 4875.01 585.612 5 0 1 9 1.25759e+06 25.8456 76598.3 1.00527 4.81302e+06 1.25759e+06 ZonesAtSurface
1974.89 4875.02 660.629 10 9 2 8 677036 18.5929 117283 1.21379 1.47467e+06 677036 ZonesAtSurface
2024.97 4875.03 523.193 0 0 1 10 1.23168e+06 41.5529 131291 1.16632 7.25659e+06 1.23168e+06 ZonesAtSurface
2075.01 4875.03 473.248 8 0 1 9 1.27826e+06 30.2767 77446 1.18825 5.55436e+06 1.27826e+06 ZonesAtSurface
2125.05 4875.04 423.306 1 0 2 8 100000 5 10000 1.32728 586513 100000 ZonesAtSurface
2175.07 4875.03 373.358 3 0 1 7 624537 42.4569 103550 3.83967 6.55836e+06 624537 ZonesAtSurface
2225.09 4875.03 273.385 0 0 0 0 651363 31.4495 51134.6 1.75252 6.30641e+06 651363 ZonesAtSurface
2275.12 4875.04 173.406 0 0 0 0 1.02637e+06 32.7934 53426.6 2.26952 5.61463e+06 1.02637e+06 ZonesAtSurface
2325.15 4875.05 23.4309 0 0 0 0 615872 33.0661 64555.8 5.57736 4.02335e+06 615872 ZonesAtSurface
2375.14 4875.04 -26.5552 0 0 0 0 1.23439e+06 24.6713 95558.2 1.99782 7.20355e+06 1.23439e+06 ZonesAtSurface
2425.13 4875.03 -126.544 0 0 0 0 549436 36.8032 118468 5.92289 6.01973e+06 549436 ZonesAtSurface
2475.11 4875.01 -126.528 9 0 0 0 1.33905e+06 42.466 129332 5.01293 6.55659e+06 1.33905e+06 ZonesAtSurface
2525.06 4875.04 -206.528 0 0 0 0 855305 21.6914 130582 2.44279 7.29252e+06 855305 ZonesAtSurface
2575.01 4875.02 -166.514 0 0 0 0 1.35873e+06 37.7529 80603.5 6.37059 7.71942e+06 1.35873e+06 ZonesAtSurface
2624.97 4875.02 -126.51 0 0 0 0 1.01122e+06 28.1436 103304 3.82949 6.58936e+06 1.01122e+06 ZonesAtSurface
2674.93 4875.02 -86.5138 10 0 0 0 1.00508e+06 18.8511 73955.6 2.64427 5.39835e+06 1.00508e+06 ZonesAtSurface
2724.9 4875.02 -46.5199 0 0 0 0 842662 38.9071 114853 8.21964 5.33138e+06 842662 ZonesAtSurface
2774.87 4875.01 -6.52848 0 0 0 0 1.08478e+06 32.0118 85639.4 5.27773 5.67207e+06 1.08478e+06 ZonesAtSurface
2824.85 4875.02 33.4607 0 0 0 0 845366 27.7416 82022.4 4.64447 4.82176e+06 845366 ZonesAtSurface
2874.83 4875.02 73.4466 9 0 0 0 860001 16.0537 62103.9 2.15138 4.8411e+06 860001 ZonesAtSurface
2924.84 4874.98 163.432 8 8 0 0 1.42448e+06 40.8855 72635.7 6.27217 5.88931e+06 1.42448e+06 ZonesAtSurface
2974.82 4875.01 153.417 2 0 0 0 833344 35.2293 114539 5.9482 5.57213e+06 833344 ZonesAtSurface
3024.81 4875.03 143.407 0 0 0 0 1.42628e+06 15.2811 53343.3 4.0701 2.91426e+06 1.42628e+06 ZonesAtSurface
3074.81 4875.03 183.389 0 0 0 0 1.01609e+06 25.3021 92048 7.75008 2.49549e+06 1.01609e+06 ZonesAtSurface
3124.81 4875.03 223.369 0 0 0 0 1.34173e+06 41.1423 92023.3 10 2.60083e+06 1.34173e+06 ZonesAtSurface
3174.82 4875.02 263.35 0 0 0 0 843668 34.8259 110906 10 3.02033e+06 843668 ZonesAtSurface
3224.84 4875.02 303.331 0 0 0 0 531086 30.2171 144834 5.93996 3.35615e+06 531086 ZonesAtSurface
3274.85 4875.03 343.321 0 0 1 7 1.29879e+06 26.8881 82436.4 4.35558 4.24753e+06 1.29879e+06 ZonesAtSurface
3324.84 4875.03 333.291 0 0 1 8 1.06151e+06 29.7187 106029 4.43495 3.42655e+06 1.06151e+06 ZonesAtSurface
3374.86 4875.03 373.263 0 0 1 8 1.09442e+06 23.4319 106143 1.42532 5.10675e+06 1.09442e+06 ZonesAtSurface
3424.88 4875.03 413.224 0 0 1 8 902969 40.4515 87637 2.65587 6.21226e+06 902969 ZonesAtSurface
3474.92 4875.01 603.137 7 10 2 5 1.49867e+06 34.017 145485 1.59702 3.60293e+06 1.49867e+06 ZonesAtSurface
3524.95 4875.02 543.116 3 0 1 7 912170 43.1836 126975 1.52063 6.4042e+06 912170 ZonesAtSurface
3575.01 4875.01 633.059 9 0 1 6 1.05633e+06 31.1348 147552 1.02887 4.92963e+06 1.05633e+06 ZonesAtSurface
3625.05 4875.01 673.012 10 0 1 6 626790 22.2514 84373.8 1.04783 3.26805e+06 626790 ZonesAtSurface
3675.05 4874.99 762.923 9 0 1 5 100000 5 10000 1.40262 390115 100000 ZonesAtSurface
3725.09 4874.98 802.879 2 0 1 5 1.00046e+06 21.0851 135533 1.0997 3.01615e+06 1.00046e+06 ZonesAtSurface
3775.13 4874.98 852.839 5 0 1 4 866836 41.5284 99204.3 1.23446 3.54471e+06 866836 ZonesAtSurface
3825.19 4874.99 762.895 10 0 1 5 1.21134e+06 24.699 73862.6 1.14492 4.60584e+06 1.21134e+06 ZonesAtSurface
3875.22 4875 772.901 0 0 1 4 1.44422e+06 41.9932 140079 2.89136 3.38638e+06 1.44422e+06 ZonesAtSurface
3925.24 4875 782.926 0 0 1 3 1.0418e+06 32.2547 60111.3 2.63098 1.76706e+06 1.0418e+06 ZonesAtSurface
3975.25 4875 792.959 0 7 1 2 1.4611e+06 29.2162 93433.8 2.98464 1.74812e+06 1.4611e+06 ZonesAtSurface
4025.33 4875 703.01 0 0 1 3 1.09854e+06 43.242 58148 2.07963 3.82075e+06 1.09854e+06 ZonesAtSurface
4075.42 4875 613.083 6 0 1 4 1.05625e+06 28.5539 60131 1.06343 3.85678e+06 1.05625e+06 ZonesAtSurface
4125.44 4875 623.123 8 9 2 3 1.23273e+06 36.307 62361.7 1.47974 3.40863e+06 1.23273e+06 ZonesAtSurface
4175.53 4875.01 433.249 7 0 1 6 1.07008e+06 30.6686 86556.7 1.05611 6.75932e+06 1.07008e+06 ZonesAtSurface
4225.55 4875.01 393.29 2 0 1 6 629994 31.9299 51298.4 1.05909 5.793e+06 629994 ZonesAtSurface
4275.56 4875.02 453.331 4 6 2 4 1.2053e+06 30.3431 101883 1.63947 2.69356e+06 1.2053e+06 ZonesAtSurface
4325.59 4875.01 413.351 10 1 1 4 1.46382e+06 22.3339 89349.8 1.10773 4.03257e+06 1.46382e+06 ZonesAtSurface
4375.62 4875.01 323.382 3 0 1 5 1.18061e+06 28.5654 86621.2 1.10902 5.30229e+06 1.18061e+06 ZonesAtSurface
4425.57 4875.01 183.448 7 0 1 7 650432 21.5355 66600.4 1.05203 6.7477e+06 650432 ZonesAtSurface
4475.55 4875.01 143.475 0 0 1 7 1.0142e+06 34.5564 67696.1 2.18834 7.06446e+06 1.0142e+06 ZonesAtSurface
4525.55 4875.01 153.504 0 0 1 6 1.22727e+06 38.6121 102620 1.79911 5.99059e+06 1.22727e+06 ZonesAtSurface
4575.53 4875.01 113.513 9 0 1 6 1.10939e+06 26.2316 58864 1.07267 7.03405e+06 1.10939e+06 ZonesAtSurface
4625.5 4875.01 73.5231 2 0 1 6 1.22882e+06 44.9461 76749.2 1.76627 9.53086e+06 1.22882e+06 ZonesAtSurface
4675.43 4875.01 33.5245 10 0 1 6 757779 30.9403 116976 1.0959 1.03581e+07 757779 ZonesAtSurface
4725.39 4875.01 43.5616 39 0 1 5 1.02386e+06 23.8322 132070 1.26916 5.33883e+06 1.02386e+06 ZonesAtSurface
4775.33 4875 53.6175 63 0 1 4 514328 28.4259 140527 1.13913 2.08868e+06 514328 ZonesAtSurface
4825.26 4875 63.6636 73 16 1 3 624698 31.8996 61035.4 1.40415 1.89689e+06 624698 ZonesAtSurface
4875.16 4874.99 73.7309 87 0 1 2 100000 5 10000 1.15691 313845 100000 ZonesAtSurface
4925.05 4874.98 83.6978 85 0 1 1 100000 5 10000 1.21944 374430 100000 ZonesAtSurface
74.9234 4924.99 -37.9582 62 0 1 3 1.22535e+06 17.6866 82324.5 1.16881 6.95448e+06 1.22535e+06 ZonesAtSurface
124.861 4924.98 -12.9233 66 0 1 3 887851 32.3856 70923.9 1.34752 5.00787e+06 887851 ZonesAtSurface
174.789 4924.99 -37.9422 55 0 1 4 709617 18.0328 109835 1.11014 5.79874e+06 709617 ZonesAtSurface
224.725 4924.99 -12.9206 55 0 1 4 672718 33.837 82541.5 1.27143 5.60821e+06 672718 ZonesAtSurface
274.668 4924.99 -37.9538 46 0 1 5 824281 16.2275 50500.7 1.13683 5.1995e+06 824281 ZonesAtSurface
324.603 4924.99 -12.9515 37 0 1 5 843344 15.4701 66991.7 1.15378 3.92789e+06 843344 ZonesAtSurface
374.566 4925 -37.9958 0 0 1 6 611378 42.0145 83599.6 2.49327 1.21357e+07 611378 ZonesAtSurface
424.509 4925 -12.9974 0 0 1 6 739570 31.5625 147382 1.43662 8.74787e+06 739570 ZonesAtSurface
474.382 4924.99 112.006 3 0 1 4 1.02562e+06 29.8792 132269 1.24267 6.82242e+06 1.02562e+06 ZonesAtSurface
524.321 4924.99 237.004 0 0 1 2 842461 42.2286 147964 1.54562 5.1974e+06 842461 ZonesAtSurface
574.31 4925 261.996 0 0 1 2 1.09959e+06 31.7262 51299.5 1.67129 4.25734e+06 1.09959e+06 ZonesAtSurface
624.296 4925.01 336.986 0 0 1 1 1.06791e+06 42.9087 126642 3.82573 3.13559e+06 1.06791e+06 ZonesAtSurface
674.3 4925.01 411.972 2 0 0 0 727835 38.8638 99209.6 2.39746 2.04399e+06 727835 ZonesAtSurface
724.307 4925.01 436.958 0 0 0 0 1.12436e+06 44.5909 145927 4.18714 1.68569e+06 1.12436e+06 ZonesAtSurface
774.314 4925.01 461.94 0 0 0 0 932782 37.2489 133333 3.06996 1.68277e+06 932782 ZonesAtSurface
824.324 4925.01 486.92 0 0 0 0 869847 41.8601 138452 3.50362 1.61911e+06 869847 ZonesAtSurface
874.337 4925.01 511.898 0 6 0 0 694836 39.3933 96932.7 2.99082 1.68717e+06 694836 ZonesAtSurface
924.329 4925.01 486.874 0 0 2 1 937694 28.2329 83467.5 2.51239 1.97464e+06 937694 ZonesAtSurface
974.344 4925.01 511.848 0 0 2 1 1.27487e+06 43.2867 117756 4.07652 2.70577e+06 1.27487e+06 ZonesAtSurface
1024.34 4925.01 486.817 0 0 1 2 593566 32.8116 139789 2.33216 2.58522e+06 593566 ZonesAtSurface
1074.38 4925.01 561.779 0 0 1 1 1.33344e+06 23.2971 79734.7 1.85923 3.07475e+06 1.33344e+06 ZonesAtSurface
1124.43 4925.01 636.74 0 1 0 0 1.08863e+06 35.9079 51218.4 2.65663 2.09332e+06 1.08863e+06 ZonesAtSurface
1174.46 4925.01 661.702 0 0 0 0 1.23054e+06 44.2426 82607.7 4.45284 1.7987e+06 1.23054e+06 ZonesAtSurface
1224.49 4925.01 686.662 0 0 0 0 1.03564e+06 22.1649 140369 1.91992 1.86014e+06 1.03564e+06 ZonesAtSurface
1274.52 4925.01 711.621 0 0 0 0 1.33954e+06 15.1284 106434 2.26634 1.7183e+06 1.33954e+06 ZonesAtSurface
1324.55 4925.01 736.582 0 0 0 0 1.18437e+06 23.0717 147704 2.63943 1.63839e+06 1.18437e+06 ZonesAtSurface
1374.58 4925.01 761.544 0 5 0 0 1.41461e+06 22.4793 57673.1 3.33169 1.53817e+06 1.41461e+06 ZonesAtSurface
1424.62 4925.01 786.508 0 1 0 0 1.40054e+06 22.8278 101673 3.47129 1.42839e+06 1.40054e+06 ZonesAtSurface
1474.65 4925.01 811.476 0 0 0 0 954643 22.6158 146093 2.30109 1.49819e+06 954643 ZonesAtSurface
1524.68 4925.01 836.449 0 0 0 0 688292 34.1606 131067 2.71047 1.46858e+06 688292 ZonesAtSurface
1574.7 4925.01 861.428 0 0 0 0 547631 44.6349 98502.7 3.82857 1.34121e+06 547631 ZonesAtSurface
1624.73 4925.01 886.412 0 0 0 0 954475 30.4486 94855.6 3.41074 1.33459e+06 954475 ZonesAtSurface
1674.72 4925 811.41 0 8 2 2 1.15838e+06 42.5941 148902 1.75735 2.9111e+06 1.15838e+06 ZonesAtSurface
1724.72 4925 586.522 7 0 1 7 751251 41.1231 84433 1.1949 6.50048e+06 751251 ZonesAtSurface
1774.76 4925.01 561.544 5 0 1 8 1.27809e+06 25.845 66783.4 1.03967 6.53486e+06 1.27809e+06 ZonesAtSurface
1824.8 4925.01 536.569 0 0 1 9 1.36498e+06 40.8041 118710 1.84141 7.34566e+06 1.36498e+06 ZonesAtSurface
1874.84 4925.01 561.585 2 0 1 9 660440 33.0006 75777.2 1.00538 5.94521e+06 660440 ZonesAtSurface
1924.87 4925.01 586.607 8 0 1 9 1.07746e+06 35.4704 61589.8 1.01143 5.89794e+06 1.07746e+06 ZonesAtSurface
1974.93 4925.01 561.646 2 0 1 10 629759 15.5135 93444.1 1.01824 3.39484e+06 629759 ZonesAtSurface
2024.97 4925.02 574.182 10 0 1 9 685677 16.8379 71296.5 1.58482 1.91314e+06 685677 ZonesAtSurface
2075.04 4925.03 474.255 7 4 2 9 780809 35.4479 124312 6.21561 2.03288e+06 780809 ZonesAtSurface
2125.08 4925.05 424.317 1 0 1 8 1.45353e+06 17.6349 73499.8 4.45806 2.29131e+06 1.45353e+06 ZonesAtSurface
2175.12 4925.05 324.374 2 4 1 8 1.30262e+06 35.7775 63602.9 10 2.42464e+06 1.30262e+06 ZonesAtSurface
2225.14 4925.05 224.409 5 0 0 0 617011 20.0136 82869.6 2.98181 3.46505e+06 617011 ZonesAtSurface
2275.16 4925.05 174.439 9 3 0 0 772835 39.2911 146779 5.28229 8.00461e+06 772835 ZonesAtSurface
2325.17 4925.05 74.4648 4 1 0 0 851894 25.9614 76001.1 2.24459 9.28262e+06 851894 ZonesAtSurface
2375.16 4925.04 -75.531 0 0 0 0 1.17173e+06 22.2091 69903.9 3.04631 5.32219e+06 1.17173e+06 ZonesAtSurface
2425.13 4925.03 -125.521 10 0 0 0 749421 22.1697 69916.1 2.99707 5.95117e+06 749421 ZonesAtSurface
2475.1 4925.03 -225.531 0 0 0 0 615304 35.4265 98186.4 5.06241 7.28947e+06 615304 ZonesAtSurface
2525.06 4925.02 -205.509 2 0 0 0 1.00427e+06 40.4387 70894.6 5.6297 8.29918e+06 1.00427e+06 ZonesAtSurface
2575.01 4925.01 -165.491 1 0 0 0 794785 36.7321 107811 8.75361 4.65581e+06 794785 ZonesAtSurface
2624.96 4925 -125.486 7 0 0 0 1.22852e+06 21.3848 98149.7 2.35416 6.52777e+06 1.22852e+06 ZonesAtSurface
2674.93 4925.02 -135.498 0 0 0 0 880527 29.8832 99670.3 6.33895 4.81556e+06 880527 ZonesAtSurface
2724.88 4925 -45.4929 0 0 0 0 522595 30.9561 63930.4 3.09106 7.79144e+06 522595 ZonesAtSurface
2774.85 4925 -5.50245 0 0 0 0 897245 41.9868 127411 4.86482 9.09069e+06 897245 ZonesAtSurface
2824.83 4925 34.4862 1 0 0 0 1.42905e+06 33.9771 111174 4.88416 7.3221e+06 1.42905e+06 ZonesAtSurface
2874.82 4925 74.4736 0 0 0 0 1.45242e+06 25.5802 130345 2.55071 8.25241e+06 1.45242e+06 ZonesAtSurface
2924.81 4925 114.46 1 0 0 0 1.29551e+06 29.5613 97752.4 2.54392 9.27991e+06 1.29551e+06 ZonesAtSurface
2974.8 4925 154.445 6 0 0 0 1.11518e+06 23.8398 138667 1.51001 1.0231e+07 1.11518e+06 ZonesAtSurface
3024.8 4925 194.428 3 1 0 0 1.19489e+06 35.6244 76244.3 3.54844 9.38239e+06 1.19489e+06 ZonesAtSurface
3074.79 4925.02 184.412 0 0 0 0 558186 32.7759 72608.2 8.92565 3.21464e+06 558186 ZonesAtSurface
3124.8 4925.01 224.39 0 0 0 0 1.13735e+06 40.5152 109945 10 2.86137e+06 1.13735e+06 ZonesAtSurface
3174.81 4925.01 264.366 3 2 0 0 1.4028e+06 28.6109 61370.4 6.35333 3.93464e+06 1.4028e+06 ZonesAtSurface
3224.82 4925.01 304.341 9 0 0 0 1.0792e+06 16.9326 77883.6 1.80318 6.26857e+06 1.0792e+06 ZonesAtSurface
3274.82 4925.02 294.321 0 0 1 8 1.08463e+06 23.672 135547 5.23984 3.01921e+06 1.08463e+06 ZonesAtSurface
3324.83 4925 384.302 8 0 1 7 1.03168e+06 40.955 105884 3.05671 8.80809e+06 1.03168e+06 ZonesAtSurface
3374.85 4925.01 424.267 3 0 1 7 1.27934e+06 35.3449 107536 1.55495 7.40128e+06 1.27934e+06 ZonesAtSurface
3424.87 4925.01 464.217 5 0 1 7 905174 39.3531 127721 1.9131 7.38834e+06 905174 ZonesAtSurface
3474.9 4925.01 554.139 8 0 1 6 1.08575e+06 28.7667 70752.5 1.47465 4.73027e+06 1.08575e+06 ZonesAtSurface
3524.95 4925.01 594.09 5 0 1 6 764039 42.8457 143104 1.16129 6.61315e+06 764039 ZonesAtSurface
3575 4925.01 634.039 1 0 1 6 100000 5 10000 1.06462 703803 100000 ZonesAtSurface
3625.02 4924.99 723.953 1 0 1 5 546451 40.1346 63769.7 1.16709 4.72432e+06 546451 ZonesAtSurface
3675.06 4924.99 813.876 3 7 1 4 1.14989e+06 25.4753 120462 1.18132 3.03489e+06 1.14989e+06 ZonesAtSurface
3725.11 4924.99 953.809 6 7 2 2 939384 19.8338 128184 1.41576 1.93816e+06 939384 ZonesAtSurface
3775.12 4924.99 903.811 6 7 2 3 931187 31.754 95694.3 1.15138 2.81594e+06 931187 ZonesAtSurface
3825.14 4924.99 863.831 2 0 2 3 701765 21.6657 136336 1.14169 2.6243e+06 701765 ZonesAtSurface
3875.21 4925 773.896 6 0 1 4 733411 20.9317 123888 1.38772 2.76886e+06 733411 ZonesAtSurface
3925.23 4925 783.918 14 0 1 3 521239 34.0277 116818 2.23106 2.2802e+06 521239 ZonesAtSurface
3975.24 4925 793.95 5 2 1 2 1.31706e+06 42.3286 86676.5 3.11819 3.11667e+06 1.31706e+06 ZonesAtSurface
4025.25 4925 803.991 7 8 1 1 1.49335e+06 27.5301 145988 1.55846 3.28945e+06 1.49335e+06 ZonesAtSurface
4075.34 4925 714.05 0 1 1 2 1.46537e+06 20.4859 66262.7 1.23149 3.55468e+06 1.46537e+06 ZonesAtSurface
4125.39 4925 674.104 4 0 2 2 732476 25.4215 109507 1.0778 2.49055e+06 732476 ZonesAtSurface
4175.51 4925 534.201 9 0 1 4 100000 5 10000 1.12017 463135 100000 ZonesAtSurface
4225.54 4925.01 394.286 0 0 1 6 738907 31.599 110412 1.44534 6.00628e+06 738907 ZonesAtSurface
4275.56 4925 404.32 11 0 1 5 1.27377e+06 17.6704 101945 1.28711 4.30372e+06 1.27377e+06 ZonesAtSurface
4325.58 4925 414.347 3 0 1 4 1.06657e+06 36.2806 126846 2.256 4.16535e+06 1.06657e+06 ZonesAtSurface
4375.6 4925 374.375 0 0 1 4 808906 40.9682 122712 2.72644 3.44946e+06 808906 ZonesAtSurface
4425.6 4924.99 284.419 6 0 1 5 827656 15.8268 95070.8 1.10881 3.6068e+06 827656 ZonesAtSurface
4475.59 4924.98 244.468 6 0 1 5 100000 5 10000 1.55477 414760 100000 ZonesAtSurface
4525.55 4925 154.494 6 0 1 6 1.37302e+06 15.6479 106950 1.09475 5.61321e+06 1.37302e+06 ZonesAtSurface
4575.55 4924.99 164.514 5 0 1 5 1.3205e+06 40.0755 77883.6 1.46128 7.23016e+06 1.3205e+06 ZonesAtSurface
4625.52 4924.99 124.523 5 0 1 5 1.46046e+06 44.9558 148283 1.5795 7.9427e+06 1.46046e+06 ZonesAtSurface
4675.42 4925 34.5173 22 0 1 6 1.46137e+06 17.1742 112672 1.06235 9.4382e+06 1.46137e+06 ZonesAtSurface
4725.38 4925 44.5443 27 0 1 5 1.299e+06 38.2665 109874 1.36465 1.09609e+07 1.299e+06 ZonesAtSurface
4775.32 4924.98 54.57 47 0 1 4 1.10673e+06 36.4606 70017 1.1558 7.64247e+06 1.10673e+06 ZonesAtSurface
4825.26 4924.98 64.5896 70 0 1 3 904010 22.9073 131093 1.20167 2.93919e+06 904010 ZonesAtSurface
4875.18 4924.97 74.6278 89 0 1 2 1.23043e+06 20.0617 90432.9 1.11345 3.82934e+06 1.23043e+06 ZonesAtSurface
4925.09 4924.97 84.6321 97 0 1 1 798887 23.7585 104302 1.47965 2.86918e+06 798887 ZonesAtSurface
