x y z ShearFailure TensileFailure FailureType AmountRemoved cohesion friction tension strength_stress diff_stress model group
77.1493 74.6043 -33.033 160 0 1 1 100000 5 73537.4 0.60781 1.94009e+06 100000 ZonesAtSurface
126.644 74.9814 -8.41075 160 0 1 1 100000 5 167958 0.668117 958854 100000 ZonesAtSurface
176.434 74.9572 -33.7795 141 0 1 2 100000 5 125985 0.732339 1.43272e+06 100000 ZonesAtSurface
226.315 75.0678 -8.98463 141 0 1 2 100000 5 56082.1 0.709788 1.13603e+06 100000 ZonesAtSurface
276.242 74.9972 -34.1626 131 0 1 3 100000 5 43502.4 0.711424 1.43213e+06 100000 ZonesAtSurface
326.191 75.0662 -9.35153 131 0 1 3 100000 5 155062 0.910555 809603 100000 ZonesAtSurface
376.257 75.01 -34.3071 116 0 1 4 100000 5 29487.2 0.847981 1.22395e+06 100000 ZonesAtSurface
426.205 75.0525 -9.33978 117 0 1 4 100000 5 110754 0.786457 832420 100000 ZonesAtSurface
476.265 74.969 -34.3426 101 0 1 5 100000 5 58610.2 0.816644 1.33652e+06 100000 ZonesAtSurface
526.173 75.0223 -9.37898 102 0 1 5 100000 5 100000 0.875017 906117 100000 ZonesAtSurface
576.251 74.9641 -34.3801 89 0 1 6 100000 5 173001 0.787243 596790 100000 ZonesAtSurface
626.131 75.0174 -9.41287 90 0 1 6 100000 5 45019.2 0.810157 445368 100000 ZonesAtSurface
676.229 74.9602 -34.4617 74 0 1 7 100000 5 133655 0.915058 778058 100000 ZonesAtSurface
726.097 74.9992 -9.52643 74 0 1 7 100000 5 100000 0.853733 484514 100000 ZonesAtSurface
776.23 74.9493 -34.6385 58 0 1 8 100000 5 161438 0.961775 813389 100000 ZonesAtSurface
826.158 74.9696 -9.69181 59 0 1 8 100000 5 100000 1.06674 694713 100000 ZonesAtSurface
876.277 74.9429 -34.7695 48 0 1 9 100000 5 156445 0.977119 815009 100000 ZonesAtSurface
926.233 74.9494 -9.79456 49 1 1 9 100000 5 10000 1.01293 538246 100000 ZonesAtSurface
976.337 74.9186 -34.8735 35 0 1 10 100000 5 11606.3 1.06746 730585 100000 ZonesAtSurface
1026.31 74.9327 -9.88999 36 0 1 10 100000 5 43481.6 0.933501 867904 100000 ZonesAtSurface
1076.41 74.9225 -34.9636 24 0 1 11 100000 5 67100.4 0.932658 686825 100000 ZonesAtSurface
1126.41 74.9088 -9.98319 25 0 1 11 100000 5 92195.5 0.999178 499222 100000 ZonesAtSurface
1176.49 74.8707 -35.0643 14 0 1 12 100000 5 46136.7 0.986107 1.75611e+06 100000 ZonesAtSurface
1226.5 74.8931 -10.0754 15 0 1 12 100000 5 119558 1.03464 1.00217e+06 100000 ZonesAtSurface
1276.59 74.9003 -35.1193 5 0 1 13 100000 5 105623 1.03193 2.4365e+06 100000 ZonesAtSurface
1326.64 74.8756 -10.1357 6 0 1 13 100000 5 175737 1.00683 2.0544e+06 100000 ZonesAtSurface
1376.69 74.8673 14.8476 7 0 1 13 100000 5 131623 1.01174 1.87399e+06 100000 ZonesAtSurface
1426.76 74.875 39.8386 8 0 1 13 100000 5 81668.7 1.02498 1.52546e+06 100000 ZonesAtSurface
1476.83 74.8804 64.8331 9 0 1 13 100000 5 124861 1.00768 1.20944e+06 100000 ZonesAtSurface
1526.91 74.8839 89.8238 9 0 1 13 100000 5 12268 0.901982 594793 100000 ZonesAtSurface
1577.01 74.8929 114.82 10 0 1 13 100000 5 34732.5 0 294024 100000 ZonesAtSurface
1627.13 74.901 139.807 6 3 1 13 100000 5 10000 0 223517 100000 ZonesAtSurface
1677.25 74.9177 164.78 7 2 1 13 100000 5 87117.4 0.416592 504134 100000 ZonesAtSurface
1727.35 74.948 139.767 0 0 2 14 100000 5 178573 0 281279 100000 ZonesAtSurface
1777.47 74.9906 164.782 4 0 1 14 100000 5 31684.3 0.571536 399953 100000 ZonesAtSurface
1827.59 75.0004 189.779 3 0 1 14 100000 5 10000 0.467964 543919 100000 ZonesAtSurface
1877.73 75.0636 214.802 6 0 1 14 100000 5 109124 0 589978 100000 ZonesAtSurface
1927.78 75.0646 189.865 2 0 1 15 100000 5 176876 0.498781 460920 100000 ZonesAtSurface
1977.96 75.0625 214.854 6 0 1 15 100000 5 93528.9 0 734829 100000 ZonesAtSurface
2027.98 75.0732 177.404 6 0 1 15 100000 5 132326 0.490562 504998 100000 ZonesAtSurface
2077.79 75.0361 77.4574 7 0 1 15 100000 5 154460 0.853524 412474 100000 ZonesAtSurface
2127.54 75.0095 -22.5216 6 0 1 15 100000 5 63698.4 1.02006 1.88759e+06 100000 ZonesAtSurface
2177.67 74.9918 -22.4641 28 0 1 13 100000 5 112713 1.01262 1.35526e+06 100000 ZonesAtSurface
2227.78 75.0068 -22.4006 51 0 1 11 100000 5 77640.2 0.963799 573045 100000 ZonesAtSurface
2277.9 74.958 -22.31 73 1 1 9 100000 5 42055.3 0 598120 100000 ZonesAtSurface
2327.93 74.9319 -22.2601 95 11 1 7 100000 5 10000 0.876221 1.04564e+06 100000 ZonesAtSurface
2378.01 74.9385 -22.2182 102 3 1 5 100000 5 10000 0.700629 952596 100000 ZonesAtSurface
2427.99 74.9043 -22.1676 102 2 1 3 100000 5 10000 0.953523 599928 100000 ZonesAtSurface
2477.94 74.8693 -21.8661 102 0 1 1 100000 5 39390.2 0.693421 618785 100000 ZonesAtSurface
2527.02 74.9496 -1.11295 171 0 0 0 100000 5 177018 0.494225 544512 100000 ZonesAtSurface
2576.84 74.9402 -11.1224 157 0 1 1 100000 5 117875 0.860409 416312 100000 ZonesAtSurface
2626.6 74.9989 -21.3491 148 0 1 2 100000 5 37167.5 0.912437 310528 100000 ZonesAtSurface
2676.4 75.0142 -31.4971 136 0 1 3 100000 5 166886 0.824393 453687 100000 ZonesAtSurface
2726.11 74.9954 -41.6756 126 0 1 4 100000 5 176502 0.97343 619755 100000 ZonesAtSurface
2775.87 75.0845 -1.82251 127 2 1 4 100000 5 10000 1.32245 234481 100000 ZonesAtSurface
2825.98 75.0391 -11.9029 116 0 1 5 100000 5 176944 1.0101 450630 100000 ZonesAtSurface
2876.09 75.0045 -21.8925 105 0 1 6 100000 5 178135 1.00273 449658 100000 ZonesAtSurface
2926.12 74.9847 -31.9174 94 0 1 7 100000 5 150777 0.910662 408613 100000 ZonesAtSurface
2976.13 74.9721 -42.005 83 0 1 8 100000 5 107406 1.02462 437326 100000 ZonesAtSurface
3026.01 74.9983 -2.05489 83 2 1 8 100000 5 10000 0.920007 347533 100000 ZonesAtSurface
3076.13 74.964 -12.1387 71 0 1 9 100000 5 94362.4 0.958128 393623 100000 ZonesAtSurface
3126.24 74.9583 -22.2218 61 0 1 10 100000 5 81255.6 0.995 502230 100000 ZonesAtSurface
3176.35 74.9521 -32.2536 49 0 1 11 100000 5 82989.2 1.00595 594468 100000 ZonesAtSurface
3226.42 74.9514 -42.3089 40 0 1 12 100000 5 10492.1 1.02025 693421 100000 ZonesAtSurface
3276.41 74.9633 -2.34584 38 0 1 12 100000 5 142912 0.967176 530629 100000 ZonesAtSurface
3326.52 74.9552 -12.4136 28 0 1 13 100000 5 11318.8 1.05451 1.09298e+06 100000 ZonesAtSurface
3376.63 74.9214 -22.4892 16 0 1 14 100000 5 185465 1.03599 1.03158e+06 100000 ZonesAtSurface
3426.73 74.8936 -32.5717 6 0 1 15 100000 5 175902 1.02528 1.79891e+06 100000 ZonesAtSurface
3476.77 74.9042 7.39389 4 0 1 15 100000 5 12837.7 1.02275 1.42816e+06 100000 ZonesAtSurface
3526.83 74.8766 47.3851 5 0 1 15 100000 5 112923 1.03479 1.39857e+06 100000 ZonesAtSurface
3576.92 74.8571 87.3654 6 0 1 15 100000 5 105003 0.950422 851541 100000 ZonesAtSurface
3627.04 74.897 127.374 5 0 1 15 100000 5 81468.7 0.989703 386633 100000 ZonesAtSurface
3677.17 74.9301 167.354 6 0 1 15 100000 5 40224.9 0.744124 379844 100000 ZonesAtSurface
3727.31 74.9509 207.286 4 0 1 15 100000 5 157044 0.761327 561933 100000 ZonesAtSurface
3777.42 74.9528 207.265 5 1 1 15 100000 5 21147.9 0 375375 100000 ZonesAtSurface
3827.52 74.9359 167.278 3 0 1 15 100000 5 76256.2 0 681646 100000 ZonesAtSurface
3877.62 74.932 127.285 6 0 1 15 100000 5 170427 0.952651 856083 100000 ZonesAtSurface
3927.7 74.915 87.2971 6 0 1 15 100000 5 84474.7 0.984992 1.32627e+06 100000 ZonesAtSurface
3977.77 74.8928 47.3057 6 0 1 15 100000 5 32884 1.05459 1.37304e+06 100000 ZonesAtSurface
4027.81 74.9021 7.30663 5 0 1 15 100000 5 23429.1 1.03482 1.69422e+06 100000 ZonesAtSurface
4077.82 74.9533 -32.6724 6 0 1 15 100000 5 89975.2 0.996162 2.04709e+06 100000 ZonesAtSurface
4127.92 74.9545 -22.5963 17 0 1 14 100000 5 48333.3 0.926315 1.12038e+06 100000 ZonesAtSurface
4178.06 74.9686 -12.537 29 0 1 13 100000 5 13740.4 0.952553 556254 100000 ZonesAtSurface
4228.17 74.9752 -2.48762 39 0 1 12 100000 5 13432 0.999539 637719 100000 ZonesAtSurface
4278.16 75.0033 -42.4843 39 0 1 12 100000 5 128410 0.645348 693120 100000 ZonesAtSurface
4328.17 74.99 -32.4299 50 0 1 11 100000 5 164954 0.478527 677781 100000 ZonesAtSurface
4378.15 75.0351 -22.3959 61 0 1 10 100000 5 31604.5 0.753315 959197 100000 ZonesAtSurface
4428.15 75.0839 -12.4347 72 3 1 9 100000 5 10000 0 605473 100000 ZonesAtSurface
4478.29 75.0461 -2.47361 83 8 1 8 100000 5 10000 0.739469 403541 100000 ZonesAtSurface
4528.25 75.0336 -42.4944 82 4 1 8 100000 5 10000 0.521699 442254 100000 ZonesAtSurface
4578.3 75.0003 -32.4683 94 6 1 7 100000 5 10000 0.972697 313007 100000 ZonesAtSurface
4628.32 74.9739 -22.4195 105 2 1 6 100000 5 20230.1 0.928453 332993 100000 ZonesAtSurface
4678.34 74.9779 -12.3873 115 8 1 5 100000 5 10000 0.882659 307631 100000 ZonesAtSurface
4728.42 74.9997 -2.35092 127 8 1 4 100000 5 10000 0.985035 240442 100000 ZonesAtSurface
4778.37 74.9937 -42.3734 127 5 1 4 100000 5 10000 0 707037 100000 ZonesAtSurface
4828.19 75.0293 -32.3748 138 4 1 3 100000 5 10000 0.767591 367343 100000 ZonesAtSurface
4878.19 75.0525 -22.3598 149 1 1 2 100000 5 74206 0.94561 239436 100000 ZonesAtSurface
4928.19 75.0797 -12.3194 160 12 1 1 100000 5 10000 0 284959 100000 ZonesAtSurface
79.7161 124.696 -31.4607 146 0 1 1 100000 5 19414.8 0.750664 2.33823e+06 100000 ZonesAtSurface
128.89 124.862 -7.021 153 22 1 1 100000 5 10000 0.787039 286434 100000 ZonesAtSurface
178.455 124.884 -32.4554 142 0 1 2 100000 5 15747 0.796801 1.27072e+06 100000 ZonesAtSurface
228.296 124.919 -7.69631 138 19 1 2 100000 5 10000 0.952959 548456 100000 ZonesAtSurface
278.147 124.903 -32.8823 127 0 1 3 100000 5 86580.2 0.907833 1.12402e+06 100000 ZonesAtSurface
328.138 124.926 -8.13165 126 15 1 3 100000 5 10000 1.05047 375458 100000 ZonesAtSurface
378.181 124.923 -33.1044 110 0 1 4 100000 5 93576.7 0.875214 1.24233e+06 100000 ZonesAtSurface
428.15 124.928 -8.16482 112 9 1 4 100000 5 10000 1.21894 366718 100000 ZonesAtSurface
478.179 124.879 -33.1407 99 0 1 5 100000 5 114092 0.919786 964017 100000 ZonesAtSurface
528.1 124.886 -8.16141 101 7 1 5 100000 5 10000 1.1756 455330 100000 ZonesAtSurface
578.097 124.86 -33.1904 84 0 1 6 100000 5 118466 0.994446 685181 100000 ZonesAtSurface
627.983 124.877 -8.21831 88 5 1 6 100000 5 10000 0.879125 263920 100000 ZonesAtSurface
677.973 124.87 -33.3042 69 0 1 7 100000 5 101609 0.998234 804757 100000 ZonesAtSurface
727.807 124.884 -8.35448 73 6 1 7 100000 5 10000 0.976609 259250 100000 ZonesAtSurface
777.93 124.868 -33.4842 52 0 1 8 100000 5 88262.9 0.924077 675159 100000 ZonesAtSurface
827.842 124.873 -8.52447 53 7 1 8 100000 5 10000 1.03073 433947 100000 ZonesAtSurface
877.964 124.868 -33.6365 42 0 1 9 100000 5 28741.5 1.01893 732918 100000 ZonesAtSurface
927.921 124.867 -8.67567 43 5 1 9 100000 5 10000 0 563161 100000 ZonesAtSurface
978.015 124.862 -33.7742 30 2 1 10 100000 5 100000 1.18272 608213 100000 ZonesAtSurface
1028 124.864 -8.79888 28 7 1 10 100000 5 10000 1.16257 429062 100000 ZonesAtSurface
1078.08 124.856 -33.8944 20 0 1 11 100000 5 160979 0.719031 564970 100000 ZonesAtSurface
1128.1 124.843 -8.91766 17 2 1 11 100000 5 46200.3 0 287249 100000 ZonesAtSurface
1178.13 124.838 -33.9891 3 0 1 12 100000 5 88410 0.0890645 9.92959e+06 100000 ZonesAtSurface
1228.17 124.839 -9.00103 13 0 1 12 100000 5 160410 0.90459 924969 100000 ZonesAtSurface
1278.22 124.841 -34.047 0 0 1 13 326504 44.5479 34979.9 2.94867 1.14521e+07 326504 ZonesAtSurface
1328.29 124.828 -9.05865 0 0 1 13 234674 40.9108 129687 1.88029 9.84777e+06 234674 ZonesAtSurface
1378.36 124.821 15.9284 2 0 1 13 1e+06 30 132857 1.06344 9.89408e+06 1e+06 ZonesAtSurface
1428.44 124.825 40.9206 7 0 1 13 100000 5 112633 1.13139 1.37896e+06 100000 ZonesAtSurface
1478.55 124.829 65.9147 10 0 1 13 100000 5 188618 1.05144 870207 100000 ZonesAtSurface
1528.67 124.825 90.8971 10 0 1 13 100000 5 97813.7 0.814948 684808 100000 ZonesAtSurface
1578.73 124.842 65.873 0 0 1 14 100000 5 127220 1.21757 1.31663e+06 100000 ZonesAtSurface
1628.96 124.864 140.864 5 4 2 13 100000 5 10000 0 540739 100000 ZonesAtSurface
1679 124.888 115.822 2 0 1 14 100000 5 77348.3 0.834689 576404 100000 ZonesAtSurface
1729.3 124.92 190.801 10 0 1 13 100000 5 148595 0.882212 306317 100000 ZonesAtSurface
1779.38 124.966 165.815 3 0 1 14 100000 5 162328 0.950686 429064 100000 ZonesAtSurface
1829.59 124.975 190.802 0 0 1 14 100000 5 100000 0 450201 100000 ZonesAtSurface
1879.67 125.021 165.87 2 0 1 15 100000 5 90242.1 0.329432 612960 100000 ZonesAtSurface
1929.98 125.037 190.891 6 2 2 15 100000 5 58991.8 0 375980 100000 ZonesAtSurface
1980.07 124.985 165.854 6 5 2 16 100000 5 10000 0 286711 100000 ZonesAtSurface
2030.13 124.958 128.419 2 4 2 16 100000 5 10000 0 505795 100000 ZonesAtSurface
2079.78 124.904 28.4456 4 0 2 16 100000 5 79672.9 0.856001 777489 100000 ZonesAtSurface
2129.7 124.846 -21.5151 12 0 1 15 100000 5 156387 0.895083 1.61856e+06 100000 ZonesAtSurface
2179.94 124.844 -21.4316 27 0 1 13 100000 5 163290 0.739616 296840 100000 ZonesAtSurface
2230.15 124.865 -21.3557 49 0 1 11 100000 5 130183 0.791821 331640 100000 ZonesAtSurface
2280.31 124.853 -21.2196 69 9 1 9 100000 5 10000 0.744709 295628 100000 ZonesAtSurface
2330.35 124.829 -21.2064 77 9 1 7 100000 5 10000 1.12891 376695 100000 ZonesAtSurface
2380.54 124.835 -21.2004 103 10 1 5 100000 5 10000 0.715317 486341 100000 ZonesAtSurface
2430.46 124.806 -21.1748 100 29 1 3 100000 5 10000 0.937052 445321 100000 ZonesAtSurface
2480.39 124.806 -20.7939 103 2 1 1 100000 5 100000 1.06115 488116 100000 ZonesAtSurface
2529.18 124.903 -0.0109711 172 16 0 0 100000 5 10000 0.892028 254392 100000 ZonesAtSurface
2578.92 124.864 -9.86046 161 3 1 1 100000 5 10000 1.33059 264501 100000 ZonesAtSurface
2628.53 124.91 -20.1066 146 1 1 2 100000 5 100000 1.12086 289262 100000 ZonesAtSurface
2678.24 124.916 -30.2562 129 2 1 3 100000 5 100000 0.937333 372164 100000 ZonesAtSurface
2727.78 124.915 -40.5236 119 1 1 4 100000 5 100000 0.829527 685457 100000 ZonesAtSurface
2777.56 124.949 -0.677567 122 20 1 4 100000 5 10000 0.889321 278470 100000 ZonesAtSurface
2827.67 124.938 -10.7539 112 1 1 5 100000 5 100000 0.926119 318480 100000 ZonesAtSurface
2877.76 124.905 -20.7377 97 0 1 6 100000 5 80477.5 0.828632 275458 100000 ZonesAtSurface
2927.77 124.882 -30.7643 84 0 1 7 100000 5 67215.1 0.704179 518565 100000 ZonesAtSurface
2977.76 124.873 -40.8679 76 0 1 8 100000 5 120103 0.80218 676856 100000 ZonesAtSurface
3027.64 124.876 -0.948103 75 7 1 8 100000 5 10000 0 467874 100000 ZonesAtSurface
3077.79 124.862 -11.011 61 0 1 9 100000 5 167969 0.647087 447372 100000 ZonesAtSurface
3127.91 124.867 -21.0925 52 0 1 10 100000 5 36309.3 0.795477 469697 100000 ZonesAtSurface
3178.02 124.873 -31.1581 37 0 1 11 100000 5 122406 0.901514 302932 100000 ZonesAtSurface
3228.08 124.876 -41.2496 33 0 1 12 100000 5 158415 1.12325 617330 100000 ZonesAtSurface
3278.13 124.864 -1.28579 34 0 1 12 100000 5 143815 1.18345 303169 100000 ZonesAtSurface
3328.25 124.869 -11.361 19 0 1 13 100000 5 177395 1.0759 1.04247e+06 100000 ZonesAtSurface
3378.35 124.852 -21.4306 9 0 1 14 100000 5 132320 0.951189 1.13965e+06 100000 ZonesAtSurface
3428.44 124.844 -31.4928 0 0 1 15 100000 5 166649 1.02344 1.47563e+06 100000 ZonesAtSurface
3478.53 124.838 8.4884 0 0 1 15 100000 5 49529.9 1.08663 1.3112e+06 100000 ZonesAtSurface
3528.63 124.822 98.5048 9 0 1 14 100000 5 174078 1.08614 617894 100000 ZonesAtSurface
3578.73 124.8 88.4467 3 0 1 15 100000 5 81396.1 1.02119 435419 100000 ZonesAtSurface
3628.93 124.843 178.412 7 0 1 14 100000 5 29973.7 0.777625 470503 100000 ZonesAtSurface
3679.17 124.897 218.377 2 3 1 14 100000 5 10000 0 367726 100000 ZonesAtSurface
3729.34 124.898 208.341 10 0 1 15 100000 5 109883 0.744299 406317 100000 ZonesAtSurface
3779.39 124.933 158.286 1 0 1 16 100000 5 74037.9 1.00188 374445 100000 ZonesAtSurface
3829.56 124.844 168.316 4 0 2 15 100000 5 100000 0.309618 643303 100000 ZonesAtSurface
3879.78 124.857 178.355 4 5 2 14 100000 5 10000 0 283266 100000 ZonesAtSurface
3929.8 124.825 138.391 4 0 1 14 100000 5 141519 0.868877 613867 100000 ZonesAtSurface
3979.8 124.806 98.3797 2 2 2 14 100000 5 10000 0.419025 521234 100000 ZonesAtSurface
4029.79 124.82 58.3665 3 0 1 14 100000 5 30631.7 0.843961 290874 100000 ZonesAtSurface
4079.76 124.846 18.3964 0 2 1 14 100000 5 10000 0 229554 100000 ZonesAtSurface
4129.75 124.85 -21.5627 4 0 1 14 100000 5 100000 0 663237 100000 ZonesAtSurface
4179.98 124.887 -11.5247 8 2 1 13 100000 5 91816.1 0 351491 100000 ZonesAtSurface
4230.15 124.909 -1.49038 19 9 1 12 100000 5 10000 0.740254 397603 100000 ZonesAtSurface
4280.14 124.938 -41.4885 23 0 1 12 100000 5 49763.7 1.07283 597298 100000 ZonesAtSurface
4330.18 124.95 -31.4434 35 0 1 11 100000 5 117947 0.883347 307655 100000 ZonesAtSurface
4380.2 125.013 -21.4166 49 6 1 10 100000 5 10000 0 352939 100000 ZonesAtSurface
4430.33 125.013 -11.4469 61 18 1 9 100000 5 10000 0 573507 100000 ZonesAtSurface
4480.61 124.918 -1.48233 63 37 1 8 100000 5 10000 0.487946 445271 100000 ZonesAtSurface
4530.55 124.941 -41.4983 57 33 1 8 100000 5 10000 0.751051 290214 100000 ZonesAtSurface
4580.71 124.914 -31.4839 66 36 1 7 100000 5 10000 0.479901 453975 100000 ZonesAtSurface
4630.83 124.901 -21.439 68 51 1 6 100000 5 10000 0.478976 452676 100000 ZonesAtSurface
4680.9 124.89 -11.397 78 64 1 5 100000 5 10000 0 350069 100000 ZonesAtSurface
4731.04 124.91 -1.34526 76 80 1 4 100000 5 10000 0 356954 100000 ZonesAtSurface
4780.99 124.929 -41.3815 112 58 1 4 100000 5 10000 0 296738 100000 ZonesAtSurface
4830.89 124.949 -31.3924 111 75 1 3 100000 5 10000 0 407161 100000 ZonesAtSurface
4881.11 124.94 -21.4183 128 76 1 2 100000 5 10000 0.347053 625300 100000 ZonesAtSurface
4931.31 124.858 -11.3957 132 81 1 1 100000 5 10000 0.406052 539719 100000 ZonesAtSurface
80.2254 174.822 -30.3342 156 0 1 1 100000 5 135607 0.989127 1.54114e+06 100000 ZonesAtSurface
129.471 174.798 -6.0063 157 2 1 1 100000 5 18154.8 0.924549 399111 100000 ZonesAtSurface
178.982 174.828 -31.4939 137 0 1 2 100000 5 90609.9 0.996773 1.12817e+06 100000 ZonesAtSurface
228.757 174.831 -6.76544 131 6 1 2 100000 5 10000 1.83295 410045 100000 ZonesAtSurface
278.604 174.829 -31.9172 123 2 1 3 100000 5 100000 0.978487 882631 100000 ZonesAtSurface
328.556 174.839 -7.12613 119 7 1 3 100000 5 10000 1.44676 410721 100000 ZonesAtSurface
378.591 174.85 -32.135 112 0 1 4 100000 5 178808 0.99629 1.1147e+06 100000 ZonesAtSurface
428.561 174.847 -7.22867 103 7 1 4 100000 5 10000 1.53195 418270 100000 ZonesAtSurface
478.553 174.817 -32.1879 91 0 1 5 100000 5 42899.8 1.21273 766516 100000 ZonesAtSurface
528.525 174.798 -7.23696 86 6 1 5 100000 5 10000 2.01738 189599 100000 ZonesAtSurface
578.402 174.775 -32.2522 76 0 1 6 100000 5 124149 0.98937 722851 100000 ZonesAtSurface
628.334 174.777 -7.29285 78 2 1 6 100000 5 10000 0 382422 100000 ZonesAtSurface
678.218 174.797 -32.3629 58 0 1 7 100000 5 31994.9 1.0149 746635 100000 ZonesAtSurface
728.097 174.795 -7.41906 62 2 1 7 100000 5 10000 1.62617 360951 100000 ZonesAtSurface
778.134 174.795 -32.5223 47 1 1 8 100000 5 83415.8 0.950782 744068 100000 ZonesAtSurface
828.075 174.782 -7.56547 51 2 1 8 100000 5 12036.3 1.12486 328473 100000 ZonesAtSurface
878.129 174.799 -32.6651 38 2 1 9 100000 5 30389.9 1.0668 692120 100000 ZonesAtSurface
928.094 174.793 -7.69786 42 3 1 9 100000 5 100000 1.0165 350109 100000 ZonesAtSurface
978.134 174.809 -32.7931 27 0 1 10 100000 5 106205 0.887982 362977 100000 ZonesAtSurface
1028.12 174.801 -7.8233 27 4 1 10 100000 5 10000 1.18597 296648 100000 ZonesAtSurface
1078.16 174.808 -32.9125 8 0 1 11 100000 5 96728.7 0.942831 1.11302e+06 100000 ZonesAtSurface
1128.17 174.802 -7.93344 14 0 1 11 100000 5 105145 0.858633 536718 100000 ZonesAtSurface
1178.2 174.805 -32.996 0 0 1 12 1e+06 30 105638 1.28443 1.09923e+07 1e+06 ZonesAtSurface
1228.24 174.797 -8.01053 9 0 1 12 100000 5 179236 1.015 1.21107e+06 100000 ZonesAtSurface
1278.3 174.789 16.9734 9 0 1 12 100000 5 23841.6 1.02208 1.05217e+06 100000 ZonesAtSurface
1328.37 174.786 41.9565 9 0 1 12 100000 5 154620 1.01707 958790 100000 ZonesAtSurface
1378.41 174.787 16.9246 1 0 1 13 100000 5 117643 1.14958 1.61945e+06 100000 ZonesAtSurface
1428.51 174.782 41.9159 1 0 1 13 100000 5 168511 1.10604 938652 100000 ZonesAtSurface
1478.64 174.783 66.9013 0 0 1 13 100000 5 168789 1.01622 962469 100000 ZonesAtSurface
1528.83 174.753 141.887 6 4 1 12 100000 5 10000 0 989244 100000 ZonesAtSurface
1578.97 174.792 166.872 6 2 1 12 100000 5 54384 0 289223 100000 ZonesAtSurface
1629.02 174.842 141.834 4 3 2 13 100000 5 10000 0 400997 100000 ZonesAtSurface
1679.04 174.879 116.807 1 0 1 14 100000 5 177431 0.838415 479799 100000 ZonesAtSurface
1729.35 174.868 191.781 9 0 1 13 100000 5 59508.6 0.875484 237935 100000 ZonesAtSurface
1779.42 174.897 166.789 0 0 2 14 100000 5 188005 0.794329 499843 100000 ZonesAtSurface
1829.67 174.905 191.791 3 0 2 14 100000 5 100000 0 539963 100000 ZonesAtSurface
1879.79 174.91 166.855 3 0 2 15 100000 5 40412.6 0.605991 355591 100000 ZonesAtSurface
1930.17 174.916 191.886 3 2 2 15 100000 5 10000 0.623704 352660 100000 ZonesAtSurface
1980.55 174.829 216.85 10 5 2 15 100000 5 10000 0 451171 100000 ZonesAtSurface
2030.4 174.747 129.443 3 2 1 16 100000 5 10000 0 539057 100000 ZonesAtSurface
2080.12 174.689 29.4766 5 0 2 16 100000 5 85278.6 0.900538 761247 100000 ZonesAtSurface
2130.02 174.661 -20.4825 9 0 1 15 100000 5 49092.3 0.931705 1.35894e+06 100000 ZonesAtSurface
2180.15 174.716 -20.4077 23 0 1 13 100000 5 118929 0.92025 465000 100000 ZonesAtSurface
2230.24 174.748 -20.3567 48 0 1 11 100000 5 158489 0.87134 310174 100000 ZonesAtSurface
2280.31 174.794 -20.2403 66 0 1 9 100000 5 66506.6 0.768328 280262 100000 ZonesAtSurface
2330.4 174.763 -20.2705 81 8 1 7 100000 5 10000 0 298782 100000 ZonesAtSurface
2380.55 174.762 -20.2719 98 11 1 5 100000 5 10000 0.925994 641239 100000 ZonesAtSurface
2430.52 174.735 -20.2617 101 21 1 3 100000 5 10000 1.20969 532084 100000 ZonesAtSurface
2480.59 174.779 -19.8444 104 1 1 1 100000 5 100000 0.993312 551130 100000 ZonesAtSurface
2529.44 174.822 -49.36 102 0 1 1 100000 5 121990 0.955416 285012 100000 ZonesAtSurface
2579.28 174.815 -8.99792 152 22 1 1 100000 5 10000 2.59479 110283 100000 ZonesAtSurface
2628.88 174.82 -19.2844 135 6 1 2 100000 5 10000 1.09636 290898 100000 ZonesAtSurface
2678.65 174.831 -29.4475 127 0 1 3 100000 5 127061 1.04076 402223 100000 ZonesAtSurface
2728.3 174.844 -39.6723 114 3 1 4 100000 5 100000 1.03256 624538 100000 ZonesAtSurface
2778.21 174.85 -49.8155 36 0 1 5 100000 5 68511.7 1.4162 433384 100000 ZonesAtSurface
2828.17 174.863 -9.84897 102 3 1 5 100000 5 30773.2 1.6669 202850 100000 ZonesAtSurface
2878.16 174.837 -19.8339 90 0 1 6 100000 5 30036.7 1.00985 316023 100000 ZonesAtSurface
2928.15 174.813 -29.8713 80 5 1 7 100000 5 10000 0.97817 517953 100000 ZonesAtSurface
2978.11 174.808 -39.9258 66 2 1 8 100000 5 12710.5 1.05761 534435 100000 ZonesAtSurface
3028.09 174.796 -0.00841045 68 6 1 8 100000 5 10000 1.63431 169573 100000 ZonesAtSurface
3078.15 174.783 -10.0649 52 5 2 9 100000 5 10000 1.28161 335429 100000 ZonesAtSurface
3128.2 174.786 -20.1342 39 1 1 10 100000 5 53513.7 1.00024 362304 100000 ZonesAtSurface
3178.23 174.796 -30.2138 37 0 1 11 100000 5 85286.7 1.11505 520021 100000 ZonesAtSurface
3228.27 174.808 -40.2963 19 0 1 12 100000 5 173388 1.61386 541750 100000 ZonesAtSurface
3278.35 174.786 -0.336617 7 0 1 12 100000 5 102534 1.58752 297060 100000 ZonesAtSurface
3328.41 174.801 -10.3961 9 0 1 13 100000 5 153464 1.22408 494255 100000 ZonesAtSurface
3378.51 174.749 79.5777 10 0 1 12 100000 5 84526.6 0 480017 100000 ZonesAtSurface
3428.56 174.774 19.5195 3 0 1 14 100000 5 184112 1.07656 976897 100000 ZonesAtSurface
3478.7 174.77 109.538 10 0 1 13 100000 5 173577 0.997039 475325 100000 ZonesAtSurface
3528.83 174.78 149.509 7 0 1 13 100000 5 68268.3 0.790416 305548 100000 ZonesAtSurface
3578.9 174.763 139.436 0 0 1 14 100000 5 181021 1.00421 334748 100000 ZonesAtSurface
3629.01 174.812 129.452 2 0 1 15 100000 5 75296.8 1.12356 572121 100000 ZonesAtSurface
3679.3 174.822 219.359 3 3 1 14 100000 5 10000 0 489209 100000 ZonesAtSurface
3729.48 174.825 209.336 7 0 1 15 100000 5 10625.3 0 408849 100000 ZonesAtSurface
3779.61 174.799 209.321 6 0 2 15 100000 5 189957 1.14778 402502 100000 ZonesAtSurface
3829.67 174.751 169.33 1 0 2 15 100000 5 128578 0.940075 407569 100000 ZonesAtSurface
3879.83 174.76 179.374 3 0 1 14 100000 5 100000 0 463901 100000 ZonesAtSurface
3929.83 174.76 139.405 0 0 1 14 100000 5 141926 1.0056 754440 100000 ZonesAtSurface
3979.82 174.756 99.3853 2 1 2 14 100000 5 13002.7 0.70209 320664 100000 ZonesAtSurface
4029.99 174.786 109.376 1 2 1 13 100000 5 10000 0 289095 100000 ZonesAtSurface
4079.96 174.789 69.4165 7 0 1 13 100000 5 100000 0 325101 100000 ZonesAtSurface
4129.95 174.793 29.4356 6 0 1 13 100000 5 95874.8 0.718532 304502 100000 ZonesAtSurface
4179.96 174.812 -10.5553 6 0 1 13 100000 5 72056.8 1.05905 407327 100000 ZonesAtSurface
4230.12 174.858 -0.54915 21 3 1 12 100000 5 90356.5 1.03967 400811 100000 ZonesAtSurface
4280.1 174.883 -40.5438 18 0 2 12 100000 5 188276 1.14858 561336 100000 ZonesAtSurface
4330.17 174.932 -30.523 23 3 1 11 100000 5 53793.4 0 213200 100000 ZonesAtSurface
4380.31 174.949 -20.5175 38 15 1 10 100000 5 10000 0 238049 100000 ZonesAtSurface
4430.54 174.898 -10.5209 47 11 2 9 100000 5 10000 0 206253 100000 ZonesAtSurface
4480.74 174.844 -0.541038 56 32 1 8 100000 5 10000 0.982021 221061 100000 ZonesAtSurface
4530.65 174.871 -40.5417 56 23 2 8 100000 5 10000 0 203479 100000 ZonesAtSurface
4580.76 174.852 -30.5328 58 42 2 7 100000 5 10000 0.779721 280736 100000 ZonesAtSurface
4630.86 174.85 -20.4983 63 51 2 6 100000 5 10000 0.626637 348290 100000 ZonesAtSurface
4680.95 174.837 -10.4755 60 65 1 5 100000 5 10000 0.792042 273527 100000 ZonesAtSurface
4731.09 174.847 -0.450641 63 70 1 4 100000 5 10000 0 301293 100000 ZonesAtSurface
4781.03 174.852 -40.481 76 68 1 4 100000 5 10000 0 516641 100000 ZonesAtSurface
4831.19 174.826 -30.4939 79 79 1 3 100000 5 10000 0.385222 562595 100000 ZonesAtSurface
4881.54 174.752 -20.5167 98 71 1 2 100000 5 10000 0.448986 483317 100000 ZonesAtSurface
4931.76 174.62 -10.4705 144 53 1 1 100000 5 10000 0 423358 100000 ZonesAtSurface
80.3485 224.836 -29.4209 157 0 1 1 100000 5 24429 0.994672 1.43818e+06 100000 ZonesAtSurface
129.632 224.779 -5.02587 147 8 1 1 100000 5 10000 1.99443 383439 100000 ZonesAtSurface
179.219 224.805 -30.4423 130 0 1 2 100000 5 68967.4 0.993515 1.36217e+06 100000 ZonesAtSurface
228.965 224.805 -5.72923 132 1 1 2 100000 5 14881.1 2.34217 230778 100000 ZonesAtSurface
278.724 224.8 -30.8953 123 1 1 3 100000 5 100000 1.0424 819116 100000 ZonesAtSurface
328.611 224.804 -6.05638 113 9 1 3 100000 5 10000 1.7576 288687 100000 ZonesAtSurface
378.654 224.809 -31.1476 107 1 1 4 100000 5 54596.8 1.04069 1.04298e+06 100000 ZonesAtSurface
428.615 224.817 -6.28509 95 11 1 4 100000 5 10000 1.86645 387547 100000 ZonesAtSurface
478.646 224.794 -31.2164 96 0 1 5 100000 5 81633.8 1.10801 976581 100000 ZonesAtSurface
528.609 224.783 -6.27122 81 10 1 5 100000 5 10000 0 136145 100000 ZonesAtSurface
578.499 224.756 -31.2627 67 0 1 6 100000 5 172527 0.990467 638775 100000 ZonesAtSurface
628.382 224.753 -6.31773 70 8 1 6 100000 5 10000 0.983303 249745 100000 ZonesAtSurface
678.326 224.763 -31.3884 54 0 1 7 100000 5 113869 1.00861 715232 100000 ZonesAtSurface
728.209 224.759 -6.45563 53 7 1 7 100000 5 10000 1.53825 425231 100000 ZonesAtSurface
778.258 224.76 -31.5539 39 5 1 8 100000 5 10000 1.022 928174 100000 ZonesAtSurface
828.214 224.745 -6.60832 43 6 1 8 100000 5 10000 0.55363 407208 100000 ZonesAtSurface
878.236 224.761 -31.7001 27 1 1 9 100000 5 70984.9 0.929084 681130 100000 ZonesAtSurface
928.208 224.754 -6.73307 34 2 1 9 100000 5 74627.3 1.55125 371281 100000 ZonesAtSurface
978.223 224.769 -31.8189 17 0 1 10 100000 5 20550.3 0.827467 617967 100000 ZonesAtSurface
1028.21 224.764 -6.84598 27 0 1 10 100000 5 144443 0 212664 100000 ZonesAtSurface
1078.23 224.773 -31.9318 5 0 1 11 100000 5 131185 0.999982 1.62606e+06 100000 ZonesAtSurface
1128.24 224.769 -6.95429 5 0 1 11 100000 5 53988 0.89594 919813 100000 ZonesAtSurface
1178.28 224.76 18.022 8 0 1 11 100000 5 80765.7 1.08917 766426 100000 ZonesAtSurface
1228.34 224.744 43.0011 9 0 1 11 100000 5 106018 1.01178 886951 100000 ZonesAtSurface
1278.38 224.753 17.9572 5 0 1 12 100000 5 133242 1.13162 1.20389e+06 100000 ZonesAtSurface
1328.53 224.717 92.9574 5 0 1 11 100000 5 92491.1 1.01947 416326 100000 ZonesAtSurface
1378.65 224.706 117.937 7 1 1 11 100000 5 26809.4 1.55996 326026 100000 ZonesAtSurface
1428.7 224.726 92.9102 5 0 1 12 100000 5 78122.3 1.05286 687946 100000 ZonesAtSurface
1478.8 224.732 117.889 0 0 2 12 100000 5 16561 1.00664 383423 100000 ZonesAtSurface
1528.91 224.745 142.862 3 1 2 12 100000 5 10000 0 478987 100000 ZonesAtSurface
1578.94 224.795 117.834 2 0 2 13 100000 5 128550 0 231141 100000 ZonesAtSurface
1629.2 224.827 192.805 2 2 2 12 100000 5 10000 0 391849 100000 ZonesAtSurface
1679.25 224.86 167.799 5 0 1 13 100000 5 123026 1.02951 284476 100000 ZonesAtSurface
1729.45 224.818 192.778 7 3 2 13 100000 5 10000 0 388064 100000 ZonesAtSurface
1779.52 224.809 167.788 2 0 2 14 100000 5 181834 0.68546 287320 100000 ZonesAtSurface
1829.79 224.796 192.815 9 0 2 14 100000 5 30751.2 0.739094 342210 100000 ZonesAtSurface
1879.94 224.769 167.871 3 0 1 15 100000 5 151107 0.725885 387847 100000 ZonesAtSurface
1930.3 224.749 192.905 9 1 2 15 100000 5 100000 0 548795 100000 ZonesAtSurface
1980.29 224.656 117.902 2 0 1 17 100000 5 68317 0.792149 330295 100000 ZonesAtSurface
2030.52 224.636 130.493 0 0 1 16 100000 5 10000 0 485439 100000 ZonesAtSurface
2080.25 224.58 30.5155 5 0 2 16 100000 5 88159 0.906233 631730 100000 ZonesAtSurface
2130.11 224.58 -19.4767 11 0 1 15 100000 5 44413.6 1.04526 1.32284e+06 100000 ZonesAtSurface
2180.19 224.666 -19.3846 22 0 1 13 100000 5 86106 1.17835 324209 100000 ZonesAtSurface
2230.27 224.708 -19.3305 47 0 1 11 100000 5 100000 1.07533 366928 100000 ZonesAtSurface
2280.33 224.761 -19.2286 60 1 1 9 100000 5 18221 0 423811 100000 ZonesAtSurface
2330.48 224.724 -19.2808 74 13 1 7 100000 5 10000 0.280409 772692 100000 ZonesAtSurface
2380.59 224.701 -19.2303 98 13 1 5 100000 5 10000 1.13437 433641 100000 ZonesAtSurface
2430.7 224.653 -19.1986 98 14 1 3 100000 5 10000 1.08108 535765 100000 ZonesAtSurface
2480.83 224.724 -18.8454 105 3 1 1 100000 5 10000 0.717895 485105 100000 ZonesAtSurface
2529.63 224.774 -48.3166 104 1 1 1 100000 5 45844.8 0.714827 360123 100000 ZonesAtSurface
2579.6 224.783 -7.94629 146 25 1 1 100000 5 10000 0 81738.5 100000 ZonesAtSurface
2629.08 224.771 -18.2556 134 5 1 2 100000 5 100000 1.12852 271940 100000 ZonesAtSurface
2678.7 224.782 -28.5139 125 0 1 3 100000 5 76799.7 1.03918 240227 100000 ZonesAtSurface
2728.36 224.799 -38.7033 108 0 1 4 100000 5 100000 1.0571 508302 100000 ZonesAtSurface
2778.17 224.813 -48.8498 96 0 1 5 100000 5 41662.1 1.19461 452029 100000 ZonesAtSurface
2828.07 224.822 -8.93621 95 10 1 5 100000 5 10000 1.41945 182165 100000 ZonesAtSurface
2878.15 224.808 -18.9028 87 0 1 6 100000 5 168825 1.00483 267667 100000 ZonesAtSurface
2928.23 224.791 -28.9369 70 0 1 7 100000 5 16361.1 0.994071 473154 100000 ZonesAtSurface
2978.24 224.782 -38.9625 54 0 1 8 100000 5 168093 1.16061 370727 100000 ZonesAtSurface
3028.21 224.769 -49.0576 48 0 1 9 100000 5 33499.2 1.29688 435343 100000 ZonesAtSurface
3078.24 224.752 -9.1049 46 3 1 9 100000 5 89130.7 1.4515 333298 100000 ZonesAtSurface
3128.29 224.755 -19.1755 31 5 1 10 100000 5 10000 0.958279 316290 100000 ZonesAtSurface
3178.32 224.759 -29.2532 22 0 1 11 100000 5 72849.3 1.22149 481590 100000 ZonesAtSurface
3228.36 224.772 -39.3254 12 0 1 12 100000 5 17767.7 1.52959 544743 100000 ZonesAtSurface
3278.42 224.776 -49.3915 1 0 1 13 100000 5 51943 1.07043 1.01288e+06 100000 ZonesAtSurface
3328.5 224.766 -9.4241 6 0 1 13 100000 5 159222 1.09507 557388 100000 ZonesAtSurface
3378.6 224.753 30.546 0 0 1 13 100000 5 71088.1 1.47354 152025 100000 ZonesAtSurface
3428.72 224.709 120.533 2 0 1 12 100000 5 35624.1 0.83998 382099 100000 ZonesAtSurface
3478.86 224.718 160.523 5 2 1 12 100000 5 31254 0.910636 259273 100000 ZonesAtSurface
3529.02 224.758 200.495 10 2 1 12 100000 5 67411.7 0 277694 100000 ZonesAtSurface
3579.07 224.764 190.408 10 0 1 13 100000 5 82427.7 1.13997 273397 100000 ZonesAtSurface
3629.24 224.758 230.324 3 0 1 13 100000 5 169298 0.893852 239549 100000 ZonesAtSurface
3679.48 224.737 270.269 6 5 1 13 100000 5 10000 0 505968 100000 ZonesAtSurface
3729.68 224.738 260.325 4 0 1 14 100000 5 59695.4 0 470595 100000 ZonesAtSurface
3779.85 224.729 260.35 3 0 1 14 100000 5 67485.1 0.790277 291739 100000 ZonesAtSurface
3829.86 224.701 220.363 4 5 2 14 100000 5 10000 0 493605 100000 ZonesAtSurface
3880.09 224.771 230.333 8 4 2 13 100000 5 10000 0 279142 100000 ZonesAtSurface
3930.07 224.787 190.341 8 0 2 13 100000 5 69377 0.74399 313871 100000 ZonesAtSurface
3980.04 224.776 150.347 5 5 2 13 100000 5 10000 0 507849 100000 ZonesAtSurface
4030.01 224.764 110.388 5 0 2 13 100000 5 170701 1.00474 409735 100000 ZonesAtSurface
4080.19 224.799 120.407 9 4 2 12 100000 5 10000 0 447182 100000 ZonesAtSurface
4129.94 224.769 30.4439 4 0 1 13 100000 5 90219.6 0.917875 364709 100000 ZonesAtSurface
4179.93 224.775 -9.56038 3 0 2 13 100000 5 100000 1.01229 388811 100000 ZonesAtSurface
4230.08 224.828 0.427693 8 4 2 12 100000 5 10000 0 268850 100000 ZonesAtSurface
4280.06 224.854 -39.5645 10 0 2 12 100000 5 100000 0.889381 388681 100000 ZonesAtSurface
4330.22 224.88 -29.5612 21 2 1 11 100000 5 100000 0 221518 100000 ZonesAtSurface
4380.46 224.843 -19.554 26 24 1 10 100000 5 10000 0 411186 100000 ZonesAtSurface
4430.66 224.83 -9.53643 43 14 1 9 100000 5 10000 0.708497 306558 100000 ZonesAtSurface
4480.58 224.841 -49.5458 46 3 1 9 100000 5 100000 1.05428 190826 100000 ZonesAtSurface
4530.71 224.848 -39.549 52 31 1 8 100000 5 10000 0.903553 241437 100000 ZonesAtSurface
4580.8 224.822 -29.5308 68 21 2 7 100000 5 100000 1.23032 167743 100000 ZonesAtSurface
4630.91 224.819 -19.495 55 46 1 6 100000 5 10000 0.494054 442257 100000 ZonesAtSurface
4681.05 224.801 -9.48233 64 57 1 5 100000 5 10000 0.666083 327717 100000 ZonesAtSurface
4731 224.808 -49.5121 47 67 1 5 100000 5 10000 0 585208 100000 ZonesAtSurface
4781.22 224.764 -39.5061 70 78 1 4 100000 5 10000 0 604911 100000 ZonesAtSurface
4831.5 224.694 -29.5244 62 92 1 3 100000 5 10000 0 615806 100000 ZonesAtSurface
4881.77 224.592 -19.5387 102 80 2 2 100000 5 10000 0.461803 470208 100000 ZonesAtSurface
4931.88 224.498 -9.48296 101 106 1 1 100000 5 10000 0.560846 386141 100000 ZonesAtSurface
80.437 274.819 -28.5932 159 0 2 1 100000 5 161670 0.996058 1.50551e+06 100000 ZonesAtSurface
129.751 274.763 -4.05125 142 11 2 1 100000 5 10000 1.87066 514101 100000 ZonesAtSurface
179.447 274.782 -29.3825 127 0 1 2 100000 5 21097.4 0.971495 1.56574e+06 100000 ZonesAtSurface
229.217 274.779 -4.67578 128 0 1 2 100000 5 150537 1.18512 330631 100000 ZonesAtSurface
278.87 274.773 -29.8529 120 0 1 3 100000 5 125835 1.04481 677194 100000 ZonesAtSurface
328.704 274.763 -5.00786 118 10 1 3 100000 5 10000 1.97793 283546 100000 ZonesAtSurface
378.664 274.768 -30.1385 108 4 1 4 100000 5 10000 1.04603 1.09515e+06 100000 ZonesAtSurface
428.575 274.775 -5.30705 91 13 1 4 100000 5 10000 1.69536 452671 100000 ZonesAtSurface
478.665 274.768 -30.2291 85 0 1 5 100000 5 115334 1.00893 1.19825e+06 100000 ZonesAtSurface
528.601 274.762 -5.28423 89 6 1 5 100000 5 10000 1.13789 248282 100000 ZonesAtSurface
578.562 274.747 -30.2741 66 0 1 6 100000 5 137264 1.01482 564428 100000 ZonesAtSurface
628.423 274.736 -5.33612 71 1 1 6 100000 5 100000 1.44446 346118 100000 ZonesAtSurface
678.409 274.739 -30.4154 49 0 1 7 100000 5 27303.7 0.999845 651081 100000 ZonesAtSurface
728.294 274.73 -5.47869 53 3 1 7 100000 5 10000 1.51289 401555 100000 ZonesAtSurface
778.348 274.736 -30.5734 36 1 1 8 100000 5 100000 1.06136 847405 100000 ZonesAtSurface
828.286 274.729 -5.623 36 2 1 8 100000 5 10000 0 318040 100000 ZonesAtSurface
878.32 274.735 -30.7271 26 0 1 9 100000 5 150988 1.02757 327547 100000 ZonesAtSurface
928.289 274.731 -5.76265 27 0 1 9 100000 5 58842.7 1.88666 277816 100000 ZonesAtSurface
978.298 274.735 -30.8473 16 0 1 10 100000 5 137508 0.855642 897254 100000 ZonesAtSurface
1028.29 274.732 -5.87257 22 0 1 10 100000 5 18606.3 0.332895 659398 100000 ZonesAtSurface
1078.32 274.736 -30.9542 2 0 1 11 100000 5 73980.8 0.0892151 1.35457e+07 100000 ZonesAtSurface
1128.34 274.732 -5.97741 1 0 1 11 100000 5 108092 1.03713 1.10793e+06 100000 ZonesAtSurface
1178.4 274.723 18.9984 3 0 1 11 100000 5 86048.1 1.08569 1.1814e+06 100000 ZonesAtSurface
1228.48 274.707 43.977 1 0 1 11 100000 5 158916 1.10948 923776 100000 ZonesAtSurface
1278.64 274.673 118.975 9 0 1 10 100000 5 170781 1.28159 267413 100000 ZonesAtSurface
1328.68 274.683 93.9365 4 0 1 11 100000 5 162748 0.968663 457209 100000 ZonesAtSurface
1378.78 274.678 118.917 9 0 1 11 100000 5 85028.1 1.30288 477660 100000 ZonesAtSurface
1428.86 274.694 143.901 1 0 2 11 100000 5 184708 1.03532 322352 100000 ZonesAtSurface
1478.96 274.712 168.88 3 3 2 11 100000 5 10000 0 852715 100000 ZonesAtSurface
1528.98 274.751 143.841 4 0 2 12 100000 5 100000 0 322448 100000 ZonesAtSurface
1579.13 274.775 168.819 3 4 2 12 100000 5 10000 0 460267 100000 ZonesAtSurface
1629.32 274.789 193.787 2 0 1 12 100000 5 66393.1 0.991188 309801 100000 ZonesAtSurface
1679.39 274.818 168.791 0 0 1 13 100000 5 84542.6 0.699367 348818 100000 ZonesAtSurface
1729.61 274.766 193.788 2 5 2 13 100000 5 10000 0 306128 100000 ZonesAtSurface
1779.71 274.706 168.819 0 0 2 14 100000 5 15652 0.665942 352670 100000 ZonesAtSurface
1829.97 274.669 193.838 5 0 2 14 100000 5 13674 0.725604 349536 100000 ZonesAtSurface
1880.14 274.656 168.895 5 0 1 15 100000 5 145211 0.553972 377987 100000 ZonesAtSurface
1930.42 274.622 193.93 2 4 2 15 100000 5 10000 0 472046 100000 ZonesAtSurface
1980.56 274.586 168.948 1 0 2 16 100000 5 77065.9 0 382498 100000 ZonesAtSurface
2030.42 274.564 81.5386 0 0 2 17 100000 5 10000 0 325308 100000 ZonesAtSurface
2080.54 274.571 81.5519 9 2 1 15 100000 5 10000 0 474446 100000 ZonesAtSurface
2130.19 274.553 -18.4804 10 0 1 15 100000 5 143692 1.03007 1.44599e+06 100000 ZonesAtSurface
2180.27 274.628 -18.3653 21 0 1 13 100000 5 164171 1.04499 486350 100000 ZonesAtSurface
2230.36 274.671 -18.3065 44 0 1 11 100000 5 25650.9 1.08832 434715 100000 ZonesAtSurface
2280.45 274.7 -18.2215 61 4 1 9 100000 5 10000 0 220240 100000 ZonesAtSurface
2330.65 274.651 -18.2475 83 6 1 7 100000 5 10000 0.830873 479908 100000 ZonesAtSurface
2380.75 274.62 -18.2101 92 14 1 5 100000 5 10000 0.990165 588336 100000 ZonesAtSurface
2430.94 274.595 -18.1336 100 15 1 3 100000 5 10000 1.07606 301466 100000 ZonesAtSurface
2481.01 274.657 -17.8911 105 6 1 1 100000 5 10000 0.896276 518808 100000 ZonesAtSurface
2529.89 274.719 -47.3195 105 4 1 1 100000 5 10000 0.853514 322667 100000 ZonesAtSurface
2580 274.725 -6.88628 160 17 1 1 100000 5 10000 0 192436 100000 ZonesAtSurface
2629.41 274.747 -17.098 139 3 1 2 100000 5 10000 0.950348 336718 100000 ZonesAtSurface
2678.82 274.746 -27.4173 135 5 1 3 100000 5 10000 0.933084 311466 100000 ZonesAtSurface
2728.36 274.747 -37.637 113 0 1 4 100000 5 90529.7 1.00575 514865 100000 ZonesAtSurface
2778.12 274.76 -47.8365 88 0 1 5 100000 5 179226 1.78505 310908 100000 ZonesAtSurface
2827.95 274.766 -7.98182 88 15 1 5 100000 5 10000 0 263476 100000 ZonesAtSurface
2878.12 274.773 -17.9474 74 0 1 6 100000 5 103547 1.09176 290746 100000 ZonesAtSurface
2928.24 274.759 -27.9645 63 0 1 7 100000 5 165500 1.06723 373715 100000 ZonesAtSurface
2978.28 274.751 -37.9934 55 0 1 8 100000 5 47705.5 1.00242 452889 100000 ZonesAtSurface
3028.26 274.739 -48.07 44 0 1 9 100000 5 47325.7 1.24006 445890 100000 ZonesAtSurface
3078.26 274.732 -8.13062 32 7 1 9 100000 5 10000 2.04084 148670 100000 ZonesAtSurface
3128.33 274.738 -18.2073 28 0 1 10 100000 5 32444 1.04032 549571 100000 ZonesAtSurface
3178.38 274.743 -28.2816 20 0 1 11 100000 5 23326.1 1.29791 334535 100000 ZonesAtSurface
3228.44 274.745 -38.3501 5 0 1 12 100000 5 171297 1.21539 813030 100000 ZonesAtSurface
3278.53 274.728 51.6159 10 0 1 11 100000 5 32593.2 1.0013 311837 100000 ZonesAtSurface
3328.61 274.716 41.5679 8 0 1 12 100000 5 177020 1.76159 384182 100000 ZonesAtSurface
3378.73 274.687 131.542 10 0 1 11 100000 5 51927 1.00303 362453 100000 ZonesAtSurface
3428.77 274.72 71.4966 2 0 1 13 100000 5 27798.4 1.27625 871781 100000 ZonesAtSurface
3478.93 274.708 161.5 6 5 1 12 100000 5 10000 0 460179 100000 ZonesAtSurface
3529.08 274.752 201.461 5 0 1 12 100000 5 161458 0.909972 335679 100000 ZonesAtSurface
3579.25 274.757 241.382 8 0 1 12 100000 5 64423.1 1.02387 280587 100000 ZonesAtSurface
3629.34 274.727 231.312 5 0 1 13 100000 5 146573 0.781686 401347 100000 ZonesAtSurface
3679.6 274.676 271.275 5 3 1 13 100000 5 10000 0 372727 100000 ZonesAtSurface
3729.82 274.666 261.348 5 0 2 14 100000 5 171891 0.719888 282672 100000 ZonesAtSurface
3779.97 274.683 261.373 2 0 1 14 100000 5 51444.3 0.951678 298573 100000 ZonesAtSurface
3829.95 274.686 221.38 5 3 2 14 100000 5 10000 0.368187 590617 100000 ZonesAtSurface
3880.16 274.729 231.334 1 2 2 13 100000 5 10000 0.531709 407134 100000 ZonesAtSurface
3930.13 274.747 191.333 2 0 2 13 100000 5 165821 0.663432 303547 100000 ZonesAtSurface
3980.11 274.742 151.354 2 3 2 13 100000 5 10000 0 478418 100000 ZonesAtSurface
4030.07 274.738 111.408 5 0 2 13 100000 5 10000 0.933242 269708 100000 ZonesAtSurface
4080.02 274.74 71.4488 1 0 2 13 100000 5 48629.2 0.938748 426009 100000 ZonesAtSurface
4129.98 274.749 31.4559 2 0 2 13 100000 5 10000 0.841171 369099 100000 ZonesAtSurface
4179.96 274.756 -8.5476 1 0 2 13 100000 5 183975 1.06527 445514 100000 ZonesAtSurface
4230.15 274.786 1.43146 8 5 2 12 100000 5 10000 0 354048 100000 ZonesAtSurface
4280.12 274.808 -38.5525 8 3 2 12 100000 5 99827.7 0 312794 100000 ZonesAtSurface
4330.35 274.788 -28.5793 15 12 1 11 100000 5 10000 0.552583 392216 100000 ZonesAtSurface
4380.54 274.774 -18.5729 23 13 1 10 100000 5 10000 0 273678 100000 ZonesAtSurface
4430.68 274.808 -8.53976 35 28 2 9 100000 5 10000 0 286882 100000 ZonesAtSurface
4480.62 274.797 -48.5523 40 13 1 9 100000 5 100000 0.897105 223747 100000 ZonesAtSurface
4530.76 274.814 -38.5419 51 29 1 8 100000 5 10000 0 196670 100000 ZonesAtSurface
4580.89 274.778 -28.5186 48 55 1 7 100000 5 10000 0.670899 326618 100000 ZonesAtSurface
4631.11 274.758 -18.4909 48 55 1 6 100000 5 10000 0 425287 100000 ZonesAtSurface
4681.36 274.717 -8.48369 87 24 1 5 100000 5 10000 0 216444 100000 ZonesAtSurface
4731.29 274.714 -48.4938 61 68 1 5 100000 5 10000 0 592564 100000 ZonesAtSurface
4781.55 274.656 -38.4969 72 64 1 4 100000 5 10000 0 521571 100000 ZonesAtSurface
4831.79 274.605 -28.5228 85 83 2 3 100000 5 10000 0 218311 100000 ZonesAtSurface
4881.9 274.52 -18.5213 126 63 2 2 100000 5 10000 0.937948 241339 100000 ZonesAtSurface
4931.92 274.444 -8.45721 148 69 1 1 100000 5 10000 1.0059 232400 100000 ZonesAtSurface
80.597 324.781 -27.7644 159 0 2 1 100000 5 24426.4 0.980715 1.41278e+06 100000 ZonesAtSurface
129.942 324.741 -3.10496 145 10 1 1 100000 5 10000 2.01948 474579 100000 ZonesAtSurface
179.618 324.75 -28.4285 132 0 1 2 100000 5 21418 0.941969 1.63829e+06 100000 ZonesAtSurface
229.388 324.746 -3.67631 133 0 1 2 100000 5 12113.8 2.18408 221988 100000 ZonesAtSurface
279.042 324.751 -28.8414 117 0 1 3 100000 5 45282.3 1.02256 907951 100000 ZonesAtSurface
328.852 324.742 -4.00138 123 7 1 3 100000 5 10000 2.30225 269158 100000 ZonesAtSurface
378.751 324.737 -29.1101 105 0 1 4 100000 5 34506.4 1.036 920207 100000 ZonesAtSurface
428.6 324.736 -4.27743 89 18 1 4 100000 5 10000 1.48537 467529 100000 ZonesAtSurface
478.686 324.741 -29.2277 89 0 1 5 100000 5 107376 1.01049 1.04425e+06 100000 ZonesAtSurface
528.6 324.734 -4.29239 84 3 1 5 100000 5 10000 1.61452 283263 100000 ZonesAtSurface
578.596 324.732 -29.3028 56 0 1 6 100000 5 125036 0.95329 529629 100000 ZonesAtSurface
628.475 324.715 -4.36121 66 5 1 6 100000 5 10000 2.1725 322759 100000 ZonesAtSurface
678.483 324.715 -29.442 42 1 1 7 100000 5 100000 1.03786 717181 100000 ZonesAtSurface
728.372 324.703 -4.50368 48 6 1 7 100000 5 10000 0.923707 296185 100000 ZonesAtSurface
778.433 324.706 -29.5995 32 1 1 8 100000 5 54578.6 1.00324 763353 100000 ZonesAtSurface
828.356 324.702 -4.64673 39 1 1 8 100000 5 80591.9 1.06293 461139 100000 ZonesAtSurface
878.408 324.706 -29.7563 25 0 1 9 100000 5 24034.6 0.669953 465067 100000 ZonesAtSurface
928.384 324.7 -4.79365 27 0 1 9 100000 5 62091 1.36554 229775 100000 ZonesAtSurface
978.411 324.702 -29.8783 16 0 1 10 100000 5 26544.7 0.961998 1.54941e+06 100000 ZonesAtSurface
1028.41 324.698 -4.90447 17 0 1 10 100000 5 46388.8 0.827071 894009 100000 ZonesAtSurface
1078.43 324.701 -29.9764 3 0 1 11 100000 5 87240 1.0162 2.04103e+06 100000 ZonesAtSurface
1128.5 324.679 45.0324 4 0 1 10 100000 5 12021.5 0.894954 313875 100000 ZonesAtSurface
1178.54 324.689 19.9791 0 0 1 11 100000 5 189925 1.02594 1.47957e+06 100000 ZonesAtSurface
1228.67 324.658 94.9762 0 0 1 10 100000 5 115312 1.08798 297552 100000 ZonesAtSurface
1278.7 324.673 69.9398 2 0 1 11 100000 5 98829.9 1.00736 856862 100000 ZonesAtSurface
1328.78 324.668 94.9179 4 0 1 11 100000 5 108173 1.13436 661741 100000 ZonesAtSurface
1378.91 324.653 169.915 3 1 1 10 100000 5 10000 0 328122 100000 ZonesAtSurface
1428.93 324.701 144.876 1 0 2 11 100000 5 175598 0.889372 232311 100000 ZonesAtSurface
1479.05 324.724 169.852 6 0 2 11 100000 5 77132.4 0 516671 100000 ZonesAtSurface
1529.05 324.759 144.822 1 1 2 12 100000 5 100000 0 350960 100000 ZonesAtSurface
1579.35 324.73 219.794 8 0 2 11 100000 5 177136 0.738468 253927 100000 ZonesAtSurface
1629.42 324.721 194.775 2 0 2 12 100000 5 56778.8 0.48476 434468 100000 ZonesAtSurface
1679.65 324.72 219.779 5 5 2 12 100000 5 10000 0.433048 500641 100000 ZonesAtSurface
1729.79 324.715 194.822 2 1 2 13 100000 5 10000 0 534949 100000 ZonesAtSurface
1780.02 324.644 219.858 2 0 2 13 100000 5 84951.6 0 318125 100000 ZonesAtSurface
1830.15 324.559 194.848 0 0 2 14 100000 5 100000 0 356975 100000 ZonesAtSurface
1880.4 324.583 219.866 3 4 2 14 100000 5 10000 0 330250 100000 ZonesAtSurface
1930.55 324.556 194.97 9 0 1 15 100000 5 88618.1 0.844074 280310 100000 ZonesAtSurface
1980.65 324.522 169.966 6 0 2 16 100000 5 10000 0 422185 100000 ZonesAtSurface
2030.87 324.58 182.518 8 3 2 15 100000 5 100000 0 190687 100000 ZonesAtSurface
2080.63 324.563 82.5768 7 0 2 15 100000 5 150905 1.74363 177636 100000 ZonesAtSurface
2130.28 324.533 -17.4596 2 0 1 15 100000 5 53341 1.03325 1.31782e+06 100000 ZonesAtSurface
2180.38 324.581 -17.3633 21 0 1 13 100000 5 182194 0.960709 815341 100000 ZonesAtSurface
2230.51 324.616 -17.3029 48 0 1 11 100000 5 36411.4 0.931454 338243 100000 ZonesAtSurface
2280.63 324.613 -17.2332 59 4 1 9 100000 5 10000 1.09115 248585 100000 ZonesAtSurface
2330.82 324.575 -17.2263 75 4 1 7 100000 5 10000 1.17451 445127 100000 ZonesAtSurface
2380.95 324.558 -17.2063 88 6 1 5 100000 5 10000 1.06061 549850 100000 ZonesAtSurface
2431.17 324.573 -17.0998 99 8 1 3 100000 5 10000 0.768407 335162 100000 ZonesAtSurface
2481.11 324.605 -16.8952 104 7 1 1 100000 5 10000 0.948514 465498 100000 ZonesAtSurface
2530.11 324.672 -46.3542 106 0 1 1 100000 5 98795.3 0.886324 360440 100000 ZonesAtSurface
2580.22 324.653 -5.89271 161 15 1 1 100000 5 10000 0 219862 100000 ZonesAtSurface
2629.73 324.699 -15.9809 149 0 1 2 100000 5 158949 1.00233 233908 100000 ZonesAtSurface
2679.1 324.702 -26.2981 138 0 1 3 100000 5 58652.1 0.924906 327354 100000 ZonesAtSurface
2728.53 324.691 -36.5737 114 0 1 4 100000 5 69696.1 1.00653 601493 100000 ZonesAtSurface
2778.18 324.69 -46.8091 88 0 1 5 100000 5 182557 1.70231 374145 100000 ZonesAtSurface
2828.02 324.705 -6.94552 88 13 1 5 100000 5 10000 0 115593 100000 ZonesAtSurface
2878.13 324.732 -16.969 75 1 1 6 100000 5 92899.7 1.2349 267428 100000 ZonesAtSurface
2928.23 324.728 -26.9763 64 0 1 7 100000 5 122904 1.02411 458285 100000 ZonesAtSurface
2978.29 324.721 -37.0213 43 0 1 8 100000 5 168586 0.956449 565722 100000 ZonesAtSurface
3028.31 324.713 -47.0912 32 0 1 9 100000 5 38236.5 1.28119 404379 100000 ZonesAtSurface
3078.3 324.715 -7.15929 36 0 1 9 100000 5 132367 1.89591 138260 100000 ZonesAtSurface
3128.38 324.714 -17.234 24 0 1 10 100000 5 42036.2 1.32923 361408 100000 ZonesAtSurface
3178.46 324.716 -27.307 5 0 1 11 100000 5 180738 1.15599 582879 100000 ZonesAtSurface
3228.53 324.713 -37.3744 7 0 1 12 100000 5 61463 1.26221 827916 100000 ZonesAtSurface
3278.61 324.702 2.58229 6 0 1 12 100000 5 169153 1.02497 866881 100000 ZonesAtSurface
3328.7 324.691 42.5451 6 0 1 12 100000 5 135815 1.25011 752856 100000 ZonesAtSurface
3378.79 324.693 82.518 4 0 1 12 100000 5 64008.3 1.06881 602247 100000 ZonesAtSurface
3428.87 324.699 122.498 6 0 1 12 100000 5 19571.8 1.07971 352365 100000 ZonesAtSurface
3478.92 324.732 112.469 1 0 2 13 100000 5 64588.7 1.08004 673792 100000 ZonesAtSurface
3529.14 324.748 202.426 7 0 1 12 100000 5 160715 1.0672 310718 100000 ZonesAtSurface
3579.25 324.713 192.393 0 0 1 13 100000 5 117843 0.927762 517671 100000 ZonesAtSurface
3629.5 324.656 232.341 0 0 2 13 100000 5 137776 0.962358 417793 100000 ZonesAtSurface
3679.78 324.606 272.319 4 2 2 13 100000 5 100000 0 215799 100000 ZonesAtSurface
3729.95 324.628 262.384 3 0 2 14 100000 5 100462 0.883211 332213 100000 ZonesAtSurface
3780.06 324.667 262.381 0 0 2 14 100000 5 100000 0.833853 307820 100000 ZonesAtSurface
3830.03 324.687 222.384 6 0 2 14 100000 5 165381 0 272467 100000 ZonesAtSurface
3880.25 324.688 232.342 3 1 2 13 100000 5 100000 0 272478 100000 ZonesAtSurface
3930.53 324.731 242.268 3 4 1 12 100000 5 10000 0.55476 390582 100000 ZonesAtSurface
3980.54 324.724 202.285 7 5 2 12 100000 5 10000 0 556936 100000 ZonesAtSurface
4030.52 324.722 162.325 2 5 2 12 100000 5 10000 0 574467 100000 ZonesAtSurface
4080.14 324.715 72.445 1 1 2 13 100000 5 80018.6 0 478829 100000 ZonesAtSurface
4130.08 324.73 32.4629 1 3 2 13 100000 5 10000 0 573784 100000 ZonesAtSurface
4180.33 324.724 42.4122 2 2 2 12 100000 5 10000 0 498579 100000 ZonesAtSurface
4230.03 324.732 -47.5377 0 0 2 13 100000 5 33623.3 0.96117 242823 100000 ZonesAtSurface
4280.25 324.746 -37.5472 10 5 2 12 100000 5 100000 0 199595 100000 ZonesAtSurface
4330.46 324.747 -27.5759 10 9 2 11 100000 5 10000 0 287547 100000 ZonesAtSurface
4380.62 324.742 -17.573 16 20 1 10 100000 5 10000 0 294829 100000 ZonesAtSurface
4430.8 324.768 -7.53854 38 9 1 9 100000 5 10000 0 270165 100000 ZonesAtSurface
4480.76 324.749 -47.5367 35 25 1 9 100000 5 10000 0 263826 100000 ZonesAtSurface
4530.97 324.747 -37.5305 28 41 1 8 100000 5 10000 0.467169 463650 100000 ZonesAtSurface
4581.17 324.702 -27.5073 36 47 2 7 100000 5 10000 0 241618 100000 ZonesAtSurface
4631.45 324.657 -17.4905 38 51 2 6 100000 5 10000 0 385081 100000 ZonesAtSurface
4681.75 324.583 -7.47964 87 38 1 5 100000 5 10000 0.891379 247511 100000 ZonesAtSurface
4731.66 324.551 -47.4763 89 8 1 5 100000 5 52885 0 259049 100000 ZonesAtSurface
4781.83 324.56 -37.4902 99 40 2 4 100000 5 10000 0 238700 100000 ZonesAtSurface
4831.97 324.552 -27.5085 111 56 1 3 100000 5 10000 0.838611 258892 100000 ZonesAtSurface
4881.96 324.495 -17.4711 128 49 1 2 100000 5 10000 0.852326 255547 100000 ZonesAtSurface
4931.93 324.381 -7.4066 154 85 1 1 100000 5 10000 0.789355 275659 100000 ZonesAtSurface
80.7309 374.729 -26.9079 160 0 2 1 100000 5 115246 0.997024 1.25599e+06 100000 ZonesAtSurface
130.055 374.7 -2.2082 161 6 1 1 100000 5 10000 2.03606 401293 100000 ZonesAtSurface
179.734 374.727 -27.5462 138 0 1 2 100000 5 160193 0.999464 1.24241e+06 100000 ZonesAtSurface
229.512 374.709 -2.73687 125 2 2 2 100000 5 100000 1.90825 351790 100000 ZonesAtSurface
279.187 374.725 -27.8264 127 0 1 3 100000 5 158831 1.01257 1.09369e+06 100000 ZonesAtSurface
328.976 374.719 -3.01251 111 5 1 3 100000 5 10000 2.23763 264470 100000 ZonesAtSurface
378.884 374.713 -28.1047 100 0 1 4 100000 5 129176 1.02517 802816 100000 ZonesAtSurface
428.706 374.704 -3.24316 93 9 1 4 100000 5 10000 1.54802 418899 100000 ZonesAtSurface
478.76 374.712 -28.2378 72 0 1 5 100000 5 72884.2 0.941713 1.14282e+06 100000 ZonesAtSurface
528.653 374.706 -3.31192 80 1 1 5 100000 5 100000 1.80791 257134 100000 ZonesAtSurface
578.67 374.707 -28.3379 63 0 1 6 100000 5 125074 1.00023 543961 100000 ZonesAtSurface
628.559 374.686 -3.39694 62 6 1 6 100000 5 10000 2.25453 327947 100000 ZonesAtSurface
678.571 374.687 -28.4765 41 0 1 7 100000 5 15357.8 1.00438 908331 100000 ZonesAtSurface
728.467 374.675 -3.54458 47 6 1 7 100000 5 10000 0 335725 100000 ZonesAtSurface
778.547 374.678 -28.6434 33 0 1 8 100000 5 97258 1.05291 415806 100000 ZonesAtSurface
828.49 374.671 -3.69715 23 2 1 8 100000 5 23419.9 1.18063 556755 100000 ZonesAtSurface
878.531 374.674 -28.79 14 0 1 9 100000 5 130801 0.789377 1.00679e+06 100000 ZonesAtSurface
928.519 374.666 -3.82751 21 0 1 9 100000 5 100000 0.343509 583049 100000 ZonesAtSurface
978.538 374.658 21.1326 9 0 1 9 100000 5 84271.3 1.82437 224144 100000 ZonesAtSurface
1028.56 374.671 -3.93342 10 0 1 10 100000 5 20169.9 0.956413 1.62658e+06 100000 ZonesAtSurface
1078.58 374.664 21.0377 10 0 1 10 100000 5 23454.3 0.846535 1.05043e+06 100000 ZonesAtSurface
1128.6 374.669 -4.01459 0 0 1 11 100000 5 119247 1.00488 1.96287e+06 100000 ZonesAtSurface
1178.69 374.654 70.9854 8 0 1 10 100000 5 60974.7 0.98971 507494 100000 ZonesAtSurface
1228.77 374.644 95.959 8 0 1 10 100000 5 158120 0.9981 673044 100000 ZonesAtSurface
1278.85 374.65 120.94 7 0 1 10 100000 5 178760 1.06796 489180 100000 ZonesAtSurface
1328.97 374.654 195.945 8 5 1 9 100000 5 10000 0 643165 100000 ZonesAtSurface
1379 374.659 170.887 2 1 2 10 100000 5 10000 0 860535 100000 ZonesAtSurface
1429.01 374.709 145.848 1 0 2 11 100000 5 11653.4 0.824961 382983 100000 ZonesAtSurface
1479.26 374.705 220.825 9 4 2 10 100000 5 10000 1.00652 329735 100000 ZonesAtSurface
1529.39 374.692 245.788 10 2 1 10 100000 5 10000 0 532431 100000 ZonesAtSurface
1579.48 374.685 220.783 2 1 2 11 100000 5 10000 0 460857 100000 ZonesAtSurface
1629.67 374.65 245.781 5 4 2 11 100000 5 100000 0 220602 100000 ZonesAtSurface
1679.81 374.633 220.78 3 5 2 12 100000 5 10000 0.336609 646745 100000 ZonesAtSurface
1729.98 374.671 195.867 7 0 2 13 100000 5 100000 0 457318 100000 ZonesAtSurface
1780.19 374.585 220.905 0 0 1 13 100000 5 89557.6 0.996131 206414 100000 ZonesAtSurface
1830.41 374.501 245.869 4 5 1 13 100000 5 10000 0.432317 501468 100000 ZonesAtSurface
1880.52 374.526 220.889 8 0 2 14 100000 5 78203.1 0 262860 100000 ZonesAtSurface
1930.66 374.533 195.998 2 1 1 15 100000 5 100000 0 266616 100000 ZonesAtSurface
1980.72 374.492 170.973 0 0 2 16 100000 5 10000 0 480233 100000 ZonesAtSurface
2030.95 374.527 183.498 4 4 2 15 100000 5 10000 0 258235 100000 ZonesAtSurface
2080.72 374.531 83.5759 8 2 2 15 100000 5 100000 0.615537 325182 100000 ZonesAtSurface
2130.38 374.511 -16.4314 4 0 1 15 100000 5 143916 1.07834 988996 100000 ZonesAtSurface
2180.51 374.515 -16.3819 21 0 1 13 100000 5 141663 0.824972 809422 100000 ZonesAtSurface
2230.68 374.53 -16.3222 37 0 1 11 100000 5 85241.3 0.78483 275264 100000 ZonesAtSurface
2280.83 374.532 -16.2476 51 3 1 9 100000 5 92086.2 0.696235 320122 100000 ZonesAtSurface
2330.95 374.532 -16.2316 69 10 1 7 100000 5 10000 1.16799 485347 100000 ZonesAtSurface
2381.12 374.519 -16.2042 89 0 1 5 100000 5 100000 1.01504 477598 100000 ZonesAtSurface
2431.31 374.543 -16.1099 100 3 1 3 100000 5 10000 1.03032 336332 100000 ZonesAtSurface
2481.18 374.546 -15.8289 107 3 1 1 100000 5 10000 0.821228 408674 100000 ZonesAtSurface
2530.26 374.622 -45.3727 107 0 1 1 100000 5 17649.5 0.872466 360416 100000 ZonesAtSurface
2580.31 374.59 -4.97214 154 0 1 1 100000 5 167164 1.21265 211008 100000 ZonesAtSurface
2629.95 374.616 -15.0423 136 0 1 2 100000 5 115692 0.841996 279917 100000 ZonesAtSurface
2679.48 374.661 -25.3066 129 2 1 3 100000 5 90900.4 0.941548 472171 100000 ZonesAtSurface
2728.86 374.653 -35.5511 109 0 1 4 100000 5 37516.7 0.963955 604493 100000 ZonesAtSurface
2778.39 374.643 -45.7912 98 6 1 5 100000 5 10000 1.29222 538843 100000 ZonesAtSurface
2828.22 374.654 -5.89258 77 3 1 5 100000 5 100000 1.82236 112232 100000 ZonesAtSurface
2878.23 374.68 -15.9683 74 2 1 6 100000 5 93198.9 1.17675 365964 100000 ZonesAtSurface
2928.32 374.689 -25.985 55 0 1 7 100000 5 161019 1.00601 449817 100000 ZonesAtSurface
2978.38 374.69 -36.0378 45 0 1 8 100000 5 43003.4 0.987486 504924 100000 ZonesAtSurface
3028.41 374.685 -46.1073 32 0 1 9 100000 5 17826.3 1.0878 610043 100000 ZonesAtSurface
3078.42 374.684 -6.16956 28 0 1 9 100000 5 154599 2.09362 197248 100000 ZonesAtSurface
3128.49 374.675 -16.2403 26 0 1 10 100000 5 75218.1 1.02913 613647 100000 ZonesAtSurface
3178.56 374.671 -26.3247 11 0 1 11 100000 5 85960 1.11257 704779 100000 ZonesAtSurface
3228.64 374.673 -36.3994 0 0 1 12 100000 5 34840.2 1.01473 1.43784e+06 100000 ZonesAtSurface
3278.72 374.657 53.5834 0 0 1 11 100000 5 46416.3 0.929964 232662 100000 ZonesAtSurface
3328.85 374.673 143.566 7 0 1 10 100000 5 31537.7 0.743734 391911 100000 ZonesAtSurface
3378.87 374.697 133.526 2 3 1 11 1e+06 30 100000 1.2773 3.57423e+06 1e+06 ZonesAtSurface
3428.98 374.699 173.487 5 0 1 11 100000 5 146484 1.03957 325803 100000 ZonesAtSurface
3478.97 374.718 113.459 3 0 1 13 100000 5 112335 1.22986 398121 100000 ZonesAtSurface
3529.34 374.699 253.377 7 1 1 11 100000 5 10000 0 606223 100000 ZonesAtSurface
3579.52 374.668 243.395 4 0 1 12 100000 5 109875 0.888204 278864 100000 ZonesAtSurface
3629.7 374.573 233.395 2 0 2 13 100000 5 121552 0.818815 352794 100000 ZonesAtSurface
3679.94 374.567 273.357 3 0 2 13 100000 5 158856 0.839187 242911 100000 ZonesAtSurface
3730.04 374.636 263.394 2 0 2 14 100000 5 28106.6 0.918621 407944 100000 ZonesAtSurface
3780.14 374.658 263.376 2 0 2 14 100000 5 100000 0.983176 246372 100000 ZonesAtSurface
3830.12 374.662 223.397 0 0 2 14 100000 5 126813 0.776674 272522 100000 ZonesAtSurface
3880.38 374.638 233.353 1 0 2 13 100000 5 41236.4 0.551239 384351 100000 ZonesAtSurface
3930.39 374.639 193.357 0 0 2 13 100000 5 10000 0 432398 100000 ZonesAtSurface
3980.67 374.687 203.29 3 5 2 12 100000 5 10000 0.579968 373547 100000 ZonesAtSurface
4030.66 374.693 163.31 2 3 2 12 100000 5 10000 0.768064 282673 100000 ZonesAtSurface
4080.62 374.682 123.338 2 3 2 12 100000 5 10000 0.426017 510302 100000 ZonesAtSurface
4130.57 374.685 83.3705 0 0 2 12 100000 5 10000 0 611312 100000 ZonesAtSurface
4180.49 374.681 43.3925 3 4 2 12 100000 5 10000 0 518041 100000 ZonesAtSurface
4230.74 374.659 53.3754 3 5 2 11 100000 5 10000 0 492051 100000 ZonesAtSurface
4280.67 374.685 13.4131 3 4 2 11 100000 5 10000 0.500872 433870 100000 ZonesAtSurface
4330.64 374.699 -26.5663 2 3 2 11 100000 5 10000 0 273212 100000 ZonesAtSurface
4380.89 374.684 -16.5596 17 10 2 10 100000 5 10000 0 348643 100000 ZonesAtSurface
4431.12 374.682 -6.53763 32 5 1 9 100000 5 99563.4 0.82851 267417 100000 ZonesAtSurface
4481.06 374.663 -46.524 27 9 2 9 100000 5 10000 0 271601 100000 ZonesAtSurface
4531.3 374.648 -36.5171 43 15 1 8 100000 5 10000 0.444717 490563 100000 ZonesAtSurface
4581.51 374.622 -26.4956 36 40 2 7 100000 5 10000 0.382567 569193 100000 ZonesAtSurface
4631.78 374.529 -16.4821 50 39 1 6 100000 5 10000 0.475735 456402 100000 ZonesAtSurface
4682.04 374.48 -6.47105 61 38 1 5 100000 5 10000 0.520331 420560 100000 ZonesAtSurface
4731.92 374.442 -46.4744 89 37 2 5 100000 5 10000 0.640664 339812 100000 ZonesAtSurface
4782 374.514 -36.4884 94 46 2 4 100000 5 10000 1.04899 209761 100000 ZonesAtSurface
4832.05 374.518 -26.4729 126 48 1 3 100000 5 10000 1.15575 188748 100000 ZonesAtSurface
4881.95 374.471 -16.39 121 58 1 2 100000 5 10000 0 263505 100000 ZonesAtSurface
4931.92 374.325 -6.32923 140 48 1 1 100000 5 10000 1.0508 206839 100000 ZonesAtSurface
80.7948 424.683 -26.0146 160 0 2 1 100000 5 139057 0.918425 1.45613e+06 100000 ZonesAtSurface
130.104 424.678 -1.29912 150 8 2 1 100000 5 10000 2.11311 315157 100000 ZonesAtSurface
179.833 424.708 -26.6379 125 2 1 2 100000 5 10000 0.993864 1.17127e+06 100000 ZonesAtSurface
229.658 424.682 -1.80851 142 0 1 2 100000 5 153091 1.81976 379758 100000 ZonesAtSurface
279.315 424.692 -26.8519 127 0 1 3 100000 5 100089 0.973176 1.05811e+06 100000 ZonesAtSurface
329.108 424.685 -2.05293 125 2 1 3 100000 5 92500.6 1.2757 495525 100000 ZonesAtSurface
378.995 424.69 -27.1186 99 0 1 4 100000 5 186311 0.98442 719567 100000 ZonesAtSurface
428.778 424.681 -2.23444 91 5 1 4 100000 5 10000 1.67652 365993 100000 ZonesAtSurface
478.835 424.687 -27.2683 72 0 2 5 100000 5 188329 0.85547 1.19704e+06 100000 ZonesAtSurface
528.716 424.682 -2.35274 70 2 1 5 100000 5 10000 1.78822 296237 100000 ZonesAtSurface
578.749 424.683 -27.3744 51 0 1 6 100000 5 86797.9 0.964308 651412 100000 ZonesAtSurface
628.62 424.666 -2.44415 53 6 1 6 100000 5 10000 1.72062 329250 100000 ZonesAtSurface
678.67 424.665 -27.517 39 0 1 7 100000 5 140898 0.995199 957284 100000 ZonesAtSurface
728.574 424.65 -2.58804 40 3 1 7 100000 5 10000 0.920455 341778 100000 ZonesAtSurface
778.666 424.656 -27.6839 26 0 1 8 100000 5 41826.3 0.681565 325600 100000 ZonesAtSurface
828.629 424.649 -2.73748 16 4 1 8 100000 5 10000 1.29951 330540 100000 ZonesAtSurface
878.667 424.647 -27.818 6 0 1 9 100000 5 57711 0.983507 1.59235e+06 100000 ZonesAtSurface
928.655 424.643 -2.85557 15 0 1 9 100000 5 132854 0.93399 823190 100000 ZonesAtSurface
978.668 424.642 22.1063 8 0 1 9 100000 5 81260.8 0.991368 386358 100000 ZonesAtSurface
1028.7 424.639 47.0744 8 0 1 9 100000 5 54768 1.04656 359063 100000 ZonesAtSurface
1078.72 424.645 22.018 6 0 1 10 100000 5 70231.1 1.02343 1.69737e+06 100000 ZonesAtSurface
1128.77 424.642 46.9923 2 0 1 10 100000 5 124678 1.01807 1.35065e+06 100000 ZonesAtSurface
1178.82 424.638 71.9666 2 0 1 10 100000 5 74650.8 1.0013 1.21313e+06 100000 ZonesAtSurface
1228.89 424.632 96.9414 3 0 1 10 100000 5 130880 1.07736 1.15256e+06 100000 ZonesAtSurface
1279 424.64 171.944 10 0 1 9 100000 5 49822.1 0.497933 422737 100000 ZonesAtSurface
1329.08 424.653 196.918 7 5 1 9 100000 5 10000 0.430279 505192 100000 ZonesAtSurface
1379.11 424.663 171.857 3 0 2 10 100000 5 100000 0 503442 100000 ZonesAtSurface
1429.24 424.679 196.828 4 4 2 10 100000 5 10000 0 652627 100000 ZonesAtSurface
1479.39 424.683 221.802 6 0 1 10 100000 5 130516 0.928066 316221 100000 ZonesAtSurface
1529.54 424.652 246.787 1 1 2 10 100000 5 10000 0 559228 100000 ZonesAtSurface
1579.72 424.613 271.781 5 4 1 10 100000 5 10000 0 307742 100000 ZonesAtSurface
1629.87 424.587 246.79 4 5 2 11 100000 5 98478.9 0.59227 337999 100000 ZonesAtSurface
1680.03 424.562 271.76 8 5 1 11 100000 5 10000 0.375806 580676 100000 ZonesAtSurface
1730.2 424.61 246.836 8 5 2 12 100000 5 10000 0.410466 529322 100000 ZonesAtSurface
1780.33 424.557 221.941 1 0 2 13 100000 5 10200.1 0.834567 296391 100000 ZonesAtSurface
1830.51 424.461 246.883 10 1 2 13 100000 5 100000 0 276063 100000 ZonesAtSurface
1880.6 424.469 221.906 2 2 2 14 100000 5 10000 0 617031 100000 ZonesAtSurface
1930.75 424.523 197.007 5 0 1 15 100000 5 189213 0.985099 205985 100000 ZonesAtSurface
1980.81 424.474 171.98 0 1 2 16 100000 5 61285.9 0 214925 100000 ZonesAtSurface
2031.04 424.472 184.483 3 4 2 15 100000 5 10000 0 461948 100000 ZonesAtSurface
2080.59 424.475 34.5851 1 0 2 16 100000 5 48295.6 1.58203 567915 100000 ZonesAtSurface
2130.51 424.479 -15.4217 8 0 1 15 100000 5 100394 1.09425 808368 100000 ZonesAtSurface
2180.66 424.435 -15.3962 17 0 1 13 100000 5 41267.3 0.792359 814622 100000 ZonesAtSurface
2230.82 424.433 -15.3475 39 0 1 11 100000 5 68935.5 0 221391 100000 ZonesAtSurface
2280.97 424.471 -15.2728 50 6 1 9 100000 5 10000 0 334339 100000 ZonesAtSurface
2331.11 424.493 -15.2219 65 0 1 7 100000 5 68517.9 1.09232 259411 100000 ZonesAtSurface
2381.26 424.492 -15.1931 88 3 1 5 100000 5 10000 1.04725 682961 100000 ZonesAtSurface
2431.4 424.513 -15.1389 87 19 1 3 100000 5 10000 1.21342 321409 100000 ZonesAtSurface
2481.27 424.48 -14.7816 109 1 1 1 100000 5 89731.7 0.909603 337633 100000 ZonesAtSurface
2530.4 424.558 -44.3942 108 0 1 1 100000 5 140922 0.895822 419050 100000 ZonesAtSurface
2580.39 424.54 -4.08734 136 2 1 1 100000 5 84736.8 0.998868 291703 100000 ZonesAtSurface
2630.07 424.558 -14.1785 136 0 1 2 100000 5 116770 1.00973 318930 100000 ZonesAtSurface
2679.8 424.629 -24.3452 114 1 1 3 100000 5 89488 0.844758 511242 100000 ZonesAtSurface
2729.2 424.629 -34.5516 105 0 1 4 100000 5 123223 0.997598 670871 100000 ZonesAtSurface
2778.66 424.622 -44.8031 85 2 1 5 100000 5 100000 1.26605 412239 100000 ZonesAtSurface
2828.46 424.632 -4.86388 86 0 1 5 100000 5 103943 2.32482 109037 100000 ZonesAtSurface
2878.43 424.636 -14.9579 69 0 1 6 100000 5 13182.6 0.999486 329844 100000 ZonesAtSurface
2928.49 424.645 -25.0058 54 0 1 7 100000 5 174723 0.996319 498886 100000 ZonesAtSurface
2978.54 424.66 -35.0621 45 0 1 8 100000 5 137377 1.10665 463108 100000 ZonesAtSurface
3028.58 424.652 -45.1337 22 0 1 9 100000 5 83087.3 1.02893 647723 100000 ZonesAtSurface
3078.59 424.639 -5.18849 26 0 1 9 100000 5 133497 1.4522 340825 100000 ZonesAtSurface
3128.66 424.631 -15.2542 22 0 1 10 100000 5 104230 1.16794 697352 100000 ZonesAtSurface
3178.69 424.631 24.6897 8 0 1 10 100000 5 81018.7 1.51806 328799 100000 ZonesAtSurface
3228.73 424.643 14.6075 8 0 1 11 100000 5 175166 1.06729 511840 100000 ZonesAtSurface
3278.78 424.663 104.599 6 5 1 10 100000 5 10000 0 219689 100000 ZonesAtSurface
3328.85 424.696 144.557 5 0 1 10 100000 5 31430.3 1.0026 486617 100000 ZonesAtSurface
3378.98 424.694 184.51 1 0 1 10 100000 5 157879 1.01164 413739 100000 ZonesAtSurface
3429.16 424.655 224.452 6 0 1 10 100000 5 165057 1.04636 223702 100000 ZonesAtSurface
3479.31 424.638 214.415 2 0 1 11 100000 5 22981.9 0.89667 601266 100000 ZonesAtSurface
3529.57 424.623 254.397 7 0 2 11 100000 5 125051 0.769859 343665 100000 ZonesAtSurface
3579.77 424.587 244.461 2 0 1 12 100000 5 40675.1 0.961376 593586 100000 ZonesAtSurface
3629.86 424.539 234.425 3 0 1 13 100000 5 83235.2 1.02389 462861 100000 ZonesAtSurface
3680.02 424.576 274.357 3 3 2 13 100000 5 10000 0 519070 100000 ZonesAtSurface
3730.25 424.624 314.32 2 3 2 13 100000 5 10000 0 284697 100000 ZonesAtSurface
3780.42 424.617 314.328 8 4 2 13 100000 5 10000 0.716587 303527 100000 ZonesAtSurface
3830.49 424.601 274.364 3 5 2 13 100000 5 10000 0.392082 552989 100000 ZonesAtSurface
3880.71 424.604 284.325 1 5 2 12 100000 5 10000 0 326545 100000 ZonesAtSurface
3930.76 424.626 244.299 4 5 2 12 100000 5 10000 0.53067 410081 100000 ZonesAtSurface
3980.92 424.624 254.322 2 3 2 11 100000 5 10000 0 300198 100000 ZonesAtSurface
4031.09 424.61 264.338 8 2 1 10 100000 5 93564.5 0 227239 100000 ZonesAtSurface
4080.94 424.602 174.309 2 0 2 11 100000 5 170112 1.01132 249233 100000 ZonesAtSurface
4130.98 424.608 134.313 1 2 2 11 100000 5 10000 0 601281 100000 ZonesAtSurface
4180.75 424.619 44.3748 3 3 2 12 100000 5 10000 0 440769 100000 ZonesAtSurface
4231.02 424.597 54.3656 1 3 2 11 100000 5 10000 0 291839 100000 ZonesAtSurface
4281 424.596 14.4042 3 3 2 11 100000 5 10000 0 304163 100000 ZonesAtSurface
4330.96 424.603 -25.5627 2 2 2 11 100000 5 10000 0 359110 100000 ZonesAtSurface
4381.21 424.61 -15.5457 9 5 1 10 100000 5 10000 0 371282 100000 ZonesAtSurface
4431.42 424.598 -5.53063 20 10 1 9 100000 5 10000 0 244567 100000 ZonesAtSurface
4481.36 424.571 -45.5135 31 6 2 9 100000 5 87463.9 0 270305 100000 ZonesAtSurface
4531.57 424.542 -35.5027 36 18 1 8 100000 5 10000 0 320940 100000 ZonesAtSurface
4581.79 424.528 -25.4817 53 11 1 7 100000 5 10000 0 272480 100000 ZonesAtSurface
4632.02 424.407 -15.4696 69 19 1 6 100000 5 10000 0 318947 100000 ZonesAtSurface
4682.21 424.445 -5.46759 71 54 2 5 100000 5 10000 0.53873 404490 100000 ZonesAtSurface
4732.07 424.44 -45.4718 84 45 2 5 100000 5 10000 0.637905 341335 100000 ZonesAtSurface
4782.09 424.495 -35.4579 105 21 1 4 100000 5 10000 1.06429 212003 100000 ZonesAtSurface
4832.04 424.494 -25.4112 118 41 1 3 100000 5 10000 0.800245 272575 100000 ZonesAtSurface
4881.9 424.421 -15.338 134 59 1 2 100000 5 10000 0 262609 100000 ZonesAtSurface
4931.84 424.258 -5.25551 156 45 1 1 100000 5 10000 0 302697 100000 ZonesAtSurface
80.8113 474.664 -25.1204 161 0 2 1 100000 5 80197.4 1.00879 1.28055e+06 100000 ZonesAtSurface
130.232 474.674 -0.392364 151 14 1 1 100000 5 10000 2.23171 265697 100000 ZonesAtSurface
179.849 474.682 -25.7063 150 0 1 2 100000 5 90772.6 0.971797 1.33722e+06 100000 ZonesAtSurface
229.665 474.643 -0.899199 131 4 1 2 100000 5 65519.9 2.19232 293011 100000 ZonesAtSurface
279.406 474.684 -25.943 117 2 1 3 100000 5 10000 0.974029 1.15171e+06 100000 ZonesAtSurface
329.24 474.663 -1.13524 115 17 1 3 100000 5 10000 1.43891 388660 100000 ZonesAtSurface
379.087 474.684 -26.1492 98 0 1 4 100000 5 55028.4 0.967458 917048 100000 ZonesAtSurface
428.854 474.671 -1.25741 88 10 1 4 100000 5 10000 1.60322 326627 100000 ZonesAtSurface
478.884 474.678 -26.2991 69 0 1 5 100000 5 103043 0.833332 1.2872e+06 100000 ZonesAtSurface
528.748 474.665 -1.3866 67 9 2 5 100000 5 10000 1.7583 203084 100000 ZonesAtSurface
578.784 474.664 -26.3987 50 0 1 6 100000 5 37275.5 0.989034 916990 100000 ZonesAtSurface
628.644 474.649 -1.48873 51 9 1 6 100000 5 10000 0.614476 463386 100000 ZonesAtSurface
678.769 474.645 -26.5627 35 0 1 7 100000 5 13297.5 1.03539 938853 100000 ZonesAtSurface
728.69 474.63 -1.63241 34 2 1 7 100000 5 10000 0.846984 571986 100000 ZonesAtSurface
778.781 474.634 -26.714 17 0 1 8 100000 5 181685 0.86694 715163 100000 ZonesAtSurface
828.748 474.627 -1.76239 22 1 1 8 100000 5 100000 0 428815 100000 ZonesAtSurface
878.793 474.623 -26.8402 10 0 1 9 100000 5 28409.7 1.03228 1.81852e+06 100000 ZonesAtSurface
928.788 474.621 -1.87729 13 0 1 9 100000 5 19196.4 0.898289 1.51364e+06 100000 ZonesAtSurface
978.807 474.623 23.0852 4 0 1 9 100000 5 92015 0.978941 1.0562e+06 100000 ZonesAtSurface
1028.84 474.619 48.0513 9 0 1 9 100000 5 83968.5 1.16612 1.16139e+06 100000 ZonesAtSurface
1078.89 474.616 73.0229 2 0 1 9 100000 5 12378.6 1.10109 1.01317e+06 100000 ZonesAtSurface
1128.9 474.625 47.9763 1 0 1 10 100000 5 145176 1.06456 1.89222e+06 100000 ZonesAtSurface
1179.04 474.601 172.992 9 1 1 8 100000 5 10000 0 494148 100000 ZonesAtSurface
1229.05 474.615 147.942 6 0 1 9 100000 5 156746 1.02084 710570 100000 ZonesAtSurface
1279.06 474.637 122.895 1 0 1 10 100000 5 11734 1.01763 1.3601e+06 100000 ZonesAtSurface
1329.22 474.637 197.886 0 4 2 9 100000 5 10000 0 1.0441e+06 100000 ZonesAtSurface
1379.27 474.644 172.831 3 0 2 10 100000 5 127437 1.05374 553270 100000 ZonesAtSurface
1429.41 474.634 197.813 3 0 1 10 100000 5 32297.5 0.801839 372950 100000 ZonesAtSurface
1479.57 474.633 222.797 2 0 1 10 100000 5 100000 0 376969 100000 ZonesAtSurface
1529.73 474.601 247.794 2 3 2 10 100000 5 10000 0 235853 100000 ZonesAtSurface
1579.9 474.517 272.785 10 0 1 10 100000 5 100000 0.547125 365108 100000 ZonesAtSurface
1630.01 474.542 247.788 9 0 1 11 100000 5 109695 0.879122 383046 100000 ZonesAtSurface
1680.09 474.545 222.781 0 0 2 12 100000 5 62692.9 0 457231 100000 ZonesAtSurface
1730.3 474.559 247.858 5 2 2 12 100000 5 10000 0 436590 100000 ZonesAtSurface
1780.59 474.539 322.843 7 5 1 11 100000 5 10000 0 555629 100000 ZonesAtSurface
1830.59 474.453 247.904 1 1 2 13 100000 5 100000 0 244928 100000 ZonesAtSurface
1880.82 474.417 272.864 3 5 2 13 100000 5 10000 0 414032 100000 ZonesAtSurface
1930.97 474.45 247.923 6 3 2 14 100000 5 10000 0 412379 100000 ZonesAtSurface
1981.12 474.44 222.956 7 0 1 15 100000 5 169099 0.851433 234659 100000 ZonesAtSurface
2031.16 474.416 185.488 5 0 1 15 100000 5 186832 0 214639 100000 ZonesAtSurface
2080.72 474.411 35.5734 0 0 2 16 100000 5 100000 1.63053 329575 100000 ZonesAtSurface
2130.66 474.423 -14.4235 4 0 1 15 100000 5 57980.5 1.08633 932256 100000 ZonesAtSurface
2180.8 474.365 -14.3952 15 0 1 13 100000 5 178334 0.814318 1.04477e+06 100000 ZonesAtSurface
2230.94 474.349 -14.3662 35 0 1 11 100000 5 23969.4 0 416533 100000 ZonesAtSurface
2281.09 474.406 -14.2999 56 0 1 9 100000 5 96596.3 0.863338 283383 100000 ZonesAtSurface
2331.25 474.431 -14.2353 74 0 1 7 100000 5 29770.3 0.826635 368948 100000 ZonesAtSurface
2381.41 474.458 -14.1704 88 12 1 5 100000 5 10000 1.08496 617045 100000 ZonesAtSurface
2431.56 474.476 -14.1498 98 21 1 3 100000 5 10000 1.01401 389322 100000 ZonesAtSurface
2481.41 474.427 -13.8038 110 0 1 1 100000 5 38392.6 0.768294 493098 100000 ZonesAtSurface
2530.58 474.501 -43.4006 109 0 1 1 100000 5 57901.8 0.95823 649085 100000 ZonesAtSurface
2580.47 474.509 -3.13199 155 2 1 1 100000 5 100000 1.02827 357547 100000 ZonesAtSurface
2630.17 474.54 -13.2412 130 0 1 2 100000 5 131125 1.01881 318806 100000 ZonesAtSurface
2679.97 474.577 -23.3906 121 0 1 3 100000 5 168440 0.950188 326514 100000 ZonesAtSurface
2729.51 474.6 -33.547 106 0 1 4 100000 5 163029 0.94418 570968 100000 ZonesAtSurface
2778.91 474.6 -43.7969 86 0 1 5 100000 5 57722.5 1.13949 525759 100000 ZonesAtSurface
2828.66 474.617 -3.85987 78 3 1 5 100000 5 90194 2.12845 198891 100000 ZonesAtSurface
2878.65 474.616 -13.9664 57 4 1 6 100000 5 95554.1 1.22389 356115 100000 ZonesAtSurface
2928.67 474.616 -24.0393 42 0 1 7 100000 5 45048.7 0.967361 628760 100000 ZonesAtSurface
2978.71 474.626 -34.1 32 0 1 8 100000 5 75295.5 1.12343 598568 100000 ZonesAtSurface
3028.76 474.614 -44.1632 17 0 1 9 100000 5 132796 1.14755 791855 100000 ZonesAtSurface
3078.75 474.606 -4.20952 14 0 1 9 100000 5 166865 1.18022 217746 100000 ZonesAtSurface
3128.75 474.608 35.7275 7 0 1 9 100000 5 19740.8 0 233284 100000 ZonesAtSurface
3178.82 474.636 -24.3563 3 0 1 11 100000 5 108542 1.02691 1.12732e+06 100000 ZonesAtSurface
3228.82 474.65 65.6308 10 0 1 10 100000 5 140969 1.14927 169329 100000 ZonesAtSurface
3278.88 474.655 105.593 10 0 1 10 100000 5 148595 1.03313 321154 100000 ZonesAtSurface
3328.97 474.677 95.5386 4 0 1 11 100000 5 114100 1.00968 594734 100000 ZonesAtSurface
3379.14 474.654 185.49 5 0 1 10 100000 5 41858.4 0.341646 622810 100000 ZonesAtSurface
3429.34 474.577 225.431 7 0 1 10 100000 5 175922 0.712144 312750 100000 ZonesAtSurface
3479.55 474.535 215.427 6 0 1 11 100000 5 29163.3 0.839654 494984 100000 ZonesAtSurface
3529.77 474.542 255.442 4 0 1 11 100000 5 128657 0.900458 428523 100000 ZonesAtSurface
3579.91 474.566 245.491 3 0 1 12 100000 5 51043.3 1.10481 525657 100000 ZonesAtSurface
3630.05 474.575 285.426 8 0 2 12 100000 5 90566.9 0.910778 283481 100000 ZonesAtSurface
3680.09 474.584 275.339 6 0 1 13 100000 5 53935.1 1.04169 327239 100000 ZonesAtSurface
3730.36 474.601 315.319 0 1 2 13 100000 5 10000 0.432556 502976 100000 ZonesAtSurface
3780.57 474.567 315.345 1 2 2 13 100000 5 10000 0 432262 100000 ZonesAtSurface
3830.65 474.56 275.388 1 1 2 13 100000 5 10000 0 381045 100000 ZonesAtSurface
3880.88 474.554 285.339 2 4 2 12 100000 5 10000 0 378675 100000 ZonesAtSurface
3930.92 474.569 245.318 0 0 2 12 100000 5 100000 0.464609 429571 100000 ZonesAtSurface
3981.09 474.558 255.33 1 0 2 11 100000 5 100000 0.555123 359444 100000 ZonesAtSurface
4031.1 474.573 215.341 0 0 2 11 100000 5 35367.7 0.605035 351354 100000 ZonesAtSurface
4081.27 474.521 225.345 1 2 2 10 100000 5 10000 0 478565 100000 ZonesAtSurface
4131.15 474.549 135.324 0 1 2 11 100000 5 10000 0 438249 100000 ZonesAtSurface
4181.21 474.552 95.3523 0 0 2 11 100000 5 10000 0 421991 100000 ZonesAtSurface
4231.25 474.531 55.3753 0 0 2 11 100000 5 71649 0 309019 100000 ZonesAtSurface
4281.4 474.515 65.4023 5 5 1 10 100000 5 10000 0.733072 296408 100000 ZonesAtSurface
4331.21 474.524 -24.5613 3 3 2 11 100000 5 10000 0 338539 100000 ZonesAtSurface
4381.42 474.539 -14.5359 8 0 2 10 100000 5 100000 0.822205 298950 100000 ZonesAtSurface
4431.61 474.53 -4.52235 15 1 1 9 100000 5 100000 0.834502 252116 100000 ZonesAtSurface
4481.57 474.495 -44.5041 23 0 1 9 100000 5 33970.4 0.802377 266262 100000 ZonesAtSurface
4531.76 474.457 -34.4921 30 13 2 8 100000 5 10000 0 246973 100000 ZonesAtSurface
4581.97 474.407 -24.4664 47 4 1 7 100000 5 84333.4 0.774551 275580 100000 ZonesAtSurface
4632.15 474.345 -14.4597 68 7 2 6 100000 5 50080 0.831462 251090 100000 ZonesAtSurface
4682.3 474.42 -4.45297 75 35 2 5 100000 5 10000 0 279714 100000 ZonesAtSurface
4732.15 474.427 -44.449 86 16 1 5 100000 5 10000 0 223698 100000 ZonesAtSurface
4782.15 474.473 -34.3923 102 35 1 4 100000 5 10000 0.656704 330182 100000 ZonesAtSurface
4831.96 474.47 -24.3341 120 40 1 3 100000 5 10000 0.78493 278625 100000 ZonesAtSurface
4881.85 474.36 -14.3092 140 50 1 2 100000 5 10000 0.724034 300001 100000 ZonesAtSurface
4931.77 474.163 -4.21742 158 46 1 1 100000 5 10000 0.663195 327609 100000 ZonesAtSurface
80.9083 524.664 -24.2028 159 0 1 1 100000 5 103748 0.953042 1.23377e+06 100000 ZonesAtSurface
130.468 524.687 -49.7375 32 0 1 2 100000 5 105696 1.01295 1.74885e+06 100000 ZonesAtSurface
179.783 524.695 -24.7398 135 5 2 2 100000 5 10000 1.06784 960819 100000 ZonesAtSurface
229.495 524.716 0.0122654 138 5 1 2 100000 5 10000 1.08482 530885 100000 ZonesAtSurface
279.428 524.696 -25.0347 112 2 1 3 100000 5 10000 1.15044 733988 100000 ZonesAtSurface
329.309 524.72 -0.20727 105 14 1 3 100000 5 10000 0.973633 292017 100000 ZonesAtSurface
379.178 524.706 -25.1783 90 0 1 4 100000 5 88519.1 0.93089 668428 100000 ZonesAtSurface
428.987 524.715 -0.272262 82 12 1 4 100000 5 10000 1.56382 478744 100000 ZonesAtSurface
478.946 524.687 -25.3083 72 0 1 5 100000 5 169551 1.00433 1.02748e+06 100000 ZonesAtSurface
528.784 524.682 -0.401312 61 10 2 5 100000 5 10000 0.948173 376929 100000 ZonesAtSurface
578.849 524.649 -25.4278 55 0 1 6 100000 5 78389.9 1.00698 545879 100000 ZonesAtSurface
628.719 524.638 -0.542807 46 5 2 6 100000 5 10000 1.01034 367252 100000 ZonesAtSurface
678.857 524.626 -25.6073 27 0 1 7 100000 5 60535.1 0.950149 997881 100000 ZonesAtSurface
728.8 524.613 -0.675305 24 0 1 7 100000 5 100000 0.888975 940783 100000 ZonesAtSurface
778.891 524.609 -25.7418 11 0 1 8 100000 5 80954.2 0.872098 936020 100000 ZonesAtSurface
828.871 524.603 -0.790213 18 0 1 8 100000 5 133063 0.881723 378326 100000 ZonesAtSurface
878.881 524.595 24.1629 6 0 1 8 100000 5 34804.1 1.04986 459216 100000 ZonesAtSurface
928.923 524.595 -0.899068 4 0 1 9 100000 5 164330 1.02136 1.47242e+06 100000 ZonesAtSurface
978.95 524.598 24.0648 5 0 1 9 100000 5 131366 0.95789 1.50013e+06 100000 ZonesAtSurface
1028.98 524.595 49.0329 0 0 1 9 1.08703e+06 41.724 92511.5 1.63196 1.37811e+07 1.08703e+06 ZonesAtSurface
1079.01 524.603 74.0069 2 0 1 9 100000 5 143502 1.06037 1.51618e+06 100000 ZonesAtSurface
1129.1 524.607 149.004 9 0 1 8 100000 5 183600 1.23021 269273 100000 ZonesAtSurface
1179.14 524.605 173.972 3 0 1 8 100000 5 100000 0 974492 100000 ZonesAtSurface
1229.2 524.583 198.942 7 4 1 8 100000 5 10000 0 604060 100000 ZonesAtSurface
1279.25 524.606 173.894 7 2 1 9 100000 5 10000 0 935838 100000 ZonesAtSurface
1329.38 524.594 198.863 2 3 2 9 100000 5 10000 0 721418 100000 ZonesAtSurface
1379.51 524.57 223.839 5 0 1 9 100000 5 79866 1.05987 289001 100000 ZonesAtSurface
1429.65 524.579 248.828 4 0 1 9 100000 5 180553 0.851023 250897 100000 ZonesAtSurface
1479.74 524.582 223.811 1 0 1 10 100000 5 53063.6 1.16118 353357 100000 ZonesAtSurface
1529.88 524.572 248.803 9 0 1 10 100000 5 57395.6 1.0657 357517 100000 ZonesAtSurface
1580.02 524.469 273.787 5 3 1 10 100000 5 10000 0 365423 100000 ZonesAtSurface
1630.09 524.496 248.78 1 0 2 11 100000 5 132747 0.938864 286009 100000 ZonesAtSurface
1680.19 524.508 223.794 0 0 2 12 100000 5 158971 0.905544 479265 100000 ZonesAtSurface
1730.42 524.517 248.872 2 0 1 12 100000 5 15803.1 0.807258 346875 100000 ZonesAtSurface
1780.63 524.544 273.943 5 0 1 12 100000 5 140917 0.956245 212078 100000 ZonesAtSurface
1830.69 524.453 248.924 2 2 2 13 100000 5 10000 0 461627 100000 ZonesAtSurface
1880.77 524.376 223.905 2 2 2 14 100000 5 10000 0 350491 100000 ZonesAtSurface
1931.05 524.374 248.92 2 3 2 14 100000 5 10000 0 365448 100000 ZonesAtSurface
1981.2 524.379 223.966 3 4 2 15 100000 5 10000 0 481682 100000 ZonesAtSurface
2031.26 524.353 186.495 5 0 1 15 100000 5 15690.1 0.887371 262689 100000 ZonesAtSurface
2081.08 524.344 86.5491 4 3 2 15 100000 5 10000 0 342975 100000 ZonesAtSurface
2130.82 524.351 -13.4279 5 0 1 15 100000 5 131104 1.03588 1.07147e+06 100000 ZonesAtSurface
2180.95 524.315 -13.3917 18 0 1 13 100000 5 60603.7 0.94314 926581 100000 ZonesAtSurface
2231.07 524.287 -13.3788 31 0 1 11 100000 5 82405.1 0.779588 406351 100000 ZonesAtSurface
2281.21 524.34 -13.3074 46 0 1 9 100000 5 96201.7 0.851834 290862 100000 ZonesAtSurface
2331.37 524.363 -13.2588 71 0 1 7 100000 5 144725 0.881891 272387 100000 ZonesAtSurface
2381.58 524.401 -13.1705 85 20 1 5 100000 5 10000 1.00658 465087 100000 ZonesAtSurface
2431.68 524.415 -13.1564 103 27 1 3 100000 5 10000 1.00525 699236 100000 ZonesAtSurface
2481.52 524.357 -12.8285 111 0 1 1 100000 5 155920 0.796646 576657 100000 ZonesAtSurface
2530.71 524.45 -42.3976 110 0 1 1 100000 5 159301 1.00032 596728 100000 ZonesAtSurface
2580.53 524.484 -2.11701 139 4 2 1 100000 5 48688.2 1.10611 329591 100000 ZonesAtSurface
2630.3 524.527 -12.2936 136 0 1 2 100000 5 145051 1.1795 333866 100000 ZonesAtSurface
2680.06 524.521 -22.4794 109 0 1 3 100000 5 53094.1 0.99895 352244 100000 ZonesAtSurface
2729.74 524.57 -32.5631 99 0 1 4 100000 5 13130 0.918183 481581 100000 ZonesAtSurface
2779.13 524.582 -42.7648 86 0 1 5 100000 5 22364.1 0.89728 643144 100000 ZonesAtSurface
2828.82 524.595 -2.85874 77 0 1 5 100000 5 137623 2.06107 228740 100000 ZonesAtSurface
2878.83 524.603 -12.9708 54 0 1 6 100000 5 187296 1.39764 260692 100000 ZonesAtSurface
2928.84 524.599 -23.0579 42 0 1 7 100000 5 16236 0.817456 687408 100000 ZonesAtSurface
2978.88 524.594 -33.1177 28 0 1 8 100000 5 33672.3 1.1702 612567 100000 ZonesAtSurface
3028.91 524.589 -43.1698 16 0 1 9 100000 5 188058 1.05631 813898 100000 ZonesAtSurface
3078.88 524.601 -3.20732 15 0 1 9 100000 5 41401.8 0.898587 240316 100000 ZonesAtSurface
3128.93 524.621 -13.278 2 0 1 10 100000 5 123445 1.17099 359799 100000 ZonesAtSurface
3178.96 524.636 26.6741 4 0 1 10 100000 5 130428 1.09093 244097 100000 ZonesAtSurface
3229.04 524.623 66.6258 7 0 1 10 100000 5 83889 1.0135 498145 100000 ZonesAtSurface
3279.16 524.598 106.584 1 0 1 10 100000 5 137161 0.967085 266076 100000 ZonesAtSurface
3329.29 524.61 146.546 1 0 1 10 100000 5 143770 0.881562 531652 100000 ZonesAtSurface
3379.43 524.585 186.499 1 0 1 10 100000 5 41308.5 0.929914 335423 100000 ZonesAtSurface
3429.57 524.508 226.444 3 0 1 10 100000 5 87660.8 1.15388 191208 100000 ZonesAtSurface
3479.72 524.471 216.464 3 0 1 11 100000 5 179784 1.09701 587271 100000 ZonesAtSurface
3529.88 524.502 256.472 5 0 1 11 100000 5 42860.5 1.02573 239525 100000 ZonesAtSurface
3580.07 524.559 296.453 4 2 2 11 100000 5 10000 0 265274 100000 ZonesAtSurface
3630.16 524.564 286.403 4 0 1 12 100000 5 51418.2 1.02964 283926 100000 ZonesAtSurface
3680.39 524.538 326.332 8 0 1 12 100000 5 50171.7 0 254221 100000 ZonesAtSurface
3730.66 524.538 366.276 4 4 2 12 100000 5 10000 0 282080 100000 ZonesAtSurface
3780.74 524.52 316.358 5 5 2 13 100000 5 10000 0.38081 569674 100000 ZonesAtSurface
3830.82 524.52 276.387 1 0 2 13 100000 5 100000 0 517931 100000 ZonesAtSurface
3881.03 524.523 286.351 0 1 2 12 100000 5 10000 0 496336 100000 ZonesAtSurface
3931.2 524.486 296.333 1 2 2 11 100000 5 10000 0 321593 100000 ZonesAtSurface
3981.35 524.452 306.359 4 3 2 10 100000 5 10000 0 353065 100000 ZonesAtSurface
4031.25 524.505 216.346 1 0 2 11 100000 5 28584.9 1.10156 197417 100000 ZonesAtSurface
4081.54 524.502 276.367 4 5 1 9 100000 5 10000 0 431246 100000 ZonesAtSurface
4131.39 524.506 186.384 3 2 1 10 100000 5 92520.9 0 293927 100000 ZonesAtSurface
4181.42 524.508 146.399 1 2 1 10 100000 5 10000 0 341729 100000 ZonesAtSurface
4231.57 524.447 156.392 4 4 1 9 100000 5 10000 0 340399 100000 ZonesAtSurface
4281.5 524.475 66.4185 4 5 1 10 100000 5 10000 0 392066 100000 ZonesAtSurface
4331.53 524.464 26.4423 8 0 1 10 100000 5 187060 0.782308 259218 100000 ZonesAtSurface
4381.55 524.464 -13.5317 2 0 1 10 100000 5 89502.7 0.85772 280202 100000 ZonesAtSurface
4431.73 524.464 -3.51866 7 2 2 9 100000 5 43563.4 0.82247 291319 100000 ZonesAtSurface
4481.7 524.426 -43.499 13 5 1 9 100000 5 36081.6 0 296026 100000 ZonesAtSurface
4531.88 524.38 -33.4808 26 6 2 8 100000 5 10000 0.556018 393870 100000 ZonesAtSurface
4582.05 524.319 -23.4519 46 16 1 7 100000 5 10000 0.579683 374409 100000 ZonesAtSurface
4632.21 524.329 -13.4501 55 31 2 6 100000 5 10000 0 259992 100000 ZonesAtSurface
4682.37 524.383 -3.43782 81 44 1 5 100000 5 10000 0.629019 348001 100000 ZonesAtSurface
4732.21 524.387 -43.4238 84 21 1 5 100000 5 10000 1.08578 207711 100000 ZonesAtSurface
4782.15 524.442 -33.3282 96 27 1 4 100000 5 10000 0.783821 276774 100000 ZonesAtSurface
4831.94 524.427 -23.2776 123 30 1 3 100000 5 10000 1.2287 185744 100000 ZonesAtSurface
4881.84 524.303 -13.2698 132 41 1 2 100000 5 10000 0.748846 292968 100000 ZonesAtSurface
4931.77 524.064 -3.18015 155 51 1 1 100000 5 10000 0 355022 100000 ZonesAtSurface
81.2027 574.613 -23.2249 158 0 2 1 100000 5 129166 1.20358 891076 100000 ZonesAtSurface
130.427 574.656 -48.6808 150 0 1 2 100000 5 77463 1.01284 1.43323e+06 100000 ZonesAtSurface
179.882 574.664 -23.7139 144 12 1 2 100000 5 10000 1.46197 690270 100000 ZonesAtSurface
229.759 574.644 -48.9175 121 2 1 3 100000 5 10000 1.02533 1.48444e+06 100000 ZonesAtSurface
279.503 574.641 -24.0619 107 7 1 3 100000 5 10000 1.59541 521307 100000 ZonesAtSurface
329.527 574.674 -49.1633 96 0 1 4 100000 5 99177.9 0.953872 958749 100000 ZonesAtSurface
379.327 574.678 -24.1945 90 3 1 4 100000 5 28405 1.9367 396703 100000 ZonesAtSurface
429.259 574.664 -49.2476 75 0 1 5 100000 5 19987.8 1.04759 1.31429e+06 100000 ZonesAtSurface
478.983 574.663 -24.2967 69 10 1 5 100000 5 10000 1.41832 609658 100000 ZonesAtSurface
529.068 574.639 -49.4118 45 0 1 6 100000 5 18850.6 1.02354 1.22435e+06 100000 ZonesAtSurface
578.902 574.62 -24.4576 48 4 1 6 100000 5 10000 0 415095 100000 ZonesAtSurface
629.015 574.622 -49.5791 27 0 1 7 100000 5 60832.5 0.996532 764570 100000 ZonesAtSurface
678.924 574.602 -24.6408 25 4 1 7 100000 5 10000 1.05376 971209 100000 ZonesAtSurface
729.03 574.59 -49.723 12 0 1 8 100000 5 94540.3 0.817677 1.12489e+06 100000 ZonesAtSurface
779.004 574.58 -24.7689 9 0 1 8 100000 5 132267 0.881462 823817 100000 ZonesAtSurface
828.999 574.575 0.183496 7 0 1 8 100000 5 157357 0.874176 861303 100000 ZonesAtSurface
879.015 574.573 25.1392 4 0 1 8 100000 5 85281.8 1.13209 670841 100000 ZonesAtSurface
929.041 574.569 50.0993 6 0 1 8 100000 5 112263 1.18172 698576 100000 ZonesAtSurface
979.071 574.566 75.0623 4 0 1 8 100000 5 140108 1.08772 804339 100000 ZonesAtSurface
1029.11 574.562 100.032 3 0 1 8 100000 5 188479 1.05174 1.06302e+06 100000 ZonesAtSurface
1079.12 574.591 74.9959 3 0 1 9 100000 5 71059.9 1.06265 1.95629e+06 100000 ZonesAtSurface
1129.19 574.597 149.987 10 0 1 8 100000 5 91469.3 0.998547 383043 100000 ZonesAtSurface
1179.24 574.585 124.933 4 0 1 9 100000 5 185726 1.01092 1.08135e+06 100000 ZonesAtSurface
1229.35 574.557 199.922 3 4 2 8 100000 5 10000 0 615413 100000 ZonesAtSurface
1279.46 574.553 174.878 0 0 1 9 100000 5 10000 0 1.0227e+06 100000 ZonesAtSurface
1329.57 574.53 199.858 1 0 2 9 100000 5 100000 0 380974 100000 ZonesAtSurface
1379.66 574.533 174.836 0 0 1 10 100000 5 116457 1.10134 881839 100000 ZonesAtSurface
1429.79 574.525 249.834 0 1 2 9 100000 5 10000 0.850613 261944 100000 ZonesAtSurface
1479.94 574.549 274.805 2 0 2 9 100000 5 118725 1.06764 356310 100000 ZonesAtSurface
1530.07 574.548 299.788 7 0 2 9 100000 5 142030 0.967 384481 100000 ZonesAtSurface
1580.12 574.468 274.79 7 2 2 10 100000 5 100000 0.933852 226470 100000 ZonesAtSurface
1630.24 574.417 299.781 10 2 1 10 100000 5 100000 0 257611 100000 ZonesAtSurface
1680.3 574.452 224.816 1 0 1 12 100000 5 56193.7 0.933509 669792 100000 ZonesAtSurface
1730.52 574.49 249.881 3 0 1 12 100000 5 89590.9 0.76658 508140 100000 ZonesAtSurface
1780.61 574.515 224.96 1 0 1 13 100000 5 38296 0.826482 415910 100000 ZonesAtSurface
1830.83 574.447 249.941 2 2 2 13 100000 5 44974.8 0 147069 100000 ZonesAtSurface
1881.02 574.353 274.877 2 0 2 13 100000 5 10000 1.00983 230706 100000 ZonesAtSurface
1931.21 574.325 299.856 10 6 2 13 100000 5 100000 0 231889 100000 ZonesAtSurface
1981.08 574.322 174.999 0 0 2 16 100000 5 89079.3 0.802001 350961 100000 ZonesAtSurface
2031.31 574.28 187.503 7 5 1 15 100000 5 10000 0 307773 100000 ZonesAtSurface
2081.35 574.245 137.543 2 3 1 14 100000 5 10000 0.345627 640596 100000 ZonesAtSurface
2130.95 574.275 -12.4324 1 0 1 15 100000 5 67569.4 1.00708 1.01907e+06 100000 ZonesAtSurface
2181.08 574.279 -12.3941 16 0 1 13 100000 5 22693.2 0.99894 963988 100000 ZonesAtSurface
2231.19 574.25 -12.3763 34 0 1 11 100000 5 96551.3 0.921794 336230 100000 ZonesAtSurface
2281.33 574.268 -12.3113 47 0 1 9 100000 5 138821 0.863582 514012 100000 ZonesAtSurface
2331.48 574.303 -12.2616 72 6 1 7 100000 5 10000 1.21634 352062 100000 ZonesAtSurface
2381.72 574.326 -12.181 83 16 1 5 100000 5 10000 1.03595 377613 100000 ZonesAtSurface
2431.77 574.339 -12.1536 101 19 1 3 100000 5 10000 1.02647 735837 100000 ZonesAtSurface
2481.57 574.256 -11.8346 112 0 1 1 100000 5 178029 0.893887 528485 100000 ZonesAtSurface
2530.78 574.383 -41.4147 111 0 1 1 100000 5 45331.5 1.01741 783044 100000 ZonesAtSurface
2580.6 574.449 -1.15805 152 10 1 1 100000 5 10000 1.10103 318743 100000 ZonesAtSurface
2630.45 574.485 -11.3571 135 1 1 2 100000 5 100000 1.20275 432474 100000 ZonesAtSurface
2680.14 574.49 -21.5232 128 0 1 3 100000 5 128162 0 218561 100000 ZonesAtSurface
2729.91 574.535 -31.5705 99 0 1 4 100000 5 136678 0.942426 487816 100000 ZonesAtSurface
2779.3 574.556 -41.7451 92 0 1 5 100000 5 166038 0.986229 480755 100000 ZonesAtSurface
2828.96 574.563 -1.84612 76 1 2 5 100000 5 100000 1.89798 137290 100000 ZonesAtSurface
2878.99 574.574 -11.9566 55 0 1 6 100000 5 126537 1.80137 222636 100000 ZonesAtSurface
2929.01 574.58 -22.0587 45 0 1 7 100000 5 187160 1.18105 355162 100000 ZonesAtSurface
2979.05 574.574 -32.1182 20 0 1 8 100000 5 156943 1.17694 365452 100000 ZonesAtSurface
3029.07 574.573 -42.1725 25 0 1 9 100000 5 107796 1.0633 535716 100000 ZonesAtSurface
3079.04 574.588 -2.21022 11 5 1 9 100000 5 10000 0.626275 375555 100000 ZonesAtSurface
3129.08 574.598 37.7253 5 0 1 9 100000 5 21048.1 0.94657 599421 100000 ZonesAtSurface
3179.19 574.586 77.6683 8 0 1 9 100000 5 77180.8 0.915548 305742 100000 ZonesAtSurface
3229.32 574.554 67.6174 7 0 1 10 100000 5 53486.2 1.04072 789719 100000 ZonesAtSurface
3279.43 574.527 107.579 3 0 1 10 100000 5 183733 0.840963 453720 100000 ZonesAtSurface
3329.48 574.518 197.52 6 0 1 9 100000 5 186539 0.905607 251197 100000 ZonesAtSurface
3379.65 574.528 187.526 3 0 1 10 100000 5 106355 1.04201 379106 100000 ZonesAtSurface
3429.76 574.497 227.483 6 0 1 10 100000 5 52660.5 0.976149 304620 100000 ZonesAtSurface
3479.87 574.486 267.435 10 0 1 10 100000 5 52536.1 0.973532 230808 100000 ZonesAtSurface
3530.01 574.489 257.483 1 0 1 11 100000 5 59120.4 1.00092 317893 100000 ZonesAtSurface
3580.21 574.525 297.437 1 0 2 11 100000 5 139895 0.76858 297032 100000 ZonesAtSurface
3630.32 574.517 287.387 0 0 1 12 100000 5 151507 0.824646 438702 100000 ZonesAtSurface
3680.53 574.477 327.335 4 0 2 12 100000 5 41124 0.724832 296840 100000 ZonesAtSurface
3730.67 574.485 317.34 2 0 2 13 100000 5 86867.2 0.684184 359019 100000 ZonesAtSurface
3780.87 574.482 317.368 3 1 2 13 100000 5 100000 0 253436 100000 ZonesAtSurface
3831.05 574.473 327.343 4 4 2 12 100000 5 10000 0 316539 100000 ZonesAtSurface
3881.13 574.483 287.361 0 1 2 12 100000 5 70923.4 0.474401 432310 100000 ZonesAtSurface
3931.37 574.39 347.365 5 2 2 10 100000 5 100000 0 279755 100000 ZonesAtSurface
3981.58 574.428 357.325 5 5 2 9 100000 5 10000 0 397778 100000 ZonesAtSurface
4031.43 574.43 267.388 1 1 2 10 100000 5 10000 0 327831 100000 ZonesAtSurface
4081.63 574.446 277.364 7 5 2 9 100000 5 10000 0 285116 100000 ZonesAtSurface
4131.5 574.448 187.41 1 1 1 10 100000 5 10000 0 398094 100000 ZonesAtSurface
4181.56 574.469 147.419 0 0 2 10 100000 5 100000 0.466232 431958 100000 ZonesAtSurface
4231.61 574.426 107.413 2 3 2 10 100000 5 10000 0 199938 100000 ZonesAtSurface
4281.79 574.365 117.401 9 0 1 9 100000 5 99410.7 1.05189 206594 100000 ZonesAtSurface
4331.65 574.405 27.4453 4 0 2 10 100000 5 131789 0.795085 438848 100000 ZonesAtSurface
4381.64 574.393 -12.5326 2 0 1 10 100000 5 84067 0 257522 100000 ZonesAtSurface
4431.82 574.394 -2.51593 11 0 2 9 100000 5 31042.3 0.487978 436341 100000 ZonesAtSurface
4481.8 574.362 -42.4929 8 0 2 9 100000 5 100000 0.802937 256740 100000 ZonesAtSurface
4531.97 574.31 -32.4689 20 10 2 8 100000 5 10000 0 279272 100000 ZonesAtSurface
4582.1 574.285 -22.4425 41 14 1 7 100000 5 10000 0 265159 100000 ZonesAtSurface
4632.24 574.313 -12.4385 55 28 1 6 100000 5 10000 0 384729 100000 ZonesAtSurface
4682.4 574.364 -2.42291 70 46 2 5 100000 5 10000 0 238000 100000 ZonesAtSurface
4732.23 574.367 -42.4001 81 27 1 5 100000 5 10000 1.01884 213446 100000 ZonesAtSurface
4782.12 574.41 -32.2865 103 23 1 4 100000 5 10000 0 269650 100000 ZonesAtSurface
4831.98 574.364 -22.2438 117 30 1 3 100000 5 10000 1.16425 190521 100000 ZonesAtSurface
4881.89 574.247 -12.2283 129 42 1 2 100000 5 10000 0.989045 221715 100000 ZonesAtSurface
4931.8 574.025 -2.12804 155 41 1 1 100000 5 10000 0 299095 100000 ZonesAtSurface
81.4072 624.499 -22.3016 161 2 1 1 100000 5 98687.8 1.05087 818330 100000 ZonesAtSurface
130.472 624.574 -47.7298 147 0 1 2 100000 5 136972 0.992126 1.39048e+06 100000 ZonesAtSurface
180.104 624.532 -22.7887 134 19 1 2 100000 5 10000 1.74086 383046 100000 ZonesAtSurface
229.82 624.568 -47.9233 123 5 1 3 100000 5 10000 0.948343 1.24409e+06 100000 ZonesAtSurface
279.623 624.543 -23.1042 116 8 1 3 100000 5 10000 1.20302 398947 100000 ZonesAtSurface
329.596 624.606 -48.1738 93 1 1 4 100000 5 25634.6 1.04588 863188 100000 ZonesAtSurface
379.491 624.597 -23.2482 81 0 1 4 100000 5 10000 1.83008 367667 100000 ZonesAtSurface
429.342 624.622 -48.2539 71 0 1 5 100000 5 16626.5 1.00699 1.51769e+06 100000 ZonesAtSurface
479.088 624.604 -23.3146 69 14 1 5 100000 5 10000 1.12568 429309 100000 ZonesAtSurface
529.131 624.602 -48.4236 50 0 2 6 100000 5 33777.8 0.992067 1.17055e+06 100000 ZonesAtSurface
578.959 624.581 -23.4944 44 11 2 6 100000 5 10000 0.205565 1.06103e+06 100000 ZonesAtSurface
629.089 624.585 -48.6022 31 2 1 7 100000 5 100000 0.982004 397756 100000 ZonesAtSurface
679.004 624.567 -23.6723 20 7 1 7 100000 5 10000 0.868094 853178 100000 ZonesAtSurface
729.139 624.557 -48.7454 3 0 1 8 100000 5 67006.7 0.808935 1.14521e+06 100000 ZonesAtSurface
779.122 624.549 -23.7917 5 0 1 8 100000 5 15722.1 0.753785 580864 100000 ZonesAtSurface
829.166 624.545 -48.8575 0 0 1 9 1e+06 30 64100.8 1.10753 1.7064e+07 1e+06 ZonesAtSurface
879.171 624.546 -23.8957 1 0 1 9 644927 20.1369 92849 0.528558 1.60173e+07 644927 ZonesAtSurface
929.185 624.545 1.0677 0 0 1 9 1.12458e+06 39.4416 126244 1.2707 1.73681e+07 1.12458e+06 ZonesAtSurface
979.195 624.543 76.0472 0 0 1 8 100000 5 56701.9 1.11124 684860 100000 ZonesAtSurface
1029.26 624.53 151.021 10 0 1 7 100000 5 157537 1.12039 305660 100000 ZonesAtSurface
1079.31 624.557 75.9866 0 0 1 9 100000 5 96848.8 1.01995 1.3968e+06 100000 ZonesAtSurface
1129.4 624.545 150.968 3 1 1 8 100000 5 10000 0 338226 100000 ZonesAtSurface
1179.5 624.531 125.915 5 0 1 9 100000 5 135073 0.972069 996177 100000 ZonesAtSurface
1229.58 624.51 200.907 3 4 2 8 100000 5 10000 0 1.13957e+06 100000 ZonesAtSurface
1279.67 624.5 225.897 3 3 1 8 100000 5 10000 0.413479 531422 100000 ZonesAtSurface
1329.73 624.488 200.862 0 0 2 9 100000 5 142868 0.890678 507029 100000 ZonesAtSurface
1379.8 624.485 225.843 8 0 1 9 100000 5 143862 1.07943 268766 100000 ZonesAtSurface
1429.91 624.499 250.831 0 0 2 9 100000 5 62479.1 1.18505 220092 100000 ZonesAtSurface
1480.06 624.467 325.778 6 3 1 8 100000 5 100000 0 237402 100000 ZonesAtSurface
1530.19 624.523 300.799 6 0 1 9 100000 5 19061.4 0.791639 335002 100000 ZonesAtSurface
1580.32 624.468 325.805 6 3 1 9 100000 5 10000 0.875455 252207 100000 ZonesAtSurface
1630.37 624.39 300.803 10 4 1 10 100000 5 10000 0 445860 100000 ZonesAtSurface
1680.45 624.393 275.809 1 2 1 11 100000 5 10000 0.388753 557748 100000 ZonesAtSurface
1730.61 624.453 250.892 1 0 1 12 100000 5 141205 0.721744 400406 100000 ZonesAtSurface
1780.72 624.457 225.957 2 0 1 13 100000 5 184997 0.63599 472855 100000 ZonesAtSurface
1831.05 624.414 300.913 7 5 2 12 100000 5 10000 0 290140 100000 ZonesAtSurface
1881.24 624.381 375.844 8 6 1 11 100000 5 100000 0 233430 100000 ZonesAtSurface
1931.27 624.311 300.866 2 4 1 13 100000 5 10000 0 384688 100000 ZonesAtSurface
1981.15 624.271 175.999 3 0 2 16 100000 5 168472 1.0563 419041 100000 ZonesAtSurface
2031.22 624.218 138.531 3 4 2 16 100000 5 10000 0.379945 570576 100000 ZonesAtSurface
2081.24 624.172 88.5549 1 3 2 15 100000 5 10000 0 513829 100000 ZonesAtSurface
2131.23 624.174 38.5696 9 0 2 14 100000 5 78319 0.890695 596264 100000 ZonesAtSurface
2181.18 624.235 -11.4049 10 0 1 13 100000 5 185901 1.01796 1.05667e+06 100000 ZonesAtSurface
2231.31 624.218 -11.3728 29 0 2 11 100000 5 10267.5 0 368652 100000 ZonesAtSurface
2281.45 624.208 -11.3013 60 0 1 9 100000 5 77046.4 0.992353 430132 100000 ZonesAtSurface
2331.54 624.237 -11.2675 68 2 1 7 100000 5 40766.3 1.67481 316498 100000 ZonesAtSurface
2381.78 624.246 -11.1924 76 36 1 5 100000 5 10000 1.3584 545229 100000 ZonesAtSurface
2431.81 624.26 -11.1522 108 19 1 3 100000 5 10000 0.89319 550504 100000 ZonesAtSurface
2481.6 624.139 -10.8799 113 2 1 1 100000 5 100000 0.991603 605742 100000 ZonesAtSurface
2530.86 624.306 -40.4658 112 0 1 1 100000 5 106256 0.997367 962890 100000 ZonesAtSurface
2580.68 624.426 -0.245875 147 15 1 1 100000 5 10000 1.02449 436576 100000 ZonesAtSurface
2630.53 624.437 -10.4433 145 0 1 2 100000 5 176750 1.1641 360725 100000 ZonesAtSurface
2680.22 624.465 -20.5399 128 8 1 3 100000 5 10000 0.968777 242115 100000 ZonesAtSurface
2730.06 624.497 -30.5353 105 4 1 4 100000 5 10000 0.970699 487346 100000 ZonesAtSurface
2779.46 624.518 -40.7472 90 0 1 5 100000 5 84297.5 1.09388 414768 100000 ZonesAtSurface
2829.13 624.519 -0.843775 83 8 1 5 100000 5 10000 2.015 215331 100000 ZonesAtSurface
2879.12 624.535 -10.9556 73 0 1 6 100000 5 54664.9 1.23292 434429 100000 ZonesAtSurface
2929.15 624.549 -21.0673 41 0 1 7 100000 5 100000 1.72067 130324 100000 ZonesAtSurface
2979.21 624.549 -31.1318 25 0 1 8 100000 5 157195 1.37318 280694 100000 ZonesAtSurface
3029.26 624.539 -41.1875 19 0 1 9 100000 5 139990 1.20185 431632 100000 ZonesAtSurface
3079.26 624.539 -1.22102 16 0 1 9 100000 5 100000 0.834728 341845 100000 ZonesAtSurface
3129.38 624.531 -11.284 3 0 1 10 100000 5 100000 1.01781 749378 100000 ZonesAtSurface
3179.4 624.527 78.6569 7 0 1 9 100000 5 129364 0.918577 656875 100000 ZonesAtSurface
3229.48 624.514 118.605 5 0 1 9 100000 5 92504.8 1.20479 439853 100000 ZonesAtSurface
3279.55 624.487 158.568 6 0 1 9 100000 5 188479 1.06226 429479 100000 ZonesAtSurface
3329.64 624.476 198.526 5 0 1 9 100000 5 30010.6 0 221296 100000 ZonesAtSurface
3379.76 624.488 238.486 8 0 1 9 100000 5 104876 0.936735 445672 100000 ZonesAtSurface
3429.88 624.5 278.45 9 0 1 9 100000 5 64507.1 1.00868 307405 100000 ZonesAtSurface
3480.03 624.496 268.448 7 0 1 10 100000 5 131973 0.96029 394418 100000 ZonesAtSurface
3530.16 624.466 308.406 8 1 2 10 100000 5 100000 0 247484 100000 ZonesAtSurface
3580.35 624.469 298.432 2 0 1 11 100000 5 174871 1.07001 367925 100000 ZonesAtSurface
3630.54 624.48 338.381 10 0 2 11 100000 5 61387.6 1.00029 274339 100000 ZonesAtSurface
3680.64 624.432 328.337 7 0 1 12 100000 5 182419 0.818034 321524 100000 ZonesAtSurface
3730.84 624.42 368.294 1 2 2 12 100000 5 10000 0.392497 552992 100000 ZonesAtSurface
3781.01 624.441 368.312 2 3 2 12 100000 5 10000 0 360488 100000 ZonesAtSurface
3831.19 624.432 378.302 10 0 2 11 100000 5 100000 0 285052 100000 ZonesAtSurface
3881.31 624.403 338.345 0 1 2 11 100000 5 10000 0 432234 100000 ZonesAtSurface
3931.42 624.355 348.37 1 1 2 10 100000 5 10000 0 379417 100000 ZonesAtSurface
3981.48 624.376 308.382 1 0 2 10 100000 5 100000 0 415712 100000 ZonesAtSurface
4031.67 624.39 318.35 1 1 2 9 100000 5 100000 0.518074 387337 100000 ZonesAtSurface
4081.56 624.361 228.412 1 0 2 10 100000 5 187668 0 204806 100000 ZonesAtSurface
4131.94 624.363 288.314 4 2 2 8 100000 5 56347.6 0.84825 250144 100000 ZonesAtSurface
4181.81 624.374 198.393 0 0 1 9 100000 5 10000 0.580016 376244 100000 ZonesAtSurface
4231.75 624.366 108.425 0 0 2 10 100000 5 117001 1.02021 258198 100000 ZonesAtSurface
4281.9 624.327 118.406 4 1 2 9 100000 5 68238.1 0 257623 100000 ZonesAtSurface
4331.77 624.362 28.4488 0 0 2 10 100000 5 131550 0.903755 346509 100000 ZonesAtSurface
4381.75 624.337 -11.5249 2 0 2 10 100000 5 83591.1 0.753726 288703 100000 ZonesAtSurface
4431.92 624.331 -1.50821 10 6 2 9 100000 5 10000 0 319943 100000 ZonesAtSurface
4481.89 624.305 -41.484 8 3 2 9 100000 5 10000 0 291013 100000 ZonesAtSurface
4532.03 624.266 -31.459 16 9 1 8 100000 5 10000 0.520206 417655 100000 ZonesAtSurface
4582.15 624.272 -21.4385 37 16 2 7 100000 5 10000 0 295205 100000 ZonesAtSurface
4632.28 624.297 -11.4304 50 32 2 6 100000 5 10000 0.576831 378919 100000 ZonesAtSurface
4682.42 624.362 -1.39858 57 54 1 5 100000 5 10000 0 239449 100000 ZonesAtSurface
4732.25 624.359 -41.3614 82 21 1 5 100000 5 10000 0 228592 100000 ZonesAtSurface
4782.11 624.38 -31.2355 92 20 1 4 100000 5 10000 0 246752 100000 ZonesAtSurface
4832 624.309 -21.2066 105 30 1 3 100000 5 10000 0.828481 265513 100000 ZonesAtSurface
4881.9 624.191 -11.2027 130 3 1 2 100000 5 100000 1.05175 225217 100000 ZonesAtSurface
4931.8 624.022 -1.08499 147 49 1 1 100000 5 10000 0.578815 375383 100000 ZonesAtSurface
81.3415 674.405 -21.4384 156 6 1 1 100000 5 10000 1.48217 749112 100000 ZonesAtSurface
130.48 674.475 -46.8556 142 2 1 2 100000 5 100000 0.931228 1.36446e+06 100000 ZonesAtSurface
180.166 674.425 -21.9057 148 13 1 2 100000 5 10000 1.69808 406008 100000 ZonesAtSurface
229.9 674.511 -46.9805 122 0 1 3 100000 5 42413.4 1.03377 853300 100000 ZonesAtSurface
279.715 674.493 -22.1726 116 12 1 3 100000 5 10000 1.38867 410790 100000 ZonesAtSurface
329.66 674.542 -47.2199 102 1 1 4 100000 5 72111.4 1.0196 1.08248e+06 100000 ZonesAtSurface
379.566 674.534 -22.2948 88 10 1 4 100000 5 10000 1.97104 423985 100000 ZonesAtSurface
429.474 674.569 -47.2881 78 0 1 5 100000 5 35384.2 1.00928 1.43971e+06 100000 ZonesAtSurface
479.271 674.553 -22.3574 62 8 1 5 100000 5 10000 1.65913 368952 100000 ZonesAtSurface
529.255 674.574 -47.4574 55 0 1 6 100000 5 144596 0.916907 1.13784e+06 100000 ZonesAtSurface
579.092 674.553 -22.5426 43 9 1 6 100000 5 10000 0 463806 100000 ZonesAtSurface
629.218 674.55 -47.6321 27 0 1 7 100000 5 155225 1.25549 461374 100000 ZonesAtSurface
679.131 674.532 -22.6979 19 6 1 7 100000 5 10000 1.00643 697337 100000 ZonesAtSurface
729.261 674.523 -47.7665 11 0 1 8 100000 5 135776 0.853771 1.44801e+06 100000 ZonesAtSurface
779.244 674.515 -22.8107 11 0 1 8 100000 5 29882 0.742011 977021 100000 ZonesAtSurface
829.294 674.511 -47.8725 1 0 1 9 1e+06 30 144867 1.0447 1.73953e+07 1e+06 ZonesAtSurface
879.257 674.512 27.1025 1 0 1 8 100000 5 165290 0.63597 531074 100000 ZonesAtSurface
929.324 674.512 2.05639 0 0 1 9 1e+06 30 62958.8 0.701947 1.85268e+07 1e+06 ZonesAtSurface
979.345 674.505 77.036 3 0 1 8 100000 5 71307 0.8143 632722 100000 ZonesAtSurface
1029.42 674.499 102.01 0 0 1 8 100000 5 67631 1.02497 453137 100000 ZonesAtSurface
1079.52 674.498 126.984 0 0 1 8 100000 5 32229.3 0.835646 295471 100000 ZonesAtSurface
1129.61 674.472 201.965 9 1 1 7 100000 5 100000 0.852711 301292 100000 ZonesAtSurface
1179.68 674.48 176.922 8 0 1 8 100000 5 71559.2 0.968922 703913 100000 ZonesAtSurface
1229.74 674.474 201.903 6 0 1 8 100000 5 96539.6 1.76634 260439 100000 ZonesAtSurface
1279.8 674.472 226.895 6 0 1 8 100000 5 92540.8 1.18503 427904 100000 ZonesAtSurface
1329.87 674.483 251.88 7 0 1 8 100000 5 97064.9 0 263068 100000 ZonesAtSurface
1379.91 674.473 226.833 1 0 1 9 100000 5 86143.7 1.25611 390701 100000 ZonesAtSurface
1430.03 674.468 251.821 0 0 1 9 100000 5 67520.1 1.05975 386272 100000 ZonesAtSurface
1480.15 674.411 326.782 1 0 2 8 100000 5 28662.1 0 257313 100000 ZonesAtSurface
1530.31 674.471 301.814 2 0 1 9 100000 5 18442.6 0.487734 442455 100000 ZonesAtSurface
1580.4 674.453 276.824 0 0 1 10 100000 5 17511.3 1.007 629003 100000 ZonesAtSurface
1630.47 674.401 301.819 0 1 1 10 100000 5 100000 1.36797 145615 100000 ZonesAtSurface
1680.54 674.343 276.823 6 0 1 11 100000 5 159977 0.956374 349857 100000 ZonesAtSurface
1730.7 674.378 251.894 5 0 1 12 100000 5 75687.1 0.813008 719192 100000 ZonesAtSurface
1780.81 674.405 226.945 2 0 1 13 100000 5 147275 0.773841 548192 100000 ZonesAtSurface
1831.09 674.403 301.905 9 3 2 12 100000 5 100000 0 306142 100000 ZonesAtSurface
1881.07 674.349 226.924 0 0 2 14 100000 5 58921 0.936911 272952 100000 ZonesAtSurface
1931.36 674.302 301.88 7 1 2 13 100000 5 100000 1.2818 190216 100000 ZonesAtSurface
1981.37 674.222 226.966 2 0 1 15 100000 5 103069 0.879237 290564 100000 ZonesAtSurface
2031.31 674.172 139.542 0 1 2 16 100000 5 10000 0 655113 100000 ZonesAtSurface
2081.49 674.094 139.558 3 4 2 14 100000 5 10000 0 269939 100000 ZonesAtSurface
2131.33 674.105 39.5695 7 0 2 14 100000 5 47316.2 0.783628 552642 100000 ZonesAtSurface
2181.29 674.172 -10.4106 14 0 1 13 100000 5 80529.7 1.11065 1.08842e+06 100000 ZonesAtSurface
2231.41 674.171 -10.3744 35 0 1 11 100000 5 142682 0.907333 423680 100000 ZonesAtSurface
2281.54 674.173 -10.2944 53 0 1 9 100000 5 100000 0.969774 506041 100000 ZonesAtSurface
2331.6 674.168 -10.2758 65 20 1 7 100000 5 10000 1.5459 173276 100000 ZonesAtSurface
2381.8 674.179 -10.209 63 47 1 5 100000 5 10000 0.838007 382870 100000 ZonesAtSurface
2431.84 674.185 -10.1595 105 23 1 3 100000 5 10000 1.02228 469528 100000 ZonesAtSurface
2481.67 674.038 -9.90759 114 0 1 1 100000 5 65425.1 0.956342 619541 100000 ZonesAtSurface
2530.98 674.256 -39.4526 113 0 1 1 100000 5 108811 0.8731 1.11703e+06 100000 ZonesAtSurface
2580.66 674.353 -49.4792 77 0 1 2 100000 5 131061 1.17642 882695 100000 ZonesAtSurface
2630.47 674.389 -9.53981 140 7 1 2 100000 5 10000 0 236137 100000 ZonesAtSurface
2680.29 674.431 -19.5995 126 4 1 3 100000 5 10000 0.881915 316490 100000 ZonesAtSurface
2730.18 674.466 -29.5222 108 0 1 4 100000 5 100000 0.754163 423728 100000 ZonesAtSurface
2779.65 674.491 -39.7302 96 0 1 5 100000 5 12029 0.93458 551180 100000 ZonesAtSurface
2829.53 674.502 -49.916 17 0 1 6 100000 5 124563 1.13184 417668 100000 ZonesAtSurface
2879.24 674.501 -9.96658 63 0 1 6 100000 5 10000 1.81506 215757 100000 ZonesAtSurface
2929.3 674.507 -20.0871 36 0 1 7 100000 5 162058 1.11032 182290 100000 ZonesAtSurface
2979.4 674.516 -30.1488 16 0 1 8 100000 5 101797 1.23055 329913 100000 ZonesAtSurface
3029.47 674.498 -40.2045 4 0 1 9 100000 5 168593 1.17921 446927 100000 ZonesAtSurface
3079.46 674.491 -0.231614 17 0 1 9 100000 5 172540 1.11553 513563 100000 ZonesAtSurface
3129.54 674.48 -10.288 2 0 1 10 100000 5 185403 1.16731 856867 100000 ZonesAtSurface
3179.54 674.486 79.6637 4 0 1 9 100000 5 70590 0.988261 409251 100000 ZonesAtSurface
3229.61 674.49 119.612 5 0 1 9 100000 5 57875 1.15959 458685 100000 ZonesAtSurface
3279.69 674.478 159.574 5 0 1 9 100000 5 108945 0.645999 313055 100000 ZonesAtSurface
3329.78 674.47 199.53 1 1 1 9 100000 5 10000 0 197942 100000 ZonesAtSurface
3379.9 674.473 239.487 7 0 1 9 100000 5 89325.1 1.01945 276786 100000 ZonesAtSurface
3430.04 674.482 229.5 3 0 1 10 100000 5 70041.1 1.10116 500858 100000 ZonesAtSurface
3480.17 674.476 269.449 1 0 1 10 100000 5 158565 0.813032 359936 100000 ZonesAtSurface
3530.31 674.441 309.412 5 0 2 10 100000 5 94038.7 0.834932 281279 100000 ZonesAtSurface
3580.49 674.418 299.429 3 0 1 11 100000 5 36405.5 1.06764 356925 100000 ZonesAtSurface
3630.64 674.429 339.385 5 2 1 11 100000 5 100000 0 305300 100000 ZonesAtSurface
3680.75 674.393 329.339 0 0 1 12 100000 5 31164.5 0.896506 275975 100000 ZonesAtSurface
3730.9 674.382 369.296 8 2 1 12 100000 5 100000 0 254517 100000 ZonesAtSurface
3781.07 674.4 369.311 0 1 2 12 100000 5 10000 0 418351 100000 ZonesAtSurface
3831.25 674.399 379.303 2 4 2 11 100000 5 10000 0 421238 100000 ZonesAtSurface
3881.37 674.387 339.347 0 0 2 11 100000 5 53535.5 0.551811 377690 100000 ZonesAtSurface
3931.46 674.342 349.366 0 0 2 10 100000 5 10000 0 352691 100000 ZonesAtSurface
3981.63 674.327 359.337 3 4 2 9 100000 5 10000 0.617837 351005 100000 ZonesAtSurface
4031.73 674.343 319.359 5 1 2 9 100000 5 100000 0.496819 404334 100000 ZonesAtSurface
4081.93 674.356 329.295 7 3 2 8 100000 5 95180 0.592989 337932 100000 ZonesAtSurface
4131.99 674.326 289.327 0 0 1 8 100000 5 100000 0 201581 100000 ZonesAtSurface
4181.89 674.326 199.397 4 2 1 9 100000 5 10000 0 237735 100000 ZonesAtSurface
4232.02 674.308 209.407 9 2 2 8 100000 5 100000 0.665173 302304 100000 ZonesAtSurface
4281.97 674.311 119.42 1 1 2 9 100000 5 10000 0 142822 100000 ZonesAtSurface
4332.01 674.311 79.4403 0 0 2 9 100000 5 19952.7 0 227492 100000 ZonesAtSurface
4382.02 674.31 39.4741 3 5 2 9 100000 5 10000 0 317428 100000 ZonesAtSurface
4432 674.291 -0.497494 1 2 2 9 100000 5 10000 0.413004 525121 100000 ZonesAtSurface
4481.96 674.266 -40.4731 2 3 2 9 100000 5 14750.4 0 395487 100000 ZonesAtSurface
4532.08 674.243 -30.4498 17 6 1 8 100000 5 10000 0 315305 100000 ZonesAtSurface
4582.2 674.252 -20.4338 35 13 2 7 100000 5 10000 0 362332 100000 ZonesAtSurface
4632.34 674.282 -10.4197 46 24 2 6 100000 5 10000 0.928289 233484 100000 ZonesAtSurface
4682.45 674.363 -0.355644 77 21 1 5 100000 5 10000 0 223237 100000 ZonesAtSurface
4732.28 674.336 -40.3068 80 9 1 5 100000 5 10000 0 255818 100000 ZonesAtSurface
4782.14 674.337 -30.1917 96 23 1 4 100000 5 10000 0 227727 100000 ZonesAtSurface
4832.03 674.273 -20.1637 115 15 1 3 100000 5 10000 0.776848 281716 100000 ZonesAtSurface
4881.88 674.16 -10.1691 132 27 1 2 100000 5 10000 1.09314 199624 100000 ZonesAtSurface
4931.8 674.004 -0.0548987 135 42 1 1 100000 5 10000 0.679318 320051 100000 ZonesAtSurface
81.284 724.371 -20.5362 157 5 2 1 100000 5 10000 1.41502 765655 100000 ZonesAtSurface
130.435 724.397 -45.9146 138 6 1 2 100000 5 10000 1.01393 1.42107e+06 100000 ZonesAtSurface
180.154 724.331 -20.9604 150 17 1 2 100000 5 10000 1.76968 197752 100000 ZonesAtSurface
229.928 724.447 -46.0431 139 0 1 3 100000 5 139666 0.987646 970646 100000 ZonesAtSurface
279.815 724.436 -21.2361 118 7 1 3 100000 5 10000 1.58927 274947 100000 ZonesAtSurface
329.706 724.485 -46.233 103 1 1 4 100000 5 100000 1.03017 1.22246e+06 100000 ZonesAtSurface
379.589 724.483 -21.2879 99 17 1 4 100000 5 10000 2.02362 334237 100000 ZonesAtSurface
429.572 724.519 -46.3074 84 1 1 5 100000 5 29441.1 0.992873 1.07195e+06 100000 ZonesAtSurface
479.406 724.517 -21.3917 65 5 1 5 100000 5 10000 2.36685 265673 100000 ZonesAtSurface
529.379 724.549 -46.482 48 0 1 6 100000 5 17733.5 0.825714 641485 100000 ZonesAtSurface
579.23 724.528 -21.5856 32 6 1 6 100000 5 10000 0 388307 100000 ZonesAtSurface
629.361 724.525 -46.6621 26 0 1 7 100000 5 183099 1.06053 807407 100000 ZonesAtSurface
679.279 724.506 -21.7177 19 2 1 7 100000 5 10000 1.06847 680311 100000 ZonesAtSurface
729.381 724.49 -46.7858 4 0 1 8 100000 5 152169 0.898936 1.43113e+06 100000 ZonesAtSurface
779.365 724.48 -21.8282 2 0 1 8 100000 5 72197.3 0.673455 697769 100000 ZonesAtSurface
829.371 724.478 3.12847 9 0 1 8 100000 5 110396 0.753658 718892 100000 ZonesAtSurface
879.329 724.472 78.09 10 3 1 7 100000 5 10000 1.02222 374966 100000 ZonesAtSurface
929.44 724.472 53.0537 0 0 1 8 100000 5 21248.2 0.640957 342069 100000 ZonesAtSurface
979.492 724.449 128.026 10 0 1 7 100000 5 41199.2 1.24346 475828 100000 ZonesAtSurface
1029.59 724.452 102.997 5 0 1 8 100000 5 51479.1 0.918525 872724 100000 ZonesAtSurface
1079.66 724.449 127.968 4 0 1 8 100000 5 58438.4 1.07416 835690 100000 ZonesAtSurface
1129.74 724.436 202.96 8 0 1 7 100000 5 30351.2 1.59901 173433 100000 ZonesAtSurface
1179.77 724.452 177.916 5 0 1 8 100000 5 183104 1.06877 923783 100000 ZonesAtSurface
1229.82 724.461 202.899 5 0 1 8 1e+06 30 135100 1.44598 4.12372e+06 1e+06 ZonesAtSurface
1279.87 724.47 227.887 10 0 1 8 100000 5 100000 0 325435 100000 ZonesAtSurface
1329.98 724.452 302.867 9 0 1 7 100000 5 48331.9 0.932769 376818 100000 ZonesAtSurface
1380.02 724.436 277.823 8 0 1 8 100000 5 111509 1.18826 290571 100000 ZonesAtSurface
1430.16 724.386 352.818 10 4 1 7 100000 5 100000 0 216449 100000 ZonesAtSurface
1480.27 724.356 377.79 9 5 2 7 100000 5 10000 0.451621 480596 100000 ZonesAtSurface
1530.41 724.42 302.822 5 0 1 9 100000 5 102536 0.977892 504575 100000 ZonesAtSurface
1580.52 724.441 327.829 10 0 1 9 100000 5 100000 0.453554 442095 100000 ZonesAtSurface
1630.65 724.413 352.84 10 0 1 9 100000 5 94645 0.614973 330000 100000 ZonesAtSurface
1680.68 724.304 277.846 6 0 1 11 100000 5 108664 0.966165 482262 100000 ZonesAtSurface
1730.78 724.311 252.884 5 0 1 12 100000 5 40181.1 1.10752 735917 100000 ZonesAtSurface
1780.94 724.359 277.9 0 0 1 12 100000 5 73853.7 0.765391 332966 100000 ZonesAtSurface
1831.05 724.377 252.939 2 0 2 13 100000 5 50431.8 1.04744 436616 100000 ZonesAtSurface
1881.16 724.318 227.935 1 0 2 14 100000 5 85469.9 1.05552 428025 100000 ZonesAtSurface
1931.35 724.281 252.919 2 0 1 14 100000 5 99846.7 1.09484 263853 100000 ZonesAtSurface
1981.44 724.171 227.967 1 0 2 15 100000 5 163098 1.01154 372659 100000 ZonesAtSurface
2031.53 724.09 190.532 1 2 2 15 100000 5 10000 0.363997 601648 100000 ZonesAtSurface
2081.58 724.047 140.565 1 3 1 14 100000 5 10000 0 386264 100000 ZonesAtSurface
2131.43 724.058 40.5737 1 0 1 14 100000 5 93188.7 0.896068 377338 100000 ZonesAtSurface
2181.39 724.115 -9.40892 5 0 2 13 100000 5 144435 1.01696 992780 100000 ZonesAtSurface
2231.5 724.124 -9.37748 23 1 1 11 100000 5 10000 0 411548 100000 ZonesAtSurface
2281.62 724.135 -9.29998 48 3 1 9 100000 5 10211.7 1.03278 346076 100000 ZonesAtSurface
2331.65 724.122 -9.26999 60 30 1 7 100000 5 10000 0 180538 100000 ZonesAtSurface
2381.86 724.134 -9.22004 60 45 1 5 100000 5 10000 0 657123 100000 ZonesAtSurface
2431.9 724.109 -9.16397 113 11 1 3 100000 5 10000 0.69427 483305 100000 ZonesAtSurface
2481.75 723.952 -8.8896 115 0 1 1 100000 5 69191.4 1.03792 587170 100000 ZonesAtSurface
2531.13 724.214 -38.4042 114 0 1 1 100000 5 144651 0.994752 685224 100000 ZonesAtSurface
2580.66 724.279 -48.4858 114 0 1 2 100000 5 169939 0.968387 873152 100000 ZonesAtSurface
2630.44 724.286 -8.5786 134 9 1 2 100000 5 10000 1.57405 163320 100000 ZonesAtSurface
2680.38 724.371 -18.6538 126 3 1 3 100000 5 100000 0.931073 408457 100000 ZonesAtSurface
2730.29 724.433 -28.5497 106 0 1 4 100000 5 38451.8 0.984303 601526 100000 ZonesAtSurface
2779.89 724.458 -38.6893 93 0 1 5 100000 5 174942 1.12912 696069 100000 ZonesAtSurface
2829.68 724.46 -48.8679 79 0 1 6 100000 5 103293 1.07595 548024 100000 ZonesAtSurface
2879.35 724.455 -8.98085 65 6 1 6 100000 5 10000 1.57805 153270 100000 ZonesAtSurface
2929.45 724.458 -19.1045 40 0 1 7 100000 5 100000 0.844307 470830 100000 ZonesAtSurface
2979.58 724.476 -29.1656 16 0 1 8 100000 5 60843 1.59047 369628 100000 ZonesAtSurface
3029.66 724.466 -39.2159 0 0 1 9 100000 5 51710.3 1.94721 448468 100000 ZonesAtSurface
3079.71 724.455 -49.2715 2 0 1 10 100000 5 114706 1.05955 1.01595e+06 100000 ZonesAtSurface
3129.71 724.447 -9.2948 1 0 1 10 100000 5 112099 1.05232 974640 100000 ZonesAtSurface
3179.68 724.458 80.6654 5 0 1 9 100000 5 168348 1.00415 632420 100000 ZonesAtSurface
3229.74 724.468 120.617 7 0 1 9 100000 5 93099.2 0.849411 685971 100000 ZonesAtSurface
3279.83 724.47 160.574 4 0 2 9 100000 5 76684.9 0 376680 100000 ZonesAtSurface
3329.87 724.458 250.458 10 0 1 8 100000 5 94313.7 0.995019 267114 100000 ZonesAtSurface
3380.03 724.457 240.478 3 0 1 9 100000 5 149488 0.878475 346851 100000 ZonesAtSurface
3430.19 724.439 230.492 5 0 1 10 100000 5 58946.1 1.26929 607361 100000 ZonesAtSurface
3480.31 724.423 270.449 1 0 1 10 100000 5 164923 0.959102 403548 100000 ZonesAtSurface
3530.42 724.386 310.415 4 0 1 10 100000 5 100000 0.847269 392498 100000 ZonesAtSurface
3580.61 724.362 300.423 4 0 1 11 100000 5 149349 1.08269 308840 100000 ZonesAtSurface
3630.74 724.386 340.384 4 1 1 11 100000 5 49312.7 0.598706 355487 100000 ZonesAtSurface
3680.85 724.373 380.337 7 4 1 11 100000 5 23312.6 0 301028 100000 ZonesAtSurface
3730.96 724.351 370.3 8 2 1 12 100000 5 45237 0 526532 100000 ZonesAtSurface
3781.12 724.354 370.316 1 2 2 12 100000 5 10000 0 418788 100000 ZonesAtSurface
3831.29 724.365 380.297 2 2 1 11 100000 5 100000 0.591211 340755 100000 ZonesAtSurface
3881.43 724.355 390.323 2 5 2 10 100000 5 10000 0 375563 100000 ZonesAtSurface
3931.56 724.318 400.333 2 5 2 9 100000 5 10000 0 466390 100000 ZonesAtSurface
3981.66 724.293 360.354 0 0 2 9 100000 5 10000 0 366120 100000 ZonesAtSurface
4031.86 724.327 370.281 3 5 2 8 100000 5 10000 0.692498 313118 100000 ZonesAtSurface
4081.86 724.311 280.379 0 0 1 9 100000 5 10196 1.02523 464591 100000 ZonesAtSurface
4132.02 724.294 290.348 8 5 1 8 100000 5 10000 0 262632 100000 ZonesAtSurface
4182.06 724.284 250.38 7 0 2 8 100000 5 139285 1.36246 211430 100000 ZonesAtSurface
4232.08 724.292 210.416 8 0 2 8 100000 5 100000 1.11363 232172 100000 ZonesAtSurface
4282.09 724.277 170.435 4 0 1 8 100000 5 105447 1.19952 240241 100000 ZonesAtSurface
4332.12 724.269 130.455 1 2 1 8 100000 5 10000 0.708955 306465 100000 ZonesAtSurface
4382.08 724.281 40.4871 0 1 2 9 100000 5 10000 0 237588 100000 ZonesAtSurface
4432.07 724.263 0.514513 7 0 1 9 100000 5 143012 0.623528 320441 100000 ZonesAtSurface
4482.02 724.242 -39.4627 0 0 1 9 100000 5 107114 0.786548 467801 100000 ZonesAtSurface
4532.14 724.226 -29.4421 18 4 1 8 100000 5 10000 0 454291 100000 ZonesAtSurface
4582.25 724.228 -19.4271 33 11 2 7 100000 5 10000 0 308232 100000 ZonesAtSurface
4632.38 724.26 -9.40261 37 27 2 6 100000 5 10000 0.965275 234644 100000 ZonesAtSurface
4682.27 724.256 -49.3794 56 8 1 6 100000 5 10000 0.851676 332084 100000 ZonesAtSurface
4732.27 724.299 -39.2585 74 7 1 5 100000 5 10000 1.0089 281319 100000 ZonesAtSurface
4782.18 724.296 -29.1792 91 12 1 4 100000 5 10000 0 249735 100000 ZonesAtSurface
4832.05 724.238 -19.134 116 9 1 3 100000 5 10000 0.920311 237554 100000 ZonesAtSurface
4881.88 724.126 -9.12 148 5 1 2 100000 5 100000 1.15182 194065 100000 ZonesAtSurface
4931.83 723.972 0.964335 134 38 1 1 100000 5 10000 0.593717 365305 100000 ZonesAtSurface
81.3466 774.368 -19.6055 157 9 2 1 100000 5 10000 1.30254 670602 100000 ZonesAtSurface
130.56 774.335 -44.9324 149 2 1 2 100000 5 100000 1.01049 1.59983e+06 100000 ZonesAtSurface
180.277 774.221 -19.9959 136 12 1 2 100000 5 10000 2.0423 213893 100000 ZonesAtSurface
230.026 774.363 -45.1006 126 0 1 3 100000 5 100000 1.02123 1.14512e+06 100000 ZonesAtSurface
279.946 774.343 -20.2539 127 22 1 3 100000 5 10000 1.54085 343807 100000 ZonesAtSurface
329.772 774.426 -45.2162 104 0 1 4 100000 5 100000 1.07258 1.19699e+06 100000 ZonesAtSurface
379.616 774.431 -20.2522 99 19 1 4 100000 5 10000 1.36601 441270 100000 ZonesAtSurface
429.625 774.468 -45.3167 85 0 1 5 100000 5 65709.9 0.937262 690351 100000 ZonesAtSurface
479.487 774.478 -20.4006 76 8 2 5 100000 5 10000 1.66547 210454 100000 ZonesAtSurface
529.486 774.509 -45.4834 62 0 2 6 100000 5 180964 0.855746 637104 100000 ZonesAtSurface
579.334 774.494 -20.6031 35 9 1 6 100000 5 10000 0 264566 100000 ZonesAtSurface
629.484 774.499 -45.6865 16 0 1 7 100000 5 47687.1 1.00346 890875 100000 ZonesAtSurface
679.401 774.484 -20.7389 20 2 1 7 100000 5 10000 0.99248 889719 100000 ZonesAtSurface
729.503 774.46 -45.8029 14 0 1 8 100000 5 14815.2 0.898729 1.5308e+06 100000 ZonesAtSurface
779.48 774.448 -20.8425 6 0 1 8 100000 5 187158 0.673088 711589 100000 ZonesAtSurface
829.489 774.442 4.11615 6 0 1 8 100000 5 99872.9 0.782376 783422 100000 ZonesAtSurface
879.471 774.432 79.0811 9 4 1 7 100000 5 10000 1.0066 431509 100000 ZonesAtSurface
929.586 774.43 54.0433 1 0 1 8 100000 5 79714.9 0 306210 100000 ZonesAtSurface
979.637 774.404 129.019 9 1 1 7 100000 5 69473.3 1.11157 542606 100000 ZonesAtSurface
1029.7 774.399 153.997 7 0 1 7 100000 5 185558 0.843345 265046 100000 ZonesAtSurface
1079.74 774.408 178.977 6 0 1 7 100000 5 61255.1 0.973803 281875 100000 ZonesAtSurface
1129.78 774.413 203.954 7 0 1 7 100000 5 85858 1.12272 192067 100000 ZonesAtSurface
1179.8 774.44 178.909 0 0 1 8 100000 5 17662.2 0.0955114 8.22815e+06 100000 ZonesAtSurface
1229.91 774.436 253.904 3 0 2 7 100000 5 42612 0.93067 347681 100000 ZonesAtSurface
1279.95 774.452 228.878 4 0 1 8 100000 5 49453.2 0.788558 304623 100000 ZonesAtSurface
1330.07 774.433 253.856 4 0 1 8 100000 5 109842 1.01322 422919 100000 ZonesAtSurface
1380.18 774.382 278.832 6 0 1 8 100000 5 64793.4 1.09541 575246 100000 ZonesAtSurface
1430.32 774.359 353.833 7 2 1 7 100000 5 87512.8 0 428570 100000 ZonesAtSurface
1480.37 774.296 328.801 2 0 1 8 100000 5 56746.6 0.780759 282608 100000 ZonesAtSurface
1530.5 774.376 303.821 0 0 1 9 100000 5 89921.9 0.897798 573737 100000 ZonesAtSurface
1580.62 774.405 278.843 4 0 1 10 100000 5 59082.7 1.13149 807484 100000 ZonesAtSurface
1630.7 774.351 253.861 2 0 1 11 100000 5 54431.2 1.18221 1.09299e+06 100000 ZonesAtSurface
1680.83 774.305 328.874 6 5 1 10 100000 5 10000 0.586666 374210 100000 ZonesAtSurface
1730.87 774.268 303.876 9 0 1 11 100000 5 67648.6 1.05683 253689 100000 ZonesAtSurface
1780.96 774.312 278.886 3 0 1 12 100000 5 167185 0.814513 345706 100000 ZonesAtSurface
1831.13 774.319 253.944 5 0 1 13 100000 5 33738.6 0.958247 840394 100000 ZonesAtSurface
1881.25 774.262 228.937 4 0 1 14 100000 5 71297.2 1.30724 789390 100000 ZonesAtSurface
1931.44 774.259 253.924 2 1 1 14 100000 5 30722.6 0.963203 220661 100000 ZonesAtSurface
1981.65 774.136 278.952 6 4 2 14 100000 5 10000 0.790633 275629 100000 ZonesAtSurface
2031.62 774.019 191.537 2 1 2 15 100000 5 100000 0.507188 400482 100000 ZonesAtSurface
2081.66 774.017 141.569 0 1 2 14 100000 5 10000 0.236799 920584 100000 ZonesAtSurface
2131.65 774.04 91.5878 9 3 2 13 100000 5 10000 0 865404 100000 ZonesAtSurface
2181.48 774.076 -8.40452 1 0 2 13 100000 5 146873 1.05901 1.14606e+06 100000 ZonesAtSurface
2231.59 774.083 -8.37772 21 0 1 11 100000 5 100000 0 336305 100000 ZonesAtSurface
2281.7 774.092 -8.30449 44 11 1 9 100000 5 10000 0 361799 100000 ZonesAtSurface
2331.7 774.086 -8.25725 49 32 1 7 100000 5 10000 0.469591 472572 100000 ZonesAtSurface
2381.92 774.092 -8.21657 61 33 1 5 100000 5 10000 0.273153 799195 100000 ZonesAtSurface
2431.94 774.049 -8.16674 108 14 1 3 100000 5 10000 0.970128 365730 100000 ZonesAtSurface
2481.81 773.872 -7.89715 116 1 1 1 100000 5 100000 1.01557 443404 100000 ZonesAtSurface
2531.25 774.13 -37.4494 115 0 1 1 100000 5 26356.7 1.01515 564723 100000 ZonesAtSurface
2580.77 774.181 -47.5094 115 0 1 2 100000 5 165140 1.0038 941496 100000 ZonesAtSurface
2630.56 774.149 -7.55087 133 3 1 2 100000 5 63448.1 1.70912 257967 100000 ZonesAtSurface
2680.49 774.272 -17.6294 132 1 1 3 100000 5 58384.1 1.00462 505653 100000 ZonesAtSurface
2730.38 774.358 -27.5675 106 0 2 4 100000 5 23025.4 1.04593 592495 100000 ZonesAtSurface
2780.07 774.386 -37.706 104 0 1 5 100000 5 71961.5 1.27162 575923 100000 ZonesAtSurface
2829.83 774.397 -47.856 80 0 2 6 100000 5 173167 1.05305 809048 100000 ZonesAtSurface
2879.46 774.393 -8.00796 73 14 2 6 100000 5 10000 1.93423 142393 100000 ZonesAtSurface
2929.6 774.41 -18.124 35 0 1 7 100000 5 10000 0.979623 663330 100000 ZonesAtSurface
2979.74 774.427 -28.1817 17 0 1 8 100000 5 13110.7 1.26281 616239 100000 ZonesAtSurface
3029.44 774.406 61.6767 9 3 2 7 100000 5 10000 0 293624 100000 ZonesAtSurface
3079.79 774.434 1.74063 4 0 1 9 100000 5 127207 1.39079 786484 100000 ZonesAtSurface
3129.65 774.422 91.6426 3 0 1 8 100000 5 50384.4 0.878701 317894 100000 ZonesAtSurface
3179.82 774.425 81.6562 1 0 1 9 100000 5 163298 1.14207 953048 100000 ZonesAtSurface
3229.87 774.428 121.615 2 0 1 9 100000 5 149754 0.865525 843223 100000 ZonesAtSurface
3279.96 774.433 161.57 4 0 2 9 100000 5 162459 0.688696 539834 100000 ZonesAtSurface
3329.92 774.414 251.443 10 2 1 8 100000 5 80064.8 1.01048 291155 100000 ZonesAtSurface
3380.13 774.416 241.468 6 0 1 9 100000 5 100000 1.03914 455260 100000 ZonesAtSurface
3430.33 774.382 231.492 4 0 1 10 100000 5 18322.7 0.929508 470282 100000 ZonesAtSurface
3480.42 774.356 271.457 4 0 1 10 100000 5 130042 1.1012 470824 100000 ZonesAtSurface
3530.51 774.319 311.421 0 0 2 10 100000 5 87162.5 0.928783 308838 100000 ZonesAtSurface
3580.6 774.293 351.383 9 1 2 10 100000 5 29303.7 1.04836 247354 100000 ZonesAtSurface
3630.79 774.341 341.373 0 0 1 11 100000 5 23392 0.57488 374633 100000 ZonesAtSurface
3680.9 774.345 381.33 5 5 2 11 100000 5 100000 0 204329 100000 ZonesAtSurface
3731 774.323 371.31 6 0 1 12 100000 5 68198.6 0.983951 251024 100000 ZonesAtSurface
3781.14 774.315 371.338 4 4 1 12 100000 5 10000 0 508659 100000 ZonesAtSurface
3831.34 774.319 381.285 5 3 1 11 100000 5 10000 0 392952 100000 ZonesAtSurface
3881.48 774.315 391.313 3 0 2 10 100000 5 151981 0.931342 272055 100000 ZonesAtSurface
3931.61 774.311 401.334 2 2 2 9 100000 5 10000 0 426630 100000 ZonesAtSurface
3981.75 774.282 411.297 3 5 2 8 100000 5 10000 0 431785 100000 ZonesAtSurface
4031.88 774.276 371.296 4 2 2 8 100000 5 30708.4 0.458217 470270 100000 ZonesAtSurface
4081.99 774.281 331.325 1 0 2 8 100000 5 110307 0.809448 262157 100000 ZonesAtSurface
4132.05 774.278 291.368 0 0 2 8 100000 5 10000 0.929815 235146 100000 ZonesAtSurface
4182.09 774.27 251.393 1 1 2 8 100000 5 100000 1.09123 183812 100000 ZonesAtSurface
4232.12 774.268 211.426 1 0 2 8 100000 5 10448.3 1.46913 253065 100000 ZonesAtSurface
4282.2 774.289 221.447 5 1 1 7 100000 5 100000 0 354127 100000 ZonesAtSurface
4332.21 774.289 181.463 10 7 2 7 100000 5 50918.8 0 315050 100000 ZonesAtSurface
4382.13 774.251 41.4979 1 0 1 9 100000 5 35881.5 0.866075 463873 100000 ZonesAtSurface
4432.23 774.252 51.5141 10 0 1 8 100000 5 47998.6 0.551834 389348 100000 ZonesAtSurface
4482.23 774.227 11.5359 5 2 2 8 100000 5 10000 0 453335 100000 ZonesAtSurface
4532.19 774.211 -28.4344 16 0 1 8 100000 5 27513.6 0 288543 100000 ZonesAtSurface
4582.29 774.21 -18.418 27 12 2 7 100000 5 10000 0.601262 365984 100000 ZonesAtSurface
4632.42 774.239 -8.37988 41 34 1 6 100000 5 10000 0.858016 252645 100000 ZonesAtSurface
4682.31 774.231 -48.354 50 8 1 6 100000 5 10000 1.00712 424518 100000 ZonesAtSurface
4732.26 774.258 -38.2401 70 6 1 5 100000 5 10000 0.958274 267770 100000 ZonesAtSurface
4782.2 774.263 -28.1633 84 13 1 4 100000 5 10000 1.00177 280271 100000 ZonesAtSurface
4832.05 774.204 -18.1163 122 4 1 3 100000 5 100000 1.03929 287332 100000 ZonesAtSurface
4881.89 774.071 -8.09107 129 17 1 2 100000 5 10000 0.787697 276211 100000 ZonesAtSurface
4931.85 773.941 1.97267 147 33 1 1 100000 5 10000 0 386628 100000 ZonesAtSurface
81.455 824.348 -18.6615 157 8 1 1 100000 5 10000 1.18933 650821 100000 ZonesAtSurface
130.814 824.265 -43.9545 153 5 2 2 100000 5 10000 1.02737 1.31932e+06 100000 ZonesAtSurface
180.525 824.127 -19.0395 142 1 1 2 100000 5 92150.1 1.70817 193674 100000 ZonesAtSurface
230.262 824.273 -44.165 126 0 1 3 100000 5 98166.1 0.945848 1.25385e+06 100000 ZonesAtSurface
280.193 824.257 -19.2124 122 18 1 3 100000 5 10000 1.33947 578456 100000 ZonesAtSurface
329.887 824.363 -44.1601 102 0 1 4 100000 5 100912 1.07043 1.24827e+06 100000 ZonesAtSurface
379.685 824.37 -19.1871 100 20 1 4 100000 5 10000 1.33667 286206 100000 ZonesAtSurface
429.651 824.403 -44.3136 88 4 1 5 100000 5 10000 0.94691 733671 100000 ZonesAtSurface
479.499 824.415 -19.4257 80 15 1 5 100000 5 10000 1.05722 249939 100000 ZonesAtSurface
529.588 824.446 -44.4966 64 0 2 6 100000 5 120544 0.92251 432806 100000 ZonesAtSurface
579.436 824.437 -19.6002 41 19 1 6 100000 5 10000 0.666613 340656 100000 ZonesAtSurface
629.616 824.453 -44.6936 27 0 1 7 100000 5 11533.6 1.05805 1.23643e+06 100000 ZonesAtSurface
679.528 824.445 -19.7515 19 0 1 7 100000 5 93656.7 1.06981 639575 100000 ZonesAtSurface
729.642 824.424 -44.8208 6 0 1 8 100000 5 46530.9 0.807397 1.55088e+06 100000 ZonesAtSurface
779.616 824.411 -19.8557 6 0 1 8 100000 5 43640.9 0.636815 712488 100000 ZonesAtSurface
829.629 824.397 5.10594 10 0 1 8 100000 5 101342 0.629395 609088 100000 ZonesAtSurface
879.671 824.396 30.0655 2 0 1 8 100000 5 177811 0.622243 553034 100000 ZonesAtSurface
929.693 824.378 105.04 9 3 2 7 100000 5 10000 1.46833 433820 100000 ZonesAtSurface
979.745 824.374 130.012 6 0 1 7 100000 5 12378.8 1.61722 429010 100000 ZonesAtSurface
1029.78 824.376 154.989 7 0 1 7 100000 5 172213 0.980064 877864 100000 ZonesAtSurface
1079.82 824.384 179.966 9 0 1 7 100000 5 115676 1.03009 658082 100000 ZonesAtSurface
1129.85 824.405 154.925 0 0 1 8 100000 5 135654 1.01433 1.64794e+06 100000 ZonesAtSurface
1179.94 824.401 229.917 6 4 1 7 100000 5 10000 0 820936 100000 ZonesAtSurface
1230.05 824.41 254.894 4 4 2 7 100000 5 10000 0.898734 253180 100000 ZonesAtSurface
1280.17 824.38 279.873 8 0 1 7 100000 5 21005.4 0 342096 100000 ZonesAtSurface
1330.28 824.364 304.859 9 0 1 7 100000 5 21980.1 0.988551 624191 100000 ZonesAtSurface
1380.37 824.344 279.846 0 0 1 8 100000 5 38313.1 1.04585 228816 100000 ZonesAtSurface
1430.43 824.294 304.837 5 0 1 8 100000 5 150237 1.02495 329631 100000 ZonesAtSurface
1480.49 824.277 329.814 6 0 1 8 100000 5 115511 1.26677 362844 100000 ZonesAtSurface
1530.57 824.276 354.792 6 4 1 8 100000 5 10000 0.452183 481324 100000 ZonesAtSurface
1580.72 824.373 279.851 0 0 1 10 100000 5 73736.6 1.13277 823235 100000 ZonesAtSurface
1630.8 824.326 304.872 5 0 1 10 100000 5 47751.5 1.33112 702016 100000 ZonesAtSurface
1680.81 824.314 229.864 1 0 1 12 100000 5 171641 1.03236 1.42048e+06 100000 ZonesAtSurface
1730.94 824.27 304.876 3 0 1 11 100000 5 100000 0 273151 100000 ZonesAtSurface
1781.02 824.26 229.917 3 0 1 13 100000 5 46965.3 1.05607 1.34949e+06 100000 ZonesAtSurface
1831.22 824.238 254.945 9 0 1 13 100000 5 158074 1.01027 671117 100000 ZonesAtSurface
1881.32 824.212 229.937 5 0 1 14 100000 5 123046 1.05716 1.09712e+06 100000 ZonesAtSurface
1931.51 824.204 254.932 2 2 2 14 100000 5 10000 0 265787 100000 ZonesAtSurface
1981.65 824.092 230.001 0 0 1 15 100000 5 29253.9 0 339765 100000 ZonesAtSurface
2031.81 823.998 242.535 1 3 2 14 100000 5 10000 0 713474 100000 ZonesAtSurface
2081.73 824.006 142.572 0 0 2 14 100000 5 10000 0.259298 839443 100000 ZonesAtSurface
2131.72 824.016 92.5939 4 0 2 13 100000 5 35553.9 0.826081 460336 100000 ZonesAtSurface
2181.57 824.037 -7.3981 8 0 1 13 100000 5 185838 1.00276 995939 100000 ZonesAtSurface
2231.68 824.035 -7.3752 21 0 1 11 100000 5 19135.7 0.984233 555578 100000 ZonesAtSurface
2281.78 824.048 -7.3002 37 7 1 9 100000 5 10000 0.650609 338009 100000 ZonesAtSurface
2331.82 824.039 -7.23166 52 27 1 7 100000 5 10000 0.479298 479544 100000 ZonesAtSurface
2381.96 824.023 -7.19475 77 32 1 5 100000 5 10000 0 405525 100000 ZonesAtSurface
2431.96 823.979 -7.16575 113 10 1 3 100000 5 10000 1.02658 315675 100000 ZonesAtSurface
2481.87 823.818 -6.90879 117 3 1 1 100000 5 10000 0.932759 395871 100000 ZonesAtSurface
2531.34 824.039 -36.5043 116 0 1 1 100000 5 155146 0.954843 622928 100000 ZonesAtSurface
2580.91 824.091 -46.5215 107 0 1 2 100000 5 105421 1.02534 842923 100000 ZonesAtSurface
2630.71 824.044 -6.49908 137 2 1 2 100000 5 100000 1.74449 247528 100000 ZonesAtSurface
2680.58 824.167 -16.6091 134 0 1 3 100000 5 46096.4 0.96154 604362 100000 ZonesAtSurface
2730.45 824.233 -26.6365 118 0 2 4 100000 5 12497.9 0.916481 729589 100000 ZonesAtSurface
2780.23 824.299 -36.763 95 0 1 5 100000 5 89752.9 1.14902 634868 100000 ZonesAtSurface
2829.98 824.337 -46.8769 76 0 1 6 100000 5 36086.2 1.04019 1.11014e+06 100000 ZonesAtSurface
2879.6 824.339 -7.01941 74 13 2 6 100000 5 10000 0.926108 260085 100000 ZonesAtSurface
2929.75 824.363 -17.1274 50 2 1 7 100000 5 10000 1.19863 772304 100000 ZonesAtSurface
2979.9 824.382 -27.1796 18 0 1 8 100000 5 163611 1.07156 893613 100000 ZonesAtSurface
3029.99 824.4 -37.2218 9 0 1 9 100000 5 120557 1.25081 900404 100000 ZonesAtSurface
3079.76 824.38 52.6919 8 3 1 8 100000 5 10000 0.643425 341401 100000 ZonesAtSurface
3130.02 824.393 -7.30955 5 0 1 10 100000 5 151078 1.06076 1.026e+06 100000 ZonesAtSurface
3180.04 824.389 32.6628 4 0 1 10 100000 5 113490 1.10038 863287 100000 ZonesAtSurface
3230.02 824.376 122.616 1 0 2 9 100000 5 179587 0.627853 609229 100000 ZonesAtSurface
3280.1 824.375 162.572 2 0 2 9 100000 5 100430 0.910806 514809 100000 ZonesAtSurface
3329.99 824.352 252.439 7 1 1 8 100000 5 10000 1.02628 328685 100000 ZonesAtSurface
3380.37 824.353 192.526 2 0 1 10 100000 5 117727 0.915581 609183 100000 ZonesAtSurface
3430.32 824.323 282.429 1 0 2 9 100000 5 10000 0.867448 513771 100000 ZonesAtSurface
3480.52 824.309 272.469 2 0 1 10 100000 5 171492 0.843356 438391 100000 ZonesAtSurface
3530.59 824.277 312.433 7 0 2 10 100000 5 82260.6 1.05449 324078 100000 ZonesAtSurface
3580.65 824.244 352.39 10 1 2 10 100000 5 10000 0 216456 100000 ZonesAtSurface
3630.74 824.23 392.32 9 1 2 10 100000 5 10000 0 524186 100000 ZonesAtSurface
3680.92 824.303 382.317 3 0 1 11 100000 5 43557.7 0.576845 370141 100000 ZonesAtSurface
3731.06 824.297 372.323 6 0 1 12 100000 5 75960.5 1.05616 461955 100000 ZonesAtSurface
3781.18 824.283 372.358 2 0 2 12 100000 5 38694.6 0 284944 100000 ZonesAtSurface
3831.37 824.267 382.277 1 0 2 11 100000 5 176351 0.951599 219773 100000 ZonesAtSurface
3881.5 824.272 392.309 5 0 2 10 100000 5 97109.2 1.33836 270621 100000 ZonesAtSurface
3931.63 824.297 402.326 2 4 2 9 100000 5 10000 0 189899 100000 ZonesAtSurface
3981.79 824.26 412.3 10 4 1 8 100000 5 10000 0.433889 500326 100000 ZonesAtSurface
4031.91 824.229 372.315 4 0 1 8 100000 5 92803 1.06754 404825 100000 ZonesAtSurface
4082.05 824.244 382.317 1 4 2 7 100000 5 50997.1 0 226870 100000 ZonesAtSurface
4132.06 824.262 292.383 5 0 1 8 100000 5 36636.5 1.01229 349427 100000 ZonesAtSurface
4182.15 824.278 302.404 5 2 2 7 100000 5 100000 0 454147 100000 ZonesAtSurface
4232.19 824.275 262.43 2 2 2 7 100000 5 10000 0 407574 100000 ZonesAtSurface
4282.22 824.282 222.459 6 2 2 7 100000 5 10000 0 592200 100000 ZonesAtSurface
4332.17 824.243 132.487 0 0 2 8 100000 5 128324 1.03783 291676 100000 ZonesAtSurface
4382.22 824.244 92.5095 0 0 1 8 100000 5 129439 1.07301 374265 100000 ZonesAtSurface
4432.16 824.217 2.53346 0 0 1 9 100000 5 55792.2 0.84372 521009 100000 ZonesAtSurface
4482.26 824.212 12.549 5 3 2 8 100000 5 91382.6 0 192897 100000 ZonesAtSurface
4532.23 824.199 -27.4244 20 0 1 8 100000 5 176999 0.983917 224179 100000 ZonesAtSurface
4582.33 824.195 -17.4036 33 12 1 7 100000 5 10000 0 253304 100000 ZonesAtSurface
4632.44 824.219 -7.3504 37 29 1 6 100000 5 10000 0 378398 100000 ZonesAtSurface
4682.33 824.212 -47.3273 50 7 1 6 100000 5 10000 0.926151 327322 100000 ZonesAtSurface
4732.27 824.232 -37.2255 68 10 1 5 100000 5 10000 1.15084 266498 100000 ZonesAtSurface
4782.22 824.223 -27.1347 84 8 1 4 100000 5 10000 1.03222 341487 100000 ZonesAtSurface
4832.02 824.151 -17.0518 114 6 1 3 100000 5 10000 0.946763 320234 100000 ZonesAtSurface
4881.92 824.025 -7.04776 137 16 1 2 100000 5 10000 0 260754 100000 ZonesAtSurface
4931.86 823.926 2.98117 143 34 1 1 100000 5 10000 0.485412 447193 100000 ZonesAtSurface
81.5231 874.293 -17.7043 156 0 1 1 100000 5 35860.3 1.09029 665244 100000 ZonesAtSurface
131.016 874.193 -42.9839 141 1 1 2 100000 5 100000 1.00933 1.11689e+06 100000 ZonesAtSurface
180.758 874.048 -18.0974 149 1 1 2 100000 5 100000 1.79984 323826 100000 ZonesAtSurface
230.512 874.177 -43.2172 132 0 1 3 100000 5 84173 1.03754 1.09751e+06 100000 ZonesAtSurface
280.457 874.173 -18.2127 135 10 1 3 100000 5 10000 1.56426 493354 100000 ZonesAtSurface
330.089 874.287 -43.1373 106 0 1 4 100000 5 129630 0.870439 1.38733e+06 100000 ZonesAtSurface
379.884 874.272 -18.1298 107 20 1 4 100000 5 10000 0.588568 374825 100000 ZonesAtSurface
429.735 874.31 -43.2882 86 6 1 5 100000 5 10000 0.999014 669170 100000 ZonesAtSurface
479.516 874.322 -18.4313 79 20 1 5 100000 5 10000 1.72992 135664 100000 ZonesAtSurface
529.722 874.366 -43.5194 64 0 2 6 100000 5 136566 1.01505 837592 100000 ZonesAtSurface
579.557 874.363 -18.6146 54 20 2 6 100000 5 10000 1.51175 150045 100000 ZonesAtSurface
629.774 874.387 -43.705 23 0 1 7 100000 5 137609 1.04159 1.07207e+06 100000 ZonesAtSurface
679.697 874.382 -18.7621 15 0 1 7 100000 5 57795.1 1.30311 817206 100000 ZonesAtSurface
729.8 874.375 -43.8366 14 0 1 8 100000 5 172818 0.826343 1.73324e+06 100000 ZonesAtSurface
779.778 874.366 -18.8684 4 0 1 8 100000 5 157860 0.499932 771937 100000 ZonesAtSurface
829.798 874.355 6.09499 3 0 1 8 100000 5 51391.6 0.684135 827843 100000 ZonesAtSurface
879.782 874.339 81.0677 8 5 2 7 100000 5 10000 1.15898 228517 100000 ZonesAtSurface
929.835 874.34 106.033 8 0 1 7 100000 5 120038 1.18458 382410 100000 ZonesAtSurface
979.872 874.346 131.004 8 0 1 7 100000 5 87148.8 0.873227 1.03099e+06 100000 ZonesAtSurface
1029.91 874.331 205.999 9 1 1 6 100000 5 53931 0 418851 100000 ZonesAtSurface
1079.96 874.351 180.953 5 0 1 7 100000 5 11709.4 0.846139 624105 100000 ZonesAtSurface
1130.03 874.356 205.927 2 0 2 7 100000 5 106832 0.967465 219792 100000 ZonesAtSurface
1180.12 874.353 230.909 7 0 1 7 100000 5 185367 0.880084 333722 100000 ZonesAtSurface
1230.23 874.356 255.893 8 0 1 7 100000 5 72894 1.0345 404802 100000 ZonesAtSurface
1280.33 874.322 280.877 1 0 1 7 100000 5 182234 0.960771 285849 100000 ZonesAtSurface
1330.41 874.304 305.866 10 0 1 7 100000 5 173010 1.15474 371977 100000 ZonesAtSurface
1380.49 874.328 280.853 4 0 1 8 100000 5 41697.6 1.15703 652668 100000 ZonesAtSurface
1430.53 874.293 305.844 1 0 1 8 1e+06 30 43487.2 1.25471 4.22181e+06 1e+06 ZonesAtSurface
1480.58 874.281 280.832 4 0 1 9 100000 5 115025 1.38779 756724 100000 ZonesAtSurface
1530.63 874.265 355.795 4 6 1 8 100000 5 12853.5 1.22022 193540 100000 ZonesAtSurface
1580.75 874.307 330.826 10 0 1 9 100000 5 15170.4 1.06953 352815 100000 ZonesAtSurface
1630.87 874.31 305.872 4 0 1 10 100000 5 60584.8 1.09533 952772 100000 ZonesAtSurface
1680.93 874.262 280.859 8 0 1 11 100000 5 117606 1.07876 720500 100000 ZonesAtSurface
1731.04 874.251 305.868 2 0 2 11 100000 5 108247 1.08294 425898 100000 ZonesAtSurface
1781.14 874.195 280.898 2 0 2 12 100000 5 161528 1.41637 451006 100000 ZonesAtSurface
1831.26 874.172 255.935 8 0 1 13 100000 5 168638 0.79811 481813 100000 ZonesAtSurface
1881.37 874.171 230.942 4 0 1 14 100000 5 16372.4 1.14626 783597 100000 ZonesAtSurface
1931.56 874.136 255.942 2 0 2 14 100000 5 128480 1.05716 188559 100000 ZonesAtSurface
1981.77 874.053 280.984 8 5 1 14 100000 5 10000 0 814997 100000 ZonesAtSurface
2031.84 874.006 243.542 2 5 2 14 100000 5 10000 0.363757 606634 100000 ZonesAtSurface
2081.88 873.985 193.561 7 0 1 13 100000 5 10261.3 0.631523 342758 100000 ZonesAtSurface
2131.78 873.982 93.5994 5 0 2 13 100000 5 100000 0 522471 100000 ZonesAtSurface
2181.66 873.995 -6.39276 9 0 1 13 100000 5 36252.7 0.913976 953464 100000 ZonesAtSurface
2231.75 873.992 -6.37314 19 0 1 11 100000 5 67270.5 0.804637 305848 100000 ZonesAtSurface
2281.86 873.993 -6.29302 40 5 1 9 100000 5 10000 0.773664 284865 100000 ZonesAtSurface
2331.93 873.983 -6.2154 55 28 1 7 100000 5 10000 0 233703 100000 ZonesAtSurface
2381.99 873.924 -6.19326 89 24 1 5 100000 5 10000 0.901496 241867 100000 ZonesAtSurface
2432.02 873.874 -6.17975 118 6 1 3 100000 5 10000 0 304434 100000 ZonesAtSurface
2481.87 873.778 -5.89981 118 1 1 1 100000 5 17346.9 0.945222 399734 100000 ZonesAtSurface
2531.4 873.969 -35.53 117 0 1 1 100000 5 107049 1.02685 603352 100000 ZonesAtSurface
2581 873.997 -45.5614 107 0 1 2 100000 5 64320.1 0.964654 698359 100000 ZonesAtSurface
2630.78 873.96 -5.52057 127 0 1 2 100000 5 54897.6 1.26168 254142 100000 ZonesAtSurface
2680.67 874.091 -15.6658 128 0 1 3 100000 5 167309 0.9517 490666 100000 ZonesAtSurface
2730.52 874.141 -25.7278 105 2 1 4 100000 5 10000 1.0139 653987 100000 ZonesAtSurface
2780.37 874.231 -35.8118 89 0 1 5 100000 5 119531 1.14396 743271 100000 ZonesAtSurface
2830.14 874.278 -45.9058 78 0 1 6 100000 5 132343 1.05393 1.13381e+06 100000 ZonesAtSurface
2879.77 874.281 -6.00113 76 10 1 6 100000 5 10000 1.46428 183406 100000 ZonesAtSurface
2929.93 874.303 -16.0974 51 7 1 7 100000 5 10000 1.32803 514593 100000 ZonesAtSurface
2980.08 874.324 -26.1516 41 3 1 8 100000 5 10000 1.2254 869376 100000 ZonesAtSurface
3030.15 874.35 -36.2179 29 0 1 9 100000 5 142259 1.27715 713197 100000 ZonesAtSurface
3080.21 874.351 -46.2872 1 0 1 10 100000 5 175506 1.12848 1.64226e+06 100000 ZonesAtSurface
3130.19 874.351 -6.31101 0 0 1 10 100000 5 94125.4 1.17109 726722 100000 ZonesAtSurface
3180.21 874.345 33.6577 3 0 1 10 100000 5 135150 0.956296 870974 100000 ZonesAtSurface
3230.26 874.34 73.6282 3 0 1 10 100000 5 155721 0.783558 833638 100000 ZonesAtSurface
3280.25 874.309 163.562 5 0 1 9 100000 5 10000 0.858123 736299 100000 ZonesAtSurface
3330.42 874.318 153.558 0 0 1 10 100000 5 30052.1 0.853955 703984 100000 ZonesAtSurface
3380.36 874.282 243.475 3 0 2 9 100000 5 10000 0.902376 613045 100000 ZonesAtSurface
3430.42 874.265 283.438 6 0 1 9 100000 5 100000 1.02631 431618 100000 ZonesAtSurface
3480.6 874.284 273.471 0 0 1 10 100000 5 96505.2 0.998663 433233 100000 ZonesAtSurface
3530.54 874.251 363.38 8 1 1 9 100000 5 10000 1.23374 315126 100000 ZonesAtSurface
3580.64 874.217 403.344 10 5 2 9 100000 5 10000 1.06558 203071 100000 ZonesAtSurface
3630.78 874.18 393.318 4 0 1 10 100000 5 184223 1.1528 298897 100000 ZonesAtSurface
3680.94 874.242 383.31 2 0 1 11 100000 5 37608 0.807907 282961 100000 ZonesAtSurface
3731.1 874.267 373.33 5 0 2 12 100000 5 69852.9 1.05102 271547 100000 ZonesAtSurface
3781.22 874.235 423.276 9 8 1 11 100000 5 59006.8 0 214539 100000 ZonesAtSurface
3831.41 874.228 383.273 3 1 2 11 100000 5 100000 0.74903 271272 100000 ZonesAtSurface
3881.51 874.235 393.317 2 0 1 10 100000 5 81352 1.191 263148 100000 ZonesAtSurface
3931.67 874.25 403.324 6 0 1 9 100000 5 177727 0.840487 368355 100000 ZonesAtSurface
3981.85 874.231 413.297 0 2 1 8 100000 5 10000 0 399224 100000 ZonesAtSurface
4031.96 874.206 423.303 6 5 2 7 100000 5 10000 0 243847 100000 ZonesAtSurface
4082.05 874.205 383.331 1 1 1 7 100000 5 39170.5 0 502143 100000 ZonesAtSurface
4132.13 874.236 343.377 8 0 2 7 100000 5 100000 0 426751 100000 ZonesAtSurface
4182.19 874.264 303.419 5 0 2 7 100000 5 138939 0.778376 461610 100000 ZonesAtSurface
4232.22 874.262 263.443 0 1 2 7 100000 5 10000 0 649465 100000 ZonesAtSurface
4282.24 874.261 223.469 6 1 2 7 100000 5 10000 0 770017 100000 ZonesAtSurface
4332.18 874.23 133.506 1 0 2 8 100000 5 148252 1.19502 469077 100000 ZonesAtSurface
4382.28 874.253 143.518 8 0 2 7 100000 5 106084 1.17815 530929 100000 ZonesAtSurface
4432.27 874.215 53.5447 4 0 2 8 100000 5 147879 0.995294 219751 100000 ZonesAtSurface
4482.28 874.202 13.562 4 4 1 8 100000 5 10000 0.439139 496342 100000 ZonesAtSurface
4532.26 874.19 -26.4144 18 2 1 8 100000 5 100000 1.10749 184904 100000 ZonesAtSurface
4582.35 874.182 -16.3816 27 13 1 7 100000 5 10000 1.04265 251653 100000 ZonesAtSurface
4632.44 874.195 -6.31959 35 27 1 6 100000 5 10000 0 245268 100000 ZonesAtSurface
4682.35 874.192 -46.2971 46 4 1 6 100000 5 10000 0.844335 314578 100000 ZonesAtSurface
4732.29 874.204 -36.1885 67 3 1 5 100000 5 45823.9 1.04544 222887 100000 ZonesAtSurface
4782.2 874.178 -26.0914 75 16 1 4 100000 5 10000 1.03508 250967 100000 ZonesAtSurface
4832.03 874.067 -16.0154 137 3 1 3 100000 5 75914 1.18258 235821 100000 ZonesAtSurface
4881.95 873.992 -6.0111 126 6 1 2 100000 5 36986.1 0 261300 100000 ZonesAtSurface
4931.88 873.933 4.00415 150 30 2 1 100000 5 10000 0 475687 100000 ZonesAtSurface
81.6082 924.203 -16.7679 149 0 1 1 100000 5 140592 0.989174 528398 100000 ZonesAtSurface
131.192 924.122 -42.0302 128 0 1 2 100000 5 156656 0.936688 911096 100000 ZonesAtSurface
180.976 924.001 -17.1235 150 5 1 2 100000 5 10220 2.32155 278112 100000 ZonesAtSurface
230.737 924.105 -42.2156 121 0 1 3 100000 5 134296 0.922249 1.01335e+06 100000 ZonesAtSurface
280.68 924.1 -17.2213 118 3 1 3 100000 5 15433.5 1.42195 518555 100000 ZonesAtSurface
330.377 924.199 -42.1818 99 0 1 4 100000 5 128900 0.853149 1.44568e+06 100000 ZonesAtSurface
380.192 924.157 -17.1741 106 6 1 4 100000 5 10000 1.26545 294933 100000 ZonesAtSurface
430.015 924.199 -42.2951 89 0 1 5 100000 5 158113 0.73506 877023 100000 ZonesAtSurface
479.762 924.203 -17.3953 87 11 1 5 100000 5 10000 0.958922 229249 100000 ZonesAtSurface
529.915 924.269 -42.5115 64 0 1 6 100000 5 36923.3 1.00537 1.10632e+06 100000 ZonesAtSurface
579.742 924.273 -17.6073 47 11 1 6 100000 5 10000 1.65017 319173 100000 ZonesAtSurface
629.951 924.306 -42.7133 25 0 1 7 100000 5 114182 1.05625 1.09966e+06 100000 ZonesAtSurface
679.869 924.302 -17.7692 16 0 1 7 100000 5 180070 1.25041 759837 100000 ZonesAtSurface
729.982 924.321 -42.8478 11 0 1 8 100000 5 172067 1.03512 2.12651e+06 100000 ZonesAtSurface
779.955 924.319 -17.878 4 0 1 8 100000 5 79329.9 0.985612 1.36136e+06 100000 ZonesAtSurface
829.964 924.316 7.08612 0 0 1 8 100000 5 119098 0.895236 1.78007e+06 100000 ZonesAtSurface
879.941 924.299 82.0608 7 2 2 7 100000 5 10000 0 487807 100000 ZonesAtSurface
930.012 924.317 57.0198 1 0 1 8 100000 5 135335 0.998091 2.45682e+06 100000 ZonesAtSurface
979.996 924.316 131.999 4 0 1 7 100000 5 187099 0.910196 1.19618e+06 100000 ZonesAtSurface
1030.01 924.306 206.991 5 4 1 6 100000 5 10000 0 337287 100000 ZonesAtSurface
1080.11 924.312 181.949 5 0 1 7 100000 5 65767.4 0.536617 386929 100000 ZonesAtSurface
1130.19 924.308 206.925 3 0 2 7 100000 5 149629 1.02134 533030 100000 ZonesAtSurface
1180.27 924.289 231.91 5 0 2 7 100000 5 142032 0.939511 641638 100000 ZonesAtSurface
1230.36 924.287 256.896 6 0 1 7 100000 5 71617.9 0.734922 493167 100000 ZonesAtSurface
1280.38 924.277 331.86 8 0 1 6 100000 5 116934 1.00065 367937 100000 ZonesAtSurface
1330.51 924.262 306.871 9 0 1 7 100000 5 142111 0.974638 667434 100000 ZonesAtSurface
1380.58 924.305 281.856 9 0 1 8 100000 5 90747 1.05396 1.29969e+06 100000 ZonesAtSurface
1430.61 924.295 306.845 5 0 1 8 100000 5 57504.1 0.894893 982176 100000 ZonesAtSurface
1480.65 924.27 281.833 2 0 1 9 100000 5 170898 1.19632 923083 100000 ZonesAtSurface
1530.71 924.256 356.804 8 5 1 8 100000 5 10000 0 399507 100000 ZonesAtSurface
1580.86 924.302 281.85 0 0 1 10 100000 5 135088 1.08224 919161 100000 ZonesAtSurface
1630.96 924.284 306.862 5 0 1 10 100000 5 11189.6 1.04656 1.13982e+06 100000 ZonesAtSurface
1681.03 924.227 331.862 7 0 1 10 100000 5 43097.2 1.59164 154295 100000 ZonesAtSurface
1731.12 924.215 306.869 8 0 1 11 100000 5 99437.4 1.04978 602995 100000 ZonesAtSurface
1781.23 924.177 281.909 2 0 1 12 100000 5 80440 2.18208 256509 100000 ZonesAtSurface
1831.31 924.144 256.925 3 0 1 13 100000 5 148723 1.003 785667 100000 ZonesAtSurface
1881.44 924.116 281.931 6 0 1 13 100000 5 113437 1.34779 234551 100000 ZonesAtSurface
1931.62 924.089 306.929 5 5 1 13 100000 5 10000 0 214750 100000 ZonesAtSurface
1981.76 924.021 281.982 3 0 2 14 100000 5 100000 0 300365 100000 ZonesAtSurface
2031.85 923.993 244.536 0 1 2 14 100000 5 10000 0 501905 100000 ZonesAtSurface
2081.92 923.955 194.553 7 0 2 13 100000 5 100000 0 296758 100000 ZonesAtSurface
2131.84 923.952 94.6016 3 1 2 13 100000 5 10000 0 684698 100000 ZonesAtSurface
2181.84 923.956 44.6189 10 0 2 12 100000 5 65844.7 0 467230 100000 ZonesAtSurface
2231.81 923.953 -5.365 13 0 1 11 100000 5 133207 0.757138 621428 100000 ZonesAtSurface
2281.9 923.946 -5.29223 41 0 1 9 100000 5 69890.9 0 347244 100000 ZonesAtSurface
2331.95 923.923 -5.23233 51 22 1 7 100000 5 10000 0.404736 540370 100000 ZonesAtSurface
2382.03 923.835 -5.19973 102 9 1 5 100000 5 10000 0.847914 281882 100000 ZonesAtSurface
2432.05 923.761 -5.19783 119 7 1 3 100000 5 10000 0.922356 291064 100000 ZonesAtSurface
2481.88 923.757 -4.90989 119 0 1 1 100000 5 20832.6 1.08493 394758 100000 ZonesAtSurface
2531.45 923.907 -34.6355 118 0 1 1 100000 5 151823 0.863555 561387 100000 ZonesAtSurface
2581.08 923.927 -44.6371 117 0 1 2 100000 5 165407 0.98359 464309 100000 ZonesAtSurface
2630.85 923.908 -4.6397 126 3 1 2 100000 5 49064.4 1.21585 283629 100000 ZonesAtSurface
2680.78 924.032 -14.7612 120 0 1 3 100000 5 54411.7 0.960306 426880 100000 ZonesAtSurface
2730.68 924.096 -24.7569 104 0 1 4 100000 5 117645 0.845451 510427 100000 ZonesAtSurface
2780.51 924.176 -34.8357 90 5 1 5 100000 5 10000 1.09982 673063 100000 ZonesAtSurface
2830.35 924.201 -44.9356 68 0 1 6 100000 5 138467 1.03435 1.18381e+06 100000 ZonesAtSurface
2880.03 924.203 -4.98027 80 1 1 6 100000 5 95140.4 1.12697 380760 100000 ZonesAtSurface
2930.16 924.226 -15.0706 50 5 1 7 100000 5 10000 1.17081 663612 100000 ZonesAtSurface
2980.25 924.243 -25.141 41 2 1 8 100000 5 10000 1.40823 882682 100000 ZonesAtSurface
3030.31 924.274 -35.2229 30 0 1 9 100000 5 18163.9 1.2588 1.09371e+06 100000 ZonesAtSurface
3080.37 924.294 -45.2902 14 0 1 10 100000 5 134312 1.07602 2.53516e+06 100000 ZonesAtSurface
3130.34 924.294 -5.31832 0 0 1 10 100000 5 18213.8 1.0372 1.1823e+06 100000 ZonesAtSurface
3180.24 924.25 84.6266 9 0 1 9 100000 5 10000 0.760971 601024 100000 ZonesAtSurface
3230.31 924.241 124.585 6 0 1 9 100000 5 112728 0.78496 686746 100000 ZonesAtSurface
3280.24 924.217 214.494 8 0 1 8 100000 5 98113.3 0.798161 264161 100000 ZonesAtSurface
3330.43 924.237 204.506 8 0 1 9 100000 5 125027 0.919363 649849 100000 ZonesAtSurface
3380.47 924.228 244.478 6 0 1 9 100000 5 50242.7 0.776303 549779 100000 ZonesAtSurface
3430.51 924.221 284.448 4 0 1 9 100000 5 95081.2 0.875795 539348 100000 ZonesAtSurface
3480.57 924.228 324.415 5 0 1 9 100000 5 157279 0.591966 346016 100000 ZonesAtSurface
3530.64 924.228 364.382 0 0 1 9 100000 5 100000 0.995976 311658 100000 ZonesAtSurface
3580.77 924.21 354.377 2 0 1 10 100000 5 177185 1.02744 326464 100000 ZonesAtSurface
3630.83 924.163 394.318 3 0 2 10 100000 5 134436 1.11641 256478 100000 ZonesAtSurface
3680.96 924.189 384.311 5 0 1 11 100000 5 12424.2 1.01663 267631 100000 ZonesAtSurface
3731.13 924.221 374.327 4 0 1 12 100000 5 53915.7 0.792798 308276 100000 ZonesAtSurface
3781.22 924.157 474.206 4 5 1 10 100000 5 10000 0 325118 100000 ZonesAtSurface
3831.41 924.19 434.257 6 0 2 10 100000 5 155374 0.980609 297289 100000 ZonesAtSurface
3881.54 924.164 444.28 6 2 1 9 100000 5 10000 0 455024 100000 ZonesAtSurface
3931.7 924.19 404.315 0 1 2 9 100000 5 28222.1 0.608423 351320 100000 ZonesAtSurface
3981.87 924.195 414.296 4 0 1 8 100000 5 110895 1.1617 175022 100000 ZonesAtSurface
4031.97 924.196 374.339 1 0 1 8 100000 5 10993.5 1.76871 489906 100000 ZonesAtSurface
4082.12 924.179 434.315 5 0 2 6 100000 5 10000 0 459244 100000 ZonesAtSurface
4132.09 924.202 294.397 2 0 1 8 100000 5 49009.1 1.02872 655390 100000 ZonesAtSurface
4182.2 924.228 304.419 7 0 1 7 100000 5 61082 0.958086 355522 100000 ZonesAtSurface
4232.23 924.235 264.448 1 0 1 7 100000 5 72850.1 1.02432 333360 100000 ZonesAtSurface
4282.26 924.231 224.476 6 0 1 7 100000 5 123795 0.90205 553596 100000 ZonesAtSurface
4332.29 924.226 184.506 7 0 2 7 100000 5 95387.9 0.596317 335652 100000 ZonesAtSurface
4382.3 924.227 144.532 5 0 2 7 100000 5 36424.8 1.03437 427354 100000 ZonesAtSurface
4432.27 924.206 54.5596 3 1 2 8 100000 5 10000 0 251302 100000 ZonesAtSurface
4482.22 924.189 -35.4366 2 0 1 9 100000 5 146691 1.22415 949513 100000 ZonesAtSurface
4532.28 924.184 -25.3962 18 0 1 8 100000 5 172238 1.05475 199406 100000 ZonesAtSurface
4582.35 924.171 -15.3508 22 8 1 7 100000 5 10000 0.806398 390636 100000 ZonesAtSurface
4632.43 924.164 -5.28949 34 21 1 6 100000 5 10000 0 304030 100000 ZonesAtSurface
4682.36 924.157 -45.2676 38 6 1 6 100000 5 10000 0.767638 374623 100000 ZonesAtSurface
4732.3 924.155 -35.154 64 0 1 5 100000 5 106857 0.708685 302877 100000 ZonesAtSurface
4782.18 924.132 -25.0582 77 0 1 4 100000 5 15480.6 0.992773 265492 100000 ZonesAtSurface
4832.06 924.025 -15.0305 111 4 1 3 100000 5 56677.7 0.834818 261258 100000 ZonesAtSurface
4881.93 923.981 -5.02041 130 5 1 2 100000 5 57559 0 411715 100000 ZonesAtSurface
4931.88 923.955 5.00632 149 19 2 1 100000 5 10000 0 557887 100000 ZonesAtSurface
81.7215 974.11 -16.1067 142 0 2 1 100000 5 110463 0.964084 577692 100000 ZonesAtSurface
131.433 974.064 -41.1937 129 0 1 2 100000 5 138189 0.994768 1.05154e+06 100000 ZonesAtSurface
181.229 974.001 -16.1788 128 0 2 2 100000 5 90155.8 1.58031 329253 100000 ZonesAtSurface
230.987 974.071 -41.2751 115 0 2 3 100000 5 22933.4 0.984222 812496 100000 ZonesAtSurface
280.876 974.07 -16.2581 112 2 2 3 100000 5 49938.3 1.20953 421421 100000 ZonesAtSurface
330.68 974.134 -41.2848 84 0 1 4 100000 5 10246.1 0.770775 1.28081e+06 100000 ZonesAtSurface
380.505 974.107 -16.2808 86 7 1 4 100000 5 10000 0.973353 416678 100000 ZonesAtSurface
430.387 974.137 -41.3751 73 0 1 5 100000 5 143089 0.775703 1.0705e+06 100000 ZonesAtSurface
480.195 974.132 -16.4127 72 3 1 5 100000 5 10000 0.681574 544449 100000 ZonesAtSurface
530.183 974.181 -41.5299 55 0 1 6 100000 5 46672.9 0.994253 986378 100000 ZonesAtSurface
580.038 974.177 -16.6007 53 1 1 6 100000 5 100000 1.09032 298372 100000 ZonesAtSurface
630.143 974.227 -41.7189 27 0 1 7 100000 5 94958.4 0.90778 1.43965e+06 100000 ZonesAtSurface
680.055 974.229 -16.778 21 0 1 7 100000 5 102465 0.978642 892756 100000 ZonesAtSurface
730.142 974.273 -41.8524 0 0 1 8 100000 5 166383 1.02859 2.73308e+06 100000 ZonesAtSurface
780.11 974.276 -16.8829 7 0 1 8 100000 5 65401.5 1.03385 2.51218e+06 100000 ZonesAtSurface
830.102 974.278 8.08132 0 0 1 8 100000 5 147751 0.995366 2.27081e+06 100000 ZonesAtSurface
880.071 974.263 83.0563 10 0 1 7 100000 5 162435 0.748619 642777 100000 ZonesAtSurface
930.096 974.268 108.028 5 0 1 7 100000 5 34496.5 1.02733 1.6516e+06 100000 ZonesAtSurface
980.159 974.283 82.9951 1 0 1 8 100000 5 123202 0.989295 1.97994e+06 100000 ZonesAtSurface
1030.17 974.274 157.973 5 0 1 7 100000 5 90480.4 0 463339 100000 ZonesAtSurface
1080.24 974.261 182.955 0 0 1 7 100000 5 74423.6 0.938136 487620 100000 ZonesAtSurface
1130.3 974.253 207.934 8 0 1 7 100000 5 36195.6 1.01355 881084 100000 ZonesAtSurface
1180.42 974.244 182.931 0 0 1 8 100000 5 166089 1.079 930887 100000 ZonesAtSurface
1230.45 974.225 257.903 10 0 1 7 100000 5 108092 1.08413 591508 100000 ZonesAtSurface
1280.48 974.225 332.875 8 0 1 6 100000 5 20838.9 0.948706 556584 100000 ZonesAtSurface
1330.58 974.236 307.877 9 0 1 7 100000 5 90154.6 1.09603 455484 100000 ZonesAtSurface
1380.62 974.249 332.87 9 0 1 7 100000 5 100535 1.03572 404283 100000 ZonesAtSurface
1430.69 974.284 307.852 3 0 1 8 100000 5 27758.7 1.0737 926444 100000 ZonesAtSurface
1480.75 974.268 332.842 10 0 1 8 100000 5 102004 0.921561 532179 100000 ZonesAtSurface
1530.83 974.227 307.829 2 0 1 9 100000 5 155295 1.08752 957308 100000 ZonesAtSurface
1580.92 974.218 332.834 6 0 1 9 100000 5 182517 1.02955 384744 100000 ZonesAtSurface
1631.02 974.234 357.855 4 0 1 9 100000 5 40761.3 0.629527 343209 100000 ZonesAtSurface
1681.1 974.219 332.862 8 0 1 10 100000 5 54910 1.76575 246583 100000 ZonesAtSurface
1731.18 974.179 307.876 4 0 1 11 100000 5 187625 1.04497 444861 100000 ZonesAtSurface
1781.29 974.166 282.913 2 0 1 12 100000 5 97380.8 1.34011 681003 100000 ZonesAtSurface
1831.38 974.109 357.915 5 3 1 11 100000 5 10000 0 271318 100000 ZonesAtSurface
1881.48 974.077 282.94 3 0 2 13 100000 5 50133.6 1.38949 363182 100000 ZonesAtSurface
1931.62 974.033 307.94 1 0 2 13 100000 5 54145.6 0.905165 315890 100000 ZonesAtSurface
1981.77 973.987 282.979 0 0 2 14 100000 5 100000 0 313955 100000 ZonesAtSurface
2031.95 973.933 295.467 7 3 2 13 100000 5 10000 0 277927 100000 ZonesAtSurface
2081.95 973.913 195.545 4 1 2 13 100000 5 14058.6 0.529112 441921 100000 ZonesAtSurface
2132.02 973.899 145.59 0 0 2 12 100000 5 10000 0 372022 100000 ZonesAtSurface
2181.91 973.908 45.6257 2 0 2 12 100000 5 76769.9 1.38314 378268 100000 ZonesAtSurface
2231.87 973.912 -4.35378 20 0 1 11 100000 5 168497 1.15641 1.16312e+06 100000 ZonesAtSurface
2281.91 973.906 -4.28366 31 0 1 9 100000 5 41877.8 1.44173 340148 100000 ZonesAtSurface
2331.95 973.875 -4.24152 42 12 1 7 100000 5 10000 0 355124 100000 ZonesAtSurface
2381.97 973.799 -4.19297 81 28 1 5 100000 5 10000 0 313028 100000 ZonesAtSurface
2431.97 973.69 -4.18416 117 16 1 3 100000 5 10000 0 279701 100000 ZonesAtSurface
2481.83 973.764 -4.00862 119 0 1 1 100000 5 130949 0 179351 100000 ZonesAtSurface
2531.47 973.873 -33.8329 116 0 1 1 100000 5 46777.7 0.886869 540429 100000 ZonesAtSurface
2581.21 973.904 -43.8077 107 0 1 2 100000 5 70299.6 0.996237 647375 100000 ZonesAtSurface
2630.98 973.912 -3.76416 112 7 2 2 100000 5 10000 1.33548 214688 100000 ZonesAtSurface
2680.94 973.989 -13.8504 104 0 1 3 100000 5 123780 1.22051 286977 100000 ZonesAtSurface
2730.88 974.059 -23.8502 91 0 1 4 100000 5 92371.6 0.972481 430914 100000 ZonesAtSurface
2780.71 974.123 -33.8959 81 0 1 5 100000 5 44783.8 0.87362 746804 100000 ZonesAtSurface
2830.58 974.133 -43.9811 69 0 1 6 100000 5 94392.3 1.02372 965586 100000 ZonesAtSurface
2880.35 974.136 -3.99462 64 0 1 6 100000 5 167334 0.966373 344628 100000 ZonesAtSurface
2930.39 974.157 -14.0829 54 0 1 7 100000 5 71345 0.883543 882374 100000 ZonesAtSurface
2980.42 974.171 -24.1717 42 0 1 8 100000 5 142766 0.989707 1.21975e+06 100000 ZonesAtSurface
3030.48 974.205 -34.2442 13 0 1 9 100000 5 26570.6 1.05977 1.47364e+06 100000 ZonesAtSurface
3080.4 974.198 5.71823 9 0 1 9 100000 5 112181 0.776218 1.14673e+06 100000 ZonesAtSurface
3130.37 974.2 45.6544 10 0 1 9 100000 5 91657 0.738064 969049 100000 ZonesAtSurface
3180.39 974.186 85.6093 5 0 1 9 100000 5 117375 0.729792 875946 100000 ZonesAtSurface
3230.43 974.18 125.571 5 0 1 9 100000 5 97832.8 0.781682 942454 100000 ZonesAtSurface
3280.49 974.193 165.525 1 0 1 9 100000 5 155129 0.80711 747409 100000 ZonesAtSurface
3330.44 974.178 255.466 10 0 1 8 100000 5 97266.9 0.633579 317479 100000 ZonesAtSurface
3380.48 974.182 295.439 6 2 1 8 100000 5 54548.9 0 514651 100000 ZonesAtSurface
3430.62 974.192 285.452 3 0 1 9 100000 5 146785 0.788287 335856 100000 ZonesAtSurface
3480.68 974.209 325.416 0 0 2 9 100000 5 84349.8 0.788373 435864 100000 ZonesAtSurface
3530.75 974.215 365.378 7 0 2 9 100000 5 95262.7 0.662457 386893 100000 ZonesAtSurface
3580.87 974.204 355.372 1 0 1 10 100000 5 177618 1.07671 518204 100000 ZonesAtSurface
3630.93 974.162 395.328 8 0 1 10 100000 5 87446.2 0.773018 341807 100000 ZonesAtSurface
3681.01 974.132 435.282 10 0 1 10 100000 5 173411 0.999999 305498 100000 ZonesAtSurface
3731.17 974.129 425.278 6 0 1 11 100000 5 100000 0 553634 100000 ZonesAtSurface
3781.3 974.099 475.219 9 0 1 10 100000 5 100000 0.446462 448512 100000 ZonesAtSurface
3831.47 974.141 435.271 3 0 2 10 100000 5 122153 1.03556 494554 100000 ZonesAtSurface
3881.59 974.141 445.27 1 0 1 9 100000 5 165240 1.17135 364544 100000 ZonesAtSurface
3931.72 974.125 455.252 2 1 1 8 100000 5 100000 0.460335 437275 100000 ZonesAtSurface
3981.87 974.15 415.293 6 0 1 8 100000 5 33410.6 1.03963 554648 100000 ZonesAtSurface
4031.98 974.171 375.341 3 0 1 8 100000 5 81122.4 1.51479 607324 100000 ZonesAtSurface
4082.05 974.178 335.372 0 0 1 8 1e+06 30 49141.9 2.14963 4.10283e+06 1e+06 ZonesAtSurface
4132.15 974.169 345.374 3 0 1 7 100000 5 117893 0.996528 203403 100000 ZonesAtSurface
4182.2 974.186 305.415 7 0 1 7 100000 5 169096 0.78974 386787 100000 ZonesAtSurface
4232.19 974.198 215.469 0 0 1 8 100000 5 14971.6 0.916004 618194 100000 ZonesAtSurface
4282.22 974.196 175.501 0 0 1 8 100000 5 131544 0.818018 845527 100000 ZonesAtSurface
4332.33 974.193 185.517 8 0 1 7 100000 5 106400 0.988545 337003 100000 ZonesAtSurface
4382.27 974.194 95.5553 6 0 1 8 100000 5 19716.9 1.05618 893685 100000 ZonesAtSurface
4432.29 974.193 55.5738 5 0 1 8 100000 5 64265.4 1.1169 467089 100000 ZonesAtSurface
4482.26 974.178 -34.4226 1 0 1 9 100000 5 83503.5 1.23799 1.1404e+06 100000 ZonesAtSurface
4532.3 974.174 -24.3714 10 0 1 8 100000 5 97300.1 1.02136 575653 100000 ZonesAtSurface
4582.35 974.158 -14.3232 23 6 1 7 100000 5 10000 1.26584 325594 100000 ZonesAtSurface
4632.39 974.133 -4.27219 34 7 1 6 100000 5 10000 0 431682 100000 ZonesAtSurface
4682.32 974.124 -44.2487 33 0 1 6 100000 5 39477.6 0.874695 265183 100000 ZonesAtSurface
4732.22 974.112 -34.1434 55 0 1 5 100000 5 105806 1.16864 243696 100000 ZonesAtSurface
4782.1 974.095 -24.0641 64 0 1 4 100000 5 156485 0 220559 100000 ZonesAtSurface
4831.96 974.027 -14.0335 97 4 2 3 100000 5 78170.5 1.08463 214203 100000 ZonesAtSurface
4881.87 973.974 -4.0657 110 7 1 2 100000 5 10000 0 345779 100000 ZonesAtSurface
4931.87 973.96 5.9329 144 20 2 1 100000 5 10000 0 323877 100000 ZonesAtSurface
81.7748 1024.08 -15.4132 120 0 1 1 774811 44.6336 39598 1.30114 7.99039e+06 774811 ZonesAtSurface
131.578 1024.06 -40.3454 127 0 1 2 423967 26.1763 12274 1.03974 4.90366e+06 423967 ZonesAtSurface
181.376 1024.03 -15.2481 119 21 2 2 418200 28.9639 97543.2 1.65257 958650 418200 ZonesAtSurface
231.148 1024.07 -40.3469 109 0 2 3 1.00805e+06 20.8998 13989.7 1.01902 3.66084e+06 1.00805e+06 ZonesAtSurface
280.98 1024.08 -15.3158 105 0 2 3 167767 30.458 48429.9 1.80636 808320 167767 ZonesAtSurface
330.859 1024.11 -40.3563 82 0 1 4 490173 25.5098 122327 1.04859 4.06709e+06 490173 ZonesAtSurface
380.697 1024.11 -15.3294 86 29 1 4 910238 26.8319 69746.2 1.50982 2.87604e+06 910238 ZonesAtSurface
430.589 1024.13 -40.4336 67 0 1 5 1.78888e+06 34.2191 14096.2 1.03284 9.62836e+06 1.78888e+06 ZonesAtSurface
480.445 1024.13 -15.4515 66 27 1 5 1.31612e+06 41.4133 96982.2 1.71047 4.1889e+06 1.31612e+06 ZonesAtSurface
530.386 1024.14 -40.5726 51 0 1 6 308766 31.6877 12046 1.06989 6.14819e+06 308766 ZonesAtSurface
580.27 1024.13 -15.6145 47 19 1 6 1.8693e+06 30.9632 86952.4 1.55459 5.13746e+06 1.8693e+06 ZonesAtSurface
630.279 1024.18 -40.7228 22 0 1 7 1.15911e+06 17.8827 168233 1.04679 6.71003e+06 1.15911e+06 ZonesAtSurface
680.197 1024.19 -15.7818 13 0 1 7 961882 43.4963 115366 1.17147 7.34906e+06 961882 ZonesAtSurface
730.142 1024.2 9.1667 4 0 1 7 465652 32.8483 144648 1.11233 5.98616e+06 465652 ZonesAtSurface
780.124 1024.22 34.1226 2 0 1 7 275327 23.5043 28045.2 1.18355 2.17037e+06 275327 ZonesAtSurface
830.197 1024.24 9.08046 3 0 1 8 1.42808e+06 15.765 21455.1 1.01517 9.8155e+06 1.42808e+06 ZonesAtSurface
880.123 1024.21 134.063 8 5 2 6 671901 43.0369 10957.2 1.31067 2.67259e+06 671901 ZonesAtSurface
930.18 1024.23 109.028 9 0 1 7 1.41575e+06 32.2393 32971.6 1.01559 9.95441e+06 1.41575e+06 ZonesAtSurface
980.183 1024.22 184.013 10 0 2 6 1.02187e+06 25.1012 41862.5 1.20087 2.93945e+06 1.02187e+06 ZonesAtSurface
1030.27 1024.23 158.977 6 0 1 7 486840 24.148 178196 0.980461 1.95987e+06 486840 ZonesAtSurface
1080.28 1024.22 233.972 10 8 1 6 950673 34.7454 15461.3 1.1104 3.27506e+06 950673 ZonesAtSurface
1130.38 1024.21 208.942 13 0 1 7 649340 15.9004 134225 1.07019 1.6081e+06 649340 ZonesAtSurface
1180.44 1024.2 233.924 0 0 2 7 1.33953e+06 19.4125 87042.6 1.23144 3.12522e+06 1.33953e+06 ZonesAtSurface
1230.47 1024.18 308.911 0 9 2 6 1.62639e+06 34.9842 84596.8 2.51855 2.48306e+06 1.62639e+06 ZonesAtSurface
1280.53 1024.19 333.895 0 8 2 6 889433 17.7764 103784 1.94808 1.21434e+06 889433 ZonesAtSurface
1330.6 1024.19 358.884 0 8 2 6 1.7786e+06 37.2429 13714.6 3.39809 2.21089e+06 1.7786e+06 ZonesAtSurface
1380.67 1024.24 283.875 0 0 1 8 1.10217e+06 28.5087 178159 1.02813 7.03712e+06 1.10217e+06 ZonesAtSurface
1430.75 1024.25 308.863 6 0 1 8 548466 30.1789 25069.6 1.0528 3.72077e+06 548466 ZonesAtSurface
1480.84 1024.23 383.853 9 3 2 7 254650 15.1625 123822 1.2778 903957 254650 ZonesAtSurface
1530.91 1024.21 358.845 1 1 1 8 1.0646e+06 32.5281 44370.2 1.41357 2.98213e+06 1.0646e+06 ZonesAtSurface
1580.98 1024.2 383.84 2 9 2 8 1.29907e+06 16.7015 128948 1.49861 2.3653e+06 1.29907e+06 ZonesAtSurface
1631.07 1024.21 358.864 9 5 1 9 1.55098e+06 19.4791 188752 1.77996 2.45794e+06 1.55098e+06 ZonesAtSurface
1681.16 1024.21 383.865 6 10 1 9 850262 41.1094 68248.8 5.28274 861319 850262 ZonesAtSurface
1731.25 1024.16 308.889 0 1 2 11 1.48995e+06 44.5828 71369.5 1.4763 4.86705e+06 1.48995e+06 ZonesAtSurface
1781.33 1024.15 333.912 9 8 1 11 1.88682e+06 29.8427 50833.9 1.8188 3.55998e+06 1.88682e+06 ZonesAtSurface
1831.43 1024.11 358.926 4 9 1 11 1.67955e+06 32.9878 169339 2.12573 2.8414e+06 1.67955e+06 ZonesAtSurface
1881.54 1024.06 333.935 0 2 2 12 1.7814e+06 31.7588 153123 1.82552 3.41298e+06 1.7814e+06 ZonesAtSurface
1931.66 1024 308.953 0 1 2 13 1.32672e+06 27.3944 28573.9 1.64718 2.68274e+06 1.32672e+06 ZonesAtSurface
1981.84 1023.95 333.938 0 5 2 13 1.12197e+06 40.442 151589 1.61117 2.76613e+06 1.12197e+06 ZonesAtSurface
2031.97 1023.91 296.47 3 6 2 13 1.31202e+06 19.9345 76712.2 1.27346 3.03625e+06 1.31202e+06 ZonesAtSurface
2082.08 1023.86 246.513 3 9 2 12 886915 32.9835 10469.8 1.07105 3.10745e+06 886915 ZonesAtSurface
2132.17 1023.83 196.569 5 7 2 11 554388 16.3968 185856 0 1.53245e+06 554388 ZonesAtSurface
2181.97 1023.87 46.6364 0 0 2 12 253381 43.4669 62971.2 1.09322 7.82123e+06 253381 ZonesAtSurface
2231.91 1023.88 -3.34711 21 0 1 11 198666 36.4552 160595 1.23435 8.525e+06 198666 ZonesAtSurface
2281.93 1023.87 -3.2706 30 11 1 9 1.14152e+06 31.8538 66323.5 1.52867 3.21051e+06 1.14152e+06 ZonesAtSurface
2331.94 1023.85 -3.21724 53 22 1 7 1.76949e+06 17.4971 189152 1.42611 3.66308e+06 1.76949e+06 ZonesAtSurface
2381.87 1023.8 -3.19093 72 28 1 5 1.89115e+06 16.5744 95357.8 2.23517 2.36564e+06 1.89115e+06 ZonesAtSurface
2431.87 1023.71 -3.15508 105 25 1 3 1.62963e+06 20.0938 123376 1.6083 2.8801e+06 1.62963e+06 ZonesAtSurface
2481.7 1023.79 -3.1043 89 79 2 1 1.17479e+06 41.0043 184162 2.38101 2.93301e+06 1.17479e+06 ZonesAtSurface
2531.44 1023.87 -32.9679 110 0 1 1 434830 28.1833 186966 1.6701 1.53024e+06 434830 ZonesAtSurface
2581.27 1023.91 -42.9649 105 1 1 2 1.15084e+06 23.598 159568 1.37797 2.92277e+06 1.15084e+06 ZonesAtSurface
2631.05 1023.94 -2.84951 16 108 2 2 1.43908e+06 39.4469 46635.2 4.01031 1.66274e+06 1.43908e+06 ZonesAtSurface
2681.02 1023.98 -12.8951 92 24 2 3 772410 27.1339 15418.1 1.81627 2.00557e+06 772410 ZonesAtSurface
2730.94 1024.04 -22.9459 85 0 1 4 720352 23.9301 111585 1.08221 2.7118e+06 720352 ZonesAtSurface
2780.85 1024.09 -32.9698 70 0 1 5 929679 38.2956 182249 1.24176 3.65234e+06 929679 ZonesAtSurface
2830.73 1024.11 -43.0202 68 0 1 6 1.4045e+06 30.1915 179706 1.2154 6.28857e+06 1.4045e+06 ZonesAtSurface
2880.54 1024.11 -3.01428 72 29 1 6 709400 37.959 78980.9 1.2062 2.93847e+06 709400 ZonesAtSurface
2930.54 1024.12 -13.1075 56 14 1 7 1.0497e+06 31.8357 140098 1.11056 4.40631e+06 1.0497e+06 ZonesAtSurface
2980.55 1024.14 -23.1938 35 0 1 8 1.13867e+06 29.8913 135403 1.28159 6.50441e+06 1.13867e+06 ZonesAtSurface
3030.58 1024.17 -33.252 11 0 1 9 1.35806e+06 29.5847 71174 1.27583 1.03404e+07 1.35806e+06 ZonesAtSurface
3080.52 1024.17 6.71753 5 0 1 9 1.35749e+06 20.3232 182991 1.13669 5.5222e+06 1.35749e+06 ZonesAtSurface
3130.5 1024.17 46.6516 2 0 1 9 298995 21.7164 64470.9 1.03118 2.58184e+06 298995 ZonesAtSurface
3180.41 1024.13 136.571 5 6 2 8 1.51044e+06 33.3182 94551.8 1.24395 4.57782e+06 1.51044e+06 ZonesAtSurface
3230.46 1024.14 176.546 0 10 2 8 1.25003e+06 40.067 19289.5 1.54085 3.51871e+06 1.25003e+06 ZonesAtSurface
3280.51 1024.16 216.51 0 7 2 8 1.28214e+06 35.9853 68581.7 1.42597 3.48612e+06 1.28214e+06 ZonesAtSurface
3330.6 1024.18 206.503 6 0 2 9 1.22917e+06 26.9872 174779 1.22216 3.28561e+06 1.22917e+06 ZonesAtSurface
3380.64 1024.18 246.481 7 0 1 9 475167 36.076 64747.6 1.39374 1.97115e+06 475167 ZonesAtSurface
3430.68 1024.18 286.455 5 4 1 9 1.77228e+06 26.1803 161378 1.30838 4.36661e+06 1.77228e+06 ZonesAtSurface
3480.7 1024.18 376.372 7 8 2 8 372347 35.0704 59042.2 0 1.22512e+06 372347 ZonesAtSurface
3530.83 1024.2 366.376 2 2 2 9 907963 17.8656 170953 1.03039 2.31016e+06 907963 ZonesAtSurface
3580.95 1024.19 356.376 1 0 1 10 238840 24.8206 105790 1.11549 1.29701e+06 238840 ZonesAtSurface
3631.03 1024.16 396.34 0 9 1 10 1.66249e+06 35.5564 168205 1.87417 3.49276e+06 1.66249e+06 ZonesAtSurface
3681.15 1024.13 386.328 1 2 2 11 1.58393e+06 33.1078 179185 1.29743 4.43517e+06 1.58393e+06 ZonesAtSurface
3731.23 1024.08 476.237 0 8 2 10 1.3474e+06 37.1192 56288.2 1.67886 3.22427e+06 1.3474e+06 ZonesAtSurface
3781.36 1024.07 476.236 0 5 2 10 1.43961e+06 36.8723 87046.4 5.5521 1.08142e+06 1.43961e+06 ZonesAtSurface
3831.48 1024.09 486.238 7 7 2 9 518115 15.4265 30846.2 0 1.35435e+06 518115 ZonesAtSurface
3881.62 1024.09 496.217 7 7 2 8 661650 35.2808 88204.5 1.0656 2.18419e+06 661650 ZonesAtSurface
3931.76 1024.09 456.259 0 0 2 8 1.02459e+06 21.4065 25805.7 1.10086 2.75372e+06 1.02459e+06 ZonesAtSurface
3981.92 1024.08 466.242 3 4 2 7 1.00054e+06 19.3472 76154.7 1.49491 2.05671e+06 1.00054e+06 ZonesAtSurface
4031.99 1024.14 376.342 10 0 1 8 1.2465e+06 35.8762 63560.2 1.03601 4.93963e+06 1.2465e+06 ZonesAtSurface
4082.11 1024.14 386.345 0 0 2 7 604112 17.4128 74693.6 1.32064 1.29476e+06 604112 ZonesAtSurface
4132.22 1024.13 396.351 9 9 2 6 365395 38.4595 140907 0 1.04885e+06 365395 ZonesAtSurface
4182.19 1024.17 256.44 0 0 1 8 1.74095e+06 28.6182 90000.2 1.01894 6.86335e+06 1.74095e+06 ZonesAtSurface
4232.24 1024.17 216.475 4 0 1 8 235634 24.5109 25759.5 0.949944 2.32547e+06 235634 ZonesAtSurface
4282.27 1024.17 176.505 3 0 1 8 1.45481e+06 25.3972 10785 1.0182 5.85631e+06 1.45481e+06 ZonesAtSurface
4332.36 1024.17 186.522 1 0 2 7 781126 25.0685 134649 1.19041 2.13912e+06 781126 ZonesAtSurface
4382.32 1024.17 96.5628 10 0 1 8 1.30185e+06 43.5931 153743 1.04566 8.69475e+06 1.30185e+06 ZonesAtSurface
4432.4 1024.17 106.596 5 8 2 7 1.18602e+06 31.3615 96302.2 1.11835 3.81654e+06 1.18602e+06 ZonesAtSurface
4482.34 1024.16 16.6203 2 0 1 8 777509 21.1614 104931 0.948696 3.06318e+06 777509 ZonesAtSurface
4532.32 1024.16 -23.3508 8 0 1 8 597508 34.8726 171589 1.12741 5.68531e+06 597508 ZonesAtSurface
4582.33 1024.14 -13.3027 27 0 1 7 435171 22.8234 65386 1.2301 1.35438e+06 435171 ZonesAtSurface
4632.35 1024.12 -3.25638 13 1 2 6 238445 29.8238 50113.7 1.42245 599107 238445 ZonesAtSurface
4682.28 1024.12 -43.2361 43 0 1 6 1.2924e+06 15.957 23811.6 1.40429 2.74564e+06 1.2924e+06 ZonesAtSurface
4732.15 1024.1 -33.1488 58 1 1 5 151616 35.5533 104981 1.01172 368109 151616 ZonesAtSurface
4782.01 1024.09 -23.0831 56 33 1 4 983690 40.3934 150938 1.17684 3.18402e+06 983690 ZonesAtSurface
4831.89 1024.04 -13.0455 72 52 1 3 704992 33.4863 14750 1.43413 1.90295e+06 704992 ZonesAtSurface
4881.87 1023.99 -3.08637 78 52 1 2 444149 39.0871 95991.7 1.18716 1.32582e+06 444149 ZonesAtSurface
4931.89 1023.98 6.88461 75 75 1 1 1.15203e+06 33.8647 44653.6 2.24372 1.91735e+06 1.15203e+06 ZonesAtSurface
81.7951 1074.1 -14.4227 100 0 1 1 1.52079e+06 37.4035 53127.5 1.29954 8.66062e+06 1.52079e+06 ZonesAtSurface
131.603 1074.08 -39.3621 133 0 1 2 836120 28.7694 129662 1.06728 8.86349e+06 836120 ZonesAtSurface
181.41 1074.06 -14.2575 143 96 1 2 1.27799e+06 31.609 95661 1.5166 3.51143e+06 1.27799e+06 ZonesAtSurface
231.201 1074.08 -39.3532 127 0 1 3 805841 21.4375 109334 1.01049 5.45426e+06 805841 ZonesAtSurface
281.031 1074.09 -14.3269 130 52 1 3 1.01852e+06 20.0816 119470 1.23445 2.58911e+06 1.01852e+06 ZonesAtSurface
330.937 1074.09 -39.3526 96 0 1 4 267094 42.5957 84034.9 1.07415 7.34917e+06 267094 ZonesAtSurface
380.798 1074.11 -14.3226 113 0 1 4 258754 29.5994 164713 1.28711 1.71693e+06 258754 ZonesAtSurface
430.656 1074.12 -39.4338 82 0 1 5 1.03407e+06 27.0742 167744 1.04203 6.97794e+06 1.03407e+06 ZonesAtSurface
480.502 1074.13 -14.4489 78 0 1 5 704271 18.5384 60921.6 1.20524 1.87174e+06 704271 ZonesAtSurface
530.448 1074.14 -39.581 55 0 1 6 1.54805e+06 29.2583 67954.6 1.03385 9.11262e+06 1.54805e+06 ZonesAtSurface
580.334 1074.14 -14.6164 43 14 1 6 1.6195e+06 42.4934 157709 1.86162 5.17199e+06 1.6195e+06 ZonesAtSurface
630.337 1074.16 -39.7247 23 0 1 7 1.24793e+06 33.384 83065.1 1.06741 9.81027e+06 1.24793e+06 ZonesAtSurface
680.257 1074.17 -14.7722 25 0 1 7 963348 30.9847 104593 1.02783 8.27701e+06 963348 ZonesAtSurface
730.324 1074.19 -39.8469 2 0 1 8 1.44783e+06 33.8456 148619 1.20424 1.82488e+07 1.44783e+06 ZonesAtSurface
780.174 1074.18 35.12 0 0 1 7 645104 16.2877 109564 1.03448 3.34528e+06 645104 ZonesAtSurface
830.27 1074.19 10.0808 1 0 1 8 627561 27.6783 22633 1.00196 1.19596e+07 627561 ZonesAtSurface
880.2 1074.19 85.0551 5 0 1 7 936259 19.6199 188184 1.02813 6.01084e+06 936259 ZonesAtSurface
930.237 1074.18 110.028 8 0 1 7 1.06977e+06 17.4707 149280 1.00715 6.02925e+06 1.06977e+06 ZonesAtSurface
980.281 1074.18 135.002 8 0 1 7 217942 36.8246 130209 1.01374 6.71105e+06 217942 ZonesAtSurface
1030.33 1074.18 159.981 10 0 1 7 246470 32.7758 97236.2 1.01179 4.57324e+06 246470 ZonesAtSurface
1080.33 1074.18 234.972 7 8 2 6 1.13067e+06 15.1647 40110.7 1.02796 2.87314e+06 1.13067e+06 ZonesAtSurface
1130.42 1074.17 209.943 11 0 1 7 528857 23.7973 78577.5 1.02821 3.24804e+06 528857 ZonesAtSurface
1180.43 1074.18 334.923 0 10 2 5 1.62258e+06 44.3233 136256 0 1.66222e+06 1.62258e+06 ZonesAtSurface
1230.51 1074.18 259.915 10 0 1 7 1.41869e+06 30.7871 181715 1.05279 5.63537e+06 1.41869e+06 ZonesAtSurface
1280.57 1074.18 284.898 8 0 1 7 1.03215e+06 32.351 71311.3 1.01943 5.41909e+06 1.03215e+06 ZonesAtSurface
1330.63 1074.17 359.887 10 0 2 6 565003 21.6187 139406 1.06637 1.86534e+06 565003 ZonesAtSurface
1380.71 1074.17 384.876 7 6 2 6 500248 17.7054 143223 1.61604 787557 500248 ZonesAtSurface
1430.8 1074.17 409.866 0 6 1 6 1.06905e+06 44.7277 161899 1.63395 2.86142e+06 1.06905e+06 ZonesAtSurface
1480.88 1074.2 284.858 0 0 1 9 824828 32.8913 162257 1.03999 6.57292e+06 824828 ZonesAtSurface
1530.95 1074.19 309.852 4 0 1 9 1.18945e+06 23.6296 145076 1.06116 5.24013e+06 1.18945e+06 ZonesAtSurface
1581.03 1074.18 334.862 10 0 1 9 576575 41.9675 15890.5 1.08823 2.50488e+06 576575 ZonesAtSurface
1631.12 1074.18 259.867 1 0 1 11 257428 28.445 45551.2 1.01964 6.0066e+06 257428 ZonesAtSurface
1681.22 1074.17 234.89 0 0 1 12 1.75262e+06 43.1087 146376 1.45001 1.3101e+07 1.75262e+06 ZonesAtSurface
1731.3 1074.15 259.903 2 0 1 12 1.18464e+06 38.9093 124533 1.02046 9.16962e+06 1.18464e+06 ZonesAtSurface
1781.39 1074.12 284.923 8 0 1 12 583423 38.4227 103756 1.03711 5.11455e+06 583423 ZonesAtSurface
1831.49 1074.09 259.94 4 0 1 13 1.72008e+06 36.1862 44111.5 1.00941 9.73862e+06 1.72008e+06 ZonesAtSurface
1881.59 1074.04 334.944 5 0 2 12 122546 32.2925 91224.8 1.61084 196733 122546 ZonesAtSurface
1931.72 1073.98 309.963 1 3 2 13 1.20313e+06 24.5794 30020.2 1.12774 3.34538e+06 1.20313e+06 ZonesAtSurface
1981.85 1073.92 284.988 5 7 1 14 1.32035e+06 21.6805 11091.9 0 3.79167e+06 1.32035e+06 ZonesAtSurface
2031.92 1073.88 197.547 7 0 1 15 1.54535e+06 39.0273 162008 0.971473 7.0094e+06 1.54535e+06 ZonesAtSurface
2081.99 1073.85 147.582 6 0 1 14 763752 32.2828 20417.3 0.997618 7.29811e+06 763752 ZonesAtSurface
2132.19 1073.81 197.578 7 8 2 11 399144 15.6905 146850 0.734295 1.30693e+06 399144 ZonesAtSurface
2182.12 1073.83 97.6455 10 6 2 11 1.56557e+06 30.723 116953 1.04361 5.34622e+06 1.56557e+06 ZonesAtSurface
2231.94 1073.85 -2.34211 19 0 1 11 277447 18.7199 62882.1 1.09003 5.21917e+06 277447 ZonesAtSurface
2281.96 1073.84 -2.26702 39 4 1 9 1.06785e+06 19.8037 159380 1.09235 2.7843e+06 1.06785e+06 ZonesAtSurface
2331.93 1073.82 -2.19438 55 2 1 7 111114 19.9363 163770 1.79852 240234 111114 ZonesAtSurface
2381.82 1073.8 -2.18782 52 18 1 5 1.88276e+06 42.4311 102335 3.30126 3.46238e+06 1.88276e+06 ZonesAtSurface
2431.84 1073.77 -2.14705 121 11 1 3 345439 22.5845 82040.1 1.2836 799268 345439 ZonesAtSurface
2481.6 1073.82 -2.12381 107 12 1 1 759264 44.5466 171720 3.33678 1.55131e+06 759264 ZonesAtSurface
2531.41 1073.89 -31.9943 122 6 1 1 1.35169e+06 21.5083 138407 1.39068 3.06442e+06 1.35169e+06 ZonesAtSurface
2581.24 1073.94 -41.9885 120 0 1 2 623358 18.7112 34528.8 1.18777 3.12082e+06 623358 ZonesAtSurface
2631.03 1073.99 -1.88585 39 99 1 2 1.44457e+06 28.123 162199 4.76448 1.04465e+06 1.44457e+06 ZonesAtSurface
2681 1074 -11.9149 118 13 1 3 1.46674e+06 17.9678 150395 1.44583 3.57246e+06 1.46674e+06 ZonesAtSurface
2730.95 1074.04 -21.9568 70 2 1 4 836868 36.0285 14695.2 1.25877 4.30169e+06 836868 ZonesAtSurface
2780.87 1074.08 -31.9804 71 40 1 5 1.56505e+06 41.5462 90053.9 1.06762 6.76156e+06 1.56505e+06 ZonesAtSurface
2830.76 1074.1 -42.019 80 0 1 6 1.3171e+06 19.4429 59912.6 1.46314 4.83011e+06 1.3171e+06 ZonesAtSurface
2880.57 1074.1 -2.0111 70 30 1 6 1.13413e+06 15.6257 89394.8 1.19506 2.94411e+06 1.13413e+06 ZonesAtSurface
2930.56 1074.11 -12.1329 66 0 1 7 1.12095e+06 29.8797 86797 1.75697 3.64471e+06 1.12095e+06 ZonesAtSurface
2980.59 1074.12 -22.1919 38 0 1 8 974406 43.9144 22104.8 1.34755 7.32962e+06 974406 ZonesAtSurface
3030.63 1074.15 -32.2542 12 0 1 9 783750 38.6095 10324.9 1.17116 1.08333e+07 783750 ZonesAtSurface
3080.65 1074.15 -42.3142 13 0 1 10 235156 33.2768 159261 1.05835 1.33321e+07 235156 ZonesAtSurface
3130.41 1074.12 97.6176 10 9 2 8 1.17345e+06 18.6653 59082.6 1.07479 3.09928e+06 1.17345e+06 ZonesAtSurface
3180.53 1074.14 87.6125 6 0 1 9 1.67305e+06 27.0049 48907.8 1.10521 7.55725e+06 1.67305e+06 ZonesAtSurface
3230.54 1074.15 127.581 4 0 2 9 1.00472e+06 25.933 88382 1.14392 3.48865e+06 1.00472e+06 ZonesAtSurface
3280.58 1074.15 167.537 8 0 2 9 1.82549e+06 39.0535 47929.1 1.2128 7.37722e+06 1.82549e+06 ZonesAtSurface
3330.67 1074.17 157.511 1 0 1 10 819803 37.0179 76007.7 1.00855 4.84517e+06 819803 ZonesAtSurface
3380.71 1074.17 197.487 7 0 1 10 1.55808e+06 24.6823 79160.8 1.0188 6.40582e+06 1.55808e+06 ZonesAtSurface
3430.75 1074.17 237.467 9 0 1 10 152155 41.0439 114883 1.04301 3.07471e+06 152155 ZonesAtSurface
3480.82 1074.18 277.44 7 2 1 10 1.39295e+06 24.3295 86654.9 1.07636 3.99302e+06 1.39295e+06 ZonesAtSurface
3530.94 1074.18 267.427 3 0 1 11 1.68384e+06 37.0797 58781.9 1.01051 8.64695e+06 1.68384e+06 ZonesAtSurface
3581.01 1074.16 307.391 9 0 1 11 1.73722e+06 34.0142 145956 1.02029 8.83176e+06 1.73722e+06 ZonesAtSurface
3631.11 1074.13 347.359 1 1 2 11 1.68391e+06 17.1194 108525 1.07205 4.35612e+06 1.68391e+06 ZonesAtSurface
3681.23 1074.11 337.36 8 0 1 12 328025 27.2005 41297.3 1.1138 3.10012e+06 328025 ZonesAtSurface
3731.3 1074.08 427.299 10 4 1 11 717018 39.5784 60659.3 1.26345 3.57457e+06 717018 ZonesAtSurface
3781.41 1074.08 427.29 1 0 2 11 504585 25.3255 29452.2 1.16859 1.49443e+06 504585 ZonesAtSurface
3831.51 1074.09 437.3 6 6 1 10 1.53648e+06 30.1549 129987 1.33767 4.11308e+06 1.53648e+06 ZonesAtSurface
3881.67 1074.08 447.269 7 0 1 9 189571 20.0922 70416.6 1.02106 949170 189571 ZonesAtSurface
3931.8 1074.06 457.263 10 0 1 8 787177 18.1904 121700 1.07301 2.61341e+06 787177 ZonesAtSurface
3981.91 1074.08 417.3 9 0 1 8 338701 30.2236 120062 1.02327 2.64587e+06 338701 ZonesAtSurface
4032.01 1074.1 377.338 6 0 1 8 170353 23.1282 101407 1.03335 2.44822e+06 170353 ZonesAtSurface
4082.1 1074.12 337.373 9 0 1 8 400913 25.1838 59102.8 1.01187 4.59334e+06 400913 ZonesAtSurface
4132.17 1074.13 297.407 4 0 1 8 969720 18.2454 142156 0.984388 4.01318e+06 969720 ZonesAtSurface
4182.23 1074.13 257.441 6 0 1 8 1.29621e+06 17.8015 35798.9 1.00671 5.55757e+06 1.29621e+06 ZonesAtSurface
4232.27 1074.13 217.475 2 0 1 8 780562 32.5745 134632 0.993465 4.60147e+06 780562 ZonesAtSurface
4282.31 1074.14 177.505 8 0 1 8 1.0175e+06 29.1035 114416 1.01373 6.25061e+06 1.0175e+06 ZonesAtSurface
4332.33 1074.13 137.529 10 0 1 8 735890 40.9187 63004.7 1.01849 9.31249e+06 735890 ZonesAtSurface
4382.35 1074.14 97.562 10 0 1 8 1.8089e+06 18.9526 178734 1.03367 6.5981e+06 1.8089e+06 ZonesAtSurface
4432.37 1074.14 57.5933 10 0 1 8 311961 31.5868 115457 1.05818 5.81178e+06 311961 ZonesAtSurface
4482.3 1074.13 -32.3963 1 0 1 9 1.65734e+06 23.4136 28956.6 1.0872 1.08392e+07 1.65734e+06 ZonesAtSurface
4532.32 1074.13 -22.3384 8 0 1 8 556530 39.1377 119069 1.05895 1.05938e+07 556530 ZonesAtSurface
4582.3 1074.13 -12.2846 17 0 1 7 1.43303e+06 40.7412 170562 1.63227 5.78301e+06 1.43303e+06 ZonesAtSurface
4632.31 1074.12 -2.2328 38 18 1 6 1.78985e+06 17.0824 38791.1 2.4742 2.04955e+06 1.78985e+06 ZonesAtSurface
4682.26 1074.12 -42.2232 37 0 1 6 197897 34.3204 118174 1.1733 3.34414e+06 197897 ZonesAtSurface
4732.14 1074.12 -32.1467 57 12 1 5 1.16915e+06 36.0411 13086.3 1.17783 3.99383e+06 1.16915e+06 ZonesAtSurface
4781.94 1074.1 -22.066 83 23 1 4 304624 33.6353 173682 1.31017 546682 304624 ZonesAtSurface
4831.91 1074.05 -12.049 83 34 1 3 907716 28.9069 15712.5 1.58831 1.93027e+06 907716 ZonesAtSurface
4881.89 1074.02 -2.06703 104 55 1 2 682398 39.1111 41458.3 1.86566 1.49562e+06 682398 ZonesAtSurface
4931.84 1074.03 7.91104 100 84 1 1 1.00925e+06 20.7313 144938 1.41289 1.98292e+06 1.00925e+06 ZonesAtSurface
81.8061 1124.11 -13.4058 110 4 1 1 827903 42.7848 141082 1.19877 6.67959e+06 827903 ZonesAtSurface
131.604 1124.1 -38.3621 145 0 1 2 500333 22.1953 156241 1.12405 5.70727e+06 500333 ZonesAtSurface
181.41 1124.09 -13.2659 135 87 1 2 1.23598e+06 18.7021 175062 1.3356 3.02262e+06 1.23598e+06 ZonesAtSurface
231.226 1124.08 -38.3741 131 0 1 3 1.31651e+06 16.0638 157780 1.02287 5.09818e+06 1.31651e+06 ZonesAtSurface
281.074 1124.08 -13.3432 129 34 1 3 661386 33.509 41295.4 1.45487 2.37606e+06 661386 ZonesAtSurface
330.999 1124.08 -38.3437 115 0 1 4 1.35259e+06 31.6222 109433 1.11183 8.20508e+06 1.35259e+06 ZonesAtSurface
380.878 1124.09 -13.31 117 49 1 4 1.77098e+06 18.3531 38014.9 1.31745 4.29108e+06 1.77098e+06 ZonesAtSurface
430.708 1124.11 -38.4262 77 0 1 5 1.21376e+06 35.4537 91163.3 1.06357 7.53869e+06 1.21376e+06 ZonesAtSurface
480.554 1124.11 -13.4197 91 24 1 5 1.6244e+06 22.329 126462 1.37908 4.19376e+06 1.6244e+06 ZonesAtSurface
530.472 1124.12 -38.5716 55 0 1 6 1.06474e+06 31.183 49954.1 1.05369 8.68459e+06 1.06474e+06 ZonesAtSurface
580.337 1124.13 -13.6312 29 3 1 6 776114 27.2572 11770.2 1.37361 2.46243e+06 776114 ZonesAtSurface
630.376 1124.13 -38.7408 24 0 1 7 631284 43.0227 165467 0.985671 9.80453e+06 631284 ZonesAtSurface
680.301 1124.13 -13.775 1 0 1 7 263032 29.9194 161031 1.00181 6.72582e+06 263032 ZonesAtSurface
730.249 1124.13 11.1652 1 0 1 7 282115 17.282 187504 1.03517 4.35944e+06 282115 ZonesAtSurface
780.338 1124.14 -13.884 0 0 1 8 674414 41.8721 148281 1.5028 1.59056e+07 674414 ZonesAtSurface
830.117 1124.11 161.06 7 9 2 5 1.1567e+06 41.9616 102979 1.37797 3.62668e+06 1.1567e+06 ZonesAtSurface
880.169 1124.09 186.038 5 5 2 5 1.62726e+06 32.1699 43722 1.32087 4.75862e+06 1.62726e+06 ZonesAtSurface
930.28 1124.13 111.027 5 0 1 7 874322 30.2435 169604 1.00475 6.64336e+06 874322 ZonesAtSurface
980.321 1124.14 136.004 6 0 1 7 1.62188e+06 31.8332 151341 1.01113 7.87515e+06 1.62188e+06 ZonesAtSurface
1030.39 1124.15 110.983 0 0 1 8 469157 42.3987 116589 1.06633 1.23063e+07 469157 ZonesAtSurface
1080.4 1124.14 185.963 8 0 1 7 1.12091e+06 34.227 83824.2 1.01008 8.00658e+06 1.12091e+06 ZonesAtSurface
1130.44 1124.14 210.943 8 0 1 7 1.48338e+06 25.8848 106148 1.00568 6.96882e+06 1.48338e+06 ZonesAtSurface
1180.49 1124.14 235.928 10 0 1 7 552587 35.311 51677.8 1.00931 6.6816e+06 552587 ZonesAtSurface
1230.55 1124.14 260.91 9 0 1 7 544809 19.959 57904.8 1.01588 4.0031e+06 544809 ZonesAtSurface
1280.6 1124.14 285.893 3 0 1 7 569231 41.7747 59940.3 1.00969 6.19865e+06 569231 ZonesAtSurface
1330.66 1124.13 360.88 7 8 1 6 1.22991e+06 41.7633 41785.9 1.20852 4.49638e+06 1.22991e+06 ZonesAtSurface
1380.75 1124.14 385.867 1 5 2 6 413702 39.1088 49739.2 1.40336 1.22651e+06 413702 ZonesAtSurface
1430.84 1124.14 360.861 4 3 1 7 1.88648e+06 19.8045 126452 1.05015 5.04767e+06 1.88648e+06 ZonesAtSurface
1480.93 1124.14 385.851 0 0 2 7 351745 31.0991 143648 1.22513 1.98167e+06 351745 ZonesAtSurface
1531 1124.15 310.856 8 0 1 9 855923 36.2963 62433.3 1.01911 8.41355e+06 855923 ZonesAtSurface
1581.08 1124.14 285.858 7 0 1 10 737738 23.3085 118338 1.0556 5.18588e+06 737738 ZonesAtSurface
1631.16 1124.14 260.864 2 0 1 11 526641 33.6785 105120 1.0228 7.90096e+06 526641 ZonesAtSurface
1681.24 1124.13 285.882 6 0 1 11 1.61005e+06 43.402 143969 1.1375 8.21259e+06 1.61005e+06 ZonesAtSurface
1731.32 1124.12 310.902 3 0 2 11 373930 29.492 12267.8 1.11659 2.69862e+06 373930 ZonesAtSurface
1781.44 1124.09 235.926 2 0 1 13 1.69621e+06 44.1141 133621 1.01289 1.09464e+07 1.69621e+06 ZonesAtSurface
1831.52 1124.06 310.944 0 0 2 12 761657 39.9015 130171 1.21572 2.52865e+06 761657 ZonesAtSurface
1881.64 1124.02 335.945 0 7 2 12 1.49895e+06 24.9127 123864 1.71919 2.66524e+06 1.49895e+06 ZonesAtSurface
1931.78 1123.96 360.937 0 10 2 12 1.5529e+06 21.6857 82221.1 1.91439 2.36422e+06 1.5529e+06 ZonesAtSurface
1981.9 1123.88 285.993 4 2 2 14 330534 31.3396 36611.4 1.05481 1.08761e+06 330534 ZonesAtSurface
2032.02 1123.83 248.529 0 0 2 14 1.17872e+06 19.7583 15958.2 1.10319 3.12709e+06 1.17872e+06 ZonesAtSurface
2082.1 1123.79 198.566 6 5 1 13 1.65024e+06 29.8237 70022.9 1.12235 5.14769e+06 1.65024e+06 ZonesAtSurface
2132.05 1123.8 98.6144 4 0 1 13 1.0758e+06 25.7137 103264 0.99544 6.1654e+06 1.0758e+06 ZonesAtSurface
2181.92 1123.82 -1.37028 0 0 1 13 440093 35.3886 134992 1.06519 1.49934e+07 440093 ZonesAtSurface
2231.96 1123.81 -1.33421 11 0 1 11 1.73927e+06 15.4751 33780.8 1.01497 8.1363e+06 1.73927e+06 ZonesAtSurface
2281.99 1123.8 -1.26008 32 0 1 9 1.34782e+06 31.2384 15250.9 1.43668 4.36051e+06 1.34782e+06 ZonesAtSurface
2331.92 1123.8 -1.20038 51 1 1 7 1.17399e+06 42.1341 41793.1 2.02208 3.93775e+06 1.17399e+06 ZonesAtSurface
2381.81 1123.8 -1.18809 82 0 1 5 875753 35.9244 16506.5 2.00272 3.12369e+06 875753 ZonesAtSurface
2431.81 1123.82 -1.16147 103 7 1 3 377495 33.6423 40551.8 2.10429 1.13146e+06 377495 ZonesAtSurface
2481.53 1123.85 -1.12511 66 47 1 1 1.87347e+06 42.7207 134620 2.66458 4.6823e+06 1.87347e+06 ZonesAtSurface
2531.36 1123.91 -30.9968 110 0 1 1 380590 43.3291 189403 1.57841 4.70091e+06 380590 ZonesAtSurface
2581.21 1123.96 -40.9798 107 0 1 2 419951 42.872 139650 1.11966 4.28004e+06 419951 ZonesAtSurface
2631.01 1124.02 -0.88443 102 95 2 2 628385 27.1813 52420.7 1.97731 1.13201e+06 628385 ZonesAtSurface
2680.97 1124.02 -10.9315 62 40 1 3 1.88674e+06 26.0454 38012 1.58008 4.78085e+06 1.88674e+06 ZonesAtSurface
2730.93 1124.04 -20.9569 39 25 1 4 1.65083e+06 44.1795 164121 1.94388 6.76616e+06 1.65083e+06 ZonesAtSurface
2780.87 1124.08 -30.9802 79 4 1 5 1.10948e+06 36.955 77557.4 1.09451 4.93542e+06 1.10948e+06 ZonesAtSurface
2830.75 1124.09 -41.0178 70 0 1 6 1.52438e+06 24.931 94650.8 1.33665 6.32241e+06 1.52438e+06 ZonesAtSurface
2880.56 1124.09 -1.01509 81 0 1 6 409045 28.393 107052 1.58083 1.80988e+06 409045 ZonesAtSurface
2930.54 1124.09 -11.1595 54 0 1 7 942598 22.3714 169903 1.55769 3.255e+06 942598 ZonesAtSurface
2980.6 1124.1 -21.1882 14 0 1 8 480710 26.6573 98168.9 1.14399 4.59089e+06 480710 ZonesAtSurface
3030.65 1124.11 -31.2712 28 0 1 9 248037 29.2136 55871.7 1.01693 5.97399e+06 248037 ZonesAtSurface
3080.69 1124.12 -41.3347 0 0 1 10 1.31092e+06 35.5056 148646 1.37764 1.16555e+07 1.31092e+06 ZonesAtSurface
3130.57 1124.11 48.6592 8 0 1 9 1.85068e+06 23.7157 46644 1.03137 6.5952e+06 1.85068e+06 ZonesAtSurface
3180.45 1124.12 138.594 9 7 2 8 1.20676e+06 24.7332 107905 1.11615 3.41405e+06 1.20676e+06 ZonesAtSurface
3230.5 1124.12 178.569 9 9 2 8 842273 21.8843 171650 1.35803 1.87176e+06 842273 ZonesAtSurface
3280.67 1124.12 118.548 8 0 1 10 1.38939e+06 26.9967 156636 1.07552 9.02986e+06 1.38939e+06 ZonesAtSurface
3330.69 1124.14 158.512 6 0 1 10 978417 18.6627 42221.8 1.03212 3.88601e+06 978417 ZonesAtSurface
3380.68 1124.15 248.477 0 5 2 9 1.52291e+06 38.321 19943.7 2.85838 3.02928e+06 1.52291e+06 ZonesAtSurface
3430.76 1124.14 238.461 9 0 1 10 209390 29.9849 117890 1.00858 2.32136e+06 209390 ZonesAtSurface
3480.79 1124.12 328.412 9 10 1 9 1.86923e+06 40.4387 73424 1.95313 4.32439e+06 1.86923e+06 ZonesAtSurface
3530.98 1124.14 268.433 5 0 1 11 364058 40.1524 27198.6 1.01774 8.65902e+06 364058 ZonesAtSurface
3581.06 1124.12 308.395 5 0 1 11 1.48538e+06 33.1456 131505 1.00875 8.31945e+06 1.48538e+06 ZonesAtSurface
3631.17 1124.1 298.375 5 0 1 12 976345 40.1435 179550 1.02465 5.52225e+06 976345 ZonesAtSurface
3681.25 1124.09 338.356 7 0 1 12 1.84623e+06 44.7308 32416.2 1.04908 9.34759e+06 1.84623e+06 ZonesAtSurface
3731.32 1124.07 428.305 8 6 2 11 235829 27.4694 23446.4 1.74406 732471 235829 ZonesAtSurface
3781.43 1124.06 428.298 9 0 1 11 1.3056e+06 24.6281 171621 1.04267 3.9135e+06 1.3056e+06 ZonesAtSurface
3831.56 1124.03 488.233 7 5 1 9 570669 20.5185 172569 1.04136 1.48714e+06 570669 ZonesAtSurface
3881.7 1124 498.22 3 6 2 8 537442 27.9618 177503 1.10933 1.38905e+06 537442 ZonesAtSurface
3931.85 1124.01 508.198 3 10 2 7 850749 22.1696 90132.9 2.04911 1.22849e+06 850749 ZonesAtSurface
3981.93 1124.06 418.297 2 0 2 8 937482 25.7665 65096 0.988211 2.96724e+06 937482 ZonesAtSurface
4032.07 1124.04 428.287 4 0 2 7 103721 29.154 100957 2.37162 136002 103721 ZonesAtSurface
4082.16 1124.03 438.319 0 5 1 6 1.43449e+06 22.1371 23209.5 3.16701 1.39406e+06 1.43449e+06 ZonesAtSurface
4132.24 1124.06 348.382 10 0 1 7 506954 28.6039 126747 1.05646 1.92047e+06 506954 ZonesAtSurface
4182.32 1124.06 358.407 3 9 2 6 1.87819e+06 35.9094 60306.8 1.55651 4.96432e+06 1.87819e+06 ZonesAtSurface
4232.29 1124.09 218.47 7 0 1 8 1.05735e+06 16.0043 125081 0.998838 4.91773e+06 1.05735e+06 ZonesAtSurface
4282.28 1124.1 128.506 0 0 1 9 1.18321e+06 33.4451 103839 1.00595 1.1053e+07 1.18321e+06 ZonesAtSurface
4332.3 1124.1 88.5281 3 0 1 9 800095 31.3361 87476 1.00687 1.04217e+07 800095 ZonesAtSurface
4382.41 1124.09 148.566 4 9 1 7 1.55698e+06 28.9336 112780 1.65274 3.60648e+06 1.55698e+06 ZonesAtSurface
4432.46 1124.09 108.589 8 1 2 7 890967 41.141 106934 1.35599 3.05884e+06 890967 ZonesAtSurface
4482.31 1124.09 -31.3914 0 0 1 9 934716 36.8786 96441.5 2.73391 1.04657e+07 934716 ZonesAtSurface
4532.3 1124.1 -21.3324 18 0 1 8 617495 32.4825 71594.8 1.07033 9.49432e+06 617495 ZonesAtSurface
4582.27 1124.1 -11.2721 22 0 1 7 1.86612e+06 42.9259 159609 1.65284 6.81922e+06 1.86612e+06 ZonesAtSurface
4632.28 1124.11 -1.20782 34 11 1 6 1.0737e+06 25.1287 132254 2.00777 1.63274e+06 1.0737e+06 ZonesAtSurface
4682.25 1124.1 -41.2102 61 0 1 6 860875 28.8137 38696 1.10449 5.08602e+06 860875 ZonesAtSurface
4732.06 1124.1 -31.1037 70 13 1 5 696358 24.1494 37060 1.03519 2.06166e+06 696358 ZonesAtSurface
4781.86 1124.07 -21.0154 99 28 1 4 649077 20.129 185155 1.08741 1.54119e+06 649077 ZonesAtSurface
4831.88 1124.04 -11.0408 98 28 1 3 334489 37.6906 94896.1 0 597525 334489 ZonesAtSurface
4881.85 1124.04 -1.05833 52 86 1 2 1.88208e+06 42.6148 134046 5.0459 1.61985e+06 1.88208e+06 ZonesAtSurface
4931.78 1124.04 8.91851 117 68 1 1 225472 21.0927 82463.6 0 695294 225472 ZonesAtSurface
81.802 1174.11 -12.3835 148 2 1 1 884133 26.2873 19917.9 1.06093 5.06694e+06 884133 ZonesAtSurface
131.585 1174.09 -37.3819 143 0 1 2 1.83186e+06 19.0533 12739.4 1.07546 8.09756e+06 1.83186e+06 ZonesAtSurface
181.402 1174.09 -12.2984 141 1 1 2 187841 41.9943 35373.8 1.46867 2.68805e+06 187841 ZonesAtSurface
231.244 1174.07 -37.4008 126 0 1 3 392890 42.1997 165127 1.05282 6.59673e+06 392890 ZonesAtSurface
281.114 1174.07 -12.3592 119 0 2 3 959695 17.9389 164277 1.24837 2.59693e+06 959695 ZonesAtSurface
331.042 1174.07 -37.3493 100 0 1 4 1.66302e+06 39.7651 63707.4 1.09153 1.1077e+07 1.66302e+06 ZonesAtSurface
380.927 1174.08 -12.312 120 0 1 4 233698 21.7273 183568 1.40878 1.17676e+06 233698 ZonesAtSurface
430.748 1174.09 -37.4353 73 0 1 5 1.87739e+06 37.6341 114448 1.10906 7.88072e+06 1.87739e+06 ZonesAtSurface
480.594 1174.09 -12.4037 75 0 1 5 555870 44.199 132177 1.35931 3.43145e+06 555870 ZonesAtSurface
530.497 1174.1 -37.5605 58 0 1 6 1.01373e+06 18.9321 126104 1.03227 5.43579e+06 1.01373e+06 ZonesAtSurface
580.332 1174.1 -12.6491 36 8 1 6 1.57569e+06 25.3642 153346 1.10297 4.58778e+06 1.57569e+06 ZonesAtSurface
630.401 1174.1 -37.7539 25 0 1 7 1.41562e+06 38.9465 66090.1 0.995193 1.10299e+07 1.41562e+06 ZonesAtSurface
680.329 1174.09 -12.7878 16 0 1 7 228811 39.7143 96670.5 1.0056 9.98346e+06 228811 ZonesAtSurface
730.285 1174.09 12.159 10 0 1 7 290177 43.9025 44232.4 0.989527 9.92389e+06 290177 ZonesAtSurface
780.263 1174.09 37.118 9 0 1 7 965445 44.3726 42570.6 0.99817 1.1581e+07 965445 ZonesAtSurface
830.264 1174.1 62.0809 2 0 1 7 1.5407e+06 22.607 155537 0.985746 7.21591e+06 1.5407e+06 ZonesAtSurface
880.181 1174.08 187.04 0 2 2 5 1.19581e+06 42.6415 73237.8 1.40024 3.97061e+06 1.19581e+06 ZonesAtSurface
930.218 1174.07 212.025 4 4 2 5 1.88197e+06 23.7369 100453 1.35416 4.31467e+06 1.88197e+06 ZonesAtSurface
980.261 1174.05 237.003 5 5 2 5 850713 29.2147 134157 1.21379 2.37677e+06 850713 ZonesAtSurface
1030.38 1174.1 161.982 0 0 1 7 1.17883e+06 40.6076 42162 1.00972 8.77263e+06 1.17883e+06 ZonesAtSurface
1080.37 1174.06 286.958 0 5 2 5 1.55915e+06 38.2879 94910.1 1.57826 4.31456e+06 1.55915e+06 ZonesAtSurface
1130.47 1174.1 211.941 4 0 1 7 843863 23.6297 69617 1.00406 6.42868e+06 843863 ZonesAtSurface
1180.5 1174.09 286.926 9 0 1 6 444604 35.6556 120703 1.10299 2.2528e+06 444604 ZonesAtSurface
1230.56 1174.09 311.908 1 0 2 6 602875 39.7823 42480.4 1.07014 2.64374e+06 602875 ZonesAtSurface
1280.62 1174.1 336.892 6 8 1 6 1.7531e+06 31.9631 156501 1.20148 5.09402e+06 1.7531e+06 ZonesAtSurface
1330.7 1174.1 311.878 5 0 1 7 413693 22.6118 156500 1.01687 3.04114e+06 413693 ZonesAtSurface
1380.79 1174.1 336.866 11 0 1 7 736878 39.9214 129530 1.05054 3.82439e+06 736878 ZonesAtSurface
1430.88 1174.1 361.857 6 6 1 7 1.62145e+06 42.1996 96743.4 1.02646 6.85128e+06 1.62145e+06 ZonesAtSurface
1480.96 1174.12 286.862 0 0 1 9 201490 27.8096 161075 1.0146 4.45219e+06 201490 ZonesAtSurface
1531.04 1174.11 311.859 10 0 1 9 1.64723e+06 37.878 28142.1 1.05806 6.74839e+06 1.64723e+06 ZonesAtSurface
1581.13 1174.1 386.875 6 7 2 8 1.57787e+06 16.9184 79485.7 5.2395 835066 1.57787e+06 ZonesAtSurface
1631.18 1174.09 311.868 8 0 1 10 1.12563e+06 41.3774 28039.7 1.04105 7.43568e+06 1.12563e+06 ZonesAtSurface
1681.28 1174.1 236.887 0 0 1 12 916363 40.4294 146041 1.00644 1.23687e+07 916363 ZonesAtSurface
1731.38 1174.08 211.909 0 0 1 13 1.26035e+06 17.0688 185872 1.00928 7.83976e+06 1.26035e+06 ZonesAtSurface
1781.45 1174.05 286.92 8 0 1 12 745832 17.7602 136330 1.01572 3.16827e+06 745832 ZonesAtSurface
1831.56 1174.02 261.946 8 0 1 13 405118 30.928 153197 1.00857 8.63617e+06 405118 ZonesAtSurface
1881.67 1173.98 286.966 0 0 1 13 507651 30.901 124695 1.10428 1.75793e+06 507651 ZonesAtSurface
1931.83 1173.93 361.946 1 9 1 12 884937 25.2711 39770.3 1.33872 2.09824e+06 884937 ZonesAtSurface
1981.93 1173.84 286.995 0 0 2 14 241232 16.7964 148751 0 497479 241232 ZonesAtSurface
2032.04 1173.79 249.531 10 0 1 14 506715 30.8297 96353.5 1.07635 1.56567e+06 506715 ZonesAtSurface
2082.12 1173.77 199.565 9 0 1 13 394539 22.9943 68895 0.958981 1.9567e+06 394539 ZonesAtSurface
2132.07 1173.77 99.6148 9 0 1 13 737241 19.7079 94870.6 0.978469 5.04481e+06 737241 ZonesAtSurface
2181.95 1173.78 -0.369724 0 0 1 13 1.38095e+06 44.1291 82225.9 2.07497 1.52387e+07 1.38095e+06 ZonesAtSurface
2231.98 1173.77 -0.329894 9 0 1 11 991889 35.3591 37406.9 1.10949 1.0387e+07 991889 ZonesAtSurface
2281.99 1173.8 -0.258347 33 0 1 9 897795 20.0536 147763 1.28727 3.34094e+06 897795 ZonesAtSurface
2331.93 1173.82 -0.212477 63 10 1 7 579479 22.3896 66951.6 2.52268 816808 579479 ZonesAtSurface
2381.79 1173.83 -0.184878 83 0 1 5 492296 41.1033 36186.6 2.25372 2.25259e+06 492296 ZonesAtSurface
2431.76 1173.88 -0.173446 96 0 1 3 179495 41.4678 110549 4.33587 174830 179495 ZonesAtSurface
2481.47 1173.9 -0.111822 108 16 1 1 1.41592e+06 20.0901 125391 1.81428 2.80428e+06 1.41592e+06 ZonesAtSurface
2531.28 1173.94 -29.9904 116 1 1 1 419555 44.9784 162584 2.54334 2.12014e+06 419555 ZonesAtSurface
2581.17 1173.98 -39.956 108 36 1 2 1.33704e+06 33.6994 140753 1.41651 3.85561e+06 1.33704e+06 ZonesAtSurface
2631.08 1174 -49.985 23 0 1 3 183640 21.2673 82292.3 1.30864 2.54322e+06 183640 ZonesAtSurface
2680.93 1174.03 -9.94973 106 14 1 3 907145 19.0513 123319 1.70978 1.67485e+06 907145 ZonesAtSurface
2730.91 1174.04 -19.9636 96 0 1 4 1.16482e+06 24.8497 48315.7 1.29985 3.51836e+06 1.16482e+06 ZonesAtSurface
2780.87 1174.06 -29.9808 85 0 1 5 550548 28.038 148413 1.06553 3.02579e+06 550548 ZonesAtSurface
2830.76 1174.08 -40.022 66 0 1 6 1.09966e+06 38.7661 140850 1.12075 6.59388e+06 1.09966e+06 ZonesAtSurface
2880.58 1174.09 -0.0138875 78 15 1 6 922679 26.8571 29122.2 1.40065 2.98454e+06 922679 ZonesAtSurface
2930.56 1174.08 -10.1573 59 0 1 7 520252 43.0339 189887 1.41664 3.94914e+06 520252 ZonesAtSurface
2980.61 1174.07 -20.198 18 0 1 8 502799 33.3355 11552.9 1.07663 5.21021e+06 502799 ZonesAtSurface
3030.65 1174.07 -30.2757 12 0 1 9 756504 18.2591 133980 0.991069 5.67359e+06 756504 ZonesAtSurface
3080.61 1174.08 9.6822 6 0 1 9 228509 37.6076 34563.9 1.05311 5.64728e+06 228509 ZonesAtSurface
3130.67 1174.09 -0.349276 5 0 1 10 1.71035e+06 21.189 112547 1.01067 8.37015e+06 1.71035e+06 ZonesAtSurface
3180.67 1174.09 39.6167 6 0 1 10 1.53454e+06 34.292 50632.8 1.01087 9.80342e+06 1.53454e+06 ZonesAtSurface
3230.67 1174.09 79.5869 2 0 1 10 1.32234e+06 35.8551 134286 1.0161 8.1687e+06 1.32234e+06 ZonesAtSurface
3280.69 1174.09 119.558 5 0 1 10 1.5798e+06 42.4571 16814.6 1.04679 1.04722e+07 1.5798e+06 ZonesAtSurface
3330.71 1174.1 159.525 10 0 1 10 820140 32.4659 64498.7 1.04578 5.50971e+06 820140 ZonesAtSurface
3380.75 1174.11 199.493 10 0 1 10 1.76942e+06 32.8977 139400 1.05119 6.06366e+06 1.76942e+06 ZonesAtSurface
3430.8 1174.1 239.46 10 0 1 10 806161 18.4146 96055.4 1.00818 3.47691e+06 806161 ZonesAtSurface
3480.87 1174.08 279.43 8 0 1 10 902436 20.1002 77074.5 0.995802 3.72242e+06 902436 ZonesAtSurface
3530.96 1174.07 319.404 10 0 1 10 910016 20.7425 31622.5 1.01004 2.71011e+06 910016 ZonesAtSurface
3581.08 1174.07 359.376 7 0 2 10 241633 15.3727 14163.8 1.1094 621906 241633 ZonesAtSurface
3631.18 1174.06 349.363 10 0 1 11 1.6543e+06 27.7808 14487.8 1.03103 6.58931e+06 1.6543e+06 ZonesAtSurface
3681.26 1174.06 339.35 7 0 1 12 1.12063e+06 43.5967 176002 1.02753 8.03367e+06 1.12063e+06 ZonesAtSurface
3731.35 1174.05 379.332 7 0 1 12 1.31594e+06 41.2524 27015.5 1.02682 5.69012e+06 1.31594e+06 ZonesAtSurface
3781.44 1174.03 479.262 7 7 1 10 1.1705e+06 42.0376 87699.9 1.07211 4.76782e+06 1.1705e+06 ZonesAtSurface
3831.6 1173.99 489.218 7 9 2 9 597756 22.2366 29223 1.21284 1.51889e+06 597756 ZonesAtSurface
3881.72 1174 449.247 1 1 2 9 1.48025e+06 36.3509 111910 1.03371 5.43833e+06 1.48025e+06 ZonesAtSurface
3931.83 1174 459.261 2 2 2 8 997675 27.6073 163408 1.04986 2.96605e+06 997675 ZonesAtSurface
3981.97 1174 519.206 0 8 1 6 1.86624e+06 19.9316 170418 5.63342 1.04875e+06 1.86624e+06 ZonesAtSurface
4032.06 1174.03 379.332 0 0 2 8 853127 23.4173 177932 1.01813 3.17365e+06 853127 ZonesAtSurface
4082.17 1174.02 389.334 10 0 1 7 157451 33.7727 126369 1.16274 2.08223e+06 157451 ZonesAtSurface
4132.26 1174 449.344 7 6 2 5 200923 21.3143 16266.3 0 600231 200923 ZonesAtSurface
4182.29 1174.04 309.422 7 0 1 7 916782 19.8173 188911 1.01241 3.97419e+06 916782 ZonesAtSurface
4232.38 1174.04 319.443 6 3 2 6 703681 25.5911 19096.2 1.1891 1.96386e+06 703681 ZonesAtSurface
4282.33 1174.06 179.502 5 0 1 8 485754 31.7024 158213 0.997459 4.95742e+06 485754 ZonesAtSurface
4332.39 1174.06 189.537 0 4 2 7 1.41728e+06 32.0411 115838 3.91853 1.95547e+06 1.41728e+06 ZonesAtSurface
4382.39 1174.06 99.5596 9 0 1 8 190574 18.4633 15486.9 1.00098 2.21457e+06 190574 ZonesAtSurface
4432.47 1174.07 109.585 4 0 2 7 1.07618e+06 40.1061 100036 1.50884 3.27742e+06 1.07618e+06 ZonesAtSurface
4482.31 1174.06 -30.3875 7 0 1 9 294142 21.7987 24447.5 1.23445 9.78171e+06 294142 ZonesAtSurface
4532.28 1174.06 -20.3252 26 0 1 8 737419 17.3203 31128.5 1.23587 5.11971e+06 737419 ZonesAtSurface
4582.27 1174.07 -10.2628 29 0 1 7 1.07099e+06 33.491 10269.8 1.42352 4.33836e+06 1.07099e+06 ZonesAtSurface
4632.25 1174.09 -0.185955 54 14 1 6 1.34455e+06 28.0696 150170 2.1274 2.16821e+06 1.34455e+06 ZonesAtSurface
4682.23 1174.07 -40.2015 42 0 1 6 1.78661e+06 42.2458 159756 1.13419 7.16652e+06 1.78661e+06 ZonesAtSurface
4731.89 1174.07 -30.0721 70 35 1 5 1.82327e+06 34.6092 31926.5 1.1219 6.2562e+06 1.82327e+06 ZonesAtSurface
4781.85 1174.03 -20.0138 67 55 1 4 1.55025e+06 42.9764 24433.3 1.98395 3.6696e+06 1.55025e+06 ZonesAtSurface
4831.82 1174.02 -10.0369 109 11 1 3 182017 32.951 95619.5 0 310657 182017 ZonesAtSurface
4881.77 1174.03 -0.0498762 106 59 1 2 828105 27.9994 95476.2 2.36302 1.12406e+06 828105 ZonesAtSurface
4931.76 1174.02 9.91337 83 84 1 1 955594 39.0763 75140.6 1.80752 2.08921e+06 955594 ZonesAtSurface
81.7925 1224.1 -11.3871 131 0 1 1 401797 25.1214 80861.7 1.18781 3.93606e+06 401797 ZonesAtSurface
131.566 1224.09 -36.4106 99 0 1 2 773758 40.735 28221.1 1.09417 1.08622e+07 773758 ZonesAtSurface
181.411 1224.08 -11.333 99 71 1 2 1.30686e+06 42.7175 47072.2 1.49074 5.12221e+06 1.30686e+06 ZonesAtSurface
231.271 1224.06 -36.4137 136 0 1 3 1.79209e+06 20.2668 105809 1.03669 7.65868e+06 1.79209e+06 ZonesAtSurface
281.153 1224.05 -11.3636 125 10 1 3 1.38528e+06 18.7298 149779 1.1808 3.62247e+06 1.38528e+06 ZonesAtSurface
331.065 1224.06 -36.3703 112 0 1 4 1.84638e+06 27.3651 53795.7 1.08655 7.80348e+06 1.84638e+06 ZonesAtSurface
380.954 1224.07 -11.3323 82 69 1 4 1.79963e+06 40.3534 112956 1.80881 5.80897e+06 1.79963e+06 ZonesAtSurface
430.777 1224.07 -36.4463 103 0 1 5 1.80277e+06 19.6398 75812.3 1.1706 5.83741e+06 1.80277e+06 ZonesAtSurface
480.617 1224.06 -11.3998 99 0 1 5 490153 29.7559 106717 1.29427 2.12512e+06 490153 ZonesAtSurface
530.524 1224.07 -36.5651 63 0 1 6 1.28681e+06 21.548 146855 1.05557 6.25376e+06 1.28681e+06 ZonesAtSurface
580.347 1224.06 -11.6539 52 5 1 6 777374 40.9824 153287 1.15198 4.56517e+06 777374 ZonesAtSurface
630.416 1224.06 -36.7599 7 0 1 7 1.06335e+06 31.5717 62646.8 1.00347 9.62046e+06 1.06335e+06 ZonesAtSurface
680.346 1224.06 -11.7973 1 0 1 7 1.51098e+06 23.7257 179871 1.00651 8.52074e+06 1.51098e+06 ZonesAtSurface
730.041 1224.01 113.114 10 6 2 5 275142 36.0223 107742 0 478543 275142 ZonesAtSurface
780.09 1224.02 138.089 8 8 2 5 817364 30.336 102658 1.10128 2.58514e+06 817364 ZonesAtSurface
830.212 1224.05 113.074 0 0 2 6 781337 41.748 100533 1.00057 4.43876e+06 781337 ZonesAtSurface
880.2 1224.06 188.042 2 3 2 5 988100 41.0539 140926 1.15258 3.51184e+06 988100 ZonesAtSurface
930.242 1224.06 213.025 3 2 2 5 999992 26.2921 170301 1.16426 2.7068e+06 999992 ZonesAtSurface
980.282 1224.04 238.006 0 4 2 5 1.25416e+06 26.0208 81157.5 1.33254 3.12527e+06 1.25416e+06 ZonesAtSurface
1030.36 1224.04 212.98 2 0 1 6 1.66801e+06 18.6902 115974 1.00738 5.0276e+06 1.66801e+06 ZonesAtSurface
1080.39 1224.03 287.964 10 4 1 5 1.14737e+06 28.1699 60913.2 1.18072 3.18014e+06 1.14737e+06 ZonesAtSurface
1130.45 1224.03 312.943 5 2 2 5 938979 26.8207 119848 1.17018 2.48357e+06 938979 ZonesAtSurface
1180.52 1224.05 287.923 10 0 1 6 1.47796e+06 36.7236 174332 1.01455 5.83331e+06 1.47796e+06 ZonesAtSurface
1230.57 1224.04 362.906 1 1 2 5 594027 33.2217 133813 1.07938 1.79388e+06 594027 ZonesAtSurface
1280.66 1224.07 287.893 0 0 1 7 963368 35.8475 161253 1.0131 6.63418e+06 963368 ZonesAtSurface
1330.73 1224.02 412.86 0 0 2 5 229805 36.4911 40446.5 1.04201 1.55102e+06 229805 ZonesAtSurface
1380.82 1224.05 337.864 0 0 1 7 566044 42.1074 81704.5 1.01257 4.80775e+06 566044 ZonesAtSurface
1430.92 1224.05 412.853 0 10 2 6 1.65134e+06 32.8096 184006 1.80579 3.14478e+06 1.65134e+06 ZonesAtSurface
1481 1224.06 387.847 6 0 2 7 339741 25.7676 173146 1.13009 1.27873e+06 339741 ZonesAtSurface
1531.07 1224.07 312.859 7 0 1 9 1.00008e+06 21.923 95287.8 1.04092 5.699e+06 1.00008e+06 ZonesAtSurface
1581.13 1224.07 287.853 6 0 1 10 266592 35.9163 120111 1.04512 8.63943e+06 266592 ZonesAtSurface
1631.21 1224.06 362.871 8 1 1 9 771483 43.0219 80906.1 2.00194 2.25122e+06 771483 ZonesAtSurface
1681.3 1224.05 287.88 9 0 1 11 1.37875e+06 22.2199 128626 1.01906 6.20317e+06 1.37875e+06 ZonesAtSurface
1731.39 1224.04 262.893 7 0 1 12 894281 23.0572 115420 1.06861 7.11647e+06 894281 ZonesAtSurface
1781.46 1224.02 337.923 10 6 2 11 954628 41.9637 160947 3.76286 1.3303e+06 954628 ZonesAtSurface
1831.58 1223.98 262.947 5 0 1 13 465565 38.589 80089 1.01784 6.90079e+06 465565 ZonesAtSurface
1881.69 1223.93 237.973 3 0 1 14 600157 35.2262 102419 1.00412 9.33464e+06 600157 ZonesAtSurface
1931.81 1223.87 262.992 0 0 1 14 1.69168e+06 37.6896 149325 1.00501 6.47299e+06 1.69168e+06 ZonesAtSurface
1981.93 1223.81 238.021 7 0 1 15 1.33504e+06 29.7399 11320.5 0.991201 6.29225e+06 1.33504e+06 ZonesAtSurface
2032 1223.76 200.55 6 0 1 15 951501 27.8308 184173 1.01117 8.10552e+06 951501 ZonesAtSurface
2082.17 1223.73 250.532 0 4 2 12 1.46232e+06 19.6332 150791 1.05411 3.81399e+06 1.46232e+06 ZonesAtSurface
2132.07 1223.73 100.613 8 0 1 13 1.02148e+06 16.1145 15979.8 0.981091 4.66095e+06 1.02148e+06 ZonesAtSurface
2181.97 1223.74 0.630483 8 0 1 13 1.32979e+06 17.2561 100926 1.00755 1.0449e+07 1.32979e+06 ZonesAtSurface
2231.9 1223.75 -49.3628 0 0 1 12 844280 34.5952 73997.5 2.15283 1.47624e+07 844280 ZonesAtSurface
2281.91 1223.75 -49.3305 15 0 1 10 1.39753e+06 19.8953 123472 1.36527 9.60124e+06 1.39753e+06 ZonesAtSurface
2331.82 1223.76 -49.2792 26 0 1 8 237609 43.1395 34056.4 1.94581 1.01879e+07 237609 ZonesAtSurface
2381.73 1223.79 -49.2189 73 0 1 6 509369 19.4689 119596 1.93247 2.44036e+06 509369 ZonesAtSurface
2431.64 1223.82 -49.197 94 0 1 4 1.18968e+06 25.0192 33886.6 2.32683 3.97661e+06 1.18968e+06 ZonesAtSurface
2481.49 1223.87 -49.1405 107 0 1 2 106726 41.0809 58634.8 2.88615 4.90233e+06 106726 ZonesAtSurface
2531.14 1223.96 -29.0009 97 94 1 1 1.72796e+06 20.7503 125082 2.42972 2.64189e+06 1.72796e+06 ZonesAtSurface
2581.13 1223.98 -38.9377 125 30 1 2 1.14895e+06 18.4052 40916 1.34519 2.62823e+06 1.14895e+06 ZonesAtSurface
2631.04 1223.99 -48.9896 97 11 1 3 961156 43.9664 15326.8 1.70449 4.02369e+06 961156 ZonesAtSurface
2680.89 1224.01 -8.96277 113 0 1 3 171267 41.5141 187141 1.24581 1.57559e+06 171267 ZonesAtSurface
2730.9 1224.02 -18.9798 87 9 2 4 1.53115e+06 27.4149 173897 1.06102 4.79131e+06 1.53115e+06 ZonesAtSurface
2780.87 1224.03 -28.9954 105 0 1 5 703712 28.5309 13332 1.04466 3.181e+06 703712 ZonesAtSurface
2830.81 1224.04 -39.0238 74 0 1 6 1.87579e+06 28.5638 115622 1.32753 6.74152e+06 1.87579e+06 ZonesAtSurface
2880.72 1224.05 -49.1184 59 0 1 7 1.15459e+06 27.516 57273 1.10214 7.21871e+06 1.15459e+06 ZonesAtSurface
2930.58 1224.05 -9.13677 63 0 1 7 673117 38.6943 182425 1.24366 2.91983e+06 673117 ZonesAtSurface
2980.62 1224.05 -19.2159 33 8 1 8 1.89341e+06 41.7384 25738.6 1.10156 8.18905e+06 1.89341e+06 ZonesAtSurface
3030.66 1224.04 -29.2681 5 0 1 9 1.71094e+06 27.4895 30585.3 1.02716 8.3774e+06 1.71094e+06 ZonesAtSurface
3080.71 1224.05 -39.3235 2 0 1 10 1.44759e+06 29.1606 70428.7 1.0085 1.0814e+07 1.44759e+06 ZonesAtSurface
3130.48 1224.04 100.627 7 0 1 8 712661 22.588 139796 0.962801 2.24563e+06 712661 ZonesAtSurface
3180.5 1224.04 140.579 9 2 2 8 736342 20.165 131917 1.10956 1.78176e+06 736342 ZonesAtSurface
3230.52 1224.05 180.55 10 8 2 8 1.45864e+06 29.9012 33476.2 1.56722 3.37766e+06 1.45864e+06 ZonesAtSurface
3280.62 1224.07 170.548 0 0 2 9 188612 43.102 167734 0 1518.65 188612 ZonesAtSurface
3330.59 1224.07 260.495 0 7 1 8 1.48306e+06 32.7927 91030 4.65698 1.18626e+06 1.48306e+06 ZonesAtSurface
3380.7 1224.07 250.476 6 6 1 9 1.19909e+06 27.2034 130037 1.22736 3.35321e+06 1.19909e+06 ZonesAtSurface
3430.85 1224.06 240.461 6 0 1 10 943605 27.7718 30126.6 1.03656 4.04638e+06 943605 ZonesAtSurface
3480.91 1224.04 280.429 1 0 1 10 1.56994e+06 38.9953 111985 1.01593 7.46242e+06 1.56994e+06 ZonesAtSurface
3531.03 1224.04 270.427 1 0 1 11 108421 19.8056 53291.4 1.0262 2.81391e+06 108421 ZonesAtSurface
3581.06 1224.01 410.342 0 8 2 9 1.26645e+06 22.5999 30850 1.54713 2.52722e+06 1.26645e+06 ZonesAtSurface
3631.19 1224.04 350.362 8 0 1 11 1.42978e+06 28.1217 83479.5 1.02372 7.40696e+06 1.42978e+06 ZonesAtSurface
3681.26 1224.01 440.332 7 6 1 10 1.61161e+06 25.9569 40922.9 1.68829 3.12338e+06 1.61161e+06 ZonesAtSurface
3731.37 1224.01 380.33 5 4 1 12 1.81343e+06 43.0128 12835.1 1.0274 8.18671e+06 1.81343e+06 ZonesAtSurface
3781.46 1223.99 480.257 5 0 1 10 138683 41.6541 121972 1.19799 1.52631e+06 138683 ZonesAtSurface
3831.61 1223.97 490.213 3 1 2 9 313202 41.4643 126209 1.27359 816799 313202 ZonesAtSurface
3881.72 1223.97 500.214 0 3 2 8 1.49601e+06 39.4016 99319.4 1.63571 3.6891e+06 1.49601e+06 ZonesAtSurface
3931.84 1223.97 510.216 0 6 1 7 1.44973e+06 32.7169 27903.5 1.37535 3.82987e+06 1.44973e+06 ZonesAtSurface
3981.96 1223.98 420.3 0 4 2 8 1.84301e+06 26.7735 58672.5 1.14593 5.23868e+06 1.84301e+06 ZonesAtSurface
4032.1 1223.99 430.289 1 4 2 7 531620 35.6905 59934.3 1.61355 1.41655e+06 531620 ZonesAtSurface
4082.18 1223.98 440.323 9 5 1 6 1.53665e+06 21.9757 108358 6.50176 756131 1.53665e+06 ZonesAtSurface
4132.25 1223.98 450.342 7 9 2 5 959574 15.9253 34766.2 1.37427 1.84485e+06 959574 ZonesAtSurface
4182.3 1224 310.423 7 0 1 7 846207 22.1215 65825.3 1.02029 3.56047e+06 846207 ZonesAtSurface
4232.3 1224.01 220.466 1 0 1 8 1.42831e+06 42.2834 187224 1.0032 1.01299e+07 1.42831e+06 ZonesAtSurface
4282.34 1224.02 180.5 10 0 1 8 912745 32.057 101004 1.01868 7.16008e+06 912745 ZonesAtSurface
4332.33 1224.03 90.5314 1 0 1 9 1.50995e+06 35.9446 173567 1.00396 1.09701e+07 1.50995e+06 ZonesAtSurface
4382.43 1224.03 150.565 3 0 2 7 478894 26.316 15036.6 1.30907 2.09267e+06 478894 ZonesAtSurface
4432.34 1224.02 10.5911 4 0 1 9 1.49143e+06 35.2712 46167.9 1.36113 1.2754e+07 1.49143e+06 ZonesAtSurface
4482.32 1224.02 -29.385 0 0 1 9 238571 38.7022 159330 2.39487 1.1708e+07 238571 ZonesAtSurface
4532.3 1224.02 -19.3259 15 0 1 8 1.45146e+06 37.8779 25540.2 1.20127 1.17249e+07 1.45146e+06 ZonesAtSurface
4582.29 1224.03 -9.25062 30 6 1 7 1.496e+06 37.7177 30764.6 1.4995 5.20016e+06 1.496e+06 ZonesAtSurface
4632.26 1224.03 -49.2637 35 0 1 7 1.40792e+06 22.7187 154734 1.12093 8.10723e+06 1.40792e+06 ZonesAtSurface
4682.17 1224.04 -39.1904 45 4 1 6 1.17857e+06 41.2374 17985.5 1.37889 4.69554e+06 1.17857e+06 ZonesAtSurface
4731.8 1224.01 -29.0726 77 16 1 5 266975 36.1305 158304 0 441484 266975 ZonesAtSurface
4781.86 1224 -19.0596 62 32 1 4 988123 43.3644 33002.4 1.49528 3.07346e+06 988123 ZonesAtSurface
4831.78 1223.99 -9.04307 101 53 1 3 1.2284e+06 22.5223 94369.7 1.41773 2.57105e+06 1.2284e+06 ZonesAtSurface
4881.69 1224.02 0.960745 76 88 1 2 1.75139e+06 29.859 16979.1 2.54356 2.46694e+06 1.75139e+06 ZonesAtSurface
4931.7 1224.03 10.928 72 97 1 1 1.18266e+06 34.5429 120214 2.20683 1.99789e+06 1.18266e+06 ZonesAtSurface
81.792 1274.09 -10.4144 133 5 1 1 1.29107e+06 40.5634 85366.1 1.26484 8.68908e+06 1.29107e+06 ZonesAtSurface
131.564 1274.08 -35.441 127 0 1 2 616311 33.7179 117973 1.05244 1.06149e+07 616311 ZonesAtSurface
181.422 1274.08 -10.3645 141 49 1 2 1.44767e+06 21.7565 37767.1 1.28962 3.71174e+06 1.44767e+06 ZonesAtSurface
231.3 1274.04 -35.4166 103 0 1 3 728877 44.9993 32150 1.27403 1.15886e+07 728877 ZonesAtSurface
281.186 1274.03 -10.3555 115 8 1 3 928256 43.945 111875 1.26831 4.3274e+06 928256 ZonesAtSurface
331.078 1274.04 -35.3871 110 0 1 4 184398 25.2461 149502 1.12033 5.53351e+06 184398 ZonesAtSurface
380.957 1274.04 -10.3628 126 0 1 4 501593 19.7549 88886.4 1.50142 1.53254e+06 501593 ZonesAtSurface
430.793 1274.04 -35.4585 99 0 1 5 1.50833e+06 22.3298 184691 1.15409 6.12783e+06 1.50833e+06 ZonesAtSurface
480.626 1274.02 -10.4092 91 16 1 5 1.82929e+06 22.3558 58058.8 1.31176 4.46707e+06 1.82929e+06 ZonesAtSurface
530.544 1274.04 -35.5825 59 0 1 6 214317 20.4814 92027.2 1.09329 3.69587e+06 214317 ZonesAtSurface
580.384 1274.03 -10.6436 37 13 1 6 1.88153e+06 31.9028 148694 1.20114 6.09189e+06 1.88153e+06 ZonesAtSurface
630.429 1274.03 -35.7593 23 0 1 7 1.60786e+06 34.8809 135226 1.01597 1.10205e+07 1.60786e+06 ZonesAtSurface
680.158 1274.02 39.1797 5 5 2 6 1.62857e+06 27.2711 98242.5 1.03736 5.0667e+06 1.62857e+06 ZonesAtSurface
730.168 1274.01 64.1435 4 0 1 6 1.31798e+06 17.0617 23795.1 1.04438 3.44562e+06 1.31798e+06 ZonesAtSurface
780.201 1274 89.1025 11 0 1 6 943791 18.4198 62485.5 1.00281 3.25118e+06 943791 ZonesAtSurface
830.237 1274.01 114.073 10 0 1 6 254816 41.3382 89219.4 1.0127 5.98403e+06 254816 ZonesAtSurface
880.274 1274.01 139.046 7 0 1 6 1.47812e+06 15.6992 115128 0.996413 4.4565e+06 1.47812e+06 ZonesAtSurface
930.354 1274.02 114.02 2 0 1 7 1.46885e+06 25.1817 30196.6 1.00692 9.08872e+06 1.46885e+06 ZonesAtSurface
980.387 1274.01 138.997 0 0 1 7 814646 31.1914 119138 0.999661 7.77754e+06 814646 ZonesAtSurface
1030.36 1273.99 263.981 0 0 2 5 1.76359e+06 33.6095 87670.5 1.53625 4.25492e+06 1.76359e+06 ZonesAtSurface
1080.41 1273.99 288.96 5 4 2 5 793009 15.8848 142811 1.51209 1.32788e+06 793009 ZonesAtSurface
1130.47 1273.99 313.938 0 7 2 5 1.64622e+06 38.0411 57926.7 1.49263 4.47105e+06 1.64622e+06 ZonesAtSurface
1180.53 1273.99 338.921 5 1 1 5 849377 22.255 132693 1.19579 2.10726e+06 849377 ZonesAtSurface
1230.6 1273.99 363.9 7 0 1 5 190144 31.2328 11278.7 1.02712 878951 190144 ZonesAtSurface
1280.68 1274.01 338.885 0 0 1 6 1.71215e+06 16.1708 123714 1.05843 4.22906e+06 1.71215e+06 ZonesAtSurface
1330.75 1273.99 413.858 4 4 2 5 241388 40.3383 94472.5 0 737344 241388 ZonesAtSurface
1380.83 1273.97 438.845 10 0 2 5 248616 21.674 170737 1.35842 574674 248616 ZonesAtSurface
1430.92 1274.01 363.852 4 0 1 7 1.27898e+06 29.7229 128631 1.01214 4.1312e+06 1.27898e+06 ZonesAtSurface
1481.01 1274.02 338.851 8 0 1 8 435435 19.3099 17057.6 1.14494 1.80006e+06 435435 ZonesAtSurface
1531.12 1274.02 413.847 8 8 2 7 737129 15.1708 57395.4 1.40064 1.39557e+06 737129 ZonesAtSurface
1581.15 1274.04 288.852 6 0 1 10 1.82324e+06 36.7194 134070 1.02884 1.00719e+07 1.82324e+06 ZonesAtSurface
1631.24 1274.03 263.862 1 0 1 11 1.10693e+06 27.5932 149754 1.01175 7.92415e+06 1.10693e+06 ZonesAtSurface
1681.32 1274.01 288.875 6 0 1 11 164757 39.3203 48116.8 1.0196 6.45398e+06 164757 ZonesAtSurface
1731.4 1273.99 263.889 6 0 1 12 378521 44.199 68133.3 1.06046 1.14017e+07 378521 ZonesAtSurface
1781.51 1273.98 238.919 6 0 1 13 1.59157e+06 28.2329 46616.8 1.00612 1.17411e+07 1.59157e+06 ZonesAtSurface
1831.6 1273.94 263.949 10 0 1 13 683985 20.2574 146195 1.0191 5.73755e+06 683985 ZonesAtSurface
1881.7 1273.88 238.973 9 0 1 14 110667 44.6391 112070 1.04797 1.40257e+07 110667 ZonesAtSurface
1931.84 1273.82 363.942 4 0 1 12 548595 21.4337 110636 0 1.57086e+06 548595 ZonesAtSurface
1981.93 1273.77 239.019 7 0 1 15 474524 22.7487 167362 1.00703 4.64551e+06 474524 ZonesAtSurface
2032.01 1273.73 201.55 6 0 1 15 211295 43.5933 19092.5 1.06896 9.76887e+06 211295 ZonesAtSurface
2082.16 1273.71 251.535 8 8 2 12 1.04807e+06 36.5082 163966 1.12833 3.51073e+06 1.04807e+06 ZonesAtSurface
2132.08 1273.7 101.612 8 0 1 13 1.00832e+06 35.3401 35098.4 1.06789 9.97086e+06 1.00832e+06 ZonesAtSurface
2181.98 1273.7 1.62916 1 0 1 13 1.26539e+06 22.3567 184022 1.05157 1.17464e+07 1.26539e+06 ZonesAtSurface
2231.93 1273.71 -48.3648 0 0 1 12 940834 32.2779 95955.4 2.00875 1.43878e+07 940834 ZonesAtSurface
2281.93 1273.71 -48.3346 10 0 1 10 1.18844e+06 33.6524 64271.2 1.60354 1.24627e+07 1.18844e+06 ZonesAtSurface
2331.86 1273.72 -48.2724 50 0 1 8 1.65483e+06 19.996 83037.2 1.71402 5.37458e+06 1.65483e+06 ZonesAtSurface
2381.77 1273.74 -48.2046 61 0 1 6 447452 41.5919 113397 2.38992 3.53925e+06 447452 ZonesAtSurface
2431.67 1273.78 -48.1819 85 0 1 4 895354 30.974 100015 1.53905 4.66126e+06 895354 ZonesAtSurface
2481.56 1273.83 -48.0991 109 0 1 2 623414 17.8877 64634.6 2.02954 1.54402e+06 623414 ZonesAtSurface
2531.02 1273.94 -28.0451 85 97 1 1 713480 38.6303 149480 1.31937 2.22159e+06 713480 ZonesAtSurface
2581.09 1273.97 -37.9493 76 89 1 2 1.48928e+06 37.2914 139119 2.10807 3.48023e+06 1.48928e+06 ZonesAtSurface
2631.02 1273.97 -47.9962 94 7 1 3 1.50381e+06 28.6408 24601.6 1.58254 3.88659e+06 1.50381e+06 ZonesAtSurface
2680.88 1273.99 -7.95898 109 28 1 3 1.45495e+06 15.816 179363 1.14458 3.40906e+06 1.45495e+06 ZonesAtSurface
2730.89 1273.99 -17.9974 92 0 1 4 237624 44.4477 89253.8 1.12375 4.23725e+06 237624 ZonesAtSurface
2780.88 1273.99 -28.0209 100 0 1 5 1.43977e+06 26.1768 143958 1.07761 4.47189e+06 1.43977e+06 ZonesAtSurface
2830.85 1274.01 -38.0406 87 0 1 6 1.63942e+06 20.0426 61624.1 1.6084 3.68931e+06 1.63942e+06 ZonesAtSurface
2880.74 1274.01 -48.124 48 0 1 7 1.74723e+06 38.0799 75409.3 1.25857 9.46297e+06 1.74723e+06 ZonesAtSurface
2930.59 1274.02 -8.12173 51 0 1 7 899534 28.768 173245 1.29913 2.8713e+06 899534 ZonesAtSurface
2980.63 1274.03 -18.2166 20 0 1 8 447522 29.7449 66236.5 1.22087 2.4229e+06 447522 ZonesAtSurface
3030.67 1274.02 -28.2672 5 0 1 9 1.69146e+06 42.1382 152816 1.0289 1.02661e+07 1.69146e+06 ZonesAtSurface
3080.49 1274.04 61.6827 7 3 2 8 1.40627e+06 29.28 105047 1.12142 4.54442e+06 1.40627e+06 ZonesAtSurface
3130.69 1274.02 1.65869 4 0 1 10 1.1002e+06 35.6126 36614.7 0.998591 8.52038e+06 1.1002e+06 ZonesAtSurface
3180.69 1274.03 41.6243 5 0 1 10 1.42691e+06 21.322 47534.3 1.00697 6.43269e+06 1.42691e+06 ZonesAtSurface
3230.71 1274.03 81.5992 0 0 1 10 572597 31.2168 109921 1.0124 5.82413e+06 572597 ZonesAtSurface
3280.64 1274.04 171.549 0 0 2 9 1.25987e+06 26.606 20797.6 1.03197 4.0357e+06 1.25987e+06 ZonesAtSurface
3330.81 1274.02 111.528 1 0 1 11 160332 28.4362 91046 1.00348 5.29965e+06 160332 ZonesAtSurface
3380.81 1274.01 201.5 9 0 1 10 1.70527e+06 35.0121 68181.1 1.03548 8.03005e+06 1.70527e+06 ZonesAtSurface
3430.82 1274.01 291.435 5 3 1 9 832732 26.8385 26766.3 1.04795 2.57251e+06 832732 ZonesAtSurface
3480.91 1274 331.403 0 1 2 9 1.39636e+06 39.7628 137673 1.04534 5.42621e+06 1.39636e+06 ZonesAtSurface
3530.98 1273.99 371.38 0 6 2 9 1.55689e+06 18.7405 57776 1.81943 2.50709e+06 1.55689e+06 ZonesAtSurface
3581.09 1273.99 361.378 0 2 2 10 1.61726e+06 35.8705 34015.1 1.30976 4.9799e+06 1.61726e+06 ZonesAtSurface
3631.2 1274.01 351.362 6 0 1 11 1.74883e+06 44.0466 174838 1.03214 7.98359e+06 1.74883e+06 ZonesAtSurface
3681.28 1274 391.329 0 0 2 11 1.11882e+06 24.6002 127831 1.05565 3.17569e+06 1.11882e+06 ZonesAtSurface
3731.37 1273.98 431.301 0 1 2 11 1.36782e+06 24.361 44464 1.3441 3.19044e+06 1.36782e+06 ZonesAtSurface
3781.46 1273.96 481.264 9 3 2 10 639770 28.8371 152801 1.29964 1.63131e+06 639770 ZonesAtSurface
3831.6 1273.96 541.159 0 9 2 8 1.83537e+06 15.0627 44575.3 2.59009 1.84679e+06 1.83537e+06 ZonesAtSurface
3881.73 1273.95 501.206 0 9 2 8 1.7323e+06 17.2766 24554.7 1.6404 2.88558e+06 1.7323e+06 ZonesAtSurface
3931.86 1273.95 461.255 4 0 2 8 303114 36.7118 41043.5 0.945662 1.47975e+06 303114 ZonesAtSurface
3981.97 1273.95 421.299 8 0 1 8 674066 25.0972 88614.2 1.03342 3.38404e+06 674066 ZonesAtSurface
4032.08 1273.95 381.336 3 0 1 8 165025 22.4416 185306 1.02869 2.74134e+06 165025 ZonesAtSurface
4082.16 1273.97 341.368 0 0 1 8 1.17326e+06 15.3321 57421 1.01403 4.61278e+06 1.17326e+06 ZonesAtSurface
4132.26 1273.97 351.383 9 0 1 7 296228 24.0964 52342.5 1.02593 3.01415e+06 296228 ZonesAtSurface
4182.34 1273.95 361.41 1 1 2 6 722257 15.6496 143892 1.28456 1.53682e+06 722257 ZonesAtSurface
4232.36 1273.96 271.458 3 0 1 7 669085 27.6367 148037 1.01196 4.75913e+06 669085 ZonesAtSurface
4282.35 1273.98 181.497 9 0 1 8 1.1836e+06 41.1707 74677.5 1.01749 9.84529e+06 1.1836e+06 ZonesAtSurface
4332.38 1273.98 141.534 9 0 1 8 434853 42.6588 24281.3 1.03176 8.34071e+06 434853 ZonesAtSurface
4382.35 1273.99 51.5608 5 0 1 9 1.08773e+06 32.7121 83056.4 1.00327 1.18422e+07 1.08773e+06 ZonesAtSurface
4432.35 1273.98 11.5899 0 0 1 9 844037 44.4914 98411.8 2.0416 1.20944e+07 844037 ZonesAtSurface
4482.38 1273.97 21.6414 2 0 1 8 116390 38.3134 122829 1.62981 1.04968e+07 116390 ZonesAtSurface
4532.33 1273.98 -18.3335 24 0 1 8 750476 29.942 185069 1.02524 8.99589e+06 750476 ZonesAtSurface
4582.3 1273.98 -8.23824 39 2 1 7 968143 24.1716 58389.5 1.86129 1.93495e+06 968143 ZonesAtSurface
4632.27 1273.98 -48.2642 30 0 1 7 1.51191e+06 29.6691 148903 1.09535 9.17971e+06 1.51191e+06 ZonesAtSurface
4682.08 1273.98 -38.1643 73 8 1 6 1.31842e+06 15.9945 11153.2 1.15769 3.12959e+06 1.31842e+06 ZonesAtSurface
4731.88 1273.96 -28.0815 80 22 1 5 1.04646e+06 27.1056 109932 1.25643 2.71561e+06 1.04646e+06 ZonesAtSurface
4781.89 1273.96 -18.0893 67 31 1 4 1.40267e+06 38.7019 26563.6 1.59992 3.73418e+06 1.40267e+06 ZonesAtSurface
4831.77 1273.97 -8.05005 82 66 1 3 1.88086e+06 17.409 175725 1.60487 3.15556e+06 1.88086e+06 ZonesAtSurface
4881.63 1273.97 1.95355 120 41 1 2 136766 21.9092 128344 0 320336 136766 ZonesAtSurface
4931.69 1273.99 11.9374 96 93 1 1 705177 32.2531 20951.2 1.34105 1.99703e+06 705177 ZonesAtSurface
81.7973 1324.08 -9.43101 123 0 1 1 537942 33.0917 173863 1.35881 5.52834e+06 537942 ZonesAtSurface
131.566 1324.06 -34.4651 113 0 1 2 1.46541e+06 40.3428 14453.3 1.01857 1.35187e+07 1.46541e+06 ZonesAtSurface
181.427 1324.06 -9.38091 129 0 1 2 223432 36.9787 134218 1.76353 2.29813e+06 223432 ZonesAtSurface
231.317 1324.03 -34.4157 91 0 1 3 965803 39.8704 92329.2 1.28776 9.49104e+06 965803 ZonesAtSurface
281.201 1324.02 -9.34453 100 15 1 3 1.56215e+06 29.9359 107977 1.67868 4.18923e+06 1.56215e+06 ZonesAtSurface
331.089 1324.01 -34.3908 98 0 1 4 740973 22.6352 137610 1.01871 5.74268e+06 740973 ZonesAtSurface
380.958 1324 -9.37784 105 32 1 4 1.03483e+06 36.7398 65383 1.57596 3.82056e+06 1.03483e+06 ZonesAtSurface
430.804 1324.01 -34.4756 61 0 1 5 1.82128e+06 38.5289 50453.1 1.12666 7.87506e+06 1.82128e+06 ZonesAtSurface
480.639 1324 -9.43984 74 0 1 5 1.53815e+06 27.0107 47021.1 1.28201 4.41907e+06 1.53815e+06 ZonesAtSurface
530.568 1324 -34.6003 48 0 1 6 317744 23.649 46212.3 1.07424 4.77941e+06 317744 ZonesAtSurface
580.425 1324 -9.63689 42 12 1 6 1.1615e+06 23.8628 39954.8 1.33563 2.99124e+06 1.1615e+06 ZonesAtSurface
630.45 1324 -34.7545 23 0 1 7 815851 18.3693 56746.1 0.985308 7.53548e+06 815851 ZonesAtSurface
680.368 1323.99 -9.79889 12 0 1 7 1.04592e+06 44.7095 58783.1 1.0156 1.34625e+07 1.04592e+06 ZonesAtSurface
730.184 1323.97 65.1336 3 0 2 6 1.80473e+06 29.287 164620 1.04135 6.2662e+06 1.80473e+06 ZonesAtSurface
780.147 1323.94 140.082 0 5 2 5 1.31988e+06 38.0348 153121 1.60483 3.36387e+06 1.31988e+06 ZonesAtSurface
830.254 1323.96 115.071 8 0 1 6 1.29202e+06 39.6759 43501 0.99505 5.93966e+06 1.29202e+06 ZonesAtSurface
880.294 1323.97 140.046 6 0 1 6 157636 20.0081 22692.7 1.02277 2.58783e+06 157636 ZonesAtSurface
930.374 1323.98 115.017 6 0 1 7 142244 20.0222 64267.1 1.00785 6.39234e+06 142244 ZonesAtSurface
980.404 1323.98 139.995 1 0 1 7 103006 41.9238 114707 1.00768 1.02583e+07 103006 ZonesAtSurface
1030.41 1323.96 214.975 10 0 1 6 1.07905e+06 40.6707 165512 1.01989 7.73625e+06 1.07905e+06 ZonesAtSurface
1080.45 1323.96 239.954 9 0 1 6 1.80556e+06 24.0362 83782.3 1.01089 6.42354e+06 1.80556e+06 ZonesAtSurface
1130.49 1323.96 314.933 10 1 1 5 1.08211e+06 43.7959 40772.7 1.06924 4.62581e+06 1.08211e+06 ZonesAtSurface
1180.54 1323.94 389.91 9 6 2 4 371908 23.6498 57686.9 1.06155 1.00786e+06 371908 ZonesAtSurface
1230.62 1323.95 364.895 1 7 1 5 1.01884e+06 25.6106 82262.4 1.08228 2.92712e+06 1.01884e+06 ZonesAtSurface
1280.7 1323.97 339.881 7 0 2 6 532403 16.6942 117449 1.01867 1.59635e+06 532403 ZonesAtSurface
1330.78 1323.97 364.866 6 8 2 6 1.69744e+06 27.8103 13592.9 1.14225 4.94836e+06 1.69744e+06 ZonesAtSurface
1380.85 1323.96 389.852 0 0 2 6 362033 36.158 54719.7 1.15763 1.11508e+06 362033 ZonesAtSurface
1430.94 1323.94 414.835 3 3 2 6 798730 24.1002 68881.7 1.10071 2.26136e+06 798730 ZonesAtSurface
1481.02 1323.98 339.846 7 7 1 8 1.71764e+06 40.2682 100649 1.02808 7.05527e+06 1.71764e+06 ZonesAtSurface
1531.1 1323.99 314.853 8 0 1 9 851953 15.0983 76808.6 1.08709 4.28519e+06 851953 ZonesAtSurface
1581.18 1323.99 339.857 10 0 1 9 1.58662e+06 32.8365 161580 1.02216 5.96438e+06 1.58662e+06 ZonesAtSurface
1631.26 1323.98 314.862 9 0 1 10 1.44429e+06 32.9567 40015.8 1.03962 6.21117e+06 1.44429e+06 ZonesAtSurface
1681.34 1323.97 289.873 4 0 1 11 377593 32.4382 12810.3 1.02093 6.28508e+06 377593 ZonesAtSurface
1731.41 1323.96 264.885 3 0 1 12 1.233e+06 39.5767 18197.2 1.144 1.09387e+07 1.233e+06 ZonesAtSurface
1781.47 1323.91 339.913 8 6 2 11 1.27846e+06 40.9921 105498 1.96961 2.85261e+06 1.27846e+06 ZonesAtSurface
1831.62 1323.89 264.947 7 0 1 13 309516 21.3243 73900.9 1.02614 3.88886e+06 309516 ZonesAtSurface
1881.71 1323.84 239.975 4 0 1 14 872062 41.1707 16410.7 1.01208 1.21152e+07 872062 ZonesAtSurface
1931.83 1323.76 364.944 7 3 1 12 539995 28.7877 173108 1.04832 1.4814e+06 539995 ZonesAtSurface
1981.92 1323.73 240.011 7 0 1 15 1.29464e+06 15.1108 58770.7 1.00483 4.46183e+06 1.29464e+06 ZonesAtSurface
2032.06 1323.68 252.523 7 0 1 14 830946 25.0283 127964 1.02786 5.19357e+06 830946 ZonesAtSurface
2082.07 1323.67 152.58 0 0 1 14 938162 23.6132 46567 1.11605 8.71295e+06 938162 ZonesAtSurface
2132.02 1323.67 52.609 10 0 1 14 706574 22.9464 126065 1.01123 1.09452e+07 706574 ZonesAtSurface
2182.08 1323.65 52.6375 10 0 1 12 801523 34.4432 188429 1.02283 7.06052e+06 801523 ZonesAtSurface
2232.03 1323.67 2.65272 0 0 1 11 593974 38.5713 186529 2.16008 1.46475e+07 593974 ZonesAtSurface
2281.94 1323.67 -47.3402 15 0 1 10 1.16805e+06 18.2486 138318 1.33746 8.0678e+06 1.16805e+06 ZonesAtSurface
2331.91 1323.68 -47.2838 39 0 1 8 1.88753e+06 30.4396 142114 1.69841 7.47952e+06 1.88753e+06 ZonesAtSurface
2381.78 1323.7 -47.221 77 0 1 6 1.64703e+06 19.4555 148142 1.55993 4.83102e+06 1.64703e+06 ZonesAtSurface
2431.71 1323.73 -47.188 89 0 1 4 667432 35.2721 12038.7 1.49054 5.37278e+06 667432 ZonesAtSurface
2481.58 1323.79 -47.104 110 0 1 2 521309 16.1793 105685 3.15054 1.0578e+06 521309 ZonesAtSurface
2530.98 1323.91 -27.0717 84 102 1 1 834454 26.3987 144682 1.20484 2.19101e+06 834454 ZonesAtSurface
2581.09 1323.95 -36.9821 124 61 1 2 1.01422e+06 18.5726 166435 1.24092 2.63336e+06 1.01422e+06 ZonesAtSurface
2631.03 1323.94 -47.0067 104 6 1 3 1.79621e+06 31.0434 122165 1.42357 5.4141e+06 1.79621e+06 ZonesAtSurface
2680.9 1323.97 -6.95311 48 98 1 3 1.79411e+06 39.6066 103805 1.56602 5.30859e+06 1.79411e+06 ZonesAtSurface
2730.9 1323.95 -17.011 119 0 1 4 959705 33.0437 17476.6 1.17205 4.17516e+06 959705 ZonesAtSurface
2780.9 1323.95 -27.0315 74 0 1 5 265331 42.3879 91906.2 1.31332 3.62692e+06 265331 ZonesAtSurface
2830.87 1323.97 -37.0619 70 0 1 6 951750 23.6755 158777 1.4469 2.52585e+06 951750 ZonesAtSurface
2880.77 1323.98 -47.1302 50 0 1 7 1.55209e+06 33.5851 17537.7 1.22481 9.3445e+06 1.55209e+06 ZonesAtSurface
2930.63 1323.99 -7.09759 51 16 1 7 1.38648e+06 30.729 139289 1.67631 3.13723e+06 1.38648e+06 ZonesAtSurface
2980.66 1324 -17.1776 39 0 1 8 1.3014e+06 15.8809 87784.7 1.12178 3.26684e+06 1.3014e+06 ZonesAtSurface
3030.69 1324 -27.2568 27 0 1 9 879710 19.0042 23143 1.04884 4.93107e+06 879710 ZonesAtSurface
3080.74 1323.99 -37.3168 5 0 1 10 573121 42.4927 98719.8 1.04517 1.10048e+07 573121 ZonesAtSurface
3130.79 1323.98 -47.3555 1 0 1 11 625107 34.5795 126673 1.01341 1.21569e+07 625107 ZonesAtSurface
3180.77 1323.99 -7.38347 4 0 1 11 1.18478e+06 28.4066 93764.2 1.0174 1.21018e+07 1.18478e+06 ZonesAtSurface
3230.72 1323.99 82.5969 9 0 1 10 1.87297e+06 40.3851 75070.5 1.02978 1.10796e+07 1.87297e+06 ZonesAtSurface
3280.79 1323.98 72.5573 5 0 1 11 1.60982e+06 30.2579 33852.3 1.00947 9.43054e+06 1.60982e+06 ZonesAtSurface
3330.78 1323.98 162.531 0 0 1 10 485071 38.8396 30089.3 1.07373 6.37675e+06 485071 ZonesAtSurface
3380.78 1323.98 252.475 4 0 2 9 695186 35.3614 157603 1.07776 2.80984e+06 695186 ZonesAtSurface
3430.79 1323.97 342.394 0 10 2 8 195690 35.0239 143241 0 81871.3 195690 ZonesAtSurface
3480.89 1323.97 382.374 0 8 2 8 1.71956e+06 32.8744 44676.1 1.50876 4.22409e+06 1.71956e+06 ZonesAtSurface
3531.02 1323.97 322.395 8 0 1 10 882776 33.7054 21235.3 1.01962 5.8976e+06 882776 ZonesAtSurface
3581.13 1323.97 312.396 5 0 1 11 232508 41.6543 115058 1.01669 7.66634e+06 232508 ZonesAtSurface
3631.18 1323.97 452.312 9 9 2 9 1.13483e+06 20.4656 98621.2 1.20443 2.69526e+06 1.13483e+06 ZonesAtSurface
3681.32 1323.97 342.356 1 0 1 12 476265 37.2463 129568 1.01198 7.46057e+06 476265 ZonesAtSurface
3731.41 1323.95 382.327 8 0 1 12 598014 36.2815 148028 1.01583 5.52394e+06 598014 ZonesAtSurface
3781.5 1323.94 432.296 0 2 2 11 1.10708e+06 35.0086 120567 1.14596 3.58417e+06 1.10708e+06 ZonesAtSurface
3831.59 1323.93 492.226 4 0 2 9 754409 16.2468 152594 1.03024 1.88459e+06 754409 ZonesAtSurface
3881.75 1323.93 452.242 3 0 1 9 378582 17.4155 29498.9 1.03408 1.78533e+06 378582 ZonesAtSurface
3931.88 1323.92 412.279 6 0 1 9 950387 33.2998 120688 1.01176 6.48083e+06 950387 ZonesAtSurface
3981.99 1323.9 422.292 2 0 1 8 620773 16.6925 63879.4 1.09668 2.09172e+06 620773 ZonesAtSurface
4032.11 1323.91 432.302 9 3 1 7 1.35566e+06 37.8231 129671 1.30296 4.02782e+06 1.35566e+06 ZonesAtSurface
4082.17 1323.93 342.368 1 0 1 8 1.73916e+06 37.6406 82400.1 1.03278 8.1904e+06 1.73916e+06 ZonesAtSurface
4132.24 1323.94 302.404 0 0 1 8 398274 17.7261 21240.2 1.01873 3.78439e+06 398274 ZonesAtSurface
4182.34 1323.93 412.401 6 9 2 5 1.22977e+06 27.7867 50479.1 0 1.74389e+06 1.22977e+06 ZonesAtSurface
4232.43 1323.92 372.428 4 8 2 5 118589 38.5765 112560 0 17948.6 118589 ZonesAtSurface
4282.36 1323.94 182.494 3 0 1 8 419189 32.3011 105984 1.01006 8.03155e+06 419189 ZonesAtSurface
4332.34 1323.94 92.5277 0 0 1 9 1.45879e+06 19.6248 79083.9 1.00608 8.32726e+06 1.45879e+06 ZonesAtSurface
4382.36 1323.94 52.5594 0 0 1 9 760179 22.3067 48302.6 1.00447 8.96915e+06 760179 ZonesAtSurface
4432.41 1323.93 62.6038 10 0 1 8 1.60496e+06 20.5434 154664 1.02334 7.37678e+06 1.60496e+06 ZonesAtSurface
4482.34 1323.94 -27.3902 0 0 1 9 411550 34.4344 179580 2.06875 1.15198e+07 411550 ZonesAtSurface
4532.34 1323.94 -17.3361 10 0 1 8 772333 43.9489 171094 1.00868 1.30986e+07 772333 ZonesAtSurface
4582.3 1323.93 -7.24899 35 0 1 7 137824 35.3096 51280.8 1.92739 1.4058e+06 137824 ZonesAtSurface
4632.28 1323.94 -47.2702 21 0 1 7 1.47581e+06 43.0131 53654.1 1.15175 1.08186e+07 1.47581e+06 ZonesAtSurface
4682.1 1323.92 -37.1779 58 1 1 6 676269 21.0657 167511 1.19336 1.63908e+06 676269 ZonesAtSurface
4731.94 1323.93 -27.1027 50 28 1 5 1.53018e+06 37.7424 100550 1.63248 4.1232e+06 1.53018e+06 ZonesAtSurface
4781.94 1323.94 -17.0993 74 34 1 4 1.43802e+06 30.1791 54746.3 1.5583 3.23322e+06 1.43802e+06 ZonesAtSurface
4831.8 1323.94 -7.06171 70 77 1 3 1.7187e+06 36.0127 67939.6 1.97914 3.47381e+06 1.7187e+06 ZonesAtSurface
4881.71 1323.92 2.92406 127 88 1 2 890957 42.7772 121913 2.22986 2.04855e+06 890957 ZonesAtSurface
4931.75 1323.95 12.923 103 98 1 1 1.47555e+06 18.9061 131997 1.35691 2.9757e+06 1.47555e+06 ZonesAtSurface
81.8075 1374.06 -8.43654 123 0 1 1 163011 31.8744 50052.1 1.39983 4.12964e+06 163011 ZonesAtSurface
131.571 1374.04 -33.4643 111 0 1 2 471704 41.7001 151567 1.0488 9.63586e+06 471704 ZonesAtSurface
181.423 1374.04 -8.37676 134 52 1 2 1.63094e+06 18.2456 41360 1.35452 3.67184e+06 1.63094e+06 ZonesAtSurface
231.322 1374.01 -33.4164 86 0 1 3 1.83784e+06 43.597 85759.6 1.26386 9.92848e+06 1.83784e+06 ZonesAtSurface
281.202 1374 -8.33541 97 0 1 3 683836 33.3077 188863 2.52746 2.60732e+06 683836 ZonesAtSurface
331.091 1373.99 -33.3898 118 0 1 4 776463 30.8417 99930.6 1.0224 7.50364e+06 776463 ZonesAtSurface
380.956 1373.99 -8.38111 110 8 1 4 1.01909e+06 27.9326 104392 1.39354 2.94382e+06 1.01909e+06 ZonesAtSurface
430.8 1373.98 -33.4935 84 0 1 5 123213 40.0944 118490 1.12047 6.21873e+06 123213 ZonesAtSurface
480.66 1373.97 -8.47485 74 0 1 5 202708 26.4555 45731.2 1.39313 1.44472e+06 202708 ZonesAtSurface
530.594 1373.96 -33.6101 43 0 1 6 542647 33.6166 116693 1.05113 5.78744e+06 542647 ZonesAtSurface
580.465 1373.96 -8.62956 34 0 1 6 278019 35.9029 169792 1.51446 1.51099e+06 278019 ZonesAtSurface
630.471 1373.96 -33.7518 20 0 1 7 1.13502e+06 35.1106 164242 1.00579 1.16434e+07 1.13502e+06 ZonesAtSurface
680.387 1373.96 -8.79938 6 0 1 7 1.71347e+06 30.5768 39698.3 1.01431 1.18223e+07 1.71347e+06 ZonesAtSurface
730.346 1373.95 16.1501 7 0 1 7 1.83565e+06 39.5777 62105.9 1.00241 1.29431e+07 1.83565e+06 ZonesAtSurface
780.165 1373.92 141.079 9 9 1 5 1.84e+06 35.6922 20701.3 1.51027 4.92949e+06 1.84e+06 ZonesAtSurface
830.215 1373.91 166.062 10 9 1 5 1.76987e+06 28.3372 85312.4 1.29353 4.7555e+06 1.76987e+06 ZonesAtSurface
880.312 1373.92 141.04 7 0 1 6 1.76746e+06 21.3212 33640.6 1.01988 5.12472e+06 1.76746e+06 ZonesAtSurface
930.349 1373.92 166.014 7 0 1 6 667229 44.4732 119070 1.03553 1.03567e+07 667229 ZonesAtSurface
980.38 1373.93 190.993 8 0 1 6 1.15073e+06 19.3759 93508.7 1.02021 4.57359e+06 1.15073e+06 ZonesAtSurface
1030.42 1373.89 315.971 10 9 2 4 788802 30.2317 36074.8 0 1.98535e+06 788802 ZonesAtSurface
1080.47 1373.92 240.952 8 0 1 6 772892 25.4433 86784 1.01369 5.37761e+06 772892 ZonesAtSurface
1130.52 1373.93 265.931 5 0 1 6 1.18848e+06 28.0271 62152.1 1.0046 5.48773e+06 1.18848e+06 ZonesAtSurface
1180.59 1373.93 290.914 0 0 1 6 148878 23.9423 135752 0.984732 2.72752e+06 148878 ZonesAtSurface
1230.64 1373.92 365.893 7 0 2 5 335345 18.2572 154009 1.01767 800544 335345 ZonesAtSurface
1280.72 1373.92 390.874 8 0 1 5 631997 16.0648 146477 1.02197 1.56591e+06 631997 ZonesAtSurface
1330.79 1373.95 315.869 6 0 1 7 1.2441e+06 37.613 96584 1.01171 7.93405e+06 1.2441e+06 ZonesAtSurface
1380.87 1373.94 340.851 3 0 1 7 820658 18.3144 169328 1.04757 3.41062e+06 820658 ZonesAtSurface
1430.95 1373.92 365.837 5 5 1 7 1.63676e+06 43.1226 69847 1.03394 7.10105e+06 1.63676e+06 ZonesAtSurface
1481.03 1373.94 340.84 4 0 1 8 279086 23.8455 149337 1.02076 3.91807e+06 279086 ZonesAtSurface
1531.11 1373.95 315.845 7 0 1 9 261718 32.1646 10127 1.05074 5.48103e+06 261718 ZonesAtSurface
1581.19 1373.95 290.844 2 0 1 10 1.02041e+06 24.5051 40954 1.00996 6.94635e+06 1.02041e+06 ZonesAtSurface
1631.27 1373.94 365.86 6 2 2 9 176964 29.1019 153370 1.90117 261694 176964 ZonesAtSurface
1681.35 1373.94 290.872 1 0 1 11 1.27532e+06 44.6599 16401.8 1.25862 1.07702e+07 1.27532e+06 ZonesAtSurface
1731.43 1373.92 265.884 3 0 1 12 1.04998e+06 21.3715 94366.6 1.02102 7.26753e+06 1.04998e+06 ZonesAtSurface
1781.49 1373.9 340.912 1 7 2 11 1.68961e+06 26.2756 169737 1.95731 2.75627e+06 1.68961e+06 ZonesAtSurface
1831.6 1373.85 315.924 3 0 2 12 369839 29.3916 130624 1.25804 887058 369839 ZonesAtSurface
1881.72 1373.81 240.975 2 0 1 14 1.81722e+06 30.1875 57103.3 1.00781 9.73732e+06 1.81722e+06 ZonesAtSurface
1931.83 1373.75 315.976 0 1 2 13 1.74254e+06 22.5161 13133.3 1.34588 3.9852e+06 1.74254e+06 ZonesAtSurface
1981.94 1373.69 290.983 0 3 2 14 421383 22.4033 97372.8 2.05761 566861 421383 ZonesAtSurface
2032.09 1373.66 303.484 8 0 2 13 232123 24.6607 84089.6 1.31683 529471 232123 ZonesAtSurface
2082.17 1373.63 253.527 9 0 1 12 124350 28.9052 136500 0 173480 124350 ZonesAtSurface
2132.16 1373.61 153.594 8 0 1 12 649852 42.0661 41582.7 1.23166 4.26091e+06 649852 ZonesAtSurface
2182 1373.63 3.62097 0 0 1 13 1.66729e+06 30.9754 24537.5 1.70263 1.24028e+07 1.66729e+06 ZonesAtSurface
2231.95 1373.64 -46.3708 0 0 1 12 694309 26.7927 181138 1.91245 1.2001e+07 694309 ZonesAtSurface
2281.94 1373.64 -46.3422 3 0 1 10 1.86439e+06 39.0168 21144.3 1.79439 1.45512e+07 1.86439e+06 ZonesAtSurface
2331.92 1373.66 -46.2966 51 0 1 8 150373 29.9654 70403 1.87232 5.25984e+06 150373 ZonesAtSurface
2381.78 1373.67 -46.2334 50 0 1 6 1.29713e+06 42.9488 90915.1 2.07394 5.80185e+06 1.29713e+06 ZonesAtSurface
2431.72 1373.7 -46.201 111 0 1 4 787164 22.8264 153728 1.21845 4.58516e+06 787164 ZonesAtSurface
2481.53 1373.77 -46.1324 108 0 1 2 1.37057e+06 20.416 129016 3.04297 2.34695e+06 1.37057e+06 ZonesAtSurface
2530.98 1373.91 -26.0577 66 104 1 1 780617 20.3122 58478.1 1.23697 1.91459e+06 780617 ZonesAtSurface
2581.11 1373.92 -36.0156 124 14 1 2 494427 27.5354 186996 2.62449 1.23292e+06 494427 ZonesAtSurface
2631.06 1373.92 -46.025 109 0 1 3 541261 31.2007 102617 1.73073 4.22688e+06 541261 ZonesAtSurface
2680.93 1373.96 -5.96556 99 63 1 3 1.62562e+06 16.9623 84252.5 1.27385 3.46905e+06 1.62562e+06 ZonesAtSurface
2730.93 1373.92 -16.0246 119 37 1 4 1.88232e+06 19.3249 67849.7 1.1845 4.57038e+06 1.88232e+06 ZonesAtSurface
2780.93 1373.92 -26.0319 85 2 1 5 1.516e+06 23.3252 109046 1.47744 3.89058e+06 1.516e+06 ZonesAtSurface
2830.9 1373.94 -36.0706 86 0 1 6 846256 22.6455 109042 1.07068 2.87463e+06 846256 ZonesAtSurface
2880.8 1373.95 -46.1314 46 0 1 7 977299 22.2041 183657 1.1577 4.64706e+06 977299 ZonesAtSurface
2930.67 1373.97 -6.07206 30 33 1 7 1.71781e+06 40.5969 99432.8 2.04693 3.89313e+06 1.71781e+06 ZonesAtSurface
2980.71 1373.95 -16.1375 46 19 1 8 1.33294e+06 41.9863 43502.5 1.2578 5.35481e+06 1.33294e+06 ZonesAtSurface
3030.73 1373.96 -26.2301 35 0 1 9 841539 29.979 36124.1 1.13486 4.8117e+06 841539 ZonesAtSurface
3080.76 1373.95 -36.3115 16 0 1 10 1.32505e+06 19.206 41138.8 1.0814 8.2581e+06 1.32505e+06 ZonesAtSurface
3130.71 1373.95 3.65805 7 0 1 10 925767 25.3206 76270.4 1.09903 4.76094e+06 925767 ZonesAtSurface
3180.71 1373.95 43.6179 8 0 1 10 1.46161e+06 17.1039 56276.9 1.07291 4.99263e+06 1.46161e+06 ZonesAtSurface
3230.79 1373.95 33.5826 0 0 1 11 1.20176e+06 23.43 179702 1.00281 8.35516e+06 1.20176e+06 ZonesAtSurface
3280.76 1373.95 123.566 6 0 1 10 1.74569e+06 19.5455 94701.9 1.10789 5.94327e+06 1.74569e+06 ZonesAtSurface
3330.74 1373.95 213.509 5 0 1 9 746158 20.6697 74660.3 1.01218 2.086e+06 746158 ZonesAtSurface
3380.74 1373.95 303.429 4 8 2 8 831688 16.3077 189105 1.14765 1.86697e+06 831688 ZonesAtSurface
3430.9 1373.94 243.442 1 0 2 10 1.00814e+06 40.2705 66953.2 1.04278 8.4392e+06 1.00814e+06 ZonesAtSurface
3480.93 1373.94 333.398 9 0 1 9 426392 31.901 151239 1.13585 3.46494e+06 426392 ZonesAtSurface
3531.01 1373.94 373.373 8 7 1 9 1.77493e+06 37.0945 73496.6 1.42425 5.11783e+06 1.77493e+06 ZonesAtSurface
3581.15 1373.94 313.394 0 0 1 11 728435 38.0072 71215.3 1.01762 9.02442e+06 728435 ZonesAtSurface
3631.22 1373.93 353.363 6 0 1 11 1.21459e+06 35.0056 94445.8 1.01119 6.69222e+06 1.21459e+06 ZonesAtSurface
3681.34 1373.93 343.363 3 0 1 12 894370 15.736 153824 1.01842 4.25626e+06 894370 ZonesAtSurface
3731.45 1373.92 333.356 2 0 1 13 1.12346e+06 22.823 54675.7 1.00298 8.3978e+06 1.12346e+06 ZonesAtSurface
3781.53 1373.92 383.321 3 0 1 12 1.29791e+06 40.8936 105074 0.987335 5.37664e+06 1.29791e+06 ZonesAtSurface
3831.61 1373.89 493.22 6 6 1 9 1.33732e+06 28.4662 110121 1.0065 4.32934e+06 1.33732e+06 ZonesAtSurface
3881.77 1373.86 503.186 10 7 1 8 1.3887e+06 39.1373 182635 1.09119 4.92348e+06 1.3887e+06 ZonesAtSurface
3931.89 1373.84 513.192 0 0 2 7 298417 39.1821 177656 1.83242 975097 298417 ZonesAtSurface
3982 1373.87 423.28 9 0 1 8 1.00463e+06 39.2845 182177 1.00803 4.05105e+06 1.00463e+06 ZonesAtSurface
4032.1 1373.88 433.304 9 0 1 7 855182 18.2196 139403 1.06081 2.79161e+06 855182 ZonesAtSurface
4082.18 1373.89 343.368 1 0 1 8 416659 32.6984 12471.3 1.01169 6.44135e+06 416659 ZonesAtSurface
4132.28 1373.89 353.384 10 0 1 7 548394 19.5904 123301 1.04524 3.55568e+06 548394 ZonesAtSurface
4182.34 1373.9 313.422 9 0 1 7 711146 43.1205 57881 1.03395 7.04422e+06 711146 ZonesAtSurface
4232.38 1373.9 273.456 9 0 1 7 1.65259e+06 35.3876 28128.3 1.02106 8.81809e+06 1.65259e+06 ZonesAtSurface
4282.37 1373.9 183.492 2 0 1 8 107933 28.2016 159491 1.00148 7.06322e+06 107933 ZonesAtSurface
4332.39 1373.89 143.529 10 0 1 8 1.44934e+06 22.2443 158260 1.00299 6.26293e+06 1.44934e+06 ZonesAtSurface
4382.37 1373.9 53.5574 2 0 1 9 1.62759e+06 31.7041 92363.9 1.12067 1.19767e+07 1.62759e+06 ZonesAtSurface
4432.46 1373.89 113.606 1 1 2 7 241582 18.8409 89387.3 0 476006 241582 ZonesAtSurface
4482.34 1373.91 -26.3912 0 0 1 9 1.06675e+06 33.9889 98135.2 2.0618 9.86185e+06 1.06675e+06 ZonesAtSurface
4532.35 1373.9 -16.34 11 0 1 8 1.26604e+06 32.2923 77415.7 1.01463 9.54271e+06 1.26604e+06 ZonesAtSurface
4582.32 1373.89 -6.26927 20 6 1 7 1.22798e+06 43.6995 78058.5 3.15226 3.60665e+06 1.22798e+06 ZonesAtSurface
4632.27 1373.9 -46.2732 22 0 1 7 1.24019e+06 21.5799 32641.6 1.08532 8.48085e+06 1.24019e+06 ZonesAtSurface
4682.16 1373.9 -36.2049 42 0 1 6 1.64305e+06 30.3185 33760.3 1.36155 6.59053e+06 1.64305e+06 ZonesAtSurface
4732 1373.9 -26.1387 71 11 1 5 469826 22.898 73296.5 1.09789 1.2858e+06 469826 ZonesAtSurface
4781.96 1373.91 -16.1104 98 27 1 4 1.29826e+06 17.9379 23551.1 1.11497 3.26197e+06 1.29826e+06 ZonesAtSurface
4831.88 1373.92 -6.0964 93 15 1 3 281247 37.2221 88921.3 1.30889 707524 281247 ZonesAtSurface
4881.82 1373.93 3.89948 110 76 1 2 1.42786e+06 25.3995 57127.1 1.5745 2.8737e+06 1.42786e+06 ZonesAtSurface
4931.8 1373.95 13.8994 86 90 1 1 1.24752e+06 42.5348 189220 1.59066 3.37874e+06 1.24752e+06 ZonesAtSurface
81.8105 1424.04 -7.44125 136 3 1 1 1.43514e+06 26.776 90013.8 1.18013 4.88944e+06 1.43514e+06 ZonesAtSurface
131.578 1424.02 -32.4566 142 0 1 2 416037 16.4624 24598.2 1.04516 4.7727e+06 416037 ZonesAtSurface
181.42 1424.02 -7.36928 138 66 1 2 1.39996e+06 21.7849 18023.9 1.52885 3.02197e+06 1.39996e+06 ZonesAtSurface
231.324 1423.99 -32.4099 104 0 1 3 1.31081e+06 39.9098 131168 1.08816 8.34806e+06 1.31081e+06 ZonesAtSurface
281.19 1423.98 -7.32288 115 0 1 3 544394 35.4168 66159.6 1.97809 2.57685e+06 544394 ZonesAtSurface
331.072 1423.97 -32.3991 95 0 1 4 636414 19.6639 54119.5 1.02531 4.52919e+06 636414 ZonesAtSurface
380.939 1423.96 -7.39328 112 0 1 4 384722 38.6648 151089 1.59317 2.26053e+06 384722 ZonesAtSurface
430.785 1423.95 -32.5109 80 0 1 5 1.28744e+06 31.2353 27423.6 1.01414 6.27966e+06 1.28744e+06 ZonesAtSurface
480.655 1423.94 -7.50624 64 35 1 5 1.2409e+06 44.2685 22057.6 1.88566 3.88049e+06 1.2409e+06 ZonesAtSurface
530.597 1423.93 -32.626 43 0 1 6 1.46336e+06 25.5531 76559.8 1.05734 6.34033e+06 1.46336e+06 ZonesAtSurface
580.469 1423.91 -7.63824 42 0 1 6 574393 20.818 107181 1.01723 1.89476e+06 574393 ZonesAtSurface
630.481 1423.93 -32.7575 17 0 1 7 1.08787e+06 36.1072 64698.9 1.00071 1.16423e+07 1.08787e+06 ZonesAtSurface
680.18 1423.9 42.1542 9 3 2 6 408750 17.3403 42760.6 0 1.68986e+06 408750 ZonesAtSurface
730.215 1423.89 67.1165 5 3 2 6 1.4912e+06 33.7324 22716.6 0.97822 5.66497e+06 1.4912e+06 ZonesAtSurface
780.244 1423.9 92.0947 9 0 1 6 846282 27.5655 53879.4 0.969361 4.499e+06 846282 ZonesAtSurface
830.285 1423.89 117.063 1 0 1 6 250093 16.4444 177242 0.981806 2.37541e+06 250093 ZonesAtSurface
880.29 1423.81 242.018 5 7 2 4 1.82787e+06 17.1374 70349.9 1.32134 3.89262e+06 1.82787e+06 ZonesAtSurface
930.336 1423.8 267 9 5 2 4 530501 26.3826 111944 0 1.55997e+06 530501 ZonesAtSurface
980.396 1423.89 191.99 6 0 1 6 817526 18.2666 91976 1.0227 3.77163e+06 817526 ZonesAtSurface
1030.44 1423.89 216.969 2 0 1 6 118270 34.667 124774 1.01089 5.4976e+06 118270 ZonesAtSurface
1080.47 1423.88 291.949 2 0 1 5 627457 15.7515 43825.2 1.03723 2.15496e+06 627457 ZonesAtSurface
1130.53 1423.88 316.926 6 0 1 5 1.61246e+06 38.0543 188820 1.02083 6.00614e+06 1.61246e+06 ZonesAtSurface
1180.6 1423.89 291.912 1 0 1 6 1.46225e+06 24.3002 48126.8 1.00985 4.69735e+06 1.46225e+06 ZonesAtSurface
1230.66 1423.89 316.896 0 0 1 6 1.71873e+06 39.0712 124922 1.01109 6.88765e+06 1.71873e+06 ZonesAtSurface
1280.73 1423.89 341.878 5 0 1 6 628338 21.9931 109475 1.05085 2.72005e+06 628338 ZonesAtSurface
1330.8 1423.89 366.857 6 1 1 6 1.52073e+06 43.7431 85031.2 1.0792 6.32415e+06 1.52073e+06 ZonesAtSurface
1380.88 1423.87 391.837 10 2 1 6 809453 30.707 22974.8 1.10225 2.58527e+06 809453 ZonesAtSurface
1430.96 1423.85 416.818 10 6 1 6 1.89332e+06 22.0298 67701 1.06103 5.29865e+06 1.89332e+06 ZonesAtSurface
1481.05 1423.87 391.815 0 0 1 7 994613 21.7633 15057.4 1.05855 3.36109e+06 994613 ZonesAtSurface
1531.12 1423.91 316.834 1 0 1 9 977429 33.4927 169943 1.02259 5.86598e+06 977429 ZonesAtSurface
1581.2 1423.92 291.839 5 0 1 10 698701 41.7244 149525 1.00498 1.093e+07 698701 ZonesAtSurface
1631.28 1423.9 316.851 8 0 1 10 1.5933e+06 31.3982 171690 1.02921 8.39992e+06 1.5933e+06 ZonesAtSurface
1681.36 1423.9 291.868 7 0 1 11 670912 29.7576 156221 1.01191 8.96454e+06 670912 ZonesAtSurface
1731.44 1423.89 266.884 6 0 1 12 484760 19.8187 63662.4 1.02209 6.16166e+06 484760 ZonesAtSurface
1781.53 1423.86 241.909 0 0 1 13 521079 33.0637 103896 1.0083 1.05524e+07 521079 ZonesAtSurface
1831.62 1423.81 266.937 1 0 1 13 1.74699e+06 31.2787 73679.9 1.01756 7.93722e+06 1.74699e+06 ZonesAtSurface
1881.72 1423.78 291.968 0 0 1 13 1.42606e+06 41.719 57116.3 1.12215 5.5273e+06 1.42606e+06 ZonesAtSurface
1931.83 1423.73 316.975 2 0 2 13 901035 29.4482 71453.8 1.09468 2.82799e+06 901035 ZonesAtSurface
1981.92 1423.66 242.005 4 0 1 15 923203 28.6062 165740 1.0122 6.60921e+06 923203 ZonesAtSurface
2032 1423.62 204.54 4 0 1 15 808553 40.8923 120575 1.15143 1.1526e+07 808553 ZonesAtSurface
2082.1 1423.6 204.55 5 0 1 13 777900 41.2451 106179 1.10127 9.46431e+06 777900 ZonesAtSurface
2132.15 1423.58 154.581 8 0 1 12 1.83127e+06 43.0929 43532.6 1.25319 1.48059e+07 1.83127e+06 ZonesAtSurface
2182 1423.59 4.61354 0 0 1 13 1.80993e+06 40.8931 186815 3.5671 1.36804e+07 1.80993e+06 ZonesAtSurface
2232.02 1423.58 4.65004 9 0 1 11 1.17665e+06 41.6934 79622.1 1.76369 1.41109e+07 1.17665e+06 ZonesAtSurface
2281.94 1423.61 -45.3505 2 0 1 10 1.42061e+06 38.5506 35153.7 2.15906 1.5162e+07 1.42061e+06 ZonesAtSurface
2331.89 1423.63 -45.3077 52 0 1 8 1.22546e+06 25.6779 63041.8 2.10417 5.46852e+06 1.22546e+06 ZonesAtSurface
2381.76 1423.64 -45.2465 70 0 1 6 1.85216e+06 19.1791 108914 1.5436 5.56973e+06 1.85216e+06 ZonesAtSurface
2431.69 1423.69 -45.2284 116 4 1 4 1.28285e+06 29.203 111696 1.48188 6.7393e+06 1.28285e+06 ZonesAtSurface
2481.5 1423.77 -45.1722 116 0 1 2 1.46001e+06 24.2845 158051 2.99129 3.65432e+06 1.46001e+06 ZonesAtSurface
2530.98 1423.97 -25.0897 50 109 1 1 1.15181e+06 35.8573 142877 1.54726 3.07801e+06 1.15181e+06 ZonesAtSurface
2581.14 1423.9 -35.035 101 71 1 2 1.43545e+06 26.1683 114863 1.35755 4.11689e+06 1.43545e+06 ZonesAtSurface
2631.09 1423.9 -45.0493 102 4 1 3 1.78706e+06 25.1114 106940 1.34001 5.37037e+06 1.78706e+06 ZonesAtSurface
2680.95 1423.93 -4.98853 121 52 1 3 1.10754e+06 20.4644 160917 1.26567 2.51948e+06 1.10754e+06 ZonesAtSurface
2730.96 1423.9 -15.0326 112 0 1 4 118469 43.6655 23357.1 1.37084 2.04146e+06 118469 ZonesAtSurface
2780.96 1423.89 -25.0397 82 0 1 5 861523 31.2001 172228 2.13503 2.971e+06 861523 ZonesAtSurface
2830.93 1423.91 -35.0775 72 10 1 6 1.3448e+06 24.4674 24288.3 1.13994 3.77297e+06 1.3448e+06 ZonesAtSurface
2880.84 1423.92 -45.1356 43 0 1 7 155365 32.5555 86961.8 1.14651 5.71936e+06 155365 ZonesAtSurface
2930.73 1423.93 -5.08636 51 8 1 7 274016 30.5961 177511 1.88267 399929 274016 ZonesAtSurface
2980.75 1423.91 -15.1553 48 0 1 8 294646 37.3682 98984.6 1.10699 4.89898e+06 294646 ZonesAtSurface
3030.76 1423.91 -25.2302 32 0 1 9 690707 38.168 26922.9 1.07114 4.8649e+06 690707 ZonesAtSurface
3080.78 1423.91 -35.3085 29 0 1 10 1.84857e+06 16.7673 36208.8 1.06767 7.90944e+06 1.84857e+06 ZonesAtSurface
3130.63 1423.91 54.6421 8 2 2 9 991194 35.2955 145309 1.16372 3.20384e+06 991194 ZonesAtSurface
3180.81 1423.91 -5.38269 6 0 1 11 1.08668e+06 21.7577 90968.2 1.00762 9.81803e+06 1.08668e+06 ZonesAtSurface
3230.63 1423.91 184.55 3 7 2 8 1.0583e+06 37.0395 159025 2.77489 1.59214e+06 1.0583e+06 ZonesAtSurface
3280.83 1423.92 74.5587 8 0 1 11 1.57474e+06 25.4548 140071 1.00403 9.99349e+06 1.57474e+06 ZonesAtSurface
3330.87 1423.91 114.531 2 0 1 11 1.57366e+06 38.795 78733.7 1.00152 8.60233e+06 1.57366e+06 ZonesAtSurface
3380.88 1423.91 204.484 7 0 1 10 972857 18.9545 161258 1.03301 4.48371e+06 972857 ZonesAtSurface
3430.86 1423.92 344.402 0 2 2 8 1.17836e+06 35.2002 187254 1.65265 2.60139e+06 1.17836e+06 ZonesAtSurface
3480.94 1423.92 384.385 0 7 2 8 960304 22.0048 116873 1.51614 1.85701e+06 960304 ZonesAtSurface
3531.05 1423.91 324.393 2 0 1 10 186027 27.1522 128137 0.986694 1.6914e+06 186027 ZonesAtSurface
3581.14 1423.91 364.368 5 7 1 10 1.79716e+06 31.8684 189597 1.14044 5.44895e+06 1.79716e+06 ZonesAtSurface
3631.24 1423.9 354.359 2 0 1 11 1.37702e+06 18.2476 52558.2 1.02402 5.56632e+06 1.37702e+06 ZonesAtSurface
3681.36 1423.89 344.362 0 0 1 12 1.6445e+06 21.8414 126232 1.01355 6.0859e+06 1.6445e+06 ZonesAtSurface
3731.46 1423.89 334.355 2 0 1 13 1.54472e+06 42.69 84107.5 0.997009 1.1015e+07 1.54472e+06 ZonesAtSurface
3781.51 1423.89 434.299 9 0 1 11 1.11762e+06 24.4511 134634 1.00704 3.40544e+06 1.11762e+06 ZonesAtSurface
3831.64 1423.85 494.206 7 3 1 9 926219 15.1654 14972 0.922271 2.64088e+06 926219 ZonesAtSurface
3881.78 1423.83 504.185 9 6 1 8 1.58077e+06 18.5072 122807 1.10409 3.93192e+06 1.58077e+06 ZonesAtSurface
3931.9 1423.83 464.227 1 0 1 8 648766 25.3066 122812 1.04156 2.74283e+06 648766 ZonesAtSurface
3982.01 1423.84 424.271 3 0 1 8 953273 22.2959 74681.3 1.03284 4.39292e+06 953273 ZonesAtSurface
4032.1 1423.85 384.32 10 0 1 8 1.14422e+06 29.1461 20225.1 1.02478 7.50585e+06 1.14422e+06 ZonesAtSurface
4082.21 1423.83 394.34 9 0 1 7 201669 25.6129 69144.5 1.03699 2.73897e+06 201669 ZonesAtSurface
4132.31 1423.82 404.362 10 5 1 6 1.77123e+06 28.3198 78813.6 1.35905 4.94722e+06 1.77123e+06 ZonesAtSurface
4182.35 1423.86 314.416 3 0 1 7 734899 41.6626 40892.6 1.0354 5.73783e+06 734899 ZonesAtSurface
4232.39 1423.86 274.452 10 0 1 7 1.38389e+06 25.5238 26479.2 1.00503 7.55443e+06 1.38389e+06 ZonesAtSurface
4282.43 1423.84 234.489 8 0 1 7 720119 15.2152 148510 1.01624 2.56646e+06 720119 ZonesAtSurface
4332.4 1423.86 144.526 4 0 1 8 243218 34.7786 88950 1.01065 7.55403e+06 243218 ZonesAtSurface
4382.41 1423.85 104.561 2 0 1 8 519686 39.9664 95846.8 1.13706 1.13182e+07 519686 ZonesAtSurface
4432.42 1423.86 64.5958 8 0 1 8 247199 42.884 182348 1.14607 1.0384e+07 247199 ZonesAtSurface
4482.41 1423.87 24.629 8 0 1 8 378074 27.0371 79993.4 1.01208 7.61658e+06 378074 ZonesAtSurface
4532.37 1423.87 -15.3468 6 0 1 8 931916 38.3535 93708.7 1.0215 1.13461e+07 931916 ZonesAtSurface
4582.36 1423.87 -5.28145 23 2 1 7 1.62492e+06 27.4067 90725.7 1.53252 4.6427e+06 1.62492e+06 ZonesAtSurface
4632.29 1423.88 -45.2747 29 0 1 7 531322 21.0004 82223.1 1.04503 7.62303e+06 531322 ZonesAtSurface
4682.16 1423.88 -35.2021 25 0 1 6 1.60657e+06 26.1594 53066.6 1.41563 5.51403e+06 1.60657e+06 ZonesAtSurface
4732.1 1423.88 -25.1643 56 8 1 5 1.57394e+06 34.8551 158815 1.21825 4.95993e+06 1.57394e+06 ZonesAtSurface
4781.96 1423.89 -15.1264 78 17 1 4 622053 34.7453 32603 1.2127 2.09683e+06 622053 ZonesAtSurface
4831.92 1423.89 -5.12087 76 30 1 3 912752 43.7511 106171 1.71355 2.257e+06 912752 ZonesAtSurface
4881.84 1423.93 4.89568 100 72 1 2 963615 41.6202 146646 1.37631 2.73726e+06 963615 ZonesAtSurface
4931.82 1423.94 14.891 109 82 1 1 923123 35.7557 17595.4 1.37382 2.63061e+06 923123 ZonesAtSurface
81.8069 1474.01 -6.42913 115 0 1 1 296431 23.7495 83578.8 1.42068 1.99116e+06 296431 ZonesAtSurface
131.579 1473.98 -31.4626 122 0 1 2 1.57606e+06 27.3767 166712 1.03891 7.76e+06 1.57606e+06 ZonesAtSurface
181.416 1473.99 -6.37106 135 29 1 2 958228 23.5923 94487.6 1.58695 2.5692e+06 958228 ZonesAtSurface
231.31 1473.96 -31.4086 94 0 1 3 237459 41.7328 79593.3 1.06247 6.63046e+06 237459 ZonesAtSurface
281.171 1473.95 -6.32554 110 0 1 3 158828 24.0225 172207 1.5185 1.95515e+06 158828 ZonesAtSurface
331.054 1473.93 -31.4119 88 0 2 4 955690 15.0914 96665.5 1.02489 4.34488e+06 955690 ZonesAtSurface
380.921 1473.92 -6.4063 94 0 1 4 533840 31.1577 168572 1.65176 2.15625e+06 533840 ZonesAtSurface
430.773 1473.92 -31.5191 71 0 1 5 865914 18.3246 178149 1.00888 4.76278e+06 865914 ZonesAtSurface
480.63 1473.91 -6.5241 60 7 1 5 1.05865e+06 19.7227 38112.1 1.41322 2.41515e+06 1.05865e+06 ZonesAtSurface
530.584 1473.91 -31.6463 34 0 1 6 1.78382e+06 22.5817 126688 1.03214 6.62849e+06 1.78382e+06 ZonesAtSurface
580.448 1473.88 -6.66755 26 0 1 6 939173 43.2597 179838 1.09457 6.38621e+06 939173 ZonesAtSurface
630.486 1473.89 -31.7695 13 0 1 7 127509 38.0789 126914 1.01826 1.34373e+07 127509 ZonesAtSurface
680.417 1473.88 -6.81413 4 0 1 7 157423 25.8754 133622 1.00712 8.42634e+06 157423 ZonesAtSurface
730.25 1473.86 68.1237 8 0 1 6 1.33075e+06 15.1674 175433 1.01102 4.19734e+06 1.33075e+06 ZonesAtSurface
780.207 1473.84 143.077 6 0 1 5 940181 27.1766 169972 1.11595 2.81736e+06 940181 ZonesAtSurface
830.261 1473.84 168.044 0 0 1 5 1.32004e+06 18.8428 110302 1.16101 3.16522e+06 1.32004e+06 ZonesAtSurface
880.3 1473.81 243.023 0 3 2 4 1.66088e+06 40.3616 147407 1.40142 4.89876e+06 1.66088e+06 ZonesAtSurface
930.338 1473.8 268.008 4 5 2 4 429296 39.2941 14010.6 1.44579 1.45735e+06 429296 ZonesAtSurface
980.389 1473.84 242.989 2 0 1 5 1.24901e+06 30.1206 121996 1.02359 4.13547e+06 1.24901e+06 ZonesAtSurface
1030.43 1473.83 317.972 10 3 1 4 494108 34.0467 146249 1.92716 880881 494108 ZonesAtSurface
1080.49 1473.85 292.947 4 2 2 5 1.60751e+06 29.3442 60417.7 1.04901 5.15554e+06 1.60751e+06 ZonesAtSurface
1130.53 1473.85 367.925 6 5 2 4 558516 35.281 65095.8 2.07887 1.36465e+06 558516 ZonesAtSurface
1180.59 1473.84 342.906 4 0 1 5 440748 20.6836 18917.9 1.05436 1.51768e+06 440748 ZonesAtSurface
1230.66 1473.83 367.886 0 0 2 5 623154 21.2554 94831.9 0.999019 1.77111e+06 623154 ZonesAtSurface
1280.74 1473.83 392.866 10 0 1 5 513504 31.5266 69382.5 1.12264 2.97819e+06 513504 ZonesAtSurface
1330.81 1473.87 317.865 2 0 1 7 1.35676e+06 36.3923 84531.2 1.00558 6.65421e+06 1.35676e+06 ZonesAtSurface
1380.89 1473.84 392.833 1 2 1 6 1.82181e+06 34.9017 40568.7 1.03949 6.67534e+06 1.82181e+06 ZonesAtSurface
1430.99 1473.72 517.759 2 10 2 4 495968 31.7834 42302.7 1.46194 1.15528e+06 495968 ZonesAtSurface
1481.09 1473.74 492.762 3 3 2 5 957633 41.7751 164412 1.08994 3.47633e+06 957633 ZonesAtSurface
1531.15 1473.81 417.802 8 0 1 7 1.19467e+06 32.6357 72723.9 1.09393 4.17797e+06 1.19467e+06 ZonesAtSurface
1581.22 1473.84 392.821 10 3 1 8 1.49446e+06 35.3035 115875 1.52843 3.98967e+06 1.49446e+06 ZonesAtSurface
1631.29 1473.83 417.827 3 8 2 8 1.47105e+06 21.5066 164141 1.44153 2.9656e+06 1.47105e+06 ZonesAtSurface
1681.36 1473.83 392.863 7 8 1 9 579822 32.8042 80333.3 1.34695 1.58904e+06 579822 ZonesAtSurface
1731.45 1473.84 317.889 6 0 1 11 452658 18.5224 109933 1.30004 2.21039e+06 452658 ZonesAtSurface
1781.52 1473.82 342.91 0 1 2 11 1.26625e+06 21.1418 107351 1.99752 1.89953e+06 1.26625e+06 ZonesAtSurface
1831.61 1473.81 367.919 0 8 2 11 1.46752e+06 19.4328 49686.2 1.7447 2.51042e+06 1.46752e+06 ZonesAtSurface
1881.71 1473.76 342.95 0 2 2 12 833739 21.6758 43903 2.25214 1.15025e+06 833739 ZonesAtSurface
1931.83 1473.72 367.951 3 4 2 12 496516 41.9909 41508.7 1.18256 1.85902e+06 496516 ZonesAtSurface
1981.95 1473.65 342.96 0 7 2 13 1.46223e+06 32.3321 14781 1.60551 3.449e+06 1.46223e+06 ZonesAtSurface
2032.05 1473.59 305.481 9 5 2 13 1.36766e+06 25.5291 177785 1.51261 2.89733e+06 1.36766e+06 ZonesAtSurface
2082.13 1473.56 255.516 10 0 1 12 796243 37.9573 159427 1.237 2.52875e+06 796243 ZonesAtSurface
2132.12 1473.55 155.573 7 0 1 12 486546 39.4352 116118 1.1927 8.86906e+06 486546 ZonesAtSurface
2182.13 1473.54 105.603 6 6 1 11 1.26974e+06 19.0064 174639 1.28865 2.92826e+06 1.26974e+06 ZonesAtSurface
2232.01 1473.57 5.63355 2 0 1 11 1.84968e+06 16.6244 90606.6 1.13582 8.40943e+06 1.84968e+06 ZonesAtSurface
2281.93 1473.59 -44.363 2 0 1 10 1.78814e+06 39.1598 143661 2.80827 1.48297e+07 1.78814e+06 ZonesAtSurface
2331.84 1473.61 -44.3146 29 0 1 8 778278 42.2394 68950 2.36483 1.06322e+07 778278 ZonesAtSurface
2381.75 1473.63 -44.2624 63 0 1 6 875470 35.1401 11528.2 2.04268 5.45937e+06 875470 ZonesAtSurface
2431.63 1473.68 -44.2578 81 0 1 4 1.2666e+06 34.6162 98878.5 3.31869 4.9994e+06 1.2666e+06 ZonesAtSurface
2481.47 1473.76 -44.2023 113 25 1 2 1.6117e+06 30.9593 133713 3.27875 4.75299e+06 1.6117e+06 ZonesAtSurface
2531.09 1473.97 -24.18 119 87 1 1 132563 37.7711 66631.4 1.24939 660226 132563 ZonesAtSurface
2581.15 1473.88 -34.0505 118 17 1 2 1.05093e+06 20.2198 169356 1.253 3.01692e+06 1.05093e+06 ZonesAtSurface
2631.1 1473.87 -44.0843 113 0 1 3 357981 16.3965 166953 1.3557 1.96412e+06 357981 ZonesAtSurface
2680.98 1473.89 -4.02159 87 55 1 3 1.13546e+06 35.1339 155628 1.42267 3.67528e+06 1.13546e+06 ZonesAtSurface
2730.99 1473.87 -14.0424 82 38 1 4 1.89675e+06 18.6553 46289.4 1.44822 3.9361e+06 1.89675e+06 ZonesAtSurface
2780.99 1473.87 -24.0583 86 10 1 5 1.1612e+06 26.5122 10542.5 1.43777 3.14085e+06 1.1612e+06 ZonesAtSurface
2830.96 1473.89 -34.0846 69 0 1 6 447677 17.8763 132372 1.13413 1.41501e+06 447677 ZonesAtSurface
2880.88 1473.9 -44.1426 32 0 1 7 1.39231e+06 41.0585 39385.5 1.07169 6.32765e+06 1.39231e+06 ZonesAtSurface
2930.79 1473.89 -4.11169 44 20 1 7 1.11732e+06 42.8392 18563 1.82409 3.37288e+06 1.11732e+06 ZonesAtSurface
2980.78 1473.88 -14.1862 32 0 1 8 1.52098e+06 16.2466 46397.9 1.00175 4.07562e+06 1.52098e+06 ZonesAtSurface
3030.79 1473.88 -24.2507 15 0 1 9 1.83999e+06 24.9264 54254.3 1.03648 7.74952e+06 1.83999e+06 ZonesAtSurface
3080.81 1473.88 -34.311 9 0 1 10 502133 20.5113 43352 1.06616 5.8717e+06 502133 ZonesAtSurface
3130.78 1473.88 5.65248 4 0 1 10 723141 32.8754 84837.7 1.06242 5.80115e+06 723141 ZonesAtSurface
3180.69 1473.9 95.5983 1 0 1 9 443036 15.9616 115576 1.18835 1.29332e+06 443036 ZonesAtSurface
3230.71 1473.9 135.562 2 0 2 9 166195 18.4165 35070.1 0.992 1.27866e+06 166195 ZonesAtSurface
3280.75 1473.89 175.532 3 0 1 9 568152 16.0971 117285 1.20407 1.65443e+06 568152 ZonesAtSurface
3330.84 1473.88 165.523 5 0 1 10 760398 27.1074 95061.1 1.04745 5.24629e+06 760398 ZonesAtSurface
3380.84 1473.88 255.46 7 0 1 9 227954 17.0856 156457 1.14337 545454 227954 ZonesAtSurface
3430.88 1473.92 345.41 0 8 2 8 1.11231e+06 40.277 158992 1.75908 2.47085e+06 1.11231e+06 ZonesAtSurface
3480.96 1473.91 335.406 6 1 2 9 1.44642e+06 21.4102 71535.6 1.19471 3.82141e+06 1.44642e+06 ZonesAtSurface
3531.05 1473.9 375.374 0 2 2 9 582674 40.8054 64250.2 1.94879 1.33943e+06 582674 ZonesAtSurface
3581.15 1473.89 415.341 6 0 1 9 238817 41.0327 159270 1.38218 425157 238817 ZonesAtSurface
3631.26 1473.87 355.359 6 0 1 11 1.85816e+06 24.3027 38397.3 1.02069 6.38353e+06 1.85816e+06 ZonesAtSurface
3681.34 1473.87 395.332 2 0 2 11 410328 43.5298 81648.5 1.01568 2.04111e+06 410328 ZonesAtSurface
3731.42 1473.86 435.303 6 1 2 11 644360 40.7707 173486 1.60935 1.81738e+06 644360 ZonesAtSurface
3781.52 1473.83 535.184 7 8 2 9 728471 24.026 168236 1.05782 1.91636e+06 728471 ZonesAtSurface
3831.66 1473.82 495.204 0 0 2 9 1.15e+06 43.7765 78244.1 1.34961 3.89612e+06 1.15e+06 ZonesAtSurface
3881.78 1473.79 555.137 1 6 2 7 1.05553e+06 21.2011 63584.4 1.3549 2.26218e+06 1.05553e+06 ZonesAtSurface
3931.9 1473.79 515.182 0 1 2 7 1.32268e+06 33.1537 13701 1.91509 2.66891e+06 1.32268e+06 ZonesAtSurface
3982 1473.76 525.199 0 10 2 6 1.53996e+06 17.4301 179920 1.86515 2.17788e+06 1.53996e+06 ZonesAtSurface
4032.12 1473.78 435.284 8 0 1 7 1.30374e+06 18.5066 64832.3 1.02638 3.62821e+06 1.30374e+06 ZonesAtSurface
4082.22 1473.79 395.33 6 0 1 7 1.32207e+06 35.188 44925.4 1.01867 4.98174e+06 1.32207e+06 ZonesAtSurface
4132.3 1473.79 405.354 7 2 1 6 1.72765e+06 38.3303 103492 1.14951 6.36522e+06 1.72765e+06 ZonesAtSurface
4182.38 1473.8 365.403 3 6 1 6 1.29462e+06 39.8593 130094 1.44953 3.71583e+06 1.29462e+06 ZonesAtSurface
4232.45 1473.78 375.435 0 6 2 5 873721 42.9792 53565.6 2.39082 1.91334e+06 873721 ZonesAtSurface
4282.47 1473.79 285.484 3 0 2 6 778024 44.8266 151494 1.3587 3.39525e+06 778024 ZonesAtSurface
4332.46 1473.8 195.525 8 0 1 7 1.82321e+06 35.3267 65842.9 1.22766 6.76128e+06 1.82321e+06 ZonesAtSurface
4382.46 1473.79 155.559 9 0 1 7 440000 41.7632 124517 1.47886 6.24272e+06 440000 ZonesAtSurface
4432.52 1473.74 165.584 9 7 2 6 869418 21.0454 37679.9 1.04388 2.46814e+06 869418 ZonesAtSurface
4482.43 1473.84 25.6272 2 0 1 8 835637 19.3196 18571.2 1.0114 6.03017e+06 835637 ZonesAtSurface
4532.39 1473.85 -14.3497 1 0 1 8 1.00781e+06 28.0855 84704.9 1.00959 9.67262e+06 1.00781e+06 ZonesAtSurface
4582.4 1473.84 -4.2953 19 0 1 7 330824 19.841 136425 1.07024 4.35253e+06 330824 ZonesAtSurface
4632.31 1473.85 -44.2797 17 0 1 7 1.62293e+06 33.7502 22308.1 1.04933 1.28366e+07 1.62293e+06 ZonesAtSurface
4682.16 1473.86 -34.1999 43 0 1 6 348266 24.6514 99912.7 1.46448 3.64313e+06 348266 ZonesAtSurface
4732.07 1473.87 -24.1525 63 0 1 5 569497 19.7043 159961 1.0945 2.06624e+06 569497 ZonesAtSurface
4781.96 1473.86 -14.1343 62 18 1 4 760495 39.8755 146238 1.34646 2.3612e+06 760495 ZonesAtSurface
4831.91 1473.87 -4.12037 87 23 1 3 924886 28.9114 182832 1.23694 2.27815e+06 924886 ZonesAtSurface
4881.84 1473.89 5.90789 97 46 1 2 616386 38.9185 83860.3 0 2.25123e+06 616386 ZonesAtSurface
4931.83 1473.92 15.9027 132 57 1 1 910702 16.2591 186855 1.04372 2.20724e+06 910702 ZonesAtSurface
81.8016 1523.98 -5.43351 125 0 1 1 472184 17.8998 95358.7 1.05963 2.50283e+06 472184 ZonesAtSurface
131.575 1523.95 -30.4746 108 0 2 2 464504 26.6903 59578.2 1.04025 5.68713e+06 464504 ZonesAtSurface
181.419 1523.95 -5.37114 126 0 1 2 262583 33.7274 106348 1.61363 1.7654e+06 262583 ZonesAtSurface
231.298 1523.93 -30.4184 103 0 1 3 946611 24.9575 121757 1.02076 5.28048e+06 946611 ZonesAtSurface
281.158 1523.92 -5.34594 109 50 1 3 1.88045e+06 21.147 103106 1.46132 4.36244e+06 1.88045e+06 ZonesAtSurface
331.05 1523.9 -30.4167 89 0 1 4 1.26787e+06 39.7823 81242.7 1.02141 7.88254e+06 1.26787e+06 ZonesAtSurface
380.918 1523.9 -5.41739 100 0 1 4 841921 20.1392 31109.9 1.56807 2.15782e+06 841921 ZonesAtSurface
430.775 1523.89 -30.5251 72 0 1 5 837505 31.9023 142899 1.04086 6.64371e+06 837505 ZonesAtSurface
480.642 1523.88 -5.52173 71 0 1 5 600162 40.5571 55426.7 2.02815 3.58915e+06 600162 ZonesAtSurface
530.585 1523.88 -30.6453 35 0 1 6 832991 33.8199 126990 1.02725 6.84673e+06 832991 ZonesAtSurface
580.447 1523.86 -5.67654 36 0 1 6 1.06415e+06 22.1664 134691 1.03519 3.5214e+06 1.06415e+06 ZonesAtSurface
630.491 1523.86 -30.7808 1 0 1 7 1.63578e+06 34.2301 31409.9 1.01442 1.70006e+07 1.63578e+06 ZonesAtSurface
680.293 1523.83 44.1725 10 0 1 6 1.08571e+06 30.6976 182637 1.00254 5.74921e+06 1.08571e+06 ZonesAtSurface
730.204 1523.81 119.108 6 0 1 5 1.47179e+06 16.9126 27971.3 1.13287 3.93152e+06 1.47179e+06 ZonesAtSurface
780.302 1523.83 94.092 8 0 1 6 1.89332e+06 43.3296 72010.3 1.04695 9.83122e+06 1.89332e+06 ZonesAtSurface
830.262 1523.8 219.037 0 3 2 4 1.21833e+06 36.227 61919.8 1.30865 3.62459e+06 1.21833e+06 ZonesAtSurface
880.307 1523.8 244.022 5 2 2 4 865760 30.4564 147157 1.40699 2.05195e+06 865760 ZonesAtSurface
930.345 1523.79 269.005 0 4 2 4 1.42892e+06 18.7629 54182.5 1.55405 2.5904e+06 1.42892e+06 ZonesAtSurface
980.386 1523.8 293.989 4 1 1 4 656537 26.3048 183376 1.41191 1.41112e+06 656537 ZonesAtSurface
1030.43 1523.81 318.972 8 7 1 4 1.27514e+06 23.0235 67375.8 1.23418 3.07434e+06 1.27514e+06 ZonesAtSurface
1080.5 1523.81 293.947 9 0 1 5 1.68803e+06 20.9945 176377 1.00991 4.90195e+06 1.68803e+06 ZonesAtSurface
1130.56 1523.83 268.93 1 0 1 6 1.69934e+06 22.5574 115825 1.00521 6.4288e+06 1.69934e+06 ZonesAtSurface
1180.6 1523.83 443.887 5 10 1 3 1.106e+06 40.303 85672.2 0 586685 1.106e+06 ZonesAtSurface
1230.67 1523.8 368.884 9 0 1 5 761552 28.6204 79902 1.05423 2.78646e+06 761552 ZonesAtSurface
1280.75 1523.78 393.862 7 7 1 5 1.83802e+06 40.9162 160491 1.07535 7.29532e+06 1.83802e+06 ZonesAtSurface
1330.82 1523.77 418.836 4 0 1 5 1.40861e+06 36.2092 64687.4 1.01962 5.32349e+06 1.40861e+06 ZonesAtSurface
1380.91 1523.76 443.811 9 0 1 5 1.85828e+06 19.5313 89972 1.02046 5.26823e+06 1.85828e+06 ZonesAtSurface
1431.01 1523.68 518.762 9 5 1 4 1.3044e+06 30.0817 151729 1.29086 3.52511e+06 1.3044e+06 ZonesAtSurface
1481.1 1523.72 493.772 2 3 2 5 1.06977e+06 34.0859 91250.1 1.22908 3.26451e+06 1.06977e+06 ZonesAtSurface
1531.17 1523.77 468.789 1 1 2 6 946970 32.1637 107539 1.21184 2.78582e+06 946970 ZonesAtSurface
1581.23 1523.81 443.814 3 4 1 7 1.61072e+06 42.4673 64681.4 1.5143 5.47541e+06 1.61072e+06 ZonesAtSurface
1631.3 1523.84 318.852 0 0 1 10 1.65585e+06 32.7836 53586.3 1.04124 8.63983e+06 1.65585e+06 ZonesAtSurface
1681.37 1523.83 343.869 6 0 1 10 1.60748e+06 19.5216 155253 1.17269 4.90257e+06 1.60748e+06 ZonesAtSurface
1731.45 1523.83 368.89 1 0 2 10 518236 20.4874 52872 1.89543 1.00527e+06 518236 ZonesAtSurface
1781.54 1523.8 293.912 1 0 1 12 1.71766e+06 26.6142 30166.3 1.04377 6.57942e+06 1.71766e+06 ZonesAtSurface
1831.63 1523.79 318.939 7 7 1 12 1.85263e+06 44.5479 115287 1.59517 5.5235e+06 1.85263e+06 ZonesAtSurface
1881.72 1523.77 343.949 0 4 2 12 1.85294e+06 29.3881 35288.5 2.20987 2.87951e+06 1.85294e+06 ZonesAtSurface
1931.81 1523.69 318.97 1 0 2 13 722550 32.4074 61429.2 1.20876 2.65583e+06 722550 ZonesAtSurface
1981.91 1523.62 293.985 0 0 2 14 1.69719e+06 32.8744 28563.9 1.097 5.7065e+06 1.69719e+06 ZonesAtSurface
2031.99 1523.58 256.511 7 0 1 14 996781 40.8766 170718 1.02272 5.52505e+06 996781 ZonesAtSurface
2082.06 1523.54 206.543 7 0 1 13 506916 28.7617 58359.1 1.21372 6.13274e+06 506916 ZonesAtSurface
2132.16 1523.52 206.543 6 0 1 11 780884 40.4225 111462 1.12318 4.22743e+06 780884 ZonesAtSurface
2182.11 1523.55 106.596 6 8 1 11 491425 30.5474 64915.1 1.75856 1.25124e+06 491425 ZonesAtSurface
2231.92 1523.55 -43.3941 0 0 1 12 1.76902e+06 37.1418 144169 4.84801 9.45414e+06 1.76902e+06 ZonesAtSurface
2281.91 1523.57 -43.3673 34 0 1 10 1.41193e+06 15.8766 77751.9 1.58234 7.05977e+06 1.41193e+06 ZonesAtSurface
2331.82 1523.58 -43.3186 48 0 1 8 588057 32.4937 41661.9 2.05101 6.95166e+06 588057 ZonesAtSurface
2381.74 1523.62 -43.2746 76 0 1 6 1.51454e+06 23.3337 126043 1.61802 5.6487e+06 1.51454e+06 ZonesAtSurface
2431.56 1523.68 -43.2811 82 14 1 4 1.41773e+06 32.1477 81878.7 3.04805 4.8936e+06 1.41773e+06 ZonesAtSurface
2481.43 1523.75 -43.23 114 19 1 2 1.53494e+06 21.3473 34442.7 1.58589 5.27542e+06 1.53494e+06 ZonesAtSurface
2530.97 1523.8 -23.2399 142 79 2 1 163246 16.618 114612 0.813198 592540 163246 ZonesAtSurface
2581.14 1523.85 -33.0982 77 84 2 2 1.86813e+06 21.793 123030 1.21561 4.8821e+06 1.86813e+06 ZonesAtSurface
2631.11 1523.85 -43.128 83 23 1 3 1.31562e+06 26.127 53974.6 1.22957 4.03006e+06 1.31562e+06 ZonesAtSurface
2681.01 1523.87 -3.06566 9 84 1 3 1.83308e+06 41.9633 65221.6 2.29748 4.464e+06 1.83308e+06 ZonesAtSurface
2731.02 1523.86 -13.0652 65 53 1 4 1.52339e+06 43.3347 57100.1 2.391 4.35067e+06 1.52339e+06 ZonesAtSurface
2781.01 1523.85 -23.0805 49 34 1 5 1.64616e+06 43.4583 173569 2.36511 3.45164e+06 1.64616e+06 ZonesAtSurface
2830.99 1523.86 -33.0954 67 0 1 6 457627 29.1508 136083 1.0875 2.09635e+06 457627 ZonesAtSurface
2880.91 1523.88 -43.148 42 0 1 7 1.36348e+06 22.6527 158114 1.08883 5.556e+06 1.36348e+06 ZonesAtSurface
2930.83 1523.89 -3.11876 53 13 1 7 980342 20.4236 23544.3 1.2952 2.25277e+06 980342 ZonesAtSurface
2980.82 1523.88 -13.1878 37 3 1 8 1.68922e+06 30.4117 40331.9 1.11972 5.43167e+06 1.68922e+06 ZonesAtSurface
3030.81 1523.87 -23.2521 18 0 1 9 1.57366e+06 31.7873 150842 1.03728 8.0766e+06 1.57366e+06 ZonesAtSurface
3080.83 1523.87 -33.3122 7 0 1 10 1.08118e+06 40.3977 31011.1 1.06538 1.14921e+07 1.08118e+06 ZonesAtSurface
3130.79 1523.87 6.65368 9 0 1 10 1.82017e+06 17.9796 33713.4 1.02047 6.64411e+06 1.82017e+06 ZonesAtSurface
3180.72 1523.88 96.6006 5 0 1 9 497974 37.2008 156925 1.09949 2.48896e+06 497974 ZonesAtSurface
3230.81 1523.87 86.5866 8 0 1 10 1.587e+06 30.2127 106039 1.00419 7.92362e+06 1.587e+06 ZonesAtSurface
3280.77 1523.88 176.527 3 1 2 9 409141 31.5771 18804.6 1.00385 1.48501e+06 409141 ZonesAtSurface
3330.78 1523.89 266.472 2 3 2 8 426040 40.0708 71793.8 0 1.37999e+06 426040 ZonesAtSurface
3380.91 1523.85 206.486 7 0 1 10 1.02301e+06 25.3166 45527.8 1.14052 5.33514e+06 1.02301e+06 ZonesAtSurface
3430.92 1523.88 296.443 10 7 1 9 1.85639e+06 24.2738 12738.5 1.10189 5.28804e+06 1.85639e+06 ZonesAtSurface
3480.99 1523.9 336.409 8 1 2 9 107086 40.1953 103578 6.32049 14779.3 107086 ZonesAtSurface
3531.08 1523.9 376.371 9 2 2 9 503152 38.5627 177646 1.78962 1.04789e+06 503152 ZonesAtSurface
3581.17 1523.87 366.371 7 0 1 10 979886 31.5633 141562 1.28062 3.09595e+06 979886 ZonesAtSurface
3631.25 1523.88 406.336 2 3 2 10 1.15051e+06 20.4831 49763.5 1.70454 2.11509e+06 1.15051e+06 ZonesAtSurface
3681.34 1523.86 396.334 8 6 1 11 1.72715e+06 32.2742 86920.8 1.29937 5.02048e+06 1.72715e+06 ZonesAtSurface
3731.45 1523.83 386.325 9 0 1 12 1.8243e+06 31.0533 183698 1.03723 6.1935e+06 1.8243e+06 ZonesAtSurface
3781.55 1523.82 436.281 3 0 1 11 140099 24.4675 114834 0.976627 1.68332e+06 140099 ZonesAtSurface
3831.67 1523.8 496.206 8 4 1 9 1.11988e+06 36.0059 38053 1.15249 3.78561e+06 1.11988e+06 ZonesAtSurface
3881.79 1523.78 506.193 6 0 2 8 200755 20.6024 52788.3 0.967591 1.10906e+06 200755 ZonesAtSurface
3931.91 1523.78 466.228 3 0 1 8 718338 22.7972 24802.8 0.994207 2.92574e+06 718338 ZonesAtSurface
3982.01 1523.74 526.194 3 5 2 6 817098 39.2253 158430 1.33227 2.36974e+06 817098 ZonesAtSurface
4032.13 1523.75 436.277 4 0 1 7 212239 33.0164 137192 1.02616 2.93476e+06 212239 ZonesAtSurface
4082.2 1523.7 496.275 0 4 2 5 1.2209e+06 41.6632 52711.3 1.51383 3.48846e+06 1.2209e+06 ZonesAtSurface
4132.3 1523.75 406.351 6 0 1 6 1.77971e+06 35.9709 115858 1.06768 8.10707e+06 1.77971e+06 ZonesAtSurface
4182.38 1523.77 366.402 5 0 1 6 295247 30.0043 150183 1.04663 2.08038e+06 295247 ZonesAtSurface
4232.45 1523.78 376.439 8 2 1 5 1.5323e+06 32.5625 171624 1.97039 3.10278e+06 1.5323e+06 ZonesAtSurface
4282.44 1523.78 236.491 1 0 1 7 469857 19.4792 180833 0.993722 3.42904e+06 469857 ZonesAtSurface
4332.47 1523.78 196.527 1 0 1 7 375717 42.1057 26367.7 1.0092 8.3529e+06 375717 ZonesAtSurface
4382.53 1523.75 206.564 1 0 2 6 286045 35.1151 180311 1.71131 1.58172e+06 286045 ZonesAtSurface
4432.55 1523.75 166.592 5 1 2 6 924664 43.8009 101755 1.76406 2.98734e+06 924664 ZonesAtSurface
4482.56 1523.78 126.625 3 9 1 6 1.88353e+06 36.5713 66406.7 1.38269 5.76818e+06 1.88353e+06 ZonesAtSurface
4532.56 1523.8 86.6518 3 10 2 6 1.84102e+06 44.3537 22575.5 1.88628 6.34029e+06 1.84102e+06 ZonesAtSurface
4582.43 1523.82 -3.30175 22 0 1 7 690257 34.1118 78150.5 1.05195 6.67275e+06 690257 ZonesAtSurface
4632.32 1523.83 -43.2802 25 0 1 7 701764 22.531 149698 1.05368 9.23269e+06 701764 ZonesAtSurface
4682.15 1523.84 -33.1964 42 0 1 6 1.82113e+06 23.7075 23733.5 1.39609 4.89607e+06 1.82113e+06 ZonesAtSurface
4732.04 1523.84 -23.1524 73 11 1 5 848453 26.8413 36690.7 1.22605 2.38552e+06 848453 ZonesAtSurface
4781.97 1523.84 -13.1384 70 13 1 4 627335 42.002 77140 1.21499 2.34572e+06 627335 ZonesAtSurface
4831.87 1523.84 -3.12074 104 11 1 3 333571 36.9138 28038.7 1.35868 1.13303e+06 333571 ZonesAtSurface
4881.83 1523.86 6.90152 31 88 2 2 1.77332e+06 44.2459 87651 1.67188 5.11045e+06 1.77332e+06 ZonesAtSurface
4931.84 1523.89 16.8984 128 66 1 1 857711 20.7762 140250 1.02886 2.29328e+06 857711 ZonesAtSurface
81.7944 1573.96 -4.46707 115 0 1 1 485936 44.1051 151393 1.04765 5.9791e+06 485936 ZonesAtSurface
131.579 1573.93 -29.4791 116 0 1 2 620108 34.8179 187162 1.08174 7.02878e+06 620108 ZonesAtSurface
181.42 1573.92 -4.36552 119 98 1 2 1.75915e+06 44.8427 108173 1.70002 6.19235e+06 1.75915e+06 ZonesAtSurface
231.289 1573.9 -29.4256 111 0 1 3 694214 26.8261 122754 1.02336 6.61085e+06 694214 ZonesAtSurface
281.146 1573.9 -4.36177 126 65 1 3 1.51405e+06 29.1238 122550 1.55226 3.93867e+06 1.51405e+06 ZonesAtSurface
331.045 1573.88 -29.4269 100 0 1 4 611780 34.6129 55692.3 1.023 6.53768e+06 611780 ZonesAtSurface
380.925 1573.88 -4.42963 117 1 1 4 498983 21.3823 16484.9 1.55604 1.6308e+06 498983 ZonesAtSurface
430.798 1573.86 -29.5327 81 0 1 5 1.40023e+06 26.7785 141190 1.03997 8.29973e+06 1.40023e+06 ZonesAtSurface
480.696 1573.86 -4.51308 81 20 1 5 1.86736e+06 31.3974 157415 1.55505 5.07709e+06 1.86736e+06 ZonesAtSurface
530.598 1573.85 -29.6386 39 0 1 6 1.04253e+06 36.7349 137643 1.06005 8.77493e+06 1.04253e+06 ZonesAtSurface
580.451 1573.84 -4.68141 42 0 1 6 953347 33.2476 91735.7 1.02404 4.51101e+06 953347 ZonesAtSurface
630.352 1573.83 20.2317 9 0 1 6 421843 19.1693 39121.8 1.03497 3.24915e+06 421843 ZonesAtSurface
680.189 1573.8 95.1306 6 6 1 5 1.59411e+06 40.4102 129494 1.0719 6.27365e+06 1.59411e+06 ZonesAtSurface
730.301 1573.81 70.128 1 0 1 6 1.60301e+06 32.8197 111424 1.01729 8.5782e+06 1.60301e+06 ZonesAtSurface
780.215 1573.76 195.054 5 2 2 4 588361 25.2957 62765.6 1.16272 1.71808e+06 588361 ZonesAtSurface
830.296 1573.78 170.04 9 0 1 5 1.60868e+06 18.869 147818 1.00288 5.89389e+06 1.60868e+06 ZonesAtSurface
880.331 1573.77 195.018 4 0 1 5 1.68155e+06 29.4576 141609 1.00696 7.34107e+06 1.68155e+06 ZonesAtSurface
930.369 1573.77 219.997 8 0 1 5 1.03681e+06 15.3052 112723 1.00552 4.13296e+06 1.03681e+06 ZonesAtSurface
980.411 1573.77 244.979 10 0 1 5 1.18746e+06 28.064 118164 1.00877 5.96508e+06 1.18746e+06 ZonesAtSurface
1030.46 1573.77 269.961 9 0 1 5 1.19752e+06 31.0564 108115 1.00539 6.54722e+06 1.19752e+06 ZonesAtSurface
1080.52 1573.78 244.941 0 0 1 6 1.56678e+06 20.4175 160391 1.00474 7.36448e+06 1.56678e+06 ZonesAtSurface
1130.57 1573.79 269.923 1 0 1 6 711459 16.8333 147015 1.0129 4.59559e+06 711459 ZonesAtSurface
1180.63 1573.79 294.902 4 0 1 6 1.05934e+06 23.4025 62387.5 1.00819 6.40827e+06 1.05934e+06 ZonesAtSurface
1230.69 1573.76 369.877 6 0 1 5 1.46089e+06 41.565 118789 1.07381 6.43489e+06 1.46089e+06 ZonesAtSurface
1280.76 1573.74 394.855 2 0 1 5 1.65535e+06 42.5092 93952 1.02759 7.81413e+06 1.65535e+06 ZonesAtSurface
1330.83 1573.73 419.83 8 0 1 5 1.18245e+06 17.5546 45364.6 1.01214 4.18233e+06 1.18245e+06 ZonesAtSurface
1380.94 1573.61 544.752 0 6 2 3 1.87583e+06 34.5936 171360 1.86764 3.61015e+06 1.87583e+06 ZonesAtSurface
1431.02 1573.65 519.757 9 0 2 4 840786 30.8609 70997.3 1.1885 2.59781e+06 840786 ZonesAtSurface
1481.11 1573.65 544.744 8 0 2 4 260691 32.6869 153218 1.09778 2.37592e+06 260691 ZonesAtSurface
1531.17 1573.75 469.789 10 0 1 6 200879 22.1298 51885.8 1.04911 836205 200879 ZonesAtSurface
1581.23 1573.8 394.829 9 0 1 8 1.67984e+06 36.8381 46176.8 1.02882 6.80499e+06 1.67984e+06 ZonesAtSurface
1631.3 1573.8 319.847 1 0 1 10 867140 31.7051 53999.8 1.01218 7.64788e+06 867140 ZonesAtSurface
1681.37 1573.79 294.87 8 0 1 11 1.22366e+06 32.5314 99082.6 1.11496 1.04351e+07 1.22366e+06 ZonesAtSurface
1731.45 1573.78 319.895 10 0 1 11 453232 28.9636 52145.4 1.02273 4.00976e+06 453232 ZonesAtSurface
1781.54 1573.75 244.913 1 0 1 13 1.66583e+06 36.8142 153541 1.07381 1.21401e+07 1.66583e+06 ZonesAtSurface
1831.61 1573.71 219.937 1 0 1 14 166099 44.1652 121204 1.27199 1.38042e+07 166099 ZonesAtSurface
1881.69 1573.66 194.966 0 0 1 15 146144 43.5486 153742 1.01636 1.18034e+07 146144 ZonesAtSurface
1931.77 1573.62 219.988 6 0 1 15 770589 35.3224 153339 1.03593 1.19605e+07 770589 ZonesAtSurface
1981.86 1573.58 245 5 0 1 15 1.26001e+06 20.3405 13142.1 1.01384 6.10701e+06 1.26001e+06 ZonesAtSurface
2031.96 1573.55 257.51 9 0 1 14 151220 20.1796 122222 1.05853 2.9215e+06 151220 ZonesAtSurface
2082.07 1573.51 257.519 4 1 1 12 891508 18.4456 139842 1.13417 2.16132e+06 891508 ZonesAtSurface
2132.12 1573.52 207.547 0 0 2 11 1.75816e+06 21.5265 159862 1.4215 4.11484e+06 1.75816e+06 ZonesAtSurface
2181.94 1573.52 7.58922 3 0 1 13 1.59964e+06 15.7057 161371 1.24186 1.09772e+07 1.59964e+06 ZonesAtSurface
2231.89 1573.52 -42.4057 0 0 1 12 1.13538e+06 26.1455 89715.4 2.70052 1.0901e+07 1.13538e+06 ZonesAtSurface
2281.87 1573.54 -42.3739 19 0 1 10 974332 22.4167 71930.9 1.5853 7.20195e+06 974332 ZonesAtSurface
2331.81 1573.56 -42.3381 48 0 1 8 701915 36.3022 123337 2.26514 7.67237e+06 701915 ZonesAtSurface
2381.72 1573.61 -42.2808 77 0 1 6 322240 25.1945 88242.1 2.04056 3.01969e+06 322240 ZonesAtSurface
2431.52 1573.67 -42.3008 92 12 1 4 1.00921e+06 42.01 180462 9.0295 2.0593e+06 1.00921e+06 ZonesAtSurface
2481.36 1573.74 -42.2617 92 45 1 2 1.84462e+06 40.9453 156124 5.57055 3.61958e+06 1.84462e+06 ZonesAtSurface
2530.67 1573.65 -22.3022 81 135 1 1 802460 38.1326 126713 1.60149 2.10869e+06 802460 ZonesAtSurface
2581.11 1573.83 -32.1582 106 88 1 2 1.16631e+06 44.8525 176804 2.3855 3.7182e+06 1.16631e+06 ZonesAtSurface
2631.13 1573.83 -42.1691 112 5 1 3 957854 42.816 126296 1.28918 4.47836e+06 957854 ZonesAtSurface
2681.04 1573.86 -2.09695 71 63 1 3 1.43569e+06 26.1179 137523 1.08347 4.34104e+06 1.43569e+06 ZonesAtSurface
2731.06 1573.85 -12.0857 121 0 1 4 245927 27.8961 31691.7 1.64002 2.26143e+06 245927 ZonesAtSurface
2781.03 1573.85 -22.0945 96 7 1 5 951909 33.8689 148029 1.18603 3.30102e+06 951909 ZonesAtSurface
2831 1573.85 -32.1083 77 0 1 6 1.06745e+06 31.7042 58258.7 1.05374 4.08386e+06 1.06745e+06 ZonesAtSurface
2880.94 1573.86 -42.1506 49 2 1 7 1.82242e+06 41.019 185545 1.07977 7.14056e+06 1.82242e+06 ZonesAtSurface
2930.87 1573.88 -2.12189 57 12 1 7 948406 43.2508 176900 1.77932 2.39373e+06 948406 ZonesAtSurface
2980.85 1573.87 -12.1808 41 4 1 8 1.56079e+06 16.5979 175373 1.04356 3.92575e+06 1.56079e+06 ZonesAtSurface
3030.84 1573.86 -22.2435 26 0 1 9 1.09386e+06 25.0485 164268 1.02769 5.12675e+06 1.09386e+06 ZonesAtSurface
3080.85 1573.85 -32.3136 4 0 1 10 1.23906e+06 44.7426 75910.4 1.14051 1.52205e+07 1.23906e+06 ZonesAtSurface
3130.89 1573.84 -42.3573 0 0 1 11 274412 44.1573 61867.2 1.67713 1.25696e+07 274412 ZonesAtSurface
3180.8 1573.86 47.615 7 0 1 10 1.25924e+06 22.3616 151486 1.00984 6.61112e+06 1.25924e+06 ZonesAtSurface
3230.87 1573.85 37.5844 1 0 1 11 1.57187e+06 39.493 150872 1.42151 1.11973e+07 1.57187e+06 ZonesAtSurface
3280.88 1573.84 77.5513 6 0 1 11 1.89072e+06 29.6527 127769 1.23945 1.04541e+07 1.89072e+06 ZonesAtSurface
3330.89 1573.84 167.513 3 0 1 10 1.79668e+06 36.9059 180728 1.16883 9.70497e+06 1.79668e+06 ZonesAtSurface
3380.95 1573.83 157.489 5 0 1 11 128694 38.9002 80129.3 1.00717 8.29089e+06 128694 ZonesAtSurface
3431 1573.83 197.466 3 0 1 11 788522 40.2382 150644 1.02006 8.40847e+06 788522 ZonesAtSurface
3481.07 1573.83 237.445 8 0 1 11 140124 33.2405 28102 1.02725 4.51001e+06 140124 ZonesAtSurface
3531.16 1573.82 227.424 5 0 1 12 1.1778e+06 29.6891 21960.7 1.01639 8.19246e+06 1.1778e+06 ZonesAtSurface
3581.21 1573.82 317.403 4 0 1 11 986993 37.2657 42248 1.10426 8.07476e+06 986993 ZonesAtSurface
3631.31 1573.8 257.403 3 0 1 13 1.12564e+06 23.9116 156178 1.01688 8.80037e+06 1.12564e+06 ZonesAtSurface
3681.39 1573.79 297.376 1 0 1 13 339390 40.0475 17687 1.00566 9.11358e+06 339390 ZonesAtSurface
3731.48 1573.79 337.349 0 0 1 13 538753 20.386 164462 1.00747 3.76884e+06 538753 ZonesAtSurface
3781.54 1573.78 487.231 2 5 2 10 575988 26.8079 18108.4 1.00092 1.88196e+06 575988 ZonesAtSurface
3831.68 1573.77 447.253 5 0 1 10 1.17629e+06 39.0322 54440.4 1.00549 6.46956e+06 1.17629e+06 ZonesAtSurface
3881.8 1573.75 507.196 10 4 1 8 1.75833e+06 16.1263 128946 1.08208 4.25356e+06 1.75833e+06 ZonesAtSurface
3931.93 1573.74 467.226 7 0 1 8 861970 20.6131 138087 1.00092 3.09703e+06 861970 ZonesAtSurface
3982.04 1573.72 477.225 9 0 1 7 1.57742e+06 18.6602 95243.7 1.04438 4.99452e+06 1.57742e+06 ZonesAtSurface
4032.14 1573.72 437.274 0 0 1 7 439177 43.1381 71366.8 1.00154 5.35688e+06 439177 ZonesAtSurface
4082.21 1573.69 497.278 8 1 1 5 1.31294e+06 32.3269 51799.2 1.03168 4.59606e+06 1.31294e+06 ZonesAtSurface
4132.29 1573.7 457.33 3 3 2 5 779207 21.5424 66936.6 1.29235 1.81363e+06 779207 ZonesAtSurface
4182.37 1573.72 417.386 5 1 1 5 649304 23.0656 130290 1.12068 1.67891e+06 649304 ZonesAtSurface
4232.4 1573.75 277.451 3 0 1 7 536247 16.44 56914.5 1.00293 2.94199e+06 536247 ZonesAtSurface
4282.44 1573.75 237.489 6 0 1 7 1.58662e+06 22.1906 106022 1.00669 6.81429e+06 1.58662e+06 ZonesAtSurface
4332.47 1573.75 197.522 0 0 1 7 649309 34.2458 152330 0.978011 5.85752e+06 649309 ZonesAtSurface
4382.52 1573.73 207.562 0 0 1 6 1.58932e+06 28.8386 35417.1 1.05419 5.13951e+06 1.58932e+06 ZonesAtSurface
4432.51 1573.76 117.591 2 0 1 7 1.33333e+06 38.7577 99101.4 1.02143 7.26095e+06 1.33333e+06 ZonesAtSurface
4482.56 1573.78 127.618 3 2 1 6 1.4525e+06 36.5366 40081.8 1.71029 4.86141e+06 1.4525e+06 ZonesAtSurface
4532.49 1573.81 37.6585 3 0 1 7 1.22067e+06 35.3914 87402.1 1.39712 1.07815e+07 1.22067e+06 ZonesAtSurface
4582.43 1573.81 -2.29526 26 2 1 7 1.63752e+06 22.8205 132395 1.05874 4.78935e+06 1.63752e+06 ZonesAtSurface
4632.32 1573.81 -42.2737 54 0 1 7 494015 16.8858 182992 1.05435 6.82866e+06 494015 ZonesAtSurface
4682.09 1573.82 -32.1764 58 0 1 6 1.39369e+06 29.2665 134709 1.2829 4.68304e+06 1.39369e+06 ZonesAtSurface
4731.98 1573.82 -22.148 71 21 1 5 1.88129e+06 32.3584 76845.1 1.87121 3.73773e+06 1.88129e+06 ZonesAtSurface
4781.92 1573.81 -12.1341 86 41 1 4 1.56691e+06 22.3298 81063.9 1.41557 3.27781e+06 1.56691e+06 ZonesAtSurface
4831.83 1573.81 -2.12155 120 31 1 3 959964 17.8721 81589.4 1.36323 2.05011e+06 959964 ZonesAtSurface
4881.78 1573.84 7.88981 115 63 1 2 864034 26.1458 60276.5 1.30436 2.45897e+06 864034 ZonesAtSurface
4931.8 1573.88 17.8893 103 102 1 1 1.44736e+06 43.0642 147749 1.35282 4.84934e+06 1.44736e+06 ZonesAtSurface
81.7975 1623.96 -3.47953 137 6 1 1 814753 23.3625 20746.3 1.05538 3.42419e+06 814753 ZonesAtSurface
131.587 1623.91 -28.4755 106 0 1 2 1.55063e+06 29.1085 82899.2 1.05 9.22282e+06 1.55063e+06 ZonesAtSurface
181.416 1623.92 -3.35751 140 4 1 2 263204 20.3971 25988.5 1.11778 1.73388e+06 263204 ZonesAtSurface
231.269 1623.88 -28.4362 105 0 1 3 1.28578e+06 40.2252 81343 1.00632 8.35414e+06 1.28578e+06 ZonesAtSurface
281.135 1623.88 -3.37564 122 72 1 3 1.82768e+06 21.0959 38136.9 1.47377 3.89936e+06 1.82768e+06 ZonesAtSurface
331.047 1623.86 -28.4421 99 0 1 4 689105 36.2677 99768.4 1.02861 6.2523e+06 689105 ZonesAtSurface
380.929 1623.86 -3.44624 111 50 1 4 1.1168e+06 32.623 121193 1.59097 3.23391e+06 1.1168e+06 ZonesAtSurface
430.828 1623.84 -28.5333 72 0 1 5 1.47354e+06 35.2572 14050.7 1.07059 9.55176e+06 1.47354e+06 ZonesAtSurface
480.737 1623.84 -3.50645 79 21 1 5 1.82718e+06 34.8246 19904.7 1.60506 5.32473e+06 1.82718e+06 ZonesAtSurface
530.613 1623.83 -28.6456 38 0 1 6 1.19907e+06 39.9796 168954 1.06129 9.84321e+06 1.19907e+06 ZonesAtSurface
580.467 1623.83 -3.69345 39 0 1 6 1.34588e+06 31.6326 27695.6 1.04207 5.51488e+06 1.34588e+06 ZonesAtSurface
630.5 1623.82 -28.7873 3 0 1 7 251411 28.9146 162855 1.01438 1.10723e+07 251411 ZonesAtSurface
680.305 1623.81 46.1639 1 0 1 6 916416 22.9137 111739 1.03004 5.52702e+06 916416 ZonesAtSurface
730.179 1623.75 171.078 10 10 2 4 1.53883e+06 27.1502 76851.6 1.2553 4.15349e+06 1.53883e+06 ZonesAtSurface
780.253 1623.75 146.068 7 0 1 5 1.53575e+06 19.574 186947 1.02055 4.50882e+06 1.53575e+06 ZonesAtSurface
830.297 1623.75 171.037 8 0 1 5 1.6675e+06 28.2601 122355 1.0049 6.47294e+06 1.6675e+06 ZonesAtSurface
880.336 1623.74 196.015 5 0 1 5 367045 44.6961 159857 1.01036 8.04772e+06 367045 ZonesAtSurface
930.399 1623.75 170.999 0 0 1 6 644719 22.097 149363 1.00241 6.10921e+06 644719 ZonesAtSurface
980.424 1623.72 245.973 6 0 1 5 1.84495e+06 17.6407 118827 1.00668 6.49386e+06 1.84495e+06 ZonesAtSurface
1030.47 1623.72 320.96 5 5 2 4 107940 20.1547 56521.3 1.11367 332614 107940 ZonesAtSurface
1080.52 1623.72 295.936 5 0 1 5 1.35876e+06 37.3216 176274 1.0231 7.47005e+06 1.35876e+06 ZonesAtSurface
1130.58 1623.74 270.917 3 0 1 6 176912 29.92 117361 1.00541 6.16766e+06 176912 ZonesAtSurface
1180.64 1623.74 295.897 0 0 1 6 531078 25.6106 81777.5 1.00632 6.23576e+06 531078 ZonesAtSurface
1230.7 1623.71 370.87 6 0 1 5 1.18449e+06 26.5786 138998 1.0159 6.77904e+06 1.18449e+06 ZonesAtSurface
1280.79 1623.61 495.806 1 1 2 3 1.01086e+06 39.5132 167133 1.24589 3.31958e+06 1.01086e+06 ZonesAtSurface
1330.85 1623.64 470.803 0 0 1 4 1.49856e+06 17.709 105936 1.02405 5.34304e+06 1.49856e+06 ZonesAtSurface
1380.93 1623.63 495.777 5 3 1 4 1.57118e+06 16.0742 25609.1 1.02017 4.12761e+06 1.57118e+06 ZonesAtSurface
1431.03 1623.58 570.73 4 4 1 3 984273 23.3449 105361 1.09029 2.68724e+06 984273 ZonesAtSurface
1481.12 1623.59 595.711 4 10 1 3 1.57698e+06 16.1409 151377 1.86414 2.23978e+06 1.57698e+06 ZonesAtSurface
1531.16 1623.74 420.797 0 0 1 7 454837 22.8746 26082.7 1.02675 3.67455e+06 454837 ZonesAtSurface
1581.23 1623.76 395.835 10 0 1 8 545459 34.9904 166709 1.07871 4.10574e+06 545459 ZonesAtSurface
1631.29 1623.76 370.849 10 0 1 9 606111 34.2663 40886.2 1.00817 4.37991e+06 606111 ZonesAtSurface
1681.37 1623.75 295.87 1 0 1 11 1.26304e+06 43.8792 176222 1.38538 1.12594e+07 1.26304e+06 ZonesAtSurface
1731.42 1623.74 370.914 10 8 1 10 1.45438e+06 44.2256 181574 1.42332 4.83614e+06 1.45438e+06 ZonesAtSurface
1781.53 1623.73 295.915 9 0 1 12 1.48e+06 25.6292 84881.6 1.00693 6.96163e+06 1.48e+06 ZonesAtSurface
1831.6 1623.68 220.936 0 0 1 14 520221 44.6422 58898.3 1.38241 1.36062e+07 520221 ZonesAtSurface
1881.67 1623.64 245.96 10 0 1 14 1.53948e+06 35.8179 99305.3 1.08475 9.62119e+06 1.53948e+06 ZonesAtSurface
1931.71 1623.61 320.991 0 10 2 13 1.37183e+06 32.4534 162301 2.23212 2.1023e+06 1.37183e+06 ZonesAtSurface
1981.84 1623.57 295.994 0 4 2 14 1.2615e+06 33.1055 90369.8 1.26127 3.72044e+06 1.2615e+06 ZonesAtSurface
2031.96 1623.5 308.493 5 8 1 13 1.83001e+06 20.7852 167722 1.33218 3.92753e+06 1.83001e+06 ZonesAtSurface
2081.99 1623.49 208.543 5 0 1 13 1.01333e+06 39.5208 144120 1.31601 9.13305e+06 1.01333e+06 ZonesAtSurface
2131.97 1623.49 108.575 5 0 1 13 266161 28.0489 164720 1.06195 7.13677e+06 266161 ZonesAtSurface
2181.96 1623.5 58.5943 8 0 1 12 501646 38.4407 96707.9 1.7234 1.11684e+07 501646 ZonesAtSurface
2231.86 1623.49 -41.4182 0 0 1 12 330174 32.7491 21872.3 3.65035 8.33122e+06 330174 ZonesAtSurface
2281.84 1623.51 -41.3933 6 0 1 10 1.37985e+06 29.6904 106139 1.67851 1.11495e+07 1.37985e+06 ZonesAtSurface
2331.8 1623.54 -41.3581 51 0 1 8 1.0183e+06 26.7706 174406 2.45283 4.42636e+06 1.0183e+06 ZonesAtSurface
2381.66 1623.59 -41.2877 61 0 1 6 960330 43.303 91552.5 2.64366 7.3442e+06 960330 ZonesAtSurface
2431.52 1623.66 -41.3117 81 9 1 4 1.21048e+06 39.8192 167576 3.6935 3.79962e+06 1.21048e+06 ZonesAtSurface
2481.3 1623.74 -41.3127 100 31 1 2 1.4535e+06 44.404 92457.6 1.75363 5.61119e+06 1.4535e+06 ZonesAtSurface
2531.43 1623.7 -171.38 0 0 0 0 1.22285e+06 41.1526 82576.3 3.68753 1.41748e+07 1.22285e+06 ZonesAtSurface
2581.22 1623.79 -31.256 131 18 1 2 602846 21.342 101367 1.2443 3.14104e+06 602846 ZonesAtSurface
2631.17 1623.81 -41.2129 104 14 1 3 1.38874e+06 43.2023 74002.6 2.07102 6.88671e+06 1.38874e+06 ZonesAtSurface
2681.08 1623.85 -1.10924 36 84 1 3 1.73744e+06 36.427 60616.8 1.64779 4.42753e+06 1.73744e+06 ZonesAtSurface
2731.1 1623.83 -11.0955 86 24 1 4 1.44088e+06 30.6238 156393 1.29531 4.90392e+06 1.44088e+06 ZonesAtSurface
2781.05 1623.84 -21.0919 100 0 1 5 590347 19.2231 155216 1.18306 2.13792e+06 590347 ZonesAtSurface
2831.02 1623.84 -31.1204 90 6 1 6 1.2025e+06 17.934 131614 1.071 3.73724e+06 1.2025e+06 ZonesAtSurface
2880.98 1623.85 -41.1507 52 0 1 7 111738 43.6667 117063 1.09687 5.67634e+06 111738 ZonesAtSurface
2930.9 1623.87 -1.12423 77 4 1 7 441604 25.0472 127937 1.84629 822501 441604 ZonesAtSurface
2980.88 1623.86 -11.1861 44 0 1 8 176653 15.7252 71467.3 0.945683 1.17748e+06 176653 ZonesAtSurface
3030.87 1623.84 -21.246 22 0 1 9 1.62415e+06 26.443 132000 1.01027 5.95778e+06 1.62415e+06 ZonesAtSurface
3080.88 1623.83 -31.3153 6 0 1 10 1.16022e+06 43.3005 14054 1.05107 1.39534e+07 1.16022e+06 ZonesAtSurface
3130.73 1623.86 58.6284 7 6 2 9 580635 30.949 162880 0 1.62774e+06 580635 ZonesAtSurface
3180.74 1623.86 98.5953 3 5 2 9 583701 36.5892 62072.3 1.25031 1.98332e+06 583701 ZonesAtSurface
3230.77 1623.84 138.565 0 10 2 9 1.72163e+06 44.4401 153565 1.60418 5.44e+06 1.72163e+06 ZonesAtSurface
3280.86 1623.83 128.539 5 0 1 10 1.34301e+06 20.1191 143334 1.05047 4.86753e+06 1.34301e+06 ZonesAtSurface
3330.93 1623.82 118.515 3 0 1 11 1.25409e+06 23.0269 103766 1.00361 8.3998e+06 1.25409e+06 ZonesAtSurface
3380.95 1623.82 208.486 7 0 1 10 1.20641e+06 39.1745 15254.2 1.06561 7.55542e+06 1.20641e+06 ZonesAtSurface
3431.05 1623.8 148.475 0 0 1 12 1.01447e+06 39.0808 134973 1.31666 1.09858e+07 1.01447e+06 ZonesAtSurface
3481.08 1623.79 238.443 9 0 1 11 828266 15.4827 11546.1 1.02738 3.35135e+06 828266 ZonesAtSurface
3531.16 1623.79 278.419 9 0 1 11 1.50982e+06 26.1524 91119.6 1.0778 5.64064e+06 1.50982e+06 ZonesAtSurface
3581.24 1623.78 268.401 4 0 1 12 1.80512e+06 43.5021 145314 1.01484 1.11429e+07 1.80512e+06 ZonesAtSurface
3631.34 1623.77 258.403 3 0 1 13 1.04033e+06 32.8822 177629 1.01181 1.03623e+07 1.04033e+06 ZonesAtSurface
3681.41 1623.75 298.379 6 0 1 13 1.14581e+06 24.6406 13101.9 1.00687 8.75451e+06 1.14581e+06 ZonesAtSurface
3731.49 1623.75 338.349 6 0 1 13 1.10582e+06 18.0001 100855 1.01224 4.49946e+06 1.10582e+06 ZonesAtSurface
3781.56 1623.75 438.275 1 1 2 11 1.50275e+06 38.2752 21042.5 1.06644 5.83616e+06 1.50275e+06 ZonesAtSurface
3831.68 1623.73 498.206 4 9 1 9 1.83011e+06 38.2023 86638.3 1.34627 5.42294e+06 1.83011e+06 ZonesAtSurface
3881.81 1623.72 458.236 6 0 1 9 1.47153e+06 25.3965 25492.1 1.02147 5.01682e+06 1.47153e+06 ZonesAtSurface
3931.94 1623.71 468.222 4 0 1 8 677274 19.0519 183489 1.04196 3.18037e+06 677274 ZonesAtSurface
3982.02 1623.67 528.186 3 3 2 6 1.59418e+06 22.8572 53364.7 1.05711 4.59257e+06 1.59418e+06 ZonesAtSurface
4032.11 1623.66 538.214 2 4 2 5 526686 43.9624 69045.1 2.45613 1.07039e+06 526686 ZonesAtSurface
4082.21 1623.67 498.276 0 4 2 5 1.72679e+06 25.6519 165299 1.25955 4.25622e+06 1.72679e+06 ZonesAtSurface
4132.26 1623.68 508.315 0 7 2 4 1.59781e+06 41.6164 171750 2.34214 3.02965e+06 1.59781e+06 ZonesAtSurface
4182.35 1623.7 368.396 4 0 1 6 1.76939e+06 32.6482 22300.6 1.02181 6.96124e+06 1.76939e+06 ZonesAtSurface
4232.41 1623.7 328.447 6 0 1 6 126773 30.8341 111306 1.02182 3.3554e+06 126773 ZonesAtSurface
4282.43 1623.72 238.49 5 0 1 7 1.04218e+06 30.3438 118903 0.987048 6.94039e+06 1.04218e+06 ZonesAtSurface
4332.48 1623.7 248.525 5 0 1 6 1.1569e+06 37.2147 124962 1.02959 4.35393e+06 1.1569e+06 ZonesAtSurface
4382.51 1623.72 208.554 10 0 1 6 1.86619e+06 21.8917 81656.3 1.00698 6.00066e+06 1.86619e+06 ZonesAtSurface
4432.54 1623.74 168.581 8 0 1 6 272091 30.3163 12324.2 1.07483 3.96563e+06 272091 ZonesAtSurface
4482.46 1623.76 28.6229 1 0 1 8 643981 16.4427 151287 1.01263 5.8204e+06 643981 ZonesAtSurface
4532.41 1623.77 -11.343 4 0 1 8 1.28866e+06 42.8552 115963 1.19228 1.54742e+07 1.28866e+06 ZonesAtSurface
4582.4 1623.79 -1.26767 42 11 1 7 1.44361e+06 30.1899 18697.2 1.47712 4.18625e+06 1.44361e+06 ZonesAtSurface
4632.31 1623.78 -41.2619 56 0 1 7 1.72029e+06 16.367 152249 1.08588 6.72768e+06 1.72029e+06 ZonesAtSurface
4682.04 1623.78 -31.1594 67 0 1 6 908239 28.3484 179233 1.1602 2.94835e+06 908239 ZonesAtSurface
4731.88 1623.78 -21.1353 77 17 1 5 1.0765e+06 41.4012 175032 1.40536 3.46418e+06 1.0765e+06 ZonesAtSurface
4781.84 1623.78 -11.1257 71 55 1 4 1.50063e+06 32.6376 53391.4 1.14011 4.81135e+06 1.50063e+06 ZonesAtSurface
4831.81 1623.79 -1.1237 114 57 1 3 1.29661e+06 19.7662 137618 1.15008 3.27631e+06 1.29661e+06 ZonesAtSurface
4881.68 1623.82 8.91285 97 79 1 2 1.28154e+06 38.5625 127887 1.57137 4.26487e+06 1.28154e+06 ZonesAtSurface
4931.71 1623.86 18.9131 126 71 1 1 484132 17.1844 37473 1.1031 1.55192e+06 484132 ZonesAtSurface
81.8047 1673.95 -2.4763 149 0 1 1 276792 17.7114 129471 1.2364 1.37638e+06 276792 ZonesAtSurface
131.581 1673.9 -27.4795 123 0 1 2 1.446e+06 25.5466 39955.5 1.02616 7.09208e+06 1.446e+06 ZonesAtSurface
181.414 1673.91 -2.362 130 66 1 2 1.66771e+06 21.1756 70064.4 1.19995 4.42229e+06 1.66771e+06 ZonesAtSurface
231.266 1673.86 -27.442 121 0 1 3 652179 26.8894 156042 1.01414 5.15722e+06 652179 ZonesAtSurface
281.131 1673.87 -2.38701 111 89 1 3 1.89558e+06 19.3206 38898.7 1.52367 3.69165e+06 1.89558e+06 ZonesAtSurface
331.055 1673.84 -27.4467 119 0 1 4 1.10609e+06 15.455 104952 1.02638 4.81198e+06 1.10609e+06 ZonesAtSurface
380.929 1673.84 -2.45537 113 0 1 4 766770 34.744 108352 1.45475 2.79813e+06 766770 ZonesAtSurface
430.836 1673.83 -27.5342 76 0 1 5 451711 35.6418 158539 1.06822 7.29803e+06 451711 ZonesAtSurface
480.741 1673.83 -2.50788 65 0 1 5 804568 35.5154 49032.2 1.61226 2.77716e+06 804568 ZonesAtSurface
530.621 1673.82 -27.6497 49 0 1 6 613671 20.6144 87211.5 1.02465 4.60738e+06 613671 ZonesAtSurface
580.495 1673.82 -2.68126 23 0 1 6 574316 23.8254 188530 1.15537 3.85449e+06 574316 ZonesAtSurface
630.505 1673.8 -27.7739 19 0 1 7 952794 20.6779 152338 1.0496 1.0157e+07 952794 ZonesAtSurface
680.424 1673.79 -2.81448 3 0 1 7 1.04267e+06 35.2084 156350 1.04174 1.15986e+07 1.04267e+06 ZonesAtSurface
730.214 1673.76 122.09 4 0 1 5 765617 41.4357 127438 1.21612 4.63876e+06 765617 ZonesAtSurface
780.237 1673.72 197.051 1 7 1 4 1.33478e+06 41.4934 122230 1.33344 4.25392e+06 1.33478e+06 ZonesAtSurface
830.278 1673.69 222.028 2 4 2 4 1.81142e+06 28.3984 85050.4 1.37529 4.51874e+06 1.81142e+06 ZonesAtSurface
880.338 1673.7 197.012 3 0 1 5 1.49681e+06 27.137 112129 1.00876 7.82327e+06 1.49681e+06 ZonesAtSurface
930.385 1673.68 221.988 3 0 1 5 1.10712e+06 17.4485 142571 1.00753 5.44898e+06 1.10712e+06 ZonesAtSurface
980.431 1673.68 246.969 4 0 1 5 988335 37.591 152438 1.03621 8.21857e+06 988335 ZonesAtSurface
1030.48 1673.68 271.951 8 0 1 5 1.34398e+06 44.1257 124919 1.27226 1.08053e+07 1.34398e+06 ZonesAtSurface
1080.53 1673.7 246.934 0 0 1 6 1.01625e+06 24.4969 80401.9 1.00293 8.02312e+06 1.01625e+06 ZonesAtSurface
1130.57 1673.67 321.91 3 0 1 5 563794 36.8581 149265 1.02944 4.95117e+06 563794 ZonesAtSurface
1180.63 1673.67 346.888 2 0 1 5 137846 39.8126 165374 1.02322 6.5702e+06 137846 ZonesAtSurface
1230.73 1673.59 471.844 9 1 1 3 1.08952e+06 29.275 121332 1.14783 3.09661e+06 1.08952e+06 ZonesAtSurface
1280.8 1673.59 496.812 2 0 2 3 218162 36.6996 30307.8 1.08196 1.41857e+06 218162 ZonesAtSurface
1330.87 1673.58 521.783 2 0 2 3 156172 28.6548 91270.2 1.02823 1.05077e+06 156172 ZonesAtSurface
1380.94 1673.57 546.753 0 1 2 3 1.71696e+06 19.0927 135315 1.21548 3.87503e+06 1.71696e+06 ZonesAtSurface
1431.05 1673.53 621.711 3 9 2 2 1.08983e+06 44.1989 127458 1.46347 3.26527e+06 1.08983e+06 ZonesAtSurface
1481.11 1673.59 546.738 6 0 1 4 207820 41.8849 152311 0.987133 2.65931e+06 207820 ZonesAtSurface
1531.17 1673.67 471.772 1 1 1 6 1.33155e+06 20.351 80879.6 1.06839 3.55484e+06 1.33155e+06 ZonesAtSurface
1581.21 1673.72 346.827 6 0 1 9 153522 38.823 150107 1.03803 8.59314e+06 153522 ZonesAtSurface
1631.28 1673.72 321.841 3 0 1 10 502039 17.4755 137900 1.0382 2.95901e+06 502039 ZonesAtSurface
1681.33 1673.72 396.878 5 8 1 9 1.69875e+06 15.5763 47881.3 3.32543 1.53695e+06 1.69875e+06 ZonesAtSurface
1731.42 1673.74 371.909 5 4 2 10 1.14267e+06 30.1979 179481 2.60885 1.59037e+06 1.14267e+06 ZonesAtSurface
1781.51 1673.7 296.916 8 0 1 12 1.04078e+06 43.3512 124246 1.0265 8.13312e+06 1.04078e+06 ZonesAtSurface
1831.59 1673.65 221.936 4 0 1 14 1.62418e+06 19.9276 169807 1.01313 9.40647e+06 1.62418e+06 ZonesAtSurface
1881.66 1673.62 246.958 9 0 1 14 561305 26.9473 74033.5 1.06162 8.84041e+06 561305 ZonesAtSurface
1931.73 1673.59 221.982 2 0 1 15 1.40947e+06 22.388 40660.4 1.09747 8.28079e+06 1.40947e+06 ZonesAtSurface
1981.81 1673.55 247.001 5 0 1 15 1.74207e+06 41.1443 75641.4 1.00882 8.59671e+06 1.74207e+06 ZonesAtSurface
2031.93 1673.5 309.497 8 6 1 13 1.79372e+06 28.2681 66490.3 1.31958 4.49719e+06 1.79372e+06 ZonesAtSurface
2081.95 1673.48 209.542 0 0 1 13 712900 39.9126 104450 1.10672 6.91442e+06 712900 ZonesAtSurface
2131.89 1673.46 59.5601 0 0 1 14 232390 40.0094 119610 2.67308 1.04516e+07 232390 ZonesAtSurface
2181.87 1673.46 9.56684 0 0 1 13 1.56122e+06 27.9811 115385 2.65524 1.05834e+07 1.56122e+06 ZonesAtSurface
2231.89 1673.48 9.59636 10 0 1 11 731524 34.4296 153687 1.55327 9.52115e+06 731524 ZonesAtSurface
2281.83 1673.48 -40.4116 5 0 1 10 869691 31.0532 67328.2 1.87063 1.13378e+07 869691 ZonesAtSurface
2331.79 1673.51 -40.366 42 0 1 8 244155 15.7705 129218 2.01383 1.68274e+06 244155 ZonesAtSurface
2381.61 1673.58 -40.3079 58 2 1 6 1.36477e+06 38.7788 94311.3 1.56754 6.12707e+06 1.36477e+06 ZonesAtSurface
2431.49 1673.66 -40.3026 93 14 1 4 575738 22.9293 116828 2.52158 1.65688e+06 575738 ZonesAtSurface
2481.53 1673.6 -240.469 0 0 0 0 671561 27.1262 116496 2.417 1.35129e+07 671561 ZonesAtSurface
2531.37 1673.71 -120.378 8 0 0 0 508563 37.3494 46191.7 4.50709 7.78995e+06 508563 ZonesAtSurface
2581.32 1673.76 -80.338 0 0 0 0 1.87181e+06 43.7432 100869 5.63957 6.70172e+06 1.87181e+06 ZonesAtSurface
2631.28 1673.8 -40.2842 93 0 1 3 794475 33.7089 108311 1.76331 1.08463e+07 794475 ZonesAtSurface
2681.16 1673.89 -0.147629 94 37 1 3 1.23052e+06 33.3708 11561.5 1.6795 4.9236e+06 1.23052e+06 ZonesAtSurface
2731.12 1673.83 -10.117 85 0 1 4 530337 43.7197 41694.5 2.06919 3.5969e+06 530337 ZonesAtSurface
2781.07 1673.82 -20.1007 102 0 1 5 363810 27.15 146727 1.13823 2.47925e+06 363810 ZonesAtSurface
2831.05 1673.82 -30.1264 95 14 1 6 1.64494e+06 20.7107 163828 1.10811 4.41184e+06 1.64494e+06 ZonesAtSurface
2881.01 1673.84 -40.1496 51 0 1 7 924998 38.8881 189714 1.15248 5.54844e+06 924998 ZonesAtSurface
2930.92 1673.88 -0.126339 80 29 1 7 1.55086e+06 37.688 26364 2.65919 2.59177e+06 1.55086e+06 ZonesAtSurface
2980.9 1673.86 -10.201 50 0 1 8 1.10632e+06 22.8452 57648.5 0.99596 3.27781e+06 1.10632e+06 ZonesAtSurface
3030.9 1673.83 -20.2528 19 0 1 9 1.79847e+06 22.4351 122214 1.00544 6.64004e+06 1.79847e+06 ZonesAtSurface
3080.9 1673.82 -30.3095 16 0 1 10 599578 23.1844 86468.2 1.04744 7.72789e+06 599578 ZonesAtSurface
3130.92 1673.81 -40.3587 7 0 1 11 1.80254e+06 18.3675 143459 1.02445 1.00441e+07 1.80254e+06 ZonesAtSurface
3180.89 1673.81 -0.384888 4 0 1 11 1.76891e+06 16.9861 177929 0.989007 6.50177e+06 1.76891e+06 ZonesAtSurface
3230.83 1673.82 89.5731 7 0 1 10 275925 20.4522 57980.5 1.02409 2.2434e+06 275925 ZonesAtSurface
3280.84 1673.81 179.522 4 0 2 9 178131 42.7709 75248.6 1.20375 1.13266e+06 178131 ZonesAtSurface
3330.9 1673.8 219.5 4 0 2 9 800969 40.5303 77686.1 1.44089 3.35085e+06 800969 ZonesAtSurface
3380.96 1673.8 259.483 8 1 2 9 168184 43.7216 31926.8 1.65248 646483 168184 ZonesAtSurface
3431.04 1673.78 199.465 5 0 1 11 1.10788e+06 21.1777 48639.3 1.03903 5.49964e+06 1.10788e+06 ZonesAtSurface
3481.1 1673.76 239.439 8 0 1 11 457297 37.4115 175474 1.0139 6.45058e+06 457297 ZonesAtSurface
3531.17 1673.75 279.415 10 0 1 11 714237 27.9161 54620.8 1.07564 4.40351e+06 714237 ZonesAtSurface
3581.27 1673.75 269.401 1 0 1 12 398006 26.5935 65188.4 1.01914 6.56167e+06 398006 ZonesAtSurface
3631.34 1673.74 309.395 10 0 1 12 912502 20.2207 19439.9 1.02281 4.26969e+06 912502 ZonesAtSurface
3681.43 1673.72 299.384 1 0 1 13 133227 38.6691 85690.9 1.01989 9.99527e+06 133227 ZonesAtSurface
3731.5 1673.72 339.354 10 0 1 13 975702 38.0227 88937.7 1.0195 6.01085e+06 975702 ZonesAtSurface
3781.56 1673.71 439.274 1 0 2 11 1.37079e+06 30.0852 150388 0.991114 4.53134e+06 1.37079e+06 ZonesAtSurface
3831.7 1673.7 449.254 2 5 1 10 1.45351e+06 40.7535 36795.4 1.00003 6.26884e+06 1.45351e+06 ZonesAtSurface
3881.83 1673.67 509.189 0 1 2 8 1.35742e+06 44.0137 37438.3 1.27977 5.08258e+06 1.35742e+06 ZonesAtSurface
3931.94 1673.67 519.181 10 7 1 7 1.62043e+06 38.2873 10027.4 1.26564 5.36307e+06 1.62043e+06 ZonesAtSurface
3982.02 1673.66 529.185 3 3 2 6 677776 20.6917 75287.6 1.116 1.90766e+06 677776 ZonesAtSurface
4032.11 1673.65 539.211 9 9 1 5 1.67037e+06 26.6793 18905.2 1.50459 3.63563e+06 1.67037e+06 ZonesAtSurface
4082.2 1673.66 499.275 3 1 1 5 1.35976e+06 18.1637 39858.4 1.12494 3.38126e+06 1.35976e+06 ZonesAtSurface
4132.24 1673.68 509.322 6 3 2 4 878353 40.0488 70941.7 1.41321 2.70613e+06 878353 ZonesAtSurface
4182.35 1673.67 419.386 6 0 2 5 1.57478e+06 23.1815 146240 1.17709 4.6958e+06 1.57478e+06 ZonesAtSurface
4232.4 1673.67 329.443 5 0 1 6 486299 20.9062 131450 1.02748 2.59124e+06 486299 ZonesAtSurface
4282.45 1673.66 339.491 8 0 2 5 419621 43.9932 154989 1.51683 2.4477e+06 419621 ZonesAtSurface
4332.48 1673.69 249.52 1 0 2 6 841566 37.8599 29795.1 1.01479 5.2481e+06 841566 ZonesAtSurface
4382.49 1673.71 159.551 1 0 1 7 712538 24.7173 121597 0.990309 5.63566e+06 712538 ZonesAtSurface
4432.56 1673.71 219.564 0 6 2 5 1.04257e+06 20.8441 127049 1.31118 2.26394e+06 1.04257e+06 ZonesAtSurface
4482.46 1673.73 29.6247 0 0 1 8 1.78052e+06 36.5042 101002 1.09362 1.10444e+07 1.78052e+06 ZonesAtSurface
4532.42 1673.74 -10.335 20 0 1 8 1.61663e+06 23.5967 137023 1.03989 1.01494e+07 1.61663e+06 ZonesAtSurface
4582.35 1673.78 -0.235665 49 9 1 7 876225 27.8317 41535 1.45093 2.30613e+06 876225 ZonesAtSurface
4632.29 1673.75 -40.2451 56 0 1 7 847634 22.0672 131205 1.08549 4.83795e+06 847634 ZonesAtSurface
4682.02 1673.74 -30.1608 60 0 1 6 489131 33.9651 37540.1 1.14745 1.77391e+06 489131 ZonesAtSurface
4731.84 1673.73 -20.1368 86 1 1 5 359087 27.4094 43735 1.12464 1.06107e+06 359087 ZonesAtSurface
4781.8 1673.75 -10.1351 72 55 1 4 1.5014e+06 39.8776 119117 1.10973 5.57541e+06 1.5014e+06 ZonesAtSurface
4831.8 1673.77 -0.131342 105 50 1 3 1.04808e+06 40.6773 124540 1.06958 4.09609e+06 1.04808e+06 ZonesAtSurface
4881.61 1673.81 9.9248 103 87 1 2 1.56071e+06 25.418 35821.2 1.27567 4.157e+06 1.56071e+06 ZonesAtSurface
4931.6 1673.85 19.9357 77 102 1 1 1.36803e+06 41.7953 71868.7 1.40967 4.82986e+06 1.36803e+06 ZonesAtSurface
81.8083 1723.95 -1.4951 136 11 1 1 636223 23.9731 40945.3 1.15525 2.01993e+06 636223 ZonesAtSurface
131.573 1723.89 -26.4871 135 0 1 2 1.55581e+06 16.1771 74961.8 1.01584 6.03992e+06 1.55581e+06 ZonesAtSurface
181.407 1723.9 -1.38273 131 34 1 2 786751 18.9935 136025 1.09156 2.11654e+06 786751 ZonesAtSurface
231.276 1723.86 -26.4429 116 0 1 3 125206 34.8992 179483 1.03837 6.86084e+06 125206 ZonesAtSurface
281.13 1723.87 -1.39625 121 77 1 3 1.79939e+06 22.856 139765 1.63131 3.57133e+06 1.79939e+06 ZonesAtSurface
331.052 1723.82 -26.4507 88 0 1 4 935143 41.8774 85150.5 1.03755 7.66434e+06 935143 ZonesAtSurface
380.929 1723.82 -1.45071 116 27 1 4 825664 18.3937 17783.2 1.24723 2.00503e+06 825664 ZonesAtSurface
430.829 1723.81 -26.5415 78 0 1 5 946995 35.8557 90176.8 1.04485 7.23427e+06 946995 ZonesAtSurface
480.731 1723.82 -1.52593 69 0 1 5 716670 22.0407 49279.9 1.22304 2.27539e+06 716670 ZonesAtSurface
530.644 1723.8 -26.635 52 0 1 6 508979 24.6625 24760.5 1.04185 5.55862e+06 508979 ZonesAtSurface
580.535 1723.8 -1.63391 44 3 1 6 1.00287e+06 33.7719 44151.6 1.48363 3.09498e+06 1.00287e+06 ZonesAtSurface
630.509 1723.77 -26.7492 24 0 1 7 296559 18.8909 157130 1.06308 6.8539e+06 296559 ZonesAtSurface
680.407 1723.76 -1.80594 14 0 1 7 1.85152e+06 28.8257 181632 1.00277 9.23866e+06 1.85152e+06 ZonesAtSurface
730.248 1723.74 73.1114 8 0 1 6 938942 20.1536 128514 1.00386 3.85348e+06 938942 ZonesAtSurface
780.247 1723.71 198.051 7 0 2 4 170092 43.7457 56510.1 1.23029 3.09824e+06 170092 ZonesAtSurface
830.291 1723.68 173.033 0 0 1 5 1.29864e+06 33.6613 88041.7 1.04386 6.44409e+06 1.29864e+06 ZonesAtSurface
880.342 1723.66 198.006 3 0 1 5 554470 20.907 48081.9 1.00269 4.5877e+06 554470 ZonesAtSurface
930.377 1723.62 272.988 7 0 1 4 1.88279e+06 42.0727 147619 1.01164 8.73846e+06 1.88279e+06 ZonesAtSurface
980.427 1723.64 247.966 3 0 1 5 1.46419e+06 27.7373 41271.1 1.01672 9.76493e+06 1.46419e+06 ZonesAtSurface
1030.47 1723.64 272.948 6 0 1 5 949275 25.5071 79115.1 1.03337 7.671e+06 949275 ZonesAtSurface
1080.52 1723.63 297.927 3 0 1 5 943339 36.2991 165068 1.00563 9.06464e+06 943339 ZonesAtSurface
1130.57 1723.59 372.906 6 0 1 4 860565 34.5018 79684.5 1.00979 6.89521e+06 860565 ZonesAtSurface
1180.65 1723.56 447.876 3 2 2 3 734615 19.0061 76971.4 1.21109 1.75244e+06 734615 ZonesAtSurface
1230.76 1723.55 522.839 0 7 2 2 752108 27.6743 177545 1.5493 1.47717e+06 752108 ZonesAtSurface
1280.79 1723.58 497.816 0 0 2 3 1.33225e+06 30.9501 170440 1.62282 2.70463e+06 1.33225e+06 ZonesAtSurface
1330.86 1723.58 522.787 0 2 2 3 1.27412e+06 44.0128 10332.8 1.38005 4.35857e+06 1.27412e+06 ZonesAtSurface
1380.97 1723.55 597.74 0 7 2 2 1.28235e+06 38.7273 91951 2.80262 1.81917e+06 1.28235e+06 ZonesAtSurface
1431.01 1723.54 572.725 0 1 2 3 1.13754e+06 38.7645 166570 1.49753 2.83603e+06 1.13754e+06 ZonesAtSurface
1481.11 1723.53 597.701 0 5 2 3 1.54995e+06 28.0731 127289 1.54968 3.23782e+06 1.54995e+06 ZonesAtSurface
1531.18 1723.59 522.741 7 7 2 5 1.05238e+06 39.605 140831 1.34305 3.303e+06 1.05238e+06 ZonesAtSurface
1581.19 1723.68 347.825 1 0 1 9 1.12237e+06 37.8359 126323 1.02058 9.84058e+06 1.12237e+06 ZonesAtSurface
1631.26 1723.69 422.858 8 5 2 8 653919 38.0799 153293 2.79864 999421 653919 ZonesAtSurface
1681.35 1723.7 347.873 9 0 1 10 1.80101e+06 31.0218 45481.9 1.03767 7.58774e+06 1.80101e+06 ZonesAtSurface
1731.42 1723.68 272.888 7 0 1 12 868309 31.285 33408.6 1.04633 8.11121e+06 868309 ZonesAtSurface
1781.48 1723.67 297.923 9 0 1 12 1.57843e+06 44.6643 23896.9 1.06676 1.05752e+07 1.57843e+06 ZonesAtSurface
1831.57 1723.62 222.936 0 0 1 14 562072 20.1423 88833.7 1.01409 6.97753e+06 562072 ZonesAtSurface
1881.63 1723.6 297.972 6 2 1 13 1.49115e+06 27.898 52011.4 1.30318 3.91299e+06 1.49115e+06 ZonesAtSurface
1931.7 1723.58 322.986 10 6 1 13 577091 38.6221 87727.8 3.03267 807626 577091 ZonesAtSurface
1981.8 1723.54 297.992 3 4 2 14 422876 28.0792 34215.2 1.24652 1.16718e+06 422876 ZonesAtSurface
2031.88 1723.49 260.511 8 1 1 14 906319 21.2673 95314.4 1.10158 2.41985e+06 906319 ZonesAtSurface
2081.93 1723.46 210.537 10 0 1 13 176818 29.6334 149914 1.04383 4.25644e+06 176818 ZonesAtSurface
2131.91 1723.44 110.558 7 0 1 13 1.83477e+06 16.2483 183009 1.05331 7.66803e+06 1.83477e+06 ZonesAtSurface
2181.9 1723.43 60.5718 7 0 1 12 1.21175e+06 17.238 126636 1.18808 6.60089e+06 1.21175e+06 ZonesAtSurface
2231.86 1723.45 10.5793 9 0 1 11 558259 26.1217 50766 1.27076 8.28071e+06 558259 ZonesAtSurface
2281.81 1723.46 -39.4257 12 0 1 10 1.22374e+06 17.276 171855 1.30314 9.81629e+06 1.22374e+06 ZonesAtSurface
2331.76 1723.48 -39.387 25 0 1 8 1.59785e+06 42.818 149679 3.43892 5.49324e+06 1.59785e+06 ZonesAtSurface
2381.63 1723.58 -39.3327 49 0 1 6 157331 40.1081 135166 1.34748 6.79054e+06 157331 ZonesAtSurface
2431.44 1723.67 -39.3059 60 31 1 4 1.26756e+06 42.7418 26515.8 3.06413 3.71214e+06 1.26756e+06 ZonesAtSurface
2481.52 1723.57 -239.482 0 0 0 0 1.58708e+06 22.3498 100838 2.39568 1.16145e+07 1.58708e+06 ZonesAtSurface
2531.38 1723.68 -119.401 0 0 0 0 365474 34.5168 167208 2.76976 1.05468e+07 365474 ZonesAtSurface
2581.37 1723.71 -129.382 0 0 0 0 1.19894e+06 37.7148 49423.7 4.06086 9.06115e+06 1.19894e+06 ZonesAtSurface
2631.35 1723.75 -89.3607 0 0 0 0 240740 42.5339 99687.5 6.02792 6.28996e+06 240740 ZonesAtSurface
2681.27 1723.79 -49.2735 76 0 1 4 138241 37.6067 148106 2.14338 8.67397e+06 138241 ZonesAtSurface
2731.13 1723.81 -9.14434 99 39 1 4 904227 26.707 150734 1.77286 2.38755e+06 904227 ZonesAtSurface
2781.11 1723.8 -19.1353 96 30 1 5 943571 36.7458 154534 1.22121 4.01995e+06 943571 ZonesAtSurface
2831.09 1723.81 -29.1281 89 0 1 6 199146 32.3137 156300 1.03876 3.31893e+06 199146 ZonesAtSurface
2881.05 1723.83 -39.1493 65 0 1 7 1.01507e+06 40.9899 158987 1.101 6.66029e+06 1.01507e+06 ZonesAtSurface
2931 1723.82 -49.1981 72 0 1 8 220274 18.8423 60510.1 1.01662 3.99267e+06 220274 ZonesAtSurface
2980.91 1723.84 -9.20152 62 0 1 8 595494 32.2662 131043 1.18001 2.15742e+06 595494 ZonesAtSurface
3030.93 1723.82 -19.243 27 0 1 9 1.37226e+06 16.6126 130721 1.03694 5.12718e+06 1.37226e+06 ZonesAtSurface
3080.92 1723.81 -29.2941 14 0 1 10 442842 35.0092 151435 1.03514 8.79896e+06 442842 ZonesAtSurface
3130.93 1723.79 -39.3555 10 0 1 11 1.08906e+06 38.388 160404 1.15854 1.43015e+07 1.08906e+06 ZonesAtSurface
3180.9 1723.79 0.613575 10 0 1 11 613076 22.5681 75092 0.991852 6.35755e+06 613076 ZonesAtSurface
3230.9 1723.79 40.5766 6 0 1 11 1.78292e+06 44.5775 129160 1.09828 1.1665e+07 1.78292e+06 ZonesAtSurface
3280.88 1723.79 130.531 9 0 1 10 834110 36.5441 165523 1.02274 7.23496e+06 834110 ZonesAtSurface
3330.96 1723.78 120.511 6 0 1 11 1.43319e+06 19.7217 21326.2 1.00933 7.0259e+06 1.43319e+06 ZonesAtSurface
3381 1723.77 160.486 1 0 1 11 973353 36.4312 118082 1.00842 8.30296e+06 973353 ZonesAtSurface
3431.05 1723.76 200.465 2 0 1 11 338093 27.7587 58586.7 1.02244 4.78792e+06 338093 ZonesAtSurface
3481.11 1723.74 290.433 5 0 1 10 229344 40.4194 36127.9 1.08195 3.27769e+06 229344 ZonesAtSurface
3531.18 1723.73 280.407 8 0 1 11 499036 21.733 95418.4 1.09993 3.51274e+06 499036 ZonesAtSurface
3581.29 1723.72 270.402 2 0 1 12 1.68403e+06 30.9561 131286 1.02257 8.40472e+06 1.68403e+06 ZonesAtSurface
3631.32 1723.71 360.389 9 4 1 11 1.6793e+06 32.2376 188181 2.65919 2.56836e+06 1.6793e+06 ZonesAtSurface
3681.45 1723.7 300.39 5 0 1 13 1.68547e+06 37.3377 187293 1.09087 1.17777e+07 1.68547e+06 ZonesAtSurface
3731.52 1723.69 340.36 5 0 1 13 1.16394e+06 18.2855 45851.1 1.04368 4.92635e+06 1.16394e+06 ZonesAtSurface
3781.57 1723.68 440.271 3 0 2 11 405783 32.9033 176164 0.959355 1.48798e+06 405783 ZonesAtSurface
3831.7 1723.65 500.196 2 3 2 9 143172 24.8734 168169 1.14169 193538 143172 ZonesAtSurface
3881.84 1723.65 460.226 4 0 1 9 1.75332e+06 38.724 166591 1.00809 8.16227e+06 1.75332e+06 ZonesAtSurface
3931.94 1723.65 470.222 3 0 1 8 472355 39.0457 142090 1.01211 5.48067e+06 472355 ZonesAtSurface
3982.03 1723.64 530.188 4 3 1 6 960157 27.1304 97710.5 1.15043 2.75936e+06 960157 ZonesAtSurface
4032.11 1723.65 540.21 1 0 2 5 1.78871e+06 26.485 68228.8 1.98482 3.50806e+06 1.78871e+06 ZonesAtSurface
4082.19 1723.66 500.276 5 1 2 5 1.3317e+06 42.8703 121906 1.47546 4.40875e+06 1.3317e+06 ZonesAtSurface
4132.29 1723.65 410.351 4 0 1 6 319364 38.2893 45480.2 1.04686 6.14978e+06 319364 ZonesAtSurface
4182.34 1723.64 420.393 7 0 1 5 1.89495e+06 42.9608 95306.8 1.58182 7.08768e+06 1.89495e+06 ZonesAtSurface
4232.4 1723.65 330.441 4 0 1 6 1.4538e+06 21.9805 163989 1.00331 4.35859e+06 1.4538e+06 ZonesAtSurface
4282.44 1723.66 290.484 1 0 1 6 1.05044e+06 43.1299 40823.4 0.994921 5.57898e+06 1.05044e+06 ZonesAtSurface
4332.48 1723.67 250.517 5 0 1 6 1.26863e+06 35.7725 111254 1.00682 5.71675e+06 1.26863e+06 ZonesAtSurface
4382.51 1723.69 210.543 9 0 1 6 793526 41.4304 21379 1.21573 3.86751e+06 793526 ZonesAtSurface
4432.54 1723.72 170.563 6 4 2 6 1.36329e+06 26.4631 32964.1 1.39028 3.34346e+06 1.36329e+06 ZonesAtSurface
4482.4 1723.69 -19.3821 0 0 1 9 173332 39.5359 107981 1.06583 1.23366e+07 173332 ZonesAtSurface
4532.42 1723.7 -9.31928 31 0 1 8 1.18853e+06 25.4881 157803 1.04713 5.25271e+06 1.18853e+06 ZonesAtSurface
4582.34 1723.7 -49.3065 37 0 1 8 860812 15.7623 148174 1.04859 6.76031e+06 860812 ZonesAtSurface
4632.23 1723.71 -39.2271 55 0 1 7 1.1608e+06 18.9384 83769.8 1.17251 4.75663e+06 1.1608e+06 ZonesAtSurface
4681.99 1723.71 -29.1681 61 11 1 6 1.07946e+06 38.8071 54719.3 1.32879 4.07057e+06 1.07946e+06 ZonesAtSurface
4731.88 1723.7 -19.1467 77 9 1 5 674343 25.5701 71103.2 1.04431 2.08585e+06 674343 ZonesAtSurface
4781.81 1723.73 -9.15153 69 48 1 4 1.51981e+06 27.3527 88084.6 1.15457 4.41203e+06 1.51981e+06 ZonesAtSurface
4831.8 1723.76 0.85274 108 68 1 3 1.71955e+06 27.3812 11146.9 1.07363 5.34214e+06 1.71955e+06 ZonesAtSurface
4881.63 1723.8 10.8895 104 82 1 2 1.12695e+06 41.686 170535 1.25611 4.34625e+06 1.12695e+06 ZonesAtSurface
4931.54 1723.83 20.9142 108 84 1 1 426025 36.9273 91417.7 1.23438 1.28885e+06 426025 ZonesAtSurface
81.8156 1774.02 -0.525434 127 20 1 1 133723 30.6078 131968 1.13449 857376 133723 ZonesAtSurface
131.571 1773.88 -25.4753 86 18 1 2 1.45809e+06 43.739 19855.8 1.05254 9.68427e+06 1.45809e+06 ZonesAtSurface
181.386 1773.93 -0.390505 145 10 1 2 697722 24.2213 115342 1.28956 2.39756e+06 697722 ZonesAtSurface
231.263 1773.84 -25.4427 115 0 1 3 390968 21.8944 47981.1 1.06103 3.38728e+06 390968 ZonesAtSurface
281.127 1773.89 -0.407969 127 5 1 3 116681 44.031 96458.1 1.66467 1.70145e+06 116681 ZonesAtSurface
331.034 1773.81 -25.4471 101 0 1 4 1.4907e+06 15.8017 179237 1.03062 4.85616e+06 1.4907e+06 ZonesAtSurface
380.914 1773.83 -0.454149 111 58 1 4 1.81429e+06 27.3302 101724 1.68799 3.91303e+06 1.81429e+06 ZonesAtSurface
430.827 1773.79 -25.5455 82 0 1 5 483384 17.3098 157068 1.03657 3.16374e+06 483384 ZonesAtSurface
480.731 1773.81 -0.543711 87 0 1 5 499948 35.346 179005 1.32384 2.3565e+06 499948 ZonesAtSurface
530.68 1773.78 -25.6092 44 0 1 6 954223 29.9377 140531 1.04148 6.20222e+06 954223 ZonesAtSurface
580.581 1773.79 -0.594519 63 1 1 6 1.25868e+06 38.6093 157944 1.4775 5.02208e+06 1.25868e+06 ZonesAtSurface
630.522 1773.74 -25.7221 41 0 1 7 111969 25.604 154524 1.0278 4.83376e+06 111969 ZonesAtSurface
680.418 1773.73 -0.790145 11 0 1 7 100023 20.5874 177711 1.053 4.53846e+06 100023 ZonesAtSurface
730.366 1773.71 24.1363 4 0 1 7 643522 19.4864 47605.9 1.06578 4.24899e+06 643522 ZonesAtSurface
780.288 1773.69 99.0669 1 0 1 6 1.21774e+06 42.2816 170564 1.02148 5.49514e+06 1.21774e+06 ZonesAtSurface
830.296 1773.65 224.026 5 0 2 4 1.88981e+06 41.8188 79859.5 1.65086 6.71476e+06 1.88981e+06 ZonesAtSurface
880.331 1773.6 249.002 3 0 1 4 1.25213e+06 35.163 24608 1.08018 5.94154e+06 1.25213e+06 ZonesAtSurface
930.371 1773.57 273.981 8 0 1 4 616349 28.3619 153596 1.01364 7.81687e+06 616349 ZonesAtSurface
980.418 1773.59 248.962 1 0 1 5 1.07166e+06 27.8405 73846.4 1.01047 9.89334e+06 1.07166e+06 ZonesAtSurface
1030.46 1773.59 273.943 7 0 1 5 1.16249e+06 18.0385 73119.4 1.04021 7.84538e+06 1.16249e+06 ZonesAtSurface
1080.5 1773.55 348.925 5 0 1 4 275895 27.0397 109954 1.03589 5.33607e+06 275895 ZonesAtSurface
1130.58 1773.53 423.902 2 4 2 3 1.29898e+06 43.6932 77655.4 1.56927 3.84825e+06 1.29898e+06 ZonesAtSurface
1180.63 1773.55 448.877 0 4 2 3 1.77721e+06 31.2827 162565 2.44453 2.47059e+06 1.77721e+06 ZonesAtSurface
1230.7 1773.56 473.849 0 3 2 3 893216 25.7914 115840 0 2.50053e+06 893216 ZonesAtSurface
1280.77 1773.57 498.819 0 2 2 3 1.58571e+06 35.8804 66655.1 2.29708 2.64114e+06 1.58571e+06 ZonesAtSurface
1330.88 1773.57 573.775 10 10 1 2 272983 38.0117 39277.4 0 677495 272983 ZonesAtSurface
1380.96 1773.56 598.742 0 10 1 2 1.09068e+06 35.2208 150388 0 1.67451e+06 1.09068e+06 ZonesAtSurface
1431 1773.55 573.728 0 4 2 3 1.5288e+06 35.2994 165897 1.65677 3.34235e+06 1.5288e+06 ZonesAtSurface
1481.09 1773.54 598.705 0 3 2 3 592035 30.7581 24076.4 0 1.43051e+06 592035 ZonesAtSurface
1531.13 1773.57 523.741 6 0 2 5 245544 37.2945 64810.1 2.26431 398852 245544 ZonesAtSurface
1581.15 1773.63 348.824 1 0 1 9 396397 33.9025 87141.4 1.01443 8.00493e+06 396397 ZonesAtSurface
1631.24 1773.64 323.843 1 0 1 10 213045 19.5936 72688 1.02035 3.87904e+06 213045 ZonesAtSurface
1681.32 1773.65 298.866 5 0 1 11 227867 31.1245 10159.9 1.02006 6.52435e+06 227867 ZonesAtSurface
1731.39 1773.67 373.915 7 8 2 10 938953 19.3371 155289 1.95241 1.30376e+06 938953 ZonesAtSurface
1781.46 1773.64 298.928 7 0 1 12 1.58448e+06 43.9133 161848 1.50919 8.40368e+06 1.58448e+06 ZonesAtSurface
1831.54 1773.61 273.943 1 0 2 13 771750 30.7337 29650.9 1.02994 4.30798e+06 771750 ZonesAtSurface
1881.6 1773.6 298.966 3 0 2 13 781491 34.8512 172225 1.07609 2.48741e+06 781491 ZonesAtSurface
1931.68 1773.58 273.977 7 0 1 14 574969 24.234 171258 1.03122 3.46696e+06 574969 ZonesAtSurface
1981.77 1773.54 298.992 10 5 1 14 1.43241e+06 37.0177 38899.1 1.24868 4.65162e+06 1.43241e+06 ZonesAtSurface
2031.82 1773.47 211.514 7 0 1 15 575094 35.0073 24501.8 1.01902 7.28794e+06 575094 ZonesAtSurface
2081.9 1773.45 211.53 6 0 1 13 1.46777e+06 19.58 33050.9 1.15104 3.89269e+06 1.46777e+06 ZonesAtSurface
2131.83 1773.42 61.5374 0 0 1 14 1.47488e+06 22.2711 167161 1.21909 1.1255e+07 1.47488e+06 ZonesAtSurface
2181.86 1773.42 61.5604 6 0 1 12 1.32945e+06 28.4255 172361 1.10582 8.22696e+06 1.32945e+06 ZonesAtSurface
2231.83 1773.42 11.5644 0 0 1 11 1.73124e+06 36.7907 77634.6 2.03404 1.13594e+07 1.73124e+06 ZonesAtSurface
2281.78 1773.43 -38.4415 1 0 1 10 472547 28.4387 160598 1.72036 1.12222e+07 472547 ZonesAtSurface
2331.74 1773.48 -38.4136 21 0 1 8 1.45682e+06 42.0293 81346.5 2.43037 9.40489e+06 1.45682e+06 ZonesAtSurface
2381.65 1773.56 -38.351 45 0 1 6 680923 33.9845 33526.5 1.52429 4.28788e+06 680923 ZonesAtSurface
2431.39 1773.67 -38.3681 70 12 1 4 1.37024e+06 30.2605 115154 1.9538 4.6732e+06 1.37024e+06 ZonesAtSurface
2481.53 1773.55 -238.489 0 0 0 0 1.53756e+06 21.6077 163853 2.07044 1.29157e+07 1.53756e+06 ZonesAtSurface
2531.41 1773.66 -118.425 5 0 0 0 295965 38.3264 22421.8 3.78488 9.6242e+06 295965 ZonesAtSurface
2581.38 1773.74 -78.4154 9 0 0 0 910339 38.5894 80393.9 6.87782 4.68768e+06 910339 ZonesAtSurface
2631.37 1773.75 -88.4002 0 0 0 0 1.80049e+06 31.4207 14033 7.70751 3.87554e+06 1.80049e+06 ZonesAtSurface
2681.31 1773.78 -48.3372 79 0 1 4 279095 31.776 126733 1.92254 8.76194e+06 279095 ZonesAtSurface
2731.21 1773.78 -8.20738 63 67 1 4 1.84674e+06 42.6885 66383.7 2.31413 4.3982e+06 1.84674e+06 ZonesAtSurface
2781.18 1773.78 -18.1776 100 4 1 5 742194 27.1594 99171.2 1.25671 3.02104e+06 742194 ZonesAtSurface
2831.15 1773.8 -28.1488 76 0 1 6 1.12621e+06 38.4297 161574 1.07833 4.95295e+06 1.12621e+06 ZonesAtSurface
2881.1 1773.8 -38.1562 81 6 1 7 1.12867e+06 30.678 91349 1.01607 4.68746e+06 1.12867e+06 ZonesAtSurface
2931.03 1773.8 -48.2038 71 0 1 8 1.70855e+06 24.2191 162507 1.03363 6.70438e+06 1.70855e+06 ZonesAtSurface
2980.94 1773.82 -8.19269 54 6 2 8 965428 26.821 62436.5 1.22497 2.7357e+06 965428 ZonesAtSurface
3030.96 1773.8 -18.2275 47 0 1 9 1.68225e+06 23.3177 84758.1 1.0688 5.53235e+06 1.68225e+06 ZonesAtSurface
3080.94 1773.79 -28.2782 42 0 1 10 842510 29.1583 131890 1.02847 6.18222e+06 842510 ZonesAtSurface
3130.93 1773.77 -38.3558 12 0 1 11 824922 36.037 93331.1 1.06377 1.35549e+07 824922 ZonesAtSurface
3180.96 1773.76 -48.4025 0 0 1 12 260784 37.8152 79506.4 2.18299 1.08543e+07 260784 ZonesAtSurface
3230.89 1773.77 41.5736 0 0 1 11 487577 32.5315 38214.2 0.993925 6.65841e+06 487577 ZonesAtSurface
3280.88 1773.77 131.533 10 0 1 10 1.65594e+06 26.214 113231 0.995595 5.1849e+06 1.65594e+06 ZonesAtSurface
3330.9 1773.75 221.491 10 4 1 9 516947 32.1664 97642.2 1.26148 1.39021e+06 516947 ZonesAtSurface
3381.01 1773.74 161.483 2 0 1 11 1.03399e+06 16.5589 90816.9 1.01005 4.74094e+06 1.03399e+06 ZonesAtSurface
3431.05 1773.73 251.465 3 0 1 10 970159 24.222 127644 1.2591 3.25171e+06 970159 ZonesAtSurface
3481.13 1773.72 291.436 3 0 2 10 408381 24.0667 11134.7 1.05477 1.90532e+06 408381 ZonesAtSurface
3531.2 1773.7 281.403 4 0 1 11 943001 25.3637 35459.4 1.03821 5.01935e+06 943001 ZonesAtSurface
3581.3 1773.69 271.403 2 0 1 12 353582 20.7036 69128.4 1.02889 5.16264e+06 353582 ZonesAtSurface
3631.41 1773.68 261.412 0 0 1 13 1.59878e+06 40.4288 183657 1.49351 1.17539e+07 1.59878e+06 ZonesAtSurface
3681.47 1773.67 301.394 4 0 1 13 459566 25.1836 107863 1.01993 7.68858e+06 459566 ZonesAtSurface
3731.56 1773.66 291.383 4 0 1 14 1.03681e+06 44.0565 22837.2 1.01275 1.15274e+07 1.03681e+06 ZonesAtSurface
3781.58 1773.64 441.268 8 0 1 11 401012 20.9195 134780 1.04125 2.1143e+06 401012 ZonesAtSurface
3831.71 1773.62 451.256 0 0 1 10 701767 19.0991 43293.1 0.99722 2.39108e+06 701767 ZonesAtSurface
3881.84 1773.62 511.181 1 0 2 8 984710 42.198 171724 1.0221 4.21016e+06 984710 ZonesAtSurface
3931.94 1773.63 521.182 10 0 2 7 728078 34.9444 166406 1.04545 2.33441e+06 728078 ZonesAtSurface
3982.03 1773.62 531.192 8 8 1 6 1.06787e+06 35.273 76831.6 1.29286 3.3142e+06 1.06787e+06 ZonesAtSurface
4032.13 1773.62 491.252 10 0 1 6 1.72982e+06 38.6043 118092 1.43568 7.5106e+06 1.72982e+06 ZonesAtSurface
4082.21 1773.62 401.328 0 0 1 7 178759 29.2296 148990 1.00846 5.59671e+06 178759 ZonesAtSurface
4132.28 1773.61 411.355 10 0 1 6 1.1047e+06 35.3936 188397 1.08698 8.44508e+06 1.1047e+06 ZonesAtSurface
4182.34 1773.62 371.395 3 0 1 6 1.33829e+06 20.6042 90558.7 1.01311 5.49013e+06 1.33829e+06 ZonesAtSurface
4232.39 1773.63 381.435 10 0 2 5 361958 44.9463 52956.5 1.46239 3.30803e+06 361958 ZonesAtSurface
4282.44 1773.64 341.474 6 0 2 5 308479 43.44 113948 2.21978 588699 308479 ZonesAtSurface
4332.48 1773.66 301.505 5 5 2 5 1.77191e+06 27.6745 55087 1.72805 3.59684e+06 1.77191e+06 ZonesAtSurface
4382.49 1773.67 161.551 8 0 1 7 1.60097e+06 18.6235 25563.4 1.00291 5.68099e+06 1.60097e+06 ZonesAtSurface
4432.48 1773.66 71.5968 8 0 1 8 729467 28.7321 85471 1.01182 8.22472e+06 729467 ZonesAtSurface
4482.4 1773.65 -18.38 5 0 1 9 311582 36.5715 25319.8 1.08506 1.31123e+07 311582 ZonesAtSurface
4532.41 1773.65 -8.30861 28 0 1 8 133492 35.9695 52952.5 1.21538 4.85958e+06 133492 ZonesAtSurface
4582.33 1773.65 -48.3032 30 0 1 8 1.03516e+06 22.8777 152903 1.06169 9.45598e+06 1.03516e+06 ZonesAtSurface
4632.2 1773.66 -38.2385 48 0 1 7 1.64869e+06 24.0212 92383.8 1.24178 5.82447e+06 1.64869e+06 ZonesAtSurface
4682.04 1773.67 -28.1845 78 10 1 6 1.78194e+06 15.3003 18357.9 1.24721 3.92998e+06 1.78194e+06 ZonesAtSurface
4731.95 1773.69 -18.1549 83 2 1 5 736118 30.0093 146739 1.07363 2.54391e+06 736118 ZonesAtSurface
4781.82 1773.71 -8.13694 75 48 1 4 842166 44.8157 25702.3 1.05097 3.81421e+06 842166 ZonesAtSurface
4831.8 1773.74 1.85093 103 1 1 3 341708 26.8169 31775 1.10783 2.36719e+06 341708 ZonesAtSurface
4881.7 1773.76 11.864 127 57 1 2 437211 21.4757 84839.3 1.12928 2.19208e+06 437211 ZonesAtSurface
4931.61 1773.78 21.8763 111 87 1 1 779498 26.8099 43420.6 1.20476 3.06163e+06 779498 ZonesAtSurface
81.7283 1823.85 -49.5728 106 0 1 2 1.50251e+06 20.9555 108506 1.24286 1.02824e+07 1.50251e+06 ZonesAtSurface
131.558 1823.87 -24.4292 97 51 1 2 1.41912e+06 16.6584 23334.8 1.09819 4.4337e+06 1.41912e+06 ZonesAtSurface
181.392 1823.81 -49.5088 120 0 1 3 1.2957e+06 23.2607 110853 1.08578 6.4348e+06 1.2957e+06 ZonesAtSurface
231.224 1823.81 -24.4392 110 74 1 3 1.5661e+06 38.5112 73023.9 1.13097 6.10836e+06 1.5661e+06 ZonesAtSurface
281.186 1823.79 -49.4607 94 0 1 4 1.07653e+06 37.1876 175634 1.06167 9.24686e+06 1.07653e+06 ZonesAtSurface
331.048 1823.8 -24.4203 101 0 1 4 114500 29.2343 81535.3 1.08412 3.55641e+06 114500 ZonesAtSurface
380.934 1823.75 -49.5661 97 0 1 5 1.62826e+06 18.3864 55733.4 1.00846 6.15864e+06 1.62826e+06 ZonesAtSurface
430.828 1823.76 -24.536 79 0 1 5 1.69635e+06 27.0563 162548 1.04863 5.80909e+06 1.69635e+06 ZonesAtSurface
480.796 1823.74 -49.6037 58 0 1 6 1.7473e+06 29.3567 25412.4 1.02923 8.88126e+06 1.7473e+06 ZonesAtSurface
530.696 1823.75 -24.5727 62 0 1 6 805443 36.9985 163163 1.20643 6.2154e+06 805443 ZonesAtSurface
580.64 1823.72 -49.6754 52 0 1 7 201884 35.6178 26938.3 1.02649 9.87102e+06 201884 ZonesAtSurface
630.526 1823.7 -24.7107 37 0 1 7 1.0285e+06 40.7277 63156.1 1.00577 7.43435e+06 1.0285e+06 ZonesAtSurface
680.548 1823.68 -49.816 4 0 1 8 1.72634e+06 34.6893 76054.3 1.34067 1.86774e+07 1.72634e+06 ZonesAtSurface
730.491 1823.67 -24.8563 0 0 1 8 1.8859e+06 42.8384 84640.4 2.0644 1.8108e+07 1.8859e+06 ZonesAtSurface
780.28 1823.64 100.068 2 0 1 6 1.8966e+06 30.4128 39670.3 1.06445 6.69089e+06 1.8966e+06 ZonesAtSurface
830.292 1823.61 175.03 10 0 1 5 1.12167e+06 38.7914 60719.6 1.02127 8.85246e+06 1.12167e+06 ZonesAtSurface
880.322 1823.57 250.002 6 0 1 4 1.38998e+06 29.5147 34951.4 1.04621 7.91164e+06 1.38998e+06 ZonesAtSurface
930.359 1823.53 274.977 2 0 1 4 723299 40.9947 167132 1.26174 9.30651e+06 723299 ZonesAtSurface
980.395 1823.51 299.957 2 0 1 4 198282 40.349 63530.9 1.01044 8.28712e+06 198282 ZonesAtSurface
1030.45 1823.47 374.94 3 0 2 3 486624 36.5157 41968.1 1.18675 1.59978e+06 486624 ZonesAtSurface
1080.5 1823.49 399.922 5 3 2 3 769623 20.814 83746.6 1.47773 1.50879e+06 769623 ZonesAtSurface
1130.55 1823.52 424.902 6 2 1 3 1.32307e+06 35.8329 65483.7 1.18236 4.30864e+06 1.32307e+06 ZonesAtSurface
1180.61 1823.54 449.879 6 2 2 3 1.11906e+06 22.1384 106187 1.07507 3.03211e+06 1.11906e+06 ZonesAtSurface
1230.67 1823.56 474.851 4 0 2 3 374694 21.3467 100043 0 1.13577e+06 374694 ZonesAtSurface
1280.71 1823.55 449.837 2 0 1 4 252557 18.2058 133349 1.04431 1.85155e+06 252557 ZonesAtSurface
1330.82 1823.58 524.786 3 9 2 3 1.603e+06 31.1139 69640.1 1.44068 3.85779e+06 1.603e+06 ZonesAtSurface
1380.87 1823.55 499.781 0 0 2 4 1.51956e+06 21.4922 83389.8 0.993454 4.4371e+06 1.51956e+06 ZonesAtSurface
1430.95 1823.54 524.754 0 0 2 4 1.25815e+06 31.154 57074.6 1.05117 4.40001e+06 1.25815e+06 ZonesAtSurface
1481.03 1823.54 549.734 0 0 2 4 187991 37.0291 66165.6 1.19151 1.18138e+06 187991 ZonesAtSurface
1531.06 1823.57 474.764 0 0 2 6 1.28953e+06 44.6024 176540 1.11867 5.02665e+06 1.28953e+06 ZonesAtSurface
1581.11 1823.58 399.816 7 0 1 8 450542 19.5285 29321.8 1.02666 4.08645e+06 450542 ZonesAtSurface
1631.18 1823.6 324.842 2 0 1 10 1.29656e+06 33.2147 183708 1.01587 8.95937e+06 1.29656e+06 ZonesAtSurface
1681.26 1823.61 299.865 6 0 1 11 819661 15.2148 108494 1.02064 4.59315e+06 819661 ZonesAtSurface
1731.34 1823.61 274.889 3 0 1 12 1.57791e+06 23.8315 171963 1.10872 7.30077e+06 1.57791e+06 ZonesAtSurface
1781.43 1823.59 249.915 5 0 1 13 251916 32.3389 148536 1.0474 1.06181e+07 251916 ZonesAtSurface
1831.5 1823.56 224.937 2 0 1 14 384950 40.5081 135221 1.13609 1.45566e+07 384950 ZonesAtSurface
1881.57 1823.57 249.953 4 0 1 14 1.26237e+06 41.0905 174101 1.05729 1.10863e+07 1.26237e+06 ZonesAtSurface
1931.65 1823.57 274.972 8 0 1 14 1.72763e+06 15.1535 178398 1.05727 4.56791e+06 1.72763e+06 ZonesAtSurface
1981.73 1823.52 249.995 4 0 1 15 841069 35.3221 159199 1.00194 5.23539e+06 841069 ZonesAtSurface
2031.78 1823.45 212.507 5 0 1 15 1.74847e+06 23.9591 134210 1.02288 7.75103e+06 1.74847e+06 ZonesAtSurface
2081.77 1823.41 112.514 0 0 1 15 1.29361e+06 27.8326 171966 1.00724 1.11612e+07 1.29361e+06 ZonesAtSurface
2131.77 1823.39 62.524 1 0 1 14 671737 27.1073 136034 1.03257 1.16717e+07 671737 ZonesAtSurface
2181.81 1823.39 62.547 10 0 1 12 781140 28.4867 179805 1.10693 9.14239e+06 781140 ZonesAtSurface
2231.78 1823.4 12.5484 3 0 1 11 484326 30.4493 166247 1.09243 1.0774e+07 484326 ZonesAtSurface
2281.79 1823.42 12.5778 10 0 1 9 1.4773e+06 36.8275 169982 1.50668 8.47985e+06 1.4773e+06 ZonesAtSurface
2331.72 1823.47 -37.4329 19 0 1 8 113579 38.701 72614.4 2.302 1.18559e+07 113579 ZonesAtSurface
2381.64 1823.53 -37.3623 50 0 1 6 804861 30.5652 12563.6 2.18722 5.95048e+06 804861 ZonesAtSurface
2431.57 1823.5 -187.505 0 0 0 0 343917 39.184 138999 6.44267 9.80178e+06 343917 ZonesAtSurface
2481.46 1823.58 -137.459 0 0 0 0 725597 39.6315 98187.5 3.84058 1.37066e+07 725597 ZonesAtSurface
2531.45 1823.61 -167.457 0 0 0 0 1.67709e+06 24.2704 123247 2.3102 1.06028e+07 1.67709e+06 ZonesAtSurface
2581.38 1823.73 -77.4419 3 0 0 0 748264 36.8893 112332 7.47489 4.07894e+06 748264 ZonesAtSurface
2631.36 1823.74 -87.4277 7 0 0 0 473638 20.5092 86458 4.3783 3.14871e+06 473638 ZonesAtSurface
2681.34 1823.77 -47.4011 5 0 0 0 791416 39.0126 20511.1 3.27922 8.46835e+06 791416 ZonesAtSurface
2731.31 1823.78 -7.32518 90 0 1 4 1.34854e+06 16.2676 24250.3 1.05779 4.39891e+06 1.34854e+06 ZonesAtSurface
2781.25 1823.77 -17.2296 95 0 1 5 576944 35.3724 70905.7 1.18274 3.41615e+06 576944 ZonesAtSurface
2831.19 1823.79 -27.1921 71 0 1 6 503669 39.4739 157645 1.07691 2.91154e+06 503669 ZonesAtSurface
2881.13 1823.78 -37.1829 78 0 1 7 674430 28.856 34740.5 1.05037 3.56665e+06 674430 ZonesAtSurface
2931.05 1823.78 -47.2193 56 0 1 8 1.13104e+06 31.4045 161591 1.06807 7.00754e+06 1.13104e+06 ZonesAtSurface
2980.96 1823.8 -7.1923 71 9 1 8 712870 29.0697 12168.4 1.13545 2.33516e+06 712870 ZonesAtSurface
3030.97 1823.78 -17.2274 39 0 1 9 645175 34.4247 101520 1.04027 4.15077e+06 645175 ZonesAtSurface
3080.95 1823.76 -27.2778 24 0 1 10 1.06684e+06 33.3938 42695.4 1.00946 6.24442e+06 1.06684e+06 ZonesAtSurface
3130.94 1823.75 -37.3589 10 0 1 11 292158 19.8694 49144.9 1.03784 7.14934e+06 292158 ZonesAtSurface
3180.9 1823.75 2.60641 0 0 1 11 895113 36.9593 154669 1.03817 1.05872e+07 895113 ZonesAtSurface
3230.83 1823.76 92.5609 7 5 1 10 1.19737e+06 40.5948 51560.3 1.08515 4.87063e+06 1.19737e+06 ZonesAtSurface
3280.92 1823.75 82.542 3 0 1 11 433893 34.5307 47772.4 1.00928 5.89755e+06 433893 ZonesAtSurface
3330.95 1823.74 172.495 4 0 1 10 1.40544e+06 41.5302 60404 1.07599 6.72392e+06 1.40544e+06 ZonesAtSurface
3380.97 1823.72 262.452 4 5 2 9 1.66536e+06 35.1401 71647.7 1.20951 5.27571e+06 1.66536e+06 ZonesAtSurface
3431.08 1823.71 202.466 5 0 1 11 421118 40.1161 173121 1.02091 6.43421e+06 421118 ZonesAtSurface
3481.14 1823.69 242.44 10 0 1 11 348567 19.2393 15130.4 1.03684 3.1421e+06 348567 ZonesAtSurface
3531.21 1823.68 282.409 8 0 1 11 561674 36.1086 121994 1.05475 5.95195e+06 561674 ZonesAtSurface
3581.31 1823.66 272.404 4 0 1 12 1.17915e+06 16.3082 22958.6 1.02169 5.21629e+06 1.17915e+06 ZonesAtSurface
3631.41 1823.65 262.411 2 0 1 13 1.08973e+06 33.0586 156358 1.07487 1.13585e+07 1.08973e+06 ZonesAtSurface
3681.47 1823.64 302.391 5 0 1 13 297758 41.8063 161004 1.01845 1.03189e+07 297758 ZonesAtSurface
3731.54 1823.62 342.359 1 0 1 13 1.28867e+06 25.9398 131441 1.01537 6.12765e+06 1.28867e+06 ZonesAtSurface
3781.61 1823.6 392.311 6 0 1 12 1.54472e+06 16.7892 50571.5 0.988546 4.18544e+06 1.54472e+06 ZonesAtSurface
3831.72 1823.59 502.182 9 7 2 9 1.12165e+06 35.5287 18387.3 1.48029 3.13968e+06 1.12165e+06 ZonesAtSurface
3881.83 1823.6 512.179 6 0 2 8 1.18659e+06 26.8725 131845 1.0072 3.6553e+06 1.18659e+06 ZonesAtSurface
3931.94 1823.6 472.224 4 0 1 8 1.83576e+06 28.0497 39022.9 1.01058 8.4361e+06 1.83576e+06 ZonesAtSurface
3982.04 1823.59 482.228 7 0 1 7 309641 41.903 188368 1.03364 3.42684e+06 309641 ZonesAtSurface
4032.13 1823.59 492.256 10 0 2 6 1.79563e+06 41.8401 131339 1.57429 6.97435e+06 1.79563e+06 ZonesAtSurface
4082.21 1823.59 452.313 7 0 1 6 1.31422e+06 36.7866 178869 1.01571 5.39905e+06 1.31422e+06 ZonesAtSurface
4132.28 1823.58 412.354 10 0 1 6 1.29689e+06 27.4519 154330 1.02062 6.74457e+06 1.29689e+06 ZonesAtSurface
4182.34 1823.58 372.391 3 0 1 6 1.71155e+06 42.0974 164138 1.06312 9.15664e+06 1.71155e+06 ZonesAtSurface
4232.39 1823.6 332.434 4 0 1 6 1.30562e+06 41.8836 53886.4 1.06244 9.10967e+06 1.30562e+06 ZonesAtSurface
4282.43 1823.63 292.479 3 0 1 6 318079 20.9322 75838.4 1.2956 3.29486e+06 318079 ZonesAtSurface
4332.45 1823.63 202.527 9 0 1 7 1.43358e+06 23.5153 28279.4 1.05256 6.08182e+06 1.43358e+06 ZonesAtSurface
4382.45 1823.62 112.562 4 0 1 8 1.32022e+06 35.3851 144980 1.07322 1.05865e+07 1.32022e+06 ZonesAtSurface
4432.42 1823.61 22.5933 6 0 1 9 1.02958e+06 21.2526 187312 1.0086 9.23277e+06 1.02958e+06 ZonesAtSurface
4482.39 1823.61 -17.3794 5 0 1 9 538489 18.2184 44751.9 0.991074 8.14337e+06 538489 ZonesAtSurface
4532.4 1823.6 -7.31547 20 0 1 8 1.39001e+06 34.2333 173567 1.08532 6.12095e+06 1.39001e+06 ZonesAtSurface
4582.32 1823.62 -47.3137 23 0 1 8 1.87393e+06 15.1623 183520 1.08448 1.01192e+07 1.87393e+06 ZonesAtSurface
4632.21 1823.62 -37.268 35 0 1 7 819686 37.9255 178897 1.54257 7.41754e+06 819686 ZonesAtSurface
4682.13 1823.62 -27.2182 60 0 1 6 1.25551e+06 34.3442 50926.1 1.28506 4.21588e+06 1.25551e+06 ZonesAtSurface
4731.97 1823.67 -17.1613 94 7 1 5 888516 19.8859 85498.7 1.11097 2.76212e+06 888516 ZonesAtSurface
4781.84 1823.68 -7.11452 68 56 1 4 1.68773e+06 16.6181 35732.6 1.05559 4.27499e+06 1.68773e+06 ZonesAtSurface
4831.76 1823.72 2.86556 105 7 1 3 160021 44.8029 62202.1 1.20692 3.13164e+06 160021 ZonesAtSurface
4881.71 1823.73 12.8642 42 92 1 2 1.37157e+06 34.615 10895.8 1.11148 4.93135e+06 1.37157e+06 ZonesAtSurface
4931.69 1823.76 22.8596 75 95 1 1 610067 41.4255 82566.8 1.15701 3.10559e+06 610067 ZonesAtSurface
81.7248 1873.84 -48.5433 100 0 1 2 313457 40.7313 50869.6 1.74529 1.29404e+07 313457 ZonesAtSurface
131.547 1873.84 -23.3714 131 74 1 2 1.82919e+06 18.279 165798 1.05307 5.03659e+06 1.82919e+06 ZonesAtSurface
181.36 1873.78 -48.4744 130 0 1 3 593341 17.3182 143797 1.028 4.14412e+06 593341 ZonesAtSurface
231.192 1873.78 -23.4376 129 77 1 3 1.09387e+06 32.1468 70250 1.15461 3.93374e+06 1.09387e+06 ZonesAtSurface
281.157 1873.75 -48.4638 91 0 1 4 1.3452e+06 42.331 185626 1.03727 1.06133e+07 1.3452e+06 ZonesAtSurface
331.059 1873.75 -23.4244 112 2 1 4 814497 25.9777 50612.1 1.17547 3.27927e+06 814497 ZonesAtSurface
380.935 1873.7 -48.554 63 0 1 5 1.74111e+06 43.9151 140360 1.01804 8.28679e+06 1.74111e+06 ZonesAtSurface
430.849 1873.7 -23.5063 85 0 1 5 199506 26.5404 12172.9 1.0695 2.93134e+06 199506 ZonesAtSurface
480.79 1873.69 -48.578 66 0 1 6 884850 17.5002 58439.4 1.01658 5.43441e+06 884850 ZonesAtSurface
530.693 1873.71 -23.5476 73 3 1 6 936597 28.6717 104197 1.29747 3.14706e+06 936597 ZonesAtSurface
580.626 1873.67 -48.6581 53 0 1 7 387540 16.1261 62645.1 1.03872 5.62249e+06 387540 ZonesAtSurface
630.506 1873.65 -23.7096 51 0 1 7 1.73837e+06 31.7646 168553 1.01982 6.71874e+06 1.73837e+06 ZonesAtSurface
680.534 1873.64 -48.8171 6 0 1 8 1.89926e+06 20.8413 180420 1.00872 1.46047e+07 1.89926e+06 ZonesAtSurface
730.479 1873.62 -23.8569 0 0 1 8 1.16903e+06 22.1661 146538 1.00966 1.18124e+07 1.16903e+06 ZonesAtSurface
780.268 1873.58 101.074 6 0 1 6 123985 18.2563 24662 0.928826 2.21692e+06 123985 ZonesAtSurface
830.267 1873.56 176.026 3 0 1 5 838126 32.302 99167.9 1.01114 7.59207e+06 838126 ZonesAtSurface
880.316 1873.53 201.001 1 0 1 5 1.35105e+06 20.0146 126317 1.00827 8.9321e+06 1.35105e+06 ZonesAtSurface
930.336 1873.49 275.975 1 0 1 4 1.83592e+06 40.5909 42812.5 1.2984 9.8403e+06 1.83592e+06 ZonesAtSurface
980.381 1873.43 400.963 10 7 1 2 1.69021e+06 36.9892 177110 2.18441 2.97055e+06 1.69021e+06 ZonesAtSurface
1030.41 1873.46 325.935 0 0 1 4 148341 17.6437 177805 1.00558 3.92022e+06 148341 ZonesAtSurface
1080.47 1873.47 400.923 7 6 1 3 1.50868e+06 27.6331 115254 1.51349 3.39483e+06 1.50868e+06 ZonesAtSurface
1130.52 1873.51 425.903 9 0 2 3 1.2711e+06 27.2416 118976 1.20831 4.05442e+06 1.2711e+06 ZonesAtSurface
1180.54 1873.5 400.885 5 0 1 4 188364 17.9755 164623 1.00303 2.41659e+06 188364 ZonesAtSurface
1230.59 1873.49 375.87 5 0 1 5 516159 21.0657 40276.3 1.00688 5.42241e+06 516159 ZonesAtSurface
1280.64 1873.49 400.852 2 0 1 5 327997 44.8089 114350 1.00605 7.60825e+06 327997 ZonesAtSurface
1330.71 1873.5 425.831 6 0 1 5 1.4249e+06 28.4704 162678 1.02531 5.40022e+06 1.4249e+06 ZonesAtSurface
1380.79 1873.51 450.807 6 0 1 5 1.14891e+06 27.2606 117438 1.03506 4.27692e+06 1.14891e+06 ZonesAtSurface
1430.87 1873.52 475.784 4 0 1 5 163508 17.5773 151126 1.11451 1.49795e+06 163508 ZonesAtSurface
1480.96 1873.53 500.762 1 0 1 5 835665 28.6528 157126 1.00769 3.8372e+06 835665 ZonesAtSurface
1531.04 1873.55 525.743 4 0 2 5 367130 43.3813 132231 1.35581 1.23484e+06 367130 ZonesAtSurface
1581.05 1873.54 400.807 4 0 1 8 215835 30.2315 79217 1.05484 5.13343e+06 215835 ZonesAtSurface
1631.13 1873.55 375.83 6 0 1 9 200357 36.952 152253 1.01148 4.64944e+06 200357 ZonesAtSurface
1681.17 1873.54 250.869 1 0 1 12 191775 26.4936 86576.3 1.00918 1.17208e+07 191775 ZonesAtSurface
1731.26 1873.53 225.892 4 0 1 13 130597 15.7781 75341.6 1.00684 8.20272e+06 130597 ZonesAtSurface
1781.34 1873.54 250.914 9 0 1 13 455885 19.419 117431 1.04272 8.49401e+06 455885 ZonesAtSurface
1831.43 1873.53 225.936 3 0 1 14 933512 26.0457 29881.9 1.00802 1.27091e+07 933512 ZonesAtSurface
1881.49 1873.53 200.954 0 0 1 15 229493 42.5558 103175 1.00412 1.62863e+07 229493 ZonesAtSurface
1931.6 1873.55 325.953 5 0 1 13 207053 41.6574 96329.2 1.25172 2.37935e+06 207053 ZonesAtSurface
1981.7 1873.52 300.977 10 0 1 14 272199 42.1452 120087 0 570687 272199 ZonesAtSurface
2031.76 1873.46 263.493 10 0 1 14 872490 34.1815 171266 1.11638 3.95482e+06 872490 ZonesAtSurface
2081.74 1873.41 163.509 2 0 1 14 1.69203e+06 25.0738 139296 1.0171 7.98409e+06 1.69203e+06 ZonesAtSurface
2131.74 1873.39 113.523 7 0 1 13 945129 15.0729 162718 1.07649 4.35546e+06 945129 ZonesAtSurface
2181.72 1873.38 63.5306 5 0 1 12 1.7985e+06 17.4457 78231.5 1.02496 7.74608e+06 1.7985e+06 ZonesAtSurface
2231.7 1873.38 13.53 4 0 1 11 1.31326e+06 27.1649 119079 1.08724 1.29923e+07 1.31326e+06 ZonesAtSurface
2281.65 1873.4 -36.4756 0 0 1 10 1.18353e+06 31.6491 113480 2.34576 1.32642e+07 1.18353e+06 ZonesAtSurface
2331.63 1873.44 -36.455 11 0 1 8 1.77688e+06 27.527 180883 1.78119 1.20622e+07 1.77688e+06 ZonesAtSurface
2381.54 1873.48 -36.3936 55 0 1 6 1.4304e+06 22.7517 149412 2.54473 5.09279e+06 1.4304e+06 ZonesAtSurface
2431.54 1873.49 -186.511 0 0 0 0 127808 25.2192 12692.4 3.21824 7.596e+06 127808 ZonesAtSurface
2481.44 1873.57 -136.474 0 0 0 0 1.21995e+06 38.8509 67864 3.84925 1.31444e+07 1.21995e+06 ZonesAtSurface
2531.39 1873.64 -116.469 0 0 0 0 1.17407e+06 26.7781 109601 2.21535 9.08714e+06 1.17407e+06 ZonesAtSurface
2581.34 1873.72 -76.4636 0 0 0 0 1.48448e+06 20.0344 16887.1 2.4673 5.53988e+06 1.48448e+06 ZonesAtSurface
2631.32 1873.78 -36.4531 0 0 0 0 1.25903e+06 36.3672 55232.9 3.03028 9.20091e+06 1.25903e+06 ZonesAtSurface
2681.3 1873.77 -46.4317 0 0 0 0 1.40957e+06 37.2071 72868.7 2.88193 9.58815e+06 1.40957e+06 ZonesAtSurface
2731.28 1873.76 -56.4034 0 0 0 0 1.37544e+06 44.6141 78578.8 4.58762 9.0941e+06 1.37544e+06 ZonesAtSurface
2781.26 1873.78 -16.3121 75 0 1 5 1.46e+06 15.1704 176198 1.08937 5.12398e+06 1.46e+06 ZonesAtSurface
2831.19 1873.79 -26.2536 54 0 1 6 1.11807e+06 31.4466 163167 1.47672 3.66817e+06 1.11807e+06 ZonesAtSurface
2881.14 1873.78 -36.2255 64 0 1 7 1.04188e+06 34.821 118102 1.14697 5.56248e+06 1.04188e+06 ZonesAtSurface
2931.04 1873.77 -46.2466 55 0 1 8 535933 32.9635 21227.5 1.10711 6.1584e+06 535933 ZonesAtSurface
2980.96 1873.78 -6.20914 68 5 1 8 503044 38.5814 143842 1.60885 2.03232e+06 503044 ZonesAtSurface
3030.97 1873.76 -16.2402 56 0 1 9 608068 28.3975 156029 1.11029 3.54202e+06 608068 ZonesAtSurface
3080.96 1873.74 -26.2849 30 0 1 10 429376 25.8983 79714.5 1.0764 4.24544e+06 429376 ZonesAtSurface
3130.94 1873.73 -36.3566 17 0 1 11 1.37546e+06 23.4884 157089 1.06019 9.36469e+06 1.37546e+06 ZonesAtSurface
3180.97 1873.72 -46.4041 0 0 1 12 1.2873e+06 33.9319 117822 1.79882 1.07224e+07 1.2873e+06 ZonesAtSurface
3230.89 1873.74 43.579 2 0 1 11 1.43942e+06 15.9418 134309 1.02629 5.24159e+06 1.43942e+06 ZonesAtSurface
3280.87 1873.73 133.513 4 0 1 10 467892 22.7199 143767 0 1.22036e+06 467892 ZonesAtSurface
3330.94 1873.72 173.485 5 0 1 10 755111 22.2413 136512 1.01683 2.66362e+06 755111 ZonesAtSurface
3380.98 1873.72 263.44 9 8 2 9 1.612e+06 37.6924 68441.9 1.6386 4.10137e+06 1.612e+06 ZonesAtSurface
3431.1 1873.68 203.46 9 0 1 11 358790 18.6229 33749.5 1.02826 4.40621e+06 358790 ZonesAtSurface
3481.19 1873.66 193.446 0 0 1 12 677920 43.645 130857 1.27931 1.12586e+07 677920 ZonesAtSurface
3531.25 1873.65 233.42 3 0 1 12 285363 40.6223 111125 1.0202 9.41724e+06 285363 ZonesAtSurface
3581.32 1873.64 273.402 3 0 1 12 1.84278e+06 19.807 124570 1.00535 7.06013e+06 1.84278e+06 ZonesAtSurface
3631.39 1873.62 313.391 10 0 1 12 975128 37.5183 44158.7 1.07653 4.96175e+06 975128 ZonesAtSurface
3681.47 1873.61 303.383 0 0 1 13 1.22286e+06 40.3054 151412 1.13369 1.09485e+07 1.22286e+06 ZonesAtSurface
3731.5 1873.57 393.327 8 0 1 12 675569 17.4258 168662 1.1603 2.61585e+06 675569 ZonesAtSurface
3781.62 1873.56 393.31 3 0 1 12 114914 17.1807 29556.4 1.0036 3.12647e+06 114914 ZonesAtSurface
3831.72 1873.57 453.237 2 0 1 10 1.11796e+06 31.2767 118416 1.03357 5.63513e+06 1.11796e+06 ZonesAtSurface
3881.84 1873.57 463.215 2 0 1 9 170713 41.7944 117556 1.03672 4.58867e+06 170713 ZonesAtSurface
3931.94 1873.57 473.226 6 0 1 8 1.1301e+06 38.7069 57957.1 1.02136 8.14373e+06 1.1301e+06 ZonesAtSurface
3982.04 1873.56 483.232 6 0 1 7 309466 30.1524 184367 1.03539 3.2191e+06 309466 ZonesAtSurface
4032.13 1873.56 443.286 3 0 1 7 596227 18.972 163795 1.03073 5.04235e+06 596227 ZonesAtSurface
4082.21 1873.56 403.33 2 0 1 7 153871 20.7509 70872.8 1.01028 5.08964e+06 153871 ZonesAtSurface
4132.28 1873.55 413.349 0 0 1 6 1.54831e+06 40.5299 63642.5 2.1136 8.18572e+06 1.54831e+06 ZonesAtSurface
4182.34 1873.55 373.387 3 0 1 6 1.8906e+06 40.4264 24629.8 1.15566 9.08282e+06 1.8906e+06 ZonesAtSurface
4232.39 1873.57 333.434 9 0 1 6 1.3073e+06 44.9852 140511 1.10324 8.63704e+06 1.3073e+06 ZonesAtSurface
4282.42 1873.57 243.492 10 0 1 7 1.20215e+06 40.4348 171406 1.12169 1.22193e+07 1.20215e+06 ZonesAtSurface
4332.4 1873.58 103.532 6 0 1 9 269575 23.4231 185469 1.00298 7.97186e+06 269575 ZonesAtSurface
4382.45 1873.58 113.568 4 0 1 8 1.21984e+06 42.4191 137629 2.26359 1.21283e+07 1.21984e+06 ZonesAtSurface
4432.42 1873.58 23.5943 4 0 1 9 1.53615e+06 26.7094 158355 1.16545 1.05808e+07 1.53615e+06 ZonesAtSurface
4482.44 1873.58 33.6529 9 0 1 8 1.73276e+06 32.6422 116989 1.13302 1.09352e+07 1.73276e+06 ZonesAtSurface
4532.39 1873.58 -6.3208 21 0 1 8 431615 30.4967 20770 1.05016 4.98278e+06 431615 ZonesAtSurface
4582.32 1873.59 -46.3213 1 0 1 8 1.67003e+06 41.8698 187105 1.62894 1.81212e+07 1.67003e+06 ZonesAtSurface
4632.22 1873.59 -36.2794 13 0 1 7 1.64622e+06 41.524 82189.8 1.99318 8.41635e+06 1.64622e+06 ZonesAtSurface
4682.17 1873.6 -26.2434 61 0 1 6 1.79363e+06 24.8698 178838 1.31654 5.25766e+06 1.79363e+06 ZonesAtSurface
4731.98 1873.63 -16.177 82 4 1 5 343048 20.4602 61065.6 1.14971 1.80325e+06 343048 ZonesAtSurface
4781.87 1873.66 -6.11391 86 52 1 4 1.28181e+06 27.6529 74014.1 1.13596 3.70057e+06 1.28181e+06 ZonesAtSurface
4831.73 1873.71 3.87199 104 0 1 3 349197 22.6477 86141.3 1.14148 1.77535e+06 349197 ZonesAtSurface
4881.68 1873.74 13.8592 71 84 1 2 1.56803e+06 38.8105 135376 1.56187 4.24416e+06 1.56803e+06 ZonesAtSurface
4931.69 1873.75 23.8596 99 92 1 1 598187 20.0738 88424.8 1.06724 1.57954e+06 598187 ZonesAtSurface
81.7204 1923.81 -47.5294 113 0 1 2 539573 32.8543 172450 1.81038 1.10637e+07 539573 ZonesAtSurface
131.54 1923.81 -22.3501 122 58 1 2 1.15147e+06 44.3601 42974.6 1.33712 5.64852e+06 1.15147e+06 ZonesAtSurface
181.363 1923.75 -47.459 105 0 1 3 1.62314e+06 37.33 51448.5 1.03815 9.0319e+06 1.62314e+06 ZonesAtSurface
231.201 1923.74 -22.4354 139 0 1 3 427220 22.9817 96077.3 1.04914 2.86494e+06 427220 ZonesAtSurface
281.129 1923.71 -47.4991 101 0 1 4 1.38306e+06 37.0335 72052.2 1.04246 8.87297e+06 1.38306e+06 ZonesAtSurface
331.037 1923.71 -22.4672 100 20 1 4 1.20922e+06 38.4949 92609.6 1.31573 4.87647e+06 1.20922e+06 ZonesAtSurface
380.946 1923.66 -47.5406 78 0 1 5 987122 24.7175 152336 1.02606 6.26025e+06 987122 ZonesAtSurface
430.868 1923.66 -22.4874 47 44 1 5 1.87217e+06 40.4538 171845 1.53819 6.03001e+06 1.87217e+06 ZonesAtSurface
480.781 1923.65 -47.5732 72 0 1 6 1.29933e+06 25.0898 126862 1.02097 7.39351e+06 1.29933e+06 ZonesAtSurface
530.679 1923.65 -22.5565 65 0 1 6 314698 17.8383 93357.1 1.24818 990787 314698 ZonesAtSurface
580.615 1923.62 -47.6543 45 0 1 7 1.7708e+06 37.7839 162354 1.06709 1.20766e+07 1.7708e+06 ZonesAtSurface
630.492 1923.61 -22.7111 44 0 1 7 413568 25.97 120215 0.973327 5.11489e+06 413568 ZonesAtSurface
680.526 1923.6 -47.8215 0 0 1 8 847462 38.6191 181957 1.59962 1.87092e+07 847462 ZonesAtSurface
730.373 1923.57 27.1421 7 0 1 7 1.48649e+06 44.2645 120479 1.00737 1.41285e+07 1.48649e+06 ZonesAtSurface
780.365 1923.55 52.0951 2 0 1 7 869851 34.2716 24460.1 1.10066 1.51756e+07 869851 ZonesAtSurface
830.243 1923.49 177.023 0 0 1 5 1.28595e+06 27.2193 163341 1.02295 7.08603e+06 1.28595e+06 ZonesAtSurface
880.262 1923.44 302.005 10 8 2 3 1.3872e+06 41.8342 113633 2.94915 2.97373e+06 1.3872e+06 ZonesAtSurface
930.292 1923.43 326.978 9 0 1 3 492159 29.7693 162680 1.08435 2.90712e+06 492159 ZonesAtSurface
980.332 1923.42 351.952 4 0 1 3 288737 23.4988 21062.5 1.02506 4.49245e+06 288737 ZonesAtSurface
1030.37 1923.41 376.935 6 0 1 3 623684 31.3085 48615.5 1.03273 5.5703e+06 623684 ZonesAtSurface
1080.41 1923.43 351.918 0 0 1 4 1.2842e+06 43.3857 89946.5 1.71411 9.34559e+06 1.2842e+06 ZonesAtSurface
1130.44 1923.44 376.905 2 0 1 4 1.89007e+06 44.2388 44150.2 1.4982 1.2242e+07 1.89007e+06 ZonesAtSurface
1180.49 1923.45 351.887 2 0 1 5 214193 42.9741 171861 1.0841 1.10439e+07 214193 ZonesAtSurface
1230.53 1923.45 376.87 6 0 1 5 1.69368e+06 23.1395 111943 1.01058 8.45854e+06 1.69368e+06 ZonesAtSurface
1280.58 1923.45 401.854 7 0 1 5 840140 27.5296 73798 1.02408 7.4557e+06 840140 ZonesAtSurface
1330.63 1923.45 376.841 3 0 1 6 1.5847e+06 25.8587 45116.9 1.00395 8.72976e+06 1.5847e+06 ZonesAtSurface
1380.7 1923.45 401.824 4 0 1 6 1.13608e+06 35.6765 34647.4 1.01059 9.35993e+06 1.13608e+06 ZonesAtSurface
1430.8 1923.48 476.795 10 5 1 5 1.6576e+06 24.0992 100324 1.05619 5.06005e+06 1.6576e+06 ZonesAtSurface
1480.89 1923.51 501.772 1 7 1 5 1.88743e+06 28.6722 52301.2 1.07819 5.86667e+06 1.88743e+06 ZonesAtSurface
1530.98 1923.53 526.753 9 6 1 5 1.45095e+06 44.3959 156205 1.25106 5.09067e+06 1.45095e+06 ZonesAtSurface
1581.01 1923.51 451.789 9 0 1 7 853175 29.3461 61724.5 1.01155 4.44462e+06 853175 ZonesAtSurface
1631.05 1923.5 376.826 8 0 1 9 386351 22.633 188554 1.04177 4.23049e+06 386351 ZonesAtSurface
1681.11 1923.48 351.85 7 0 1 10 1.78912e+06 27.1419 145067 1.12061 7.76657e+06 1.78912e+06 ZonesAtSurface
1731.17 1923.48 276.884 5 0 1 12 615531 37.3738 155404 1.12727 1.35517e+07 615531 ZonesAtSurface
1781.25 1923.49 251.91 4 0 1 13 383799 34.4833 82933.8 1.03682 1.02721e+07 383799 ZonesAtSurface
1831.33 1923.5 276.934 5 0 1 13 462953 43.7232 99834.7 1.05581 8.99061e+06 462953 ZonesAtSurface
1881.41 1923.52 251.954 4 0 1 14 422098 37.2949 167063 1.03145 7.71165e+06 422098 ZonesAtSurface
1931.54 1923.54 326.945 8 7 1 13 1.75571e+06 33.2108 155616 0.981492 6.25426e+06 1.75571e+06 ZonesAtSurface
1981.64 1923.52 301.966 8 6 2 14 1.61891e+06 31.8349 97179.1 1.05216 5.4121e+06 1.61891e+06 ZonesAtSurface
2031.69 1923.46 264.484 7 0 2 14 1.75867e+06 23.7058 61325.2 1.228 5.62005e+06 1.75867e+06 ZonesAtSurface
2081.7 1923.43 214.5 6 0 1 13 372161 17.3334 172843 1.35041 2.13705e+06 372161 ZonesAtSurface
2131.57 1923.37 64.5016 3 0 1 14 194032 39.307 38937.4 1.25228 1.30834e+07 194032 ZonesAtSurface
2181.6 1923.37 64.5168 6 0 1 12 183368 43.5178 185265 1.04343 1.07611e+07 183368 ZonesAtSurface
2231.57 1923.38 14.5142 0 0 1 11 689353 44.1985 176151 2.04496 1.38672e+07 689353 ZonesAtSurface
2281.54 1923.42 14.5376 9 0 1 9 860969 28.1723 104369 1.4668 7.38485e+06 860969 ZonesAtSurface
2331.48 1923.43 -35.4799 8 0 1 8 1.57813e+06 16.359 96357.6 1.37548 1.00434e+07 1.57813e+06 ZonesAtSurface
2381.34 1923.45 -35.4543 22 0 1 6 1.4371e+06 37.5171 131178 2.30524 1.22468e+07 1.4371e+06 ZonesAtSurface
2431.43 1923.51 -135.509 6 0 0 0 1.08846e+06 26.2759 185011 2.37488 1.24592e+07 1.08846e+06 ZonesAtSurface
2481.2 1923.63 -35.489 10 0 0 0 588724 37.2855 141878 1.31413 1.37463e+07 588724 ZonesAtSurface
2531.34 1923.64 -115.483 0 0 0 0 1.46852e+06 29.9668 105246 2.42432 9.93662e+06 1.46852e+06 ZonesAtSurface
2581.32 1923.67 -125.473 0 0 0 0 453061 24.442 44606.3 2.08832 8.04878e+06 453061 ZonesAtSurface
2631.26 1923.73 -85.4618 7 0 0 0 866293 21.5613 91117.2 1.92651 6.97308e+06 866293 ZonesAtSurface
2681.25 1923.73 -95.4477 0 0 0 0 1.09279e+06 34.9198 154758 4.18017 7.48801e+06 1.09279e+06 ZonesAtSurface
2731.23 1923.73 -105.43 0 0 0 0 1.38389e+06 22.2116 27525.7 2.34926 7.33391e+06 1.38389e+06 ZonesAtSurface
2781.2 1923.76 -65.3922 0 0 0 0 893145 39.4718 38733.8 3.81761 8.62661e+06 893145 ZonesAtSurface
2831.17 1923.79 -25.3263 40 0 1 6 364623 40.685 84600.5 2.85475 7.73894e+06 364623 ZonesAtSurface
2881.12 1923.77 -35.2709 46 0 1 7 507353 34.2257 42694.8 1.35298 5.1557e+06 507353 ZonesAtSurface
2931.03 1923.75 -45.2871 49 0 1 8 142511 39.2777 111908 1.32417 7.49383e+06 142511 ZonesAtSurface
2980.96 1923.75 -5.24319 57 10 1 8 818545 31.0239 41912.1 1.46481 2.34542e+06 818545 ZonesAtSurface
3030.96 1923.74 -15.2654 44 0 1 9 1.8738e+06 31.8581 62391.1 1.05707 6.65282e+06 1.8738e+06 ZonesAtSurface
3080.96 1923.72 -25.3006 27 0 1 10 1.44343e+06 37.284 94559.3 1.14123 7.27132e+06 1.44343e+06 ZonesAtSurface
3130.94 1923.71 -35.3579 7 0 1 11 1.78337e+06 44.4726 162913 1.2879 1.43411e+07 1.78337e+06 ZonesAtSurface
3180.97 1923.69 -45.4065 0 0 1 12 783136 43.2121 151871 2.76778 1.2213e+07 783136 ZonesAtSurface
3230.95 1923.69 -5.42623 13 0 1 12 196766 28.8443 12519 1.0082 1.03695e+07 196766 ZonesAtSurface
3280.86 1923.7 134.504 3 0 1 10 1.37982e+06 21.6093 121755 1.0222 4.53078e+06 1.37982e+06 ZonesAtSurface
3330.99 1923.68 124.511 3 0 1 11 1.19942e+06 20.7377 171044 1.00764 6.74368e+06 1.19942e+06 ZonesAtSurface
3381.05 1923.67 164.478 4 0 1 11 607131 15.335 41188.4 1.01159 4.70206e+06 607131 ZonesAtSurface
3431.11 1923.66 204.449 3 0 1 11 1.52461e+06 34.816 149455 1.01265 1.00175e+07 1.52461e+06 ZonesAtSurface
3481.17 1923.63 244.424 8 0 1 11 873545 19.1489 175337 1.02001 5.39567e+06 873545 ZonesAtSurface
3531.23 1923.61 284.402 8 0 1 11 458866 34.2951 97509.9 1.03767 7.44044e+06 458866 ZonesAtSurface
3581.32 1923.61 274.396 8 0 1 12 1.04471e+06 35.7667 39347.4 1.01247 9.01381e+06 1.04471e+06 ZonesAtSurface
3631.39 1923.6 314.38 9 0 1 12 1.7337e+06 21.7125 27358.2 1.01747 7.21375e+06 1.7337e+06 ZonesAtSurface
3681.48 1923.59 304.378 4 0 1 13 456948 41.2539 166810 1.25423 1.10122e+07 456948 ZonesAtSurface
3731.52 1923.55 394.322 5 0 1 12 1.80731e+06 40.915 68949.9 1.17445 9.98073e+06 1.80731e+06 ZonesAtSurface
3781.61 1923.53 444.267 6 0 1 11 860584 22.792 159170 1.04666 3.86543e+06 860584 ZonesAtSurface
3831.73 1923.54 404.295 0 0 1 11 1.10566e+06 30.1657 69568.7 1.01022 7.43736e+06 1.10566e+06 ZonesAtSurface
3881.83 1923.54 514.18 8 0 2 8 327583 35.9169 97163.2 1.04104 4.30629e+06 327583 ZonesAtSurface
3931.93 1923.54 474.228 8 0 1 8 378335 22.8632 14063.4 1.04003 5.5725e+06 378335 ZonesAtSurface
3982.03 1923.53 484.232 9 0 1 7 923851 26.7222 175998 1.04606 7.68337e+06 923851 ZonesAtSurface
4032.12 1923.53 394.321 1 0 1 8 1.2987e+06 43.0154 172677 1.26947 1.09124e+07 1.2987e+06 ZonesAtSurface
4082.22 1923.51 454.294 5 0 1 6 140210 44.3176 143590 1.35713 1.04071e+07 140210 ZonesAtSurface
4132.28 1923.52 364.367 0 0 1 7 1.75357e+06 42.0251 12924 1.73677 1.14425e+07 1.75357e+06 ZonesAtSurface
4182.35 1923.5 424.364 4 0 2 5 1.359e+06 41.7199 80516.7 1.13917 6.40048e+06 1.359e+06 ZonesAtSurface
4232.36 1923.54 234.463 0 0 1 8 855833 31.3234 185149 1.00954 9.85418e+06 855833 ZonesAtSurface
4282.4 1923.54 194.497 4 0 1 8 543887 30.8411 28581.5 1.04605 9.19495e+06 543887 ZonesAtSurface
4332.43 1923.53 154.531 1 0 1 8 1.48696e+06 25.299 111240 1.02585 9.37922e+06 1.48696e+06 ZonesAtSurface
4382.42 1923.55 64.5652 0 0 1 9 929459 43.1814 188649 3.12824 1.0028e+07 929459 ZonesAtSurface
4432.46 1923.53 74.5978 4 0 1 8 1.70048e+06 37.1083 13938.1 1.39132 1.29856e+07 1.70048e+06 ZonesAtSurface
4482.39 1923.55 -15.3808 9 0 1 9 908398 18.6615 188349 1.06521 1.07451e+07 908398 ZonesAtSurface
4532.38 1923.54 -5.32652 25 0 1 8 839435 28.0194 131142 1.08004 1.06458e+07 839435 ZonesAtSurface
4582.32 1923.55 -45.3265 34 0 1 8 1.28085e+06 19.5962 176959 1.06176 1.16978e+07 1.28085e+06 ZonesAtSurface
4632.22 1923.57 -35.2825 56 0 1 7 1.42821e+06 18.5781 76104.3 1.46931 6.07792e+06 1.42821e+06 ZonesAtSurface
4682.12 1923.59 -25.2349 64 0 1 6 142717 20.9496 65109.7 1.19575 2.5345e+06 142717 ZonesAtSurface
4732 1923.6 -15.1902 75 31 1 5 1.82108e+06 23.4621 133441 1.24077 4.96193e+06 1.82108e+06 ZonesAtSurface
4781.92 1923.63 -5.13707 101 14 1 4 496861 17.2569 136680 1.04501 1.77315e+06 496861 ZonesAtSurface
4831.78 1923.68 4.86427 111 0 1 3 167084 24.2214 171582 1.18961 1.40795e+06 167084 ZonesAtSurface
4881.71 1923.71 14.8573 121 42 1 2 147780 15.8768 179240 1.18455 664430 147780 ZonesAtSurface
4931.71 1923.74 24.8651 61 95 1 1 1.06703e+06 30.0717 32928.2 1.42501 2.71483e+06 1.06703e+06 ZonesAtSurface
81.7064 1973.8 -46.5324 127 0 1 2 944310 17.0982 146366 1.54403 6.97919e+06 944310 ZonesAtSurface
131.528 1973.79 -21.356 99 82 1 2 1.38038e+06 34.013 169879 1.23931 4.64556e+06 1.38038e+06 ZonesAtSurface
181.373 1973.72 -46.4725 109 0 1 3 1.30015e+06 31.8656 32769 1.0376 8.20545e+06 1.30015e+06 ZonesAtSurface
231.221 1973.7 -21.4406 114 33 2 3 977990 38.8688 60891.2 1.50117 4.50878e+06 977990 ZonesAtSurface
281.126 1973.67 -46.5183 78 0 1 4 1.0422e+06 33.4684 23367.5 1.06986 8.76034e+06 1.0422e+06 ZonesAtSurface
331.03 1973.66 -21.4894 82 0 2 4 550555 19.7289 164902 1.18522 2.94343e+06 550555 ZonesAtSurface
380.952 1973.63 -46.5359 39 0 1 5 1.24492e+06 41.5023 112887 1.09235 1.17109e+07 1.24492e+06 ZonesAtSurface
430.859 1973.64 -21.493 67 11 2 5 709233 35.6805 81593.1 1.2937 3.9864e+06 709233 ZonesAtSurface
480.772 1973.61 -46.5824 61 0 1 6 1.16374e+06 27.4164 41014.9 1.01361 8.11541e+06 1.16374e+06 ZonesAtSurface
530.664 1973.6 -21.5792 62 15 1 6 1.23945e+06 28.9312 36101.9 1.25126 3.74279e+06 1.23945e+06 ZonesAtSurface
580.612 1973.59 -46.6744 45 0 1 7 964613 39.3631 108664 1.04309 1.28358e+07 964613 ZonesAtSurface
630.496 1973.57 -21.7211 35 0 1 7 1.00406e+06 23.0928 11481.1 1.01228 6.49992e+06 1.00406e+06 ZonesAtSurface
680.521 1973.57 -46.8203 0 0 1 8 1.0669e+06 39.4883 30267.7 1.91933 1.66618e+07 1.0669e+06 ZonesAtSurface
730.365 1973.53 28.1423 8 0 1 7 252647 17.4339 115601 1.03812 7.37612e+06 252647 ZonesAtSurface
780.175 1973.43 153.049 10 1 2 5 1.51927e+06 15.1907 32697.6 1.21259 3.54014e+06 1.51927e+06 ZonesAtSurface
830.198 1973.43 228.019 4 5 2 4 1.65445e+06 39.648 32137.1 1.08486 6.64741e+06 1.65445e+06 ZonesAtSurface
880.236 1973.43 252.996 8 0 1 4 752229 28.1402 153997 1.04029 5.92899e+06 752229 ZonesAtSurface
930.266 1973.41 277.972 1 0 1 4 1.29971e+06 17.9087 37707 1.00662 6.1439e+06 1.29971e+06 ZonesAtSurface
980.289 1973.37 402.951 10 3 1 2 1.40015e+06 42.5833 133962 1.85751 3.23658e+06 1.40015e+06 ZonesAtSurface
1030.32 1973.37 427.932 0 10 1 2 1.85126e+06 42.9156 50575.7 2.5069 3.67273e+06 1.85126e+06 ZonesAtSurface
1080.35 1973.38 402.92 7 0 1 3 1.442e+06 36.0377 124280 1.63385 6.4222e+06 1.442e+06 ZonesAtSurface
1130.39 1973.4 377.907 9 0 1 4 285506 31.835 140083 1.11038 7.28723e+06 285506 ZonesAtSurface
1180.43 1973.39 402.897 8 1 1 4 1.87993e+06 31.8537 67805.7 1.15811 6.12986e+06 1.87993e+06 ZonesAtSurface
1230.47 1973.41 377.876 2 0 1 5 1.66071e+06 28.3806 51458.7 1.03707 8.72964e+06 1.66071e+06 ZonesAtSurface
1280.52 1973.42 452.864 7 7 1 4 1.88863e+06 33.5339 111643 2.36338 3.14253e+06 1.88863e+06 ZonesAtSurface
1330.56 1973.41 377.845 1 0 1 6 570569 22.1652 50271.9 1.00262 6.24462e+06 570569 ZonesAtSurface
1380.63 1973.42 452.83 10 2 1 5 1.43827e+06 44.5953 79205.1 1.38602 5.382e+06 1.43827e+06 ZonesAtSurface
1430.71 1973.45 477.81 4 7 1 5 1.24727e+06 44.8872 146273 1.92839 3.09166e+06 1.24727e+06 ZonesAtSurface
1480.81 1973.48 502.784 10 0 2 5 324231 29.1078 34016 0.996716 1.05877e+06 324231 ZonesAtSurface
1530.87 1973.49 477.778 5 0 1 6 1.62114e+06 18.0908 67316.1 1.05107 5.0332e+06 1.62114e+06 ZonesAtSurface
1580.94 1973.49 452.788 4 0 1 7 988687 39.7319 175205 1.03442 5.15142e+06 988687 ZonesAtSurface
1631 1973.47 427.808 4 0 1 8 287895 41.6476 151606 1.40208 3.58771e+06 287895 ZonesAtSurface
1681.06 1973.46 402.846 9 0 1 9 515074 21.974 106115 1.04744 2.45121e+06 515074 ZonesAtSurface
1731.08 1973.45 327.876 2 0 1 11 1.28702e+06 34.9036 36682 1.20111 9.54256e+06 1.28702e+06 ZonesAtSurface
1781.17 1973.44 352.894 3 0 1 11 513981 29.7742 164000 1.10217 1.3887e+06 513981 ZonesAtSurface
1831.24 1973.47 327.916 1 1 2 12 991383 28.5701 71678.4 1.44657 2.5818e+06 991383 ZonesAtSurface
1881.32 1973.51 302.929 2 2 2 13 1.69544e+06 37.7408 24583.2 1.04783 6.58939e+06 1.69544e+06 ZonesAtSurface
1931.44 1973.54 327.932 3 4 2 13 913179 25.9246 149581 1.05511 2.5693e+06 913179 ZonesAtSurface
1981.59 1973.56 352.936 0 3 2 13 1.54818e+06 32.8361 16135.4 1.26644 4.56049e+06 1.54818e+06 ZonesAtSurface
2031.57 1973.47 265.48 10 0 1 14 1.53396e+06 33.3069 70889.7 1.16874 6.6952e+06 1.53396e+06 ZonesAtSurface
2081.57 1973.44 215.494 3 0 1 13 117407 38.4054 33504.7 1.30484 2.29346e+06 117407 ZonesAtSurface
2131.55 1973.42 165.511 6 0 1 12 388007 16.8895 112548 1.05781 1.51285e+06 388007 ZonesAtSurface
2181.45 1973.39 65.507 9 0 1 12 185922 18.1026 122356 1.01862 3.91146e+06 185922 ZonesAtSurface
2231.42 1973.4 15.5015 6 0 1 11 1.63654e+06 28.7204 75094.9 1.33671 1.24384e+07 1.63654e+06 ZonesAtSurface
2281.39 1973.42 -34.5085 0 0 1 10 1.41549e+06 39.9185 164107 1.97827 1.63074e+07 1.41549e+06 ZonesAtSurface
2331.3 1973.46 -34.5027 8 0 1 8 118629 33.552 95226.8 1.14936 1.60799e+07 118629 ZonesAtSurface
2381.28 1973.47 -84.5215 3 0 0 0 1.7633e+06 20.6191 68510.4 1.48912 1.70076e+07 1.7633e+06 ZonesAtSurface
2431.05 1973.52 -34.5001 9 0 0 0 359348 34.2469 95368.1 1.2382 1.32551e+07 359348 ZonesAtSurface
2481.3 1973.56 -134.509 0 0 0 0 1.01791e+06 34.0742 20616.9 2.55373 1.11849e+07 1.01791e+06 ZonesAtSurface
2531.27 1973.64 -114.494 0 0 0 0 250191 43.4159 92422.8 3.10209 1.13228e+07 250191 ZonesAtSurface
2581.26 1973.67 -124.477 0 0 0 0 322320 40.9769 125434 3.59762 9.34315e+06 322320 ZonesAtSurface
2631.24 1973.68 -134.466 8 0 0 0 1.10727e+06 17.9715 26416.6 1.6743 7.33385e+06 1.10727e+06 ZonesAtSurface
2681.19 1973.72 -94.4516 7 0 0 0 309817 38.255 33783.5 3.09473 9.12086e+06 309817 ZonesAtSurface
2731.18 1973.72 -104.443 0 0 0 0 800840 18.7255 144501 1.63485 7.15075e+06 800840 ZonesAtSurface
2781.14 1973.75 -64.418 0 0 0 0 179349 44.2173 146317 6.5508 6.83049e+06 179349 ZonesAtSurface
2831.13 1973.74 -74.3987 0 0 0 0 646866 43.3459 167942 4.74684 8.61966e+06 646866 ZonesAtSurface
2881.09 1973.76 -34.3332 40 0 1 7 146777 31.4894 139505 1.32986 6.78326e+06 146777 ZonesAtSurface
2931.02 1973.74 -44.3279 36 0 1 8 1.63622e+06 33.193 20934 1.61658 9.32735e+06 1.63622e+06 ZonesAtSurface
2980.95 1973.73 -4.27568 48 20 1 8 1.42385e+06 30.6495 147835 1.22893 4.22138e+06 1.42385e+06 ZonesAtSurface
3030.96 1973.72 -14.2931 25 0 1 9 1.73236e+06 37.8821 69151.6 1.30069 8.34517e+06 1.73236e+06 ZonesAtSurface
3080.95 1973.7 -24.323 16 0 1 10 1.60243e+06 15.8353 86959 1.01915 7.51174e+06 1.60243e+06 ZonesAtSurface
3130.94 1973.68 -34.3669 11 0 1 11 1.28973e+06 15.7619 28388.5 1.04651 7.90147e+06 1.28973e+06 ZonesAtSurface
3180.96 1973.67 -44.4108 0 0 1 12 1.89174e+06 38.0169 177644 2.30412 1.13116e+07 1.89174e+06 ZonesAtSurface
3230.9 1973.65 45.5707 3 0 1 11 868176 44.466 45140.7 1.19711 7.69474e+06 868176 ZonesAtSurface
3280.84 1973.7 185.47 10 5 1 9 1.52352e+06 20.1019 128825 1.40536 3.08136e+06 1.52352e+06 ZonesAtSurface
3330.91 1973.68 225.44 8 8 2 9 1.05175e+06 18.9286 149820 1.91932 1.47501e+06 1.05175e+06 ZonesAtSurface
3380.99 1973.64 265.412 7 5 2 9 1.68991e+06 39.1179 47874.9 1.52157 4.85458e+06 1.68991e+06 ZonesAtSurface
3431.09 1973.63 255.415 8 2 1 10 1.0157e+06 20.2638 147570 1.03033 2.77151e+06 1.0157e+06 ZonesAtSurface
3481.17 1973.6 295.396 7 1 1 10 1.43602e+06 31.3648 44458.7 1.07361 4.78341e+06 1.43602e+06 ZonesAtSurface
3531.25 1973.58 335.384 6 7 2 10 1.42906e+06 43.7761 20822.7 1.29986 5.4277e+06 1.42906e+06 ZonesAtSurface
3581.31 1973.59 325.37 3 0 2 11 1.63677e+06 29.8164 64957.3 1.26615 6.19033e+06 1.63677e+06 ZonesAtSurface
3631.4 1973.58 315.364 4 0 1 12 198999 24.6912 140037 1.0472 4.03019e+06 198999 ZonesAtSurface
3681.45 1973.54 405.304 3 0 2 11 589874 37.3562 130522 0.937178 2.52923e+06 589874 ZonesAtSurface
3731.56 1973.55 345.342 2 0 1 13 702285 41.5226 134682 1.05274 8.79674e+06 702285 ZonesAtSurface
3781.63 1973.5 495.216 7 3 2 10 991852 38.2697 137003 1.13735 3.39265e+06 991852 ZonesAtSurface
3831.74 1973.5 505.189 6 0 2 9 720674 42.5294 11681.4 1.2919 3.50952e+06 720674 ZonesAtSurface
3881.84 1973.52 515.178 0 0 2 8 1.1681e+06 38.2364 144255 1.11454 4.12198e+06 1.1681e+06 ZonesAtSurface
3931.94 1973.51 525.177 10 1 2 7 955257 33.7522 160382 1.50721 2.53804e+06 955257 ZonesAtSurface
3982.03 1973.49 485.227 2 0 1 7 559225 18.4843 118636 1.03471 3.5155e+06 559225 ZonesAtSurface
4032.13 1973.46 495.227 0 0 1 6 1.89138e+06 31.3755 37835.8 1.66166 6.70714e+06 1.89138e+06 ZonesAtSurface
4082.22 1973.47 455.28 9 0 1 6 285199 18.4797 169701 1.03264 4.30783e+06 285199 ZonesAtSurface
4132.28 1973.46 465.307 2 0 1 5 516741 31.8642 25185.8 1.4795 5.0964e+06 516741 ZonesAtSurface
4182.36 1973.47 375.373 2 0 1 6 1.51687e+06 22.4236 35821.5 1.07815 5.87337e+06 1.51687e+06 ZonesAtSurface
4232.41 1973.46 335.418 3 0 1 6 1.46558e+06 42.7176 186667 2.8667 5.46e+06 1.46558e+06 ZonesAtSurface
4282.46 1973.42 345.433 8 10 2 5 791792 19.9577 55045.3 0 2.29465e+06 791792 ZonesAtSurface
4332.47 1973.48 205.522 2 0 2 7 259453 16.9074 156584 1.05794 1.92266e+06 259453 ZonesAtSurface
4382.49 1973.48 165.557 3 0 2 7 653476 26.5755 146948 1.15777 5.44477e+06 653476 ZonesAtSurface
4432.46 1973.5 75.5921 6 0 1 8 1.68726e+06 17.5531 137048 1.06701 7.44803e+06 1.68726e+06 ZonesAtSurface
4482.44 1973.49 35.6296 4 0 1 8 1.58556e+06 29.6548 37097 1.75465 1.20089e+07 1.58556e+06 ZonesAtSurface
4532.39 1973.51 -4.33555 8 0 1 8 115501 35.3161 72269.8 1.16904 9.35744e+06 115501 ZonesAtSurface
4582.31 1973.53 -44.3304 18 0 1 8 1.4685e+06 19.4654 167721 1.07489 1.29751e+07 1.4685e+06 ZonesAtSurface
4632.2 1973.55 -34.2885 37 0 1 7 782984 39.7257 172307 1.96371 9.55711e+06 782984 ZonesAtSurface
4682.05 1973.59 -24.2371 42 18 1 6 1.88917e+06 33.1466 69944.5 1.37749 6.19082e+06 1.88917e+06 ZonesAtSurface
4732.01 1973.58 -14.2091 55 25 1 5 1.00473e+06 40.6556 51813.8 1.09978 4.08118e+06 1.00473e+06 ZonesAtSurface
4781.96 1973.61 -4.1747 90 29 1 4 808378 31.7611 163713 1.11194 2.55253e+06 808378 ZonesAtSurface
4831.85 1973.64 5.85849 106 51 1 3 600012 23.9503 79305.7 1.17877 1.62239e+06 600012 ZonesAtSurface
4881.79 1973.68 15.8549 116 48 1 2 391011 38.9742 110022 1.23433 1.91916e+06 391011 ZonesAtSurface
4931.76 1973.74 25.8601 77 90 2 1 1.12961e+06 15.2202 44350.6 1.34883 2.16996e+06 1.12961e+06 ZonesAtSurface
81.7099 2023.78 -45.5497 102 0 1 2 792239 33.8127 103749 1.90897 1.10781e+07 792239 ZonesAtSurface
131.536 2023.78 -20.3712 69 98 1 2 1.70072e+06 44.712 143556 1.80551 5.88268e+06 1.70072e+06 ZonesAtSurface
181.385 2023.7 -45.4764 128 0 1 3 297818 32.7623 17647.9 1.04862 7.46681e+06 297818 ZonesAtSurface
231.229 2023.68 -20.4464 90 72 1 3 1.14431e+06 42.6379 31380.9 1.63163 5.37282e+06 1.14431e+06 ZonesAtSurface
281.14 2023.64 -45.5085 84 0 1 4 1.83095e+06 28.7881 132931 1.02067 1.06903e+07 1.83095e+06 ZonesAtSurface
331.033 2023.63 -20.4835 89 45 2 4 1.79673e+06 33.6555 157862 1.74533 5.33048e+06 1.79673e+06 ZonesAtSurface
380.951 2023.61 -45.5302 65 0 1 5 1.54266e+06 32.1034 149105 1.03996 1.06104e+07 1.54266e+06 ZonesAtSurface
430.855 2023.61 -20.4879 93 3 1 5 1.1692e+06 21.0376 95840.8 1.30264 3.69275e+06 1.1692e+06 ZonesAtSurface
480.759 2023.58 -45.5847 74 0 1 6 102695 25.681 165004 1.02886 6.69989e+06 102695 ZonesAtSurface
530.66 2023.57 -20.5885 60 5 1 6 1.21599e+06 18.8267 133712 1.09094 3.57199e+06 1.21599e+06 ZonesAtSurface
580.607 2023.56 -45.6959 44 0 1 7 1.71942e+06 29.4051 38463.6 1.0235 1.21645e+07 1.71942e+06 ZonesAtSurface
630.509 2023.55 -20.7338 33 0 1 7 1.7856e+06 41.3432 36583.8 1.05095 1.11379e+07 1.7856e+06 ZonesAtSurface
680.516 2023.54 -45.8165 0 0 1 8 546467 34.9206 157586 1.41828 1.68813e+07 546467 ZonesAtSurface
730.342 2023.5 29.1407 8 0 1 7 1.02903e+06 27.3591 90703.8 1.04595 1.18696e+07 1.02903e+06 ZonesAtSurface
780.227 2023.42 104.062 5 0 1 6 1.68811e+06 38.9744 158187 1.03305 1.24685e+07 1.68811e+06 ZonesAtSurface
830.197 2023.4 179.023 0 0 1 5 1.36002e+06 42.859 170133 1.04414 8.17945e+06 1.36002e+06 ZonesAtSurface
880.224 2023.4 203.997 1 0 1 5 973130 34.8961 140879 1.06581 9.71484e+06 973130 ZonesAtSurface
930.215 2023.36 328.969 6 0 2 3 1.13674e+06 17.7261 53110.6 1.07884 3.17312e+06 1.13674e+06 ZonesAtSurface
980.258 2023.37 303.951 2 0 1 4 1.84763e+06 18.2178 144650 1.00361 7.09241e+06 1.84763e+06 ZonesAtSurface
1030.29 2023.36 428.931 10 3 2 2 1.15461e+06 30.692 146630 1.39471 3.10473e+06 1.15461e+06 ZonesAtSurface
1080.32 2023.36 403.918 7 0 1 3 565379 31.8848 26784.6 1.05199 4.02552e+06 565379 ZonesAtSurface
1130.35 2023.34 428.905 6 0 2 3 754492 19.0073 123658 1.19295 2.2916e+06 754492 ZonesAtSurface
1180.39 2023.33 453.895 7 3 2 3 680998 33.4109 76476.7 1.4624 1.76865e+06 680998 ZonesAtSurface
1230.41 2023.37 378.879 4 0 1 5 763537 30.7331 128392 1.02079 8.84785e+06 763537 ZonesAtSurface
1280.45 2023.38 403.865 4 0 1 5 1.52298e+06 30.8817 63246 1.06978 9.32712e+06 1.52298e+06 ZonesAtSurface
1330.5 2023.38 428.852 6 3 1 5 1.39169e+06 24.1924 17742.8 1.23364 3.6063e+06 1.39169e+06 ZonesAtSurface
1380.56 2023.4 453.84 9 4 1 5 1.73539e+06 37.1747 147638 1.68816 4.13947e+06 1.73539e+06 ZonesAtSurface
1430.6 2023.42 428.82 4 0 1 6 303475 40.7851 108639 1.08357 5.44413e+06 303475 ZonesAtSurface
1480.72 2023.47 503.784 9 6 2 5 1.21166e+06 27.567 64533 1.88944 2.06884e+06 1.21166e+06 ZonesAtSurface
1530.73 2023.42 428.8 2 0 1 7 1.70471e+06 21.7565 33517.1 1.01719 6.62721e+06 1.70471e+06 ZonesAtSurface
1580.83 2023.47 453.784 4 4 1 7 1.77929e+06 25.6852 90961.3 1.0382 5.50085e+06 1.77929e+06 ZonesAtSurface
1630.89 2023.46 428.802 0 0 1 8 1.75558e+06 36.0562 64180.6 1.13518 6.31519e+06 1.75558e+06 ZonesAtSurface
1680.9 2023.42 353.857 5 0 1 10 1.58404e+06 29.5749 151428 1.04776 8.38298e+06 1.58404e+06 ZonesAtSurface
1730.94 2023.43 328.871 0 0 1 11 1.22495e+06 35.647 171200 1.03185 1.16725e+07 1.22495e+06 ZonesAtSurface
1781 2023.42 303.902 1 0 1 12 618846 41.0726 184444 1.03538 8.36876e+06 618846 ZonesAtSurface
1831.1 2023.47 328.908 2 5 2 12 1.87627e+06 31.5905 65993.2 1.44543 4.79834e+06 1.87627e+06 ZonesAtSurface
1881.22 2023.53 353.897 2 7 2 12 731250 39.7927 20269.8 1.07889 2.95362e+06 731250 ZonesAtSurface
1931.35 2023.58 378.892 1 5 2 12 1.06891e+06 37.6201 129115 1.10657 3.64772e+06 1.06891e+06 ZonesAtSurface
1981.39 2023.54 303.952 9 5 2 14 274927 35.4535 129948 0 590948 274927 ZonesAtSurface
2031.42 2023.47 266.481 10 0 1 14 1.61535e+06 26.7254 149312 1.11298 5.87079e+06 1.61535e+06 ZonesAtSurface
2081.31 2023.4 166.489 6 0 1 14 374852 33.4994 188762 1.0184 5.17624e+06 374852 ZonesAtSurface
2131.29 2023.42 116.494 4 0 1 13 228182 29.0014 177932 1.25607 5.54963e+06 228182 ZonesAtSurface
2181.32 2023.46 116.513 10 8 1 11 1.66569e+06 20.124 126688 1.25001 3.96496e+06 1.66569e+06 ZonesAtSurface
2231.24 2023.43 16.4887 9 0 1 11 649760 32.8181 85015.6 1.35656 1.22946e+07 649760 ZonesAtSurface
2281.21 2023.45 -33.5223 10 0 1 10 1.06599e+06 40.326 150693 1.99423 1.87271e+07 1.06599e+06 ZonesAtSurface
2331.05 2023.47 -33.5146 16 0 1 8 1.68062e+06 15.8164 10279.2 2.62195 3.31243e+06 1.68062e+06 ZonesAtSurface
2381.1 2023.49 -83.5363 4 0 0 0 676160 20.0826 35320.1 1.42563 1.50906e+07 676160 ZonesAtSurface
2431.05 2023.53 -83.5327 7 0 0 0 1.08895e+06 24.5508 25818.9 1.17975 1.25749e+07 1.08895e+06 ZonesAtSurface
2481.19 2023.57 -133.53 6 0 0 0 1.028e+06 15.7142 41079.7 1.78205 6.27692e+06 1.028e+06 ZonesAtSurface
2531.34 2023.57 -213.498 0 0 0 0 1.43133e+06 23.6429 165907 2.2679 1.0323e+07 1.43133e+06 ZonesAtSurface
2581.25 2023.63 -173.48 0 0 0 0 1.29197e+06 44.9156 36814.4 6.34637 9.50003e+06 1.29197e+06 ZonesAtSurface
2631.18 2023.67 -133.464 0 0 0 0 1.56634e+06 44.2366 128538 5.01971 9.30329e+06 1.56634e+06 ZonesAtSurface
2681.12 2023.7 -93.4509 5 0 0 0 1.84422e+06 37.658 73780 2.77556 1.02784e+07 1.84422e+06 ZonesAtSurface
2731.16 2023.69 -153.456 0 0 0 0 741823 41.3456 120245 5.85893 8.07005e+06 741823 ZonesAtSurface
2781.07 2023.73 -63.4355 5 0 0 0 1.063e+06 43.9127 163705 4.0329 8.64997e+06 1.063e+06 ZonesAtSurface
2831.07 2023.73 -73.4233 0 0 0 0 1.03699e+06 43.9624 176605 6.39297 7.12431e+06 1.03699e+06 ZonesAtSurface
2881.04 2023.75 -33.3907 3 0 0 0 309919 40.1414 58124.9 3.90776 7.90178e+06 309919 ZonesAtSurface
2931.01 2023.73 -43.3657 38 0 1 8 604198 19.3168 71471.7 1.36548 6.81129e+06 604198 ZonesAtSurface
2980.96 2023.72 -3.30715 44 8 1 8 1.34491e+06 39.4906 11797.4 1.44259 5.79301e+06 1.34491e+06 ZonesAtSurface
3030.96 2023.71 -13.3073 28 0 1 9 1.84419e+06 31.7032 115482 1.23605 7.82152e+06 1.84419e+06 ZonesAtSurface
3080.96 2023.69 -23.3332 14 0 1 10 1.85831e+06 36.883 100695 1.29585 9.82952e+06 1.85831e+06 ZonesAtSurface
3130.94 2023.67 -33.3728 3 0 1 11 1.84453e+06 24.5627 123768 1.10014 1.10401e+07 1.84453e+06 ZonesAtSurface
3180.96 2023.65 -43.414 0 0 1 12 1.5476e+06 24.8988 75890.8 1.42999 1.00539e+07 1.5476e+06 ZonesAtSurface
3230.85 2023.67 96.5289 8 4 1 10 536114 28.4349 26392.9 0.914037 1.98549e+06 536114 ZonesAtSurface
3280.94 2023.65 86.5386 3 0 1 11 1.26039e+06 19.1943 131924 1.0382 5.26745e+06 1.26039e+06 ZonesAtSurface
3330.95 2023.67 176.473 5 0 1 10 1.00946e+06 20.6887 112878 1.0304 3.19906e+06 1.00946e+06 ZonesAtSurface
3380.99 2023.67 266.406 0 8 2 9 1.68073e+06 32.1025 74514.7 1.54653 3.87837e+06 1.68073e+06 ZonesAtSurface
3431.08 2023.62 256.408 2 0 1 10 164936 15.4749 96183.7 1.2151 458514 164936 ZonesAtSurface
3481.18 2023.59 296.385 8 0 1 10 1.05609e+06 18.8313 135680 1.0386 3.3223e+06 1.05609e+06 ZonesAtSurface
3531.26 2023.59 286.387 0 0 1 11 286535 44.3863 172021 1.49861 6.84139e+06 286535 ZonesAtSurface
3581.33 2023.59 326.362 7 0 1 11 1.53379e+06 18.7167 161820 1.24877 4.2915e+06 1.53379e+06 ZonesAtSurface
3631.4 2023.59 366.324 3 2 1 11 1.71472e+06 21.0053 65492.3 1.48029 3.75564e+06 1.71472e+06 ZonesAtSurface
3681.47 2023.57 406.289 0 10 2 11 1.62563e+06 38.2938 120442 1.65599 4.23424e+06 1.62563e+06 ZonesAtSurface
3731.56 2023.54 446.258 2 2 2 11 1.30544e+06 16.4093 43348.1 1.29111 2.8653e+06 1.30544e+06 ZonesAtSurface
3781.65 2023.5 446.258 1 1 2 11 1.87126e+06 43.9909 77568.5 1.58967 7.29175e+06 1.87126e+06 ZonesAtSurface
3831.74 2023.5 506.196 9 0 1 9 312123 44.8508 164977 1.12012 1.07869e+06 312123 ZonesAtSurface
3881.85 2023.5 466.229 6 0 1 9 622919 42.3841 33587.7 1.27881 4.60417e+06 622919 ZonesAtSurface
3931.95 2023.49 426.265 0 0 1 9 1.14776e+06 41.0016 29117.1 1.09511 8.55997e+06 1.14776e+06 ZonesAtSurface
3982.04 2023.47 486.22 4 0 2 7 330474 35.2883 63063.1 1.03867 5.67892e+06 330474 ZonesAtSurface
4032.11 2023.43 546.184 8 1 2 5 863542 34.1923 121797 1.38665 3.1861e+06 863542 ZonesAtSurface
4082.2 2023.43 506.243 5 0 2 5 1.31988e+06 25.1472 171067 1.53343 3.90768e+06 1.31988e+06 ZonesAtSurface
4132.29 2023.45 416.324 4 0 1 6 989098 28.3204 168354 1.17317 6.67649e+06 989098 ZonesAtSurface
4182.35 2023.45 426.351 0 7 2 5 1.43094e+06 21.4987 138787 2.0468 3.25098e+06 1.43094e+06 ZonesAtSurface
4232.41 2023.46 336.417 0 0 2 6 811252 43.8607 47908.2 2.86825 3.54672e+06 811252 ZonesAtSurface
4282.44 2023.47 296.461 1 5 2 6 1.64133e+06 19.8115 52724 1.32725 3.52927e+06 1.64133e+06 ZonesAtSurface
4332.46 2023.48 206.52 4 0 2 7 1.80072e+06 25.2174 157714 1.48406 5.33906e+06 1.80072e+06 ZonesAtSurface
4382.48 2023.48 166.554 6 0 1 7 1.02256e+06 37.2387 158656 1.16012 4.50002e+06 1.02256e+06 ZonesAtSurface
4432.5 2023.48 126.575 6 3 2 7 1.2351e+06 43.3886 66941.3 1.22087 5.5262e+06 1.2351e+06 ZonesAtSurface
4482.44 2023.5 36.6291 0 0 1 8 1.09325e+06 34.0967 157491 1.70294 1.1538e+07 1.09325e+06 ZonesAtSurface
4532.38 2023.5 -3.33293 24 0 1 8 1.0663e+06 40.358 157209 1.2452 1.15376e+07 1.0663e+06 ZonesAtSurface
4582.31 2023.51 -43.3313 30 0 1 8 200601 27.0701 78399 1.18752 1.16207e+07 200601 ZonesAtSurface
4632.17 2023.53 -33.28 49 0 1 7 1.23745e+06 21.0454 57627 1.42599 5.43718e+06 1.23745e+06 ZonesAtSurface
4682 2023.57 -23.2361 59 0 1 6 170892 36.6379 178049 1.33563 3.3089e+06 170892 ZonesAtSurface
4731.98 2023.58 -13.2177 66 21 1 5 934420 29.8145 63044 1.05617 2.93565e+06 934420 ZonesAtSurface
4781.92 2023.6 -3.19211 38 46 1 4 1.2238e+06 43.986 153383 1.4243 3.65284e+06 1.2238e+06 ZonesAtSurface
4831.87 2023.62 6.84976 86 67 1 3 1.07456e+06 24.2386 169801 1.22157 2.58868e+06 1.07456e+06 ZonesAtSurface
4881.82 2023.66 16.8653 125 61 1 2 295128 29.8466 55589.6 1.18223 1.00353e+06 295128 ZonesAtSurface
4931.81 2023.73 26.8539 108 77 1 1 373490 36.1157 42939.6 0.99968 1.44597e+06 373490 ZonesAtSurface
81.7047 2073.76 -44.5553 136 0 1 2 819483 25.7689 31930.9 1.68693 9.02093e+06 819483 ZonesAtSurface
131.521 2073.76 -19.3786 99 106 1 2 1.03953e+06 44.729 89997.8 2.2605 5.20168e+06 1.03953e+06 ZonesAtSurface
181.384 2073.68 -44.4718 136 0 1 3 1.01198e+06 24.3399 116176 1.03273 7.52576e+06 1.01198e+06 ZonesAtSurface
231.223 2073.66 -19.441 123 49 1 3 963428 22.7669 14802 1.26972 3.91067e+06 963428 ZonesAtSurface
281.148 2073.62 -44.4842 95 0 1 4 963137 35.2714 119466 1.03757 1.1347e+07 963137 ZonesAtSurface
331.032 2073.62 -19.4617 114 20 1 4 735415 27.2296 32764.4 1.49204 3.90965e+06 735415 ZonesAtSurface
380.939 2073.59 -44.5188 73 0 1 5 1.52027e+06 44.9307 55759.6 1.42241 1.14833e+07 1.52027e+06 ZonesAtSurface
430.848 2073.59 -19.4889 91 54 1 5 1.70015e+06 40.0655 18724.5 1.93864 6.53047e+06 1.70015e+06 ZonesAtSurface
480.751 2073.56 -44.5867 75 0 1 6 1.67904e+06 29.1031 71208 1.04699 9.39725e+06 1.67904e+06 ZonesAtSurface
530.665 2073.54 -19.5897 72 48 1 6 1.67619e+06 43.2121 124069 1.47391 6.3679e+06 1.67619e+06 ZonesAtSurface
580.604 2073.52 -44.6998 54 0 1 7 406201 33.6004 111684 1.0397 1.20306e+07 406201 ZonesAtSurface
630.524 2073.52 -19.7351 30 0 1 7 853594 40.1789 23917.7 1.11095 1.04694e+07 853594 ZonesAtSurface
680.512 2073.5 -44.8163 0 0 1 8 773992 42.0928 176091 2.46841 1.97666e+07 773992 ZonesAtSurface
730.173 2073.42 80.0908 9 0 2 6 110798 26.0405 152258 1.3752 2.5609e+06 110798 ZonesAtSurface
780.204 2073.39 105.057 1 0 1 6 564609 24.7139 78933.1 1.02313 5.88413e+06 564609 ZonesAtSurface
830.174 2073.37 180.022 2 0 1 5 938577 37.885 168429 1.17905 1.00045e+07 938577 ZonesAtSurface
880.161 2073.35 254.989 5 0 1 4 921787 19.0248 58026.3 1.07396 4.77242e+06 921787 ZonesAtSurface
930.192 2073.34 279.967 0 0 1 4 1.45708e+06 20.2135 53371.1 1.00462 6.5576e+06 1.45708e+06 ZonesAtSurface
980.215 2073.33 354.946 7 0 1 3 896744 42.8924 98222.1 1.06638 7.03768e+06 896744 ZonesAtSurface
1030.25 2073.33 379.931 10 0 1 3 1.14362e+06 34.7269 46249.2 1.05775 5.18402e+06 1.14362e+06 ZonesAtSurface
1080.28 2073.34 404.918 2 0 2 3 1.85772e+06 40.7328 88843.5 1.17528 7.34146e+06 1.85772e+06 ZonesAtSurface
1130.3 2073.34 379.904 6 0 1 4 1.06027e+06 37.6059 87371 1.01283 7.4164e+06 1.06027e+06 ZonesAtSurface
1180.34 2073.33 454.895 7 6 1 3 1.76329e+06 18.6976 117908 2.0193 2.58096e+06 1.76329e+06 ZonesAtSurface
1230.35 2073.34 379.877 1 0 1 5 322251 31.7158 34412.3 1.02395 6.96784e+06 322251 ZonesAtSurface
1280.38 2073.34 404.866 10 0 1 5 430948 24.3553 173545 1.06556 4.27776e+06 430948 ZonesAtSurface
1330.41 2073.34 379.85 2 0 1 6 1.51942e+06 20.346 60186.6 1.03 7.15052e+06 1.51942e+06 ZonesAtSurface
1380.44 2073.35 404.843 9 0 1 6 1.38801e+06 33.4161 34705.1 1.02476 9.886e+06 1.38801e+06 ZonesAtSurface
1430.46 2073.36 379.823 8 0 1 7 292300 33.3249 48642.7 1.03511 1.19011e+07 292300 ZonesAtSurface
1480.51 2073.36 404.821 10 0 1 7 1.18711e+06 17.1581 165482 1.0556 5.4009e+06 1.18711e+06 ZonesAtSurface
1530.58 2073.39 429.813 9 0 1 7 1.42418e+06 43.7592 167805 1.0573 7.62096e+06 1.42418e+06 ZonesAtSurface
1580.63 2073.38 404.808 8 0 1 8 1.53072e+06 35.5673 146299 1.0502 8.34956e+06 1.53072e+06 ZonesAtSurface
1630.63 2073.34 329.828 8 0 1 10 1.15003e+06 18.0652 123349 1.05279 9.41221e+06 1.15003e+06 ZonesAtSurface
1680.66 2073.35 304.851 0 0 1 11 385649 41.7822 85955.5 1.02071 1.64587e+07 385649 ZonesAtSurface
1730.69 2073.35 279.872 6 0 1 12 314576 33.7978 140586 1.03303 1.50896e+07 314576 ZonesAtSurface
1780.77 2073.37 304.909 10 0 1 12 1.47605e+06 34.6986 57774.6 1.00802 1.05371e+07 1.47605e+06 ZonesAtSurface
1830.83 2073.42 279.908 9 0 1 13 903988 39.1111 169751 1.01072 1.66476e+07 903988 ZonesAtSurface
1880.89 2073.43 254.944 8 0 1 14 720500 21.2994 31708 1.01247 7.91328e+06 720500 ZonesAtSurface
1931.01 2073.5 279.955 5 0 1 14 932967 42.2626 113479 1.07783 8.44108e+06 932967 ZonesAtSurface
1981.06 2073.49 254.969 1 0 2 15 593076 31.8419 57234.3 1.00207 3.79124e+06 593076 ZonesAtSurface
2031.07 2073.4 217.49 1 0 1 15 985197 18.2378 21065.2 1.02064 3.60663e+06 985197 ZonesAtSurface
2081.06 2073.41 167.484 5 5 1 14 1.43853e+06 37.9991 113001 1.05323 6.07779e+06 1.43853e+06 ZonesAtSurface
2131.02 2073.37 67.4786 10 0 1 14 1.00022e+06 34.0391 120644 1.43226 7.20184e+06 1.00022e+06 ZonesAtSurface
2181.06 2073.45 67.4936 0 0 2 12 1.45653e+06 28.327 132373 1.55606 4.71431e+06 1.45653e+06 ZonesAtSurface
2231.07 2073.42 -32.5348 6 0 1 12 355885 39.096 144672 1.26976 1.59017e+07 355885 ZonesAtSurface
2281.01 2073.46 -32.5335 16 0 1 10 1.62622e+06 40.3558 11686.4 2.25675 1.6925e+07 1.62622e+06 ZonesAtSurface
2330.7 2073.43 -32.5403 19 0 1 8 845898 41.358 92521.3 1.62735 2.13295e+07 845898 ZonesAtSurface
2380.89 2073.49 -82.5517 10 0 0 0 1.35418e+06 15.261 170139 1.18354 1.37528e+07 1.35418e+06 ZonesAtSurface
2431.09 2073.55 -132.548 2 0 0 0 475655 30.9829 17775.6 1.50649 1.47389e+07 475655 ZonesAtSurface
2481.23 2073.56 -182.539 2 0 0 0 1.70449e+06 18.2162 48094.6 2.01051 7.91106e+06 1.70449e+06 ZonesAtSurface
2531.3 2073.58 -212.495 0 0 0 0 162587 42.1956 76594.9 3.64639 1.30683e+07 162587 ZonesAtSurface
2581.19 2073.63 -172.476 4 0 0 0 246059 38.148 135842 2.06918 1.2076e+07 246059 ZonesAtSurface
2631.18 2073.64 -182.464 0 0 0 0 1.68379e+06 40.0713 74303.3 4.1812 1.06696e+07 1.68379e+06 ZonesAtSurface
2681.11 2073.67 -142.455 0 0 0 0 1.59629e+06 42.515 77309.8 4.15893 1.03134e+07 1.59629e+06 ZonesAtSurface
2731.1 2073.67 -152.454 4 0 0 0 1.767e+06 19.8851 17721.5 1.85455 8.58042e+06 1.767e+06 ZonesAtSurface
2781.05 2073.69 -112.449 0 0 0 0 490062 41.5202 107304 4.94364 7.88143e+06 490062 ZonesAtSurface
2831.05 2073.69 -122.444 0 0 0 0 668013 25.8652 175305 2.95851 6.7522e+06 668013 ZonesAtSurface
2880.96 2073.77 17.5837 0 0 0 0 1.71958e+06 37.6086 62844.4 2.3208 7.74933e+06 1.71958e+06 ZonesAtSurface
2930.99 2073.72 -42.3975 10 0 0 0 1.49795e+06 29.8236 43491.4 3.31228 6.01557e+06 1.49795e+06 ZonesAtSurface
2980.95 2073.71 -2.34033 51 0 1 8 1.7315e+06 18.1655 177112 1.25308 5.76812e+06 1.7315e+06 ZonesAtSurface
3030.96 2073.69 -12.3173 34 0 1 9 1.19376e+06 27.0488 10560.3 1.06293 6.19171e+06 1.19376e+06 ZonesAtSurface
3080.96 2073.67 -22.3385 35 0 1 10 156008 22.0534 111585 1.01044 5.8789e+06 156008 ZonesAtSurface
3130.95 2073.65 -32.3743 2 0 1 11 1.31212e+06 36.5766 17584.4 1.48318 9.64339e+06 1.31212e+06 ZonesAtSurface
3180.92 2073.65 7.6075 10 0 1 11 185103 31.634 54753.9 1.13769 5.61515e+06 185103 ZonesAtSurface
3230.92 2073.65 47.5637 5 0 1 11 1.08466e+06 43.1815 126505 1.11564 7.41566e+06 1.08466e+06 ZonesAtSurface
3280.95 2073.66 87.5372 3 0 1 11 1.2936e+06 44.0131 98126.9 1.12521 7.04935e+06 1.2936e+06 ZonesAtSurface
3330.99 2073.64 127.507 4 0 1 11 1.21475e+06 34.7209 124395 1.47225 6.81737e+06 1.21475e+06 ZonesAtSurface
3381.04 2073.62 167.475 4 0 1 11 413140 43.9521 138442 1.05621 9.57508e+06 413140 ZonesAtSurface
3431.11 2073.59 207.44 1 0 1 11 318869 19.0243 181494 1.04339 3.97648e+06 318869 ZonesAtSurface
3481.18 2073.58 247.407 4 0 1 11 231104 37.7529 88123.2 1.11631 7.16343e+06 231104 ZonesAtSurface
3531.26 2073.6 337.36 8 5 2 10 605459 28.5112 134334 1.12286 1.76737e+06 605459 ZonesAtSurface
3581.33 2073.57 277.377 1 0 1 12 1.39183e+06 43.3461 165933 1.14266 1.09413e+07 1.39183e+06 ZonesAtSurface
3631.42 2073.54 217.4 0 0 1 14 300652 25.967 61530.4 1.01905 9.30163e+06 300652 ZonesAtSurface
3681.49 2073.54 307.35 3 0 1 13 1.32331e+06 39.238 67758.1 1.2726 1.11806e+07 1.32331e+06 ZonesAtSurface
3731.59 2073.5 297.36 0 0 1 14 1.54055e+06 39.2044 128359 1.34186 1.25957e+07 1.54055e+06 ZonesAtSurface
3781.65 2073.5 447.261 7 0 2 11 238132 44.623 76599.9 1.95385 2.4837e+06 238132 ZonesAtSurface
3831.75 2073.49 457.244 9 0 2 10 464546 29.0916 62918.2 1.72223 3.17089e+06 464546 ZonesAtSurface
3881.85 2073.46 417.273 9 0 2 10 141292 34.1615 43943.8 1.29774 7.32295e+06 141292 ZonesAtSurface
3931.95 2073.45 427.272 0 0 1 9 234387 44.2942 70688.3 2.19191 7.09663e+06 234387 ZonesAtSurface
3982.04 2073.45 437.266 0 0 1 8 1.35723e+06 36.4439 75818.6 1.4971 8.40587e+06 1.35723e+06 ZonesAtSurface
4032.14 2073.43 497.217 0 0 1 6 994141 41.9035 139837 1.88345 4.6419e+06 994141 ZonesAtSurface
4082.19 2073.42 507.242 1 0 2 5 581715 15.5831 43728.2 1.4667 1.92598e+06 581715 ZonesAtSurface
4132.27 2073.42 467.302 0 2 2 5 1.3752e+06 37.3085 134627 2.6966 3.04941e+06 1.3752e+06 ZonesAtSurface
4182.33 2073.44 327.404 0 0 1 7 1.38094e+06 15.927 189417 1.01311 6.60367e+06 1.38094e+06 ZonesAtSurface
4232.36 2073.44 237.463 0 0 1 8 1.01772e+06 44.9025 133925 2.6013 9.22418e+06 1.01772e+06 ZonesAtSurface
4282.41 2073.47 247.479 3 0 2 7 421543 42.8375 182326 1.31341 4.27928e+06 421543 ZonesAtSurface
4332.41 2073.47 107.537 0 0 1 9 1.40165e+06 43.9692 78316.2 2.25476 9.11656e+06 1.40165e+06 ZonesAtSurface
4382.42 2073.47 67.5658 6 0 1 9 1.09082e+06 31.4132 112660 1.39588 8.55589e+06 1.09082e+06 ZonesAtSurface
4432.46 2073.49 77.5873 0 0 2 8 1.65944e+06 22.0691 67435.6 1.21883 6.08009e+06 1.65944e+06 ZonesAtSurface
4482.39 2073.48 -12.379 9 0 1 9 177032 37.2384 102885 2.03409 1.23504e+07 177032 ZonesAtSurface
4532.35 2073.49 -2.32079 34 0 1 8 1.09054e+06 36.9359 107090 2.17754 7.69198e+06 1.09054e+06 ZonesAtSurface
4582.31 2073.49 -42.3318 34 0 1 8 677026 31.6493 28230.8 1.4571 1.06605e+07 677026 ZonesAtSurface
4632.14 2073.51 -32.2689 39 15 1 7 1.80518e+06 42.7485 118035 1.73944 6.89162e+06 1.80518e+06 ZonesAtSurface
4681.97 2073.56 -22.2212 73 21 1 6 976147 20.6136 136210 1.08485 2.76046e+06 976147 ZonesAtSurface
4731.92 2073.58 -12.207 50 37 1 5 622034 43.2934 108291 1.05498 2.30447e+06 622034 ZonesAtSurface
4781.87 2073.6 -2.19181 79 39 1 4 573396 34.9103 108570 1.07455 1.84193e+06 573396 ZonesAtSurface
4831.85 2073.62 7.8246 65 68 1 3 1.38258e+06 39.6161 27353.1 1.81074 3.33855e+06 1.38258e+06 ZonesAtSurface
4881.77 2073.68 17.8712 79 88 1 2 1.75267e+06 29.0859 152635 1.50618 3.85705e+06 1.75267e+06 ZonesAtSurface
4931.75 2073.73 27.8658 67 104 1 1 1.35642e+06 20.0154 39353.6 1.43988 2.73683e+06 1.35642e+06 ZonesAtSurface
81.7063 2123.75 -43.5573 140 0 1 2 1.4858e+06 22.6865 146907 1.53049 8.023e+06 1.4858e+06 ZonesAtSurface
131.519 2123.75 -18.3803 105 109 1 2 1.27497e+06 40.3349 63340.2 2.42558 4.77477e+06 1.27497e+06 ZonesAtSurface
181.382 2123.66 -43.4657 132 0 1 3 712418 30.2137 20390.3 1.08293 7.08632e+06 712418 ZonesAtSurface
231.217 2123.63 -18.4289 112 56 1 3 679741 44.0028 24805.2 1.79039 4.85479e+06 679741 ZonesAtSurface
281.146 2123.6 -43.4707 110 0 1 4 131979 31.5704 161877 1.14896 8.4721e+06 131979 ZonesAtSurface
331.025 2123.59 -18.4418 117 25 1 4 930762 20.1655 148615 1.313 3.84582e+06 930762 ZonesAtSurface
380.928 2123.57 -43.5127 108 0 1 5 1.5337e+06 23.5722 19850.4 1.26153 8.26197e+06 1.5337e+06 ZonesAtSurface
430.823 2123.57 -18.5079 107 23 1 5 1.57202e+06 15.7758 125551 1.32998 4.25863e+06 1.57202e+06 ZonesAtSurface
480.748 2123.53 -43.5953 59 0 1 6 1.06025e+06 44.5159 31262.9 2.15452 1.00255e+07 1.06025e+06 ZonesAtSurface
530.666 2123.51 -18.5932 61 0 1 6 102538 25.9206 89623 1.24215 3.23936e+06 102538 ZonesAtSurface
580.603 2123.49 -43.6965 34 0 1 7 702269 42.5919 106637 1.68543 1.34709e+07 702269 ZonesAtSurface
630.531 2123.48 -18.7301 52 0 1 7 245212 37.1212 186164 1.21483 8.40943e+06 245212 ZonesAtSurface
680.506 2123.45 -43.8212 0 0 1 8 1.89227e+06 40.7134 116459 2.22818 2.12019e+07 1.89227e+06 ZonesAtSurface
730.269 2123.41 31.1176 7 0 1 7 1.45337e+06 23.9043 41817.7 1.03875 9.08234e+06 1.45337e+06 ZonesAtSurface
780.114 2123.33 156.036 5 0 1 5 256963 33.0359 55180.5 1.03053 5.40384e+06 256963 ZonesAtSurface
830.143 2123.33 181.018 6 0 1 5 1.14725e+06 26.5239 70685.7 1.01488 7.83044e+06 1.14725e+06 ZonesAtSurface
880.102 2123.29 305.974 5 7 2 3 987549 44.0375 75114.8 1.09041 4.19035e+06 987549 ZonesAtSurface
930.141 2123.3 330.96 4 2 2 3 1.52024e+06 35.385 96049 1.08486 5.37746e+06 1.52024e+06 ZonesAtSurface
980.184 2123.29 405.941 0 10 2 2 1.27617e+06 32.8448 48030.7 1.85218 2.74984e+06 1.27617e+06 ZonesAtSurface
1030.2 2123.32 380.932 5 0 2 3 119126 31.2575 95012.9 1.03532 2.18189e+06 119126 ZonesAtSurface
1080.22 2123.33 355.918 0 0 1 4 1.66055e+06 31.4034 49976.8 1.19215 6.54532e+06 1.66055e+06 ZonesAtSurface
1130.24 2123.33 380.905 3 0 2 4 966185 21.4652 72200.5 1.0977 3.63053e+06 966185 ZonesAtSurface
1180.26 2123.32 405.895 10 0 1 4 311435 32.061 187536 1.07158 4.05982e+06 311435 ZonesAtSurface
1230.28 2123.32 430.887 10 0 2 4 302027 43.6633 115089 1.32121 2.76361e+06 302027 ZonesAtSurface
1280.29 2123.33 405.87 3 0 1 5 535383 28.2642 171934 1.1355 5.53547e+06 535383 ZonesAtSurface
1330.3 2123.31 330.845 0 0 1 7 655528 41.341 114954 1.7902 1.31658e+07 655528 ZonesAtSurface
1380.32 2123.31 355.836 0 0 1 7 1.2987e+06 44.8834 40266.9 2.46516 1.48334e+07 1.2987e+06 ZonesAtSurface
1430.33 2123.31 380.832 3 0 1 7 1.19055e+06 38.5346 89350.4 1.03306 1.55789e+07 1.19055e+06 ZonesAtSurface
1480.36 2123.31 355.817 1 0 1 8 181495 44.7649 108334 1.58915 1.70744e+07 181495 ZonesAtSurface
1530.38 2123.34 380.818 7 0 1 8 607499 30.6562 99540.2 1.06171 9.74323e+06 607499 ZonesAtSurface
1580.45 2123.33 405.828 10 0 1 8 296713 18.6497 12695.3 0.993205 4.68059e+06 296713 ZonesAtSurface
1630.44 2123.3 330.826 0 0 1 10 1.05718e+06 43.7744 86659.9 1.83984 1.53967e+07 1.05718e+06 ZonesAtSurface
1680.46 2123.32 305.852 5 0 1 11 683774 26.0961 40613.1 1.09658 1.13681e+07 683774 ZonesAtSurface
1730.48 2123.32 280.875 5 0 1 12 426515 39.2998 155644 1.20897 1.85396e+07 426515 ZonesAtSurface
1780.51 2123.31 255.893 4 0 1 13 1.13267e+06 34.9862 114473 1.06166 1.61536e+07 1.13267e+06 ZonesAtSurface
1830.56 2123.38 280.918 7 0 1 13 1.10778e+06 25.6428 103464 1.04554 8.89768e+06 1.10778e+06 ZonesAtSurface
1880.64 2123.42 305.96 2 2 2 13 1.79221e+06 22.4899 51819.1 1.35245 4.21285e+06 1.79221e+06 ZonesAtSurface
1930.64 2123.46 230.948 0 0 1 15 201946 42.3277 153606 1.36325 1.41637e+07 201946 ZonesAtSurface
1980.75 2123.49 255.976 1 0 1 15 212039 27.4112 18710.9 1.07086 3.24638e+06 212039 ZonesAtSurface
2030.76 2123.41 218.493 5 5 1 15 1.15674e+06 38.6127 63720.7 1.07917 4.66152e+06 1.15674e+06 ZonesAtSurface
2080.74 2123.42 168.48 4 0 1 14 1.25319e+06 22.2995 100037 1.10786 4.01829e+06 1.25319e+06 ZonesAtSurface
2130.75 2123.43 118.486 4 9 2 13 1.79547e+06 21.4259 133738 1.34692 4.06664e+06 1.79547e+06 ZonesAtSurface
2180.85 2123.36 -31.5486 3 0 1 14 1.78245e+06 18.4232 15307.4 1.29359 9.29401e+06 1.78245e+06 ZonesAtSurface
2230.84 2123.44 -31.5395 14 0 1 12 1.04486e+06 17.4431 160644 1.49828 8.73321e+06 1.04486e+06 ZonesAtSurface
2280.71 2123.48 -31.5357 25 0 1 10 1.3389e+06 16.6179 27304.7 1.93729 7.51131e+06 1.3389e+06 ZonesAtSurface
2330.97 2123.43 -131.584 6 0 0 0 930639 23.6876 60970 1.42667 1.90438e+07 930639 ZonesAtSurface
2380.92 2123.49 -131.575 9 0 0 0 623623 43.3643 114240 1.75983 2.50618e+07 623623 ZonesAtSurface
2430.89 2123.56 -131.567 9 0 0 0 1.41024e+06 24.3124 113307 1.18973 1.36403e+07 1.41024e+06 ZonesAtSurface
2481.34 2123.5 -281.514 0 0 0 0 1.84564e+06 36.6907 11915.9 4.20226 9.73117e+06 1.84564e+06 ZonesAtSurface
2531.22 2123.59 -211.485 8 0 0 0 561497 37.6418 10636 1.40579 1.54768e+07 561497 ZonesAtSurface
2581.28 2123.57 -271.471 7 0 0 0 642804 19.4003 52453.6 1.4285 1.0039e+07 642804 ZonesAtSurface
2631.2 2123.61 -231.46 5 0 0 0 1.42453e+06 21.6407 85568.6 1.59464 1.06385e+07 1.42453e+06 ZonesAtSurface
2681.12 2123.64 -191.453 0 0 0 0 1.36673e+06 41.5353 80254.2 4.04355 1.06463e+07 1.36673e+06 ZonesAtSurface
2731.12 2123.64 -201.451 0 0 0 0 1.492e+06 41.5895 80362.6 6.18307 8.8511e+06 1.492e+06 ZonesAtSurface
2781 2123.68 -111.447 0 0 0 0 1.73986e+06 31.7379 20926 2.75706 8.25784e+06 1.73986e+06 ZonesAtSurface
2831.01 2123.68 -121.443 2 0 0 0 1.82663e+06 20.0082 137402 2.30702 6.75981e+06 1.82663e+06 ZonesAtSurface
2880.99 2123.7 -81.4365 3 0 0 0 1.70381e+06 19.4223 146269 2.12529 6.15409e+06 1.70381e+06 ZonesAtSurface
2930.97 2123.7 -41.4179 0 0 0 0 945541 44.4247 112996 4.11056 7.74258e+06 945541 ZonesAtSurface
2980.94 2123.7 -1.37458 32 0 1 8 465490 39.1053 131814 3.47632 5.87354e+06 465490 ZonesAtSurface
3030.95 2123.68 -11.3384 45 0 1 9 410171 30.0309 91153 1.09439 4.95341e+06 410171 ZonesAtSurface
3080.96 2123.65 -21.3517 38 0 1 10 816312 17.16 93683.3 1.03665 5.20451e+06 816312 ZonesAtSurface
3130.96 2123.63 -31.3815 0 0 1 11 1.12423e+06 40.0597 125610 2.4474 9.83424e+06 1.12423e+06 ZonesAtSurface
3180.97 2123.62 -41.4164 0 0 1 12 324992 43.7819 153854 3.37929 9.95901e+06 324992 ZonesAtSurface
3230.96 2123.63 -1.43204 0 0 1 12 1.55253e+06 19.1 144018 1.12148 7.48823e+06 1.55253e+06 ZonesAtSurface
3280.97 2123.62 38.541 7 0 1 12 1.42713e+06 29.5748 151042 1.3473 8.99852e+06 1.42713e+06 ZonesAtSurface
3331.04 2123.59 28.517 0 0 1 13 1.00313e+06 28.2773 11633.6 1.09916 9.79681e+06 1.00313e+06 ZonesAtSurface
3381.03 2123.59 168.469 6 0 1 11 403519 35.8667 32690.8 1.09563 1.02091e+07 403519 ZonesAtSurface
3431.1 2123.57 208.429 0 0 2 11 1.16581e+06 15.7228 62160.8 1.04417 3.87982e+06 1.16581e+06 ZonesAtSurface
3481.18 2123.56 198.419 0 0 1 12 1.38678e+06 33.7755 67846 1.29859 1.03099e+07 1.38678e+06 ZonesAtSurface
3531.24 2123.55 238.393 0 0 1 12 869906 34.952 61249 1.44619 9.59707e+06 869906 ZonesAtSurface
3581.33 2123.54 228.393 0 0 1 13 653502 38.8471 61425.2 1.37893 1.01326e+07 653502 ZonesAtSurface
3631.42 2123.52 218.402 0 0 1 14 1.60162e+06 32.0614 21343.4 1.14914 1.18386e+07 1.60162e+06 ZonesAtSurface
3681.51 2123.5 258.385 0 0 1 14 220572 25.7944 164461 1.07308 5.6444e+06 220572 ZonesAtSurface
3731.57 2123.49 348.336 3 0 2 13 206960 44.465 84724.8 2.58084 2.75233e+06 206960 ZonesAtSurface
3781.67 2123.47 398.302 9 0 2 12 678902 31.3367 60558.7 1.38476 4.05121e+06 678902 ZonesAtSurface
3831.76 2123.44 358.332 0 0 1 12 1.09141e+06 43.9827 153923 1.58325 9.4878e+06 1.09141e+06 ZonesAtSurface
3881.85 2123.43 418.282 0 0 1 10 1.05935e+06 24.0439 63034.3 1.044 6.07659e+06 1.05935e+06 ZonesAtSurface
3931.95 2123.44 478.235 10 0 2 8 767752 16.2274 114350 1.09764 2.52008e+06 767752 ZonesAtSurface
3982.04 2123.43 438.264 0 0 1 8 869838 37.8907 96995.2 1.34758 6.39151e+06 869838 ZonesAtSurface
4032.13 2123.43 498.218 0 6 1 6 1.84281e+06 20.1209 55865.2 1.67181 3.19688e+06 1.84281e+06 ZonesAtSurface
4082.21 2123.42 458.272 0 0 2 6 1.77782e+06 39.7274 181389 2.33501 4.47417e+06 1.77782e+06 ZonesAtSurface
4132.28 2123.42 418.328 1 0 2 6 1.20746e+06 36.7155 65623.3 1.83784 3.92514e+06 1.20746e+06 ZonesAtSurface
4182.34 2123.42 378.378 8 0 2 6 384045 44.32 163738 1.18129 2.92485e+06 384045 ZonesAtSurface
4232.34 2123.42 238.465 0 0 1 8 890761 44.5469 91156.5 2.57446 8.21224e+06 890761 ZonesAtSurface
4282.38 2123.43 198.499 7 0 1 8 1.81672e+06 27.4957 59020 1.1932 9.35874e+06 1.81672e+06 ZonesAtSurface
4332.4 2123.44 108.535 9 0 1 9 1.88343e+06 15.6827 97337.5 1.01053 7.7612e+06 1.88343e+06 ZonesAtSurface
4382.42 2123.45 68.5653 10 0 1 9 675627 18.7616 105349 1.03629 6.60923e+06 675627 ZonesAtSurface
4432.42 2123.45 28.5949 10 0 1 9 358859 24.6707 181660 1.11503 8.91671e+06 358859 ZonesAtSurface
4482.38 2123.45 -11.3773 12 0 1 9 607977 35.5802 119320 1.51457 1.30179e+07 607977 ZonesAtSurface
4532.32 2123.48 -1.31053 27 9 1 8 1.89204e+06 44.2604 121881 2.94744 5.54247e+06 1.89204e+06 ZonesAtSurface
4582.29 2123.48 -41.3279 29 0 1 8 579005 41.0314 63663.4 1.64299 1.06147e+07 579005 ZonesAtSurface
4632.14 2123.5 -31.2687 44 0 1 7 353508 37.5227 156982 1.461 4.34941e+06 353508 ZonesAtSurface
4681.96 2123.56 -21.2214 55 23 1 6 561929 43.7123 88570.9 1.05757 2.34407e+06 561929 ZonesAtSurface
4731.86 2123.59 -11.2039 73 39 1 5 1.19296e+06 35.7861 188957 1.18182 3.7749e+06 1.19296e+06 ZonesAtSurface
4781.87 2123.59 -1.19498 73 45 1 4 915864 34.0282 76281.9 1.04842 3.12607e+06 915864 ZonesAtSurface
4831.85 2123.63 8.80973 97 60 1 3 1.11112e+06 20.4088 182708 1.18155 2.58099e+06 1.11112e+06 ZonesAtSurface
4881.63 2123.72 18.8744 130 78 1 2 167391 23.2195 91043.5 0 278649 167391 ZonesAtSurface
4931.62 2123.78 28.8809 53 108 1 1 1.86576e+06 31.6792 142846 2.25126 2.90389e+06 1.86576e+06 ZonesAtSurface
81.7117 2173.74 -42.568 123 0 1 2 1.51266e+06 21.6588 130561 1.33458 8.80952e+06 1.51266e+06 ZonesAtSurface
131.532 2173.74 -17.3938 105 80 1 2 968525 33.0604 45058.8 2.27638 2.98044e+06 968525 ZonesAtSurface
181.406 2173.65 -42.4522 131 0 1 3 268078 26.2888 40577.5 1.36483 4.86654e+06 268078 ZonesAtSurface
231.236 2173.62 -17.4047 131 62 1 3 1.23549e+06 22.2604 98003.7 1.92909 3.069e+06 1.23549e+06 ZonesAtSurface
281.141 2173.58 -42.4676 110 0 1 4 1.77043e+06 17.6326 118125 1.06092 7.3732e+06 1.77043e+06 ZonesAtSurface
331.016 2173.58 -17.432 120 83 1 4 1.69611e+06 24.3485 71896.9 1.8418 4.56746e+06 1.69611e+06 ZonesAtSurface
380.922 2173.55 -42.5159 116 0 1 5 1.86691e+06 15.5199 21456.7 1.25114 6.56953e+06 1.86691e+06 ZonesAtSurface
430.804 2173.55 -17.5233 87 43 1 5 1.70012e+06 24.7764 119508 1.70217 4.89336e+06 1.70012e+06 ZonesAtSurface
480.74 2173.5 -42.6156 66 0 1 6 1.62944e+06 36.293 112105 1.95893 8.85098e+06 1.62944e+06 ZonesAtSurface
530.655 2173.49 -17.6097 77 29 1 6 1.49404e+06 27.3784 83848.8 1.49765 5.00488e+06 1.49404e+06 ZonesAtSurface
580.605 2173.45 -42.7 44 0 1 7 1.35766e+06 35.6857 27221.6 1.28425 1.34665e+07 1.35766e+06 ZonesAtSurface
630.531 2173.43 -17.7328 29 0 1 7 1.7684e+06 33.9461 100118 1.22114 1.03154e+07 1.7684e+06 ZonesAtSurface
680.501 2173.41 -42.8295 0 0 1 8 1.73197e+06 39.1431 171030 2.12237 2.12872e+07 1.73197e+06 ZonesAtSurface
730.249 2173.36 32.1031 0 0 1 7 1.29704e+06 34.3562 125212 1.08677 1.05019e+07 1.29704e+06 ZonesAtSurface
780.064 2173.3 207.024 1 10 1 4 1.61156e+06 32.53 54003.1 2.02203 3.55122e+06 1.61156e+06 ZonesAtSurface
830.111 2173.31 182.016 2 0 1 5 238460 22.2052 152430 1.0973 3.71828e+06 238460 ZonesAtSurface
880.069 2173.28 306.976 0 6 2 3 1.87516e+06 23.0703 78394.3 2.00517 2.90831e+06 1.87516e+06 ZonesAtSurface
930.1 2173.29 331.96 0 6 1 3 1.60958e+06 29.0151 80249.3 1.23875 4.35401e+06 1.60958e+06 ZonesAtSurface
980.128 2173.3 356.946 3 0 1 3 782865 18.5661 169020 1.1228 2.32846e+06 782865 ZonesAtSurface
1030.15 2173.31 381.934 8 2 1 3 1.09574e+06 33.3747 131445 1.1217 3.68019e+06 1.09574e+06 ZonesAtSurface
1080.16 2173.32 356.922 6 0 2 4 346809 22.0237 95001.2 1.18053 3.75523e+06 346809 ZonesAtSurface
1130.17 2173.31 331.904 0 0 1 5 586969 43.8131 38811.4 2.09705 1.02566e+07 586969 ZonesAtSurface
1180.18 2173.3 356.891 1 0 1 5 981356 33.1896 10603.9 1.17868 1.02198e+07 981356 ZonesAtSurface
1230.19 2173.3 381.881 3 0 1 5 354523 43.6174 37611.3 1.22531 8.95313e+06 354523 ZonesAtSurface
1280.2 2173.29 356.865 5 0 1 6 1.3438e+06 23.1557 162973 1.09845 1.02111e+07 1.3438e+06 ZonesAtSurface
1330.2 2173.29 381.86 7 0 1 6 305300 34.1917 95752.8 1.29754 8.48844e+06 305300 ZonesAtSurface
1380.21 2173.28 356.84 0 0 1 7 1.61476e+06 36.0671 91678.7 2.0713 1.27493e+07 1.61476e+06 ZonesAtSurface
1430.2 2173.27 381.837 6 0 1 7 815117 36.3137 170394 1.19154 1.4497e+07 815117 ZonesAtSurface
1480.22 2173.27 356.822 0 0 1 8 826060 29.5033 64967.5 1.68098 1.41953e+07 826060 ZonesAtSurface
1530.23 2173.28 331.813 0 0 1 9 1.60174e+06 44.7762 127079 2.80491 1.75126e+07 1.60174e+06 ZonesAtSurface
1580.23 2173.26 356.827 4 0 1 9 790824 25.7972 82404.4 1.05243 1.19341e+07 790824 ZonesAtSurface
1630.26 2173.31 431.858 8 0 1 8 164242 34.4508 102419 1.75341 1.78891e+06 164242 ZonesAtSurface
1680.25 2173.29 306.849 9 0 1 11 726041 15.5938 161121 1.08316 9.51577e+06 726041 ZonesAtSurface
1730.25 2173.28 281.867 6 0 1 12 709261 21.83 114071 1.44767 1.27259e+07 709261 ZonesAtSurface
1780.26 2173.29 256.885 1 0 1 13 1.19742e+06 33.0855 26120.2 1.284 1.96573e+07 1.19742e+06 ZonesAtSurface
1830.29 2173.34 231.893 1 0 1 14 1.89478e+06 39.6914 40060.1 1.22932 2.20864e+07 1.89478e+06 ZonesAtSurface
1880.32 2173.39 306.973 6 0 2 13 556101 26.7418 168889 1.64287 2.25183e+06 556101 ZonesAtSurface
1930.33 2173.43 231.943 0 0 1 15 1.43794e+06 32.4536 91414.5 1.24522 1.60822e+07 1.43794e+06 ZonesAtSurface
1980.48 2173.57 306.984 5 9 2 14 706208 34.6562 137990 1.59803 1.72816e+06 706208 ZonesAtSurface
2030.4 2173.45 219.494 3 0 1 15 919802 43.6983 129272 1.06216 5.36151e+06 919802 ZonesAtSurface
2080.39 2173.39 119.464 1 0 1 15 1.26554e+06 20.5385 133416 1.53733 4.79257e+06 1.26554e+06 ZonesAtSurface
2130.39 2173.46 119.477 6 6 2 13 1.72959e+06 23.2964 127578 1.40682 3.91782e+06 1.72959e+06 ZonesAtSurface
2180.61 2173.36 -30.5716 6 0 1 14 1.35021e+06 39.4157 27680 1.30283 2.01181e+07 1.35021e+06 ZonesAtSurface
2230.57 2173.45 -30.549 19 0 1 12 492552 38.7512 126628 2.18878 1.41273e+07 492552 ZonesAtSurface
2280.37 2173.47 -30.5405 26 0 1 10 1.4574e+06 22.1935 128287 4.05674 3.64509e+06 1.4574e+06 ZonesAtSurface
2330.99 2173.4 -180.597 2 0 0 0 144635 37.7278 124673 1.61926 1.76782e+07 144635 ZonesAtSurface
2380.96 2173.48 -180.59 5 0 0 0 1.19808e+06 31.4842 22412.4 1.57637 2.08062e+07 1.19808e+06 ZonesAtSurface
2431.26 2173.46 -280.539 2 0 0 0 1.52444e+06 28.9076 125170 1.75197 1.18927e+07 1.52444e+06 ZonesAtSurface
2481.34 2173.47 -330.506 3 0 0 0 1.443e+06 16.1393 117891 1.57338 8.7505e+06 1.443e+06 ZonesAtSurface
2531.23 2173.56 -260.478 0 0 0 0 1.22509e+06 43.8002 179826 3.33253 1.23846e+07 1.22509e+06 ZonesAtSurface
2581.22 2173.57 -270.461 7 0 0 0 1.20949e+06 17.4012 54954.9 1.32976 9.18444e+06 1.20949e+06 ZonesAtSurface
2631.14 2173.6 -230.446 9 0 0 0 191251 19.6082 92617 1.27491 7.19435e+06 191251 ZonesAtSurface
2681.14 2173.6 -240.445 9 0 0 0 1.42832e+06 18.9241 16622.8 1.50066 9.58624e+06 1.42832e+06 ZonesAtSurface
2731.07 2173.62 -200.441 0 0 0 0 1.50499e+06 23.8483 123723 1.9271 9.41083e+06 1.50499e+06 ZonesAtSurface
2780.96 2173.66 -110.441 0 0 0 0 1.39492e+06 35.4991 39476 2.76496 7.9834e+06 1.39492e+06 ZonesAtSurface
2830.92 2173.69 -70.4402 0 0 0 0 1.65837e+06 39.6939 42595.5 2.69789 8.18838e+06 1.65837e+06 ZonesAtSurface
2881.04 2173.64 -180.436 0 0 0 0 223662 26.891 25868.3 2.78831 7.14052e+06 223662 ZonesAtSurface
2931.01 2173.64 -140.437 0 0 0 0 854150 35.1248 131913 4.80761 6.7862e+06 854150 ZonesAtSurface
2980.95 2173.66 -50.4198 0 0 0 0 1.89629e+06 31.6758 140546 2.90433 7.6709e+06 1.89629e+06 ZonesAtSurface
3030.93 2173.66 -10.3791 33 0 1 9 1.26234e+06 34.3302 169680 2.93356 6.56608e+06 1.26234e+06 ZonesAtSurface
3080.95 2173.63 -20.3791 36 0 1 10 1.87876e+06 15.3524 119654 1.3461 6.16533e+06 1.87876e+06 ZonesAtSurface
3130.96 2173.61 -30.3972 0 0 2 11 1.50011e+06 34.7283 71383.8 2.47114 6.93927e+06 1.50011e+06 ZonesAtSurface
3180.93 2173.63 9.6057 7 0 1 11 1.093e+06 44.0699 142261 2.41911 7.10533e+06 1.093e+06 ZonesAtSurface
3230.97 2173.6 -0.425966 10 0 1 12 1.05958e+06 32.7925 125367 1.17007 1.07974e+07 1.05958e+06 ZonesAtSurface
3281.01 2173.59 -10.4665 0 0 1 13 855686 44.6807 47823.8 2.44577 1.24174e+07 855686 ZonesAtSurface
3330.95 2173.57 129.492 4 0 2 11 1.20076e+06 40.8733 173222 2.03296 4.92753e+06 1.20076e+06 ZonesAtSurface
3381.01 2173.57 169.46 8 0 1 11 1.26284e+06 36.8462 83506.2 1.11213 5.64827e+06 1.26284e+06 ZonesAtSurface
3431.07 2173.57 259.402 10 0 2 10 413221 31.7338 135215 1.45492 2.47963e+06 413221 ZonesAtSurface
3481.15 2173.55 249.395 3 3 1 11 1.42468e+06 34.5729 106027 1.13522 4.99566e+06 1.42468e+06 ZonesAtSurface
3531.22 2173.53 289.37 0 7 2 11 1.8354e+06 38.9209 20746.6 2.08093 5.42172e+06 1.8354e+06 ZonesAtSurface
3581.29 2173.52 279.359 7 0 1 12 124091 23.5314 92433.2 1.04401 3.02823e+06 124091 ZonesAtSurface
3631.38 2173.51 319.342 6 0 1 12 718039 29.835 49368.1 1.05316 3.03362e+06 718039 ZonesAtSurface
3681.52 2173.46 259.396 12 0 1 14 1.57275e+06 16.2781 168082 1.04406 6.42858e+06 1.57275e+06 ZonesAtSurface
3731.6 2173.45 299.376 2 0 1 14 442302 26.0359 53797.3 1.03813 4.45054e+06 442302 ZonesAtSurface
3781.68 2173.44 349.34 6 0 1 13 1.84256e+06 29.0199 142024 1.03794 7.2149e+06 1.84256e+06 ZonesAtSurface
3831.76 2173.44 409.29 2 1 2 11 1.29075e+06 18.3765 67856.1 1.13012 3.2573e+06 1.29075e+06 ZonesAtSurface
3881.85 2173.42 419.284 3 4 1 10 1.55642e+06 36.3591 101712 1.237 5.58213e+06 1.55642e+06 ZonesAtSurface
3931.93 2173.41 429.287 1 0 1 9 980038 37.5112 21992.2 1.0675 5.63077e+06 980038 ZonesAtSurface
3982.03 2173.41 439.267 1 0 1 8 1.00506e+06 15.1704 69303.5 1.04151 3.23985e+06 1.00506e+06 ZonesAtSurface
4032.13 2173.41 449.257 1 0 1 7 1.47399e+06 40.5628 111161 1.35624 5.87604e+06 1.47399e+06 ZonesAtSurface
4082.21 2173.42 459.273 0 0 1 6 914516 29.4325 54326.2 1.63535 3.47397e+06 914516 ZonesAtSurface
4132.27 2173.4 369.363 3 0 1 7 1.49738e+06 40.9054 189354 1.11425 6.8754e+06 1.49738e+06 ZonesAtSurface
4182.32 2173.4 329.405 9 0 1 7 804349 23.4651 61940.1 1.02808 3.43192e+06 804349 ZonesAtSurface
4232.33 2173.4 239.466 0 0 1 8 1.07989e+06 42.4892 36182.5 1.31682 5.90639e+06 1.07989e+06 ZonesAtSurface
4282.37 2173.4 149.501 0 0 1 9 1.38054e+06 19.1733 135748 1.06152 8.0273e+06 1.38054e+06 ZonesAtSurface
4332.37 2173.41 59.534 0 0 1 10 702141 29.3736 181233 1.6703 9.11718e+06 702141 ZonesAtSurface
4382.42 2173.42 69.5634 7 0 1 9 1.52744e+06 17.3324 136773 1.03981 6.21435e+06 1.52744e+06 ZonesAtSurface
4432.42 2173.42 29.595 5 0 1 9 1.38606e+06 34.9383 163907 1.3738 9.28122e+06 1.38606e+06 ZonesAtSurface
4482.38 2173.43 -10.3776 23 0 1 9 350146 30.2937 169902 1.06633 9.46599e+06 350146 ZonesAtSurface
4532.32 2173.5 -0.294302 42 0 1 8 143402 17.6921 39775.5 1.27203 1.34267e+06 143402 ZonesAtSurface
4582.28 2173.48 -40.3067 33 0 1 8 125232 36.2458 112628 1.25522 4.99936e+06 125232 ZonesAtSurface
4632.12 2173.5 -30.2654 41 0 1 7 638409 43.3584 42588 1.43742 3.51208e+06 638409 ZonesAtSurface
4681.94 2173.56 -20.2222 67 19 1 6 493879 22.2183 25950 0.923516 1.62887e+06 493879 ZonesAtSurface
4731.88 2173.57 -10.2011 87 19 1 5 108558 24.7935 51139.9 0 297063 108558 ZonesAtSurface
4781.86 2173.6 -0.19176 99 48 1 4 839585 32.83 188232 1.09932 2.41325e+06 839585 ZonesAtSurface
4831.79 2173.63 9.82814 98 77 1 3 1.70932e+06 15.8929 138301 1.35635 3.28213e+06 1.70932e+06 ZonesAtSurface
4881.58 2173.7 19.92 135 91 1 2 770819 20.8076 59433 1.29171 1.76808e+06 770819 ZonesAtSurface
4931.62 2173.76 29.8818 111 101 1 1 428216 31.6425 143811 1.19938 1.02177e+06 428216 ZonesAtSurface
81.7121 2223.75 -41.5705 117 0 1 2 1.24181e+06 15.2926 183866 1.25294 5.4122e+06 1.24181e+06 ZonesAtSurface
131.537 2223.73 -16.4082 126 97 1 2 1.78261e+06 16.4479 10055.3 1.24126 4.1922e+06 1.78261e+06 ZonesAtSurface
181.434 2223.65 -41.4407 116 5 1 3 1.75996e+06 44.8425 113700 1.63845 1.03536e+07 1.75996e+06 ZonesAtSurface
231.257 2223.62 -16.3779 137 39 1 3 962493 31.0683 180722 2.06021 3.1623e+06 962493 ZonesAtSurface
281.134 2223.57 -41.4608 121 0 1 4 1.32644e+06 24.5026 64618.3 1.07997 6.84517e+06 1.32644e+06 ZonesAtSurface
331.002 2223.58 -16.4307 115 80 1 4 1.46158e+06 30.7412 133073 2.06064 4.09087e+06 1.46158e+06 ZonesAtSurface
380.913 2223.54 -41.5153 102 0 1 5 1.17606e+06 20.1963 64791.9 1.31345 5.09507e+06 1.17606e+06 ZonesAtSurface
430.792 2223.53 -16.5227 101 31 1 5 871171 38.8366 33694.7 2.64858 3.41618e+06 871171 ZonesAtSurface
480.72 2223.48 -41.6435 77 0 1 6 965215 22.9065 169245 1.28938 5.3634e+06 965215 ZonesAtSurface
530.637 2223.48 -16.643 32 26 1 6 1.83915e+06 37.9642 36019.1 2.31385 4.97854e+06 1.83915e+06 ZonesAtSurface
580.598 2223.43 -41.7145 38 0 1 7 1.08905e+06 43.4898 135502 1.36463 1.44681e+07 1.08905e+06 ZonesAtSurface
630.5 2223.39 -16.7558 50 0 1 7 619564 24.577 31311.5 1.15623 1.04647e+07 619564 ZonesAtSurface
680.494 2223.38 -41.8434 0 0 1 8 1.74107e+06 38.6013 102622 2.38932 2.04662e+07 1.74107e+06 ZonesAtSurface
730.126 2223.31 83.0635 4 0 1 6 481526 37.8471 175299 1.13754 3.8752e+06 481526 ZonesAtSurface
780.087 2223.3 158.035 8 0 1 5 831091 36.5724 162262 1.04086 6.49495e+06 831091 ZonesAtSurface
830.045 2223.3 233.007 4 0 2 4 619431 41.0401 88298 1.15022 3.85938e+06 619431 ZonesAtSurface
880.04 2223.29 307.982 0 6 2 3 1.8168e+06 25.8361 62482.3 2.58886 2.31467e+06 1.8168e+06 ZonesAtSurface
930.056 2223.29 332.965 5 10 1 3 1.87312e+06 25.4677 116882 1.44147 4.10253e+06 1.87312e+06 ZonesAtSurface
980.071 2223.3 357.949 7 0 2 3 1.06216e+06 17.5973 154546 1.51176 2.38479e+06 1.06216e+06 ZonesAtSurface
1030.09 2223.3 332.937 8 0 1 4 1.78551e+06 16.0531 15000.2 1.1245 5.32083e+06 1.78551e+06 ZonesAtSurface
1080.1 2223.31 357.928 5 7 2 4 1.73057e+06 40.2655 41598.2 1.42071 6.41191e+06 1.73057e+06 ZonesAtSurface
1130.1 2223.29 332.907 10 0 1 5 365101 34.186 146563 1.20035 8.8365e+06 365101 ZonesAtSurface
1180.09 2223.28 357.895 9 0 1 5 675682 38.5512 139838 1.04469 7.664e+06 675682 ZonesAtSurface
1230.11 2223.28 332.875 1 0 1 6 1.84364e+06 25.5815 51054.7 1.06849 1.11079e+07 1.84364e+06 ZonesAtSurface
1280.11 2223.27 357.868 9 0 1 6 1.60222e+06 28.0856 143253 1.08748 1.16143e+07 1.60222e+06 ZonesAtSurface
1330.12 2223.27 332.85 0 0 1 7 111949 29.3417 57851.3 1.11941 1.09482e+07 111949 ZonesAtSurface
1380.1 2223.26 357.844 8 0 1 7 1.45335e+06 20.4952 113573 1.07675 9.55102e+06 1.45335e+06 ZonesAtSurface
1430.08 2223.25 382.842 8 0 1 7 513201 27.4771 49861.2 1.02508 6.19975e+06 513201 ZonesAtSurface
1480.09 2223.25 357.826 0 0 1 8 1.44578e+06 40.464 45590.5 2.08306 1.26622e+07 1.44578e+06 ZonesAtSurface
1530.05 2223.27 382.839 10 0 1 8 957137 28.3157 140918 1.0435 9.36987e+06 957137 ZonesAtSurface
1580.06 2223.26 357.83 1 0 1 9 1.18034e+06 23.0319 36313.6 1.08324 1.06384e+07 1.18034e+06 ZonesAtSurface
1630.02 2223.31 432.871 4 4 2 8 1.08942e+06 15.7538 29288.8 1.2669 2.40772e+06 1.08942e+06 ZonesAtSurface
1680.04 2223.3 357.866 5 0 1 10 523797 32.3517 33984.3 1.24798 1.00549e+07 523797 ZonesAtSurface
1730 2223.35 382.899 6 6 2 10 1.20999e+06 40.121 90190.5 1.16284 4.70171e+06 1.20999e+06 ZonesAtSurface
1779.95 2223.34 357.922 2 2 2 11 1.28411e+06 28.1557 188487 1.07011 3.84785e+06 1.28411e+06 ZonesAtSurface
1829.98 2223.34 282.914 10 0 1 13 190100 25.6755 106341 0.942002 7.76163e+06 190100 ZonesAtSurface
1879.98 2223.38 307.974 4 4 2 13 1.7813e+06 24.0563 34323.5 1.34104 4.40464e+06 1.7813e+06 ZonesAtSurface
1930 2223.45 282.97 10 0 1 14 1.47755e+06 41.2226 25927.6 1.06512 1.05282e+07 1.47755e+06 ZonesAtSurface
1980.06 2223.57 308.003 9 10 2 14 1.89796e+06 38.2994 38149 2.68862 3.26522e+06 1.89796e+06 ZonesAtSurface
2030.02 2223.5 220.486 7 7 1 15 1.67326e+06 35.5312 173150 1.14444 6.62523e+06 1.67326e+06 ZonesAtSurface
2080.07 2223.42 120.454 3 0 1 15 1.08853e+06 40.2809 68359.1 1.41864 9.38384e+06 1.08853e+06 ZonesAtSurface
2130.26 2223.39 20.428 2 0 1 15 872101 25.2391 161841 1.12635 1.25049e+07 872101 ZonesAtSurface
2180.37 2223.39 -29.5949 4 0 1 14 1.29727e+06 29.1718 143742 1.05301 1.91893e+07 1.29727e+06 ZonesAtSurface
2230.27 2223.47 -29.5742 17 0 1 12 1.71809e+06 44.9632 150578 2.08992 2.50009e+07 1.71809e+06 ZonesAtSurface
2279.98 2223.44 -29.6035 32 0 1 10 1.84839e+06 27.1511 178778 1.97012 1.45677e+07 1.84839e+06 ZonesAtSurface
2330.82 2223.42 -179.629 1 0 0 0 827391 21.2212 84760.7 1.33421 1.39483e+07 827391 ZonesAtSurface
2380.8 2223.5 -179.611 6 0 0 0 188217 33.4425 122839 1.58627 1.59473e+07 188217 ZonesAtSurface
2431 2223.52 -229.57 6 0 0 0 753875 23.5906 184851 1.59496 1.18279e+07 753875 ZonesAtSurface
2481.28 2223.48 -329.506 0 0 0 0 1.73136e+06 33.0343 88355 2.83763 1.03693e+07 1.73136e+06 ZonesAtSurface
2531.16 2223.56 -259.47 8 0 0 0 373835 34.4362 32843.6 1.06464 1.29248e+07 373835 ZonesAtSurface
2581.16 2223.56 -269.454 10 0 0 0 423682 28.7008 53391.3 1.23727 1.20993e+07 423682 ZonesAtSurface
2631.08 2223.6 -229.436 0 0 0 0 1.08792e+06 44.7426 137780 2.31798 1.22108e+07 1.08792e+06 ZonesAtSurface
2681.17 2223.57 -289.44 0 0 0 0 1.82739e+06 20.5124 46676.4 1.69851 1.01328e+07 1.82739e+06 ZonesAtSurface
2731.03 2223.61 -199.432 0 0 0 0 1.83901e+06 40.658 164898 3.46533 1.00662e+07 1.83901e+06 ZonesAtSurface
2780.98 2223.63 -159.43 0 0 0 0 1.84977e+06 40.0335 40287.4 3.71981 8.56321e+06 1.84977e+06 ZonesAtSurface
2830.88 2223.68 -69.436 0 0 0 0 1.08587e+06 39.357 51168.2 1.90506 8.75212e+06 1.08587e+06 ZonesAtSurface
2881.02 2223.62 -179.429 0 0 0 0 1.66968e+06 16.6517 57180.5 1.63885 7.4972e+06 1.66968e+06 ZonesAtSurface
2930.99 2223.63 -139.435 0 0 0 0 127984 30.8904 150770 2.80406 7.23152e+06 127984 ZonesAtSurface
2980.92 2223.66 -49.4366 9 0 0 0 1.71798e+06 16.7167 93801 1.22569 7.04836e+06 1.71798e+06 ZonesAtSurface
3030.95 2223.63 -59.4257 5 0 0 0 294584 26.2766 73400.2 2.27815 5.84265e+06 294584 ZonesAtSurface
3080.93 2223.62 -19.4075 0 0 1 10 706419 17.4573 117307 1.79862 4.41797e+06 706419 ZonesAtSurface
3130.95 2223.6 -29.4125 0 0 1 11 1.26391e+06 27.777 40061.9 2.17436 7.55064e+06 1.26391e+06 ZonesAtSurface
3180.97 2223.58 -39.4362 0 0 1 12 1.21706e+06 43.2441 163066 3.28345 1.00032e+07 1.21706e+06 ZonesAtSurface
3230.96 2223.57 0.562799 8 0 1 12 1.79794e+06 27.5181 61970.4 1.11809 1.22645e+07 1.79794e+06 ZonesAtSurface
3281.01 2223.56 -9.4724 11 0 1 13 117272 15.75 142882 1.04589 6.36871e+06 117272 ZonesAtSurface
3330.98 2223.55 80.4983 9 0 1 12 1.41134e+06 29.2914 142204 1.08118 8.70528e+06 1.41134e+06 ZonesAtSurface
3381 2223.58 170.45 1 0 2 11 1.40752e+06 25.2387 83084.5 1.38891 5.32693e+06 1.40752e+06 ZonesAtSurface
3431.06 2223.57 210.418 1 1 2 11 1.86952e+06 18.5061 159033 1.14697 4.58753e+06 1.86952e+06 ZonesAtSurface
3481.13 2223.56 250.392 8 0 1 11 169739 30.2889 188184 1.29218 2.87846e+06 169739 ZonesAtSurface
3531.21 2223.53 240.384 10 0 1 12 622895 27.551 156235 1.23005 6.29302e+06 622895 ZonesAtSurface
3581.28 2223.52 280.347 3 0 2 12 488363 31.0364 136997 1.12757 3.51081e+06 488363 ZonesAtSurface
3631.36 2223.51 320.331 5 5 2 12 1.43029e+06 24.4292 50369.1 1.33516 3.59361e+06 1.43029e+06 ZonesAtSurface
3681.52 2223.43 260.402 11 0 1 14 1.62202e+06 27.5917 71308 1.0969 9.825e+06 1.62202e+06 ZonesAtSurface
3731.6 2223.43 250.384 6 0 1 15 433952 16.6914 105082 1.01707 5.37797e+06 433952 ZonesAtSurface
3781.67 2223.43 350.338 7 0 1 13 767784 39.3805 36458.1 1.03506 7.1707e+06 767784 ZonesAtSurface
3831.76 2223.42 360.327 0 0 1 12 1.36426e+06 37.5025 41817.2 1.07382 6.50161e+06 1.36426e+06 ZonesAtSurface
3881.84 2223.43 470.263 10 0 2 9 401386 42.6429 118769 1.37863 1.13272e+06 401386 ZonesAtSurface
3931.93 2223.42 480.243 5 0 2 8 405425 25.8816 48326.7 1.0544 1.38162e+06 405425 ZonesAtSurface
3982.05 2223.42 490.211 0 8 2 7 1.50751e+06 42.5684 26995 1.45043 4.75655e+06 1.50751e+06 ZonesAtSurface
4032.13 2223.42 500.212 0 2 2 6 1.3497e+06 36.13 136627 2.00355 2.71115e+06 1.3497e+06 ZonesAtSurface
4082.21 2223.41 460.272 6 0 1 6 476626 43.1016 122147 1.32465 3.61754e+06 476626 ZonesAtSurface
4132.27 2223.39 370.36 5 0 2 7 260537 44.3911 65713.1 1.02347 4.26806e+06 260537 ZonesAtSurface
4182.34 2223.41 380.376 5 5 2 6 1.11575e+06 29.1517 70721.6 1.68538 2.46221e+06 1.11575e+06 ZonesAtSurface
4232.32 2223.38 190.471 2 0 1 9 1.37054e+06 26.2441 16468.1 1.32471 7.05967e+06 1.37054e+06 ZonesAtSurface
4282.36 2223.38 150.501 7 0 1 9 1.13995e+06 43.9386 88119.3 1.4084 8.12092e+06 1.13995e+06 ZonesAtSurface
4332.41 2223.38 160.526 0 0 2 8 1.68151e+06 15.7327 66835.5 1.35046 3.8918e+06 1.68151e+06 ZonesAtSurface
4382.38 2223.39 20.557 0 0 1 10 1.38239e+06 37.5136 181567 2.63546 8.1744e+06 1.38239e+06 ZonesAtSurface
4432.37 2223.4 -19.4198 0 0 1 10 1.63547e+06 32.6762 130097 2.49197 8.8545e+06 1.63547e+06 ZonesAtSurface
4482.39 2223.41 -9.37565 21 0 1 9 147748 39.4591 15496.1 1.07137 8.33904e+06 147748 ZonesAtSurface
4532.32 2223.43 -49.3648 26 0 1 9 1.44431e+06 16.8436 81514.5 1.04462 7.99092e+06 1.44431e+06 ZonesAtSurface
4582.23 2223.47 -39.2939 49 0 1 8 475915 16.9261 86597.1 1.30358 3.427e+06 475915 ZonesAtSurface
4632.08 2223.5 -29.2552 36 4 1 7 708212 37.7675 88119.3 1.26947 2.42561e+06 708212 ZonesAtSurface
4681.95 2223.53 -19.2217 64 24 1 6 1.07207e+06 37.866 70058 1.34354 3.36814e+06 1.07207e+06 ZonesAtSurface
4731.95 2223.55 -9.19786 65 39 1 5 983718 43.2296 65478.5 1.24307 3.49521e+06 983718 ZonesAtSurface
4781.86 2223.6 0.838112 106 34 1 4 980139 15.841 88796.7 1.00617 2.54309e+06 980139 ZonesAtSurface
4831.72 2223.64 10.8653 99 61 1 3 930310 22.9291 87233.9 1.08629 2.52281e+06 930310 ZonesAtSurface
4881.64 2223.67 20.9369 49 98 1 2 1.88393e+06 37.4171 163580 2.15824 3.38417e+06 1.88393e+06 ZonesAtSurface
4931.71 2223.71 30.8636 93 102 1 1 1.2022e+06 24.247 188492 1.55242 2.26194e+06 1.2022e+06 ZonesAtSurface
81.725 2273.75 -40.5718 127 0 1 2 796871 37.3156 22432.9 1.44968 1.02558e+07 796871 ZonesAtSurface
131.56 2273.74 -15.4128 119 95 1 2 1.11559e+06 34.3258 164262 1.44539 3.01974e+06 1.11559e+06 ZonesAtSurface
181.441 2273.65 -40.4367 122 0 1 3 487348 25.8043 66855.2 1.04334 5.58057e+06 487348 ZonesAtSurface
231.265 2273.63 -15.3647 131 42 1 3 1.38763e+06 17.7448 162405 1.50222 3.10556e+06 1.38763e+06 ZonesAtSurface
281.125 2273.57 -40.4592 104 0 1 4 406698 36.9885 90384.8 1.02208 5.15796e+06 406698 ZonesAtSurface
330.98 2273.57 -15.4415 125 0 1 4 236446 30.6265 138218 1.97306 1.25825e+06 236446 ZonesAtSurface
380.909 2273.53 -40.509 94 0 1 5 316022 25.1481 131311 1.48879 3.24684e+06 316022 ZonesAtSurface
430.782 2273.53 -15.5113 98 22 1 5 831138 27.8669 41591.8 1.72782 2.50855e+06 831138 ZonesAtSurface
480.69 2273.46 -40.6631 76 0 1 6 740914 19.589 100846 1.18397 3.92212e+06 740914 ZonesAtSurface
530.597 2273.47 -15.6715 75 14 1 6 1.38207e+06 28.5021 158815 1.50896 3.53328e+06 1.38207e+06 ZonesAtSurface
580.573 2273.41 -40.7399 32 0 1 7 1.50145e+06 30.6432 172973 1.04152 1.33837e+07 1.50145e+06 ZonesAtSurface
630.45 2273.36 -15.7934 15 0 1 7 402098 18.8882 75675.6 1.06838 6.7901e+06 402098 ZonesAtSurface
680.338 2273.33 9.13687 6 0 1 7 872532 17.4324 175222 1.04771 9.97027e+06 872532 ZonesAtSurface
730.082 2273.32 134.063 8 0 1 5 742516 37.3323 34824.4 1.49964 3.99437e+06 742516 ZonesAtSurface
780.013 2273.31 209.028 10 6 2 4 568369 31.0634 184440 1.13052 1.5458e+06 568369 ZonesAtSurface
830.064 2273.3 184.018 0 0 1 5 616821 37.0061 57425.3 1.02467 5.49328e+06 616821 ZonesAtSurface
880.019 2273.3 258.991 1 1 1 4 1.31551e+06 32.0591 19785 1.12937 4.31117e+06 1.31551e+06 ZonesAtSurface
930.014 2273.3 333.969 5 3 2 3 765424 29.4034 156359 1.35796 1.88363e+06 765424 ZonesAtSurface
980.019 2273.3 358.952 1 9 1 3 1.25944e+06 35.3687 183447 1.57184 3.1184e+06 1.25944e+06 ZonesAtSurface
1030.03 2273.3 333.941 3 0 2 4 1.53906e+06 22.7078 170239 1.07567 4.63681e+06 1.53906e+06 ZonesAtSurface
1080.03 2273.31 358.935 10 0 2 4 340319 35.2756 149538 1.30878 2.09792e+06 340319 ZonesAtSurface
1130.06 2273.28 283.904 0 0 1 6 1.53615e+06 15.4407 24281.1 1.04248 7.16474e+06 1.53615e+06 ZonesAtSurface
1180.02 2273.28 358.899 2 1 2 5 1.61177e+06 37.1463 134176 1.04608 5.88854e+06 1.61177e+06 ZonesAtSurface
1230.01 2273.27 383.892 0 1 2 5 1.20266e+06 35.727 77726.6 1.22283 3.93542e+06 1.20266e+06 ZonesAtSurface
1279.99 2273.27 408.889 10 4 1 5 859736 41.0655 32797 1.49193 3.12085e+06 859736 ZonesAtSurface
1329.99 2273.28 383.871 8 0 1 6 894813 31.5983 46756.4 1.17409 5.75846e+06 894813 ZonesAtSurface
1380.02 2273.26 308.832 0 0 1 8 1.13211e+06 24.1042 157478 1.09899 1.19291e+07 1.13211e+06 ZonesAtSurface
1429.98 2273.25 333.827 4 0 1 8 223727 19.7526 51473.7 1.04441 8.67343e+06 223727 ZonesAtSurface
1479.94 2273.25 358.831 2 0 1 8 1.78034e+06 20.1839 33497.3 1.01893 8.66281e+06 1.78034e+06 ZonesAtSurface
1529.9 2273.27 383.844 8 0 1 8 1.00792e+06 29.2514 50915.1 1.01834 7.97914e+06 1.00792e+06 ZonesAtSurface
1579.9 2273.27 358.833 1 0 1 9 695232 43.3448 32297.6 1.00948 1.41776e+07 695232 ZonesAtSurface
1629.86 2273.29 383.861 9 0 1 9 1.34731e+06 16.0003 115127 1.06863 6.02717e+06 1.34731e+06 ZonesAtSurface
1679.84 2273.31 358.862 9 0 1 10 1.31161e+06 16.6034 140648 1.06645 9.94756e+06 1.31161e+06 ZonesAtSurface
1729.82 2273.31 283.832 2 0 1 12 943224 37.965 112223 1.32019 2.16501e+07 943224 ZonesAtSurface
1779.78 2273.31 258.845 8 0 1 13 1.10899e+06 18.2975 38715.6 1.23513 1.28947e+07 1.10899e+06 ZonesAtSurface
1829.76 2273.33 233.853 0 0 1 14 148676 34.2291 53018.3 1.43014 2.1105e+07 148676 ZonesAtSurface
1879.68 2273.39 258.903 1 0 1 14 838987 35.9057 53884.2 1.07631 1.85653e+07 838987 ZonesAtSurface
1929.62 2273.46 283.955 8 0 1 14 1.24036e+06 15.9743 20096 1.05229 6.29839e+06 1.24036e+06 ZonesAtSurface
1979.6 2273.61 309.003 3 2 2 14 1.4013e+06 35.484 170636 2.00535 2.69506e+06 1.4013e+06 ZonesAtSurface
2029.61 2273.56 221.472 1 0 1 15 1.80992e+06 28.9286 30127.6 1.03295 7.48816e+06 1.80992e+06 ZonesAtSurface
2079.73 2273.46 121.432 2 0 1 15 631986 25.422 169047 1.12961 5.21409e+06 631986 ZonesAtSurface
2129.83 2273.49 71.4342 7 0 1 14 756009 31.0145 106999 1.8018 2.47971e+06 756009 ZonesAtSurface
2180.11 2273.43 -28.6168 15 0 1 14 639038 24.0944 156246 1.30922 1.8203e+07 639038 ZonesAtSurface
2229.9 2273.52 -28.5825 20 0 1 12 348851 18.8942 89960.9 2.60726 4.68824e+06 348851 ZonesAtSurface
2280.39 2273.43 -128.662 8 0 0 0 1.58593e+06 23.5121 184296 1.21271 2.33227e+07 1.58593e+06 ZonesAtSurface
2330.87 2273.41 -228.626 7 0 0 0 691424 28.0521 186231 1.2781 1.66979e+07 691424 ZonesAtSurface
2380.87 2273.48 -228.606 4 0 0 0 1.11958e+06 34.0626 120821 1.45236 1.55168e+07 1.11958e+06 ZonesAtSurface
2430.6 2273.58 -178.617 10 0 0 0 1.18091e+06 29.907 15215.9 1.36939 1.13439e+07 1.18091e+06 ZonesAtSurface
2481.31 2273.45 -378.498 0 0 0 0 1.54126e+06 44.5914 18681.9 6.42626 1.01193e+07 1.54126e+06 ZonesAtSurface
2531.19 2273.52 -308.467 0 0 0 0 832284 40.5699 84876.5 2.27219 1.23859e+07 832284 ZonesAtSurface
2581.1 2273.56 -268.446 0 0 0 0 759147 42.9637 180596 2.16043 1.27875e+07 759147 ZonesAtSurface
2631.12 2273.56 -278.435 7 0 0 0 107955 23.9228 102358 1.14258 9.81149e+06 107955 ZonesAtSurface
2681.13 2273.56 -288.434 0 0 0 0 722053 33.4556 18614 2.39035 1.08364e+07 722053 ZonesAtSurface
2730.99 2273.6 -198.426 0 0 0 0 1.84443e+06 36.3481 131882 1.93739 1.08593e+07 1.84443e+06 ZonesAtSurface
2780.94 2273.62 -158.425 0 0 0 0 1.05357e+06 40.2072 104812 1.99137 9.50089e+06 1.05357e+06 ZonesAtSurface
2830.97 2273.62 -168.423 0 0 0 0 1.36317e+06 43.0936 130151 3.79611 8.91392e+06 1.36317e+06 ZonesAtSurface
2880.93 2273.64 -128.427 8 0 0 0 1.68838e+06 15.0688 54490.5 1.26962 7.00995e+06 1.68838e+06 ZonesAtSurface
2930.86 2273.69 -38.4453 0 0 0 0 902084 41.5439 11863.9 1.54994 9.29258e+06 902084 ZonesAtSurface
2980.84 2273.69 1.55217 4 0 0 0 1.57582e+06 38.6421 168064 1.54873 7.9431e+06 1.57582e+06 ZonesAtSurface
3030.93 2273.63 -58.4363 0 0 0 0 237365 40.5823 19940.8 2.41869 7.22458e+06 237365 ZonesAtSurface
3080.92 2273.62 -18.4286 2 0 0 0 1.2494e+06 27.0922 34920.6 1.66992 6.50841e+06 1.2494e+06 ZonesAtSurface
3130.94 2273.59 -28.4314 0 0 1 11 586167 22.9695 172110 1.62434 6.16991e+06 586167 ZonesAtSurface
3180.97 2273.57 -38.4506 4 0 1 12 1.35478e+06 15.8941 25581.7 1.18188 7.07341e+06 1.35478e+06 ZonesAtSurface
3230.96 2273.55 1.53955 1 0 1 12 925827 22.5189 172741 1.04314 6.15285e+06 925827 ZonesAtSurface
3280.94 2273.54 91.5142 9 0 2 11 1.18485e+06 44.9385 71861.3 1.36306 5.64647e+06 1.18485e+06 ZonesAtSurface
3331 2273.55 81.4994 5 0 1 12 340997 28.2064 66921.3 1.15723 3.13979e+06 340997 ZonesAtSurface
3381.03 2273.56 121.477 8 0 1 12 501240 29.924 147493 1.04813 4.97509e+06 501240 ZonesAtSurface
3431.08 2273.55 161.453 1 0 1 12 724475 30.2458 136634 1.02891 5.03994e+06 724475 ZonesAtSurface
3481.14 2273.54 201.423 0 0 1 12 1.01028e+06 44.8825 14852.1 1.23717 8.31884e+06 1.01028e+06 ZonesAtSurface
3531.2 2273.54 241.381 5 0 2 12 1.69176e+06 15.6714 42814.6 1.05374 5.19785e+06 1.69176e+06 ZonesAtSurface
3581.27 2273.53 281.342 5 0 2 12 667108 30.5127 166607 1.199 3.91445e+06 667108 ZonesAtSurface
3631.37 2273.5 321.329 1 0 2 12 515606 20.3036 128693 1.25191 1.41645e+06 515606 ZonesAtSurface
3681.52 2273.42 261.396 1 0 1 14 904605 31.0992 52264.3 1.02586 6.72976e+06 904605 ZonesAtSurface
3731.57 2273.41 351.343 6 3 2 13 848699 22.3991 24078.7 1.43468 2.00256e+06 848699 ZonesAtSurface
3781.67 2273.42 351.333 2 0 1 13 426839 24.7183 184058 1.03873 1.93992e+06 426839 ZonesAtSurface
3831.76 2273.43 411.288 9 0 2 11 656939 21.368 30918.7 1.0262 2.05416e+06 656939 ZonesAtSurface
3881.86 2273.41 421.276 5 5 1 10 1.51957e+06 41.1111 63723.8 1.17048 5.96452e+06 1.51957e+06 ZonesAtSurface
3931.92 2273.4 431.286 4 0 1 9 1.29476e+06 31.5623 51432.8 1.02978 4.8074e+06 1.29476e+06 ZonesAtSurface
3982.05 2273.42 491.216 1 0 1 7 129222 15.0403 163115 1.15683 274970 129222 ZonesAtSurface
4032.14 2273.41 451.254 1 0 2 7 356222 18.3239 120605 1.13197 1.28125e+06 356222 ZonesAtSurface
4082.21 2273.41 461.269 0 6 2 6 1.77354e+06 34.7799 46892.1 2.27252 3.05007e+06 1.77354e+06 ZonesAtSurface
4132.26 2273.39 371.356 1 0 1 7 1.7134e+06 15.9429 30653.1 1.00575 4.58985e+06 1.7134e+06 ZonesAtSurface
4182.31 2273.39 331.404 9 0 1 7 114454 22.4925 187721 1.06985 1.99577e+06 114454 ZonesAtSurface
4232.33 2273.37 241.47 7 0 1 8 1.07604e+06 32.7872 137035 1.01912 5.149e+06 1.07604e+06 ZonesAtSurface
4282.37 2273.37 201.501 6 0 1 8 1.47739e+06 23.2301 154085 1.14641 5.05992e+06 1.47739e+06 ZonesAtSurface
4332.39 2273.37 111.529 5 0 1 9 307552 30.4895 66701.5 1.00637 5.5029e+06 307552 ZonesAtSurface
4382.44 2273.37 121.557 7 2 1 8 925449 21.421 156738 1.43157 2.09785e+06 925449 ZonesAtSurface
4432.47 2273.38 81.5839 8 6 2 8 1.00636e+06 42.3466 53468.8 1.44781 3.85314e+06 1.00636e+06 ZonesAtSurface
4482.38 2273.39 -8.37418 21 0 1 9 1.20072e+06 28.6501 15221.4 1.04046 6.43081e+06 1.20072e+06 ZonesAtSurface
4532.31 2273.41 -48.3651 10 0 1 9 309235 39.2419 93002.1 1.22867 1.26697e+07 309235 ZonesAtSurface
4582.18 2273.45 -38.3063 29 0 1 8 1.16455e+06 38.6623 151164 1.68192 4.57242e+06 1.16455e+06 ZonesAtSurface
4632.08 2273.49 -28.2528 53 0 1 7 348261 28.3042 71571.6 1.04099 1.20448e+06 348261 ZonesAtSurface
4681.97 2273.51 -18.224 57 23 1 6 1.53179e+06 28.0441 61047.8 1.55615 3.33507e+06 1.53179e+06 ZonesAtSurface
4731.94 2273.55 -8.19388 39 47 1 5 1.48292e+06 43.7026 173039 1.51142 4.205e+06 1.48292e+06 ZonesAtSurface
4781.83 2273.6 1.85339 78 54 1 4 900396 39.2168 58437.1 1.26089 3.00709e+06 900396 ZonesAtSurface
4831.72 2273.64 11.8861 56 72 1 3 1.52887e+06 20.6323 153630 1.40576 3.04907e+06 1.52887e+06 ZonesAtSurface
4881.67 2273.66 21.9131 72 84 1 2 660215 29.853 89922.5 0 1.33601e+06 660215 ZonesAtSurface
4931.74 2273.7 31.8528 84 99 1 1 652542 39.324 161423 1.7794 1.33653e+06 652542 ZonesAtSurface
81.7368 2323.76 -39.5759 149 0 1 2 1.36813e+06 26.8299 61994.2 1.33892 8.43422e+06 1.36813e+06 ZonesAtSurface
131.586 2323.74 -14.414 128 106 1 2 1.81401e+06 40.1921 189399 1.53018 5.60348e+06 1.81401e+06 ZonesAtSurface
181.43 2323.65 -39.4419 128 3 1 3 1.35261e+06 41.3106 42236.5 1.01405 7.66608e+06 1.35261e+06 ZonesAtSurface
231.26 2323.63 -14.3734 136 21 1 3 784209 39.036 59613.2 1.82113 3.05554e+06 784209 ZonesAtSurface
281.111 2323.56 -39.4697 128 0 1 4 912463 16.2508 30025 1.04725 3.50498e+06 912463 ZonesAtSurface
330.965 2323.56 -14.4561 122 0 1 4 469091 19.0026 120160 2.07296 1.19134e+06 469091 ZonesAtSurface
380.908 2323.53 -39.5099 100 0 1 5 426629 29.7645 37260.2 1.18064 3.98184e+06 426629 ZonesAtSurface
430.782 2323.52 -14.5056 108 0 1 5 125363 42.2753 26596.3 2.24289 2.19773e+06 125363 ZonesAtSurface
480.676 2323.46 -39.6714 87 0 1 6 351284 35.4637 182582 1.14395 5.81412e+06 351284 ZonesAtSurface
530.565 2323.46 -14.694 52 20 1 6 1.82928e+06 41.0265 95510.7 2.49719 5.0884e+06 1.82928e+06 ZonesAtSurface
580.55 2323.4 -39.7675 23 0 1 7 1.44199e+06 15.1066 138820 1.04079 9.14166e+06 1.44199e+06 ZonesAtSurface
630.426 2323.36 -14.8144 14 0 1 7 817047 24.3715 141505 1.03838 1.08061e+07 817047 ZonesAtSurface
680.109 2323.33 110.112 8 6 2 5 1.74721e+06 44.1421 167345 1.56287 5.26943e+06 1.74721e+06 ZonesAtSurface
730.25 2323.33 35.0898 4 0 1 7 261357 40.2554 123230 1.06708 1.37649e+07 261357 ZonesAtSurface
780.032 2323.32 160.042 7 0 1 5 1.53355e+06 18.5517 119971 1.08636 4.07229e+06 1.53355e+06 ZonesAtSurface
829.971 2323.31 235.011 7 7 1 4 1.73573e+06 35.6826 160956 1.1648 5.87947e+06 1.73573e+06 ZonesAtSurface
879.972 2323.31 259.993 4 0 2 4 717012 18.0633 187183 1.03758 1.82522e+06 717012 ZonesAtSurface
929.976 2323.3 284.973 6 0 1 4 147973 19.1498 42291.6 1.03764 1.32935e+06 147973 ZonesAtSurface
979.975 2323.3 309.957 10 0 1 4 842538 24.4152 22468.2 1.05996 2.84477e+06 842538 ZonesAtSurface
1030 2323.3 284.941 0 0 1 5 1.57012e+06 27.0491 173242 1.01096 7.48427e+06 1.57012e+06 ZonesAtSurface
1079.98 2323.3 309.926 4 0 1 5 148096 42.8289 33752.5 1.02171 7.00944e+06 148096 ZonesAtSurface
1130 2323.29 284.906 1 0 1 6 1.24547e+06 39.8557 109055 1.11774 1.02557e+07 1.24547e+06 ZonesAtSurface
1179.98 2323.28 309.892 2 0 1 6 822883 15.8561 123034 1.01374 5.33095e+06 822883 ZonesAtSurface
1229.96 2323.27 334.881 2 0 1 6 1.7442e+06 27.0598 176964 1.00675 8.43753e+06 1.7442e+06 ZonesAtSurface
1279.93 2323.28 359.874 7 0 1 6 433778 26.3209 106838 1.02005 5.83557e+06 433778 ZonesAtSurface
1329.92 2323.27 334.853 5 0 1 7 820265 22.0465 12316.6 1.00986 8.52427e+06 820265 ZonesAtSurface
1379.86 2323.27 359.85 9 0 1 7 196068 32.0529 30364.1 1.11825 1.02552e+07 196068 ZonesAtSurface
1429.8 2323.27 384.857 7 0 1 7 1.69565e+06 44.1765 160101 1.03681 1.01456e+07 1.69565e+06 ZonesAtSurface
1479.79 2323.27 359.837 10 0 1 8 661083 33.3774 75792.2 1.03725 1.20538e+07 661083 ZonesAtSurface
1529.73 2323.28 384.852 9 0 1 8 556117 43.118 29256 1.0377 9.48798e+06 556117 ZonesAtSurface
1579.72 2323.31 359.839 4 0 1 9 427212 31.1482 158193 1.01591 1.01632e+07 427212 ZonesAtSurface
1629.6 2323.37 434.909 3 3 2 8 1.29474e+06 17.0424 34292.6 1.73831 2.08833e+06 1.29474e+06 ZonesAtSurface
1679.6 2323.34 359.863 8 0 1 10 1.18417e+06 18.1965 33862.4 1.04588 9.8477e+06 1.18417e+06 ZonesAtSurface
1729.51 2323.4 384.912 10 0 1 10 106099 24.3007 75136.7 0.858177 2.15484e+06 106099 ZonesAtSurface
1779.44 2323.42 409.967 0 8 2 10 584172 40.0301 92685.5 3.17656 766300 584172 ZonesAtSurface
1829.42 2323.38 284.859 4 0 1 13 1.00296e+06 22.7806 26291.7 1.11021 1.01608e+07 1.00296e+06 ZonesAtSurface
1879.24 2323.42 359.986 0 6 2 12 1.57286e+06 17.9724 115921 1.28666 3.30316e+06 1.57286e+06 ZonesAtSurface
1929.23 2323.56 334.984 4 0 1 13 325019 29.2259 65327.6 1.36824 1.67521e+06 325019 ZonesAtSurface
1979.21 2323.67 309.983 0 0 2 14 1.84213e+06 40.4726 126026 1.69779 4.46488e+06 1.84213e+06 ZonesAtSurface
2029.23 2323.62 222.444 7 0 1 15 460417 36.8872 155315 1.13411 1.00447e+07 460417 ZonesAtSurface
2079.17 2323.72 222.476 1 1 2 13 1.75379e+06 34.4968 22098.3 1.54804 4.649e+06 1.75379e+06 ZonesAtSurface
2129.5 2323.53 72.3989 1 4 1 14 826188 23.8603 35620.6 1.17857 2.26812e+06 826188 ZonesAtSurface
2179.83 2323.46 -27.6522 18 0 1 14 645983 34.7736 116534 1.57832 2.63185e+07 645983 ZonesAtSurface
2229.53 2323.55 -27.6201 26 0 1 12 741452 36.9428 29778.1 3.07128 4.6898e+06 741452 ZonesAtSurface
2280.16 2323.48 -127.697 6 0 0 0 464167 39.6087 161141 1.52298 3.88474e+07 464167 ZonesAtSurface
2330.09 2323.51 -127.721 9 0 0 0 627504 43.7386 95181.3 1.3725 3.01997e+07 627504 ZonesAtSurface
2381.11 2323.42 -327.552 3 0 0 0 1.8758e+06 29.9036 121439 1.78282 1.58097e+07 1.8758e+06 ZonesAtSurface
2431.25 2323.42 -377.515 0 0 0 0 1.37256e+06 26.2075 25592 2.06202 1.14073e+07 1.37256e+06 ZonesAtSurface
2481.34 2323.42 -427.494 0 0 0 0 659623 32.1296 169023 3.71269 9.05263e+06 659623 ZonesAtSurface
2531.13 2323.52 -307.457 2 0 0 0 1.87075e+06 30.7538 130702 1.23488 1.34775e+07 1.87075e+06 ZonesAtSurface
2581.23 2323.49 -367.453 0 0 0 0 432661 18.1336 133993 1.12083 1.02029e+07 432661 ZonesAtSurface
2631.07 2323.55 -277.428 0 0 0 0 599920 31.1605 153631 1.13779 1.19511e+07 599920 ZonesAtSurface
2681.17 2323.52 -337.435 0 0 0 0 421179 24.5115 90101.7 1.49237 1.0725e+07 421179 ZonesAtSurface
2730.87 2323.62 -147.417 4 0 0 0 804700 40.6191 46483.9 1.23859 1.02019e+07 804700 ZonesAtSurface
2780.97 2323.59 -207.42 3 0 0 0 299285 31.886 102196 1.46096 9.52759e+06 299285 ZonesAtSurface
2830.93 2323.61 -167.42 0 0 0 0 1.65672e+06 39.9358 185721 2.64119 9.59371e+06 1.65672e+06 ZonesAtSurface
2880.9 2323.63 -127.425 0 0 0 0 1.59823e+06 41.3971 171932 2.44692 1.00936e+07 1.59823e+06 ZonesAtSurface
2930.94 2323.61 -137.432 0 0 0 0 1.08636e+06 34.1275 125252 1.9188 9.54535e+06 1.08636e+06 ZonesAtSurface
2980.81 2323.69 2.55006 5 0 0 0 1.86868e+06 42.156 30239.6 1.81674 7.9224e+06 1.86868e+06 ZonesAtSurface
3030.95 2323.61 -107.441 0 0 0 0 1.54931e+06 35.0269 54946.3 3.38539 7.18388e+06 1.54931e+06 ZonesAtSurface
3080.94 2323.6 -67.4449 0 0 0 0 1.05372e+06 24.1159 106739 1.41083 7.30844e+06 1.05372e+06 ZonesAtSurface
3130.93 2323.59 -27.45 0 0 0 0 1.17495e+06 28.1304 41944.3 1.37877 7.21747e+06 1.17495e+06 ZonesAtSurface
3180.93 2323.57 12.5449 4 0 1 11 858964 38.2273 78253.7 1.21311 6.77787e+06 858964 ZonesAtSurface
3230.94 2323.57 52.5315 10 0 1 11 587647 36.1202 43051.4 1.08584 2.76406e+06 587647 ZonesAtSurface
3280.96 2323.57 92.5107 10 0 1 11 350117 42.8729 122753 1.50947 2.42288e+06 350117 ZonesAtSurface
3331.04 2323.54 32.4971 1 0 1 13 599742 36.1148 165363 1.56286 7.15335e+06 599742 ZonesAtSurface
3381.07 2323.54 72.4852 0 0 1 13 858325 22.2747 97962.6 1.28239 4.58388e+06 858325 ZonesAtSurface
3431.08 2323.56 162.451 4 0 1 12 504695 31.8077 90047 1.18445 2.73545e+06 504695 ZonesAtSurface
3481.1 2323.58 252.385 5 5 2 11 1.32124e+06 31.0094 19214.3 1.12257 4.3548e+06 1.32124e+06 ZonesAtSurface
3531.19 2323.54 242.377 6 0 1 12 1.6163e+06 23.4041 89259.7 1.10163 6.03252e+06 1.6163e+06 ZonesAtSurface
3581.32 2323.47 232.398 4 0 1 13 623200 15.8511 111073 1.01711 3.44102e+06 623200 ZonesAtSurface
3631.41 2323.44 272.386 5 5 1 13 1.6717e+06 43.2508 63421.2 1.04655 7.27429e+06 1.6717e+06 ZonesAtSurface
3681.49 2323.42 312.36 10 0 1 13 1.06328e+06 15.9886 148546 1.0812 3.22141e+06 1.06328e+06 ZonesAtSurface
3731.58 2323.41 302.363 5 0 1 14 671567 43.6436 149640 1.0223 7.22276e+06 671567 ZonesAtSurface
3781.65 2323.46 452.269 0 6 1 11 649089 33.1031 50297.6 1.23506 1.87112e+06 649089 ZonesAtSurface
3831.77 2323.44 462.242 3 5 2 10 381920 25.408 130055 1.50178 753852 381920 ZonesAtSurface
3881.85 2323.43 472.253 9 8 1 9 693461 21.329 152728 1.86634 1.04914e+06 693461 ZonesAtSurface
3931.93 2323.43 482.251 10 2 1 8 471822 36.4802 119183 1.16261 1.44824e+06 471822 ZonesAtSurface
3982.05 2323.42 492.222 0 10 2 7 1.53774e+06 36.7254 166280 1.54364 3.80016e+06 1.53774e+06 ZonesAtSurface
4032.13 2323.41 452.258 6 0 2 7 377580 19.8449 113659 1.17876 1.2217e+06 377580 ZonesAtSurface
4082.21 2323.42 462.269 0 9 2 6 1.54618e+06 40.8071 40529.5 2.02302 3.45669e+06 1.54618e+06 ZonesAtSurface
4132.28 2323.41 422.322 0 3 2 6 1.2465e+06 25.8384 90962.5 1.70808 2.34267e+06 1.2465e+06 ZonesAtSurface
4182.33 2323.4 382.378 8 0 2 6 540455 26.6532 60312.6 2.05844 1.16659e+06 540455 ZonesAtSurface
4232.37 2323.38 342.426 0 5 1 6 1.66263e+06 26.3847 157757 1.63183 3.29537e+06 1.66263e+06 ZonesAtSurface
4282.39 2323.37 252.482 10 10 1 7 1.33682e+06 24.7701 40869.5 1.00969 4.1246e+06 1.33682e+06 ZonesAtSurface
4332.39 2323.36 112.53 5 0 1 9 1.26802e+06 42.3055 25760.8 1.039 7.4123e+06 1.26802e+06 ZonesAtSurface
4382.41 2323.37 72.5575 2 0 1 9 939412 37.6575 49227 1.09872 6.87967e+06 939412 ZonesAtSurface
4432.36 2323.38 -17.4224 0 0 1 10 176477 30.7353 56880.4 1.64087 8.43148e+06 176477 ZonesAtSurface
4482.37 2323.39 -7.37785 20 0 1 9 698457 18.4839 124512 1.05629 5.54818e+06 698457 ZonesAtSurface
4532.31 2323.41 -47.3686 17 0 1 9 446121 27.4671 120386 1.1113 9.77579e+06 446121 ZonesAtSurface
4582.21 2323.43 -37.3257 37 0 1 8 222468 22.9675 170864 1.50368 2.40151e+06 222468 ZonesAtSurface
4632.1 2323.47 -27.2714 55 8 1 7 1.75754e+06 19.547 103990 1.08795 4.91669e+06 1.75754e+06 ZonesAtSurface
4681.98 2323.5 -17.2278 49 23 1 6 1.37874e+06 32.2166 98312 1.53231 3.25365e+06 1.37874e+06 ZonesAtSurface
4731.84 2323.57 -7.18604 87 41 1 5 1.32925e+06 16.2988 130615 1.18699 3.0476e+06 1.32925e+06 ZonesAtSurface
4781.79 2323.61 2.85273 88 52 1 4 820703 30.1757 75303.2 0 1.93563e+06 820703 ZonesAtSurface
4831.73 2323.64 12.8867 57 74 1 3 1.62786e+06 34.782 76596.1 2.11483 2.88178e+06 1.62786e+06 ZonesAtSurface
4881.67 2323.67 22.8976 55 95 1 2 1.8691e+06 34.1346 74327 2.33574 2.95302e+06 1.8691e+06 ZonesAtSurface
4931.75 2323.7 32.8532 32 108 1 1 1.82685e+06 40.7279 26028.8 2.41883 3.4055e+06 1.82685e+06 ZonesAtSurface
81.7485 2373.77 -38.5797 121 0 1 2 562608 32.8959 160261 1.31102 9.69007e+06 562608 ZonesAtSurface
131.61 2373.74 -13.4182 133 42 1 2 629588 24.0129 37489.1 1.53112 1.72161e+06 629588 ZonesAtSurface
181.408 2373.65 -38.4446 139 0 1 3 1.48519e+06 24.2893 58166.9 1.02783 7.16915e+06 1.48519e+06 ZonesAtSurface
231.24 2373.63 -13.3912 135 58 1 3 1.00059e+06 20.0168 128630 1.29353 2.52974e+06 1.00059e+06 ZonesAtSurface
281.104 2373.55 -38.4838 119 12 1 4 1.75058e+06 38.4764 126122 1.0455 7.37717e+06 1.75058e+06 ZonesAtSurface
330.97 2373.55 -13.47 111 52 2 4 988544 32.0385 65538.5 1.83475 2.83834e+06 988544 ZonesAtSurface
380.905 2373.52 -38.521 101 0 1 5 1.45451e+06 34.8316 106019 1.30571 7.00612e+06 1.45451e+06 ZonesAtSurface
430.786 2373.51 -13.5148 103 0 1 5 491272 38.3186 20760.8 2.35871 2.62448e+06 491272 ZonesAtSurface
480.679 2373.46 -38.6732 77 0 1 6 1.08215e+06 32.9357 141958 1.06313 7.43548e+06 1.08215e+06 ZonesAtSurface
530.56 2373.46 -13.7059 46 0 1 6 354575 16.8599 152901 1.2867 3.28468e+06 354575 ZonesAtSurface
580.54 2373.4 -38.7829 9 0 1 7 1.8029e+06 41.9951 115175 1.26812 2.47476e+07 1.8029e+06 ZonesAtSurface
630.254 2373.36 36.1656 3 0 2 6 1.87927e+06 44.132 82594.4 1.23993 1.13982e+07 1.87927e+06 ZonesAtSurface
680.308 2373.35 11.1367 9 0 1 7 564427 26.2943 170663 1.00893 1.47312e+07 564427 ZonesAtSurface
730.126 2373.33 86.0849 10 0 1 6 1.73857e+06 25.5252 51107.9 1.05888 6.55211e+06 1.73857e+06 ZonesAtSurface
779.99 2373.32 161.045 2 1 2 5 493671 29.8407 134311 1.07106 1.41799e+06 493671 ZonesAtSurface
829.986 2373.31 186.021 6 0 1 5 1.32912e+06 22.108 101161 1.03638 4.28266e+06 1.32912e+06 ZonesAtSurface
879.888 2373.31 310.989 9 5 1 3 1.87062e+06 27.9192 33119.1 1.35881 4.56493e+06 1.87062e+06 ZonesAtSurface
929.891 2373.31 335.974 8 6 2 3 964357 39.7682 111469 1.32687 3.07756e+06 964357 ZonesAtSurface
979.891 2373.31 360.965 0 6 2 3 1.03361e+06 41.2735 91652.1 2.29232 1.94746e+06 1.03361e+06 ZonesAtSurface
1029.94 2373.31 285.944 1 0 1 5 1.6431e+06 37.1912 170947 1.00724 8.18457e+06 1.6431e+06 ZonesAtSurface
1079.89 2373.31 360.944 10 5 1 4 1.27138e+06 36.0163 105731 1.60347 3.07327e+06 1.27138e+06 ZonesAtSurface
1129.9 2373.3 335.917 3 0 1 5 606858 43.4392 121005 1.02806 6.79711e+06 606858 ZonesAtSurface
1179.87 2373.3 360.909 10 0 1 5 995534 35.9505 121127 1.06528 6.37655e+06 995534 ZonesAtSurface
1229.78 2373.3 435.915 9 6 1 4 1.56655e+06 24.924 153081 2.1134 2.30983e+06 1.56655e+06 ZonesAtSurface
1279.83 2373.29 360.875 3 0 1 6 810542 17.5341 56654.3 1.0045 5.17694e+06 810542 ZonesAtSurface
1329.79 2373.3 385.873 7 0 1 6 416056 33.5022 70919.7 1.03229 7.29754e+06 416056 ZonesAtSurface
1379.77 2373.3 360.852 4 0 1 7 1.80548e+06 18.4511 79961.7 1.04666 7.8728e+06 1.80548e+06 ZonesAtSurface
1429.7 2373.3 385.857 8 0 1 7 713806 28.3012 24332.2 1.05692 6.66245e+06 713806 ZonesAtSurface
1479.68 2373.3 360.839 3 0 1 8 805423 24.0769 123778 1.02554 9.16196e+06 805423 ZonesAtSurface
1529.6 2373.31 385.858 4 0 1 8 1.517e+06 15.1741 151616 1.00907 5.84466e+06 1.517e+06 ZonesAtSurface
1579.52 2373.35 410.886 10 0 1 8 1.54925e+06 31.0988 125800 1.04886 6.34087e+06 1.54925e+06 ZonesAtSurface
1629.5 2373.38 385.875 8 0 1 9 908187 26.7176 46205.6 1.019 8.74637e+06 908187 ZonesAtSurface
1679.43 2373.49 460.939 0 5 2 8 1.709e+06 28.6918 122935 2.62893 2.43986e+06 1.709e+06 ZonesAtSurface
1729.32 2373.45 385.91 10 0 1 10 625778 41.9384 89584.7 1.03779 1.04438e+07 625778 ZonesAtSurface
1779.29 2373.48 360.898 9 0 1 11 1.78159e+06 34.4073 177112 1.01092 1.34929e+07 1.78159e+06 ZonesAtSurface
1829.19 2373.45 285.831 3 0 1 13 1.33727e+06 42.1228 165890 1.20715 2.96856e+07 1.33727e+06 ZonesAtSurface
1879.05 2373.52 310.893 8 0 1 13 1.21834e+06 42.8665 78741 0.995154 1.88953e+07 1.21834e+06 ZonesAtSurface
1928.94 2373.61 285.892 8 0 1 14 693398 40.2345 73817.2 1.02986 1.66119e+07 693398 ZonesAtSurface
1978.79 2373.77 310.961 1 0 2 14 534868 18.5306 94620.6 0 1.09667e+06 534868 ZonesAtSurface
2028.83 2373.7 223.406 3 0 1 15 198736 25.0247 148267 1.01374 8.7392e+06 198736 ZonesAtSurface
2078.86 2373.72 173.409 8 4 1 14 489591 38.4814 57839 1.90096 3.27642e+06 489591 ZonesAtSurface
2129.37 2373.54 23.314 7 0 1 15 632757 24.1355 54727.4 1.11373 1.82471e+07 632757 ZonesAtSurface
2179.52 2373.52 -26.7059 17 0 1 14 867227 21.1015 57868.4 1.2994 2.56457e+07 867227 ZonesAtSurface
2229.16 2373.58 -26.7154 13 0 1 12 1.8098e+06 37.8647 32357.8 1.45986 2.68111e+07 1.8098e+06 ZonesAtSurface
2280.31 2373.46 -176.733 5 0 0 0 1.08758e+06 38.0792 68879.7 1.28799 2.87597e+07 1.08758e+06 ZonesAtSurface
2330.83 2373.42 -276.633 5 0 0 0 133357 44.4651 54776.7 2.03477 2.44164e+07 133357 ZonesAtSurface
2380.85 2373.46 -276.603 8 0 0 0 769976 22.8548 73969.2 1.24625 1.24098e+07 769976 ZonesAtSurface
2431.2 2373.43 -376.519 0 0 0 0 507964 36.3267 146768 2.78672 1.23054e+07 507964 ZonesAtSurface
2481.21 2373.45 -376.492 0 0 0 0 1.25947e+06 40.2269 163909 3.72524 1.15626e+07 1.25947e+06 ZonesAtSurface
2531.07 2373.51 -306.45 6 0 0 0 149037 35.7709 53466.4 1.03282 1.29575e+07 149037 ZonesAtSurface
2581.1 2373.51 -316.439 5 0 0 0 564087 16.3769 160396 1.00766 7.84936e+06 564087 ZonesAtSurface
2631.12 2373.51 -326.431 0 0 0 0 707111 43.5295 53799.3 3.52487 1.09971e+07 707111 ZonesAtSurface
2681.13 2373.51 -336.431 0 0 0 0 476627 42.1213 138282 3.40801 1.1352e+07 476627 ZonesAtSurface
2730.91 2373.58 -196.412 9 0 0 0 894699 42.9618 165114 1.48472 1.07714e+07 894699 ZonesAtSurface
2780.86 2373.6 -156.412 0 0 0 0 1.0877e+06 44.4744 153049 1.93975 1.04683e+07 1.0877e+06 ZonesAtSurface
2830.97 2373.57 -216.419 0 0 0 0 516314 33.6188 51609.9 1.69647 1.00025e+07 516314 ZonesAtSurface
2880.87 2373.62 -126.422 5 0 0 0 1.30792e+06 33.914 122166 1.37443 1.01882e+07 1.30792e+06 ZonesAtSurface
2930.97 2373.58 -186.427 9 0 0 0 302264 15.0591 121224 1.21914 5.99598e+06 302264 ZonesAtSurface
2980.9 2373.62 -96.4362 0 0 0 0 1.88482e+06 34.1296 59984.2 1.65156 1.0138e+07 1.88482e+06 ZonesAtSurface
3030.88 2373.63 -56.4409 10 0 0 0 305405 23.3248 159813 1.06488 5.99056e+06 305405 ZonesAtSurface
3080.93 2373.6 -66.4503 0 0 0 0 785974 41.968 150722 2.24541 8.98111e+06 785974 ZonesAtSurface
3130.96 2373.58 -76.4626 0 0 0 0 1.76469e+06 34.3647 73955.2 3.02477 7.44126e+06 1.76469e+06 ZonesAtSurface
3180.93 2373.59 13.534 9 0 0 0 1.39334e+06 21.2633 61479.2 1.13243 5.6406e+06 1.39334e+06 ZonesAtSurface
3230.97 2373.56 3.51959 0 0 1 12 1.34018e+06 40.864 186512 2.06587 7.11963e+06 1.34018e+06 ZonesAtSurface
3281.02 2373.54 -6.49847 0 0 1 13 1.1272e+06 30.8367 160021 1.59994 7.87398e+06 1.1272e+06 ZonesAtSurface
3331.02 2373.57 83.4933 8 0 1 12 1.70705e+06 24.7246 189997 1.16306 4.76219e+06 1.70705e+06 ZonesAtSurface
3381.07 2373.55 73.4828 6 0 1 13 475721 30.1252 13811.4 1.49397 2.99978e+06 475721 ZonesAtSurface
3431.14 2373.51 63.4693 0 0 1 14 606877 38.5323 101997 1.2893 9.52493e+06 606877 ZonesAtSurface
3481.16 2373.52 153.443 4 0 1 13 487841 39.5329 181477 1.03184 7.93848e+06 487841 ZonesAtSurface
3531.18 2373.56 293.358 3 5 1 11 1.42932e+06 35.1328 179108 1.89875 3.13447e+06 1.42932e+06 ZonesAtSurface
3581.28 2373.5 283.355 4 0 2 12 508702 36.2826 176352 1.12197 2.14876e+06 508702 ZonesAtSurface
3631.41 2373.44 273.383 2 0 2 13 264993 19.7792 180625 1.01829 2.4853e+06 264993 ZonesAtSurface
3681.49 2373.44 363.331 4 4 2 12 1.46891e+06 26.406 156876 1.31721 3.51142e+06 1.46891e+06 ZonesAtSurface
3731.58 2373.41 303.356 9 0 1 14 1.00324e+06 34.718 154910 1.02896 8.15869e+06 1.00324e+06 ZonesAtSurface
3781.66 2373.4 353.33 9 0 1 13 307825 42.1956 14870.8 1.03614 3.48989e+06 307825 ZonesAtSurface
3831.76 2373.41 413.284 6 0 1 11 374957 36.0131 51953.5 1.06609 1.74924e+06 374957 ZonesAtSurface
3881.86 2373.41 423.274 10 0 1 10 239204 44.2596 133629 1.06693 4.3359e+06 239204 ZonesAtSurface
3931.94 2373.4 433.282 9 0 1 9 1.48676e+06 35.2923 108410 1.06598 6.47862e+06 1.48676e+06 ZonesAtSurface
3982.04 2373.42 493.227 3 10 1 7 1.23708e+06 36.526 92429.2 2.01963 2.49307e+06 1.23708e+06 ZonesAtSurface
4032.12 2373.4 453.262 10 10 2 7 1.10433e+06 38.3638 51732.6 1.22964 3.95373e+06 1.10433e+06 ZonesAtSurface
4082.19 2373.39 413.309 8 0 1 7 386611 31.0953 41055.5 1.09791 4.1858e+06 386611 ZonesAtSurface
4132.28 2373.41 423.323 10 0 2 6 418476 17.6084 109805 1.48111 1.47961e+06 418476 ZonesAtSurface
4182.31 2373.39 333.405 4 5 1 7 1.84055e+06 38.0969 92095 1.0662 7.05727e+06 1.84055e+06 ZonesAtSurface
4232.37 2373.4 343.425 10 10 1 6 611195 35.9016 130517 1.68118 1.39907e+06 611195 ZonesAtSurface
4282.39 2373.37 253.48 0 0 2 7 858864 34.4885 62359.5 1.06071 3.12312e+06 858864 ZonesAtSurface
4332.39 2373.36 113.529 1 0 1 9 626220 34.3858 49989.3 1.02035 5.97287e+06 626220 ZonesAtSurface
4382.43 2373.37 123.552 6 5 1 8 1.51446e+06 23.7646 28309.5 1.12791 4.15593e+06 1.51446e+06 ZonesAtSurface
4432.45 2373.36 83.5827 0 0 1 8 764585 31.625 173109 1.13755 3.09777e+06 764585 ZonesAtSurface
4482.37 2373.38 -6.38496 17 0 1 9 1.05756e+06 22.7045 77270.4 1.06073 7.6813e+06 1.05756e+06 ZonesAtSurface
4532.32 2373.41 -46.3755 8 0 1 9 1.43367e+06 30.6333 39097.5 1.29676 1.19835e+07 1.43367e+06 ZonesAtSurface
4582.27 2373.43 -36.3389 35 0 1 8 1.74283e+06 17.1229 12322.5 1.42321 5.11376e+06 1.74283e+06 ZonesAtSurface
4632.12 2373.46 -26.2881 36 5 1 7 1.36631e+06 38.1056 89675.9 1.58964 4.59983e+06 1.36631e+06 ZonesAtSurface
4681.98 2373.49 -16.2291 44 21 1 6 916816 40.9877 134682 1.3112 3.11694e+06 916816 ZonesAtSurface
4731.82 2373.56 -6.18087 79 28 1 5 465265 43.3965 176988 1.3147 1.37872e+06 465265 ZonesAtSurface
4781.81 2373.61 3.85075 71 59 1 4 1.80292e+06 31.8963 77358.9 0 3.54445e+06 1.80292e+06 ZonesAtSurface
4831.76 2373.64 13.8734 76 68 1 3 1.471e+06 31.4131 162595 1.98884 2.49375e+06 1.471e+06 ZonesAtSurface
4881.69 2373.68 23.8874 76 86 1 2 1.51373e+06 23.639 59701.4 2.91222 1.57587e+06 1.51373e+06 ZonesAtSurface
4931.78 2373.71 33.8462 94 103 1 1 1.50381e+06 17.9775 91929.4 2.44619 1.66473e+06 1.50381e+06 ZonesAtSurface
81.7445 2423.77 -37.5777 115 0 1 2 1.79509e+06 41.5864 107487 1.39212 1.42933e+07 1.79509e+06 ZonesAtSurface
131.596 2423.74 -12.4197 144 4 1 2 402299 24.6387 108023 1.62423 1.34114e+06 402299 ZonesAtSurface
181.393 2423.65 -37.4464 131 0 1 3 158181 31.6633 75912.1 1.05494 3.88512e+06 158181 ZonesAtSurface
231.239 2423.63 -12.4048 139 105 1 3 1.3835e+06 28.7717 106217 1.52877 3.48107e+06 1.3835e+06 ZonesAtSurface
281.107 2423.56 -37.4873 123 0 1 4 480715 35.1441 118399 1.05941 7.03493e+06 480715 ZonesAtSurface
330.975 2423.55 -12.4801 122 71 1 4 1.23736e+06 23.8639 41467.4 1.40314 3.04363e+06 1.23736e+06 ZonesAtSurface
380.896 2423.52 -37.5367 84 0 1 5 1.89712e+06 40.5128 183813 1.23756 7.96517e+06 1.89712e+06 ZonesAtSurface
430.785 2423.52 -12.5237 80 5 1 5 1.41703e+06 21.923 189354 1.99591 2.80637e+06 1.41703e+06 ZonesAtSurface
480.684 2423.46 -37.6709 56 0 1 6 240172 42.8736 189177 1.11623 7.55813e+06 240172 ZonesAtSurface
530.56 2423.45 -12.7004 53 11 1 6 1.83142e+06 29.7967 188174 1.49968 6.48646e+06 1.83142e+06 ZonesAtSurface
580.535 2423.41 -37.7812 22 0 1 7 1.69078e+06 34.7274 167654 1.09488 2.20047e+07 1.69078e+06 ZonesAtSurface
630.404 2423.39 -12.8141 1 0 1 7 254880 31.3571 134412 1.01247 1.65902e+07 254880 ZonesAtSurface
680.297 2423.36 12.1356 3 0 1 7 656000 40.872 13262.2 1.01852 1.94107e+07 656000 ZonesAtSurface
729.976 2423.34 137.068 1 3 2 5 1.78024e+06 18.0713 128682 0.964571 5.01573e+06 1.78024e+06 ZonesAtSurface
779.967 2423.33 162.048 1 1 2 5 1.23316e+06 38.7414 112895 1.13274 4.61957e+06 1.23316e+06 ZonesAtSurface
829.897 2423.32 237.016 7 4 1 4 1.44594e+06 15.2198 15584.8 1.25578 3.08706e+06 1.44594e+06 ZonesAtSurface
879.942 2423.32 212 1 0 1 5 1.39288e+06 44.2976 159788 1.02072 7.6277e+06 1.39288e+06 ZonesAtSurface
929.851 2423.32 336.975 8 0 2 3 313098 23.7216 63345 1.16354 1.11227e+06 313098 ZonesAtSurface
979.854 2423.33 361.967 8 8 2 3 602091 22.8858 155063 1.33617 1.34394e+06 602091 ZonesAtSurface
1029.86 2423.32 336.952 9 0 1 4 1.05672e+06 31.3193 50967.4 1.05072 4.58639e+06 1.05672e+06 ZonesAtSurface
1079.84 2423.33 361.944 5 4 1 4 1.58884e+06 25.4102 97751 1.14848 4.30973e+06 1.58884e+06 ZonesAtSurface
1129.85 2423.32 336.919 10 0 1 5 886288 27.4709 105995 1.03256 6.31853e+06 886288 ZonesAtSurface
1179.81 2423.32 361.911 9 0 1 5 1.62025e+06 16.6297 45845.3 1.01242 4.84842e+06 1.62025e+06 ZonesAtSurface
1229.76 2423.32 386.902 8 0 1 5 527581 19.0596 85934.1 0.9058 1.83205e+06 527581 ZonesAtSurface
1279.76 2423.32 361.876 0 0 1 6 1.69328e+06 44.1688 78180.9 1.48863 1.1125e+07 1.69328e+06 ZonesAtSurface
1329.71 2423.33 386.873 5 0 1 6 898843 34.5812 127704 1.00819 8.1262e+06 898843 ZonesAtSurface
1379.66 2423.35 411.882 0 0 2 6 1.77478e+06 25.8096 126332 1.06209 5.48393e+06 1.77478e+06 ZonesAtSurface
1429.67 2423.34 336.835 1 0 1 8 274124 38.9725 51754 1.05571 1.46134e+07 274124 ZonesAtSurface
1479.59 2423.34 361.842 2 0 1 8 1.08726e+06 31.8791 109785 1.0186 1.27989e+07 1.08726e+06 ZonesAtSurface
1529.51 2423.36 386.86 4 0 1 8 545434 31.1169 139953 0.956237 8.38609e+06 545434 ZonesAtSurface
1579.39 2423.4 461.92 0 8 2 7 1.47572e+06 22.9347 169437 2.29747 1.99211e+06 1.47572e+06 ZonesAtSurface
1629.4 2423.43 386.873 4 0 1 9 231901 42.2623 166724 1.11223 1.46014e+07 231901 ZonesAtSurface
1679.32 2423.45 361.858 8 0 1 10 1.61113e+06 33.5697 170176 1.04316 1.85513e+07 1.61113e+06 ZonesAtSurface
1729.22 2423.47 336.839 2 0 1 11 1.68023e+06 39.8365 55466.9 1.46033 2.34266e+07 1.68023e+06 ZonesAtSurface
1779.08 2423.54 361.891 10 0 1 11 474714 36.3191 24185.3 0.894027 1.39971e+07 474714 ZonesAtSurface
1828.93 2423.58 336.879 9 0 1 12 1.51721e+06 41.4064 154640 1.05871 3.09461e+07 1.51721e+06 ZonesAtSurface
1878.75 2423.62 311.868 10 0 1 13 1.1216e+06 26.185 157266 0.997588 2.12679e+07 1.1216e+06 ZonesAtSurface
1928.59 2423.71 286.863 9 0 1 14 1.72717e+06 33.9972 183976 1.07468 2.77789e+07 1.72717e+06 ZonesAtSurface
1978.46 2423.8 261.871 7 0 1 15 1.6648e+06 26.1153 73345.9 1.03499 1.83104e+07 1.6648e+06 ZonesAtSurface
2028.4 2423.83 224.368 1 0 1 15 791039 15.5349 116248 1.05448 7.53376e+06 791039 ZonesAtSurface
2078.19 2424.05 274.438 1 5 2 12 1.04039e+06 44.6384 87934.6 4.48675 1.73756e+06 1.04039e+06 ZonesAtSurface
2129.06 2423.65 24.2662 7 0 1 15 1.57568e+06 41.2755 137358 1.04674 4.02077e+07 1.57568e+06 ZonesAtSurface
2179.22 2423.62 -25.7532 7 0 1 14 1.69396e+06 20.7191 95920.9 1.21967 2.78423e+07 1.69396e+06 ZonesAtSurface
2229.39 2423.59 -75.7985 4 0 0 0 1.41978e+06 43.2823 40053.2 1.29006 4.84061e+07 1.41978e+06 ZonesAtSurface
2280.47 2423.47 -225.712 0 0 0 0 878595 20.9839 149034 1.10109 1.65408e+07 878595 ZonesAtSurface
2330.74 2423.45 -275.662 9 0 0 0 1.37818e+06 18.5899 89178.2 1.21458 1.50829e+07 1.37818e+06 ZonesAtSurface
2381.13 2423.42 -375.546 3 0 0 0 1.28574e+06 21.5118 68098.1 1.24676 1.39518e+07 1.28574e+06 ZonesAtSurface
2431.34 2423.38 -475.502 0 0 0 0 1.1087e+06 27.3346 125499 3.02568 9.77329e+06 1.1087e+06 ZonesAtSurface
2481.16 2423.45 -375.492 8 0 0 0 1.66934e+06 23.5627 187398 1.83748 1.02037e+07 1.66934e+06 ZonesAtSurface
2531.14 2423.47 -355.455 0 0 0 0 1.69715e+06 36.5159 150289 2.37242 1.21904e+07 1.69715e+06 ZonesAtSurface
2580.94 2423.53 -265.429 9 0 0 0 1.82335e+06 42.1101 100863 1.46134 1.32709e+07 1.82335e+06 ZonesAtSurface
2630.98 2423.53 -275.417 0 0 0 0 776651 42.2256 113678 1.597 1.17073e+07 776651 ZonesAtSurface
2681.18 2423.47 -385.439 0 0 0 0 1.16439e+06 34.0696 77657.4 3.03709 1.04996e+07 1.16439e+06 ZonesAtSurface
2730.87 2423.57 -195.406 0 0 0 0 1.66896e+06 37.9413 183207 1.55062 1.04292e+07 1.66896e+06 ZonesAtSurface
2780.98 2423.54 -255.412 0 0 0 0 470142 42.4126 105084 2.4748 1.05045e+07 470142 ZonesAtSurface
2831.01 2423.53 -265.419 10 0 0 0 769530 21.7087 115295 1.17291 9.90559e+06 769530 ZonesAtSurface
2880.98 2423.55 -225.42 5 0 0 0 1.83594e+06 16.3739 153991 1.20268 9.21548e+06 1.83594e+06 ZonesAtSurface
2930.89 2423.59 -135.423 0 0 0 0 537919 41.5644 156285 1.80207 1.0194e+07 537919 ZonesAtSurface
2980.93 2423.58 -145.429 0 0 0 0 1.42924e+06 43.1988 90659.5 2.93358 9.6999e+06 1.42924e+06 ZonesAtSurface
3030.75 2423.68 44.5495 8 0 0 0 1.89651e+06 43.423 151219 1.51059 8.81559e+06 1.89651e+06 ZonesAtSurface
3081 2423.55 -165.454 0 0 0 0 355123 39.2223 23992.5 3.58875 8.70087e+06 355123 ZonesAtSurface
3130.91 2423.6 -25.4654 0 0 0 0 1.84529e+06 25.5141 13996.8 1.26634 8.29758e+06 1.84529e+06 ZonesAtSurface
3181 2423.55 -85.4774 0 0 0 0 1.30024e+06 38.212 72814.6 3.35175 7.9517e+06 1.30024e+06 ZonesAtSurface
3230.93 2423.59 54.5172 8 0 0 0 507974 26.2688 42693.1 1.22525 3.61565e+06 507974 ZonesAtSurface
3281.01 2423.54 -5.49805 0 0 1 13 1.6524e+06 31.0344 160625 1.34598 8.82644e+06 1.6524e+06 ZonesAtSurface
3331.04 2423.54 34.4912 8 0 1 13 674431 23.9756 59898.9 1.06859 7.28756e+06 674431 ZonesAtSurface
3381.1 2423.51 24.4807 9 0 1 14 442876 17.6846 35734 1.0729 6.69533e+06 442876 ZonesAtSurface
3431.17 2423.49 14.4709 0 0 1 15 328603 29.526 168418 1.38258 8.54387e+06 328603 ZonesAtSurface
3481.1 2423.53 204.404 5 0 2 12 977181 27.0977 181793 1.02565 3.26004e+06 977181 ZonesAtSurface
3531.19 2423.52 244.381 7 0 2 12 359838 31.404 119183 1.06538 2.63633e+06 359838 ZonesAtSurface
3581.28 2423.49 284.361 10 0 1 12 916988 24.096 119779 1.02336 4.39794e+06 916988 ZonesAtSurface
3631.41 2423.44 274.383 9 0 1 13 516401 36.1221 83636.9 1.01371 4.67792e+06 516401 ZonesAtSurface
3681.5 2423.42 314.352 3 0 1 13 1.1188e+06 40.8624 37860 1.02084 6.35763e+06 1.1188e+06 ZonesAtSurface
3731.58 2423.41 304.348 4 0 1 14 1.35421e+06 39.3363 20513.9 1.02414 6.41225e+06 1.35421e+06 ZonesAtSurface
3781.66 2423.39 354.328 7 3 1 13 1.51849e+06 28.2011 154696 1.02611 4.71308e+06 1.51849e+06 ZonesAtSurface
3831.76 2423.38 364.317 4 0 1 12 972778 38.381 24945.7 1.02194 5.00999e+06 972778 ZonesAtSurface
3881.86 2423.39 424.276 5 1 1 10 1.68893e+06 20.7322 135473 1.02397 4.70926e+06 1.68893e+06 ZonesAtSurface
3931.94 2423.39 434.281 9 0 2 9 950801 43.7404 103642 1.16504 5.27879e+06 950801 ZonesAtSurface
3982.02 2423.4 444.277 9 0 2 8 647788 22.3179 34738.9 1.04753 2.66729e+06 647788 ZonesAtSurface
4032.12 2423.4 454.267 5 0 1 7 596174 25.5307 140337 1.12048 2.94663e+06 596174 ZonesAtSurface
4082.19 2423.4 464.28 9 0 2 6 843033 28.9151 137053 1.12241 2.75663e+06 843033 ZonesAtSurface
4132.25 2423.38 374.359 3 0 1 7 925428 30.5214 53025.8 1.14128 3.42632e+06 925428 ZonesAtSurface
4182.27 2423.36 234.447 0 0 1 9 937026 19.2717 133226 1.00817 3.80188e+06 937026 ZonesAtSurface
4232.34 2423.37 244.463 1 0 1 8 828136 30.1787 100594 1.35216 3.79002e+06 828136 ZonesAtSurface
4282.41 2423.4 304.464 9 0 2 6 196597 34.891 77809.2 1.43462 659252 196597 ZonesAtSurface
4332.39 2423.36 114.53 4 0 1 9 872404 30.7465 19587.8 1.02418 6.33829e+06 872404 ZonesAtSurface
4382.45 2423.37 174.544 1 6 2 7 1.27573e+06 43.3663 187003 1.3664 4.25901e+06 1.27573e+06 ZonesAtSurface
4432.36 2423.38 -15.4238 0 0 1 10 1.77601e+06 43.7623 99724.2 4.43471 7.29172e+06 1.77601e+06 ZonesAtSurface
4482.37 2423.39 -5.39267 1 0 1 9 1.348e+06 43.2279 52214.9 2.35964 9.09226e+06 1.348e+06 ZonesAtSurface
4532.32 2423.41 -45.3836 5 0 1 9 1.48084e+06 27.9959 146733 1.50121 1.06461e+07 1.48084e+06 ZonesAtSurface
4582.29 2423.43 -35.3439 10 0 1 8 548986 41.7372 102102 1.84686 9.7296e+06 548986 ZonesAtSurface
4632.19 2423.45 -25.3076 32 4 1 7 1.82045e+06 35.7788 105542 1.69114 5.23985e+06 1.82045e+06 ZonesAtSurface
4682.06 2423.47 -15.2478 47 20 1 6 992113 40.1542 30107.6 1.24717 3.79148e+06 992113 ZonesAtSurface
4731.94 2423.53 -5.1934 79 5 1 5 136118 26.2836 43416.8 1.1121 539686 136118 ZonesAtSurface
4781.85 2423.6 4.8439 84 35 1 4 597650 18.3069 80583.5 1.15006 1.37676e+06 597650 ZonesAtSurface
4831.81 2423.64 14.8562 80 58 1 3 1.02409e+06 29.5497 158669 2.20522 1.49158e+06 1.02409e+06 ZonesAtSurface
4881.75 2423.67 24.8739 46 81 1 2 890859 39.2641 98994 2.94984 1.17588e+06 890859 ZonesAtSurface
4931.81 2423.71 34.8377 70 106 1 1 1.69004e+06 27.8116 51435.1 1.71565 3.31172e+06 1.69004e+06 ZonesAtSurface
81.7322 2473.78 -36.5707 108 0 1 2 1.55089e+06 20.2514 13509.1 1.23048 7.9478e+06 1.55089e+06 ZonesAtSurface
131.574 2473.75 -11.4185 111 69 1 2 570953 44.4153 73637.7 1.98963 2.50527e+06 570953 ZonesAtSurface
181.394 2473.65 -36.4607 106 0 1 3 496860 39.1693 112873 1.07028 6.64436e+06 496860 ZonesAtSurface
231.238 2473.63 -11.4053 118 0 1 3 134131 26.9966 164125 1.50442 495156 134131 ZonesAtSurface
281.104 2473.57 -36.4817 98 0 1 4 1.49792e+06 31.2292 164302 1.02311 7.61643e+06 1.49792e+06 ZonesAtSurface
330.967 2473.56 -11.4738 98 6 1 4 939834 24.8095 99647.1 1.24409 2.87004e+06 939834 ZonesAtSurface
380.878 2473.52 -36.5496 74 0 1 5 1.12146e+06 40.4907 144609 1.49916 5.90668e+06 1.12146e+06 ZonesAtSurface
430.77 2473.53 -11.5224 77 0 1 5 584126 40.0648 101621 2.8896 2.72113e+06 584126 ZonesAtSurface
480.686 2473.47 -36.6577 51 0 1 6 630022 16.355 78745.6 1.05643 3.81734e+06 630022 ZonesAtSurface
530.56 2473.46 -11.6796 52 0 1 6 573984 19.5791 11612.4 1.44412 2.42619e+06 573984 ZonesAtSurface
580.531 2473.42 -36.769 24 0 1 7 1.4768e+06 21.32 103556 1.04066 1.25191e+07 1.4768e+06 ZonesAtSurface
630.4 2473.4 -11.8102 12 0 1 7 262590 30.3337 178941 1.00954 1.45487e+07 262590 ZonesAtSurface
680.289 2473.38 13.1376 1 0 1 7 578984 29.0102 65821.6 1.01802 1.24649e+07 578984 ZonesAtSurface
730.074 2473.36 88.0799 1 0 1 6 1.68253e+06 25.0387 148619 1.0123 5.30015e+06 1.68253e+06 ZonesAtSurface
779.941 2473.35 163.045 9 4 1 5 1.61591e+06 36.123 175218 1.01789 5.84306e+06 1.61591e+06 ZonesAtSurface
829.864 2473.33 238.013 6 0 2 4 146253 42.4419 80420.9 1.11961 699445 146253 ZonesAtSurface
879.817 2473.33 312.992 1 7 2 3 719019 44.9711 63305.4 1.38353 2.32954e+06 719019 ZonesAtSurface
929.848 2473.33 287.981 0 0 1 4 821760 38.315 80625.9 1.04315 4.03125e+06 821760 ZonesAtSurface
979.81 2473.34 362.968 0 6 2 3 1.73176e+06 44.4075 28861.4 2.61015 3.30196e+06 1.73176e+06 ZonesAtSurface
1029.82 2473.34 337.955 13 0 1 4 1.15446e+06 18.8134 96058.3 1.03463 4.19723e+06 1.15446e+06 ZonesAtSurface
1079.83 2473.34 312.934 0 0 1 5 1.70671e+06 40.4514 173017 1.73799 7.5959e+06 1.70671e+06 ZonesAtSurface
1129.8 2473.34 337.92 6 0 1 5 996514 31.864 82765.1 1.04745 7.84988e+06 996514 ZonesAtSurface
1179.75 2473.34 362.911 8 0 1 5 338140 42.9144 76757.4 1.00124 5.83019e+06 338140 ZonesAtSurface
1229.71 2473.35 387.905 1 0 2 5 953925 22.524 140088 1.07576 2.72887e+06 953925 ZonesAtSurface
1279.7 2473.35 362.879 7 0 1 6 542529 24.4559 28439.8 0.976872 6.55193e+06 542529 ZonesAtSurface
1329.64 2473.36 387.877 1 0 1 6 683539 28.5775 121247 0.970547 5.37095e+06 683539 ZonesAtSurface
1379.58 2473.38 412.883 10 0 1 6 1.26306e+06 20.201 117814 1.07116 4.04122e+06 1.26306e+06 ZonesAtSurface
1429.55 2473.39 387.863 9 0 1 7 1.54613e+06 35.0438 117172 1.06359 1.34018e+07 1.54613e+06 ZonesAtSurface
1479.52 2473.39 362.845 5 0 1 8 254423 31.2088 114879 1.00972 1.26551e+07 254423 ZonesAtSurface
1529.28 2473.41 487.912 6 8 2 6 894723 20.6775 69318.7 0.889249 2.83024e+06 894723 ZonesAtSurface
1579.3 2473.46 462.918 5 5 2 7 902008 33.8195 181567 1.24785 2.78401e+06 902008 ZonesAtSurface
1629.27 2473.49 387.875 1 0 1 9 274575 20.1923 14100.2 1.03013 4.35539e+06 274575 ZonesAtSurface
1679.17 2473.53 362.859 6 0 1 10 1.8929e+06 22.6014 131675 1.05627 1.05134e+07 1.8929e+06 ZonesAtSurface
1729.03 2473.55 337.833 4 0 1 11 1.66162e+06 26.8918 119907 1.04316 1.8754e+07 1.66162e+06 ZonesAtSurface
1778.83 2473.65 362.885 10 0 1 11 644130 38.7737 86670.9 0.798391 9.46582e+06 644130 ZonesAtSurface
1828.66 2473.7 337.866 10 0 1 12 1.26507e+06 15.6448 160713 1.07382 1.15885e+07 1.26507e+06 ZonesAtSurface
1878.39 2473.83 413.041 8 9 2 11 577563 23.4867 139697 1.14535 1.40174e+06 577563 ZonesAtSurface
1928.27 2473.9 388.035 1 5 2 12 1.08622e+06 34.5808 56721.2 1.94693 2.08663e+06 1.08622e+06 ZonesAtSurface
1978.14 2474.02 362.998 0 0 2 13 560439 39.8536 181992 0 1.23179e+06 560439 ZonesAtSurface
2028.04 2474.1 325.453 8 1 1 13 398070 38.8555 77746.7 3.69441 482995 398070 ZonesAtSurface
2077.97 2474.15 275.412 6 0 1 12 1.00786e+06 32.532 62546 3.6688 3.00737e+06 1.00786e+06 ZonesAtSurface
2128.83 2473.75 25.2309 6 0 1 15 684756 20.5623 27025.4 1.11498 1.98714e+07 684756 ZonesAtSurface
2179.02 2473.72 -24.7756 14 0 1 14 270510 28.6576 135864 1.26341 3.71777e+07 270510 ZonesAtSurface
2228.72 2473.72 -24.8368 7 0 0 0 1.36711e+06 39.9439 45530.1 1.13253 5.5305e+07 1.36711e+06 ZonesAtSurface
2280.02 2473.58 -174.782 9 0 0 0 1.38847e+06 21.7409 182282 1.09023 2.05851e+07 1.38847e+06 ZonesAtSurface
2330.37 2473.53 -224.745 10 0 0 0 744348 32.8349 78636.6 1.24689 1.95226e+07 744348 ZonesAtSurface
2381.2 2473.41 -424.525 0 0 0 0 823312 43.7062 178744 4.57631 1.31866e+07 823312 ZonesAtSurface
2431.1 2473.44 -374.525 0 0 0 0 646083 40.4578 23571.5 3.24676 1.29647e+07 646083 ZonesAtSurface
2481.12 2473.45 -374.489 7 0 0 0 646063 38.7455 123783 2.95836 1.13667e+07 646063 ZonesAtSurface
2531.11 2473.47 -354.448 0 0 0 0 1.841e+06 26.2881 160868 1.29824 1.29409e+07 1.841e+06 ZonesAtSurface
2581.02 2473.49 -314.428 6 0 0 0 1.58125e+06 28.9475 61190 1.07909 1.33886e+07 1.58125e+06 ZonesAtSurface
2631.05 2473.49 -324.423 0 0 0 0 579667 40.9252 63266.9 2.23981 1.18121e+07 579667 ZonesAtSurface
2680.98 2473.51 -284.413 0 0 0 0 573084 37.6967 128426 1.42668 1.21492e+07 573084 ZonesAtSurface
2730.92 2473.53 -244.408 0 0 0 0 1.12797e+06 39.4985 165389 1.87184 1.05171e+07 1.12797e+06 ZonesAtSurface
2780.96 2473.52 -254.408 0 0 0 0 1.72505e+06 41.975 174325 2.9328 1.03788e+07 1.72505e+06 ZonesAtSurface
2830.84 2473.57 -164.408 0 0 0 0 1.30812e+06 36.5195 86264.9 1.2938 1.11922e+07 1.30812e+06 ZonesAtSurface
2880.95 2473.54 -224.418 0 0 0 0 1.03362e+06 23.6077 128809 1.2318 9.90557e+06 1.03362e+06 ZonesAtSurface
2930.93 2473.55 -184.422 0 0 0 0 1.60081e+06 34.2415 158466 2.02081 1.01109e+07 1.60081e+06 ZonesAtSurface
2980.85 2473.6 -94.4281 0 0 0 0 1.58447e+06 28.853 175127 1.08586 1.04089e+07 1.58447e+06 ZonesAtSurface
3030.9 2473.59 -104.435 9 0 0 0 174062 16.961 70304.5 1.0205 5.45625e+06 174062 ZonesAtSurface
3080.99 2473.54 -164.452 0 0 0 0 372612 36.9076 91098 2.71603 9.24976e+06 372612 ZonesAtSurface
3130.89 2473.6 -24.4658 9 0 0 0 1.70987e+06 34.2642 58158.4 1.14689 9.77144e+06 1.70987e+06 ZonesAtSurface
3180.94 2473.57 -34.4782 0 0 0 0 1.47858e+06 43.8262 39199.8 1.92283 9.26002e+06 1.47858e+06 ZonesAtSurface
3230.99 2473.55 -44.4865 0 0 0 0 338269 43.3169 68666 1.96176 8.91971e+06 338269 ZonesAtSurface
3280.97 2473.58 45.5059 1 0 2 12 1.61447e+06 15.1242 41460 1.61037 3.20316e+06 1.61447e+06 ZonesAtSurface
3331.07 2473.51 -14.5119 0 0 1 14 1.47881e+06 20.7806 167636 1.02148 8.15577e+06 1.47881e+06 ZonesAtSurface
3381.06 2473.51 75.4814 6 0 1 13 518321 24.9747 62088.1 1.09032 3.63349e+06 518321 ZonesAtSurface
3431.1 2473.49 115.467 0 0 1 13 318294 33.4295 125721 1.15898 3.05364e+06 318294 ZonesAtSurface
3481.08 2473.55 255.386 9 9 1 11 938846 32.7908 88845.6 1.66573 2.03412e+06 938846 ZonesAtSurface
3531.17 2473.53 295.358 5 6 1 11 1.22438e+06 33.4981 110726 2.05303 2.19505e+06 1.22438e+06 ZonesAtSurface
3581.26 2473.49 335.324 0 10 2 11 1.54505e+06 19.6545 85468.8 2.35305 1.88284e+06 1.54505e+06 ZonesAtSurface
3631.36 2473.45 375.285 0 8 1 11 1.10628e+06 40.3329 141155 3.17507 1.50701e+06 1.10628e+06 ZonesAtSurface
3681.47 2473.44 365.301 2 2 2 12 986948 20.6203 55404.7 1.00959 2.79497e+06 986948 ZonesAtSurface
3731.57 2473.43 405.279 2 3 2 12 131470 17.2081 73876.6 0 349729 131470 ZonesAtSurface
3781.67 2473.42 505.206 0 10 2 10 1.53612e+06 39.1453 157064 2.1045 2.86556e+06 1.53612e+06 ZonesAtSurface
3831.77 2473.4 465.24 0 1 2 10 1.68974e+06 23.838 76665.6 1.64504 3.14131e+06 1.68974e+06 ZonesAtSurface
3881.84 2473.41 525.202 0 5 2 8 1.67181e+06 32.5894 135645 1.97662 2.99644e+06 1.67181e+06 ZonesAtSurface
3931.94 2473.39 435.277 1 0 1 9 1.89874e+06 18.9153 133393 1.05475 5.57375e+06 1.89874e+06 ZonesAtSurface
3982.03 2473.39 445.274 2 0 2 8 371196 22.2372 67010.4 1.00604 1.69e+06 371196 ZonesAtSurface
4032.11 2473.41 505.238 0 5 2 6 1.50234e+06 34.4724 152198 2.33706 2.30724e+06 1.50234e+06 ZonesAtSurface
4082.19 2473.4 465.285 0 2 2 6 1.82821e+06 30.1967 158012 2.0509 3.04108e+06 1.82821e+06 ZonesAtSurface
4132.25 2473.38 375.355 0 0 1 7 791050 40.7481 156107 1.06373 3.7196e+06 791050 ZonesAtSurface
4182.29 2473.37 285.427 0 0 1 8 661934 20.2044 60182.4 1.04842 2.67411e+06 661934 ZonesAtSurface
4232.35 2473.39 295.448 0 4 2 7 1.82663e+06 25.6038 52128.8 1.56482 4.02566e+06 1.82663e+06 ZonesAtSurface
4282.39 2473.39 255.481 0 6 2 7 1.77748e+06 39.1128 45937.6 1.49629 5.11012e+06 1.77748e+06 ZonesAtSurface
4332.42 2473.38 215.518 9 0 1 7 585485 16.9253 89267.8 1.102 1.58799e+06 585485 ZonesAtSurface
4382.43 2473.37 125.554 4 0 1 8 1.32622e+06 26.206 106850 1.14528 4.4451e+06 1.32622e+06 ZonesAtSurface
4432.43 2473.37 85.5868 5 0 1 8 1.39587e+06 43.6143 16893 1.18136 7.94438e+06 1.39587e+06 ZonesAtSurface
4482.46 2473.37 95.6066 5 6 2 7 1.68548e+06 23.3964 60882 1.15702 4.53318e+06 1.68548e+06 ZonesAtSurface
4532.33 2473.41 -44.3868 0 0 1 9 896655 38.7551 66238.3 2.20331 9.76922e+06 896655 ZonesAtSurface
4582.31 2473.43 -34.3486 12 0 1 8 156788 30.476 60485.5 1.06717 9.59102e+06 156788 ZonesAtSurface
4632.24 2473.46 -24.3187 7 0 1 7 1.81584e+06 43.882 18686.4 2.40014 6.68071e+06 1.81584e+06 ZonesAtSurface
4682.13 2473.48 -14.2641 49 3 1 6 864414 15.8039 124275 0.983941 2.2665e+06 864414 ZonesAtSurface
4732.02 2473.54 -4.22161 61 29 1 5 1.78328e+06 24.7093 31531.7 1.16633 4.77383e+06 1.78328e+06 ZonesAtSurface
4781.86 2473.6 5.83631 74 39 1 4 926973 34.5376 13853.8 1.10067 3.27463e+06 926973 ZonesAtSurface
4831.85 2473.64 15.8531 58 59 1 3 1.79146e+06 16.6435 46258.1 1.86904 2.56939e+06 1.79146e+06 ZonesAtSurface
4881.82 2473.67 25.8636 62 75 1 2 908861 23.0588 14971.6 1.58243 1.74559e+06 908861 ZonesAtSurface
4931.83 2473.71 35.8318 130 90 1 1 709096 16.2788 122638 1.53209 1.20122e+06 709096 ZonesAtSurface
81.7368 2523.79 -35.5632 112 0 1 2 1.82142e+06 23.2114 164649 1.29283 6.47522e+06 1.82142e+06 ZonesAtSurface
131.585 2523.76 -10.4217 117 76 1 2 1.11749e+06 27.722 34292.1 1.81779 2.54021e+06 1.11749e+06 ZonesAtSurface
181.391 2523.66 -35.4654 112 0 1 3 497031 32.9277 74332.6 1.14264 5.54602e+06 497031 ZonesAtSurface
231.232 2523.63 -10.3935 117 88 1 3 1.88375e+06 31.8051 172189 1.6244 4.83522e+06 1.88375e+06 ZonesAtSurface
281.103 2523.58 -35.4805 94 0 1 4 252489 40.1484 111529 1.04685 6.05956e+06 252489 ZonesAtSurface
330.965 2523.56 -10.4614 96 0 1 4 761036 40.2147 159697 1.36867 3.23582e+06 761036 ZonesAtSurface
380.868 2523.52 -35.5476 84 0 1 5 637458 30.3432 91484.8 1.08047 4.20175e+06 637458 ZonesAtSurface
430.759 2523.54 -10.5267 80 53 1 5 1.58681e+06 30.5624 176011 1.90119 3.71983e+06 1.58681e+06 ZonesAtSurface
480.687 2523.47 -35.6468 59 0 1 6 1.5501e+06 18.6365 25763.2 1.0491 6.34019e+06 1.5501e+06 ZonesAtSurface
530.57 2523.47 -10.6591 46 16 1 6 1.54154e+06 37.8555 141042 1.38448 5.24792e+06 1.54154e+06 ZonesAtSurface
580.534 2523.42 -35.7559 31 0 1 7 970481 27.673 10886 1.03175 1.19562e+07 970481 ZonesAtSurface
630.414 2523.42 -10.8056 14 0 1 7 1.81727e+06 39.6414 16820 1.00838 1.49178e+07 1.81727e+06 ZonesAtSurface
680.418 2523.38 -35.8712 3 0 1 8 1.66262e+06 36.9314 54994.1 1.33246 2.04657e+07 1.66262e+06 ZonesAtSurface
729.908 2523.37 139.055 0 3 2 5 945026 43.1006 110563 1.58376 3.04391e+06 945026 ZonesAtSurface
779.911 2523.36 164.04 4 0 1 5 1.37272e+06 16.4511 145133 1.02544 3.50521e+06 1.37272e+06 ZonesAtSurface
829.798 2523.35 289.004 5 10 2 3 1.02986e+06 35.88 135268 2.31486 1.58165e+06 1.02986e+06 ZonesAtSurface
879.8 2523.35 313.993 6 5 1 3 1.6011e+06 32.3973 107304 1.4636 3.97933e+06 1.6011e+06 ZonesAtSurface
929.759 2523.35 388.968 10 5 2 2 967997 18.3601 57702 1.06705 2.47702e+06 967997 ZonesAtSurface
979.778 2523.36 363.966 0 0 2 3 1.0351e+06 21.9282 122568 1.24949 2.58612e+06 1.0351e+06 ZonesAtSurface
1029.79 2523.36 338.954 1 0 1 4 870421 17.3918 23180 1.03354 3.22618e+06 870421 ZonesAtSurface
1079.76 2523.36 363.94 7 0 1 4 655178 33.1878 83870.4 1.00333 4.00555e+06 655178 ZonesAtSurface
1129.77 2523.36 338.919 0 0 1 5 1.51091e+06 43.3298 85524.8 2.09178 7.63097e+06 1.51091e+06 ZonesAtSurface
1179.72 2523.37 363.909 6 0 1 5 291783 42.5338 135760 1.03971 7.42929e+06 291783 ZonesAtSurface
1229.62 2523.39 438.92 10 8 2 4 866616 35.8047 104987 2.29395 1.54278e+06 866616 ZonesAtSurface
1279.66 2523.38 363.881 2 0 1 6 1.82577e+06 21.1628 37041.3 0.987651 8.05037e+06 1.82577e+06 ZonesAtSurface
1329.64 2523.4 338.86 0 0 1 7 1.32806e+06 33.5426 178761 1.04287 1.16505e+07 1.32806e+06 ZonesAtSurface
1379.57 2523.41 363.857 3 0 1 7 1.86295e+06 19.8043 159273 1.03191 1.00919e+07 1.86295e+06 ZonesAtSurface
1429.48 2523.43 388.864 5 0 1 7 210855 40.3992 159990 0.971875 9.75284e+06 210855 ZonesAtSurface
1479.45 2523.44 363.847 1 0 1 8 827028 34.8447 79506.5 1.02611 1.59914e+07 827028 ZonesAtSurface
1529.28 2523.47 438.903 2 2 2 7 692828 35.3306 165145 1.86128 1.38037e+06 692828 ZonesAtSurface
1579.25 2523.53 413.898 6 0 1 8 691313 44.7319 188194 0.94308 7.24756e+06 691313 ZonesAtSurface
1629.16 2523.57 388.878 9 0 1 9 908594 33.4241 115730 1.02418 1.49611e+07 908594 ZonesAtSurface
1679 2523.62 363.861 9 0 1 10 1.81979e+06 44.3843 100130 1.4143 3.16922e+07 1.81979e+06 ZonesAtSurface
1728.85 2523.67 338.836 9 0 1 11 248616 28.6755 185008 1.05876 2.24021e+07 248616 ZonesAtSurface
1778.71 2523.73 313.814 1 0 1 12 1.51333e+06 39.6369 122414 1.03964 3.13883e+07 1.51333e+06 ZonesAtSurface
1828.48 2523.82 338.864 9 0 1 12 150990 30.5931 151452 1.03076 2.17134e+07 150990 ZonesAtSurface
1878.28 2523.91 363.942 0 2 2 12 413134 27.5875 100046 0.888064 1.36061e+06 413134 ZonesAtSurface
1928.15 2524.04 389.031 1 5 2 12 776411 42.1767 53383.9 2.07112 2.02782e+06 776411 ZonesAtSurface
1978.01 2524.12 363.983 0 2 2 13 1.86301e+06 40.6462 13720.9 0 4.66087e+06 1.86301e+06 ZonesAtSurface
2027.89 2524.21 326.444 5 0 1 13 1.51938e+06 24.8531 93351.7 1.58614 6.54332e+06 1.51938e+06 ZonesAtSurface
2077.78 2524.25 276.407 5 0 1 12 791853 16.6459 71446 1.84408 2.89986e+06 791853 ZonesAtSurface
2128.68 2523.86 26.2128 7 0 1 15 1.00827e+06 34.8198 94573.7 1.04923 3.44615e+07 1.00827e+06 ZonesAtSurface
2178.39 2523.88 26.2497 4 0 1 13 1.43899e+06 30.9547 48801.2 1.16446 3.84338e+07 1.43899e+06 ZonesAtSurface
2229.15 2523.75 -73.8138 4 0 0 0 269003 42.0926 34333.7 1.12468 3.71336e+07 269003 ZonesAtSurface
2277.85 2523.94 26.1488 6 0 0 0 860131 16.9366 103785 1.10272 2.34067e+07 860131 ZonesAtSurface
2328.21 2523.89 -23.966 0 0 0 0 1.81334e+06 44.3351 100153 1.01191 5.43832e+07 1.81334e+06 ZonesAtSurface
2380.87 2523.47 -323.603 10 0 0 0 512167 16.0258 29306.9 1.19415 1.01036e+07 512167 ZonesAtSurface
2431.19 2523.41 -423.516 0 0 0 0 1.04885e+06 28.1624 90586 2.30382 1.13358e+07 1.04885e+06 ZonesAtSurface
2481.29 2523.39 -473.487 0 0 0 0 561555 43.1184 187104 6.73079 9.09522e+06 561555 ZonesAtSurface
2531.08 2523.46 -353.441 0 0 0 0 1.38307e+06 40.8318 58512.9 2.161 1.30666e+07 1.38307e+06 ZonesAtSurface
2581.19 2523.43 -413.452 0 0 0 0 1.12852e+06 39.3028 54902.2 3.79845 1.07524e+07 1.12852e+06 ZonesAtSurface
2630.82 2523.52 -223.413 7 0 0 0 1.10609e+06 40.5823 150535 1.06988 1.08017e+07 1.10609e+06 ZonesAtSurface
2681.13 2523.44 -383.435 3 0 0 0 867835 17.6746 169792 1.05269 1.05995e+07 867835 ZonesAtSurface
2730.9 2523.51 -243.407 9 0 0 0 957729 31.7018 119748 1.2706 1.05237e+07 957729 ZonesAtSurface
2780.78 2523.56 -153.403 0 0 0 0 1.8837e+06 35.6663 48362.4 1.48931 1.07071e+07 1.8837e+06 ZonesAtSurface
2830.97 2523.5 -263.414 0 0 0 0 1.3806e+06 29.2234 163592 1.71253 1.02725e+07 1.3806e+06 ZonesAtSurface
2880.93 2523.52 -223.416 0 0 0 0 1.14007e+06 22.2614 172832 1.05398 1.02702e+07 1.14007e+06 ZonesAtSurface
2930.84 2523.57 -133.419 0 0 0 0 1.69715e+06 41.6041 22827.2 2.10285 1.06369e+07 1.69715e+06 ZonesAtSurface
2980.95 2523.53 -193.429 0 0 0 0 1.13517e+06 43.8538 24575.8 3.71 9.64696e+06 1.13517e+06 ZonesAtSurface
3030.88 2523.58 -103.436 10 0 0 0 1.24204e+06 29.931 50725.4 1.04735 1.03144e+07 1.24204e+06 ZonesAtSurface
3080.98 2523.53 -163.448 0 0 0 0 878180 34.7727 174108 2.29485 9.52348e+06 878180 ZonesAtSurface
3130.98 2523.54 -123.461 0 0 0 0 1.87161e+06 25.719 11276.5 1.3913 1.03486e+07 1.87161e+06 ZonesAtSurface
3180.93 2523.57 -33.478 0 0 0 0 1.21339e+06 40.3335 45250.5 1.51483 9.82671e+06 1.21339e+06 ZonesAtSurface
3230.91 2523.6 56.5142 4 0 0 0 1.85156e+06 42.4156 178978 1.10498 8.35157e+06 1.85156e+06 ZonesAtSurface
3281.01 2523.54 -3.49277 12 0 1 13 602329 24.0654 138041 1.01745 6.86919e+06 602329 ZonesAtSurface
3331.03 2523.52 36.4936 5 0 1 13 1.68497e+06 38.0581 19031 1.0377 8.68717e+06 1.68497e+06 ZonesAtSurface
3381.06 2523.51 76.4756 0 1 1 13 1.67172e+06 41.3611 170759 1.05554 6.52545e+06 1.67172e+06 ZonesAtSurface
3431.06 2523.52 166.449 4 3 1 12 1.00595e+06 40.008 175728 1.17822 3.67136e+06 1.00595e+06 ZonesAtSurface
3481.11 2523.52 206.406 4 2 1 12 1.87683e+06 25.518 69882.4 1.291 5.32064e+06 1.87683e+06 ZonesAtSurface
3531.18 2523.5 246.361 6 3 2 12 453423 17.5506 156748 0.967613 1.19734e+06 453423 ZonesAtSurface
3581.27 2523.47 286.335 0 0 1 12 1.87144e+06 43.0311 47574.8 1.15117 7.628e+06 1.87144e+06 ZonesAtSurface
3631.36 2523.47 376.282 0 10 2 11 1.86954e+06 43.1862 76251.9 3.0331 3.03039e+06 1.86954e+06 ZonesAtSurface
3681.47 2523.45 366.299 3 0 2 12 404082 26.5585 163480 0.925326 1.34202e+06 404082 ZonesAtSurface
3731.58 2523.44 406.277 9 10 2 12 751336 32.2322 98429.8 1.05011 2.43391e+06 751336 ZonesAtSurface
3781.68 2523.43 456.241 3 4 2 11 491504 15.3393 50162.2 0.981273 1.29869e+06 491504 ZonesAtSurface
3831.77 2523.42 466.233 2 5 2 10 1.49585e+06 18.9881 17751.4 1.31696 3.25904e+06 1.49585e+06 ZonesAtSurface
3881.86 2523.41 476.233 4 4 2 9 766455 23.8636 150941 1.13999 1.95494e+06 766455 ZonesAtSurface
3931.93 2523.42 586.132 0 8 2 6 1.66013e+06 36.3198 156496 3.66533 1.74687e+06 1.66013e+06 ZonesAtSurface
3982.02 2523.42 546.184 6 3 2 6 118059 27.3223 86589.1 1.7306 149110 118059 ZonesAtSurface
4032.1 2523.42 506.236 0 9 1 6 1.20632e+06 41.138 17942.9 2.2482 2.43611e+06 1.20632e+06 ZonesAtSurface
4082.18 2523.4 466.285 5 9 2 6 1.19096e+06 23.3827 73233.4 1.45959 2.5119e+06 1.19096e+06 ZonesAtSurface
4132.25 2523.39 426.332 0 5 1 6 1.7807e+06 40.2641 18733.7 2.45184 3.31444e+06 1.7807e+06 ZonesAtSurface
4182.31 2523.38 336.401 4 0 1 7 1.29417e+06 20.2372 28688.2 1.09489 4.00744e+06 1.29417e+06 ZonesAtSurface
4232.34 2523.38 246.458 2 0 1 8 1.48632e+06 34.8665 128461 1.85732 4.94718e+06 1.48632e+06 ZonesAtSurface
4282.37 2523.38 206.489 2 0 1 8 1.00036e+06 35.182 58186 1.71523 4.51741e+06 1.00036e+06 ZonesAtSurface
4332.4 2523.38 166.523 8 0 1 8 1.49945e+06 28.5686 46264 1.24595 5.13925e+06 1.49945e+06 ZonesAtSurface
4382.44 2523.39 176.553 6 10 2 7 977891 29.4927 70746.4 1.41022 2.40547e+06 977891 ZonesAtSurface
4432.46 2523.39 136.585 5 6 2 7 1.23738e+06 26.0541 174335 1.27692 3.18854e+06 1.23738e+06 ZonesAtSurface
4482.47 2523.4 96.6083 0 9 2 7 1.53516e+06 44.9197 10315.2 1.64756 4.58249e+06 1.53516e+06 ZonesAtSurface
4532.33 2523.42 -43.3875 4 0 1 9 502612 18.9673 29234.3 1.04798 7.95074e+06 502612 ZonesAtSurface
4582.31 2523.44 -33.3527 22 0 1 8 978120 17.1553 108129 1.06473 6.88529e+06 978120 ZonesAtSurface
4632.23 2523.47 -23.315 33 0 1 7 1.38832e+06 17.9741 10978.2 1.65766 3.12996e+06 1.38832e+06 ZonesAtSurface
4682.11 2523.5 -13.2619 52 0 1 6 134734 15.7126 19482.6 0 740256 134734 ZonesAtSurface
4732.02 2523.55 -3.23345 53 15 1 5 502348 38.2504 122584 1.03434 1.7065e+06 502348 ZonesAtSurface
4781.85 2523.61 6.8233 81 38 1 4 917082 29.7417 88221 1.07692 2.90402e+06 917082 ZonesAtSurface
4831.86 2523.65 16.8506 72 58 1 3 937097 22.4582 113928 1.53479 1.77777e+06 937097 ZonesAtSurface
4881.81 2523.67 26.8643 72 91 1 2 890511 23.8367 59295.2 1.50979 1.77657e+06 890511 ZonesAtSurface
4931.84 2523.7 36.8298 97 94 1 1 410807 39.8977 141309 1.64139 807702 410807 ZonesAtSurface
81.7355 2573.79 -34.5454 121 0 1 2 947000 16.0409 16082.1 1.21392 5.44628e+06 947000 ZonesAtSurface
131.569 2573.76 -9.38547 132 49 1 2 150599 18.1489 147164 1.39415 350786 150599 ZonesAtSurface
181.384 2573.66 -34.4489 122 0 1 3 1.40728e+06 44.3555 181494 1.08172 7.11076e+06 1.40728e+06 ZonesAtSurface
231.239 2573.64 -9.38549 129 91 1 3 1.84177e+06 20.4794 83663.4 1.7285 3.51691e+06 1.84177e+06 ZonesAtSurface
281.102 2573.58 -34.4845 107 0 1 4 1.2923e+06 25.6125 36034.8 1.03708 5.20768e+06 1.2923e+06 ZonesAtSurface
330.971 2573.58 -9.45596 116 0 1 4 114148 33.643 171527 1.35644 1.65014e+06 114148 ZonesAtSurface
380.877 2573.53 -34.5228 96 0 1 5 1.04559e+06 36.34 33033 1.03673 5.93121e+06 1.04559e+06 ZonesAtSurface
430.76 2573.54 -9.52362 96 0 1 5 251293 33.4098 63239.4 1.74415 1.53113e+06 251293 ZonesAtSurface
480.688 2573.48 -34.6397 71 0 1 6 166611 29.0817 92138.2 1.05159 4.83601e+06 166611 ZonesAtSurface
530.584 2573.48 -9.64441 63 22 1 6 1.70057e+06 21.8476 25163.3 1.21185 4.74991e+06 1.70057e+06 ZonesAtSurface
580.537 2573.43 -34.7452 43 0 1 7 548121 28.0568 49791.9 1.03246 9.98549e+06 548121 ZonesAtSurface
630.426 2573.42 -9.79408 23 0 1 7 737335 40.8557 140457 1.0122 8.50337e+06 737335 ZonesAtSurface
680.415 2573.39 -34.8699 0 0 1 8 1.72046e+06 36.7613 171681 1.87311 2.14832e+07 1.72046e+06 ZonesAtSurface
729.876 2573.38 140.045 3 5 1 5 540244 44.8365 88990 1.76275 1.39312e+06 540244 ZonesAtSurface
779.832 2573.38 215.027 3 3 2 4 974073 15.2698 120413 1.03114 2.41499e+06 974073 ZonesAtSurface
829.796 2573.37 290.006 9 7 1 3 1.24546e+06 39.2615 12552.6 2.16996 2.47014e+06 1.24546e+06 ZonesAtSurface
879.789 2573.37 314.994 6 4 1 3 1.52526e+06 27.3085 128094 1.28829 3.79951e+06 1.52526e+06 ZonesAtSurface
929.774 2573.37 339.977 9 0 1 3 778073 25.0968 122446 1.02384 3.32323e+06 778073 ZonesAtSurface
979.759 2573.38 364.963 1 0 2 3 716461 18.3042 111175 1.07173 1.92754e+06 716461 ZonesAtSurface
1029.74 2573.38 389.955 9 0 1 3 235673 19.4984 21299.7 1.06535 1.18773e+06 235673 ZonesAtSurface
1079.75 2573.39 364.937 3 0 1 4 790681 26.998 107294 0.997883 4.15571e+06 790681 ZonesAtSurface
1129.71 2573.39 389.927 10 0 1 4 999591 24.5448 99293.6 0.9884 4.45859e+06 999591 ZonesAtSurface
1179.7 2573.4 364.906 5 0 1 5 1.48109e+06 24.4588 19516.9 1.02531 7.26843e+06 1.48109e+06 ZonesAtSurface
1229.65 2573.41 389.902 10 0 1 5 921930 29.2658 60877.2 0.922665 4.64831e+06 921930 ZonesAtSurface
1279.63 2573.42 364.878 2 0 1 6 1.16877e+06 28.6771 40327.3 1.0095 9.04255e+06 1.16877e+06 ZonesAtSurface
1329.6 2573.44 339.858 2 0 1 7 886004 39.5281 106689 1.16393 1.20636e+07 886004 ZonesAtSurface
1379.52 2573.46 364.856 9 0 1 7 867950 35.243 32621.5 1.04031 1.32449e+07 867950 ZonesAtSurface
1429.35 2573.49 439.893 0 7 2 6 1.56307e+06 41.7485 15096 2.01559 4.01316e+06 1.56307e+06 ZonesAtSurface
1479.32 2573.51 414.883 10 0 1 7 1.23177e+06 26.3824 129386 0.99398 6.73603e+06 1.23177e+06 ZonesAtSurface
1529.27 2573.54 389.868 3 0 1 8 121739 23.7921 42457.4 0.986261 7.54184e+06 121739 ZonesAtSurface
1579.19 2573.59 364.851 0 0 1 9 1.56208e+06 38.8367 56748.3 1.03847 1.90478e+07 1.56208e+06 ZonesAtSurface
1629.07 2573.66 389.88 9 0 1 9 1.21045e+06 35.4885 160456 1.02263 1.40585e+07 1.21045e+06 ZonesAtSurface
1678.91 2573.71 364.862 9 0 1 10 1.4852e+06 17.6183 76121.5 1.17135 9.30987e+06 1.4852e+06 ZonesAtSurface
1728.74 2573.77 339.843 8 0 1 11 625684 41.7648 182183 1.17626 3.15698e+07 625684 ZonesAtSurface
1778.6 2573.83 314.81 2 0 1 12 1.31045e+06 42.8331 102615 1.16613 3.26784e+07 1.31045e+06 ZonesAtSurface
1828.45 2573.87 289.786 1 0 1 13 998104 40.9184 123480 1.26455 3.37654e+07 998104 ZonesAtSurface
1878.17 2574.02 364.964 1 2 2 12 368380 40.0315 33467.1 2.53414 621274 368380 ZonesAtSurface
1928.06 2574.02 289.838 5 0 1 14 1.82108e+06 43.0491 148870 1.10982 3.92772e+07 1.82108e+06 ZonesAtSurface
1977.91 2574.21 365.02 4 8 2 13 1.47228e+06 36.0072 141812 1.67821 4.37679e+06 1.47228e+06 ZonesAtSurface
2027.85 2574.15 227.337 7 0 1 15 997260 22.8787 92436.6 1.37566 7.72215e+06 997260 ZonesAtSurface
2078.09 2574.07 127.266 5 0 1 15 451181 34.6826 80268 1.07951 1.88424e+07 451181 ZonesAtSurface
2128.58 2573.96 27.1996 6 0 1 15 823671 28.3074 183607 1.07029 2.99019e+07 823671 ZonesAtSurface
2178.29 2574.02 27.2458 0 0 1 13 398805 33.4067 52733.1 1.00327 3.61896e+07 398805 ZonesAtSurface
2228 2574.04 27.2185 2 0 0 0 430551 17.259 55952.5 1.17787 2.63826e+07 430551 ZonesAtSurface
2278.32 2573.97 -22.8665 3 0 0 0 1.56207e+06 17.0836 123342 1.10018 2.80106e+07 1.56207e+06 ZonesAtSurface
2329.83 2573.69 -172.832 3 0 0 0 1.06266e+06 32.411 39166.1 1.09468 2.75514e+07 1.06266e+06 ZonesAtSurface
2380.83 2573.49 -322.613 7 0 0 0 951226 38.4706 108642 1.53296 2.10341e+07 951226 ZonesAtSurface
2431.17 2573.41 -422.518 4 0 0 0 1.25962e+06 22.9753 103696 1.77874 1.10796e+07 1.25962e+06 ZonesAtSurface
2481.18 2573.41 -422.486 0 0 0 0 590372 28.9257 56712.8 2.27225 9.82275e+06 590372 ZonesAtSurface
2530.93 2573.48 -302.427 8 0 0 0 759283 41.6201 183072 1.30222 1.38962e+07 759283 ZonesAtSurface
2581.17 2573.42 -412.449 1 0 0 0 513597 20.2317 51313.1 1.10968 1.10222e+07 513597 ZonesAtSurface
2630.9 2573.48 -272.416 1 0 0 0 1.74738e+06 37.4818 96611.7 1.38884 1.16942e+07 1.74738e+06 ZonesAtSurface
2680.84 2573.5 -232.404 10 0 0 0 206629 41.8555 163725 1.15452 1.02115e+07 206629 ZonesAtSurface
2730.88 2573.5 -242.406 0 0 0 0 791187 41.4162 175101 1.95035 1.06616e+07 791187 ZonesAtSurface
2780.84 2573.52 -202.403 4 0 0 0 1.55281e+06 20.2522 76342.9 1.0997 8.43428e+06 1.55281e+06 ZonesAtSurface
2830.81 2573.54 -162.406 0 0 0 0 1.60655e+06 38.0748 83097.7 1.45177 1.08332e+07 1.60655e+06 ZonesAtSurface
2880.85 2573.54 -172.411 0 0 0 0 1.85679e+06 40.7927 127758 2.2999 1.0421e+07 1.85679e+06 ZonesAtSurface
2930.83 2573.56 -132.417 0 0 0 0 870967 37.8464 51912 1.48598 1.06887e+07 870967 ZonesAtSurface
2980.94 2573.52 -192.43 0 0 0 0 1.00959e+06 34.2718 55493.1 1.92077 1.02535e+07 1.00959e+06 ZonesAtSurface
3030.98 2573.51 -202.44 0 0 0 0 562858 38.2293 113891 2.89482 9.48037e+06 562858 ZonesAtSurface
3080.92 2573.55 -112.446 5 0 0 0 733185 24.6924 38467 1.00103 8.77975e+06 733185 ZonesAtSurface
3130.97 2573.53 -122.459 7 0 0 0 1.80875e+06 19.7403 173533 1.00905 1.00558e+07 1.80875e+06 ZonesAtSurface
3180.92 2573.56 -32.475 7 0 0 0 793577 32.1579 85352.8 1.03218 1.0091e+07 793577 ZonesAtSurface
3230.99 2573.54 -42.4871 2 0 0 0 800269 29.6826 81112.3 1.05927 8.7646e+06 800269 ZonesAtSurface
3281.01 2573.53 -2.4965 0 0 1 13 1.08767e+06 33.6635 54666 1.28281 8.03617e+06 1.08767e+06 ZonesAtSurface
3331.03 2573.52 37.4936 2 0 1 13 1.84691e+06 38.9035 115093 1.23674 8.48714e+06 1.84691e+06 ZonesAtSurface
3381.06 2573.5 77.476 8 0 1 13 538351 26.6201 94020.6 1.01457 4.81629e+06 538351 ZonesAtSurface
3431.06 2573.51 167.448 4 0 1 12 357979 25.2232 120312 1.25716 2.81036e+06 357979 ZonesAtSurface
3481.19 2573.47 107.453 8 0 1 14 141268 21.703 110980 1.13053 4.83022e+06 141268 ZonesAtSurface
3531.21 2573.46 197.387 8 0 1 13 216808 34.1699 98950.5 1.22714 5.06668e+06 216808 ZonesAtSurface
3581.3 2573.45 237.375 2 0 1 13 275741 29.3326 16522.3 0.992108 3.79244e+06 275741 ZonesAtSurface
3631.36 2573.48 377.288 3 2 2 11 906881 30.3626 44243.6 1.24995 2.61807e+06 906881 ZonesAtSurface
3681.49 2573.42 317.352 7 0 1 13 431252 33.5246 84582.7 1.0281 5.11334e+06 431252 ZonesAtSurface
3731.59 2573.4 307.342 7 0 1 14 509582 27.2966 52068.2 1.01384 3.80527e+06 509582 ZonesAtSurface
3781.69 2573.39 357.313 4 2 1 13 1.76041e+06 25.5892 33203.8 1.0456 5.58653e+06 1.76041e+06 ZonesAtSurface
3831.76 2573.39 367.321 2 0 1 12 1.86789e+06 34.8161 58557.9 1.01318 7.15868e+06 1.86789e+06 ZonesAtSurface
3881.86 2573.42 477.234 5 0 2 9 356779 28.6128 73470.2 1.1247 1.10942e+06 356779 ZonesAtSurface
3931.94 2573.43 537.183 7 7 2 7 218895 17.8126 17844.3 1.20386 524601 218895 ZonesAtSurface
3982.02 2573.43 547.179 0 6 2 6 1.88172e+06 17.022 109002 2.29677 2.19483e+06 1.88172e+06 ZonesAtSurface
4032.12 2573.4 457.261 5 0 1 7 938035 39.5903 138064 1.562 3.48544e+06 938035 ZonesAtSurface
4082.19 2573.39 417.308 5 0 1 7 673772 18.6255 75553.1 1.09648 2.6442e+06 673772 ZonesAtSurface
4132.23 2573.39 477.319 5 6 2 5 872329 37.8485 98587.3 1.87623 1.86257e+06 872329 ZonesAtSurface
4182.31 2573.37 337.4 9 0 1 7 444845 26.8227 157764 1.10787 3.65048e+06 444845 ZonesAtSurface
4232.34 2573.38 247.452 3 0 1 8 1.31678e+06 39.1929 114922 1.24408 6.43503e+06 1.31678e+06 ZonesAtSurface
4282.37 2573.38 207.484 0 0 1 8 1.43167e+06 44.1202 89407.5 1.69471 5.90789e+06 1.43167e+06 ZonesAtSurface
4332.38 2573.38 117.526 1 0 1 9 1.05997e+06 37.0287 135833 1.01234 5.75902e+06 1.05997e+06 ZonesAtSurface
4382.44 2573.39 177.551 10 0 1 7 1.0024e+06 22.2525 177474 1.04949 3.46e+06 1.0024e+06 ZonesAtSurface
4432.4 2573.4 37.5801 2 0 1 9 478788 20.5334 90850.4 1.01081 4.32007e+06 478788 ZonesAtSurface
4482.42 2573.42 47.6109 10 0 1 8 123998 29.0203 35185.5 1.16403 3.6175e+06 123998 ZonesAtSurface
4532.33 2573.42 -42.3896 0 0 1 9 1.16149e+06 27.6857 73507.1 1.59457 9.46798e+06 1.16149e+06 ZonesAtSurface
4582.31 2573.45 -32.3551 16 0 1 8 848461 15.9589 152620 1.06023 6.43326e+06 848461 ZonesAtSurface
4632.22 2573.49 -22.318 24 0 1 7 905433 36.5963 168447 1.87037 6.26605e+06 905433 ZonesAtSurface
4682.11 2573.53 -12.2676 45 11 1 6 1.70395e+06 26.7241 36135.8 1.19859 5.10218e+06 1.70395e+06 ZonesAtSurface
4732.04 2573.57 -2.23543 61 24 1 5 1.49554e+06 34.5296 140884 1.41551 4.08328e+06 1.49554e+06 ZonesAtSurface
4781.86 2573.6 7.82511 88 41 1 4 809633 20.4112 115586 1.18403 1.91258e+06 809633 ZonesAtSurface
4831.84 2573.65 17.8512 118 58 1 3 886796 27.4747 42857.6 1.16264 2.6184e+06 886796 ZonesAtSurface
4881.74 2573.68 27.8708 73 82 1 2 717841 23.0592 181342 1.91448 1.02785e+06 717841 ZonesAtSurface
4931.8 2573.7 37.8307 83 102 1 1 1.27313e+06 16.5958 133390 1.52243 2.17932e+06 1.27313e+06 ZonesAtSurface
81.7255 2623.8 -33.5408 117 0 1 2 483409 27.4578 110304 1.17134 7.49945e+06 483409 ZonesAtSurface
131.546 2623.77 -8.35148 113 112 1 2 1.46004e+06 39.5101 72669 1.81289 4.20271e+06 1.46004e+06 ZonesAtSurface
181.381 2623.67 -33.4368 133 0 1 3 927383 32.071 50516.2 1.11259 4.61285e+06 927383 ZonesAtSurface
231.24 2623.66 -8.38517 130 90 1 3 1.70081e+06 27.7109 179395 1.73057 3.75091e+06 1.70081e+06 ZonesAtSurface
281.1 2623.58 -33.4858 122 0 1 4 318149 19.9618 109708 1.01727 2.33751e+06 318149 ZonesAtSurface
330.969 2623.58 -8.45766 106 0 2 4 450962 26.3876 114256 1.91631 1.48096e+06 450962 ZonesAtSurface
380.887 2623.53 -33.5047 93 0 1 5 1.22067e+06 39.6838 145596 1.03161 7.13599e+06 1.22067e+06 ZonesAtSurface
430.761 2623.53 -8.51376 92 0 1 5 298035 27.073 124538 1.74361 836026 298035 ZonesAtSurface
480.692 2623.48 -33.6204 69 0 1 6 138092 37.3 43945.4 1.16245 5.11288e+06 138092 ZonesAtSurface
530.589 2623.48 -8.62286 68 4 1 6 942487 40.0869 184824 1.32397 5.12743e+06 942487 ZonesAtSurface
580.53 2623.43 -33.7417 42 0 1 7 1.04158e+06 41.5178 57909.2 1.0641 1.28868e+07 1.04158e+06 ZonesAtSurface
630.412 2623.41 -8.78642 33 0 1 7 706920 39.028 156561 1.02691 8.60853e+06 706920 ZonesAtSurface
680.412 2623.39 -33.8694 0 0 1 8 1.10753e+06 40.4295 140522 1.98575 2.22913e+07 1.10753e+06 ZonesAtSurface
729.871 2623.39 141.046 1 7 1 5 1.2008e+06 32.1911 181740 2.0902 2.19738e+06 1.2008e+06 ZonesAtSurface
779.826 2623.39 216.024 2 4 2 4 813983 43.9745 27878.5 1.21657 3.41422e+06 813983 ZonesAtSurface
829.826 2623.39 241.011 4 7 1 4 1.53032e+06 34.2626 60940.4 1.22901 4.86289e+06 1.53032e+06 ZonesAtSurface
879.779 2623.39 315.992 9 4 2 3 917945 15.6946 33096.2 1.34499 1.86023e+06 917945 ZonesAtSurface
929.8 2623.39 290.981 8 0 1 4 815593 20.8068 175178 1.01612 4.31134e+06 815593 ZonesAtSurface
979.747 2623.4 365.962 0 4 2 3 1.86132e+06 36.6436 125128 1.75852 4.37842e+06 1.86132e+06 ZonesAtSurface
1029.76 2623.4 340.949 0 0 1 4 1.33859e+06 19.7394 118830 1.00297 4.7683e+06 1.33859e+06 ZonesAtSurface
1079.73 2623.41 365.936 3 0 1 4 1.09149e+06 42.7159 74208.5 1.00983 5.42596e+06 1.09149e+06 ZonesAtSurface
1129.7 2623.43 390.927 10 0 1 4 464334 16.3495 52719 1.06358 1.74715e+06 464334 ZonesAtSurface
1179.69 2623.43 365.906 7 0 1 5 1.74882e+06 28.6354 112809 1.02723 8.01781e+06 1.74882e+06 ZonesAtSurface
1229.63 2623.45 390.901 8 0 1 5 1.63336e+06 31.3332 36583 0.965584 5.95557e+06 1.63336e+06 ZonesAtSurface
1279.61 2623.47 365.876 2 0 1 6 1.06134e+06 25.3496 104817 1.00736 7.30308e+06 1.06134e+06 ZonesAtSurface
1329.53 2623.49 390.875 6 0 1 6 400307 38.2933 175712 0.901705 5.82704e+06 400307 ZonesAtSurface
1379.5 2623.52 365.857 3 0 1 7 456940 25.3712 42796.3 1.02805 9.07605e+06 456940 ZonesAtSurface
1429.41 2623.55 390.865 6 0 1 7 1.33668e+06 44.9886 54878.7 1.01028 1.20267e+07 1.33668e+06 ZonesAtSurface
1479.35 2623.59 365.85 1 0 1 8 722198 25.7486 186955 1.00628 1.22176e+07 722198 ZonesAtSurface
1529.18 2623.62 440.916 10 3 1 7 266093 18.072 38378.6 0 555006 266093 ZonesAtSurface
1579.12 2623.68 365.853 1 0 1 9 241229 17.2489 104532 1.00936 6.73983e+06 241229 ZonesAtSurface
1629 2623.75 440.927 3 4 2 8 1.32196e+06 37.4197 144950 3.70915 1.66514e+06 1.32196e+06 ZonesAtSurface
1678.88 2623.81 365.866 3 0 1 10 1.70565e+06 25.3625 41312.9 1.0148 1.48097e+07 1.70565e+06 ZonesAtSurface
1728.74 2623.82 290.778 1 0 1 12 149221 20.2572 115496 1.00164 1.68404e+07 149221 ZonesAtSurface
1778.55 2623.91 315.812 1 0 1 12 841023 38.3677 93922.4 1.13757 3.24622e+07 841023 ZonesAtSurface
1828.38 2623.96 290.79 6 0 1 13 439093 25.6949 69586.8 1.02452 2.78047e+07 439093 ZonesAtSurface
1878.04 2624.11 365.987 0 2 2 12 1.87372e+06 17.7917 24095.1 4.3927 1.22313e+06 1.87372e+06 ZonesAtSurface
1928.01 2624.11 290.858 6 0 1 14 1.65303e+06 17.1242 147902 1.01611 1.56541e+07 1.65303e+06 ZonesAtSurface
1977.84 2624.26 366.045 5 9 2 13 822399 35.5773 31936.9 0.906888 3.55427e+06 822399 ZonesAtSurface
2027.79 2624.22 228.332 6 0 1 15 1.51483e+06 41.651 150728 1.8356 1.07355e+07 1.51483e+06 ZonesAtSurface
2078.03 2624.16 128.26 6 0 1 15 440544 36.0668 174412 1.31464 2.44081e+07 440544 ZonesAtSurface
2128.14 2624.14 78.2514 6 0 1 14 706102 27.8745 76337.8 1.32727 3.08033e+07 706102 ZonesAtSurface
2178.28 2624.11 28.2347 8 0 1 13 1.30929e+06 33.5264 128903 1.11504 3.68629e+07 1.30929e+06 ZonesAtSurface
2227.96 2624.16 28.2023 9 0 0 0 637410 16.9544 133246 1.19271 2.90863e+07 637410 ZonesAtSurface
2276.74 2624.35 128.279 7 0 0 0 469336 26.2767 139212 1.02782 3.26762e+07 469336 ZonesAtSurface
2326.93 2624.27 78.0982 5 0 0 0 1.31086e+06 22.5819 57648.5 1.02696 3.7211e+07 1.31086e+06 ZonesAtSurface
2378.52 2623.98 -72.0148 5 0 0 0 1.55361e+06 33.347 142211 1.12462 3.98012e+07 1.55361e+06 ZonesAtSurface
2431.15 2623.42 -421.518 1 0 0 0 692976 22.3759 74009.6 1.50909 1.13026e+07 692976 ZonesAtSurface
2481.17 2623.41 -421.487 10 0 0 0 769453 15.6385 135677 1.31739 8.23803e+06 769453 ZonesAtSurface
2530.91 2623.47 -301.43 8 0 0 0 1.27472e+06 39.0232 156030 1.32304 1.28893e+07 1.27472e+06 ZonesAtSurface
2581.06 2623.43 -361.435 0 0 0 0 1.55151e+06 40.9755 170426 2.5864 1.29337e+07 1.55151e+06 ZonesAtSurface
2630.98 2623.45 -321.422 0 0 0 0 199781 41.5552 24598.9 1.98866 1.21524e+07 199781 ZonesAtSurface
2681.11 2623.41 -381.437 4 0 0 0 930608 19.3049 95060 1.08097 1.09848e+07 930608 ZonesAtSurface
2730.95 2623.46 -291.416 0 0 0 0 507782 44.5737 100535 2.60174 1.10279e+07 507782 ZonesAtSurface
2780.9 2623.47 -251.41 9 0 0 0 1.1136e+06 28.2957 166749 1.18913 1.08801e+07 1.1136e+06 ZonesAtSurface
2830.79 2623.52 -161.406 0 0 0 0 1.24558e+06 43.0597 118232 1.72438 1.07321e+07 1.24558e+06 ZonesAtSurface
2880.84 2623.52 -171.413 7 0 0 0 1.71895e+06 26.6631 158909 1.1325 1.0485e+07 1.71895e+06 ZonesAtSurface
2930.82 2623.55 -131.419 0 0 0 0 1.53777e+06 33.3171 21576 1.36164 1.03783e+07 1.53777e+06 ZonesAtSurface
2980.93 2623.5 -191.43 0 0 0 0 246592 31.655 69868.9 1.38977 1.01498e+07 246592 ZonesAtSurface
3030.8 2623.59 -51.4402 5 0 0 0 1.76077e+06 37.759 32213 1.23292 1.06961e+07 1.76077e+06 ZonesAtSurface
3080.91 2623.54 -111.45 0 0 0 0 701582 33.4739 127953 1.34469 9.90753e+06 701582 ZonesAtSurface
3130.86 2623.58 -21.4627 0 0 0 0 175617 43.8677 74019.3 1.00242 9.0656e+06 175617 ZonesAtSurface
3180.92 2623.56 -31.4742 0 0 0 0 1.40564e+06 37.2934 116803 1.40641 1.026e+07 1.40564e+06 ZonesAtSurface
3230.93 2623.56 8.5068 3 0 0 0 244526 38.102 130637 1.0028 7.21034e+06 244526 ZonesAtSurface
3280.96 2623.54 48.4929 7 0 1 12 695609 23.4941 122427 1.05655 4.69874e+06 695609 ZonesAtSurface
3330.98 2623.53 88.4823 5 0 2 12 972625 18.4997 189078 1.02879 2.80678e+06 972625 ZonesAtSurface
3381.06 2623.5 78.4742 2 0 1 13 665242 42.4226 113986 1.06483 6.96446e+06 665242 ZonesAtSurface
3431.1 2623.48 118.454 9 0 1 13 231102 39.5189 48422.1 1.11157 5.47889e+06 231102 ZonesAtSurface
3481.12 2623.47 208.411 5 0 1 12 1.26833e+06 39.2071 44260.7 1.64296 5.38451e+06 1.26833e+06 ZonesAtSurface
3531.19 2623.46 248.37 6 6 1 12 1.30129e+06 44.5935 29464.4 1.55892 4.7347e+06 1.30129e+06 ZonesAtSurface
3581.27 2623.45 288.343 1 2 2 12 1.7472e+06 26.4194 103616 1.40109 4.0672e+06 1.7472e+06 ZonesAtSurface
3631.37 2623.44 328.327 0 6 1 12 1.89659e+06 39.771 100101 1.28488 6.33794e+06 1.89659e+06 ZonesAtSurface
3681.49 2623.41 318.346 8 0 1 13 1.18532e+06 29.5101 15774.1 1.05218 4.88547e+06 1.18532e+06 ZonesAtSurface
3731.6 2623.39 308.351 6 0 1 14 530459 34.2008 171016 1.03913 4.49848e+06 530459 ZonesAtSurface
3781.68 2623.39 358.322 5 0 1 13 1.33063e+06 41.7211 33944.5 1.06548 6.15102e+06 1.33063e+06 ZonesAtSurface
3831.78 2623.43 468.231 4 6 2 10 1.11812e+06 28.7815 180476 1.48006 2.47326e+06 1.11812e+06 ZonesAtSurface
3881.86 2623.42 478.236 0 9 2 9 1.4852e+06 31.5539 62698.7 1.24073 4.24446e+06 1.4852e+06 ZonesAtSurface
3931.95 2623.43 488.232 0 10 2 8 975445 44.5551 62441.7 1.39263 3.24885e+06 975445 ZonesAtSurface
3982.02 2623.44 548.179 0 3 2 6 1.61683e+06 31.8903 89711.8 2.1406 3.05178e+06 1.61683e+06 ZonesAtSurface
4032.12 2623.39 408.298 4 2 1 8 1.00134e+06 25.9793 69132.7 1.00506 3.09903e+06 1.00134e+06 ZonesAtSurface
4082.19 2623.38 418.309 0 3 1 7 1.55283e+06 40.746 102259 1.31544 5.02445e+06 1.55283e+06 ZonesAtSurface
4132.23 2623.4 478.319 0 10 2 5 1.17552e+06 38.0564 185423 1.54785 2.78267e+06 1.17552e+06 ZonesAtSurface
4182.3 2623.37 388.382 3 8 2 6 1.31835e+06 25.279 59119.8 1.47391 2.92659e+06 1.31835e+06 ZonesAtSurface
4232.35 2623.37 298.441 10 0 1 7 408231 35.3223 34275 1.21138 4.8628e+06 408231 ZonesAtSurface
4282.35 2623.37 158.494 7 0 1 9 1.60868e+06 20.7694 76992.1 1.01711 6.28389e+06 1.60868e+06 ZonesAtSurface
4332.41 2623.39 218.516 4 9 1 7 1.72258e+06 37.8435 21817.4 1.30661 5.94777e+06 1.72258e+06 ZonesAtSurface
4382.43 2623.39 128.551 2 0 2 8 103619 37.6071 134517 1.05151 3.49422e+06 103619 ZonesAtSurface
4432.47 2623.41 138.571 7 4 2 7 884333 17.3914 15454.4 1.24975 2.01421e+06 884333 ZonesAtSurface
4482.38 2623.42 -1.40056 0 0 1 9 1.32865e+06 40.5019 150732 1.9415 9.19734e+06 1.32865e+06 ZonesAtSurface
4532.33 2623.43 -41.3912 0 0 1 9 953650 43.4113 139076 3.48921 9.30738e+06 953650 ZonesAtSurface
4582.31 2623.46 -31.3598 22 0 1 8 791660 35.7389 158622 1.20616 1.07961e+07 791660 ZonesAtSurface
4632.2 2623.5 -21.3173 29 0 1 7 682409 39.4292 21846.8 1.93301 4.9254e+06 682409 ZonesAtSurface
4682.07 2623.54 -11.2647 62 4 1 6 576627 24.3919 169700 1.05081 1.65406e+06 576627 ZonesAtSurface
4732.03 2623.58 -1.23609 80 28 1 5 959118 27.739 67780 1.05771 3.02771e+06 959118 ZonesAtSurface
4781.89 2623.6 8.82223 77 61 1 4 1.36702e+06 30.7665 32774.7 1.69208 2.97695e+06 1.36702e+06 ZonesAtSurface
4831.71 2623.65 18.8628 119 23 1 3 494771 18.5573 134526 1.19356 1.14151e+06 494771 ZonesAtSurface
4881.65 2623.7 28.8941 42 92 1 2 1.58482e+06 30.7481 16659.1 2.51679 2.21937e+06 1.58482e+06 ZonesAtSurface
4931.78 2623.71 38.8239 75 103 1 1 1.67468e+06 29.0434 108970 1.48135 3.84002e+06 1.67468e+06 ZonesAtSurface
81.7327 2673.81 -32.5566 128 0 1 2 1.55295e+06 32.1241 73221.2 1.17365 9.8587e+06 1.55295e+06 ZonesAtSurface
131.555 2673.8 -7.38374 127 71 1 2 479511 42.7895 22291.2 1.68882 1.56156e+06 479511 ZonesAtSurface
181.389 2673.68 -32.442 125 0 1 3 1.40985e+06 39.5396 164232 1.11242 6.6812e+06 1.40985e+06 ZonesAtSurface
231.241 2673.66 -7.38608 134 0 1 3 297867 41.258 32300.9 1.75293 1.51337e+06 297867 ZonesAtSurface
281.1 2673.58 -32.4892 120 0 1 4 1.01035e+06 29.3668 114096 1.02396 4.88733e+06 1.01035e+06 ZonesAtSurface
330.965 2673.58 -7.45953 117 0 1 4 119772 18.2138 157648 1.78551 623875 119772 ZonesAtSurface
380.892 2673.53 -32.5163 105 0 1 5 104925 23.3288 53201.5 1.08283 3.41071e+06 104925 ZonesAtSurface
430.771 2673.53 -7.51705 93 69 1 5 1.2176e+06 42.5421 171011 1.68554 4.07818e+06 1.2176e+06 ZonesAtSurface
480.704 2673.49 -32.6102 71 0 1 6 1.74197e+06 24.6677 66455.1 1.06833 7.2237e+06 1.74197e+06 ZonesAtSurface
530.586 2673.48 -7.61735 76 0 1 6 335257 39.2333 164990 1.32255 3.59956e+06 335257 ZonesAtSurface
580.522 2673.43 -32.747 53 0 1 7 439825 17.9241 154910 1.04843 6.79892e+06 439825 ZonesAtSurface
630.391 2673.4 -7.8008 24 0 1 7 648937 40.9748 119191 1.01399 1.14506e+07 648937 ZonesAtSurface
680.267 2673.38 17.141 9 0 1 7 1.0275e+06 15.0322 153432 1.05471 9.11928e+06 1.0275e+06 ZonesAtSurface
730.168 2673.38 42.0877 1 0 1 7 1.13592e+06 20.1968 22209.5 1.04326 7.32288e+06 1.13592e+06 ZonesAtSurface
779.833 2673.41 217.025 6 6 2 4 145972 23.3384 28491.3 1.06465 457393 145972 ZonesAtSurface
829.889 2673.39 192.019 2 0 1 5 284202 31.1476 177705 1.00836 3.43174e+06 284202 ZonesAtSurface
879.77 2673.41 316.988 8 3 2 3 131801 29.2026 124048 0.968326 234849 131801 ZonesAtSurface
929.76 2673.42 341.974 7 0 2 3 590748 40.662 26215.1 1.07805 3.33209e+06 590748 ZonesAtSurface
979.744 2673.42 366.961 5 0 1 3 152817 16.3072 112730 1.16862 597292 152817 ZonesAtSurface
1029.72 2673.43 391.95 10 2 1 3 658910 25.6363 66786.1 1.23836 1.63204e+06 658910 ZonesAtSurface
1079.72 2673.44 366.935 2 0 1 4 1.30876e+06 19.2149 140636 1.00077 4.61183e+06 1.30876e+06 ZonesAtSurface
1129.67 2673.47 441.933 9 10 1 3 1.32182e+06 21.5796 149442 1.98185 1.91596e+06 1.32182e+06 ZonesAtSurface
1179.65 2673.48 416.922 8 8 1 4 1.23085e+06 40.6993 61118.1 1.16425 4.8192e+06 1.23085e+06 ZonesAtSurface
1229.66 2673.49 341.883 0 0 1 6 931440 44.222 157903 1.01448 1.1057e+07 931440 ZonesAtSurface
1279.59 2673.52 366.877 8 0 1 6 166611 43.7247 50275.6 1.11168 1.23864e+07 166611 ZonesAtSurface
1329.52 2673.54 391.876 4 0 1 6 1.87044e+06 44.4985 148266 1.13208 1.22195e+07 1.87044e+06 ZonesAtSurface
1379.49 2673.57 366.856 3 0 1 7 267905 32.385 80990.3 1.01741 1.11463e+07 267905 ZonesAtSurface
1429.4 2673.62 391.864 6 0 1 7 1.6177e+06 28.4679 31448.5 1.00441 9.04982e+06 1.6177e+06 ZonesAtSurface
1479.33 2673.67 366.85 4 0 1 8 162654 22.3191 143903 0.975724 7.81465e+06 162654 ZonesAtSurface
1529.2 2673.73 391.871 5 0 1 8 445122 34.9426 151051 0.914566 8.54317e+06 445122 ZonesAtSurface
1579.1 2673.77 366.852 2 0 1 9 458982 23.7644 28600.1 1.00355 1.32985e+07 458982 ZonesAtSurface
1629 2673.83 441.925 2 6 2 8 1.08989e+06 44.4442 104742 2.85617 1.93847e+06 1.08989e+06 ZonesAtSurface
1678.86 2673.86 316.808 1 0 1 11 541102 41.3084 40850.1 1.23899 2.75731e+07 541102 ZonesAtSurface
1728.7 2673.93 341.855 7 0 1 11 318274 23.9223 70069 1.0084 1.30071e+07 318274 ZonesAtSurface
1778.52 2673.99 316.823 3 0 1 12 428250 43.578 71841.7 1.33107 3.34969e+07 428250 ZonesAtSurface
1828.34 2674.04 291.802 1 0 1 13 1.79e+06 29.471 91214.6 1.18232 3.50863e+07 1.79e+06 ZonesAtSurface
1878.12 2674.13 316.884 10 0 1 13 1.67375e+06 25.8811 94733.3 1.0027 1.56191e+07 1.67375e+06 ZonesAtSurface
1928 2674.19 291.881 6 0 1 14 1.64097e+06 37.6834 83731.9 1.15097 3.93861e+07 1.64097e+06 ZonesAtSurface
1977.81 2674.31 367.055 3 10 2 13 1.89337e+06 16.5595 97826.7 0 5.31168e+06 1.89337e+06 ZonesAtSurface
2027.76 2674.34 329.488 0 0 2 13 1.60135e+06 44.5368 160042 2.15381 5.2139e+06 1.60135e+06 ZonesAtSurface
2077.99 2674.23 129.257 4 0 1 15 1.69144e+06 43.315 189258 1.66941 2.96091e+07 1.69144e+06 ZonesAtSurface
2128.12 2674.23 79.2446 8 0 1 14 1.4812e+06 39.9024 120429 1.26847 4.17712e+07 1.4812e+06 ZonesAtSurface
2178.3 2674.18 29.2331 8 0 1 13 1.24458e+06 42.5287 167859 1.27254 4.27816e+07 1.24458e+06 ZonesAtSurface
2227.97 2674.23 29.1761 3 0 0 0 759886 22.7614 156507 1.16515 3.81448e+07 759886 ZonesAtSurface
2277.26 2674.36 79.1981 8 0 0 0 1.87298e+06 44.8024 106115 1.05533 5.84903e+07 1.87298e+06 ZonesAtSurface
2326.62 2674.35 129.15 3 0 0 0 115583 21.3197 92243 1.05637 3.62227e+07 115583 ZonesAtSurface
2381.12 2673.45 -420.534 10 0 0 0 763850 22.3644 15258.5 1.15549 1.38128e+07 763850 ZonesAtSurface
2430.83 2673.5 -320.578 7 0 0 0 646080 19.9941 90314.1 1.24572 1.1127e+07 646080 ZonesAtSurface
2481.16 2673.4 -420.491 0 0 0 0 953099 31.0255 104623 2.77626 9.85676e+06 953099 ZonesAtSurface
2531.03 2673.43 -350.442 2 0 0 0 1.50527e+06 26.3871 178121 1.16996 1.20589e+07 1.50527e+06 ZonesAtSurface
2581.06 2673.42 -360.435 0 0 0 0 1.5417e+06 33.3898 29200.9 1.78354 1.27476e+07 1.5417e+06 ZonesAtSurface
2630.98 2673.43 -320.422 0 0 0 0 338808 33.6076 31245.5 1.27576 1.22493e+07 338808 ZonesAtSurface
2681.01 2673.42 -330.427 0 0 0 0 1.6974e+06 44.1176 171474 3.02469 1.23911e+07 1.6974e+06 ZonesAtSurface
2730.86 2673.46 -240.413 0 0 0 0 1.50369e+06 35.5811 163571 1.47424 1.09643e+07 1.50369e+06 ZonesAtSurface
2780.82 2673.48 -200.407 0 0 0 0 1.21222e+06 43.3111 188347 2.05955 1.05569e+07 1.21222e+06 ZonesAtSurface
2830.78 2673.51 -160.407 0 0 0 0 1.20751e+06 38.2705 115347 1.30448 1.10779e+07 1.20751e+06 ZonesAtSurface
2880.98 2673.45 -270.427 0 0 0 0 1.69312e+06 39.9833 30408.4 3.12434 1.06315e+07 1.69312e+06 ZonesAtSurface
2930.81 2673.53 -130.425 0 0 0 0 1.44501e+06 42.3746 33827.4 2.0473 1.04203e+07 1.44501e+06 ZonesAtSurface
2980.92 2673.49 -190.434 0 0 0 0 1.70951e+06 27.8486 86837.2 1.46316 1.0385e+07 1.70951e+06 ZonesAtSurface
3030.97 2673.48 -200.446 0 0 0 0 1.31444e+06 41.6754 26933.1 3.30937 9.99188e+06 1.31444e+06 ZonesAtSurface
3080.9 2673.53 -110.454 1 0 0 0 1.09802e+06 21.6678 75589 1.00409 8.60637e+06 1.09802e+06 ZonesAtSurface
3130.96 2673.51 -120.465 1 0 0 0 1.36168e+06 22.0706 29138.8 1.00409 9.94186e+06 1.36168e+06 ZonesAtSurface
3180.91 2673.55 -30.4788 0 0 0 0 1.68881e+06 43.3051 33197.7 2.11483 9.83875e+06 1.68881e+06 ZonesAtSurface
3230.93 2673.55 9.5044 0 0 0 0 235714 23.7627 22342.3 1.00486 4.95672e+06 235714 ZonesAtSurface
3280.91 2673.58 99.4902 10 0 1 11 840324 29.5834 151894 1.08629 2.87914e+06 840324 ZonesAtSurface
3330.98 2673.53 89.4788 10 0 1 12 421001 42.334 81940 1.0283 4.41313e+06 421001 ZonesAtSurface
3381.07 2673.5 79.4708 6 0 1 13 969225 34.6703 36110.1 1.14047 7.57473e+06 969225 ZonesAtSurface
3431.14 2673.48 69.4592 0 0 1 14 114707 30.672 38569.8 0.998089 5.96108e+06 114707 ZonesAtSurface
3481.13 2673.47 209.415 0 0 1 12 1.23216e+06 28.4636 41202.3 1.07681 5.75652e+06 1.23216e+06 ZonesAtSurface
3531.19 2673.46 299.358 8 8 2 11 972631 33.6338 16684.5 1.12698 3.42452e+06 972631 ZonesAtSurface
3581.3 2673.43 239.374 0 0 1 13 684658 36.032 62299.1 1.01917 6.47268e+06 684658 ZonesAtSurface
3631.38 2673.43 329.327 9 0 1 12 865160 15.7951 138682 1.12567 2.13966e+06 865160 ZonesAtSurface
3681.48 2673.43 369.305 6 10 2 12 1.71009e+06 28.2653 147880 2.03732 2.88529e+06 1.71009e+06 ZonesAtSurface
3731.59 2673.41 359.33 5 4 2 13 628114 31.2119 54797.8 1.3339 1.75053e+06 628114 ZonesAtSurface
3781.66 2673.43 409.305 6 3 2 12 851495 29.333 90650.4 1.52173 2.16752e+06 851495 ZonesAtSurface
3831.78 2673.45 469.232 7 7 2 10 1.55688e+06 21.7551 124294 1.13469 4.03233e+06 1.55688e+06 ZonesAtSurface
3881.86 2673.46 529.208 0 8 2 8 985280 28.7034 12400.7 1.62325 2.06956e+06 985280 ZonesAtSurface
3931.95 2673.43 489.237 0 3 1 8 739506 26.5964 92383.9 1.65222 1.38871e+06 739506 ZonesAtSurface
3982.04 2673.41 449.265 2 2 1 8 995831 39.1537 118216 1.09937 3.53622e+06 995831 ZonesAtSurface
4032.11 2673.42 509.243 0 7 2 6 1.76652e+06 32.8472 167965 1.67083 3.81929e+06 1.76652e+06 ZonesAtSurface
4082.17 2673.4 469.294 6 7 2 6 874703 39.0674 82017.8 1.33217 2.68551e+06 874703 ZonesAtSurface
4132.22 2673.4 479.315 7 0 2 5 162369 31.0699 144572 1.11111 1.19618e+06 162369 ZonesAtSurface
4182.31 2673.37 339.395 5 0 1 7 360998 26.8796 125796 1.24435 2.57169e+06 360998 ZonesAtSurface
4232.35 2673.36 349.426 9 0 2 6 652229 38.0648 88293.4 3.78753 1.54372e+06 652229 ZonesAtSurface
4282.39 2673.37 259.47 6 0 1 7 154293 44.7846 92913.4 1.18964 2.7567e+06 154293 ZonesAtSurface
4332.42 2673.39 219.509 5 0 2 7 748728 15.0107 136531 1.18255 2.00329e+06 748728 ZonesAtSurface
4382.43 2673.4 129.549 11 0 1 8 625793 37.4753 130653 1.02047 5.43968e+06 625793 ZonesAtSurface
4432.47 2673.42 139.569 7 8 1 7 1.12557e+06 42.1945 164149 1.77567 2.78882e+06 1.12557e+06 ZonesAtSurface
4482.48 2673.44 99.5912 0 1 2 7 1.05801e+06 25.4161 133804 0 2.91578e+06 1.05801e+06 ZonesAtSurface
4532.33 2673.44 -40.3941 0 0 1 9 322811 40.9498 30371.4 2.60063 8.97869e+06 322811 ZonesAtSurface
4582.31 2673.47 -30.3659 19 0 1 8 1.47597e+06 32.9158 69830.8 1.09541 1.00012e+07 1.47597e+06 ZonesAtSurface
4632.18 2673.51 -20.3065 40 5 1 7 1.75657e+06 21.7932 42527 1.57413 3.96499e+06 1.75657e+06 ZonesAtSurface
4682.04 2673.54 -10.2515 70 13 1 6 1.183e+06 23.9069 24608.9 1.16235 3.21146e+06 1.183e+06 ZonesAtSurface
4731.98 2673.6 -0.232961 82 37 1 5 1.39714e+06 36.9673 189164 1.15532 4.59125e+06 1.39714e+06 ZonesAtSurface
4781.89 2673.61 9.81281 64 56 1 4 1.37314e+06 24.3159 55841.7 1.94282 2.19879e+06 1.37314e+06 ZonesAtSurface
4831.57 2673.66 19.8793 121 44 1 3 603196 26.7153 170976 1.23034 1.58438e+06 603196 ZonesAtSurface
4881.58 2673.72 29.9161 67 89 1 2 1.6616e+06 16.3897 159508 2.63078 1.6457e+06 1.6616e+06 ZonesAtSurface
4931.76 2673.73 39.8234 69 95 1 1 712435 43.3045 94938 1.55462 2.25277e+06 712435 ZonesAtSurface
81.7121 2723.81 -31.5387 145 0 1 2 517630 19.7771 104345 1.14033 5.00214e+06 517630 ZonesAtSurface
131.5 2723.8 -6.39366 149 63 1 2 529426 18.0524 41016.6 1.32693 1.28337e+06 529426 ZonesAtSurface
181.382 2723.69 -31.4503 112 0 1 3 1.60894e+06 35.2629 73277.7 1.33952 7.09772e+06 1.60894e+06 ZonesAtSurface
231.238 2723.66 -6.3837 133 75 1 3 1.1331e+06 38.3672 87599.2 1.95544 3.38754e+06 1.1331e+06 ZonesAtSurface
281.1 2723.59 -31.4957 116 0 1 4 119176 38.4977 92158.9 1.02999 4.14127e+06 119176 ZonesAtSurface
330.966 2723.58 -6.47652 96 94 1 4 1.47277e+06 38.0991 46722.1 1.8286 4.57597e+06 1.47277e+06 ZonesAtSurface
380.9 2723.54 -31.5389 99 0 1 5 1.88279e+06 17.1442 50461.2 1.08538 5.65092e+06 1.88279e+06 ZonesAtSurface
430.788 2723.53 -6.52501 104 17 1 5 1.11274e+06 21.1289 138723 1.57229 2.29406e+06 1.11274e+06 ZonesAtSurface
480.709 2723.5 -31.6212 81 0 1 6 967879 24.0504 123282 1.05603 5.96098e+06 967879 ZonesAtSurface
530.574 2723.49 -6.63663 44 0 1 6 449350 26.3618 115618 1.29043 3.46718e+06 449350 ZonesAtSurface
580.525 2723.43 -31.7549 33 0 1 7 390985 32.8574 127514 1.03278 1.3722e+07 390985 ZonesAtSurface
630.385 2723.41 -6.8227 16 0 1 7 1.67449e+06 36.1165 106974 1.0162 1.68597e+07 1.67449e+06 ZonesAtSurface
680.087 2723.39 68.1057 10 0 1 6 120555 26.2473 148970 1.07727 377558 120555 ZonesAtSurface
730.048 2723.39 93.0761 3 0 1 6 1.30729e+06 30.8511 153096 1.01663 5.25595e+06 1.30729e+06 ZonesAtSurface
779.856 2723.42 218.031 6 7 2 4 532428 39.5257 130488 1.42421 1.57692e+06 532428 ZonesAtSurface
829.847 2723.42 243.017 6 0 1 4 800275 40.499 165953 1.04919 4.53337e+06 800275 ZonesAtSurface
879.772 2723.44 317.988 4 5 2 3 335869 16.2369 80842 0 1.00033e+06 335869 ZonesAtSurface
929.764 2723.44 342.974 0 4 2 3 1.23125e+06 31.8223 124830 1.22317 3.48254e+06 1.23125e+06 ZonesAtSurface
979.776 2723.44 317.964 4 0 1 4 1.22936e+06 32.4227 181282 1.03002 6.31701e+06 1.22936e+06 ZonesAtSurface
1029.75 2723.45 342.948 0 0 1 4 1.159e+06 37.611 25726.4 1.01527 5.17948e+06 1.159e+06 ZonesAtSurface
1079.72 2723.47 367.935 8 0 1 4 295468 24.6461 183328 1.00637 3.36443e+06 295468 ZonesAtSurface
1129.69 2723.49 392.926 5 1 1 4 1.46862e+06 32.5124 51272.3 0 4.77854e+06 1.46862e+06 ZonesAtSurface
1179.68 2723.51 367.906 6 0 1 5 906225 20.7077 18454.6 0.970775 4.6244e+06 906225 ZonesAtSurface
1229.6 2723.55 442.918 8 8 2 4 1.27811e+06 20.4513 99034.3 1.85212 1.95697e+06 1.27811e+06 ZonesAtSurface
1279.6 2723.56 367.877 6 0 1 6 786379 32.0139 164472 1.01538 7.91083e+06 786379 ZonesAtSurface
1329.52 2723.6 392.875 4 0 1 6 125038 17.8602 39400.6 0.878442 2.46164e+06 125038 ZonesAtSurface
1379.48 2723.64 367.854 0 0 1 7 304558 15.6524 114853 0.973205 5.00869e+06 304558 ZonesAtSurface
1429.39 2723.69 392.862 5 0 1 7 1.24862e+06 41.3334 99300.8 1.00917 1.0592e+07 1.24862e+06 ZonesAtSurface
1479.26 2723.75 467.917 10 9 1 6 1.67477e+06 41.8139 170167 4.94152 1.37858e+06 1.67477e+06 ZonesAtSurface
1529.24 2723.8 342.831 0 0 1 9 1.39849e+06 21.9693 69866 1.0016 1.44397e+07 1.39849e+06 ZonesAtSurface
1579.13 2723.87 417.897 7 1 1 8 364629 42.6291 31577.2 2.4123 764680 364629 ZonesAtSurface
1629 2723.89 342.828 1 0 1 10 564443 39.43 155197 1.01516 2.07373e+07 564443 ZonesAtSurface
1678.85 2723.94 317.813 5 0 1 11 1.61814e+06 18.3052 90145.3 1.01139 1.6441e+07 1.61814e+06 ZonesAtSurface
1728.71 2723.98 292.791 0 0 1 12 894999 35.3706 171404 1.2183 2.88877e+07 894999 ZonesAtSurface
1778.57 2724.03 267.77 1 0 1 13 182461 33.4069 52013.9 1.13143 3.11093e+07 182461 ZonesAtSurface
1828.36 2724.11 292.817 6 0 1 13 1.18457e+06 18.9632 156402 1.0354 2.27489e+07 1.18457e+06 ZonesAtSurface
1878.15 2724.19 317.897 6 0 1 13 1.1341e+06 35.7875 103715 0.963603 2.25666e+07 1.1341e+06 ZonesAtSurface
1928.03 2724.25 292.891 5 0 1 14 1.47632e+06 17.6973 73337 1.00911 1.83059e+07 1.47632e+06 ZonesAtSurface
1977.87 2724.35 368.062 1 8 2 13 1.40278e+06 32.1085 54744.5 0 4.33581e+06 1.40278e+06 ZonesAtSurface
2027.83 2724.37 330.493 2 0 1 13 1.05141e+06 43.9533 184965 1.78944 4.28851e+06 1.05141e+06 ZonesAtSurface
2077.99 2724.29 130.255 6 0 1 15 1.23713e+06 36.9968 176302 1.63583 2.9711e+07 1.23713e+06 ZonesAtSurface
2127.6 2724.39 180.414 4 6 1 12 359116 26.8527 87549.7 2.07754 564961 359116 ZonesAtSurface
2178.31 2724.23 30.2171 6 0 1 13 1.02225e+06 36.6431 156268 1.183 3.68255e+07 1.02225e+06 ZonesAtSurface
2227.59 2724.39 80.2084 4 0 0 0 1.77288e+06 29.7994 40839.2 1.19783 4.13037e+07 1.77288e+06 ZonesAtSurface
2277.02 2724.44 130.238 6 0 0 0 889922 30.7411 69939.4 1.10053 3.99285e+07 889922 ZonesAtSurface
2326.83 2724.37 130.151 0 0 0 0 1.71796e+06 43.8556 154248 1.39508 5.70066e+07 1.71796e+06 ZonesAtSurface
2378.01 2724.17 -20.0956 1 0 0 0 462989 44.2684 105225 1.06861 5.55113e+07 462989 ZonesAtSurface
2431.15 2723.43 -419.52 7 0 0 0 925452 28.5766 85230.7 1.69041 1.32474e+07 925452 ZonesAtSurface
2481.27 2723.38 -469.492 0 0 0 0 1.75795e+06 43.4421 77215.6 7.01423 9.45433e+06 1.75795e+06 ZonesAtSurface
2531.04 2723.42 -349.445 0 0 0 0 1.84152e+06 42.7134 13916.3 2.96326 1.17357e+07 1.84152e+06 ZonesAtSurface
2580.96 2723.43 -309.425 5 0 0 0 1.33285e+06 39.3486 119248 1.22322 1.39992e+07 1.33285e+06 ZonesAtSurface
2630.99 2723.42 -319.424 2 0 0 0 1.78925e+06 25.5165 72353.1 1.07432 1.26774e+07 1.78925e+06 ZonesAtSurface
2681.02 2723.41 -329.432 0 0 0 0 1.41418e+06 31.7698 47970.3 1.65253 1.22041e+07 1.41418e+06 ZonesAtSurface
2730.86 2723.45 -239.419 0 0 0 0 1.70775e+06 32.2389 119749 1.38708 1.10738e+07 1.70775e+06 ZonesAtSurface
2780.81 2723.47 -199.41 0 0 0 0 1.65902e+06 44.4102 123879 2.20589 1.0984e+07 1.65902e+06 ZonesAtSurface
2830.78 2723.49 -159.411 0 0 0 0 1.4859e+06 42.8072 101704 1.44583 1.19855e+07 1.4859e+06 ZonesAtSurface
2880.9 2723.46 -219.428 0 0 0 0 1.86411e+06 34.4104 58943.2 1.93902 1.11529e+07 1.86411e+06 ZonesAtSurface
2930.87 2723.49 -179.432 0 0 0 0 1.29979e+06 34.1352 95736.7 1.64094 1.06109e+07 1.29979e+06 ZonesAtSurface
2980.85 2723.51 -139.438 0 0 0 0 211735 44.5616 118246 1.55942 1.09079e+07 211735 ZonesAtSurface
3030.84 2723.53 -99.4446 6 0 0 0 1.74088e+06 31.1533 134846 1.03853 1.04991e+07 1.74088e+06 ZonesAtSurface
3080.9 2723.52 -109.458 1 0 0 0 832291 24.0724 116163 1.00438 8.3259e+06 832291 ZonesAtSurface
3130.85 2723.57 -19.4795 0 0 0 0 972762 41.3586 113737 1.36651 9.53428e+06 972762 ZonesAtSurface
3180.86 2723.57 20.5081 3 0 0 0 1.83728e+06 37.8626 50452.3 1.38664 9.05624e+06 1.83728e+06 ZonesAtSurface
3230.97 2723.52 -39.4948 1 0 0 0 952706 21.6863 160736 1.02899 7.22014e+06 952706 ZonesAtSurface
3281 2723.52 0.492142 0 0 1 13 387505 43.076 91842.7 1.82325 8.17936e+06 387505 ZonesAtSurface
3330.98 2723.52 90.4749 6 0 1 12 224883 23.7517 181733 1.02338 2.70802e+06 224883 ZonesAtSurface
3381.03 2723.5 130.457 8 0 1 12 494445 22.1868 175102 1.03611 1.81608e+06 494445 ZonesAtSurface
3431.11 2723.48 120.443 0 0 1 13 1.76038e+06 35.4062 47728.1 1.19865 8.11002e+06 1.76038e+06 ZonesAtSurface
3481.1 2723.47 260.387 3 8 2 11 1.57105e+06 24.0573 57830.6 1.05607 4.59442e+06 1.57105e+06 ZonesAtSurface
3531.19 2723.46 300.356 2 1 1 11 925642 19.6664 137523 1.05643 2.39658e+06 925642 ZonesAtSurface
3581.3 2723.44 290.357 7 0 2 12 401166 40.634 170630 1.03979 3.72322e+06 401166 ZonesAtSurface
3631.4 2723.41 280.353 2 1 1 13 1.05775e+06 38.7 185408 1.0547 3.72526e+06 1.05775e+06 ZonesAtSurface
3681.53 2723.39 270.385 1 0 1 14 1.71638e+06 36.6285 136716 1.07073 7.82925e+06 1.71638e+06 ZonesAtSurface
3731.6 2723.39 310.36 5 0 1 14 1.59697e+06 26.1814 70291.5 1.05985 6.06158e+06 1.59697e+06 ZonesAtSurface
3781.68 2723.39 310.353 7 0 1 14 906241 19.7699 139804 1.02712 4.86716e+06 906241 ZonesAtSurface
3831.76 2723.4 370.318 0 1 1 12 1.41479e+06 32.1824 14121.1 1.0981 4.77213e+06 1.41479e+06 ZonesAtSurface
3881.86 2723.41 430.277 5 5 1 10 1.36826e+06 35.0818 33113 0.996828 5.22626e+06 1.36826e+06 ZonesAtSurface
3931.96 2723.41 440.272 2 0 1 9 488187 41.3956 14095.5 1.015 2.17662e+06 488187 ZonesAtSurface
3982.05 2723.41 450.27 5 0 1 8 334481 16.8656 116747 1.13082 1.16882e+06 334481 ZonesAtSurface
4032.13 2723.41 460.267 4 0 1 7 1.10292e+06 24.761 28169.7 1.09747 3.84332e+06 1.10292e+06 ZonesAtSurface
4082.18 2723.41 470.292 0 3 2 6 1.76238e+06 20.7651 65949.3 1.42536 3.58884e+06 1.76238e+06 ZonesAtSurface
4132.23 2723.4 480.309 0 4 2 5 695055 28.354 77686.7 2.62998 843760 695055 ZonesAtSurface
4182.3 2723.38 440.359 8 6 2 5 466227 32.7492 41285.3 1.31469 1.37113e+06 466227 ZonesAtSurface
4232.36 2723.37 350.422 0 8 1 6 1.86495e+06 43.2903 51200.6 1.70904 5.69535e+06 1.86495e+06 ZonesAtSurface
4282.39 2723.38 260.468 5 0 1 7 585284 40.1831 143515 1.30907 4.9854e+06 585284 ZonesAtSurface
4332.4 2723.39 170.513 7 0 1 8 1.78471e+06 18.9714 38782.8 1.00887 5.73662e+06 1.78471e+06 ZonesAtSurface
4382.42 2723.41 130.547 11 0 1 8 1.48356e+06 30.4553 91697.8 1.01383 5.77283e+06 1.48356e+06 ZonesAtSurface
4432.46 2723.42 140.57 1 3 1 7 1.20261e+06 29.5383 173607 1.43937 2.89695e+06 1.20261e+06 ZonesAtSurface
4482.37 2723.43 0.597379 9 0 1 9 549881 32.4857 11357.6 1.1322 9.64567e+06 549881 ZonesAtSurface
4532.33 2723.45 -39.3961 5 0 1 9 684279 26.0414 12528.5 1.22007 9.07784e+06 684279 ZonesAtSurface
4582.32 2723.48 -29.369 26 0 1 8 1.50504e+06 26.5192 74367.8 1.17416 8.79212e+06 1.50504e+06 ZonesAtSurface
4632.19 2723.52 -19.3072 27 0 1 7 718440 43.5212 11213.8 1.65001 4.66179e+06 718440 ZonesAtSurface
4682.09 2723.55 -9.24501 67 12 1 6 897070 30.2867 76000 1.34834 2.45848e+06 897070 ZonesAtSurface
4731.97 2723.58 0.778692 88 10 1 5 237601 23.541 175522 1.23625 441626 237601 ZonesAtSurface
4781.86 2723.62 10.8219 96 64 1 4 1.19063e+06 38.6972 160103 1.42354 3.57301e+06 1.19063e+06 ZonesAtSurface
4831.59 2723.67 20.894 116 69 1 3 756833 19.1028 41767.4 1.10091 1.94146e+06 756833 ZonesAtSurface
4881.57 2723.72 30.9199 60 90 1 2 1.0587e+06 18.117 88767.2 1.56665 1.83295e+06 1.0587e+06 ZonesAtSurface
4931.63 2723.78 40.828 77 98 1 1 663076 41.4348 45737.6 2.20514 1.7204e+06 663076 ZonesAtSurface
81.7 2773.81 -30.5281 143 0 1 2 695221 29.0177 113333 1.2069 7.61121e+06 695221 ZonesAtSurface
131.496 2773.78 -5.38673 139 91 1 2 510082 35.1754 129769 1.81502 1.51855e+06 510082 ZonesAtSurface
181.382 2773.7 -30.4581 101 8 1 3 1.8126e+06 36.897 77722.7 1.24998 7.4854e+06 1.8126e+06 ZonesAtSurface
231.241 2773.68 -5.38977 117 98 2 3 1.89275e+06 37.8405 138094 2.20852 5.18592e+06 1.89275e+06 ZonesAtSurface
281.104 2773.6 -30.5011 108 0 1 4 736041 40.1171 48169.3 1.03981 8.30676e+06 736041 ZonesAtSurface
330.968 2773.58 -5.49896 96 0 2 4 107138 28.7998 82463.5 1.65459 532715 107138 ZonesAtSurface
380.904 2773.54 -30.5569 89 0 1 5 1.07842e+06 37.0645 142314 1.17297 6.41195e+06 1.07842e+06 ZonesAtSurface
430.795 2773.54 -5.53013 77 31 1 5 1.61106e+06 29.4816 73447.1 1.60938 4.19058e+06 1.61106e+06 ZonesAtSurface
480.709 2773.51 -30.6308 65 0 1 6 368695 35.1868 126480 1.06175 5.79532e+06 368695 ZonesAtSurface
530.574 2773.5 -5.64374 54 7 1 6 1.30003e+06 25.1651 172196 1.57602 3.59437e+06 1.30003e+06 ZonesAtSurface
580.527 2773.45 -30.7568 26 0 1 7 713587 18.216 93554.5 1.03711 8.28017e+06 713587 ZonesAtSurface
630.382 2773.42 -5.8302 9 0 1 7 1.02584e+06 16.4247 28499.3 1.0228 8.5865e+06 1.02584e+06 ZonesAtSurface
679.99 2773.41 119.08 4 9 2 5 1.20612e+06 40.4318 127387 1.67935 2.91538e+06 1.20612e+06 ZonesAtSurface
729.975 2773.41 144.069 9 1 1 5 1.6905e+06 43.5379 112231 1.08841 7.12907e+06 1.6905e+06 ZonesAtSurface
779.951 2773.42 169.045 3 0 1 5 1.13571e+06 40.5997 19015.3 1.18427 5.92483e+06 1.13571e+06 ZonesAtSurface
829.925 2773.43 194.023 2 0 1 5 1.88349e+06 22.431 85655 1.00713 6.95464e+06 1.88349e+06 ZonesAtSurface
879.837 2773.45 268.999 9 0 1 4 162838 26.8815 135594 0.904994 2.42759e+06 162838 ZonesAtSurface
929.776 2773.47 343.975 7 9 1 3 1.60261e+06 26.2345 147800 1.26643 3.90132e+06 1.60261e+06 ZonesAtSurface
979.79 2773.47 318.962 9 0 1 4 843893 19.6105 51345.5 1.00416 3.75299e+06 843893 ZonesAtSurface
1029.77 2773.48 343.947 7 0 1 4 854709 40.8923 138737 1.01381 5.34188e+06 854709 ZonesAtSurface
1079.74 2773.5 368.936 7 0 1 4 631915 26.2909 75490 0.929891 2.3093e+06 631915 ZonesAtSurface
1129.73 2773.52 343.914 1 0 1 5 172059 16.4144 49698.9 0.966615 2.42755e+06 172059 ZonesAtSurface
1179.68 2773.54 368.906 5 0 1 5 1.28216e+06 33.8079 141053 0.999304 7.43684e+06 1.28216e+06 ZonesAtSurface
1229.59 2773.6 443.914 9 0 1 4 286193 39.8165 70555.5 1.69953 741048 286193 ZonesAtSurface
1279.56 2773.63 418.895 9 0 1 5 473167 32.9619 56803.9 1.01037 3.63114e+06 473167 ZonesAtSurface
1329.53 2773.66 393.873 4 0 1 6 1.80846e+06 33.4411 23272.5 1.02335 9.43475e+06 1.80846e+06 ZonesAtSurface
1379.48 2773.71 368.852 3 0 1 7 422597 17.5259 175403 0.997061 6.42012e+06 422597 ZonesAtSurface
1429.33 2773.77 443.89 3 3 2 6 753927 34.5418 81966.5 1.50231 2.06031e+06 753927 ZonesAtSurface
1479.31 2773.81 418.88 8 0 1 7 1.70061e+06 30.0582 40246.6 1.07786 5.54059e+06 1.70061e+06 ZonesAtSurface
1529.25 2773.87 393.865 4 0 1 8 1.5035e+06 35.4283 131017 1.00393 1.31417e+07 1.5035e+06 ZonesAtSurface
1579.22 2773.93 468.929 0 9 2 7 960265 44.8573 101709 1.79196 2.38322e+06 960265 ZonesAtSurface
1629.04 2773.97 343.832 6 0 1 10 299577 20.9169 37767.9 0.994355 1.21438e+07 299577 ZonesAtSurface
1678.9 2774.02 318.819 4 0 1 11 1.40438e+06 31.8724 102582 1.03929 2.43708e+07 1.40438e+06 ZonesAtSurface
1728.77 2774.05 293.8 1 0 1 12 685409 21.1488 28083.5 1.00773 1.96779e+07 685409 ZonesAtSurface
1778.59 2774.12 318.847 4 0 1 12 1.05425e+06 23.1187 19826.9 1.02838 2.35112e+07 1.05425e+06 ZonesAtSurface
1828.44 2774.18 293.832 0 0 1 13 514982 39.4062 88560.2 1.58333 3.4003e+07 514982 ZonesAtSurface
1878.24 2774.24 318.903 1 0 1 13 1.19446e+06 37.1858 170222 1.22777 3.31614e+07 1.19446e+06 ZonesAtSurface
1928.11 2774.3 293.888 5 0 1 14 452161 29.0475 152256 1.01803 3.11444e+07 452161 ZonesAtSurface
1978 2774.37 369.059 2 7 2 13 245283 42.897 30596.1 0.558996 1.85303e+06 245283 ZonesAtSurface
2027.88 2774.37 231.332 2 0 1 15 1.57685e+06 17.3898 42569.6 1.353 1.16916e+07 1.57685e+06 ZonesAtSurface
2078.05 2774.32 131.257 2 0 1 15 1.87099e+06 25.2666 65055.1 1.29951 2.60094e+07 1.87099e+06 ZonesAtSurface
2127.64 2774.43 181.375 10 0 1 12 735270 34.3722 37724.1 1.27191 1.61145e+07 735270 ZonesAtSurface
2177.69 2774.39 131.317 6 0 1 11 557566 28.3092 15901.2 1.16125 3.51752e+07 557566 ZonesAtSurface
2226.96 2774.55 231.407 9 0 0 0 1.20839e+06 28.3787 122130 1.70038 1.33419e+07 1.20839e+06 ZonesAtSurface
2276.87 2774.4 231.373 9 0 0 0 994137 30.4509 12597.1 1.18653 2.02805e+07 994137 ZonesAtSurface
2326.86 2774.3 181.234 5 0 0 0 1.3496e+06 44.0873 124461 1.58642 4.64301e+07 1.3496e+06 ZonesAtSurface
2377.59 2774.22 30.9033 0 0 0 0 154660 35.1258 119962 1.18442 5.05912e+07 154660 ZonesAtSurface
2429.9 2773.76 -168.87 6 0 0 0 738888 41.5551 52313 1.49319 1.86461e+07 738888 ZonesAtSurface
2481.28 2773.37 -468.496 0 0 0 0 603674 38.7489 50872.7 5.0852 9.37346e+06 603674 ZonesAtSurface
2530.94 2773.45 -298.444 0 0 0 0 1.05583e+06 39.6248 87389.4 1.66142 1.18843e+07 1.05583e+06 ZonesAtSurface
2581.08 2773.4 -358.442 9 0 0 0 489515 21.9957 125198 1.00231 1.08095e+07 489515 ZonesAtSurface
2631.1 2773.38 -368.444 0 0 0 0 1.076e+06 34.6907 32732.6 2.1632 1.21087e+07 1.076e+06 ZonesAtSurface
2680.93 2773.42 -278.425 6 0 0 0 1.61109e+06 32.9974 179909 1.19291 1.33885e+07 1.61109e+06 ZonesAtSurface
2730.87 2773.43 -238.421 0 0 0 0 1.34242e+06 43.231 20606.2 1.91051 1.19877e+07 1.34242e+06 ZonesAtSurface
2780.91 2773.43 -248.425 0 0 0 0 1.04305e+06 36.6602 106912 1.72318 1.13577e+07 1.04305e+06 ZonesAtSurface
2830.86 2773.45 -208.426 0 0 0 0 1.28828e+06 39.3577 148420 1.58294 1.1829e+07 1.28828e+06 ZonesAtSurface
2880.83 2773.48 -168.431 7 0 0 0 987473 32.4214 57139.9 1.12714 1.11943e+07 987473 ZonesAtSurface
2930.95 2773.44 -228.445 0 0 0 0 1.73524e+06 24.2928 123259 1.40285 1.05243e+07 1.73524e+06 ZonesAtSurface
2980.79 2773.54 -88.4469 10 0 0 0 1.48989e+06 37.2877 70979.1 1.09347 1.14225e+07 1.48989e+06 ZonesAtSurface
3030.91 2773.49 -148.456 0 0 0 0 1.45755e+06 31.6256 58580.6 1.3486 1.07404e+07 1.45755e+06 ZonesAtSurface
3080.9 2773.51 -108.465 8 0 0 0 520052 22.6698 61668.4 1.00735 7.64378e+06 520052 ZonesAtSurface
3130.9 2773.53 -68.4834 8 0 0 0 397686 18.0413 186585 1.00425 5.60905e+06 397686 ZonesAtSurface
3180.91 2773.54 -28.4942 0 0 0 0 778680 42.3042 171919 1.50539 1.01508e+07 778680 ZonesAtSurface
3230.93 2773.54 11.4965 9 0 0 0 503511 18.2314 166943 1.00841 4.3407e+06 503511 ZonesAtSurface
3280.96 2773.53 51.4801 8 0 1 12 1.89144e+06 26.7429 20061.1 1.08518 7.97465e+06 1.89144e+06 ZonesAtSurface
3330.99 2773.52 91.4659 4 0 1 12 1.32944e+06 24.8753 140386 1.0186 4.94652e+06 1.32944e+06 ZonesAtSurface
3381.03 2773.5 131.452 10 0 1 12 500546 36.9456 40428.6 1.0276 5.1385e+06 500546 ZonesAtSurface
3431.11 2773.47 121.437 7 0 1 13 524670 43.2143 81538.5 1.10095 7.9429e+06 524670 ZonesAtSurface
3481.11 2773.46 261.384 10 0 1 11 497612 26.4648 23252.8 1.13106 1.92989e+06 497612 ZonesAtSurface
3531.22 2773.44 251.38 0 0 1 12 605391 23.8901 109570 1.01234 2.37243e+06 605391 ZonesAtSurface
3581.31 2773.43 291.353 8 0 1 12 1.34135e+06 24.6387 90423.7 1.02225 4.06222e+06 1.34135e+06 ZonesAtSurface
3631.4 2773.42 331.326 4 0 2 12 805257 32.9932 64037.5 1.09617 2.90737e+06 805257 ZonesAtSurface
3681.52 2773.39 271.378 0 0 1 14 1.45451e+06 30.8704 178043 1.02938 6.31439e+06 1.45451e+06 ZonesAtSurface
3731.6 2773.4 311.355 8 0 1 14 1.64106e+06 21.8879 31769.8 1.02387 5.88309e+06 1.64106e+06 ZonesAtSurface
3781.68 2773.39 311.355 7 0 1 14 1.84214e+06 39.7267 146309 1.01732 7.81428e+06 1.84214e+06 ZonesAtSurface
3831.76 2773.39 371.314 8 0 1 12 754844 26.6356 27961.2 1.0374 2.34669e+06 754844 ZonesAtSurface
3881.86 2773.4 431.285 2 1 2 10 1.13847e+06 25.6987 174460 0.997544 3.39678e+06 1.13847e+06 ZonesAtSurface
3931.96 2773.44 491.241 0 5 2 8 1.23044e+06 23.1933 82724.5 1.42421 2.58083e+06 1.23044e+06 ZonesAtSurface
3982.05 2773.39 401.297 3 0 2 9 910328 25.3037 34896 1.06407 3.39251e+06 910328 ZonesAtSurface
4032.13 2773.39 411.303 0 4 1 8 1.6093e+06 41.9699 17344.7 1.26394 5.6713e+06 1.6093e+06 ZonesAtSurface
4082.18 2773.42 471.29 4 0 2 6 465616 24.5808 12572.9 1.08131 1.55558e+06 465616 ZonesAtSurface
4132.25 2773.39 431.332 5 0 2 6 159997 34.2704 53156.9 1.14014 931295 159997 ZonesAtSurface
4182.31 2773.38 391.376 6 0 2 6 438386 18.7229 168677 1.21128 1.24629e+06 438386 ZonesAtSurface
4232.36 2773.37 401.397 8 3 2 5 307817 34.5279 70505.2 1.40514 877884 307817 ZonesAtSurface
4282.38 2773.38 261.465 6 0 1 7 1.08058e+06 36.7341 69491.8 1.46463 5.6746e+06 1.08058e+06 ZonesAtSurface
4332.4 2773.39 171.511 6 0 1 8 729013 16.0238 181525 1.01929 3.03288e+06 729013 ZonesAtSurface
4382.42 2773.41 131.547 9 0 1 8 1.50493e+06 19.3909 168842 1.01737 4.77275e+06 1.50493e+06 ZonesAtSurface
4432.43 2773.43 91.5758 0 0 1 8 703272 20.9254 142575 1.19165 2.77751e+06 703272 ZonesAtSurface
4482.46 2773.45 101.597 9 1 1 7 866852 40.825 141691 1.16081 2.93386e+06 866852 ZonesAtSurface
4532.38 2773.46 11.6279 7 0 1 8 863368 37.8588 32561.5 1.71339 7.90369e+06 863368 ZonesAtSurface
4582.32 2773.48 -28.3695 20 0 1 8 1.13433e+06 27.0145 51690.8 1.08058 9.8474e+06 1.13433e+06 ZonesAtSurface
4632.2 2773.52 -18.3164 46 0 1 7 1.54768e+06 21.5915 179632 1.47873 4.23692e+06 1.54768e+06 ZonesAtSurface
4682.12 2773.55 -8.24692 73 7 1 6 687791 15.8955 27563 1.05504 1.73672e+06 687791 ZonesAtSurface
4732.04 2773.56 1.77202 39 42 1 5 1.68884e+06 39.1562 41912.6 2.77336 2.86568e+06 1.68884e+06 ZonesAtSurface
4781.86 2773.62 11.8281 107 0 1 4 187761 18.8132 185996 0 338163 187761 ZonesAtSurface
4831.71 2773.66 21.867 111 55 1 3 551220 38.1985 114816 1.1766 1.84279e+06 551220 ZonesAtSurface
4881.64 2773.7 31.8973 78 88 1 2 616601 16.9303 22143.1 1.38 1.20769e+06 616601 ZonesAtSurface
4931.56 2773.74 41.8482 140 96 1 1 139281 40.2732 99196.2 0.973932 285438 139281 ZonesAtSurface
81.7157 2823.82 -29.5551 122 0 1 2 121876 30.1752 17701.8 1.20223 8.62138e+06 121876 ZonesAtSurface
131.561 2823.8 -4.41791 75 110 1 2 1.72353e+06 39.0863 58632.3 2.15324 4.43024e+06 1.72353e+06 ZonesAtSurface
181.41 2823.7 -29.4624 128 0 1 3 1.6816e+06 23.2845 152397 1.13508 5.77576e+06 1.6816e+06 ZonesAtSurface
231.251 2823.69 -4.38548 132 0 1 3 310240 35.4629 110568 2.35661 1.57364e+06 310240 ZonesAtSurface
281.109 2823.61 -29.4991 118 0 1 4 237008 26.5678 142596 1.0235 3.33315e+06 237008 ZonesAtSurface
330.97 2823.59 -4.49956 102 88 1 4 1.46702e+06 39.6678 74750.2 1.77267 4.64526e+06 1.46702e+06 ZonesAtSurface
380.897 2823.55 -29.5708 86 11 1 5 1.73184e+06 40.4651 186078 1.1932 7.3488e+06 1.73184e+06 ZonesAtSurface
430.779 2823.56 -4.54008 83 0 1 5 440662 24.7269 158877 1.67977 1.58421e+06 440662 ZonesAtSurface
480.71 2823.52 -29.6306 67 0 1 6 338211 17.3397 14319.4 1.04106 3.96633e+06 338211 ZonesAtSurface
530.586 2823.51 -4.63609 50 32 1 6 1.75656e+06 44.2922 43572.8 1.92204 6.17247e+06 1.75656e+06 ZonesAtSurface
580.526 2823.46 -29.7511 36 0 1 7 1.83319e+06 19.8054 16079.4 1.04723 9.77293e+06 1.83319e+06 ZonesAtSurface
630.382 2823.43 -4.82306 21 0 1 7 856197 29.3069 148745 1.02734 1.19867e+07 856197 ZonesAtSurface
680.114 2823.43 70.0981 2 0 1 6 1.25527e+06 31.484 64205.6 1.03635 4.34259e+06 1.25527e+06 ZonesAtSurface
730.078 2823.42 95.0765 9 0 1 6 162372 39.8084 151377 1.00746 6.76486e+06 162372 ZonesAtSurface
779.964 2823.45 170.044 10 0 1 5 1.38047e+06 42.8584 186754 1.05094 6.72171e+06 1.38047e+06 ZonesAtSurface
829.938 2823.45 195.022 5 0 1 5 1.06034e+06 31.0086 114003 1.02365 6.90468e+06 1.06034e+06 ZonesAtSurface
879.859 2823.47 269.998 9 0 1 4 1.53775e+06 41.6239 36134.8 1.07079 6.88678e+06 1.53775e+06 ZonesAtSurface
929.792 2823.49 344.971 3 2 2 3 695764 36.4797 152711 1.04649 2.2593e+06 695764 ZonesAtSurface
979.778 2823.5 369.96 4 9 2 3 1.85821e+06 19.4074 116709 1.05751 5.00472e+06 1.85821e+06 ZonesAtSurface
1029.79 2823.5 344.945 1 0 2 4 339072 21.5691 72357.2 0.962411 1.597e+06 339072 ZonesAtSurface
1079.76 2823.53 369.935 5 3 1 4 1.65972e+06 44.0337 182107 1.15604 6.06575e+06 1.65972e+06 ZonesAtSurface
1129.76 2823.55 344.914 6 0 1 5 1.30343e+06 33.6642 182236 1.01391 8.71719e+06 1.30343e+06 ZonesAtSurface
1179.71 2823.58 369.907 7 0 1 5 278691 31.1874 142566 0.967562 5.79074e+06 278691 ZonesAtSurface
1229.69 2823.61 344.883 4 0 1 6 1.22205e+06 16.3874 73539.7 1.00518 5.88588e+06 1.22205e+06 ZonesAtSurface
1279.62 2823.66 369.876 4 0 1 6 356203 30.0035 33937.5 0.938814 5.84447e+06 356203 ZonesAtSurface
1329.54 2823.71 394.872 5 0 1 6 1.34786e+06 27.5732 147632 1.00044 6.44553e+06 1.34786e+06 ZonesAtSurface
1379.51 2823.77 369.85 0 0 1 7 199515 35.5579 176329 1.01793 1.0913e+07 199515 ZonesAtSurface
1429.43 2823.82 394.859 1 0 1 7 1.64104e+06 18.5455 71891.3 1.01849 8.59017e+06 1.64104e+06 ZonesAtSurface
1479.34 2823.86 419.877 9 0 1 7 160523 37.3241 33598.4 0.842828 6.63822e+06 160523 ZonesAtSurface
1529.29 2823.92 394.868 6 0 1 8 241023 35.7797 47966.6 1.08014 1.52298e+07 241023 ZonesAtSurface
1579.23 2823.98 469.933 4 8 2 7 532756 39.8424 103195 0.965296 2.04037e+06 532756 ZonesAtSurface
1629.1 2824.04 344.838 1 0 1 10 1.7098e+06 21.5439 108739 1.00363 1.79972e+07 1.7098e+06 ZonesAtSurface
1679.01 2824.09 369.88 7 0 1 10 1.68718e+06 41.8993 44473.2 1.42306 2.32387e+07 1.68718e+06 ZonesAtSurface
1728.82 2824.14 344.872 2 0 1 11 1.06331e+06 43.258 61354.5 1.9795 3.21231e+07 1.06331e+06 ZonesAtSurface
1778.68 2824.19 319.855 5 0 1 12 1.198e+06 17.1312 143719 1.0444 1.96347e+07 1.198e+06 ZonesAtSurface
1828.51 2824.26 344.924 8 0 1 12 238117 40.7443 83104.9 0.928125 2.33193e+07 238117 ZonesAtSurface
1878.35 2824.34 420.135 4 7 2 11 1.18758e+06 27.2813 66543.7 0 1.31324e+06 1.18758e+06 ZonesAtSurface
1928.27 2824.38 395.128 5 1 2 12 225783 16.5982 116457 0 458445 225783 ZonesAtSurface
1978.2 2824.39 370.06 2 6 2 13 484261 27.5246 154493 0 363653 484261 ZonesAtSurface
2028.01 2824.39 232.331 3 0 1 15 1.63046e+06 38.1823 116186 1.94543 2.63915e+07 1.63046e+06 ZonesAtSurface
2077.98 2824.4 182.323 3 0 1 14 277447 15.9486 137989 1.28046 1.63342e+07 277447 ZonesAtSurface
2127.8 2824.44 182.358 1 0 1 12 116179 24.8465 132853 1.0594 2.5695e+07 116179 ZonesAtSurface
2177.65 2824.45 182.392 9 0 1 10 726113 33.7002 153784 1.21658 2.72603e+07 726113 ZonesAtSurface
2227.42 2824.5 182.358 4 0 0 0 125340 29.2666 74503.6 1.16277 2.71193e+07 125340 ZonesAtSurface
2277.16 2824.4 232.388 1 0 0 0 1.52919e+06 44.494 13329.9 1.54935 3.08182e+07 1.52919e+06 ZonesAtSurface
2327.56 2824.34 82.0646 3 0 0 0 1.23751e+06 32.5575 139158 1.15734 5.00461e+07 1.23751e+06 ZonesAtSurface
2378.88 2824.04 -68.0934 2 0 0 0 462689 28.9859 100375 1.03961 2.82998e+07 462689 ZonesAtSurface
2429.99 2823.75 -167.872 5 0 0 0 1.05008e+06 44.7274 165179 1.84705 1.83569e+07 1.05008e+06 ZonesAtSurface
2481.21 2823.4 -417.506 3 0 0 0 719191 25.5328 57475.3 2.14468 9.71281e+06 719191 ZonesAtSurface
2530.97 2823.44 -297.456 0 0 0 0 1.83381e+06 38.7443 180513 2.34391 1.1343e+07 1.83381e+06 ZonesAtSurface
2581 2823.41 -307.438 0 0 0 0 1.12552e+06 44.844 127882 2.35287 1.25708e+07 1.12552e+06 ZonesAtSurface
2630.81 2823.44 -217.417 8 0 0 0 1.57527e+06 43.423 113481 1.28752 1.21257e+07 1.57527e+06 ZonesAtSurface
2680.95 2823.4 -277.429 0 0 0 0 1.80248e+06 36.8806 101413 1.5833 1.27194e+07 1.80248e+06 ZonesAtSurface
2730.98 2823.39 -287.436 4 0 0 0 1.54552e+06 26.1704 87137.1 1.18173 1.21808e+07 1.54552e+06 ZonesAtSurface
2781.01 2823.39 -297.447 0 0 0 0 550571 32.6272 106593 1.43776 1.21459e+07 550571 ZonesAtSurface
2830.87 2823.43 -207.44 0 0 0 0 1.75164e+06 37.2821 160973 1.5587 1.20845e+07 1.75164e+06 ZonesAtSurface
2880.92 2823.43 -217.448 4 0 0 0 688983 23.825 55010.3 1.00763 1.03005e+07 688983 ZonesAtSurface
2930.96 2823.43 -227.457 9 0 0 0 1.6809e+06 17.5402 182395 1.01295 1.03671e+07 1.6809e+06 ZonesAtSurface
2980.87 2823.49 -137.459 5 0 0 0 700910 28.8892 75430.5 1.02916 1.01651e+07 700910 ZonesAtSurface
3030.92 2823.48 -147.466 4 0 0 0 405971 20.5998 125163 1.00276 7.26232e+06 405971 ZonesAtSurface
3080.91 2823.5 -107.475 0 0 0 0 1.31436e+06 39.3319 78538.8 1.86395 1.03334e+07 1.31436e+06 ZonesAtSurface
3130.91 2823.52 -67.4913 1 0 0 0 226077 42.4922 181736 1.52041 1.07882e+07 226077 ZonesAtSurface
3180.91 2823.53 -27.5023 0 0 0 0 1.39839e+06 43.7707 81649.5 2.01906 9.6878e+06 1.39839e+06 ZonesAtSurface
3230.93 2823.53 12.4894 3 0 0 0 394190 39.0985 103873 1.00845 7.2011e+06 394190 ZonesAtSurface
3280.96 2823.53 52.4734 1 0 1 12 1.33221e+06 17.465 153532 1.00934 5.24598e+06 1.33221e+06 ZonesAtSurface
3330.97 2823.52 142.452 7 0 1 11 472365 16.6992 129121 1.08729 1.51677e+06 472365 ZonesAtSurface
3381.04 2823.49 132.445 4 0 1 12 1.44018e+06 23.1466 160014 1.03312 5.77806e+06 1.44018e+06 ZonesAtSurface
3431.09 2823.47 172.426 3 0 1 12 1.20795e+06 35.2926 72414.7 1.07862 5.97913e+06 1.20795e+06 ZonesAtSurface
3481.14 2823.46 262.382 7 8 1 11 1.69056e+06 25.4898 52739.3 1.54911 3.5059e+06 1.69056e+06 ZonesAtSurface
3531.22 2823.44 302.344 5 5 2 11 1.36282e+06 34.8445 77605.6 1.42152 3.7432e+06 1.36282e+06 ZonesAtSurface
3581.3 2823.43 342.321 1 10 2 11 588202 23.3699 25534.6 2.07296 1.02431e+06 588202 ZonesAtSurface
3631.41 2823.42 332.332 9 0 1 12 1.62913e+06 27.5191 97014.6 1.06117 5.87948e+06 1.62913e+06 ZonesAtSurface
3681.5 2823.39 322.338 10 0 1 13 503829 24.4328 41711.6 1.05815 2.94239e+06 503829 ZonesAtSurface
3731.6 2823.4 312.345 7 0 1 14 1.37878e+06 27.7978 179855 1.00548 5.60393e+06 1.37878e+06 ZonesAtSurface
3781.69 2823.39 312.353 7 0 1 14 385524 34.6598 33881.7 1.02506 4.2282e+06 385524 ZonesAtSurface
3831.77 2823.38 372.313 7 0 1 12 859149 22.7748 148884 1.00654 2.43035e+06 859149 ZonesAtSurface
3881.85 2823.39 432.289 7 0 1 10 451330 38.7874 66966.3 1.01923 3.02066e+06 451330 ZonesAtSurface
3931.97 2823.41 442.269 2 0 1 9 342181 42.4349 107791 1.06784 3.00541e+06 342181 ZonesAtSurface
3982.05 2823.39 402.299 3 1 1 9 1.35628e+06 36.6421 189573 1.05291 4.91347e+06 1.35628e+06 ZonesAtSurface
4032.12 2823.41 462.282 6 5 1 7 966092 44.8639 145164 1.71555 2.62995e+06 966092 ZonesAtSurface
4082.2 2823.39 422.319 7 0 1 7 1.13105e+06 29.1817 123704 1.01821 3.76706e+06 1.13105e+06 ZonesAtSurface
4132.26 2823.38 382.36 1 0 1 7 643389 27.8288 84319.5 1.05598 3.15288e+06 643389 ZonesAtSurface
4182.32 2823.38 392.375 11 0 1 6 656923 20.6673 17674.7 1.15917 2.17618e+06 656923 ZonesAtSurface
4232.36 2823.38 402.397 8 0 2 5 378959 41.1437 50587.6 1.74042 1.83275e+06 378959 ZonesAtSurface
4282.4 2823.38 312.446 1 0 2 6 1.63753e+06 25.2501 179338 1.22705 4.46724e+06 1.63753e+06 ZonesAtSurface
4332.41 2823.4 222.498 9 0 1 7 333329 31.3905 105963 1.14133 1.1955e+06 333329 ZonesAtSurface
4382.43 2823.44 182.537 8 0 2 7 251897 39.7123 21219 1.42734 909692 251897 ZonesAtSurface
4432.42 2823.45 92.5768 1 0 2 8 769923 36.0722 36745.8 1.04287 3.8548e+06 769923 ZonesAtSurface
4482.37 2823.45 2.59746 2 0 1 9 727981 40.0999 130017 1.06713 7.94884e+06 727981 ZonesAtSurface
4532.33 2823.46 -37.3948 1 0 1 9 410293 18.1905 124975 1.02413 6.62109e+06 410293 ZonesAtSurface
4582.31 2823.49 -27.3675 4 0 1 8 1.44756e+06 41.2093 11755.9 1.38492 1.05862e+07 1.44756e+06 ZonesAtSurface
4632.2 2823.52 -17.3156 33 0 1 7 189390 22.7837 99686.5 1.40293 2.40495e+06 189390 ZonesAtSurface
4682.11 2823.56 -7.25058 39 6 1 6 1.03887e+06 18.0926 33503.2 1.06985 2.78782e+06 1.03887e+06 ZonesAtSurface
4732.08 2823.57 2.7524 51 12 1 5 562206 40.0041 66333 1.48168 1.60986e+06 562206 ZonesAtSurface
4781.89 2823.61 12.8235 85 31 1 4 518262 20.1538 118882 0.996771 1.40791e+06 518262 ZonesAtSurface
4831.82 2823.66 22.8406 98 32 1 3 345402 40.7547 64425.9 2.15993 646876 345402 ZonesAtSurface
4881.69 2823.69 32.8696 58 94 1 2 1.34091e+06 37.6357 40401.2 2.48223 2.2811e+06 1.34091e+06 ZonesAtSurface
4931.65 2823.68 42.8545 72 97 1 1 1.3406e+06 39.5517 181135 1.77939 3.22503e+06 1.3406e+06 ZonesAtSurface
81.7277 2873.83 -28.5794 130 0 1 2 1.6748e+06 28.7482 160651 1.19072 1.09742e+07 1.6748e+06 ZonesAtSurface
131.576 2873.81 -3.45204 132 21 1 2 185595 38.4412 165800 2.0152 345436 185595 ZonesAtSurface
181.437 2873.71 -28.4636 132 0 1 3 715499 37.8936 49532.8 1.07901 6.35496e+06 715499 ZonesAtSurface
231.271 2873.69 -3.37734 133 81 1 3 1.49087e+06 25.454 121849 1.52656 3.9527e+06 1.49087e+06 ZonesAtSurface
281.116 2873.61 -28.4872 126 5 1 4 1.68659e+06 27.7456 117107 1.08021 6.16483e+06 1.68659e+06 ZonesAtSurface
330.969 2873.6 -3.47536 114 2 1 4 191798 23.5037 47071 2.21124 608151 191798 ZonesAtSurface
380.875 2873.56 -28.5737 98 0 1 5 1.0209e+06 40.3894 72893.3 1.138 5.4125e+06 1.0209e+06 ZonesAtSurface
430.745 2873.57 -3.55673 99 18 1 5 1.16217e+06 16.0513 122882 1.24321 2.55796e+06 1.16217e+06 ZonesAtSurface
480.705 2873.53 -28.6289 59 0 1 6 442293 43.0749 164827 1.04882 7.55186e+06 442293 ZonesAtSurface
530.591 2873.52 -3.6418 71 22 1 6 1.35464e+06 17.3902 50249.3 1.35157 3.634e+06 1.35464e+06 ZonesAtSurface
580.526 2873.47 -28.7462 40 0 1 7 539504 23.5564 181918 1.04316 9.72247e+06 539504 ZonesAtSurface
630.389 2873.45 -3.80929 16 0 1 7 1.08833e+06 40.7137 147870 1.04208 1.74749e+07 1.08833e+06 ZonesAtSurface
680.022 2873.46 121.083 5 6 1 5 1.69415e+06 34.271 167829 1.6882 3.61572e+06 1.69415e+06 ZonesAtSurface
730.091 2873.45 96.0777 1 0 1 6 332770 16.4825 54743.3 0.915571 2.66772e+06 332770 ZonesAtSurface
779.918 2873.49 221.042 10 10 1 4 1.65924e+06 35.2268 59226.2 1.56114 4.03682e+06 1.65924e+06 ZonesAtSurface
829.905 2873.49 246.02 3 2 1 4 1.64528e+06 40.6192 120146 1.11824 6.33403e+06 1.64528e+06 ZonesAtSurface
879.882 2873.5 270.996 9 0 1 4 998198 31.1017 116792 0.938498 5.99629e+06 998198 ZonesAtSurface
929.822 2873.52 345.97 3 4 2 3 1.27296e+06 15.8238 129069 1.1006 3.01021e+06 1.27296e+06 ZonesAtSurface
979.838 2873.51 320.959 8 0 1 4 465349 40.8375 108195 1.06873 6.26192e+06 465349 ZonesAtSurface
1029.81 2873.52 345.943 12 0 1 4 1.18093e+06 30.75 86645.4 1.07414 6.60144e+06 1.18093e+06 ZonesAtSurface
1079.78 2873.55 370.932 10 0 1 4 1.25944e+06 38.7772 77200.9 1.03553 5.56519e+06 1.25944e+06 ZonesAtSurface
1129.75 2873.58 395.931 3 5 2 4 1.64096e+06 35.5464 63528.6 1.40119 4.6115e+06 1.64096e+06 ZonesAtSurface
1179.78 2873.61 320.891 0 0 1 6 1.54678e+06 33.0986 189702 1.01307 1.12929e+07 1.54678e+06 ZonesAtSurface
1229.72 2873.66 345.881 0 0 1 6 485256 42.1502 133200 1.00568 1.27933e+07 485256 ZonesAtSurface
1279.6 2873.73 420.893 1 3 2 5 1.33406e+06 27.0114 71432.9 1.15251 3.73605e+06 1.33406e+06 ZonesAtSurface
1329.58 2873.76 395.87 2 0 1 6 181764 28.7584 73996.6 0.975096 6.22007e+06 181764 ZonesAtSurface
1379.48 2873.84 470.888 1 0 2 5 942526 24.462 170052 1.74462 1.8464e+06 942526 ZonesAtSurface
1429.48 2873.87 395.857 6 0 1 7 529550 32.8386 79371.9 1.05559 1.01163e+07 529550 ZonesAtSurface
1479.42 2873.92 420.875 5 0 1 7 1.43858e+06 31.9978 171800 1.01949 6.28896e+06 1.43858e+06 ZonesAtSurface
1529.36 2873.98 395.869 4 0 1 8 209880 15.3788 12133.3 1.02078 5.12646e+06 209880 ZonesAtSurface
1579.28 2874.03 420.899 9 0 1 8 1.1955e+06 27.3192 141773 1.09995 7.18331e+06 1.1955e+06 ZonesAtSurface
1629.2 2874.08 395.888 5 0 1 9 1.13176e+06 15.9293 130274 1.01272 9.0873e+06 1.13176e+06 ZonesAtSurface
1679.07 2874.13 370.872 0 0 1 10 1.19553e+06 36.6705 181344 1.11179 2.35133e+07 1.19553e+06 ZonesAtSurface
1728.92 2874.18 345.866 6 0 1 11 227368 38.0301 51383 1.29408 2.62601e+07 227368 ZonesAtSurface
1778.8 2874.23 320.859 2 0 1 12 1.85357e+06 29.4919 148176 1.16821 3.08658e+07 1.85357e+06 ZonesAtSurface
1828.65 2874.29 345.928 7 0 1 12 310580 29.3074 45911.2 1.01432 1.99092e+07 310580 ZonesAtSurface
1878.54 2874.31 320.913 1 0 1 13 1.6929e+06 22.6226 87863.9 1.01635 2.00638e+07 1.6929e+06 ZonesAtSurface
1928.4 2874.35 295.889 1 0 1 14 607243 43.9486 179395 1.36641 3.5744e+07 607243 ZonesAtSurface
1978.4 2874.4 371.059 10 7 2 13 109696 40.8974 38100.2 1.07079 386321 109696 ZonesAtSurface
2028.18 2874.39 233.333 4 0 1 15 731981 40.9531 39362.2 2.44641 2.69025e+07 731981 ZonesAtSurface
2078.04 2874.44 233.398 5 0 1 13 911271 41.4616 104214 2.05351 1.83545e+07 911271 ZonesAtSurface
2127.99 2874.43 183.355 0 0 1 12 1.62226e+06 32.6839 31340.3 1.51322 3.66161e+07 1.62226e+06 ZonesAtSurface
2177.84 2874.45 183.383 8 0 1 10 1.83816e+06 26.293 90859.8 1.06266 2.73365e+07 1.83816e+06 ZonesAtSurface
2227.5 2874.5 233.423 2 0 0 0 1.28215e+06 31.7262 166775 1.75473 1.58866e+07 1.28215e+06 ZonesAtSurface
2277.42 2874.39 233.394 10 0 0 0 1.13815e+06 30.4453 61054.3 1.0917 2.57348e+07 1.13815e+06 ZonesAtSurface
2327.5 2874.33 133.159 6 0 0 0 1.75681e+06 17.3932 67874.9 1.06932 3.01769e+07 1.75681e+06 ZonesAtSurface
2379.01 2874.04 -67.0827 8 0 0 0 1.50218e+06 20.2755 123081 1.06101 2.65602e+07 1.50218e+06 ZonesAtSurface
2430.74 2873.58 -266.658 10 0 0 0 915893 25.1029 178132 1.24548 1.34254e+07 915893 ZonesAtSurface
2481 2873.48 -316.548 9 0 0 0 846488 25.1072 139632 1.86651 9.79626e+06 846488 ZonesAtSurface
2531.01 2873.44 -296.468 0 0 0 0 798776 43.598 39762.4 2.41374 1.15907e+07 798776 ZonesAtSurface
2580.92 2873.44 -256.444 6 0 0 0 1.88132e+06 37.9853 137294 1.02928 1.32439e+07 1.88132e+06 ZonesAtSurface
2630.95 2873.41 -266.437 4 0 0 0 1.77106e+06 26.5701 75025.6 1.00537 1.20219e+07 1.77106e+06 ZonesAtSurface
2680.98 2873.39 -276.438 0 0 0 0 1.89946e+06 35.0978 20895.7 1.53347 1.25377e+07 1.89946e+06 ZonesAtSurface
2731 2873.38 -286.446 0 0 0 0 869927 31.8339 61297.2 1.39003 1.23783e+07 869927 ZonesAtSurface
2780.94 2873.4 -246.447 8 0 0 0 1.59767e+06 23.2017 113693 1.00069 1.20185e+07 1.59767e+06 ZonesAtSurface
2830.98 2873.39 -256.461 0 0 0 0 1.40295e+06 39.6603 55577.9 2.34606 1.20853e+07 1.40295e+06 ZonesAtSurface
2880.93 2873.41 -216.46 0 0 0 0 605333 34.8585 89659.9 1.72444 1.11082e+07 605333 ZonesAtSurface
2930.9 2873.44 -176.463 0 0 0 0 976370 42.5928 60713 2.00449 1.18392e+07 976370 ZonesAtSurface
2980.88 2873.47 -136.471 4 0 0 0 1.87812e+06 24.7975 66931.8 1.14805 1.09298e+07 1.87812e+06 ZonesAtSurface
3030.86 2873.5 -96.4784 10 0 0 0 1.62799e+06 21.4455 111383 1.00398 9.15598e+06 1.62799e+06 ZonesAtSurface
3080.85 2873.53 -56.4908 2 0 0 0 1.15342e+06 24.7544 106306 1.00757 7.67827e+06 1.15342e+06 ZonesAtSurface
3130.86 2873.54 -16.5088 4 0 0 0 609536 24.378 26884.9 0.998216 5.47872e+06 609536 ZonesAtSurface
3180.92 2873.53 -26.5107 1 0 0 0 716553 21.8642 162628 1.05217 7.17869e+06 716553 ZonesAtSurface
3230.89 2873.55 63.471 6 0 0 0 1.59435e+06 37.5767 154201 1.07872 6.95453e+06 1.59435e+06 ZonesAtSurface
3280.88 2873.54 153.443 9 0 1 10 170682 33.9206 91199.4 1.70996 2.14407e+06 170682 ZonesAtSurface
3330.97 2873.52 143.442 0 0 1 11 229671 18.2975 85726.4 1.10021 886308 229671 ZonesAtSurface
3380.99 2873.5 233.404 8 0 1 10 167038 33.0704 99443.9 1.24278 325410 167038 ZonesAtSurface
3431.1 2873.48 223.417 8 9 1 11 1.68332e+06 23.2214 17245 1.38746 3.91383e+06 1.68332e+06 ZonesAtSurface
3481.16 2873.47 263.378 2 0 2 11 669615 39.8047 157542 1.0679 2.83583e+06 669615 ZonesAtSurface
3531.23 2873.46 303.343 4 9 2 11 1.81598e+06 39.0306 135226 1.48922 4.98748e+06 1.81598e+06 ZonesAtSurface
3581.33 2873.43 293.348 0 2 2 12 1.77124e+06 34.5128 95771.3 1.07101 6.14586e+06 1.77124e+06 ZonesAtSurface
3631.43 2873.41 333.336 0 2 2 12 1.08085e+06 31.4062 189648 1.0973 3.15041e+06 1.08085e+06 ZonesAtSurface
3681.51 2873.4 373.319 6 1 1 12 537372 42.1943 175030 1.20192 1.50422e+06 537372 ZonesAtSurface
3731.59 2873.39 313.337 3 0 1 14 221810 22.9628 122936 1.04521 3.13146e+06 221810 ZonesAtSurface
3781.69 2873.39 313.351 1 0 1 14 543676 16.7074 158011 1.00388 3.21782e+06 543676 ZonesAtSurface
3831.76 2873.38 423.286 0 6 1 11 1.315e+06 43.1649 155807 1.63102 3.563e+06 1.315e+06 ZonesAtSurface
3881.85 2873.38 433.288 10 10 2 10 1.1422e+06 28.0747 27564.1 0.992622 3.84133e+06 1.1422e+06 ZonesAtSurface
3931.95 2873.38 393.315 2 0 1 10 656378 35.6729 157624 0.991799 3.55473e+06 656378 ZonesAtSurface
3982.04 2873.39 403.307 3 0 1 9 1.10722e+06 27.468 38630.9 1.03743 3.86887e+06 1.10722e+06 ZonesAtSurface
4032.13 2873.41 463.277 7 8 2 7 1.2681e+06 19.1677 55311.9 1.4765 2.52444e+06 1.2681e+06 ZonesAtSurface
4082.2 2873.38 373.348 2 0 1 8 1.14171e+06 16.1985 25023.1 1.01063 3.65812e+06 1.14171e+06 ZonesAtSurface
4132.26 2873.38 383.359 4 1 1 7 1.64618e+06 30.169 13873.6 1.16102 5.57812e+06 1.64618e+06 ZonesAtSurface
4182.32 2873.39 443.348 0 0 2 5 832893 34.3054 102922 2.09161 1.71881e+06 832893 ZonesAtSurface
4232.37 2873.39 403.395 3 9 2 5 1.25455e+06 22.545 171679 2.19875 1.68367e+06 1.25455e+06 ZonesAtSurface
4282.4 2873.4 313.446 6 0 2 6 768081 36.8639 13820.2 1.63314 3.53235e+06 768081 ZonesAtSurface
4332.41 2873.41 223.495 7 0 1 7 499588 19.8939 176295 1.05261 1.95533e+06 499588 ZonesAtSurface
4382.39 2873.42 83.5498 5 0 1 9 469734 42.1151 68017.9 1.23256 7.63482e+06 469734 ZonesAtSurface
4432.38 2873.44 43.5775 5 0 1 9 636532 29.5542 42649.6 1.03471 7.04228e+06 636532 ZonesAtSurface
4482.37 2873.45 3.59775 6 0 1 9 1.53082e+06 25.7581 155220 1.05636 8.52689e+06 1.53082e+06 ZonesAtSurface
4532.32 2873.47 -36.3942 2 0 1 9 1.03079e+06 25.591 167234 1.26863 1.00245e+07 1.03079e+06 ZonesAtSurface
4582.3 2873.49 -26.3624 12 0 1 8 1.12337e+06 26.9889 115871 1.14174 7.11232e+06 1.12337e+06 ZonesAtSurface
4632.22 2873.52 -16.3145 36 0 1 7 477281 15.6415 71665.9 1.21935 2.53049e+06 477281 ZonesAtSurface
4682.12 2873.57 -6.26083 46 10 1 6 963281 42.5412 30366.2 1.52194 3.49493e+06 963281 ZonesAtSurface
4732.04 2873.59 3.7616 80 0 1 5 197365 30.7856 182765 0.946518 1.31888e+06 197365 ZonesAtSurface
4781.91 2873.62 13.8219 84 46 1 4 1.75005e+06 20.9175 81540.5 2.22093 2.28279e+06 1.75005e+06 ZonesAtSurface
4831.82 2873.68 23.8512 71 73 1 3 1.75756e+06 33.5585 101866 1.59704 4.03137e+06 1.75756e+06 ZonesAtSurface
4881.7 2873.71 33.8704 68 83 1 2 1.7882e+06 33.0547 11851.1 2.26385 3.23229e+06 1.7882e+06 ZonesAtSurface
4931.76 2873.72 43.8225 53 92 1 1 1.84919e+06 23.9937 28182.9 1.83247 3.13902e+06 1.84919e+06 ZonesAtSurface
81.7402 2923.83 -27.5957 101 0 1 2 1.25613e+06 40.7711 59805 1.48114 1.2094e+07 1.25613e+06 ZonesAtSurface
131.584 2923.8 -2.46542 148 63 1 2 1.50654e+06 16.2182 156666 1.18609 3.79956e+06 1.50654e+06 ZonesAtSurface
181.451 2923.72 -27.4652 119 0 1 3 672080 43.1517 162527 1.08261 7.81474e+06 672080 ZonesAtSurface
231.287 2923.7 -2.38475 130 21 1 3 976808 17.6805 167641 1.26835 2.52344e+06 976808 ZonesAtSurface
281.128 2923.63 -27.4743 123 0 1 4 733991 27.0769 171836 1.09042 4.73996e+06 733991 ZonesAtSurface
330.978 2923.61 -2.43799 119 51 1 4 1.24068e+06 22.4846 61558.4 1.68356 2.6725e+06 1.24068e+06 ZonesAtSurface
380.854 2923.57 -27.5581 104 0 1 5 1.00594e+06 15.3303 181620 1.046 3.31251e+06 1.00594e+06 ZonesAtSurface
430.72 2923.58 -2.55913 83 11 1 5 560199 20.4896 85999.1 1.29473 1.51377e+06 560199 ZonesAtSurface
480.688 2923.54 -27.6283 78 0 1 6 612938 16.6865 37182.5 1.06368 3.66834e+06 612938 ZonesAtSurface
530.588 2923.53 -2.6505 56 22 1 6 598016 40.4974 115947 1.52663 3.4831e+06 598016 ZonesAtSurface
580.525 2923.48 -27.743 29 0 1 7 1.75288e+06 44.1698 66947.3 1.05005 1.68768e+07 1.75288e+06 ZonesAtSurface
630.397 2923.47 -2.7929 16 0 1 7 1.48977e+06 40.48 82934.9 1.04328 1.85543e+07 1.48977e+06 ZonesAtSurface
680.293 2923.46 22.1361 1 0 1 7 524538 25.4801 138349 1.01609 1.04172e+07 524538 ZonesAtSurface
730.091 2923.47 97.0784 5 0 1 6 160744 41.0005 171417 1.05575 5.32194e+06 160744 ZonesAtSurface
779.923 2923.51 222.035 8 9 1 4 1.5301e+06 37.3052 85587.5 2.12123 3.12484e+06 1.5301e+06 ZonesAtSurface
829.919 2923.51 247.017 8 0 1 4 362244 19.231 120692 1.10091 2.15408e+06 362244 ZonesAtSurface
879.902 2923.52 271.994 0 0 1 4 1.75453e+06 43.4519 69195.3 2.09719 7.13173e+06 1.75453e+06 ZonesAtSurface
929.866 2923.54 346.972 7 4 1 3 1.79642e+06 32.7688 72698.9 1.41698 4.81218e+06 1.79642e+06 ZonesAtSurface
979.865 2923.54 371.96 5 7 1 3 1.74897e+06 25.9576 100122 1.2963 4.24232e+06 1.74897e+06 ZonesAtSurface
1029.86 2923.55 396.944 8 0 1 3 106165 20.4259 52508 1.30318 1.29818e+06 106165 ZonesAtSurface
1079.85 2923.56 321.922 4 0 1 5 1.03043e+06 40.3152 96426.9 1.16468 1.05345e+07 1.03043e+06 ZonesAtSurface
1129.79 2923.61 396.928 10 6 1 4 1.65296e+06 19.4941 178656 1.65541 2.94389e+06 1.65296e+06 ZonesAtSurface
1179.77 2923.65 371.904 10 0 1 5 1.57819e+06 17.2509 58917 1.0251 6.27678e+06 1.57819e+06 ZonesAtSurface
1229.75 2923.7 346.877 3 0 1 6 1.46119e+06 24.0446 13086.1 1.01605 9.40398e+06 1.46119e+06 ZonesAtSurface
1279.62 2923.79 471.897 9 10 1 4 939126 40.8343 50586.5 2.42568 1.7094e+06 939126 ZonesAtSurface
1329.64 2923.81 396.866 5 0 1 6 894218 21.4556 63654.7 1.02579 5.37413e+06 894218 ZonesAtSurface
1379.59 2923.87 421.869 6 0 1 6 412956 29.6058 175506 0.931384 5.5095e+06 412956 ZonesAtSurface
1429.55 2923.92 396.857 1 0 1 7 1.4045e+06 25.2245 52526 1.03641 9.1821e+06 1.4045e+06 ZonesAtSurface
1479.46 2923.96 471.903 9 3 1 6 309841 24.6689 127706 2.86359 302352 309841 ZonesAtSurface
1529.44 2924.03 446.903 10 0 1 7 1.35754e+06 32.2944 144110 0.973396 7.61824e+06 1.35754e+06 ZonesAtSurface
1579.38 2924.08 421.889 6 0 1 8 1.13444e+06 26.9356 93049.6 1.02688 1.05729e+07 1.13444e+06 ZonesAtSurface
1629.31 2924.13 396.874 6 0 1 9 795956 21.2081 10506.8 1.03907 1.12447e+07 795956 ZonesAtSurface
1679.21 2924.17 371.866 8 0 1 10 1.13881e+06 16.7181 14063.5 1.0452 1.36012e+07 1.13881e+06 ZonesAtSurface
1729.06 2924.22 346.862 8 0 1 11 525113 25.564 74497.5 1.22749 2.25101e+07 525113 ZonesAtSurface
1778.95 2924.25 321.855 1 0 1 12 174898 15.859 76558.4 1.00953 1.52647e+07 174898 ZonesAtSurface
1828.82 2924.28 296.841 1 0 1 13 453403 32.962 68243.5 1.13218 3.07756e+07 453403 ZonesAtSurface
1878.72 2924.34 372.011 1 0 1 12 738264 23.3169 44745.1 1.19717 8.99377e+06 738264 ZonesAtSurface
1928.62 2924.35 347.002 6 0 1 13 570925 44.0961 122878 1.05115 2.77006e+07 570925 ZonesAtSurface
1978.45 2924.37 271.858 4 0 1 15 384285 23.5125 21254.4 1.0154 2.85972e+07 384285 ZonesAtSurface
2028.37 2924.38 234.341 5 0 1 15 1.80166e+06 40.2873 113052 1.95435 3.15998e+07 1.80166e+06 ZonesAtSurface
2078.24 2924.39 234.394 1 0 1 13 1.48019e+06 42.3197 49956.5 3.0982 2.63609e+07 1.48019e+06 ZonesAtSurface
2128.2 2924.41 184.356 0 0 1 12 228295 33.1442 98159.8 1.51989 3.70465e+07 228295 ZonesAtSurface
2178.05 2924.43 184.383 5 0 1 10 441123 17.0203 158760 1.06784 1.45158e+07 441123 ZonesAtSurface
2227.62 2924.47 334.493 8 0 0 0 1.28216e+06 41.0313 77358 1.3973 6.57739e+06 1.28216e+06 ZonesAtSurface
2277.62 2924.34 284.433 0 0 0 0 389417 36.914 60480.6 1.39702 1.76877e+07 389417 ZonesAtSurface
2327.54 2924.25 234.302 5 0 0 0 144659 40.5844 167773 1.19658 3.08382e+07 144659 ZonesAtSurface
2379.13 2924.04 -66.059 8 0 0 0 1.20521e+06 31.409 130578 1.07967 4.03058e+07 1.20521e+06 ZonesAtSurface
2430.8 2923.59 -265.67 4 0 0 0 751628 22.4852 46156.7 1.25064 1.34901e+07 751628 ZonesAtSurface
2481.17 2923.43 -365.532 0 0 0 0 1.7368e+06 44.826 140824 5.31094 1.15267e+07 1.7368e+06 ZonesAtSurface
2530.91 2923.47 -245.482 9 0 0 0 1.60894e+06 36.6139 79397.1 1.03589 1.12543e+07 1.60894e+06 ZonesAtSurface
2581.07 2923.4 -305.465 0 0 0 0 643454 32.1839 53677.6 1.36953 1.26509e+07 643454 ZonesAtSurface
2630.98 2923.41 -265.451 0 0 0 0 626201 38.738 70453.1 1.38816 1.2891e+07 626201 ZonesAtSurface
2681.01 2923.38 -275.451 0 0 0 0 1.38195e+06 44.4198 50440.1 2.38426 1.26217e+07 1.38195e+06 ZonesAtSurface
2730.94 2923.39 -235.445 0 0 0 0 1.80212e+06 43.0991 152745 1.95806 1.26439e+07 1.80212e+06 ZonesAtSurface
2781.06 2923.36 -295.467 6 0 0 0 102030 25.0763 133286 1.00523 1.16323e+07 102030 ZonesAtSurface
2830.91 2923.4 -205.463 0 0 0 0 1.89616e+06 43.3681 94192.9 1.70341 1.32e+07 1.89616e+06 ZonesAtSurface
2880.87 2923.43 -165.466 0 0 0 0 1.43104e+06 35.5761 178114 1.29421 1.17744e+07 1.43104e+06 ZonesAtSurface
2930.92 2923.43 -175.475 8 0 0 0 410025 31.765 28745.1 1.12438 1.14582e+07 410025 ZonesAtSurface
2980.9 2923.46 -135.483 4 0 0 0 263021 27.2966 45549.7 1.01415 9.72692e+06 263021 ZonesAtSurface
3030.88 2923.5 -95.491 2 0 0 0 409763 34.0826 96168.5 1.01213 1.02807e+07 409763 ZonesAtSurface
3080.93 2923.49 -105.499 0 0 0 0 150447 26.8982 181522 1.00551 9.24133e+06 150447 ZonesAtSurface
3130.93 2923.51 -65.5085 1 0 0 0 1.24302e+06 15.1106 68035.2 1.01202 6.9462e+06 1.24302e+06 ZonesAtSurface
3180.88 2923.54 24.4695 8 0 0 0 685938 39.9592 20959.7 1.15026 9.70487e+06 685938 ZonesAtSurface
3230.9 2923.54 64.4572 3 0 0 0 554996 26.0247 128633 1.07091 4.21791e+06 554996 ZonesAtSurface
3280.97 2923.52 54.4552 3 0 1 12 461175 31.7298 49862.6 1.10076 7.28612e+06 461175 ZonesAtSurface
3330.99 2923.51 144.436 5 0 1 11 293791 19.7866 77579.3 1.15589 1.82443e+06 293791 ZonesAtSurface
3381.02 2923.51 234.404 7 3 1 10 970518 24.714 95085.1 1.03708 2.90505e+06 970518 ZonesAtSurface
3431.11 2923.47 174.408 4 0 1 12 184169 20.0237 12638.1 1.03849 3.35136e+06 184169 ZonesAtSurface
3481.18 2923.45 214.375 1 0 1 12 1.49257e+06 18.3608 54359.7 1.04996 5.14434e+06 1.49257e+06 ZonesAtSurface
3531.25 2923.44 254.355 6 0 1 12 1.21836e+06 39.1514 146825 1.04918 5.28192e+06 1.21836e+06 ZonesAtSurface
3581.34 2923.42 294.348 6 0 1 12 426518 31.0718 36132.2 1.05104 2.23081e+06 426518 ZonesAtSurface
3631.43 2923.42 384.305 0 10 2 11 1.66718e+06 31.713 149225 1.3423 4.2397e+06 1.66718e+06 ZonesAtSurface
3681.52 2923.41 324.335 1 0 2 13 934552 41.5932 117381 1.06017 4.46424e+06 934552 ZonesAtSurface
3731.59 2923.39 314.333 0 0 2 14 1.33762e+06 38.343 105674 1.06882 5.038e+06 1.33762e+06 ZonesAtSurface
3781.69 2923.39 414.28 3 3 2 12 191820 28.3084 31755.9 0 546967 191820 ZonesAtSurface
3831.77 2923.4 474.241 4 0 2 10 709444 18.0858 99549.4 1.0158 1.88302e+06 709444 ZonesAtSurface
3881.86 2923.4 484.238 0 0 2 9 1.13829e+06 20.8218 125287 1.7318 1.83851e+06 1.13829e+06 ZonesAtSurface
3931.95 2923.39 494.239 10 8 2 8 481071 43.4889 188807 1.79418 1.05297e+06 481071 ZonesAtSurface
3982.04 2923.39 454.275 7 7 1 8 1.38504e+06 17.8161 51252.2 1.10716 3.44291e+06 1.38504e+06 ZonesAtSurface
4032.13 2923.39 414.312 10 0 1 8 262494 15.5689 110241 1.07258 1.79319e+06 262494 ZonesAtSurface
4082.2 2923.39 424.318 0 2 2 7 1.62077e+06 37.346 128878 1.13403 5.56348e+06 1.62077e+06 ZonesAtSurface
4132.26 2923.39 384.358 3 0 1 7 1.33773e+06 32.0897 103105 1.10689 4.66082e+06 1.33773e+06 ZonesAtSurface
4182.32 2923.39 444.343 0 5 2 5 1.89945e+06 18.399 88839.3 1.61277 3.27751e+06 1.89945e+06 ZonesAtSurface
4232.38 2923.39 354.406 5 0 1 6 201545 16.4139 15116.6 1.15355 1.59211e+06 201545 ZonesAtSurface
4282.37 2923.4 214.482 2 0 1 8 183323 33.0117 124022 1.02785 2.90124e+06 183323 ZonesAtSurface
4332.42 2923.41 224.493 4 3 1 7 1.82547e+06 35.9576 86453.6 1.20349 6.33518e+06 1.82547e+06 ZonesAtSurface
4382.39 2923.42 84.5521 8 0 1 9 278938 28.4889 187228 1.03662 5.82453e+06 278938 ZonesAtSurface
4432.39 2923.44 44.5791 0 0 1 9 1.54812e+06 32.2324 186948 1.46727 8.37736e+06 1.54812e+06 ZonesAtSurface
4482.37 2923.45 4.5989 0 0 1 9 244463 44.036 135700 1.20042 8.81897e+06 244463 ZonesAtSurface
4532.32 2923.47 -35.3936 0 0 1 9 1.32228e+06 33.306 156309 2.17262 9.88687e+06 1.32228e+06 ZonesAtSurface
4582.29 2923.49 -25.3591 18 0 1 8 652541 22.6196 161934 1.20441 6.98082e+06 652541 ZonesAtSurface
4632.22 2923.53 -15.3158 50 0 1 7 744357 23.9659 186842 1.27961 5.0375e+06 744357 ZonesAtSurface
4682.12 2923.58 -5.27368 40 14 1 6 1.56348e+06 32.8021 105827 1.43829 4.23793e+06 1.56348e+06 ZonesAtSurface
4732.02 2923.6 4.77429 71 31 1 5 1.49171e+06 20.433 28907.6 1.00652 4.27481e+06 1.49171e+06 ZonesAtSurface
4781.91 2923.64 14.8327 61 41 1 4 1.2822e+06 44.0156 55842.2 1.55954 3.84559e+06 1.2822e+06 ZonesAtSurface
4831.83 2923.7 24.8533 74 53 1 3 828165 19.9691 168019 2.09399 1.05079e+06 828165 ZonesAtSurface
4881.74 2923.71 34.8772 95 73 1 2 934656 18.277 147393 1.26714 1.98173e+06 934656 ZonesAtSurface
4931.84 2923.74 44.8036 77 91 1 1 1.14071e+06 40.9843 77720.7 1.45369 3.37509e+06 1.14071e+06 ZonesAtSurface
81.7454 2973.84 -26.5952 109 0 1 2 1.66372e+06 36.0905 13973 1.27016 1.32323e+07 1.66372e+06 ZonesAtSurface
131.581 2973.82 -1.46042 120 11 1 2 525805 41.7993 117010 1.47518 2.1162e+06 525805 ZonesAtSurface
181.442 2973.73 -26.458 107 0 2 3 1.66534e+06 39.0832 79390.5 1.06102 1.00948e+07 1.66534e+06 ZonesAtSurface
231.275 2973.72 -1.3767 118 39 2 3 977792 25.7128 151034 1.18317 2.8404e+06 977792 ZonesAtSurface
281.126 2973.65 -26.4614 91 4 1 4 1.84991e+06 38.1692 25131.8 1.02312 8.881e+06 1.84991e+06 ZonesAtSurface
330.986 2973.64 -1.4223 99 54 1 4 1.84354e+06 36.0866 140609 1.75366 4.99049e+06 1.84354e+06 ZonesAtSurface
380.854 2973.58 -26.5366 74 0 1 5 565542 19.3913 179168 1.01518 3.5943e+06 565542 ZonesAtSurface
430.72 2973.59 -1.55179 82 22 1 5 691145 27.6313 10239.6 1.30543 1.89676e+06 691145 ZonesAtSurface
480.675 2973.55 -26.6313 67 0 1 6 1.87858e+06 25.0334 25291.6 1.06483 7.5602e+06 1.87858e+06 ZonesAtSurface
530.589 2973.56 -1.65052 47 35 1 6 1.42852e+06 43.9109 12122.7 1.73907 5.70221e+06 1.42852e+06 ZonesAtSurface
580.523 2973.5 -26.7425 40 0 1 7 149399 40.5014 40913.6 1.03451 1.17341e+07 149399 ZonesAtSurface
630.409 2973.5 -1.77996 25 0 1 7 1.64044e+06 16.0427 72530.6 0.997799 7.37625e+06 1.64044e+06 ZonesAtSurface
680.426 2973.46 -26.8571 1 0 1 8 1.21288e+06 20.7261 43358.8 1.02518 1.30975e+07 1.21288e+06 ZonesAtSurface
730.205 2973.48 48.0902 2 0 1 7 412021 28.6517 30187.8 1.04691 6.88494e+06 412021 ZonesAtSurface
779.932 2973.52 223.025 1 7 2 4 1.06983e+06 20.0463 92061 1.54232 2.02703e+06 1.06983e+06 ZonesAtSurface
829.936 2973.52 248.01 3 0 1 4 1.64172e+06 28.2635 113243 1.50642 4.93611e+06 1.64172e+06 ZonesAtSurface
879.91 2973.55 322.988 6 0 1 3 1.00147e+06 35.8503 76133.1 1.07064 3.8159e+06 1.00147e+06 ZonesAtSurface
929.907 2973.56 347.971 3 0 2 3 321965 18.9761 117002 1.01328 920593 321965 ZonesAtSurface
979.906 2973.56 372.955 3 0 1 3 465135 31.8233 175925 1.11646 1.84622e+06 465135 ZonesAtSurface
1029.91 2973.57 397.941 4 1 2 3 650772 39.8979 156894 2.15252 1.34165e+06 650772 ZonesAtSurface
1079.88 2973.59 372.926 10 0 1 4 1.62633e+06 22.4475 71288.3 1.05634 6.8667e+06 1.62633e+06 ZonesAtSurface
1129.87 2973.62 347.907 1 0 1 5 419413 23.9167 132398 1.034 4.7097e+06 419413 ZonesAtSurface
1179.85 2973.68 322.887 1 0 1 6 244656 20.3823 118522 1.0037 5.62544e+06 244656 ZonesAtSurface
1229.75 2973.75 397.888 6 0 1 5 1.35153e+06 29.0466 14135.9 1.04931 6.81785e+06 1.35153e+06 ZonesAtSurface
1279.65 2973.82 472.896 9 5 1 4 864065 39.2384 76143 5.07371 808419 864065 ZonesAtSurface
1329.7 2973.85 397.868 1 0 1 6 1.75937e+06 41.3192 156349 1.28353 1.0822e+07 1.75937e+06 ZonesAtSurface
1379.66 2973.9 422.872 2 0 1 6 1.6902e+06 21.6891 118893 1.04557 6.94928e+06 1.6902e+06 ZonesAtSurface
1429.62 2973.95 397.855 5 0 1 7 427336 32.741 119017 1.12215 1.39708e+07 427336 ZonesAtSurface
1479.54 2974 472.901 9 2 1 6 1.43454e+06 15.8477 48059 1.47858 2.64183e+06 1.43454e+06 ZonesAtSurface
1529.53 2974.06 447.892 5 0 1 7 133899 42.2055 147642 0.945253 7.50122e+06 133899 ZonesAtSurface
1579.5 2974.11 422.882 6 0 1 8 1.6052e+06 19.619 30725.6 0.9942 1.01338e+07 1.6052e+06 ZonesAtSurface
1629.46 2974.15 447.908 6 0 1 8 740973 26.6002 138055 0.995968 6.88614e+06 740973 ZonesAtSurface
1679.39 2974.18 422.905 2 0 1 9 1.76092e+06 25.1401 123571 1.11882 1.26342e+07 1.76092e+06 ZonesAtSurface
1729.27 2974.24 397.916 3 0 1 10 1.32515e+06 35.7127 24200.5 1.35487 2.71541e+07 1.32515e+06 ZonesAtSurface
1779.15 2974.28 372.924 6 0 1 11 1.34306e+06 26.6185 61916.2 0.968869 1.1967e+07 1.34306e+06 ZonesAtSurface
1829.04 2974.3 347.923 5 0 1 12 215850 15.3723 10186 1.0385 1.40174e+07 215850 ZonesAtSurface
1879.05 2974.31 423.085 9 8 2 11 743489 37.6006 129424 1.76911 1.97536e+06 743489 ZonesAtSurface
1928.99 2974.3 398.074 3 2 2 12 1.33085e+06 28.3289 152488 0 3.23734e+06 1.33085e+06 ZonesAtSurface
1978.73 2974.36 322.951 9 0 1 14 1.20566e+06 33.0057 10176.8 1.01243 2.72141e+07 1.20566e+06 ZonesAtSurface
2028.6 2974.37 285.42 7 0 1 14 1.29317e+06 30.7758 174831 1.27209 2.78593e+07 1.29317e+06 ZonesAtSurface
2078.48 2974.36 235.384 1 0 1 13 1.79073e+06 29.1308 10585.4 1.53661 2.7336e+07 1.79073e+06 ZonesAtSurface
2128.42 2974.38 185.357 4 0 1 12 1.58808e+06 27.3629 12062.5 1.2365 2.75882e+07 1.58808e+06 ZonesAtSurface
2178.26 2974.4 185.378 4 0 1 10 249105 15.5479 25673.9 1.1531 1.42255e+07 249105 ZonesAtSurface
2227.95 2974.44 235.418 1 0 0 0 377410 34.9983 124059 1.38674 1.86724e+07 377410 ZonesAtSurface
2277.87 2974.36 235.399 0 0 0 0 959043 43.4975 37688.6 2.29831 2.64371e+07 959043 ZonesAtSurface
2327.93 2974.28 135.187 4 0 0 0 1.40391e+06 27.7866 149714 1.17798 4.14446e+07 1.40391e+06 ZonesAtSurface
2377.95 2974.21 84.9394 7 0 0 0 384454 40.6766 137168 1.32426 6.21098e+07 384454 ZonesAtSurface
2430.86 2973.59 -264.671 3 0 0 0 713064 25.8833 66977.7 1.25907 1.66922e+07 713064 ZonesAtSurface
2480.66 2973.6 -214.652 9 0 0 0 641942 42.1263 27327.4 2.62926 9.58264e+06 641942 ZonesAtSurface
2531.09 2973.44 -294.491 6 0 0 0 198461 22.7146 41375.6 1.02039 1.02347e+07 198461 ZonesAtSurface
2580.99 2973.43 -254.465 9 0 0 0 1.88034e+06 31.2329 107399 1.00315 1.29182e+07 1.88034e+06 ZonesAtSurface
2631.02 2973.4 -264.462 4 0 0 0 1.48803e+06 30.0925 56931.5 1.01892 1.34677e+07 1.48803e+06 ZonesAtSurface
2681.05 2973.38 -274.463 0 0 0 0 731576 35.1162 166597 1.34951 1.29201e+07 731576 ZonesAtSurface
2730.97 2973.38 -234.457 10 0 0 0 1.31896e+06 30.805 136457 1.04536 1.28856e+07 1.31896e+06 ZonesAtSurface
2780.9 2973.39 -194.459 9 0 0 0 675212 38.332 86831.7 1.02892 1.28881e+07 675212 ZonesAtSurface
2831.03 2973.37 -254.478 0 0 0 0 949613 27.2464 84795.6 1.24511 1.22494e+07 949613 ZonesAtSurface
2880.9 2973.41 -164.477 0 0 0 0 642441 42.3883 120873 1.2867 1.24298e+07 642441 ZonesAtSurface
2930.95 2973.41 -174.487 0 0 0 0 1.20058e+06 40.2944 165795 1.99906 1.1927e+07 1.20058e+06 ZonesAtSurface
2980.92 2973.45 -134.494 0 0 0 0 1.36493e+06 42.0949 181080 2.10951 1.17775e+07 1.36493e+06 ZonesAtSurface
3030.84 2973.52 -44.5026 5 0 0 0 1.3013e+06 15.0833 24098.1 1.01218 6.28162e+06 1.3013e+06 ZonesAtSurface
3080.83 2973.54 -4.51753 10 0 0 0 1.43189e+06 31.0212 113359 1.075 8.71146e+06 1.43189e+06 ZonesAtSurface
3130.89 2973.54 -14.5229 10 0 0 0 1.4937e+06 24.0227 94757.8 1.00143 8.37328e+06 1.4937e+06 ZonesAtSurface
3180.82 2973.57 125.441 9 0 0 0 436747 36.2349 163834 1.0814 4.15487e+06 436747 ZonesAtSurface
3230.89 2973.55 115.437 4 0 0 0 1.81364e+06 40.4217 180102 1.04358 7.13677e+06 1.81364e+06 ZonesAtSurface
3280.96 2973.52 105.441 5 0 1 11 902547 16.8498 187248 1.01817 4.24354e+06 902547 ZonesAtSurface
3330.98 2973.51 195.418 8 6 1 10 1.52152e+06 20.3422 108237 1.0791 4.03447e+06 1.52152e+06 ZonesAtSurface
3381.07 2973.5 185.423 8 0 1 11 747316 28.3854 31686.8 1.07435 2.55561e+06 747316 ZonesAtSurface
3431.14 2973.48 225.403 0 4 2 11 1.80632e+06 21.4553 124119 1.22252 4.26573e+06 1.80632e+06 ZonesAtSurface
3481.2 2973.45 215.376 2 2 1 12 1.63917e+06 41.2329 118965 1.13675 6.58962e+06 1.63917e+06 ZonesAtSurface
3531.27 2973.45 305.362 3 0 2 11 757560 42.0227 181667 1.08646 2.6003e+06 757560 ZonesAtSurface
3581.35 2973.44 345.337 0 8 2 11 749705 42.613 47615.6 1.24853 2.64902e+06 749705 ZonesAtSurface
3631.45 2973.44 385.306 0 3 2 11 940189 32.6401 126857 1.20349 2.67372e+06 940189 ZonesAtSurface
3681.53 2973.44 425.28 0 5 2 11 1.38107e+06 32.3366 50625.2 1.44266 3.62604e+06 1.38107e+06 ZonesAtSurface
3731.61 2973.42 415.288 6 0 2 12 219524 19.026 159357 1.05579 699624 219524 ZonesAtSurface
3781.7 2973.44 515.201 0 5 2 10 1.61886e+06 32.6139 119119 0 4.9869e+06 1.61886e+06 ZonesAtSurface
3831.77 2973.44 575.16 0 4 2 8 1.43543e+06 37.8993 106976 0 2.86135e+06 1.43543e+06 ZonesAtSurface
3881.86 2973.43 585.147 0 8 2 7 1.56813e+06 35.9718 143532 1.94364 2.9878e+06 1.56813e+06 ZonesAtSurface
3931.95 2973.41 545.187 0 8 2 7 710895 25.2599 135043 1.70419 1.21361e+06 710895 ZonesAtSurface
3982.04 2973.4 505.232 6 4 2 7 604381 32.9414 15964.6 1.08007 2.11827e+06 604381 ZonesAtSurface
4032.12 2973.4 515.236 7 8 2 6 833125 27.4473 69348.7 1.57522 1.75386e+06 833125 ZonesAtSurface
4082.2 2973.4 475.284 2 4 1 6 1.01105e+06 23.6941 22940.9 1.0996 2.83029e+06 1.01105e+06 ZonesAtSurface
4132.26 2973.4 485.296 0 3 2 5 839449 26.9092 142227 1.75032 1.64464e+06 839449 ZonesAtSurface
4182.29 2973.4 495.326 0 5 2 4 1.19498e+06 44.9657 124534 4.93246 1.14215e+06 1.19498e+06 ZonesAtSurface
4232.38 2973.4 405.386 3 9 1 5 1.07788e+06 31.9969 98826.2 1.697 2.3976e+06 1.07788e+06 ZonesAtSurface
4282.42 2973.4 365.429 10 5 2 5 624764 19.1336 123831 2.26029 831988 624764 ZonesAtSurface
4332.44 2973.41 225.495 7 0 2 7 1.50965e+06 17.0689 38299.8 1.41341 3.40903e+06 1.50965e+06 ZonesAtSurface
4382.48 2973.4 235.522 2 10 2 6 840399 15.5486 125430 1.7345 1.33949e+06 840399 ZonesAtSurface
4432.47 2973.42 145.567 0 4 2 7 1.66583e+06 20.5095 33416 1.26091 3.89799e+06 1.66583e+06 ZonesAtSurface
4482.37 2973.46 5.60081 6 0 1 9 1.28763e+06 34.6221 97723.4 1.24422 9.07936e+06 1.28763e+06 ZonesAtSurface
4532.44 2973.49 65.639 7 5 2 7 947787 43.5185 13646.3 1.46157 3.66442e+06 947787 ZonesAtSurface
4582.3 2973.5 -24.3588 20 0 1 8 714147 15.6971 174028 1.07672 6.2129e+06 714147 ZonesAtSurface
4632.18 2973.55 -14.3121 33 0 1 7 666725 31.711 32050.2 1.41963 3.49304e+06 666725 ZonesAtSurface
4682.07 2973.59 -4.27693 34 8 1 6 1.33769e+06 40.1537 131918 1.68125 4.22393e+06 1.33769e+06 ZonesAtSurface
4732.04 2973.62 5.76705 49 20 1 5 1.76462e+06 16.797 125969 1.44986 3.23149e+06 1.76462e+06 ZonesAtSurface
4781.9 2973.67 15.8353 76 33 1 4 937386 15.745 21224 1.15255 2.15365e+06 937386 ZonesAtSurface
4831.86 2973.7 25.8333 82 55 1 3 1.37958e+06 26.1765 179620 1.39568 3.04775e+06 1.37958e+06 ZonesAtSurface
4881.79 2973.71 35.8667 48 88 1 2 1.89257e+06 20.0839 74676.7 2.18529 2.50119e+06 1.89257e+06 ZonesAtSurface
4931.86 2973.74 45.8047 104 61 1 1 211633 34.1798 129844 0 494451 211633 ZonesAtSurface
81.758 3023.87 -25.5917 100 0 1 2 1.61754e+06 31.6647 96541.9 1.32139 1.03704e+07 1.61754e+06 ZonesAtSurface
131.588 3023.85 -0.447908 129 55 1 2 978797 40.8646 45934.9 1.52939 4.67081e+06 978797 ZonesAtSurface
181.431 3023.76 -25.4405 113 0 1 3 182590 40.3483 159190 1.09354 7.26154e+06 182590 ZonesAtSurface
231.266 3023.76 -0.358538 110 95 1 3 1.45154e+06 40.721 29949.6 1.60686 4.72245e+06 1.45154e+06 ZonesAtSurface
281.117 3023.67 -25.4477 111 0 1 4 1.67695e+06 32.6738 135956 1.03587 7.76006e+06 1.67695e+06 ZonesAtSurface
330.981 3023.68 -0.429198 97 54 1 4 1.159e+06 35.3037 130117 1.91068 3.06222e+06 1.159e+06 ZonesAtSurface
380.862 3023.61 -25.5167 85 4 1 5 1.84906e+06 35.0536 96836.3 1.0248 8.13932e+06 1.84906e+06 ZonesAtSurface
430.726 3023.63 -0.548221 78 12 1 5 731780 26.2675 20409.6 1.36272 2.11044e+06 731780 ZonesAtSurface
480.67 3023.57 -25.6148 64 0 1 6 1.28194e+06 33.2395 56704.3 1.1328 4.70488e+06 1.28194e+06 ZonesAtSurface
530.579 3023.6 -0.643724 57 1 1 6 155244 44.7535 124886 2.58186 1.3636e+06 155244 ZonesAtSurface
580.517 3023.52 -25.7451 45 3 1 7 1.80813e+06 32.6117 99039.8 1.0732 9.69003e+06 1.80813e+06 ZonesAtSurface
630.422 3023.53 -0.779748 20 0 1 7 764114 40.4763 187291 1.21741 9.43854e+06 764114 ZonesAtSurface
680.423 3023.47 -25.851 7 0 1 8 1.34264e+06 35.0087 112596 1.15723 2.03233e+07 1.34264e+06 ZonesAtSurface
730.192 3023.48 49.0942 3 0 1 7 1.48892e+06 38.0242 38399 1.08824 9.16283e+06 1.48892e+06 ZonesAtSurface
779.953 3023.53 224.02 7 8 2 4 983302 17.0946 98418.6 1.21069 2.20551e+06 983302 ZonesAtSurface
829.961 3023.53 249.005 0 0 2 4 1.56981e+06 16.7237 171323 1.20409 4.00834e+06 1.56981e+06 ZonesAtSurface
879.936 3023.57 323.982 2 0 2 3 651554 39.0281 14976.3 1.04921 2.60709e+06 651554 ZonesAtSurface
929.94 3023.58 348.966 0 0 2 3 1.21086e+06 27.0745 135686 1.23374 3.07508e+06 1.21086e+06 ZonesAtSurface
979.94 3023.58 373.952 7 0 1 3 1.53423e+06 21.6409 117643 1.09499 4.14987e+06 1.53423e+06 ZonesAtSurface
1029.94 3023.58 348.937 2 0 1 4 1.18963e+06 29.4067 118237 1.01535 6.02214e+06 1.18963e+06 ZonesAtSurface
1079.93 3023.62 423.928 7 7 2 3 1.80883e+06 23.456 85175.8 1.96252 3.16452e+06 1.80883e+06 ZonesAtSurface
1129.92 3023.65 348.904 1 0 1 5 1.47106e+06 23.5921 117610 1.01927 8.20263e+06 1.47106e+06 ZonesAtSurface
1179.89 3023.72 373.891 2 0 1 5 1.06428e+06 15.1529 101277 1.07658 5.29293e+06 1.06428e+06 ZonesAtSurface
1229.86 3023.77 348.874 2 0 1 6 655623 26.955 18912.2 1.03834 1.05811e+07 655623 ZonesAtSurface
1279.82 3023.82 373.867 5 0 1 6 1.52511e+06 37.5064 91160.3 1.04031 1.43598e+07 1.52511e+06 ZonesAtSurface
1329.77 3023.87 398.864 4 0 1 6 475960 32.3483 111632 1.0365 8.85417e+06 475960 ZonesAtSurface
1379.73 3023.93 423.867 4 0 1 6 1.27509e+06 23.2438 13999.7 1.02045 6.92531e+06 1.27509e+06 ZonesAtSurface
1429.65 3023.97 498.891 4 4 1 5 1.47093e+06 30.3954 181021 2.22211 2.44652e+06 1.47093e+06 ZonesAtSurface
1479.67 3024.02 423.857 1 0 1 7 1.55486e+06 21.4962 148101 1.01547 9.50388e+06 1.55486e+06 ZonesAtSurface
1529.62 3024.08 448.876 4 0 1 7 1.23112e+06 38.8439 76942 1.21606 1.01433e+07 1.23112e+06 ZonesAtSurface
1579.58 3024.12 473.908 8 0 1 7 404446 40.1988 74285.4 1.00624 6.62377e+06 404446 ZonesAtSurface
1629.55 3024.17 448.912 7 0 1 8 1.37433e+06 37.5016 52452.7 0.943616 1.30976e+07 1.37433e+06 ZonesAtSurface
1679.48 3024.22 423.903 2 0 1 9 817036 40.1656 45274.4 1.15969 2.60506e+07 817036 ZonesAtSurface
1729.38 3024.24 348.853 5 0 1 11 893406 17.2486 131132 1.03751 1.57237e+07 893406 ZonesAtSurface
1779.3 3024.28 373.919 4 0 1 11 1.04418e+06 44.4841 75625.8 1.06219 2.26478e+07 1.04418e+06 ZonesAtSurface
1829.23 3024.31 399.003 0 0 1 11 1.81959e+06 26.2733 99185.5 1.02583 1.10143e+07 1.81959e+06 ZonesAtSurface
1879.2 3024.33 424.084 9 0 1 11 782942 40.948 139797 1.34172 2.41872e+06 782942 ZonesAtSurface
1929.08 3024.33 348.991 0 0 1 13 1.57437e+06 16.0312 118192 1.10072 1.20757e+07 1.57437e+06 ZonesAtSurface
1978.94 3024.34 323.945 0 0 1 14 388943 43.8567 172536 1.27962 3.33817e+07 388943 ZonesAtSurface
2028.91 3024.35 336.48 0 0 1 13 109618 40.3482 69485.2 1.06336 1.07588e+07 109618 ZonesAtSurface
2078.73 3024.33 186.33 1 0 1 14 1.36667e+06 36.4235 143850 2.71194 2.88237e+07 1.36667e+06 ZonesAtSurface
2128.62 3024.36 186.359 0 0 1 12 1.53403e+06 40.4296 153417 2.852 3.13854e+07 1.53403e+06 ZonesAtSurface
2178.47 3024.36 186.378 3 0 1 10 1.24956e+06 23.4485 37868.5 1.06765 2.65862e+07 1.24956e+06 ZonesAtSurface
2228.16 3024.4 236.424 6 0 0 0 440691 36.5539 119164 1.63242 1.85368e+07 440691 ZonesAtSurface
2278.07 3024.25 336.465 10 0 0 0 1.69644e+06 42.7408 136620 1.08715 8.85852e+06 1.69644e+06 ZonesAtSurface
2328.14 3024.27 136.198 8 0 0 0 619825 25.3122 182454 1.08936 3.86541e+07 619825 ZonesAtSurface
2378.95 3024.1 -14.0544 4 0 0 0 247281 21.1519 17674.7 1.1065 3.04456e+07 247281 ZonesAtSurface
2430.68 3023.68 -213.746 10 0 0 0 1.43162e+06 28.9332 79064.1 1.33342 1.66659e+07 1.43162e+06 ZonesAtSurface
2481.27 3023.43 -363.542 0 0 0 0 505290 37.7579 178747 3.80454 1.08075e+07 505290 ZonesAtSurface
2531.14 3023.44 -293.501 0 0 0 0 1.0062e+06 36.7603 23112.4 2.16867 1.24332e+07 1.0062e+06 ZonesAtSurface
2581.04 3023.43 -253.476 9 0 0 0 458155 35.2985 109377 1.01189 1.28742e+07 458155 ZonesAtSurface
2631.07 3023.4 -263.473 0 0 0 0 1.39622e+06 35.841 170379 1.23937 1.43732e+07 1.39622e+06 ZonesAtSurface
2680.98 3023.39 -223.462 10 0 0 0 1.34709e+06 28.4437 158442 1.00457 1.21559e+07 1.34709e+06 ZonesAtSurface
2731.11 3023.35 -283.477 0 0 0 0 752227 29.9201 124515 1.4212 1.24921e+07 752227 ZonesAtSurface
2781.03 3023.36 -243.477 0 0 0 0 116858 32.8115 117634 1.22261 1.27987e+07 116858 ZonesAtSurface
2831.06 3023.36 -253.484 0 0 0 0 1.02553e+06 42.9074 61519.4 3.0135 1.22449e+07 1.02553e+06 ZonesAtSurface
2880.93 3023.4 -163.486 0 0 0 0 932119 37.0593 105238 1.28642 1.20507e+07 932119 ZonesAtSurface
2930.9 3023.43 -123.492 2 0 0 0 1.89297e+06 37.5839 138506 1.13271 1.27395e+07 1.89297e+06 ZonesAtSurface
2980.95 3023.44 -133.502 0 0 0 0 1.5765e+06 29.6921 79701.6 1.22776 1.17558e+07 1.5765e+06 ZonesAtSurface
3030.86 3023.51 -43.5116 3 0 0 0 676505 34.6151 152321 1.01309 9.5706e+06 676505 ZonesAtSurface
3080.86 3023.54 -3.52572 9 0 0 0 959060 41.7332 25496.3 1.10281 1.01413e+07 959060 ZonesAtSurface
3130.91 3023.54 -13.5294 2 0 0 0 151226 24.0939 53400 1.01432 6.20629e+06 151226 ZonesAtSurface
3180.88 3023.56 76.4444 6 0 0 0 169881 22.6024 74499.1 1.06558 2.61852e+06 169881 ZonesAtSurface
3230.92 3023.54 116.43 6 0 0 0 164950 25.7856 48863.1 1.02809 2.94183e+06 164950 ZonesAtSurface
3281 3023.52 106.437 0 0 1 11 1.71402e+06 40.317 113289 1.21584 6.76556e+06 1.71402e+06 ZonesAtSurface
3331.01 3023.52 196.422 3 3 2 10 1.49871e+06 22.2391 175951 1.25449 3.60971e+06 1.49871e+06 ZonesAtSurface
3381.11 3023.48 136.423 7 0 1 12 590105 26.9529 51887.4 1.03179 5.6047e+06 590105 ZonesAtSurface
3431.17 3023.49 226.404 10 0 2 11 1.30446e+06 34.7612 131581 1.25478 4.51955e+06 1.30446e+06 ZonesAtSurface
3481.23 3023.48 266.386 10 6 1 11 713184 42.723 148825 1.47673 2.05898e+06 713184 ZonesAtSurface
3531.29 3023.45 306.368 0 4 1 11 1.69646e+06 39.6822 134147 1.21786 5.80337e+06 1.69646e+06 ZonesAtSurface
3581.36 3023.44 346.343 1 1 2 11 331451 30.025 15667.4 1.47934 922051 331451 ZonesAtSurface
3631.45 3023.45 386.309 3 3 2 11 969279 16.3716 67514.4 1.06484 2.42088e+06 969279 ZonesAtSurface
3681.53 3023.47 426.275 2 7 2 11 1.01181e+06 16.5966 123457 1.15039 2.30381e+06 1.01181e+06 ZonesAtSurface
3731.62 3023.45 416.29 1 3 2 12 417957 41.9976 65469.9 0 1.56141e+06 417957 ZonesAtSurface
3781.7 3023.47 516.2 5 8 2 10 129016 18.0001 84014.1 0 400242 129016 ZonesAtSurface
3831.78 3023.46 576.159 0 10 2 8 1.76259e+06 23.3601 69578.6 1.78666 2.95054e+06 1.76259e+06 ZonesAtSurface
3881.87 3023.44 536.192 0 2 2 8 129468 41.7782 86117.2 0 77522.9 129468 ZonesAtSurface
3931.96 3023.43 546.182 0 2 2 7 799603 43.0809 184090 1.27436 2.39798e+06 799603 ZonesAtSurface
3982.04 3023.41 506.228 1 1 2 7 854910 32.0911 95384.1 1.03756 2.90767e+06 854910 ZonesAtSurface
4032.12 3023.4 516.229 0 2 2 6 1.24644e+06 24.0452 65687.5 1.83005 2.10175e+06 1.24644e+06 ZonesAtSurface
4082.19 3023.4 526.246 0 9 2 5 1.53644e+06 30.9347 71274.2 2.64514 2.15289e+06 1.53644e+06 ZonesAtSurface
4132.26 3023.4 486.294 0 2 2 5 1.38093e+06 30.7084 30333.9 2.55028 1.91533e+06 1.38093e+06 ZonesAtSurface
4182.32 3023.41 446.339 0 4 2 5 1.46775e+06 17.2374 65128.2 2.19817 1.82288e+06 1.46775e+06 ZonesAtSurface
4232.38 3023.41 406.386 8 0 2 5 503508 43.1432 81382.5 1.34501 2.23031e+06 503508 ZonesAtSurface
4282.42 3023.41 366.428 8 9 1 5 884756 35.3187 82854.2 1.73725 1.89828e+06 884756 ZonesAtSurface
4332.46 3023.41 276.481 9 0 1 6 320174 37.1695 109409 1.64758 1.05208e+06 320174 ZonesAtSurface
4382.47 3023.43 186.535 9 0 2 7 359252 15.1545 113283 1.79626 759468 359252 ZonesAtSurface
4432.43 3023.45 96.5783 3 0 1 8 1.19867e+06 19.1546 170664 1.02115 4.46944e+06 1.19867e+06 ZonesAtSurface
4482.37 3023.47 6.60171 5 0 1 9 930486 16.8708 156661 1.05194 6.20037e+06 930486 ZonesAtSurface
4532.36 3023.5 16.6418 8 0 1 8 223396 44.0773 54006.2 2.15237 7.96737e+06 223396 ZonesAtSurface
4582.3 3023.52 -23.3572 20 0 1 8 1.88958e+06 28.177 170464 1.22591 8.74119e+06 1.88958e+06 ZonesAtSurface
4632.15 3023.56 -13.3084 40 0 1 7 194294 27.6442 188214 1.38295 2.81454e+06 194294 ZonesAtSurface
4682.04 3023.59 -3.26724 43 7 1 6 120429 44.0048 80523 1.6766 131649 120429 ZonesAtSurface
4732.05 3023.62 6.75795 49 20 1 5 1.05578e+06 42.4046 185115 1.21821 3.63014e+06 1.05578e+06 ZonesAtSurface
4781.9 3023.69 16.8253 84 32 1 4 934812 15.8509 134182 0 1.97986e+06 934812 ZonesAtSurface
4831.85 3023.68 26.8133 80 29 1 3 163324 42.2536 112065 1.33455 263170 163324 ZonesAtSurface
4881.79 3023.72 36.8464 34 88 2 2 1.82609e+06 18.3578 176029 1.6991 2.95863e+06 1.82609e+06 ZonesAtSurface
4931.84 3023.75 46.8163 102 92 1 1 550459 30.6265 135727 1.17858 1.40354e+06 550459 ZonesAtSurface
81.7786 3073.88 -24.5811 131 0 1 2 516582 38.8356 166006 1.33259 6.53569e+06 516582 ZonesAtSurface
131.624 3073.78 -49.5411 111 0 1 3 1.87853e+06 15.7004 170105 1.07913 7.36357e+06 1.87853e+06 ZonesAtSurface
181.426 3073.77 -24.389 129 0 1 3 482378 32.2631 133821 1.28171 2.42579e+06 482378 ZonesAtSurface
231.274 3073.69 -49.4672 118 0 1 4 1.01257e+06 26.5984 110194 1.01316 6.04722e+06 1.01257e+06 ZonesAtSurface
281.099 3073.68 -24.4206 127 0 1 4 710321 29.317 167468 1.26165 2.74143e+06 710321 ZonesAtSurface
331.005 3073.61 -49.5151 96 0 1 5 1.15752e+06 43.7169 182711 1.03569 8.93975e+06 1.15752e+06 ZonesAtSurface
380.866 3073.61 -24.4785 96 0 1 5 154537 18.1437 78953.4 1.12947 1.40132e+06 154537 ZonesAtSurface
430.774 3073.57 -49.605 91 0 1 6 1.14871e+06 30.1191 149689 1.17002 5.82721e+06 1.14871e+06 ZonesAtSurface
480.653 3073.58 -24.5731 67 54 1 6 1.75519e+06 44.0023 98365.1 1.4065 6.25439e+06 1.75519e+06 ZonesAtSurface
530.616 3073.53 -49.6847 61 0 1 7 277388 25.3672 154474 1.10298 3.95413e+06 277388 ZonesAtSurface
580.507 3073.53 -24.7262 46 4 1 7 931599 15.5012 139784 1.25484 2.90042e+06 931599 ZonesAtSurface
630.52 3073.48 -49.7963 35 0 1 8 1.36728e+06 28.1231 64889.9 1.02501 1.32943e+07 1.36728e+06 ZonesAtSurface
680.42 3073.47 -24.8418 13 0 1 8 208651 38.2566 82375 1.10543 1.66981e+07 208651 ZonesAtSurface
730.337 3073.46 0.108279 2 0 1 8 781835 30.0878 100397 1.00939 1.38276e+07 781835 ZonesAtSurface
780.023 3073.51 175.029 0 5 1 5 1.42433e+06 39.6435 98484 1.30428 4.63037e+06 1.42433e+06 ZonesAtSurface
829.998 3073.54 250.003 6 0 1 4 116160 24.3081 114168 1.05902 1.76934e+06 116160 ZonesAtSurface
879.999 3073.55 274.986 5 0 1 4 1.08627e+06 28.248 69180.6 1.03791 6.31342e+06 1.08627e+06 ZonesAtSurface
929.981 3073.59 349.964 7 4 1 3 1.4623e+06 35.3485 19497.2 1.04812 5.43398e+06 1.4623e+06 ZonesAtSurface
979.986 3073.59 374.947 0 0 2 3 1.0805e+06 27.6357 173032 1.06698 3.12981e+06 1.0805e+06 ZonesAtSurface
1029.99 3073.6 399.935 8 0 1 3 821933 18.9418 133190 1.06871 3.36855e+06 821933 ZonesAtSurface
1079.97 3073.63 374.918 8 0 1 4 1.82637e+06 21.9078 114343 1.01552 6.75735e+06 1.82637e+06 ZonesAtSurface
1129.96 3073.68 399.907 4 0 1 4 1.50035e+06 44.8535 163831 1.0227 8.32781e+06 1.50035e+06 ZonesAtSurface
1179.95 3073.74 374.887 2 0 1 5 193257 40.2135 141593 1.03326 1.02322e+07 193257 ZonesAtSurface
1229.92 3073.79 399.878 6 0 1 5 1.41837e+06 20.8616 33223.8 1.21195 8.13056e+06 1.41837e+06 ZonesAtSurface
1279.9 3073.84 374.86 2 0 1 6 589923 31.1543 174832 1.05692 1.2056e+07 589923 ZonesAtSurface
1329.87 3073.89 399.854 1 0 1 6 1.05008e+06 38.2409 172640 1.20597 1.43198e+07 1.05008e+06 ZonesAtSurface
1379.83 3073.94 424.854 9 0 1 6 486504 41.0886 74859.5 1.03819 1.34756e+07 486504 ZonesAtSurface
1429.78 3073.98 449.86 8 0 1 6 1.63334e+06 41.9086 160634 1.03801 9.64148e+06 1.63334e+06 ZonesAtSurface
1479.74 3074.03 474.878 7 0 1 6 1.66685e+06 43.9971 72088.8 1.03489 1.15335e+07 1.66685e+06 ZonesAtSurface
1529.72 3074.09 449.864 10 0 1 7 1.65274e+06 21.2429 92233.2 1.022 9.52413e+06 1.65274e+06 ZonesAtSurface
1579.69 3074.13 474.889 2 0 2 7 1.05975e+06 31.9899 63923.8 1.50091 5.10097e+06 1.05975e+06 ZonesAtSurface
1629.67 3074.16 449.911 9 0 1 8 1.34629e+06 42.1136 90971.4 0.707801 1.10598e+07 1.34629e+06 ZonesAtSurface
1679.62 3074.19 374.851 10 0 1 10 1.13754e+06 16.3337 55421.4 1.04152 1.39488e+07 1.13754e+06 ZonesAtSurface
1729.54 3074.23 349.847 2 0 1 11 205954 30.8496 130789 1.41431 2.63213e+07 205954 ZonesAtSurface
1779.46 3074.27 374.912 5 0 1 11 134497 28.4733 159092 1.01247 1.78572e+07 134497 ZonesAtSurface
1829.39 3074.28 349.905 0 0 1 12 1.16677e+06 41.0724 171464 1.58316 2.52993e+07 1.16677e+06 ZonesAtSurface
1879.33 3074.3 374.993 9 0 1 12 568712 37.1308 80726.4 1.01965 1.8781e+07 568712 ZonesAtSurface
1929.24 3074.31 349.988 7 0 1 13 340235 37.0985 27973.9 1.02582 2.54417e+07 340235 ZonesAtSurface
1979.23 3074.32 375.034 2 2 1 13 695982 39.1826 60330.2 0 799542 695982 ZonesAtSurface
2029 3074.3 237.35 0 0 1 15 206809 37.4897 92487.1 2.53461 2.90092e+07 206809 ZonesAtSurface
2078.92 3074.31 237.387 0 0 1 13 1.6524e+06 39.6565 42086.5 3.03472 2.79809e+07 1.6524e+06 ZonesAtSurface
2128.81 3074.3 237.443 8 0 1 11 770638 42.68 18977.8 2.19651 1.86364e+07 770638 ZonesAtSurface
2178.68 3074.32 187.378 0 0 1 10 1.15776e+06 37.904 151073 1.80268 3.63465e+07 1.15776e+06 ZonesAtSurface
2228.37 3074.35 237.429 9 0 0 0 636904 36.3857 50948.6 1.49115 2.07129e+07 636904 ZonesAtSurface
2278.27 3074.26 287.453 0 0 0 0 1.50233e+06 37.7063 158166 2.13184 1.78682e+07 1.50233e+06 ZonesAtSurface
2328.2 3074.21 237.32 0 0 0 0 452850 39.8815 150270 1.68725 2.86045e+07 452850 ZonesAtSurface
2378.37 3074.18 86.9607 9 0 0 0 1.59042e+06 35.62 40251.4 1.27887 5.78029e+07 1.59042e+06 ZonesAtSurface
2431 3073.59 -262.644 1 0 0 0 1.48992e+06 19.3529 124288 1.18887 1.37663e+07 1.48992e+06 ZonesAtSurface
2481.33 3073.43 -362.542 0 0 0 0 683574 28.5443 104431 2.54678 1.05685e+07 683574 ZonesAtSurface
2531.07 3073.48 -242.51 8 0 0 0 799289 28.2667 62584 1.08191 1.2258e+07 799289 ZonesAtSurface
2581.09 3073.43 -252.485 8 0 0 0 955709 19.2307 60515.1 1.00187 9.26134e+06 955709 ZonesAtSurface
2631.22 3073.37 -312.491 2 0 0 0 181663 21.7429 149840 1.01399 1.15624e+07 181663 ZonesAtSurface
2681.03 3073.39 -222.473 0 0 0 0 1.60957e+06 42.8654 150123 2.02433 1.29951e+07 1.60957e+06 ZonesAtSurface
2731.15 3073.35 -282.485 0 0 0 0 376880 40.5434 149710 2.78778 1.22769e+07 376880 ZonesAtSurface
2780.98 3073.37 -192.479 9 0 0 0 613287 28.1037 96548.1 1.00305 1.12444e+07 613287 ZonesAtSurface
2831.01 3073.37 -202.488 0 0 0 0 1.35857e+06 43.9947 48571.2 2.48993 1.32393e+07 1.35857e+06 ZonesAtSurface
2880.96 3073.39 -162.496 0 0 0 0 151694 36.6174 50175.3 1.18497 1.25212e+07 151694 ZonesAtSurface
2930.93 3073.41 -122.503 2 0 0 0 560101 28.9365 82029 1.00828 9.63778e+06 560101 ZonesAtSurface
2980.9 3073.45 -82.5099 0 0 0 0 1.82441e+06 42.3761 57090.1 1.36237 1.26428e+07 1.82441e+06 ZonesAtSurface
3030.89 3073.5 -42.52 6 0 0 0 110944 26.3466 65391.5 1.00433 6.72787e+06 110944 ZonesAtSurface
3080.88 3073.54 -2.53265 6 0 0 0 1.40905e+06 35.5791 66300.6 1.08549 1.01335e+07 1.40905e+06 ZonesAtSurface
3130.89 3073.55 37.4539 7 0 0 0 1.54916e+06 23.2453 49351.5 1.01774 6.35793e+06 1.54916e+06 ZonesAtSurface
3180.91 3073.55 77.4389 5 0 0 0 622633 15.3638 187866 1.01881 2.3051e+06 622633 ZonesAtSurface
3230.96 3073.53 117.427 5 0 0 0 256857 19.3769 189626 0.998822 2.27793e+06 256857 ZonesAtSurface
3281.03 3073.52 107.432 0 0 1 11 794926 24.3425 121169 1.01733 5.13546e+06 794926 ZonesAtSurface
3331.07 3073.5 147.429 10 0 1 11 1.85371e+06 26.3073 164787 1.21696 6.27071e+06 1.85371e+06 ZonesAtSurface
3381.12 3073.48 187.423 5 0 1 11 969906 36.3351 63630.2 1.03162 4.27545e+06 969906 ZonesAtSurface
3431.19 3073.46 177.407 8 0 1 12 470029 36.2401 66215.7 1.07287 4.96148e+06 470029 ZonesAtSurface
3481.25 3073.45 217.389 9 0 1 12 1.73752e+06 36.2087 141130 1.1318 6.94517e+06 1.73752e+06 ZonesAtSurface
3531.31 3073.44 257.371 5 0 2 12 388803 42.4307 22020.2 1.02989 4.4333e+06 388803 ZonesAtSurface
3581.38 3073.44 347.345 7 0 2 11 273676 19.8541 54454.8 1.48619 1.62111e+06 273676 ZonesAtSurface
3631.46 3073.43 337.34 8 0 1 12 729762 34.7626 154428 1.05567 5.30422e+06 729762 ZonesAtSurface
3681.54 3073.41 277.356 2 0 1 14 1.33733e+06 37.4369 52111.8 1.02829 6.90301e+06 1.33733e+06 ZonesAtSurface
3731.65 3073.38 267.366 1 0 1 15 227571 18.3838 117904 1.02003 2.45964e+06 227571 ZonesAtSurface
3781.71 3073.41 367.328 7 9 1 13 1.83645e+06 35.1321 24411 1.23715 6.56928e+06 1.83645e+06 ZonesAtSurface
3831.78 3073.43 427.291 2 0 2 11 615620 34.3312 101662 1.0486 2.10881e+06 615620 ZonesAtSurface
3881.88 3073.44 487.238 0 3 2 9 1.60817e+06 39.5534 122691 1.27137 5.26469e+06 1.60817e+06 ZonesAtSurface
3931.96 3073.41 447.276 6 0 1 9 249730 26.163 46689.1 1.04121 884811 249730 ZonesAtSurface
3982.04 3073.43 557.182 0 10 2 6 1.30746e+06 44.582 158682 2.07177 2.86801e+06 1.30746e+06 ZonesAtSurface
4032.13 3073.41 517.229 0 3 2 6 658676 36.4508 54378.8 2.14594 1.19959e+06 658676 ZonesAtSurface
4082.19 3073.41 527.242 7 0 1 5 360353 42.1842 13538.8 1.6836 1.87989e+06 360353 ZonesAtSurface
4132.28 3073.4 437.316 0 0 1 6 1.83818e+06 17.6807 57326.4 1.40779 3.71614e+06 1.83818e+06 ZonesAtSurface
4182.32 3073.41 447.34 10 0 2 5 275902 23.2945 24594 1.05488 1.37604e+06 275902 ZonesAtSurface
4232.38 3073.41 407.387 3 0 1 5 608283 27.5733 181550 1.50556 1.96637e+06 608283 ZonesAtSurface
4282.42 3073.42 317.44 1 0 2 6 606329 40.2513 58547 1.74527 3.75041e+06 606329 ZonesAtSurface
4332.44 3073.42 227.493 3 7 1 7 1.60609e+06 40.9825 28753 1.29923 6.75502e+06 1.60609e+06 ZonesAtSurface
4382.43 3073.43 137.543 8 0 1 8 937557 27.8632 155936 1.01021 5.15354e+06 937557 ZonesAtSurface
4432.49 3073.45 147.56 9 6 2 7 787492 24.9363 98603.1 1.266 2.07142e+06 787492 ZonesAtSurface
4482.37 3073.47 7.59964 4 0 1 9 646854 23.9444 46521.1 1.04684 6.84379e+06 646854 ZonesAtSurface
4532.32 3073.5 -32.3872 2 0 1 9 1.8634e+06 43.7177 98197.5 2.47816 1.30317e+07 1.8634e+06 ZonesAtSurface
4582.27 3073.53 -22.3502 22 0 1 8 1.67151e+06 33.3714 67871.2 1.75596 6.80255e+06 1.67151e+06 ZonesAtSurface
4632.15 3073.57 -12.3066 34 0 1 7 262258 43.9079 37836.6 1.46281 5.35663e+06 262258 ZonesAtSurface
4682.04 3073.6 -2.25893 52 19 1 6 1.88963e+06 28.7027 186437 1.25175 5.16956e+06 1.88963e+06 ZonesAtSurface
4732.04 3073.62 7.75233 51 31 1 5 1.74495e+06 30.1274 152787 1.71307 3.43153e+06 1.74495e+06 ZonesAtSurface
4781.83 3073.68 17.8329 92 6 1 4 379500 22.7695 169939 1.12645 857232 379500 ZonesAtSurface
4831.81 3073.67 27.8255 57 77 1 3 1.70914e+06 29.1481 53735.5 1.65858 3.49026e+06 1.70914e+06 ZonesAtSurface
4881.69 3073.76 37.851 88 85 1 2 1.50654e+06 31.6987 148767 1.53497 3.68985e+06 1.50654e+06 ZonesAtSurface
4931.8 3073.77 47.8209 69 99 1 1 900407 44.1364 70950.8 1.45076 2.75006e+06 900407 ZonesAtSurface
81.7858 3123.88 -23.5543 139 0 1 2 739542 23.8607 119659 1.32611 4.35523e+06 739542 ZonesAtSurface
131.611 3123.79 -48.4962 125 0 1 3 123826 37.8035 111089 1.10685 7.59283e+06 123826 ZonesAtSurface
181.413 3123.78 -23.3412 135 89 1 3 1.85973e+06 21.1673 121936 1.41191 4.07043e+06 1.85973e+06 ZonesAtSurface
231.239 3123.68 -48.4454 116 0 1 4 1.54283e+06 34.209 26785.1 1.02619 6.94751e+06 1.54283e+06 ZonesAtSurface
281.074 3123.67 -23.4053 110 84 1 4 1.16657e+06 44.0117 12958.3 1.75928 4.68418e+06 1.16657e+06 ZonesAtSurface
330.98 3123.61 -48.5032 102 0 1 5 1.44472e+06 23.7909 88040.4 1.01877 5.84254e+06 1.44472e+06 ZonesAtSurface
380.858 3123.6 -23.4538 81 70 2 5 1.65606e+06 29.5766 31476.9 1.51053 4.22691e+06 1.65606e+06 ZonesAtSurface
430.757 3123.56 -48.5803 94 0 1 6 976910 15.5934 16322.6 1.21761 3.80612e+06 976910 ZonesAtSurface
480.631 3123.57 -23.5484 86 20 1 6 943492 40.2852 85232.8 1.49599 3.24729e+06 943492 ZonesAtSurface
530.604 3123.51 -48.6608 64 0 1 7 129670 15.0902 100685 1.05777 2.1195e+06 129670 ZonesAtSurface
580.506 3123.51 -23.6969 60 22 1 7 1.1935e+06 20.0244 70771.9 1.54074 3.17931e+06 1.1935e+06 ZonesAtSurface
630.518 3123.47 -48.78 31 0 1 8 639157 23.143 39595.9 1.02585 8.14451e+06 639157 ZonesAtSurface
680.419 3123.46 -23.8364 22 0 1 8 598493 41.9562 63021.8 1.05295 1.38358e+07 598493 ZonesAtSurface
730.211 3123.45 51.0897 5 0 1 7 1.86118e+06 22.3425 145261 1.06084 7.36298e+06 1.86118e+06 ZonesAtSurface
780.121 3123.47 126.041 2 0 1 6 873419 44.4567 20625.5 1.06638 7.66118e+06 873419 ZonesAtSurface
830.012 3123.58 300.995 10 10 2 3 1.19676e+06 17.1226 123643 1.63374 1.98245e+06 1.19676e+06 ZonesAtSurface
880.044 3123.56 275.985 0 0 1 4 426387 41.4499 188213 1.11597 7.71781e+06 426387 ZonesAtSurface
930.028 3123.6 350.96 0 1 1 3 1.8206e+06 35.9697 99146 1.33438 5.56513e+06 1.8206e+06 ZonesAtSurface
980.051 3123.62 425.941 6 6 2 2 953723 30.5972 57773.5 1.27755 2.63965e+06 953723 ZonesAtSurface
1030.04 3123.62 400.932 6 0 1 3 163745 40.6538 180804 1.0898 3.23741e+06 163745 ZonesAtSurface
1080.03 3123.65 375.915 1 0 1 4 566730 23.9711 175839 1.03062 4.91014e+06 566730 ZonesAtSurface
1130.03 3123.71 450.911 8 6 2 3 991731 21.1483 111797 1.47722 1.98775e+06 991731 ZonesAtSurface
1180.01 3123.75 425.895 10 0 1 4 1.07154e+06 24.7762 159120 1.06309 4.61198e+06 1.07154e+06 ZonesAtSurface
1230 3123.79 400.875 5 0 1 5 1.62469e+06 37.0089 11115.9 1.04982 1.37765e+07 1.62469e+06 ZonesAtSurface
1279.98 3123.85 375.856 0 0 1 6 160635 36.6781 101479 1.00903 1.37846e+07 160635 ZonesAtSurface
1329.94 3123.9 450.87 7 0 1 5 1.87692e+06 23.3881 11725.3 1.00819 5.65358e+06 1.87692e+06 ZonesAtSurface
1379.94 3123.94 425.847 3 0 1 6 1.11239e+06 19.4535 100579 1.01358 8.27256e+06 1.11239e+06 ZonesAtSurface
1429.91 3123.98 450.852 6 0 1 6 1.10902e+06 22.9593 158162 1.00435 7.84178e+06 1.10902e+06 ZonesAtSurface
1479.9 3124.03 425.833 7 0 1 7 1.53386e+06 28.4822 151682 1.05211 1.60575e+07 1.53386e+06 ZonesAtSurface
1529.87 3124.07 400.818 1 0 1 8 401385 27.2689 62285.8 1.05493 1.6835e+07 401385 ZonesAtSurface
1579.85 3124.11 425.836 4 0 1 8 1.48465e+06 36.417 169950 1.58834 2.05785e+07 1.48465e+06 ZonesAtSurface
1629.81 3124.14 400.844 1 0 1 9 1.62419e+06 34.4937 86210.9 1.77162 1.44287e+07 1.62419e+06 ZonesAtSurface
1679.74 3124.16 425.917 10 0 1 9 1.47382e+06 44.9901 18471.2 1.15851 1.46675e+07 1.47382e+06 ZonesAtSurface
1729.67 3124.21 400.911 7 0 1 10 313715 41.2279 76897.5 1.08601 2.36751e+07 313715 ZonesAtSurface
1779.62 3124.24 375.904 5 0 1 11 467166 18.4214 99545.4 1.03538 1.27278e+07 467166 ZonesAtSurface
1829.56 3124.25 350.897 0 0 1 12 1.84225e+06 38.9865 136777 1.70929 2.78236e+07 1.84225e+06 ZonesAtSurface
1879.48 3124.27 375.994 8 0 1 12 1.31174e+06 43.6609 183834 1.02368 1.75323e+07 1.31174e+06 ZonesAtSurface
1929.41 3124.29 350.981 4 0 1 13 373255 44.5182 105560 1.03081 2.46509e+07 373255 ZonesAtSurface
1979.42 3124.27 376.023 6 4 1 13 1.64631e+06 44.8724 28914.7 1.33863 6.75931e+06 1.64631e+06 ZonesAtSurface
2029.24 3124.28 288.402 3 0 1 14 302873 42.6439 36758.7 1.80921 2.66497e+07 302873 ZonesAtSurface
2079.12 3124.27 238.386 0 0 1 13 148104 39.0607 104428 3.30455 2.80473e+07 148104 ZonesAtSurface
2129.02 3124.26 238.431 8 0 1 11 1.03435e+06 23.2171 120931 1.28734 1.92982e+07 1.03435e+06 ZonesAtSurface
2178.9 3124.28 188.377 0 0 1 10 1.83061e+06 27.3355 26175.5 1.32467 3.54008e+07 1.83061e+06 ZonesAtSurface
2228.49 3124.31 288.481 2 0 0 0 1.30711e+06 42.7305 10191.7 1.56945 1.32233e+07 1.30711e+06 ZonesAtSurface
2278.46 3124.22 288.463 5 0 0 0 1.13164e+06 25.9442 153723 1.31492 1.65917e+07 1.13164e+06 ZonesAtSurface
2328.44 3124.2 188.289 4 0 0 0 1.41532e+06 35.4696 49370.9 1.50831 4.12525e+07 1.41532e+06 ZonesAtSurface
2378.91 3124.12 37.9658 6 0 0 0 494879 37.3923 11406.2 1.34075 5.76051e+07 494879 ZonesAtSurface
2430.86 3123.67 -211.695 8 0 0 0 801137 32.633 175657 1.34249 1.81971e+07 801137 ZonesAtSurface
2481.38 3123.43 -361.541 3 0 0 0 1.46271e+06 22.3412 150877 2.12629 1.01496e+07 1.46271e+06 ZonesAtSurface
2531.13 3123.48 -241.516 8 0 0 0 996351 24.8119 142519 1.06672 1.20732e+07 996351 ZonesAtSurface
2581.15 3123.42 -251.495 0 0 0 0 1.89374e+06 40.1395 179487 2.23806 1.33452e+07 1.89374e+06 ZonesAtSurface
2631.16 3123.39 -261.492 0 0 0 0 181819 34.2723 157160 1.44013 1.32573e+07 181819 ZonesAtSurface
2681.07 3123.38 -221.484 5 0 0 0 484875 19.7851 138406 1.00209 8.60227e+06 484875 ZonesAtSurface
2731.1 3123.36 -231.486 0 0 0 0 249388 34.0261 91622.2 1.29443 1.30583e+07 249388 ZonesAtSurface
2781.12 3123.35 -241.491 1 0 0 0 1.04373e+06 18.9347 111649 1.00059 1.09992e+07 1.04373e+06 ZonesAtSurface
2830.87 3123.39 -101.494 6 0 0 0 1.26924e+06 19.2447 13775.9 1.02016 7.00788e+06 1.26924e+06 ZonesAtSurface
2881 3123.37 -161.504 0 0 0 0 1.82057e+06 35.5517 144470 1.71523 1.27727e+07 1.82057e+06 ZonesAtSurface
2930.88 3123.43 -71.5162 0 0 0 0 1.03072e+06 40.6059 123592 1.19025 1.25752e+07 1.03072e+06 ZonesAtSurface
2980.93 3123.45 -81.5192 2 0 0 0 490013 38.901 104221 1.00313 1.19195e+07 490013 ZonesAtSurface
3030.92 3123.5 -41.5281 2 0 0 0 1.2987e+06 36.9681 76255.5 1.01292 1.15872e+07 1.2987e+06 ZonesAtSurface
3080.91 3123.53 -1.53799 2 0 0 0 1.2928e+06 27.1664 64131.5 1.01756 8.71823e+06 1.2928e+06 ZonesAtSurface
3130.93 3123.55 38.448 4 0 0 0 672633 22.7886 18573.5 1.01484 5.26922e+06 672633 ZonesAtSurface
3180.91 3123.53 128.424 9 0 0 0 798473 28.4504 114126 1.05648 4.64001e+06 798473 ZonesAtSurface
3230.99 3123.52 118.426 8 0 0 0 961977 31.0902 27368.1 1.00957 5.38401e+06 961977 ZonesAtSurface
3281.03 3123.51 158.419 9 0 1 10 1.25947e+06 23.3765 170439 1.02202 3.80605e+06 1.25947e+06 ZonesAtSurface
3331.08 3123.49 198.418 1 10 1 10 1.62912e+06 43.8562 61616.1 1.15869 6.70589e+06 1.62912e+06 ZonesAtSurface
3381.14 3123.47 188.418 2 5 1 11 1.82099e+06 35.129 59932.2 1.17129 5.97595e+06 1.82099e+06 ZonesAtSurface
3431.19 3123.46 228.409 2 6 1 11 1.41477e+06 34.2115 127507 1.48233 4.09786e+06 1.41477e+06 ZonesAtSurface
3481.26 3123.45 218.387 4 0 1 12 1.37202e+06 21.9447 25988.9 1.01609 4.31936e+06 1.37202e+06 ZonesAtSurface
3531.33 3123.44 258.368 4 0 1 12 400274 42.7619 86035.7 1.02412 3.87551e+06 400274 ZonesAtSurface
3581.39 3123.45 348.348 4 2 2 11 559655 32.5952 163226 1.3445 1.39072e+06 559655 ZonesAtSurface
3631.47 3123.47 388.327 0 6 2 11 1.2214e+06 41.6332 81348.5 0 3.61733e+06 1.2214e+06 ZonesAtSurface
3681.56 3123.41 328.347 0 0 2 13 664203 22.2435 66326.6 1.03698 1.89082e+06 664203 ZonesAtSurface
3731.66 3123.38 268.37 3 0 1 15 972847 23.2309 155944 1.0278 5.60549e+06 972847 ZonesAtSurface
3781.72 3123.42 368.331 3 1 2 13 1.19924e+06 21.9214 30882.6 1.29226 2.89769e+06 1.19924e+06 ZonesAtSurface
3831.77 3123.44 428.308 4 4 2 11 1.07598e+06 34.7961 89243.6 1.17635 3.58149e+06 1.07598e+06 ZonesAtSurface
3881.89 3123.44 438.274 7 4 2 10 917619 26.2432 143347 1.15048 2.67199e+06 917619 ZonesAtSurface
3931.97 3123.44 498.24 0 8 2 8 1.07454e+06 18.56 54893 1.57455 1.91547e+06 1.07454e+06 ZonesAtSurface
3982.05 3123.41 458.271 4 0 1 8 1.43465e+06 29.1814 94226.2 1.11814 4.67269e+06 1.43465e+06 ZonesAtSurface
4032.12 3123.42 568.189 10 0 2 5 131543 18.389 40673.7 2.24898 281632 131543 ZonesAtSurface
4082.19 3123.41 528.241 0 4 2 5 1.49971e+06 19.9938 24512.2 1.72082 2.69097e+06 1.49971e+06 ZonesAtSurface
4132.26 3123.41 488.293 2 0 1 5 314854 40.5195 182298 1.42872 906066 314854 ZonesAtSurface
4182.29 3123.41 498.334 0 6 2 4 1.05006e+06 26.6383 121772 2.7558 1.22689e+06 1.05006e+06 ZonesAtSurface
4232.34 3123.42 458.384 10 8 2 4 584315 39.622 47095.4 3.4153 844559 584315 ZonesAtSurface
4282.41 3123.43 368.431 2 0 2 5 755463 21.2706 135721 2.52612 1.01883e+06 755463 ZonesAtSurface
4332.46 3123.42 278.476 8 0 2 6 523890 41.6021 107482 1.44178 2.7752e+06 523890 ZonesAtSurface
4382.49 3123.43 238.507 9 9 2 6 549486 43.4136 95287.9 1.45361 1.58341e+06 549486 ZonesAtSurface
4432.44 3123.46 98.5727 8 0 1 8 1.19861e+06 33.1701 168243 1.08705 7.05729e+06 1.19861e+06 ZonesAtSurface
4482.37 3123.48 8.59707 7 0 1 9 642511 38.1546 156922 1.61236 9.31919e+06 642511 ZonesAtSurface
4532.33 3123.5 -31.389 20 0 1 9 1.75699e+06 15.3166 184861 1.10114 8.91629e+06 1.75699e+06 ZonesAtSurface
4582.28 3123.53 -21.343 36 0 1 8 809491 28.2791 160448 1.42973 7.23129e+06 809491 ZonesAtSurface
4632.15 3123.58 -11.2903 51 3 1 7 1.10659e+06 34.4296 53827.6 1.26426 3.63655e+06 1.10659e+06 ZonesAtSurface
4681.99 3123.61 -1.24595 51 6 1 6 300745 43.5878 123409 0 685371 300745 ZonesAtSurface
4731.97 3123.63 8.7632 87 41 1 5 1.352e+06 25.7367 124683 1.18745 3.53647e+06 1.352e+06 ZonesAtSurface
4781.73 3123.66 18.853 96 55 1 4 992283 30.7248 150083 1.31461 2.60877e+06 992283 ZonesAtSurface
4831.72 3123.69 28.8718 61 80 1 3 1.74755e+06 17.4563 160227 1.20722 3.85321e+06 1.74755e+06 ZonesAtSurface
4881.54 3123.77 38.8518 131 77 1 2 171175 32.4412 82464.2 0 397334 171175 ZonesAtSurface
4931.75 3123.78 48.8307 105 99 1 1 423090 26.8825 13757 1.03155 1.35257e+06 423090 ZonesAtSurface
81.7916 3173.87 -22.5522 130 3 1 2 1.45987e+06 37.617 50696 1.46944 7.54506e+06 1.45987e+06 ZonesAtSurface
131.612 3173.78 -47.4767 129 0 1 3 509950 22.8927 46844.5 1.10594 5.5365e+06 509950 ZonesAtSurface
181.408 3173.77 -22.3258 137 44 1 3 911503 26.1753 117767 1.63305 1.99624e+06 911503 ZonesAtSurface
231.223 3173.67 -47.4467 122 0 1 4 1.01041e+06 19.299 150642 1.02326 4.4439e+06 1.01041e+06 ZonesAtSurface
281.055 3173.66 -22.4147 108 6 1 4 560000 36.3425 114697 1.65961 1.88939e+06 560000 ZonesAtSurface
330.971 3173.6 -47.4993 107 0 1 5 240869 41.8794 40077.2 1.09331 6.31083e+06 240869 ZonesAtSurface
380.849 3173.61 -22.468 101 72 1 5 1.27197e+06 42.5311 38319 2.13426 3.72515e+06 1.27197e+06 ZonesAtSurface
430.757 3173.56 -47.5742 89 0 1 6 1.22205e+06 33.0123 94267.3 1.1584 5.9354e+06 1.22205e+06 ZonesAtSurface
480.635 3173.56 -22.5597 74 30 1 6 1.01533e+06 28.7138 96454.8 1.4309 2.9612e+06 1.01533e+06 ZonesAtSurface
530.618 3173.5 -47.653 70 2 1 7 1.65401e+06 34.0107 133159 1.08321 5.96129e+06 1.65401e+06 ZonesAtSurface
580.526 3173.49 -22.6778 47 0 1 7 386733 42.2815 115609 2.82231 2.49766e+06 386733 ZonesAtSurface
630.515 3173.46 -47.7754 38 0 1 8 728964 18.2895 184640 1.03148 6.28015e+06 728964 ZonesAtSurface
680.421 3173.45 -22.8357 11 0 1 8 386547 28.1953 21506.9 1.04888 8.43819e+06 386547 ZonesAtSurface
730.23 3173.44 52.0828 2 0 1 7 1.46356e+06 38.5199 181007 1.05691 8.61342e+06 1.46356e+06 ZonesAtSurface
780.159 3173.46 127.039 1 0 1 6 1.40596e+06 30.196 174391 1.00733 8.04337e+06 1.40596e+06 ZonesAtSurface
830.116 3173.51 202.012 1 0 1 5 396820 37.2856 39223.7 1.01829 5.49868e+06 396820 ZonesAtSurface
880.087 3173.56 276.985 2 0 1 4 1.38068e+06 18.2571 160943 1.0367 5.07947e+06 1.38068e+06 ZonesAtSurface
930.076 3173.6 351.958 4 0 1 3 1.23255e+06 26.0851 189189 1.02561 4.92367e+06 1.23255e+06 ZonesAtSurface
980.089 3173.61 376.942 6 0 1 3 1.74223e+06 25.8239 32184.6 1.01342 5.51349e+06 1.74223e+06 ZonesAtSurface
1030.09 3173.62 351.927 5 0 1 4 865753 29.1065 131301 1.00502 7.27548e+06 865753 ZonesAtSurface
1080.09 3173.65 376.913 4 0 1 4 1.81834e+06 40.9772 165807 1.02603 1.00858e+07 1.81834e+06 ZonesAtSurface
1130.09 3173.7 401.901 7 0 1 4 1.75548e+06 26.5118 141479 1.00427 7.18767e+06 1.75548e+06 ZonesAtSurface
1180.09 3173.75 426.89 6 0 1 4 543992 41.5992 99339.9 1.05915 6.22036e+06 543992 ZonesAtSurface
1230.09 3173.78 451.884 6 0 1 4 1.82059e+06 40.1401 107428 1.08546 8.0984e+06 1.82059e+06 ZonesAtSurface
1280.07 3173.85 426.866 5 0 1 5 1.37606e+06 24.0053 127729 1.06998 8.269e+06 1.37606e+06 ZonesAtSurface
1330.05 3173.9 451.866 10 0 1 5 1.24955e+06 39.9387 166499 1.07322 9.17648e+06 1.24955e+06 ZonesAtSurface
1380.05 3173.93 426.841 1 0 1 6 1.10485e+06 33.4543 174166 1.018 1.38552e+07 1.10485e+06 ZonesAtSurface
1430.04 3173.97 451.847 9 0 1 6 1.47339e+06 29.8685 133472 1.02491 1.21838e+07 1.47339e+06 ZonesAtSurface
1480.02 3174.01 426.824 1 0 1 7 915989 34.181 187317 1.1464 1.8206e+07 915989 ZonesAtSurface
1530.02 3174.06 451.841 4 0 1 7 1.55038e+06 25.1812 170670 0.993555 1.17019e+07 1.55038e+06 ZonesAtSurface
1580.06 3174.06 476.845 10 0 1 7 1.26144e+06 40.642 81525.9 1.3271 7.69915e+06 1.26144e+06 ZonesAtSurface
1629.93 3174.12 401.835 13 0 1 9 1.25108e+06 22.218 95916.7 1.17695 1.90819e+07 1.25108e+06 ZonesAtSurface
1679.89 3174.15 376.838 1 0 1 10 1.23434e+06 24.0334 41855.6 1.13165 1.83502e+07 1.23434e+06 ZonesAtSurface
1729.84 3174.18 401.9 5 0 1 10 837315 42.8325 58102.4 1.08642 1.87088e+07 837315 ZonesAtSurface
1779.79 3174.21 376.899 3 0 1 11 613869 41.9042 95852.9 1.27196 2.68034e+07 613869 ZonesAtSurface
1829.74 3174.22 351.892 1 0 1 12 1.85006e+06 36.0614 77815.6 1.40799 2.60922e+07 1.85006e+06 ZonesAtSurface
1879.68 3174.23 326.89 0 0 1 13 1.62874e+06 40.1733 77009 1.94201 2.97939e+07 1.62874e+06 ZonesAtSurface
1929.61 3174.25 351.972 4 0 1 13 1.44893e+06 38.8137 79773.8 1.01245 2.47099e+07 1.44893e+06 ZonesAtSurface
1979.6 3174.24 377.009 0 0 2 13 1.59367e+06 24.65 12049.5 2.04005 2.72879e+06 1.59367e+06 ZonesAtSurface
2029.65 3174.22 389.517 2 6 2 12 1.56035e+06 18.6234 96012.9 1.42371 3.24549e+06 1.56035e+06 ZonesAtSurface
2079.36 3174.24 289.432 6 0 1 12 910554 33.6956 16634.6 1.49432 2.57989e+07 910554 ZonesAtSurface
2129.21 3174.24 239.429 7 0 1 11 1.37489e+06 20.1666 74130 1.11137 2.13277e+07 1.37489e+06 ZonesAtSurface
2179.1 3174.24 189.379 0 0 1 10 1.65338e+06 29.9381 61812.5 1.74908 3.70179e+07 1.65338e+06 ZonesAtSurface
2228.77 3174.26 239.442 10 0 0 0 1.39485e+06 35.4036 123343 1.77993 2.49152e+07 1.39485e+06 ZonesAtSurface
2278.69 3174.2 239.437 0 0 0 0 1.88744e+06 34.6205 57029.3 1.82874 2.61656e+07 1.88744e+06 ZonesAtSurface
2328.6 3174.13 239.347 9 0 0 0 1.73838e+06 30.1 186978 1.25336 2.6833e+07 1.73838e+06 ZonesAtSurface
2378.58 3174.11 139.053 6 0 0 0 827993 32.7165 119828 1.27675 5.51125e+07 827993 ZonesAtSurface
2430.67 3173.74 -160.747 6 0 0 0 1.58902e+06 16.0675 111147 1.09921 1.18842e+07 1.58902e+06 ZonesAtSurface
2481.33 3173.48 -310.558 8 0 0 0 1.76983e+06 30.8776 24661.3 2.88411 1.18966e+07 1.76983e+06 ZonesAtSurface
2531.04 3173.53 -190.536 9 0 0 0 794759 42.9244 118747 1.31557 1.28366e+07 794759 ZonesAtSurface
2581.08 3173.46 -200.499 3 0 0 0 340173 42.3759 31462.6 1.01321 1.39603e+07 340173 ZonesAtSurface
2631.1 3173.41 -210.493 2 0 0 0 1.18311e+06 34.5893 185574 1.13892 1.46489e+07 1.18311e+06 ZonesAtSurface
2681.12 3173.38 -220.494 1 0 0 0 793890 27.8641 46442 1.00118 1.26459e+07 793890 ZonesAtSurface
2731.04 3173.37 -180.493 8 0 0 0 533431 30.8008 108334 1.00176 1.14602e+07 533431 ZonesAtSurface
2780.97 3173.38 -140.499 9 0 0 0 1.54127e+06 33.4811 23990.6 1.00165 1.27653e+07 1.54127e+06 ZonesAtSurface
2830.82 3173.4 -50.5067 7 0 0 0 1.04082e+06 43.769 184775 1.13642 1.12274e+07 1.04082e+06 ZonesAtSurface
2880.96 3173.38 -110.514 4 0 0 0 722595 23.4344 54857.8 1.00347 9.24325e+06 722595 ZonesAtSurface
2930.92 3173.41 -70.5233 0 0 0 0 1.3369e+06 43.5682 128541 1.30465 1.36565e+07 1.3369e+06 ZonesAtSurface
2980.89 3173.45 -30.5296 9 0 0 0 609393 24.3961 183932 1.00583 6.15513e+06 609393 ZonesAtSurface
3030.88 3173.49 9.46058 8 0 0 0 854047 18.7447 134068 1.00188 3.85301e+06 854047 ZonesAtSurface
3080.89 3173.51 49.4497 10 0 0 0 405632 24.6607 39062.1 1.0031 4.11465e+06 405632 ZonesAtSurface
3130.92 3173.52 89.4338 8 0 0 0 1.08632e+06 16.0441 133187 1.01082 3.87939e+06 1.08632e+06 ZonesAtSurface
3180.95 3173.51 129.422 8 0 0 0 1.18433e+06 39.4261 113006 1.00942 6.00345e+06 1.18433e+06 ZonesAtSurface
3230.98 3173.49 169.415 0 0 0 0 940943 19.6612 76194 1.01478 3.95775e+06 940943 ZonesAtSurface
3281.05 3173.5 159.413 2 0 1 10 753183 17.1911 189976 1.02498 3.72378e+06 753183 ZonesAtSurface
3331.1 3173.48 199.409 5 0 1 10 1.55959e+06 33.8718 141695 1.01488 6.49049e+06 1.55959e+06 ZonesAtSurface
3381.15 3173.47 239.406 7 0 1 10 421350 34.9114 40414.1 1.08665 1.71346e+06 421350 ZonesAtSurface
3431.21 3173.46 229.4 2 0 2 11 1.05434e+06 35.2694 99973.8 1.15369 5.33013e+06 1.05434e+06 ZonesAtSurface
3481.28 3173.44 219.381 5 0 1 12 309370 26.3982 96601.7 1.04678 2.92899e+06 309370 ZonesAtSurface
3531.33 3173.44 309.362 0 4 2 11 1.65988e+06 32.5612 167363 1.50569 3.98043e+06 1.65988e+06 ZonesAtSurface
3581.41 3173.43 299.358 4 0 1 12 1.07125e+06 18.4739 95342.9 1.06651 3.69223e+06 1.07125e+06 ZonesAtSurface
3631.49 3173.42 289.362 7 0 1 13 615897 16.9243 171344 1.05204 3.40284e+06 615897 ZonesAtSurface
3681.58 3173.39 279.371 4 0 1 14 1.04594e+06 24.4762 90024.3 1.02464 5.66901e+06 1.04594e+06 ZonesAtSurface
3731.66 3173.38 269.372 3 0 1 15 451131 42.8172 141372 1.07065 9.2921e+06 451131 ZonesAtSurface
3781.73 3173.4 319.351 7 0 1 14 790921 24.9352 76229.4 1.05391 4.6058e+06 790921 ZonesAtSurface
3831.77 3173.41 379.345 10 9 1 12 1.49192e+06 20.3498 55131.8 1.0319 4.17756e+06 1.49192e+06 ZonesAtSurface
3881.87 3173.4 389.33 9 0 1 11 1.1506e+06 19.7021 135727 1.03168 4.31264e+06 1.1506e+06 ZonesAtSurface
3931.96 3173.42 449.286 3 3 1 9 1.19429e+06 41.8966 77109.9 1.04987 4.96738e+06 1.19429e+06 ZonesAtSurface
3982.07 3173.42 509.224 0 9 1 7 1.25205e+06 43.7772 70154.6 1.35067 4.27387e+06 1.25205e+06 ZonesAtSurface
4032.12 3173.42 569.191 8 3 2 5 410270 28.7889 83173.5 1.2583 1.12589e+06 410270 ZonesAtSurface
4082.19 3173.42 529.243 2 3 1 5 1.02598e+06 42.5757 110547 1.58542 3.33966e+06 1.02598e+06 ZonesAtSurface
4132.22 3173.42 539.279 0 9 1 4 812464 29.9809 143250 10 265005 812464 ZonesAtSurface
4182.32 3173.42 449.347 1 0 2 5 699676 19.6456 186092 1.54127 1.32125e+06 699676 ZonesAtSurface
4232.37 3173.43 409.392 0 0 2 5 1.7758e+06 19.4554 33038.9 1.94397 2.67317e+06 1.7758e+06 ZonesAtSurface
4282.41 3173.44 369.432 0 9 2 5 1.19198e+06 21.0204 122002 4.161 853181 1.19198e+06 ZonesAtSurface
4332.46 3173.44 279.474 0 2 2 6 1.78786e+06 42.2215 102260 1.65144 5.13198e+06 1.78786e+06 ZonesAtSurface
4382.46 3173.44 189.522 2 0 2 7 199687 31.3828 27136.4 1.05619 1.29472e+06 199687 ZonesAtSurface
4432.49 3173.46 149.553 10 10 2 7 1.45592e+06 16.1985 176537 1.11302 3.41275e+06 1.45592e+06 ZonesAtSurface
4482.51 3173.48 109.576 4 5 2 7 254428 31.5988 69764.9 0 659249 254428 ZonesAtSurface
4532.38 3173.52 19.6402 8 0 2 8 753629 17.6285 34005.5 1.16726 4.98713e+06 753629 ZonesAtSurface
4582.3 3173.53 -20.3429 34 0 1 8 1.7102e+06 25.1487 99957.8 1.38932 6.69592e+06 1.7102e+06 ZonesAtSurface
4632.16 3173.58 -10.2746 60 1 1 7 735433 15.5418 44911.4 1.03895 1.92919e+06 735433 ZonesAtSurface
4681.95 3173.6 -0.215126 69 18 1 6 626646 37.2207 179922 1.26731 1.61401e+06 626646 ZonesAtSurface
4731.92 3173.64 9.79325 91 18 1 5 592114 18.7984 136049 1.00762 1.53658e+06 592114 ZonesAtSurface
4781.69 3173.67 19.8601 103 52 1 4 1.07894e+06 17.4922 85169.2 1.22946 2.46633e+06 1.07894e+06 ZonesAtSurface
4831.66 3173.7 29.8937 31 86 1 3 1.34584e+06 44.9207 155720 3.39045 1.74704e+06 1.34584e+06 ZonesAtSurface
4881.59 3173.72 39.8704 127 86 1 2 478182 20.7502 98042.9 1.14198 1.19924e+06 478182 ZonesAtSurface
4931.7 3173.76 49.8434 134 96 1 1 620212 17.6072 123393 1.13476 1.42615e+06 620212 ZonesAtSurface
81.8084 3223.86 -21.5671 122 3 1 2 1.65642e+06 29.2171 133992 1.19479 6.93225e+06 1.65642e+06 ZonesAtSurface
131.614 3223.78 -46.4751 124 0 1 3 611031 42.2945 150495 1.14833 1.02593e+07 611031 ZonesAtSurface
181.409 3223.76 -21.3228 129 68 1 3 1.64645e+06 20.7285 100072 1.38258 3.72698e+06 1.64645e+06 ZonesAtSurface
231.217 3223.67 -46.4567 122 0 1 4 634175 33.3604 124798 1.03558 4.54391e+06 634175 ZonesAtSurface
281.052 3223.65 -21.427 110 83 2 4 1.55281e+06 20.605 27954.9 1.38809 3.54755e+06 1.55281e+06 ZonesAtSurface
330.989 3223.6 -46.4951 108 0 1 5 1.36683e+06 34.3028 54792.1 1.07625 7.26934e+06 1.36683e+06 ZonesAtSurface
380.865 3223.6 -21.4781 103 0 1 5 272091 25.6443 164446 2.35473 1.17659e+06 272091 ZonesAtSurface
430.771 3223.55 -46.5751 74 0 1 6 801642 29.3347 115303 1.09665 4.61408e+06 801642 ZonesAtSurface
480.639 3223.54 -21.5771 83 18 1 6 695082 22.8358 35546.7 1.16153 2.44506e+06 695082 ZonesAtSurface
530.629 3223.49 -46.6582 57 0 1 7 163434 42.0181 45610.6 1.0575 7.48919e+06 163434 ZonesAtSurface
580.539 3223.49 -21.6662 61 14 1 7 1.47637e+06 26.2584 106930 1.75181 3.29168e+06 1.47637e+06 ZonesAtSurface
630.517 3223.46 -46.7811 34 0 1 8 981185 37.598 140932 1.07731 9.55933e+06 981185 ZonesAtSurface
680.43 3223.44 -21.8378 17 0 1 8 1.45589e+06 15.9142 91673.7 1.03325 7.12373e+06 1.45589e+06 ZonesAtSurface
730.252 3223.44 53.0834 0 0 1 7 703459 23.2023 86328.1 1.04596 4.90157e+06 703459 ZonesAtSurface
780.139 3223.48 178.031 2 3 2 5 1.60034e+06 39.0784 26667.9 1.13645 6.20338e+06 1.60034e+06 ZonesAtSurface
830.152 3223.5 203.012 10 0 1 5 415820 26.5817 14562.8 1.02621 4.82768e+06 415820 ZonesAtSurface
880.129 3223.56 277.987 9 0 1 4 283980 44.3367 49700.4 1.02258 6.95437e+06 283980 ZonesAtSurface
930.123 3223.6 352.957 1 0 2 3 1.29062e+06 42.503 127158 1.33837 5.62224e+06 1.29062e+06 ZonesAtSurface
980.135 3223.61 377.941 1 0 1 3 1.36558e+06 29.2664 137289 1.35784 4.95928e+06 1.36558e+06 ZonesAtSurface
1030.14 3223.62 352.925 0 0 1 4 1.74123e+06 35.2575 54541.5 1.28382 9.39352e+06 1.74123e+06 ZonesAtSurface
1080.14 3223.66 427.916 4 0 2 3 345910 26.3965 90881.7 2.33593 954863 345910 ZonesAtSurface
1130.14 3223.7 402.897 4 0 1 4 1.3939e+06 20.9527 53995.2 1.01032 6.77504e+06 1.3939e+06 ZonesAtSurface
1180.14 3223.75 427.886 4 0 1 4 1.74229e+06 44.2252 159431 1.5588 8.8572e+06 1.74229e+06 ZonesAtSurface
1230.19 3223.78 502.888 4 4 1 3 859041 16.4051 63516.2 1.28155 1.80683e+06 859041 ZonesAtSurface
1280.15 3223.83 377.849 0 0 1 6 102271 42.3813 108253 1.04222 1.57309e+07 102271 ZonesAtSurface
1330.15 3223.88 402.839 1 0 1 6 729196 25.8801 58746.8 1.00855 1.26167e+07 729196 ZonesAtSurface
1380.15 3223.92 477.861 10 0 1 5 949746 36.1231 93438.7 1.15335 5.05537e+06 949746 ZonesAtSurface
1430.15 3223.96 452.84 4 0 1 6 865541 36.2452 17415.2 1.04022 1.18261e+07 865541 ZonesAtSurface
1480.14 3223.99 427.82 0 0 1 7 1.34139e+06 25.3255 21657.9 1.01367 1.33275e+07 1.34139e+06 ZonesAtSurface
1530.25 3224.01 502.856 1 1 2 6 1.1558e+06 18.6495 82750.9 1.0779 3.05003e+06 1.1558e+06 ZonesAtSurface
1580.39 3224 527.837 1 1 2 6 1.873e+06 28.3639 95500.1 1.12965 5.57295e+06 1.873e+06 ZonesAtSurface
1630.37 3223.99 502.826 4 7 2 7 511495 17.7938 67175.9 0 1.90715e+06 511495 ZonesAtSurface
1680.05 3224.12 377.831 9 0 1 10 1.6881e+06 25.8965 76673.1 1.15644 2.32413e+07 1.6881e+06 ZonesAtSurface
1730.04 3224.14 402.883 5 0 1 10 1.56515e+06 42.6937 154379 1.03535 1.69612e+07 1.56515e+06 ZonesAtSurface
1779.97 3224.16 327.828 1 0 1 12 1.66794e+06 27.1357 86160.2 1.08107 2.58929e+07 1.66794e+06 ZonesAtSurface
1829.91 3224.18 302.828 0 0 1 13 449218 27.3391 142120 1.16872 2.51094e+07 449218 ZonesAtSurface
1879.87 3224.19 377.973 9 0 1 12 906019 42.9328 66188.9 0.990997 1.60998e+07 906019 ZonesAtSurface
1929.8 3224.21 352.962 3 0 1 13 370098 43.4044 168052 1.02133 2.5153e+07 370098 ZonesAtSurface
1979.74 3224.22 327.915 2 0 1 14 1.08585e+06 30.102 63179 1.15057 2.91429e+07 1.08585e+06 ZonesAtSurface
2029.63 3224.21 290.397 0 0 1 14 1.5149e+06 43.447 90396.4 3.31719 3.00277e+07 1.5149e+06 ZonesAtSurface
2079.56 3224.2 290.442 10 0 1 12 450762 25.5815 73525.7 1.364 1.95543e+07 450762 ZonesAtSurface
2129.41 3224.2 240.431 1 0 1 11 414660 30.4536 120040 1.1857 3.18085e+07 414660 ZonesAtSurface
2179.28 3224.17 240.473 17 0 1 9 1.78143e+06 21.2838 148963 1.77136 1.35911e+07 1.78143e+06 ZonesAtSurface
2228.97 3224.21 240.453 4 0 0 0 795213 15.2863 103839 1.56897 1.11806e+07 795213 ZonesAtSurface
2278.85 3224.12 290.489 0 0 0 0 1.67769e+06 40.1016 96336.5 1.88164 1.89808e+07 1.67769e+06 ZonesAtSurface
2328.81 3224.07 240.361 0 0 0 0 1.23941e+06 38.0761 53202 1.68476 2.80662e+07 1.23941e+06 ZonesAtSurface
2380.05 3223.95 -59.8535 0 0 0 0 1.58947e+06 43.2193 104813 1.21912 5.39299e+07 1.58947e+06 ZonesAtSurface
2431.23 3223.59 -259.607 5 0 0 0 306289 16.7481 35089.9 1.15644 1.11907e+07 306289 ZonesAtSurface
2481.39 3223.48 -309.557 1 0 0 0 1.43128e+06 32.5763 165972 3.12214 1.18099e+07 1.43128e+06 ZonesAtSurface
2531.25 3223.48 -239.53 1 0 0 0 187126 30.574 34156.9 1.30448 1.34378e+07 187126 ZonesAtSurface
2581.13 3223.45 -199.511 10 0 0 0 801416 24.3747 184270 1.01024 1.14104e+07 801416 ZonesAtSurface
2631.15 3223.41 -209.503 0 0 0 0 943231 33.4343 159424 1.27043 1.42932e+07 943231 ZonesAtSurface
2681.05 3223.4 -169.503 0 0 0 0 1.82417e+06 39.1596 131050 1.43348 1.43678e+07 1.82417e+06 ZonesAtSurface
2731.08 3223.37 -179.504 0 0 0 0 1.83107e+06 42.7498 120012 1.82775 1.36613e+07 1.83107e+06 ZonesAtSurface
2781.01 3223.37 -139.511 7 0 0 0 1.08633e+06 19.8878 31046.4 1.00162 8.53814e+06 1.08633e+06 ZonesAtSurface
2830.95 3223.37 -99.5154 9 0 0 0 1.80097e+06 25.3339 53822 1.00212 1.0512e+07 1.80097e+06 ZonesAtSurface
2881 3223.37 -109.52 2 0 0 0 1.47208e+06 18.8793 180545 1.00221 9.13601e+06 1.47208e+06 ZonesAtSurface
2930.96 3223.39 -69.5281 3 0 0 0 1.11774e+06 25.1487 44101.7 1.01417 9.98047e+06 1.11774e+06 ZonesAtSurface
2980.93 3223.43 -29.5352 6 0 0 0 174288 29.106 68391 1.009 6.06323e+06 174288 ZonesAtSurface
3030.93 3223.47 10.4552 8 0 0 0 1.11733e+06 20.7229 14036.5 1.02508 5.21573e+06 1.11733e+06 ZonesAtSurface
3080.93 3223.49 50.4461 3 0 0 0 1.65786e+06 40.4562 124002 1.02399 8.39103e+06 1.65786e+06 ZonesAtSurface
3130.95 3223.5 90.4329 10 0 0 0 814067 15.1102 58683 0.993866 3.38495e+06 814067 ZonesAtSurface
3180.98 3223.5 130.421 6 0 0 0 1.34413e+06 20.3209 160786 1.01435 5.23337e+06 1.34413e+06 ZonesAtSurface
3231.01 3223.48 170.413 1 0 0 0 809106 43.5893 162682 1.02656 6.62103e+06 809106 ZonesAtSurface
3281.05 3223.47 210.404 6 1 1 9 1.76559e+06 43.6847 181558 1.06506 7.09738e+06 1.76559e+06 ZonesAtSurface
3331.1 3223.46 250.401 2 0 2 9 1.48962e+06 30.1267 178517 1.07618 4.57613e+06 1.48962e+06 ZonesAtSurface
3381.17 3223.46 240.401 10 0 1 10 614667 24.0764 59630.2 1.04227 2.23625e+06 614667 ZonesAtSurface
3431.24 3223.45 230.388 0 0 1 11 1.37312e+06 24.4238 133517 1.14604 5.62802e+06 1.37312e+06 ZonesAtSurface
3481.29 3223.44 270.379 7 0 1 11 742977 44.0639 94332.3 1.24079 4.6484e+06 742977 ZonesAtSurface
3531.36 3223.43 260.368 3 0 1 12 887118 19.0628 57337 1.0013 3.76187e+06 887118 ZonesAtSurface
3581.42 3223.43 300.356 8 0 1 12 1.44653e+06 19.4136 66906.3 1.00474 4.50575e+06 1.44653e+06 ZonesAtSurface
3631.5 3223.42 340.346 4 0 1 12 694503 40.6403 154912 1.03933 3.86019e+06 694503 ZonesAtSurface
3681.59 3223.39 280.37 2 0 1 14 1.28645e+06 43.2476 44020.7 1.10125 1.00278e+07 1.28645e+06 ZonesAtSurface
3731.66 3223.38 270.369 3 0 1 15 1.6906e+06 37.2434 56052.3 1.05092 8.99224e+06 1.6906e+06 ZonesAtSurface
3781.75 3223.38 270.368 1 0 1 15 693379 18.3299 137226 1.00802 3.44809e+06 693379 ZonesAtSurface
3831.8 3223.39 330.36 6 0 1 13 670903 38.1631 160076 1.04627 4.98565e+06 670903 ZonesAtSurface
3881.86 3223.4 440.298 5 0 1 10 320635 30.4191 47178.8 1.07498 1.46382e+06 320635 ZonesAtSurface
3931.96 3223.41 450.288 3 0 2 9 939127 16.0109 187368 1.01099 2.67796e+06 939127 ZonesAtSurface
3982.07 3223.43 510.22 0 0 2 7 1.15875e+06 40.2031 32613.6 1.42143 3.85379e+06 1.15875e+06 ZonesAtSurface
4032.14 3223.42 520.225 0 0 2 6 761064 17.8706 61307.8 1.62717 1.55299e+06 761064 ZonesAtSurface
4082.21 3223.42 480.275 1 0 1 6 265456 42.7056 53810.3 1.04427 3.30294e+06 265456 ZonesAtSurface
4132.25 3223.42 490.3 2 8 2 5 741934 41.2045 82104.7 1.31814 2.37e+06 741934 ZonesAtSurface
4182.31 3223.43 450.35 0 3 2 5 1.32876e+06 30.7877 19767.1 1.71573 2.78089e+06 1.32876e+06 ZonesAtSurface
4232.36 3223.44 410.395 0 4 1 5 1.31139e+06 40.965 50282 1.80333 3.56081e+06 1.31139e+06 ZonesAtSurface
4282.42 3223.44 320.44 3 4 2 6 1.03281e+06 26.9056 108374 1.56972 2.19447e+06 1.03281e+06 ZonesAtSurface
4332.45 3223.46 280.474 4 3 2 6 330758 26.4458 91337 1.8302 607470 330758 ZonesAtSurface
4382.48 3223.46 240.504 0 9 2 6 1.89635e+06 18.9335 117377 1.45036 3.6108e+06 1.89635e+06 ZonesAtSurface
4432.49 3223.48 150.554 0 2 2 7 1.89081e+06 40.7567 126640 1.27307 6.50817e+06 1.89081e+06 ZonesAtSurface
4482.38 3223.49 10.5985 5 0 1 9 1.81357e+06 22.3105 103543 1.20474 8.67474e+06 1.81357e+06 ZonesAtSurface
4532.33 3223.51 -29.3875 15 0 1 9 731879 40.3131 99416.6 1.84324 1.29043e+07 731879 ZonesAtSurface
4582.28 3223.54 -19.3392 32 0 1 8 1.50656e+06 27.0709 19632.1 1.72743 6.78051e+06 1.50656e+06 ZonesAtSurface
4632.17 3223.58 -9.28001 50 11 1 7 1.61766e+06 39.2108 21203.7 1.38829 6.10954e+06 1.61766e+06 ZonesAtSurface
4681.99 3223.6 0.791319 42 37 1 6 1.54262e+06 40.7082 114061 1.47347 4.65086e+06 1.54262e+06 ZonesAtSurface
4731.95 3223.62 10.82 92 18 1 5 655059 15.2944 35380.5 1.05507 1.77297e+06 655059 ZonesAtSurface
4781.72 3223.67 20.8615 99 47 1 4 646719 31.6808 99174 1.23738 1.92095e+06 646719 ZonesAtSurface
4831.66 3223.71 30.8794 30 83 1 3 1.67557e+06 42.4747 127893 3.15557 2.35254e+06 1.67557e+06 ZonesAtSurface
4881.71 3223.71 40.8833 29 99 1 2 1.78846e+06 42.1951 71498.5 3.00924 2.61282e+06 1.78846e+06 ZonesAtSurface
4931.74 3223.74 50.8339 117 94 1 1 406465 36.6339 104853 1.23826 1.18448e+06 406465 ZonesAtSurface
81.8164 3273.87 -20.5656 124 0 1 2 1.25511e+06 16.8508 115366 1.14574 4.3409e+06 1.25511e+06 ZonesAtSurface
131.59 3273.78 -45.4798 138 0 1 3 869627 19.0145 100241 1.12011 4.94557e+06 869627 ZonesAtSurface
181.379 3273.77 -20.3472 124 104 1 3 1.75889e+06 33.5419 154738 1.48593 4.75406e+06 1.75889e+06 ZonesAtSurface
231.223 3273.67 -45.4757 119 0 1 4 1.30526e+06 42.4039 132810 1.04793 7.76856e+06 1.30526e+06 ZonesAtSurface
281.055 3273.66 -20.444 121 0 1 4 387169 37.5896 174195 1.37638 1.77403e+06 387169 ZonesAtSurface
331.012 3273.6 -45.4865 97 0 1 5 1.80994e+06 43.0198 31256.3 1.07 9.89212e+06 1.80994e+06 ZonesAtSurface
380.889 3273.61 -20.4716 97 6 2 5 725721 41.1973 131404 1.49669 3.08229e+06 725721 ZonesAtSurface
430.775 3273.55 -45.5702 91 0 1 6 1.71212e+06 16.51 21296.6 1.03573 5.03599e+06 1.71212e+06 ZonesAtSurface
480.632 3273.54 -20.5815 84 0 1 6 256617 33.8402 178961 1.25457 1.89822e+06 256617 ZonesAtSurface
530.616 3273.5 -45.6748 59 0 1 7 206136 18.6912 160752 1.17831 2.95816e+06 206136 ZonesAtSurface
580.525 3273.49 -20.6736 54 27 1 7 1.87036e+06 40.2327 80090.7 2.18495 5.00273e+06 1.87036e+06 ZonesAtSurface
630.516 3273.45 -45.7943 42 0 1 8 411262 28.4059 102140 1.06223 7.60642e+06 411262 ZonesAtSurface
680.438 3273.43 -20.851 6 0 1 8 1.88159e+06 24.1067 176918 1.02046 1.12489e+07 1.88159e+06 ZonesAtSurface
730.208 3273.44 104.063 10 0 1 6 689536 44.906 124273 1.2231 5.27388e+06 689536 ZonesAtSurface
780.179 3273.47 179.033 4 0 1 5 828442 21.9046 10259.3 1.06736 3.44445e+06 828442 ZonesAtSurface
830.193 3273.49 204.013 6 0 1 5 1.27763e+06 16.0189 87713.4 1.02756 5.04598e+06 1.27763e+06 ZonesAtSurface
880.198 3273.52 228.99 1 0 1 5 1.65207e+06 22.754 133623 1.01175 6.82195e+06 1.65207e+06 ZonesAtSurface
930.169 3273.6 353.957 2 0 2 3 259578 17.66 36774.9 1.2885 1.46382e+06 259578 ZonesAtSurface
980.191 3273.59 328.942 0 0 1 4 1.63608e+06 17.647 166558 1.01547 6.48032e+06 1.63608e+06 ZonesAtSurface
1030.2 3273.62 353.924 0 0 1 4 989067 29.7669 168992 1.00117 7.71524e+06 989067 ZonesAtSurface
1080.2 3273.65 378.908 4 0 1 4 253201 35.2814 25729.5 1.01476 8.79742e+06 253201 ZonesAtSurface
1130.21 3273.7 453.902 10 0 1 3 292977 23.5698 159556 1.0351 2.7661e+06 292977 ZonesAtSurface
1180.22 3273.73 378.876 0 0 1 5 709028 15.7171 97926.4 1.01653 5.98797e+06 709028 ZonesAtSurface
1230.24 3273.77 403.863 3 0 1 5 649620 17.8154 36194.7 1.02823 6.29233e+06 649620 ZonesAtSurface
1280.25 3273.81 428.857 10 0 1 5 1.7354e+06 39.1239 14199.1 1.07822 1.37535e+07 1.7354e+06 ZonesAtSurface
1330.27 3273.86 503.871 7 10 2 4 1.88536e+06 30.3027 68426.9 1.62632 4.14532e+06 1.88536e+06 ZonesAtSurface
1380.26 3273.89 428.832 4 0 1 6 767919 21.2068 122854 1.0088 9.05321e+06 767919 ZonesAtSurface
1430.31 3273.93 503.857 10 5 1 5 1.50572e+06 22.8485 25731 1.22349 3.88897e+06 1.50572e+06 ZonesAtSurface
1480.39 3273.95 528.848 7 7 2 5 1.43399e+06 43.7248 35952.7 1.57524 4.78371e+06 1.43399e+06 ZonesAtSurface
1530.5 3273.95 553.842 6 3 2 5 255886 39.2064 61432.3 0.701049 1.25535e+06 255886 ZonesAtSurface
1580.65 3273.95 578.821 8 10 2 5 915205 39.0247 178529 1.1629 2.87986e+06 915205 ZonesAtSurface
1630.5 3274.01 503.831 7 5 1 7 1.52182e+06 18.943 61859.3 1.05362 4.02454e+06 1.52182e+06 ZonesAtSurface
1680.22 3274.09 378.822 2 0 1 10 1.03458e+06 21.6108 73277.6 1.08158 1.64536e+07 1.03458e+06 ZonesAtSurface
1730.26 3274.11 453.909 2 4 2 9 1.16547e+06 40.313 165271 0 151160 1.16547e+06 ZonesAtSurface
1780.13 3274.13 378.885 5 0 1 11 1.7653e+06 39.6902 118697 1.40598 1.87955e+07 1.7653e+06 ZonesAtSurface
1830.09 3274.15 353.879 1 0 1 12 707255 35.3064 11254 1.44188 2.3466e+07 707255 ZonesAtSurface
1880.08 3274.15 429.032 5 5 2 11 652121 28.3412 163716 0 1.74139e+06 652121 ZonesAtSurface
1929.99 3274.17 353.954 2 0 1 13 1.11479e+06 43.171 168245 1.02497 2.43931e+07 1.11479e+06 ZonesAtSurface
1980.03 3274.17 378.995 3 3 2 13 1.39908e+06 40.8095 95469.1 1.62203 4.39466e+06 1.39908e+06 ZonesAtSurface
2029.84 3274.17 291.395 0 0 1 14 1.44639e+06 44.4896 80489.6 3.68154 2.82813e+07 1.44639e+06 ZonesAtSurface
2079.73 3274.16 291.447 7 0 1 12 635344 31.005 116262 1.55485 1.35819e+07 635344 ZonesAtSurface
2129.6 3274.16 241.428 2 0 1 11 421550 24.4385 124535 1.0458 2.86787e+07 421550 ZonesAtSurface
2179.49 3274.14 241.461 5 0 1 9 477299 42.7026 86923 2.03341 2.85462e+07 477299 ZonesAtSurface
2229.18 3274.16 241.46 8 0 0 0 1.00128e+06 30.8502 84865 1.22434 2.12406e+07 1.00128e+06 ZonesAtSurface
2279.05 3274.07 291.507 5 0 0 0 358673 43.6454 86945.8 1.53046 1.81594e+07 358673 ZonesAtSurface
2329.02 3274.02 241.372 0 0 0 0 557468 39.2793 66488.8 1.59619 2.80845e+07 557468 ZonesAtSurface
2379.84 3273.97 -8.87468 3 0 0 0 826888 26.1381 103980 1.06369 4.20524e+07 826888 ZonesAtSurface
2430.87 3273.73 -158.696 4 0 0 0 1.04009e+06 42.0405 159630 1.43064 2.56277e+07 1.04009e+06 ZonesAtSurface
2481.44 3273.48 -308.555 0 0 0 0 565236 37.8995 51105.8 3.85894 1.19195e+07 565236 ZonesAtSurface
2531.3 3273.48 -238.535 0 0 0 0 1.04827e+06 36.5181 134621 2.40193 1.33432e+07 1.04827e+06 ZonesAtSurface
2581.31 3273.42 -248.522 5 0 0 0 388680 19.2635 59208 1.0146 1.20398e+07 388680 ZonesAtSurface
2631.2 3273.41 -208.513 0 0 0 0 1.3106e+06 23.9971 77109.4 1.10446 1.35801e+07 1.3106e+06 ZonesAtSurface
2681.1 3273.39 -168.514 0 0 0 0 488179 43.0348 156261 1.434 1.47395e+07 488179 ZonesAtSurface
2730.91 3273.4 -78.5318 10 0 0 0 522048 40.5721 56786.2 1.15685 1.25953e+07 522048 ZonesAtSurface
2781.06 3273.36 -138.521 0 0 0 0 803383 44.9257 43800.2 1.78025 1.32094e+07 803383 ZonesAtSurface
2831 3273.36 -98.5256 0 0 0 0 1.78141e+06 20.8926 137227 1.003 1.00223e+07 1.78141e+06 ZonesAtSurface
2881.04 3273.36 -108.527 3 0 0 0 1.72579e+06 21.707 105748 1.00316 1.07705e+07 1.72579e+06 ZonesAtSurface
2930.92 3273.39 -18.5376 10 0 0 0 295458 23.5642 120059 0.983146 5.53104e+06 295458 ZonesAtSurface
2980.9 3273.41 21.4542 3 0 0 0 811891 34.0599 137044 1.00465 6.57744e+06 811891 ZonesAtSurface
3030.89 3273.42 61.4448 10 0 0 0 559385 36.4743 162661 1.07373 6.74748e+06 559385 ZonesAtSurface
3080.91 3273.43 101.433 10 0 0 0 943586 21.8584 72810.2 1.04909 4.52196e+06 943586 ZonesAtSurface
3130.94 3273.43 141.421 0 0 0 0 1.69112e+06 43.4502 171419 1.03317 7.37968e+06 1.69112e+06 ZonesAtSurface
3181.02 3273.48 131.42 0 0 0 0 790576 17.4065 116094 1.01088 4.68631e+06 790576 ZonesAtSurface
3231.03 3273.44 221.405 6 4 0 0 1.49936e+06 40.0806 71939 1.01822 6.23946e+06 1.49936e+06 ZonesAtSurface
3281.09 3273.46 211.402 4 0 1 9 115208 33.3322 77689.5 1.0087 4.70003e+06 115208 ZonesAtSurface
3331.13 3273.45 301.406 10 3 2 8 837891 28.0886 158136 1.25326 2.02443e+06 837891 ZonesAtSurface
3381.2 3273.45 241.395 4 0 1 10 835417 26.1011 89399.7 1.04353 2.88419e+06 835417 ZonesAtSurface
3431.25 3273.44 281.389 10 0 1 10 1.41512e+06 28.9384 37022.1 1.04937 5.39141e+06 1.41512e+06 ZonesAtSurface
3481.3 3273.44 271.375 10 0 1 11 325151 37.1442 32584.3 1.21364 5.04016e+06 325151 ZonesAtSurface
3531.37 3273.43 261.368 5 0 1 12 346547 32.402 63520.9 1.01887 5.14347e+06 346547 ZonesAtSurface
3581.44 3273.42 301.357 2 0 2 12 1.23931e+06 25.879 147840 1.01399 4.62432e+06 1.23931e+06 ZonesAtSurface
3631.5 3273.43 391.328 0 2 2 11 793808 37.4904 21770.5 2.1956 1.50672e+06 793808 ZonesAtSurface
3681.59 3273.4 331.356 1 1 2 13 1.10413e+06 39.0984 103239 1.12171 3.98632e+06 1.10413e+06 ZonesAtSurface
3731.66 3273.4 321.347 1 0 2 14 216092 37.1635 107009 1.06845 1.65628e+06 216092 ZonesAtSurface
3781.75 3273.38 271.364 2 0 1 15 836123 35.9349 182121 1.00028 6.43245e+06 836123 ZonesAtSurface
3831.78 3273.39 381.328 2 0 2 12 455653 34.3118 144979 1.02506 1.57832e+06 455653 ZonesAtSurface
3881.85 3273.39 441.301 5 10 1 10 1.34921e+06 29.6897 172470 1.04837 4.16496e+06 1.34921e+06 ZonesAtSurface
3931.96 3273.42 501.237 0 2 2 8 1.32254e+06 40.9424 118981 1.79032 3.09914e+06 1.32254e+06 ZonesAtSurface
3982.07 3273.43 511.214 0 0 2 7 113131 23.7653 71661.4 1.15984 810641 113131 ZonesAtSurface
4032.13 3273.43 521.225 0 0 2 6 1.61429e+06 18.7586 174093 1.4228 3.16359e+06 1.61429e+06 ZonesAtSurface
4082.2 3273.43 481.279 0 3 1 6 1.52969e+06 32.5019 25713.8 1.15737 4.79145e+06 1.52969e+06 ZonesAtSurface
4132.25 3273.43 491.305 1 6 2 5 1.1752e+06 27.7378 41835.8 1.24471 3.09522e+06 1.1752e+06 ZonesAtSurface
4182.31 3273.44 451.354 7 0 1 5 300780 21.5561 26642 1.11035 803275 300780 ZonesAtSurface
4232.37 3273.44 361.41 2 2 2 6 1.1612e+06 41.1743 89842.8 1.26055 4.17786e+06 1.1612e+06 ZonesAtSurface
4282.4 3273.44 271.458 1 1 1 7 1.51596e+06 39.7528 138334 1.15557 5.77289e+06 1.51596e+06 ZonesAtSurface
4332.4 3273.44 181.508 0 0 1 8 828161 36.3262 24409.1 1.00573 4.807e+06 828161 ZonesAtSurface
4382.46 3273.48 191.521 1 0 2 7 358475 24.3989 138936 1.27759 806729 358475 ZonesAtSurface
4432.39 3273.47 51.5811 7 0 1 9 1.27251e+06 43.1661 155877 1.68582 8.5677e+06 1.27251e+06 ZonesAtSurface
4482.43 3273.5 61.5987 0 3 1 8 1.62608e+06 43.0012 56368 1.33032 6.07367e+06 1.62608e+06 ZonesAtSurface
4532.33 3273.51 -28.3893 10 0 1 9 1.7822e+06 35.3107 161112 1.37969 1.28934e+07 1.7822e+06 ZonesAtSurface
4582.26 3273.54 -18.3342 22 0 1 8 368910 37.6048 35142.7 1.63124 3.91071e+06 368910 ZonesAtSurface
4632.16 3273.58 -8.27943 50 5 1 7 1.7689e+06 26.4733 152461 1.43723 4.41296e+06 1.7689e+06 ZonesAtSurface
4682.05 3273.61 1.78083 81 28 1 6 1.20128e+06 20.7362 102693 1.05929 3.20657e+06 1.20128e+06 ZonesAtSurface
4731.99 3273.61 11.8112 85 44 1 5 1.22009e+06 24.0447 104144 1.06458 3.42541e+06 1.22009e+06 ZonesAtSurface
4781.8 3273.66 21.8562 103 47 1 4 992068 16.8711 12087.8 1.0827 2.4989e+06 992068 ZonesAtSurface
4831.67 3273.72 31.8774 53 76 1 3 1.36102e+06 35.9595 177416 1.93601 2.61309e+06 1.36102e+06 ZonesAtSurface
4881.75 3273.72 41.8558 56 88 1 2 657273 44.3534 27198.4 1.24715 2.50492e+06 657273 ZonesAtSurface
4931.79 3273.73 51.8296 68 98 1 1 1.2062e+06 35.8886 159197 1.60551 2.74032e+06 1.2062e+06 ZonesAtSurface
81.818 3323.87 -19.5629 120 0 1 2 1.49442e+06 41.8561 11727.1 1.14993 9.10755e+06 1.49442e+06 ZonesAtSurface
131.569 3323.78 -44.4848 137 0 1 3 1.18685e+06 15.9423 108139 1.13167 5.12929e+06 1.18685e+06 ZonesAtSurface
181.342 3323.75 -19.3693 133 86 1 3 810640 33.5531 139022 1.39438 2.24588e+06 810640 ZonesAtSurface
231.223 3323.67 -44.4838 109 0 1 4 1.08768e+06 43.8237 171067 1.03889 5.95619e+06 1.08768e+06 ZonesAtSurface
281.045 3323.65 -19.4453 126 0 1 4 584678 16.0381 124467 1.25391 1.79294e+06 584678 ZonesAtSurface
331.008 3323.61 -44.4763 91 0 1 5 1.13641e+06 28.4302 167756 1.05502 7.10771e+06 1.13641e+06 ZonesAtSurface
380.883 3323.61 -19.458 105 57 1 5 1.45689e+06 17.9184 135429 1.28112 3.21837e+06 1.45689e+06 ZonesAtSurface
430.762 3323.56 -44.5742 87 0 1 6 485904 29.4356 160067 1.02688 4.2232e+06 485904 ZonesAtSurface
480.623 3323.55 -19.6014 83 18 1 6 811262 40.71 166275 1.58116 3.54467e+06 811262 ZonesAtSurface
530.597 3323.5 -44.6953 45 0 1 7 173021 32.8159 118862 1.13446 6.30158e+06 173021 ZonesAtSurface
580.499 3323.48 -19.7008 53 0 1 7 1.48589e+06 35.0807 88668.3 1.51097 5.98049e+06 1.48589e+06 ZonesAtSurface
630.514 3323.44 -44.8134 22 0 1 8 599430 20.5939 84082.3 1.04414 6.73139e+06 599430 ZonesAtSurface
680.45 3323.43 -19.8651 5 0 1 8 1.31682e+06 36.1877 161953 1.28346 1.44058e+07 1.31682e+06 ZonesAtSurface
730.257 3323.43 105.068 7 0 1 6 946281 39.5334 39945.1 1.1638 7.75183e+06 946281 ZonesAtSurface
780.226 3323.46 180.038 6 0 1 5 1.39964e+06 35.5914 133067 1.06416 7.29408e+06 1.39964e+06 ZonesAtSurface
830.232 3323.48 205.014 8 0 1 5 1.68014e+06 15.3264 122043 1.01421 6.08686e+06 1.68014e+06 ZonesAtSurface
880.22 3323.54 279.991 6 0 1 4 1.48982e+06 41.4245 63112.7 1.07849 6.56436e+06 1.48982e+06 ZonesAtSurface
930.233 3323.57 304.966 0 0 1 4 1.8038e+06 39.7184 130111 1.55524 7.23375e+06 1.8038e+06 ZonesAtSurface
980.243 3323.6 379.941 6 0 1 3 1.67015e+06 20.7894 155557 1.0326 5.14265e+06 1.67015e+06 ZonesAtSurface
1030.26 3323.61 354.923 5 0 1 4 1.13578e+06 39.8416 138448 1.07545 8.45283e+06 1.13578e+06 ZonesAtSurface
1080.28 3323.64 379.906 5 0 1 4 1.72964e+06 20.3947 142864 1.03388 7.08781e+06 1.72964e+06 ZonesAtSurface
1130.3 3323.67 404.89 10 0 1 4 680494 35.9627 86357.9 1.01353 6.24724e+06 680494 ZonesAtSurface
1180.34 3323.71 429.875 1 0 1 4 359724 27.4544 82164.4 1.01767 3.97808e+06 359724 ZonesAtSurface
1230.37 3323.73 454.868 10 0 1 4 1.46142e+06 42.9287 84846.5 1.05962 1.11667e+07 1.46142e+06 ZonesAtSurface
1280.35 3323.79 429.85 4 0 1 5 1.19097e+06 44.1759 24289.4 1.14609 1.68785e+07 1.19097e+06 ZonesAtSurface
1330.37 3323.83 454.846 6 0 1 5 1.20673e+06 19.4854 18687.7 1.08511 4.71297e+06 1.20673e+06 ZonesAtSurface
1380.38 3323.87 429.829 2 0 1 6 1.46487e+06 19.9425 29850.5 1.0044 8.71665e+06 1.46487e+06 ZonesAtSurface
1430.4 3323.9 454.829 10 0 1 6 651948 22.4896 105914 1.00248 7.91694e+06 651948 ZonesAtSurface
1480.45 3323.93 479.827 3 0 1 6 686615 27.912 41628.3 1.06892 5.07561e+06 686615 ZonesAtSurface
1530.6 3323.93 554.83 10 6 2 5 1.47866e+06 23.1615 14157.3 0.986733 4.53884e+06 1.47866e+06 ZonesAtSurface
1580.61 3323.97 529.828 8 0 1 6 1.22781e+06 34.9368 170268 1.11005 4.68377e+06 1.22781e+06 ZonesAtSurface
1630.48 3324.01 454.823 7 0 1 8 1.4134e+06 34.0714 145398 1.10056 1.57487e+07 1.4134e+06 ZonesAtSurface
1680.38 3324.05 379.813 1 0 1 10 388812 32.2638 53699.2 1.22629 2.31142e+07 388812 ZonesAtSurface
1730.32 3324.07 354.826 13 0 1 11 1.05251e+06 17.3507 135672 1.07725 1.66656e+07 1.05251e+06 ZonesAtSurface
1780.29 3324.09 379.878 8 0 1 11 312490 37.4088 38324.5 1.05519 2.15423e+07 312490 ZonesAtSurface
1830.27 3324.11 354.874 8 0 1 12 399713 15.1877 16451.1 1.02008 1.24906e+07 399713 ZonesAtSurface
1880.22 3324.12 329.876 0 0 1 13 1.56299e+06 34.5472 85906.3 1.67063 2.57981e+07 1.56299e+06 ZonesAtSurface
1930.17 3324.12 354.945 2 0 1 13 1.36618e+06 43.4698 119794 1.1211 2.59801e+07 1.36618e+06 ZonesAtSurface
1980.13 3324.13 329.901 0 0 1 14 1.62606e+06 33.2905 163326 1.61485 2.51053e+07 1.62606e+06 ZonesAtSurface
2030.04 3324.12 292.391 1 0 1 14 388540 40.6155 165927 2.71025 2.47038e+07 388540 ZonesAtSurface
2079.94 3324.12 292.438 4 0 1 12 1.2994e+06 35.4569 105481 1.48113 2.27572e+07 1.2994e+06 ZonesAtSurface
2129.82 3324.12 292.488 10 0 1 10 1.85021e+06 40.5616 101352 2.10364 1.89347e+07 1.85021e+06 ZonesAtSurface
2179.7 3324.11 242.457 8 0 1 9 1.20509e+06 22.5156 173701 1.36682 2.24086e+07 1.20509e+06 ZonesAtSurface
2229.27 3324.11 292.517 6 0 0 0 808485 44.6617 76591.4 1.26714 1.49701e+07 808485 ZonesAtSurface
2279.3 3324.04 242.484 8 0 0 0 997121 26.5726 51017 1.06513 2.56216e+07 997121 ZonesAtSurface
2329.23 3323.97 242.376 0 0 0 0 203586 43.0332 38246.1 1.87113 2.78603e+07 203586 ZonesAtSurface
2379.69 3323.96 42.1097 3 0 0 0 1.43547e+06 34.1008 40907.6 1.32374 5.76238e+07 1.43547e+06 ZonesAtSurface
2430.68 3323.77 -107.754 3 0 0 0 947143 28.3203 45365.6 1.08489 2.86724e+07 947143 ZonesAtSurface
2481.37 3323.53 -257.577 1 0 0 0 1.73706e+06 35.5735 173730 3.20654 1.40059e+07 1.73706e+06 ZonesAtSurface
2531.22 3323.51 -187.553 2 0 0 0 729503 29.4643 93500.2 1.41608 1.38456e+07 729503 ZonesAtSurface
2581.24 3323.44 -197.533 0 0 0 0 133905 28.328 64237.5 1.1906 1.36182e+07 133905 ZonesAtSurface
2631.14 3323.42 -157.525 0 0 0 0 1.79453e+06 35.7729 187581 1.69391 1.4005e+07 1.79453e+06 ZonesAtSurface
2681.16 3323.39 -167.524 0 0 0 0 988354 39.4837 12573.7 1.99106 1.42309e+07 988354 ZonesAtSurface
2730.97 3323.39 -77.544 3 0 0 0 932320 40.2723 188194 1.17901 1.36137e+07 932320 ZonesAtSurface
2781.11 3323.35 -137.53 0 0 0 0 1.81581e+06 34.2027 174031 1.75613 1.25989e+07 1.81581e+06 ZonesAtSurface
2831.05 3323.35 -97.5363 4 0 0 0 325023 23.8066 172768 1.00574 8.75022e+06 325023 ZonesAtSurface
2881.09 3323.34 -107.535 1 0 0 0 1.04314e+06 18.3681 145897 1.00465 8.98938e+06 1.04314e+06 ZonesAtSurface
2930.89 3323.37 32.4479 6 0 0 0 908614 26.26 111902 1.01965 5.96202e+06 908614 ZonesAtSurface
2980.95 3323.38 22.4467 8 0 0 0 278266 35.3649 78805.6 1.00694 7.70711e+06 278266 ZonesAtSurface
3030.94 3323.4 62.4401 7 0 0 0 1.09229e+06 21.212 36462.8 1.01264 6.65421e+06 1.09229e+06 ZonesAtSurface
3080.96 3323.4 102.43 8 0 0 0 442140 17.4726 165960 1.01474 3.82021e+06 442140 ZonesAtSurface
3130.99 3323.41 142.418 5 0 0 0 1.33056e+06 18.6958 73831.6 1.01158 5.43838e+06 1.33056e+06 ZonesAtSurface
3181.06 3323.46 132.418 2 0 0 0 809651 41.2622 80818.1 1.09955 1.08048e+07 809651 ZonesAtSurface
3231.07 3323.43 222.403 7 0 0 0 447530 24.4803 17507.7 1.01205 4.14838e+06 447530 ZonesAtSurface
3281.12 3323.45 212.4 5 0 1 9 372025 28.4854 72961.6 1.02919 6.49178e+06 372025 ZonesAtSurface
3331.16 3323.44 252.395 2 0 1 9 968339 15.6867 161761 1.09057 4.35255e+06 968339 ZonesAtSurface
3381.2 3323.44 292.385 7 3 2 9 876526 42.4404 177312 1.674 2.78623e+06 876526 ZonesAtSurface
3431.26 3323.43 332.384 0 10 2 9 1.86745e+06 38.4433 172773 2.65633 2.88045e+06 1.86745e+06 ZonesAtSurface
3481.32 3323.43 272.372 1 0 2 11 1.10348e+06 18.7728 61707.5 1.04297 3.54591e+06 1.10348e+06 ZonesAtSurface
3531.37 3323.43 362.365 0 8 2 10 877167 36.6292 23386.2 2.16452 1.687e+06 877167 ZonesAtSurface
3581.43 3323.43 352.352 10 0 1 11 149305 17.3173 79196.3 1.10337 493922 149305 ZonesAtSurface
3631.52 3323.42 342.35 6 0 2 12 820473 18.7586 132768 1.05878 2.20504e+06 820473 ZonesAtSurface
3681.59 3323.44 382.338 8 5 2 12 693905 27.9951 80013.9 1.16594 2.05481e+06 693905 ZonesAtSurface
3731.68 3323.39 272.364 1 0 1 15 1.07448e+06 21.7965 35018.3 1.00292 5.9402e+06 1.07448e+06 ZonesAtSurface
3781.74 3323.39 322.346 10 0 1 14 1.10775e+06 19.9639 119561 1.05987 4.62301e+06 1.10775e+06 ZonesAtSurface
3831.78 3323.38 382.328 6 0 2 12 874788 23.7728 152953 1.03918 2.96454e+06 874788 ZonesAtSurface
3881.86 3323.4 442.29 4 4 1 10 1.77164e+06 21.3317 108621 1.00884 5.0546e+06 1.77164e+06 ZonesAtSurface
3931.96 3323.42 502.232 10 0 2 8 333979 35.5967 96575.2 1.09984 1.73693e+06 333979 ZonesAtSurface
3982.06 3323.43 512.208 0 0 2 7 1.8475e+06 15.4756 153182 1.53809 3.2233e+06 1.8475e+06 ZonesAtSurface
4032.12 3323.44 522.229 0 6 1 6 1.64651e+06 15.3616 74489.6 1.52652 2.81478e+06 1.64651e+06 ZonesAtSurface
4082.19 3323.43 482.284 0 3 1 6 1.72964e+06 30.2629 81930 1.23448 4.77913e+06 1.72964e+06 ZonesAtSurface
4132.25 3323.44 492.307 1 2 2 5 727175 16.6535 156323 1.72452 1.1028e+06 727175 ZonesAtSurface
4182.31 3323.44 402.374 5 5 2 6 934266 42.3336 96035.1 1.22327 3.45397e+06 934266 ZonesAtSurface
4232.36 3323.45 362.416 4 7 1 6 1.81817e+06 38.4204 173403 1.71846 5.0209e+06 1.81817e+06 ZonesAtSurface
4282.39 3323.45 272.459 8 0 1 7 547510 19.175 89829.9 1.63475 1.84566e+06 547510 ZonesAtSurface
4332.42 3323.47 232.491 0 0 2 7 1.55092e+06 42.2169 94548.7 1.79868 5.36967e+06 1.55092e+06 ZonesAtSurface
4382.39 3323.45 92.5503 6 0 1 9 946877 31.0074 99356.2 1.01555 6.65898e+06 946877 ZonesAtSurface
4432.38 3323.47 52.5834 6 0 1 9 170426 31.647 91495.4 1.17061 6.29948e+06 170426 ZonesAtSurface
4482.36 3323.49 12.5987 1 0 2 9 1.89102e+06 32.392 100118 1.24556 8.17118e+06 1.89102e+06 ZonesAtSurface
4532.32 3323.51 -27.3916 4 0 1 9 1.87046e+06 39.0432 158574 1.93519 1.30712e+07 1.87046e+06 ZonesAtSurface
4582.26 3323.54 -17.3375 22 0 1 8 1.45729e+06 39.8236 167719 2.17254 6.03736e+06 1.45729e+06 ZonesAtSurface
4632.14 3323.58 -7.26961 61 5 1 7 1.19384e+06 19.6335 57272.3 1.20577 2.97907e+06 1.19384e+06 ZonesAtSurface
4682.04 3323.59 2.78436 53 1 1 6 176830 17.5462 140105 0 385809 176830 ZonesAtSurface
4732.01 3323.6 12.7897 77 30 1 5 713899 34.9342 53309 1.11605 2.37808e+06 713899 ZonesAtSurface
4781.89 3323.65 22.8291 103 37 1 4 668875 30.4969 48678.5 1.08556 2.19519e+06 668875 ZonesAtSurface
4831.68 3323.72 32.8785 79 67 1 3 611494 34.6292 30061.1 1.23624 1.88309e+06 611494 ZonesAtSurface
4881.77 3323.73 42.8548 109 69 1 2 320353 37.031 118618 0 794090 320353 ZonesAtSurface
4931.78 3323.75 52.8287 60 99 1 1 1.62098e+06 20.5798 119614 1.68436 2.74479e+06 1.62098e+06 ZonesAtSurface
81.8159 3373.88 -18.5624 118 0 1 2 1.44524e+06 25.0238 12159.9 1.0714 6.32858e+06 1.44524e+06 ZonesAtSurface
131.58 3373.77 -43.5016 134 0 1 3 1.30873e+06 17.2409 176918 1.07171 5.43996e+06 1.30873e+06 ZonesAtSurface
181.373 3373.74 -18.3807 132 106 1 3 1.53814e+06 33.9963 174756 1.34296 4.65166e+06 1.53814e+06 ZonesAtSurface
231.224 3373.67 -43.4742 121 0 1 4 1.30512e+06 23.5652 130679 1.02055 5.37849e+06 1.30512e+06 ZonesAtSurface
281.038 3373.65 -18.4317 115 0 1 4 278961 17.6662 184063 1.44444 954871 278961 ZonesAtSurface
330.979 3373.61 -43.4899 100 0 1 5 1.40366e+06 31.9065 156508 1.05915 7.35085e+06 1.40366e+06 ZonesAtSurface
380.849 3373.61 -18.4591 107 4 1 5 1.02895e+06 27.1617 186347 1.68658 2.36893e+06 1.02895e+06 ZonesAtSurface
430.736 3373.56 -43.5875 92 0 1 6 1.40127e+06 18.1073 75358.5 1.01927 5.17371e+06 1.40127e+06 ZonesAtSurface
480.595 3373.55 -18.6318 71 1 1 6 580140 30.5349 180450 1.41389 2.09451e+06 580140 ZonesAtSurface
530.583 3373.5 -43.7182 44 0 1 7 1.60917e+06 29.0339 30354 1.04898 8.26906e+06 1.60917e+06 ZonesAtSurface
580.486 3373.47 -18.7379 37 0 1 7 851354 30.4624 23197.7 1.05225 5.7563e+06 851354 ZonesAtSurface
630.423 3373.43 6.18634 7 0 1 7 817562 17.978 32734 1.02064 4.73626e+06 817562 ZonesAtSurface
680.381 3373.42 31.1188 6 0 1 7 1.70709e+06 22.0288 58736.9 1.13837 9.3593e+06 1.70709e+06 ZonesAtSurface
730.294 3373.43 106.076 2 0 1 6 1.7865e+06 41.7406 124254 1.16772 9.27694e+06 1.7865e+06 ZonesAtSurface
780.261 3373.46 181.041 4 0 1 5 1.47019e+06 38.3651 99851.2 1.12549 7.31857e+06 1.47019e+06 ZonesAtSurface
830.264 3373.48 206.014 2 0 1 5 370772 15.5562 35528.1 1.03491 3.04935e+06 370772 ZonesAtSurface
880.273 3373.51 230.989 4 0 1 5 581534 21.2644 59575.1 1.00829 4.85777e+06 581534 ZonesAtSurface
930.275 3373.56 305.966 0 0 2 4 1.43144e+06 44.6704 45928.8 1.79132 7.81313e+06 1.43144e+06 ZonesAtSurface
980.292 3373.57 330.943 1 0 1 4 1.64025e+06 28.6685 56988.8 1.06623 7.22288e+06 1.64025e+06 ZonesAtSurface
1030.32 3373.59 355.922 2 0 1 4 1.47893e+06 20.7826 44743.3 1.01234 6.16527e+06 1.47893e+06 ZonesAtSurface
1080.37 3373.62 430.902 7 0 2 3 470321 39.5879 153673 1.22096 1.57622e+06 470321 ZonesAtSurface
1130.4 3373.65 455.885 9 0 1 3 875707 20.902 147130 1.13095 3.0003e+06 875707 ZonesAtSurface
1180.43 3373.69 480.872 2 0 2 3 124210 44.4253 37911.8 2.31954 2.17162e+06 124210 ZonesAtSurface
1230.44 3373.72 455.861 3 0 2 4 903330 22.0812 167865 1.12803 4.83575e+06 903330 ZonesAtSurface
1280.46 3373.76 480.857 10 0 2 4 792643 28.7651 14393.9 1.39836 4.84282e+06 792643 ZonesAtSurface
1330.5 3373.8 505.854 10 5 2 4 1.64885e+06 21.7607 152091 1.84266 2.75779e+06 1.64885e+06 ZonesAtSurface
1380.47 3373.84 430.824 3 0 1 6 186320 41.9198 171456 1.10478 1.22757e+07 186320 ZonesAtSurface
1430.5 3373.87 455.822 4 0 1 6 1.8527e+06 38.1601 153806 1.02241 1.09522e+07 1.8527e+06 ZonesAtSurface
1480.64 3373.89 580.816 4 7 2 4 1.24007e+06 38.2249 57011 1.57012 3.26459e+06 1.24007e+06 ZonesAtSurface
1530.68 3373.91 555.814 6 8 2 5 1.50498e+06 43.1177 46247.6 1.11474 6.29224e+06 1.50498e+06 ZonesAtSurface
1580.7 3373.95 530.822 10 0 1 6 195580 29.6891 173687 1.00113 2.29923e+06 195580 ZonesAtSurface
1630.71 3373.98 505.827 5 0 1 7 593016 41.3036 83295.4 1.55841 1.72043e+06 593016 ZonesAtSurface
1680.52 3374.01 380.812 2 0 1 10 1.51616e+06 23.0322 66245.8 1.07091 1.38302e+07 1.51616e+06 ZonesAtSurface
1730.53 3374.02 405.85 3 0 1 10 191494 20.7038 55916.6 1.11527 1.31388e+07 191494 ZonesAtSurface
1780.47 3374.05 380.869 3 0 1 11 1.70399e+06 44.0277 36404.9 2.10181 1.9309e+07 1.70399e+06 ZonesAtSurface
1830.44 3374.07 355.872 0 0 1 12 262513 32.3306 37287.4 1.09476 1.84626e+07 262513 ZonesAtSurface
1880.42 3374.07 380.943 8 0 1 12 1.73707e+06 36.2168 30976.6 1.09905 1.47572e+07 1.73707e+06 ZonesAtSurface
1930.37 3374.08 355.935 9 0 1 13 401585 24.3154 155831 0.963956 1.45504e+07 401585 ZonesAtSurface
1980.41 3374.06 380.964 6 0 2 13 889946 21.7961 65318.8 0 2.30996e+06 889946 ZonesAtSurface
2030.25 3374.08 293.391 4 0 1 14 1.14657e+06 18.6734 105804 1.10682 1.96458e+07 1.14657e+06 ZonesAtSurface
2080.19 3374.07 293.431 6 0 1 12 516567 24.9075 88315.3 1.36984 1.96849e+07 516567 ZonesAtSurface
2130.03 3374.08 243.421 0 0 1 11 1.60997e+06 42.1377 18230.6 3.82873 3.24408e+07 1.60997e+06 ZonesAtSurface
2179.94 3374.07 243.453 7 0 1 9 1.39553e+06 30.3723 12305.9 1.72926 2.59251e+07 1.39553e+06 ZonesAtSurface
2229.58 3374.07 243.452 0 0 0 0 1.89662e+06 17.6591 16504.4 1.60866 1.23061e+07 1.89662e+06 ZonesAtSurface
2279.5 3373.99 243.49 10 0 0 0 1.36388e+06 20.0313 149700 1.03685 2.06489e+07 1.36388e+06 ZonesAtSurface
2329.48 3373.95 193.355 6 0 0 0 1.0465e+06 28.3754 90713.7 1.11177 3.8976e+07 1.0465e+06 ZonesAtSurface
2379.63 3373.92 93.1247 0 0 0 0 1.11108e+06 34.1931 87898.5 1.37505 5.59359e+07 1.11108e+06 ZonesAtSurface
2430.8 3373.75 -106.717 0 0 0 0 1.83724e+06 17.9921 158878 1.08081 2.00529e+07 1.83724e+06 ZonesAtSurface
2481.29 3373.57 -206.608 9 0 0 0 379538 43.6637 131670 2.77351 1.84933e+07 379538 ZonesAtSurface
2531.28 3373.5 -186.563 1 0 0 0 1.04627e+06 24.4829 109723 1.28903 1.38416e+07 1.04627e+06 ZonesAtSurface
2581.17 3373.45 -146.551 0 0 0 0 1.27718e+06 43.6424 127542 1.52435 1.59302e+07 1.27718e+06 ZonesAtSurface
2631.19 3373.41 -156.537 0 0 0 0 1.74378e+06 23.3759 101729 1.11791 1.3582e+07 1.74378e+06 ZonesAtSurface
2681.21 3373.38 -166.533 0 0 0 0 843168 28.784 137485 1.36815 1.33879e+07 843168 ZonesAtSurface
2731.02 3373.38 -76.5591 10 0 0 0 1.08064e+06 33.8148 81320.1 1.02674 1.31486e+07 1.08064e+06 ZonesAtSurface
2781.06 3373.36 -86.5548 0 0 0 0 895594 38.7199 140813 1.41704 1.31294e+07 895594 ZonesAtSurface
2831.02 3373.35 -46.5644 2 0 0 0 440421 29.9327 144659 1.05515 1.07928e+07 440421 ZonesAtSurface
2880.98 3373.34 -6.5676 0 0 0 0 906338 27.3206 101283 1.17734 9.45217e+06 906338 ZonesAtSurface
2930.89 3373.34 83.4183 9 0 0 0 711287 25.8809 32245.4 1.11674 5.85134e+06 711287 ZonesAtSurface
2981.01 3373.36 23.4386 10 0 0 0 698237 16.8164 61325.7 1.00828 5.89534e+06 698237 ZonesAtSurface
3030.96 3373.36 113.425 5 0 0 0 1.84706e+06 39.5445 72090.2 1.28335 8.58439e+06 1.84706e+06 ZonesAtSurface
3081.02 3373.38 103.425 0 0 0 0 1.34281e+06 37.6051 130127 1.00507 8.55086e+06 1.34281e+06 ZonesAtSurface
3131.05 3373.39 143.415 1 0 0 0 1.64855e+06 34.3013 173687 1.0201 8.70415e+06 1.64855e+06 ZonesAtSurface
3181.08 3373.41 183.406 0 0 0 0 709792 30.6541 153729 1.01181 5.83676e+06 709792 ZonesAtSurface
3231.11 3373.42 223.398 8 0 0 0 1.06285e+06 39.7741 64116.9 1.02089 7.15588e+06 1.06285e+06 ZonesAtSurface
3281.15 3373.43 263.398 10 0 1 8 1.23968e+06 27.1364 93013.5 1.08773 5.81636e+06 1.23968e+06 ZonesAtSurface
3331.18 3373.44 303.397 10 0 1 8 564081 25.8439 55052 1.11921 1.73125e+06 564081 ZonesAtSurface
3381.23 3373.44 293.383 0 2 2 9 1.75404e+06 34.2603 123333 2.27576 3.91705e+06 1.75404e+06 ZonesAtSurface
3431.28 3373.44 283.374 1 0 2 10 227421 36.4005 14019.6 1.04097 2.85952e+06 227421 ZonesAtSurface
3481.34 3373.43 273.372 0 0 1 11 392434 24.3026 163625 1.06264 3.31472e+06 392434 ZonesAtSurface
3531.39 3373.43 313.364 4 0 2 11 835800 18.5977 26962.7 1.1123 2.23193e+06 835800 ZonesAtSurface
3581.45 3373.44 353.357 0 4 2 11 1.78498e+06 21.8066 67318.8 1.58036 3.30499e+06 1.78498e+06 ZonesAtSurface
3631.53 3373.41 293.361 0 0 1 13 322117 43.6942 160052 1.02258 3.96371e+06 322117 ZonesAtSurface
3681.6 3373.41 283.359 2 0 1 14 733495 29.6511 130152 1.00395 6.30217e+06 733495 ZonesAtSurface
3731.66 3373.4 323.344 8 0 1 14 477077 19.1452 109420 1.00658 3.8504e+06 477077 ZonesAtSurface
3781.73 3373.39 373.324 7 0 2 13 607376 43.9976 16060.1 1.08105 4.42004e+06 607376 ZonesAtSurface
3831.77 3373.39 433.3 7 8 1 11 1.78561e+06 15.7644 155328 1.14757 4.03548e+06 1.78561e+06 ZonesAtSurface
3881.85 3373.41 493.251 0 1 2 9 1.36687e+06 27.2696 34986.2 1.16449 3.8441e+06 1.36687e+06 ZonesAtSurface
3931.95 3373.42 503.226 1 0 2 8 176013 34.6815 70249.6 1.17775 438270 176013 ZonesAtSurface
3982.05 3373.42 463.254 3 0 2 8 246200 33.6435 151568 1.03025 2.01158e+06 246200 ZonesAtSurface
4032.14 3373.43 473.256 7 0 1 7 135990 40.1812 143648 1.17649 3.11891e+06 135990 ZonesAtSurface
4082.19 3373.44 483.285 0 0 2 6 1.4469e+06 17.2879 116044 1.2949 3.67378e+06 1.4469e+06 ZonesAtSurface
4132.26 3373.44 443.332 5 0 2 6 239764 25.9408 134878 1.08536 1.43919e+06 239764 ZonesAtSurface
4182.31 3373.45 453.354 3 9 2 5 1.25424e+06 39.9691 185921 2.56451 2.38197e+06 1.25424e+06 ZonesAtSurface
4232.35 3373.44 313.43 0 3 1 7 1.68729e+06 39.8629 172971 1.53339 5.3181e+06 1.68729e+06 ZonesAtSurface
4282.38 3373.45 273.462 6 0 1 7 941610 38.4328 48557.5 1.78966 5.61134e+06 941610 ZonesAtSurface
4332.37 3373.44 133.519 9 0 1 9 695602 20.9873 47999 1.0824 4.64611e+06 695602 ZonesAtSurface
4382.42 3373.46 143.539 7 0 1 8 671758 39.8509 23928.8 1.09753 5.22857e+06 671758 ZonesAtSurface
4432.34 3373.46 3.57009 0 0 1 10 503806 32.8958 11449.2 2.46968 7.60097e+06 503806 ZonesAtSurface
4482.36 3373.48 13.6001 6 0 1 9 1.53711e+06 22.485 89237.4 1.09471 8.34087e+06 1.53711e+06 ZonesAtSurface
4532.32 3373.5 -26.3938 12 0 1 9 216264 28.6565 182341 1.07434 9.42605e+06 216264 ZonesAtSurface
4582.27 3373.54 -16.3458 25 0 1 8 927052 32.9618 17533.1 1.90187 3.79392e+06 927052 ZonesAtSurface
4632.11 3373.58 -6.26732 46 0 1 7 389037 31.2863 179126 0 1.07625e+06 389037 ZonesAtSurface
4682.03 3373.58 3.77536 43 27 1 6 1.73974e+06 40.8283 132580 1.40941 5.62223e+06 1.73974e+06 ZonesAtSurface
4732.01 3373.6 13.7891 32 44 1 5 1.81442e+06 40.0782 21723.4 1.72508 4.67204e+06 1.81442e+06 ZonesAtSurface
4781.95 3373.65 23.8049 107 11 1 4 738652 17.5281 173428 1.10227 1.83426e+06 738652 ZonesAtSurface
4831.74 3373.71 33.8653 71 74 1 3 954704 38.215 124152 1.47561 2.70202e+06 954704 ZonesAtSurface
4881.79 3373.73 43.8615 61 91 1 2 1.21031e+06 25.8687 26122.1 1.45142 2.66498e+06 1.21031e+06 ZonesAtSurface
4931.78 3373.76 53.8233 77 97 1 1 1.34834e+06 38.259 111656 1.45142 3.85969e+06 1.34834e+06 ZonesAtSurface
81.8089 3423.88 -17.5613 126 5 1 2 1.59767e+06 18.5601 27322.9 1.05841 5.2498e+06 1.59767e+06 ZonesAtSurface
131.594 3423.78 -42.5233 116 0 1 3 1.65229e+06 24.0603 167063 1.07483 7.40707e+06 1.65229e+06 ZonesAtSurface
181.408 3423.75 -17.392 120 34 1 3 895283 17.3611 51873 1.26383 2.18988e+06 895283 ZonesAtSurface
231.228 3423.67 -42.4676 120 0 1 4 1.53205e+06 27.2708 40061.2 1.01592 7.0926e+06 1.53205e+06 ZonesAtSurface
281.04 3423.65 -17.4311 120 65 1 4 1.71449e+06 19.7882 177521 1.45085 3.58672e+06 1.71449e+06 ZonesAtSurface
330.95 3423.61 -42.5224 88 0 1 5 1.24309e+06 41.4623 184855 1.11148 6.7889e+06 1.24309e+06 ZonesAtSurface
380.818 3423.62 -17.4872 83 14 1 5 1.48783e+06 16.4797 148405 1.8301 2.6626e+06 1.48783e+06 ZonesAtSurface
430.723 3423.57 -42.598 72 0 1 6 687127 17.0204 161143 1.01218 3.95439e+06 687127 ZonesAtSurface
480.584 3423.55 -17.644 63 20 1 6 1.88952e+06 23.9635 153928 1.30713 4.69114e+06 1.88952e+06 ZonesAtSurface
530.576 3423.5 -42.7373 29 0 1 7 666992 30.5333 114204 1.02488 6.29836e+06 666992 ZonesAtSurface
580.491 3423.48 -17.762 25 0 1 7 1.26177e+06 33.3779 61857 1.03642 7.37844e+06 1.26177e+06 ZonesAtSurface
630.435 3423.45 7.17844 5 0 1 7 1.40592e+06 28.4652 60072.8 1.03332 7.94504e+06 1.40592e+06 ZonesAtSurface
680.399 3423.43 32.1299 2 0 1 7 1.18985e+06 37.2299 110645 1.19662 1.02006e+07 1.18985e+06 ZonesAtSurface
730.317 3423.44 107.082 3 0 2 6 421300 20.4262 100310 1.03735 3.78062e+06 421300 ZonesAtSurface
780.322 3423.45 132.049 1 0 1 6 263059 25.1785 151322 1.00511 5.56366e+06 263059 ZonesAtSurface
830.298 3423.48 207.014 2 0 1 5 1.83924e+06 34.7347 69902.8 1.16869 8.22173e+06 1.83924e+06 ZonesAtSurface
880.308 3423.5 231.989 1 0 1 5 1.38688e+06 31.7098 82219.1 1.02017 7.59615e+06 1.38688e+06 ZonesAtSurface
930.321 3423.54 306.967 10 0 1 4 639839 43.7569 114244 1.14906 7.96188e+06 639839 ZonesAtSurface
980.344 3423.56 331.943 3 0 1 4 930568 26.6003 82669.5 1.02628 5.16653e+06 930568 ZonesAtSurface
1030.39 3423.59 406.919 8 8 1 3 1.3091e+06 23.6148 138141 1.05421 3.72525e+06 1.3091e+06 ZonesAtSurface
1080.4 3423.6 381.901 0 0 1 4 1.30194e+06 25.6262 49896.5 1.01106 5.79114e+06 1.30194e+06 ZonesAtSurface
1130.43 3423.64 406.882 3 0 1 4 1.05736e+06 29.9682 117063 1.01271 6.0558e+06 1.05736e+06 ZonesAtSurface
1180.46 3423.67 431.866 6 0 1 4 1.05103e+06 37.7522 92805.9 1.02299 7.87272e+06 1.05103e+06 ZonesAtSurface
1230.48 3423.7 406.852 2 0 1 5 389883 34.247 175570 1.01297 9.16458e+06 389883 ZonesAtSurface
1280.51 3423.73 431.84 8 0 1 5 597672 40.6272 84075.9 1.01031 1.23941e+07 597672 ZonesAtSurface
1330.52 3423.77 406.825 2 0 1 6 839660 21.0391 170630 1.00313 9.29967e+06 839660 ZonesAtSurface
1380.55 3423.81 431.818 8 0 1 6 1.44116e+06 27.1988 134663 1.02832 1.25537e+07 1.44116e+06 ZonesAtSurface
1430.58 3423.84 456.813 3 0 1 6 1.30984e+06 27.844 40010.8 1.01194 8.37481e+06 1.30984e+06 ZonesAtSurface
1480.66 3423.87 531.811 3 0 1 5 450333 27.9088 13815.4 1.04547 1.7108e+06 450333 ZonesAtSurface
1530.69 3423.9 506.804 0 0 1 6 1.54709e+06 20.4281 108842 1.03888 5.80014e+06 1.54709e+06 ZonesAtSurface
1580.72 3423.93 481.813 5 0 1 7 957657 20.6166 121997 1.04654 6.17907e+06 957657 ZonesAtSurface
1630.72 3423.96 456.82 6 0 1 8 1.85771e+06 24.058 144766 1.05426 1.21988e+07 1.85771e+06 ZonesAtSurface
1680.68 3423.98 431.839 5 0 1 9 1.28222e+06 44.4991 179952 1.37721 2.02646e+07 1.28222e+06 ZonesAtSurface
1730.66 3424 406.852 3 0 1 10 789648 42.5574 59207.7 1.04424 1.967e+07 789648 ZonesAtSurface
1780.62 3424.02 381.858 8 0 1 11 1.36194e+06 33.3342 125534 1.53904 2.16313e+07 1.36194e+06 ZonesAtSurface
1830.58 3424.04 356.867 1 0 1 12 1.73999e+06 31.3865 49390.3 1.24562 2.19252e+07 1.73999e+06 ZonesAtSurface
1880.58 3424.04 381.93 8 0 1 12 723602 34.566 64740.3 0.974249 1.03325e+07 723602 ZonesAtSurface
1930.56 3424.04 356.926 5 0 1 13 1.68615e+06 32.8445 82685.3 1.01806 1.79821e+07 1.68615e+06 ZonesAtSurface
1980.51 3424.04 331.896 0 0 1 14 730848 16.6572 164968 1.00553 1.52647e+07 730848 ZonesAtSurface
2030.51 3424.02 344.427 2 0 1 13 286929 43.2628 128424 2.35016 2.26734e+07 286929 ZonesAtSurface
2080.39 3424.02 294.426 7 0 1 12 212298 20.7796 166480 1.2414 1.99735e+07 212298 ZonesAtSurface
2130.26 3424.03 294.471 10 0 1 10 407515 38.9796 174646 2.08492 1.33882e+07 407515 ZonesAtSurface
2180.15 3424.02 244.446 14 0 1 9 655909 18.1649 170672 1.49585 1.82336e+07 655909 ZonesAtSurface
2229.66 3424.02 294.509 6 0 0 0 1.10713e+06 24.7318 94440.5 1.64829 1.16402e+07 1.10713e+06 ZonesAtSurface
2279.64 3423.92 294.514 9 0 0 0 778390 39.3137 144306 1.2357 9.83625e+06 778390 ZonesAtSurface
2329.69 3423.9 194.374 0 0 0 0 1.47873e+06 43.6329 177226 2.46196 3.88614e+07 1.47873e+06 ZonesAtSurface
2380.08 3423.88 44.2065 10 0 0 0 1.10324e+06 39.419 99758.8 1.85249 5.45291e+07 1.10324e+06 ZonesAtSurface
2430.62 3423.77 -55.7852 9 0 0 0 1.01577e+06 20.4515 115847 1.01585 2.85039e+07 1.01577e+06 ZonesAtSurface
2481.35 3423.55 -205.597 6 0 0 0 598463 21.697 55644 1.33133 1.31028e+07 598463 ZonesAtSurface
2531.45 3423.47 -235.55 0 0 0 0 1.55626e+06 40.2405 133620 6.08887 1.03886e+07 1.55626e+06 ZonesAtSurface
2581.22 3423.45 -145.562 6 0 0 0 291941 15.8742 137989 1.0058 8.15518e+06 291941 ZonesAtSurface
2631.24 3423.41 -155.547 0 0 0 0 1.36863e+06 37.7632 129897 2.60855 1.31188e+07 1.36863e+06 ZonesAtSurface
2681.15 3423.39 -115.557 0 0 0 0 1.25406e+06 43.4726 70665.9 2.22513 1.46899e+07 1.25406e+06 ZonesAtSurface
2731.08 3423.37 -75.5732 0 0 0 0 738557 35.7718 135153 1.28458 1.313e+07 738557 ZonesAtSurface
2781.12 3423.34 -85.5683 2 0 0 0 429964 30.9668 41645.7 1.02225 1.25027e+07 429964 ZonesAtSurface
2830.99 3423.34 4.39681 3 0 0 0 1.62896e+06 43.0998 100814 1.26454 1.2173e+07 1.62896e+06 ZonesAtSurface
2881.04 3423.33 -5.58347 1 0 0 0 1.03164e+06 22.6453 172717 1.02965 9.17633e+06 1.03164e+06 ZonesAtSurface
2931.08 3423.33 -15.5666 0 0 0 0 1.50665e+06 32.6217 91693.9 1.12738 1.2344e+07 1.50665e+06 ZonesAtSurface
2981.01 3423.34 74.4224 0 0 0 0 1.89456e+06 41.5695 76017 1.78582 9.98629e+06 1.89456e+06 ZonesAtSurface
3031.06 3423.36 64.4272 0 0 0 0 1.8418e+06 21.2006 177653 1.0075 9.5986e+06 1.8418e+06 ZonesAtSurface
3081.07 3423.37 104.42 2 0 0 0 335756 29.3355 75972.6 1.0034 7.59748e+06 335756 ZonesAtSurface
3131.09 3423.38 144.411 2 0 0 0 1.01357e+06 27.8944 143827 1.02262 8.37649e+06 1.01357e+06 ZonesAtSurface
3181.12 3423.4 184.403 3 0 0 0 411017 42.2067 79543 1.06286 8.25247e+06 411017 ZonesAtSurface
3231.15 3423.42 224.396 0 0 0 0 1.68479e+06 40.4224 80115.8 1.82334 7.12803e+06 1.68479e+06 ZonesAtSurface
3281.18 3423.43 264.394 7 0 1 8 1.7399e+06 18.6136 63664.5 1.01465 5.60439e+06 1.7399e+06 ZonesAtSurface
3331.21 3423.44 304.394 5 5 2 8 624904 39.6885 158638 1.10097 2.06353e+06 624904 ZonesAtSurface
3381.25 3423.45 294.383 0 2 2 9 1.79703e+06 44.1111 65078.2 2.47065 4.3566e+06 1.79703e+06 ZonesAtSurface
3431.3 3423.45 284.375 1 1 2 10 584365 21.4882 94222.3 1.01595 1.602e+06 584365 ZonesAtSurface
3481.33 3423.47 374.377 9 8 2 9 343764 40.3657 26064.8 2.3484 814143 343764 ZonesAtSurface
3531.4 3423.44 314.368 13 0 1 11 871594 42.236 144621 1.07577 3.54081e+06 871594 ZonesAtSurface
3581.47 3423.43 304.36 7 0 1 12 432042 42.2456 85156.9 1.03917 4.91626e+06 432042 ZonesAtSurface
3631.53 3423.42 294.356 6 0 1 13 895063 20.6066 125992 1.01951 4.31391e+06 895063 ZonesAtSurface
3681.61 3423.41 284.359 2 0 1 14 1.3698e+06 29.6243 69582.4 1.0042 8.07411e+06 1.3698e+06 ZonesAtSurface
3731.65 3423.41 374.321 10 0 1 13 439514 20.4396 160550 1.08878 1.14231e+06 439514 ZonesAtSurface
3781.69 3423.41 474.284 0 5 1 11 1.24225e+06 37.8974 10551.2 1.69776 3.09981e+06 1.24225e+06 ZonesAtSurface
3831.78 3423.42 484.254 8 10 1 10 1.2642e+06 43.0549 121167 1.59256 3.79569e+06 1.2642e+06 ZonesAtSurface
3881.85 3423.42 494.243 6 0 1 9 237349 27.1233 26521.6 1.06325 1.4334e+06 237349 ZonesAtSurface
3931.96 3423.42 504.22 6 3 2 8 1.06074e+06 20.8212 103509 1.11273 2.73841e+06 1.06074e+06 ZonesAtSurface
3982.04 3423.42 464.256 5 0 1 8 797303 25.8348 19507 1.07329 2.71935e+06 797303 ZonesAtSurface
4032.11 3423.44 524.234 4 10 2 6 1.62743e+06 15.109 182730 1.48538 2.80028e+06 1.62743e+06 ZonesAtSurface
4082.19 3423.44 484.285 1 5 2 6 1.03829e+06 21.9957 28218.6 1.32767 2.37332e+06 1.03829e+06 ZonesAtSurface
4132.26 3423.44 444.333 1 0 2 6 416759 28.9053 179598 1.05626 1.96984e+06 416759 ZonesAtSurface
4182.31 3423.43 354.396 0 0 2 7 926812 44.5276 127364 1.3917 4.54713e+06 926812 ZonesAtSurface
4232.36 3423.45 364.417 8 0 1 6 935013 23.5763 10973.2 1.30025 2.91914e+06 935013 ZonesAtSurface
4282.38 3423.45 274.468 2 0 1 7 676537 42.1661 56519.3 1.26081 4.77973e+06 676537 ZonesAtSurface
4332.4 3423.45 234.508 7 0 1 7 1.21971e+06 30.9309 140650 1.61724 4.01726e+06 1.21971e+06 ZonesAtSurface
4382.42 3423.45 144.539 2 0 2 8 1.28907e+06 32.8599 113196 1.15799 5.39286e+06 1.28907e+06 ZonesAtSurface
4432.34 3423.46 4.5694 0 0 1 10 720214 44.6429 22469.5 3.67518 7.8243e+06 720214 ZonesAtSurface
4482.4 3423.45 64.6098 10 0 2 8 766898 35.1531 131964 1.52692 2.4113e+06 766898 ZonesAtSurface
4532.32 3423.5 -25.3994 9 0 1 9 1.57629e+06 21.9169 98817.5 1.32627 9.74875e+06 1.57629e+06 ZonesAtSurface
4582.28 3423.53 -15.3588 34 0 1 8 532903 29.8736 18903.6 1.88035 5.84605e+06 532903 ZonesAtSurface
4632.15 3423.57 -5.28686 33 0 1 7 1.27845e+06 36.3686 76369 1.19948 5.20964e+06 1.27845e+06 ZonesAtSurface
4682.08 3423.59 4.73878 44 21 1 6 1.31669e+06 42.3151 154755 1.61872 3.89821e+06 1.31669e+06 ZonesAtSurface
4732.02 3423.61 14.7751 83 34 1 5 1.14132e+06 18.4116 42416.5 1.32321 2.42508e+06 1.14132e+06 ZonesAtSurface
4781.97 3423.65 24.7933 111 28 1 4 485746 26.7203 22748.7 1.41066 1.24151e+06 485746 ZonesAtSurface
4831.84 3423.71 34.8417 87 61 1 3 911414 19.7279 159324 1.32919 1.87472e+06 911414 ZonesAtSurface
4881.79 3423.75 44.8715 48 92 1 2 1.31884e+06 33.9175 32905.9 1.84264 2.69522e+06 1.31884e+06 ZonesAtSurface
4931.77 3423.77 54.8303 108 80 1 1 242207 37.7393 27251.8 1.56692 680523 242207 ZonesAtSurface
81.8063 3473.89 -16.5607 108 0 1 2 1.0627e+06 23.6299 167771 1.06504 4.85133e+06 1.0627e+06 ZonesAtSurface
131.601 3473.79 -41.5234 110 0 1 3 1.37278e+06 36.064 172217 1.10952 7.38883e+06 1.37278e+06 ZonesAtSurface
181.418 3473.75 -16.3807 111 0 1 3 629477 33.4502 184704 1.54649 2.92459e+06 629477 ZonesAtSurface
231.228 3473.68 -41.4676 103 0 1 4 1.56358e+06 18.5241 151802 1.04462 5.36451e+06 1.56358e+06 ZonesAtSurface
281.041 3473.66 -16.4356 104 65 1 4 1.58479e+06 16.1363 23077.5 1.50235 3.29564e+06 1.58479e+06 ZonesAtSurface
330.933 3473.62 -41.5428 84 0 1 5 423337 42.4119 48248 1.11253 7.19229e+06 423337 ZonesAtSurface
380.802 3473.62 -16.5182 85 59 1 5 1.87649e+06 26.426 85883.6 1.64189 4.49117e+06 1.87649e+06 ZonesAtSurface
430.734 3473.58 -41.6074 62 0 1 6 1.36075e+06 38.9105 91234.7 1.02101 9.55684e+06 1.36075e+06 ZonesAtSurface
480.616 3473.56 -16.6384 54 0 1 6 654831 39.4678 14369.9 2.12126 2.03828e+06 654831 ZonesAtSurface
530.582 3473.5 -41.7381 36 0 1 7 1.76786e+06 29.5589 74863.1 1.01908 7.63555e+06 1.76786e+06 ZonesAtSurface
580.5 3473.48 -16.7655 32 0 1 7 1.25975e+06 40.7528 149768 1.03407 7.81088e+06 1.25975e+06 ZonesAtSurface
630.527 3473.46 -41.8296 8 0 1 8 407755 21.3741 69723.1 1.01439 7.80785e+06 407755 ZonesAtSurface
680.41 3473.44 33.1366 7 0 1 7 578716 33.0437 86216.9 1.0188 8.15704e+06 578716 ZonesAtSurface
730.339 3473.45 108.085 9 0 2 6 1.88848e+06 37.1848 85896.7 1.27343 8.60252e+06 1.88848e+06 ZonesAtSurface
780.342 3473.45 133.05 4 0 1 6 1.07078e+06 32.1513 93706.7 1.11917 8.22953e+06 1.07078e+06 ZonesAtSurface
830.328 3473.47 208.014 0 0 1 5 1.4492e+06 37.0138 77792.9 1.60972 7.14583e+06 1.4492e+06 ZonesAtSurface
880.334 3473.51 282.992 5 0 2 4 1.39424e+06 28.4 135103 1.0366 5.34474e+06 1.39424e+06 ZonesAtSurface
930.355 3473.53 307.966 3 0 2 4 1.19826e+06 29.2881 177967 1.04686 4.62021e+06 1.19826e+06 ZonesAtSurface
980.387 3473.57 382.939 0 5 1 3 1.41088e+06 32.2975 188443 2.26018 2.72777e+06 1.41088e+06 ZonesAtSurface
1030.43 3473.61 457.908 0 10 2 2 1.29709e+06 32.9092 97538.6 2.82923 1.76319e+06 1.29709e+06 ZonesAtSurface
1080.44 3473.61 432.897 3 5 1 3 1.47327e+06 28.5124 37580.9 1.29038 3.85648e+06 1.47327e+06 ZonesAtSurface
1130.47 3473.63 457.879 4 2 1 3 628732 40.7474 94923.1 1.06815 2.27981e+06 628732 ZonesAtSurface
1180.52 3473.65 482.864 0 7 2 3 1.64472e+06 35.0029 181237 1.33373 4.48362e+06 1.64472e+06 ZonesAtSurface
1230.55 3473.67 457.853 4 0 1 4 244906 44.3237 73616.4 1.03789 3.64545e+06 244906 ZonesAtSurface
1280.57 3473.7 432.839 2 0 1 5 1.03824e+06 27.5889 30583 1.01788 8.11424e+06 1.03824e+06 ZonesAtSurface
1330.59 3473.74 407.824 1 0 1 6 360930 32.5772 110730 1.02192 1.11805e+07 360930 ZonesAtSurface
1380.63 3473.78 432.816 2 0 1 6 990323 20.7129 101307 1.03102 9.01603e+06 990323 ZonesAtSurface
1430.64 3473.81 407.803 0 0 1 7 1.81433e+06 43.3958 27888.1 2.33559 1.38452e+07 1.81433e+06 ZonesAtSurface
1480.73 3473.84 532.803 3 3 1 5 950183 32.6044 107306 1.04742 3.18344e+06 950183 ZonesAtSurface
1530.83 3473.86 557.79 8 0 2 5 397358 18.3087 148521 1.09213 1.53723e+06 397358 ZonesAtSurface
1580.86 3473.89 532.804 2 0 1 6 522133 23.2729 71772.7 1.08707 3.17599e+06 522133 ZonesAtSurface
1630.88 3473.92 507.823 5 0 1 7 1.33021e+06 42.2064 145654 1.17249 6.19676e+06 1.33021e+06 ZonesAtSurface
1680.86 3473.95 482.852 9 0 1 8 689367 24.9781 97304.2 1.09969 8.98092e+06 689367 ZonesAtSurface
1730.93 3473.97 507.889 5 4 1 8 358965 20.6844 99761.9 0 1.04584e+06 358965 ZonesAtSurface
1780.8 3473.98 432.891 6 0 1 10 305767 33.6049 121142 1.07912 6.91401e+06 305767 ZonesAtSurface
1830.86 3473.98 457.933 4 0 1 10 1.6851e+06 16.2193 44879.6 1.11557 4.01095e+06 1.6851e+06 ZonesAtSurface
1880.74 3474.01 382.922 5 0 1 12 1.20383e+06 33.5312 176132 1.02728 1.54819e+07 1.20383e+06 ZonesAtSurface
1930.87 3473.99 457.993 3 8 2 11 755480 40.0652 168245 1.6954 1.86868e+06 755480 ZonesAtSurface
1980.74 3474 382.95 6 0 1 13 1.54842e+06 44.9425 117520 1.10699 1.24075e+07 1.54842e+06 ZonesAtSurface
2030.66 3473.99 345.425 5 0 1 13 1.66105e+06 42.9753 150664 3.48073 2.15788e+07 1.66105e+06 ZonesAtSurface
2080.53 3473.99 295.422 0 0 1 12 1.86745e+06 32.5017 178128 2.63513 2.05777e+07 1.86745e+06 ZonesAtSurface
2130.45 3473.98 295.467 5 0 1 10 1.01687e+06 44.0835 12598 2.16034 2.15584e+07 1.01687e+06 ZonesAtSurface
2180.3 3473.99 245.445 3 0 1 9 1.27114e+06 29.8904 78890.3 1.952 2.87457e+07 1.27114e+06 ZonesAtSurface
2229.98 3473.98 245.458 1 0 0 0 1.61571e+06 25.3223 95604.2 1.24938 2.3259e+07 1.61571e+06 ZonesAtSurface
2279.88 3473.9 245.501 1 0 0 0 412987 24.9015 102330 1.05739 2.43533e+07 412987 ZonesAtSurface
2329.89 3473.86 195.395 5 0 0 0 828529 29.212 125543 1.16695 3.45477e+07 828529 ZonesAtSurface
2380.81 3473.78 -54.6797 0 0 0 0 174008 42.8391 94412.4 2.19424 3.54876e+07 174008 ZonesAtSurface
2431.01 3473.69 -104.67 1 0 0 0 1.38118e+06 15.3478 101764 1.06458 1.65549e+07 1.38118e+06 ZonesAtSurface
2481.24 3473.58 -154.64 7 0 0 0 852953 27.549 37412.4 1.34578 1.82342e+07 852953 ZonesAtSurface
2531.24 3473.51 -134.605 0 0 0 0 1.03062e+06 36.6432 181559 1.84878 1.57195e+07 1.03062e+06 ZonesAtSurface
2581.27 3473.44 -144.571 0 0 0 0 461232 37.6144 140892 2.08122 1.41524e+07 461232 ZonesAtSurface
2631.16 3473.41 -104.577 9 0 0 0 259522 23.4282 101237 1.01336 1.01761e+07 259522 ZonesAtSurface
2681.2 3473.38 -114.567 2 0 0 0 791059 24.9964 123770 1.03661 1.33332e+07 791059 ZonesAtSurface
2731.13 3473.35 -74.5851 0 0 0 0 1.50208e+06 38.2871 122428 1.8123 1.32854e+07 1.50208e+06 ZonesAtSurface
2781.17 3473.33 -84.5812 1 0 0 0 498951 15.303 122757 1.00256 7.53894e+06 498951 ZonesAtSurface
2831.04 3473.32 5.38092 8 0 0 0 1.61892e+06 28.5561 59995.2 1.02923 1.11319e+07 1.61892e+06 ZonesAtSurface
2881.02 3473.3 45.3862 0 0 0 0 964096 39.9222 158848 1.19262 1.13271e+07 964096 ZonesAtSurface
2931.01 3473.29 85.3967 9 0 0 0 618799 21.471 143857 1.07868 6.09048e+06 618799 ZonesAtSurface
2981.07 3473.32 75.4156 0 0 0 0 1.64365e+06 31.1267 141688 1.27969 9.98735e+06 1.64365e+06 ZonesAtSurface
3031.04 3473.3 165.401 9 0 0 0 255605 29.7015 11865.8 1.0022 4.2683e+06 255605 ZonesAtSurface
3081.09 3473.33 155.405 10 0 0 0 1.20498e+06 30.4111 72803.9 1.02405 8.26035e+06 1.20498e+06 ZonesAtSurface
3131.11 3473.35 195.397 9 0 0 0 1.13972e+06 31.4374 173432 1.01748 6.51532e+06 1.13972e+06 ZonesAtSurface
3181.14 3473.38 235.39 10 0 0 0 441365 15.5142 82977.7 0.964161 2.85279e+06 441365 ZonesAtSurface
3231.18 3473.42 225.393 0 0 0 0 1.19659e+06 42.6897 93347.4 2.12196 6.83631e+06 1.19659e+06 ZonesAtSurface
3281.21 3473.43 265.391 5 0 1 8 122325 17.44 161973 1.01453 1.97408e+06 122325 ZonesAtSurface
3331.24 3473.45 305.391 0 6 2 8 1.84442e+06 32.3956 117459 1.51468 4.40179e+06 1.84442e+06 ZonesAtSurface
3381.28 3473.47 345.395 0 8 2 8 1.52109e+06 35.8892 20932.8 2.69745 2.19831e+06 1.52109e+06 ZonesAtSurface
3431.31 3473.48 335.385 0 2 2 9 1.79936e+06 44.0058 43975.2 2.47933 3.42453e+06 1.79936e+06 ZonesAtSurface
3481.35 3473.47 325.374 6 2 2 10 556154 21.4414 160056 1.5458 1.07385e+06 556154 ZonesAtSurface
3531.41 3473.45 315.367 0 0 2 11 530076 36.7587 183757 1.01541 3.10433e+06 530076 ZonesAtSurface
3581.43 3473.45 405.341 6 7 2 10 135987 41.3969 120884 0 131756 135987 ZonesAtSurface
3631.51 3473.43 395.331 5 2 2 11 222206 29.4141 93877.9 0.984311 595238 222206 ZonesAtSurface
3681.58 3473.42 385.326 0 5 1 12 1.45674e+06 37.0567 76115.2 1.8377 3.31194e+06 1.45674e+06 ZonesAtSurface
3731.64 3473.43 425.3 0 9 2 12 1.34082e+06 39.6423 109810 1.89502 3.13166e+06 1.34082e+06 ZonesAtSurface
3781.69 3473.44 475.282 0 2 1 11 1.28003e+06 33.4071 121872 1.31949 3.5943e+06 1.28003e+06 ZonesAtSurface
3831.79 3473.45 585.152 0 7 2 8 1.23515e+06 29.8513 33019.7 1.51506 2.78722e+06 1.23515e+06 ZonesAtSurface
3881.87 3473.44 545.183 0 8 2 8 829619 41.94 15030.3 1.65125 2.35141e+06 829619 ZonesAtSurface
3931.95 3473.44 555.181 0 9 2 7 780852 42.4227 148888 2.29647 1.37989e+06 780852 ZonesAtSurface
3982.03 3473.44 565.185 0 6 2 6 1.83492e+06 18.3613 83260 2.49036 2.06551e+06 1.83492e+06 ZonesAtSurface
4032.11 3473.44 525.233 0 9 2 6 1.058e+06 31.8114 127921 2.02265 1.9256e+06 1.058e+06 ZonesAtSurface
4082.15 3473.45 535.265 2 3 1 5 648423 40.8328 177021 2.13221 1.32634e+06 648423 ZonesAtSurface
4132.23 3473.45 495.312 0 8 2 5 1.74898e+06 44.5122 84200.9 6.83731 1.16588e+06 1.74898e+06 ZonesAtSurface
4182.31 3473.46 455.353 2 8 1 5 986814 22.3978 137531 2.35281 1.19583e+06 986814 ZonesAtSurface
4232.35 3473.45 315.435 7 0 1 7 1.10355e+06 20.9039 109055 1.12589 3.4372e+06 1.10355e+06 ZonesAtSurface
4282.38 3473.46 275.473 0 0 1 7 1.84284e+06 29.878 139181 2.26877 3.9732e+06 1.84284e+06 ZonesAtSurface
4332.41 3473.46 235.509 3 0 1 7 578256 22.593 185593 1.2974 1.68014e+06 578256 ZonesAtSurface
4382.44 3473.46 195.542 10 0 1 7 272547 29.8679 181169 1.20372 1.45433e+06 272547 ZonesAtSurface
4432.42 3473.45 105.579 7 0 1 8 1.30326e+06 27.1487 94703.8 1.22841 5.79706e+06 1.30326e+06 ZonesAtSurface
4482.41 3473.47 65.6072 10 1 1 8 1.47667e+06 44.9858 176411 1.2707 5.8829e+06 1.47667e+06 ZonesAtSurface
4532.32 3473.5 -24.4032 0 0 1 9 308024 41.077 92496 3.47676 8.21806e+06 308024 ZonesAtSurface
4582.29 3473.53 -14.3698 21 0 1 8 876740 33.109 120332 1.10062 1.29269e+07 876740 ZonesAtSurface
4632.19 3473.58 -4.30818 26 0 1 7 1.64366e+06 30.6468 188628 1.43815 5.0657e+06 1.64366e+06 ZonesAtSurface
4682.14 3473.59 5.71383 51 0 1 6 522898 32.3007 108036 1.22155 2.24383e+06 522898 ZonesAtSurface
4732.01 3473.63 15.755 59 26 1 5 853438 42.3414 137018 1.1515 3.08162e+06 853438 ZonesAtSurface
4781.96 3473.66 25.7874 77 45 1 4 1.38185e+06 19.9733 187079 1.20979 3.17741e+06 1.38185e+06 ZonesAtSurface
4831.85 3473.71 35.8366 46 71 1 3 1.4343e+06 37.391 49779.2 2.12832 2.8647e+06 1.4343e+06 ZonesAtSurface
4881.79 3473.77 45.8807 31 94 1 2 1.18147e+06 33.5613 70163.8 2.67436 1.62369e+06 1.18147e+06 ZonesAtSurface
4931.8 3473.78 55.8292 100 79 2 1 826277 21.7765 49369.3 1.16161 2.17773e+06 826277 ZonesAtSurface
81.8011 3523.89 -15.5641 113 0 1 2 565685 28.0633 22876.5 1.091 4.91585e+06 565685 ZonesAtSurface
131.612 3523.8 -40.5088 115 0 1 3 1.28597e+06 42.3274 21567.7 1.11543 8.72999e+06 1.28597e+06 ZonesAtSurface
181.439 3523.76 -15.3711 117 0 1 3 727093 42.2379 92555.2 1.58115 3.67263e+06 727093 ZonesAtSurface
231.234 3523.68 -40.4787 103 0 1 4 725970 20.9022 83782.1 1.06924 3.73345e+06 725970 ZonesAtSurface
281.057 3523.67 -15.4299 103 17 1 4 1.18588e+06 20.0728 171718 1.5592 2.52426e+06 1.18588e+06 ZonesAtSurface
330.931 3523.63 -40.5466 94 0 1 5 847182 24.1007 36531.6 1.03947 5.18894e+06 847182 ZonesAtSurface
380.802 3523.63 -15.5372 73 70 2 5 1.81464e+06 38.5923 27506 1.78926 5.31696e+06 1.81464e+06 ZonesAtSurface
430.749 3523.58 -40.6175 71 0 1 6 611506 36.3561 148188 1.0488 6.73223e+06 611506 ZonesAtSurface
480.649 3523.57 -15.6323 58 31 1 6 1.80109e+06 25.7865 101685 1.31087 4.70934e+06 1.80109e+06 ZonesAtSurface
530.596 3523.51 -40.7238 40 0 1 7 1.89141e+06 33.6451 116685 1.02966 9.29108e+06 1.89141e+06 ZonesAtSurface
580.503 3523.49 -15.7627 25 0 1 7 154410 28.6245 52857.8 1.02322 2.25471e+06 154410 ZonesAtSurface
630.534 3523.47 -40.8284 2 0 1 8 1.04917e+06 34.9455 88139.3 1.01254 1.23964e+07 1.04917e+06 ZonesAtSurface
680.493 3523.45 -15.857 1 0 1 8 261203 44.4991 78338.2 1.09887 1.15222e+07 261203 ZonesAtSurface
730.469 3523.43 9.10921 1 0 1 8 1.73839e+06 19.0717 119867 1.01144 9.3728e+06 1.73839e+06 ZonesAtSurface
780.339 3523.45 184.042 7 0 2 5 1.54234e+06 18.0756 53384.2 1.0857 4.63878e+06 1.54234e+06 ZonesAtSurface
830.354 3523.46 209.014 0 0 1 5 1.46237e+06 31.3903 122865 1.49913 6.42322e+06 1.46237e+06 ZonesAtSurface
880.366 3523.5 283.991 8 0 2 4 276756 25.729 122547 1.00915 4.34564e+06 276756 ZonesAtSurface
930.388 3523.5 258.966 4 0 1 5 1.42734e+06 21.2443 79755 1.02587 6.82934e+06 1.42734e+06 ZonesAtSurface
980.409 3523.54 333.941 5 0 1 4 568965 29.689 153488 1.02384 4.73722e+06 568965 ZonesAtSurface
1030.43 3523.56 358.92 7 0 1 4 536542 44.114 154497 1.23374 6.81166e+06 536542 ZonesAtSurface
1080.46 3523.6 433.894 10 6 2 3 1.30894e+06 16.482 66287.1 1.07735 3.29032e+06 1.30894e+06 ZonesAtSurface
1130.5 3523.63 458.876 6 7 1 3 850320 39.1845 188645 1.14769 2.61863e+06 850320 ZonesAtSurface
1180.55 3523.64 483.859 3 9 1 3 1.30023e+06 29.1554 44268.3 1.37372 3.1994e+06 1.30023e+06 ZonesAtSurface
1230.6 3523.65 508.843 0 6 2 3 1.28679e+06 40.6286 187450 1.76842 2.83144e+06 1.28679e+06 ZonesAtSurface
1280.62 3523.67 433.836 3 0 1 5 395931 40.5807 167231 1.02882 7.60451e+06 395931 ZonesAtSurface
1330.64 3523.71 408.821 0 0 1 6 509026 41.9796 116243 1.27988 1.13862e+07 509026 ZonesAtSurface
1380.68 3523.74 433.812 4 0 1 6 811654 27.1654 189528 1.01449 8.90718e+06 811654 ZonesAtSurface
1430.72 3523.78 458.805 10 0 1 6 316639 27.8842 186708 1.00481 6.93064e+06 316639 ZonesAtSurface
1480.77 3523.81 483.798 9 0 1 6 1.4602e+06 43.6994 76941 1.10169 6.4273e+06 1.4602e+06 ZonesAtSurface
1530.86 3523.84 558.784 4 0 2 5 900790 24.513 76399.6 1.08192 2.97291e+06 900790 ZonesAtSurface
1580.89 3523.87 533.803 10 0 2 6 574780 22.5841 121442 1.05372 3.18128e+06 574780 ZonesAtSurface
1630.91 3523.91 508.821 7 0 1 7 656299 37.9757 83483 1.33371 3.41715e+06 656299 ZonesAtSurface
1680.83 3523.92 383.815 0 0 1 10 357611 41.5446 189534 1.67621 1.64622e+07 357611 ZonesAtSurface
1730.88 3523.98 458.882 10 0 1 9 306155 26.7744 29362.4 1.44101 823748 306155 ZonesAtSurface
1780.94 3524.01 483.903 8 7 2 9 1.46972e+06 36.7195 155494 2.75316 2.22762e+06 1.46972e+06 ZonesAtSurface
1830.83 3523.97 358.869 1 0 1 12 916346 16.5041 160310 1.06708 8.50286e+06 916346 ZonesAtSurface
1880.87 3524.01 433.959 10 3 1 11 1.46297e+06 42.7504 121745 4.71221 2.44584e+06 1.46297e+06 ZonesAtSurface
1930.83 3523.98 358.923 7 0 1 13 779257 31.9878 42599.3 1.01106 1.53553e+07 779257 ZonesAtSurface
1980.81 3523.96 333.895 0 0 1 14 1.53034e+06 36.4608 12126.2 2.18543 1.75228e+07 1.53034e+06 ZonesAtSurface
2030.76 3523.95 296.391 0 0 1 14 284333 33.2595 86421.8 2.44838 2.02281e+07 284333 ZonesAtSurface
2080.67 3523.95 296.424 2 0 1 12 855341 29.8559 174161 1.58406 2.03494e+07 855341 ZonesAtSurface
2130.61 3523.94 296.48 10 0 1 10 1.84992e+06 28.2026 87376.4 1.78608 1.36348e+07 1.84992e+06 ZonesAtSurface
2180.44 3523.95 246.458 0 0 1 9 1.7691e+06 43.1231 179050 3.40037 3.15303e+07 1.7691e+06 ZonesAtSurface
2229.97 3523.93 296.51 3 0 0 0 1.52655e+06 38.3842 170761 1.6915 9.99234e+06 1.52655e+06 ZonesAtSurface
2280.04 3523.86 246.503 9 0 0 0 986427 15.7059 108442 1.27529 1.29094e+07 986427 ZonesAtSurface
2330.06 3523.81 196.417 0 0 0 0 644507 30.153 87096.7 1.33291 3.0837e+07 644507 ZonesAtSurface
2380.42 3523.79 46.2848 0 0 0 0 507053 44.609 183806 3.24214 4.69181e+07 507053 ZonesAtSurface
2430.3 3523.72 46.0759 2 0 0 0 1.40677e+06 32.8285 148089 1.2369 6.15683e+07 1.40677e+06 ZonesAtSurface
2481.29 3523.57 -153.623 7 0 0 0 321343 18.5461 130289 1.15328 1.28723e+07 321343 ZonesAtSurface
2531.29 3523.5 -133.619 0 0 0 0 1.13545e+06 29.1702 54281.7 1.77235 1.44435e+07 1.13545e+06 ZonesAtSurface
2581.17 3523.44 -93.6152 9 0 0 0 766012 32.0951 68900.1 1.05346 1.53719e+07 766012 ZonesAtSurface
2631.21 3523.4 -103.587 9 0 0 0 101497 26.5315 63639.6 1.0314 1.20087e+07 101497 ZonesAtSurface
2681.25 3523.37 -113.577 0 0 0 0 600405 40.3434 116540 2.19049 1.37231e+07 600405 ZonesAtSurface
2731.18 3523.33 -73.5973 2 0 0 0 1.68998e+06 25.5902 68517.6 1.03999 1.35207e+07 1.68998e+06 ZonesAtSurface
2781.22 3523.31 -83.5929 1 0 0 0 436916 30.0052 181792 1.20886 1.25483e+07 436916 ZonesAtSurface
2831.02 3523.28 56.3326 8 0 0 0 1.55783e+06 42.6023 139657 1.32314 1.2941e+07 1.55783e+06 ZonesAtSurface
2881.08 3523.27 46.3686 1 0 0 0 1.15755e+06 33.0026 72844.6 1.10737 1.08739e+07 1.15755e+06 ZonesAtSurface
2931.07 3523.26 86.38 2 0 0 0 162889 24.4272 107428 1.05618 7.17064e+06 162889 ZonesAtSurface
2981.08 3523.26 126.39 0 0 0 0 300593 18.7587 79403.2 0.998191 4.23235e+06 300593 ZonesAtSurface
3031.09 3523.28 166.393 10 0 0 0 1.71116e+06 42.9047 165692 1.04466 8.08655e+06 1.71116e+06 ZonesAtSurface
3081.14 3523.32 156.4 6 0 0 0 1.12208e+06 26.2151 187839 1.01357 7.64324e+06 1.12208e+06 ZonesAtSurface
3131.15 3523.35 196.393 4 0 0 0 691851 38.4608 157981 1.02018 6.56274e+06 691851 ZonesAtSurface
3181.17 3523.37 286.376 9 3 0 0 1.80696e+06 33.5321 186445 1.08424 5.82662e+06 1.80696e+06 ZonesAtSurface
3231.2 3523.41 276.383 5 0 0 0 1.03199e+06 27.1389 187779 1.04001 5.9169e+06 1.03199e+06 ZonesAtSurface
3281.23 3523.44 266.388 3 0 1 8 355117 22.0457 35140.8 1.04348 3.03207e+06 355117 ZonesAtSurface
3331.26 3523.47 306.389 0 0 2 8 789133 44.445 152931 1.12882 2.9155e+06 789133 ZonesAtSurface
3381.29 3523.49 346.398 0 5 2 8 1.40356e+06 42.1719 121110 2.07755 2.8522e+06 1.40356e+06 ZonesAtSurface
3431.33 3523.5 336.395 7 0 1 9 956221 42.6552 188038 1.12159 3.94867e+06 956221 ZonesAtSurface
3481.36 3523.48 326.379 20 0 1 10 1.30678e+06 39.3533 92136.6 1.12318 4.92553e+06 1.30678e+06 ZonesAtSurface
3531.39 3523.48 366.369 7 8 2 10 921143 41.3785 56115.2 1.53173 3.08097e+06 921143 ZonesAtSurface
3581.45 3523.45 356.355 6 4 2 11 1.73503e+06 16.1647 140309 1.1497 3.98592e+06 1.73503e+06 ZonesAtSurface
3631.51 3523.46 396.328 4 4 2 11 280310 24.2195 187495 0 600689 280310 ZonesAtSurface
3681.58 3523.45 386.323 1 1 2 12 1.17591e+06 33.4994 165760 1.17726 3.62717e+06 1.17591e+06 ZonesAtSurface
3731.64 3523.46 426.296 10 10 1 12 889488 31.5505 36180 1.35542 2.40572e+06 889488 ZonesAtSurface
3781.7 3523.46 476.278 0 10 1 11 1.73239e+06 21.1849 85770.8 1.70701 2.95156e+06 1.73239e+06 ZonesAtSurface
3831.79 3523.48 536.196 9 10 2 9 359657 26.8105 177471 0 884703 359657 ZonesAtSurface
3881.88 3523.45 496.227 6 6 2 9 769152 29.3512 40886.4 1.1522 2.33816e+06 769152 ZonesAtSurface
3931.96 3523.44 506.219 0 0 2 8 868338 27.2815 25862.4 1.0306 2.75155e+06 868338 ZonesAtSurface
3982.04 3523.44 516.223 9 0 1 7 353952 24.0279 148792 1.08118 1.15501e+06 353952 ZonesAtSurface
4032.12 3523.43 476.267 0 0 2 7 754857 17.993 12110.3 1.02099 2.58916e+06 754857 ZonesAtSurface
4082.18 3523.44 486.283 9 0 2 6 661566 34.3159 178289 1.18349 2.41668e+06 661566 ZonesAtSurface
4132.25 3523.44 446.329 10 0 1 6 681855 30.8717 171555 1.25935 2.84055e+06 681855 ZonesAtSurface
4182.3 3523.46 406.368 3 5 2 6 1.11223e+06 21.4965 24608.7 1.35749 2.50561e+06 1.11223e+06 ZonesAtSurface
4232.34 3523.45 316.433 4 0 1 7 865733 26.5133 149635 1.10951 2.46068e+06 865733 ZonesAtSurface
4282.36 3523.45 226.485 2 0 1 8 1.0281e+06 41.7154 157362 1.59728 5.28186e+06 1.0281e+06 ZonesAtSurface
4332.39 3523.45 186.517 7 0 1 8 1.3757e+06 28.7198 74540.9 1.19029 4.77874e+06 1.3757e+06 ZonesAtSurface
4382.41 3523.45 146.546 0 0 1 8 1.81557e+06 36.7396 180417 1.49875 5.6484e+06 1.81557e+06 ZonesAtSurface
4432.38 3523.47 56.5758 0 0 1 9 1.18005e+06 15.1372 75914.4 1.01117 5.04223e+06 1.18005e+06 ZonesAtSurface
4482.45 3523.49 116.604 6 7 1 7 1.20113e+06 38.1198 106073 1.78238 2.76171e+06 1.20113e+06 ZonesAtSurface
4532.32 3523.51 -23.4019 0 0 1 9 1.84881e+06 34.2384 35322.7 2.62643 8.50747e+06 1.84881e+06 ZonesAtSurface
4582.3 3523.54 -13.3653 17 0 1 8 538860 17.8011 109955 1.08483 6.19922e+06 538860 ZonesAtSurface
4632.2 3523.59 -3.30453 40 0 1 7 1.29453e+06 29.5529 143964 1.58798 4.5486e+06 1.29453e+06 ZonesAtSurface
4682.11 3523.6 6.72171 51 7 1 6 697532 41.2745 69281.5 1.57694 2.4051e+06 697532 ZonesAtSurface
4732 3523.65 16.7594 79 29 1 5 889710 18.1835 38185.9 1.09178 2.27875e+06 889710 ZonesAtSurface
4781.93 3523.68 26.7876 59 47 1 4 1.10204e+06 34.7397 39677.6 1.52682 2.75948e+06 1.10204e+06 ZonesAtSurface
4831.82 3523.72 36.8455 53 67 1 3 1.06483e+06 21.5454 179948 1.91474 1.54392e+06 1.06483e+06 ZonesAtSurface
4881.79 3523.77 46.8775 37 84 1 2 1.10559e+06 29.01 105935 1.97869 1.83809e+06 1.10559e+06 ZonesAtSurface
4931.85 3523.79 56.8223 101 88 1 1 314212 42.3938 52659.9 1.20278 1.089e+06 314212 ZonesAtSurface
81.7998 3573.9 -14.5753 122 0 1 2 725977 44.2301 170730 1.2451 7.49598e+06 725977 ZonesAtSurface
131.617 3573.81 -39.5043 119 0 1 3 1.79809e+06 42.9123 146991 1.17734 1.23691e+07 1.79809e+06 ZonesAtSurface
181.427 3573.78 -14.3855 135 0 1 3 217326 35.143 100636 1.41843 2.45496e+06 217326 ZonesAtSurface
231.231 3573.69 -39.4936 116 1 1 4 1.81309e+06 43.1908 102185 1.07402 9.56869e+06 1.81309e+06 ZonesAtSurface
281.064 3573.68 -14.4273 102 54 1 4 1.48614e+06 27.9842 142086 1.41563 4.47407e+06 1.48614e+06 ZonesAtSurface
330.939 3573.63 -39.5416 103 0 1 5 110682 43.4876 116686 1.0468 6.33741e+06 110682 ZonesAtSurface
380.8 3573.63 -14.5456 104 12 1 5 916876 28.4552 138088 1.52366 2.26689e+06 916876 ZonesAtSurface
430.759 3573.59 -39.6175 81 0 1 6 1.64147e+06 35.1573 44189 1.08411 8.11155e+06 1.64147e+06 ZonesAtSurface
480.663 3573.57 -14.6253 57 0 1 6 443381 42.0038 70767 1.27414 3.58996e+06 443381 ZonesAtSurface
530.602 3573.52 -39.7102 51 0 1 7 1.57421e+06 25.0603 62282.4 1.02896 7.64706e+06 1.57421e+06 ZonesAtSurface
580.502 3573.5 -14.7559 31 3 1 7 1.42901e+06 22.3841 129884 1.04619 4.90849e+06 1.42901e+06 ZonesAtSurface
630.536 3573.48 -39.8256 8 0 1 8 1.75584e+06 33.0426 182107 1.0465 1.31058e+07 1.75584e+06 ZonesAtSurface
680.338 3573.44 85.105 5 6 1 6 1.76576e+06 29.1689 51681.4 1.2317 4.91671e+06 1.76576e+06 ZonesAtSurface
730.407 3573.43 60.091 0 0 1 7 126029 17.182 82566.1 1.05432 3.12925e+06 126029 ZonesAtSurface
780.359 3573.45 185.041 8 0 2 5 693884 37.5024 110635 1.03512 4.62427e+06 693884 ZonesAtSurface
830.378 3573.46 210.013 0 0 1 5 1.6689e+06 34.1708 118924 1.93857 5.40526e+06 1.6689e+06 ZonesAtSurface
880.397 3573.49 284.992 0 2 2 4 1.59795e+06 39.4891 31028.2 1.53495 4.61922e+06 1.59795e+06 ZonesAtSurface
930.417 3573.51 309.966 6 0 2 4 510656 36.9519 22303.6 1.05543 4.41297e+06 510656 ZonesAtSurface
980.444 3573.53 334.94 6 0 1 4 766150 34.3449 56943.4 1.01136 4.81163e+06 766150 ZonesAtSurface
1030.47 3573.54 359.918 8 0 1 4 1.45399e+06 39.5857 66440.1 1.08377 7.09449e+06 1.45399e+06 ZonesAtSurface
1080.5 3573.55 334.901 1 0 1 5 1.64078e+06 20.8595 160166 1.0054 6.23937e+06 1.64078e+06 ZonesAtSurface
1130.54 3573.58 359.881 0 0 1 5 1.23051e+06 32.2631 94411.2 1.00177 7.85375e+06 1.23051e+06 ZonesAtSurface
1180.59 3573.61 434.859 9 0 1 4 1.65681e+06 21.9468 116934 1.02635 5.37603e+06 1.65681e+06 ZonesAtSurface
1230.63 3573.62 459.844 8 0 1 4 1.26931e+06 37.7218 103069 1.01317 5.87272e+06 1.26931e+06 ZonesAtSurface
1280.66 3573.65 434.831 6 0 1 5 1.33416e+06 39.6869 120550 1.02628 9.83482e+06 1.33416e+06 ZonesAtSurface
1330.7 3573.68 459.821 0 0 1 5 563835 28.9743 24571 1.01605 3.47445e+06 563835 ZonesAtSurface
1380.73 3573.71 434.806 5 0 1 6 744369 32.8658 70738 1.00857 9.38154e+06 744369 ZonesAtSurface
1430.76 3573.74 409.795 1 0 1 7 1.00975e+06 22.5854 57060.5 1.01034 8.91999e+06 1.00975e+06 ZonesAtSurface
1480.82 3573.78 434.789 2 0 1 7 767515 15.7377 14811.1 1.00374 5.84176e+06 767515 ZonesAtSurface
1530.87 3573.81 459.789 1 0 1 7 1.10508e+06 34.409 174197 1.00721 1.20823e+07 1.10508e+06 ZonesAtSurface
1580.92 3573.85 484.801 5 0 1 7 754181 26.7553 11701.7 1.06944 7.94663e+06 754181 ZonesAtSurface
1630.93 3573.88 459.817 3 0 1 8 1.37413e+06 43.0971 117620 1.45946 9.53163e+06 1.37413e+06 ZonesAtSurface
1680.9 3573.89 384.818 0 0 1 10 847440 38.2802 167107 1.82921 1.45139e+07 847440 ZonesAtSurface
1730.94 3573.92 409.859 5 0 1 10 465192 43.6146 22057.4 1.0782 1.30181e+07 465192 ZonesAtSurface
1780.9 3573.91 334.832 0 0 1 12 288926 35.4391 62582.6 2.34149 1.46215e+07 288926 ZonesAtSurface
1830.91 3573.94 359.874 2 0 1 12 183732 43.848 115706 1.15377 1.3554e+07 183732 ZonesAtSurface
1880.93 3573.95 384.927 3 0 1 12 1.11113e+06 39.223 29435.4 1.02668 1.26071e+07 1.11113e+06 ZonesAtSurface
1930.92 3573.93 309.875 0 0 1 14 274878 43.3001 35844.6 3.12831 1.69382e+07 274878 ZonesAtSurface
1980.93 3573.92 334.9 0 0 1 14 1.65186e+06 37.6428 126994 2.58953 1.57986e+07 1.65186e+06 ZonesAtSurface
2030.9 3573.9 297.395 0 0 1 14 618404 37.7694 185516 3.61581 1.65921e+07 618404 ZonesAtSurface
2080.84 3573.9 297.426 9 0 1 12 633948 25.0311 138736 1.43466 1.81651e+07 633948 ZonesAtSurface
2130.73 3573.9 247.427 0 0 1 11 1.78098e+06 30.441 161125 2.47413 2.7431e+07 1.78098e+06 ZonesAtSurface
2180.62 3573.9 247.475 8 0 1 9 522901 33.4947 17046.7 2.13133 2.17095e+07 522901 ZonesAtSurface
2230.25 3573.9 247.462 6 0 0 0 1.45761e+06 17.7397 97245.9 2.08294 1.0783e+07 1.45761e+06 ZonesAtSurface
2280.18 3573.81 247.503 7 0 0 0 1.61763e+06 17.6389 76563.4 1.28873 1.28705e+07 1.61763e+06 ZonesAtSurface
2330.21 3573.75 197.438 0 0 0 0 303225 16.3174 187925 1.04337 1.99158e+07 303225 ZonesAtSurface
2380.56 3573.74 47.3204 7 0 0 0 1.13545e+06 15.3771 81106.7 1.04885 2.89152e+07 1.13545e+06 ZonesAtSurface
2430.94 3573.66 -52.6769 3 0 0 0 1.55713e+06 30.1499 92827.9 1.12484 3.57875e+07 1.55713e+06 ZonesAtSurface
2481.15 3573.58 -102.682 9 0 0 0 761319 23.319 185485 1.06164 1.91615e+07 761319 ZonesAtSurface
2531.15 3573.5 -82.6925 5 0 0 0 701727 43.506 142061 1.39035 2.00276e+07 701727 ZonesAtSurface
2581.22 3573.45 -92.6276 0 0 0 0 927380 37.5265 90718.7 1.4921 1.63046e+07 927380 ZonesAtSurface
2631.13 3573.39 -52.6409 9 0 0 0 1.16961e+06 21.7964 122309 1.12935 9.26565e+06 1.16961e+06 ZonesAtSurface
2681.18 3573.35 -62.6187 8 0 0 0 1.24843e+06 30.2443 174454 1.01717 1.46052e+07 1.24843e+06 ZonesAtSurface
2731.23 3573.32 -72.6077 0 0 0 0 150549 24.6319 58605.8 1.00664 1.00909e+07 150549 ZonesAtSurface
2781.09 3573.28 17.3261 10 0 0 0 532449 31.4521 98536.7 1.01894 9.87477e+06 532449 ZonesAtSurface
2831.08 3573.25 57.3119 5 0 0 0 621568 41.3844 131262 1.02989 1.26216e+07 621568 ZonesAtSurface
2881.07 3573.22 97.3173 10 0 0 0 849001 37.3105 69590 1.12343 1.07233e+07 849001 ZonesAtSurface
2931.13 3573.24 87.3668 0 0 0 0 105282 34.0844 155592 1.22007 7.74026e+06 105282 ZonesAtSurface
2981.17 3573.28 77.3995 0 0 0 0 1.00227e+06 21.0773 93212.2 1.01128 8.07623e+06 1.00227e+06 ZonesAtSurface
3031.17 3573.3 117.401 6 0 0 0 1.78955e+06 24.2742 65056.3 1.07416 9.30711e+06 1.78955e+06 ZonesAtSurface
3081.15 3573.3 207.384 9 2 0 0 1.77597e+06 44.4844 10258.3 1.03407 8.32129e+06 1.77597e+06 ZonesAtSurface
3131.18 3573.34 247.378 9 0 0 0 137420 24.5952 48451.7 0.949314 2.82175e+06 137420 ZonesAtSurface
3181.2 3573.38 287.372 4 0 0 0 1.17825e+06 22.9491 87839.2 1.00924 5.02854e+06 1.17825e+06 ZonesAtSurface
3231.23 3573.41 327.369 10 0 0 0 1.27632e+06 35.9749 93860.7 1.06358 6.59003e+06 1.27632e+06 ZonesAtSurface
3281.25 3573.45 267.386 0 0 1 8 1.81121e+06 27.8738 181914 1.51162 5.34939e+06 1.81121e+06 ZonesAtSurface
3331.27 3573.48 307.39 0 0 2 8 996318 23.9877 170421 1.04785 2.98614e+06 996318 ZonesAtSurface
3381.3 3573.5 347.406 2 4 2 8 1.10285e+06 17.7076 178785 1.06262 2.70908e+06 1.10285e+06 ZonesAtSurface
3431.33 3573.5 337.405 19 1 1 9 1.3362e+06 22.5342 82480.4 1.09011 3.67496e+06 1.3362e+06 ZonesAtSurface
3481.36 3573.48 327.387 15 0 1 10 841852 43.9031 162248 1.07704 5.55797e+06 841852 ZonesAtSurface
3531.41 3573.46 317.367 12 0 1 11 549923 40.5681 135325 1.04578 5.92165e+06 549923 ZonesAtSurface
3581.47 3573.44 307.359 0 0 1 12 374051 36.9459 119755 1.01545 5.50599e+06 374051 ZonesAtSurface
3631.53 3573.43 297.358 1 0 1 13 326889 41.3245 173302 1.02201 6.90916e+06 326889 ZonesAtSurface
3681.6 3573.42 287.356 0 0 1 14 244366 30.071 119955 1.01149 6.02843e+06 244366 ZonesAtSurface
3731.65 3573.44 377.316 5 0 1 13 505130 19.8871 112174 1.02496 1.83725e+06 505130 ZonesAtSurface
3781.74 3573.41 327.335 0 0 1 14 1.64919e+06 40.5616 162864 1.39021 8.18903e+06 1.64919e+06 ZonesAtSurface
3831.79 3573.43 387.321 6 0 1 12 1.4179e+06 40.7894 22243 1.0352 6.17455e+06 1.4179e+06 ZonesAtSurface
3881.87 3573.44 447.276 10 0 1 10 407282 34.2493 161879 1.01451 2.5784e+06 407282 ZonesAtSurface
3931.96 3573.45 507.221 10 4 1 8 938384 23.9458 69874.9 1.19395 2.41323e+06 938384 ZonesAtSurface
3982.05 3573.43 467.254 4 0 1 8 519651 32.6572 26306.7 1.05875 2.65283e+06 519651 ZonesAtSurface
4032.12 3573.42 427.295 0 0 1 8 882355 39.3184 132176 1.08655 4.59678e+06 882355 ZonesAtSurface
4082.18 3573.43 437.312 0 1 1 7 1.56374e+06 38.7149 100105 1.67454 4.41183e+06 1.56374e+06 ZonesAtSurface
4132.24 3573.43 397.353 0 0 1 7 1.49867e+06 44.2074 169690 1.59982 6.77764e+06 1.49867e+06 ZonesAtSurface
4182.28 3573.43 307.408 1 0 1 8 1.46591e+06 44.6683 15438.7 1.86662 6.2757e+06 1.46591e+06 ZonesAtSurface
4232.33 3573.43 267.445 4 0 1 8 908029 41.423 73681.5 1.48284 6.49409e+06 908029 ZonesAtSurface
4282.35 3573.44 177.491 7 0 1 9 131120 40.2464 103053 1.1454 5.41208e+06 131120 ZonesAtSurface
4332.39 3573.45 187.516 1 0 1 8 389930 44.3082 148678 1.19247 5.32379e+06 389930 ZonesAtSurface
4382.38 3573.46 97.544 0 0 1 9 937085 24.1428 101692 1.01338 6.25283e+06 937085 ZonesAtSurface
4432.42 3573.48 107.57 10 0 1 8 746804 25.7503 134893 1.23004 4.50207e+06 746804 ZonesAtSurface
4482.36 3573.5 17.5937 5 0 1 9 1.66721e+06 32.3666 69605.3 1.33849 8.97458e+06 1.66721e+06 ZonesAtSurface
4532.35 3573.54 27.6258 7 0 1 8 1.04267e+06 37.8305 177841 1.88254 5.74235e+06 1.04267e+06 ZonesAtSurface
4582.29 3573.56 -12.3534 36 0 1 8 148255 27.202 97869.3 1.09272 5.50229e+06 148255 ZonesAtSurface
4632.21 3573.6 -2.2963 20 4 1 7 1.06106e+06 44.2422 167251 1.59078 4.90322e+06 1.06106e+06 ZonesAtSurface
4682.09 3573.61 7.73486 79 5 1 6 487228 15.2401 76636.1 1.13934 1.14566e+06 487228 ZonesAtSurface
4731.98 3573.65 17.7843 88 30 1 5 330883 23.0389 80392.4 1.35435 690069 330883 ZonesAtSurface
4781.9 3573.68 27.7989 104 33 1 4 461954 41.542 91471 1.39546 1.38775e+06 461954 ZonesAtSurface
4831.78 3573.74 37.8433 79 75 1 3 1.54146e+06 28.932 173305 1.4743 3.43207e+06 1.54146e+06 ZonesAtSurface
4881.79 3573.78 47.8662 36 91 1 2 1.16081e+06 44.5378 99282.6 2.52526 2.02956e+06 1.16081e+06 ZonesAtSurface
4931.79 3573.79 57.8296 91 100 1 1 1.13049e+06 15.8805 27335.4 1.16527 2.56015e+06 1.13049e+06 ZonesAtSurface
81.803 3623.91 -13.5841 116 0 1 2 1.55171e+06 18.6667 67819 1.19001 5.38091e+06 1.55171e+06 ZonesAtSurface
131.611 3623.82 -38.5105 119 0 1 3 1.57191e+06 38.0153 131167 1.171 1.19584e+07 1.57191e+06 ZonesAtSurface
181.411 3623.8 -13.3824 119 18 1 3 584310 40.1371 43678.1 1.7654 1.82207e+06 584310 ZonesAtSurface
231.221 3623.7 -38.4856 117 0 1 4 1.37397e+06 17.125 45639.1 1.04367 5.58832e+06 1.37397e+06 ZonesAtSurface
281.045 3623.69 -13.4255 109 102 1 4 1.72361e+06 37.2095 135936 1.51885 5.36583e+06 1.72361e+06 ZonesAtSurface
330.937 3623.64 -38.5342 103 0 1 5 1.34208e+06 25.182 24113.8 1.01704 6.51172e+06 1.34208e+06 ZonesAtSurface
380.784 3623.63 -13.5404 87 5 2 5 679815 18.9873 149035 1.29965 1.9603e+06 679815 ZonesAtSurface
430.759 3623.59 -38.607 70 0 1 6 1.13936e+06 28.2973 119840 1.10434 6.76792e+06 1.13936e+06 ZonesAtSurface
480.66 3623.58 -13.614 74 0 1 6 814237 36.8091 164440 1.22799 3.7595e+06 814237 ZonesAtSurface
530.599 3623.53 -38.7006 54 0 1 7 1.07476e+06 25.4856 158581 1.02116 6.8782e+06 1.07476e+06 ZonesAtSurface
580.5 3623.51 -13.7399 43 0 1 7 698869 39.1643 138844 1.10811 4.9055e+06 698869 ZonesAtSurface
630.531 3623.48 -38.8219 12 0 1 8 1.82973e+06 29.6923 158136 1.01605 1.12574e+07 1.82973e+06 ZonesAtSurface
680.399 3623.46 36.1264 5 0 1 7 1.76421e+06 24.9551 29282.5 1.01926 5.76413e+06 1.76421e+06 ZonesAtSurface
730.363 3623.44 111.067 7 0 2 6 262822 36.9356 33929.8 1.56294 3.7972e+06 262822 ZonesAtSurface
780.376 3623.45 186.042 2 0 2 5 1.86621e+06 18.8349 89306.1 1.21812 4.51116e+06 1.86621e+06 ZonesAtSurface
830.397 3623.46 211.013 0 0 1 5 1.47003e+06 30.2236 85582.8 1.67979 4.97914e+06 1.47003e+06 ZonesAtSurface
880.415 3623.47 235.988 0 0 1 5 730636 43.67 156692 2.15158 5.96472e+06 730636 ZonesAtSurface
930.443 3623.5 310.965 2 1 1 4 1.73603e+06 40.8048 92742.8 1.39057 6.19223e+06 1.73603e+06 ZonesAtSurface
980.475 3623.51 335.937 9 0 2 4 1.36883e+06 27.2141 89505.5 1.0343 5.51486e+06 1.36883e+06 ZonesAtSurface
1030.51 3623.53 360.915 7 0 2 4 579622 43.1968 138484 1.03917 3.97645e+06 579622 ZonesAtSurface
1080.55 3623.55 385.894 0 5 2 4 1.67142e+06 41.4291 157178 1.30164 5.28597e+06 1.67142e+06 ZonesAtSurface
1130.61 3623.58 460.873 0 8 2 3 725014 35.687 22934.5 1.80026 1.69174e+06 725014 ZonesAtSurface
1180.63 3623.59 435.856 0 0 2 4 396134 42.2954 187691 1.03206 2.77371e+06 396134 ZonesAtSurface
1230.67 3623.6 460.841 2 1 2 4 972073 36.0629 109450 1.05023 3.36508e+06 972073 ZonesAtSurface
1280.69 3623.62 435.828 3 0 1 5 1.12723e+06 39.8764 106430 1.01072 7.47134e+06 1.12723e+06 ZonesAtSurface
1330.74 3623.65 460.819 10 0 1 5 1.42858e+06 25.0723 44351.4 1.03877 4.62159e+06 1.42858e+06 ZonesAtSurface
1380.79 3623.68 485.811 1 3 2 5 1.61636e+06 15.7157 19416.7 1.40182 3.13668e+06 1.61636e+06 ZonesAtSurface
1430.82 3623.71 460.794 4 0 1 6 195337 23.3149 66963 1.00586 3.42059e+06 195337 ZonesAtSurface
1480.88 3623.74 485.789 10 0 1 6 550353 22.3566 89448.4 1.02847 3.54877e+06 550353 ZonesAtSurface
1530.93 3623.78 460.788 1 0 1 7 1.601e+06 36.6945 131389 1.0259 1.17167e+07 1.601e+06 ZonesAtSurface
1580.96 3623.81 435.798 6 0 1 8 1.42545e+06 23.9599 145130 1.03469 1.00503e+07 1.42545e+06 ZonesAtSurface
1630.95 3623.82 360.795 1 0 1 10 1.46406e+06 26.177 56067.8 1.02498 1.45367e+07 1.46406e+06 ZonesAtSurface
1680.98 3623.85 385.821 0 0 1 10 1.48826e+06 38.5025 82905 1.75241 1.47014e+07 1.48826e+06 ZonesAtSurface
1731.01 3623.88 410.869 10 0 1 10 306483 41.2374 86362.7 3.97252 322339 306483 ZonesAtSurface
1780.98 3623.88 335.839 1 0 1 12 1.19902e+06 23.275 130218 1.39998 1.43771e+07 1.19902e+06 ZonesAtSurface
1830.99 3623.94 410.935 10 5 1 11 834089 40.1271 170835 1.71101 1.81001e+06 834089 ZonesAtSurface
1881.02 3623.92 385.939 9 0 1 12 729761 36.0052 104596 1.09755 5.13039e+06 729761 ZonesAtSurface
1931.02 3623.88 310.881 0 0 1 14 1.41979e+06 22.9649 154400 1.3027 1.51565e+07 1.41979e+06 ZonesAtSurface
1981.03 3623.88 335.907 1 0 1 14 136175 31.6614 147382 1.29368 1.45206e+07 136175 ZonesAtSurface
2031.07 3623.86 348.429 9 0 1 13 808949 27.4776 95749.8 1.79957 1.0156e+07 808949 ZonesAtSurface
2081 3623.84 298.425 5 0 1 12 831913 37.7436 51419.3 2.64072 1.97424e+07 831913 ZonesAtSurface
2130.89 3623.85 248.43 0 0 1 11 893289 29.5023 152121 2.26027 2.50843e+07 893289 ZonesAtSurface
2180.8 3623.85 248.478 7 0 1 9 592901 42.7493 78915.7 3.1426 1.97474e+07 592901 ZonesAtSurface
2230.38 3623.86 248.47 5 0 0 0 1.52234e+06 36.1006 121503 2.67146 1.94128e+07 1.52234e+06 ZonesAtSurface
2280.32 3623.76 248.504 0 0 0 0 756737 32.3996 163910 1.89539 1.67652e+07 756737 ZonesAtSurface
2330.49 3623.73 148.432 0 0 0 0 1.7546e+06 32.9745 42480.8 2.07 3.46048e+07 1.7546e+06 ZonesAtSurface
2380.51 3623.68 98.3408 4 0 0 0 518986 24.5613 135733 1.19708 4.01423e+07 518986 ZonesAtSurface
2430.58 3623.64 48.1832 5 0 0 0 1.83573e+06 35.3255 86155.5 1.35976 6.0963e+07 1.83573e+06 ZonesAtSurface
2481.21 3623.55 -101.659 7 0 0 0 655222 33.8387 124206 1.1427 2.76262e+07 655222 ZonesAtSurface
2531.2 3623.49 -81.6916 6 0 0 0 570967 22.0082 11168.6 1.06824 1.45535e+07 570967 ZonesAtSurface
2581.28 3623.45 -91.6333 0 0 0 0 1.20253e+06 37.7355 52105.1 2.17011 1.56757e+07 1.20253e+06 ZonesAtSurface
2631.19 3623.39 -51.6504 0 0 0 0 1.32028e+06 42.4791 102463 1.47571 1.65342e+07 1.32028e+06 ZonesAtSurface
2681.24 3623.34 -61.6283 1 0 0 0 901811 23.1271 56968 1.00643 1.09547e+07 901811 ZonesAtSurface
2731.19 3623.29 -21.6616 5 0 0 0 220273 15.4697 155734 1.00881 5.69127e+06 220273 ZonesAtSurface
2781.24 3623.28 -31.6419 0 0 0 0 1.80014e+06 38.0439 166529 1.95019 1.34368e+07 1.80014e+06 ZonesAtSurface
2831.21 3623.26 8.34457 0 0 0 0 1.64546e+06 38.4392 88918.7 2.19086 1.18912e+07 1.64546e+06 ZonesAtSurface
2881.19 3623.24 48.3468 7 0 0 0 787862 26.4795 188764 1.08023 9.41769e+06 787862 ZonesAtSurface
2931.23 3623.27 38.3868 1 0 0 0 1.80563e+06 22.684 153609 1.01874 1.07652e+07 1.80563e+06 ZonesAtSurface
2981.13 3623.19 178.341 8 0 0 0 1.02461e+06 35.545 54865.1 1.05871 6.13949e+06 1.02461e+06 ZonesAtSurface
3031.16 3623.22 218.357 8 0 0 0 1.42621e+06 26.3448 159016 1.02043 5.31367e+06 1.42621e+06 ZonesAtSurface
3081.19 3623.3 208.379 10 0 0 0 337005 27.0927 77393 0.988391 5.15291e+06 337005 ZonesAtSurface
3131.21 3623.36 198.387 2 0 0 0 387876 31.8272 64219.1 1.04771 7.53542e+06 387876 ZonesAtSurface
3181.22 3623.38 288.37 0 0 0 0 1.61e+06 40.1901 171892 1.58778 8.42868e+06 1.61e+06 ZonesAtSurface
3231.24 3623.43 278.379 2 0 0 0 1.884e+06 20.5862 187683 1.26138 6.05112e+06 1.884e+06 ZonesAtSurface
3281.26 3623.46 318.389 9 0 1 7 1.57701e+06 35.6933 10649.7 2.24122 4.8443e+06 1.57701e+06 ZonesAtSurface
3331.28 3623.51 358.411 0 8 2 7 1.52912e+06 44.5231 134751 1.79088 3.92247e+06 1.52912e+06 ZonesAtSurface
3381.31 3623.48 298.391 0 0 1 9 171545 22.2817 70092 1.4262 2.8517e+06 171545 ZonesAtSurface
3431.34 3623.47 288.384 0 0 1 10 840419 41.4844 114168 2.97453 5.4827e+06 840419 ZonesAtSurface
3481.36 3623.48 328.39 11 10 1 10 1.86398e+06 38.4183 108644 1.39861 5.46722e+06 1.86398e+06 ZonesAtSurface
3531.41 3623.46 318.368 3 0 2 11 1.41944e+06 28.7555 114369 1.02143 5.34517e+06 1.41944e+06 ZonesAtSurface
3581.46 3623.44 308.358 2 0 1 12 959406 21.3447 166412 1.01306 5.69497e+06 959406 ZonesAtSurface
3631.51 3623.45 348.35 8 0 1 12 424197 28.4081 152477 1.05683 2.4302e+06 424197 ZonesAtSurface
3681.57 3623.47 388.33 0 0 2 12 997680 15.6324 138558 1.37905 1.96748e+06 997680 ZonesAtSurface
3731.66 3623.42 328.337 6 0 1 14 830441 27.875 145341 1.00697 5.60139e+06 830441 ZonesAtSurface
3781.73 3623.41 328.335 5 0 1 14 478232 33.1402 90368.9 1.02614 7.10256e+06 478232 ZonesAtSurface
3831.8 3623.41 338.339 4 0 1 13 447583 41.2996 69453.7 1.08785 6.53413e+06 447583 ZonesAtSurface
3881.86 3623.43 448.28 0 0 2 10 836356 43.675 55807.5 1.14994 3.47264e+06 836356 ZonesAtSurface
3931.96 3623.43 458.257 7 0 2 9 816695 41.1795 43823.3 1.00563 3.4332e+06 816695 ZonesAtSurface
3982.05 3623.44 518.218 0 5 2 7 1.68693e+06 40.5149 50500.5 1.76719 4.07441e+06 1.68693e+06 ZonesAtSurface
4032.12 3623.43 478.262 10 0 1 7 691430 36.3487 100999 1.05105 2.56707e+06 691430 ZonesAtSurface
4082.17 3623.44 488.284 7 1 2 6 867966 24.546 22680.6 1.12143 2.48968e+06 867966 ZonesAtSurface
4132.24 3623.44 448.33 7 0 2 6 522375 21.3578 45068.5 1.14048 1.79874e+06 522375 ZonesAtSurface
4182.29 3623.43 308.406 7 0 1 8 882886 44.6647 183097 1.72226 5.41761e+06 882886 ZonesAtSurface
4232.33 3623.43 268.444 4 0 1 8 736916 16.0231 29663 1.08259 2.99647e+06 736916 ZonesAtSurface
4282.36 3623.43 228.482 0 0 1 8 1.5959e+06 40.1696 36018.1 2.21387 5.74268e+06 1.5959e+06 ZonesAtSurface
4332.39 3623.45 188.513 9 0 1 8 1.0227e+06 24.539 41462.2 1.05075 4.27829e+06 1.0227e+06 ZonesAtSurface
4382.42 3623.46 148.536 8 0 1 8 1.87079e+06 33.2673 13875.5 1.23003 6.58782e+06 1.87079e+06 ZonesAtSurface
4432.46 3623.47 158.551 6 10 2 7 1.68904e+06 30.5484 154132 1.55746 3.65916e+06 1.68904e+06 ZonesAtSurface
4482.36 3623.51 18.5948 7 0 1 9 1.51189e+06 39.8423 164719 1.2382 1.05922e+07 1.51189e+06 ZonesAtSurface
4532.31 3623.53 -21.3942 10 0 1 9 439713 27.9061 127021 1.08575 9.57628e+06 439713 ZonesAtSurface
4582.27 3623.57 -11.346 17 0 1 8 1.32644e+06 23.6229 178697 1.28722 5.97227e+06 1.32644e+06 ZonesAtSurface
4632.21 3623.62 -1.29396 53 0 1 7 886698 31.0471 86423 1.25558 5.20218e+06 886698 ZonesAtSurface
4682.1 3623.62 8.73968 63 8 1 6 1.13298e+06 33.1244 101518 1.57266 2.84663e+06 1.13298e+06 ZonesAtSurface
4731.95 3623.65 18.7955 67 45 1 5 1.25428e+06 40.2858 29095.2 1.28707 4.29301e+06 1.25428e+06 ZonesAtSurface
4781.91 3623.68 28.8173 68 60 1 4 1.08273e+06 43.9527 159301 1.50459 3.23095e+06 1.08273e+06 ZonesAtSurface
4831.68 3623.75 38.8564 115 71 1 3 311990 38.9539 116969 1.85709 557536 311990 ZonesAtSurface
4881.77 3623.79 48.8493 48 101 1 2 1.8647e+06 27.012 76675.3 2.83194 2.13314e+06 1.8647e+06 ZonesAtSurface
4931.76 3623.8 58.8126 96 99 1 1 534632 16.46 189868 1.54821 845037 534632 ZonesAtSurface
81.8025 3673.92 -12.5826 110 9 1 2 1.6732e+06 38.6542 32533.7 1.19195 7.85473e+06 1.6732e+06 ZonesAtSurface
131.605 3673.84 -37.5125 115 0 1 3 1.48981e+06 21.1207 163250 1.1131 7.40359e+06 1.48981e+06 ZonesAtSurface
181.41 3673.82 -12.3622 107 91 1 3 1.79055e+06 42.9393 160642 1.55968 5.74524e+06 1.79055e+06 ZonesAtSurface
231.223 3673.72 -37.4726 118 0 1 4 1.37338e+06 17.4566 156563 1.02939 5.306e+06 1.37338e+06 ZonesAtSurface
281.038 3673.7 -12.4265 97 91 1 4 1.66293e+06 20.9662 97540.8 1.46648 3.54424e+06 1.66293e+06 ZonesAtSurface
330.942 3673.65 -37.5204 103 0 1 5 716434 24.1748 175159 1.00995 5.45892e+06 716434 ZonesAtSurface
380.786 3673.63 -12.521 90 73 1 5 1.34227e+06 32.5363 13413.7 1.34433 4.23964e+06 1.34227e+06 ZonesAtSurface
430.753 3673.6 -37.5948 69 0 1 6 877782 24.9057 173415 1.04188 6.05335e+06 877782 ZonesAtSurface
480.651 3673.59 -12.6018 70 34 1 6 1.03235e+06 38.5552 177803 1.19776 3.91421e+06 1.03235e+06 ZonesAtSurface
530.592 3673.54 -37.7038 51 0 1 7 1.24329e+06 35.0043 159207 1.07384 9.01783e+06 1.24329e+06 ZonesAtSurface
580.503 3673.52 -12.7306 41 0 1 7 433711 39.5238 111384 1.61203 2.46572e+06 433711 ZonesAtSurface
630.53 3673.48 -37.8171 12 0 1 8 737250 38.5355 46929 1.03245 9.56521e+06 737250 ZonesAtSurface
680.393 3673.46 37.1229 8 0 1 7 692891 20.4903 149001 1.03649 2.68283e+06 692891 ZonesAtSurface
730.409 3673.44 62.0857 4 0 1 7 745499 38.904 40484.7 1.03236 8.57524e+06 745499 ZonesAtSurface
780.389 3673.45 187.041 5 0 2 5 1.038e+06 24.704 115673 1.40652 2.63771e+06 1.038e+06 ZonesAtSurface
830.413 3673.45 212.015 3 0 2 5 1.02429e+06 25.6363 12202.6 1.147 3.89435e+06 1.02429e+06 ZonesAtSurface
880.434 3673.46 236.989 0 0 2 5 420320 16.8659 30621.9 1.03927 3.03468e+06 420320 ZonesAtSurface
930.459 3673.47 261.963 0 0 1 5 1.1355e+06 35.4359 147925 1.33262 6.37523e+06 1.1355e+06 ZonesAtSurface
980.501 3673.5 336.935 2 0 1 4 783275 43.0143 104004 1.11812 5.18783e+06 783275 ZonesAtSurface
1030.53 3673.52 361.912 8 0 2 4 617669 27.0718 35328.5 1.00566 3.18759e+06 617669 ZonesAtSurface
1080.57 3673.54 386.892 6 0 1 4 1.2242e+06 16.405 139199 1.02177 3.52857e+06 1.2242e+06 ZonesAtSurface
1130.6 3673.56 411.872 0 9 1 4 1.8727e+06 36.7414 110708 1.19877 5.97128e+06 1.8727e+06 ZonesAtSurface
1180.65 3673.58 436.853 4 0 2 4 287671 33.4874 11105 1.06684 1.34787e+06 287671 ZonesAtSurface
1230.69 3673.59 461.837 2 0 1 4 769926 42.4076 156529 1.02609 3.78256e+06 769926 ZonesAtSurface
1280.74 3673.6 486.825 7 0 2 4 1.10907e+06 16.335 36836.5 1.04733 3.13562e+06 1.10907e+06 ZonesAtSurface
1330.75 3673.62 411.812 1 0 1 6 1.46353e+06 40.4495 115012 1.22823 1.07156e+07 1.46353e+06 ZonesAtSurface
1380.81 3673.65 436.801 5 0 1 6 758190 17.8424 178725 1.00838 4.55899e+06 758190 ZonesAtSurface
1430.86 3673.67 461.791 9 0 1 6 391978 39.3366 152391 1.05358 6.27622e+06 391978 ZonesAtSurface
1480.92 3673.7 486.787 7 0 1 6 411114 36.2785 120145 1.03217 4.72677e+06 411114 ZonesAtSurface
1530.97 3673.74 461.787 7 0 1 7 630350 44.744 121727 1.07029 7.71146e+06 630350 ZonesAtSurface
1580.98 3673.76 386.788 0 0 1 9 1.22493e+06 41.9717 90847.7 1.74957 1.25367e+07 1.22493e+06 ZonesAtSurface
1631.02 3673.78 361.795 2 0 1 10 937495 16.4279 72770.4 1.0143 8.76724e+06 937495 ZonesAtSurface
1681.06 3673.81 386.823 7 0 1 10 592441 31.6119 172550 1.03782 1.37654e+07 592441 ZonesAtSurface
1731.06 3673.83 361.838 0 0 1 11 892301 39.3964 133662 1.83287 1.47026e+07 892301 ZonesAtSurface
1781.06 3673.84 336.846 7 0 1 12 1.24488e+06 19.6875 112698 1.12353 1.14434e+07 1.24488e+06 ZonesAtSurface
1831.07 3673.86 361.894 9 0 1 12 324042 31.2484 179836 0.982493 8.46618e+06 324042 ZonesAtSurface
1881.1 3673.85 336.888 0 0 1 13 764212 44.8641 129907 2.01057 1.5559e+07 764212 ZonesAtSurface
1931.12 3673.83 311.885 0 0 1 14 935219 23.0983 97809.1 1.21834 1.5198e+07 935219 ZonesAtSurface
1981.13 3673.83 336.909 2 0 1 14 712048 35.4206 67678.7 1.22402 1.41814e+07 712048 ZonesAtSurface
2031.14 3673.81 299.398 0 0 1 14 808200 40.3978 147116 3.17882 1.59395e+07 808200 ZonesAtSurface
2081.12 3673.79 249.399 1 0 1 13 414104 18.3723 80804.5 1.58975 1.54248e+07 414104 ZonesAtSurface
2131.05 3673.8 249.429 0 0 1 11 1.78035e+06 22.5006 182992 1.65555 2.32878e+07 1.78035e+06 ZonesAtSurface
2180.96 3673.81 249.472 9 0 1 9 1.31564e+06 36.2521 81040.7 2.81691 2.11467e+07 1.31564e+06 ZonesAtSurface
2230.52 3673.81 249.473 2 0 0 0 420099 34.8785 133099 2.3121 1.87604e+07 420099 ZonesAtSurface
2280.48 3673.7 249.502 3 0 0 0 102036 39.1486 125338 2.36335 1.46235e+07 102036 ZonesAtSurface
2330.64 3673.68 149.446 2 0 0 0 1.11918e+06 24.6279 90310.4 1.36718 3.14881e+07 1.11918e+06 ZonesAtSurface
2380.65 3673.63 99.3722 10 0 0 0 1.38913e+06 24.9305 52203 1.31206 3.6408e+07 1.38913e+06 ZonesAtSurface
2431.12 3673.59 -50.6269 0 0 0 0 1.27925e+06 35.5674 120786 1.98164 2.88554e+07 1.27925e+06 ZonesAtSurface
2481.42 3673.5 -150.579 2 0 0 0 768761 25.7215 141396 1.72165 1.53102e+07 768761 ZonesAtSurface
2531.25 3673.48 -80.685 0 0 0 0 1.34016e+06 42.6717 66659.6 2.19948 2.23164e+07 1.34016e+06 ZonesAtSurface
2581.17 3673.43 -40.713 3 0 0 0 701769 23.719 109608 1.01936 1.00262e+07 701769 ZonesAtSurface
2631.25 3673.38 -50.6565 2 0 0 0 751310 35.1549 110130 1.33535 1.62897e+07 751310 ZonesAtSurface
2681.3 3673.33 -60.6334 1 0 0 0 534415 22.2581 143815 1.01244 1.21741e+07 534415 ZonesAtSurface
2731.14 3673.26 29.2676 8 0 0 0 1.09289e+06 44.8764 26551.1 1.03217 1.45234e+07 1.09289e+06 ZonesAtSurface
2781.21 3673.24 19.3024 4 0 0 0 1.48757e+06 36.8324 145548 1.04633 1.68087e+07 1.48757e+06 ZonesAtSurface
2831.27 3673.26 9.34776 0 0 0 0 1.87743e+06 43.0653 168469 2.66448 1.19798e+07 1.87743e+06 ZonesAtSurface
2881.18 3673.2 99.2922 3 0 0 0 1.53798e+06 15.8902 55140 1.01276 7.78306e+06 1.53798e+06 ZonesAtSurface
2931.18 3673.18 139.308 9 0 0 0 402094 42.1953 61874.6 1.05629 1.10155e+07 402094 ZonesAtSurface
2981.18 3673.19 179.331 6 0 0 0 1.60366e+06 35.3204 78254.6 1.08116 8.16453e+06 1.60366e+06 ZonesAtSurface
3031.2 3673.22 219.351 6 0 0 0 326803 27.0531 45306.6 1.01765 4.50693e+06 326803 ZonesAtSurface
3081.22 3673.31 209.375 10 0 0 0 337128 25.3922 67778.3 1.00679 6.9176e+06 337128 ZonesAtSurface
3131.23 3673.35 249.372 0 0 0 0 783953 17.3501 33647.9 1.00276 5.90463e+06 783953 ZonesAtSurface
3181.25 3673.34 339.364 8 0 0 0 533494 25.9561 60537.5 1.00352 5.919e+06 533494 ZonesAtSurface
3231.27 3673.42 329.369 10 0 0 0 1.12526e+06 26.5721 23209 1.12257 6.34126e+06 1.12526e+06 ZonesAtSurface
3281.27 3673.47 319.391 7 0 1 7 1.4454e+06 26.9147 35230.3 1.60866 4.85138e+06 1.4454e+06 ZonesAtSurface
3331.28 3673.51 359.42 3 7 2 7 1.40407e+06 38.1457 81323 1.30234 4.61209e+06 1.40407e+06 ZonesAtSurface
3381.31 3673.48 299.394 1 0 1 9 1.36369e+06 16.1798 186294 1.64279 4.17669e+06 1.36369e+06 ZonesAtSurface
3431.34 3673.47 289.386 0 0 1 10 1.28854e+06 21.733 169934 1.42984 5.27329e+06 1.28854e+06 ZonesAtSurface
3481.36 3673.47 329.391 29 0 1 10 239867 23.5076 171320 1.02545 2.88495e+06 239867 ZonesAtSurface
3531.41 3673.46 319.368 16 0 1 11 137125 32.8921 75758.8 1.04522 4.76746e+06 137125 ZonesAtSurface
3581.44 3673.48 409.352 5 4 1 10 649092 40.3632 21715.8 1.33768 2.30447e+06 649092 ZonesAtSurface
3631.53 3673.43 299.36 4 0 1 13 1.40527e+06 35.2186 49616.8 1.01642 8.08745e+06 1.40527e+06 ZonesAtSurface
3681.6 3673.42 289.36 4 0 1 14 1.46083e+06 28.3517 148372 1.01157 8.68928e+06 1.46083e+06 ZonesAtSurface
3731.65 3673.42 329.338 5 0 1 14 741751 29.8533 44047.5 1.00068 5.19617e+06 741751 ZonesAtSurface
3781.73 3673.42 329.334 0 0 1 14 744507 40.9021 170646 1.01538 8.1738e+06 744507 ZonesAtSurface
3831.78 3673.41 389.314 5 0 1 12 1.49867e+06 16.1283 11441.7 1.02241 4.62827e+06 1.49867e+06 ZonesAtSurface
3881.85 3673.41 399.322 3 0 1 11 1.54186e+06 21.1359 122979 1.01805 4.73844e+06 1.54186e+06 ZonesAtSurface
3931.96 3673.43 459.255 3 0 1 9 388351 23.3023 59578.4 1.02993 2.85905e+06 388351 ZonesAtSurface
3982.05 3673.45 519.213 0 5 2 7 1.09442e+06 39.1781 92011.1 1.37883 3.22922e+06 1.09442e+06 ZonesAtSurface
4032.1 3673.44 529.238 0 4 2 6 1.60568e+06 42.4746 29873.4 3.20292 2.64245e+06 1.60568e+06 ZonesAtSurface
4082.17 3673.44 489.28 0 8 2 6 1.74956e+06 40.5667 14146.1 1.7264 4.45932e+06 1.74956e+06 ZonesAtSurface
4132.24 3673.44 449.328 2 6 2 6 556248 22.5289 98402.7 1.6058 1.00061e+06 556248 ZonesAtSurface
4182.3 3673.43 409.371 0 3 2 6 1.00308e+06 42.0868 86155.7 1.93223 2.74979e+06 1.00308e+06 ZonesAtSurface
4232.35 3673.43 369.408 0 1 2 6 955476 44.2757 161952 1.66654 2.50956e+06 955476 ZonesAtSurface
4282.38 3673.43 279.466 9 0 1 7 526653 34.0536 32386.5 1.09491 2.69583e+06 526653 ZonesAtSurface
4332.4 3673.45 189.508 5 0 1 8 579905 17.4489 103227 1.02576 2.66471e+06 579905 ZonesAtSurface
4382.42 3673.46 149.536 1 0 1 8 1.49774e+06 38.8468 16166.1 1.3628 6.44117e+06 1.49774e+06 ZonesAtSurface
4432.47 3673.48 159.549 0 10 2 7 1.58716e+06 37.0705 82277.8 1.85213 3.46639e+06 1.58716e+06 ZonesAtSurface
4482.32 3673.5 -30.4238 0 0 1 10 327022 31.0366 11989.9 1.70251 8.44226e+06 327022 ZonesAtSurface
4532.31 3673.53 -20.3928 5 0 1 9 862210 34.5163 64986.3 1.29005 1.16799e+07 862210 ZonesAtSurface
4582.25 3673.58 -10.3408 42 0 1 8 728865 18.0516 50399.7 1.38921 3.3091e+06 728865 ZonesAtSurface
4632.18 3673.62 -0.285234 64 0 1 7 1.21025e+06 18.5598 157030 1.15377 2.93554e+06 1.21025e+06 ZonesAtSurface
4682.1 3673.63 9.7414 43 30 1 6 1.83988e+06 40.7624 159074 1.49161 5.38362e+06 1.83988e+06 ZonesAtSurface
4731.96 3673.67 19.7903 52 40 1 5 1.74501e+06 34.1489 151291 1.49727 4.35518e+06 1.74501e+06 ZonesAtSurface
4781.91 3673.7 29.8283 51 69 1 4 1.7975e+06 39.1494 102782 1.77415 4.1586e+06 1.7975e+06 ZonesAtSurface
4831.68 3673.75 39.8756 132 66 1 3 936715 24.9841 149946 1.26758 2.30178e+06 936715 ZonesAtSurface
4881.73 3673.78 49.839 86 69 1 2 229624 35.8138 70826.9 0 290692 229624 ZonesAtSurface
4931.77 3673.81 59.789 70 98 1 1 1.02014e+06 42.8338 177749 0 2.12168e+06 1.02014e+06 ZonesAtSurface
81.7962 3723.93 -11.5729 114 4 1 2 1.37579e+06 27.5304 185804 1.20739 5.48377e+06 1.37579e+06 ZonesAtSurface
131.59 3723.84 -36.5183 128 0 1 3 1.41221e+06 27.0511 165095 1.10212 9.23673e+06 1.41221e+06 ZonesAtSurface
181.39 3723.84 -11.3656 114 68 1 3 1.61683e+06 22.0193 165990 1.44081 3.41565e+06 1.61683e+06 ZonesAtSurface
231.228 3723.73 -36.4629 110 0 1 4 209782 19.7261 38244.2 1.06121 3.09134e+06 209782 ZonesAtSurface
281.042 3723.71 -11.4336 96 91 1 4 1.43902e+06 24.0446 84732.9 1.43591 3.37471e+06 1.43902e+06 ZonesAtSurface
330.949 3723.65 -36.5189 105 0 1 5 191864 36.5146 165289 1.00862 6.10599e+06 191864 ZonesAtSurface
380.796 3723.64 -11.5091 105 0 1 5 445024 30.4039 125257 1.26945 2.39177e+06 445024 ZonesAtSurface
430.75 3723.6 -36.578 85 0 1 6 244673 28.743 172908 1.05533 4.05145e+06 244673 ZonesAtSurface
480.65 3723.59 -11.5783 83 41 1 6 1.31343e+06 29.1322 103107 1.29564 3.89168e+06 1.31343e+06 ZonesAtSurface
530.583 3723.55 -36.7136 57 0 1 7 936644 35.5054 111315 1.0614 7.06823e+06 936644 ZonesAtSurface
580.513 3723.52 -11.7345 42 25 1 7 1.85328e+06 44.7299 109274 2.10031 4.85387e+06 1.85328e+06 ZonesAtSurface
630.531 3723.49 -36.8135 22 0 1 8 1.02013e+06 37.2865 153616 1.03015 9.56727e+06 1.02013e+06 ZonesAtSurface
680.378 3723.46 38.1149 8 0 1 7 951059 18.4021 85479 0.930797 2.78735e+06 951059 ZonesAtSurface
730.357 3723.44 113.061 10 0 2 6 1.19022e+06 19.0604 126553 1.20827 2.8951e+06 1.19022e+06 ZonesAtSurface
780.393 3723.44 138.043 9 0 1 6 786813 15.4468 15546.8 1.0878 3.20787e+06 786813 ZonesAtSurface
830.427 3723.45 213.018 9 0 1 5 1.32547e+06 21.6637 165797 1.32205 3.56815e+06 1.32547e+06 ZonesAtSurface
880.451 3723.46 237.992 0 0 1 5 1.76465e+06 37.8764 53511.8 1.62546 5.36553e+06 1.76465e+06 ZonesAtSurface
930.489 3723.48 312.964 0 6 2 4 1.67881e+06 39.7664 12604.1 1.64074 4.65681e+06 1.67881e+06 ZonesAtSurface
980.52 3723.5 337.936 0 3 2 4 1.58139e+06 39.8382 36370 1.47988 4.67073e+06 1.58139e+06 ZonesAtSurface
1030.55 3723.52 362.913 5 0 1 4 310940 31.6397 177506 1.04341 1.78365e+06 310940 ZonesAtSurface
1080.59 3723.54 387.893 4 0 1 4 168379 39.5267 38980.9 1.03313 2.61235e+06 168379 ZonesAtSurface
1130.61 3723.54 362.875 1 0 1 5 783572 30.1995 174577 1.01418 3.98884e+06 783572 ZonesAtSurface
1180.67 3723.57 437.851 1 0 2 4 285824 38.4607 55047.8 1.05069 1.84621e+06 285824 ZonesAtSurface
1230.72 3723.57 462.835 5 0 2 4 110321 44.6259 20989 1.08706 1.64771e+06 110321 ZonesAtSurface
1280.77 3723.58 487.821 6 7 1 4 1.18198e+06 37.1976 111601 1.15496 3.87206e+06 1.18198e+06 ZonesAtSurface
1330.78 3723.59 412.809 0 0 1 6 1.79675e+06 31.5239 163765 1.00341 8.42393e+06 1.79675e+06 ZonesAtSurface
1380.86 3723.62 487.803 8 5 1 5 747149 25.9732 34884.7 1.31981 1.9364e+06 747149 ZonesAtSurface
1430.89 3723.65 462.789 3 0 2 6 1.48852e+06 26.8102 77648.7 1.01711 5.80305e+06 1.48852e+06 ZonesAtSurface
1480.96 3723.68 537.799 2 9 2 5 1.40897e+06 35.7238 65496.7 1.80189 3.0171e+06 1.40897e+06 ZonesAtSurface
1531 3723.69 462.781 10 0 1 7 1.75223e+06 28.9598 38897.2 1.02487 7.75829e+06 1.75223e+06 ZonesAtSurface
1581.03 3723.72 387.785 8 0 1 9 697365 27.6698 13763.1 1.02884 1.0934e+07 697365 ZonesAtSurface
1631.1 3723.74 412.803 1 0 2 9 809297 34.3096 139428 1.08522 4.57068e+06 809297 ZonesAtSurface
1681.1 3723.75 337.804 0 0 1 11 1.19017e+06 43.9959 169654 2.78274 1.43292e+07 1.19017e+06 ZonesAtSurface
1731.12 3723.76 312.813 0 0 1 12 547708 37.7498 23694.2 2.64228 1.43065e+07 547708 ZonesAtSurface
1781.14 3723.77 287.817 0 0 1 13 1.3674e+06 39.6959 95305.2 3.67704 1.34516e+07 1.3674e+06 ZonesAtSurface
1831.16 3723.79 312.846 4 0 1 13 1.3152e+06 18.9024 46412 1.18024 1.17655e+07 1.3152e+06 ZonesAtSurface
1881.2 3723.79 287.848 0 0 1 14 822875 29.2564 94667.3 2.14567 1.2757e+07 822875 ZonesAtSurface
1931.22 3723.79 362.941 9 0 1 13 377607 41.2058 83272 1.09577 4.15565e+06 377607 ZonesAtSurface
1981.24 3723.78 337.905 1 0 1 14 1.40117e+06 36.769 12839.3 1.21208 1.39114e+07 1.40117e+06 ZonesAtSurface
2031.25 3723.76 300.397 0 0 1 14 1.31407e+06 43.2987 55325.6 3.20547 1.55704e+07 1.31407e+06 ZonesAtSurface
2081.25 3723.75 300.424 3 0 1 12 1.82455e+06 32.4086 78789.5 1.53967 1.65157e+07 1.82455e+06 ZonesAtSurface
2131.2 3723.76 250.426 0 0 1 11 1.35062e+06 28.5246 131941 2.50317 2.01717e+07 1.35062e+06 ZonesAtSurface
2181.08 3723.77 250.466 10 0 1 9 1.04674e+06 26.1564 58587.8 2.50288 1.50388e+07 1.04674e+06 ZonesAtSurface
2230.51 3723.76 300.493 5 0 0 0 1.23641e+06 25.4609 128357 2.57465 5.37826e+06 1.23641e+06 ZonesAtSurface
2280.63 3723.65 250.496 0 0 0 0 1.28051e+06 36.2251 153145 2.67354 1.39046e+07 1.28051e+06 ZonesAtSurface
2330.92 3723.66 100.427 0 0 0 0 1.27649e+06 30.4367 167634 2.33764 2.94581e+07 1.27649e+06 ZonesAtSurface
2380.78 3723.59 100.395 0 0 0 0 1.80205e+06 30.1705 89250.2 1.9826 3.4291e+07 1.80205e+06 ZonesAtSurface
2430.83 3723.55 50.2855 1 0 0 0 1.46889e+06 42.8055 17774.7 2.27814 4.7652e+07 1.46889e+06 ZonesAtSurface
2481.32 3723.5 -99.6104 10 0 0 0 1.34511e+06 34.2843 53485.8 1.65506 2.46037e+07 1.34511e+06 ZonesAtSurface
2531.3 3723.47 -79.6748 0 0 0 0 913545 37.2443 127047 2.0396 2.23423e+07 913545 ZonesAtSurface
2581.37 3723.43 -89.6223 0 0 0 0 1.00825e+06 44.8891 152096 4.68163 1.57644e+07 1.00825e+06 ZonesAtSurface
2631.16 3723.34 0.267434 7 0 0 0 1.48811e+06 31.5311 173483 1.02142 1.52673e+07 1.48811e+06 ZonesAtSurface
2681.24 3723.29 -9.69211 1 0 0 0 1.48603e+06 40.5096 136962 1.07637 1.93056e+07 1.48603e+06 ZonesAtSurface
2731.2 3723.24 30.2671 4 0 0 0 667712 25.1255 59768.2 1.01538 1.10096e+07 667712 ZonesAtSurface
2781.27 3723.24 20.3129 0 0 0 0 170866 40.6892 131733 1.53216 1.54102e+07 170866 ZonesAtSurface
2831.17 3723.17 110.229 6 0 0 0 1.78817e+06 24.4669 63622.5 1.0228 1.23454e+07 1.78817e+06 ZonesAtSurface
2881.16 3723.16 150.233 10 0 0 0 1.41894e+06 33.4394 140192 1.07401 1.22252e+07 1.41894e+06 ZonesAtSurface
2931.23 3723.18 140.307 10 0 0 0 1.27219e+06 18.8951 147239 1.05898 8.35508e+06 1.27219e+06 ZonesAtSurface
2981.25 3723.25 130.362 0 0 0 0 1.77164e+06 31.2189 34690.5 1.45138 1.1789e+07 1.77164e+06 ZonesAtSurface
3031.24 3723.28 170.37 4 0 0 0 754304 34.53 169439 1.29305 1.09101e+07 754304 ZonesAtSurface
3081.24 3723.32 210.372 1 0 0 0 924086 25.5059 111223 1.00443 9.28101e+06 924086 ZonesAtSurface
3131.25 3723.3 300.36 7 0 0 0 1.21522e+06 28.7086 81427.6 1.00725 1.02236e+07 1.21522e+06 ZonesAtSurface
3181.28 3723.34 340.365 9 0 0 0 694048 26.5108 96155.4 1.02405 6.86591e+06 694048 ZonesAtSurface
3231.29 3723.41 330.368 10 0 0 0 1.59723e+06 25.358 24059.6 1.18496 9.00066e+06 1.59723e+06 ZonesAtSurface
3281.28 3723.47 320.395 13 0 1 7 636017 15.3635 142780 1.26258 3.80233e+06 636017 ZonesAtSurface
3331.29 3723.48 310.398 0 0 1 8 518043 35.0888 71774.4 2.47348 4.16396e+06 518043 ZonesAtSurface
3381.31 3723.48 300.394 0 0 1 9 641589 35.203 124417 3.62818 3.82507e+06 641589 ZonesAtSurface
3431.33 3723.48 340.412 6 0 1 9 977195 42.032 81897.3 1.08901 4.43563e+06 977195 ZonesAtSurface
3481.35 3723.46 330.389 22 0 1 10 110430 34.5182 11001.2 1.05055 2.69313e+06 110430 ZonesAtSurface
3531.4 3723.45 320.367 12 0 1 11 329577 44.3531 80921.5 1.02015 5.79453e+06 329577 ZonesAtSurface
3581.44 3723.47 360.355 3 0 1 11 124837 37.0175 34511 1.20991 1.01037e+06 124837 ZonesAtSurface
3631.51 3723.45 350.35 8 0 1 12 541805 34.9452 112498 1.08297 2.27843e+06 541805 ZonesAtSurface
3681.59 3723.42 290.359 2 0 1 14 1.34385e+06 44.9304 78937.9 1.13226 9.51945e+06 1.34385e+06 ZonesAtSurface
3731.63 3723.44 380.322 7 0 1 13 1.02431e+06 37.865 177351 1.10694 3.45214e+06 1.02431e+06 ZonesAtSurface
3781.7 3723.44 430.287 9 0 2 12 344578 36.4024 59673 1.17214 1.57644e+06 344578 ZonesAtSurface
3831.78 3723.42 390.308 8 0 1 12 1.82089e+06 40.3039 140760 1.02067 7.33161e+06 1.82089e+06 ZonesAtSurface
3881.86 3723.42 500.227 0 9 2 9 1.30831e+06 28.3174 118158 1.67023 2.60195e+06 1.30831e+06 ZonesAtSurface
3931.96 3723.42 460.251 7 0 1 9 591091 32.4787 15906.7 1.06225 2.39519e+06 591091 ZonesAtSurface
3982.04 3723.44 520.211 6 0 1 7 705701 21.4242 120552 1.21539 1.76172e+06 705701 ZonesAtSurface
4032.1 3723.45 530.233 0 0 2 6 1.52235e+06 17.2376 46772.9 2.19584 2.08963e+06 1.52235e+06 ZonesAtSurface
4082.17 3723.44 490.276 0 0 1 6 1.36914e+06 20.5332 150920 1.37828 2.79525e+06 1.36914e+06 ZonesAtSurface
4132.24 3723.44 450.325 9 1 2 6 659695 17.5775 90576.2 1.45358 1.23476e+06 659695 ZonesAtSurface
4182.3 3723.45 410.369 0 5 2 6 1.41061e+06 44.7979 14144.5 2.77495 2.89669e+06 1.41061e+06 ZonesAtSurface
4232.35 3723.45 370.405 0 7 2 6 1.02442e+06 43.9916 54334.9 1.82231 2.6748e+06 1.02442e+06 ZonesAtSurface
4282.39 3723.45 330.443 0 6 2 6 837096 20.1151 147844 1.55563 1.4678e+06 837096 ZonesAtSurface
4332.42 3723.45 290.478 0 10 2 6 948530 15.3705 151925 1.82748 1.32109e+06 948530 ZonesAtSurface
4382.44 3723.47 200.523 7 4 2 7 665821 19.9426 16886.2 1.04912 1.83453e+06 665821 ZonesAtSurface
4432.43 3723.5 110.563 0 0 2 8 1.88689e+06 33.7511 45964.6 1.2555 6.29095e+06 1.88689e+06 ZonesAtSurface
4482.43 3723.52 70.5934 7 6 2 8 1.40499e+06 30.3996 183568 1.3494 3.95854e+06 1.40499e+06 ZonesAtSurface
4532.32 3723.53 -19.3917 14 0 1 9 891907 27.8606 54078.2 1.09234 1.00211e+07 891907 ZonesAtSurface
4582.23 3723.57 -9.34282 31 0 1 8 157819 35.3058 140891 1.69415 5.36165e+06 157819 ZonesAtSurface
4632.14 3723.62 0.717467 36 7 1 7 1.7874e+06 26.4901 28344 1.20011 5.14647e+06 1.7874e+06 ZonesAtSurface
4682.1 3723.64 10.7426 61 12 1 6 1.38255e+06 32.793 157814 1.37976 3.56195e+06 1.38255e+06 ZonesAtSurface
4731.95 3723.68 20.7908 57 42 1 5 1.70043e+06 33.7669 184617 1.7465 3.46622e+06 1.70043e+06 ZonesAtSurface
4781.85 3723.72 30.8438 92 41 1 4 272117 42.9518 65746 2.7058 381146 272117 ZonesAtSurface
4831.75 3723.74 40.8731 70 76 1 3 1.02674e+06 27.0975 59793.7 1.56019 2.14393e+06 1.02674e+06 ZonesAtSurface
4881.7 3723.78 50.8407 90 77 1 2 847197 20.6562 177747 0 2.18416e+06 847197 ZonesAtSurface
4931.73 3723.83 60.7955 57 100 1 1 1.42554e+06 33.7508 164815 1.58122 3.33983e+06 1.42554e+06 ZonesAtSurface
81.7882 3773.94 -10.5709 135 6 1 2 1.80878e+06 18.6398 55167.5 1.22636 5.67641e+06 1.80878e+06 ZonesAtSurface
131.572 3773.85 -35.5365 128 0 1 3 1.41072e+06 21.2139 87053.7 1.06717 7.04831e+06 1.41072e+06 ZonesAtSurface
181.375 3773.84 -10.3974 107 96 2 3 1.85905e+06 17.5491 175219 1.28336 4.07478e+06 1.85905e+06 ZonesAtSurface
231.246 3773.75 -35.4559 126 0 1 4 1.29079e+06 24.3232 26536 1.0616 7.508e+06 1.29079e+06 ZonesAtSurface
281.053 3773.72 -10.4369 107 88 1 4 1.7261e+06 18.778 59900.2 1.32885 4.1368e+06 1.7261e+06 ZonesAtSurface
330.94 3773.66 -35.543 107 0 1 5 1.09946e+06 32.5444 167548 1.03151 7.62504e+06 1.09946e+06 ZonesAtSurface
380.794 3773.64 -10.5197 100 0 1 5 127287 41.1019 81211.8 1.74345 1.40207e+06 127287 ZonesAtSurface
430.757 3773.61 -35.5647 79 0 1 6 1.50615e+06 19.992 13067.4 1.03793 6.00291e+06 1.50615e+06 ZonesAtSurface
480.655 3773.61 -10.5654 69 48 1 6 1.46119e+06 44.7568 123794 1.6857 5.14137e+06 1.46119e+06 ZonesAtSurface
530.579 3773.55 -35.7192 76 0 1 7 489924 24.3521 86858.2 1.09314 5.05051e+06 489924 ZonesAtSurface
580.511 3773.53 -10.7434 27 15 1 7 1.87695e+06 43.4505 66467.4 2.43491 4.23009e+06 1.87695e+06 ZonesAtSurface
630.529 3773.49 -35.8179 27 0 1 8 697129 41.2767 138753 1.04351 8.65771e+06 697129 ZonesAtSurface
680.374 3773.46 39.1091 7 2 2 7 340788 29.5607 65928.1 0 1.12909e+06 340788 ZonesAtSurface
730.404 3773.44 64.0819 1 0 1 7 1.46361e+06 22.1556 58384.5 1.02276 5.55443e+06 1.46361e+06 ZonesAtSurface
780.426 3773.43 89.0583 1 0 2 7 130085 20.7144 23177.5 1.0227 3.58643e+06 130085 ZonesAtSurface
830.433 3773.43 164.022 2 0 1 6 612901 33.2013 52053.2 1.3101 4.7812e+06 612901 ZonesAtSurface
880.466 3773.45 238.994 10 0 1 5 778658 23.7138 111871 1.07675 4.32183e+06 778658 ZonesAtSurface
930.496 3773.46 263.965 0 0 1 5 1.45017e+06 39.9098 55811.4 2.25277 5.40916e+06 1.45017e+06 ZonesAtSurface
980.526 3773.47 288.94 0 0 1 5 1.64969e+06 31.362 170211 1.39837 6.38544e+06 1.64969e+06 ZonesAtSurface
1030.56 3773.49 313.919 3 0 2 5 1.7609e+06 31.9366 74864.3 1.34767 6.32806e+06 1.7609e+06 ZonesAtSurface
1080.59 3773.51 338.9 3 0 1 5 435724 31.8852 136167 1.02524 3.33776e+06 435724 ZonesAtSurface
1130.63 3773.53 363.877 6 0 1 5 1.24944e+06 42.134 186098 1.0397 5.07318e+06 1.24944e+06 ZonesAtSurface
1180.67 3773.53 388.854 6 0 1 5 849220 31.7481 35965.9 1.0083 4.53258e+06 849220 ZonesAtSurface
1230.74 3773.55 463.833 8 0 1 4 1.59113e+06 15.6668 136798 1.01075 5.03545e+06 1.59113e+06 ZonesAtSurface
1280.77 3773.55 438.818 10 0 1 5 845743 17.5443 54114.2 1.00981 3.88823e+06 845743 ZonesAtSurface
1330.82 3773.57 463.805 0 0 2 5 886550 43.267 127272 1.02036 5.78361e+06 886550 ZonesAtSurface
1380.85 3773.59 438.794 5 0 1 6 1.51435e+06 25.4113 173991 1.0133 7.45334e+06 1.51435e+06 ZonesAtSurface
1430.9 3773.62 463.786 7 0 1 6 507204 18.3539 134078 1.01723 3.34621e+06 507204 ZonesAtSurface
1480.96 3773.65 488.782 5 5 2 6 1.87371e+06 22.5728 52866.7 1.09639 5.10011e+06 1.87371e+06 ZonesAtSurface
1531.02 3773.65 513.785 10 6 1 6 1.10855e+06 41.5014 182186 1.9743 2.29731e+06 1.10855e+06 ZonesAtSurface
1581.06 3773.67 388.781 7 0 1 9 953975 40.5645 137606 1.30077 1.24754e+07 953975 ZonesAtSurface
1631.12 3773.69 363.785 1 0 1 10 1.50915e+06 30.201 49448.7 1.12464 1.31658e+07 1.50915e+06 ZonesAtSurface
1681.13 3773.7 288.794 0 0 1 12 991043 39.2218 148516 2.5657 1.26627e+07 991043 ZonesAtSurface
1731.21 3773.71 363.836 1 0 2 11 1.61417e+06 29.6525 147253 1.39359 5.90366e+06 1.61417e+06 ZonesAtSurface
1781.21 3773.73 288.817 0 0 1 13 340792 26.1171 151412 1.61793 1.32168e+07 340792 ZonesAtSurface
1831.24 3773.74 313.846 0 0 1 13 1.16163e+06 36.8143 43901.8 1.68164 1.44073e+07 1.16163e+06 ZonesAtSurface
1881.26 3773.75 338.887 6 0 1 13 826538 28.241 58967.6 0.966318 8.21584e+06 826538 ZonesAtSurface
1931.31 3773.75 363.93 8 0 1 13 158677 44.4194 161926 0.941353 5.57836e+06 158677 ZonesAtSurface
1981.33 3773.74 338.9 4 0 1 14 224523 27.759 22908.7 1.0897 1.04286e+07 224523 ZonesAtSurface
2031.35 3773.72 301.395 3 0 1 14 357601 27.1028 47379.7 1.55316 1.21643e+07 357601 ZonesAtSurface
2081.37 3773.71 301.419 6 0 1 12 531072 30.8215 161449 1.30558 1.43884e+07 531072 ZonesAtSurface
2131.32 3773.71 251.425 0 0 1 11 1.7678e+06 44.3635 56202.8 7.40306 1.73783e+07 1.7678e+06 ZonesAtSurface
2181.19 3773.72 251.464 8 0 1 9 345764 22.7794 165272 1.91216 1.50651e+07 345764 ZonesAtSurface
2230.83 3773.74 251.462 8 0 0 0 1.53042e+06 18.5431 107957 1.75304 9.35843e+06 1.53042e+06 ZonesAtSurface
2280.91 3773.66 201.472 0 0 0 0 271940 38.8047 169265 2.8333 2.4465e+07 271940 ZonesAtSurface
2330.92 3773.59 151.454 6 0 0 0 554118 25.0519 77182.5 1.47811 2.99232e+07 554118 ZonesAtSurface
2380.91 3773.55 101.414 0 0 0 0 789846 44.5006 17488.3 4.80138 3.18934e+07 789846 ZonesAtSurface
2431.26 3773.52 -48.5876 0 0 0 0 124622 23.1709 68035.6 1.22436 2.27151e+07 124622 ZonesAtSurface
2481.36 3773.48 -98.5908 0 0 0 0 961528 35.7558 155786 2.13728 2.11664e+07 961528 ZonesAtSurface
2531.35 3773.45 -78.6552 0 0 0 0 1.02092e+06 26.4814 53971 1.3003 2.12854e+07 1.02092e+06 ZonesAtSurface
2581.29 3773.4 -38.6993 8 0 0 0 1.88673e+06 20.819 48754.1 1.02318 1.94978e+07 1.88673e+06 ZonesAtSurface
2631.08 3773.26 51.1797 8 0 0 0 1.44959e+06 41.3698 84268.8 1.08726 2.05876e+07 1.44959e+06 ZonesAtSurface
2681.18 3773.24 41.2357 7 0 0 0 1.64378e+06 36.6884 23461.5 1.01112 1.68011e+07 1.64378e+06 ZonesAtSurface
2731.26 3773.22 31.2762 0 0 0 0 1.36211e+06 26.7017 58035.5 1.00333 1.56294e+07 1.36211e+06 ZonesAtSurface
2781.32 3773.23 21.3262 9 0 0 0 1.57912e+06 18.0698 179165 1.03073 1.16788e+07 1.57912e+06 ZonesAtSurface
2831.3 3773.21 61.3126 6 0 0 0 1.51044e+06 26.1373 77876 1.0237 1.31429e+07 1.51044e+06 ZonesAtSurface
2881.22 3773.14 151.245 9 0 0 0 1.27801e+06 31.4145 188908 1.03418 1.1923e+07 1.27801e+06 ZonesAtSurface
2931.23 3773.12 191.257 5 0 0 0 1.03399e+06 40.5066 85956.1 1.13578 1.11429e+07 1.03399e+06 ZonesAtSurface
2981.26 3773.21 181.322 2 0 0 0 353210 15.0934 53083.4 1.02376 6.09684e+06 353210 ZonesAtSurface
3031.26 3773.23 221.343 3 0 0 0 1.19109e+06 40.3613 151039 1.0488 1.5128e+07 1.19109e+06 ZonesAtSurface
3081.25 3773.27 261.357 6 0 0 0 1.80773e+06 35.3401 112801 1.03406 1.4879e+07 1.80773e+06 ZonesAtSurface
3131.26 3773.36 251.368 1 0 0 0 1.17942e+06 27.2191 48040.5 1.0315 9.69536e+06 1.17942e+06 ZonesAtSurface
3181.29 3773.33 341.366 5 0 0 0 1.2144e+06 39.8272 71994.6 1.06758 1.04494e+07 1.2144e+06 ZonesAtSurface
3231.3 3773.41 331.368 10 0 0 0 1.28752e+06 17.2088 24367.2 1.12716 6.81596e+06 1.28752e+06 ZonesAtSurface
3281.29 3773.46 321.395 0 0 1 7 898983 32.4111 115680 2.806 6.37751e+06 898983 ZonesAtSurface
3331.29 3773.48 311.401 0 0 1 8 1.15878e+06 40.3411 23558.8 4.9261 4.93213e+06 1.15878e+06 ZonesAtSurface
3381.3 3773.49 351.424 10 3 2 8 1.61059e+06 28.1904 107657 1.29103 4.19223e+06 1.61059e+06 ZonesAtSurface
3431.32 3773.48 341.403 9 0 1 9 465344 41.0094 184741 1.05005 4.37593e+06 465344 ZonesAtSurface
3481.35 3773.46 331.382 18 0 1 10 773593 41.2835 42644.3 1.04741 3.85372e+06 773593 ZonesAtSurface
3531.39 3773.45 321.363 5 0 1 11 1.67214e+06 38.9159 48663.6 1.41788 6.22619e+06 1.67214e+06 ZonesAtSurface
3581.45 3773.45 311.354 5 0 1 12 606761 24.0144 89242.2 1.01015 4.8304e+06 606761 ZonesAtSurface
3631.52 3773.43 301.354 6 0 1 13 1.04966e+06 27.9372 70542 1.03251 7.01509e+06 1.04966e+06 ZonesAtSurface
3681.59 3773.42 291.354 5 0 1 14 1.40904e+06 25.2827 189254 1.1026 7.47894e+06 1.40904e+06 ZonesAtSurface
3731.66 3773.42 281.351 2 0 1 15 1.47181e+06 24.6955 78737.7 1.00861 8.37332e+06 1.47181e+06 ZonesAtSurface
3781.7 3773.46 431.285 9 9 2 12 1.48178e+06 38.1246 132100 1.42942 4.57174e+06 1.48178e+06 ZonesAtSurface
3831.78 3773.43 391.303 0 0 2 12 320241 29.7608 189784 1.0331 3.20401e+06 320241 ZonesAtSurface
3881.85 3773.42 451.267 3 0 2 10 815689 34.8155 36028.4 1.01165 3.71303e+06 815689 ZonesAtSurface
3931.96 3773.42 511.211 0 2 2 8 1.51858e+06 29.6406 42130.4 1.4307 3.66925e+06 1.51858e+06 ZonesAtSurface
3982.04 3773.42 471.241 6 0 1 8 919432 34.8876 143417 1.09183 3.31252e+06 919432 ZonesAtSurface
4032.09 3773.45 531.232 6 4 2 6 1.69846e+06 42.7709 90946.1 1.70766 4.69313e+06 1.69846e+06 ZonesAtSurface
4082.17 3773.45 491.276 7 6 2 6 518915 36.2257 68606.9 1.72715 1.22253e+06 518915 ZonesAtSurface
4132.25 3773.44 401.346 0 0 1 7 424398 35.9502 162357 1.25308 3.07442e+06 424398 ZonesAtSurface
4182.3 3773.44 361.387 1 0 1 7 1.02288e+06 35.6802 132765 1.48565 4.3464e+06 1.02288e+06 ZonesAtSurface
4232.34 3773.45 321.424 0 1 2 7 1.42053e+06 36.6127 89040.2 1.21769 4.66767e+06 1.42053e+06 ZonesAtSurface
4282.38 3773.47 331.444 0 3 2 6 1.61275e+06 35.0167 149154 1.69634 3.51972e+06 1.61275e+06 ZonesAtSurface
4332.41 3773.48 291.476 9 4 2 6 488071 43.2663 75842.7 1.24803 1.71786e+06 488071 ZonesAtSurface
4382.45 3773.49 251.504 3 9 2 6 517786 30.534 80367.4 0 1.31709e+06 517786 ZonesAtSurface
4432.34 3773.47 11.5602 0 0 1 10 126165 30.9808 26821.2 1.24557 8.00359e+06 126165 ZonesAtSurface
4482.32 3773.49 -28.4285 0 0 1 10 1.73486e+06 28.1371 91626.1 2.12335 8.6775e+06 1.73486e+06 ZonesAtSurface
4532.32 3773.52 -18.3935 15 0 1 9 416376 30.7034 111681 1.18052 1.17453e+07 416376 ZonesAtSurface
4582.21 3773.56 -8.34333 19 0 1 8 108416 44.6597 93516 2.30758 4.649e+06 108416 ZonesAtSurface
4632.1 3773.62 1.72134 61 9 1 7 1.48901e+06 17.5988 167744 1.09058 3.80107e+06 1.48901e+06 ZonesAtSurface
4682.07 3773.64 11.7553 71 17 1 6 1.38004e+06 16.9262 38441.1 1.3762 2.69983e+06 1.38004e+06 ZonesAtSurface
4731.96 3773.68 21.792 89 35 1 5 1.14534e+06 22.8361 53250.7 1.22143 2.83669e+06 1.14534e+06 ZonesAtSurface
4781.84 3773.72 31.8466 105 52 1 4 1.13307e+06 18.0454 113023 1.38445 2.2445e+06 1.13307e+06 ZonesAtSurface
4831.73 3773.75 41.8703 112 75 1 3 1.08957e+06 26.0518 19070.8 1.19654 2.94633e+06 1.08957e+06 ZonesAtSurface
4881.62 3773.81 51.8598 86 88 1 2 1.48292e+06 29.4805 175152 1.22493 3.97731e+06 1.48292e+06 ZonesAtSurface
4931.69 3773.85 61.8053 38 109 1 1 1.8431e+06 42.3148 97577.4 1.80427 4.6757e+06 1.8431e+06 ZonesAtSurface
81.792 3823.95 -9.58215 135 1 1 2 1.15361e+06 36.9232 47350.8 1.23297 7.03108e+06 1.15361e+06 ZonesAtSurface
131.582 3823.86 -34.5424 125 0 1 3 198393 32.4541 72345.2 1.05933 6.84888e+06 198393 ZonesAtSurface
181.385 3823.84 -9.4124 116 2 2 3 292180 31.1516 38287.4 1.2478 1.25176e+06 292180 ZonesAtSurface
231.254 3823.75 -34.4675 117 0 1 4 1.85506e+06 34.4693 143766 1.03016 1.08776e+07 1.85506e+06 ZonesAtSurface
281.063 3823.73 -9.43897 105 58 1 4 1.74481e+06 16.2842 42824.6 1.2901 3.94285e+06 1.74481e+06 ZonesAtSurface
330.931 3823.66 -34.562 98 0 1 5 1.74466e+06 17.4665 98213.9 1.03597 6.13816e+06 1.74466e+06 ZonesAtSurface
380.793 3823.65 -9.5324 74 63 1 5 1.7402e+06 39.6387 118394 1.79787 4.62918e+06 1.7402e+06 ZonesAtSurface
430.759 3823.62 -34.5741 67 0 1 6 1.32817e+06 43.3085 82640.5 1.03735 1.013e+07 1.32817e+06 ZonesAtSurface
480.648 3823.62 -9.58493 82 35 1 6 1.36052e+06 25.8396 134508 1.27246 3.56635e+06 1.36052e+06 ZonesAtSurface
530.577 3823.55 -34.7207 54 0 1 7 478873 43.8587 42329.5 1.07961 7.82168e+06 478873 ZonesAtSurface
580.496 3823.53 -9.75581 30 0 1 7 1.6078e+06 22.4175 184071 1.30843 3.72823e+06 1.6078e+06 ZonesAtSurface
630.523 3823.49 -34.8275 13 0 1 8 354190 24.8765 99403.2 1.05064 7.14662e+06 354190 ZonesAtSurface
680.383 3823.46 40.1114 8 0 1 7 1.00269e+06 18.9814 16725.5 1.06826 2.73946e+06 1.00269e+06 ZonesAtSurface
730.407 3823.44 65.0798 2 0 2 7 199837 39.5242 105136 1.07486 4.52537e+06 199837 ZonesAtSurface
780.427 3823.43 90.0586 2 0 1 7 180663 43.1043 36081.7 1.06862 6.6957e+06 180663 ZonesAtSurface
830.441 3823.43 165.023 1 0 1 6 270014 43.2031 88739.2 1.50168 3.96088e+06 270014 ZonesAtSurface
880.471 3823.43 189.997 0 0 1 6 780021 40.0212 38124.4 2.09164 4.68853e+06 780021 ZonesAtSurface
930.51 3823.45 264.967 0 0 1 5 1.85396e+06 35.9145 163012 2.5245 4.44253e+06 1.85396e+06 ZonesAtSurface
980.555 3823.48 339.944 0 8 2 4 1.72085e+06 43.4054 68072.6 2.78924 3.17171e+06 1.72085e+06 ZonesAtSurface
1030.57 3823.46 264.924 0 0 1 6 1.24061e+06 29.0783 120564 1.46874 6.6176e+06 1.24061e+06 ZonesAtSurface
1080.6 3823.48 289.904 0 0 1 6 1.58514e+06 44.1813 92682.2 2.73722 7.29429e+06 1.58514e+06 ZonesAtSurface
1130.64 3823.49 314.883 4 0 1 6 208410 35.9019 30627 1.00703 7.07632e+06 208410 ZonesAtSurface
1180.71 3823.53 439.853 9 3 2 4 1.53344e+06 28.7072 111363 1.25377 3.98004e+06 1.53344e+06 ZonesAtSurface
1230.76 3823.53 464.831 2 3 2 4 800962 16.2992 145012 1.42978 1.43704e+06 800962 ZonesAtSurface
1280.79 3823.53 439.814 0 0 2 5 1.53945e+06 31.7881 107483 1.02622 5.57704e+06 1.53945e+06 ZonesAtSurface
1330.84 3823.55 464.8 3 0 2 5 468827 38.3908 39266.5 1.03033 2.64139e+06 468827 ZonesAtSurface
1380.88 3823.58 489.793 0 0 2 5 1.5654e+06 44.8083 42238.7 1.39243 5.52281e+06 1.5654e+06 ZonesAtSurface
1430.91 3823.58 414.779 2 0 1 7 1.40143e+06 24.8907 99546.2 1.00442 7.57229e+06 1.40143e+06 ZonesAtSurface
1480.97 3823.6 439.771 5 0 1 7 412790 33.8464 43951.9 1.01694 8.0371e+06 412790 ZonesAtSurface
1531.02 3823.61 414.768 3 0 1 8 1.08965e+06 43.5989 86027 1.02801 9.6531e+06 1.08965e+06 ZonesAtSurface
1581.1 3823.6 489.774 1 4 1 7 1.54923e+06 37.6965 152088 2.20615 2.78086e+06 1.54923e+06 ZonesAtSurface
1631.16 3823.64 414.781 5 0 1 9 420258 43.5564 41620.9 1.01611 5.72288e+06 420258 ZonesAtSurface
1681.17 3823.66 289.792 0 0 1 12 195533 28.5123 187763 1.11119 1.24465e+07 195533 ZonesAtSurface
1731.23 3823.67 314.804 0 0 1 12 1.85761e+06 32.1886 83551.4 1.772 1.24593e+07 1.85761e+06 ZonesAtSurface
1781.29 3823.67 339.834 8 0 1 12 1.71051e+06 19.6178 144746 1.11592 1.04726e+07 1.71051e+06 ZonesAtSurface
1831.3 3823.7 314.844 10 0 1 13 140350 17.1322 168339 1.05723 8.46409e+06 140350 ZonesAtSurface
1881.33 3823.72 339.883 6 0 1 13 1.32915e+06 39.1156 77666.7 1.23945 1.01639e+07 1.32915e+06 ZonesAtSurface
1931.37 3823.71 314.879 0 0 1 14 738212 28.6923 31775.8 1.24527 1.1585e+07 738212 ZonesAtSurface
1981.47 3823.7 389.928 8 6 2 13 948956 16.4727 144639 2.01157 1.29781e+06 948956 ZonesAtSurface
2031.44 3823.67 302.392 2 0 1 14 854408 18.338 25164.9 1.2721 1.01625e+07 854408 ZonesAtSurface
2081.46 3823.66 302.416 6 0 1 12 516555 27.4537 19645.3 1.45508 1.2101e+07 516555 ZonesAtSurface
2131.44 3823.67 302.46 10 0 1 10 340994 44.1568 166182 3.59862 1.72792e+07 340994 ZonesAtSurface
2181.32 3823.68 252.461 6 0 1 9 246433 29.0053 132833 2.30688 2.16899e+07 246433 ZonesAtSurface
2230.82 3823.69 302.466 9 0 0 0 862259 42.607 78243.1 2.20663 7.31309e+06 862259 ZonesAtSurface
2280.92 3823.58 252.483 10 0 0 0 144464 23.2906 134748 1.18835 1.15627e+07 144464 ZonesAtSurface
2331.05 3823.56 152.455 0 0 0 0 1.75457e+06 23.367 136501 1.56589 2.79215e+07 1.75457e+06 ZonesAtSurface
2381.03 3823.51 102.427 0 0 0 0 891965 26.6926 63200.1 1.98491 2.89124e+07 891965 ZonesAtSurface
2430.91 3823.44 102.289 0 0 0 0 388609 44.7617 30585.8 3.20343 4.69228e+07 388609 ZonesAtSurface
2481.27 3823.46 -47.6347 0 0 0 0 1.47e+06 43.1331 27708.2 2.2581 3.25465e+07 1.47e+06 ZonesAtSurface
2531.25 3823.42 -27.7574 10 0 0 0 311417 31.2015 127103 1.10482 2.80243e+07 311417 ZonesAtSurface
2581.34 3823.38 -37.6744 0 0 0 0 878745 37.8131 104071 2.55828 2.00664e+07 878745 ZonesAtSurface
2631.29 3823.29 2.28565 0 0 0 0 959306 35.9279 125938 1.63946 2.04782e+07 959306 ZonesAtSurface
2681.35 3823.26 -7.6726 0 0 0 0 1.68338e+06 39.5448 94204.8 3.30323 1.51975e+07 1.68338e+06 ZonesAtSurface
2731.21 3823.15 82.2029 8 0 0 0 1.21294e+06 36.2847 177319 1.04046 2.19428e+07 1.21294e+06 ZonesAtSurface
2781.2 3823.1 122.184 3 0 0 0 1.2522e+06 44.4954 83115 1.37034 2.23936e+07 1.2522e+06 ZonesAtSurface
2831.19 3823.08 162.181 7 0 0 0 1.62513e+06 43.7512 76246.4 1.01016 2.08657e+07 1.62513e+06 ZonesAtSurface
2881.27 3823.13 152.262 2 0 0 0 468071 44.2597 39383.1 1.36138 1.5879e+07 468071 ZonesAtSurface
2931.29 3823.2 142.316 0 0 0 0 375029 40.9672 102101 1.34399 1.54486e+07 375029 ZonesAtSurface
2981.28 3823.21 182.324 3 0 0 0 1.65148e+06 28.2247 18296.2 1.05574 1.45465e+07 1.65148e+06 ZonesAtSurface
3031.27 3823.14 272.323 3 0 0 0 1.42923e+06 27.3646 149438 1.01031 1.44164e+07 1.42923e+06 ZonesAtSurface
3081.26 3823.27 262.356 4 0 0 0 542452 26.7018 126448 1.00413 1.01569e+07 542452 ZonesAtSurface
3131.27 3823.3 302.361 3 0 0 0 1.15354e+06 17.1919 47556.1 1.00561 7.40258e+06 1.15354e+06 ZonesAtSurface
3181.29 3823.33 342.364 8 0 0 0 1.53286e+06 24.342 27761.2 1.02164 8.13301e+06 1.53286e+06 ZonesAtSurface
3231.3 3823.4 332.367 3 0 0 0 206233 28.7962 71124.7 1.25043 9.2434e+06 206233 ZonesAtSurface
3281.29 3823.45 322.396 7 0 1 7 329135 24.5354 102391 1.70442 5.19861e+06 329135 ZonesAtSurface
3331.29 3823.47 312.401 0 0 1 8 1.41722e+06 31.8013 65553.3 4.14979 3.16571e+06 1.41722e+06 ZonesAtSurface
3381.3 3823.49 352.419 0 8 1 8 1.83884e+06 33.0434 154200 1.54587 4.45421e+06 1.83884e+06 ZonesAtSurface
3431.33 3823.47 292.378 0 0 1 10 990357 36.3615 77174.7 2.84105 4.39747e+06 990357 ZonesAtSurface
3481.35 3823.46 332.375 14 0 1 10 100281 19.1422 176531 1.06539 2.49238e+06 100281 ZonesAtSurface
3531.39 3823.45 322.358 10 0 1 11 594678 33.1247 48909.2 1.13165 5.73093e+06 594678 ZonesAtSurface
3581.45 3823.44 312.351 7 0 1 12 151381 38.9541 114080 1.00547 5.52819e+06 151381 ZonesAtSurface
3631.52 3823.43 302.351 2 0 1 13 299964 30.4417 122778 1.01752 4.84933e+06 299964 ZonesAtSurface
3681.57 3823.43 342.343 5 0 1 13 1.78357e+06 41.5822 95967.1 1.19287 7.76815e+06 1.78357e+06 ZonesAtSurface
3731.65 3823.42 282.347 2 0 1 15 1.15852e+06 34.3755 113160 1.02964 9.87401e+06 1.15852e+06 ZonesAtSurface
3781.71 3823.42 332.325 1 0 1 14 291831 40.9257 158477 1.00931 4.93921e+06 291831 ZonesAtSurface
3831.76 3823.43 442.278 10 2 1 11 1.01797e+06 37.211 23083.6 1.16439 4.04087e+06 1.01797e+06 ZonesAtSurface
3881.87 3823.43 502.209 9 0 1 9 188284 35.3873 74464.8 1.03855 1.21933e+06 188284 ZonesAtSurface
3931.96 3823.43 512.2 8 0 1 8 817774 40.7997 177193 1.20333 3.22291e+06 817774 ZonesAtSurface
3982.01 3823.43 572.176 0 6 2 6 1.50331e+06 22.1602 13146.5 2.68943 1.82548e+06 1.50331e+06 ZonesAtSurface
4032.1 3823.43 482.253 6 0 1 7 1.21436e+06 23.344 166673 1.12369 3.80091e+06 1.21436e+06 ZonesAtSurface
4082.17 3823.44 442.298 3 0 1 7 1.41892e+06 25.7242 87634.6 1.21055 4.42138e+06 1.41892e+06 ZonesAtSurface
4132.24 3823.44 402.344 0 0 1 7 1.63883e+06 25.7657 37936.8 1.93498 3.30402e+06 1.63883e+06 ZonesAtSurface
4182.29 3823.45 362.389 6 0 1 7 1.45748e+06 33.6082 65203.9 1.27776 4.88624e+06 1.45748e+06 ZonesAtSurface
4232.33 3823.46 322.428 8 0 1 7 437093 21.0344 119484 1.39935 1.59137e+06 437093 ZonesAtSurface
4282.36 3823.48 282.461 4 4 1 7 409321 27.3084 30866.5 1.15343 1.20394e+06 409321 ZonesAtSurface
4332.38 3823.47 192.5 1 0 1 8 1.12208e+06 43.8363 70651.6 1.41195 5.48469e+06 1.12208e+06 ZonesAtSurface
4382.43 3823.48 202.518 0 3 1 7 1.40159e+06 38.4462 41580.7 1.64701 3.50966e+06 1.40159e+06 ZonesAtSurface
4432.44 3823.48 112.56 1 0 2 8 584481 15.2202 122075 1.05929 1.42862e+06 584481 ZonesAtSurface
4482.45 3823.49 72.5872 6 5 2 8 195043 18.5359 93036.1 0 241179 195043 ZonesAtSurface
4532.32 3823.51 -17.3987 10 0 1 9 1.20257e+06 26.8736 187293 1.28258 1.12278e+07 1.20257e+06 ZonesAtSurface
4582.2 3823.54 -7.34099 25 0 1 8 1.88626e+06 24.7096 134828 1.84789 4.1673e+06 1.88626e+06 ZonesAtSurface
4632.08 3823.58 2.73238 59 1 1 7 143473 20.686 51188.9 1.04574 1.20915e+06 143473 ZonesAtSurface
4682.04 3823.61 12.7625 58 25 1 6 960466 27.7666 108130 1.52924 1.98814e+06 960466 ZonesAtSurface
4731.99 3823.66 22.7906 89 6 1 5 338686 25.8987 131804 0.963265 966703 338686 ZonesAtSurface
4781.91 3823.71 32.8132 82 59 1 4 1.35462e+06 39.8141 88229.8 1.25519 4.3846e+06 1.35462e+06 ZonesAtSurface
4831.78 3823.75 42.8481 107 67 1 3 881635 32.2564 159579 1.10912 2.61647e+06 881635 ZonesAtSurface
4881.55 3823.82 52.8742 117 73 1 2 633204 21.4829 112320 1.22484 1.46671e+06 633204 ZonesAtSurface
4931.64 3823.84 62.8172 110 98 1 1 787912 16.318 87267.1 1.15023 1.82756e+06 787912 ZonesAtSurface
81.8039 3873.96 -8.58996 134 9 1 2 1.73678e+06 28.8402 142448 1.14105 7.49731e+06 1.73678e+06 ZonesAtSurface
131.604 3873.87 -33.5299 121 0 1 3 1.15272e+06 40.0478 186698 1.08053 8.54413e+06 1.15272e+06 ZonesAtSurface
181.395 3873.85 -8.37179 135 0 1 3 117524 17.7427 20980.7 1.23625 777164 117524 ZonesAtSurface
231.228 3873.76 -33.4657 117 0 1 4 1.00745e+06 23.9949 86339 1.05503 5.26303e+06 1.00745e+06 ZonesAtSurface
281.048 3873.73 -8.43717 99 81 1 4 1.8187e+06 18.5321 60410.9 1.37876 4.01902e+06 1.8187e+06 ZonesAtSurface
330.924 3873.67 -33.5607 106 0 1 5 239929 31.0474 96732.3 1.0678 4.66236e+06 239929 ZonesAtSurface
380.794 3873.67 -8.52853 97 60 1 5 946035 41.3899 43703.1 2.16972 2.73525e+06 946035 ZonesAtSurface
430.737 3873.63 -33.5959 89 0 1 6 679677 32.3475 40344 1.03188 6.36218e+06 679677 ZonesAtSurface
480.616 3873.62 -8.60816 66 18 1 6 1.39576e+06 15.668 165832 1.14034 3.34073e+06 1.39576e+06 ZonesAtSurface
530.571 3873.55 -33.7151 41 0 1 7 1.3793e+06 40.3071 175052 1.08299 9.3247e+06 1.3793e+06 ZonesAtSurface
580.48 3873.53 -8.76877 35 0 1 7 1.38513e+06 19.6977 92293.7 1.08409 4.0792e+06 1.38513e+06 ZonesAtSurface
630.515 3873.49 -33.8337 10 0 1 8 955115 34.1422 158221 1.01817 1.10776e+07 955115 ZonesAtSurface
680.389 3873.46 41.119 7 0 1 7 1.15839e+06 19.3177 113521 1.06985 3.06616e+06 1.15839e+06 ZonesAtSurface
730.409 3873.45 66.0797 4 0 1 7 1.55984e+06 25.7561 114716 1.02495 5.98208e+06 1.55984e+06 ZonesAtSurface
780.43 3873.44 91.0589 1 0 1 7 1.37702e+06 31.8769 59273.1 1.04297 6.97496e+06 1.37702e+06 ZonesAtSurface
830.447 3873.43 166.022 1 0 2 6 898451 39.9034 56970.7 1.36374 4.84572e+06 898451 ZonesAtSurface
880.487 3873.44 240.993 1 6 2 5 948846 34.6404 78703.5 1.88334 2.96871e+06 948846 ZonesAtSurface
930.52 3873.45 265.967 2 0 2 5 856854 30.0314 111444 1.30138 3.40441e+06 856854 ZonesAtSurface
980.553 3873.45 290.944 0 0 2 5 1.67068e+06 44.0086 22925.3 2.81127 4.0386e+06 1.67068e+06 ZonesAtSurface
1030.58 3873.45 265.925 3 0 1 6 159267 15.6483 128076 1.0787 3.01721e+06 159267 ZonesAtSurface
1080.61 3873.46 290.904 0 0 1 6 743924 31.5607 62046.9 1.38027 7.00982e+06 743924 ZonesAtSurface
1130.65 3873.47 315.882 6 0 1 6 1.12635e+06 19.0407 178625 1.01929 6.17678e+06 1.12635e+06 ZonesAtSurface
1180.71 3873.49 390.854 5 0 1 5 321113 27.0066 70022.6 1.02553 4.3437e+06 321113 ZonesAtSurface
1230.76 3873.5 415.828 1 0 1 5 293852 22.5945 19305.3 1.01529 3.40284e+06 293852 ZonesAtSurface
1280.81 3873.51 440.809 8 0 1 5 264608 34.6882 182344 1.0343 6.2876e+06 264608 ZonesAtSurface
1330.84 3873.52 415.796 0 0 1 6 830899 41.0044 171218 1.35547 7.61754e+06 830899 ZonesAtSurface
1380.89 3873.54 440.784 6 0 1 6 1.37118e+06 39.9938 100395 1.10909 8.56653e+06 1.37118e+06 ZonesAtSurface
1430.93 3873.54 415.773 2 0 1 7 794175 17.0316 43001.3 1.01495 5.30935e+06 794175 ZonesAtSurface
1480.98 3873.56 440.765 3 0 1 7 698084 23.337 158136 1.00778 6.3016e+06 698084 ZonesAtSurface
1531.04 3873.57 415.762 2 0 1 8 151073 18.1379 30632.8 1.00722 5.39357e+06 151073 ZonesAtSurface
1581.11 3873.58 440.768 3 0 1 8 332829 15.5066 80153.4 1.01662 2.83169e+06 332829 ZonesAtSurface
1631.18 3873.6 415.773 6 0 1 9 1.10949e+06 39.6333 70651.1 1.15191 9.94636e+06 1.10949e+06 ZonesAtSurface
1681.21 3873.61 340.789 9 0 1 11 1.24586e+06 15.5066 149847 1.03421 7.63351e+06 1.24586e+06 ZonesAtSurface
1731.28 3873.61 365.81 6 0 1 11 187069 41.2159 163772 1.14782 1.17079e+07 187069 ZonesAtSurface
1781.33 3873.64 340.822 4 0 1 12 507446 18.5086 23598.3 1.03559 7.5913e+06 507446 ZonesAtSurface
1831.35 3873.65 315.838 0 0 1 13 1.695e+06 38.5655 61165.7 3.6589 1.08642e+07 1.695e+06 ZonesAtSurface
1881.39 3873.66 340.873 10 0 1 13 1.51265e+06 27.8045 148039 1.10697 1.19091e+07 1.51265e+06 ZonesAtSurface
1931.44 3873.66 315.875 7 0 1 14 644177 17.0493 93889.2 1.03332 9.67408e+06 644177 ZonesAtSurface
1981.49 3873.65 340.893 10 0 1 14 459874 37.6151 88987.2 1.46799 1.28391e+07 459874 ZonesAtSurface
2031.55 3873.63 353.406 10 0 1 13 799014 43.8539 19892.5 1.85622 1.10744e+07 799014 ZonesAtSurface
2081.53 3873.62 303.414 3 0 1 12 1.20412e+06 37.3505 71741.1 2.6038 1.4299e+07 1.20412e+06 ZonesAtSurface
2131.49 3873.63 253.425 0 0 1 11 1.83937e+06 24.2114 81631.4 2.56327 1.50998e+07 1.83937e+06 ZonesAtSurface
2181.44 3873.64 253.454 7 0 1 9 1.4938e+06 25.1104 28658.9 2.36352 1.98315e+07 1.4938e+06 ZonesAtSurface
2231.08 3873.67 253.453 0 0 0 0 848616 39.8944 69157 1.45818 1.72285e+07 848616 ZonesAtSurface
2280.97 3873.5 303.481 0 0 0 0 1.81639e+06 40.3078 161790 1.75781 1.34033e+07 1.81639e+06 ZonesAtSurface
2331.17 3873.53 153.457 0 0 0 0 1.00592e+06 41.837 79820.3 4.59609 2.56666e+07 1.00592e+06 ZonesAtSurface
2381.14 3873.47 103.437 0 0 0 0 1.30346e+06 40.2977 52135.4 4.72221 2.70979e+07 1.30346e+06 ZonesAtSurface
2431.01 3873.41 103.331 0 0 0 0 1.00708e+06 44.3349 153042 4.06136 4.04758e+07 1.00708e+06 ZonesAtSurface
2481.45 3873.43 -96.5647 0 0 0 0 109591 35.9132 18496.7 2.97304 1.50395e+07 109591 ZonesAtSurface
2531.31 3873.39 -26.7258 0 0 0 0 1.16178e+06 44.4717 107563 2.83176 2.77457e+07 1.16178e+06 ZonesAtSurface
2581.39 3873.35 -36.6459 0 0 0 0 412960 26.9827 175694 1.68093 1.66419e+07 412960 ZonesAtSurface
2631.34 3873.27 3.30638 0 0 0 0 517400 38.0634 89750.3 2.5126 1.86659e+07 517400 ZonesAtSurface
2681.3 3873.19 43.2604 2 0 0 0 1.43185e+06 27.893 18468.3 1.09557 2.03389e+07 1.43185e+06 ZonesAtSurface
2731.27 3873.12 83.2289 6 0 0 0 771830 31.9867 180508 1.06826 2.04753e+07 771830 ZonesAtSurface
2781.33 3873.15 73.2973 0 0 0 0 835956 40.125 152011 2.094 1.54866e+07 835956 ZonesAtSurface
2831.35 3873.21 63.3394 0 0 0 0 1.57363e+06 41.3442 136195 3.1723 1.34772e+07 1.57363e+06 ZonesAtSurface
2881.3 3873.12 153.282 0 0 0 0 1.18535e+06 33.3941 36848 1.40545 1.66055e+07 1.18535e+06 ZonesAtSurface
2931.31 3873.21 143.33 0 0 0 0 219567 39.7108 21265.3 1.5221 1.52041e+07 219567 ZonesAtSurface
2981.29 3873.22 183.335 0 0 0 0 1.21093e+06 23.6588 132320 1.00729 1.2328e+07 1.21093e+06 ZonesAtSurface
3031.29 3873.3 173.36 0 0 0 0 216834 20.9091 162268 1.28684 8.7235e+06 216834 ZonesAtSurface
3081.27 3873.26 263.356 3 0 0 0 1.86626e+06 33.5172 16694.4 1.04478 1.375e+07 1.86626e+06 ZonesAtSurface
3131.28 3873.3 303.359 5 0 0 0 442833 27.0934 141630 1.00672 9.25001e+06 442833 ZonesAtSurface
3181.35 3873.25 393.354 3 0 0 0 117375 27.5208 122714 0.937884 6.5842e+06 117375 ZonesAtSurface
3231.36 3873.34 383.351 4 0 0 0 1.73885e+06 41.7021 63623.7 1.27835 1.26072e+07 1.73885e+06 ZonesAtSurface
3281.28 3873.46 323.398 0 0 1 7 1.32444e+06 39.0059 34900.7 4.73681 4.59179e+06 1.32444e+06 ZonesAtSurface
3331.28 3873.47 313.401 0 0 1 8 1.08973e+06 42.6751 105779 7.03613 3.45555e+06 1.08973e+06 ZonesAtSurface
3381.3 3873.47 303.391 0 0 1 9 1.71198e+06 44.1244 50867.5 8.32107 3.11336e+06 1.71198e+06 ZonesAtSurface
3431.31 3873.48 343.391 3 0 1 9 500726 35.948 176175 1.56326 3.31621e+06 500726 ZonesAtSurface
3481.34 3873.47 333.37 8 2 1 10 1.23083e+06 34.2013 80768.4 1.15805 4.28422e+06 1.23083e+06 ZonesAtSurface
3531.39 3873.46 323.352 1 3 1 11 1.70448e+06 43.9429 10656.3 1.18438 6.94114e+06 1.70448e+06 ZonesAtSurface
3581.43 3873.45 363.336 8 0 1 11 1.04124e+06 19.9761 169904 1.04641 3.56036e+06 1.04124e+06 ZonesAtSurface
3631.52 3873.44 303.346 2 0 1 13 1.25804e+06 27.63 147637 1.01934 6.42573e+06 1.25804e+06 ZonesAtSurface
3681.57 3873.43 343.335 6 0 1 13 312154 36.5836 29622.6 1.07851 3.75856e+06 312154 ZonesAtSurface
3731.62 3873.43 383.314 9 0 1 13 396772 36.5992 11994.9 1.27271 4.06441e+06 396772 ZonesAtSurface
3781.71 3873.42 333.322 7 0 1 14 1.3367e+06 18.9223 21368 1.02848 5.30579e+06 1.3367e+06 ZonesAtSurface
3831.75 3873.43 443.271 2 5 1 11 1.49824e+06 44.3167 141600 1.31253 5.30011e+06 1.49824e+06 ZonesAtSurface
3881.85 3873.42 453.26 2 0 1 10 114900 27.6184 45872.6 1.01581 2.32279e+06 114900 ZonesAtSurface
3931.96 3873.43 513.189 2 2 2 8 1.05525e+06 35.4343 142204 1.19008 3.36114e+06 1.05525e+06 ZonesAtSurface
3982.02 3873.43 523.205 0 0 2 7 582918 34.6654 81574.2 1.12332 2.37917e+06 582918 ZonesAtSurface
4032.09 3873.44 533.217 2 0 1 6 1.13629e+06 20.9656 143055 2.25439 1.62591e+06 1.13629e+06 ZonesAtSurface
4082.13 3873.44 543.255 10 6 2 5 321298 34.301 59131.5 0 878219 321298 ZonesAtSurface
4132.23 3873.44 403.343 0 0 1 7 1.75692e+06 37.5182 130361 1.59763 5.53476e+06 1.75692e+06 ZonesAtSurface
4182.27 3873.47 363.39 0 6 1 7 1.8879e+06 36.0491 43992.8 2.38923 4.07747e+06 1.8879e+06 ZonesAtSurface
4232.3 3873.46 273.437 4 0 2 8 1.70975e+06 29.1657 159846 1.10274 5.78742e+06 1.70975e+06 ZonesAtSurface
4282.34 3873.46 233.47 7 0 1 8 348591 42.3194 179956 1.43122 4.56345e+06 348591 ZonesAtSurface
4332.36 3873.46 143.508 10 0 1 9 514359 17.8642 105175 1.03125 3.62541e+06 514359 ZonesAtSurface
4382.41 3873.48 153.529 6 0 1 8 976825 24.223 52320.3 1.33515 4.52676e+06 976825 ZonesAtSurface
4432.34 3873.47 13.5571 0 0 1 10 1.33161e+06 34.3053 162911 2.00153 7.93526e+06 1.33161e+06 ZonesAtSurface
4482.44 3873.5 73.5858 2 2 2 8 1.65944e+06 21.9508 21649.5 1.09241 4.68335e+06 1.65944e+06 ZonesAtSurface
4532.31 3873.5 -16.4006 5 0 1 9 1.53092e+06 36.9865 185259 1.88799 1.10926e+07 1.53092e+06 ZonesAtSurface
4582.22 3873.52 -6.34867 17 0 1 8 1.66302e+06 38.9643 167252 2.24694 5.02821e+06 1.66302e+06 ZonesAtSurface
4632.1 3873.55 3.71592 55 5 1 7 855127 17.8068 62174.8 1.06906 2.14382e+06 855127 ZonesAtSurface
4682.03 3873.6 13.7469 39 29 1 6 1.65407e+06 35.1891 76993 1.96767 3.19338e+06 1.65407e+06 ZonesAtSurface
4731.98 3873.64 23.7885 34 41 1 5 1.75502e+06 42.5605 138961 1.51517 5.0606e+06 1.75502e+06 ZonesAtSurface
4781.95 3873.7 33.791 92 20 1 4 220108 30.2691 57875.8 0.938718 710982 220108 ZonesAtSurface
4831.88 3873.74 43.8208 109 48 1 3 549912 27.1463 169344 1.41764 1.12321e+06 549912 ZonesAtSurface
4881.64 3873.8 53.8794 129 74 1 2 415663 25.369 148254 1.37481 868107 415663 ZonesAtSurface
4931.69 3873.83 63.8129 70 102 1 1 1.37499e+06 31.118 62433.7 2.34992 2.18399e+06 1.37499e+06 ZonesAtSurface
81.8018 3923.97 -7.58081 112 0 1 2 569992 20.7653 139597 1.14713 3.22988e+06 569992 ZonesAtSurface
131.607 3923.88 -32.5201 119 0 1 3 1.65924e+06 30.1061 155354 1.12471 8.11267e+06 1.65924e+06 ZonesAtSurface
181.411 3923.86 -7.34001 133 0 1 3 429239 19.9364 120804 1.71124 1.1971e+06 429239 ZonesAtSurface
231.211 3923.76 -32.4568 116 0 1 4 586741 16.2031 119765 1.08738 3.27007e+06 586741 ZonesAtSurface
281.032 3923.74 -7.43976 95 77 1 4 1.52696e+06 38.4794 58644 1.86574 4.2769e+06 1.52696e+06 ZonesAtSurface
330.918 3923.68 -32.5603 86 0 1 5 1.08215e+06 25.4914 94841.1 1.05721 5.43862e+06 1.08215e+06 ZonesAtSurface
380.786 3923.67 -7.52726 102 3 1 5 777405 35.2473 135933 1.61042 2.8272e+06 777405 ZonesAtSurface
430.711 3923.63 -32.6148 76 0 1 6 370446 27.9941 24766.7 1.04102 3.91025e+06 370446 ZonesAtSurface
480.582 3923.62 -7.6212 75 24 1 6 1.0372e+06 36.4574 115277 1.66505 2.83964e+06 1.0372e+06 ZonesAtSurface
530.56 3923.56 -32.7204 49 0 1 7 1.68915e+06 20.1801 11978.9 1.03604 6.43633e+06 1.68915e+06 ZonesAtSurface
580.47 3923.53 -7.78137 37 0 1 7 405738 26.9567 65976.2 1.12911 1.6938e+06 405738 ZonesAtSurface
630.512 3923.49 -32.8375 9 0 1 8 1.50844e+06 29.0661 78325.9 1.01834 1.09054e+07 1.50844e+06 ZonesAtSurface
680.472 3923.47 -7.86772 1 0 1 8 281847 22.3056 40894.3 1.01739 4.77667e+06 281847 ZonesAtSurface
730.387 3923.46 117.071 0 5 2 6 1.69023e+06 41.0929 39895.2 1.62435 4.75134e+06 1.69023e+06 ZonesAtSurface
780.431 3923.44 92.0581 5 0 1 7 797311 27.0447 55269.6 1.00744 5.29944e+06 797311 ZonesAtSurface
830.449 3923.43 167.021 4 0 2 6 241562 31.8615 184560 1.05076 3.06863e+06 241562 ZonesAtSurface
880.483 3923.43 191.996 3 0 1 6 1.36894e+06 27.2547 97068.6 1.3681 4.48368e+06 1.36894e+06 ZonesAtSurface
930.515 3923.44 216.973 1 0 1 6 730509 34.1046 148033 1.41371 4.64829e+06 730509 ZonesAtSurface
980.55 3923.44 241.949 0 0 1 6 1.89887e+06 17.3524 22547.8 1.27884 5.36112e+06 1.89887e+06 ZonesAtSurface
1030.6 3923.44 316.926 0 8 1 5 1.33747e+06 42.7906 85613.6 1.65707 4.00094e+06 1.33747e+06 ZonesAtSurface
1080.64 3923.44 341.904 9 0 2 5 744946 44.2926 172360 1.12091 3.23239e+06 744946 ZonesAtSurface
1130.68 3923.45 366.879 5 0 1 5 1.50869e+06 41.3773 161928 1.22412 5.87599e+06 1.50869e+06 ZonesAtSurface
1180.73 3923.47 391.852 8 0 1 5 1.12604e+06 18.426 91367.8 1.03418 4.13034e+06 1.12604e+06 ZonesAtSurface
1230.78 3923.48 416.826 0 0 1 5 689069 35.5943 92579.2 1.01843 4.45997e+06 689069 ZonesAtSurface
1280.84 3923.5 491.804 0 10 2 4 1.39582e+06 44.7293 122115 2.43053 2.59579e+06 1.39582e+06 ZonesAtSurface
1330.87 3923.5 466.79 9 0 1 5 841404 18.7181 121577 1.02029 3.04897e+06 841404 ZonesAtSurface
1380.9 3923.51 441.778 3 0 1 6 913370 20.0556 36846.6 1.0116 4.76008e+06 913370 ZonesAtSurface
1430.95 3923.52 466.769 8 0 1 6 1.52809e+06 35.7312 121801 1.02501 6.56386e+06 1.52809e+06 ZonesAtSurface
1480.99 3923.53 441.758 0 0 1 7 1.73088e+06 22.0031 102336 1.01942 6.80335e+06 1.73088e+06 ZonesAtSurface
1531.05 3923.54 416.756 2 0 1 8 1.16321e+06 34.9524 45177.7 1.00401 8.37353e+06 1.16321e+06 ZonesAtSurface
1581.13 3923.54 441.758 6 0 1 8 1.18014e+06 17.4238 106277 1.03131 5.99317e+06 1.18014e+06 ZonesAtSurface
1631.19 3923.55 416.767 10 0 1 9 1.48678e+06 39.8695 164373 1.15387 1.21806e+07 1.48678e+06 ZonesAtSurface
1681.26 3923.52 441.777 8 0 1 9 895435 23.6919 145702 1.65652 2.2114e+06 895435 ZonesAtSurface
1731.32 3923.55 416.799 9 0 1 10 1.54507e+06 35.3765 139554 1.06938 7.43264e+06 1.54507e+06 ZonesAtSurface
1781.37 3923.6 341.811 4 0 1 12 160951 40.6682 170445 1.10586 1.28502e+07 160951 ZonesAtSurface
1831.4 3923.62 316.828 0 0 1 13 1.25587e+06 41.3368 72551.7 3.13947 1.19344e+07 1.25587e+06 ZonesAtSurface
1881.45 3923.6 341.857 5 0 1 13 1.36267e+06 23.2345 32029.3 1.11943 8.49309e+06 1.36267e+06 ZonesAtSurface
1931.51 3923.58 366.888 10 0 1 13 678983 25.9681 188562 1.17512 5.6777e+06 678983 ZonesAtSurface
1981.53 3923.61 291.866 0 0 1 15 786575 42.999 160760 4.72333 1.13197e+07 786575 ZonesAtSurface
2031.57 3923.59 304.386 0 0 1 14 1.36755e+06 35.0923 108059 2.99876 1.18809e+07 1.36755e+06 ZonesAtSurface
2081.6 3923.58 304.409 6 0 1 12 819684 20.3637 72239.1 1.29757 1.12266e+07 819684 ZonesAtSurface
2131.6 3923.59 304.441 7 0 1 10 637167 15.4247 99862.9 1.6152 5.57355e+06 637167 ZonesAtSurface
2181.53 3923.61 254.447 6 0 1 9 1.36913e+06 24.5624 77376.5 2.72339 1.5463e+07 1.36913e+06 ZonesAtSurface
2231.1 3923.63 304.455 5 0 0 0 1.31838e+06 41.5067 92156.6 1.49592 6.96419e+06 1.31838e+06 ZonesAtSurface
2281.1 3923.48 304.475 0 0 0 0 1.38875e+06 41.237 117469 1.66838 1.38694e+07 1.38875e+06 ZonesAtSurface
2331.29 3923.52 154.46 0 0 0 0 413254 42.1789 154362 5.07697 2.24176e+07 413254 ZonesAtSurface
2381.25 3923.45 104.448 0 0 0 0 1.60822e+06 40.3183 88520.5 4.73077 2.64353e+07 1.60822e+06 ZonesAtSurface
2431.11 3923.37 104.367 0 0 0 0 1.27039e+06 41.1985 144380 4.15991 3.51815e+07 1.27039e+06 ZonesAtSurface
2481.25 3923.39 4.33263 2 0 0 0 374559 38.9835 11084.5 1.47447 4.22195e+07 374559 ZonesAtSurface
2531.36 3923.37 -25.6873 9 0 0 0 1.55954e+06 24.5715 122052 1.11926 2.35656e+07 1.55954e+06 ZonesAtSurface
2581.32 3923.28 14.2681 3 0 0 0 574011 34.6416 90014.2 1.91891 2.35561e+07 574011 ZonesAtSurface
2631.28 3923.18 54.2247 0 0 0 0 1.55982e+06 41.1528 94699.7 1.95317 2.49312e+07 1.55982e+06 ZonesAtSurface
2681.35 3923.16 44.2874 0 0 0 0 582521 41.7477 152155 2.60661 1.78698e+07 582521 ZonesAtSurface
2731.33 3923.1 84.2585 0 0 0 0 1.49333e+06 41.5322 83093.1 2.00383 1.90672e+07 1.49333e+06 ZonesAtSurface
2781.36 3923.14 74.3165 4 0 0 0 1.74833e+06 21.638 122969 1.14234 1.51957e+07 1.74833e+06 ZonesAtSurface
2831.33 3923.13 114.305 0 0 0 0 1.78663e+06 37.1661 79567.1 2.03761 1.69678e+07 1.78663e+06 ZonesAtSurface
2881.29 3923.01 204.238 0 0 0 0 1.30644e+06 44.023 80418.5 2.07261 2.0013e+07 1.30644e+06 ZonesAtSurface
2931.32 3923.21 144.341 3 0 0 0 789383 20.6269 56036.6 1.00332 1.21281e+07 789383 ZonesAtSurface
2981.3 3923.12 234.317 0 0 0 0 1.85633e+06 41.3135 25774.9 1.2366 1.87495e+07 1.85633e+06 ZonesAtSurface
3031.29 3923.3 174.365 0 0 0 0 332472 31.3491 131809 3.7009 7.76501e+06 332472 ZonesAtSurface
3081.29 3923.18 314.343 2 0 0 0 1.12388e+06 17.5905 81569.3 1.00304 8.58766e+06 1.12388e+06 ZonesAtSurface
3131.3 3923.22 354.349 4 0 0 0 1.23369e+06 41.0731 29197.1 1.01463 1.4075e+07 1.23369e+06 ZonesAtSurface
3181.41 3923.15 444.333 10 0 0 0 1.48374e+06 35.6531 35854.8 0.859387 7.89875e+06 1.48374e+06 ZonesAtSurface
3231.3 3923.38 334.369 5 0 0 0 1.44528e+06 20.6347 165831 1.35576 1.06983e+07 1.44528e+06 ZonesAtSurface
3281.26 3923.46 324.401 0 0 1 7 1.1027e+06 32.4714 28774.4 3.57441 5.85539e+06 1.1027e+06 ZonesAtSurface
3331.27 3923.47 314.401 0 0 1 8 906867 25.3553 43992.3 3.15982 2.89524e+06 906867 ZonesAtSurface
3381.28 3923.49 354.408 0 3 2 8 1.81491e+06 35.1208 107130 1.93762 3.60089e+06 1.81491e+06 ZonesAtSurface
3431.31 3923.49 344.39 1 0 1 9 1.32186e+06 20.1767 65754.9 1.63708 2.71525e+06 1.32186e+06 ZonesAtSurface
3481.36 3923.47 284.365 3 0 1 11 205611 33.7946 15693.7 1.01329 6.083e+06 205611 ZonesAtSurface
3531.38 3923.47 324.349 9 0 1 11 149821 24.1805 41058.1 1.04812 3.02182e+06 149821 ZonesAtSurface
3581.42 3923.46 364.327 5 0 2 11 921347 31.2572 45127.6 1.02313 3.78686e+06 921347 ZonesAtSurface
3631.47 3923.44 404.301 8 0 2 11 424234 33.9549 182110 1.11892 1.81004e+06 424234 ZonesAtSurface
3681.57 3923.44 344.325 2 0 1 13 1.01839e+06 37.1564 154387 1.0515 5.74175e+06 1.01839e+06 ZonesAtSurface
3731.63 3923.43 334.314 6 0 1 14 1.69584e+06 41.7099 31058.4 1.01685 9.85355e+06 1.69584e+06 ZonesAtSurface
3781.68 3923.42 434.264 6 0 1 12 527764 44.7246 12515.2 1.07791 3.30508e+06 527764 ZonesAtSurface
3831.75 3923.42 444.261 4 0 1 11 735092 32.561 58459.9 1.12151 2.94014e+06 735092 ZonesAtSurface
3881.86 3923.42 504.199 1 2 1 9 1.08578e+06 35.5632 26498.6 1.06348 3.99864e+06 1.08578e+06 ZonesAtSurface
3931.94 3923.44 564.153 0 9 2 7 1.55689e+06 28.4049 14105.9 1.73729 3.09183e+06 1.55689e+06 ZonesAtSurface
3982.02 3923.44 524.197 1 0 2 7 655276 17.7933 53042.7 1.25755 1.67854e+06 655276 ZonesAtSurface
4032.1 3923.44 484.241 0 0 2 7 839327 26.8991 181525 1.20042 3.08991e+06 839327 ZonesAtSurface
4082.16 3923.44 494.267 2 4 2 6 1.3548e+06 25.1805 151221 1.34962 3.38837e+06 1.3548e+06 ZonesAtSurface
4132.23 3923.44 404.339 7 0 1 7 860615 39.8188 128765 1.47679 5.51697e+06 860615 ZonesAtSurface
4182.26 3923.44 264.414 2 0 1 9 1.59964e+06 31.9241 101076 1.07538 7.05732e+06 1.59964e+06 ZonesAtSurface
4232.29 3923.44 224.446 6 0 1 9 1.56272e+06 33.0875 186457 1.25123 7.76601e+06 1.56272e+06 ZonesAtSurface
4282.33 3923.44 184.474 7 0 1 9 725276 36.1886 178025 1.07936 5.82282e+06 725276 ZonesAtSurface
4332.38 3923.45 194.498 6 0 1 8 1.7617e+06 32.113 156557 1.24088 7.0769e+06 1.7617e+06 ZonesAtSurface
4382.35 3923.46 54.5357 0 0 1 10 1.06409e+06 29.5029 181587 1.69232 7.36354e+06 1.06409e+06 ZonesAtSurface
4432.45 3923.47 164.549 5 0 2 7 124717 43.6705 10167.6 1.92375 555493 124717 ZonesAtSurface
4482.32 3923.48 -25.434 2 0 1 10 1.28265e+06 16.0157 53628.9 1.24447 7.63969e+06 1.28265e+06 ZonesAtSurface
4532.31 3923.5 -15.4033 7 0 1 9 861211 30.1555 86254.7 1.72044 1.03939e+07 861211 ZonesAtSurface
4582.25 3923.51 -5.36186 17 0 1 8 558857 40.5102 121339 2.10679 8.17882e+06 558857 ZonesAtSurface
4632.14 3923.55 4.68914 38 4 1 7 1.17988e+06 36.848 65629.8 1.40413 4.38195e+06 1.17988e+06 ZonesAtSurface
4682.07 3923.6 14.727 48 18 1 6 1.73974e+06 27.0303 104703 1.40648 4.0271e+06 1.73974e+06 ZonesAtSurface
4732.01 3923.65 24.7637 31 39 1 5 1.45889e+06 36.6228 25693.7 2.51789 2.43088e+06 1.45889e+06 ZonesAtSurface
4781.94 3923.69 34.7889 107 35 1 4 836882 22.8054 140142 1.07923 2.2956e+06 836882 ZonesAtSurface
4831.9 3923.75 44.8153 81 72 1 3 1.44811e+06 17.3271 134787 2.15989 1.78622e+06 1.44811e+06 ZonesAtSurface
4881.75 3923.79 54.8693 104 83 1 2 1.12713e+06 19.3249 147349 1.36597 2.30496e+06 1.12713e+06 ZonesAtSurface
4931.8 3923.85 64.7944 46 91 1 1 1.58906e+06 44.5448 171582 1.75574 4.12424e+06 1.58906e+06 ZonesAtSurface
81.7915 3973.99 -6.58294 107 8 1 2 1.4096e+06 24.7991 56975.5 1.11902 5.43734e+06 1.4096e+06 ZonesAtSurface
131.603 3973.89 -31.5268 107 0 1 3 1.77663e+06 30.0666 171883 1.18875 7.9798e+06 1.77663e+06 ZonesAtSurface
181.429 3973.87 -6.35643 107 54 1 3 1.77548e+06 37.0773 90962.7 1.66446 5.78375e+06 1.77548e+06 ZonesAtSurface
231.217 3973.77 -31.4742 111 0 1 4 590352 18.9035 128536 1.09244 3.85459e+06 590352 ZonesAtSurface
281.036 3973.75 -6.45574 97 73 1 4 1.66669e+06 34.3949 93206.7 1.78104 4.16031e+06 1.66669e+06 ZonesAtSurface
330.921 3973.68 -31.5614 84 0 1 5 1.17163e+06 35.6603 114368 1.06079 6.63964e+06 1.17163e+06 ZonesAtSurface
380.778 3973.68 -6.53358 82 0 1 5 363341 39.412 99220 1.42912 2.10854e+06 363341 ZonesAtSurface
430.704 3973.64 -31.6232 76 0 1 6 1.5354e+06 26.8308 140866 1.02982 7.05098e+06 1.5354e+06 ZonesAtSurface
480.565 3973.64 -6.63318 61 14 1 6 979502 39.8468 140693 1.79718 2.8448e+06 979502 ZonesAtSurface
530.552 3973.55 -31.7351 31 0 1 7 1.55159e+06 15.2977 180226 1.01901 5.02717e+06 1.55159e+06 ZonesAtSurface
580.471 3973.52 -6.78266 29 0 1 7 107266 25.9204 89202 1.11282 1.52362e+06 107266 ZonesAtSurface
630.508 3973.49 -31.8402 17 0 1 8 315560 35.663 68598.6 1.02866 1.15489e+07 315560 ZonesAtSurface
680.467 3973.47 -6.8709 7 0 1 8 253055 38.6609 111157 1.01205 7.72225e+06 253055 ZonesAtSurface
730.412 3973.46 68.0844 9 0 1 7 1.57168e+06 43.0091 134636 1.12684 7.7932e+06 1.57168e+06 ZonesAtSurface
780.434 3973.44 93.0571 3 0 1 7 1.83743e+06 23.5011 168578 1.03375 6.89653e+06 1.83743e+06 ZonesAtSurface
830.45 3973.44 168.021 6 0 2 6 924877 16.7309 71373.5 1.01632 2.7957e+06 924877 ZonesAtSurface
880.485 3973.43 192.996 7 0 2 6 1.31588e+06 22.5243 185828 1.04922 4.13876e+06 1.31588e+06 ZonesAtSurface
930.519 3973.43 217.974 0 0 1 6 1.89915e+06 27.9806 74295.2 1.97061 4.24898e+06 1.89915e+06 ZonesAtSurface
980.555 3973.43 242.95 7 0 1 6 441578 36.4702 30229.3 1.11158 4.05651e+06 441578 ZonesAtSurface
1030.61 3973.43 317.925 0 6 2 5 1.11074e+06 38.7232 30398.1 1.59836 3.291e+06 1.11074e+06 ZonesAtSurface
1080.65 3973.44 342.9 0 6 2 5 1.82635e+06 27.0974 112258 1.99311 3.33448e+06 1.82635e+06 ZonesAtSurface
1130.69 3973.44 367.874 0 0 1 5 520507 32.3606 14925.2 1.00711 3.36208e+06 520507 ZonesAtSurface
1180.74 3973.46 392.85 2 0 1 5 632503 26.6492 12088.4 1.03378 2.98561e+06 632503 ZonesAtSurface
1230.81 3973.49 467.821 0 6 2 4 1.63634e+06 18.4836 163607 1.5271 2.8998e+06 1.63634e+06 ZonesAtSurface
1280.83 3973.49 442.803 2 1 1 5 1.49146e+06 27.9537 40606.8 1.24389 4.14601e+06 1.49146e+06 ZonesAtSurface
1330.88 3973.49 467.785 1 1 2 5 956301 39.4849 63536.2 1.25197 3.15469e+06 956301 ZonesAtSurface
1380.93 3973.49 492.77 0 0 2 5 229321 21.757 165664 1.30123 790851 229321 ZonesAtSurface
1430.97 3973.5 467.76 3 0 1 6 888489 32.2431 168472 1.04466 5.797e+06 888489 ZonesAtSurface
1481.01 3973.5 442.75 5 0 1 7 197124 31.8261 77306.4 1.02661 6.37581e+06 197124 ZonesAtSurface
1531.08 3973.47 517.733 6 0 2 6 1.14326e+06 26.39 177552 1.12988 3.75847e+06 1.14326e+06 ZonesAtSurface
1581.14 3973.5 442.746 2 0 1 8 997352 28.8135 119829 1.03545 6.25013e+06 997352 ZonesAtSurface
1631.22 3973.45 517.736 8 4 2 7 957574 15.9563 77494.1 1.64305 1.5327e+06 957574 ZonesAtSurface
1681.27 3973.5 442.768 4 0 1 9 643546 35.1267 128112 1.03996 5.0387e+06 643546 ZonesAtSurface
1731.34 3973.53 417.786 7 0 1 10 521825 41.8726 78293.2 1.04152 7.66602e+06 521825 ZonesAtSurface
1781.4 3973.56 392.81 7 0 1 11 687040 27.1262 138831 1.07064 5.56727e+06 687040 ZonesAtSurface
1831.46 3973.55 417.835 10 0 1 11 397470 35.5667 92280.1 1.79222 1.22083e+06 397470 ZonesAtSurface
1881.5 3973.57 392.859 8 0 1 12 1.32378e+06 22.2873 130622 1.23089 4.58046e+06 1.32378e+06 ZonesAtSurface
1931.55 3973.56 367.876 5 0 1 13 1.29472e+06 37.2995 137223 1.10509 7.23022e+06 1.29472e+06 ZonesAtSurface
1981.62 3973.55 392.894 9 0 2 13 283147 26.5391 82367.3 1.05387 1.31503e+06 283147 ZonesAtSurface
2031.69 3973.54 405.406 6 5 1 12 1.32069e+06 42.9187 46379.6 1.56487 4.86084e+06 1.32069e+06 ZonesAtSurface
2081.66 3973.55 305.405 0 0 1 12 609972 38.5568 112579 3.04555 1.17491e+07 609972 ZonesAtSurface
2131.65 3973.57 305.436 7 0 1 10 1.72227e+06 24.4892 79409.7 1.48277 8.22202e+06 1.72227e+06 ZonesAtSurface
2181.58 3973.58 255.445 0 0 1 9 414772 39.4985 155708 5.9986 1.63375e+07 414772 ZonesAtSurface
2231.22 3973.6 305.452 2 0 0 0 772752 36.0141 93455.3 1.22411 8.06719e+06 772752 ZonesAtSurface
2281.39 3973.56 205.463 6 0 0 0 265388 17.9845 27728 1.21505 1.40533e+07 265388 ZonesAtSurface
2331.39 3973.5 155.465 0 0 0 0 1.45186e+06 25.6021 101814 2.32944 1.86665e+07 1.45186e+06 ZonesAtSurface
2381.35 3973.44 105.458 0 0 0 0 1.4641e+06 29.5517 149646 2.61512 2.38501e+07 1.4641e+06 ZonesAtSurface
2431.3 3973.38 55.4338 0 0 0 0 1.8652e+06 35.865 185339 3.62326 2.65625e+07 1.8652e+06 ZonesAtSurface
2481.32 3973.36 5.37047 0 0 0 0 1.49628e+06 35.2287 43557.2 1.6543 3.48867e+07 1.49628e+06 ZonesAtSurface
2531.41 3973.34 -24.6485 0 0 0 0 1.40707e+06 41.5233 70276 3.24277 1.8926e+07 1.40707e+06 ZonesAtSurface
2581.38 3973.25 15.3091 3 0 0 0 1.14242e+06 34.0541 105609 2.33957 1.95686e+07 1.14242e+06 ZonesAtSurface
2631.46 3973.28 -44.5861 0 0 0 0 964219 42.3789 85319.1 10 6.43463e+06 964219 ZonesAtSurface
2681.39 3973.15 45.3133 0 0 0 0 1.78441e+06 34.5163 91623.9 2.76157 1.50584e+07 1.78441e+06 ZonesAtSurface
2731.37 3973.08 85.2844 0 0 0 0 1.69279e+06 42.9734 158447 3.28486 1.71186e+07 1.69279e+06 ZonesAtSurface
2781.34 3973.04 125.267 0 0 0 0 1.70973e+06 43.4807 107395 2.73219 1.82603e+07 1.70973e+06 ZonesAtSurface
2831.33 3973.02 165.258 1 0 0 0 1.78046e+06 40.8656 65110.9 2.18668 1.95855e+07 1.78046e+06 ZonesAtSurface
2881.29 3972.87 255.173 8 0 0 0 1.64216e+06 43.5694 18240.6 1.5198 2.43398e+07 1.64216e+06 ZonesAtSurface
2931.32 3973.11 195.313 4 0 0 0 447521 31.1604 74368.7 1.01712 1.64316e+07 447521 ZonesAtSurface
2981.31 3973.12 235.321 7 0 0 0 478939 35.459 173472 1.0324 1.71172e+07 478939 ZonesAtSurface
3031.31 3973.04 325.302 8 0 0 0 901161 42.7874 134425 1.09096 1.90657e+07 901161 ZonesAtSurface
3081.32 3973.08 365.32 9 0 0 0 1.8598e+06 36.3552 166895 1.00711 1.56252e+07 1.8598e+06 ZonesAtSurface
3131.26 3973.33 255.374 4 0 0 0 392991 22.3926 60806.6 2.39344 6.71548e+06 392991 ZonesAtSurface
3181.34 3973.25 395.35 0 0 0 0 1.78767e+06 30.9532 175552 1.16349 1.33114e+07 1.78767e+06 ZonesAtSurface
3231.29 3973.37 335.373 0 0 0 0 1.00325e+06 44.6358 167220 3.45428 1.07609e+07 1.00325e+06 ZonesAtSurface
3281.26 3973.44 275.393 0 0 1 8 609127 18.7258 179776 2.40653 3.54288e+06 609127 ZonesAtSurface
3331.27 3973.47 315.404 0 0 2 8 457805 30.5428 42890.1 2.64603 3.42154e+06 457805 ZonesAtSurface
3381.28 3973.5 355.407 0 6 2 8 1.16963e+06 41.1663 44022.8 1.58077 3.76362e+06 1.16963e+06 ZonesAtSurface
3431.3 3973.5 345.39 1 1 1 9 1.12747e+06 40.8042 114150 1.48828 3.4753e+06 1.12747e+06 ZonesAtSurface
3481.35 3973.48 285.366 4 0 1 11 788956 36.1179 119986 1.01218 6.01462e+06 788956 ZonesAtSurface
3531.37 3973.5 375.347 10 0 1 10 264096 42.117 115357 1.41207 1.35488e+06 264096 ZonesAtSurface
3581.42 3973.49 415.315 0 5 2 10 1.56141e+06 24.3877 167665 1.41003 3.34063e+06 1.56141e+06 ZonesAtSurface
3631.47 3973.47 405.297 0 3 2 11 1.8421e+06 39.1924 72049.7 1.23082 6.29676e+06 1.8421e+06 ZonesAtSurface
3681.53 3973.46 445.264 9 0 2 11 276845 17.4611 86700.3 1.25821 666040 276845 ZonesAtSurface
3731.62 3973.44 385.289 6 0 1 13 460042 44.655 40738.9 1.04912 5.45843e+06 460042 ZonesAtSurface
3781.67 3973.43 485.225 7 0 2 11 176632 42.6639 117794 1.03008 2.09629e+06 176632 ZonesAtSurface
3831.76 3973.42 545.171 0 3 2 9 1.43994e+06 30.2512 63930.8 1.57512 3.15733e+06 1.43994e+06 ZonesAtSurface
3881.86 3973.44 555.149 0 7 2 8 1.18268e+06 39.5274 51960.1 1.5491 3.26951e+06 1.18268e+06 ZonesAtSurface
3931.95 3973.44 515.181 0 4 1 8 1.45745e+06 25.7662 146860 1.21619 3.69404e+06 1.45745e+06 ZonesAtSurface
3982 3973.45 575.156 8 0 2 6 149591 32.3263 37194.7 3.33969 444345 149591 ZonesAtSurface
4032.05 3973.46 585.183 0 10 2 5 1.35585e+06 38.2829 44773.2 5.02112 1.17555e+06 1.35585e+06 ZonesAtSurface
4082.13 3973.46 545.238 0 9 2 5 1.34564e+06 32.719 26636.2 2.97831 1.70962e+06 1.34564e+06 ZonesAtSurface
4132.23 3973.44 455.312 5 0 1 6 222356 43.1276 72044.7 1.37986 2.1083e+06 222356 ZonesAtSurface
4182.29 3973.43 365.378 7 2 2 7 844424 25.9319 107819 1.24304 2.32527e+06 844424 ZonesAtSurface
4232.31 3973.44 275.433 3 0 1 8 1.31459e+06 15.2908 95283.7 1.09359 3.79351e+06 1.31459e+06 ZonesAtSurface
4282.36 3973.44 335.445 4 9 2 6 790442 20.0443 128276 1.56159 1.46958e+06 790442 ZonesAtSurface
4332.38 3973.45 195.495 8 0 1 8 1.32661e+06 19.4793 167696 1.12459 3.75374e+06 1.32661e+06 ZonesAtSurface
4382.4 3973.45 155.528 3 0 1 8 1.19227e+06 32.2481 142766 1.29069 5.85273e+06 1.19227e+06 ZonesAtSurface
4432.41 3973.46 115.558 7 0 1 8 666130 40.5822 81353.9 1.40712 2.38005e+06 666130 ZonesAtSurface
4482.45 3973.47 125.577 6 9 2 7 1.51016e+06 20.4796 125085 1.19736 3.72154e+06 1.51016e+06 ZonesAtSurface
4532.43 3973.47 85.6062 10 9 2 7 117047 37.008 71699.1 1.7775 164280 117047 ZonesAtSurface
4582.29 3973.52 -4.37729 10 0 1 8 1.62932e+06 33.1302 47799.7 1.56057 1.0118e+07 1.62932e+06 ZonesAtSurface
4632.21 3973.55 5.66068 25 0 1 7 1.757e+06 32.1683 49907.9 1.46618 7.69833e+06 1.757e+06 ZonesAtSurface
4682.1 3973.61 15.7087 47 14 1 6 1.68796e+06 22.1564 128348 1.37977 4.05211e+06 1.68796e+06 ZonesAtSurface
4732.06 3973.64 25.7361 54 0 1 5 299673 42.3072 110569 1.26287 849057 299673 ZonesAtSurface
4781.93 3973.7 35.7934 87 34 1 4 469249 17.0574 43171 0.880148 1.41062e+06 469249 ZonesAtSurface
4831.85 3973.76 45.8164 57 62 1 3 860577 37.4065 112847 1.20252 2.65584e+06 860577 ZonesAtSurface
4881.79 3973.8 55.8496 78 76 1 2 918826 18.3849 50370.5 1.24992 2.00945e+06 918826 ZonesAtSurface
4931.85 3973.86 65.7913 62 91 1 1 1.68637e+06 39.6093 59189.2 1.58542 4.61521e+06 1.68637e+06 ZonesAtSurface
81.7881 4024.02 -5.59779 108 0 1 2 166758 44.8463 167655 1.28374 8.19947e+06 166758 ZonesAtSurface
131.614 4023.91 -30.5279 103 0 1 3 1.74886e+06 34.5271 80347.3 1.27414 8.31423e+06 1.74886e+06 ZonesAtSurface
181.435 4023.89 -5.3722 117 44 1 3 1.42632e+06 28.7478 52871.9 1.76047 3.77129e+06 1.42632e+06 ZonesAtSurface
231.218 4023.78 -30.494 101 0 1 4 1.34787e+06 39.0008 167153 1.08451 8.5556e+06 1.34787e+06 ZonesAtSurface
281.045 4023.76 -5.46355 105 26 1 4 889496 19.9566 69157.2 1.59792 1.87801e+06 889496 ZonesAtSurface
330.929 4023.7 -30.5487 86 0 1 5 389909 30.4692 115645 1.03227 5.38331e+06 389909 ZonesAtSurface
380.78 4023.7 -5.52921 84 29 1 5 1.72537e+06 17.5484 188897 1.15046 4.22743e+06 1.72537e+06 ZonesAtSurface
430.708 4023.65 -30.6248 59 0 1 6 609969 31.4242 148565 1.04661 6.33307e+06 609969 ZonesAtSurface
480.575 4023.64 -5.62899 64 0 1 6 380778 18.7831 56696.7 1.19498 1.49463e+06 380778 ZonesAtSurface
530.554 4023.55 -30.7321 43 0 1 7 1.74067e+06 33.9523 13496.8 1.0295 8.04521e+06 1.74067e+06 ZonesAtSurface
580.473 4023.51 -5.77851 36 4 1 7 1.80871e+06 34.9546 35701.4 1.07411 6.68361e+06 1.80871e+06 ZonesAtSurface
630.505 4023.49 -30.844 18 0 1 8 768934 44.1984 138831 1.09671 1.43066e+07 768934 ZonesAtSurface
680.466 4023.47 -5.87455 9 0 1 8 389356 22.1287 176580 1.01559 5.79341e+06 389356 ZonesAtSurface
730.458 4023.45 19.0916 0 0 1 8 1.39064e+06 41.5651 52153.1 1.21641 9.71506e+06 1.39064e+06 ZonesAtSurface
780.418 4023.44 144.048 9 1 2 6 1.72131e+06 16.0948 65085.6 1.01976 4.51259e+06 1.72131e+06 ZonesAtSurface
830.449 4023.44 169.02 8 0 2 6 715023 20.5507 157251 1.01855 2.55102e+06 715023 ZonesAtSurface
880.485 4023.44 193.996 6 0 2 6 294392 20.2202 180789 1.0342 1.39988e+06 294392 ZonesAtSurface
930.521 4023.43 218.974 3 5 2 6 1.68847e+06 24.9224 140698 1.22704 4.30016e+06 1.68847e+06 ZonesAtSurface
980.558 4023.43 243.95 3 0 2 6 1.06319e+06 21.823 114849 1.13183 3.37148e+06 1.06319e+06 ZonesAtSurface
1030.6 4023.43 268.924 0 0 2 6 1.69799e+06 25.9331 19582.2 1.47012 4.60998e+06 1.69799e+06 ZonesAtSurface
1080.66 4023.43 343.898 0 5 2 5 1.22161e+06 40.92 184500 1.97356 3.27684e+06 1.22161e+06 ZonesAtSurface
1130.7 4023.44 368.87 1 0 1 5 287434 16.5945 72721.3 1.04862 1.45827e+06 287434 ZonesAtSurface
1180.75 4023.45 393.846 8 0 2 5 275480 19.6092 157173 1.03556 2.19728e+06 275480 ZonesAtSurface
1230.8 4023.46 418.823 6 0 2 5 922377 20.8922 105436 1.03193 3.48598e+06 922377 ZonesAtSurface
1280.84 4023.49 443.799 4 0 2 5 427407 15.2744 21414.8 1.24106 1.03706e+06 427407 ZonesAtSurface
1330.89 4023.5 468.778 0 6 2 5 1.62918e+06 33.3722 57125.9 1.97394 3.35921e+06 1.62918e+06 ZonesAtSurface
1380.93 4023.49 493.76 0 4 2 5 1.29322e+06 42.2866 84299.8 2.25147 3.0731e+06 1.29322e+06 ZonesAtSurface
1430.97 4023.48 468.748 1 0 1 6 210735 22.4505 151553 1.03354 2.72221e+06 210735 ZonesAtSurface
1481.02 4023.47 443.741 4 0 1 7 653730 27.8057 92810 1.00645 6.45152e+06 653730 ZonesAtSurface
1531.1 4023.45 518.718 5 5 1 6 1.57375e+06 35.9447 90247.9 1.03231 5.86107e+06 1.57375e+06 ZonesAtSurface
1581.16 4023.45 493.722 7 0 1 7 1.06688e+06 42.4244 99401.4 1.01209 6.47241e+06 1.06688e+06 ZonesAtSurface
1631.22 4023.47 468.736 5 0 1 8 1.89782e+06 27.9094 106976 1.00821 6.43879e+06 1.89782e+06 ZonesAtSurface
1681.28 4023.49 443.754 7 0 1 9 381947 44.0195 12628.7 1.0491 5.20598e+06 381947 ZonesAtSurface
1731.34 4023.49 468.768 8 2 1 9 1.49767e+06 25.5886 110529 1.5179 3.11569e+06 1.49767e+06 ZonesAtSurface
1781.4 4023.55 393.801 4 0 1 11 1.58807e+06 41.2442 17512.2 2.19981 6.30455e+06 1.58807e+06 ZonesAtSurface
1831.46 4023.58 418.824 10 0 1 11 182312 40.3151 53067.8 2.22982 410756 182312 ZonesAtSurface
1881.52 4023.58 393.851 6 0 1 12 502401 38.3596 150407 1.66008 3.19708e+06 502401 ZonesAtSurface
1931.58 4023.56 368.868 6 0 2 13 1.08411e+06 21.198 41815.8 1.50217 4.20246e+06 1.08411e+06 ZonesAtSurface
1981.63 4023.54 343.874 0 0 1 14 1.07239e+06 39.8245 90924 1.18233 1.15513e+07 1.07239e+06 ZonesAtSurface
2031.69 4023.52 356.391 6 0 1 13 1.31748e+06 39.5941 35038.8 1.38217 1.04721e+07 1.31748e+06 ZonesAtSurface
2081.7 4023.52 306.404 0 0 1 12 1.83896e+06 38.5652 30168.1 3.30226 1.15206e+07 1.83896e+06 ZonesAtSurface
2131.71 4023.55 306.438 7 0 1 10 643267 31.8196 137762 1.55251 8.99112e+06 643267 ZonesAtSurface
2181.65 4023.54 206.435 0 0 1 10 1.10613e+06 31.8883 39068.6 5.08588 1.09875e+07 1.10613e+06 ZonesAtSurface
2231.32 4023.57 306.451 2 6 0 0 1.38689e+06 35.6495 34590.7 1.77089 1.0127e+07 1.38689e+06 ZonesAtSurface
2281.55 4023.54 156.46 1 0 0 0 1.48421e+06 17.383 88357.9 1.91861 1.31807e+07 1.48421e+06 ZonesAtSurface
2331.48 4023.49 156.469 0 0 0 0 1.11427e+06 29.1968 34228.2 3.11669 1.50002e+07 1.11427e+06 ZonesAtSurface
2381.44 4023.43 106.467 0 0 0 0 1.79744e+06 27.2102 55142 2.47123 1.99862e+07 1.79744e+06 ZonesAtSurface
2431.39 4023.37 56.4507 0 0 0 0 686956 26.4032 117814 1.88366 2.39202e+07 686956 ZonesAtSurface
2481.56 4023.39 -93.5439 10 0 0 0 146042 23.9376 93870.3 2.11095 9.6114e+06 146042 ZonesAtSurface
2531.52 4023.35 -73.5588 0 0 0 0 360046 35.09 93945.8 6.8142 5.7174e+06 360046 ZonesAtSurface
2581.48 4023.29 -33.5829 0 0 0 0 850737 26.0731 183676 3.68122 7.26629e+06 850737 ZonesAtSurface
2631.45 4023.21 6.37601 0 0 0 0 1.77751e+06 32.2487 99833 4.50495 1.01886e+07 1.77751e+06 ZonesAtSurface
2681.45 4023.28 -53.5772 0 0 0 0 634422 25.1688 72714.6 3.72791 5.74018e+06 634422 ZonesAtSurface
2731.41 4023.18 36.3683 0 0 0 0 168883 35.1791 50857.6 2.85205 1.14898e+07 168883 ZonesAtSurface
2781.38 4023.15 76.3491 1 0 0 0 1.3944e+06 26.3408 113272 1.37571 1.35595e+07 1.3944e+06 ZonesAtSurface
2831.36 4023.14 116.335 0 0 0 0 1.45333e+06 37.3259 147767 1.77021 1.60977e+07 1.45333e+06 ZonesAtSurface
2881.34 4023.12 156.327 0 0 0 0 1.8588e+06 39.2271 79812.5 2.24671 1.65438e+07 1.8588e+06 ZonesAtSurface
2931.32 4023.21 146.358 0 0 0 0 1.30707e+06 31.7936 180621 3.06461 1.07774e+07 1.30707e+06 ZonesAtSurface
2981.32 4023.01 286.291 10 0 0 0 1.43579e+06 38.022 93693.9 1.01939 2.03208e+07 1.43579e+06 ZonesAtSurface
3031.29 4023.23 226.361 0 0 0 0 1.04442e+06 40.187 143164 4.21812 1.16202e+07 1.04442e+06 ZonesAtSurface
3081.27 4023.3 216.381 0 0 0 0 1.09855e+06 40.3528 37988.5 7.38751 6.65383e+06 1.09855e+06 ZonesAtSurface
3131.31 4023.22 356.35 0 0 0 0 1.86083e+06 42.1758 85808.3 2.70059 1.48825e+07 1.86083e+06 ZonesAtSurface
3181.29 4023.31 346.371 0 0 0 0 1.54982e+06 32.443 175453 2.80548 9.69251e+06 1.54982e+06 ZonesAtSurface
3231.34 4023.31 386.357 8 0 0 0 1.60053e+06 44.8043 86242.4 1.80104 1.14215e+07 1.60053e+06 ZonesAtSurface
3281.26 4023.44 276.398 4 0 1 8 145337 15.9478 169957 1.26033 3.51616e+06 145337 ZonesAtSurface
3331.27 4023.48 316.412 1 0 1 8 690373 42.6194 32495.6 1.2855 4.0725e+06 690373 ZonesAtSurface
3381.28 4023.49 306.396 0 0 1 9 572496 25.8162 105967 1.54506 4.16615e+06 572496 ZonesAtSurface
3431.31 4023.5 296.381 0 2 2 10 1.65116e+06 43.7374 97776.1 2.93698 4.87733e+06 1.65116e+06 ZonesAtSurface
3481.37 4023.47 236.364 0 0 1 12 998585 32.509 95465.1 1.83764 6.6706e+06 998585 ZonesAtSurface
3531.38 4023.5 326.352 6 2 2 11 1.38997e+06 20.196 151342 1.09125 3.70922e+06 1.38997e+06 ZonesAtSurface
3581.44 4023.48 316.337 4 0 1 12 961081 33.8777 48830.3 1.07659 6.2416e+06 961081 ZonesAtSurface
3631.48 4023.48 356.314 1 0 1 12 1.27914e+06 44.9148 139197 1.23176 5.72938e+06 1.27914e+06 ZonesAtSurface
3681.54 4023.47 396.287 4 2 1 12 898411 25.6597 147073 1.16509 2.37849e+06 898411 ZonesAtSurface
3731.61 4023.45 436.256 9 0 2 12 225181 39.8503 139990 1.22669 1.98036e+06 225181 ZonesAtSurface
3781.68 4023.44 486.213 0 1 1 11 1.45751e+06 24.5944 122579 1.12537 3.9057e+06 1.45751e+06 ZonesAtSurface
3831.75 4023.43 496.204 1 1 2 10 1.48017e+06 37.1518 67713.6 1.06622 5.55872e+06 1.48017e+06 ZonesAtSurface
3881.84 4023.44 556.152 7 7 1 8 252813 20.1199 121960 1.31022 484346 252813 ZonesAtSurface
3931.91 4023.46 616.1 4 9 2 6 465687 16.1316 69240.7 3.38235 399695 465687 ZonesAtSurface
3982.02 4023.44 526.18 3 0 2 7 775439 19.4145 165463 1.22586 2.27171e+06 775439 ZonesAtSurface
4032.08 4023.45 536.205 10 0 1 6 977524 15.0828 105082 1.37312 2.15538e+06 977524 ZonesAtSurface
4082.16 4023.45 496.256 5 1 1 6 848342 29.3963 15255.1 1.13933 2.62407e+06 848342 ZonesAtSurface
4132.22 4023.44 456.306 1 9 2 6 945959 36.82 105224 1.50879 2.59793e+06 945959 ZonesAtSurface
4182.28 4023.44 416.357 6 10 1 6 1.40798e+06 16.9862 54487.5 1.88992 2.12192e+06 1.40798e+06 ZonesAtSurface
4232.33 4023.45 376.401 0 8 1 6 1.7887e+06 17.522 155750 2.34079 2.19267e+06 1.7887e+06 ZonesAtSurface
4282.36 4023.46 286.452 5 0 1 7 1.63828e+06 27.9858 144475 1.85345 3.62688e+06 1.63828e+06 ZonesAtSurface
4332.39 4023.46 246.489 0 3 2 7 1.78077e+06 21.8391 32524.8 1.63643 3.25451e+06 1.78077e+06 ZonesAtSurface
4382.41 4023.47 206.52 0 3 2 7 1.79873e+06 33.962 111374 1.55458 4.70348e+06 1.79873e+06 ZonesAtSurface
4432.4 4023.47 116.557 1 0 1 8 1.09017e+06 43.2927 31627.5 1.26441 6.62033e+06 1.09017e+06 ZonesAtSurface
4482.39 4023.49 76.5805 4 0 1 8 1.02591e+06 25.8073 125869 1.12803 4.66995e+06 1.02591e+06 ZonesAtSurface
4532.35 4023.52 36.5991 1 0 1 8 867713 40.9198 175583 1.41241 1.03131e+07 867713 ZonesAtSurface
4582.29 4023.54 -3.38712 1 0 1 8 908084 27.9514 153592 1.05318 8.81017e+06 908084 ZonesAtSurface
4632.26 4023.57 6.64262 8 0 1 7 569127 42.9591 149108 1.16742 8.47302e+06 569127 ZonesAtSurface
4682.1 4023.62 16.6991 47 0 1 6 870276 24.8403 72432.9 1.32708 2.67922e+06 870276 ZonesAtSurface
4732.06 4023.66 26.7256 69 21 1 5 1.48616e+06 28.1457 129387 1.10586 4.4236e+06 1.48616e+06 ZonesAtSurface
4781.91 4023.71 36.7988 60 49 1 4 1.68824e+06 24.1702 121711 1.26516 4.06076e+06 1.68824e+06 ZonesAtSurface
4831.79 4023.77 46.8255 74 67 1 3 1.10787e+06 26.1892 128248 1.44537 2.42896e+06 1.10787e+06 ZonesAtSurface
4881.79 4023.82 56.8378 37 88 1 2 1.55124e+06 28.3781 23332.3 1.71479 3.04093e+06 1.55124e+06 ZonesAtSurface
4931.85 4023.86 66.799 113 92 1 1 723404 22.2167 30675.5 1.41409 1.57946e+06 723404 ZonesAtSurface
81.7916 4074.04 -4.5853 133 0 1 2 1.87912e+06 24.6473 22309.3 1.10653 6.77594e+06 1.87912e+06 ZonesAtSurface
131.61 4073.93 -29.513 121 0 1 3 1.33803e+06 39.3565 69461.4 1.08879 8.43721e+06 1.33803e+06 ZonesAtSurface
181.426 4073.91 -4.36119 129 0 1 3 622141 27.6502 110449 1.77795 1.84596e+06 622141 ZonesAtSurface
231.205 4073.79 -29.493 119 19 1 4 1.81427e+06 28.9213 117640 1.0217 6.8773e+06 1.81427e+06 ZonesAtSurface
281.044 4073.78 -4.45996 113 78 1 4 1.89757e+06 29.9054 54892.2 1.42895 5.28904e+06 1.89757e+06 ZonesAtSurface
330.935 4073.72 -29.5369 90 0 1 5 750239 44.7461 89923.5 1.01178 8.40428e+06 750239 ZonesAtSurface
380.781 4073.72 -4.5251 97 0 1 5 954868 16.1903 133122 1.21859 2.48491e+06 954868 ZonesAtSurface
430.707 4073.65 -29.6322 68 0 1 6 566779 22.8231 132880 1.03443 3.92286e+06 566779 ZonesAtSurface
480.588 4073.63 -4.61624 75 40 1 6 937285 28.8792 93768.5 1.23943 2.54954e+06 937285 ZonesAtSurface
530.56 4073.56 -29.7186 55 0 1 7 628056 30.4896 64811.6 1.05785 7.36397e+06 628056 ZonesAtSurface
580.465 4073.52 -4.78535 22 0 1 7 890040 33.7491 26180.2 1.03768 4.55147e+06 890040 ZonesAtSurface
630.505 4073.49 -29.8506 0 0 1 8 1.3237e+06 22.4113 134493 1.01952 7.90037e+06 1.3237e+06 ZonesAtSurface
680.404 4073.46 45.1187 6 0 1 7 1.66152e+06 19.7981 120087 1.06049 5.20975e+06 1.66152e+06 ZonesAtSurface
730.383 4073.45 120.071 3 7 1 6 1.35105e+06 42.6726 42859.3 1.41521 4.80237e+06 1.35105e+06 ZonesAtSurface
780.432 4073.44 95.0523 7 0 1 7 474374 16.287 46213.1 1.00307 3.18693e+06 474374 ZonesAtSurface
830.447 4073.44 170.017 4 0 2 6 789510 26.6702 125603 1.03814 3.47705e+06 789510 ZonesAtSurface
880.486 4073.43 144.999 3 0 1 7 1.74621e+06 16.4111 187193 1.02696 5.52095e+06 1.74621e+06 ZonesAtSurface
930.517 4073.42 169.975 0 0 1 7 1.59947e+06 41.8794 25255.5 2.60302 5.48517e+06 1.59947e+06 ZonesAtSurface
980.559 4073.43 244.949 8 0 2 6 935820 43.689 126539 1.12747 4.37416e+06 935820 ZonesAtSurface
1030.59 4073.41 219.926 0 0 1 7 1.57819e+06 39.1251 141709 2.08413 5.67942e+06 1.57819e+06 ZonesAtSurface
1080.65 4073.42 294.895 4 0 2 6 982029 29.537 70718.3 1.03321 5.05345e+06 982029 ZonesAtSurface
1130.69 4073.42 319.868 0 2 2 6 1.70105e+06 37.4064 109071 1.52331 5.46507e+06 1.70105e+06 ZonesAtSurface
1180.74 4073.43 344.843 1 0 2 6 407832 40.6149 130685 1.01883 4.98252e+06 407832 ZonesAtSurface
1230.79 4073.44 369.819 2 0 1 6 1.0902e+06 40.4099 42636.2 1.26467 6.27393e+06 1.0902e+06 ZonesAtSurface
1280.84 4073.45 394.798 9 0 1 6 1.78276e+06 20.3689 47482.9 1.01464 6.13046e+06 1.78276e+06 ZonesAtSurface
1330.88 4073.46 419.778 2 0 1 6 1.68306e+06 30.7157 17286.4 1.15312 7.23466e+06 1.68306e+06 ZonesAtSurface
1380.93 4073.46 444.756 8 0 1 6 473652 34.3823 167949 1.06059 5.13417e+06 473652 ZonesAtSurface
1430.99 4073.45 469.734 1 0 1 6 496583 15.5328 159112 1.04133 2.53876e+06 496583 ZonesAtSurface
1481.05 4073.45 494.717 8 0 1 6 224519 41.0435 68771.1 1.02292 4.72172e+06 224519 ZonesAtSurface
1531.11 4073.44 519.702 2 0 2 6 843112 42.8925 170314 1.01783 4.25627e+06 843112 ZonesAtSurface
1581.16 4073.44 494.707 5 0 1 7 286122 43.2704 165427 1.01887 4.59823e+06 286122 ZonesAtSurface
1631.23 4073.44 519.703 4 0 2 7 935193 31.0879 58628.6 1.05565 3.09493e+06 935193 ZonesAtSurface
1681.28 4073.48 394.747 0 0 1 10 257795 33.371 116086 1.06539 7.13083e+06 257795 ZonesAtSurface
1731.34 4073.49 419.761 2 0 2 10 643146 31.5937 52877.7 1.14936 5.5545e+06 643146 ZonesAtSurface
1781.4 4073.51 344.788 11 0 1 12 627251 32.4111 97294.6 1.05996 1.10144e+07 627251 ZonesAtSurface
1831.46 4073.52 319.808 4 0 1 13 750610 27.8825 162028 1.15687 9.46716e+06 750610 ZonesAtSurface
1881.53 4073.51 294.824 0 0 1 14 710714 37.7967 30274.3 1.93024 1.31174e+07 710714 ZonesAtSurface
1931.59 4073.51 319.849 5 0 1 14 988815 20.516 54087.5 1.06273 9.26931e+06 988815 ZonesAtSurface
1981.66 4073.5 344.869 4 0 1 14 1.72864e+06 32.5167 97494.4 1.12503 1.13654e+07 1.72864e+06 ZonesAtSurface
2031.7 4073.48 307.379 0 0 1 14 1.44343e+06 21.1822 142134 1.37584 9.55368e+06 1.44343e+06 ZonesAtSurface
2081.74 4073.49 307.403 5 0 1 12 740228 20.0175 96646.1 1.15363 8.91587e+06 740228 ZonesAtSurface
2131.73 4073.5 257.425 0 0 1 11 1.50545e+06 33.793 11044.8 3.06861 1.29927e+07 1.50545e+06 ZonesAtSurface
2181.7 4073.51 207.439 0 0 1 10 483594 29.775 118731 3.64288 1.14622e+07 483594 ZonesAtSurface
2231.5 4073.54 257.453 5 0 0 0 1.16196e+06 24.9045 19288.8 1.55014 1.1644e+07 1.16196e+06 ZonesAtSurface
2281.49 4073.49 257.465 9 0 0 0 1.11636e+06 31.344 51173.8 3.38519 9.38163e+06 1.11636e+06 ZonesAtSurface
2331.55 4073.48 157.472 0 0 0 0 157828 44.8372 40359.3 8.66635 1.19471e+07 157828 ZonesAtSurface
2381.51 4073.43 107.474 0 0 0 0 1.26975e+06 44.9268 30207.2 7.20058 1.6102e+07 1.26975e+06 ZonesAtSurface
2431.54 4073.4 7.4684 0 0 0 0 940860 36.3026 98820.3 4.26534 1.34939e+07 940860 ZonesAtSurface
2481.45 4073.32 7.42696 0 0 0 0 1.10035e+06 38.5787 112100 2.84969 2.28078e+07 1.10035e+06 ZonesAtSurface
2531.49 4073.3 -22.5905 0 0 0 0 839716 29.5375 76200.1 3.3478 9.01978e+06 839716 ZonesAtSurface
2581.5 4073.28 -32.5714 0 0 0 0 391799 41.6584 143882 6.71049 7.93091e+06 391799 ZonesAtSurface
2631.46 4073.2 7.39198 0 0 0 0 938427 41.6653 121156 5.99132 1.03207e+07 938427 ZonesAtSurface
2681.43 4073.13 47.3557 0 0 0 0 1.6671e+06 35.3454 152712 2.76338 1.46837e+07 1.6671e+06 ZonesAtSurface
2731.42 4073.19 37.3803 0 0 0 0 852241 33.9035 90966.3 2.72347 1.1136e+07 852241 ZonesAtSurface
2781.38 4073.04 127.315 0 0 0 0 1.89226e+06 36.2542 77218.9 1.27167 2.11104e+07 1.89226e+06 ZonesAtSurface
2831.36 4073.14 117.352 0 0 0 0 484033 30.132 37159.7 1.68878 1.36399e+07 484033 ZonesAtSurface
2881.34 4073.21 107.377 0 0 0 0 1.46533e+06 24.0436 70923.2 3.17852 7.66028e+06 1.46533e+06 ZonesAtSurface
2931.34 4072.83 297.238 8 0 0 0 1.81875e+06 44.7862 28148.7 1.62568 2.56524e+07 1.81875e+06 ZonesAtSurface
2981.3 4073.21 187.37 6 0 0 0 669093 30.0712 158377 2.51451 1.04105e+07 669093 ZonesAtSurface
3031.28 4073.28 177.388 6 0 0 0 775780 21.4945 36223.1 2.67186 6.1453e+06 775780 ZonesAtSurface
3081.33 4073.1 367.323 4 0 0 0 1.71864e+06 35.1974 67665.7 1.0356 1.9365e+07 1.71864e+06 ZonesAtSurface
3131.3 4073.22 357.355 0 0 0 0 897668 35.9323 117513 2.34838 1.30517e+07 897668 ZonesAtSurface
3181.33 4073.24 397.352 0 0 0 0 1.84057e+06 25.198 133457 1.5618 1.09503e+07 1.84057e+06 ZonesAtSurface
3231.26 4073.39 287.389 0 0 0 0 475512 44.4327 162119 5.48471 6.76264e+06 475512 ZonesAtSurface
3281.26 4073.45 277.402 0 0 1 8 1.0476e+06 30.214 176227 2.99943 4.95574e+06 1.0476e+06 ZonesAtSurface
3331.27 4073.47 267.399 0 0 1 9 1.6014e+06 31.1873 170594 5.27341 3.10781e+06 1.6014e+06 ZonesAtSurface
3381.28 4073.5 307.404 5 0 1 9 1.11528e+06 27.4592 138369 1.23684 3.98513e+06 1.11528e+06 ZonesAtSurface
3431.32 4073.48 247.372 0 0 1 11 604308 35.0839 93076 2.0208 5.88763e+06 604308 ZonesAtSurface
3481.34 4073.49 287.367 10 0 1 11 1.89817e+06 15.179 50012.7 1.02226 6.03554e+06 1.89817e+06 ZonesAtSurface
3531.42 4073.47 227.355 0 0 1 13 1.19974e+06 35.3623 164108 1.97568 7.46851e+06 1.19974e+06 ZonesAtSurface
3581.44 4073.48 317.338 3 0 1 12 895764 43.7794 65989.2 1.21569 6.23686e+06 895764 ZonesAtSurface
3631.49 4073.47 307.322 3 0 1 13 994749 22.3498 104041 1.00984 5.93573e+06 994749 ZonesAtSurface
3681.55 4073.47 347.3 9 0 1 13 1.16198e+06 16.814 78870.6 1.03599 4.51109e+06 1.16198e+06 ZonesAtSurface
3731.61 4073.46 387.278 0 0 1 13 1.1663e+06 32.4665 104551 1.03005 5.40373e+06 1.1663e+06 ZonesAtSurface
3781.68 4073.46 487.203 10 0 2 11 129459 25.963 107193 1.0341 257409 129459 ZonesAtSurface
3831.76 4073.45 497.196 4 1 2 10 1.00087e+06 36.9927 51496.8 1.04416 3.89645e+06 1.00087e+06 ZonesAtSurface
3881.83 4073.44 507.197 10 0 2 9 160940 16.1748 187006 1.2348 456235 160940 ZonesAtSurface
3931.92 4073.44 517.186 0 0 1 8 1.52987e+06 27.6355 13607.1 1.02075 4.94637e+06 1.52987e+06 ZonesAtSurface
3981.99 4073.45 577.149 0 6 1 6 1.82627e+06 38.3376 112348 2.34185 3.62471e+06 1.82627e+06 ZonesAtSurface
4032.1 4073.44 487.219 0 10 1 7 1.8554e+06 31.1073 32284.8 1.40105 4.86389e+06 1.8554e+06 ZonesAtSurface
4082.17 4073.44 447.265 1 3 1 7 1.53983e+06 29.0433 152360 1.19276 4.47092e+06 1.53983e+06 ZonesAtSurface
4132.21 4073.44 457.304 8 0 1 6 164296 36.6964 184514 1.34108 2.31918e+06 164296 ZonesAtSurface
4182.29 4073.44 367.359 6 0 2 7 1.09864e+06 34.2319 66149.8 1.32377 4.16546e+06 1.09864e+06 ZonesAtSurface
4232.33 4073.45 327.399 3 0 1 7 1.4091e+06 42.1022 10801.5 2.12743 6.10097e+06 1.4091e+06 ZonesAtSurface
4282.32 4073.44 187.466 5 0 1 9 1.19749e+06 18.347 170599 1.02871 5.01614e+06 1.19749e+06 ZonesAtSurface
4332.39 4073.47 247.484 7 0 1 7 1.43443e+06 29.3804 118775 1.37879 4.78123e+06 1.43443e+06 ZonesAtSurface
4382.39 4073.47 157.521 7 0 1 8 703050 40.1398 105942 1.43514 5.74264e+06 703050 ZonesAtSurface
4432.37 4073.48 67.5481 0 0 1 9 1.03667e+06 41.6294 46896.4 1.95129 7.61356e+06 1.03667e+06 ZonesAtSurface
4482.35 4073.5 27.5676 4 0 1 9 1.11028e+06 22.8519 44961.8 1.0903 7.83932e+06 1.11028e+06 ZonesAtSurface
4532.32 4073.52 -12.4229 0 0 1 9 1.5623e+06 30.4306 70422.6 2.05107 9.36017e+06 1.5623e+06 ZonesAtSurface
4582.29 4073.56 -2.38879 22 0 1 8 1.29666e+06 20.2728 57919.8 1.07606 7.04229e+06 1.29666e+06 ZonesAtSurface
4632.25 4073.59 7.64498 21 0 1 7 442387 39.042 147974 1.70246 3.78503e+06 442387 ZonesAtSurface
4682.14 4073.63 17.6908 56 2 1 6 1.00233e+06 44.5674 167756 1.80104 3.55505e+06 1.00233e+06 ZonesAtSurface
4732.05 4073.68 27.729 75 0 1 5 436236 39.408 173120 1.14164 2.47284e+06 436236 ZonesAtSurface
4781.86 4073.74 37.7899 93 54 1 4 1.38096e+06 37.4961 157107 1.35663 4.21684e+06 1.38096e+06 ZonesAtSurface
4831.73 4073.79 47.835 98 69 1 3 590146 27.0681 141682 1.30994 1.33326e+06 590146 ZonesAtSurface
4881.74 4073.83 57.8411 78 93 1 2 1.37545e+06 18.6259 106599 1.34931 2.78114e+06 1.37545e+06 ZonesAtSurface
4931.81 4073.89 67.8 56 110 1 1 1.83387e+06 37.538 167432 1.64695 4.37774e+06 1.83387e+06 ZonesAtSurface
81.7973 4124.05 -3.55884 145 0 1 2 377663 17.6656 60433.4 1.08063 2.42505e+06 377663 ZonesAtSurface
131.585 4123.93 -28.5038 126 0 1 3 976478 39.1428 38192.9 1.03497 9.70567e+06 976478 ZonesAtSurface
181.397 4123.93 -3.35651 132 0 1 3 139732 40.6721 162613 1.63808 2.07768e+06 139732 ZonesAtSurface
231.191 4123.81 -28.481 128 0 1 4 504492 21.1816 71132.9 1.03229 3.94831e+06 504492 ZonesAtSurface
281.035 4123.8 -3.45164 107 68 1 4 1.12457e+06 31.2394 130621 1.57419 2.87595e+06 1.12457e+06 ZonesAtSurface
330.932 4123.73 -28.5321 112 0 1 5 921884 29.6659 75333.3 1.02153 6.17368e+06 921884 ZonesAtSurface
380.778 4123.73 -3.52832 101 37 1 5 1.20229e+06 18.0642 100971 1.29858 2.86271e+06 1.20229e+06 ZonesAtSurface
430.701 4123.66 -28.6447 76 0 1 6 1.78335e+06 30.1167 165758 1.07707 6.42016e+06 1.78335e+06 ZonesAtSurface
480.586 4123.64 -3.6255 75 51 1 6 1.78628e+06 34.204 139398 1.64154 4.39424e+06 1.78628e+06 ZonesAtSurface
530.564 4123.57 -28.7209 54 0 1 7 215207 15.6828 183832 1.01372 3.73021e+06 215207 ZonesAtSurface
580.462 4123.53 -3.79373 26 0 1 7 203643 34.7056 98532.5 0.942118 1.14749e+06 203643 ZonesAtSurface
630.419 4123.5 21.1518 4 0 1 7 1.03135e+06 27.3516 19467.3 1.03353 3.33765e+06 1.03135e+06 ZonesAtSurface
680.405 4123.48 46.1158 9 0 1 7 1.55029e+06 18.4618 11128.9 1.01703 4.70066e+06 1.55029e+06 ZonesAtSurface
730.41 4123.46 71.0791 2 0 1 7 231047 16.6483 116211 1.00561 1.87368e+06 231047 ZonesAtSurface
780.428 4123.44 96.0482 6 0 1 7 1.83619e+06 39.6947 15069.9 1.12681 8.13388e+06 1.83619e+06 ZonesAtSurface
830.444 4123.44 171.016 0 6 1 6 1.72361e+06 40.183 27643.1 1.65467 4.49436e+06 1.72361e+06 ZonesAtSurface
880.481 4123.44 195.994 10 3 2 6 679788 30.377 76739.3 1.48228 1.52863e+06 679788 ZonesAtSurface
930.519 4123.43 220.972 10 6 2 6 1.03506e+06 44.9312 156161 1.73534 2.62713e+06 1.03506e+06 ZonesAtSurface
980.559 4123.42 245.946 7 3 1 6 1.53721e+06 29.7089 41076.3 1.14196 4.5889e+06 1.53721e+06 ZonesAtSurface
1030.59 4123.41 220.921 0 0 1 7 1.71248e+06 32.1323 64793.9 1.52263 5.80781e+06 1.71248e+06 ZonesAtSurface
1080.68 4123.42 345.894 5 10 2 5 1.52403e+06 19.1356 69510.9 1.06205 4.22407e+06 1.52403e+06 ZonesAtSurface
1130.7 4123.41 320.863 8 0 1 6 1.7896e+06 18.7614 147561 1.07329 5.42614e+06 1.7896e+06 ZonesAtSurface
1180.75 4123.41 345.837 5 0 1 6 714270 21.283 175926 1.00747 4.26678e+06 714270 ZonesAtSurface
1230.79 4123.42 370.813 0 0 2 6 1.6207e+06 38.0309 82222.1 1.64819 6.30677e+06 1.6207e+06 ZonesAtSurface
1280.84 4123.43 395.793 6 0 1 6 525692 29.7498 39710.4 1.01938 4.287e+06 525692 ZonesAtSurface
1330.89 4123.44 420.772 0 8 1 6 1.74221e+06 42.2785 16613 1.39937 5.87288e+06 1.74221e+06 ZonesAtSurface
1380.94 4123.45 445.748 5 0 1 6 557736 25.4024 60736.7 1.17944 3.29696e+06 557736 ZonesAtSurface
1430.99 4123.44 470.723 7 0 2 6 1.32616e+06 22.2538 39230.7 1.01533 4.82664e+06 1.32616e+06 ZonesAtSurface
1481.06 4123.43 545.694 9 7 2 5 1.65604e+06 23.581 89553.7 1.11386 4.93738e+06 1.65604e+06 ZonesAtSurface
1531.1 4123.43 470.706 4 0 1 7 1.85552e+06 21.9202 166449 1.00451 6.04619e+06 1.85552e+06 ZonesAtSurface
1581.17 4123.42 545.686 0 0 1 6 506525 24.7421 132450 1.03882 2.2733e+06 506525 ZonesAtSurface
1631.22 4123.43 520.694 9 0 1 7 1.23031e+06 41.3073 140671 1.02009 5.10353e+06 1.23031e+06 ZonesAtSurface
1681.29 4123.46 445.733 8 0 1 9 229959 41.0745 18162.1 1.10263 9.08612e+06 229959 ZonesAtSurface
1731.34 4123.47 370.758 1 0 1 11 466266 32.2136 184919 1.03989 7.09552e+06 466266 ZonesAtSurface
1781.41 4123.45 395.779 7 0 2 11 319661 28.4046 66215.2 1.43359 2.39387e+06 319661 ZonesAtSurface
1831.47 4123.47 320.801 7 0 1 13 319148 30.5006 189664 1.29876 1.26685e+07 319148 ZonesAtSurface
1881.54 4123.47 295.818 0 0 1 14 1.36267e+06 40.2137 136164 2.32359 1.19643e+07 1.36267e+06 ZonesAtSurface
1931.6 4123.48 320.84 3 0 1 14 650209 31.9625 142107 1.04551 8.78776e+06 650209 ZonesAtSurface
1981.67 4123.48 345.862 0 0 1 14 534774 39.7225 66361.2 1.07626 5.83319e+06 534774 ZonesAtSurface
2031.72 4123.46 308.376 0 0 1 14 878288 35.846 22059.3 1.6402 9.96852e+06 878288 ZonesAtSurface
2081.74 4123.45 258.394 0 0 1 13 884985 36.2738 36642.9 3.41813 9.86058e+06 884985 ZonesAtSurface
2131.77 4123.46 258.427 5 0 1 11 1.61824e+06 28.3882 119012 1.7082 1.00969e+07 1.61824e+06 ZonesAtSurface
2181.75 4123.47 208.444 0 0 1 10 402587 42.0963 25350.2 5.96739 1.16765e+07 402587 ZonesAtSurface
2231.58 4123.51 258.453 1 0 0 0 1.0702e+06 40.9346 159516 2.27751 1.0995e+07 1.0702e+06 ZonesAtSurface
2281.58 4123.46 258.464 9 0 0 0 1.63665e+06 30.2905 122152 3.57694 8.73751e+06 1.63665e+06 ZonesAtSurface
2331.61 4123.46 158.475 0 0 0 0 1.89668e+06 22.8329 52297.8 3.17881 1.00353e+07 1.89668e+06 ZonesAtSurface
2381.57 4123.43 108.48 0 0 0 0 1.51972e+06 43.9093 39854.5 7.60583 1.32006e+07 1.51972e+06 ZonesAtSurface
2431.53 4123.38 58.474 0 0 0 0 169849 32.1893 63205.4 2.51775 1.67714e+07 169849 ZonesAtSurface
2481.6 4123.39 -91.5376 0 0 0 0 127792 33.8817 83601.9 3.92672 8.41613e+06 127792 ZonesAtSurface
2531.52 4123.29 -21.5734 0 0 0 0 1.54919e+06 42.4686 50518.5 5.64217 9.13142e+06 1.54919e+06 ZonesAtSurface
2581.51 4123.27 -31.5635 3 0 0 0 455238 24.6333 132201 1.74321 9.108e+06 455238 ZonesAtSurface
2631.44 4123.09 58.3478 0 0 0 0 1.89885e+06 44.1854 157701 3.7218 1.71288e+07 1.89885e+06 ZonesAtSurface
2681.44 4123.13 48.3732 0 0 0 0 662655 36.5757 113455 2.25308 1.43169e+07 662655 ZonesAtSurface
2731.41 4123.08 88.3498 0 0 0 0 1.08629e+06 36.7688 118707 1.58931 1.79815e+07 1.08629e+06 ZonesAtSurface
2781.39 4123.24 28.4039 8 0 0 0 701511 18.6612 168841 2.41159 6.1372e+06 701511 ZonesAtSurface
2831.36 4123.14 118.368 0 0 0 0 1.4386e+06 30.5422 31560 2.50386 1.25994e+07 1.4386e+06 ZonesAtSurface
2881.34 4123.12 158.361 0 0 0 0 950367 36.9439 74343.3 3.40603 1.30111e+07 950367 ZonesAtSurface
2931.31 4123.26 98.4014 0 0 0 0 1.17757e+06 39.95 82719.2 7.18773 6.78227e+06 1.17757e+06 ZonesAtSurface
2981.29 4123.26 138.398 0 0 0 0 354267 31.496 189877 3.94236 6.87585e+06 354267 ZonesAtSurface
3031.27 4123.27 178.395 0 0 0 0 1.82563e+06 23.8817 175184 3.26626 6.43128e+06 1.82563e+06 ZonesAtSurface
3081.27 4123.25 268.38 9 0 0 0 749552 32.9991 104113 3.19467 8.57419e+06 749552 ZonesAtSurface
3131.3 4123.22 358.363 0 0 0 0 713656 42.5433 116514 3.26344 1.22478e+07 713656 ZonesAtSurface
3181.28 4123.29 348.379 9 0 0 0 162406 38.9543 168061 2.70217 8.42531e+06 162406 ZonesAtSurface
3231.26 4123.39 288.39 0 0 0 0 1.39947e+06 39.8664 30379.9 4.27566 6.98899e+06 1.39947e+06 ZonesAtSurface
3281.25 4123.44 278.404 8 0 1 8 691844 22.1097 112746 1.87439 4.54928e+06 691844 ZonesAtSurface
3331.26 4123.49 318.421 0 10 1 8 1.18368e+06 41.3122 170925 1.73669 3.24735e+06 1.18368e+06 ZonesAtSurface
3381.29 4123.48 258.388 0 0 1 10 871179 21.6633 47855.1 1.41497 4.63134e+06 871179 ZonesAtSurface
3431.32 4123.48 248.371 4 0 1 11 561940 24.2191 29684.7 1.12871 5.5431e+06 561940 ZonesAtSurface
3481.34 4123.49 288.363 5 0 1 11 1.69345e+06 26.2213 83414.4 1.12706 6.00002e+06 1.69345e+06 ZonesAtSurface
3531.39 4123.48 278.35 0 0 1 12 1.20975e+06 29.1488 28527.7 1.14093 6.78286e+06 1.20975e+06 ZonesAtSurface
3581.43 4123.48 318.335 2 0 1 12 929067 20.1138 128950 1.02495 3.73101e+06 929067 ZonesAtSurface
3631.49 4123.48 308.319 0 0 1 13 727301 44.977 30833.5 1.02637 8.2267e+06 727301 ZonesAtSurface
3681.54 4123.48 348.297 8 0 1 13 543290 25.5257 22968.3 1.03429 3.06233e+06 543290 ZonesAtSurface
3731.6 4123.48 388.278 10 0 2 13 480275 30.7641 153771 1.12335 4.03221e+06 480275 ZonesAtSurface
3781.68 4123.47 438.231 4 6 2 12 1.07748e+06 25.1417 96519.1 1.05626 3.11689e+06 1.07748e+06 ZonesAtSurface
3831.77 4123.45 448.223 2 0 1 11 1.3898e+06 21.8313 102639 1.03059 4.43818e+06 1.3898e+06 ZonesAtSurface
3881.82 4123.45 508.194 5 0 2 9 866336 23.1634 67606.7 1.13151 2.60726e+06 866336 ZonesAtSurface
3931.93 4123.46 568.117 0 5 2 7 1.0469e+06 37.1807 167056 1.616 2.39591e+06 1.0469e+06 ZonesAtSurface
3982.02 4123.44 528.161 3 0 2 7 379046 20.4337 189049 1.06063 1.9722e+06 379046 ZonesAtSurface
4032.07 4123.44 538.196 0 0 2 6 1.14073e+06 23.4665 64366.2 2.82248 1.71735e+06 1.14073e+06 ZonesAtSurface
4082.14 4123.44 498.246 0 0 2 6 1.20057e+06 28.2532 173395 1.54444 3.07352e+06 1.20057e+06 ZonesAtSurface
4132.23 4123.44 408.307 0 1 1 7 1.65139e+06 24.3056 17376.5 1.35196 3.95603e+06 1.65139e+06 ZonesAtSurface
4182.28 4123.44 368.351 6 0 1 7 1.07662e+06 41.7892 165141 1.59427 4.44577e+06 1.07662e+06 ZonesAtSurface
4232.33 4123.45 328.39 7 0 2 7 1.32385e+06 16.9805 57132.3 1.22407 3.32947e+06 1.32385e+06 ZonesAtSurface
4282.37 4123.45 288.432 3 0 1 7 547286 22.5478 17760.4 1.53849 2.97667e+06 547286 ZonesAtSurface
4332.35 4123.45 148.491 6 0 1 9 1.26938e+06 17.9596 50585.9 1.02981 5.69624e+06 1.26938e+06 ZonesAtSurface
4382.4 4123.47 158.516 1 0 1 8 1.2153e+06 21.1883 187941 1.05079 4.11416e+06 1.2153e+06 ZonesAtSurface
4432.45 4123.47 168.537 0 0 2 7 1.81882e+06 35.4875 108096 1.12708 6.23125e+06 1.81882e+06 ZonesAtSurface
4482.41 4123.5 78.5682 6 0 1 8 467745 39.5531 27137.4 1.07899 5.23343e+06 467745 ZonesAtSurface
4532.32 4123.52 -11.4264 12 0 1 9 1.34369e+06 18.1943 107035 1.1098 9.21285e+06 1.34369e+06 ZonesAtSurface
4582.29 4123.56 -1.3934 15 0 1 8 131937 25.5744 124735 1.11307 9.13187e+06 131937 ZonesAtSurface
4632.23 4123.61 8.64094 38 0 1 7 296823 38.7517 76151.5 1.80869 4.3378e+06 296823 ZonesAtSurface
4682.15 4123.65 18.691 49 4 1 6 1.07187e+06 34.6609 114522 1.66621 2.40824e+06 1.07187e+06 ZonesAtSurface
4732 4123.71 28.7524 63 48 1 5 1.77248e+06 28.1947 16311.9 1.54155 3.96627e+06 1.77248e+06 ZonesAtSurface
4781.81 4123.77 38.7887 113 11 1 4 450177 18.7078 182454 1.09738 1.11402e+06 450177 ZonesAtSurface
4831.6 4123.81 48.8519 69 76 1 3 1.65035e+06 31.3358 95531.9 1.57484 3.70569e+06 1.65035e+06 ZonesAtSurface
4881.62 4123.84 58.8708 84 100 1 2 1.03192e+06 32.3253 21489.8 1.35157 2.82801e+06 1.03192e+06 ZonesAtSurface
4931.75 4123.87 68.8112 113 102 1 1 252006 40.6431 188804 2.14214 229444 252006 ZonesAtSurface
81.8019 4174.07 -2.55347 123 15 1 2 1.7348e+06 26.8748 142274 1.08083 6.60463e+06 1.7348e+06 ZonesAtSurface
131.563 4173.94 -27.4969 114 0 1 3 1.30333e+06 37.6192 21158.4 1.02798 9.64084e+06 1.30333e+06 ZonesAtSurface
181.359 4173.94 -2.37785 131 24 1 3 819452 37.5518 82061.1 1.46205 3.12537e+06 819452 ZonesAtSurface
231.186 4173.82 -27.4836 118 0 1 4 1.79934e+06 32.2844 129223 1.03994 8.2958e+06 1.79934e+06 ZonesAtSurface
281.03 4173.82 -2.44773 122 27 1 4 960702 44.3969 189538 2.05314 3.91899e+06 960702 ZonesAtSurface
330.923 4173.74 -27.5257 93 0 1 5 416767 40.7228 30349.8 1.01569 8.48546e+06 416767 ZonesAtSurface
380.77 4173.75 -2.53091 103 75 1 5 1.57996e+06 36.9588 162181 1.42633 4.98181e+06 1.57996e+06 ZonesAtSurface
430.686 4173.66 -27.6452 73 0 1 6 526731 35.6913 61910.2 1.16223 4.62874e+06 526731 ZonesAtSurface
480.553 4173.66 -2.6523 70 0 1 6 394502 15.1968 93690.9 1.13724 1.28412e+06 394502 ZonesAtSurface
530.561 4173.57 -27.7309 46 0 1 7 448355 34.3337 97190 1.0213 7.06688e+06 448355 ZonesAtSurface
580.469 4173.54 -2.79092 28 4 1 7 1.02833e+06 28.279 126929 1.0817 3.37816e+06 1.02833e+06 ZonesAtSurface
630.505 4173.5 -27.8562 9 0 1 8 280499 19.8582 70223 1.01875 6.15057e+06 280499 ZonesAtSurface
680.469 4173.48 -2.88592 6 0 1 8 1.02872e+06 36.1504 46852.6 1.09158 1.02217e+07 1.02872e+06 ZonesAtSurface
730.458 4173.46 22.0851 0 0 1 8 971818 38.5242 18700.5 1.17613 1.04479e+07 971818 ZonesAtSurface
780.425 4173.44 97.0467 4 0 1 7 1.2961e+06 22.2611 153766 1.00893 5.47558e+06 1.2961e+06 ZonesAtSurface
830.44 4173.44 172.014 9 0 2 6 1.30053e+06 36.53 134439 1.10818 4.34314e+06 1.30053e+06 ZonesAtSurface
880.48 4173.43 146.991 6 0 1 7 850233 22.4132 98457.1 1.04538 4.70646e+06 850233 ZonesAtSurface
930.514 4173.42 171.966 4 0 1 7 795675 30.6241 44857.7 1.12067 5.87893e+06 795675 ZonesAtSurface
980.559 4173.41 246.94 10 0 2 6 1.38248e+06 30.8658 179625 1.12615 5.35129e+06 1.38248e+06 ZonesAtSurface
1030.6 4173.41 271.912 4 5 2 6 1.34388e+06 22.3794 75831.3 1.03864 3.79961e+06 1.34388e+06 ZonesAtSurface
1080.65 4173.41 296.885 1 1 2 6 1.5216e+06 23.4868 107520 1.05949 4.28523e+06 1.5216e+06 ZonesAtSurface
1130.72 4173.41 371.857 7 10 2 5 1.05955e+06 21.4642 177719 1.45499 2.09622e+06 1.05955e+06 ZonesAtSurface
1180.75 4173.4 346.831 4 0 1 6 1.84481e+06 21.4198 113041 1.00781 5.3446e+06 1.84481e+06 ZonesAtSurface
1230.8 4173.41 371.806 0 0 1 6 1.69613e+06 37.1407 70279.3 1.71864 6.12859e+06 1.69613e+06 ZonesAtSurface
1280.85 4173.41 396.784 8 0 1 6 1.1941e+06 26.5755 101404 1.04828 5.01411e+06 1.1941e+06 ZonesAtSurface
1330.9 4173.42 421.762 8 0 2 6 1.0125e+06 19.5623 53703.3 1.09214 4.66038e+06 1.0125e+06 ZonesAtSurface
1380.94 4173.42 396.746 2 0 1 7 1.0354e+06 37.4362 70180.3 1.31187 7.53973e+06 1.0354e+06 ZonesAtSurface
1431.01 4173.42 521.703 9 0 2 5 1.51972e+06 20.6523 21673 1.10899 4.05049e+06 1.51972e+06 ZonesAtSurface
1481.05 4173.42 496.696 5 0 2 6 119639 29.649 125348 1.0272 2.91994e+06 119639 ZonesAtSurface
1531.11 4173.43 621.644 0 10 2 4 917250 41.4462 154122 3.64249 1.26399e+06 917250 ZonesAtSurface
1581.16 4173.42 596.655 4 0 2 5 212239 34.4036 186845 1.0749 466768 212239 ZonesAtSurface
1631.22 4173.42 521.687 3 0 2 7 1.33535e+06 17.3344 179133 1.00902 3.74974e+06 1.33535e+06 ZonesAtSurface
1681.28 4173.43 496.713 10 4 2 8 916699 40.9958 107317 1.3662 3.00925e+06 916699 ZonesAtSurface
1731.35 4173.44 371.749 6 0 1 11 557551 38.8172 138826 1.04289 9.173e+06 557551 ZonesAtSurface
1781.42 4173.44 396.767 10 0 2 11 758167 34.1288 111355 1.34176 2.66659e+06 758167 ZonesAtSurface
1831.47 4173.42 371.79 1 0 2 12 1.30404e+06 24.7467 171925 1.75265 3.93208e+06 1.30404e+06 ZonesAtSurface
1881.53 4173.42 396.827 5 6 2 12 1.40707e+06 19.8406 92311.1 2.0536 2.146e+06 1.40707e+06 ZonesAtSurface
1931.61 4173.44 321.83 1 0 1 14 1.23658e+06 36.689 149445 1.50584 1.36968e+07 1.23658e+06 ZonesAtSurface
1981.67 4173.43 296.847 0 0 1 15 1.01427e+06 19.5627 93076.8 1.14678 9.55423e+06 1.01427e+06 ZonesAtSurface
2031.73 4173.43 309.371 5 0 1 14 1.50771e+06 37.6752 78576 1.58503 1.32296e+07 1.50771e+06 ZonesAtSurface
2081.76 4173.42 259.393 0 0 1 13 1.41753e+06 36.5629 162436 2.5205 1.03758e+07 1.41753e+06 ZonesAtSurface
2131.8 4173.44 259.424 8 0 1 11 764836 33.0614 60272.3 1.66443 8.44387e+06 764836 ZonesAtSurface
2181.79 4173.44 209.443 7 0 1 10 1.63937e+06 15.0671 185164 1.63072 8.09217e+06 1.63937e+06 ZonesAtSurface
2231.74 4173.45 159.453 5 0 0 0 824141 20.3426 132961 2.72933 8.55714e+06 824141 ZonesAtSurface
2281.72 4173.46 159.467 0 0 0 0 1.04195e+06 41.4905 16199.1 10 7.37532e+06 1.04195e+06 ZonesAtSurface
2331.67 4173.45 159.478 3 0 0 0 421747 39.8249 113351 8.50708 8.4168e+06 421747 ZonesAtSurface
2381.63 4173.42 109.485 0 0 0 0 323063 33.9137 101753 4.66942 1.09529e+07 323063 ZonesAtSurface
2431.58 4173.38 59.4813 0 0 0 0 117560 38.1136 59073.4 4.05295 1.37994e+07 117560 ZonesAtSurface
2481.59 4173.37 -40.536 0 0 0 0 1.39704e+06 26.9137 164740 2.38362 1.07251e+07 1.39704e+06 ZonesAtSurface
2531.54 4173.29 -20.5623 0 0 0 0 1.08369e+06 26.2398 116784 1.7568 9.82702e+06 1.08369e+06 ZonesAtSurface
2581.49 4173.19 19.4129 0 0 0 0 1.00272e+06 41.3694 123309 2.8816 1.32265e+07 1.00272e+06 ZonesAtSurface
2631.48 4173.2 9.41725 0 0 0 0 686738 41.0081 158350 3.42855 1.05816e+07 686738 ZonesAtSurface
2681.43 4173 99.3312 2 0 0 0 1.29948e+06 43.0164 61745.3 1.55228 2.21779e+07 1.29948e+06 ZonesAtSurface
2731.41 4173.09 89.3688 0 0 0 0 1.85242e+06 44.3612 28245.6 3.16719 1.64768e+07 1.85242e+06 ZonesAtSurface
2781.39 4173.16 79.3906 0 0 0 0 1.3209e+06 39.7022 189815 4.37258 1.08544e+07 1.3209e+06 ZonesAtSurface
2831.36 4173.14 119.382 0 0 0 0 1.14927e+06 44.9677 59425.4 5.93274 1.1388e+07 1.14927e+06 ZonesAtSurface
2881.33 4173.26 59.4141 0 0 0 0 969155 27.9066 23034.6 3.46783 6.95892e+06 969155 ZonesAtSurface
2931.33 4173.01 249.335 2 0 0 0 1.63667e+06 44.5214 44832.5 3.15475 1.90728e+07 1.63667e+06 ZonesAtSurface
2981.28 4173.2 189.392 0 0 0 0 930271 39.5766 13217.4 4.46739 9.0599e+06 930271 ZonesAtSurface
3031.27 4173.27 179.401 0 0 0 0 1.49326e+06 22.3117 114653 2.42551 6.81396e+06 1.49326e+06 ZonesAtSurface
3081.26 4173.24 269.388 0 0 0 0 1.06223e+06 42.2766 158100 4.90199 8.33763e+06 1.06223e+06 ZonesAtSurface
3131.29 4173.22 359.373 0 0 0 0 1.81732e+06 36.5974 78273.6 2.64695 1.11419e+07 1.81732e+06 ZonesAtSurface
3181.25 4173.33 299.39 7 0 0 0 1.07736e+06 17.1635 115795 1.34512 6.36454e+06 1.07736e+06 ZonesAtSurface
3231.26 4173.39 289.39 0 0 0 0 1.44448e+06 28.3523 17089.8 2.12767 6.91435e+06 1.44448e+06 ZonesAtSurface
3281.25 4173.44 279.403 0 0 1 8 1.48221e+06 36.5139 145421 3.6543 5.33726e+06 1.48221e+06 ZonesAtSurface
3331.26 4173.47 269.397 0 0 1 9 390670 37.0957 115414 3.68306 2.97113e+06 390670 ZonesAtSurface
3381.28 4173.5 309.407 0 6 1 9 1.88776e+06 20.3163 10820 3.02105 1.82339e+06 1.88776e+06 ZonesAtSurface
3431.32 4173.49 249.368 0 0 1 11 1.14187e+06 44.1753 49898.9 3.97719 5.17984e+06 1.14187e+06 ZonesAtSurface
3481.33 4173.5 289.355 10 0 1 11 324142 22.6592 65661.7 1.02291 3.55655e+06 324142 ZonesAtSurface
3531.36 4173.5 329.338 1 0 2 11 1.00279e+06 16.0192 166665 1.05819 2.82136e+06 1.00279e+06 ZonesAtSurface
3581.42 4173.5 319.329 0 0 2 12 663524 37.4785 32376.3 1.03995 3.95727e+06 663524 ZonesAtSurface
3631.47 4173.51 359.304 5 0 2 12 395773 29.0956 79874.2 1.41034 1.47802e+06 395773 ZonesAtSurface
3681.52 4173.53 399.272 6 7 2 12 1.56863e+06 15.8725 31008.7 2.1578 1.98233e+06 1.56863e+06 ZonesAtSurface
3731.63 4173.45 289.313 1 0 1 15 931125 33.4668 137647 1.01868 9.388e+06 931125 ZonesAtSurface
3781.67 4173.47 439.223 8 7 1 12 1.85788e+06 18.0724 40694.5 1.05798 4.84984e+06 1.85788e+06 ZonesAtSurface
3831.75 4173.47 499.182 7 0 2 10 396262 23.921 52320.9 1.17555 1.04908e+06 396262 ZonesAtSurface
3881.82 4173.46 509.186 0 1 2 9 1.59099e+06 29.5482 94575.8 1.20915 4.42578e+06 1.59099e+06 ZonesAtSurface
3931.91 4173.47 619.085 10 3 1 6 584661 36.1587 137932 1.51828 1.35935e+06 584661 ZonesAtSurface
3982.02 4173.45 529.155 0 0 2 7 625967 17.4071 189648 1.15136 2.16628e+06 625967 ZonesAtSurface
4032.07 4173.44 539.188 0 0 1 6 1.42916e+06 38.5891 172894 3.60293 1.91399e+06 1.42916e+06 ZonesAtSurface
4082.11 4173.45 549.226 5 7 2 5 536595 43.0648 147989 3.88123 853472 536595 ZonesAtSurface
4132.2 4173.44 459.291 6 0 2 6 208815 18.9681 118006 1.37335 789271 208815 ZonesAtSurface
4182.23 4173.45 469.335 0 6 1 5 1.40082e+06 41.9608 11845.1 8.83918 782129 1.40082e+06 ZonesAtSurface
4232.32 4173.45 379.379 0 4 2 6 1.16834e+06 37.2895 86187.5 1.51094 3.18284e+06 1.16834e+06 ZonesAtSurface
4282.37 4173.45 289.428 9 0 2 7 654848 27.1157 48843.9 1.13236 2.56309e+06 654848 ZonesAtSurface
4332.41 4173.45 299.458 10 0 2 6 419012 33.7529 72015.4 1.79276 1.2409e+06 419012 ZonesAtSurface
4382.43 4173.46 209.497 3 0 1 7 975511 42.9808 80875.9 1.04741 4.17895e+06 975511 ZonesAtSurface
4432.46 4173.48 169.53 7 0 2 7 472578 20.2782 178456 1.07579 1.78932e+06 472578 ZonesAtSurface
4482.47 4173.51 129.554 10 5 1 7 1.78724e+06 21.2612 103770 1.16874 4.52448e+06 1.78724e+06 ZonesAtSurface
4532.37 4173.54 39.5872 8 0 1 8 1.54473e+06 24.665 83549.6 1.0607 7.77834e+06 1.54473e+06 ZonesAtSurface
4582.3 4173.57 -0.398356 10 0 1 8 1.12728e+06 25.4277 156263 1.07455 8.9438e+06 1.12728e+06 ZonesAtSurface
4632.24 4173.62 9.6384 35 0 1 7 1.52142e+06 31.979 123083 1.81458 4.58213e+06 1.52142e+06 ZonesAtSurface
4682.11 4173.68 19.703 69 9 1 6 558040 28.6914 146110 1.42162 1.29388e+06 558040 ZonesAtSurface
4731.97 4173.73 29.763 74 33 1 5 1.00656e+06 22.7485 165036 1.29316 2.19143e+06 1.00656e+06 ZonesAtSurface
4781.82 4173.78 39.7937 108 6 1 4 213272 36.0211 188059 1.02665 1.81123e+06 213272 ZonesAtSurface
4831.5 4173.83 49.8498 108 74 1 3 686327 36.7119 44786 0 1.69933e+06 686327 ZonesAtSurface
4881.52 4173.85 59.8861 69 99 1 2 1.67553e+06 20.2835 186926 1.87822 2.49905e+06 1.67553e+06 ZonesAtSurface
4931.73 4173.84 69.8125 27 114 1 1 1.87886e+06 43.1172 100523 1.85429 4.6734e+06 1.87886e+06 ZonesAtSurface
81.7998 4224.1 -1.53174 134 0 1 2 401272 20.2583 48541.7 1.04849 2.3045e+06 401272 ZonesAtSurface
131.537 4223.96 -26.472 128 0 1 3 1.4192e+06 23.8226 75864.7 1.02792 6.60524e+06 1.4192e+06 ZonesAtSurface
181.305 4223.95 -1.37443 134 27 1 3 743376 29.3492 150914 1.30573 2.11557e+06 743376 ZonesAtSurface
231.166 4223.83 -26.4895 108 0 1 4 1.4455e+06 23.4562 120592 1.02864 6.25288e+06 1.4455e+06 ZonesAtSurface
281.017 4223.84 -1.44323 109 2 2 4 133473 37.3454 70183.2 1.6432 1.36967e+06 133473 ZonesAtSurface
330.908 4223.76 -26.514 107 0 1 5 157702 31.1596 67372.4 1.04323 5.66048e+06 157702 ZonesAtSurface
380.749 4223.77 -1.54002 111 63 1 5 1.22198e+06 24.4603 120788 1.3065 3.17954e+06 1.22198e+06 ZonesAtSurface
430.664 4223.68 -26.6416 83 0 1 6 1.3922e+06 17.6486 168843 1.08325 4.58086e+06 1.3922e+06 ZonesAtSurface
480.517 4223.66 -1.67039 65 0 1 6 341319 30.3911 41121.4 1.43969 1.45841e+06 341319 ZonesAtSurface
530.553 4223.58 -26.7339 41 0 1 7 354897 36.3003 143714 1.02403 5.78484e+06 354897 ZonesAtSurface
580.463 4223.54 -1.78877 34 0 1 7 1.29178e+06 25.7057 56372.7 1.08144 4.08678e+06 1.29178e+06 ZonesAtSurface
630.499 4223.5 -26.8584 14 0 1 8 646304 21.5385 25403.4 1.01779 7.86032e+06 646304 ZonesAtSurface
680.464 4223.48 -1.891 2 0 1 8 386276 28.8207 12385.1 1.02289 7.72566e+06 386276 ZonesAtSurface
730.402 4223.45 73.0726 1 0 2 7 1.42028e+06 23.9662 139703 1.03114 4.85368e+06 1.42028e+06 ZonesAtSurface
780.421 4223.44 98.0453 4 0 1 7 160550 40.3368 22246.8 1.01979 5.45903e+06 160550 ZonesAtSurface
830.446 4223.43 123.015 4 0 1 7 172075 17.0478 141478 0.987264 2.75921e+06 172075 ZonesAtSurface
880.475 4223.42 197.981 8 0 2 6 147165 27.5583 110022 1.07614 1.23959e+06 147165 ZonesAtSurface
930.517 4223.41 222.957 0 7 2 6 1.43695e+06 43.6195 93325 1.32992 4.87417e+06 1.43695e+06 ZonesAtSurface
980.559 4223.4 247.933 8 3 2 6 1.19065e+06 29.0691 41383.9 1.09789 3.66408e+06 1.19065e+06 ZonesAtSurface
1030.6 4223.4 272.906 0 8 1 6 1.60636e+06 37.7351 171476 1.18106 5.15166e+06 1.60636e+06 ZonesAtSurface
1080.65 4223.4 297.879 8 0 1 6 851281 20.7159 26354.8 1.00617 3.60373e+06 851281 ZonesAtSurface
1130.7 4223.4 322.85 5 0 1 6 146614 21.5491 139765 1.03472 2.59217e+06 146614 ZonesAtSurface
1180.75 4223.39 347.822 0 0 2 6 503098 16.8124 146892 1.01015 2.96491e+06 503098 ZonesAtSurface
1230.8 4223.39 372.798 3 0 2 6 1.15804e+06 21.8438 168069 1.00804 4.28397e+06 1.15804e+06 ZonesAtSurface
1280.85 4223.4 397.775 5 0 1 6 1.58033e+06 41.5949 133416 1.45664 6.55795e+06 1.58033e+06 ZonesAtSurface
1330.88 4223.4 372.759 2 0 1 7 1.23206e+06 39.09 77075.5 1.30535 6.57972e+06 1.23206e+06 ZonesAtSurface
1380.95 4223.41 447.725 2 0 1 6 826821 26.7463 120772 1.06564 4.14679e+06 826821 ZonesAtSurface
1431 4223.41 472.702 4 0 2 6 1.40737e+06 32.8012 163157 1.03573 5.63641e+06 1.40737e+06 ZonesAtSurface
1481.06 4223.43 547.672 0 3 2 5 1.25067e+06 37.9572 49432.4 1.95814 2.84403e+06 1.25067e+06 ZonesAtSurface
1531.11 4223.43 572.654 4 0 2 5 180083 26.263 91732.1 1.30393 412737 180083 ZonesAtSurface
1581.16 4223.44 647.621 0 8 2 4 1.67246e+06 16.3773 165198 2.45921 1.78518e+06 1.67246e+06 ZonesAtSurface
1631.22 4223.41 522.676 0 4 1 7 1.87035e+06 35.8535 63634.5 1.04564 6.84367e+06 1.87035e+06 ZonesAtSurface
1681.29 4223.42 447.717 3 0 1 9 211585 24.5593 67192.2 1.01642 2.8235e+06 211585 ZonesAtSurface
1731.36 4223.43 472.736 9 7 2 9 1.36566e+06 18.4345 89924.6 2.60336 1.62986e+06 1.36566e+06 ZonesAtSurface
1781.42 4223.42 347.755 3 0 1 12 899070 28.4942 172861 1.06821 8.28248e+06 899070 ZonesAtSurface
1831.49 4223.41 322.778 4 0 1 13 1.75544e+06 15.5748 106917 1.02147 7.72683e+06 1.75544e+06 ZonesAtSurface
1881.55 4223.41 347.802 9 0 1 13 1.41942e+06 19.9999 76956.6 1.01885 7.13658e+06 1.41942e+06 ZonesAtSurface
1931.61 4223.41 322.819 1 0 1 14 360567 32.2915 58898.2 1.06845 8.04329e+06 360567 ZonesAtSurface
1981.67 4223.41 347.843 7 0 2 14 375950 30.6759 164643 1.18341 2.18764e+06 375950 ZonesAtSurface
2031.73 4223.4 310.363 2 0 1 14 1.03474e+06 16.2238 103269 1.06001 4.94581e+06 1.03474e+06 ZonesAtSurface
2081.77 4223.4 260.388 8 0 1 13 258664 22.5718 79662.4 1.26844 6.53475e+06 258664 ZonesAtSurface
2131.81 4223.42 260.42 4 0 1 11 1.61835e+06 38.6843 89501.6 2.09446 7.2111e+06 1.61835e+06 ZonesAtSurface
2181.81 4223.42 210.439 2 0 1 10 1.11059e+06 33.2299 135359 3.57219 7.60333e+06 1.11059e+06 ZonesAtSurface
2231.77 4223.43 160.453 0 0 0 0 553575 31.3118 91718.8 5.45649 6.59049e+06 553575 ZonesAtSurface
2281.75 4223.44 210.467 0 0 0 0 1.53023e+06 40.9103 33319.9 9.1676 6.75348e+06 1.53023e+06 ZonesAtSurface
2331.73 4223.44 110.479 6 0 0 0 1.2551e+06 16.254 122201 2.56606 6.67669e+06 1.2551e+06 ZonesAtSurface
2381.69 4223.42 60.4864 0 0 0 0 1.78954e+06 22.7308 188000 3.27655 8.15377e+06 1.78954e+06 ZonesAtSurface
2431.62 4223.38 60.4873 8 0 0 0 855298 28.2848 128245 2.70287 1.18557e+07 855298 ZonesAtSurface
2481.61 4223.37 -39.5329 0 0 0 0 821336 27.3258 127132 2.39787 9.99027e+06 821336 ZonesAtSurface
2531.51 4223.2 30.4057 6 0 0 0 1.28621e+06 44.0511 101780 2.13906 1.71086e+07 1.28621e+06 ZonesAtSurface
2581.53 4223.28 -29.5568 0 0 0 0 1.3655e+06 40.0601 159949 3.53194 1.01645e+07 1.3655e+06 ZonesAtSurface
2631.5 4223.28 -39.5635 0 0 0 0 1.46274e+06 16.6901 29913.7 1.25253 8.9895e+06 1.46274e+06 ZonesAtSurface
2681.46 4223.23 0.424288 0 0 0 0 1.03952e+06 37.9064 64589.2 3.738 8.62108e+06 1.03952e+06 ZonesAtSurface
2731.43 4223.26 -9.57717 0 0 0 0 1.55088e+06 34.3929 157556 5.08669 6.92686e+06 1.55088e+06 ZonesAtSurface
2781.39 4223.23 30.4157 0 0 0 0 788974 32.7366 26134.2 4.40526 7.03586e+06 788974 ZonesAtSurface
2831.35 4223.13 120.394 0 0 0 0 1.30168e+06 34.6769 162759 2.96733 1.13741e+07 1.30168e+06 ZonesAtSurface
2881.32 4223.19 110.409 0 0 0 0 665867 44.2558 17183.1 6.32712 8.35847e+06 665867 ZonesAtSurface
2931.3 4223.11 200.39 0 0 0 0 1.52227e+06 39.6913 95215.5 3.80536 1.1356e+07 1.52227e+06 ZonesAtSurface
2981.27 4223.2 190.405 6 0 0 0 1.75172e+06 28.4737 49906.7 2.39655 8.85865e+06 1.75172e+06 ZonesAtSurface
3031.26 4223.22 230.401 4 0 0 0 825700 36.1773 154156 3.17309 8.08448e+06 825700 ZonesAtSurface
3081.25 4223.24 270.396 0 0 0 0 1.75791e+06 39.8514 23849.9 3.91965 8.15469e+06 1.75791e+06 ZonesAtSurface
3131.24 4223.31 260.396 0 0 0 0 204408 26.9337 13445.8 1.59413 7.06703e+06 204408 ZonesAtSurface
3181.25 4223.33 300.39 6 0 0 0 1.08004e+06 28.5661 173674 1.49207 7.84629e+06 1.08004e+06 ZonesAtSurface
3231.25 4223.39 290.388 8 0 0 0 1.05602e+06 26.0254 156870 1.28376 7.37882e+06 1.05602e+06 ZonesAtSurface
3281.25 4223.45 280.4 1 0 1 8 1.03912e+06 36.8699 10577.5 2.11094 5.36184e+06 1.03912e+06 ZonesAtSurface
3331.26 4223.48 270.393 0 0 1 9 1.57937e+06 34.9894 78649.4 3.53356 3.47615e+06 1.57937e+06 ZonesAtSurface
3381.27 4223.52 310.398 0 3 2 9 1.60374e+06 25.6694 23485.5 1.72222 3.0281e+06 1.60374e+06 ZonesAtSurface
3431.3 4223.52 300.377 0 0 1 10 1.80329e+06 23.3176 68319.7 1.59625 3.98405e+06 1.80329e+06 ZonesAtSurface
3481.33 4223.51 290.351 4 0 1 11 1.61469e+06 27.9703 31657.6 1.03971 5.9012e+06 1.61469e+06 ZonesAtSurface
3531.35 4223.52 330.33 7 4 2 11 1.68652e+06 31.2316 24391 1.10954 5.65797e+06 1.68652e+06 ZonesAtSurface
3581.42 4223.51 320.323 9 0 1 12 157162 24.6142 167409 1.05777 4.40565e+06 157162 ZonesAtSurface
3631.48 4223.49 310.315 8 0 1 13 1.35352e+06 33.7321 142817 1.13362 8.76305e+06 1.35352e+06 ZonesAtSurface
3681.55 4223.47 300.314 6 0 1 14 807987 40.8093 145655 1.12382 7.79236e+06 807987 ZonesAtSurface
3731.61 4223.46 340.29 10 0 1 14 1.49669e+06 29.1233 48636.1 1.0484 7.65156e+06 1.49669e+06 ZonesAtSurface
3781.66 4223.46 440.221 5 3 1 12 653041 32.2006 21161 1.16244 2.32509e+06 653041 ZonesAtSurface
3831.74 4223.49 500.182 10 10 2 10 1.12908e+06 31.8019 182239 1.21731 3.30564e+06 1.12908e+06 ZonesAtSurface
3881.83 4223.48 560.131 9 9 2 8 556920 24.0484 19155.3 1.14383 1.55701e+06 556920 ZonesAtSurface
3931.94 4223.46 570.106 3 6 2 7 1.05903e+06 25.6836 111033 1.24883 2.8767e+06 1.05903e+06 ZonesAtSurface
3981.99 4223.46 580.13 0 3 2 6 1.73154e+06 39.1912 54419.8 2.35524 3.38072e+06 1.73154e+06 ZonesAtSurface
4032.07 4223.45 540.181 0 2 2 6 1.66157e+06 36.8176 138457 3.03238 2.2497e+06 1.66157e+06 ZonesAtSurface
4082.13 4223.45 500.233 0 3 1 6 1.59945e+06 23.7446 23996.8 1.64021 3.07984e+06 1.59945e+06 ZonesAtSurface
4132.16 4223.45 510.279 0 6 2 5 1.68384e+06 36.1482 88923.2 3.30722 2.03278e+06 1.68384e+06 ZonesAtSurface
4182.26 4223.45 420.331 0 0 2 6 1.60277e+06 25.1836 180642 1.68761 3.23925e+06 1.60277e+06 ZonesAtSurface
4232.28 4223.46 430.372 1 10 2 5 1.61856e+06 18.1109 188485 3.03732 1.44263e+06 1.61856e+06 ZonesAtSurface
4282.33 4223.47 390.416 9 10 2 5 469874 31.0905 159657 4.5777 294311 469874 ZonesAtSurface
4332.38 4223.47 350.454 0 8 2 5 1.34677e+06 41.2041 136679 4.5653 1.22097e+06 1.34677e+06 ZonesAtSurface
4382.44 4223.47 210.486 6 0 2 7 691707 37.6293 181671 1.04633 3.78869e+06 691707 ZonesAtSurface
4432.47 4223.49 170.52 0 0 1 7 367857 29.2893 47546.5 1.1411 1.58727e+06 367857 ZonesAtSurface
4482.51 4223.52 180.536 2 8 2 6 967947 44.2757 88684 1.8488 2.41714e+06 967947 ZonesAtSurface
4532.32 4223.54 -9.43086 5 0 1 9 544855 20.533 142971 1.0572 7.07262e+06 544855 ZonesAtSurface
4582.29 4223.59 0.611107 22 0 1 8 109837 17.8646 137833 1.23184 3.62909e+06 109837 ZonesAtSurface
4632.21 4223.63 10.6524 17 0 1 7 1.50531e+06 43.7296 124858 2.00305 5.45882e+06 1.50531e+06 ZonesAtSurface
4682.08 4223.69 20.7235 62 9 1 6 589007 16.6549 149400 0 1.53318e+06 589007 ZonesAtSurface
4731.99 4223.72 30.756 86 27 1 5 510293 32.1612 110013 0 1.4932e+06 510293 ZonesAtSurface
4781.89 4223.77 40.8003 105 7 1 4 114994 41.5038 126667 1.42702 691019 114994 ZonesAtSurface
4831.6 4223.82 50.8298 123 30 1 3 126669 36.3343 88154.6 1.38478 580435 126669 ZonesAtSurface
4881.49 4223.86 60.8743 51 101 1 2 1.58691e+06 40.9365 152735 2.0541 3.23565e+06 1.58691e+06 ZonesAtSurface
4931.74 4223.86 70.7965 96 108 1 1 778757 35.7709 180817 0 1.11094e+06 778757 ZonesAtSurface
81.794 4274.16 -0.501921 128 22 1 2 1.68737e+06 21.0092 153117 1.08644 5.15031e+06 1.68737e+06 ZonesAtSurface
131.526 4273.99 -25.4204 125 0 1 3 403809 33.1577 142902 1.01712 2.65913e+06 403809 ZonesAtSurface
181.295 4273.99 -0.335393 132 87 1 3 1.00553e+06 32.4669 137370 1.54932 2.78734e+06 1.00553e+06 ZonesAtSurface
231.139 4273.84 -25.4689 115 27 1 4 1.35193e+06 39.1836 62098.8 1.04517 7.69173e+06 1.35193e+06 ZonesAtSurface
280.991 4273.86 -0.441041 116 73 1 4 1.29694e+06 35.4026 59420.3 1.32976 4.35522e+06 1.29694e+06 ZonesAtSurface
330.894 4273.78 -25.4982 109 0 1 5 662133 34.1472 167378 1.0902 5.83364e+06 662133 ZonesAtSurface
380.722 4273.82 -0.558706 112 2 1 5 468447 21.8973 137071 1.68745 1.21975e+06 468447 ZonesAtSurface
430.648 4273.69 -25.6418 83 11 1 6 1.21754e+06 44.5999 174820 1.27638 6.2174e+06 1.21754e+06 ZonesAtSurface
480.505 4273.71 -0.672035 60 1 1 6 493894 16.1164 163951 1.57927 1.05482e+06 493894 ZonesAtSurface
530.534 4273.6 -25.7328 40 0 1 7 140220 23.9588 139614 1.0257 2.73325e+06 140220 ZonesAtSurface
580.439 4273.55 -0.801555 35 4 1 7 997156 21.9024 150086 1.08497 2.96606e+06 997156 ZonesAtSurface
630.49 4273.5 -25.8629 3 0 1 8 1.18679e+06 20.8408 182277 1.01194 8.34804e+06 1.18679e+06 ZonesAtSurface
680.382 4273.47 49.0989 3 0 2 7 158175 42.0077 133568 1.19999 1.52518e+06 158175 ZonesAtSurface
730.397 4273.46 74.0685 5 0 1 7 1.6058e+06 30.8107 157292 1.03373 6.93763e+06 1.6058e+06 ZonesAtSurface
780.416 4273.44 99.0403 4 0 1 7 1.50308e+06 39.1104 86637.9 1.02345 8.23917e+06 1.50308e+06 ZonesAtSurface
830.432 4273.43 174.002 0 6 1 6 1.87588e+06 38.5704 142922 1.55729 4.8441e+06 1.87588e+06 ZonesAtSurface
880.471 4273.42 198.973 6 0 2 6 213871 25.9518 67210.5 1.12212 1.25307e+06 213871 ZonesAtSurface
930.515 4273.4 223.948 10 0 2 6 949828 28.1905 139378 1.02367 3.80272e+06 949828 ZonesAtSurface
980.559 4273.4 248.925 10 0 1 6 1.26507e+06 20.6445 165761 1.01799 4.15423e+06 1.26507e+06 ZonesAtSurface
1030.6 4273.39 273.899 7 0 1 6 1.03454e+06 28.5122 111406 1.01609 3.89988e+06 1.03454e+06 ZonesAtSurface
1080.65 4273.39 298.871 4 0 1 6 1.52852e+06 37.5134 114989 1.20212 5.56427e+06 1.52852e+06 ZonesAtSurface
1130.7 4273.39 323.842 0 0 2 6 994025 43.5013 80096.4 1.02974 4.53945e+06 994025 ZonesAtSurface
1180.78 4273.39 398.81 0 6 2 5 1.7599e+06 21.6194 91043 1.47839 3.43833e+06 1.7599e+06 ZonesAtSurface
1230.82 4273.39 423.785 6 8 2 5 1.25349e+06 26.8078 79994.3 1.11273 3.62951e+06 1.25349e+06 ZonesAtSurface
1280.87 4273.39 448.762 6 5 2 5 668976 18.8112 126181 1.19683 1.48466e+06 668976 ZonesAtSurface
1330.91 4273.4 473.736 4 10 2 5 1.26873e+06 26.5445 14881.2 1.55366 2.64007e+06 1.26873e+06 ZonesAtSurface
1380.95 4273.4 448.715 0 0 2 6 757704 24.8367 145522 1.02828 2.84131e+06 757704 ZonesAtSurface
1431 4273.41 473.692 0 0 2 6 509497 30.7744 101584 1.05479 2.97372e+06 509497 ZonesAtSurface
1481.05 4273.41 498.677 0 4 2 6 1.70286e+06 43.2941 146455 1.17448 6.24201e+06 1.70286e+06 ZonesAtSurface
1531.11 4273.41 523.666 4 3 2 6 815219 33.0434 125130 1.09208 2.75401e+06 815219 ZonesAtSurface
1581.17 4273.43 598.638 3 5 1 5 1.18408e+06 24.9212 124191 1.13472 3.34591e+06 1.18408e+06 ZonesAtSurface
1631.22 4273.42 573.651 0 8 2 6 1.86609e+06 32.7191 139990 1.44093 4.59556e+06 1.86609e+06 ZonesAtSurface
1681.3 4273.4 448.705 5 0 1 9 1.68126e+06 30.2987 168323 1.00947 7.00762e+06 1.68126e+06 ZonesAtSurface
1731.36 4273.4 373.733 2 0 1 11 1.21016e+06 36.2677 154910 1.01326 7.41148e+06 1.21016e+06 ZonesAtSurface
1781.42 4273.4 348.747 0 0 1 12 388012 35.5143 159626 1.0182 6.84532e+06 388012 ZonesAtSurface
1831.49 4273.39 323.768 4 0 1 13 733181 43.8585 15483.6 1.15763 9.25275e+06 733181 ZonesAtSurface
1881.54 4273.39 398.796 0 7 2 12 1.66306e+06 40.5413 29123.7 1.54714 4.76965e+06 1.66306e+06 ZonesAtSurface
1931.61 4273.4 373.819 2 2 2 13 1.55428e+06 35.0484 106195 1.11516 5.1571e+06 1.55428e+06 ZonesAtSurface
1981.68 4273.4 298.834 2 0 1 15 506443 26.1491 46566.6 1.01463 7.20914e+06 506443 ZonesAtSurface
2031.73 4273.39 261.354 0 0 1 15 843532 30.8722 118628 1.27079 7.94328e+06 843532 ZonesAtSurface
2081.77 4273.39 261.379 2 0 1 13 1.55254e+06 19.6874 106407 1.18046 6.89087e+06 1.55254e+06 ZonesAtSurface
2131.8 4273.4 211.406 0 0 1 12 369590 26.7183 31788 1.72136 6.63856e+06 369590 ZonesAtSurface
2181.81 4273.4 161.427 0 0 1 11 1.59198e+06 16.4292 31834.1 2.54194 4.92423e+06 1.59198e+06 ZonesAtSurface
2231.79 4273.41 211.458 6 0 0 0 863743 36.941 43239.7 3.55431 6.47856e+06 863743 ZonesAtSurface
2281.79 4273.42 161.469 2 0 0 0 1.43457e+06 19.1028 67694.8 2.94203 5.65141e+06 1.43457e+06 ZonesAtSurface
2331.77 4273.43 111.481 0 0 0 0 1.47352e+06 16.0149 112629 2.74513 5.7527e+06 1.47352e+06 ZonesAtSurface
2381.72 4273.41 111.492 9 0 0 0 312035 32.8181 17819.9 4.98018 7.91141e+06 312035 ZonesAtSurface
2431.68 4273.4 -38.522 0 0 0 0 622331 42.12 99027 8.04107 7.30555e+06 622331 ZonesAtSurface
2481.63 4273.37 -38.5306 0 0 0 0 1.88137e+06 19.7142 105791 1.83278 9.76975e+06 1.88137e+06 ZonesAtSurface
2531.57 4273.3 -18.55 0 0 0 0 341196 32.5076 78341.7 2.04181 1.06919e+07 341196 ZonesAtSurface
2581.52 4273.2 21.4326 0 0 0 0 1.14852e+06 41.8319 109986 2.68768 1.28252e+07 1.14852e+06 ZonesAtSurface
2631.49 4273.21 11.428 0 0 0 0 832163 41.3432 99691.1 3.22813 1.07104e+07 832163 ZonesAtSurface
2681.44 4273.02 101.366 10 0 0 0 1.47785e+06 39.5521 131834 1.97914 1.9059e+07 1.47785e+06 ZonesAtSurface
2731.42 4273.19 41.4149 0 0 0 0 824424 28.6963 149376 2.35642 9.4268e+06 824424 ZonesAtSurface
2781.39 4272.91 181.335 0 0 0 0 1.75417e+06 44.3926 95097.5 2.73967 2.29821e+07 1.75417e+06 ZonesAtSurface
2831.34 4273.12 121.404 0 0 0 0 419116 41.421 39189.8 3.71853 1.11152e+07 419116 ZonesAtSurface
2881.33 4273.25 61.4242 0 0 0 0 482052 31.9525 127633 2.75707 8.29273e+06 482052 ZonesAtSurface
2931.3 4273.25 101.419 0 0 0 0 1.73069e+06 31.7096 22810.8 3.03907 8.52182e+06 1.73069e+06 ZonesAtSurface
2981.27 4273.2 191.407 10 0 0 0 446355 17.4261 52144.5 1.70831 5.5227e+06 446355 ZonesAtSurface
3031.25 4273.26 181.407 9 0 0 0 935838 28.4059 13408.9 1.88781 8.48884e+06 935838 ZonesAtSurface
3081.24 4273.28 221.401 0 0 0 0 872147 40.0628 98451.8 3.24072 8.27376e+06 872147 ZonesAtSurface
3131.24 4273.31 261.395 0 0 0 0 811096 28.5591 81619.9 1.56315 7.71227e+06 811096 ZonesAtSurface
3181.25 4273.34 301.39 0 0 0 0 517995 41.1922 23376.6 2.1166 7.74572e+06 517995 ZonesAtSurface
3231.25 4273.4 291.385 0 0 0 0 784793 39.9854 105362 1.7576 7.40238e+06 784793 ZonesAtSurface
3281.25 4273.46 231.388 0 0 1 9 1.14953e+06 21.4516 17572.8 2.28052 3.80965e+06 1.14953e+06 ZonesAtSurface
3331.26 4273.49 271.391 0 0 1 9 279043 29.4684 125505 1.76132 3.55781e+06 279043 ZonesAtSurface
3381.28 4273.51 261.379 0 0 1 10 599848 35.6506 54107.8 3.4909 3.37541e+06 599848 ZonesAtSurface
3431.3 4273.53 301.378 0 0 1 10 1.48815e+06 30.5025 108546 1.63584 3.97233e+06 1.48815e+06 ZonesAtSurface
3481.32 4273.54 291.35 10 0 1 11 1.12268e+06 42.516 14713.1 1.19814 6.40441e+06 1.12268e+06 ZonesAtSurface
3531.37 4273.51 281.332 3 0 1 12 1.55014e+06 30.789 24115.2 1.02855 6.5411e+06 1.55014e+06 ZonesAtSurface
3581.38 4273.52 371.299 10 0 2 11 358016 29.9519 35795.7 1.12923 1.31403e+06 358016 ZonesAtSurface
3631.48 4273.49 311.311 8 0 1 13 1.12683e+06 22.9777 104660 1.04338 5.52965e+06 1.12683e+06 ZonesAtSurface
3681.54 4273.48 301.305 2 0 1 14 1.68126e+06 30.3191 120683 1.14325 8.83344e+06 1.68126e+06 ZonesAtSurface
3731.58 4273.47 391.258 3 0 1 13 341006 29.4851 146099 1.01389 1.39938e+06 341006 ZonesAtSurface
3781.66 4273.46 391.248 9 0 1 13 1.70066e+06 21.4819 154897 1.03448 5.58131e+06 1.70066e+06 ZonesAtSurface
3831.73 4273.47 451.214 9 9 1 11 1.7388e+06 30.0034 11844.2 1.03925 5.88525e+06 1.7388e+06 ZonesAtSurface
3881.83 4273.47 511.169 10 10 1 9 1.85728e+06 17.3023 67869.1 1.03268 4.92789e+06 1.85728e+06 ZonesAtSurface
3931.9 4273.47 621.081 0 9 1 6 1.18239e+06 34.1949 158758 2.23651 1.87352e+06 1.18239e+06 ZonesAtSurface
3981.99 4273.46 581.127 0 9 1 6 1.56845e+06 29.3612 150487 1.68134 3.15001e+06 1.56845e+06 ZonesAtSurface
4032.06 4273.46 541.177 1 0 2 6 944793 43.1864 50763.3 1.76678 3.2207e+06 944793 ZonesAtSurface
4082.13 4273.45 501.229 0 0 2 6 1.85398e+06 15.5577 171613 1.52221 3.2957e+06 1.85398e+06 ZonesAtSurface
4132.16 4273.46 511.273 5 8 1 5 897462 26.0858 70176.5 3.00785 957022 897462 ZonesAtSurface
4182.25 4273.46 421.328 2 0 1 6 790764 25.6773 153016 2.14575 1.64751e+06 790764 ZonesAtSurface
4232.3 4273.46 381.373 0 0 1 6 1.20297e+06 16.662 96241.1 1.69727 2.10792e+06 1.20297e+06 ZonesAtSurface
4282.34 4273.47 341.415 3 0 1 6 133939 21.757 11382 1.26049 416365 133939 ZonesAtSurface
4332.38 4273.48 301.451 0 1 2 6 1.89697e+06 25.1526 188020 1.90172 3.08588e+06 1.89697e+06 ZonesAtSurface
4382.43 4273.47 211.481 0 0 2 7 511398 43.2071 124151 1.22813 3.8595e+06 511398 ZonesAtSurface
4432.46 4273.5 171.514 3 9 2 7 1.24651e+06 39.6405 161157 1.7062 3.48595e+06 1.24651e+06 ZonesAtSurface
4482.43 4273.52 81.5455 0 0 2 8 655526 20.0532 23436.4 0.955876 2.39681e+06 655526 ZonesAtSurface
4532.31 4273.53 -8.43325 22 0 1 9 970964 17.6754 154602 1.08055 8.85922e+06 970964 ZonesAtSurface
4582.25 4273.59 1.62864 23 0 1 8 518586 37.4685 44981.9 1.68318 6.32453e+06 518586 ZonesAtSurface
4632.19 4273.64 11.6736 46 0 1 7 488361 31.4464 64751.6 1.50149 3.085e+06 488361 ZonesAtSurface
4682.1 4273.68 21.7284 71 6 1 6 437441 23.0988 117450 1.1892 1.47284e+06 437441 ZonesAtSurface
4731.96 4273.71 31.7526 94 29 1 5 379852 31.5641 41775.6 1.19801 1.20616e+06 379852 ZonesAtSurface
4781.92 4273.73 41.8052 86 53 1 4 737257 16.358 169405 1.06008 1.75644e+06 737257 ZonesAtSurface
4831.7 4273.81 51.8371 123 0 1 3 262731 19.0583 41728.7 1.19071 793777 262731 ZonesAtSurface
4881.52 4273.85 61.8579 42 92 1 2 1.33542e+06 41.1895 110391 1.80954 3.14412e+06 1.33542e+06 ZonesAtSurface
4931.7 4273.87 71.7965 74 107 1 1 1.59452e+06 25.1267 118840 1.27545 3.86418e+06 1.59452e+06 ZonesAtSurface
81.7382 4323.97 -49.6091 119 0 1 3 1.27156e+06 16.8013 175120 1.24839 6.3527e+06 1.27156e+06 ZonesAtSurface
131.518 4324 -24.3537 130 88 1 3 1.4325e+06 25.5943 77132.5 1.11397 4.36545e+06 1.4325e+06 ZonesAtSurface
181.336 4323.85 -49.4429 121 0 1 4 222823 29.8756 57444.4 1.02456 6.81496e+06 222823 ZonesAtSurface
231.111 4323.83 -24.4057 118 0 1 4 587766 42.7159 25726.4 1.40839 3.36524e+06 587766 ZonesAtSurface
281.008 4323.76 -49.527 97 0 1 5 240714 23.2627 123119 1.06907 4.66497e+06 240714 ZonesAtSurface
330.856 4323.77 -24.4758 106 0 1 5 1.05594e+06 21.012 179832 1.16002 3.68401e+06 1.05594e+06 ZonesAtSurface
380.769 4323.68 -49.6177 96 0 1 6 749268 23.8086 135392 1.05721 4.62938e+06 749268 ZonesAtSurface
430.633 4323.69 -24.6156 94 0 1 6 348454 39.29 99064.2 1.37114 2.94406e+06 348454 ZonesAtSurface
480.617 4323.62 -49.7033 61 0 1 7 1.65179e+06 37.1244 147153 1.05151 9.35619e+06 1.65179e+06 ZonesAtSurface
530.502 4323.61 -24.7354 50 0 1 7 1.5858e+06 24.165 45323 1.06171 5.98948e+06 1.5858e+06 ZonesAtSurface
580.53 4323.53 -49.8359 17 0 1 8 1.5709e+06 21.0954 61527.8 1.02178 9.88371e+06 1.5709e+06 ZonesAtSurface
630.474 4323.5 -24.866 6 0 1 8 1.77904e+06 34.9895 38952.5 1.02867 1.24454e+07 1.77904e+06 ZonesAtSurface
680.445 4323.48 0.10467 2 0 1 8 368747 32.9994 162276 1.00711 8.70841e+06 368747 ZonesAtSurface
730.389 4323.46 75.0634 7 0 1 7 1.08144e+06 41.1399 120976 1.08902 7.11052e+06 1.08144e+06 ZonesAtSurface
780.413 4323.44 100.035 1 0 1 7 1.10399e+06 23.3991 39951.6 1.0117 4.69557e+06 1.10399e+06 ZonesAtSurface
830.442 4323.43 125.004 4 0 1 7 1.51396e+06 23.1518 172601 1.00809 5.95696e+06 1.51396e+06 ZonesAtSurface
880.471 4323.41 199.969 0 7 1 6 1.87352e+06 39.9581 31193.4 1.58183 5.29217e+06 1.87352e+06 ZonesAtSurface
930.513 4323.4 224.94 6 0 2 6 257763 22.5363 68845.9 1.00785 1.91734e+06 257763 ZonesAtSurface
980.557 4323.39 249.914 1 0 2 6 1.05591e+06 44.8078 124465 1.12907 5.78703e+06 1.05591e+06 ZonesAtSurface
1030.62 4323.38 324.885 0 9 2 5 1.35635e+06 37.3494 49601 1.31723 4.07298e+06 1.35635e+06 ZonesAtSurface
1080.65 4323.38 299.862 2 0 2 6 1.36306e+06 30.7835 17223.4 1.01497 4.80482e+06 1.36306e+06 ZonesAtSurface
1130.73 4323.39 374.83 0 6 1 5 1.72311e+06 20.6797 98598.4 1.1999 4.0765e+06 1.72311e+06 ZonesAtSurface
1180.8 4323.4 449.799 0 5 2 4 1.18832e+06 36.3455 69722 1.49863 3.02718e+06 1.18832e+06 ZonesAtSurface
1230.82 4323.39 424.775 0 0 2 5 1.76724e+06 21.6408 52237 1.51549 3.39733e+06 1.76724e+06 ZonesAtSurface
1280.87 4323.39 449.752 0 0 2 5 1.69003e+06 36.9606 158577 2.14849 2.9356e+06 1.69003e+06 ZonesAtSurface
1330.91 4323.4 474.729 0 5 2 5 1.72591e+06 40.0302 44542.4 2.51177 2.89418e+06 1.72591e+06 ZonesAtSurface
1380.94 4323.39 449.708 2 0 1 6 789022 43.3141 77380 1.04125 4.03739e+06 789022 ZonesAtSurface
1430.99 4323.4 474.685 9 0 1 6 518638 38.1674 105929 1.02584 3.85135e+06 518638 ZonesAtSurface
1481.05 4323.41 499.669 10 10 2 6 1.19166e+06 37.8728 68651.1 1.04406 4.577e+06 1.19166e+06 ZonesAtSurface
1531.11 4323.41 524.656 0 5 1 6 1.44479e+06 42.2612 64354.9 1.24442 5.42522e+06 1.44479e+06 ZonesAtSurface
1581.16 4323.44 649.611 8 4 2 4 128021 41.4668 48843.7 1.49695 281109 128021 ZonesAtSurface
1631.21 4323.42 574.638 0 6 2 6 1.52529e+06 34.9907 129529 1.41092 3.99668e+06 1.52529e+06 ZonesAtSurface
1681.29 4323.39 499.678 9 0 2 8 446546 21.8846 46545.5 1.03008 1.95741e+06 446546 ZonesAtSurface
1731.36 4323.39 374.724 3 0 1 11 434198 44.5276 106792 1.1218 7.9336e+06 434198 ZonesAtSurface
1781.43 4323.38 349.74 5 0 1 12 913128 36.5824 181565 1.04082 7.54616e+06 913128 ZonesAtSurface
1831.48 4323.4 424.764 0 8 2 11 1.65659e+06 34.8143 84674.8 2.48878 2.61847e+06 1.65659e+06 ZonesAtSurface
1881.55 4323.4 349.78 2 0 1 13 1.31527e+06 42.0192 179417 1.08128 6.74045e+06 1.31527e+06 ZonesAtSurface
1931.61 4323.4 374.812 1 3 1 13 1.22638e+06 31.3685 33273.3 1.0887 3.98798e+06 1.22638e+06 ZonesAtSurface
1981.68 4323.4 349.832 0 1 2 14 1.46602e+06 34.6639 112283 1.21931 4.38907e+06 1.46602e+06 ZonesAtSurface
2031.73 4323.4 312.349 6 0 1 14 829476 16.572 184437 1.06826 3.14857e+06 829476 ZonesAtSurface
2081.77 4323.39 262.372 5 0 1 13 577628 25.2812 58997 1.03659 5.19735e+06 577628 ZonesAtSurface
2131.82 4323.42 262.413 10 6 1 11 1.5372e+06 42.5691 135236 1.49188 5.40125e+06 1.5372e+06 ZonesAtSurface
2181.82 4323.4 162.426 0 0 1 11 1.62501e+06 26.8126 46169.1 3.13964 5.28419e+06 1.62501e+06 ZonesAtSurface
2231.81 4323.4 162.453 0 0 0 0 1.3622e+06 37.4625 155517 6.63963 4.42054e+06 1.3622e+06 ZonesAtSurface
2281.81 4323.41 112.466 0 0 0 0 1.35691e+06 33.8 164533 7.21814 4.7478e+06 1.35691e+06 ZonesAtSurface
2331.81 4323.41 162.482 0 0 0 0 1.79706e+06 43.8979 104876 10 5.31547e+06 1.79706e+06 ZonesAtSurface
2381.76 4323.4 112.493 0 0 0 0 1.29304e+06 33.4188 184300 5.94852 6.72886e+06 1.29304e+06 ZonesAtSurface
2431.69 4323.39 12.4867 0 0 0 0 374039 36.116 140739 4.75486 8.4247e+06 374039 ZonesAtSurface
2481.64 4323.37 -37.5301 0 0 0 0 770145 33.0913 148414 3.26104 9.71364e+06 770145 ZonesAtSurface
2531.6 4323.34 -67.5508 0 0 0 0 1.75298e+06 21.2087 94614.1 1.80497 9.60328e+06 1.75298e+06 ZonesAtSurface
2581.53 4323.2 22.4367 0 0 0 0 709316 37.5701 145916 2.15647 1.29139e+07 709316 ZonesAtSurface
2631.5 4323.21 12.4294 9 0 0 0 560233 27.7017 72982.4 1.56847 1.05076e+07 560233 ZonesAtSurface
2681.45 4323.14 52.4141 0 0 0 0 709218 39.9392 94442.6 3.03003 1.17448e+07 709218 ZonesAtSurface
2731.41 4323.09 92.4019 5 0 0 0 726699 34.0048 113738 2.28505 1.29428e+07 726699 ZonesAtSurface
2781.37 4323.04 132.396 0 0 0 0 1.43789e+06 43.8213 166564 3.86309 1.42157e+07 1.43789e+06 ZonesAtSurface
2831.37 4323.27 22.4275 0 0 0 0 410185 25.0896 74014.1 1.74596 8.76702e+06 410185 ZonesAtSurface
2881.32 4323.01 212.381 2 0 0 0 1.80448e+06 41.6814 183487 3.2035 1.39428e+07 1.80448e+06 ZonesAtSurface
2931.29 4323.18 152.407 0 0 0 0 1.60645e+06 40.9071 138817 3.09443 1.1227e+07 1.60645e+06 ZonesAtSurface
2981.27 4323.25 142.407 0 0 0 0 811178 29.7832 161374 2.09558 9.29757e+06 811178 ZonesAtSurface
3031.26 4323.21 232.397 0 0 0 0 1.01958e+06 34.9546 122475 1.99832 1.02358e+07 1.01958e+06 ZonesAtSurface
3081.25 4323.24 272.395 0 0 0 0 1.66018e+06 29.8165 71127.6 1.61761 9.61777e+06 1.66018e+06 ZonesAtSurface
3131.25 4323.27 312.392 0 0 0 0 717168 41.1852 96273.1 1.52423 1.00915e+07 717168 ZonesAtSurface
3181.23 4323.38 252.39 0 0 0 0 1.05925e+06 43.4617 115641 2.78691 7.57234e+06 1.05925e+06 ZonesAtSurface
3231.24 4323.43 242.387 6 0 0 0 1.59395e+06 16.1981 168035 1.35146 5.22112e+06 1.59395e+06 ZonesAtSurface
3281.24 4323.48 282.397 9 0 1 8 1.85098e+06 25.3903 120949 1.81535 5.27562e+06 1.85098e+06 ZonesAtSurface
3331.25 4323.51 272.392 0 0 2 9 1.69662e+06 24.2387 161540 3.34621 2.57756e+06 1.69662e+06 ZonesAtSurface
3381.27 4323.52 262.379 0 0 1 10 313581 42.4676 40995.3 2.83015 3.85037e+06 313581 ZonesAtSurface
3431.29 4323.55 302.382 1 8 1 10 1.75941e+06 34.3065 151432 2.17963 3.50343e+06 1.75941e+06 ZonesAtSurface
3481.34 4323.52 242.344 0 0 1 12 1.86452e+06 24.8284 168701 1.33765 7.90715e+06 1.86452e+06 ZonesAtSurface
3531.36 4323.52 282.327 8 0 1 12 867766 28.998 93282.5 1.06827 6.25437e+06 867766 ZonesAtSurface
3581.38 4323.53 372.285 3 0 1 11 532361 17.8128 157479 1.08573 2.44231e+06 532361 ZonesAtSurface
3631.47 4323.5 312.304 7 0 1 13 1.65308e+06 44.2859 42618.7 1.11108 8.92902e+06 1.65308e+06 ZonesAtSurface
3681.53 4323.48 302.294 3 0 1 14 575554 43.5428 84803.6 1.04849 1.01459e+07 575554 ZonesAtSurface
3731.58 4323.48 392.249 4 0 1 13 196780 37.3465 86771.4 1.05876 2.96183e+06 196780 ZonesAtSurface
3781.66 4323.47 392.242 8 0 1 13 300028 22.8335 181900 1.01301 2.75941e+06 300028 ZonesAtSurface
3831.74 4323.45 402.225 0 0 1 12 1.13739e+06 34.9982 12268.7 1.02633 6.05693e+06 1.13739e+06 ZonesAtSurface
3881.84 4323.46 562.109 9 10 2 8 242967 40.0209 44974.4 2.00387 567768 242967 ZonesAtSurface
3931.92 4323.46 572.104 0 3 1 7 1.29694e+06 31.8184 165115 1.42817 3.33016e+06 1.29694e+06 ZonesAtSurface
3981.98 4323.47 582.127 0 0 2 6 1.61496e+06 16.3818 88846.9 1.8554 2.63823e+06 1.61496e+06 ZonesAtSurface
4032.05 4323.46 542.176 0 0 1 6 1.64833e+06 36.9224 154981 2.22659 3.17712e+06 1.64833e+06 ZonesAtSurface
4082.12 4323.46 502.226 0 0 1 6 942098 25.3808 90700.2 1.13084 2.81948e+06 942098 ZonesAtSurface
4132.18 4323.46 462.278 2 0 2 6 352367 33.094 153934 1.17749 1.24721e+06 352367 ZonesAtSurface
4182.24 4323.47 422.327 8 0 2 6 950139 16.0003 179374 1.93514 1.45451e+06 950139 ZonesAtSurface
4232.29 4323.46 332.374 0 3 2 7 1.89889e+06 35.4714 101032 1.64653 4.52334e+06 1.89889e+06 ZonesAtSurface
4282.34 4323.47 292.411 1 3 2 7 1.18004e+06 38.4672 147808 1.33797 3.48348e+06 1.18004e+06 ZonesAtSurface
4332.37 4323.49 302.447 4 7 2 6 1.00341e+06 17.1252 97956.8 2.60646 1.04082e+06 1.00341e+06 ZonesAtSurface
4382.42 4323.48 212.477 5 5 2 7 1.5433e+06 40.9092 46222.5 1.49601 5.27709e+06 1.5433e+06 ZonesAtSurface
4432.37 4323.47 72.5253 1 0 1 9 488484 36.7149 169691 1.07475 8.35542e+06 488484 ZonesAtSurface
4482.42 4323.51 82.5451 1 0 2 8 221075 37.4805 118108 1.24193 894399 221075 ZonesAtSurface
4532.31 4323.52 -7.43681 9 0 1 9 1.46523e+06 29.6538 46444.6 1.28786 1.16371e+07 1.46523e+06 ZonesAtSurface
4582.24 4323.56 2.62173 28 0 1 8 184812 31.8006 130537 1.71454 4.01927e+06 184812 ZonesAtSurface
4632.18 4323.64 12.6838 35 7 1 7 1.17909e+06 34.1698 96042.3 1.38248 3.61262e+06 1.17909e+06 ZonesAtSurface
4682.12 4323.67 22.7245 73 4 1 6 742085 28.6118 111447 1.35272 1.93271e+06 742085 ZonesAtSurface
4731.94 4323.69 32.7532 84 34 1 5 1.12209e+06 33.243 152280 1.17253 3.45109e+06 1.12209e+06 ZonesAtSurface
4781.91 4323.73 42.7973 53 62 1 4 1.77804e+06 33.3376 81786.5 2.21458 2.93095e+06 1.77804e+06 ZonesAtSurface
4831.65 4323.82 52.8378 117 2 1 3 235981 15.4547 98573.8 1.26363 662592 235981 ZonesAtSurface
4881.56 4323.85 62.8478 49 96 1 2 1.69834e+06 23.9923 151132 1.45856 3.56392e+06 1.69834e+06 ZonesAtSurface
4931.64 4323.86 72.8083 99 101 1 1 197075 43.8656 43843.2 1.32406 593067 197075 ZonesAtSurface
81.7201 4373.95 -48.5811 112 0 1 3 1.06491e+06 19.4775 101570 1.27688 6.44444e+06 1.06491e+06 ZonesAtSurface
131.502 4373.97 -23.3036 125 75 1 3 824911 21.4444 91637.1 1.22754 2.10103e+06 824911 ZonesAtSurface
181.288 4373.83 -48.4187 124 0 1 4 1.83603e+06 18.6549 58151.6 1.01915 6.60048e+06 1.83603e+06 ZonesAtSurface
231.077 4373.81 -23.3746 107 93 1 4 1.46623e+06 42.9339 126073 1.59056 5.27763e+06 1.46623e+06 ZonesAtSurface
280.966 4373.72 -48.4974 105 0 1 5 839661 39.8019 109976 1.05482 5.85226e+06 839661 ZonesAtSurface
330.813 4373.74 -23.4586 113 49 1 5 1.33242e+06 21.9434 114568 1.57587 2.71029e+06 1.33242e+06 ZonesAtSurface
380.742 4373.67 -48.5746 88 0 1 6 753500 35.5689 53223.3 1.06362 5.98655e+06 753500 ZonesAtSurface
430.608 4373.68 -23.5779 76 43 1 6 1.46375e+06 25.8414 37183.9 1.49326 3.6601e+06 1.46375e+06 ZonesAtSurface
480.571 4373.61 -48.7008 53 0 1 7 763013 18.317 128108 1.08601 4.04531e+06 763013 ZonesAtSurface
530.471 4373.59 -23.7422 40 0 1 7 543430 22.5948 29530.6 1.29382 2.48989e+06 543430 ZonesAtSurface
580.509 4373.53 -48.8352 27 0 1 8 646310 39.6761 27721.2 1.0445 1.11757e+07 646310 ZonesAtSurface
630.326 4373.5 26.105 9 1 2 7 1.04341e+06 30.158 154769 1.10488 3.13455e+06 1.04341e+06 ZonesAtSurface
680.353 4373.47 51.0834 2 0 2 7 182310 44.5446 102154 1.16962 1.52746e+06 182310 ZonesAtSurface
730.38 4373.46 76.0592 6 0 1 7 1.49898e+06 31.6792 90032.3 1.02486 5.42035e+06 1.49898e+06 ZonesAtSurface
780.408 4373.44 101.031 1 0 1 7 1.62011e+06 18.801 126565 1.006 5.13419e+06 1.62011e+06 ZonesAtSurface
830.439 4373.43 126.001 5 0 1 7 1.51609e+06 26.1547 114521 1.0124 6.71906e+06 1.51609e+06 ZonesAtSurface
880.471 4373.41 200.965 5 0 1 6 1.03136e+06 16.8837 114912 1.02342 3.35909e+06 1.03136e+06 ZonesAtSurface
930.513 4373.4 225.933 4 0 2 6 1.26733e+06 17.6362 61667.1 1.01061 3.76024e+06 1.26733e+06 ZonesAtSurface
980.573 4373.39 300.902 0 3 2 5 1.19878e+06 24.6248 162086 1.29153 2.72812e+06 1.19878e+06 ZonesAtSurface
1030.62 4373.38 325.874 0 8 2 5 1.41815e+06 35.5795 102068 1.29722 4.04572e+06 1.41815e+06 ZonesAtSurface
1080.67 4373.38 350.846 0 0 2 5 1.69025e+06 41.2346 167757 1.56741 4.35771e+06 1.69025e+06 ZonesAtSurface
1130.75 4373.39 425.814 1 5 2 4 471424 15.5562 122237 1.56198 758698 471424 ZonesAtSurface
1180.8 4373.4 450.788 0 5 2 4 1.8714e+06 30.0841 176543 2.12278 2.90897e+06 1.8714e+06 ZonesAtSurface
1230.82 4373.39 425.767 0 1 2 5 1.84317e+06 34.411 136918 1.77923 3.73263e+06 1.84317e+06 ZonesAtSurface
1280.86 4373.4 450.743 0 3 2 5 1.47746e+06 16.8935 99187.6 1.35195 2.89341e+06 1.47746e+06 ZonesAtSurface
1330.91 4373.4 475.721 2 7 1 5 1.43888e+06 17.5421 101216 1.46782 2.61824e+06 1.43888e+06 ZonesAtSurface
1380.95 4373.41 500.697 0 9 2 5 1.71717e+06 34.6238 11406.5 2.25706 2.89875e+06 1.71717e+06 ZonesAtSurface
1431 4373.41 525.674 3 10 2 5 1.42845e+06 25.2991 185325 1.56274 2.79523e+06 1.42845e+06 ZonesAtSurface
1481.04 4373.38 450.674 0 0 1 7 1.5112e+06 23.4543 106282 1.00684 4.89663e+06 1.5112e+06 ZonesAtSurface
1531.1 4373.4 525.648 9 0 2 6 835640 35.5886 97090 1.10348 3.57466e+06 835640 ZonesAtSurface
1581.16 4373.43 600.62 0 2 2 5 1.33429e+06 42.7145 26195.2 2.12382 3.06669e+06 1.33429e+06 ZonesAtSurface
1631.21 4373.42 575.631 8 8 1 6 1.57693e+06 19.9381 87707.5 1.06943 4.17913e+06 1.57693e+06 ZonesAtSurface
1681.29 4373.38 500.666 0 4 1 8 1.62505e+06 30.1086 74719.1 1.06808 5.17424e+06 1.62505e+06 ZonesAtSurface
1731.36 4373.38 425.702 2 0 1 10 1.67918e+06 20.8912 41068 1.02014 5.16475e+06 1.67918e+06 ZonesAtSurface
1781.43 4373.37 350.733 3 0 1 12 958115 15.3315 134857 1.0804 4.75674e+06 958115 ZonesAtSurface
1831.49 4373.39 375.746 2 0 1 12 285104 25.4888 76832.4 1.02702 3.82814e+06 285104 ZonesAtSurface
1881.56 4373.39 350.772 5 0 1 13 627711 34.4947 49845.2 1.06992 5.05163e+06 627711 ZonesAtSurface
1931.62 4373.4 375.805 10 7 1 13 1.59585e+06 35.0576 23967.1 1.13731 5.40798e+06 1.59585e+06 ZonesAtSurface
1981.68 4373.39 300.822 3 0 1 15 1.50423e+06 31.2229 11772.3 1.27409 8.05963e+06 1.50423e+06 ZonesAtSurface
2031.73 4373.39 263.341 2 0 1 15 788089 23.026 91632.7 1.02609 6.24444e+06 788089 ZonesAtSurface
2081.78 4373.4 263.366 5 0 1 13 559189 34.629 12382.1 1.3331 7.25972e+06 559189 ZonesAtSurface
2131.81 4373.4 213.395 0 0 1 12 738950 35.0921 53822.8 1.94427 7.35217e+06 738950 ZonesAtSurface
2181.82 4373.4 163.423 0 0 1 11 1.31338e+06 23.6939 99676 2.42087 5.295e+06 1.31338e+06 ZonesAtSurface
2231.82 4373.39 163.451 0 0 0 0 654338 32.6639 61860 3.65988 4.32712e+06 654338 ZonesAtSurface
2281.83 4373.4 163.469 0 0 0 0 333150 35.8053 84895.3 4.76461 4.98505e+06 333150 ZonesAtSurface
2331.81 4373.4 113.482 0 0 0 0 1.41649e+06 23.7216 122422 3.52205 5.20798e+06 1.41649e+06 ZonesAtSurface
2381.78 4373.4 113.494 0 0 0 0 1.11898e+06 33.42 70936.3 5.29854 6.23409e+06 1.11898e+06 ZonesAtSurface
2431.72 4373.38 63.4958 3 0 0 0 1.43897e+06 29.1401 103233 2.9931 9.42061e+06 1.43897e+06 ZonesAtSurface
2481.65 4373.36 -36.5309 0 0 0 0 105015 44.4254 83049.9 5.76353 9.77562e+06 105015 ZonesAtSurface
2531.59 4373.3 -16.5482 0 0 0 0 1.52045e+06 38.4184 28551.2 3.11314 1.19278e+07 1.52045e+06 ZonesAtSurface
2581.55 4373.27 -26.5608 0 0 0 0 1.54869e+06 27.5834 104577 1.9581 1.08456e+07 1.54869e+06 ZonesAtSurface
2631.48 4373.1 63.4157 0 0 0 0 1.63739e+06 41.4729 166403 2.80159 1.41693e+07 1.63739e+06 ZonesAtSurface
2681.45 4373.14 53.4169 0 0 0 0 958050 30.1846 27752 1.79609 1.21937e+07 958050 ZonesAtSurface
2731.41 4373.08 93.406 0 0 0 0 1.04107e+06 33.723 89622.4 2.09652 1.33297e+07 1.04107e+06 ZonesAtSurface
2781.39 4373.22 33.4185 0 0 0 0 1.12367e+06 37.474 105233 3.27445 1.03271e+07 1.12367e+06 ZonesAtSurface
2831.34 4373.11 123.409 10 0 0 0 1.05024e+06 28.3439 86036.4 1.54669 1.1718e+07 1.05024e+06 ZonesAtSurface
2881.33 4373.25 63.4185 0 0 0 0 262020 32.0993 11649 2.18283 9.41893e+06 262020 ZonesAtSurface
2931.29 4373.18 153.404 0 0 0 0 1.138e+06 39.5352 70618.4 2.26228 1.18931e+07 1.138e+06 ZonesAtSurface
2981.27 4373.12 243.393 9 0 0 0 1.07373e+06 40.8352 150262 1.87884 1.34352e+07 1.07373e+06 ZonesAtSurface
3031.26 4373.15 283.392 10 0 0 0 267670 44.5381 180918 1.71171 1.25151e+07 267670 ZonesAtSurface
3081.24 4373.24 273.393 8 0 0 0 1.39881e+06 26.6025 186611 1.02603 1.03756e+07 1.39881e+06 ZonesAtSurface
3131.25 4373.28 313.389 8 0 0 0 1.447e+06 15.7158 133206 1.00824 7.00937e+06 1.447e+06 ZonesAtSurface
3181.23 4373.39 253.387 0 0 0 0 899606 32.1973 168914 1.72471 7.51287e+06 899606 ZonesAtSurface
3231.25 4373.42 293.38 10 0 0 0 602298 44.2231 39225.8 1.36116 8.56629e+06 602298 ZonesAtSurface
3281.24 4373.49 233.387 3 0 1 9 891369 15.0804 75846.6 1.63807 3.27897e+06 891369 ZonesAtSurface
3331.25 4373.52 273.394 0 0 1 9 1.80128e+06 35.8012 96397.7 3.30626 3.18521e+06 1.80128e+06 ZonesAtSurface
3381.27 4373.53 263.378 0 0 1 10 535073 32.3522 65964.2 1.99374 3.9026e+06 535073 ZonesAtSurface
3431.29 4373.53 253.359 0 0 1 11 1.66435e+06 35.1357 157755 2.70297 4.6549e+06 1.66435e+06 ZonesAtSurface
3481.31 4373.54 293.344 3 0 1 11 1.7818e+06 29.8181 182486 1.47285 6.05804e+06 1.7818e+06 ZonesAtSurface
3531.3 4373.54 383.291 9 0 2 10 418833 34.1046 125202 0.998647 1.30421e+06 418833 ZonesAtSurface
3581.39 4373.53 323.294 1 0 1 12 1.85168e+06 26.8088 114098 1.01225 6.34279e+06 1.85168e+06 ZonesAtSurface
3631.44 4373.51 363.264 7 0 1 12 1.25984e+06 21.9476 80347.7 1.05355 5.56774e+06 1.25984e+06 ZonesAtSurface
3681.47 4373.48 453.205 2 7 2 11 1.45519e+06 22.1641 97299.9 1.34113 3.25353e+06 1.45519e+06 ZonesAtSurface
3731.56 4373.48 443.209 4 0 1 12 592459 31.4269 20793 1.07215 2.8647e+06 592459 ZonesAtSurface
3781.64 4373.45 493.155 0 0 1 11 827686 22.2959 168544 1.01949 2.30344e+06 827686 ZonesAtSurface
3831.75 4373.45 453.173 0 0 2 11 440191 36.8508 173149 1.00868 2.50129e+06 440191 ZonesAtSurface
3881.83 4373.46 563.1 0 10 1 8 1.69259e+06 19.1355 122835 1.36739 3.46338e+06 1.69259e+06 ZonesAtSurface
3931.91 4373.47 573.093 0 5 2 7 1.69347e+06 44.6082 73160.2 2.6508 3.05428e+06 1.69347e+06 ZonesAtSurface
3981.99 4373.46 533.142 0 1 1 7 1.64683e+06 36.0358 129612 1.44656 4.32464e+06 1.64683e+06 ZonesAtSurface
4032.04 4373.47 543.173 1 2 1 6 1.22416e+06 27.1254 112161 1.24907 3.49289e+06 1.22416e+06 ZonesAtSurface
4082.12 4373.45 453.244 0 0 1 7 1.40556e+06 29.8041 11257.6 1.10481 5.0954e+06 1.40556e+06 ZonesAtSurface
4132.18 4373.45 413.289 3 0 1 7 1.03385e+06 38.1439 135705 1.12747 4.53635e+06 1.03385e+06 ZonesAtSurface
4182.21 4373.48 423.323 2 9 2 6 1.59442e+06 30.2266 177632 2.41307 3.07369e+06 1.59442e+06 ZonesAtSurface
4232.27 4373.47 333.37 6 0 1 7 862076 20.3858 112116 1.41619 2.13991e+06 862076 ZonesAtSurface
4282.32 4373.44 243.419 1 0 1 8 345039 15.3189 52757.7 1.03026 1.76932e+06 345039 ZonesAtSurface
4332.36 4373.45 203.455 6 0 1 8 1.10659e+06 18.6638 140032 1.00468 4.33749e+06 1.10659e+06 ZonesAtSurface
4382.41 4373.48 213.474 6 0 2 7 1.21085e+06 17.8613 142504 1.07877 3.0663e+06 1.21085e+06 ZonesAtSurface
4432.37 4373.47 73.52 8 0 1 9 1.80825e+06 17.3419 12855 1.01116 7.57417e+06 1.80825e+06 ZonesAtSurface
4482.41 4373.51 83.5467 4 4 2 8 1.23367e+06 41.5442 167675 1.22222 4.64067e+06 1.23367e+06 ZonesAtSurface
4532.3 4373.51 -6.44273 7 0 1 9 207412 35.9569 183857 1.16677 1.07541e+07 207412 ZonesAtSurface
4582.26 4373.55 3.60231 26 0 1 8 1.54446e+06 28.5714 131691 1.50667 6.28086e+06 1.54446e+06 ZonesAtSurface
4632.15 4373.62 13.6902 52 0 1 7 117272 19.691 83002.4 0.843423 921170 117272 ZonesAtSurface
4682.07 4373.68 23.7392 59 21 1 6 1.83871e+06 30.5404 179945 2.02644 3.23132e+06 1.83871e+06 ZonesAtSurface
4731.96 4373.69 33.7518 76 20 1 5 499229 37.3607 10260 1.12533 1.98594e+06 499229 ZonesAtSurface
4781.87 4373.73 43.7883 67 50 1 4 566184 20.1435 53740.1 1.18291 1.35043e+06 566184 ZonesAtSurface
4831.7 4373.79 53.8169 125 4 1 3 279233 34.8779 63777.4 1.62162 1.26341e+06 279233 ZonesAtSurface
4881.61 4373.84 63.8399 103 94 1 2 1.31943e+06 25.7364 85921.4 1.19129 3.50138e+06 1.31943e+06 ZonesAtSurface
4931.62 4373.85 73.8139 77 94 1 1 933968 32.175 96365.8 1.44648 2.33317e+06 933968 ZonesAtSurface
81.7255 4423.93 -47.5774 117 0 1 3 1.87768e+06 27.4564 152955 1.31117 9.11258e+06 1.87768e+06 ZonesAtSurface
131.495 4423.95 -22.2912 125 79 1 3 1.65632e+06 26.1322 146120 1.41111 3.96963e+06 1.65632e+06 ZonesAtSurface
181.259 4423.8 -47.4285 117 0 1 4 728195 18.9504 140695 1.02886 4.14961e+06 728195 ZonesAtSurface
231.035 4423.78 -22.3985 121 52 1 4 1.00407e+06 29.8432 157359 1.45102 2.7505e+06 1.00407e+06 ZonesAtSurface
280.953 4423.71 -47.4944 100 0 1 5 1.87353e+06 43.279 47392.6 1.03442 1.09829e+07 1.87353e+06 ZonesAtSurface
330.805 4423.72 -22.4553 103 12 1 5 1.20578e+06 26.9963 115677 1.3891 3.64712e+06 1.20578e+06 ZonesAtSurface
380.719 4423.67 -47.5462 90 0 1 6 788009 38.1327 137749 1.07503 8.45219e+06 788009 ZonesAtSurface
430.591 4423.66 -22.5426 85 0 1 6 194738 18.3649 113524 1.27261 1.32863e+06 194738 ZonesAtSurface
480.539 4423.59 -47.6891 78 0 1 7 379417 28.1907 57552.5 1.13268 4.65515e+06 379417 ZonesAtSurface
530.45 4423.56 -22.7404 58 0 1 7 851507 23.4629 154852 1.79219 2.23636e+06 851507 ZonesAtSurface
580.491 4423.52 -47.8392 30 0 1 8 564870 27.5745 50946.1 1.03934 6.76249e+06 564870 ZonesAtSurface
630.437 4423.49 -22.8735 3 0 1 8 1.68032e+06 29.7803 19893.3 1.022 8.58831e+06 1.68032e+06 ZonesAtSurface
680.346 4423.48 52.0774 6 2 2 7 1.33885e+06 29.7591 60214.6 1.05928 4.39511e+06 1.33885e+06 ZonesAtSurface
730.372 4423.46 77.0551 10 0 1 7 323279 29.0223 148880 1.00847 2.69891e+06 323279 ZonesAtSurface
780.403 4423.44 102.025 0 0 1 7 1.7143e+06 23.1946 15718.5 1.02247 6.04085e+06 1.7143e+06 ZonesAtSurface
830.434 4423.42 126.995 2 0 1 7 1.25285e+06 35.4112 27379.4 1.0368 7.10879e+06 1.25285e+06 ZonesAtSurface
880.469 4423.41 151.965 0 0 1 7 1.04875e+06 16.1696 92425.9 0.999604 4.24446e+06 1.04875e+06 ZonesAtSurface
930.51 4423.39 226.927 1 0 1 6 598864 19.5648 129416 0.99957 2.78775e+06 598864 ZonesAtSurface
980.57 4423.39 301.894 9 0 2 5 940439 21.4712 173841 1.02113 2.52776e+06 940439 ZonesAtSurface
1030.62 4423.38 326.865 0 4 1 5 1.55233e+06 37.1246 48144.8 1.31435 4.67576e+06 1.55233e+06 ZonesAtSurface
1080.66 4423.38 351.836 9 0 2 5 878678 21.5619 123437 1.0087 2.96871e+06 878678 ZonesAtSurface
1130.74 4423.39 426.805 0 10 2 4 1.56117e+06 18.0892 45664.6 1.6324 2.62629e+06 1.56117e+06 ZonesAtSurface
1180.76 4423.39 401.784 0 0 2 5 910549 41.5627 116044 1.04498 3.85173e+06 910549 ZonesAtSurface
1230.81 4423.4 426.761 8 5 1 5 1.28917e+06 19.3966 113271 1.07164 3.29781e+06 1.28917e+06 ZonesAtSurface
1280.86 4423.4 451.737 0 4 2 5 1.31225e+06 31.2958 145366 1.30418 3.36324e+06 1.31225e+06 ZonesAtSurface
1330.9 4423.41 476.714 0 5 2 5 1.31804e+06 33.1522 145696 1.39658 3.29298e+06 1.31804e+06 ZonesAtSurface
1380.95 4423.41 501.69 1 5 2 5 620760 38.4322 133887 1.69776 1.2909e+06 620760 ZonesAtSurface
1431 4423.41 526.668 0 6 1 5 1.18979e+06 27.1597 112905 1.50693 2.51032e+06 1.18979e+06 ZonesAtSurface
1481.04 4423.39 501.656 0 3 2 6 1.53012e+06 33.8206 66417.9 1.34029 4.2302e+06 1.53012e+06 ZonesAtSurface
1531.09 4423.4 526.64 4 7 2 6 1.50743e+06 30.06 77278.2 1.24198 4.19109e+06 1.50743e+06 ZonesAtSurface
1581.15 4423.41 551.628 6 0 1 6 346858 19.0352 54472 1.18368 1.22884e+06 346858 ZonesAtSurface
1631.21 4423.41 576.624 9 0 2 6 723801 15.8181 95552.9 1.19366 1.84788e+06 723801 ZonesAtSurface
1681.28 4423.39 551.644 0 4 1 7 1.5165e+06 25.407 130504 1.27909 3.62202e+06 1.5165e+06 ZonesAtSurface
1731.35 4423.37 476.675 5 0 1 9 1.02418e+06 39.7655 65411.2 1.07052 3.99176e+06 1.02418e+06 ZonesAtSurface
1781.43 4423.38 401.72 8 0 1 11 366353 41.3843 169596 1.23737 3.93085e+06 366353 ZonesAtSurface
1831.48 4423.4 426.743 0 9 2 11 1.80868e+06 44.0854 73589.4 1.92769 4.39431e+06 1.80868e+06 ZonesAtSurface
1881.56 4423.39 351.765 12 0 1 13 1.22268e+06 30.4088 88257.6 1.03259 7.07738e+06 1.22268e+06 ZonesAtSurface
1931.62 4423.41 376.796 6 0 2 13 538071 28.9505 144050 1.40169 2.04588e+06 538071 ZonesAtSurface
1981.69 4423.4 351.819 0 1 2 14 1.18568e+06 30.943 27731 1.151 3.68693e+06 1.18568e+06 ZonesAtSurface
2031.74 4423.4 314.337 2 0 1 14 619645 18.5464 126875 1.09894 2.63557e+06 619645 ZonesAtSurface
2081.78 4423.4 264.361 3 0 1 13 1.42512e+06 37.4264 41092.4 1.41744 7.40142e+06 1.42512e+06 ZonesAtSurface
2131.81 4423.4 214.39 0 0 1 12 214112 38.4035 58201 1.49298 7.69161e+06 214112 ZonesAtSurface
2181.82 4423.4 164.42 0 0 1 11 454864 29.0765 28591.6 2.54108 5.23703e+06 454864 ZonesAtSurface
2231.82 4423.39 114.44 0 0 0 0 1.81515e+06 21.5986 135660 3.19457 4.58514e+06 1.81515e+06 ZonesAtSurface
2281.84 4423.39 164.468 6 0 0 0 1.52639e+06 15.5028 71458.7 1.70659 4.87271e+06 1.52639e+06 ZonesAtSurface
2331.82 4423.4 114.483 0 0 0 0 1.19522e+06 32.1831 80998.8 4.23499 5.50794e+06 1.19522e+06 ZonesAtSurface
2381.77 4423.39 64.4901 0 0 0 0 618375 26.2327 105803 2.78353 6.58556e+06 618375 ZonesAtSurface
2431.74 4423.37 64.4969 0 0 0 0 999808 33.4678 148411 3.16306 9.25531e+06 999808 ZonesAtSurface
2481.64 4423.38 -85.5423 0 0 0 0 1.08225e+06 20.2376 97705.9 1.8934 8.68216e+06 1.08225e+06 ZonesAtSurface
2531.6 4423.33 -65.5585 0 0 0 0 1.45923e+06 32.5347 70661.6 3.06164 1.03076e+07 1.45923e+06 ZonesAtSurface
2581.55 4423.26 -25.5652 0 0 0 0 1.58203e+06 38.7075 121588 3.45925 1.14409e+07 1.58203e+06 ZonesAtSurface
2631.51 4423.26 -35.5744 0 0 0 0 287289 22.9156 137204 1.48594 9.66312e+06 287289 ZonesAtSurface
2681.45 4423.12 54.4163 0 0 0 0 372430 33.6177 185760 1.69547 1.32568e+07 372430 ZonesAtSurface
2731.4 4423.06 94.4063 0 0 0 0 529344 38.1751 69294.7 2.14212 1.40625e+07 529344 ZonesAtSurface
2781.39 4423.21 34.4147 0 0 0 0 355095 32.0236 171117 1.81075 1.12294e+07 355095 ZonesAtSurface
2831.34 4423.1 124.404 0 0 0 0 1.08253e+06 39.6059 104066 1.88883 1.4465e+07 1.08253e+06 ZonesAtSurface
2881.32 4423.17 114.406 0 0 0 0 733273 30.913 119811 1.19665 1.30783e+07 733273 ZonesAtSurface
2931.28 4423.09 204.392 0 0 0 0 1.42767e+06 44.6945 35483.9 1.69195 1.58609e+07 1.42767e+06 ZonesAtSurface
2981.26 4423.19 194.393 0 0 0 0 1.5456e+06 37.6524 138350 1.62356 1.33544e+07 1.5456e+06 ZonesAtSurface
3031.25 4423.21 234.39 0 0 0 0 250237 39.7853 188982 1.23117 1.27553e+07 250237 ZonesAtSurface
3081.24 4423.24 274.389 5 0 0 0 1.54293e+06 34.4933 78520 1.16372 1.20722e+07 1.54293e+06 ZonesAtSurface
3131.23 4423.33 264.388 0 0 0 0 614520 43.8198 47353.9 2.0268 9.75217e+06 614520 ZonesAtSurface
3181.24 4423.36 304.383 0 0 0 0 872083 42.6606 34377.4 1.38614 9.89043e+06 872083 ZonesAtSurface
3231.23 4423.46 244.381 0 0 0 0 775247 37.0216 156018 2.4497 6.86219e+06 775247 ZonesAtSurface
3281.23 4423.5 234.386 0 0 1 9 1.0731e+06 21.4921 141925 2.87907 3.29532e+06 1.0731e+06 ZonesAtSurface
3331.24 4423.53 274.393 0 0 1 9 1.5171e+06 25.3662 37941.4 1.88835 2.99528e+06 1.5171e+06 ZonesAtSurface
3381.26 4423.54 264.374 0 0 1 10 726273 30.8972 166432 1.48958 3.59165e+06 726273 ZonesAtSurface
3431.28 4423.54 254.353 0 0 1 11 1.80482e+06 24.0469 54048.8 1.55196 5.09711e+06 1.80482e+06 ZonesAtSurface
3481.3 4423.55 294.337 5 0 1 11 1.58579e+06 18.0462 39290.1 1.06001 5.0475e+06 1.58579e+06 ZonesAtSurface
3531.32 4423.55 334.309 8 0 1 11 664636 34.9429 133715 1.04496 4.68203e+06 664636 ZonesAtSurface
3581.36 4423.55 424.241 9 2 1 10 555446 26.6586 28053.1 1.01636 1.91183e+06 555446 ZonesAtSurface
3631.42 4423.53 414.222 2 0 1 11 1.41647e+06 20.5675 77111.4 1.18636 4.26378e+06 1.41647e+06 ZonesAtSurface
3681.49 4423.51 404.216 1 0 1 12 1.50295e+06 33.9142 71008.1 1.02114 6.1647e+06 1.50295e+06 ZonesAtSurface
3731.55 4423.49 444.195 4 0 1 12 1.46124e+06 33.9173 25186.3 1.04376 6.39349e+06 1.46124e+06 ZonesAtSurface
3781.64 4423.44 544.101 0 1 1 10 1.88079e+06 41.2873 117555 1.55301 5.11648e+06 1.88079e+06 ZonesAtSurface
3831.72 4423.44 504.137 7 0 1 10 402970 18.8724 93605.8 1.61739 821645 402970 ZonesAtSurface
3881.8 4423.45 514.148 5 0 1 9 913133 41.9374 114250 1.01452 3.78678e+06 913133 ZonesAtSurface
3931.9 4423.47 574.085 0 9 2 7 1.43717e+06 23.2684 25232.6 1.27134 3.44466e+06 1.43717e+06 ZonesAtSurface
3981.98 4423.47 534.136 6 0 2 7 432479 30.5046 181861 1.10441 2.64236e+06 432479 ZonesAtSurface
4031.99 4423.48 594.15 10 9 2 5 743663 24.4368 76508.6 2.47145 928754 743663 ZonesAtSurface
4082.06 4423.47 554.205 2 4 2 5 1.14196e+06 35.5338 183328 3.71281 1.26729e+06 1.14196e+06 ZonesAtSurface
4132.12 4423.47 514.259 5 3 2 5 894810 27.3247 139093 2.29744 1.27506e+06 894810 ZonesAtSurface
4182.21 4423.44 324.34 0 0 1 8 1.73947e+06 26.5504 151197 1.23011 6.07043e+06 1.73947e+06 ZonesAtSurface
4232.26 4423.43 284.376 10 0 1 8 622058 28.8144 99904.7 1.12478 5.15265e+06 622058 ZonesAtSurface
4282.31 4423.44 244.414 1 0 1 8 458432 27.718 95597 1.0181 2.72047e+06 458432 ZonesAtSurface
4332.35 4423.44 204.449 0 0 1 8 1.7118e+06 16.7987 33939.5 0.990157 5.11211e+06 1.7118e+06 ZonesAtSurface
4382.38 4423.45 164.477 6 0 1 8 724063 42.0943 66648.3 1.00842 5.99108e+06 724063 ZonesAtSurface
4432.36 4423.46 74.5137 7 0 1 9 1.09031e+06 26.0959 161133 1.0242 7.82236e+06 1.09031e+06 ZonesAtSurface
4482.34 4423.48 34.5381 7 0 1 9 840753 36.4619 15236 1.13201 9.99579e+06 840753 ZonesAtSurface
4532.3 4423.51 -5.44944 16 0 1 9 115518 20.4767 167681 1.04891 8.09352e+06 115518 ZonesAtSurface
4582.25 4423.55 4.59738 28 0 1 8 1.61872e+06 20.6699 146228 1.60434 4.94678e+06 1.61872e+06 ZonesAtSurface
4632.12 4423.59 14.6876 46 0 1 7 538383 16.5777 81846.7 0 1.15699e+06 538383 ZonesAtSurface
4682.02 4423.66 24.7313 52 14 1 6 1.05713e+06 36.6585 59667.1 1.66763 2.57632e+06 1.05713e+06 ZonesAtSurface
4731.93 4423.67 34.7471 90 1 1 5 260817 27.2286 125378 1.10817 886337 260817 ZonesAtSurface
4781.84 4423.72 44.7751 42 60 1 4 1.69907e+06 42.5028 171327 2.11712 3.42961e+06 1.69907e+06 ZonesAtSurface
4831.79 4423.76 54.8174 95 80 1 3 1.54832e+06 16.2745 21404.1 1.52764 2.77059e+06 1.54832e+06 ZonesAtSurface
4881.64 4423.83 64.8163 130 72 1 2 794836 40.9106 181765 1.3285 2.47025e+06 794836 ZonesAtSurface
4931.63 4423.84 74.8102 83 95 1 1 515901 38.6822 105552 1.07867 1.77667e+06 515901 ZonesAtSurface
81.7391 4473.92 -46.572 121 0 1 3 1.03332e+06 43.8633 112358 1.3408 1.22979e+07 1.03332e+06 ZonesAtSurface
131.493 4473.94 -21.2947 135 0 1 3 242355 23.202 103933 1.08798 1.10401e+06 242355 ZonesAtSurface
181.26 4473.76 -46.4301 113 0 1 4 1.83081e+06 31.8026 84662.6 1.05761 7.08155e+06 1.83081e+06 ZonesAtSurface
231.022 4473.75 -21.3935 121 3 1 4 480432 21.028 31554.3 1.41581 1.67475e+06 480432 ZonesAtSurface
280.934 4473.7 -46.5099 94 0 1 5 1.38636e+06 44.934 85644.2 1.05562 8.10471e+06 1.38636e+06 ZonesAtSurface
330.794 4473.71 -21.4723 100 13 1 5 971939 24.8572 153350 1.43453 2.79351e+06 971939 ZonesAtSurface
380.721 4473.65 -46.5361 97 0 1 6 972321 16.7747 141371 1.01925 5.10947e+06 972321 ZonesAtSurface
430.607 4473.64 -21.5321 68 64 1 6 1.53147e+06 42.8307 68906.1 1.66589 5.16529e+06 1.53147e+06 ZonesAtSurface
480.542 4473.57 -46.6807 77 0 1 7 687978 34.7535 45328.3 1.07246 5.08818e+06 687978 ZonesAtSurface
530.444 4473.54 -21.7379 56 0 1 7 1.05635e+06 16.3707 68602.9 1.52767 2.05974e+06 1.05635e+06 ZonesAtSurface
580.483 4473.5 -46.8478 25 0 1 8 1.50467e+06 24.3934 93867 1.01652 7.25602e+06 1.50467e+06 ZonesAtSurface
630.434 4473.49 -21.8779 15 0 1 8 1.56213e+06 27.3918 137901 1.0206 9.18123e+06 1.56213e+06 ZonesAtSurface
680.417 4473.47 3.09327 2 0 1 8 525906 19.3269 137459 0.997788 4.1227e+06 525906 ZonesAtSurface
730.37 4473.46 78.0504 3 0 2 7 170042 26.339 85354.5 0.940159 1.16713e+06 170042 ZonesAtSurface
780.39 4473.44 153.015 9 6 1 6 923950 36.8797 57634 2.16023 1.86206e+06 923950 ZonesAtSurface
830.433 4473.42 127.989 4 0 1 7 1.45303e+06 34.8468 154178 1.03249 7.19828e+06 1.45303e+06 ZonesAtSurface
880.464 4473.4 202.951 0 0 2 6 1.12451e+06 31.7942 31448.4 1.02058 4.77031e+06 1.12451e+06 ZonesAtSurface
930.505 4473.39 227.922 0 0 2 6 1.04238e+06 31.3474 126098 1.00801 3.66458e+06 1.04238e+06 ZonesAtSurface
980.593 4473.39 352.882 0 4 1 4 695832 42.0475 102691 1.42573 1.95713e+06 695832 ZonesAtSurface
1030.61 4473.39 327.858 0 1 2 5 1.24866e+06 34.7198 74389 1.04693 4.37422e+06 1.24866e+06 ZonesAtSurface
1080.69 4473.39 402.824 0 6 2 4 1.63567e+06 31.2484 100416 2.17493 2.58522e+06 1.63567e+06 ZonesAtSurface
1130.71 4473.38 377.802 0 0 2 5 237053 25.7716 37364.9 1.00064 1.5769e+06 237053 ZonesAtSurface
1180.76 4473.39 402.778 0 0 2 5 1.50639e+06 34.0092 50004.2 1.2337 4.54458e+06 1.50639e+06 ZonesAtSurface
1230.8 4473.4 427.756 0 10 2 5 1.78702e+06 29.943 71479.3 1.62858 3.71444e+06 1.78702e+06 ZonesAtSurface
1280.85 4473.41 452.732 5 7 2 5 966122 27.5089 88698.6 1.33089 2.30211e+06 966122 ZonesAtSurface
1330.92 4473.43 527.705 0 9 2 4 1.74277e+06 36.006 153930 4.20717 1.61222e+06 1.74277e+06 ZonesAtSurface
1380.93 4473.39 452.694 4 4 1 6 1.17188e+06 39.6375 182375 1.02223 4.33665e+06 1.17188e+06 ZonesAtSurface
1430.98 4473.39 477.672 5 0 1 6 514959 44.8674 135695 1.06214 3.60843e+06 514959 ZonesAtSurface
1481.05 4473.41 552.647 6 0 2 5 571713 30.343 125458 1.09495 2.06019e+06 571713 ZonesAtSurface
1531.08 4473.38 477.645 2 0 1 7 1.0416e+06 35.6522 107613 1.01612 3.75849e+06 1.0416e+06 ZonesAtSurface
1581.15 4473.4 552.622 0 4 2 6 540186 28.5551 148827 1.28739 1.23882e+06 540186 ZonesAtSurface
1631.21 4473.4 577.616 0 1 1 6 1.34385e+06 33.896 124198 1.27966 3.79035e+06 1.34385e+06 ZonesAtSurface
1681.27 4473.39 552.632 7 1 2 7 646355 20.1659 83843.1 1.01612 1.78993e+06 646355 ZonesAtSurface
1731.33 4473.38 527.657 10 8 1 8 1.11229e+06 31.5349 110954 1.59822 2.3982e+06 1.11229e+06 ZonesAtSurface
1781.42 4473.37 402.71 5 0 1 11 953220 33.356 165246 1.18305 5.84617e+06 953220 ZonesAtSurface
1831.49 4473.38 377.735 7 0 1 12 680704 17.1016 99678.7 1.06872 3.76935e+06 680704 ZonesAtSurface
1881.55 4473.4 402.76 2 0 2 12 464780 31.2267 119690 1.26744 1.52934e+06 464780 ZonesAtSurface
1931.61 4473.39 327.788 11 0 1 14 1.18803e+06 40.3804 125764 1.04515 7.9214e+06 1.18803e+06 ZonesAtSurface
1981.68 4473.43 402.808 10 1 2 13 185245 40.9069 94742.3 1.24968 1.01023e+06 185245 ZonesAtSurface
2031.73 4473.4 265.333 0 0 1 15 1.70511e+06 44.2738 186514 1.99887 8.90159e+06 1.70511e+06 ZonesAtSurface
2081.78 4473.41 265.357 4 0 1 13 381071 23.9125 109335 1.01847 4.73293e+06 381071 ZonesAtSurface
2131.81 4473.4 215.385 4 0 1 12 986858 26.0355 115675 1.10474 7.07256e+06 986858 ZonesAtSurface
2181.82 4473.4 165.415 0 0 1 11 301226 24.6892 50410.9 1.40675 5.68513e+06 301226 ZonesAtSurface
2231.83 4473.4 165.445 0 0 0 0 1.4521e+06 33.8944 141440 2.78121 5.01772e+06 1.4521e+06 ZonesAtSurface
2281.82 4473.4 115.462 0 0 0 0 1.75198e+06 34.9483 60713.2 4.00247 5.66579e+06 1.75198e+06 ZonesAtSurface
2331.82 4473.39 115.483 0 0 0 0 1.47328e+06 39.1897 171345 4.23945 6.23475e+06 1.47328e+06 ZonesAtSurface
2381.78 4473.39 65.4907 0 0 0 0 386354 44.7663 178506 5.66555 7.46624e+06 386354 ZonesAtSurface
2431.71 4473.38 15.4861 0 0 0 0 130433 41.4606 56410.4 4.58334 9.20006e+06 130433 ZonesAtSurface
2481.67 4473.34 15.4764 0 0 0 0 782775 37.5096 38069.3 3.0101 1.22944e+07 782775 ZonesAtSurface
2531.59 4473.28 -14.5562 0 0 0 0 1.64985e+06 27.1277 70692.9 1.47675 1.43245e+07 1.64985e+06 ZonesAtSurface
2581.54 4473.25 -24.5729 0 0 0 0 1.81779e+06 43.5564 126232 4.28906 1.23352e+07 1.81779e+06 ZonesAtSurface
2631.49 4473.17 15.4203 0 0 0 0 1.61297e+06 32.4033 64054.7 1.95815 1.33859e+07 1.61297e+06 ZonesAtSurface
2681.43 4472.98 105.398 10 0 0 0 1.89025e+06 35.4072 166431 1.88267 1.71133e+07 1.89025e+06 ZonesAtSurface
2731.43 4473.23 -4.59114 0 0 0 0 1.19077e+06 43.6728 61788.7 4.28608 1.17133e+07 1.19077e+06 ZonesAtSurface
2781.4 4473.28 -14.5879 0 0 0 0 1.62346e+06 35.7157 130756 3.83452 9.7004e+06 1.62346e+06 ZonesAtSurface
2831.36 4473.19 75.4009 0 0 0 0 1.88068e+06 38.8955 184920 2.24905 1.38722e+07 1.88068e+06 ZonesAtSurface
2881.33 4473.25 65.402 0 0 0 0 1.12747e+06 36.0343 144395 2.40449 1.143e+07 1.12747e+06 ZonesAtSurface
2931.29 4473.17 155.39 0 0 0 0 812008 44.0432 133548 1.97631 1.40065e+07 812008 ZonesAtSurface
2981.28 4473.33 95.4023 0 0 0 0 1.02486e+06 25.6961 110080 1.20387 1.12028e+07 1.02486e+06 ZonesAtSurface
3031.25 4473.21 235.383 0 0 0 0 1.17067e+06 44.3683 71613.7 1.53888 1.39708e+07 1.17067e+06 ZonesAtSurface
3081.23 4473.36 175.391 0 0 0 0 397741 35.7221 122784 1.54479 1.05402e+07 397741 ZonesAtSurface
3131.22 4473.38 215.386 0 0 0 0 1.8744e+06 28.2398 28622.1 1.57894 9.53738e+06 1.8744e+06 ZonesAtSurface
3181.22 4473.41 255.381 4 0 0 0 642008 32.5546 11965.5 1.15711 8.81368e+06 642008 ZonesAtSurface
3231.23 4473.47 245.377 2 0 0 0 1.01669e+06 21.515 50135.7 1.07408 6.31228e+06 1.01669e+06 ZonesAtSurface
3281.22 4473.52 235.381 0 0 1 9 223593 33.2379 44277.2 2.96094 3.44535e+06 223593 ZonesAtSurface
3331.23 4473.55 275.388 2 6 2 9 1.04269e+06 39.7333 68449.3 2.40718 2.39685e+06 1.04269e+06 ZonesAtSurface
3381.24 4473.56 265.37 9 0 1 10 1.10545e+06 19.6086 83210.6 1.28057 3.5944e+06 1.10545e+06 ZonesAtSurface
3431.27 4473.56 255.348 0 0 1 11 1.52327e+06 29.726 10070.9 1.68357 5.789e+06 1.52327e+06 ZonesAtSurface
3481.29 4473.57 295.332 10 0 1 11 1.43269e+06 16.6387 187262 1.0844 4.16784e+06 1.43269e+06 ZonesAtSurface
3531.32 4473.57 335.307 0 3 1 11 1.89521e+06 40.6947 48006 1.50946 6.38346e+06 1.89521e+06 ZonesAtSurface
3581.36 4473.56 375.27 5 0 1 11 959870 20.8753 163418 1.03451 3.41875e+06 959870 ZonesAtSurface
3631.42 4473.55 465.193 10 6 2 10 396860 35.0738 172092 2.15502 640934 396860 ZonesAtSurface
3681.47 4473.53 455.178 1 1 2 11 1.77161e+06 41.817 96116.7 1.18518 7.14051e+06 1.77161e+06 ZonesAtSurface
3731.54 4473.49 495.135 0 3 2 11 1.83193e+06 19.2762 105903 1.42829 3.65719e+06 1.83193e+06 ZonesAtSurface
3781.62 4473.45 595.056 10 10 2 9 679436 29.8207 118444 1.10769 2.02516e+06 679436 ZonesAtSurface
3831.71 4473.45 605.046 2 1 2 8 160064 25.6247 180979 1.37358 206308 160064 ZonesAtSurface
3881.78 4473.46 515.144 2 1 1 9 890644 28.5557 164491 1.00721 2.70677e+06 890644 ZonesAtSurface
3931.89 4473.46 525.122 4 0 1 8 186564 25.0813 64148.9 1.09342 1.51246e+06 186564 ZonesAtSurface
3981.98 4473.45 485.159 1 0 1 8 362421 41.4827 188609 1.10951 3.6555e+06 362421 ZonesAtSurface
4032.02 4473.48 545.161 8 6 1 6 1.08431e+06 33.8057 186751 1.19357 3.2024e+06 1.08431e+06 ZonesAtSurface
4082.09 4473.47 505.207 0 4 2 6 1.14169e+06 34.2196 50093.2 1.28613 3.40107e+06 1.14169e+06 ZonesAtSurface
4132.15 4473.47 465.256 0 3 2 6 1.20961e+06 35.3954 150804 1.32805 3.57691e+06 1.20961e+06 ZonesAtSurface
4182.21 4473.45 425.307 0 10 2 6 1.64705e+06 40.3132 143577 2.69992 3.61208e+06 1.64705e+06 ZonesAtSurface
4232.26 4473.44 385.355 0 8 1 6 1.77912e+06 25.1361 111295 2.15934 2.83599e+06 1.77912e+06 ZonesAtSurface
4282.3 4473.44 295.401 6 6 1 7 1.81291e+06 30.6914 57324.8 1.24495 5.5627e+06 1.81291e+06 ZonesAtSurface
4332.35 4473.44 205.442 3 0 1 8 564768 19.9823 114920 1.00976 3.41978e+06 564768 ZonesAtSurface
4382.38 4473.44 165.475 3 0 1 8 1.8837e+06 24.7021 109967 1.02223 5.959e+06 1.8837e+06 ZonesAtSurface
4432.35 4473.45 75.5085 3 0 1 9 1.36782e+06 43.6431 47388.4 1.73664 9.57537e+06 1.36782e+06 ZonesAtSurface
4482.41 4473.48 85.5359 1 0 2 8 191520 31.2083 162794 1.02612 514216 191520 ZonesAtSurface
4532.29 4473.5 -4.45408 0 0 1 9 264361 40.2167 31107.2 1.82103 1.20756e+07 264361 ZonesAtSurface
4582.23 4473.53 5.59423 28 0 1 8 574525 27.12 17195.1 1.72811 4.69468e+06 574525 ZonesAtSurface
4632.14 4473.57 15.6602 47 4 1 7 1.5067e+06 31.1667 19493.3 1.43022 4.37954e+06 1.5067e+06 ZonesAtSurface
4682.02 4473.64 25.7137 49 16 1 6 1.06179e+06 35.858 138519 1.64287 2.43489e+06 1.06179e+06 ZonesAtSurface
4731.91 4473.66 35.7504 86 22 1 5 753503 24.3285 136048 1.06945 2.0372e+06 753503 ZonesAtSurface
4781.81 4473.7 45.775 90 35 1 4 257959 26.1654 147657 0 714688 257959 ZonesAtSurface
4831.76 4473.73 55.8321 89 73 1 3 1.85921e+06 16.0585 119187 1.12888 4.37089e+06 1.85921e+06 ZonesAtSurface
4881.7 4473.8 65.8218 131 46 1 2 166241 32.7721 68247.1 1.18814 384102 166241 ZonesAtSurface
4931.67 4473.82 75.8027 77 106 1 1 1.34806e+06 34.0791 72583.4 1.81875 2.7185e+06 1.34806e+06 ZonesAtSurface
81.7333 4523.89 -45.557 127 0 1 3 819252 28.1114 118420 1.2538 7.20568e+06 819252 ZonesAtSurface
131.47 4523.91 -20.2941 135 41 1 3 858083 18.1458 17411.6 1.1651 2.17198e+06 858083 ZonesAtSurface
181.286 4523.73 -45.4075 120 0 1 4 930084 27.4822 187834 1.08755 5.50037e+06 930084 ZonesAtSurface
231.067 4523.72 -20.3489 118 22 1 4 804642 40.7439 187552 1.91629 2.50633e+06 804642 ZonesAtSurface
280.922 4523.67 -45.5166 116 0 1 5 706114 16.3355 37156.3 1.00736 4.02313e+06 706114 ZonesAtSurface
330.782 4523.69 -20.5051 100 55 1 5 816830 42.4841 46314.9 1.77188 2.96832e+06 816830 ZonesAtSurface
380.747 4523.64 -45.5361 81 0 1 6 374403 38.8786 86389.5 1.17289 8.04116e+06 374403 ZonesAtSurface
430.636 4523.64 -20.5473 94 47 1 6 1.82199e+06 29.4202 39729.8 1.53857 4.72601e+06 1.82199e+06 ZonesAtSurface
480.555 4523.56 -45.6964 66 0 1 7 1.02135e+06 32.7306 151976 1.03226 7.66634e+06 1.02135e+06 ZonesAtSurface
530.449 4523.53 -20.7442 43 0 1 7 279346 33.013 60472.9 1.19088 2.5187e+06 279346 ZonesAtSurface
580.487 4523.49 -45.8499 18 0 1 8 879419 24.0824 162450 1.03252 5.94252e+06 879419 ZonesAtSurface
630.439 4523.48 -20.882 16 0 1 8 112381 42.9947 47992.2 1.02047 9.77791e+06 112381 ZonesAtSurface
680.419 4523.46 4.09246 9 0 1 8 760024 37.3829 12069.6 1.01634 8.28825e+06 760024 ZonesAtSurface
730.37 4523.45 79.0459 8 0 1 7 125101 25.8528 62868.9 0.976234 2.85993e+06 125101 ZonesAtSurface
780.401 4523.43 104.013 6 0 1 7 730623 26.6509 61870.9 1.00704 4.63314e+06 730623 ZonesAtSurface
830.432 4523.41 128.983 4 0 1 7 403905 25.3135 122890 0.99989 4.22117e+06 403905 ZonesAtSurface
880.473 4523.4 253.945 0 9 2 5 1.53668e+06 33.6739 153140 2.2874 2.36181e+06 1.53668e+06 ZonesAtSurface
930.516 4523.4 278.915 0 6 2 5 1.53528e+06 18.4042 70910.5 1.46775 2.89161e+06 1.53528e+06 ZonesAtSurface
980.563 4523.39 303.884 2 0 2 5 514838 39.2891 126501 1.06944 1.74421e+06 514838 ZonesAtSurface
1030.67 4523.4 428.841 0 8 2 3 564047 40.1747 41804.8 1.70621 1.3921e+06 564047 ZonesAtSurface
1080.72 4523.4 453.812 0 5 1 3 1.1488e+06 35.0687 172579 1.87639 2.12116e+06 1.1488e+06 ZonesAtSurface
1130.73 4523.39 428.791 6 5 2 4 732826 44.1421 125120 1.16575 2.56696e+06 732826 ZonesAtSurface
1180.75 4523.39 403.773 0 2 1 5 1.40097e+06 22.6329 88180 1.08108 3.8023e+06 1.40097e+06 ZonesAtSurface
1230.78 4523.38 378.754 0 0 1 6 154724 33.4663 73242.3 1.02477 3.92076e+06 154724 ZonesAtSurface
1280.83 4523.38 403.731 9 0 1 6 238721 27.6985 141496 1.01219 3.1666e+06 238721 ZonesAtSurface
1330.89 4523.4 478.702 10 0 1 5 980927 40.2048 186714 1.04266 5.00691e+06 980927 ZonesAtSurface
1380.93 4523.38 453.689 4 0 1 6 143099 40.1137 169853 1.03389 2.65844e+06 143099 ZonesAtSurface
1431 4523.4 528.657 9 7 1 5 1.16036e+06 23.9371 97479.5 1.29112 2.6921e+06 1.16036e+06 ZonesAtSurface
1481.03 4523.4 503.646 3 6 2 6 1.2792e+06 27.681 19032.3 1.23473 3.49014e+06 1.2792e+06 ZonesAtSurface
1531.09 4523.43 578.627 10 9 1 5 746147 29.1625 175539 1.59987 1.42605e+06 746147 ZonesAtSurface
1581.14 4523.37 503.629 6 0 2 7 273540 26.5896 135532 1.02082 2.1838e+06 273540 ZonesAtSurface
1631.2 4523.41 578.607 0 4 1 6 1.36903e+06 41.9044 28944.5 1.62036 4.04691e+06 1.36903e+06 ZonesAtSurface
1681.26 4523.4 553.62 0 0 2 7 1.06932e+06 37.8828 181242 1.03129 3.72954e+06 1.06932e+06 ZonesAtSurface
1731.32 4523.39 528.648 0 4 1 8 1.81065e+06 38.4536 143297 1.68616 4.22295e+06 1.81065e+06 ZonesAtSurface
1781.39 4523.37 453.686 1 4 1 10 1.66643e+06 19.5378 115112 1.12557 4.18007e+06 1.66643e+06 ZonesAtSurface
1831.48 4523.37 378.73 3 0 1 12 1.19318e+06 41.9614 189349 1.02603 6.02696e+06 1.19318e+06 ZonesAtSurface
1881.54 4523.38 353.752 6 0 1 13 684019 34.4663 117036 1.02398 5.96136e+06 684019 ZonesAtSurface
1931.6 4523.38 328.78 7 0 1 14 1.09906e+06 37.269 67358.8 1.08057 8.00342e+06 1.09906e+06 ZonesAtSurface
1981.67 4523.39 303.803 4 0 1 15 1.72034e+06 43.1175 120604 1.00819 9.35795e+06 1.72034e+06 ZonesAtSurface
2031.72 4523.4 266.329 3 0 1 15 779171 38.4198 119791 1.06455 8.12437e+06 779171 ZonesAtSurface
2081.79 4523.44 316.357 0 8 1 12 1.76633e+06 43.5795 69222.8 1.29851 6.6655e+06 1.76633e+06 ZonesAtSurface
2131.82 4523.43 266.386 8 0 1 11 359607 24.2247 106665 1.1177 2.20229e+06 359607 ZonesAtSurface
2181.81 4523.41 166.412 0 0 1 11 625764 39.0915 138387 2.61111 6.65221e+06 625764 ZonesAtSurface
2231.8 4523.4 116.436 8 0 0 0 571079 15.0893 187842 1.14273 5.40316e+06 571079 ZonesAtSurface
2281.81 4523.4 116.46 2 0 0 0 232135 25.8298 41933.9 1.28302 6.64603e+06 232135 ZonesAtSurface
2331.78 4523.4 66.4752 0 0 0 0 371412 33.3984 159826 2.50404 7.56688e+06 371412 ZonesAtSurface
2381.77 4523.39 66.4917 0 0 0 0 1.83018e+06 40.6749 30054.5 3.72326 8.62968e+06 1.83018e+06 ZonesAtSurface
2431.7 4523.37 16.485 0 0 0 0 1.01195e+06 44.0321 165084 4.7995 1.00437e+07 1.01195e+06 ZonesAtSurface
2481.66 4523.33 16.4741 0 0 0 0 1.4114e+06 40.9332 38439.7 3.23388 1.35256e+07 1.4114e+06 ZonesAtSurface
2531.57 4523.31 -63.5744 1 0 0 0 1.16059e+06 19.1877 90523.7 1.19102 1.16175e+07 1.16059e+06 ZonesAtSurface
2581.53 4523.3 -73.5881 0 0 0 0 512559 39.5111 60661.6 3.83411 1.06489e+07 512559 ZonesAtSurface
2631.48 4523.15 16.4074 0 0 0 0 442353 36.672 50356.4 1.85557 1.51766e+07 442353 ZonesAtSurface
2681.43 4523.07 56.3949 0 0 0 0 1.61792e+06 42.5626 154600 2.40449 1.68549e+07 1.61792e+06 ZonesAtSurface
2731.41 4523.12 46.3879 0 0 0 0 1.79894e+06 28.6121 19893.1 1.42637 1.51174e+07 1.79894e+06 ZonesAtSurface
2781.38 4523.09 86.382 0 0 0 0 1.05344e+06 42.2168 47734.6 1.82353 1.78345e+07 1.05344e+06 ZonesAtSurface
2831.35 4523.18 76.3856 0 0 0 0 1.25386e+06 32.9677 38624.6 1.60473 1.445e+07 1.25386e+06 ZonesAtSurface
2881.32 4523.17 116.382 5 0 0 0 1.12653e+06 36.4711 79763.4 1.53144 1.50324e+07 1.12653e+06 ZonesAtSurface
2931.3 4523.33 56.3974 0 0 0 0 437475 28.3688 131597 1.41282 1.18928e+07 437475 ZonesAtSurface
2981.28 4523.39 46.4055 0 0 0 0 486588 36.9238 69429.6 4.04997 8.0087e+06 486588 ZonesAtSurface
3031.25 4523.35 136.391 0 0 0 0 1.84054e+06 38.1951 73623.1 2.37016 1.14522e+07 1.84054e+06 ZonesAtSurface
3081.23 4523.37 176.386 0 0 0 0 364643 37.1334 175343 1.64842 1.06674e+07 364643 ZonesAtSurface
3131.24 4523.35 266.378 2 0 0 0 1.41611e+06 43.1255 25758 1.26812 1.17959e+07 1.41611e+06 ZonesAtSurface
3181.25 4523.39 306.374 7 0 0 0 1.1533e+06 41.6001 134647 1.05477 1.00131e+07 1.1533e+06 ZonesAtSurface
3231.22 4523.49 246.372 0 0 0 0 443358 33.9594 169893 1.53011 7.75838e+06 443358 ZonesAtSurface
3281.21 4523.54 236.376 0 0 1 9 744216 24.2378 161427 2.66952 3.78825e+06 744216 ZonesAtSurface
3331.21 4523.57 276.38 5 0 2 9 292971 35.9054 131549 1.28372 1.39447e+06 292971 ZonesAtSurface
3381.23 4523.58 266.363 11 0 1 10 1.08977e+06 19.9161 152805 1.24132 3.62969e+06 1.08977e+06 ZonesAtSurface
3431.25 4523.58 256.344 8 0 1 11 1.23136e+06 15.2916 27754.5 1.03862 4.65711e+06 1.23136e+06 ZonesAtSurface
3481.27 4523.59 296.328 5 0 1 11 453068 16.6083 126818 1.07571 1.62884e+06 453068 ZonesAtSurface
3531.31 4523.59 336.305 7 0 1 11 1.88204e+06 20.9388 102482 1.05256 5.45884e+06 1.88204e+06 ZonesAtSurface
3581.36 4523.58 376.272 1 0 1 11 490085 43.5681 140904 1.06075 2.53233e+06 490085 ZonesAtSurface
3631.42 4523.57 416.225 0 0 1 11 1.03493e+06 25.8063 54667.5 1.06012 3.82612e+06 1.03493e+06 ZonesAtSurface
3681.47 4523.54 406.197 5 0 1 12 713414 43.6572 16481.5 1.0797 6.31803e+06 713414 ZonesAtSurface
3731.54 4523.51 496.125 6 0 1 11 605351 29.3329 142608 1.19436 2.25007e+06 605351 ZonesAtSurface
3781.61 4523.47 596.046 0 3 2 9 1.22972e+06 44.833 62481.4 1.09544 5.21061e+06 1.22972e+06 ZonesAtSurface
3831.69 4523.47 556.09 8 0 1 9 744171 24.3963 146692 1.06361 2.20496e+06 744171 ZonesAtSurface
3881.78 4523.46 516.132 2 0 1 9 559784 34.113 173101 1.00669 2.74691e+06 559784 ZonesAtSurface
3931.88 4523.46 526.116 1 1 2 8 903268 33.83 114498 1.02549 3.09313e+06 903268 ZonesAtSurface
3981.96 4523.46 486.159 1 0 2 8 1.63283e+06 23.829 30062.4 1.02957 5.2112e+06 1.63283e+06 ZonesAtSurface
4032.02 4523.46 496.178 2 0 1 7 555700 31.0629 85887.3 1.02855 3.13152e+06 555700 ZonesAtSurface
4082.04 4523.49 556.19 9 0 2 5 270431 32.7701 81150.4 1.11748 1.22156e+06 270431 ZonesAtSurface
4132.15 4523.45 416.272 0 0 1 7 1.88387e+06 32.0966 187049 1.1209 5.87689e+06 1.88387e+06 ZonesAtSurface
4182.2 4523.46 426.302 8 2 1 6 670579 39.5671 56554.3 1.37647 2.38973e+06 670579 ZonesAtSurface
4232.23 4523.46 436.34 1 9 2 5 759019 34.4788 92780.5 2.44157 1.15454e+06 759019 ZonesAtSurface
4282.3 4523.45 346.387 9 0 1 6 230340 22.7837 167183 0.997437 498870 230340 ZonesAtSurface
4332.34 4523.44 256.432 10 0 1 7 1.40084e+06 17.7759 133527 1.08928 4.31676e+06 1.40084e+06 ZonesAtSurface
4382.34 4523.43 116.473 3 0 1 9 1.53425e+06 19.3545 84110.3 1.01012 6.13717e+06 1.53425e+06 ZonesAtSurface
4432.42 4523.44 176.504 9 8 1 7 1.35819e+06 41.2273 26299.5 1.7787 3.81096e+06 1.35819e+06 ZonesAtSurface
4482.32 4523.46 36.5272 8 0 1 9 1.60707e+06 20.1251 90109.4 1.0444 8.04561e+06 1.60707e+06 ZonesAtSurface
4532.28 4523.48 -3.45979 14 0 1 9 754029 18.8195 18498.4 1.06638 8.71411e+06 754029 ZonesAtSurface
4582.24 4523.52 6.58293 21 0 1 8 430906 38.503 174159 1.70816 1.12155e+07 430906 ZonesAtSurface
4632.15 4523.57 16.638 43 0 1 7 337151 39.8817 82466.5 1.7526 2.8097e+06 337151 ZonesAtSurface
4682.05 4523.61 26.7032 61 15 1 6 1.06967e+06 19.2229 34665.8 1.61224 1.85902e+06 1.06967e+06 ZonesAtSurface
4731.91 4523.66 36.7502 81 22 1 5 744011 20.9674 158744 1.03868 1.9754e+06 744011 ZonesAtSurface
4781.79 4523.66 46.7734 63 51 1 4 1.24665e+06 34.031 64199.2 1.54964 3.10489e+06 1.24665e+06 ZonesAtSurface
4831.72 4523.72 56.8276 70 73 1 3 921646 44.8449 139284 1.57168 2.49439e+06 921646 ZonesAtSurface
4881.73 4523.77 66.8268 107 94 1 2 1.21414e+06 36.3197 92958.6 1.20864 3.85929e+06 1.21414e+06 ZonesAtSurface
4931.71 4523.81 76.7935 88 105 1 1 1.13487e+06 32.4978 61171.3 1.55196 2.68047e+06 1.13487e+06 ZonesAtSurface
81.7252 4573.83 -44.5616 128 0 1 3 508613 26.3982 47242.1 1.32107 6.60938e+06 508613 ZonesAtSurface
131.477 4573.83 -19.3079 136 5 1 3 139291 25.3681 70200.7 1.2639 1.44204e+06 139291 ZonesAtSurface
181.318 4573.7 -44.3947 109 0 1 4 1.85253e+06 40.7935 94496.8 1.08602 9.34933e+06 1.85253e+06 ZonesAtSurface
231.113 4573.71 -19.3284 121 57 1 4 1.69892e+06 27.939 66936.9 1.6525 4.26478e+06 1.69892e+06 ZonesAtSurface
280.941 4573.64 -44.5101 103 0 1 5 1.87144e+06 24.4328 105449 1.02094 6.74431e+06 1.87144e+06 ZonesAtSurface
330.809 4573.65 -19.5075 98 0 1 5 190161 16.0069 14266.1 1.31483 760821 190161 ZonesAtSurface
380.768 4573.63 -44.5419 77 0 1 6 1.87355e+06 37.0605 36273.6 1.16564 9.56101e+06 1.87355e+06 ZonesAtSurface
430.655 4573.63 -19.5612 72 17 1 6 1.33874e+06 27.2552 100825 1.54791 3.38611e+06 1.33874e+06 ZonesAtSurface
480.567 4573.55 -44.7203 52 0 1 7 665750 23.67 62744.9 1.03613 5.26335e+06 665750 ZonesAtSurface
530.461 4573.54 -19.752 38 13 1 7 1.82587e+06 30.1111 37147.6 1.15515 6.31754e+06 1.82587e+06 ZonesAtSurface
580.5 4573.49 -44.8441 13 0 1 8 488343 16.6312 129982 1.03165 4.69068e+06 488343 ZonesAtSurface
630.444 4573.47 -19.8835 9 0 1 8 1.03851e+06 38.3829 64297.6 1.02218 8.98987e+06 1.03851e+06 ZonesAtSurface
680.42 4573.46 5.08857 8 0 1 8 1.58268e+06 20.8703 142695 1.00917 6.67797e+06 1.58268e+06 ZonesAtSurface
730.42 4573.44 30.0519 1 0 1 8 1.86917e+06 33.1827 89473.5 1.02733 9.12688e+06 1.86917e+06 ZonesAtSurface
780.382 4573.43 154.999 3 3 2 6 1.5007e+06 36.5044 157180 1.15859 4.93563e+06 1.5007e+06 ZonesAtSurface
830.418 4573.4 179.968 4 3 2 6 1.37007e+06 26.6608 55702.1 1.13327 3.95297e+06 1.37007e+06 ZonesAtSurface
880.456 4573.39 204.939 7 0 1 6 1.30792e+06 18.3169 90885.3 1.01581 4.26171e+06 1.30792e+06 ZonesAtSurface
930.495 4573.39 229.913 2 0 1 6 510649 29.2701 42227.3 1.01775 3.733e+06 510649 ZonesAtSurface
980.538 4573.38 254.885 1 0 1 6 1.73854e+06 24.0748 166637 1.0194 5.37742e+06 1.73854e+06 ZonesAtSurface
1030.64 4573.4 379.842 1 1 2 4 1.20123e+06 34.1709 54913.9 1.32582 3.55069e+06 1.20123e+06 ZonesAtSurface
1080.69 4573.4 404.812 7 7 2 4 778604 37.7607 76200.4 1.19233 2.55148e+06 778604 ZonesAtSurface
1130.72 4573.39 429.786 0 9 2 4 1.38689e+06 30.9419 141863 1.36757 3.52042e+06 1.38689e+06 ZonesAtSurface
1180.77 4573.39 454.764 10 0 2 4 200153 33.5444 108505 1.06875 564710 200153 ZonesAtSurface
1230.79 4573.38 429.744 0 9 2 5 1.68773e+06 39.4401 27945.6 1.84725 3.8873e+06 1.68773e+06 ZonesAtSurface
1280.82 4573.38 404.724 3 0 2 6 554193 36.6421 15594.6 1.00743 4.06647e+06 554193 ZonesAtSurface
1330.88 4573.38 479.695 4 0 1 5 211582 15.614 116374 1.03084 925310 211582 ZonesAtSurface
1380.93 4573.39 504.67 8 0 1 5 450553 17.8998 33467.7 1.14107 1.42274e+06 450553 ZonesAtSurface
1430.98 4573.4 529.649 3 0 2 5 471666 24.3338 105236 1.11554 1.23855e+06 471666 ZonesAtSurface
1481.01 4573.37 454.645 1 0 1 7 1.21676e+06 29.1353 12300.1 1.03567 4.33154e+06 1.21676e+06 ZonesAtSurface
1531.07 4573.36 479.631 2 0 1 7 450365 35.0507 117815 1.01665 3.94701e+06 450365 ZonesAtSurface
1581.13 4573.37 504.621 5 0 1 7 1.02785e+06 26.4537 184070 1.04514 3.81797e+06 1.02785e+06 ZonesAtSurface
1631.19 4573.43 629.592 0 1 2 5 875137 23.3719 104508 1.26056 2.03569e+06 875137 ZonesAtSurface
1681.23 4573.44 604.6 0 10 2 6 1.67874e+06 43.0916 184426 2.96674 2.43474e+06 1.67874e+06 ZonesAtSurface
1731.31 4573.4 529.637 2 8 2 8 1.35898e+06 35.623 128403 1.33406 3.80523e+06 1.35898e+06 ZonesAtSurface
1781.38 4573.35 404.687 6 0 1 11 478372 21.8157 107235 1.01698 4.22044e+06 478372 ZonesAtSurface
1831.46 4573.38 429.717 9 0 1 11 445734 23.7927 99228.3 1.07012 2.18823e+06 445734 ZonesAtSurface
1881.53 4573.39 404.749 9 6 2 12 975780 29.9645 14837.7 1.27198 2.7704e+06 975780 ZonesAtSurface
1931.59 4573.39 379.77 3 0 2 13 1.54395e+06 17.3873 54761.4 1.09219 3.91479e+06 1.54395e+06 ZonesAtSurface
1981.66 4573.4 354.794 1 0 2 14 1.1169e+06 15.0501 142554 1.03495 3.02628e+06 1.1169e+06 ZonesAtSurface
2031.73 4573.44 367.322 8 3 2 13 471693 29.3255 106949 1.43607 1.19157e+06 471693 ZonesAtSurface
2081.76 4573.43 267.355 1 0 1 13 793893 22.8363 88257.5 1.05245 5.09024e+06 793893 ZonesAtSurface
2131.78 4573.43 217.383 0 0 1 12 1.87251e+06 41.5906 35723.3 2.57947 7.95358e+06 1.87251e+06 ZonesAtSurface
2181.79 4573.43 167.412 5 0 1 11 1.11502e+06 16.0583 67212.1 1.13612 6.50976e+06 1.11502e+06 ZonesAtSurface
2231.79 4573.42 167.441 5 0 0 0 103053 40.0071 122783 1.06681 5.76636e+06 103053 ZonesAtSurface
2281.79 4573.41 117.46 3 0 0 0 809953 24.2496 117767 1.04845 7.84372e+06 809953 ZonesAtSurface
2331.79 4573.39 117.484 0 0 0 0 1.39509e+06 41.9392 185264 1.77629 8.69228e+06 1.39509e+06 ZonesAtSurface
2381.71 4573.39 17.4781 0 0 0 0 851917 21.9797 87043.5 1.41944 9.12027e+06 851917 ZonesAtSurface
2431.68 4573.37 17.4829 4 0 0 0 230099 32.0871 151986 1.93471 1.07789e+07 230099 ZonesAtSurface
2481.6 4573.36 -82.5589 0 0 0 0 568153 33.3006 127753 3.14567 1.0332e+07 568153 ZonesAtSurface
2531.55 4573.3 -62.5875 0 0 0 0 1.02817e+06 41.1998 184281 3.29117 1.28852e+07 1.02817e+06 ZonesAtSurface
2581.5 4573.22 -22.6033 5 0 0 0 1.24332e+06 20.7391 39943.1 1.05671 1.38912e+07 1.24332e+06 ZonesAtSurface
2631.46 4573.12 17.3851 0 0 0 0 1.60038e+06 36.3054 114982 1.5342 1.83516e+07 1.60038e+06 ZonesAtSurface
2681.44 4573.24 -42.6185 0 0 0 0 555097 41.1066 102808 3.66475 1.18442e+07 555097 ZonesAtSurface
2731.4 4573.21 -2.62503 3 0 0 0 1.63782e+06 23.6847 129635 1.15108 1.46019e+07 1.63782e+06 ZonesAtSurface
2781.37 4573.27 -12.619 0 0 0 0 1.04583e+06 42.1362 188738 4.73134 1.01996e+07 1.04583e+06 ZonesAtSurface
2831.34 4573.17 77.3699 9 0 0 0 372108 33.1206 22307.8 1.2644 1.56231e+07 372108 ZonesAtSurface
2881.32 4573.25 67.3779 0 0 0 0 398226 44.8668 107129 2.88431 1.33549e+07 398226 ZonesAtSurface
2931.29 4573.34 57.3874 3 0 0 0 610030 20.0872 43527.3 1.02524 1.10867e+07 610030 ZonesAtSurface
2981.27 4573.28 147.374 0 0 0 0 710583 36.9856 184352 1.29227 1.48482e+07 710583 ZonesAtSurface
3031.25 4573.3 187.373 0 0 0 0 1.69719e+06 34.497 28704.8 1.21415 1.44416e+07 1.69719e+06 ZonesAtSurface
3081.23 4573.39 177.379 0 0 0 0 1.14236e+06 37.5694 138363 1.94495 1.07563e+07 1.14236e+06 ZonesAtSurface
3131.22 4573.42 217.375 0 0 0 0 1.79923e+06 30.601 79478.8 1.42837 1.05397e+07 1.79923e+06 ZonesAtSurface
3181.21 4573.48 207.376 0 0 0 0 1.85424e+06 37.623 71884.2 2.61011 7.93704e+06 1.85424e+06 ZonesAtSurface
3231.22 4573.51 247.367 2 0 0 0 282708 43.4456 124157 1.68494 7.84542e+06 282708 ZonesAtSurface
3281.2 4573.56 237.371 0 0 1 9 1.53794e+06 41.447 71752.1 4.65879 5.35108e+06 1.53794e+06 ZonesAtSurface
3331.19 4573.6 277.373 6 0 2 9 120177 27.7404 21380.9 1.85377 304913 120177 ZonesAtSurface
3381.21 4573.6 267.356 1 0 1 10 851916 29.0084 29506.2 1.08599 4.48261e+06 851916 ZonesAtSurface
3431.21 4573.62 307.349 9 0 1 10 1.7055e+06 27.486 159220 1.38158 4.11354e+06 1.7055e+06 ZonesAtSurface
3481.27 4573.59 247.332 5 0 1 12 577826 18.576 102280 1.01151 3.81297e+06 577826 ZonesAtSurface
3531.29 4573.61 337.303 9 0 1 11 356392 36.001 46938.2 1.03026 2.35702e+06 356392 ZonesAtSurface
3581.34 4573.59 327.281 2 0 1 12 858231 22.2949 48517.5 1.01715 4.76121e+06 858231 ZonesAtSurface
3631.4 4573.58 367.239 5 0 1 12 824397 29.0368 109610 1.01837 4.96086e+06 824397 ZonesAtSurface
3681.46 4573.56 407.194 1 0 1 12 1.81428e+06 32.0805 154596 1.01774 6.77311e+06 1.81428e+06 ZonesAtSurface
3731.53 4573.53 497.114 2 2 2 11 868173 34.6251 27478.7 1.12644 3.03161e+06 868173 ZonesAtSurface
3781.6 4573.49 597.028 2 0 2 9 719407 35.9971 132940 1.03735 2.45239e+06 719407 ZonesAtSurface
3831.7 4573.47 607.01 0 3 2 8 586904 32.8149 121894 2.45066 846772 586904 ZonesAtSurface
3881.79 4573.47 567.059 3 3 2 8 631450 43.771 69966 1.12136 2.4248e+06 631450 ZonesAtSurface
3931.87 4573.47 527.11 1 7 1 8 1.36053e+06 27.3564 32358.3 1.08716 4.14734e+06 1.36053e+06 ZonesAtSurface
3981.94 4573.46 487.158 1 0 1 8 644122 25.6234 72100.5 1.02577 3.36127e+06 644122 ZonesAtSurface
4031.99 4573.48 547.152 0 10 2 6 1.52483e+06 21.7441 57931.6 1.90032 2.35987e+06 1.52483e+06 ZonesAtSurface
4082.06 4573.48 507.198 3 0 2 6 601300 20.2735 123665 1.16832 1.52999e+06 601300 ZonesAtSurface
4132.13 4573.47 467.249 8 0 2 6 257164 38.5375 55642.8 1.09192 866652 257164 ZonesAtSurface
4182.19 4573.46 427.297 0 8 2 6 748804 42.4311 67125.9 1.2174 2.59439e+06 748804 ZonesAtSurface
4232.24 4573.46 387.341 1 5 2 6 606520 19.5039 16768 1.20648 1.43074e+06 606520 ZonesAtSurface
4282.29 4573.45 347.382 0 5 2 6 675157 27.1093 62091.5 1.2307 1.8462e+06 675157 ZonesAtSurface
4332.33 4573.45 307.417 3 8 2 6 676906 38.916 95836.5 1.20047 2.11506e+06 676906 ZonesAtSurface
4382.33 4573.42 117.467 3 0 1 9 1.11414e+06 29.9798 146690 1.02729 6.73214e+06 1.11414e+06 ZonesAtSurface
4432.39 4573.43 127.498 0 0 2 8 137494 31.8422 25729.2 1.2095 2.21963e+06 137494 ZonesAtSurface
4482.31 4573.45 37.5215 0 0 1 9 1.35559e+06 43.58 173113 1.73915 1.05733e+07 1.35559e+06 ZonesAtSurface
4532.32 4573.48 47.5623 1 0 1 8 401401 36.3109 172966 1.63791 1.04299e+07 401401 ZonesAtSurface
4582.25 4573.51 7.57211 20 0 1 8 1.15927e+06 28.8322 93354.3 1.41408 8.02084e+06 1.15927e+06 ZonesAtSurface
4632.12 4573.57 17.6323 41 0 1 7 216274 26.356 76747.8 1.34146 3.63321e+06 216274 ZonesAtSurface
4682.01 4573.6 27.6932 58 17 1 6 1.73393e+06 27.4911 107747 1.66599 3.62973e+06 1.73393e+06 ZonesAtSurface
4731.92 4573.64 37.7312 71 6 1 5 227539 43.7393 121330 0.996468 582368 227539 ZonesAtSurface
4781.79 4573.65 47.7662 77 31 1 4 637853 35.6544 129130 1.10772 2.03096e+06 637853 ZonesAtSurface
4831.7 4573.7 57.8153 97 68 1 3 1.05444e+06 18.1438 60721.6 0 2.84909e+06 1.05444e+06 ZonesAtSurface
4881.69 4573.73 67.8099 130 70 1 2 333041 23.3509 46266.4 0 916439 333041 ZonesAtSurface
4931.69 4573.82 77.7804 110 98 1 1 869124 29.0234 64968.3 1.43186 2.03378e+06 869124 ZonesAtSurface
81.7387 4623.78 -43.595 122 0 1 3 695183 30.0534 93156.5 1.34011 7.33529e+06 695183 ZonesAtSurface
131.524 4623.74 -18.3295 119 78 1 3 1.33875e+06 16.5121 62532.5 1.23874 3.08166e+06 1.33875e+06 ZonesAtSurface
181.34 4623.68 -43.4138 113 0 1 4 925215 38.5464 38265.9 1.06598 7.23048e+06 925215 ZonesAtSurface
231.131 4623.69 -18.3545 118 26 1 4 700619 34.0979 24650.4 1.67715 2.1384e+06 700619 ZonesAtSurface
280.976 4623.61 -43.5034 99 0 1 5 1.51885e+06 42.1935 140161 1.04003 7.86821e+06 1.51885e+06 ZonesAtSurface
330.847 4623.63 -18.4953 95 70 1 5 1.79231e+06 26.8974 188342 1.45636 4.49214e+06 1.79231e+06 ZonesAtSurface
380.783 4623.61 -43.5499 82 0 1 6 1.47795e+06 29.9086 69996.4 1.12577 6.63566e+06 1.47795e+06 ZonesAtSurface
430.67 4623.62 -18.5683 94 0 1 6 1.0496e+06 27.2397 109598 1.61271 2.97067e+06 1.0496e+06 ZonesAtSurface
480.582 4623.54 -43.7332 57 0 1 7 1.29143e+06 42.0213 127679 1.0668 8.07438e+06 1.29143e+06 ZonesAtSurface
530.477 4623.54 -18.7502 35 0 1 7 122414 16.7676 72462.2 1.26315 1.08724e+06 122414 ZonesAtSurface
580.511 4623.49 -43.8356 18 0 1 8 1.08128e+06 22.4381 79864.1 1.0598 8.13317e+06 1.08128e+06 ZonesAtSurface
630.441 4623.47 -18.8844 10 0 1 8 1.46737e+06 16.1224 182184 1.02339 4.97299e+06 1.46737e+06 ZonesAtSurface
680.415 4623.45 6.08246 6 0 1 8 360015 28.5645 138410 1.01467 4.56757e+06 360015 ZonesAtSurface
730.417 4623.43 31.0471 1 0 1 8 950754 20.3671 152839 1.00153 5.21502e+06 950754 ZonesAtSurface
780.395 4623.42 106.002 6 0 1 7 1.28723e+06 17.8811 107525 1.0074 5.05978e+06 1.28723e+06 ZonesAtSurface
830.417 4623.4 180.961 6 0 2 6 153485 41.1486 89653.7 1.1483 3.95919e+06 153485 ZonesAtSurface
880.453 4623.39 205.934 0 0 2 6 1.26278e+06 39.9166 51545.1 1.12326 4.73631e+06 1.26278e+06 ZonesAtSurface
930.49 4623.38 230.907 0 2 2 6 1.77585e+06 42.6255 35638.1 1.50878 5.40775e+06 1.77585e+06 ZonesAtSurface
980.55 4623.38 305.878 9 7 2 5 1.53568e+06 23.0105 105448 1.16379 3.90997e+06 1.53568e+06 ZonesAtSurface
1030.6 4623.38 330.846 9 0 1 5 604511 31.6441 145158 1.03963 3.05773e+06 604511 ZonesAtSurface
1080.65 4623.38 355.816 3 0 1 5 265060 42.9952 20672.9 1.07672 2.70496e+06 265060 ZonesAtSurface
1130.72 4623.4 430.783 0 2 2 4 1.89019e+06 26.0766 172001 1.86302 3.12567e+06 1.89019e+06 ZonesAtSurface
1180.76 4623.39 455.759 0 8 1 4 1.58089e+06 40.1042 106869 2.1651 2.97716e+06 1.58089e+06 ZonesAtSurface
1230.79 4623.38 430.737 9 0 1 5 622367 16.2073 124845 1.01906 2.04956e+06 622367 ZonesAtSurface
1280.83 4623.38 455.713 7 2 1 5 1.17727e+06 31.6615 73801.3 1.2014 3.54933e+06 1.17727e+06 ZonesAtSurface
1330.87 4623.38 480.688 0 9 1 5 1.8082e+06 25.1241 48342.1 1.80682 3.13988e+06 1.8082e+06 ZonesAtSurface
1380.91 4623.37 455.671 2 0 1 6 602100 41.6512 75033.4 1.05987 3.62805e+06 602100 ZonesAtSurface
1430.96 4623.38 480.652 0 0 1 6 1.31568e+06 25.8889 63255.5 1.03732 3.97983e+06 1.31568e+06 ZonesAtSurface
1481.01 4623.38 505.634 10 0 1 6 141811 31.9738 67737.1 1.08015 2.41969e+06 141811 ZonesAtSurface
1531.07 4623.36 480.625 6 0 1 7 285011 42.6752 64844.4 1.05998 5.12794e+06 285011 ZonesAtSurface
1581.12 4623.41 605.599 0 9 1 5 1.74436e+06 36.61 84927.5 1.86722 3.71342e+06 1.74436e+06 ZonesAtSurface
1631.16 4623.45 630.584 0 5 2 5 492558 41.2433 138456 0 1.2729e+06 492558 ZonesAtSurface
1681.23 4623.41 555.609 5 0 2 7 416200 20.1204 74377.2 1.03226 1.22551e+06 416200 ZonesAtSurface
1731.29 4623.41 530.628 3 5 2 8 1.448e+06 30.6989 131719 1.35061 3.71199e+06 1.448e+06 ZonesAtSurface
1781.36 4623.35 405.676 4 0 1 11 1.02468e+06 25.5397 137743 1.01981 4.02707e+06 1.02468e+06 ZonesAtSurface
1831.43 4623.38 430.7 6 1 2 11 1.41558e+06 20.2648 94514.2 1.1534 3.49376e+06 1.41558e+06 ZonesAtSurface
1881.51 4623.39 405.741 10 0 1 12 348662 23.8949 186829 1.07211 1.54601e+06 348662 ZonesAtSurface
1931.57 4623.38 330.759 0 0 1 14 941718 23.1558 70863.7 1.00851 5.39096e+06 941718 ZonesAtSurface
1981.64 4623.41 355.787 8 0 1 14 868959 32.4385 34366.6 0.993554 4.60769e+06 868959 ZonesAtSurface
2031.7 4623.42 318.321 9 0 1 14 391010 27.2714 61687.4 1.1148 3.10451e+06 391010 ZonesAtSurface
2081.74 4623.44 268.356 6 0 1 13 1.54053e+06 41.506 60049.2 1.15957 8.49084e+06 1.54053e+06 ZonesAtSurface
2131.75 4623.46 218.385 4 0 1 12 841897 15.5754 142236 1.1213 3.86293e+06 841897 ZonesAtSurface
2181.75 4623.45 168.414 5 0 1 11 800127 35.5127 34437.5 1.94833 6.96703e+06 800127 ZonesAtSurface
2231.74 4623.42 118.435 0 0 0 0 1.88929e+06 21.2399 80786.1 1.66919 7.27427e+06 1.88929e+06 ZonesAtSurface
2281.75 4623.42 118.46 0 0 0 0 1.60652e+06 31.8354 85845.4 1.21618 9.31649e+06 1.60652e+06 ZonesAtSurface
2331.72 4623.4 68.475 0 0 0 0 206905 43.7223 155982 1.93597 1.04764e+07 206905 ZonesAtSurface
2381.67 4623.38 18.4753 0 0 0 0 1.55281e+06 26.7429 19935.5 1.84965 9.90066e+06 1.55281e+06 ZonesAtSurface
2431.64 4623.36 18.4773 9 0 0 0 1.81145e+06 27.8193 10275.7 1.63616 1.18216e+07 1.81145e+06 ZonesAtSurface
2481.58 4623.34 -31.5586 0 0 0 0 1.12227e+06 38.7854 26157.1 2.97143 1.41063e+07 1.12227e+06 ZonesAtSurface
2531.52 4623.29 -61.6055 0 0 0 0 1.65054e+06 38.869 131978 3.13573 1.40596e+07 1.65054e+06 ZonesAtSurface
2581.49 4623.33 -121.613 0 0 0 0 1.05056e+06 32.9282 178159 3.46073 1.00722e+07 1.05056e+06 ZonesAtSurface
2631.44 4623.2 -31.6388 0 0 0 0 1.52907e+06 43.6424 71439.4 3.62537 1.49064e+07 1.52907e+06 ZonesAtSurface
2681.4 4623 58.3443 0 0 0 0 482318 42.1659 137981 1.44997 2.2059e+07 482318 ZonesAtSurface
2731.37 4623.08 48.3428 0 0 0 0 1.75807e+06 44.0808 119933 2.11022 1.96748e+07 1.75807e+06 ZonesAtSurface
2781.35 4623.26 -11.6362 0 0 0 0 1.31921e+06 32.9928 136069 2.861 1.09958e+07 1.31921e+06 ZonesAtSurface
2831.32 4623.25 28.3644 0 0 0 0 896429 32.1108 156072 1.98907 1.24688e+07 896429 ZonesAtSurface
2881.29 4623.33 18.3781 0 0 0 0 1.53444e+06 37.6371 20068.9 3.45834 1.04777e+07 1.53444e+06 ZonesAtSurface
2931.27 4623.28 108.364 0 0 0 0 1.2953e+06 44.5752 163152 2.28529 1.52703e+07 1.2953e+06 ZonesAtSurface
2981.24 4623.37 98.3769 9 0 0 0 993638 18.4241 41876.2 1.00959 1.00107e+07 993638 ZonesAtSurface
3031.22 4623.39 138.375 0 0 0 0 1.73533e+06 41.8877 46617.8 3.35255 1.07061e+07 1.73533e+06 ZonesAtSurface
3081.21 4623.41 178.372 0 0 0 0 977312 41.427 92161.9 2.46129 1.05635e+07 977312 ZonesAtSurface
3131.21 4623.44 218.368 0 0 0 0 1.71524e+06 37.1799 136154 1.64742 1.09402e+07 1.71524e+06 ZonesAtSurface
3181.2 4623.51 208.372 6 0 0 0 1.07863e+06 22.5417 65395.4 1.01559 7.58944e+06 1.07863e+06 ZonesAtSurface
3231.21 4623.55 248.363 9 0 0 0 868364 42.5682 85201 1.85855 8.7024e+06 868364 ZonesAtSurface
3281.18 4623.6 238.372 1 0 1 9 1.0696e+06 41.4463 184320 2.80098 6.31912e+06 1.0696e+06 ZonesAtSurface
3331.18 4623.61 228.363 0 0 1 10 609471 44.9511 49446.9 2.90922 5.91038e+06 609471 ZonesAtSurface
3381.2 4623.61 218.349 0 0 1 11 239297 23.063 104269 1.00813 4.17877e+06 239297 ZonesAtSurface
3431.19 4623.65 308.351 0 8 1 10 1.56104e+06 43.1382 136441 2.33564 2.95677e+06 1.56104e+06 ZonesAtSurface
3481.25 4623.6 248.333 7 0 1 12 970207 40.2929 23130.6 1.03526 6.99213e+06 970207 ZonesAtSurface
3531.3 4623.58 238.321 2 0 1 13 1.38874e+06 18.8405 75768.8 1.01018 6.25852e+06 1.38874e+06 ZonesAtSurface
3581.32 4623.6 328.282 4 0 1 12 1.67556e+06 19.4605 143271 1.00318 5.22671e+06 1.67556e+06 ZonesAtSurface
3631.38 4623.6 418.22 3 5 1 11 1.03832e+06 19.276 160097 1.22642 2.29382e+06 1.03832e+06 ZonesAtSurface
3681.44 4623.57 408.19 8 0 1 12 612214 44.3016 174644 1.06928 5.10587e+06 612214 ZonesAtSurface
3731.52 4623.54 498.103 8 0 2 11 966470 29.6674 162549 1.07589 3.44e+06 966470 ZonesAtSurface
3781.59 4623.5 598.012 5 5 2 9 488543 43.4062 82327.6 1.05387 1.85326e+06 488543 ZonesAtSurface
3831.68 4623.49 657.964 0 8 2 7 805887 19.0665 43364.9 4.19223 531054 805887 ZonesAtSurface
3881.76 4623.49 618.018 0 8 2 7 1.14221e+06 16.9535 149668 2.19497 1.3646e+06 1.14221e+06 ZonesAtSurface
3931.84 4623.49 578.069 0 7 2 7 1.70576e+06 37.5725 26930.1 2.55227 2.77889e+06 1.70576e+06 ZonesAtSurface
3981.92 4623.48 538.116 0 4 2 7 1.70944e+06 25.0913 186588 1.35607 3.83548e+06 1.70944e+06 ZonesAtSurface
4032 4623.47 498.162 6 0 2 7 1.1555e+06 18.9628 92455.5 1.07842 3.44788e+06 1.1555e+06 ZonesAtSurface
4082.04 4623.49 508.191 0 2 2 6 1.38577e+06 32.1566 37015.5 1.57151 3.26102e+06 1.38577e+06 ZonesAtSurface
4132.11 4623.48 468.243 1 6 2 6 837415 19.3345 26750.3 1.25614 1.89195e+06 837415 ZonesAtSurface
4182.17 4623.47 428.294 9 0 2 6 276317 24.9192 42790.6 1.07325 960916 276317 ZonesAtSurface
4232.22 4623.46 388.336 0 0 2 6 1.33103e+06 16.8913 181681 1.10115 3.1916e+06 1.33103e+06 ZonesAtSurface
4282.26 4623.43 298.384 0 0 2 7 1.09319e+06 31.2282 70726.7 1.22203 3.80969e+06 1.09319e+06 ZonesAtSurface
4332.31 4623.4 208.424 0 0 1 8 246735 17.0721 57596.1 1.01936 2.22682e+06 246735 ZonesAtSurface
4382.35 4623.41 168.46 8 0 1 8 755289 31.1326 158954 1.01619 5.88002e+06 755289 ZonesAtSurface
4432.33 4623.42 78.489 4 0 1 9 305901 27.5835 155325 1.00899 6.3772e+06 305901 ZonesAtSurface
4482.47 4623.44 188.497 3 9 2 6 284872 40.4981 97663.1 0 19275.1 284872 ZonesAtSurface
4532.26 4623.47 -1.47276 7 0 1 9 332684 30.8385 100791 1.35696 1.10818e+07 332684 ZonesAtSurface
4582.24 4623.5 8.56349 16 0 1 8 1.77325e+06 31.0098 34070 1.62366 1.16321e+07 1.77325e+06 ZonesAtSurface
4632.11 4623.56 18.6306 31 0 1 7 1.32329e+06 36.6789 176890 1.71968 5.42862e+06 1.32329e+06 ZonesAtSurface
4681.95 4623.6 28.6864 59 9 1 6 877710 21.729 28996.6 0.997405 2.74698e+06 877710 ZonesAtSurface
4731.91 4623.62 38.7095 70 29 1 5 1.25992e+06 42.9524 94459.2 1.43764 4.26584e+06 1.25992e+06 ZonesAtSurface
4781.76 4623.63 48.778 84 41 1 4 733266 35.4715 71301 1.05509 2.58322e+06 733266 ZonesAtSurface
4831.72 4623.68 58.802 96 66 1 3 766524 23.7325 49854.7 0 2.29161e+06 766524 ZonesAtSurface
4881.68 4623.69 68.8136 72 84 1 2 1.34324e+06 30.6999 173786 1.1499 3.8956e+06 1.34324e+06 ZonesAtSurface
4931.56 4623.83 78.7326 135 93 1 1 157262 23.1429 153526 0 106150 157262 ZonesAtSurface
81.7487 4673.74 -42.6159 115 0 1 3 233513 39.3366 47995.2 1.49115 8.46074e+06 233513 ZonesAtSurface
131.545 4673.72 -17.3296 117 73 1 3 1.38665e+06 33.8062 143440 1.40254 3.88621e+06 1.38665e+06 ZonesAtSurface
181.347 4673.63 -42.4358 121 0 1 4 431957 21.9025 133610 1.0351 4.04523e+06 431957 ZonesAtSurface
231.144 4673.65 -17.3674 123 0 1 4 616959 23.51 188990 1.52993 1.88047e+06 616959 ZonesAtSurface
281.004 4673.59 -42.504 96 0 1 5 1.45032e+06 16.6838 116783 1.01483 5.49133e+06 1.45032e+06 ZonesAtSurface
330.856 4673.62 -17.4973 98 0 1 5 218005 37.6353 179788 1.62725 1.00622e+06 218005 ZonesAtSurface
380.796 4673.59 -42.5527 74 0 1 6 1.6203e+06 34.2788 127935 1.08819 7.69495e+06 1.6203e+06 ZonesAtSurface
430.682 4673.6 -17.5542 79 0 1 6 284708 42.7011 101254 1.80842 2.39718e+06 284708 ZonesAtSurface
480.597 4673.53 -42.7295 62 0 1 7 1.27539e+06 15.4676 39160.1 1.05598 4.18762e+06 1.27539e+06 ZonesAtSurface
530.498 4673.53 -17.7353 44 26 2 7 1.77251e+06 40.5389 76923.4 1.46635 6.28455e+06 1.77251e+06 ZonesAtSurface
580.522 4673.49 -42.8289 22 0 1 8 725883 19.4561 128621 1.05768 5.97682e+06 725883 ZonesAtSurface
630.45 4673.47 -17.8876 7 0 1 8 1.5516e+06 15.0711 26902.1 1.02545 5.20146e+06 1.5516e+06 ZonesAtSurface
680.332 4673.46 57.0604 10 6 1 7 1.62465e+06 31.1816 41789.8 1.25693 4.98353e+06 1.62465e+06 ZonesAtSurface
730.361 4673.43 82.0309 2 0 1 7 1.094e+06 18.5203 57122.3 1.02918 3.49162e+06 1.094e+06 ZonesAtSurface
780.393 4673.41 106.995 5 0 1 7 1.40255e+06 40.8307 153444 1.0197 7.31431e+06 1.40255e+06 ZonesAtSurface
830.411 4673.39 181.954 4 0 1 6 1.8954e+06 26.2086 84536.8 1.02535 5.92427e+06 1.8954e+06 ZonesAtSurface
880.46 4673.38 156.934 0 0 1 7 699817 15.9187 100729 0.994785 4.12602e+06 699817 ZonesAtSurface
930.49 4673.38 231.902 3 0 2 6 313360 23.6016 84287.1 1.02115 3.04786e+06 313360 ZonesAtSurface
980.546 4673.38 306.875 0 9 1 5 1.55106e+06 19.1827 179971 1.54398 2.76487e+06 1.55106e+06 ZonesAtSurface
1030.59 4673.37 331.843 7 0 2 5 801633 41.7585 175513 1.04049 3.02434e+06 801633 ZonesAtSurface
1080.67 4673.39 406.813 4 10 2 4 917155 25.5267 73122.5 1.80277 1.59187e+06 917155 ZonesAtSurface
1130.72 4673.4 431.782 9 3 2 4 409101 24.571 113229 1.30224 902648 409101 ZonesAtSurface
1180.76 4673.4 456.754 4 6 1 4 1.03635e+06 19.4643 170728 1.12667 2.46515e+06 1.03635e+06 ZonesAtSurface
1230.78 4673.38 431.731 4 0 2 5 354956 33.9434 42923.3 1.01336 2.14456e+06 354956 ZonesAtSurface
1280.82 4673.38 456.706 6 5 2 5 1.3258e+06 22.5258 180933 1.09526 3.44602e+06 1.3258e+06 ZonesAtSurface
1330.85 4673.37 431.683 2 0 2 6 449609 26.9978 63341.6 1.01172 3.07685e+06 449609 ZonesAtSurface
1380.9 4673.37 456.661 0 0 2 6 1.3047e+06 28.7967 127696 1.05623 4.90023e+06 1.3047e+06 ZonesAtSurface
1430.94 4673.37 481.644 10 0 1 6 914123 20.0804 165858 1.01647 3.35373e+06 914123 ZonesAtSurface
1481 4673.36 506.627 10 0 1 6 1.04147e+06 16.479 88276.7 1.02224 2.73671e+06 1.04147e+06 ZonesAtSurface
1531.05 4673.37 531.614 7 0 2 6 860477 28.5873 100446 1.0744 3.17794e+06 860477 ZonesAtSurface
1581.09 4673.37 506.608 7 0 1 7 428271 40.4065 55991.8 1.0351 4.08084e+06 428271 ZonesAtSurface
1631.14 4673.47 631.572 0 8 2 5 1.83406e+06 23.7952 95170.3 0 3.40617e+06 1.83406e+06 ZonesAtSurface
1681.21 4673.4 556.61 2 0 1 7 312098 30.5277 40173.8 1.08487 3.03447e+06 312098 ZonesAtSurface
1731.27 4673.37 481.632 5 0 1 9 638751 25.3083 109782 1.05334 3.7861e+06 638751 ZonesAtSurface
1781.34 4673.34 406.664 1 0 1 11 467927 27.1138 189370 1.01331 4.43234e+06 467927 ZonesAtSurface
1831.41 4673.35 381.692 6 0 1 12 188794 24.4904 13905.7 1.03238 4.69597e+06 188794 ZonesAtSurface
1881.48 4673.39 406.729 3 0 2 12 240050 37.6783 70217.6 1.11668 1.51038e+06 240050 ZonesAtSurface
1931.55 4673.4 381.755 6 3 2 13 1.23626e+06 35.5667 180039 1.26093 3.56396e+06 1.23626e+06 ZonesAtSurface
1981.62 4673.41 356.78 0 0 2 14 808642 23.4493 105689 1.00787 3.45055e+06 808642 ZonesAtSurface
2031.66 4673.41 269.316 7 0 1 15 500561 22.2681 154748 1.01329 5.96315e+06 500561 ZonesAtSurface
2081.69 4673.42 219.349 0 0 1 14 1.83459e+06 30.8257 78598.9 2.07164 7.88154e+06 1.83459e+06 ZonesAtSurface
2131.68 4673.41 119.372 0 0 1 14 520023 25.386 57580.6 2.48667 6.3699e+06 520023 ZonesAtSurface
2181.69 4673.44 119.406 0 0 1 12 733651 28.4825 63991.9 2.76022 6.22328e+06 733651 ZonesAtSurface
2231.68 4673.44 119.436 7 0 0 0 804742 38.0911 36213.9 1.4397 8.6351e+06 804742 ZonesAtSurface
2281.67 4673.42 69.4495 5 0 0 0 374255 25.0768 91566.6 1.12262 8.80441e+06 374255 ZonesAtSurface
2331.65 4673.4 19.4578 0 0 0 0 1.53619e+06 35.7586 122978 3.39576 9.22654e+06 1.53619e+06 ZonesAtSurface
2381.63 4673.38 19.4705 0 0 0 0 1.65793e+06 23.2153 114183 1.32318 1.15572e+07 1.65793e+06 ZonesAtSurface
2431.6 4673.35 19.4673 6 0 0 0 1.86428e+06 31.5167 131864 1.64708 1.37694e+07 1.86428e+06 ZonesAtSurface
2481.53 4673.35 -80.5809 0 0 0 0 1.15682e+06 38.0787 161276 3.6374 1.24051e+07 1.15682e+06 ZonesAtSurface
2531.48 4673.28 -60.6219 0 0 0 0 1.71345e+06 26.8919 137587 1.50226 1.49056e+07 1.71345e+06 ZonesAtSurface
2581.44 4673.17 -20.6469 0 0 0 0 1.3156e+06 31.7908 143939 1.32521 1.84165e+07 1.3156e+06 ZonesAtSurface
2631.4 4673.05 19.335 0 0 0 0 1.16002e+06 42.6823 66764.7 1.89817 2.05766e+07 1.16002e+06 ZonesAtSurface
2681.37 4673.11 9.33039 0 0 0 0 1.6795e+06 39.8781 46299.5 2.0924 1.87035e+07 1.6795e+06 ZonesAtSurface
2731.34 4673.19 -0.661849 0 0 0 0 1.21894e+06 28.1527 62754.2 1.426 1.55042e+07 1.21894e+06 ZonesAtSurface
2781.31 4673.17 39.3352 0 0 0 0 1.75488e+06 33.9504 183092 1.76169 1.65582e+07 1.75488e+06 ZonesAtSurface
2831.28 4673.16 79.3348 0 0 0 0 1.39785e+06 43.2784 95535.6 2.28212 1.73804e+07 1.39785e+06 ZonesAtSurface
2881.24 4673.27 69.3518 0 0 0 0 357784 43.5901 53634.3 2.34189 1.53518e+07 357784 ZonesAtSurface
2931.21 4673.37 59.3693 7 0 0 0 1.3084e+06 15.9105 33409.2 1.00371 9.88145e+06 1.3084e+06 ZonesAtSurface
2981.21 4673.31 149.349 0 0 0 0 1.8289e+06 41.4316 110088 1.82471 1.61943e+07 1.8289e+06 ZonesAtSurface
3031.2 4673.33 189.349 0 0 0 0 1.0843e+06 37.8043 79935.6 1.26122 1.54334e+07 1.0843e+06 ZonesAtSurface
3081.17 4673.48 129.382 0 0 0 0 1.17664e+06 22.2872 11994.4 1.66961 7.35898e+06 1.17664e+06 ZonesAtSurface
3131.19 4673.46 219.361 0 0 0 0 1.26817e+06 37.3138 85031.4 1.52166 1.06933e+07 1.26817e+06 ZonesAtSurface
3181.18 4673.54 209.368 0 0 0 0 1.85648e+06 32.944 166606 1.60463 8.66366e+06 1.85648e+06 ZonesAtSurface
3231.17 4673.6 199.372 0 0 0 0 1.02283e+06 36.5669 12311.9 1.48535 7.37308e+06 1.02283e+06 ZonesAtSurface
3281.16 4673.65 239.378 10 0 1 9 1.68797e+06 43.0279 63845 1.33807 8.45762e+06 1.68797e+06 ZonesAtSurface
3331.15 4673.66 229.37 10 0 2 10 438817 31.1771 184830 1.08272 2.52576e+06 438817 ZonesAtSurface
3381.17 4673.65 219.355 2 0 2 11 394260 44.4735 52257.3 1.07675 4.63408e+06 394260 ZonesAtSurface
3431.18 4673.66 259.345 0 0 2 11 254927 38.7544 59769.6 1.16647 2.45087e+06 254927 ZonesAtSurface
3481.24 4673.59 199.334 1 0 1 13 1.34618e+06 36.0303 171407 1.22612 8.21679e+06 1.34618e+06 ZonesAtSurface
3531.24 4673.62 289.315 2 0 2 12 308450 44.7531 55527.2 1.08174 2.61327e+06 308450 ZonesAtSurface
3581.27 4673.63 379.255 10 6 1 11 781798 44.47 126664 1.74928 2.55039e+06 781798 ZonesAtSurface
3631.35 4673.6 369.239 0 0 1 12 633244 43.26 181238 1.0057 5.78454e+06 633244 ZonesAtSurface
3681.42 4673.58 359.213 2 0 1 13 741485 17.9169 122230 1.0389 4.05871e+06 741485 ZonesAtSurface
3731.49 4673.55 499.094 9 9 1 11 1.61244e+06 28.5965 67667.9 1.02021 5.24769e+06 1.61244e+06 ZonesAtSurface
3781.57 4673.52 598.998 3 3 2 9 1.04293e+06 24.3362 140102 1.16577 2.67942e+06 1.04293e+06 ZonesAtSurface
3831.67 4673.5 608.991 1 8 2 8 874790 25.0137 100357 1.49676 1.79323e+06 874790 ZonesAtSurface
3881.76 4673.5 569.051 3 0 2 8 356982 37.9585 143845 1.15403 1.56165e+06 356982 ZonesAtSurface
3931.84 4673.49 529.102 8 0 2 8 229851 38.7219 47053.3 1.06869 2.02627e+06 229851 ZonesAtSurface
3981.91 4673.49 539.111 6 0 2 7 328898 31.2732 59594.4 1.18413 1.32248e+06 328898 ZonesAtSurface
4031.96 4673.5 549.136 0 10 2 6 1.58919e+06 27.3771 117402 2.05908 2.53584e+06 1.58919e+06 ZonesAtSurface
4082.04 4673.47 459.205 3 4 1 7 1.43612e+06 20.8018 69260.5 1.15358 3.94714e+06 1.43612e+06 ZonesAtSurface
4132.09 4673.49 469.241 6 6 2 6 938681 20.3896 92898.6 1.4099 1.96105e+06 938681 ZonesAtSurface
4182.14 4673.44 379.304 0 0 1 7 788460 31.9106 176090 1.14926 4.46179e+06 788460 ZonesAtSurface
4232.19 4673.43 339.341 0 0 1 7 1.55689e+06 34.0931 176694 1.45003 6.11941e+06 1.55689e+06 ZonesAtSurface
4282.23 4673.41 299.377 10 0 1 7 1.01208e+06 17.915 115752 1.07497 3.3514e+06 1.01208e+06 ZonesAtSurface
4332.29 4673.41 259.417 8 7 1 7 1.70454e+06 24.1385 84768.9 1.07944 4.85731e+06 1.70454e+06 ZonesAtSurface
4382.34 4673.39 169.451 5 0 1 8 528583 40.0516 41366.2 1.01993 5.10438e+06 528583 ZonesAtSurface
4432.39 4673.41 179.479 5 5 2 7 1.07671e+06 16.2273 61185.2 1.14451 2.59661e+06 1.07671e+06 ZonesAtSurface
4482.42 4673.44 139.504 9 4 2 7 114730 31.0516 65251.7 0 183820 114730 ZonesAtSurface
4532.31 4673.46 49.5418 2 0 1 8 1.84712e+06 38.6778 91133.8 1.42089 1.3003e+07 1.84712e+06 ZonesAtSurface
4582.24 4673.49 9.55079 30 0 1 8 1.52263e+06 22.706 147243 1.09082 9.54508e+06 1.52263e+06 ZonesAtSurface
4632.1 4673.54 19.635 42 1 1 7 1.7807e+06 15.3293 187212 1.35557 3.75518e+06 1.7807e+06 ZonesAtSurface
4681.96 4673.57 29.6844 54 3 1 6 174119 41.8155 63396.2 1.27526 761019 174119 ZonesAtSurface
4731.85 4673.61 39.7301 81 6 1 5 157073 23.3961 26897.7 0.793297 562728 157073 ZonesAtSurface
4781.76 4673.61 49.7839 66 47 1 4 1.2788e+06 35.5078 154628 1.40207 3.29586e+06 1.2788e+06 ZonesAtSurface
4831.77 4673.65 59.7725 115 47 1 3 915007 21.6758 88275.6 1.34025 1.93538e+06 915007 ZonesAtSurface
4881.7 4673.67 69.799 48 93 1 2 1.55584e+06 31.2415 95968.4 1.19167 4.58019e+06 1.55584e+06 ZonesAtSurface
4931.52 4673.81 79.7073 139 85 1 1 145472 22.1938 177783 0.911017 979831 145472 ZonesAtSurface
81.7615 4723.67 -41.6081 107 0 1 3 379380 21.0934 160398 1.3967 5.59146e+06 379380 ZonesAtSurface
131.553 4723.68 -16.3076 130 71 1 3 1.60075e+06 16.6264 89484.5 1.16484 3.93758e+06 1.60075e+06 ZonesAtSurface
181.341 4723.57 -41.437 107 11 1 4 1.5923e+06 32.1096 105114 1.0126 5.54706e+06 1.5923e+06 ZonesAtSurface
231.153 4723.58 -16.357 110 55 1 4 1.09346e+06 31.8226 129353 1.7432 2.80525e+06 1.09346e+06 ZonesAtSurface
281.024 4723.55 -41.5164 109 0 1 5 556113 30.2762 124567 0.999329 4.73112e+06 556113 ZonesAtSurface
330.877 4723.58 -16.4962 100 0 1 5 188247 29.8383 142480 1.26145 1.48895e+06 188247 ZonesAtSurface
380.819 4723.55 -41.5631 89 0 1 6 353358 29.5638 38947.4 1.0537 5.24635e+06 353358 ZonesAtSurface
430.705 4723.56 -16.5384 89 0 1 6 133410 37.4377 174256 1.65751 1.91667e+06 133410 ZonesAtSurface
480.624 4723.51 -41.7136 73 0 1 7 1.04599e+06 26.736 143543 1.06911 5.14356e+06 1.04599e+06 ZonesAtSurface
530.524 4723.52 -16.7201 55 22 1 7 1.83387e+06 29.4781 89589.8 1.6098 4.78102e+06 1.83387e+06 ZonesAtSurface
580.542 4723.47 -41.8258 43 0 1 8 371374 28.8678 53909.4 1.0277 5.64568e+06 371374 ZonesAtSurface
630.471 4723.46 -16.8859 25 0 1 8 1.54005e+06 34.3321 129704 1.0454 8.27022e+06 1.54005e+06 ZonesAtSurface
680.342 4723.47 58.0476 3 2 2 7 1.03373e+06 15.5023 130729 1.06089 2.59756e+06 1.03373e+06 ZonesAtSurface
730.334 4723.44 133.008 8 7 2 6 571432 31.4313 188136 0.981801 1.66011e+06 571432 ZonesAtSurface
780.369 4723.4 157.978 7 7 2 6 1.55754e+06 23.8503 41475.1 1.13283 4.4517e+06 1.55754e+06 ZonesAtSurface
830.409 4723.38 182.947 4 0 2 6 473791 18.0945 124775 1.00791 2.12124e+06 473791 ZonesAtSurface
880.452 4723.37 207.92 3 0 1 6 440877 25.4637 180828 1.01483 3.42563e+06 440877 ZonesAtSurface
930.497 4723.36 182.9 3 0 1 7 1.08934e+06 21.0598 60888.1 1.00281 6.09213e+06 1.08934e+06 ZonesAtSurface
980.532 4723.35 257.869 8 0 1 6 771819 32.9054 140757 1.05835 5.36111e+06 771819 ZonesAtSurface
1030.62 4723.38 382.841 8 8 2 4 905791 18.2425 181447 1.76091 1.38901e+06 905791 ZonesAtSurface
1080.63 4723.37 357.811 8 0 1 5 866361 24.2706 120019 1.04166 2.66647e+06 866361 ZonesAtSurface
1130.68 4723.37 382.783 9 0 1 5 487329 21.1948 86268.7 1.02636 1.60919e+06 487329 ZonesAtSurface
1180.73 4723.37 407.754 6 1 1 5 1.12044e+06 37.7585 127681 1.01903 4.14453e+06 1.12044e+06 ZonesAtSurface
1230.78 4723.37 432.726 0 2 1 5 1.31251e+06 35.8562 16159.8 1.167 4.45112e+06 1.31251e+06 ZonesAtSurface
1280.82 4723.38 457.701 0 8 1 5 1.88377e+06 37.9625 76007.3 2.17405 3.47671e+06 1.88377e+06 ZonesAtSurface
1330.86 4723.38 482.678 7 8 1 5 1.60183e+06 16.1529 77494.6 1.19484 3.54154e+06 1.60183e+06 ZonesAtSurface
1380.89 4723.36 457.654 7 0 1 6 320887 34.3549 42871.8 1.02299 3.6485e+06 320887 ZonesAtSurface
1430.94 4723.36 482.636 0 6 2 6 1.81468e+06 39.0205 53561.6 1.37519 5.44265e+06 1.81468e+06 ZonesAtSurface
1480.99 4723.35 507.62 0 0 2 6 1.16052e+06 18.6524 84258.2 1.26777 2.50392e+06 1.16052e+06 ZonesAtSurface
1531.03 4723.36 532.608 0 5 2 6 1.7185e+06 28.4691 97961.7 1.51935 3.73317e+06 1.7185e+06 ZonesAtSurface
1581.08 4723.36 507.604 6 0 1 7 249686 35.1938 14752.6 1.05965 3.21912e+06 249686 ZonesAtSurface
1631.13 4723.34 482.608 1 0 1 8 307094 39.2121 166963 1.06017 3.69305e+06 307094 ZonesAtSurface
1681.18 4723.36 507.607 0 0 2 8 1.38294e+06 21.8858 178065 1.01675 4.80487e+06 1.38294e+06 ZonesAtSurface
1731.24 4723.41 532.614 0 1 2 8 531190 19.4852 10592.1 0.978538 1.54046e+06 531190 ZonesAtSurface
1781.32 4723.34 407.653 2 0 1 11 127948 28.2443 138216 1.05384 4.01689e+06 127948 ZonesAtSurface
1831.38 4723.35 382.679 4 0 1 12 1.22255e+06 37.5538 103521 1.06397 6.25166e+06 1.22255e+06 ZonesAtSurface
1881.45 4723.36 357.714 0 0 1 13 566640 15.0643 10331.8 1.05407 3.64077e+06 566640 ZonesAtSurface
1931.52 4723.37 332.746 2 0 1 14 198946 29.6287 102756 1.03192 6.27631e+06 198946 ZonesAtSurface
1981.58 4723.39 307.777 3 0 1 15 223251 18.375 149196 1.01214 4.39961e+06 223251 ZonesAtSurface
2031.63 4723.43 320.312 10 0 1 14 1.29056e+06 29.5982 170071 1.02882 5.84879e+06 1.29056e+06 ZonesAtSurface
2081.66 4723.46 270.35 7 0 1 13 1.76051e+06 36.2531 50512.3 1.11689 6.41644e+06 1.76051e+06 ZonesAtSurface
2131.65 4723.45 170.372 0 0 1 13 648768 33.0617 164000 2.74208 6.72587e+06 648768 ZonesAtSurface
2181.64 4723.45 120.399 10 0 1 12 217980 17.8726 40425 1.60472 5.85285e+06 217980 ZonesAtSurface
2231.61 4723.44 70.4188 0 0 0 0 983145 43.5298 88990.3 5.87373 9.58705e+06 983145 ZonesAtSurface
2281.6 4723.44 70.4469 9 0 0 0 665293 33.0454 119332 1.1233 9.77261e+06 665293 ZonesAtSurface
2331.59 4723.41 20.4534 0 0 0 0 449200 40.1423 125276 1.92175 1.27954e+07 449200 ZonesAtSurface
2381.57 4723.39 -29.5511 0 0 0 0 1.07184e+06 35.9866 61812.5 2.78274 1.16361e+07 1.07184e+06 ZonesAtSurface
2431.53 4723.36 -29.5564 0 0 0 0 682867 28.5449 89446.7 1.55428 1.30334e+07 682867 ZonesAtSurface
2481.5 4723.31 -29.582 0 0 0 0 1.80322e+06 32.6151 144358 1.94985 1.67643e+07 1.80322e+06 ZonesAtSurface
2531.45 4723.27 -59.6321 4 0 0 0 686958 32.0841 39738 1.63917 1.5658e+07 686958 ZonesAtSurface
2581.41 4723.27 -69.6472 0 0 0 0 1.31977e+06 32.5696 33872.2 2.02359 1.44763e+07 1.31977e+06 ZonesAtSurface
2631.37 4723.18 -29.6703 0 0 0 0 176180 38.7744 140897 1.96397 1.71296e+07 176180 ZonesAtSurface
2681.34 4723.23 -39.657 4 0 0 0 1.70635e+06 19.9008 31784.1 1.19269 1.3622e+07 1.70635e+06 ZonesAtSurface
2731.3 4723.19 0.335976 4 0 0 0 1.88193e+06 21.0879 29313.3 1.04638 1.56996e+07 1.88193e+06 ZonesAtSurface
2781.25 4723.17 40.3325 0 0 0 0 1.54247e+06 28.4003 118897 1.28688 1.70756e+07 1.54247e+06 ZonesAtSurface
2831.22 4723.17 80.3296 5 0 0 0 1.27356e+06 32.0666 60627.3 1.25232 1.78441e+07 1.27356e+06 ZonesAtSurface
2881.17 4723.29 70.3516 0 0 0 0 1.21006e+06 36.0181 178481 1.89206 1.41998e+07 1.21006e+06 ZonesAtSurface
2931.13 4723.4 60.3716 0 0 0 0 1.35727e+06 39.7646 104662 3.94078 9.74126e+06 1.35727e+06 ZonesAtSurface
2981.11 4723.42 100.367 0 0 0 0 1.0151e+06 31.608 134178 1.82366 1.05294e+07 1.0151e+06 ZonesAtSurface
3031.13 4723.35 190.338 0 0 0 0 1.757e+06 34.4738 186741 1.30862 1.47009e+07 1.757e+06 ZonesAtSurface
3081.15 4723.38 230.334 0 0 0 0 626422 44.7546 86186.3 1.689 1.38191e+07 626422 ZonesAtSurface
3131.14 4723.49 220.353 0 0 0 0 1.59066e+06 43.8244 65863.4 2.61829 9.61304e+06 1.59066e+06 ZonesAtSurface
3181.12 4723.6 160.382 0 0 0 0 986203 39.0888 91916.9 2.96102 6.4387e+06 986203 ZonesAtSurface
3231.13 4723.65 150.389 3 0 0 0 803439 36.3731 146116 1.32501 7.61889e+06 803439 ZonesAtSurface
3281.13 4723.66 140.391 6 0 1 11 812717 35.6666 115139 1.0393 7.11757e+06 812717 ZonesAtSurface
3331.13 4723.68 180.378 0 0 2 11 1.0599e+06 43.5349 53335.5 0 4.54247e+06 1.0599e+06 ZonesAtSurface
3381.15 4723.64 170.366 6 0 1 12 1.75138e+06 44.2492 57493.5 1.07016 8.62885e+06 1.75138e+06 ZonesAtSurface
3431.17 4723.64 210.353 10 0 1 12 1.15931e+06 32.9398 117644 1.07684 5.09931e+06 1.15931e+06 ZonesAtSurface
3481.18 4723.64 250.339 9 0 2 12 653912 24.465 12704.1 1.15662 2.23736e+06 653912 ZonesAtSurface
3531.25 4723.6 240.328 3 0 1 13 791066 24.2867 64814.2 1.02624 5.2246e+06 791066 ZonesAtSurface
3581.26 4723.62 330.281 10 0 1 12 687975 17.9748 157603 0.984456 2.77449e+06 687975 ZonesAtSurface
3631.3 4723.63 420.19 6 6 2 11 1.36909e+06 22.2773 64491.2 1.03928 3.9677e+06 1.36909e+06 ZonesAtSurface
3681.4 4723.58 360.216 3 0 1 13 1.7193e+06 26.2988 87049.4 1.02727 6.65218e+06 1.7193e+06 ZonesAtSurface
3731.46 4723.57 450.127 4 0 1 12 541634 39.4458 49398.2 1.01398 3.48599e+06 541634 ZonesAtSurface
3781.54 4723.53 550.036 0 0 1 10 1.43605e+06 40.0033 109338 1.28205 4.69581e+06 1.43605e+06 ZonesAtSurface
3831.64 4723.51 560.033 0 0 2 9 376646 44.7485 99956.3 1.32283 1.88488e+06 376646 ZonesAtSurface
3881.73 4723.47 470.13 2 0 1 10 1.76231e+06 33.4755 16601.7 1.01064 9.35281e+06 1.76231e+06 ZonesAtSurface
3931.81 4723.5 530.095 0 0 2 8 1.36274e+06 15.2932 29958.6 1.10727 3.23421e+06 1.36274e+06 ZonesAtSurface
3981.89 4723.48 490.138 1 0 1 8 791736 43.1634 32388.2 1.09862 4.16236e+06 791736 ZonesAtSurface
4031.96 4723.46 450.178 2 2 1 8 1.42469e+06 36.9851 27296.8 1.01938 5.61047e+06 1.42469e+06 ZonesAtSurface
4082.02 4723.48 460.201 4 2 2 7 924151 43.6905 153114 1.3324 3.56917e+06 924151 ZonesAtSurface
4132.07 4723.47 420.247 0 3 2 7 1.54584e+06 44.0979 76184 1.26742 6.01266e+06 1.54584e+06 ZonesAtSurface
4182.12 4723.45 380.293 9 0 1 7 120586 36.0854 81422.9 1.2829 2.57226e+06 120586 ZonesAtSurface
4232.16 4723.42 340.332 0 0 1 7 1.18437e+06 42.7946 42132.4 1.3847 6.09685e+06 1.18437e+06 ZonesAtSurface
4282.21 4723.4 300.369 4 0 1 7 1.30078e+06 37.3046 34356.9 1.23201 7.07655e+06 1.30078e+06 ZonesAtSurface
4332.27 4723.37 210.404 7 0 1 8 708495 21.2182 132424 1.01601 4.70903e+06 708495 ZonesAtSurface
4382.31 4723.38 170.439 1 0 1 8 679500 40.6458 58030.9 1.03269 5.6899e+06 679500 ZonesAtSurface
4432.36 4723.41 180.471 9 9 1 7 1.46949e+06 28.3937 30296.4 1.52889 3.43637e+06 1.46949e+06 ZonesAtSurface
4482.39 4723.45 140.496 4 5 2 7 613830 36.4014 131762 0 2.04667e+06 613830 ZonesAtSurface
4532.3 4723.46 50.5296 1 0 2 8 176903 28.3267 150899 1.18632 5.81623e+06 176903 ZonesAtSurface
4582.23 4723.48 10.5401 7 0 1 8 1.46816e+06 43.8251 82534.1 1.45491 1.26623e+07 1.46816e+06 ZonesAtSurface
4632.1 4723.51 20.6253 38 6 1 7 1.73164e+06 31.9335 55230.8 1.59162 5.09795e+06 1.73164e+06 ZonesAtSurface
4681.99 4723.53 30.6857 50 17 1 6 1.68631e+06 29.5164 22937.9 1.59942 3.71842e+06 1.68631e+06 ZonesAtSurface
4731.81 4723.6 40.764 75 32 1 5 1.00798e+06 30.5865 16654.9 0 2.99127e+06 1.00798e+06 ZonesAtSurface
4781.78 4723.59 50.771 50 48 1 4 1.75042e+06 29.0109 20022.6 1.4748 4.02373e+06 1.75042e+06 ZonesAtSurface
4831.8 4723.6 60.7466 116 12 1 3 149871 43.8207 44217.5 1.37115 402668 149871 ZonesAtSurface
4881.68 4723.62 70.7699 118 83 1 2 718152 41.7206 58299.1 1.07531 3.01761e+06 718152 ZonesAtSurface
4931.63 4723.69 80.7384 155 29 1 1 343521 21.796 54527.8 1.17469 1.39646e+06 343521 ZonesAtSurface
81.7592 4773.59 -40.6126 118 0 1 3 403580 33.7624 172616 1.43698 9.38736e+06 403580 ZonesAtSurface
131.552 4773.62 -15.3134 123 71 1 3 1.47269e+06 30.142 173202 1.24644 4.47511e+06 1.47269e+06 ZonesAtSurface
181.358 4773.5 -40.432 128 0 1 4 1.34029e+06 16.0945 150777 1.04793 4.62771e+06 1.34029e+06 ZonesAtSurface
231.183 4773.49 -15.3515 108 0 1 4 149942 23.8595 108012 1.24411 1.50011e+06 149942 ZonesAtSurface
281.046 4773.48 -40.5242 98 0 1 5 497913 37.1527 28279.2 1.00547 5.27611e+06 497913 ZonesAtSurface
330.904 4773.51 -15.4931 99 7 1 5 594634 30.7891 12396 1.3216 1.85157e+06 594634 ZonesAtSurface
380.832 4773.5 -40.5859 86 0 1 6 1.1837e+06 23.5013 85551.8 1.02314 4.84962e+06 1.1837e+06 ZonesAtSurface
430.721 4773.52 -15.542 80 61 1 6 1.64539e+06 41.3386 128602 1.84413 4.71678e+06 1.64539e+06 ZonesAtSurface
480.652 4773.48 -40.7002 62 0 1 7 1.70091e+06 36.7567 55478.5 1.09527 7.81733e+06 1.70091e+06 ZonesAtSurface
530.535 4773.5 -15.7305 57 8 1 7 1.26672e+06 35.9794 147223 2.04959 3.42639e+06 1.26672e+06 ZonesAtSurface
580.563 4773.45 -40.8321 35 0 1 8 898321 24.0173 179416 1.02077 5.89227e+06 898321 ZonesAtSurface
630.489 4773.44 -15.8826 19 0 1 8 1.28944e+06 39.4287 95837 1.04344 8.33604e+06 1.28944e+06 ZonesAtSurface
680.452 4773.42 9.06532 9 0 1 8 1.73053e+06 23.8293 63014.2 1.00817 9.53817e+06 1.73053e+06 ZonesAtSurface
730.38 4773.42 84.0127 10 0 1 7 868009 44.1131 164676 1.0266 6.63179e+06 868009 ZonesAtSurface
780.404 4773.39 108.981 8 0 1 7 361272 26.3719 129080 1.00985 5.02282e+06 361272 ZonesAtSurface
830.415 4773.36 183.939 2 0 1 6 254927 33.795 106779 1.00965 4.59472e+06 254927 ZonesAtSurface
880.458 4773.35 258.912 7 0 2 5 512441 38.4935 187931 1.08489 2.67171e+06 512441 ZonesAtSurface
930.5 4773.34 283.887 8 0 1 5 462417 23.2386 185262 1.0151 1.93477e+06 462417 ZonesAtSurface
980.534 4773.34 258.862 4 0 1 6 953682 25.7108 183375 1.01188 4.77981e+06 953682 ZonesAtSurface
1030.57 4773.34 283.834 3 0 1 6 1.23908e+06 43.0199 126243 1.23249 5.46454e+06 1.23908e+06 ZonesAtSurface
1080.63 4773.36 358.807 0 2 2 5 1.72084e+06 30.7988 60603.6 1.60603 3.7834e+06 1.72084e+06 ZonesAtSurface
1130.68 4773.36 383.778 5 4 2 5 556197 29.0339 70565.2 1.23107 1.51822e+06 556197 ZonesAtSurface
1180.73 4773.36 408.749 4 0 2 5 525296 35.9297 65357.8 1.03625 2.64761e+06 525296 ZonesAtSurface
1230.77 4773.36 433.721 8 4 1 5 1.53607e+06 25.2063 22859.8 1.08681 4.47891e+06 1.53607e+06 ZonesAtSurface
1280.8 4773.35 408.694 2 0 1 6 177854 27.3408 129694 1.00906 3.17229e+06 177854 ZonesAtSurface
1330.84 4773.35 433.67 5 0 2 6 808959 23.9699 29083.6 1.02495 3.56e+06 808959 ZonesAtSurface
1380.89 4773.35 458.648 0 1 2 6 1.59001e+06 42.8034 38747.9 1.31525 5.44631e+06 1.59001e+06 ZonesAtSurface
1430.93 4773.35 483.629 3 2 1 6 1.47442e+06 15.7046 144421 1.02749 3.70065e+06 1.47442e+06 ZonesAtSurface
1480.97 4773.33 458.616 2 0 1 7 806555 24.3595 148891 1.00545 4.40724e+06 806555 ZonesAtSurface
1531.02 4773.36 533.602 10 0 1 6 190255 40.8506 97785.8 1.05361 3.75002e+06 190255 ZonesAtSurface
1581.06 4773.37 558.596 8 0 2 6 385773 28.9522 68112.7 1.10559 1.30917e+06 385773 ZonesAtSurface
1631.12 4773.33 483.596 1 0 2 8 294149 19.654 162576 1.11175 2.41155e+06 294149 ZonesAtSurface
1681.16 4773.39 558.602 5 2 1 7 929589 41.1899 157358 1.29477 2.86272e+06 929589 ZonesAtSurface
1731.24 4773.32 433.624 3 0 1 10 130255 19.4903 142963 1.06296 2.69299e+06 130255 ZonesAtSurface
1781.29 4773.34 458.643 0 0 1 10 1.57064e+06 39.8969 170262 1.38292 7.03675e+06 1.57064e+06 ZonesAtSurface
1831.36 4773.34 383.667 2 0 1 12 1.40668e+06 35.215 139611 1.28839 8.0589e+06 1.40668e+06 ZonesAtSurface
1881.43 4773.35 358.7 7 0 1 13 1.08867e+06 22.2142 90284.7 1.04064 7.36442e+06 1.08867e+06 ZonesAtSurface
1931.49 4773.36 333.739 0 0 1 14 1.53413e+06 16.4426 152889 1.01378 5.9868e+06 1.53413e+06 ZonesAtSurface
1981.54 4773.41 408.779 0 8 1 13 1.51809e+06 29.1637 61952.6 1.47114 3.48274e+06 1.51809e+06 ZonesAtSurface
2031.58 4773.42 271.297 1 0 1 15 655791 23.5673 165292 1.03757 7.03194e+06 655791 ZonesAtSurface
2081.6 4773.45 221.329 0 0 1 14 454000 29.3837 115954 1.77708 6.66953e+06 454000 ZonesAtSurface
2131.6 4773.48 171.362 0 0 1 13 1.00485e+06 42.1331 139664 4.84758 6.8593e+06 1.00485e+06 ZonesAtSurface
2181.59 4773.48 121.389 6 0 1 12 462096 37.6164 147947 3.02749 9.44103e+06 462096 ZonesAtSurface
2231.59 4773.44 21.4033 0 0 0 0 1.78787e+06 22.5557 98949.8 2.76353 6.38881e+06 1.78787e+06 ZonesAtSurface
2281.55 4773.45 21.4309 8 0 0 0 192170 38.0272 19793.2 2.84904 1.31123e+07 192170 ZonesAtSurface
2331.55 4773.42 -28.5627 9 0 0 0 1.16078e+06 23.6459 76252.5 1.65106 1.12191e+07 1.16078e+06 ZonesAtSurface
2381.51 4773.4 -28.5562 10 0 0 0 1.31955e+06 31.7474 12228 1.59641 1.30673e+07 1.31955e+06 ZonesAtSurface
2431.47 4773.36 -28.5629 9 0 0 0 1.81109e+06 37.8831 182298 1.97771 1.58788e+07 1.81109e+06 ZonesAtSurface
2481.47 4773.39 -128.583 3 0 0 0 1.60056e+06 15.3246 71565.8 1.19567 1.10016e+07 1.60056e+06 ZonesAtSurface
2531.42 4773.35 -108.614 8 0 0 0 943107 22.296 35323.5 1.21076 1.24211e+07 943107 ZonesAtSurface
2581.37 4773.28 -68.646 0 0 0 0 1.82135e+06 38.4347 107052 2.68444 1.50442e+07 1.82135e+06 ZonesAtSurface
2631.34 4773.18 -28.6739 3 0 0 0 1.53439e+06 25.5677 63776.7 1.15109 1.8111e+07 1.53439e+06 ZonesAtSurface
2681.3 4773.1 11.313 10 0 0 0 523138 36.8148 88056 1.28027 2.31149e+07 523138 ZonesAtSurface
2731.24 4773.21 1.34707 3 0 0 0 1.33686e+06 27.758 109144 1.1612 1.81052e+07 1.33686e+06 ZonesAtSurface
2781.2 4773.37 -58.5988 0 0 0 0 922499 36.5899 187366 3.86894 9.99741e+06 922499 ZonesAtSurface
2831.13 4773.32 31.3776 7 0 0 0 1.10907e+06 27.4669 71460 1.1789 1.47827e+07 1.10907e+06 ZonesAtSurface
2881.08 4773.41 21.3969 0 0 0 0 1.49947e+06 32.5404 123921 2.40695 1.07733e+07 1.49947e+06 ZonesAtSurface
2931.05 4773.35 111.362 9 0 0 0 822396 25.5459 12853.4 1.00201 1.16885e+07 822396 ZonesAtSurface
2981.02 4773.45 101.381 6 0 0 0 1.76614e+06 21.6607 37722.9 1.01855 1.07066e+07 1.76614e+06 ZonesAtSurface
3031 4773.51 91.3961 0 0 0 0 220841 40.7606 177769 2.12738 1.01639e+07 220841 ZonesAtSurface
3081 4773.51 131.386 0 0 0 0 1.79745e+06 32.7253 108012 1.86556 8.93095e+06 1.79745e+06 ZonesAtSurface
3131.02 4773.54 171.376 0 0 0 0 1.42738e+06 36.7681 164977 1.91536 8.04613e+06 1.42738e+06 ZonesAtSurface
3181.05 4773.61 111.404 0 0 0 0 428384 29.8847 131144 1.71651 6.33547e+06 428384 ZonesAtSurface
3231.08 4773.66 101.411 8 0 0 0 1.47396e+06 27.9183 108497 1.42068 5.52661e+06 1.47396e+06 ZonesAtSurface
3281.09 4773.66 91.4084 5 0 1 12 161708 36.7134 121997 1.05845 6.99494e+06 161708 ZonesAtSurface
3331.11 4773.61 81.3876 6 0 1 13 622794 17.7549 66173.5 1.01632 4.91821e+06 622794 ZonesAtSurface
3381.07 4773.73 221.372 4 7 2 11 959783 19.1434 95534.2 1.41825 1.90613e+06 959783 ZonesAtSurface
3431.15 4773.61 161.353 6 0 1 13 1.03813e+06 41.0471 98077.6 1.05003 7.56094e+06 1.03813e+06 ZonesAtSurface
3481.07 4773.67 301.344 4 5 1 11 970185 21.1165 98151.5 1.33588 2.09093e+06 970185 ZonesAtSurface
3531.22 4773.6 241.33 8 0 1 13 1.07808e+06 42.1993 184124 1.08358 5.24126e+06 1.07808e+06 ZonesAtSurface
3581.26 4773.59 281.307 2 0 1 13 139257 42.7705 136165 1.23229 6.76118e+06 139257 ZonesAtSurface
3631.27 4773.62 371.234 4 0 1 12 1.05313e+06 32.7977 178879 1.02626 3.51453e+06 1.05313e+06 ZonesAtSurface
3681.37 4773.57 361.217 3 0 1 13 600692 42.5122 87678.4 1.03965 6.19703e+06 600692 ZonesAtSurface
3731.45 4773.55 401.166 3 0 2 13 858755 34.0585 161649 0.999992 4.58563e+06 858755 ZonesAtSurface
3781.49 4773.53 551.026 6 3 1 10 680077 35.9453 101800 1.03872 2.30331e+06 680077 ZonesAtSurface
3831.59 4773.51 610.979 0 4 2 8 1.3376e+06 24.6133 137634 1.41293 2.91964e+06 1.3376e+06 ZonesAtSurface
3881.7 4773.46 471.115 4 0 1 10 1.51552e+06 27.5583 127508 1.0169 7.08013e+06 1.51552e+06 ZonesAtSurface
3931.78 4773.46 481.122 7 0 1 9 1.7434e+06 21.1931 187683 1.02886 5.31738e+06 1.7434e+06 ZonesAtSurface
3981.86 4773.44 441.159 0 0 1 9 444326 18.3775 162225 1.07305 2.85852e+06 444326 ZonesAtSurface
4031.92 4773.42 401.195 0 0 1 9 1.55033e+06 29.8837 15373.1 1.02186 7.36377e+06 1.55033e+06 ZonesAtSurface
4081.99 4773.43 411.208 6 0 1 8 1.75902e+06 16.9206 113476 1.03832 4.99306e+06 1.75902e+06 ZonesAtSurface
4132.05 4773.42 371.249 10 0 1 8 974431 41.5526 56659 1.05083 7.80146e+06 974431 ZonesAtSurface
4182.09 4773.36 281.299 4 0 1 9 403388 30.4575 70677.9 1.11406 7.56782e+06 403388 ZonesAtSurface
4232.11 4773.47 391.323 7 9 2 6 917196 27.0972 175826 1.31604 2.14443e+06 917196 ZonesAtSurface
4282.17 4773.42 351.362 10 10 1 6 1.34454e+06 25.2396 79745.6 1.55296 2.85992e+06 1.34454e+06 ZonesAtSurface
4332.23 4773.36 261.397 10 0 1 7 1.64766e+06 37.7253 41556.2 1.38527 5.86031e+06 1.64766e+06 ZonesAtSurface
4382.28 4773.35 171.427 1 0 1 8 1.15595e+06 16.9039 66638.7 1.00938 4.97121e+06 1.15595e+06 ZonesAtSurface
4432.31 4773.37 131.46 9 0 1 8 119560 33.9602 16245 1.10992 9.00329e+06 119560 ZonesAtSurface
4482.26 4773.39 41.4814 0 0 1 9 867933 40.9122 43553.8 2.26762 1.01294e+07 867933 ZonesAtSurface
4532.22 4773.42 1.49183 0 0 1 9 1.8622e+06 27.8599 186266 2.27117 1.00053e+07 1.8622e+06 ZonesAtSurface
4582.21 4773.46 11.5335 21 0 1 8 536263 36.2373 79480.9 1.16702 1.1298e+07 536263 ZonesAtSurface
4632.13 4773.48 21.5977 36 0 1 7 763967 37.8051 95394.1 1.85661 4.173e+06 763967 ZonesAtSurface
4681.99 4773.51 31.6877 64 17 1 6 1.78332e+06 20.1025 54385.3 0 2.53659e+06 1.78332e+06 ZonesAtSurface
4731.79 4773.56 41.7808 89 4 1 5 382678 16.5325 54923.3 0.827745 1.24463e+06 382678 ZonesAtSurface
4781.8 4773.54 51.7452 87 27 1 4 452731 43.2107 107112 1.15428 1.55992e+06 452731 ZonesAtSurface
4831.8 4773.55 61.7364 103 58 1 3 1.1184e+06 34.3518 82042.2 1.52289 2.67897e+06 1.1184e+06 ZonesAtSurface
4881.7 4773.57 71.7426 107 70 1 2 764187 44.5221 118187 1.07432 3.02091e+06 764187 ZonesAtSurface
4931.71 4773.58 81.7434 95 105 1 1 1.7544e+06 27.7898 53792.6 1.40382 4.25649e+06 1.7544e+06 ZonesAtSurface
81.7543 4823.51 -39.6526 124 0 1 3 1.595e+06 26.0681 158693 1.28843 8.65501e+06 1.595e+06 ZonesAtSurface
131.564 4823.55 -14.3906 118 102 1 3 1.71823e+06 37.8294 25232.2 1.46182 5.53269e+06 1.71823e+06 ZonesAtSurface
181.407 4823.42 -39.4764 115 0 1 4 1.60504e+06 38.828 51127.3 1.04162 7.91407e+06 1.60504e+06 ZonesAtSurface
231.24 4823.41 -14.3785 118 49 1 4 1.14015e+06 38.5497 74020.4 2.11516 3.104e+06 1.14015e+06 ZonesAtSurface
281.076 4823.4 -39.5278 101 0 1 5 186513 42.445 44483.8 1.05632 6.48925e+06 186513 ZonesAtSurface
330.917 4823.43 -14.4964 98 0 1 5 402124 20.0463 13639.5 1.1702 1.63287e+06 402124 ZonesAtSurface
380.842 4823.45 -39.6114 86 0 1 6 1.06036e+06 20.0578 80289.7 1.05546 4.58181e+06 1.06036e+06 ZonesAtSurface
430.729 4823.5 -14.569 81 58 1 6 1.52403e+06 33.6852 22063.2 1.81748 3.82253e+06 1.52403e+06 ZonesAtSurface
480.674 4823.43 -39.7058 66 0 1 7 1.15268e+06 20.1851 18106 1.0367 4.89636e+06 1.15268e+06 ZonesAtSurface
530.548 4823.46 -14.7524 69 0 1 7 690893 15.7851 19975.1 1.16461 3.64994e+06 690893 ZonesAtSurface
580.579 4823.42 -39.8424 19 0 1 8 1.1866e+06 35.004 79989 1.01315 1.27726e+07 1.1866e+06 ZonesAtSurface
630.503 4823.42 -14.8863 22 0 1 8 285076 21.1955 26848.3 1.02577 3.56741e+06 285076 ZonesAtSurface
680.46 4823.41 10.0543 5 0 1 8 1.31076e+06 35.7307 25597 1.03739 1.11728e+07 1.31076e+06 ZonesAtSurface
730.448 4823.38 35.0132 4 0 1 8 1.62939e+06 30.9653 161673 1.03784 1.04672e+07 1.62939e+06 ZonesAtSurface
780.37 4823.35 209.955 8 5 2 5 542143 40.7523 99271.8 1.87862 1.30244e+06 542143 ZonesAtSurface
830.427 4823.34 184.931 5 0 1 6 1.08523e+06 41.6485 100522 1.0109 5.48297e+06 1.08523e+06 ZonesAtSurface
880.467 4823.33 259.904 9 2 1 5 1.87541e+06 29.7622 36793.3 1.15871 5.87933e+06 1.87541e+06 ZonesAtSurface
930.506 4823.32 284.876 0 4 2 5 1.66626e+06 41.9808 46445.3 1.34163 5.48597e+06 1.66626e+06 ZonesAtSurface
980.544 4823.32 309.851 4 0 1 5 320029 33.7193 37287.1 1.026 2.64964e+06 320029 ZonesAtSurface
1030.57 4823.33 284.828 2 0 1 6 685943 25.7547 121582 1.04455 4.91929e+06 685943 ZonesAtSurface
1080.61 4823.32 259.807 0 0 1 7 1.11229e+06 15.9026 46767.3 1.00163 4.81326e+06 1.11229e+06 ZonesAtSurface
1130.67 4823.34 384.77 10 0 1 5 791999 33.2896 13920.6 1.24094 5.44877e+06 791999 ZonesAtSurface
1180.72 4823.34 409.742 5 2 1 5 1.77604e+06 25.9445 93244.7 1.06951 5.21557e+06 1.77604e+06 ZonesAtSurface
1230.76 4823.35 434.715 10 0 2 5 924081 41.359 118269 1.06776 3.82203e+06 924081 ZonesAtSurface
1280.81 4823.35 459.69 3 5 2 5 616833 39.817 175654 1.21788 1.75851e+06 616833 ZonesAtSurface
1330.84 4823.34 434.664 2 0 2 6 244621 38.7862 43359.9 1.03179 3.14467e+06 244621 ZonesAtSurface
1380.88 4823.34 459.644 4 8 1 6 1.66471e+06 33.5905 170503 1.01583 5.728e+06 1.66471e+06 ZonesAtSurface
1430.92 4823.33 484.622 3 1 1 6 1.32124e+06 21.191 82346.8 1.00488 3.75698e+06 1.32124e+06 ZonesAtSurface
1480.96 4823.33 509.605 0 9 2 6 1.56586e+06 40.0488 119859 1.27327 5.03612e+06 1.56586e+06 ZonesAtSurface
1531.01 4823.32 484.595 1 0 1 7 1.21243e+06 30.9479 169088 1.00769 4.91387e+06 1.21243e+06 ZonesAtSurface
1581.05 4823.33 509.589 4 0 1 7 804311 22.1328 37856 1.04621 2.80064e+06 804311 ZonesAtSurface
1631.1 4823.32 484.587 1 0 1 8 1.58313e+06 21.4136 108719 1.03972 5.10052e+06 1.58313e+06 ZonesAtSurface
1681.16 4823.32 459.597 0 0 1 9 874656 39.6722 65046.5 1.02047 6.43884e+06 874656 ZonesAtSurface
1731.19 4823.35 534.616 7 5 2 8 514349 42.6092 167413 1.69631 1.34374e+06 514349 ZonesAtSurface
1781.27 4823.32 459.632 3 0 2 10 413721 32.0605 184189 1.08029 3.41231e+06 413721 ZonesAtSurface
1831.33 4823.32 434.657 1 0 2 11 1.21916e+06 37.5939 104851 1.07594 5.48281e+06 1.21916e+06 ZonesAtSurface
1881.36 4823.34 459.692 7 2 1 11 533786 42.5015 93660.3 1.67701 1.49398e+06 533786 ZonesAtSurface
1931.44 4823.37 434.729 0 5 2 12 1.79986e+06 23.4652 134012 1.28737 4.17728e+06 1.79986e+06 ZonesAtSurface
1981.5 4823.42 409.765 4 6 1 13 1.02514e+06 30.3715 106650 1.30602 2.70493e+06 1.02514e+06 ZonesAtSurface
2031.54 4823.45 322.289 8 0 1 14 1.18076e+06 22.6086 88009.6 1.01789 5.52248e+06 1.18076e+06 ZonesAtSurface
2081.56 4823.47 222.319 0 0 1 14 275588 38.676 164446 3.52317 6.32488e+06 275588 ZonesAtSurface
2131.56 4823.5 172.353 0 0 1 13 1.52149e+06 32.8493 135446 3.07339 7.383e+06 1.52149e+06 ZonesAtSurface
2181.54 4823.52 122.383 8 0 1 12 1.20454e+06 28.9448 140466 2.72751 1.51408e+07 1.20454e+06 ZonesAtSurface
2231.54 4823.47 22.3981 3 0 0 0 1.46626e+06 35.3442 159872 3.77534 8.89896e+06 1.46626e+06 ZonesAtSurface
2281.56 4823.45 -27.5808 3 0 0 0 420440 27.4179 51765.2 2.16356 9.76816e+06 420440 ZonesAtSurface
2331.51 4823.45 -27.5613 3 0 0 0 1.04347e+06 20.6125 177187 1.55028 1.08412e+07 1.04347e+06 ZonesAtSurface
2381.51 4823.42 -77.5604 5 0 0 0 339125 19.5544 109061 1.37987 1.03341e+07 339125 ZonesAtSurface
2431.46 4823.41 -77.5614 0 0 0 0 1.61039e+06 32.0228 127920 2.25638 1.20103e+07 1.61039e+06 ZonesAtSurface
2481.45 4823.41 -127.569 0 0 0 0 269131 32.9015 178419 2.09364 1.23317e+07 269131 ZonesAtSurface
2531.39 4823.38 -107.586 2 0 0 0 127251 40.263 120361 2.60985 1.30768e+07 127251 ZonesAtSurface
2581.33 4823.3 -67.6132 0 0 0 0 1.80044e+06 42.0313 178696 2.75615 1.39089e+07 1.80044e+06 ZonesAtSurface
2631.29 4823.32 -77.5964 0 0 0 0 242050 39.2548 41508.7 2.96087 1.20607e+07 242050 ZonesAtSurface
2681.24 4823.35 -87.58 0 0 0 0 1.57427e+06 35.1828 72782.6 3.33548 1.12847e+07 1.57427e+06 ZonesAtSurface
2731.17 4823.25 2.38891 0 0 0 0 1.6228e+06 33.7079 54792.4 1.3156 1.83142e+07 1.6228e+06 ZonesAtSurface
2781.1 4823.25 42.392 0 0 0 0 1.50119e+06 42.6924 168859 1.5007 1.94444e+07 1.50119e+06 ZonesAtSurface
2831.05 4823.41 -17.5668 0 0 0 0 751267 36.3367 161368 2.53182 1.20533e+07 751267 ZonesAtSurface
2880.98 4823.44 22.4297 0 0 0 0 1.79766e+06 42.1973 35202.5 3.52829 1.1834e+07 1.79766e+06 ZonesAtSurface
2930.95 4823.49 12.4398 0 0 0 0 1.43951e+06 36.9846 67728.2 2.69147 1.07335e+07 1.43951e+06 ZonesAtSurface
2980.9 4823.52 52.4299 0 0 0 0 735957 19.9336 118371 1.62494 6.47849e+06 735957 ZonesAtSurface
3030.9 4823.52 42.4305 8 0 0 0 1.82876e+06 31.1779 11232.4 1.36375 1.32903e+07 1.82876e+06 ZonesAtSurface
3080.98 4823.51 -17.5677 6 0 0 0 1.192e+06 34.2058 86272.3 1.42504 1.29989e+07 1.192e+06 ZonesAtSurface
3131.01 4823.5 -27.5747 0 0 0 0 1.62659e+06 39.6989 40700.9 2.14047 1.3121e+07 1.62659e+06 ZonesAtSurface
3181.01 4823.53 12.4203 10 0 0 0 423620 17.5407 177837 1.04874 6.285e+06 423620 ZonesAtSurface
3231.06 4823.55 2.41136 3 0 0 0 280172 38.4825 59548.9 1.74885 9.13139e+06 280172 ZonesAtSurface
3281.09 4823.53 -7.6065 2 0 1 14 1.67518e+06 44.002 162204 1.25045 1.45186e+07 1.67518e+06 ZonesAtSurface
3331.09 4823.54 32.3824 7 0 1 14 1.32493e+06 17.8549 95716.7 1.00974 7.15077e+06 1.32493e+06 ZonesAtSurface
3381.1 4823.54 72.3684 0 0 1 14 1.21279e+06 43.1739 15898.9 1.02873 1.094e+07 1.21279e+06 ZonesAtSurface
3431.13 4823.54 112.353 1 0 1 14 1.3842e+06 37.0792 100101 1.10429 1.10741e+07 1.3842e+06 ZonesAtSurface
3481.01 4823.63 252.345 9 3 1 12 1.48541e+06 39.3263 170056 0.981513 5.80312e+06 1.48541e+06 ZonesAtSurface
3531.14 4823.58 242.327 2 0 1 13 340809 20.4279 28165.5 1.05021 1.73082e+06 340809 ZonesAtSurface
3581.18 4823.58 282.299 1 0 1 13 1.47445e+06 42.2052 32101.7 1.19728 7.34056e+06 1.47445e+06 ZonesAtSurface
3631.16 4823.62 372.216 0 1 2 12 1.62655e+06 41.4348 175236 1.07798 6.29244e+06 1.62655e+06 ZonesAtSurface
3681.25 4823.58 412.165 9 0 1 12 990220 40.4748 87077.8 1.16305 4.03584e+06 990220 ZonesAtSurface
3731.38 4823.54 402.166 3 0 1 13 498516 20.4903 56163.4 0.987946 3.65689e+06 498516 ZonesAtSurface
3781.39 4823.5 552.018 10 2 2 10 400630 24.8506 137299 1.0417 1.0325e+06 400630 ZonesAtSurface
3831.52 4823.47 562.007 1 0 1 9 786543 30.7655 188539 1.10615 3.22776e+06 786543 ZonesAtSurface
3881.64 4823.46 522.064 10 0 1 9 698673 16.741 83375.6 1.03058 3.23854e+06 698673 ZonesAtSurface
3931.73 4823.46 532.074 8 4 2 8 1.21627e+06 16.7544 122367 1.25352 2.6676e+06 1.21627e+06 ZonesAtSurface
3981.82 4823.42 442.149 7 0 1 9 409539 30.1172 174936 1.09994 5.03502e+06 409539 ZonesAtSurface
4031.89 4823.41 402.188 7 0 1 9 973052 42.4534 139437 1.09375 9.05503e+06 973052 ZonesAtSurface
4081.95 4823.42 412.205 6 0 1 8 1.84718e+06 23.5642 135890 1.05076 5.62096e+06 1.84718e+06 ZonesAtSurface
4132.01 4823.36 322.255 0 0 1 9 1.79443e+06 42.0086 58404.4 2.07874 9.05528e+06 1.79443e+06 ZonesAtSurface
4182.06 4823.34 282.29 0 0 1 9 1.56273e+06 42.1829 112630 2.44718 8.20053e+06 1.56273e+06 ZonesAtSurface
4232.11 4823.34 292.317 6 0 1 8 1.77864e+06 29.5105 19222.3 1.14333 9.06973e+06 1.77864e+06 ZonesAtSurface
4282.16 4823.34 252.35 0 0 1 8 1.45609e+06 27.604 96585.8 1.12208 7.99745e+06 1.45609e+06 ZonesAtSurface
4332.2 4823.34 262.386 9 0 1 7 977946 20.6479 102310 1.07893 6.02972e+06 977946 ZonesAtSurface
4382.24 4823.32 172.416 0 0 1 8 752732 16.9798 84687.6 0.999898 5.07067e+06 752732 ZonesAtSurface
4432.29 4823.32 182.448 7 0 1 7 439491 21.6379 104294 1.02173 2.23778e+06 439491 ZonesAtSurface
4482.37 4823.33 192.471 10 8 2 6 205639 32.1651 126810 0 351111 205639 ZonesAtSurface
4532.2 4823.38 2.47607 2 0 1 9 1.53359e+06 16.5775 148018 1.41437 8.80324e+06 1.53359e+06 ZonesAtSurface
4582.18 4823.41 12.5203 10 0 1 8 959501 37.9535 75454.5 1.63045 1.36831e+07 959501 ZonesAtSurface
4632.13 4823.44 22.5726 31 0 1 7 1.10545e+06 42.7954 39964.5 1.6319 1.0017e+07 1.10545e+06 ZonesAtSurface
4681.91 4823.45 32.6854 71 8 1 6 325311 21.3713 103463 0 854558 325311 ZonesAtSurface
4731.8 4823.46 42.7781 86 0 1 5 403279 19.2766 162865 1.05221 1.1657e+06 403279 ZonesAtSurface
4781.81 4823.46 52.7301 71 44 1 4 1.75192e+06 24.2584 161843 1.24394 4.29124e+06 1.75192e+06 ZonesAtSurface
4831.79 4823.5 62.7361 108 18 1 3 382869 32.1993 111964 0.993085 1.19414e+06 382869 ZonesAtSurface
4881.76 4823.52 72.7199 113 72 1 2 1.27113e+06 29.959 54391.2 1.29858 3.35916e+06 1.27113e+06 ZonesAtSurface
4931.73 4823.56 82.722 89 99 1 1 1.30664e+06 44.5475 59361.1 1.45619 4.59412e+06 1.30664e+06 ZonesAtSurface
81.7428 4873.42 -38.72 126 0 1 3 934086 29.0679 15460.5 1.30409 1.18306e+07 934086 ZonesAtSurface
131.584 4873.42 -13.5215 132 32 1 3 1.14046e+06 21.2234 34391.7 1.14842 3.09271e+06 1.14046e+06 ZonesAtSurface
181.431 4873.34 -38.5834 112 0 1 4 1.36206e+06 39.5255 68914.7 1.05857 9.26947e+06 1.36206e+06 ZonesAtSurface
231.28 4873.34 -13.4568 117 70 1 4 1.67394e+06 35.0732 186441 1.28889 5.44713e+06 1.67394e+06 ZonesAtSurface
281.116 4873.32 -38.5743 99 0 1 5 1.58668e+06 18.1356 73947.6 1.06927 5.58623e+06 1.58668e+06 ZonesAtSurface
330.959 4873.33 -13.5212 108 55 1 5 1.28316e+06 28.1028 162543 1.39481 3.45977e+06 1.28316e+06 ZonesAtSurface
380.867 4873.36 -38.6403 73 0 1 6 440262 32.314 81285.5 1.19255 4.72944e+06 440262 ZonesAtSurface
430.764 4873.39 -13.602 81 0 1 6 320658 17.7149 77824.4 1.184 1.17418e+06 320658 ZonesAtSurface
480.694 4873.36 -38.7355 56 0 1 7 587342 36.8028 165283 1.07004 6.9834e+06 587342 ZonesAtSurface
530.591 4873.38 -13.7472 43 11 1 7 1.31117e+06 40.4082 66456.3 1.35992 5.38696e+06 1.31117e+06 ZonesAtSurface
580.595 4873.38 -38.8613 26 0 1 8 315351 27.1449 133318 1.01001 1.02955e+07 315351 ZonesAtSurface
630.519 4873.38 -13.9057 19 0 1 8 158030 27.5189 101640 1.02952 8.78038e+06 158030 ZonesAtSurface
680.568 4873.35 -38.9652 0 0 1 9 597293 33.8191 106913 2.06155 1.3513e+07 597293 ZonesAtSurface
730.33 4873.34 135.972 8 3 1 6 491989 25.0525 39643.5 0 1.82197e+06 491989 ZonesAtSurface
780.398 4873.33 160.951 8 0 1 6 201274 21.6932 93775.8 0.98902 2.36553e+06 201274 ZonesAtSurface
830.44 4873.32 185.925 1 0 1 6 333380 27.2185 55703.8 1.01714 4.95354e+06 333380 ZonesAtSurface
880.477 4873.31 260.895 0 0 1 5 566561 20.5526 119353 1.01495 3.22902e+06 566561 ZonesAtSurface
930.529 4873.31 335.866 5 0 1 4 756270 35.8587 42784.2 1.04582 4.37772e+06 756270 ZonesAtSurface
980.564 4873.31 360.841 0 7 2 4 1.83027e+06 42.8499 169177 1.64039 4.92885e+06 1.83027e+06 ZonesAtSurface
1030.6 4873.3 385.815 7 3 2 4 476652 35.9222 31358.5 1.16962 1.67695e+06 476652 ZonesAtSurface
1080.63 4873.31 360.79 1 0 2 5 1.72135e+06 27.0573 161909 1.04309 5.27557e+06 1.72135e+06 ZonesAtSurface
1130.69 4873.31 435.763 10 2 2 4 163335 34.2216 67778.1 1.26703 411614 163335 ZonesAtSurface
1180.71 4873.32 410.733 9 0 1 5 918409 22.5363 26275.4 1.02358 4.01374e+06 918409 ZonesAtSurface
1230.74 4873.32 385.705 0 0 1 6 1.2813e+06 18.0169 145985 1.0053 4.5969e+06 1.2813e+06 ZonesAtSurface
1280.8 4873.34 460.683 7 0 2 5 269531 27.0759 114164 1.25036 1.03293e+06 269531 ZonesAtSurface
1330.83 4873.32 435.658 1 0 1 6 306348 40.6788 178328 1.03545 4.08327e+06 306348 ZonesAtSurface
1380.87 4873.32 460.638 8 0 1 6 1.00313e+06 36.0949 98354.4 1.0356 5.89774e+06 1.00313e+06 ZonesAtSurface
1430.91 4873.31 435.619 2 0 1 7 1.15057e+06 26.929 119115 1.00715 6.23277e+06 1.15057e+06 ZonesAtSurface
1480.95 4873.32 510.594 0 0 2 6 189713 32.8817 75874 1.04169 2.40547e+06 189713 ZonesAtSurface
1530.99 4873.32 535.581 1 0 2 6 359816 28.5417 171206 1.15888 1.39366e+06 359816 ZonesAtSurface
1581.04 4873.31 510.578 6 0 2 7 837124 36.4513 183878 1.03281 4.70121e+06 837124 ZonesAtSurface
1631.09 4873.31 485.582 2 0 1 8 1.54845e+06 32.9628 22732.3 1.09751 6.23978e+06 1.54845e+06 ZonesAtSurface
1681.13 4873.32 510.587 10 0 1 8 544137 31.0056 96509.4 1.02313 4.15767e+06 544137 ZonesAtSurface
1731.19 4873.31 485.605 7 0 1 9 519108 33.7017 78051 1.10399 3.25237e+06 519108 ZonesAtSurface
1781.24 4873.33 510.634 3 8 1 9 1.85489e+06 44.8362 35528.8 1.77982 5.06072e+06 1.85489e+06 ZonesAtSurface
1831.3 4873.33 485.655 7 2 1 10 1.86112e+06 33.1705 174110 1.16103 5.63218e+06 1.86112e+06 ZonesAtSurface
1881.36 4873.33 410.68 4 0 1 12 1.76328e+06 38.1616 20601 1.3962 6.70858e+06 1.76328e+06 ZonesAtSurface
1931.42 4873.37 385.718 1 0 1 13 127305 32.0518 53402.6 1.00383 4.32304e+06 127305 ZonesAtSurface
1981.47 4873.41 360.75 9 0 1 14 1.43243e+06 27.0536 92314.7 1.13157 6.54749e+06 1.43243e+06 ZonesAtSurface
2031.51 4873.48 373.283 8 3 2 13 161793 23.8467 12487.6 1.98566 300149 161793 ZonesAtSurface
2081.54 4873.48 223.316 7 0 1 14 966766 27.4109 130774 1.09774 7.84511e+06 966766 ZonesAtSurface
2131.55 4873.52 173.353 8 0 1 13 639572 35.9744 142403 1.3057 1.0316e+07 639572 ZonesAtSurface
2181.56 4873.5 73.3766 0 0 1 13 1.89965e+06 32.6059 119289 1.96353 1.57031e+07 1.89965e+06 ZonesAtSurface
2231.59 4873.45 -26.6011 7 0 0 0 156180 24.18 24241.7 2.35219 6.97568e+06 156180 ZonesAtSurface
2281.6 4873.42 -76.5813 6 0 0 0 436373 15.6635 34793.1 1.62561 7.17099e+06 436373 ZonesAtSurface
2331.57 4873.44 -76.5567 0 0 0 0 1.44013e+06 33.6031 79204 2.83292 1.04783e+07 1.44013e+06 ZonesAtSurface
2381.55 4873.42 -126.551 10 0 0 0 393184 18.4235 184922 1.29524 1.00191e+07 393184 ZonesAtSurface
2431.5 4873.42 -126.538 0 0 0 0 414401 35.1476 50411.1 2.31267 1.30215e+07 414401 ZonesAtSurface
2481.44 4873.43 -126.533 10 0 0 0 1.64946e+06 31.2313 180948 1.67313 1.43383e+07 1.64946e+06 ZonesAtSurface
2531.4 4873.42 -156.522 0 0 0 0 419070 42.9334 151632 2.66676 1.55557e+07 419070 ZonesAtSurface
2581.31 4873.39 -116.508 10 0 0 0 557575 36.5281 148346 1.60297 1.54954e+07 557575 ZonesAtSurface
2631.29 4873.39 -176.521 0 0 0 0 1.19515e+06 34.9844 175720 2.45349 1.39951e+07 1.19515e+06 ZonesAtSurface
2681.2 4873.39 -136.516 0 0 0 0 764790 37.2757 111009 2.38587 1.43639e+07 764790 ZonesAtSurface
2731.11 4873.4 -96.5136 0 0 0 0 761498 43.9799 45468 3.09231 1.53478e+07 761498 ZonesAtSurface
2781.02 4873.41 -56.5107 0 0 0 0 947694 42.9505 159166 2.63088 1.55406e+07 947694 ZonesAtSurface
2830.98 4873.44 -66.5161 7 0 0 0 1.0781e+06 22.3034 131846 1.04351 1.3266e+07 1.0781e+06 ZonesAtSurface
2880.97 4873.45 -76.523 0 0 0 0 1.87722e+06 43.0399 89551.2 2.84987 1.4921e+07 1.87722e+06 ZonesAtSurface
2931.05 4873.42 -136.539 0 0 0 0 102967 33.6211 105577 1.8753 1.32802e+07 102967 ZonesAtSurface
2980.98 4873.45 -96.5405 0 0 0 0 872879 29.1251 140012 1.4043 1.38181e+07 872879 ZonesAtSurface
3030.85 4873.49 -6.54338 0 0 0 0 1.45727e+06 44.0219 136912 1.61275 1.64478e+07 1.45727e+06 ZonesAtSurface
3080.97 4873.45 -66.5603 0 0 0 0 1.56292e+06 36.013 168059 1.60973 1.47194e+07 1.56292e+06 ZonesAtSurface
3130.93 4873.47 -26.5656 3 0 0 0 650993 31.1345 13643.9 1.00774 1.18789e+07 650993 ZonesAtSurface
3180.99 4873.46 -36.5838 0 0 0 0 143658 43.7281 113376 1.90274 1.56625e+07 143658 ZonesAtSurface
3231.05 4873.46 -46.5987 2 0 0 0 634650 18.8391 37388.2 1.04924 8.92807e+06 634650 ZonesAtSurface
3281.03 4873.49 -6.60091 9 0 1 14 1.88371e+06 32.7318 42951.2 1.06234 1.7853e+07 1.88371e+06 ZonesAtSurface
3331.1 4873.44 -16.6287 0 0 1 15 482878 40.6634 56250 2.10924 1.4033e+07 482878 ZonesAtSurface
3381.03 4873.5 73.3795 6 0 1 14 192633 42.12 61191.7 1.06939 6.12617e+06 192633 ZonesAtSurface
3431.04 4873.51 113.363 7 0 1 14 759204 27.2631 34720.2 1.07749 6.86151e+06 759204 ZonesAtSurface
3480.93 4873.54 203.349 8 0 1 13 1.45561e+06 24.2124 26650.7 0.996526 5.71862e+06 1.45561e+06 ZonesAtSurface
3530.81 4873.55 293.301 9 3 1 12 1.33417e+06 43.5552 45137.6 1.03557 5.97051e+06 1.33417e+06 ZonesAtSurface
3580.99 4873.54 283.287 2 0 1 13 1.08147e+06 39.1598 16406.7 1.01318 6.51415e+06 1.08147e+06 ZonesAtSurface
3630.97 4873.58 373.2 1 0 2 12 114049 20.2368 124399 1.10311 1.58132e+06 114049 ZonesAtSurface
3681.16 4873.51 363.195 10 0 1 13 943273 30.8699 68728.8 1.02713 5.96823e+06 943273 ZonesAtSurface
3731.17 4873.5 453.112 3 3 2 12 1.81057e+06 21.7322 37202.5 0 5.15213e+06 1.81057e+06 ZonesAtSurface
3781.21 4873.46 553.014 6 3 2 10 727785 16.3626 49984.4 0 2.1914e+06 727785 ZonesAtSurface
3831.32 4873.42 612.942 5 10 2 8 1.63743e+06 19.2513 118566 0.969832 4.72099e+06 1.63743e+06 ZonesAtSurface
3881.49 4873.43 573.01 10 0 1 8 232054 29.2983 30466.3 1.09362 1.44643e+06 232054 ZonesAtSurface
3931.66 4873.41 483.092 3 0 1 9 1.29563e+06 26.466 185012 1.02965 5.62017e+06 1.29563e+06 ZonesAtSurface
3981.75 4873.42 493.119 10 0 1 8 1.19629e+06 27.1331 49607.5 1.03402 5.62859e+06 1.19629e+06 ZonesAtSurface
4031.87 4873.36 353.196 0 0 1 10 1.56075e+06 38.399 132740 1.34855 1.01223e+07 1.56075e+06 ZonesAtSurface
4081.91 4873.4 413.205 10 0 1 8 195858 20.1902 179010 1.11298 3.0669e+06 195858 ZonesAtSurface
4131.97 4873.36 373.238 5 0 1 8 144228 21.9798 115549 1.19812 2.63161e+06 144228 ZonesAtSurface
4182.02 4873.33 333.273 0 0 1 8 1.73439e+06 39.4583 143566 1.51582 7.66174e+06 1.73439e+06 ZonesAtSurface
4232.05 4873.33 343.309 7 0 1 7 476535 41.9178 126459 1.41268 6.86748e+06 476535 ZonesAtSurface
4282.11 4873.32 303.341 9 0 1 7 101723 23.2824 42150.4 1.13495 4.58612e+06 101723 ZonesAtSurface
4332.17 4873.31 213.377 3 0 1 8 764325 23.1061 112179 1.08155 6.89435e+06 764325 ZonesAtSurface
4382.17 4873.3 273.413 9 0 1 6 1.53288e+06 28.9357 25614.3 1.10413 6.85138e+06 1.53288e+06 ZonesAtSurface
4432.23 4873.29 183.436 8 0 1 7 496968 21.7449 36750.8 1.04428 5.50244e+06 496968 ZonesAtSurface
4482.29 4873.29 193.461 4 6 2 6 1.61619e+06 22.2876 171233 1.31234 3.64228e+06 1.61619e+06 ZonesAtSurface
4532.21 4873.35 53.4802 7 0 1 8 407241 21.7392 122761 1.27632 6.68606e+06 407241 ZonesAtSurface
4582.16 4873.37 13.4942 6 0 1 8 1.41352e+06 35.1139 40911.3 1.79803 1.24883e+07 1.41352e+06 ZonesAtSurface
4632.08 4873.39 23.5495 43 0 1 7 1.89314e+06 21.5891 85702.1 1.43845 6.7241e+06 1.89314e+06 ZonesAtSurface
4681.89 4873.36 33.6605 42 17 1 6 1.82731e+06 43.2393 132999 2.02016 4.51797e+06 1.82731e+06 ZonesAtSurface
4731.84 4873.35 43.708 66 0 1 5 446171 36.9685 55648.8 1.18633 1.37539e+06 446171 ZonesAtSurface
4781.82 4873.39 53.6943 65 20 1 4 1.21817e+06 43.7217 163132 1.07546 4.85436e+06 1.21817e+06 ZonesAtSurface
4831.77 4873.41 63.7227 118 41 1 3 1.05705e+06 22.9773 146250 1.21026 2.56605e+06 1.05705e+06 ZonesAtSurface
4881.79 4873.45 73.6993 103 59 1 2 1.81588e+06 15.2725 40912.7 1.35246 3.51199e+06 1.81588e+06 ZonesAtSurface
4931.76 4873.48 83.7053 136 80 1 1 923253 17.6751 23744 1.16399 2.23482e+06 923253 ZonesAtSurface
81.7177 4923.33 -37.8241 121 0 1 3 455683 37.568 113539 1.45198 2.10854e+07 455683 ZonesAtSurface
131.567 4923.29 -12.7175 116 0 1 3 451560 41.0389 56736.4 1.26544 9.80763e+06 451560 ZonesAtSurface
181.431 4923.28 -37.7418 120 0 1 4 1.58352e+06 19.5745 159175 1.1048 1.14461e+07 1.58352e+06 ZonesAtSurface
231.274 4923.27 -12.6632 111 0 1 4 1.13059e+06 34.6499 156442 1.25573 8.05497e+06 1.13059e+06 ZonesAtSurface
281.144 4923.26 -37.7259 109 0 1 5 822205 17.2705 169715 1.11996 7.1639e+06 822205 ZonesAtSurface
330.994 4923.25 -12.6939 83 0 1 5 447138 40.0638 147643 1.32203 7.71281e+06 447138 ZonesAtSurface
380.897 4923.28 -37.7667 74 0 1 6 109276 19.4512 184313 1.11879 5.68127e+06 109276 ZonesAtSurface
430.786 4923.27 -12.7535 71 0 1 6 413654 38.923 135820 1.47918 3.12437e+06 413654 ZonesAtSurface
480.714 4923.29 -37.827 40 0 1 7 1.38796e+06 39.5884 12360.1 1.18604 1.69774e+07 1.38796e+06 ZonesAtSurface
530.617 4923.3 -12.8239 55 0 1 7 1.54847e+06 19.1987 67518.1 1.23381 6.86285e+06 1.54847e+06 ZonesAtSurface
580.61 4923.32 -37.9103 13 0 1 8 626601 43.1066 51230.9 1.2107 1.67692e+07 626601 ZonesAtSurface
630.541 4923.32 -12.941 15 0 1 8 889931 18.1841 23572.9 1.07777 8.5941e+06 889931 ZonesAtSurface
680.495 4923.31 12.0209 3 0 1 8 1.34369e+06 39.8285 113702 2.06153 1.35006e+07 1.34369e+06 ZonesAtSurface
730.379 4923.3 136.966 6 0 1 6 1.02214e+06 16.2142 29403.4 1.07961 3.45824e+06 1.02214e+06 ZonesAtSurface
780.412 4923.3 211.936 2 0 1 5 534396 36.0415 175610 1.02729 4.63839e+06 534396 ZonesAtSurface
830.46 4923.29 286.911 9 0 2 4 874832 18.4122 19572.5 1.02407 2.86193e+06 874832 ZonesAtSurface
880.521 4923.29 361.884 10 5 1 3 1.11306e+06 40.3979 185735 1.19959 3.93292e+06 1.11306e+06 ZonesAtSurface
930.556 4923.29 386.86 0 9 1 3 1.71035e+06 27.3071 75703.7 1.4244 3.92512e+06 1.71035e+06 ZonesAtSurface
980.592 4923.29 411.835 0 10 2 3 1.20078e+06 42.3384 71110.9 1.32811 3.97986e+06 1.20078e+06 ZonesAtSurface
1030.63 4923.29 436.809 0 9 1 3 1.899e+06 41.485 41714.8 2.22784 3.93538e+06 1.899e+06 ZonesAtSurface
1080.64 4923.29 411.782 9 0 1 4 286236 32.6034 124837 1.02935 1.97607e+06 286236 ZonesAtSurface
1130.68 4923.3 436.754 8 0 1 4 457630 22.1195 70846.4 1.04034 2.05223e+06 457630 ZonesAtSurface
1180.72 4923.3 461.726 0 10 1 4 1.87826e+06 34.1103 83747.1 1.29008 5.5192e+06 1.87826e+06 ZonesAtSurface
1230.75 4923.31 436.699 2 0 1 5 1.48025e+06 28.2859 185328 1.02146 5.24355e+06 1.48025e+06 ZonesAtSurface
1280.78 4923.31 411.676 4 0 1 6 1.50608e+06 20.4197 70971.7 1.02155 5.43699e+06 1.50608e+06 ZonesAtSurface
1330.82 4923.3 436.653 0 0 1 6 1.88897e+06 24.9012 23925.1 1.22417 6.12246e+06 1.88897e+06 ZonesAtSurface
1380.86 4923.3 461.631 1 0 1 6 905719 23.3324 128159 1.01205 4.04582e+06 905719 ZonesAtSurface
1430.9 4923.3 486.608 9 0 1 6 782240 32.3437 120680 1.03052 5.4114e+06 782240 ZonesAtSurface
1480.93 4923.3 511.586 8 0 1 6 234659 33.1927 51580.4 1.05625 4.22805e+06 234659 ZonesAtSurface
1530.97 4923.31 536.57 8 0 1 6 1.19516e+06 37.3939 185981 1.19487 6.51925e+06 1.19516e+06 ZonesAtSurface
1581.02 4923.3 511.569 7 0 1 7 1.1176e+06 15.7651 146148 1.01867 4.09614e+06 1.1176e+06 ZonesAtSurface
1631.06 4923.3 536.567 9 0 1 7 1.71924e+06 31.4997 131310 1.09869 6.39052e+06 1.71924e+06 ZonesAtSurface
1681.12 4923.3 511.579 6 0 1 8 159478 20.2486 13138.9 1.02764 2.67216e+06 159478 ZonesAtSurface
1731.18 4923.3 486.598 7 0 1 9 677633 18.1407 147939 1.03079 4.05002e+06 677633 ZonesAtSurface
1781.24 4923.3 461.621 3 0 1 10 367284 33.9413 25892.7 1.04058 5.49733e+06 367284 ZonesAtSurface
1831.29 4923.31 486.65 6 0 1 10 741678 27.0969 106256 1.09358 2.95757e+06 741678 ZonesAtSurface
1881.35 4923.33 461.69 2 1 2 11 614824 21.0196 140269 0 1.44852e+06 614824 ZonesAtSurface
1931.43 4923.36 436.735 3 6 2 12 1.35593e+06 22.5973 169657 0.941039 4.2846e+06 1.35593e+06 ZonesAtSurface
1981.47 4923.39 361.758 1 0 1 14 561301 37.3557 28721 1.12405 4.00638e+06 561301 ZonesAtSurface
2031.54 4923.44 324.297 6 2 2 14 180373 28.0262 153799 0.42914 824888 180373 ZonesAtSurface
2081.59 4923.46 224.337 5 0 1 14 1.15141e+06 35.4575 148294 0 3.74995e+06 1.15141e+06 ZonesAtSurface
2131.6 4923.41 74.3497 0 0 1 15 761637 38.024 132642 1.58836 1.60354e+07 761637 ZonesAtSurface
2181.62 4923.38 -25.6297 1 0 1 15 893616 23.7055 169594 1.7782 1.07411e+07 893616 ZonesAtSurface
2231.63 4923.38 -75.6003 3 0 0 0 183953 35.4355 180410 2.77621 1.11085e+07 183953 ZonesAtSurface
2281.63 4923.37 -125.58 4 0 0 0 1.66693e+06 20.2912 106690 2.27351 8.1494e+06 1.66693e+06 ZonesAtSurface
2331.62 4923.38 -125.533 9 0 0 0 1.51168e+06 43.5816 152747 3.42447 1.40632e+07 1.51168e+06 ZonesAtSurface
2381.58 4923.35 -225.572 0 0 0 0 1.66541e+06 16.6015 84141.3 2.14616 8.01422e+06 1.66541e+06 ZonesAtSurface
2431.54 4923.37 -225.549 0 0 0 0 1.49272e+06 32.8017 79377.5 3.2896 1.19582e+07 1.49272e+06 ZonesAtSurface
2481.48 4923.37 -225.522 9 0 0 0 1.20344e+06 38.7672 119354 2.73877 1.51408e+07 1.20344e+06 ZonesAtSurface
2531.44 4923.36 -255.533 0 0 0 0 1.11814e+06 32.1521 21117.8 2.11592 1.40453e+07 1.11814e+06 ZonesAtSurface
2581.4 4923.35 -265.528 0 0 0 0 1.29634e+06 32.305 17843.7 2.29823 1.36881e+07 1.29634e+06 ZonesAtSurface
2631.37 4923.35 -275.535 1 0 0 0 1.26275e+06 21.9285 109266 1.47116 1.28443e+07 1.26275e+06 ZonesAtSurface
2681.34 4923.34 -285.543 5 0 0 0 1.57566e+06 15.0852 42431.3 1.24366 1.13642e+07 1.57566e+06 ZonesAtSurface
2731.25 4923.35 -245.526 0 0 0 0 1.11732e+06 26.0428 33801.7 1.59688 1.34999e+07 1.11732e+06 ZonesAtSurface
2781.15 4923.36 -205.509 9 0 0 0 196246 34.6797 180233 1.55465 1.53359e+07 196246 ZonesAtSurface
2831.15 4923.36 -215.527 0 0 0 0 268208 34.0108 95462.2 1.88183 1.45137e+07 268208 ZonesAtSurface
2881.06 4923.37 -175.519 3 0 0 0 1.65455e+06 35.4827 178101 1.80884 1.60108e+07 1.65455e+06 ZonesAtSurface
2931.08 4923.36 -185.534 7 0 0 0 675671 23.4032 96292 1.07787 1.38369e+07 675671 ZonesAtSurface
2981 4923.38 -145.532 3 0 0 0 1.15218e+06 39.1765 124485 1.67391 1.70151e+07 1.15218e+06 ZonesAtSurface
3031.04 4923.37 -155.551 4 0 0 0 1.32185e+06 25.119 85474.8 1.18334 1.45083e+07 1.32185e+06 ZonesAtSurface
3080.98 4923.38 -115.553 5 0 0 0 1.25655e+06 40.225 172034 1.68409 1.6687e+07 1.25655e+06 ZonesAtSurface
3131.04 4923.37 -125.572 0 0 0 0 131575 38.2193 102315 1.55648 1.5145e+07 131575 ZonesAtSurface
3181 4923.38 -85.579 1 0 0 0 1.76987e+06 38.5078 124859 1.46148 1.68622e+07 1.76987e+06 ZonesAtSurface
3231.07 4923.38 -95.6013 3 0 0 0 159809 22.5224 131063 1.00822 1.15369e+07 159809 ZonesAtSurface
3280.94 4923.4 -5.58541 16 0 1 14 1.06838e+06 27.9403 171096 1.06006 1.48789e+07 1.06838e+06 ZonesAtSurface
3331.04 4923.39 -15.6172 2 0 1 15 1.62028e+06 40.9246 32872.6 1.29058 1.87919e+07 1.62028e+06 ZonesAtSurface
3381.02 4923.4 24.3784 2 0 1 15 688064 26.2149 136714 1.02655 1.00104e+07 688064 ZonesAtSurface
3431 4923.41 64.3728 4 0 1 15 874383 28.9214 54510.8 1.03792 1.10129e+07 874383 ZonesAtSurface
3480.82 4923.42 154.379 6 0 1 14 164347 36.2752 123979 1.0092 8.97515e+06 164347 ZonesAtSurface
3530.43 4923.43 294.314 6 0 1 12 939615 32.9334 174537 1.16307 4.56595e+06 939615 ZonesAtSurface
3580.51 4923.45 334.268 8 0 1 12 1.38958e+06 36.1512 133844 1.15823 7.81451e+06 1.38958e+06 ZonesAtSurface
3630.91 4923.43 274.288 1 0 1 14 441907 43.8169 163102 1.00591 8.64363e+06 441907 ZonesAtSurface
3680.63 4923.42 464.098 10 0 1 11 733753 34.9371 52577.4 1.21523 6.49316e+06 733753 ZonesAtSurface
3730.86 4923.41 454.098 8 0 1 12 855163 36.6002 67168.2 1.0384 5.7946e+06 855163 ZonesAtSurface
3780.91 4923.38 553.98 8 0 1 10 791759 35.4071 109889 1.07175 6.03604e+06 791759 ZonesAtSurface
3831.02 4923.36 613.907 3 0 1 8 978510 21.5244 124571 1.18508 3.46117e+06 978510 ZonesAtSurface
3881.29 4923.37 524.023 5 0 1 9 1.14146e+06 19.6139 17247.5 1.01797 5.40558e+06 1.14146e+06 ZonesAtSurface
3931.41 4923.36 534.041 4 0 1 8 1.2775e+06 28.4511 114328 1.06881 6.4407e+06 1.2775e+06 ZonesAtSurface
3981.65 4923.35 444.12 1 0 1 9 402671 37.3037 106068 1.04354 8.42598e+06 402671 ZonesAtSurface
4031.78 4923.34 404.167 1 0 1 9 227038 15.8317 43776.1 1.06393 4.37562e+06 227038 ZonesAtSurface
4081.9 4923.32 314.223 0 0 1 10 1.26119e+06 30.7584 20786.8 1.04965 9.47501e+06 1.26119e+06 ZonesAtSurface
4131.96 4923.32 324.241 1 0 1 9 1.33e+06 31.7267 143754 1.25242 8.28978e+06 1.33e+06 ZonesAtSurface
4182 4923.31 334.264 3 0 1 8 972101 18.4957 111170 1.08605 5.68582e+06 972101 ZonesAtSurface
4232.02 4923.31 344.295 0 0 1 7 414269 41.3252 69257.7 2.01152 7.4717e+06 414269 ZonesAtSurface
4282.03 4923.29 354.335 0 0 1 6 1.87015e+06 34.5705 88334.7 2.83819 6.39742e+06 1.87015e+06 ZonesAtSurface
4332.08 4923.29 314.369 0 0 1 6 1.40743e+06 29.92 189602 1.8012 5.96604e+06 1.40743e+06 ZonesAtSurface
4382.12 4923.28 274.401 0 0 1 6 1.41697e+06 33.5054 105141 1.97611 7.10907e+06 1.41697e+06 ZonesAtSurface
4432.15 4923.27 234.429 3 0 1 6 956056 40.6237 18780.9 1.22349 9.68706e+06 956056 ZonesAtSurface
4482.17 4923.27 194.454 8 0 1 6 1.53686e+06 31.1704 38541.3 1.32589 9.6784e+06 1.53686e+06 ZonesAtSurface
4532.17 4923.3 104.47 8 0 1 7 728089 31.7089 31929.3 1.41563 1.2884e+07 728089 ZonesAtSurface
4582.11 4923.33 14.4664 0 0 1 8 1.44194e+06 36.9173 86653.6 3.21756 1.38715e+07 1.44194e+06 ZonesAtSurface
4632.03 4923.32 24.5078 33 0 1 7 451190 26.7247 135898 1.45921 1.12798e+07 451190 ZonesAtSurface
4681.95 4923.31 34.5762 43 0 1 6 768664 17.2785 177544 1.20877 3.5581e+06 768664 ZonesAtSurface
4731.87 4923.29 44.5982 39 0 1 5 644928 39.1882 154962 1.39175 6.14976e+06 644928 ZonesAtSurface
4781.85 4923.31 54.6127 69 0 1 4 987316 28.3039 94667.1 1.1384 6.4787e+06 987316 ZonesAtSurface
4831.79 4923.33 64.6404 91 0 1 3 325828 34.653 169982 1.34058 2.56403e+06 325828 ZonesAtSurface
4881.81 4923.35 74.633 142 0 1 2 868285 21.0812 180071 1.08692 3.05383e+06 868285 ZonesAtSurface
4931.81 4923.37 84.6386 160 10 1 1 1.00966e+06 22.7547 122809 1.1552 2.73186e+06 1.00966e+06 ZonesAtSurface
