x y z ShearFailure TensileFailure FailureType AmountRemoved cohesion friction tension strength_stress diff_stress model group
74.9056 75.007 -34.9152 80 0 1 1 1.20374e+06 40.236 107969 1.25323 1.21145e+07 1.20374e+06 ZonesAtSurface
124.83 75.0081 -9.89365 66 0 1 1 1.26264e+06 41.8813 113326 1.71123 6.25746e+06 1.26264e+06 ZonesAtSurface
174.776 75.0042 -34.9082 86 0 1 2 659266 41.9297 64096.4 1.14339 9.19932e+06 659266 ZonesAtSurface
224.708 75.0073 -9.88228 117 0 1 2 541430 27.1366 53782.9 1.20319 4.16352e+06 541430 ZonesAtSurface
274.651 75.0023 -34.9186 100 0 1 3 592429 16.2866 62508.6 1.21384 4.40291e+06 592429 ZonesAtSurface
324.59 75.0036 -9.91719 78 0 1 3 776968 40.4401 87069 1.71981 5.6545e+06 776968 ZonesAtSurface
374.559 74.9993 -34.9479 24 0 1 4 818577 42.0153 81675.2 1.62687 1.09423e+07 818577 ZonesAtSurface
424.508 75.0029 -9.95419 31 0 1 4 1.29988e+06 39.5116 111479 1.50056 8.49284e+06 1.29988e+06 ZonesAtSurface
474.49 74.9959 -34.9868 3 0 1 5 615981 36.2211 97422 2.05196 9.10651e+06 615981 ZonesAtSurface
524.364 74.9994 139.994 9 0 1 2 1.19343e+06 38.7357 96410.6 1.63351 5.19568e+06 1.19343e+06 ZonesAtSurface
574.373 74.9922 264.981 0 5 0 0 1.35606e+06 15.8976 51031.6 1.74034 2.25272e+06 1.35606e+06 ZonesAtSurface
624.381 74.9904 289.969 0 0 0 0 757429 23.6399 133327 2.00487 1.48972e+06 757429 ZonesAtSurface
674.39 74.9887 314.955 0 0 0 0 1.48488e+06 33.7555 94957.1 3.91343 1.64406e+06 1.48488e+06 ZonesAtSurface
724.402 74.9878 339.936 0 0 0 0 1.30216e+06 17.6023 141917 2.25743 1.71576e+06 1.30216e+06 ZonesAtSurface
774.415 74.9872 364.914 0 0 0 0 1.47011e+06 27.8244 142117 3.0177 1.81198e+06 1.47011e+06 ZonesAtSurface
824.429 74.9868 389.888 0 0 0 0 1.37833e+06 29.952 84727.8 2.78365 1.90296e+06 1.37833e+06 ZonesAtSurface
874.447 74.9861 414.86 0 0 0 0 717854 35.7495 84740.5 2.144 1.86394e+06 717854 ZonesAtSurface
924.467 74.9852 439.83 0 4 0 0 1.37052e+06 33.667 107049 3.42371 1.84546e+06 1.37052e+06 ZonesAtSurface
974.488 74.9845 464.799 0 8 0 0 669284 33.7653 107565 1.83135 1.94361e+06 669284 ZonesAtSurface
1024.51 74.9838 489.768 0 6 0 0 839652 26.6184 127816 1.83361 1.9475e+06 839652 ZonesAtSurface
1074.54 74.9834 514.736 0 0 0 0 1.3729e+06 19.2245 124543 2.28631 1.92692e+06 1.3729e+06 ZonesAtSurface
1124.57 74.9829 539.702 0 0 0 0 1.36387e+06 28.0409 69989.1 3.01297 1.91038e+06 1.36387e+06 ZonesAtSurface
1174.61 74.9823 564.667 0 0 0 0 537165 20.4328 113317 1.46735 1.45341e+06 537165 ZonesAtSurface
1224.65 74.9821 589.63 0 0 0 0 1.25977e+06 15.3708 122887 2.1147 1.77712e+06 1.25977e+06 ZonesAtSurface
1274.69 74.9821 614.593 0 0 0 0 565521 21.7123 69472.2 1.61851 1.52157e+06 565521 ZonesAtSurface
1324.73 74.9819 639.556 0 0 0 0 608867 36.2462 76376.5 2.73931 1.60073e+06 608867 ZonesAtSurface
1374.77 74.9821 664.519 0 2 0 0 1.23421e+06 17.3128 84925.2 2.5039 1.5543e+06 1.23421e+06 ZonesAtSurface
1424.81 74.9825 689.483 0 0 0 0 638526 36.6979 104855 2.50042 1.60219e+06 638526 ZonesAtSurface
1474.85 74.9829 714.448 0 0 0 0 1.11487e+06 17.5775 73117.9 2.1538 1.59421e+06 1.11487e+06 ZonesAtSurface
1524.89 74.9848 739.414 0 0 0 0 1.27614e+06 42.396 104937 3.75022 1.99281e+06 1.27614e+06 ZonesAtSurface
1574.86 74.996 664.393 0 0 1 2 1.28789e+06 26.0742 73745.5 1.12554 3.87461e+06 1.28789e+06 ZonesAtSurface
1624.9 75.0039 689.357 0 2 2 2 1.37036e+06 41.5699 103773 1.42339 4.08701e+06 1.37036e+06 ZonesAtSurface
1674.89 75.0081 564.415 9 0 1 5 1.14586e+06 20.715 91332.6 1.06024 4.70464e+06 1.14586e+06 ZonesAtSurface
1724.93 75.0076 539.432 9 0 1 6 1.30841e+06 37.0911 61627.9 1.1165 6.95548e+06 1.30841e+06 ZonesAtSurface
1774.97 75.0044 514.443 6 0 1 7 1.46252e+06 27.1787 55854.1 1.05892 6.44274e+06 1.46252e+06 ZonesAtSurface
1825.03 75.0053 539.42 4 0 1 7 845783 20.3629 127379 1.01884 4.69874e+06 845783 ZonesAtSurface
1875.07 75.0128 614.346 6 0 1 6 1.16745e+06 27.9728 125153 1.07265 4.40025e+06 1.16745e+06 ZonesAtSurface
1925.07 75.0222 739.251 2 0 2 4 1.39771e+06 16.7745 70368.7 1.03892 3.66024e+06 1.39771e+06 ZonesAtSurface
1975.08 75.0213 764.262 3 6 2 4 1.41892e+06 34.4256 60594.2 1.18415 4.49116e+06 1.41892e+06 ZonesAtSurface
2025.32 75.0127 477.045 7 0 1 9 1.31579e+06 20.8464 146353 1.06314 4.99637e+06 1.31579e+06 ZonesAtSurface
2075.38 75.0048 277.284 3 0 1 11 1.35164e+06 23.5692 83281.8 1.02366 7.4143e+06 1.35164e+06 ZonesAtSurface
2125.39 75.0023 177.39 7 0 1 11 1.28135e+06 22.61 106710 1.07819 5.7312e+06 1.28135e+06 ZonesAtSurface
2175.33 74.9908 27.4716 10 0 1 12 739644 20.0674 127367 1.07269 8.81033e+06 739644 ZonesAtSurface
2225.34 75.002 27.5102 5 0 1 10 974261 44.4567 122220 2.38624 9.18367e+06 974261 ZonesAtSurface
2275.31 74.9986 -22.4743 0 0 1 9 1.41636e+06 37.1592 100003 2.83704 7.96858e+06 1.41636e+06 ZonesAtSurface
2325.3 75.0027 -22.4581 15 0 1 7 952840 24.4384 123864 1.32525 7.20088e+06 952840 ZonesAtSurface
2375.26 75.0069 -22.442 48 0 1 5 1.33238e+06 26.2835 71686 1.70119 6.62216e+06 1.33238e+06 ZonesAtSurface
2425.22 75.013 -22.4376 80 0 1 3 985200 31.0495 77576 1.6954 7.10351e+06 985200 ZonesAtSurface
2475.16 75.0224 -22.4269 100 0 1 1 1.23914e+06 33.5366 122826 1.66561 7.48427e+06 1.23914e+06 ZonesAtSurface
2524.98 75.0248 -2.36512 101 50 0 0 1.3762e+06 39.7668 137223 1.98594 4.13178e+06 1.3762e+06 ZonesAtSurface
2574.93 75.0232 -12.3677 104 0 1 1 518726 40.6068 57454.9 1.42902 6.34567e+06 518726 ZonesAtSurface
2624.88 75.014 -22.3721 55 0 1 2 783910 34.1917 115279 1.26628 7.63586e+06 783910 ZonesAtSurface
2674.83 75.0076 -32.3859 34 0 1 3 564880 42.884 87044.1 1.40742 9.97761e+06 564880 ZonesAtSurface
2724.76 74.9977 -42.4134 10 0 1 4 911114 41.942 50321.9 1.96876 1.38233e+07 911114 ZonesAtSurface
2774.67 74.9981 -2.41421 0 0 1 4 1.05699e+06 34.1566 75193.2 1.50728 9.629e+06 1.05699e+06 ZonesAtSurface
2824.53 75.0014 137.573 9 0 1 2 626469 30.3732 81427.9 1.14698 4.10097e+06 626469 ZonesAtSurface
2874.51 74.9978 227.556 2 0 1 1 829969 31.0045 95633.7 1.63126 2.25323e+06 829969 ZonesAtSurface
2924.52 74.9991 267.539 9 0 2 1 1.06597e+06 27.5571 148621 1.81709 2.46039e+06 1.06597e+06 ZonesAtSurface
2974.52 75.0017 257.516 8 0 2 2 944979 23.332 60522.3 1.11825 3.51401e+06 944979 ZonesAtSurface
3024.53 74.9982 247.489 3 0 1 3 1.14109e+06 20.9022 117668 1.28588 3.97051e+06 1.14109e+06 ZonesAtSurface
3074.54 75.0037 287.456 3 0 1 3 977929 41.2356 134398 1.36884 4.18106e+06 977929 ZonesAtSurface
3124.55 75.0048 277.428 8 0 1 4 1.27955e+06 30.479 138167 1.36416 4.97965e+06 1.27955e+06 ZonesAtSurface
3174.56 74.9998 267.401 0 0 1 5 933151 44.3668 58759.1 2.6559 5.36052e+06 933151 ZonesAtSurface
3224.57 74.997 257.372 4 0 1 6 1.08346e+06 34.7607 142105 1.64606 5.87365e+06 1.08346e+06 ZonesAtSurface
3274.59 74.9943 247.331 0 0 1 7 726297 42.7518 143466 1.90994 6.96893e+06 726297 ZonesAtSurface
3324.61 75.0032 337.27 4 0 1 6 1.07073e+06 35.2976 68072.3 1.02879 6.56553e+06 1.07073e+06 ZonesAtSurface
3374.64 74.9945 327.235 0 0 1 7 972635 44.6472 83180.9 1.65709 7.68418e+06 972635 ZonesAtSurface
3424.68 74.9939 367.184 3 0 1 7 917854 38.4283 121220 1.00842 7.81912e+06 917854 ZonesAtSurface
3474.73 75.0002 457.113 7 0 1 6 934053 38.1672 59422.1 1.03217 6.34859e+06 934053 ZonesAtSurface
3524.77 75.0016 497.056 2 0 1 6 1.24717e+06 20.9341 87252 1.03317 5.0897e+06 1.24717e+06 ZonesAtSurface
3574.82 74.9956 487.028 3 0 1 7 1.47978e+06 29.9274 124536 1.00584 6.70658e+06 1.47978e+06 ZonesAtSurface
3624.89 75.0066 626.908 5 0 1 5 832573 33.0063 81804.6 1.12801 4.46221e+06 832573 ZonesAtSurface
3674.94 75.0068 666.854 6 0 1 5 568416 36.0685 127724 1.10091 4.48154e+06 568416 ZonesAtSurface
3725 75.0097 856.753 0 10 2 2 1.15115e+06 28.2438 98894.3 1.91841 2.17478e+06 1.15115e+06 ZonesAtSurface
3775.02 75.0095 806.764 0 0 1 3 1.4413e+06 32.7084 108470 1.86537 3.42313e+06 1.4413e+06 ZonesAtSurface
3825.06 75.0039 716.81 5 0 1 4 533108 29.29 58050 1.1047 2.66717e+06 533108 ZonesAtSurface
3875.14 74.9972 576.918 6 0 1 6 907403 17.4819 75902.3 1.03034 3.68899e+06 907403 ZonesAtSurface
3925.18 74.9984 586.94 7 0 1 5 1.17953e+06 36.3686 122456 1.19806 5.54587e+06 1.17953e+06 ZonesAtSurface
3975.18 75.0047 646.942 8 0 1 3 643416 34.0356 100428 1.13449 2.3399e+06 643416 ZonesAtSurface
4025.31 74.9954 457.074 1 0 1 6 1.44249e+06 24.04 126197 1.01194 6.48556e+06 1.44249e+06 ZonesAtSurface
4075.36 74.9982 417.13 0 0 1 6 535240 21.812 110923 1.07732 4.05464e+06 535240 ZonesAtSurface
4125.38 75.0041 427.167 7 0 1 5 816165 40.2733 80146.4 1.20123 4.96201e+06 816165 ZonesAtSurface
4175.43 74.9936 337.223 1 0 1 6 712100 22.7958 110376 1.01532 4.8855e+06 712100 ZonesAtSurface
4225.44 74.9987 397.24 0 0 1 4 1.24299e+06 39.2065 139256 2.10508 5.06561e+06 1.24299e+06 ZonesAtSurface
4275.45 74.9978 407.271 0 0 1 3 1.29782e+06 41.2446 90794.9 1.60386 4.19268e+06 1.29782e+06 ZonesAtSurface
4325.49 74.9932 367.314 7 0 1 3 743254 40.2273 120478 1.37279 4.17159e+06 743254 ZonesAtSurface
4375.52 74.992 277.359 0 0 1 4 1.27576e+06 37.2261 140751 2.39011 4.81749e+06 1.27576e+06 ZonesAtSurface
4425.53 74.9962 287.393 0 0 2 3 1.10476e+06 37.4955 106200 1.75268 4.73199e+06 1.10476e+06 ZonesAtSurface
4475.53 74.993 197.431 0 0 1 4 1.41048e+06 39.2865 95236.6 2.79996 5.05789e+06 1.41048e+06 ZonesAtSurface
4525.53 74.9936 207.463 7 0 1 3 658522 28.1797 137172 1.2516 4.5138e+06 658522 ZonesAtSurface
4575.53 74.995 217.489 3 0 1 2 725446 32.2839 59306.4 1.6105 3.66086e+06 725446 ZonesAtSurface
4625.53 74.9951 177.508 0 0 1 2 1.43855e+06 27.2642 113227 1.42267 4.52212e+06 1.43855e+06 ZonesAtSurface
4675.5 74.9971 137.526 1 0 1 2 1.01972e+06 34.6275 117181 1.19146 6.23916e+06 1.01972e+06 ZonesAtSurface
4725.46 74.9998 97.5366 0 0 1 2 541588 40.184 62705 1.14923 6.40678e+06 541588 ZonesAtSurface
4775.34 74.996 7.5255 1 0 1 3 1.12574e+06 33.3876 107677 1.20204 9.93205e+06 1.12574e+06 ZonesAtSurface
4825.31 75.0027 17.5379 1 0 1 2 1.38363e+06 27.835 130322 1.01661 1.0262e+07 1.38363e+06 ZonesAtSurface
4875.2 75 -22.4766 8 0 1 2 1.13836e+06 39.5308 132615 1.30599 1.42847e+07 1.13836e+06 ZonesAtSurface
4925.13 75.0042 -12.4658 16 0 1 1 955514 43.3437 127449 1.62763 1.60552e+07 955514 ZonesAtSurface
74.915 124.999 -33.8881 105 0 1 1 1.02862e+06 22.1944 145726 1.4799 5.14636e+06 1.02862e+06 ZonesAtSurface
124.831 124.993 -8.85878 92 0 1 1 569110 25.6613 89203 1.62647 1.51439e+06 569110 ZonesAtSurface
174.782 124.994 -33.8761 92 0 1 2 864511 43.0839 57585.2 1.28577 6.12701e+06 864511 ZonesAtSurface
224.717 124.992 -8.83433 102 17 1 2 800942 37.1169 121124 1.52349 2.34939e+06 800942 ZonesAtSurface
274.647 124.991 -33.8877 99 0 1 3 711663 30.7788 128356 1.17956 4.54062e+06 711663 ZonesAtSurface
324.589 124.988 -8.87869 77 42 1 3 1.18825e+06 35.5391 118850 2.36344 3.00789e+06 1.18825e+06 ZonesAtSurface
374.554 124.989 -33.9193 52 0 1 4 693207 29.1474 95031.2 1.2565 5.99263e+06 693207 ZonesAtSurface
424.497 124.99 -8.92825 46 0 1 4 1.20839e+06 16.1182 96703.7 1.12751 3.49969e+06 1.20839e+06 ZonesAtSurface
474.479 124.988 -33.9827 2 0 1 5 547121 41.7129 75842.1 1.87897 1.07653e+07 547121 ZonesAtSurface
524.352 124.99 90.9923 5 4 1 3 1.34688e+06 26.073 77803.8 1.21686 3.74336e+06 1.34688e+06 ZonesAtSurface
574.356 124.986 215.978 0 0 2 1 577429 34.9625 59538.7 1.27972 2.35682e+06 577429 ZonesAtSurface
624.378 124.982 290.967 0 0 0 0 685497 44.1063 124311 3.10994 1.47105e+06 685497 ZonesAtSurface
674.389 124.981 315.954 0 0 0 0 667907 44.236 106145 3.0842 1.35646e+06 667907 ZonesAtSurface
724.401 124.979 340.936 0 0 0 0 552936 17.2973 115357 1.35357 1.32278e+06 552936 ZonesAtSurface
774.413 124.979 365.914 0 0 0 0 505069 29.9035 77421.8 1.60429 1.44394e+06 505069 ZonesAtSurface
824.427 124.978 390.888 0 0 0 0 1.15358e+06 28.8797 109907 2.80311 1.54562e+06 1.15358e+06 ZonesAtSurface
874.443 124.978 415.859 0 0 0 0 1.10357e+06 18.7081 68762.8 2.29967 1.48888e+06 1.10357e+06 ZonesAtSurface
924.462 124.977 440.83 0 4 0 0 960929 42.0275 90998.9 4.07867 1.47036e+06 960929 ZonesAtSurface
974.482 124.976 465.799 0 9 0 0 1.07462e+06 41.674 116994 3.74402 1.57198e+06 1.07462e+06 ZonesAtSurface
1024.5 124.976 490.768 5 5 0 0 556415 18.1363 128219 1.18837 1.55376e+06 556415 ZonesAtSurface
1074.53 124.976 515.736 0 0 0 0 1.44537e+06 40.3857 117834 4.71408 1.59546e+06 1.44537e+06 ZonesAtSurface
1124.56 124.976 540.704 0 0 0 0 1.04776e+06 43.9822 52491.5 4.63611 1.52728e+06 1.04776e+06 ZonesAtSurface
1174.6 124.975 565.67 0 0 0 0 516487 36.4166 99982 2.21982 1.46637e+06 516487 ZonesAtSurface
1224.63 124.975 590.633 0 0 0 0 1.01764e+06 40.8044 115457 4.08098 1.45785e+06 1.01764e+06 ZonesAtSurface
1274.67 124.975 615.596 0 0 0 0 615272 42.0159 110297 3.29085 1.37623e+06 615272 ZonesAtSurface
1324.71 124.975 640.56 0 0 0 0 1.27321e+06 15.292 80969.6 3.01875 1.21983e+06 1.27321e+06 ZonesAtSurface
1374.76 124.975 665.524 0 0 0 0 1.46782e+06 36.9246 132999 6.08401 1.17872e+06 1.46782e+06 ZonesAtSurface
1424.8 124.976 690.488 0 0 0 0 740233 20.9611 61708.6 2.31293 1.12791e+06 740233 ZonesAtSurface
1474.84 124.976 715.454 0 0 0 0 722011 39.9904 70745.2 4.22353 1.04501e+06 722011 ZonesAtSurface
1524.88 124.978 740.421 0 0 0 0 918274 32.6013 61616.9 3.35388 1.19621e+06 918274 ZonesAtSurface
1574.88 124.988 715.392 0 6 2 1 1.3929e+06 18.2144 118911 1.76364 2.1379e+06 1.3929e+06 ZonesAtSurface
1624.85 125.004 590.411 5 5 1 4 1.32305e+06 33.5846 130508 1.02212 4.59294e+06 1.32305e+06 ZonesAtSurface
1674.87 124.996 465.488 4 0 1 7 648172 40.0396 93043.3 1.06156 6.88766e+06 648172 ZonesAtSurface
1724.92 125.003 490.479 7 0 1 7 989588 19.3949 144329 1.10372 4.10047e+06 989588 ZonesAtSurface
1774.98 124.996 465.503 5 0 1 8 749307 22.0095 61398.2 1.06432 4.95303e+06 749307 ZonesAtSurface
1825.02 125.008 540.443 7 0 1 7 1.47753e+06 19.6684 96314.7 1.01496 5.34772e+06 1.47753e+06 ZonesAtSurface
1875.09 125.012 565.408 5 0 1 7 619561 38.1618 143915 1.03058 4.94274e+06 619561 ZonesAtSurface
1925.13 125.019 640.329 3 0 2 6 1.02207e+06 42.4586 118344 1.06827 4.56396e+06 1.02207e+06 ZonesAtSurface
1975.21 125.013 615.376 0 0 1 7 1.29616e+06 41.9397 59021.6 1.03509 5.48359e+06 1.29616e+06 ZonesAtSurface
2025.34 125 378.172 5 0 1 11 1.21108e+06 25.9235 106454 1.08114 6.38924e+06 1.21108e+06 ZonesAtSurface
2075.34 124.985 178.371 1 0 1 13 814958 40.5582 68991.2 1.04141 1.14223e+07 814958 ZonesAtSurface
2125.33 124.981 78.4404 1 0 1 13 721453 18.7023 82483.3 1.00895 7.39843e+06 721453 ZonesAtSurface
2175.34 124.98 28.4831 0 0 1 12 925910 40.2908 129619 2.26635 9.72467e+06 925910 ZonesAtSurface
2225.31 124.982 -21.4861 0 0 1 11 995106 21.3396 109994 1.40182 7.91678e+06 995106 ZonesAtSurface
2275.31 124.987 -21.4553 6 0 1 9 1.0856e+06 44.9438 69932.7 1.66399 8.44064e+06 1.0856e+06 ZonesAtSurface
2325.31 124.991 -21.4329 34 0 1 7 1.34105e+06 23.8598 72963.5 1.41978 4.74903e+06 1.34105e+06 ZonesAtSurface
2375.27 124.994 -21.4007 55 0 1 5 1.18997e+06 38.2766 56371.5 2.40443 4.34308e+06 1.18997e+06 ZonesAtSurface
2425.23 124.998 -21.3982 82 0 1 3 666313 35.5285 111044 2.43058 3.38349e+06 666313 ZonesAtSurface
2475.18 125.007 -21.3695 103 0 1 1 548182 22.0888 107084 2.65672 1.59816e+06 548182 ZonesAtSurface
2524.94 125.004 -1.28492 76 89 0 0 847389 42.2149 51752.2 2.69283 1.54849e+06 847389 ZonesAtSurface
2574.91 125.008 -11.318 113 6 1 1 913108 34.1114 83400.8 2.02058 2.41033e+06 913108 ZonesAtSurface
2624.87 125.002 -21.3231 60 0 1 2 986138 27.4609 98423.8 1.25472 3.87094e+06 986138 ZonesAtSurface
2674.82 124.997 -31.355 54 0 1 3 1.21597e+06 22.3046 123991 1.3249 3.94089e+06 1.21597e+06 ZonesAtSurface
2724.74 124.988 -41.4075 29 0 1 4 993028 21.2437 145688 1.0297 9.29467e+06 993028 ZonesAtSurface
2774.66 124.988 -1.41255 5 0 1 4 976547 42.7574 95022.4 1.4733 1.03397e+07 976547 ZonesAtSurface
2824.55 124.991 88.5721 10 0 1 3 1.04267e+06 27.9397 103387 1.06556 4.64061e+06 1.04267e+06 ZonesAtSurface
2874.51 124.991 178.557 9 0 1 2 539359 40.0448 75304.6 1.3211 3.28146e+06 539359 ZonesAtSurface
2924.52 124.991 218.547 1 0 2 2 688654 39.6594 78692.5 2.03794 3.20804e+06 688654 ZonesAtSurface
2974.52 124.99 208.524 7 0 1 3 1.35742e+06 24.1327 81354.4 1.26112 4.4028e+06 1.35742e+06 ZonesAtSurface
3024.53 124.988 198.495 1 0 1 4 1.41495e+06 21.0933 54979.7 1.30928 4.66942e+06 1.41495e+06 ZonesAtSurface
3074.53 124.989 238.472 3 0 1 4 1.1434e+06 37.782 100446 1.46893 5.35072e+06 1.1434e+06 ZonesAtSurface
3124.54 124.988 228.439 13 0 1 5 1.48734e+06 16.4301 75787 1.14645 4.75146e+06 1.48734e+06 ZonesAtSurface
3174.56 124.988 268.418 7 1 1 5 1.46018e+06 39.3911 60142.3 1.4378 4.94554e+06 1.46018e+06 ZonesAtSurface
3224.58 124.986 258.388 16 0 1 6 1.31761e+06 23.0982 67215.8 1.1141 4.39558e+06 1.31761e+06 ZonesAtSurface
3274.59 124.987 248.342 3 0 1 7 1.4274e+06 30.2204 120118 1.18277 6.84968e+06 1.4274e+06 ZonesAtSurface
3324.61 124.99 288.295 9 0 1 7 678591 24.7567 98255 1.04039 4.73806e+06 678591 ZonesAtSurface
3374.64 124.99 328.246 2 0 1 7 909046 43.5652 61663.7 1.09947 7.4261e+06 909046 ZonesAtSurface
3424.68 124.986 318.21 0 0 1 8 996711 39.6133 141060 1.34686 8.51641e+06 996711 ZonesAtSurface
3474.72 124.988 408.144 6 0 1 7 926707 28.6607 54231.2 1.00927 6.00479e+06 926707 ZonesAtSurface
3524.76 124.987 398.116 4 0 1 8 566391 24.4444 70538.1 1.0029 5.95562e+06 566391 ZonesAtSurface
3574.83 125.006 587.981 8 9 2 5 1.43944e+06 42.8061 64058.6 1.54997 4.22609e+06 1.43944e+06 ZonesAtSurface
3624.87 124.994 527.987 1 0 1 7 946535 40.3418 61805.6 1.11283 8.12064e+06 946535 ZonesAtSurface
3674.92 124.997 567.934 2 0 1 7 661173 33.9874 142658 1.00675 5.5026e+06 661173 ZonesAtSurface
3724.99 125.013 757.786 7 6 2 4 1.26195e+06 24.804 95589 1.09867 3.54195e+06 1.26195e+06 ZonesAtSurface
3775.03 125.005 707.811 2 0 1 5 1.10239e+06 40.5688 117093 1.24594 4.53693e+06 1.10239e+06 ZonesAtSurface
3825.08 124.999 667.85 1 0 1 5 1.2691e+06 18.4525 99553.8 1.04313 3.74714e+06 1.2691e+06 ZonesAtSurface
3875.15 124.994 577.929 6 0 1 6 1.14162e+06 38.2673 145460 1.0036 5.85365e+06 1.14162e+06 ZonesAtSurface
3925.17 124.996 637.929 3 8 2 4 1.47447e+06 16.5934 69878.2 1.57878 2.58531e+06 1.47447e+06 ZonesAtSurface
3975.25 124.994 547.997 9 0 1 5 974776 42.2554 95899.9 1.10662 4.61377e+06 974776 ZonesAtSurface
4025.32 124.99 458.083 6 0 1 6 752141 20.3522 60544.7 1.03405 4.16309e+06 752141 ZonesAtSurface
4075.36 124.985 368.163 8 0 1 7 617222 21.8938 128732 1.01843 5.00862e+06 617222 ZonesAtSurface
4125.4 124.985 328.204 6 0 1 7 522240 15.6858 139078 1.05536 3.76234e+06 522240 ZonesAtSurface
4175.43 124.988 338.229 2 0 1 6 1.02115e+06 30.6115 66779.9 1.04431 6.17874e+06 1.02115e+06 ZonesAtSurface
4225.46 124.988 348.259 8 0 1 5 1.14065e+06 31.3183 92883.6 1.31103 4.69808e+06 1.14065e+06 ZonesAtSurface
4275.48 124.989 358.287 5 0 1 4 776368 20.975 88457.6 1.125 3.46927e+06 776368 ZonesAtSurface
4325.5 124.986 318.324 2 0 1 4 716460 30.8388 128281 1.24964 4.63826e+06 716460 ZonesAtSurface
4375.52 124.981 328.359 4 0 1 3 796533 31.1285 110242 1.39727 4.21634e+06 796533 ZonesAtSurface
4425.53 124.985 238.4 1 0 1 4 741209 31.2322 91871.5 1.40247 5.36968e+06 741209 ZonesAtSurface
4475.53 124.986 198.434 0 0 1 4 877770 40.2934 107639 2.4683 4.98472e+06 877770 ZonesAtSurface
4525.53 124.987 208.468 9 0 2 3 745046 29.5932 75610.7 1.09153 3.93081e+06 745046 ZonesAtSurface
4575.54 124.99 218.492 5 0 2 2 939075 40.7545 141017 1.42085 3.19914e+06 939075 ZonesAtSurface
4625.51 124.991 128.507 2 0 1 3 1.30986e+06 18.8618 110303 1.04526 5.14093e+06 1.30986e+06 ZonesAtSurface
4675.51 124.994 138.526 7 0 2 2 1.2912e+06 18.2139 104903 1.23964 3.56869e+06 1.2912e+06 ZonesAtSurface
4725.42 124.995 48.5301 9 0 1 3 890134 33.9829 88329.3 1.02819 8.28949e+06 890134 ZonesAtSurface
4775.35 124.995 8.52693 3 0 1 3 1.17993e+06 43.3967 141535 1.74455 1.0675e+07 1.17993e+06 ZonesAtSurface
4825.26 124.993 -31.4844 6 0 1 3 1.01873e+06 35.9323 83534.9 1.55842 1.27438e+07 1.01873e+06 ZonesAtSurface
4875.19 124.996 -21.4614 23 0 1 2 1.10863e+06 41.7877 138521 1.1877 1.54465e+07 1.10863e+06 ZonesAtSurface
4925.11 124.998 -11.4452 28 0 1 1 1.36078e+06 43.8655 143375 1.23241 1.37318e+07 1.36078e+06 ZonesAtSurface
74.9177 174.987 -32.8688 88 0 1 1 1.26573e+06 15.3886 64320.7 1.47098 3.80132e+06 1.26573e+06 ZonesAtSurface
124.819 174.979 -7.83966 75 36 1 1 1.24975e+06 22.8525 93156.6 2.99006 1.45836e+06 1.24975e+06 ZonesAtSurface
174.778 174.982 -32.8576 59 0 1 2 562797 28.6592 91117 1.34935 4.45535e+06 562797 ZonesAtSurface
224.707 174.976 -7.82116 85 0 1 2 826196 18.2013 128723 2.10975 1.35999e+06 826196 ZonesAtSurface
274.649 174.978 -32.8669 94 0 1 3 1.41576e+06 18.2714 98385.8 1.18971 4.16991e+06 1.41576e+06 ZonesAtSurface
324.588 174.974 -7.85351 61 3 1 3 635089 30.2196 92516.5 1.73881 2.06332e+06 635089 ZonesAtSurface
374.544 174.978 -32.9005 89 0 1 4 611570 16.553 51040 1.22383 3.71198e+06 611570 ZonesAtSurface
424.478 174.975 -7.92042 48 0 1 4 508598 33.6275 100791 1.57527 3.1914e+06 508598 ZonesAtSurface
474.469 174.978 -32.9786 14 0 1 5 834359 29.5145 74721.9 1.15577 9.57591e+06 834359 ZonesAtSurface
524.383 174.978 42.0058 5 0 1 4 820459 36.0527 107646 1.39417 6.70854e+06 820459 ZonesAtSurface
574.349 174.978 216.981 0 5 2 1 1.21037e+06 33.7608 128403 2.28945 2.12126e+06 1.21037e+06 ZonesAtSurface
624.374 174.974 291.969 0 7 0 0 718680 16.4538 62013.4 1.39076 1.41073e+06 718680 ZonesAtSurface
674.386 174.973 316.956 0 0 0 0 967525 30.6472 115123 2.95711 1.2213e+06 967525 ZonesAtSurface
724.398 174.972 341.938 0 0 0 0 886483 29.6547 133950 3.17327 1.12129e+06 886483 ZonesAtSurface
774.41 174.971 366.916 0 0 0 0 1.29711e+06 15.4096 106868 2.91183 1.22937e+06 1.29711e+06 ZonesAtSurface
824.423 174.971 391.89 0 0 0 0 627274 22.4231 129325 1.63428 1.31929e+06 627274 ZonesAtSurface
874.439 174.97 416.862 0 0 0 0 939501 40.3967 58839.1 4.44863 1.22991e+06 939501 ZonesAtSurface
924.457 174.969 441.833 0 0 0 0 1.17652e+06 31.7337 83720 4.04879 1.235e+06 1.17652e+06 ZonesAtSurface
974.475 174.969 466.802 0 9 0 0 1.23358e+06 40.1777 83383.8 4.85557 1.34114e+06 1.23358e+06 ZonesAtSurface
1024.5 174.969 491.771 0 4 0 0 913884 43.0993 133276 4.02334 1.3552e+06 913884 ZonesAtSurface
1074.52 174.97 516.74 0 0 0 0 823408 35.1327 136510 3.16298 1.27746e+06 823408 ZonesAtSurface
1124.55 174.969 541.708 0 0 0 0 586131 24.6321 82179.5 2.01174 1.24973e+06 586131 ZonesAtSurface
1174.58 174.969 566.675 0 0 0 0 737464 42.8686 139573 4.23501 1.21979e+06 737464 ZonesAtSurface
1224.62 174.969 591.639 0 0 0 0 1.02341e+06 27.2957 111152 3.60135 1.1266e+06 1.02341e+06 ZonesAtSurface
1274.66 174.969 616.602 0 0 0 0 918973 23.7693 130504 2.9534 1.12768e+06 918973 ZonesAtSurface
1324.7 174.97 641.566 0 0 0 0 671213 33.0493 92139 3.59845 992682 671213 ZonesAtSurface
1374.75 174.97 666.53 0 7 0 0 958639 44.9962 73587 7.954 865921 958639 ZonesAtSurface
1424.79 174.97 691.496 0 0 0 0 514546 38.4087 79640.9 4.1836 824385 514546 ZonesAtSurface
1474.83 174.971 716.463 0 0 0 0 1.02723e+06 26.9349 79836.9 4.96827 775834 1.02723e+06 ZonesAtSurface
1524.87 174.973 741.43 0 0 0 0 731635 32.1356 76234.6 3.58528 833886 731635 ZonesAtSurface
1574.85 174.993 666.409 0 0 2 2 1.20119e+06 25.6136 73903.9 1.13397 3.30048e+06 1.20119e+06 ZonesAtSurface
1624.85 175.009 591.423 10 5 1 4 615771 34.2022 72177.7 1.17352 1.91959e+06 615771 ZonesAtSurface
1674.87 174.988 416.531 1 0 1 8 573497 32.3768 142917 1.03018 7.09162e+06 573497 ZonesAtSurface
1724.92 174.99 441.531 5 0 1 8 631141 33.6592 52131.3 1.09082 5.53632e+06 631141 ZonesAtSurface
1774.97 174.995 466.528 10 0 1 8 998156 20.1179 61977.4 1.1106 4.11499e+06 998156 ZonesAtSurface
1825.03 175.001 491.51 4 0 1 8 527860 37.2178 114713 1.07672 4.94508e+06 527860 ZonesAtSurface
1875.09 175.008 516.477 4 0 1 8 615018 39.3392 102344 1.05317 5.48677e+06 615018 ZonesAtSurface
1925.15 175.021 641.332 8 0 1 6 1.06846e+06 32.3249 79878.3 1.04666 3.72748e+06 1.06846e+06 ZonesAtSurface
1975.17 175.017 716.29 0 8 2 5 635545 40.6347 133160 2.08646 1.42596e+06 635545 ZonesAtSurface
2025.37 174.995 429.132 1 5 2 10 537988 34.7079 109729 1.18838 1.5688e+06 537988 ZonesAtSurface
2075.41 174.981 279.337 0 0 2 11 1.29609e+06 22.5853 139598 1.08498 3.6335e+06 1.29609e+06 ZonesAtSurface
2125.38 174.974 129.448 10 0 1 12 1.43511e+06 25.7229 67710.7 0.999983 4.73242e+06 1.43511e+06 ZonesAtSurface
2175.34 174.971 29.4949 6 0 1 12 674138 29.9096 138753 1.05873 9.30285e+06 674138 ZonesAtSurface
2225.32 174.972 -20.4746 0 0 1 11 852976 30.3486 98593.1 1.51644 8.87747e+06 852976 ZonesAtSurface
2275.32 174.976 -20.4375 20 0 1 9 726161 20.8476 57181.1 1.20678 4.01817e+06 726161 ZonesAtSurface
2325.32 174.979 -20.4098 38 0 1 7 528172 31.1613 127416 1.58119 4.3085e+06 528172 ZonesAtSurface
2375.27 174.982 -20.3738 57 0 1 5 788128 39.3838 132074 2.32089 4.03542e+06 788128 ZonesAtSurface
2425.24 174.981 -20.3726 104 0 1 3 869368 24.9935 137694 2.07893 2.69042e+06 869368 ZonesAtSurface
2475.21 174.981 -20.3385 100 0 1 1 584044 15.1463 133302 2.13991 1.09406e+06 584044 ZonesAtSurface
2524.92 174.997 -0.259245 71 93 0 0 1.12767e+06 24.6847 60504 1.99453 1.75676e+06 1.12767e+06 ZonesAtSurface
2574.89 174.988 -10.2937 72 44 1 1 1.40988e+06 30.7059 135577 2.34165 2.52476e+06 1.40988e+06 ZonesAtSurface
2624.86 174.988 -20.2953 44 5 1 2 1.46562e+06 39.3407 145253 1.75801 4.15934e+06 1.46562e+06 ZonesAtSurface
2674.8 174.984 -30.3361 55 0 1 3 1.06706e+06 20.6251 50025.3 1.17096 3.50894e+06 1.06706e+06 ZonesAtSurface
2724.73 174.979 -40.4005 18 0 1 4 904868 44.7374 115592 1.06901 1.19059e+07 904868 ZonesAtSurface
2774.65 174.979 -0.409109 3 0 1 4 955529 22.9611 116403 1.02392 7.00637e+06 955529 ZonesAtSurface
2824.53 174.982 89.5716 7 0 1 3 1.20157e+06 16.2557 126970 1.05701 3.24824e+06 1.20157e+06 ZonesAtSurface
2874.5 174.982 179.559 0 8 2 2 1.45793e+06 24.3806 130374 1.88993 2.42509e+06 1.45793e+06 ZonesAtSurface
2924.52 174.984 169.548 0 0 1 3 967667 38.856 58154.5 1.58758 4.05252e+06 967667 ZonesAtSurface
2974.52 174.982 159.523 3 0 1 4 700132 29.7371 148450 1.19606 5.2138e+06 700132 ZonesAtSurface
3024.52 174.979 199.5 0 0 2 4 1.16289e+06 40.9468 88319.9 2.04424 4.57311e+06 1.16289e+06 ZonesAtSurface
3074.53 174.975 239.48 7 0 1 4 984919 36.5417 89829.4 1.0813 4.33648e+06 984919 ZonesAtSurface
3124.54 174.977 229.447 7 0 1 5 849124 28.9759 99007.1 1.12254 4.10892e+06 849124 ZonesAtSurface
3174.56 174.977 269.428 2 9 1 5 1.41722e+06 40.7519 106453 1.75721 3.53983e+06 1.41722e+06 ZonesAtSurface
3224.57 174.974 259.392 6 0 1 6 911868 40.2584 142585 1.16761 4.90644e+06 911868 ZonesAtSurface
3274.59 174.978 249.353 17 0 1 7 1.20528e+06 20.0933 54317.6 1.07162 4.80277e+06 1.20528e+06 ZonesAtSurface
3324.62 174.98 239.312 8 0 1 8 1.17605e+06 17.8083 115170 1.01171 5.93681e+06 1.17605e+06 ZonesAtSurface
3374.64 174.981 279.268 2 0 1 8 945642 40.4988 131251 1.27581 8.04368e+06 945642 ZonesAtSurface
3424.67 174.981 319.221 8 0 1 8 844472 31.7538 85684.8 1.01592 7.7201e+06 844472 ZonesAtSurface
3474.71 174.98 409.156 4 0 1 7 1.37136e+06 41.6849 68173.7 1.15686 7.46696e+06 1.37136e+06 ZonesAtSurface
3524.76 174.984 449.112 9 0 1 7 886414 15.837 57125.2 1.07047 3.13542e+06 886414 ZonesAtSurface
3574.81 174.984 439.085 5 0 1 8 857041 41.106 70864.9 1.14008 7.76715e+06 857041 ZonesAtSurface
3624.87 175.001 578.969 10 1 1 6 1.43953e+06 29.01 51316.4 1.14628 4.30329e+06 1.43953e+06 ZonesAtSurface
3674.92 174.996 568.947 6 0 1 7 1.19336e+06 21.406 55017.3 1.01512 4.57593e+06 1.19336e+06 ZonesAtSurface
3724.98 175.002 658.86 0 0 1 6 521294 27.3486 72799.5 1.14178 3.29386e+06 521294 ZonesAtSurface
3775.04 174.999 658.853 3 0 1 6 1.03026e+06 31.6657 67961.3 1.01923 4.65287e+06 1.03026e+06 ZonesAtSurface
3825.09 174.994 618.894 7 0 1 6 1.31659e+06 41.7312 117689 1.0049 6.17169e+06 1.31659e+06 ZonesAtSurface
3875.15 174.991 578.941 6 0 1 6 752350 34.6956 53767.8 1.0144 4.901e+06 752350 ZonesAtSurface
3925.18 174.996 638.934 1 5 2 4 791489 16.807 90812.9 1.61973 1.50072e+06 791489 ZonesAtSurface
3975.26 174.993 549.004 8 0 2 5 1.02419e+06 17.2048 100954 1.09176 2.58818e+06 1.02419e+06 ZonesAtSurface
4025.33 174.986 459.097 7 0 1 6 696319 20.1021 123235 1.09928 3.10053e+06 696319 ZonesAtSurface
4075.37 174.979 369.173 6 0 1 7 1.01395e+06 34.6302 108520 1.00592 6.08419e+06 1.01395e+06 ZonesAtSurface
4125.4 174.979 329.212 0 0 1 7 1.23512e+06 44.4705 88891.2 1.79942 7.12689e+06 1.23512e+06 ZonesAtSurface
4175.44 174.981 339.237 6 0 1 6 1.29198e+06 19.0175 124682 1.0725 4.68758e+06 1.29198e+06 ZonesAtSurface
4225.45 174.983 399.27 4 9 2 4 1.01994e+06 29.0774 96281 2.10547 1.74953e+06 1.01994e+06 ZonesAtSurface
4275.49 174.982 309.301 0 0 1 5 1.48933e+06 34.5666 113840 1.90731 4.99634e+06 1.48933e+06 ZonesAtSurface
4325.5 174.978 369.33 0 4 2 3 955938 36.5855 65897.3 1.45542 2.75397e+06 955938 ZonesAtSurface
4375.52 174.973 329.364 4 4 2 3 1.42036e+06 20.5044 123927 1.18048 3.44228e+06 1.42036e+06 ZonesAtSurface
4425.54 174.978 239.404 2 0 1 4 977913 28.5803 139321 1.16064 5.07651e+06 977913 ZonesAtSurface
4475.54 174.98 199.437 3 0 1 4 609762 33.8065 83715.9 1.35156 5.02907e+06 609762 ZonesAtSurface
4525.53 174.982 159.466 3 0 1 4 850901 19.3256 110026 1.03231 4.8865e+06 850901 ZonesAtSurface
4575.54 174.983 169.493 2 0 1 3 1.35847e+06 26.6673 55928.3 1.20009 5.30885e+06 1.35847e+06 ZonesAtSurface
4625.49 174.986 79.5072 0 0 1 4 1.36082e+06 27.2362 56354.6 1.31561 6.88263e+06 1.36082e+06 ZonesAtSurface
4675.49 174.99 89.5254 8 0 1 3 512946 21.7073 83333.3 1.15788 3.09836e+06 512946 ZonesAtSurface
4725.38 174.989 -0.476434 5 0 1 4 1.4699e+06 18.1763 146774 1.01361 7.5719e+06 1.4699e+06 ZonesAtSurface
4775.31 174.988 -40.4848 8 0 1 4 1.45226e+06 22.274 106185 1.06138 1.07395e+07 1.45226e+06 ZonesAtSurface
4825.26 174.989 -30.4748 8 0 1 3 1.2635e+06 34.3377 123002 1.17906 1.17247e+07 1.2635e+06 ZonesAtSurface
4875.18 174.992 -20.4308 28 0 1 2 1.43135e+06 15.3726 79184.7 1.07576 5.67602e+06 1.43135e+06 ZonesAtSurface
4925.08 174.993 -10.4179 30 0 1 1 967435 39.1224 73702.5 1.10316 8.70195e+06 967435 ZonesAtSurface
74.9205 224.979 -31.858 90 0 1 1 1.27176e+06 30.9621 103079 1.3338 6.96493e+06 1.27176e+06 ZonesAtSurface
124.828 224.974 -6.82462 73 52 1 1 961933 26.8739 60306.1 2.38912 1.50636e+06 961933 ZonesAtSurface
174.771 224.975 -31.8521 83 0 1 2 1.47597e+06 23.928 115007 1.20613 5.42843e+06 1.47597e+06 ZonesAtSurface
224.701 224.97 -6.81885 67 48 1 2 1.43872e+06 34.6627 126768 2.20992 2.90342e+06 1.43872e+06 ZonesAtSurface
274.654 224.971 -31.846 93 0 1 3 1.33997e+06 38.0858 121384 1.09881 6.94914e+06 1.33997e+06 ZonesAtSurface
324.584 224.968 -6.83378 96 29 1 3 1.48871e+06 15.5295 63301.9 1.50211 2.86226e+06 1.48871e+06 ZonesAtSurface
374.534 224.97 -31.8975 66 0 1 4 914560 27.4896 116372 1.0773 6.51573e+06 914560 ZonesAtSurface
424.466 224.966 -6.92482 51 0 1 4 1.24051e+06 40.8114 111812 1.03804 6.60135e+06 1.24051e+06 ZonesAtSurface
474.463 224.972 -31.9735 4 0 1 5 1.3954e+06 18.0044 57033.5 1.0215 7.44689e+06 1.3954e+06 ZonesAtSurface
524.344 224.968 93.0062 8 0 1 3 648599 35.273 60638.3 1.07183 3.83977e+06 648599 ZonesAtSurface
574.344 224.97 217.987 0 0 2 1 1.45123e+06 16.6379 93362.1 2.03691 2.03125e+06 1.45123e+06 ZonesAtSurface
624.37 224.967 292.974 0 10 0 0 1.10391e+06 28.595 65063.2 2.81221 1.30956e+06 1.10391e+06 ZonesAtSurface
674.382 224.967 317.96 0 5 0 0 759588 17.9926 92641.2 1.99417 1.04126e+06 759588 ZonesAtSurface
724.394 224.966 342.942 0 0 0 0 756255 15.6342 91118.5 2.25767 953540 756255 ZonesAtSurface
774.406 224.965 367.92 0 0 0 0 1.02429e+06 15.9199 74584.9 2.82028 1.02725e+06 1.02429e+06 ZonesAtSurface
824.419 224.965 392.894 0 0 0 0 686644 44.9516 102811 4.02609 1.10137e+06 686644 ZonesAtSurface
874.434 224.965 417.866 0 0 0 0 901977 18.8493 78022.5 2.8086 1.0226e+06 901977 ZonesAtSurface
924.451 224.964 442.837 0 1 0 0 1.29498e+06 19.3395 78023.9 3.5437 1.12396e+06 1.29498e+06 ZonesAtSurface
974.468 224.964 467.806 0 7 0 0 1.22925e+06 40.5903 102234 5.45526 1.21784e+06 1.22925e+06 ZonesAtSurface
1024.49 224.964 492.775 0 5 0 0 1.03952e+06 24.6509 55464.5 3.25688 1.16757e+06 1.03952e+06 ZonesAtSurface
1074.51 224.964 517.745 0 0 0 0 932327 43.6662 135452 5.36992 1.12621e+06 932327 ZonesAtSurface
1124.54 224.964 542.713 0 0 0 0 1.19949e+06 25.4801 131865 4.05452 1.11572e+06 1.19949e+06 ZonesAtSurface
1174.57 224.964 567.681 0 0 0 0 1.36352e+06 16.8449 102228 3.78308 1.0708e+06 1.36352e+06 ZonesAtSurface
1224.61 224.964 592.646 0 0 0 0 878024 25.8477 113492 3.40166 1.00495e+06 878024 ZonesAtSurface
1274.65 224.965 617.609 0 0 0 0 514309 34.8654 114874 3.05287 992632 514309 ZonesAtSurface
1324.69 224.965 642.574 0 0 0 0 513653 39.3646 87962.8 4.52987 816390 513653 ZonesAtSurface
1374.74 224.965 667.539 0 5 0 0 1.34307e+06 44.149 127772 10 683602 1.34307e+06 ZonesAtSurface
1424.78 224.966 692.505 0 0 0 0 1.04515e+06 16.2681 89459.1 5.35341 584393 1.04515e+06 ZonesAtSurface
1474.82 224.967 717.473 0 0 0 0 909861 23.1294 85996.1 5.28783 583235 909861 ZonesAtSurface
1524.86 224.969 742.44 0 5 0 0 712609 21.2284 79751.6 2.76771 734815 712609 ZonesAtSurface
1574.84 224.994 667.421 0 8 2 2 1.32019e+06 31.2693 84087.2 1.54382 2.99056e+06 1.32019e+06 ZonesAtSurface
1624.82 224.987 442.533 2 0 1 7 935533 34.3211 60191.7 1.04222 6.04138e+06 935533 ZonesAtSurface
1674.87 224.984 417.553 2 0 1 8 779107 23.2973 109633 1.09511 4.88398e+06 779107 ZonesAtSurface
1724.92 224.986 442.555 7 0 1 8 1.37184e+06 37.8602 146879 1.08095 5.71788e+06 1.37184e+06 ZonesAtSurface
1774.97 224.987 417.566 5 0 1 9 832959 23.1935 149559 1.0319 5.61639e+06 832959 ZonesAtSurface
1825.03 224.993 442.561 4 0 1 9 1.22962e+06 38.6683 67924.5 1.01668 8.32646e+06 1.22962e+06 ZonesAtSurface
1875.09 225.008 517.491 10 0 1 8 1.05008e+06 38.0311 124717 1.15649 5.17477e+06 1.05008e+06 ZonesAtSurface
1925.16 225.024 642.33 0 7 2 6 1.2829e+06 39.304 94111.5 1.49998 3.44075e+06 1.2829e+06 ZonesAtSurface
1975.25 225.015 617.375 0 2 2 7 1.21739e+06 35.7279 139377 1.16918 3.82042e+06 1.21739e+06 ZonesAtSurface
2025.4 225.002 480.073 6 8 2 9 585602 32.5169 76059.6 1.60703 1.39906e+06 585602 ZonesAtSurface
2075.36 224.979 180.411 1 0 1 13 1.4023e+06 26.7059 108202 1.01199 8.47954e+06 1.4023e+06 ZonesAtSurface
2125.35 224.973 80.471 1 0 1 13 812445 33.1315 133994 1.08253 1.02762e+07 812445 ZonesAtSurface
2175.35 224.97 30.5066 1 0 1 12 692586 42.3752 51164.5 1.15779 1.03548e+07 692586 ZonesAtSurface
2225.34 224.971 -19.464 9 0 1 11 809256 28.4779 118792 1.20454 9.1749e+06 809256 ZonesAtSurface
2275.33 224.974 -19.421 17 0 1 9 1.04469e+06 40.1608 51727.7 1.65164 6.42554e+06 1.04469e+06 ZonesAtSurface
2325.32 224.972 -19.3901 49 0 1 7 936056 19.4897 87357.6 1.50468 3.01786e+06 936056 ZonesAtSurface
2375.27 224.975 -19.361 74 0 1 5 584646 34.0445 124835 2.47734 2.65731e+06 584646 ZonesAtSurface
2425.24 224.973 -19.3534 97 0 1 3 805196 41.4893 87159.9 2.26879 3.58242e+06 805196 ZonesAtSurface
2475.21 224.967 -19.3301 105 0 1 1 602669 24.5396 106184 2.63721 1.71429e+06 602669 ZonesAtSurface
2525 224.976 -49.3474 81 0 1 1 624618 43.4235 113336 1.11444 7.28167e+06 624618 ZonesAtSurface
2574.9 224.975 -9.26875 116 0 1 1 662722 33.7864 77273 2.26482 1.69751e+06 662722 ZonesAtSurface
2624.85 224.978 -19.2928 74 0 1 2 558296 26.8493 143216 3.43939 1.5961e+06 558296 ZonesAtSurface
2674.8 224.974 -29.3358 48 0 1 3 1.32534e+06 30.1709 107830 1.18454 5.02954e+06 1.32534e+06 ZonesAtSurface
2724.73 224.972 -39.394 32 0 1 4 541796 25.6689 142828 1.02329 7.86388e+06 541796 ZonesAtSurface
2774.71 224.974 -49.4146 0 0 1 5 760117 36.1679 57677.1 2.03847 9.59485e+06 760117 ZonesAtSurface
2824.49 224.975 140.567 8 7 2 2 611220 32.4938 98255.3 2.11102 1.04762e+06 611220 ZonesAtSurface
2874.49 224.975 230.561 6 8 2 1 661586 32.0796 116873 4.22225 536659 661586 ZonesAtSurface
2924.51 224.978 170.55 0 0 1 3 1.34644e+06 29.48 64672.3 1.37759 4.32805e+06 1.34644e+06 ZonesAtSurface
2974.5 224.973 210.53 5 0 1 3 851979 44.7359 141945 1.16369 4.77513e+06 851979 ZonesAtSurface
3024.51 224.972 200.502 0 0 1 4 848832 43.1601 50480 2.17672 4.78616e+06 848832 ZonesAtSurface
3074.52 224.967 240.477 1 0 2 4 880309 15.6475 120580 1.05997 2.70212e+06 880309 ZonesAtSurface
3124.54 224.959 280.457 9 4 2 4 1.1781e+06 32.4204 149909 1.52938 3.01592e+06 1.1781e+06 ZonesAtSurface
3174.55 224.97 220.414 0 0 1 6 1.33117e+06 30.6263 54941.8 1.80382 5.33575e+06 1.33117e+06 ZonesAtSurface
3224.56 224.964 260.387 5 0 1 6 1.32798e+06 29.2852 118212 1.14229 5.35506e+06 1.32798e+06 ZonesAtSurface
3274.59 224.967 250.356 0 0 1 7 1.1805e+06 35.8975 141174 1.80423 5.43908e+06 1.1805e+06 ZonesAtSurface
3324.61 224.972 240.321 16 0 1 8 957115 21.2198 65293.6 1.01142 6.13776e+06 957115 ZonesAtSurface
3374.64 224.973 280.28 9 0 1 8 975216 16.3895 61133.1 1.01591 4.68637e+06 975216 ZonesAtSurface
3424.66 224.971 370.216 8 0 1 7 1.10748e+06 23.3781 78478.9 1.04104 4.65971e+06 1.10748e+06 ZonesAtSurface
3474.72 224.966 510.127 10 9 2 5 1.43369e+06 16.6422 139342 1.58002 2.38904e+06 1.43369e+06 ZonesAtSurface
3524.76 224.977 400.142 2 0 1 8 880216 27.6149 93316.7 1.00797 5.48739e+06 880216 ZonesAtSurface
3574.8 224.979 440.101 0 0 1 8 646550 44.4381 147942 1.27408 6.92314e+06 646550 ZonesAtSurface
3624.85 224.985 480.052 6 0 1 8 1.10003e+06 34.7078 102305 1.20289 6.28868e+06 1.10003e+06 ZonesAtSurface
3674.92 225.006 669.881 4 1 2 5 1.34369e+06 25.9241 82113.1 1.21301 3.62333e+06 1.34369e+06 ZonesAtSurface
3724.97 224.992 559.949 1 0 1 8 979418 41.8454 98690.8 1.10046 5.23139e+06 979418 ZonesAtSurface
3775.03 225 759.794 8 5 2 4 861742 19.1779 81955.9 1.128 2.18211e+06 861742 ZonesAtSurface
3825.09 224.992 669.867 2 0 1 5 802643 31.9506 81060.3 1.21662 2.85412e+06 802643 ZonesAtSurface
3875.16 224.989 579.949 7 0 1 6 523899 31.1747 141735 1.01596 4.0263e+06 523899 ZonesAtSurface
3925.21 224.991 589.964 7 6 1 5 969224 40.1372 60971.6 1.29028 3.29127e+06 969224 ZonesAtSurface
3975.28 224.987 500.048 5 0 1 6 600118 28.521 141524 1.02333 4.15531e+06 600118 ZonesAtSurface
4025.33 224.976 360.16 1 0 1 8 1.32997e+06 40.6903 104066 1.21584 8.89479e+06 1.32997e+06 ZonesAtSurface
4075.38 224.973 420.164 5 0 1 6 1.15714e+06 22.7001 97498.9 1.07033 4.18436e+06 1.15714e+06 ZonesAtSurface
4125.41 224.973 380.204 2 0 2 6 1.43724e+06 25.8269 63668.3 1.01134 4.99586e+06 1.43724e+06 ZonesAtSurface
4175.44 224.976 340.242 4 0 2 6 873766 15.7854 130984 1.00887 3.6407e+06 873766 ZonesAtSurface
4225.47 224.978 300.28 3 0 1 6 881922 19.1077 132680 1.00841 4.84364e+06 881922 ZonesAtSurface
4275.48 224.975 410.303 5 7 2 3 774849 39.5737 94689.1 1.78071 1.97636e+06 774849 ZonesAtSurface
4325.52 224.977 320.338 0 0 1 4 1.3832e+06 31.3137 63680.4 1.28124 4.55575e+06 1.3832e+06 ZonesAtSurface
4375.53 224.972 330.37 2 0 2 3 952587 27.2804 117972 1.07291 3.29374e+06 952587 ZonesAtSurface
4425.54 224.972 290.406 2 0 1 3 1.21569e+06 35.8807 64064.1 1.18727 4.38097e+06 1.21569e+06 ZonesAtSurface
4475.55 224.974 250.441 0 0 1 3 1.06453e+06 30.9873 90386.9 1.35627 4.1996e+06 1.06453e+06 ZonesAtSurface
4525.56 224.969 260.471 5 6 2 2 1.02622e+06 36.5189 105274 1.8496 2.3152e+06 1.02622e+06 ZonesAtSurface
4575.55 224.98 170.498 8 0 1 3 741188 37.0332 87899.1 1.08793 4.70259e+06 741188 ZonesAtSurface
4625.53 224.984 130.516 8 0 1 3 1.48422e+06 35.6095 114361 1.16736 5.52462e+06 1.48422e+06 ZonesAtSurface
4675.51 224.987 90.5256 5 0 1 3 588257 41.7105 123128 1.27259 3.23735e+06 588257 ZonesAtSurface
4725.4 224.987 0.532467 5 0 1 4 1.07104e+06 44.8963 112007 1.42271 1.13283e+07 1.07104e+06 ZonesAtSurface
4775.31 224.985 -39.4715 13 0 1 4 623575 28.9558 91687.9 1.03148 1.02124e+07 623575 ZonesAtSurface
4825.26 224.984 -29.4561 32 0 1 3 1.11366e+06 37.3271 50240.2 1.14125 8.41429e+06 1.11366e+06 ZonesAtSurface
4875.17 224.991 -19.4005 51 0 1 2 829127 16.2297 139350 1.0964 3.20164e+06 829127 ZonesAtSurface
4925.07 224.989 -9.38497 41 0 1 1 517925 32.8341 105804 1.32514 4.7415e+06 517925 ZonesAtSurface
74.9218 274.974 -30.8487 122 0 1 1 1.19746e+06 23.121 80361.6 1.445 5.0037e+06 1.19746e+06 ZonesAtSurface
124.835 274.971 -5.80959 70 69 1 1 1.10357e+06 40.3906 59819 2.58576 2.45094e+06 1.10357e+06 ZonesAtSurface
174.769 274.969 -30.8447 95 0 1 2 588854 39.6836 122474 1.20456 4.90924e+06 588854 ZonesAtSurface
224.7 274.967 -5.80975 81 53 1 2 1.12039e+06 29.3439 105939 2.55986 1.7938e+06 1.12039e+06 ZonesAtSurface
274.652 274.968 -30.8321 95 0 1 3 1.24076e+06 21.0926 117449 1.07737 4.61663e+06 1.24076e+06 ZonesAtSurface
324.577 274.967 -5.82488 103 1 1 3 1.07751e+06 16.486 112968 1.64418 1.9757e+06 1.07751e+06 ZonesAtSurface
374.528 274.965 -30.8958 63 0 1 4 815562 39.905 70325.3 1.02048 7.92033e+06 815562 ZonesAtSurface
424.462 274.967 -5.9237 46 0 1 4 842018 43.7402 106618 1.042 6.72626e+06 842018 ZonesAtSurface
474.412 274.97 19.0406 4 0 1 4 562078 33.7216 109039 1.3337 9.0008e+06 562078 ZonesAtSurface
524.326 274.964 144.005 0 3 2 2 1.10817e+06 40.9946 82025.5 2.3282 2.10592e+06 1.10817e+06 ZonesAtSurface
574.342 274.964 218.993 0 5 2 1 1.2217e+06 22.503 105424 2.4836 1.45236e+06 1.2217e+06 ZonesAtSurface
624.354 274.966 243.979 0 0 2 1 1.00456e+06 44.7117 67939.2 4.65071 1.51732e+06 1.00456e+06 ZonesAtSurface
674.378 274.962 318.965 0 4 0 0 937603 26.9038 121678 3.28612 902801 937603 ZonesAtSurface
724.39 274.962 343.947 0 0 0 0 1.3706e+06 37.9994 83708.8 8.16372 779223 1.3706e+06 ZonesAtSurface
774.402 274.962 368.925 0 0 0 0 1.23768e+06 40.2076 75274.7 7.17773 862752 1.23768e+06 ZonesAtSurface
824.414 274.961 393.899 0 0 0 0 1.30984e+06 15.9698 69993.7 3.59526 1.01462e+06 1.30984e+06 ZonesAtSurface
874.428 274.961 418.871 0 0 0 0 1.0959e+06 41.4404 94547.7 6.64181 957893 1.0959e+06 ZonesAtSurface
924.445 274.96 443.841 0 0 0 0 1.15757e+06 25.0486 94676.1 3.88336 1.07168e+06 1.15757e+06 ZonesAtSurface
974.461 274.96 468.81 0 0 0 0 876296 26.226 133298 2.72214 1.20155e+06 876296 ZonesAtSurface
1024.48 274.961 493.78 0 0 0 0 1.42668e+06 17.5769 84496.1 3.91283 1.08507e+06 1.42668e+06 ZonesAtSurface
1074.5 274.961 518.75 0 0 0 0 514767 22.1767 91775.3 1.75607 1.16823e+06 514767 ZonesAtSurface
1124.53 274.961 543.719 0 0 0 0 1.4378e+06 41.0017 104458 7.82426 1.03247e+06 1.4378e+06 ZonesAtSurface
1174.56 274.961 568.687 0 0 0 0 680518 28.015 86660.6 2.97792 1.03068e+06 680518 ZonesAtSurface
1224.6 274.962 593.653 0 0 0 0 1.31514e+06 41.4999 137034 7.65248 964119 1.31514e+06 ZonesAtSurface
1274.64 274.962 618.617 0 0 0 0 1.07997e+06 25.1255 92552.3 4.44889 913847 1.07997e+06 ZonesAtSurface
1324.68 274.963 643.582 0 0 0 0 727315 40.0622 117175 6.48045 734503 727315 ZonesAtSurface
1374.73 274.963 668.548 0 2 0 0 898008 41.8853 140195 10 562717 898008 ZonesAtSurface
1424.77 274.963 693.515 0 0 0 0 860670 17.181 133066 5.7755 464355 860670 ZonesAtSurface
1474.81 274.965 718.482 0 0 0 0 512087 42.4222 148857 4.84404 590214 512087 ZonesAtSurface
1524.82 274.977 693.454 0 2 2 1 1.001e+06 40.2061 86163.9 2.46373 1.84195e+06 1.001e+06 ZonesAtSurface
1574.8 274.994 568.474 7 2 1 4 1.49148e+06 18.1053 147746 1.05088 3.89981e+06 1.49148e+06 ZonesAtSurface
1624.82 274.979 393.576 0 0 1 8 1.17028e+06 34.3572 112676 1.03061 7.48324e+06 1.17028e+06 ZonesAtSurface
1674.87 274.981 418.572 10 0 1 8 1.1625e+06 44.0918 57328.5 1.07413 6.75012e+06 1.1625e+06 ZonesAtSurface
1724.91 274.986 493.558 0 0 2 7 937100 38.1646 98718.7 2.09221 3.44096e+06 937100 ZonesAtSurface
1774.97 274.986 418.583 6 0 1 9 1.05565e+06 24.407 141380 1.00536 5.59663e+06 1.05565e+06 ZonesAtSurface
1825.01 274.995 493.547 3 0 1 8 778068 38.5175 80868.9 1.18473 3.45506e+06 778068 ZonesAtSurface
1875.1 275 468.568 4 0 1 9 627089 23.8711 148938 1.06562 3.54184e+06 627089 ZonesAtSurface
1925.18 275.025 643.328 5 9 2 6 1.15551e+06 34.064 113446 1.49491 2.74286e+06 1.15551e+06 ZonesAtSurface
1975.3 275.014 568.44 8 5 2 8 1.33587e+06 32.1702 126279 1.14488 4.12705e+06 1.33587e+06 ZonesAtSurface
2025.39 274.993 381.234 7 0 1 11 956646 24.1881 59114.2 1.00306 4.16439e+06 956646 ZonesAtSurface
2075.36 274.981 181.43 1 0 1 13 1.42676e+06 17.9711 92312.7 1.00877 6.48338e+06 1.42676e+06 ZonesAtSurface
2125.35 274.976 81.4861 1 0 1 13 1.44072e+06 29.7859 128515 1.0212 1.00703e+07 1.44072e+06 ZonesAtSurface
2175.36 274.973 31.5187 0 0 1 12 1.0762e+06 44.5975 97233.8 1.5017 1.02285e+07 1.0762e+06 ZonesAtSurface
2225.35 274.97 -18.4538 13 0 1 11 981352 21.8462 140960 1.10997 7.84751e+06 981352 ZonesAtSurface
2275.34 274.97 -18.4086 25 0 1 9 919823 26.2795 132848 1.71382 3.56072e+06 919823 ZonesAtSurface
2325.33 274.969 -18.3763 46 0 1 7 739941 32.0065 125968 2.08672 2.939e+06 739941 ZonesAtSurface
2375.28 274.971 -18.3533 66 0 1 5 1.32712e+06 35.102 77417 2.23062 3.83292e+06 1.32712e+06 ZonesAtSurface
2425.25 274.969 -18.3313 106 0 1 3 780429 28.7902 97946.4 2.08603 2.46863e+06 780429 ZonesAtSurface
2475.19 274.966 -18.3166 106 0 1 1 1.31569e+06 25.7667 149091 2.38537 2.98018e+06 1.31569e+06 ZonesAtSurface
2525.02 274.971 -48.3263 82 0 1 1 1.07844e+06 41.5934 107937 1.08523 8.45812e+06 1.07844e+06 ZonesAtSurface
2574.91 274.968 -8.24462 70 7 1 1 976308 43.2206 111244 4.12388 1.85414e+06 976308 ZonesAtSurface
2624.85 274.972 -18.2916 72 13 1 2 1.17528e+06 42.7904 112620 3.08653 3.0341e+06 1.17528e+06 ZonesAtSurface
2674.8 274.969 -28.3358 43 0 1 3 1.3839e+06 37.0261 98898.1 1.24396 6.26094e+06 1.3839e+06 ZonesAtSurface
2724.73 274.97 -38.3879 25 0 1 4 558777 36.3405 114379 1.06975 1.15042e+07 558777 ZonesAtSurface
2774.63 274.973 1.6021 1 0 1 4 1.43754e+06 28.4497 68028 1.23238 9.13516e+06 1.43754e+06 ZonesAtSurface
2824.51 274.976 91.5754 5 0 2 3 1.36798e+06 32.149 60300.1 1.19712 5.42257e+06 1.36798e+06 ZonesAtSurface
2874.5 274.977 131.566 6 0 1 3 856788 34.2052 76480.4 1.13081 4.17452e+06 856788 ZonesAtSurface
2924.49 274.975 171.552 3 0 2 3 972387 28.2935 90505.3 1.05908 3.93787e+06 972387 ZonesAtSurface
2974.49 274.969 211.529 4 0 1 3 1.24904e+06 20.5519 80368 1.0284 4.23306e+06 1.24904e+06 ZonesAtSurface
3024.5 274.963 251.503 3 3 1 3 1.4966e+06 33.4963 105257 1.50304 4.34422e+06 1.4966e+06 ZonesAtSurface
3074.51 274.963 241.474 9 0 1 4 983101 17.1501 109123 1.09042 3.72367e+06 983101 ZonesAtSurface
3124.52 274.964 231.445 0 0 1 5 1.0467e+06 25.7243 123949 1.34271 4.70279e+06 1.0467e+06 ZonesAtSurface
3174.53 274.955 271.414 9 0 1 5 821021 40.4118 111167 1.31188 5.0549e+06 821021 ZonesAtSurface
3224.55 274.961 261.382 1 0 1 6 605286 38.1322 95263.2 1.08716 5.49051e+06 605286 ZonesAtSurface
3274.57 274.954 301.35 8 0 1 6 1.18551e+06 27.2556 68501.1 1.03438 4.50144e+06 1.18551e+06 ZonesAtSurface
3324.59 274.946 341.315 1 4 2 6 1.49706e+06 37.8741 80100.1 1.26385 5.06576e+06 1.49706e+06 ZonesAtSurface
3374.63 274.968 281.287 3 0 1 8 918288 33.1614 78581.8 1.01527 6.97896e+06 918288 ZonesAtSurface
3424.65 274.959 471.171 2 5 2 5 1.20722e+06 19.4726 147012 1.40462 2.40339e+06 1.20722e+06 ZonesAtSurface
3474.71 274.968 511.132 0 8 2 5 1.44903e+06 19.2818 122724 1.71587 2.33176e+06 1.44903e+06 ZonesAtSurface
3524.75 274.975 451.131 2 0 2 7 821379 28.9236 110721 1.01764 3.85614e+06 821379 ZonesAtSurface
3574.8 274.978 441.114 0 0 1 8 1.49915e+06 41.0928 118808 1.2896 6.56977e+06 1.49915e+06 ZonesAtSurface
3624.85 274.996 580.995 6 2 2 6 1.29664e+06 17.5033 144150 1.10721 3.26286e+06 1.29664e+06 ZonesAtSurface
3674.9 274.988 521.015 3 0 1 8 1.20769e+06 43.4759 55197.5 1.30116 6.33238e+06 1.20769e+06 ZonesAtSurface
3724.97 275.001 660.878 10 0 1 6 755601 17.6743 110855 1.07335 2.25186e+06 755601 ZonesAtSurface
3775.03 274.998 710.832 2 9 1 5 1.26747e+06 26.2723 137930 1.17977 3.30257e+06 1.26747e+06 ZonesAtSurface
3825.1 274.994 670.872 10 0 1 5 910518 37.5697 57306.2 1.09744 3.69698e+06 910518 ZonesAtSurface
3875.14 274.991 680.886 8 1 2 4 1.36732e+06 31.08 140808 1.0547 4.38401e+06 1.36732e+06 ZonesAtSurface
3925.22 274.987 590.969 2 2 1 5 1.42484e+06 42.8913 66646.5 1.13994 5.67224e+06 1.42484e+06 ZonesAtSurface
3975.29 274.979 451.094 7 0 1 7 1.26348e+06 33.7737 126808 1.019 6.20481e+06 1.26348e+06 ZonesAtSurface
4025.34 274.975 411.143 6 0 1 7 1.3737e+06 17.8722 90314.1 1.01921 5.022e+06 1.3737e+06 ZonesAtSurface
4075.38 274.968 471.153 6 9 1 5 1.36559e+06 41.7488 148147 1.26952 4.64357e+06 1.36559e+06 ZonesAtSurface
4125.42 274.97 431.196 10 5 1 5 1.30955e+06 44.1113 68359.7 1.46738 4.48049e+06 1.30955e+06 ZonesAtSurface
4175.44 274.967 441.234 8 10 2 4 859772 38.1004 89081 1.70458 2.09174e+06 859772 ZonesAtSurface
4225.47 274.973 401.275 8 6 2 4 1.33889e+06 21.6334 91132.9 1.13539 3.65991e+06 1.33889e+06 ZonesAtSurface
4275.5 274.976 311.318 1 0 1 5 637828 39.7508 93398.4 1.33619 4.9271e+06 637828 ZonesAtSurface
4325.52 274.975 321.347 3 0 2 4 1.33349e+06 21.9311 51221 1.09042 4.304e+06 1.33349e+06 ZonesAtSurface
4375.54 274.973 331.377 10 0 2 3 544626 42.372 105655 1.17171 2.5507e+06 544626 ZonesAtSurface
4425.55 274.975 291.411 3 0 2 3 961228 15.1986 104384 1.06855 3.15201e+06 961228 ZonesAtSurface
4475.55 274.977 201.449 0 0 1 4 1.44126e+06 42.0223 148403 2.53383 5.14616e+06 1.44126e+06 ZonesAtSurface
4525.56 274.979 211.479 0 0 2 3 837923 28.3471 102252 1.2994 3.6944e+06 837923 ZonesAtSurface
4575.56 274.979 221.501 0 8 2 2 1.16225e+06 31.7938 69693.5 1.76563 2.48e+06 1.16225e+06 ZonesAtSurface
4625.56 274.983 181.515 9 7 2 2 1.2058e+06 33.4904 145162 1.72693 2.51195e+06 1.2058e+06 ZonesAtSurface
4675.48 274.987 41.5321 4 0 1 4 547854 21.6206 77991.1 1.08281 3.34422e+06 547854 ZonesAtSurface
4725.35 274.979 -48.4763 0 0 1 5 657682 44.138 130890 3.12296 1.07366e+07 657682 ZonesAtSurface
4775.31 274.981 -38.4512 26 0 1 4 553930 18.818 95446.1 1.05205 6.09789e+06 553930 ZonesAtSurface
4825.26 274.979 -28.4288 56 0 1 3 1.42915e+06 22.743 141775 1.39116 4.27149e+06 1.42915e+06 ZonesAtSurface
4875.16 274.986 -18.3835 52 0 1 2 932514 19.1145 87011.5 1.142 3.06854e+06 932514 ZonesAtSurface
4925.07 274.984 -8.35892 63 0 1 1 688434 23.208 95346.5 1.33187 2.79225e+06 688434 ZonesAtSurface
74.9224 324.971 -29.8444 96 0 1 1 1.13574e+06 22.6163 51455.6 1.52877 4.32617e+06 1.13574e+06 ZonesAtSurface
124.836 324.968 -4.80161 79 46 1 1 715663 28.264 109831 2.18322 1.2232e+06 715663 ZonesAtSurface
174.768 324.966 -29.835 84 0 1 2 1.25192e+06 35.6958 124336 1.29402 5.31718e+06 1.25192e+06 ZonesAtSurface
224.698 324.965 -4.79916 88 41 1 2 1.29251e+06 30.6329 76271.2 2.21836 2.57174e+06 1.29251e+06 ZonesAtSurface
274.644 324.966 -29.8305 98 0 1 3 801380 18.781 143139 1.08087 3.4275e+06 801380 ZonesAtSurface
324.573 324.964 -4.82826 95 0 1 3 963205 15.6559 111201 1.65722 1.8634e+06 963205 ZonesAtSurface
374.527 324.963 -29.8912 75 0 1 4 876394 15.1225 139295 1.07883 3.95138e+06 876394 ZonesAtSurface
424.463 324.962 -4.91804 49 0 1 4 543947 28.9041 105486 1.36288 5.02089e+06 543947 ZonesAtSurface
474.462 324.966 -29.9622 12 0 1 5 722920 18.621 111863 1.02668 7.4029e+06 722920 ZonesAtSurface
524.327 324.963 145.011 1 0 1 2 1.03092e+06 26.8661 121181 1.68117 2.27474e+06 1.03092e+06 ZonesAtSurface
574.341 324.962 220 0 0 2 1 1.08179e+06 26.5149 82108.9 2.71417 1.49057e+06 1.08179e+06 ZonesAtSurface
624.352 324.963 244.986 0 0 2 1 1.34624e+06 20.8521 135573 3.32346 1.29967e+06 1.34624e+06 ZonesAtSurface
674.375 324.959 319.97 0 4 0 0 1.00008e+06 36.6012 72507.4 5.51636 751982 1.00008e+06 ZonesAtSurface
724.386 324.959 344.953 0 0 0 0 978554 22.3631 146430 5.25475 603455 978554 ZonesAtSurface
774.397 324.96 369.93 0 0 0 0 991872 18.3899 63890.6 3.50085 844332 991872 ZonesAtSurface
824.409 324.959 394.904 0 0 0 0 1.48682e+06 40.313 86444.3 7.44555 995008 1.48682e+06 ZonesAtSurface
874.423 324.959 419.876 0 0 0 0 1.25288e+06 36.0191 108944 6.35822 942108 1.25288e+06 ZonesAtSurface
924.438 324.958 444.846 0 0 0 0 1.4967e+06 25.4842 124432 4.7631 1.0955e+06 1.4967e+06 ZonesAtSurface
974.453 324.958 469.816 0 0 0 0 1.26161e+06 34.1535 84964.3 4.28904 1.27745e+06 1.26161e+06 ZonesAtSurface
1024.47 324.959 494.785 0 0 0 0 938866 27.5718 111906 3.5186 1.08595e+06 938866 ZonesAtSurface
1074.49 324.959 519.755 0 0 0 0 829154 35.6823 122592 3.50753 1.20673e+06 829154 ZonesAtSurface
1124.52 324.959 544.725 0 0 0 0 602988 22.6497 74068.5 2.28223 1.05955e+06 602988 ZonesAtSurface
1174.56 324.96 569.693 0 0 0 0 681833 15.8041 128548 2.07549 1.02874e+06 681833 ZonesAtSurface
1224.59 324.96 594.66 0 0 0 0 836770 34.4823 112089 4.50043 956332 836770 ZonesAtSurface
1274.63 324.961 619.625 0 0 0 0 854121 32.7263 118463 4.58778 887139 854121 ZonesAtSurface
1324.68 324.961 644.591 0 0 0 0 565560 18.3667 123653 2.7834 710653 565560 ZonesAtSurface
1374.72 324.962 669.557 0 0 0 0 841011 17.0575 94900.6 5.23264 507209 841011 ZonesAtSurface
1424.76 324.962 694.524 0 0 0 0 1.47722e+06 18.2778 98381.9 10 419580 1.47722e+06 ZonesAtSurface
1474.8 324.964 719.492 0 0 0 0 823224 34.7899 120200 5.06118 656745 823224 ZonesAtSurface
1524.82 324.976 694.465 5 0 2 1 568189 27.8065 113257 1.09908 1.93795e+06 568189 ZonesAtSurface
1574.77 324.985 469.537 3 0 1 6 570317 16.3992 86561.8 1.02051 3.27034e+06 570317 ZonesAtSurface
1624.82 324.979 394.592 1 0 1 8 893778 17.2065 102588 1.31581 3.59815e+06 893778 ZonesAtSurface
1674.87 324.982 419.589 9 0 1 8 566282 40.6402 125530 1.04616 5.44323e+06 566282 ZonesAtSurface
1724.91 324.987 444.588 3 1 1 8 1.27745e+06 16.4727 85628.5 1.36096 2.5832e+06 1.27745e+06 ZonesAtSurface
1774.95 324.996 519.557 10 0 2 7 861845 18.7718 129394 2.04274 1.66351e+06 861845 ZonesAtSurface
1825.03 324.995 444.593 5 0 1 9 537529 36.0422 66434.3 1.0252 4.4196e+06 537529 ZonesAtSurface
1875.1 325.001 469.584 8 0 1 9 1.34778e+06 30.1776 57069.4 1.06956 5.01322e+06 1.34778e+06 ZonesAtSurface
1925.2 325.025 594.384 0 0 2 7 1.19405e+06 28.9317 125327 1.06607 3.7016e+06 1.19405e+06 ZonesAtSurface
1975.33 325.012 519.521 5 0 2 9 681098 35.4958 105132 1.05111 3.24321e+06 681098 ZonesAtSurface
2025.43 324.997 432.18 5 5 2 10 1.37746e+06 40.5573 85660.2 1.20769 4.99417e+06 1.37746e+06 ZonesAtSurface
2075.37 324.983 182.447 1 0 1 13 598291 29.0829 76703.8 1.00871 5.70811e+06 598291 ZonesAtSurface
2125.36 324.979 82.5005 0 0 1 13 903909 44.3286 100998 1.35035 1.03302e+07 903909 ZonesAtSurface
2175.37 324.975 32.5296 1 0 1 12 870691 36.133 68994.3 1.16744 9.71657e+06 870691 ZonesAtSurface
2225.35 324.971 -17.445 6 0 1 11 1.33027e+06 16.4476 117943 1.01647 7.2733e+06 1.33027e+06 ZonesAtSurface
2275.36 324.968 -17.4038 39 0 1 9 549541 17.749 54030.3 1.2694 2.2427e+06 549541 ZonesAtSurface
2325.33 324.969 -17.3675 46 0 1 7 530674 39.8118 78387 1.88021 3.38079e+06 530674 ZonesAtSurface
2375.29 324.97 -17.3499 76 0 1 5 1.19895e+06 31.2624 97047.5 1.86953 3.84077e+06 1.19895e+06 ZonesAtSurface
2425.25 324.967 -17.3116 104 0 1 3 618007 21.7972 128136 2.3224 1.71303e+06 618007 ZonesAtSurface
2475.17 324.968 -17.2985 97 0 1 1 1.21646e+06 30.4527 97813.6 2.9758 2.69638e+06 1.21646e+06 ZonesAtSurface
2525.02 324.968 -47.3117 86 0 1 1 1.07968e+06 26.7146 142465 1.14366 6.17245e+06 1.07968e+06 ZonesAtSurface
2574.91 324.968 -7.23589 59 25 1 1 1.12979e+06 42.4726 90885.3 4.21319 1.77153e+06 1.12979e+06 ZonesAtSurface
2624.86 324.969 -17.2758 76 12 1 2 1.22833e+06 37.2116 108918 1.95687 3.08143e+06 1.22833e+06 ZonesAtSurface
2674.8 324.969 -27.3158 58 0 1 3 1.39463e+06 24.0372 95956.5 1.19567 4.86295e+06 1.39463e+06 ZonesAtSurface
2724.72 324.975 -37.378 29 0 1 4 672650 43.7693 92438.9 1.15815 1.3106e+07 672650 ZonesAtSurface
2774.7 324.973 -47.3993 0 0 1 5 985423 30.0492 50654.8 1.20822 1.06333e+07 985423 ZonesAtSurface
2824.5 324.979 92.5767 0 0 2 3 1.0261e+06 28.4991 67064.4 1.17752 4.66578e+06 1.0261e+06 ZonesAtSurface
2874.46 324.967 232.558 4 7 2 1 551445 37.7229 51503 1.86154 1.1621e+06 551445 ZonesAtSurface
2924.48 324.974 172.551 8 0 1 3 1.33221e+06 25.0971 149213 1.10346 4.57325e+06 1.33221e+06 ZonesAtSurface
2974.48 324.969 212.528 0 0 1 3 1.26465e+06 16.8434 81555.8 1.08663 4.09395e+06 1.26465e+06 ZonesAtSurface
3024.49 324.955 302.496 4 5 1 2 844984 43.0986 94003.4 1.35384 2.75426e+06 844984 ZonesAtSurface
3074.5 324.964 242.471 0 0 1 4 1.01329e+06 32.731 109911 1.30144 4.88847e+06 1.01329e+06 ZonesAtSurface
3124.51 324.949 332.44 0 8 1 3 1.49432e+06 41.0048 121071 1.93464 3.30213e+06 1.49432e+06 ZonesAtSurface
3174.53 324.961 272.411 0 0 1 5 593498 44.9694 76214.7 1.7827 5.0576e+06 593498 ZonesAtSurface
3224.54 324.956 312.377 5 0 1 5 1.06055e+06 38.9339 79101.2 1.24976 4.71103e+06 1.06055e+06 ZonesAtSurface
3274.56 324.954 352.345 3 0 2 5 746703 25.3392 69931 1.21352 2.57685e+06 746703 ZonesAtSurface
3324.58 324.96 342.311 7 0 2 6 647260 33.1952 64693.8 1.01446 3.86309e+06 647260 ZonesAtSurface
3374.61 324.967 332.276 0 0 1 7 911224 18.8901 119585 1.02278 4.49043e+06 911224 ZonesAtSurface
3424.65 324.97 472.185 9 6 1 5 1.22438e+06 26.7322 104287 1.16629 3.63575e+06 1.22438e+06 ZonesAtSurface
3474.7 324.975 512.139 0 4 2 5 653601 41.7056 109470 1.32744 2.00919e+06 653601 ZonesAtSurface
3524.74 324.979 502.116 4 10 2 6 913632 39.9433 99148.9 1.45601 2.53342e+06 913632 ZonesAtSurface
3574.79 324.984 492.101 8 0 1 7 1.26589e+06 40.1805 149902 1.10328 5.24046e+06 1.26589e+06 ZonesAtSurface
3624.85 324.981 432.106 1 0 1 9 1.03343e+06 19.3112 89338.3 1.00509 5.03079e+06 1.03343e+06 ZonesAtSurface
3674.91 324.983 472.066 0 0 1 9 1.21269e+06 27.1316 90642.2 1.00641 6.25332e+06 1.21269e+06 ZonesAtSurface
3724.97 324.989 561.982 0 0 1 8 777489 34.9434 58058 1.06264 3.71224e+06 777489 ZonesAtSurface
3775.03 324.998 711.835 3 1 1 5 1.19535e+06 30.6216 76040.2 1.03493 4.06099e+06 1.19535e+06 ZonesAtSurface
3825.1 324.993 621.917 0 0 1 6 581289 39.9884 116260 1.01365 3.79183e+06 581289 ZonesAtSurface
3875.16 324.992 631.921 2 0 1 5 1.48606e+06 20.6592 147517 1.06428 4.24911e+06 1.48606e+06 ZonesAtSurface
3925.22 324.985 591.972 10 0 1 5 863083 35.8424 80698.2 1.09815 4.03694e+06 863083 ZonesAtSurface
3975.29 324.979 502.066 1 0 1 6 619720 16.1984 72905.3 1.07041 2.29217e+06 619720 ZonesAtSurface
4025.35 324.975 462.12 4 0 1 6 1.15129e+06 44.4648 140010 1.14526 6.51374e+06 1.15129e+06 ZonesAtSurface
4075.39 324.971 472.149 0 0 2 5 685991 32.2744 139358 1.03378 3.43689e+06 685991 ZonesAtSurface
4125.43 324.974 432.197 5 0 1 5 1.25561e+06 21.1356 136218 1.11299 4.31008e+06 1.25561e+06 ZonesAtSurface
4175.46 324.977 392.245 2 0 1 5 910807 33.403 103877 1.30237 4.44429e+06 910807 ZonesAtSurface
4225.49 324.976 302.298 3 0 1 6 1.10053e+06 22.194 146626 1.00738 5.4176e+06 1.10053e+06 ZonesAtSurface
4275.51 324.977 362.328 10 5 1 4 1.36507e+06 21.1624 119362 1.31299 3.06487e+06 1.36507e+06 ZonesAtSurface
4325.53 324.976 322.356 9 0 1 4 613459 44.3669 111557 1.02475 3.78327e+06 613459 ZonesAtSurface
4375.55 324.975 282.389 0 0 1 4 1.10315e+06 23.4485 96871.9 1.20845 4.38623e+06 1.10315e+06 ZonesAtSurface
4425.55 324.976 192.427 0 0 1 5 1.32869e+06 36.5968 61172.6 2.273 5.66772e+06 1.32869e+06 ZonesAtSurface
4475.56 324.98 252.459 10 0 1 3 1.24713e+06 34.3333 56088 1.62965 3.49702e+06 1.24713e+06 ZonesAtSurface
4525.54 324.979 112.487 0 0 1 5 1.49759e+06 33.0807 124401 1.71185 6.3871e+06 1.49759e+06 ZonesAtSurface
4575.56 324.987 172.511 8 0 1 3 1.34917e+06 28.4763 99628.8 2.2725 2.39028e+06 1.34917e+06 ZonesAtSurface
4625.53 324.992 82.5261 9 0 1 4 853609 24.0229 79951.1 1.07055 4.37719e+06 853609 ZonesAtSurface
4675.43 324.982 -7.46347 2 0 1 5 1.37404e+06 27.0888 127140 1.02087 8.04274e+06 1.37404e+06 ZonesAtSurface
4725.36 324.977 -47.4629 14 0 1 5 688865 35.2176 65838.2 1.31831 1.21216e+07 688865 ZonesAtSurface
4775.31 324.978 -37.425 41 0 1 4 849157 33.9011 143671 1.1615 8.26062e+06 849157 ZonesAtSurface
4825.24 324.975 -27.4077 46 0 1 3 729745 42.4522 51765.3 1.33599 6.09301e+06 729745 ZonesAtSurface
4875.15 324.978 -17.3782 69 0 1 2 913204 36.5137 61968.3 1.18755 3.95396e+06 913204 ZonesAtSurface
4925.07 324.979 -7.34994 59 0 1 1 969794 28.1179 70133.8 1.46798 3.18559e+06 969794 ZonesAtSurface
74.9215 374.969 -28.8432 97 0 1 1 1.06709e+06 42.2411 56013.2 1.48533 7.23467e+06 1.06709e+06 ZonesAtSurface
124.838 374.967 -3.80035 77 38 1 1 739053 29.6885 75778 1.85223 1.51271e+06 739053 ZonesAtSurface
174.766 374.966 -28.8316 87 0 1 2 1.26779e+06 35.2734 102223 1.16774 6.20275e+06 1.26779e+06 ZonesAtSurface
224.695 374.967 -3.80084 80 52 1 2 1.10698e+06 38.2207 90892.9 2.8158 2.62792e+06 1.10698e+06 ZonesAtSurface
274.638 374.965 -28.8349 90 0 1 3 761622 42.7463 52087.3 1.07612 6.92355e+06 761622 ZonesAtSurface
324.574 374.963 -3.83903 93 0 1 3 603086 42.9894 81464.4 2.16217 2.48877e+06 603086 ZonesAtSurface
374.526 374.962 -28.8947 56 0 1 4 1.36082e+06 34.5005 107594 1.07442 8.7172e+06 1.36082e+06 ZonesAtSurface
424.462 374.958 -3.91906 38 0 1 4 960273 31.5116 105717 1.06784 6.44631e+06 960273 ZonesAtSurface
474.412 374.959 21.0487 0 0 1 4 1.38895e+06 41.5067 112840 1.97184 9.49459e+06 1.38895e+06 ZonesAtSurface
524.331 374.958 196.017 0 4 2 1 1.28383e+06 41.7796 64477.1 10 573905 1.28383e+06 ZonesAtSurface
574.34 374.96 221.006 0 0 2 1 908101 31.2848 130663 3.14284 1.16968e+06 908101 ZonesAtSurface
624.35 374.962 245.992 0 0 2 1 962952 39.1525 145012 4.90885 1.11845e+06 962952 ZonesAtSurface
674.372 374.958 320.976 0 0 0 0 1.37122e+06 17.1393 70437.3 8.1461 461049 1.37122e+06 ZonesAtSurface
724.382 374.958 345.958 0 0 0 0 1.12311e+06 18.5023 120800 5.69179 580917 1.12311e+06 ZonesAtSurface
774.393 374.958 370.935 0 0 0 0 611793 24.0555 99001.1 2.61501 843494 611793 ZonesAtSurface
824.404 374.958 395.909 0 0 0 0 1.45464e+06 27.8361 108676 5.37083 985521 1.45464e+06 ZonesAtSurface
874.417 374.958 420.881 0 0 0 0 1.13543e+06 35.7376 50019.6 5.78656 960299 1.13543e+06 ZonesAtSurface
924.431 374.957 445.852 0 0 0 0 1.17669e+06 20.4245 95298 3.20103 1.15774e+06 1.17669e+06 ZonesAtSurface
974.447 374.957 470.821 0 0 0 0 1.03436e+06 24.7261 89611.6 2.78769 1.31529e+06 1.03436e+06 ZonesAtSurface
1024.47 374.957 495.791 0 0 0 0 591942 39.3591 85456.9 3.59169 1.11611e+06 591942 ZonesAtSurface
1074.49 374.958 520.762 0 0 0 0 1.47101e+06 18.0518 85931.5 3.66698 1.19462e+06 1.47101e+06 ZonesAtSurface
1124.51 374.958 545.732 0 0 0 0 567397 39.1824 55117.8 3.38152 1.16506e+06 567397 ZonesAtSurface
1174.55 374.959 570.7 0 0 0 0 711292 41.3048 98908.5 4.8918 1.02977e+06 711292 ZonesAtSurface
1224.58 374.959 595.667 0 0 0 0 1.23607e+06 44.1492 68839 7.82517 997397 1.23607e+06 ZonesAtSurface
1274.63 374.959 620.633 0 0 0 0 1.38119e+06 21.399 123635 5.22132 859174 1.38119e+06 ZonesAtSurface
1324.67 374.96 645.599 0 0 0 0 918592 34.3166 118844 6.70704 688348 918592 ZonesAtSurface
1374.71 374.961 670.566 0 0 0 0 1.03115e+06 40.6123 133661 10 497880 1.03115e+06 ZonesAtSurface
1424.75 374.962 695.534 0 0 0 0 909152 32.3608 83455.3 10 415635 909152 ZonesAtSurface
1474.8 374.964 720.503 0 0 0 0 502390 18.3141 79093.3 2.27194 649841 502390 ZonesAtSurface
1524.79 374.981 645.49 1 4 1 2 1.07148e+06 33.0112 63857.4 1.37543 3.37719e+06 1.07148e+06 ZonesAtSurface
1574.78 374.983 520.532 5 6 1 5 1.33406e+06 40.6984 88797 1.27548 4.38945e+06 1.33406e+06 ZonesAtSurface
1624.82 374.98 395.608 6 0 1 8 952727 20.4015 64203.1 1.27838 3.99141e+06 952727 ZonesAtSurface
1674.86 374.983 370.618 3 0 1 9 689438 37.4833 111845 1.19696 8.33839e+06 689438 ZonesAtSurface
1724.92 374.988 395.62 1 0 1 9 1.22269e+06 21.812 122621 1.05626 4.68071e+06 1.22269e+06 ZonesAtSurface
1774.96 375.003 470.599 9 6 2 8 917541 16.9543 100780 1.8152 1.49737e+06 917541 ZonesAtSurface
1825.02 375.009 495.582 0 6 2 8 1.42819e+06 43.3658 114098 1.27948 4.94496e+06 1.42819e+06 ZonesAtSurface
1875.1 375.005 470.596 9 0 1 9 1.37772e+06 18.585 88515 1.10149 3.90017e+06 1.37772e+06 ZonesAtSurface
1925.2 375.03 595.391 9 6 2 7 934355 27.3967 120288 1.17088 2.51076e+06 934355 ZonesAtSurface
1975.33 375.021 570.454 0 8 2 8 1.0293e+06 35.2293 58849.2 1.78744 2.19272e+06 1.0293e+06 ZonesAtSurface
2025.42 374.995 383.271 2 0 1 11 522459 15.7734 119428 1.00417 1.91091e+06 522459 ZonesAtSurface
2075.38 374.984 183.461 0 0 1 13 532013 19.7884 146610 1.00508 4.26926e+06 532013 ZonesAtSurface
2125.37 374.981 83.5129 1 0 1 13 601419 39.7648 89615.6 1.09453 1.00205e+07 601419 ZonesAtSurface
2175.37 374.978 33.5392 0 0 1 12 904460 40.0027 86024.1 1.5737 9.47802e+06 904460 ZonesAtSurface
2225.35 374.976 -16.4381 7 0 1 11 778694 18.3394 85421.3 1.01577 6.72246e+06 778694 ZonesAtSurface
2275.36 374.972 -16.4008 22 0 1 9 1.46896e+06 37.3577 52538.8 1.34502 6.8622e+06 1.46896e+06 ZonesAtSurface
2325.33 374.971 -16.3659 40 1 1 7 1.37716e+06 44.521 110582 2.07789 4.68899e+06 1.37716e+06 ZonesAtSurface
2375.3 374.971 -16.3518 68 2 1 5 1.31066e+06 40.8373 114795 2.03749 4.38259e+06 1.31066e+06 ZonesAtSurface
2425.25 374.967 -16.3036 97 0 1 3 992188 38.4101 115869 3.17288 2.87216e+06 992188 ZonesAtSurface
2475.17 374.968 -16.2855 99 0 1 1 601032 29.5071 142994 3.92068 1.64052e+06 601032 ZonesAtSurface
2525.02 374.968 -46.3035 73 0 1 1 1.341e+06 37.1877 79214.6 1.04919 7.99729e+06 1.341e+06 ZonesAtSurface
2574.91 374.968 -6.23411 81 38 1 1 1.1109e+06 36.6478 146078 5.04807 978703 1.1109e+06 ZonesAtSurface
2624.87 374.966 -16.2595 68 0 1 2 1.12532e+06 38.6219 149655 3.65089 2.18409e+06 1.12532e+06 ZonesAtSurface
2674.81 374.969 -26.2874 56 0 1 3 503269 26.5194 74887.1 1.23302 3.17582e+06 503269 ZonesAtSurface
2724.74 374.974 -36.346 50 0 1 4 1.17712e+06 27.0916 105554 1.20798 6.49001e+06 1.17712e+06 ZonesAtSurface
2774.69 374.972 -46.392 15 0 1 5 1.16052e+06 30.4647 117494 1.20714 1.18598e+07 1.16052e+06 ZonesAtSurface
2824.47 374.978 93.5719 2 0 2 3 923573 38.5267 73214 1.60913 3.2279e+06 923573 ZonesAtSurface
2874.45 374.972 183.554 0 0 2 2 1.13907e+06 31.5504 90028.7 1.91126 2.45431e+06 1.13907e+06 ZonesAtSurface
2924.46 374.97 223.544 0 3 2 2 1.25968e+06 31.6762 52140.4 1.78237 2.90664e+06 1.25968e+06 ZonesAtSurface
2974.47 374.965 263.523 0 0 2 2 1.08792e+06 31.2796 85154.3 1.56437 3.04963e+06 1.08792e+06 ZonesAtSurface
3024.48 374.96 303.494 10 2 1 2 1.18318e+06 24.0845 108139 1.11361 3.17691e+06 1.18318e+06 ZonesAtSurface
3074.49 374.962 293.467 0 0 1 3 1.2885e+06 41.0693 57177.5 1.97924 3.78121e+06 1.2885e+06 ZonesAtSurface
3124.5 374.963 283.439 3 0 1 4 934711 31.0303 121972 1.14318 4.6928e+06 934711 ZonesAtSurface
3174.51 374.958 323.405 0 0 2 4 842646 19.9418 95340.4 1.04793 3.2688e+06 842646 ZonesAtSurface
3224.55 374.95 413.365 5 4 2 3 760226 20.4976 58350.8 1.44015 1.55487e+06 760226 ZonesAtSurface
3274.57 374.958 403.347 5 10 2 4 764174 37.1694 54091.8 1.87967 1.66029e+06 764174 ZonesAtSurface
3324.58 374.969 343.315 6 0 1 6 769370 28.7354 105382 1.02559 3.93257e+06 769370 ZonesAtSurface
3374.6 374.973 383.272 7 0 1 6 1.35332e+06 41.8464 70397.4 1.10021 5.93149e+06 1.35332e+06 ZonesAtSurface
3424.64 374.976 373.235 0 0 1 7 1.02205e+06 37.6159 77286.7 1.0113 6.92514e+06 1.02205e+06 ZonesAtSurface
3474.68 374.979 463.164 4 0 1 6 746389 33.4547 143782 1.03565 4.10937e+06 746389 ZonesAtSurface
3524.74 374.984 503.123 0 5 2 6 1.24963e+06 35.4702 117074 1.41566 3.22726e+06 1.24963e+06 ZonesAtSurface
3574.79 374.987 493.114 0 3 2 7 1.12594e+06 40.4714 69581.4 1.17803 3.99684e+06 1.12594e+06 ZonesAtSurface
3624.85 374.982 433.121 2 0 1 9 1.06852e+06 27.5548 64746.3 1.00975 6.29902e+06 1.06852e+06 ZonesAtSurface
3674.9 374.988 523.047 10 0 1 8 1.34665e+06 24.6081 84646.3 1.09685 4.01226e+06 1.34665e+06 ZonesAtSurface
3724.97 374.991 562.994 8 0 1 8 721254 23.9874 94448.5 1.01578 3.36247e+06 721254 ZonesAtSurface
3775.03 374.998 762.803 0 5 2 4 1.43492e+06 30.5145 117478 1.56479 3.11121e+06 1.43492e+06 ZonesAtSurface
3825.07 374.991 772.822 10 5 1 3 995438 15.5908 126957 1.57118 1.67984e+06 995438 ZonesAtSurface
3875.17 374.993 632.923 7 0 1 5 773642 33.7746 140468 1.00814 3.73203e+06 773642 ZonesAtSurface
3925.18 374.979 692.929 7 8 2 3 784330 38.4192 141756 1.99183 1.67009e+06 784330 ZonesAtSurface
3975.28 374.977 603.003 0 5 2 4 1.48856e+06 39.2787 50001.8 1.55303 4.48755e+06 1.48856e+06 ZonesAtSurface
4025.35 374.977 513.096 9 0 1 5 1.04168e+06 31.6127 140344 1.011 5.39804e+06 1.04168e+06 ZonesAtSurface
4075.38 374.977 523.13 9 5 2 4 978470 25.5073 78163.8 1.30596 2.47381e+06 978470 ZonesAtSurface
4125.43 374.981 483.179 7 4 2 4 968560 25.0648 54967.4 1.24799 2.44808e+06 968560 ZonesAtSurface
4175.46 374.977 293.282 0 0 1 7 1.04456e+06 43.3817 141655 1.83443 7.32718e+06 1.04456e+06 ZonesAtSurface
4225.49 374.977 303.308 0 0 1 6 715783 39.9524 59601.3 1.25921 6.18465e+06 715783 ZonesAtSurface
4275.52 374.977 313.337 3 0 1 5 566989 21.3725 108809 1.08026 2.84378e+06 566989 ZonesAtSurface
4325.54 374.977 273.369 2 0 1 5 1.25306e+06 21.5232 114871 1.05425 5.19245e+06 1.25306e+06 ZonesAtSurface
4375.56 374.976 283.4 5 0 1 4 1.14614e+06 21.8566 59169.9 1.10037 3.85062e+06 1.14614e+06 ZonesAtSurface
4425.57 374.975 243.432 7 0 1 4 912621 39.2974 103777 1.35814 5.14586e+06 912621 ZonesAtSurface
4475.56 374.979 153.467 2 0 1 5 927388 22.1315 111355 1.03714 5.80796e+06 927388 ZonesAtSurface
4525.55 374.982 113.496 1 0 1 5 1.15218e+06 43.9537 94872.4 1.61794 6.86434e+06 1.15218e+06 ZonesAtSurface
4575.56 374.99 123.518 0 4 2 4 1.37299e+06 29.0736 53666.1 1.89486 2.98404e+06 1.37299e+06 ZonesAtSurface
4625.45 374.979 -16.4716 1 0 1 6 518199 18.7342 144165 1.01339 6.83631e+06 518199 ZonesAtSurface
4675.44 374.983 -6.44769 13 0 1 5 774852 44.5909 133370 1.06148 7.29507e+06 774852 ZonesAtSurface
4725.37 374.976 -46.4446 36 0 1 5 538441 21.7469 121538 1.03611 7.9977e+06 538441 ZonesAtSurface
4775.29 374.976 -36.3953 52 0 1 4 736712 20.4743 55041.2 1.17001 3.75506e+06 736712 ZonesAtSurface
4825.24 374.971 -26.3922 56 0 1 3 1.15785e+06 38.6468 58275.9 1.30804 6.63303e+06 1.15785e+06 ZonesAtSurface
4875.15 374.972 -16.3706 63 0 1 2 754971 25.2755 123463 1.53436 3.02466e+06 754971 ZonesAtSurface
4925.06 374.975 -6.34932 84 0 1 1 857190 17.736 148521 1.47939 2.16989e+06 857190 ZonesAtSurface
74.9215 424.97 -27.8371 95 0 1 1 1.4417e+06 31.316 61285 1.49241 6.23441e+06 1.4417e+06 ZonesAtSurface
124.837 424.969 -2.79401 87 65 1 1 1.00867e+06 29.5807 106098 1.50016 2.3841e+06 1.00867e+06 ZonesAtSurface
174.759 424.968 -27.8271 85 0 1 2 1.36781e+06 35.9792 126267 1.19198 6.24371e+06 1.36781e+06 ZonesAtSurface
224.685 424.969 -2.80285 88 12 1 2 816920 16.6721 87622 4.21382 726832 816920 ZonesAtSurface
274.633 424.968 -27.8374 79 0 1 3 1.06795e+06 40.8967 132461 1.10368 7.58511e+06 1.06795e+06 ZonesAtSurface
324.573 424.966 -2.84163 90 2 1 3 1.36425e+06 20.5973 75465.7 1.54351 2.99123e+06 1.36425e+06 ZonesAtSurface
374.522 424.965 -27.9013 44 0 1 4 1.17905e+06 26.8547 69393.8 1.09774 7.97321e+06 1.17905e+06 ZonesAtSurface
424.456 424.964 -2.92347 23 0 1 4 729047 44.5763 127896 1.09394 9.40643e+06 729047 ZonesAtSurface
474.41 424.965 22.0522 1 0 1 4 881555 19.6846 108396 1.05905 5.80511e+06 881555 ZonesAtSurface
524.33 424.96 197.022 0 0 2 1 1.05816e+06 39.7727 96994.7 4.9542 938063 1.05816e+06 ZonesAtSurface
574.34 424.961 222.011 0 0 2 1 804531 20.4976 90353.8 2.43391 1.13697e+06 804531 ZonesAtSurface
624.359 424.957 296.994 0 9 0 0 1.00726e+06 33.4099 144503 4.62519 790095 1.00726e+06 ZonesAtSurface
674.369 424.958 321.981 0 0 0 0 1.09233e+06 20.276 134323 8.11687 392068 1.09233e+06 ZonesAtSurface
724.378 424.958 346.962 0 0 0 0 761099 23.3922 110456 4.47502 588995 761099 ZonesAtSurface
774.388 424.958 371.939 0 0 0 0 1.46526e+06 38.2107 89913 8.2708 845211 1.46526e+06 ZonesAtSurface
824.398 424.958 396.914 0 0 0 0 1.25714e+06 42.551 138608 6.78063 1.00096e+06 1.25714e+06 ZonesAtSurface
874.411 424.957 421.886 0 0 0 0 1.16854e+06 41.0026 73642.5 6.18477 1.06452e+06 1.16854e+06 ZonesAtSurface
924.424 424.957 446.857 0 0 0 0 561931 39.228 59490.4 2.75124 1.2401e+06 561931 ZonesAtSurface
974.44 424.957 471.827 0 0 0 0 648873 37.7599 69453.1 2.80562 1.32175e+06 648873 ZonesAtSurface
1024.46 424.957 496.797 0 0 0 0 1.01517e+06 34.2011 97390 4.43968 1.11881e+06 1.01517e+06 ZonesAtSurface
1074.48 424.957 521.768 0 0 0 0 845225 27.5461 129749 2.90025 1.19299e+06 845225 ZonesAtSurface
1124.51 424.958 546.738 0 0 0 0 882199 25.6368 64801.3 2.8597 1.20811e+06 882199 ZonesAtSurface
1174.54 424.958 571.707 0 0 0 0 1.26152e+06 22.3507 136600 4.06597 1.05524e+06 1.26152e+06 ZonesAtSurface
1224.58 424.959 596.675 0 0 0 0 1.18617e+06 44.7117 126313 7.53169 1.00371e+06 1.18617e+06 ZonesAtSurface
1274.62 424.959 621.642 0 0 0 0 885676 24.7635 114231 4.03642 845636 885676 ZonesAtSurface
1324.66 424.959 646.608 0 2 0 0 545296 34.2866 76513.5 4.6703 703218 545296 ZonesAtSurface
1374.71 424.961 671.575 0 0 0 0 752251 27.0429 58132 7.63399 439718 752251 ZonesAtSurface
1424.75 424.962 696.543 0 0 0 0 1.08938e+06 21.2929 147712 10 350875 1.08938e+06 ZonesAtSurface
1474.79 424.963 721.513 0 0 0 0 695226 20.0843 126720 2.98824 654059 695226 ZonesAtSurface
1524.76 424.985 596.515 5 0 2 3 1.19115e+06 36.4544 91232.5 1.02464 4.39968e+06 1.19115e+06 ZonesAtSurface
1574.76 424.984 471.567 2 0 1 6 903552 20.3173 69142 1.00616 4.59466e+06 903552 ZonesAtSurface
1624.81 424.983 446.592 4 0 1 7 1.03339e+06 36.7921 87447.7 1.03092 5.49248e+06 1.03339e+06 ZonesAtSurface
1674.86 424.985 371.636 2 0 1 9 1.17615e+06 29.16 96497.6 1.07509 8.20016e+06 1.17615e+06 ZonesAtSurface
1724.91 424.99 396.637 8 0 1 9 521157 22.3637 88514.1 1.01914 3.41922e+06 521157 ZonesAtSurface
1774.98 424.993 371.658 1 0 1 10 649025 38.349 56795.8 1.04202 1.01852e+07 649025 ZonesAtSurface
1825.05 424.998 396.661 2 0 1 10 764181 16.2183 106053 1.03185 3.44631e+06 764181 ZonesAtSurface
1875.13 425.002 421.669 1 0 1 10 910717 26.7394 136525 1.01968 5.21922e+06 910717 ZonesAtSurface
1925.21 425.025 546.487 8 9 2 8 688583 43.7463 60962.4 1.30431 2.63706e+06 688583 ZonesAtSurface
1975.35 425.016 521.551 6 0 2 9 724378 27.0471 51859.8 1.04492 2.32598e+06 724378 ZonesAtSurface
2025.43 424.993 384.29 3 0 1 11 1.12697e+06 20.5461 82904.1 1.0125 3.52112e+06 1.12697e+06 ZonesAtSurface
2075.39 424.986 184.473 1 0 1 13 1.06105e+06 25.0645 112184 1.00711 5.70867e+06 1.06105e+06 ZonesAtSurface
2125.37 424.983 84.5234 1 0 1 13 1.49586e+06 21.335 112380 1.01203 8.06126e+06 1.49586e+06 ZonesAtSurface
2175.38 424.98 34.5475 0 0 1 12 1.28948e+06 35.2543 120119 1.17307 9.52279e+06 1.28948e+06 ZonesAtSurface
2225.36 424.977 -15.4324 5 0 1 11 1.4936e+06 23.9535 146687 1.28532 8.95453e+06 1.4936e+06 ZonesAtSurface
2275.36 424.977 -15.3935 16 0 1 9 955335 41.5148 68988.1 1.77213 6.98627e+06 955335 ZonesAtSurface
2325.34 424.973 -15.3651 61 0 1 7 930662 17.1496 86172.4 2.74231 1.62749e+06 930662 ZonesAtSurface
2375.31 424.971 -15.3487 89 0 1 5 515632 18.5578 148020 1.93213 1.81809e+06 515632 ZonesAtSurface
2425.25 424.969 -15.3 106 0 1 3 1.33383e+06 19.5087 139834 3.04314 1.75893e+06 1.33383e+06 ZonesAtSurface
2475.17 424.97 -15.2759 106 0 1 1 759471 42.9542 149855 4.20553 2.40251e+06 759471 ZonesAtSurface
2525.02 424.968 -45.2946 63 0 1 1 1.45718e+06 18.4536 103032 1.35937 4.64974e+06 1.45718e+06 ZonesAtSurface
2574.91 424.967 -5.22869 65 53 1 1 1.23925e+06 33.897 109904 5.19136 1.04875e+06 1.23925e+06 ZonesAtSurface
2624.87 424.965 -15.2507 76 9 1 2 1.30419e+06 42.6072 99451.7 2.7811 2.85867e+06 1.30419e+06 ZonesAtSurface
2674.83 424.968 -25.273 65 0 1 3 614881 34.7095 89230.4 1.43119 3.1493e+06 614881 ZonesAtSurface
2724.76 424.969 -35.313 58 0 1 4 527360 20.3317 138535 1.31148 2.40209e+06 527360 ZonesAtSurface
2774.69 424.97 -45.3832 17 0 1 5 866277 34.7289 139314 1.14523 1.32058e+07 866277 ZonesAtSurface
2824.43 424.973 144.567 0 10 2 2 872826 26.513 106761 4.13408 688688 872826 ZonesAtSurface
2874.44 424.973 184.554 0 0 2 2 700163 28.5361 105436 1.66961 1.57902e+06 700163 ZonesAtSurface
2924.45 424.968 274.541 0 5 2 1 1.00839e+06 16.5549 110449 2.40187 1.11975e+06 1.00839e+06 ZonesAtSurface
2974.46 424.97 264.524 0 0 1 2 1.24806e+06 18.7296 124033 1.45067 2.71966e+06 1.24806e+06 ZonesAtSurface
3024.47 424.966 304.496 0 1 1 2 1.3102e+06 35.2788 122449 1.67363 3.14723e+06 1.3102e+06 ZonesAtSurface
3074.48 424.967 294.469 0 0 1 3 1.03744e+06 15.9985 143307 1.09791 3.2388e+06 1.03744e+06 ZonesAtSurface
3124.49 424.964 334.436 0 4 1 3 1.49047e+06 30.2853 67303.5 1.67312 3.4124e+06 1.49047e+06 ZonesAtSurface
3174.51 424.961 374.404 0 4 1 3 1.28734e+06 36.6944 98843.9 1.92117 2.60829e+06 1.28734e+06 ZonesAtSurface
3224.53 424.964 364.375 3 5 2 4 1.35664e+06 29.1247 88594 1.19514 3.77483e+06 1.35664e+06 ZonesAtSurface
3274.56 424.965 404.349 4 2 2 4 548242 30.5259 77284.1 1.45957 1.33399e+06 548242 ZonesAtSurface
3324.57 424.973 344.324 5 0 1 6 1.04295e+06 29.9658 136757 1.10608 4.2844e+06 1.04295e+06 ZonesAtSurface
3374.6 424.977 334.292 5 0 1 7 816954 15.6994 115486 1.00766 3.89672e+06 816954 ZonesAtSurface
3424.63 424.982 424.227 10 0 1 6 768872 28.2589 135100 1.07462 3.92925e+06 768872 ZonesAtSurface
3474.68 424.987 514.149 9 7 2 5 765520 40.9424 137453 1.47951 2.06123e+06 765520 ZonesAtSurface
3524.73 424.984 454.159 4 0 1 7 1.06529e+06 38.3104 119575 1.00648 6.59969e+06 1.06529e+06 ZonesAtSurface
3574.79 424.985 444.145 3 0 1 8 1.10597e+06 16.3592 113317 1.07527 3.63231e+06 1.10597e+06 ZonesAtSurface
3624.85 424.984 434.135 3 0 1 9 1.12669e+06 44.6896 134156 1.22781 8.44163e+06 1.12669e+06 ZonesAtSurface
3674.91 424.988 474.094 2 0 1 9 1.47378e+06 38.1228 142309 1.02154 6.12521e+06 1.47378e+06 ZonesAtSurface
3724.97 424.994 564.004 2 0 1 8 1.1676e+06 35.2668 126140 1.00439 5.42868e+06 1.1676e+06 ZonesAtSurface
3775.04 425.001 763.802 5 0 1 4 594138 38.0728 53760 1.14806 2.40577e+06 594138 ZonesAtSurface
3825.1 424.999 723.836 2 0 1 4 1.15201e+06 21.611 118207 1.17675 3.05692e+06 1.15201e+06 ZonesAtSurface
3875.14 424.99 733.872 0 0 1 3 1.46997e+06 18.4029 71005.2 1.94366 2.30413e+06 1.46997e+06 ZonesAtSurface
3925.19 424.986 693.933 0 0 2 3 878546 20.4496 99606.6 1.39424 1.89518e+06 878546 ZonesAtSurface
3975.25 424.981 653.996 2 5 1 3 1.16051e+06 26.945 64231.1 1.32975 3.00808e+06 1.16051e+06 ZonesAtSurface
4025.34 424.98 564.072 8 0 1 4 1.46987e+06 27.7141 59019 1.35883 4.56196e+06 1.46987e+06 ZonesAtSurface
4075.4 424.979 474.156 2 0 1 5 1.36137e+06 26.7468 88707.8 1.05729 5.49804e+06 1.36137e+06 ZonesAtSurface
4125.45 424.977 434.212 9 0 1 5 1.46031e+06 40.4227 113139 1.32482 6.4142e+06 1.46031e+06 ZonesAtSurface
4175.48 424.979 344.279 8 0 1 6 616925 38.1094 137821 1.04872 5.37886e+06 616925 ZonesAtSurface
4225.5 424.98 354.317 0 4 2 5 1.41401e+06 35.9147 57256.2 1.879 3.15418e+06 1.41401e+06 ZonesAtSurface
4275.52 424.977 364.343 10 10 2 4 1.17474e+06 36.2011 76978.1 1.50875 3.07057e+06 1.17474e+06 ZonesAtSurface
4325.55 424.978 274.378 0 0 1 5 949596 36.6673 105287 1.45663 5.22242e+06 949596 ZonesAtSurface
4375.57 424.977 284.409 10 0 2 4 1.2806e+06 21.8171 67847.3 1.27184 3.31292e+06 1.2806e+06 ZonesAtSurface
4425.58 424.971 294.431 3 6 2 3 1.11817e+06 40.6786 52573.7 1.82941 2.85215e+06 1.11817e+06 ZonesAtSurface
4475.59 424.984 204.464 3 0 2 4 1.46352e+06 28.9738 142178 1.22679 5.3698e+06 1.46352e+06 ZonesAtSurface
4525.55 424.99 114.506 0 0 1 5 1.24408e+06 43.7226 85155.3 1.78885 7.72413e+06 1.24408e+06 ZonesAtSurface
4575.56 424.997 124.529 10 9 2 4 1.3612e+06 25.6942 122770 1.56497 2.94327e+06 1.3612e+06 ZonesAtSurface
4625.46 424.977 -15.4603 0 0 1 6 1.41943e+06 34.2718 65172.8 1.88892 9.59148e+06 1.41943e+06 ZonesAtSurface
4675.45 424.975 -5.42771 25 0 1 5 613021 19.646 129251 1.04464 3.80604e+06 613021 ZonesAtSurface
4725.37 424.973 -45.4237 32 0 1 5 963424 24.1944 69939.8 1.03348 8.03527e+06 963424 ZonesAtSurface
4775.29 424.973 -35.3763 31 0 1 4 910904 37.9183 79240.1 1.10747 5.31553e+06 910904 ZonesAtSurface
4825.24 424.97 -25.3784 62 0 1 3 1.14922e+06 31.3469 79690.4 1.43962 4.9547e+06 1.14922e+06 ZonesAtSurface
4875.15 424.971 -15.3578 60 0 1 2 597767 40.8314 56318.5 2.45334 3.44745e+06 597767 ZonesAtSurface
4925.06 424.972 -5.34606 72 0 1 1 1.02688e+06 36.5948 134559 1.77219 3.56939e+06 1.02688e+06 ZonesAtSurface
74.9236 474.972 -26.8253 121 0 1 1 935960 33.9324 56808.1 1.56492 5.45605e+06 935960 ZonesAtSurface
124.832 474.973 -1.77637 101 30 1 1 584617 20.2601 78583.4 1.84862 990082 584617 ZonesAtSurface
174.747 474.971 -26.8165 95 0 1 2 652108 38.7088 69265.8 1.38837 4.42688e+06 652108 ZonesAtSurface
224.671 474.972 -1.79767 90 72 1 2 1.48735e+06 30.543 68558.3 2.84925 2.49497e+06 1.48735e+06 ZonesAtSurface
274.626 474.972 -26.8341 73 0 1 3 1.41426e+06 39.3613 54629.8 1.17685 7.75128e+06 1.41426e+06 ZonesAtSurface
324.571 474.972 -1.83402 79 20 1 3 1.19211e+06 43.6118 54947.7 1.72991 4.31131e+06 1.19211e+06 ZonesAtSurface
374.513 474.968 -26.9012 41 0 1 4 509501 23.4787 84974.1 1.12664 6.03922e+06 509501 ZonesAtSurface
424.449 474.968 -1.92359 12 0 1 4 1.03506e+06 33.7134 110731 1.03405 8.03641e+06 1.03506e+06 ZonesAtSurface
474.324 474.963 123.037 0 7 2 2 1.42346e+06 29.1393 95368.3 3.78259 1.43304e+06 1.42346e+06 ZonesAtSurface
524.331 474.962 198.028 0 0 2 1 659813 23.3837 74357.8 2.92047 866727 659813 ZonesAtSurface
574.338 474.962 223.015 0 0 2 1 958779 28.9848 105645 3.48459 1.19963e+06 958779 ZonesAtSurface
624.346 474.963 248.002 0 0 2 1 580918 23.9124 78138.6 2.5519 1.09962e+06 580918 ZonesAtSurface
674.365 474.959 322.985 0 0 0 0 1.04017e+06 27.3832 132188 7.65122 454836 1.04017e+06 ZonesAtSurface
724.374 474.959 347.967 0 0 0 0 683516 30.252 115393 4.46546 633650 683516 ZonesAtSurface
774.383 474.959 372.944 0 0 0 0 505948 38.5197 139182 3.1079 912056 505948 ZonesAtSurface
824.393 474.959 397.918 0 0 0 0 1.33424e+06 37.2507 80195.2 7.02296 925265 1.33424e+06 ZonesAtSurface
874.405 474.958 422.891 0 0 0 0 1.40469e+06 34.6613 144318 5.50495 1.12331e+06 1.40469e+06 ZonesAtSurface
924.417 474.958 447.862 0 0 0 0 1.22556e+06 22.986 112976 3.188 1.27637e+06 1.22556e+06 ZonesAtSurface
974.433 474.957 472.833 0 0 0 0 1.37082e+06 20.506 62737.6 3.46988 1.2596e+06 1.37082e+06 ZonesAtSurface
1024.45 474.957 497.804 0 0 0 0 558677 34.6473 104275 2.92715 1.1e+06 558677 ZonesAtSurface
1074.47 474.957 522.776 0 0 0 0 839322 31.383 80759.8 3.21194 1.2128e+06 839322 ZonesAtSurface
1124.5 474.958 547.746 0 0 0 0 924460 35.1861 111980 3.94706 1.15581e+06 924460 ZonesAtSurface
1174.53 474.959 572.715 0 0 0 0 1.13008e+06 15.6608 67664 3.04803 1.08554e+06 1.13008e+06 ZonesAtSurface
1224.57 474.959 597.684 0 0 0 0 1.04586e+06 31.8233 60337.7 4.60642 1.007e+06 1.04586e+06 ZonesAtSurface
1274.61 474.959 622.651 0 0 0 0 1.45882e+06 29.8066 61066 6.8881 856607 1.45882e+06 ZonesAtSurface
1324.66 474.96 647.618 0 3 0 0 883383 37.48 85194.7 7.34863 690911 883383 ZonesAtSurface
1374.7 474.961 672.584 0 0 0 0 712275 36.6169 124234 10 407294 712275 ZonesAtSurface
1424.74 474.962 697.552 0 0 0 0 1.28928e+06 23.0899 146930 10 362052 1.28928e+06 ZonesAtSurface
1474.79 474.964 722.522 0 0 0 0 1.48276e+06 18.7491 75600.3 6.86581 608333 1.48276e+06 ZonesAtSurface
1524.73 474.986 547.547 7 0 1 4 1.41164e+06 22.0216 62214.8 1.06995 5.0913e+06 1.41164e+06 ZonesAtSurface
1574.77 474.986 522.555 8 0 1 5 557725 22.7218 136609 1.0264 2.43561e+06 557725 ZonesAtSurface
1624.81 474.99 447.607 7 0 1 7 1.48862e+06 17.2255 142499 1.02962 5.11769e+06 1.48862e+06 ZonesAtSurface
1674.86 474.988 372.653 6 0 1 9 1.12275e+06 26.0233 144463 1.07969 6.8973e+06 1.12275e+06 ZonesAtSurface
1724.9 474.994 447.645 9 3 2 8 519813 33.5596 127794 1.82871 1.07309e+06 519813 ZonesAtSurface
1774.97 475.001 422.654 0 2 2 9 1.18791e+06 44.7992 109897 1.35607 3.87674e+06 1.18791e+06 ZonesAtSurface
1825.03 475.012 447.651 9 7 1 9 1.1642e+06 27.6629 77575 1.57876 2.41116e+06 1.1642e+06 ZonesAtSurface
1875.14 474.998 372.723 3 0 1 11 1.33415e+06 32.0904 87812.9 1.00846 7.45414e+06 1.33415e+06 ZonesAtSurface
1925.22 475.037 547.501 2 7 2 8 926530 24.6389 112487 0 2.05302e+06 926530 ZonesAtSurface
1975.34 474.997 422.738 1 0 1 11 932026 18.5367 79789.6 1.01608 3.16753e+06 932026 ZonesAtSurface
2025.43 474.993 385.307 9 0 1 11 1.10849e+06 25.8892 133173 1.02154 3.9598e+06 1.10849e+06 ZonesAtSurface
2075.43 474.99 235.464 9 0 1 12 510673 41.5255 54754.6 1.00959 4.35883e+06 510673 ZonesAtSurface
2125.38 474.985 85.5324 1 0 1 13 844287 33.3074 72715.8 1.01938 9.16235e+06 844287 ZonesAtSurface
2175.43 474.982 85.559 10 7 1 11 1.32385e+06 42.7768 133194 1.44921 4.53716e+06 1.32385e+06 ZonesAtSurface
2225.37 474.979 -14.4275 6 0 1 11 894325 29.4584 62727.5 1.36631 8.90438e+06 894325 ZonesAtSurface
2275.36 474.978 -14.3869 27 0 1 9 898072 15.0452 140670 1.50914 2.86832e+06 898072 ZonesAtSurface
2325.34 474.976 -14.3573 43 0 1 7 1.03096e+06 42.1509 146764 2.61267 4.2731e+06 1.03096e+06 ZonesAtSurface
2375.31 474.972 -14.3437 66 0 1 5 786729 40.1108 85809.7 2.03008 4.16194e+06 786729 ZonesAtSurface
2425.26 474.972 -14.305 110 0 1 3 1.42019e+06 28.424 101512 2.52437 2.94094e+06 1.42019e+06 ZonesAtSurface
2475.17 474.971 -14.2727 109 0 1 1 606580 27.077 68115 4.32372 1.3235e+06 606580 ZonesAtSurface
2525.03 474.97 -44.2878 78 0 1 1 1.19977e+06 44.3424 71801.6 1.14009 7.7689e+06 1.19977e+06 ZonesAtSurface
2574.91 474.966 -4.22126 94 17 1 1 521348 19.4657 113027 1.24131 1.17721e+06 521348 ZonesAtSurface
2624.88 474.966 -14.2422 44 7 1 2 1.44946e+06 20.3715 123352 4.30573 1.16157e+06 1.44946e+06 ZonesAtSurface
2674.83 474.968 -24.2718 57 0 1 3 1.10688e+06 41.1826 130087 1.80343 4.02194e+06 1.10688e+06 ZonesAtSurface
2724.76 474.967 -34.2999 63 0 1 4 1.13873e+06 23.4368 65738.3 1.25595 4.11911e+06 1.13873e+06 ZonesAtSurface
2774.69 474.97 -44.3712 25 0 1 5 606426 26.5748 88899 1.0472 1.02341e+07 606426 ZonesAtSurface
2824.51 474.976 45.5945 2 0 2 4 1.24089e+06 20.174 136752 1.09467 3.70815e+06 1.24089e+06 ZonesAtSurface
2874.43 474.97 235.558 0 9 2 1 1.48034e+06 35.8136 67912.5 10 378981 1.48034e+06 ZonesAtSurface
2924.45 474.971 275.546 0 10 2 1 1.06986e+06 21.3366 102000 3.47707 883006 1.06986e+06 ZonesAtSurface
2974.46 474.97 315.526 0 9 2 1 1.44051e+06 34.7495 146589 3.91925 1.33906e+06 1.44051e+06 ZonesAtSurface
3024.46 474.976 255.508 2 0 1 3 651449 33.1931 82876.8 1.13071 3.9433e+06 651449 ZonesAtSurface
3074.48 474.971 345.469 0 3 1 2 1.43942e+06 28.0151 72498.2 1.53184 3.14212e+06 1.43942e+06 ZonesAtSurface
3124.49 474.971 335.439 6 0 2 3 948811 34.2586 71516.2 1.16431 3.77315e+06 948811 ZonesAtSurface
3174.5 474.968 375.407 4 4 1 3 854362 37.9464 99944 1.33428 2.53154e+06 854362 ZonesAtSurface
3224.52 474.969 365.378 9 0 1 4 1.05108e+06 37.1191 112028 1.11724 3.92954e+06 1.05108e+06 ZonesAtSurface
3274.54 474.971 355.353 3 0 1 5 1.30987e+06 29.5443 61803.1 1.09568 4.56845e+06 1.30987e+06 ZonesAtSurface
3324.57 474.971 395.328 7 0 2 5 749139 21.8819 140403 1.4995 1.94517e+06 749139 ZonesAtSurface
3374.6 474.977 335.303 4 0 1 7 1.37938e+06 24.6444 99036.9 1.0054 5.64098e+06 1.37938e+06 ZonesAtSurface
3424.65 474.978 325.281 3 0 1 8 1.36927e+06 25.7817 137826 1.01228 7.3232e+06 1.36927e+06 ZonesAtSurface
3474.67 474.989 465.182 6 0 1 6 527705 34.3041 61030.6 1.05631 3.72111e+06 527705 ZonesAtSurface
3524.73 474.994 505.142 6 3 2 6 791080 32.2333 104482 1.2182 2.21433e+06 791080 ZonesAtSurface
3574.79 474.99 495.135 4 6 2 7 1.3095e+06 20.9672 115470 1.44294 2.56323e+06 1.3095e+06 ZonesAtSurface
3624.85 474.992 485.125 5 0 2 8 594082 32.6592 74287.9 1.04527 3.21853e+06 594082 ZonesAtSurface
3674.91 474.986 425.139 4 0 1 10 901097 29.5976 117201 1.00143 6.64067e+06 901097 ZonesAtSurface
3724.97 475.003 614.962 5 6 2 7 1.45071e+06 21.17 83325 1.12691 3.73749e+06 1.45071e+06 ZonesAtSurface
3775.03 474.998 814.788 0 0 2 3 703531 37.5627 95313.2 1.82261 1.8125e+06 703531 ZonesAtSurface
3825.08 474.998 774.825 0 0 2 3 643668 32.4355 54445.7 1.50747 1.73691e+06 643668 ZonesAtSurface
3875.14 474.995 734.877 0 5 2 3 1.33607e+06 44.8163 86370.6 3.51913 2.35657e+06 1.33607e+06 ZonesAtSurface
3925.16 474.987 744.93 0 5 1 2 1.34861e+06 39.4958 83169.9 2.03847 2.82524e+06 1.34861e+06 ZonesAtSurface
3975.26 474.987 655.001 10 9 1 3 1.09445e+06 32.6777 93372.1 1.26963 3.12549e+06 1.09445e+06 ZonesAtSurface
4025.32 474.98 615.06 0 6 2 3 1.32569e+06 29.152 121491 1.83745 2.5775e+06 1.32569e+06 ZonesAtSurface
4075.41 474.98 475.163 3 0 1 5 1.18061e+06 19.486 54437.3 1.02589 4.23662e+06 1.18061e+06 ZonesAtSurface
4125.46 474.975 435.218 4 0 1 5 974706 31.3708 124313 1.07033 5.26217e+06 974706 ZonesAtSurface
4175.49 474.979 345.288 8 0 1 6 656298 41.9252 53142.9 1.08993 6.44945e+06 656298 ZonesAtSurface
4225.51 474.979 305.328 0 0 1 6 1.45763e+06 28.768 138621 1.16625 5.63148e+06 1.45763e+06 ZonesAtSurface
4275.53 474.98 315.356 6 0 1 5 879897 41.7992 92863.9 1.13786 4.42467e+06 879897 ZonesAtSurface
4325.55 474.978 275.386 0 0 1 5 1.37593e+06 33.1298 118850 1.3462 5.31229e+06 1.37593e+06 ZonesAtSurface
4375.57 474.974 335.417 0 10 2 3 1.38864e+06 25.9183 120338 3.01402 1.47429e+06 1.38864e+06 ZonesAtSurface
4425.59 474.98 245.437 0 0 2 4 776886 37.8994 53155.9 1.09488 3.45462e+06 776886 ZonesAtSurface
4475.55 474.979 105.488 6 0 1 6 1.45855e+06 28.6583 106645 1.21868 7.60204e+06 1.45855e+06 ZonesAtSurface
4525.53 474.98 65.5176 9 0 1 6 1.20082e+06 25.5026 105464 1.12304 7.69024e+06 1.20082e+06 ZonesAtSurface
4575.51 474.978 25.5385 6 0 1 6 900155 39.1265 117225 1.48319 7.77844e+06 900155 ZonesAtSurface
4625.51 474.973 35.5629 6 0 1 5 1.32576e+06 32.1281 135074 1.53147 7.39138e+06 1.32576e+06 ZonesAtSurface
4675.46 474.971 -4.41609 34 0 1 5 1.35182e+06 17.107 107237 1.0059 3.84708e+06 1.35182e+06 ZonesAtSurface
4725.38 474.971 -44.4132 26 0 1 5 1.47876e+06 26.754 117226 1.03373 9.16145e+06 1.47876e+06 ZonesAtSurface
4775.3 474.969 -34.3683 53 0 1 4 1.00815e+06 21.1731 68194.2 1.17016 4.36694e+06 1.00815e+06 ZonesAtSurface
4825.25 474.968 -24.3673 50 0 1 3 1.46659e+06 34.6106 130299 1.66476 4.86003e+06 1.46659e+06 ZonesAtSurface
4875.15 474.972 -14.3401 74 1 1 2 1.22187e+06 17.9484 55675.9 1.44528 3.06705e+06 1.22187e+06 ZonesAtSurface
4925.05 474.971 -4.3362 63 0 1 1 1.23758e+06 34.1563 52432.7 1.59759 4.57319e+06 1.23758e+06 ZonesAtSurface
74.9269 524.976 -25.8157 116 0 1 1 617904 34.9013 58998.9 1.67221 4.07222e+06 617904 ZonesAtSurface
124.832 524.983 -0.759989 88 46 1 1 706537 21.4707 104489 2.13409 1.11537e+06 706537 ZonesAtSurface
174.745 524.976 -25.8004 93 0 1 2 1.47215e+06 19.5115 54484.2 1.32939 3.79402e+06 1.47215e+06 ZonesAtSurface
224.665 524.981 -0.787574 96 24 1 2 816709 33.8468 113713 3.43765 1.31461e+06 816709 ZonesAtSurface
274.617 524.976 -25.8245 88 0 1 3 762708 39.0464 70957.5 1.1841 5.45651e+06 762708 ZonesAtSurface
324.563 524.983 -0.82863 84 17 1 3 1.07947e+06 38.1204 51892.9 1.75646 3.2783e+06 1.07947e+06 ZonesAtSurface
374.502 524.972 -25.8985 34 0 1 4 989359 42.8111 131895 1.10156 1.02097e+07 989359 ZonesAtSurface
424.441 524.971 -0.92082 16 0 1 4 542258 21.1784 63534.4 1.03043 5.82882e+06 542258 ZonesAtSurface
474.323 524.969 124.042 0 2 2 2 1.40561e+06 20.3625 114026 2.72214 1.51995e+06 1.40561e+06 ZonesAtSurface
524.33 524.966 199.034 0 0 2 1 1.48971e+06 16.2495 142988 4.64119 892289 1.48971e+06 ZonesAtSurface
574.337 524.966 224.021 0 0 2 1 1.3775e+06 42.1261 102757 7.93908 1.0477e+06 1.3775e+06 ZonesAtSurface
624.344 524.966 249.007 0 0 2 1 977564 31.6036 117270 4.78615 1.0628e+06 977564 ZonesAtSurface
674.362 524.961 323.99 0 3 0 0 1.23668e+06 27.6487 90723.3 6.50947 607219 1.23668e+06 ZonesAtSurface
724.37 524.961 348.971 0 0 0 0 1.12308e+06 27.7126 79571.3 5.14872 755198 1.12308e+06 ZonesAtSurface
774.379 524.961 373.948 0 0 0 0 657626 15.2972 107048 2.04826 904267 657626 ZonesAtSurface
824.388 524.96 398.923 0 0 0 0 954896 42.3068 79907.8 5.66933 967900 954896 ZonesAtSurface
874.399 524.959 423.895 0 0 0 0 1.04615e+06 18.6077 119514 2.85821 1.13128e+06 1.04615e+06 ZonesAtSurface
924.41 524.959 448.867 0 0 0 0 779154 36.396 86620.4 3.30968 1.23286e+06 779154 ZonesAtSurface
974.426 524.959 473.839 0 0 0 0 610879 15.0632 53586.2 1.53723 1.19275e+06 610879 ZonesAtSurface
1024.45 524.958 498.812 0 0 0 0 675572 23.2847 108636 2.29206 1.09425e+06 675572 ZonesAtSurface
1074.47 524.958 523.784 0 0 0 0 766988 15.3259 114246 2.04374 1.10921e+06 766988 ZonesAtSurface
1124.49 524.959 548.754 0 0 0 0 761958 16.316 149159 1.97268 1.12151e+06 761958 ZonesAtSurface
1174.52 524.96 573.724 0 0 0 0 747331 24.9039 124223 2.73108 1.05599e+06 747331 ZonesAtSurface
1224.56 524.96 598.693 0 0 0 0 733978 17.09 91746.6 2.26015 1.0018e+06 733978 ZonesAtSurface
1274.61 524.96 623.661 0 1 0 0 909778 35.3633 83138 5.41895 858879 909778 ZonesAtSurface
1324.65 524.96 648.628 0 5 0 0 1.45937e+06 21.6796 111050 7.17711 666580 1.45937e+06 ZonesAtSurface
1374.7 524.962 673.595 0 0 0 0 1.03976e+06 43.2881 132858 10 464021 1.03976e+06 ZonesAtSurface
1424.74 524.963 698.562 0 0 0 0 1.41367e+06 24.3978 140920 10 456890 1.41367e+06 ZonesAtSurface
1474.78 524.965 723.531 0 0 0 0 901765 44.5954 138473 7.58204 575012 901765 ZonesAtSurface
1524.77 524.978 648.52 9 5 2 2 565416 36.1953 78793.1 1.60929 1.41481e+06 565416 ZonesAtSurface
1574.77 524.99 523.566 7 0 2 5 1.07416e+06 16.7374 90555.8 1.0235 2.86764e+06 1.07416e+06 ZonesAtSurface
1624.81 524.989 398.654 8 0 1 8 1.31732e+06 29.6634 93115.8 1.04931 5.66279e+06 1.31732e+06 ZonesAtSurface
1674.86 524.991 423.666 5 8 1 8 1.48569e+06 41.5252 141409 1.38662 4.48245e+06 1.48569e+06 ZonesAtSurface
1724.92 524.992 348.689 1 0 1 10 852431 20.9471 57890.6 1.05119 6.27614e+06 852431 ZonesAtSurface
1774.98 524.997 373.696 5 0 1 10 1.3778e+06 24.4627 78930.2 1.01824 5.90117e+06 1.3778e+06 ZonesAtSurface
1825.07 524.997 348.739 4 0 1 11 1.2518e+06 41.3943 146988 1.00662 1.04809e+07 1.2518e+06 ZonesAtSurface
1875.14 525 373.741 4 0 1 11 650924 24.875 71902.1 1.02232 4.55817e+06 650924 ZonesAtSurface
1925.23 524.999 398.744 6 0 1 11 1.10018e+06 24.2124 108544 1.0312 4.65555e+06 1.10018e+06 ZonesAtSurface
1975.35 524.998 423.749 3 0 2 11 757903 28.3071 83649.2 1.01168 2.71911e+06 757903 ZonesAtSurface
2025.42 524.996 336.367 4 0 1 12 947283 43.4083 109890 1.028 5.95453e+06 947283 ZonesAtSurface
2075.4 524.991 186.495 1 0 1 13 864710 20.8299 121791 1.03467 4.85708e+06 864710 ZonesAtSurface
2125.38 524.987 86.5407 1 0 1 13 1.17622e+06 28.6907 145410 1.01276 8.53737e+06 1.17622e+06 ZonesAtSurface
2175.38 524.985 36.5615 0 0 1 12 1.00619e+06 43.6164 113485 1.28486 9.51627e+06 1.00619e+06 ZonesAtSurface
2225.37 524.982 -13.4213 3 0 1 11 500372 33.9987 142000 1.53488 8.89929e+06 500372 ZonesAtSurface
2275.36 524.979 -13.3829 30 0 1 9 951028 22.6178 89030.6 1.34016 3.73845e+06 951028 ZonesAtSurface
2325.35 524.981 -13.3475 43 0 1 7 995351 34.6625 138744 1.98272 3.43995e+06 995351 ZonesAtSurface
2375.3 524.977 -13.3351 53 0 1 5 1.23875e+06 40.7328 145050 2.21056 5.4255e+06 1.23875e+06 ZonesAtSurface
2425.26 524.977 -13.3125 106 0 1 3 1.19358e+06 31.6836 113556 2.26146 3.64166e+06 1.19358e+06 ZonesAtSurface
2475.17 524.973 -13.2696 90 0 1 1 704361 42.6509 73664.5 3.1582 3.04261e+06 704361 ZonesAtSurface
2525.03 524.971 -43.2827 79 0 1 1 1.21792e+06 32.6436 91559.2 1.02723 6.63158e+06 1.21792e+06 ZonesAtSurface
2574.92 524.967 -3.21351 71 43 1 1 1.24705e+06 15.0953 133237 2.26808 1.48813e+06 1.24705e+06 ZonesAtSurface
2624.88 524.969 -13.2336 51 0 1 2 1.28044e+06 27.5241 135126 2.70174 1.90366e+06 1.28044e+06 ZonesAtSurface
2674.83 524.971 -23.2658 63 0 1 3 1.39015e+06 33.3518 139648 1.85706 4.03783e+06 1.39015e+06 ZonesAtSurface
2724.76 524.97 -33.29 49 0 1 4 956733 42.9054 144599 1.19094 5.95539e+06 956733 ZonesAtSurface
2774.68 524.971 -43.3603 42 0 1 5 1.32342e+06 20.1783 111641 1.04769 9.30457e+06 1.32342e+06 ZonesAtSurface
2824.59 524.974 -3.38388 12 0 1 5 850055 17.0164 144940 1.02028 5.02108e+06 850055 ZonesAtSurface
2874.43 524.977 186.565 0 1 2 2 1.0217e+06 41.724 70550.1 3.07846 1.74663e+06 1.0217e+06 ZonesAtSurface
2924.44 524.978 226.556 0 4 2 2 901695 41.2052 138358 2.33088 1.77249e+06 901695 ZonesAtSurface
2974.45 524.978 266.539 0 2 2 2 1.00897e+06 26.5909 55571.3 1.53445 2.26736e+06 1.00897e+06 ZonesAtSurface
3024.46 524.98 256.519 0 0 2 3 1.37039e+06 34.7954 138961 1.72038 3.69773e+06 1.37039e+06 ZonesAtSurface
3074.47 524.98 246.49 0 0 1 4 905936 34.5304 50186.4 1.31501 5.15756e+06 905936 ZonesAtSurface
3124.48 524.978 286.452 3 0 1 4 1.10297e+06 34.427 91688.2 1.33006 5.50917e+06 1.10297e+06 ZonesAtSurface
3174.49 524.972 376.409 4 1 2 3 945094 37.81 56059.1 1.23098 3.0908e+06 945094 ZonesAtSurface
3224.51 524.974 366.381 7 0 1 4 1.20181e+06 23.8308 112644 1.05516 3.88354e+06 1.20181e+06 ZonesAtSurface
3274.53 524.975 356.355 8 0 1 5 1.21178e+06 25.5451 111295 1.02488 4.91628e+06 1.21178e+06 ZonesAtSurface
3324.56 524.973 396.324 10 0 1 5 1.19254e+06 28.2208 133019 1.23372 3.89161e+06 1.19254e+06 ZonesAtSurface
3374.6 524.977 336.309 3 0 1 7 1.3171e+06 17.5871 120687 1.00884 5.18723e+06 1.3171e+06 ZonesAtSurface
3424.63 524.979 376.267 10 0 1 7 704090 16.6456 127823 1.02692 3.49713e+06 704090 ZonesAtSurface
3474.68 524.985 416.223 4 0 1 7 675153 31.4306 132863 1.02399 4.10833e+06 675153 ZonesAtSurface
3524.74 524.986 406.209 8 0 1 8 1.49166e+06 36.453 84411.8 1.04344 7.42834e+06 1.49166e+06 ZonesAtSurface
3574.79 524.988 446.171 3 0 1 8 1.46252e+06 43.9455 123506 1.15159 7.08452e+06 1.46252e+06 ZonesAtSurface
3624.85 524.986 386.187 0 0 1 10 968874 29.9855 81059.9 1.00473 8.3635e+06 968874 ZonesAtSurface
3674.91 524.988 426.152 5 0 1 10 648656 27.5425 105190 1.00722 5.79452e+06 648656 ZonesAtSurface
3724.97 524.998 566.019 3 0 1 8 840930 44.9323 82910.6 1.04284 5.82835e+06 840930 ZonesAtSurface
3775.04 525.005 765.807 5 2 2 4 654399 19.1417 67651 1.10756 1.61758e+06 654399 ZonesAtSurface
3825.05 524.998 825.829 0 9 2 2 1.46638e+06 43.142 118227 5.17223 1.27251e+06 1.46638e+06 ZonesAtSurface
3875.14 524.999 735.883 0 0 2 3 1.24716e+06 35.9361 136137 2.27427 2.66927e+06 1.24716e+06 ZonesAtSurface
3925.2 524.995 695.944 6 0 2 3 549065 15.0279 62267.9 1.19288 1.36799e+06 549065 ZonesAtSurface
3975.27 524.99 656.005 1 0 2 3 626594 28.2598 115888 1.687 1.91088e+06 626594 ZonesAtSurface
4025.37 524.987 516.109 0 0 1 5 1.36998e+06 44.4247 112867 1.61939 6.47269e+06 1.36998e+06 ZonesAtSurface
4075.39 524.978 576.12 0 6 1 3 1.01486e+06 42.4422 113615 1.51639 2.92648e+06 1.01486e+06 ZonesAtSurface
4125.47 524.978 436.222 7 0 1 5 710717 42.5711 74208.7 1.06171 4.78024e+06 710717 ZonesAtSurface
4175.5 524.968 446.247 7 4 2 4 671121 34.994 73504.1 1.24524 2.10779e+06 671121 ZonesAtSurface
4225.52 524.98 306.336 18 0 1 6 1.17262e+06 24.1861 120775 1.01569 5.33301e+06 1.17262e+06 ZonesAtSurface
4275.54 524.981 316.367 5 0 2 5 1.05669e+06 25.1749 113470 1.04552 3.3728e+06 1.05669e+06 ZonesAtSurface
4325.56 524.98 276.395 3 0 2 5 637013 29.6835 100153 1.00488 4.04687e+06 637013 ZonesAtSurface
4375.58 524.98 236.426 0 0 1 5 1.06433e+06 15.6573 107283 1.04615 3.6962e+06 1.06433e+06 ZonesAtSurface
4425.6 524.981 246.443 5 0 2 4 568699 34.61 143571 1.12671 2.33671e+06 568699 ZonesAtSurface
4475.56 524.978 106.497 10 0 1 6 506507 30.7255 76334.4 1.02381 6.33191e+06 506507 ZonesAtSurface
4525.51 524.978 16.5181 0 0 1 7 835318 44.7356 121716 3.00847 7.50409e+06 835318 ZonesAtSurface
4575.51 524.979 26.5477 0 0 1 6 1.41296e+06 42.426 145345 2.18162 8.2128e+06 1.41296e+06 ZonesAtSurface
4625.47 524.978 -13.4376 7 0 1 6 1.22684e+06 38.203 129875 1.54216 9.72449e+06 1.22684e+06 ZonesAtSurface
4675.45 524.976 -3.40793 23 0 1 5 1.20803e+06 44.9418 72556.3 1.12943 6.93241e+06 1.20803e+06 ZonesAtSurface
4725.38 524.972 -43.4115 32 0 1 5 1.17732e+06 22.7621 68061.6 1.01446 8.10597e+06 1.17732e+06 ZonesAtSurface
4775.31 524.968 -33.3665 48 0 1 4 932847 29.1787 119365 1.21457 5.27889e+06 932847 ZonesAtSurface
4825.25 524.968 -23.3518 78 0 1 3 535978 21.2665 92710.3 2.20067 1.84031e+06 535978 ZonesAtSurface
4875.14 524.972 -13.3224 81 0 1 2 554575 21.4882 102949 1.58266 2.11243e+06 554575 ZonesAtSurface
4925.05 524.971 -3.32936 76 0 1 1 1.29815e+06 21.3967 83176.4 1.37859 3.47778e+06 1.29815e+06 ZonesAtSurface
74.9411 574.976 -24.8074 117 0 1 1 562949 22.561 142423 1.56837 2.35785e+06 562949 ZonesAtSurface
124.841 574.977 -49.8318 98 0 1 2 1.21978e+06 30.3081 135983 1.44999 6.35115e+06 1.21978e+06 ZonesAtSurface
174.754 574.978 -24.7821 76 4 1 2 1.316e+06 29.9881 67961.6 1.81892 3.29231e+06 1.316e+06 ZonesAtSurface
224.691 574.976 -49.8257 71 0 1 3 818126 28.3103 101672 1.28266 5.0626e+06 818126 ZonesAtSurface
274.611 574.976 -24.8126 98 0 1 3 632806 24.2467 112088 1.83657 2.05292e+06 632806 ZonesAtSurface
324.564 574.974 -49.8755 75 0 1 4 1.46715e+06 20.5499 88378.4 1.05258 7.29469e+06 1.46715e+06 ZonesAtSurface
374.49 574.974 -24.8961 33 0 1 4 579708 39.6109 123890 1.10655 8.12769e+06 579708 ZonesAtSurface
424.487 574.975 -49.9306 0 0 1 5 1.11906e+06 32.5465 96548.6 1.76732 8.65862e+06 1.11906e+06 ZonesAtSurface
474.322 574.974 125.049 0 1 2 2 1.1205e+06 17.8914 63181.9 1.81183 1.71742e+06 1.1205e+06 ZonesAtSurface
524.33 574.971 200.04 0 0 2 1 618743 22.7582 148243 1.72572 1.02835e+06 618743 ZonesAtSurface
574.336 574.971 225.027 0 0 2 1 991473 42.4298 67218.7 3.88421 1.14352e+06 991473 ZonesAtSurface
624.342 574.971 250.012 0 0 2 1 990071 26.2472 137862 2.6789 1.29013e+06 990071 ZonesAtSurface
674.348 574.971 274.996 0 0 2 1 1.40561e+06 16.3476 100415 2.82023 1.4139e+06 1.40561e+06 ZonesAtSurface
724.367 574.965 349.974 0 7 0 0 1.16486e+06 35.1528 69522 4.70037 932485 1.16486e+06 ZonesAtSurface
774.374 574.964 374.952 0 0 0 0 1.21422e+06 20.8688 112797 3.36309 1.06011e+06 1.21422e+06 ZonesAtSurface
824.383 574.963 399.927 0 0 0 0 1.19922e+06 20.2402 110852 3.41953 1.02513e+06 1.19922e+06 ZonesAtSurface
874.394 574.962 424.9 0 0 0 0 1.02567e+06 40.2609 103758 4.51392 1.14445e+06 1.02567e+06 ZonesAtSurface
924.404 574.962 449.873 0 0 0 0 633602 15.3316 87263.2 1.47411 1.21517e+06 633602 ZonesAtSurface
974.419 574.961 474.847 0 0 0 0 858809 25.0038 78508.3 2.59195 1.1666e+06 858809 ZonesAtSurface
1024.44 574.961 499.82 0 0 0 0 873702 42.1855 55938.3 4.62635 1.13463e+06 873702 ZonesAtSurface
1074.46 574.961 524.793 0 0 0 0 997454 15.8866 74119.8 2.84573 1.01288e+06 997454 ZonesAtSurface
1124.49 574.961 549.763 0 0 0 0 652816 23.8206 143202 2.1648 1.06253e+06 652816 ZonesAtSurface
1174.52 574.962 574.732 0 0 0 0 1.30069e+06 23.2856 134344 4.41252 1.00107e+06 1.30069e+06 ZonesAtSurface
1224.56 574.962 599.702 0 0 0 0 1.28511e+06 16.8146 73264.7 3.8067 988004 1.28511e+06 ZonesAtSurface
1274.6 574.962 624.671 0 0 0 0 725695 15.3856 57858.4 2.70311 830266 725695 ZonesAtSurface
1324.65 574.962 649.639 0 6 0 0 1.43189e+06 29.0084 77719.5 8.34258 684308 1.43189e+06 ZonesAtSurface
1374.69 574.963 674.605 0 0 0 0 1.12336e+06 37.445 130588 10 534400 1.12336e+06 ZonesAtSurface
1424.73 574.965 699.572 0 0 0 0 1.24839e+06 30.5552 105868 9.48049 531939 1.24839e+06 ZonesAtSurface
1474.78 574.966 724.54 0 4 0 0 713641 42.4873 114849 6.30964 587058 713641 ZonesAtSurface
1524.75 574.989 599.542 5 3 2 3 1.11436e+06 37.115 92044.2 1.08052 3.91453e+06 1.11436e+06 ZonesAtSurface
1574.76 574.993 524.578 7 0 1 5 691095 35.527 117588 1.10618 2.6914e+06 691095 ZonesAtSurface
1624.8 574.99 349.684 1 0 1 9 1.2162e+06 28.6007 137156 1.05067 7.92632e+06 1.2162e+06 ZonesAtSurface
1674.86 574.992 324.701 0 0 1 10 953777 30.897 128606 1.0046 8.59574e+06 953777 ZonesAtSurface
1724.9 574.997 399.683 1 0 2 9 1.38195e+06 38.4512 140791 1.02049 5.23443e+06 1.38195e+06 ZonesAtSurface
1774.96 575 424.685 0 2 2 9 1.01946e+06 22.4722 129829 1.57031 1.88592e+06 1.01946e+06 ZonesAtSurface
1825.06 574.999 349.757 3 0 1 11 1.32626e+06 23.004 147010 1.01224 6.78743e+06 1.32626e+06 ZonesAtSurface
1875.14 575.001 374.76 9 0 1 11 1.02761e+06 35.8049 80813.7 1.02166 5.3777e+06 1.02761e+06 ZonesAtSurface
1925.24 575.001 399.758 4 0 2 11 945214 21.3604 91811.1 1.03813 3.87428e+06 945214 ZonesAtSurface
1975.35 574.999 374.814 0 0 1 12 666747 44.9298 148765 1.00262 4.45524e+06 666747 ZonesAtSurface
2025.43 574.998 337.372 6 0 1 12 1.21962e+06 43.2546 129252 1.01852 6.06392e+06 1.21962e+06 ZonesAtSurface
2075.53 574.99 337.4 10 8 1 10 950878 21.3812 100257 1.60005 1.71539e+06 950878 ZonesAtSurface
2125.38 574.989 87.5475 1 0 1 13 1.06116e+06 23.1937 127045 1.00816 7.12891e+06 1.06116e+06 ZonesAtSurface
2175.39 574.987 37.5676 1 0 1 12 526432 43.6566 71966.9 1.19784 9.47334e+06 526432 ZonesAtSurface
2225.37 574.984 -12.4126 15 0 1 11 1.41248e+06 15.3017 96685.5 1.09297 6.77081e+06 1.41248e+06 ZonesAtSurface
2275.36 574.983 -12.3773 21 0 1 9 1.10404e+06 35.5584 93383 1.45708 5.95211e+06 1.10404e+06 ZonesAtSurface
2325.36 574.982 -12.3474 67 0 1 7 525862 19.3002 52928.5 2.09443 1.34386e+06 525862 ZonesAtSurface
2375.31 574.982 -12.3198 65 0 1 5 1.13934e+06 36.0836 88708.4 3.7837 2.62765e+06 1.13934e+06 ZonesAtSurface
2425.28 574.981 -12.3078 111 0 1 3 531292 22.2796 61123.5 1.94527 1.88191e+06 531292 ZonesAtSurface
2475.18 574.977 -12.2555 107 2 1 1 1.08848e+06 31.7529 79919.9 2.80362 2.36825e+06 1.08848e+06 ZonesAtSurface
2525.03 574.973 -42.2706 82 0 1 1 1.41422e+06 33.6687 101265 1.04874 7.48067e+06 1.41422e+06 ZonesAtSurface
2574.92 574.97 -2.19943 67 43 2 1 525297 38.792 87293.1 3.7276 721577 525297 ZonesAtSurface
2624.87 574.974 -12.2205 63 4 1 2 1.38647e+06 39.5929 148731 2.23396 2.9234e+06 1.38647e+06 ZonesAtSurface
2674.82 574.974 -22.2552 73 0 1 3 1.17038e+06 18.8745 134150 1.81533 2.30363e+06 1.17038e+06 ZonesAtSurface
2724.75 574.974 -32.2801 62 0 1 4 892370 22.3527 77184.8 1.23346 3.51852e+06 892370 ZonesAtSurface
2774.68 574.974 -42.3546 27 0 1 5 716527 22.7042 95434.2 1.04741 8.69052e+06 716527 ZonesAtSurface
2824.49 574.978 47.6064 9 0 2 4 745414 42.2502 117607 1.34931 3.79354e+06 745414 ZonesAtSurface
2874.47 574.981 87.5907 0 0 2 4 866911 43.0386 84626.5 1.13755 5.63072e+06 866911 ZonesAtSurface
2924.43 574.98 227.563 0 0 2 2 820316 33.6576 114140 3.31078 1.24652e+06 820316 ZonesAtSurface
2974.44 574.983 217.551 9 0 1 3 689424 34.2339 96224.3 1.55761 3.14598e+06 689424 ZonesAtSurface
3024.45 574.982 257.53 0 0 2 3 1.44188e+06 35.5372 60032.7 2.15726 2.84152e+06 1.44188e+06 ZonesAtSurface
3074.46 574.982 247.5 7 0 1 4 1.17555e+06 22.6577 64258.8 1.02523 4.46505e+06 1.17555e+06 ZonesAtSurface
3124.48 574.982 237.469 5 0 1 5 1.33599e+06 18.3787 94477.6 1.02413 5.66416e+06 1.33599e+06 ZonesAtSurface
3174.48 574.979 377.413 0 5 1 3 1.45723e+06 38.999 81380.1 1.57101 3.83345e+06 1.45723e+06 ZonesAtSurface
3224.5 574.98 367.385 2 0 2 4 1.23064e+06 31.8088 109961 1.04086 4.41617e+06 1.23064e+06 ZonesAtSurface
3274.52 574.98 357.357 9 0 1 5 596039 33.3739 84460.9 1.00742 4.91688e+06 596039 ZonesAtSurface
3324.55 574.978 397.321 4 0 2 5 742008 19.9682 143970 1.02965 2.51879e+06 742008 ZonesAtSurface
3374.58 574.974 437.283 5 0 2 5 794386 28.9489 143861 1.05406 2.45002e+06 794386 ZonesAtSurface
3424.63 574.981 377.273 6 0 1 7 951512 25.7796 146103 1.01943 5.49967e+06 951512 ZonesAtSurface
3474.68 574.984 367.258 2 0 1 8 1.12378e+06 17.518 50323 1.01638 5.22688e+06 1.12378e+06 ZonesAtSurface
3524.73 574.987 407.219 0 0 1 8 664682 22.2219 142274 1.06347 3.86451e+06 664682 ZonesAtSurface
3574.79 574.989 397.201 3 0 1 9 1.41015e+06 31.2754 118393 1.0722 8.03276e+06 1.41015e+06 ZonesAtSurface
3624.84 574.986 537.101 3 0 2 7 911858 29.0467 115307 1.06278 3.00143e+06 911858 ZonesAtSurface
3674.91 574.99 427.163 0 0 1 10 1.48075e+06 39.8424 112829 1.07784 8.3923e+06 1.48075e+06 ZonesAtSurface
3724.97 574.997 567.031 2 0 1 8 635463 24.5309 91812.4 1.07189 3.77921e+06 635463 ZonesAtSurface
3775.03 575.01 816.801 0 10 2 3 1.11097e+06 21.796 63993.2 2.51564 1.29424e+06 1.11097e+06 ZonesAtSurface
3825.09 575.007 776.838 0 8 2 3 807631 17.8776 110138 1.74076 1.23739e+06 807631 ZonesAtSurface
3875.15 575.003 736.89 0 0 2 3 1.45681e+06 43.8286 114760 3.69215 2.55922e+06 1.45681e+06 ZonesAtSurface
3925.21 574.998 696.95 2 2 2 3 816170 21.5557 143719 1.46575 1.70695e+06 816170 ZonesAtSurface
3975.27 574.992 657.009 0 8 2 3 962302 37.9528 53108.2 1.24172 3.11539e+06 962302 ZonesAtSurface
4025.3 574.984 667.061 3 10 2 2 978096 29.4368 118550 1.64295 2.02458e+06 978096 ZonesAtSurface
4075.42 574.986 527.143 6 0 2 4 847150 38.2643 145324 1.01837 4.07041e+06 847150 ZonesAtSurface
4125.47 574.983 487.2 8 0 2 4 587214 38.9427 60081.9 1.07626 3.73347e+06 587214 ZonesAtSurface
4175.5 574.983 347.3 4 0 1 6 1.31869e+06 36.7799 74195.9 1.09864 7.02816e+06 1.31869e+06 ZonesAtSurface
4225.53 574.983 307.343 1 0 1 6 1.20539e+06 39.8525 114649 1.37392 6.00288e+06 1.20539e+06 ZonesAtSurface
4275.55 574.983 317.376 0 2 1 5 1.42093e+06 42.9066 149110 1.27781 4.78175e+06 1.42093e+06 ZonesAtSurface
4325.57 574.983 277.405 8 0 1 5 527994 36.2468 76085.6 1.01531 4.07991e+06 527994 ZonesAtSurface
4375.58 574.982 337.426 6 8 2 3 545058 31.6226 59296.7 3.38505 603341 545058 ZonesAtSurface
4425.57 574.981 147.471 1 0 1 6 969180 31.7737 105277 1.25395 6.50763e+06 969180 ZonesAtSurface
4475.59 574.976 157.498 0 0 1 5 1.48819e+06 34.2031 63197.8 1.42801 6.0666e+06 1.48819e+06 ZonesAtSurface
4525.59 574.978 117.524 1 0 2 5 1.07899e+06 26.47 124419 1.11859 3.59715e+06 1.07899e+06 ZonesAtSurface
4575.48 574.979 -22.4571 0 0 1 7 1.25849e+06 23.3315 118896 1.34449 8.66048e+06 1.25849e+06 ZonesAtSurface
4625.46 574.98 -12.424 10 0 1 6 1.15919e+06 29.0046 74899.5 1.01776 8.18719e+06 1.15919e+06 ZonesAtSurface
4675.45 574.979 -2.39386 13 0 1 5 742275 37.8623 134230 1.23196 4.49766e+06 742275 ZonesAtSurface
4725.38 574.975 -42.4064 10 0 1 5 1.21718e+06 44.4425 140187 1.19215 1.22602e+07 1.21718e+06 ZonesAtSurface
4775.32 574.972 -32.3631 64 0 1 4 707840 29.9375 128124 1.1603 5.84767e+06 707840 ZonesAtSurface
4825.24 574.972 -22.3309 77 0 1 3 1.38404e+06 26.2299 58758.1 1.79766 3.98664e+06 1.38404e+06 ZonesAtSurface
4875.14 574.973 -12.318 86 0 1 2 736510 33.718 134006 1.57876 3.40358e+06 736510 ZonesAtSurface
4925.06 574.971 -2.32654 47 9 1 1 1.36747e+06 44.4714 102277 1.89841 5.20651e+06 1.36747e+06 ZonesAtSurface
74.9538 624.974 -23.8002 63 10 1 1 1.11901e+06 36.5196 121545 1.62961 3.83987e+06 1.11901e+06 ZonesAtSurface
124.844 624.976 -48.8186 99 0 1 2 642343 44.3684 121790 1.40718 6.10959e+06 642343 ZonesAtSurface
174.767 624.976 -23.7692 76 0 1 2 829806 31.2033 138595 2.75976 1.81921e+06 829806 ZonesAtSurface
224.689 624.976 -48.8137 103 0 1 3 967679 25.4676 54805.2 1.07481 4.67545e+06 967679 ZonesAtSurface
274.611 624.975 -23.8023 77 33 1 3 1.05385e+06 44.8304 88861 2.59101 3.01597e+06 1.05385e+06 ZonesAtSurface
324.559 624.975 -48.8645 52 0 1 4 1.4648e+06 17.2723 102342 1.05729 6.07783e+06 1.4648e+06 ZonesAtSurface
374.48 624.976 -23.8915 38 0 1 4 1.21982e+06 37.0404 144957 1.06004 7.77476e+06 1.21982e+06 ZonesAtSurface
424.428 624.978 1.08203 0 0 1 4 993560 32.0745 134377 1.05855 8.23212e+06 993560 ZonesAtSurface
474.323 624.981 126.056 0 9 2 2 1.41891e+06 23.0431 108846 2.53956 1.64349e+06 1.41891e+06 ZonesAtSurface
524.329 624.983 151.049 0 0 2 2 981348 39.403 100169 2.47283 2.10557e+06 981348 ZonesAtSurface
574.333 624.984 176.036 0 0 2 2 1.4906e+06 17.3389 66771.8 2.06038 2.16848e+06 1.4906e+06 ZonesAtSurface
624.341 624.979 251.018 0 8 2 1 1.44886e+06 44.783 89771.4 4.38321 1.59364e+06 1.44886e+06 ZonesAtSurface
674.346 624.978 276.002 6 3 2 1 665319 16.7882 86461.4 1.18713 1.55911e+06 665319 ZonesAtSurface
724.351 624.977 300.983 0 0 2 1 685745 37.1317 135728 1.68801 1.74025e+06 685745 ZonesAtSurface
774.357 624.976 325.961 0 0 2 1 1.43208e+06 17.2898 141786 2.10445 1.90223e+06 1.43208e+06 ZonesAtSurface
824.378 624.968 400.931 0 7 0 0 1.00348e+06 42.1284 77513.3 3.18182 1.42666e+06 1.00348e+06 ZonesAtSurface
874.388 624.967 425.905 0 0 0 0 899109 27.6712 144171 2.38338 1.32304e+06 899109 ZonesAtSurface
924.398 624.966 450.879 0 6 0 0 602339 33.6545 144096 1.72464 1.31939e+06 602339 ZonesAtSurface
974.413 624.966 475.853 0 0 0 0 1.46396e+06 20.4271 52561.3 3.3545 1.31168e+06 1.46396e+06 ZonesAtSurface
1024.43 624.965 500.826 0 0 0 0 1.34567e+06 42.8416 147885 4.94853 1.30883e+06 1.34567e+06 ZonesAtSurface
1074.45 624.965 525.8 0 0 0 0 1.19291e+06 21.6018 80870.6 2.95753 1.20464e+06 1.19291e+06 ZonesAtSurface
1124.48 624.965 550.771 0 0 0 0 1.49471e+06 18.5997 82695.7 3.65046 1.1595e+06 1.49471e+06 ZonesAtSurface
1174.51 624.966 575.741 0 0 0 0 1.38218e+06 37.8051 93513.1 6.13521 1.04434e+06 1.38218e+06 ZonesAtSurface
1224.55 624.966 600.71 0 0 0 0 824987 38.3435 143065 4.12929 1.02657e+06 824987 ZonesAtSurface
1274.59 624.965 625.68 0 0 0 0 902217 25.7753 118729 3.85669 868059 902217 ZonesAtSurface
1324.64 624.965 650.649 0 7 0 0 1.4312e+06 20.8201 97944 6.26533 731530 1.4312e+06 ZonesAtSurface
1374.69 624.966 675.615 0 0 0 0 864792 38.5634 87021 6.93731 669953 864792 ZonesAtSurface
1424.73 624.967 700.582 0 0 0 0 609952 32.2919 51106.6 4.9826 577619 609952 ZonesAtSurface
1474.78 624.969 725.549 0 9 0 0 903256 32.7137 69124.9 7.78666 497643 903256 ZonesAtSurface
1524.74 624.995 600.55 8 0 2 3 613180 23.6739 77341.2 1.06965 1.70375e+06 613180 ZonesAtSurface
1574.76 624.998 525.59 3 8 2 5 943134 41.9798 71109.2 1.2533 3.32217e+06 943134 ZonesAtSurface
1624.8 624.993 350.698 2 0 1 9 813082 37.0178 53384.4 1.05181 7.63036e+06 813082 ZonesAtSurface
1674.85 624.999 425.693 4 3 2 8 504481 36.5737 120175 2.06857 857503 504481 ZonesAtSurface
1724.9 625.005 400.699 1 0 2 9 676613 39.9899 79790.9 1.04167 3.33308e+06 676613 ZonesAtSurface
1774.98 625.002 375.729 6 0 1 10 1.30012e+06 21.9048 89996.8 1.02285 5.00172e+06 1.30012e+06 ZonesAtSurface
1825.06 625.001 350.769 8 0 1 11 518509 21.2116 113772 1.03373 4.32904e+06 518509 ZonesAtSurface
1875.14 625.007 425.727 1 7 1 10 794686 40.3758 99293.9 1.39174 2.44911e+06 794686 ZonesAtSurface
1925.25 625.007 500.638 8 9 2 9 947145 41.9301 107483 1.35225 3.04171e+06 947145 ZonesAtSurface
1975.35 625.001 375.82 10 0 1 12 867685 26.7209 118484 1.01056 4.22478e+06 867685 ZonesAtSurface
2025.47 624.997 438.254 4 0 2 10 766797 15.8121 81323.9 1.08672 1.84121e+06 766797 ZonesAtSurface
2075.5 624.996 288.453 4 0 1 11 753596 34.0823 118350 1.01175 4.26856e+06 753596 ZonesAtSurface
2125.39 624.991 88.554 1 0 1 13 1.20321e+06 18.116 89752.3 1.00935 6.48485e+06 1.20321e+06 ZonesAtSurface
2175.39 624.988 38.574 0 0 1 12 1.07033e+06 43.6116 75543 1.21883 9.80146e+06 1.07033e+06 ZonesAtSurface
2225.37 624.985 -11.4046 4 0 1 11 1.07661e+06 40.1873 125226 1.70056 9.12328e+06 1.07661e+06 ZonesAtSurface
2275.37 624.985 -11.3715 23 0 1 9 894215 20.1352 101457 1.652 3.36504e+06 894215 ZonesAtSurface
2325.36 624.98 -11.3499 52 0 1 7 1.2901e+06 26.3073 57411.4 2.98297 2.40668e+06 1.2901e+06 ZonesAtSurface
2375.32 624.983 -11.3174 89 0 1 5 1.0307e+06 18.0165 123275 2.16422 1.8201e+06 1.0307e+06 ZonesAtSurface
2425.29 624.981 -11.2983 111 0 1 3 786660 25.7599 96457.3 1.948 2.12755e+06 786660 ZonesAtSurface
2475.19 624.983 -11.2384 96 55 1 1 1.41014e+06 44.7402 128719 3.05995 3.37605e+06 1.41014e+06 ZonesAtSurface
2525.04 624.978 -41.2526 88 0 1 1 956648 15.5414 144048 1.1333 3.69931e+06 956648 ZonesAtSurface
2574.92 624.975 -1.17464 75 67 2 1 940693 34.4229 69145 8.64045 563483 940693 ZonesAtSurface
2624.86 624.979 -11.2067 61 18 1 2 1.42531e+06 25.6105 126154 2.66717 1.80882e+06 1.42531e+06 ZonesAtSurface
2674.8 624.977 -21.2511 92 0 1 3 796112 38.3869 102214 3.29169 1.84162e+06 796112 ZonesAtSurface
2724.75 624.978 -31.2721 51 0 1 4 996780 20.606 63398 1.17575 3.88431e+06 996780 ZonesAtSurface
2774.67 624.979 -41.3423 41 0 1 5 1.26188e+06 15.1001 91984 1.03921 6.63534e+06 1.26188e+06 ZonesAtSurface
2824.58 624.981 -1.36654 18 0 1 5 1.34623e+06 19.4122 135347 1.06197 6.01328e+06 1.34623e+06 ZonesAtSurface
2874.43 624.988 138.586 6 9 2 3 773369 17.8531 143848 1.51242 1.38935e+06 773369 ZonesAtSurface
2924.43 624.99 178.574 0 1 2 3 960637 34.9105 92277.5 1.50861 2.79494e+06 960637 ZonesAtSurface
2974.44 624.987 268.555 0 9 2 2 662813 33.916 54753.1 2.1081 1.16614e+06 662813 ZonesAtSurface
3024.45 624.987 258.537 7 3 1 3 815971 44.4722 102996 1.32682 2.88807e+06 815971 ZonesAtSurface
3074.46 624.987 248.509 10 0 2 4 1.18354e+06 32.4344 122770 1.02375 4.17971e+06 1.18354e+06 ZonesAtSurface
3124.47 624.988 238.478 0 0 1 5 1.4042e+06 43.5992 104008 1.7369 6.01429e+06 1.4042e+06 ZonesAtSurface
3174.48 624.99 278.442 3 0 1 5 619256 41.4262 72295.3 1.02016 5.8079e+06 619256 ZonesAtSurface
3224.49 624.991 418.38 10 9 2 3 916726 30.339 71470 1.77982 1.77882e+06 916726 ZonesAtSurface
3274.51 624.987 358.362 4 0 1 5 1.17066e+06 20.0277 88253.5 1.01505 3.92586e+06 1.17066e+06 ZonesAtSurface
3324.54 624.984 398.322 8 0 1 5 528098 32.3626 52541.5 1.03016 3.60539e+06 528098 ZonesAtSurface
3374.58 624.984 388.301 7 0 1 6 566011 21.8029 137450 1.0325 3.20098e+06 566011 ZonesAtSurface
3424.61 624.983 428.258 2 0 1 6 869939 34.6057 119393 1.03789 4.21763e+06 869939 ZonesAtSurface
3474.66 624.984 468.211 7 7 2 6 1.30057e+06 25.9096 141090 1.2818 3.13806e+06 1.30057e+06 ZonesAtSurface
3524.71 624.988 508.17 0 10 2 6 1.36589e+06 25.927 135184 1.94652 2.16463e+06 1.36589e+06 ZonesAtSurface
3574.78 624.991 398.212 2 0 1 9 1.49004e+06 19.6436 146354 1.01213 6.32771e+06 1.49004e+06 ZonesAtSurface
3624.84 624.993 438.176 7 0 1 9 964202 27.8402 117550 1.00392 5.56919e+06 964202 ZonesAtSurface
3674.89 624.996 578.041 6 0 2 7 543615 39.6212 142468 1.44655 2.75985e+06 543615 ZonesAtSurface
3724.97 625.001 568.042 3 0 1 8 825021 39.7625 107648 1.11989 5.32752e+06 825021 ZonesAtSurface
3775.05 625.015 717.862 9 9 1 5 979781 20.5661 113227 1.2706 2.16937e+06 979781 ZonesAtSurface
3825.09 625.015 777.84 1 9 2 3 581830 30.3603 130295 1.69045 1.2182e+06 581830 ZonesAtSurface
3875.18 625.012 687.913 0 5 2 4 1.43724e+06 37.5984 62927.1 1.5539 3.8853e+06 1.43724e+06 ZonesAtSurface
3925.16 625.001 747.948 4 9 2 2 626215 42.8441 136840 1.51086 1.66168e+06 626215 ZonesAtSurface
3975.28 624.999 658.011 5 3 2 3 843748 19.3307 63069.5 1.22925 1.93707e+06 843748 ZonesAtSurface
4025.37 624.996 568.09 0 0 1 4 1.13044e+06 31.8981 82518 1.08863 4.66443e+06 1.13044e+06 ZonesAtSurface
4075.41 624.99 578.128 3 0 2 3 865326 21.0211 58703.1 1.0653 2.63671e+06 865326 ZonesAtSurface
4125.48 624.988 438.233 5 0 1 5 1.10284e+06 43.2463 60215.3 1.02439 7.2414e+06 1.10284e+06 ZonesAtSurface
4175.51 624.988 348.31 3 0 1 6 1.4333e+06 38.8351 68895.7 1.23699 7.29422e+06 1.4333e+06 ZonesAtSurface
4225.53 624.989 308.355 8 0 1 6 1.29345e+06 20.6075 148743 1.01681 4.40397e+06 1.29345e+06 ZonesAtSurface
4275.55 624.988 268.389 6 0 1 6 696965 26.4005 141606 1.01473 4.46701e+06 696965 ZonesAtSurface
4325.57 624.986 278.416 4 0 1 5 1.01169e+06 18.8163 95005.7 1.10448 3.0836e+06 1.01169e+06 ZonesAtSurface
4375.57 624.986 188.448 5 0 1 6 1.09881e+06 25.8809 134126 1.04739 5.97655e+06 1.09881e+06 ZonesAtSurface
4425.6 624.982 248.466 10 0 2 4 591179 44.7496 120167 1.50376 3.34876e+06 591179 ZonesAtSurface
4475.57 624.986 108.507 0 0 1 6 587779 25.7378 106436 1.04524 4.96447e+06 587779 ZonesAtSurface
4525.52 624.983 18.5329 2 0 1 7 954975 37.9169 64156.4 1.52465 8.29009e+06 954975 ZonesAtSurface
4575.48 624.981 -21.449 0 0 1 7 747926 34.1826 96176.2 2.01289 9.1356e+06 747926 ZonesAtSurface
4625.47 624.981 -11.4116 20 0 1 6 505922 32.543 90964.3 1.0175 6.66008e+06 505922 ZonesAtSurface
4675.44 624.982 -1.37721 17 0 1 5 1.17674e+06 19.4139 88995.7 1.26448 3.26254e+06 1.17674e+06 ZonesAtSurface
4725.38 624.978 -41.3955 9 0 1 5 1.37492e+06 44.0183 133494 1.47355 1.09866e+07 1.37492e+06 ZonesAtSurface
4775.31 624.978 -31.3506 61 0 1 4 862789 21.2249 97939.8 1.14512 3.75604e+06 862789 ZonesAtSurface
4825.23 624.978 -21.3128 79 0 1 3 1.19802e+06 24.0119 61728.8 2.26056 3.07666e+06 1.19802e+06 ZonesAtSurface
4875.14 624.977 -11.3176 65 14 1 2 1.48179e+06 39.4719 87198.8 1.62224 4.81248e+06 1.48179e+06 ZonesAtSurface
4925.07 624.972 -1.31529 62 0 1 1 887150 28.0236 51461.2 1.42717 3.81414e+06 887150 ZonesAtSurface
74.9537 674.974 -22.7964 78 0 1 1 821712 29.4738 127673 1.54919 3.22299e+06 821712 ZonesAtSurface
124.848 674.975 -47.8069 104 0 1 2 1.49224e+06 31.4816 146823 1.18202 6.89792e+06 1.49224e+06 ZonesAtSurface
174.774 674.974 -22.7633 78 5 1 2 655504 27.8902 109761 2.84067 1.17362e+06 655504 ZonesAtSurface
224.691 674.977 -47.8068 85 0 1 3 1.37122e+06 40.8822 102022 1.06394 6.8434e+06 1.37122e+06 ZonesAtSurface
274.617 674.979 -22.7913 96 0 1 3 858407 22.0203 106565 2.00867 1.96239e+06 858407 ZonesAtSurface
324.56 674.978 -47.8545 77 0 1 4 1.49671e+06 20.1357 59372.4 1.06139 6.3666e+06 1.49671e+06 ZonesAtSurface
374.481 674.981 -22.8809 34 0 1 4 1.24557e+06 22.1343 118373 1.03699 5.65228e+06 1.24557e+06 ZonesAtSurface
424.481 674.985 -47.9171 0 0 1 5 500163 18.308 79901.5 1.01417 6.03979e+06 500163 ZonesAtSurface
474.35 674.995 77.0693 4 0 2 3 838352 44.8733 50355.9 1.30516 4.47572e+06 838352 ZonesAtSurface
524.33 674.994 152.055 5 6 2 2 785066 19.6638 91314.5 1.18622 1.80357e+06 785066 ZonesAtSurface
574.334 674.995 177.044 7 0 2 2 689368 30.7076 120076 1.00056 2.18067e+06 689368 ZonesAtSurface
624.337 674.996 202.03 9 0 2 2 861178 18.3393 114726 1.00338 2.31497e+06 861178 ZonesAtSurface
674.339 674.995 227.013 0 0 2 2 1.05225e+06 43.7421 53896.4 2.27221 2.64121e+06 1.05225e+06 ZonesAtSurface
724.342 674.995 251.994 0 0 2 2 1.10006e+06 40.6994 87628.5 2.02511 2.55242e+06 1.10006e+06 ZonesAtSurface
774.346 674.994 276.973 0 0 2 2 995578 36.3633 84676.2 1.85632 2.68619e+06 995578 ZonesAtSurface
824.36 674.983 351.944 4 0 2 1 523796 43.6037 116537 1.33577 2.06902e+06 523796 ZonesAtSurface
874.369 674.981 376.917 0 3 2 1 724904 32.9611 134589 1.30471 2.04059e+06 724904 ZonesAtSurface
924.392 674.972 451.885 0 9 0 0 1.03503e+06 33.5754 105283 2.30696 1.68087e+06 1.03503e+06 ZonesAtSurface
974.406 674.971 476.86 0 7 0 0 1.17179e+06 21.2838 51398.4 2.59281 1.38639e+06 1.17179e+06 ZonesAtSurface
1024.43 674.971 501.834 0 9 0 0 1.27457e+06 28.3626 90032 3.15335 1.49552e+06 1.27457e+06 ZonesAtSurface
1074.45 674.97 526.807 0 9 0 0 1.10563e+06 40.0958 87049.2 3.86592 1.27813e+06 1.10563e+06 ZonesAtSurface
1124.48 674.97 551.779 0 0 0 0 1.1608e+06 38.7349 89754.4 4.34064 1.20556e+06 1.1608e+06 ZonesAtSurface
1174.51 674.97 576.749 0 0 0 0 758598 38.239 135616 3.14637 1.19613e+06 758598 ZonesAtSurface
1224.55 674.97 601.719 0 0 0 0 1.08375e+06 35.9259 52860.2 4.84608 982152 1.08375e+06 ZonesAtSurface
1274.59 674.97 626.69 0 0 0 0 996493 34.8042 149763 4.62014 915078 996493 ZonesAtSurface
1324.63 674.97 651.66 0 7 0 0 1.04828e+06 36.49 74745.5 4.29631 1.04874e+06 1.04828e+06 ZonesAtSurface
1374.68 674.97 676.627 0 1 0 0 1.24135e+06 29.288 65749.4 4.92052 935939 1.24135e+06 ZonesAtSurface
1424.73 674.971 701.592 0 0 0 0 1.20814e+06 38.0475 145159 6.26633 850262 1.20814e+06 ZonesAtSurface
1474.74 674.983 676.564 0 0 2 1 552477 36.621 82751.2 1.75709 1.73417e+06 552477 ZonesAtSurface
1524.76 674.996 651.545 9 5 2 2 861078 25.3818 94512.7 1.40574 1.8491e+06 861078 ZonesAtSurface
1574.75 675.003 476.627 1 0 2 6 938848 18.4956 113558 1.00505 3.09954e+06 938848 ZonesAtSurface
1624.8 674.995 351.714 0 0 1 9 731519 42.9511 59655.7 1.0338 7.12565e+06 731519 ZonesAtSurface
1674.85 674.997 326.731 3 0 1 10 1.09296e+06 36.4141 114983 1.00721 8.98851e+06 1.09296e+06 ZonesAtSurface
1724.91 675.002 351.74 1 0 1 10 1.23506e+06 18.0461 125386 1.02274 4.58583e+06 1.23506e+06 ZonesAtSurface
1774.99 674.999 326.769 7 0 1 11 1.04955e+06 40.1566 140019 1.02076 9.53316e+06 1.04955e+06 ZonesAtSurface
1825.05 675.009 401.744 8 0 2 10 553706 39.1554 112262 1.27967 1.86431e+06 553706 ZonesAtSurface
1875.15 675.005 376.794 10 0 1 11 883386 17.0594 121933 1.03568 3.13998e+06 883386 ZonesAtSurface
1925.26 675.014 451.724 4 0 1 10 1.0803e+06 27.5979 144572 1.02788 4.22056e+06 1.0803e+06 ZonesAtSurface
1975.36 675.003 376.832 5 0 1 12 1.00822e+06 23.6123 61061.6 1.01293 3.89882e+06 1.00822e+06 ZonesAtSurface
2025.49 675 439.253 3 7 1 10 1.49812e+06 23.176 128587 1.18972 3.71646e+06 1.49812e+06 ZonesAtSurface
2075.51 674.998 289.458 1 0 1 11 1.20869e+06 22.1082 131238 1.01907 3.62226e+06 1.20869e+06 ZonesAtSurface
2125.39 674.993 89.5609 1 0 1 13 1.03781e+06 23.9152 138021 1.01529 7.47627e+06 1.03781e+06 ZonesAtSurface
2175.39 674.99 39.5803 2 0 1 12 761016 38.7974 92321.7 1.05818 9.14536e+06 761016 ZonesAtSurface
2225.37 674.987 -10.3995 18 0 1 11 914874 15.9848 73718.9 1.0611 6.06794e+06 914874 ZonesAtSurface
2275.37 674.985 -10.3669 18 0 1 9 1.30095e+06 33.512 106213 1.35016 5.69419e+06 1.30095e+06 ZonesAtSurface
2325.35 674.983 -10.3404 31 0 1 7 1.28871e+06 40.1711 92082.1 2.90055 4.42432e+06 1.28871e+06 ZonesAtSurface
2375.33 674.984 -10.3245 79 0 1 5 1.14912e+06 32.1833 86424.4 1.50555 3.87137e+06 1.14912e+06 ZonesAtSurface
2425.29 674.985 -10.2877 111 0 1 3 911389 32.6337 120366 2.27265 2.68613e+06 911389 ZonesAtSurface
2475.21 674.989 -10.2318 99 0 1 1 1.3037e+06 16.6766 116286 2.2085 1.94227e+06 1.3037e+06 ZonesAtSurface
2525.05 674.984 -40.2362 93 0 1 1 941278 40.3279 56781.8 1.13442 5.91525e+06 941278 ZonesAtSurface
2574.93 674.985 -0.148369 60 51 1 1 1.44883e+06 17.3098 113198 5.11537 834745 1.44883e+06 ZonesAtSurface
2624.85 674.982 -10.2012 99 23 1 2 677347 22.5701 60539.2 1.9411 1.03598e+06 677347 ZonesAtSurface
2674.79 674.98 -20.2453 72 0 1 3 537003 25.2348 105789 5.1882 660855 537003 ZonesAtSurface
2724.75 674.98 -30.2659 54 0 1 4 1.03077e+06 37.1046 100850 1.14865 4.87098e+06 1.03077e+06 ZonesAtSurface
2774.68 674.985 -40.325 34 0 1 5 559670 41.2025 76001.5 1.10635 8.84541e+06 559670 ZonesAtSurface
2824.58 674.992 -0.346415 28 0 1 5 1.0555e+06 20.6058 106663 1.0851 5.72481e+06 1.0555e+06 ZonesAtSurface
2874.45 675.002 89.6021 10 4 2 4 1.42989e+06 41.6506 138997 1.41119 4.87623e+06 1.42989e+06 ZonesAtSurface
2924.45 675.001 129.588 5 0 1 4 951631 38.9148 146545 1.28007 3.36332e+06 951631 ZonesAtSurface
2974.43 674.999 219.563 0 2 2 3 1.10219e+06 44.1167 98628 1.94437 3.11772e+06 1.10219e+06 ZonesAtSurface
3024.44 674.997 209.545 10 0 1 4 963427 26.242 147658 1.12651 3.99541e+06 963427 ZonesAtSurface
3074.45 674.996 249.516 8 0 2 4 677993 33.8348 73096 1.04639 2.80802e+06 677993 ZonesAtSurface
3124.47 674.997 289.49 7 8 2 4 1.18236e+06 27.5965 82299.6 1.4616 2.68431e+06 1.18236e+06 ZonesAtSurface
3174.49 674.994 229.465 0 0 1 6 1.25671e+06 32.0367 60012.8 1.05602 6.61141e+06 1.25671e+06 ZonesAtSurface
3224.5 674.995 269.429 3 0 1 6 1.46634e+06 19.0644 98641.5 1.01423 5.34014e+06 1.46634e+06 ZonesAtSurface
3274.51 674.998 359.37 7 0 1 5 518311 20.0491 88695 1.04378 2.219e+06 518311 ZonesAtSurface
3324.53 674.997 449.311 10 6 2 4 898643 42.2212 146250 1.35378 2.66399e+06 898643 ZonesAtSurface
3374.56 674.995 439.282 8 0 2 5 504595 15.1229 98266 1.03647 1.31271e+06 504595 ZonesAtSurface
3424.6 674.996 479.233 0 9 2 5 1.42165e+06 42.3249 104251 1.44646 4.21266e+06 1.42165e+06 ZonesAtSurface
3474.65 674.994 469.216 7 0 2 6 557213 21.6188 131193 1.08017 1.93692e+06 557213 ZonesAtSurface
3524.71 674.992 459.206 9 0 1 7 1.21232e+06 19.7898 105845 1.0764 3.56107e+06 1.21232e+06 ZonesAtSurface
3574.78 674.994 399.222 1 0 1 9 563230 27.807 144837 1.02009 5.44051e+06 563230 ZonesAtSurface
3624.82 674.998 539.099 2 0 2 7 679457 39.1884 128138 1.06855 4.23823e+06 679457 ZonesAtSurface
3674.89 675.013 579.049 4 3 2 7 1.23044e+06 19.2045 67853.7 1.226 2.79067e+06 1.23044e+06 ZonesAtSurface
3724.97 675.004 519.101 4 0 1 9 1.23855e+06 39.9204 121396 1.01349 5.6421e+06 1.23855e+06 ZonesAtSurface
3775.05 675.019 668.911 0 4 2 6 962673 30.1673 88982 1.20507 2.68048e+06 962673 ZonesAtSurface
3825.12 675.024 728.865 9 0 2 4 532258 16.6105 149555 1.10194 1.5249e+06 532258 ZonesAtSurface
3875.21 675.014 589.005 1 0 1 6 1.05753e+06 42.8475 66305.2 1.02004 5.81457e+06 1.05753e+06 ZonesAtSurface
3925.26 675.013 648.97 0 0 2 4 1.21923e+06 18.2423 113620 1.38167 2.53919e+06 1.21923e+06 ZonesAtSurface
3975.28 675.007 659.012 10 0 2 3 591867 30.3196 127919 1.10517 1.77313e+06 591867 ZonesAtSurface
4025.4 675.003 519.124 8 0 1 5 1.24385e+06 16.0143 71627.9 1.04086 3.85236e+06 1.24385e+06 ZonesAtSurface
4075.43 674.999 529.158 0 2 1 4 1.48824e+06 35.9499 146273 1.23249 4.64772e+06 1.48824e+06 ZonesAtSurface
4125.48 674.995 489.212 5 6 1 4 987394 35 107698 1.16082 3.15994e+06 987394 ZonesAtSurface
4175.51 674.991 299.336 3 0 1 7 1.44037e+06 25.9241 134013 1.01098 6.60864e+06 1.44037e+06 ZonesAtSurface
4225.53 674.99 259.375 13 0 1 7 1.24018e+06 15.3575 149650 1.05018 5.01239e+06 1.24018e+06 ZonesAtSurface
4275.55 674.992 269.404 9 0 1 6 1.45978e+06 22.109 61847.3 1.06469 4.73784e+06 1.45978e+06 ZonesAtSurface
4325.58 674.992 279.428 10 4 1 5 1.46613e+06 23.856 86844.9 1.26592 3.53083e+06 1.46613e+06 ZonesAtSurface
4375.59 674.989 289.449 9 4 1 4 957574 30.2543 149338 1.99853 1.7137e+06 957574 ZonesAtSurface
4425.56 674.988 99.4916 0 0 1 7 1.10151e+06 42.0261 94245.2 2.54943 6.95077e+06 1.10151e+06 ZonesAtSurface
4475.6 674.991 159.506 0 0 1 5 815300 18.7367 125821 1.08725 2.19248e+06 815300 ZonesAtSurface
4525.58 674.987 69.5378 3 0 1 6 660265 32.307 88570.8 1.09145 4.51787e+06 660265 ZonesAtSurface
4575.49 674.985 -20.4399 4 0 1 7 705269 24.7147 76548 1.03908 8.55841e+06 705269 ZonesAtSurface
4625.47 674.988 -10.3964 34 0 1 6 712015 17.5585 112548 1.01898 3.67286e+06 712015 ZonesAtSurface
4675.44 674.992 -0.352703 34 2 1 5 1.17206e+06 33.5279 108205 1.41585 3.80413e+06 1.17206e+06 ZonesAtSurface
4725.37 674.982 -40.3793 29 0 1 5 856149 43.9181 80931.1 1.49257 9.53429e+06 856149 ZonesAtSurface
4775.3 674.98 -30.3405 67 5 1 4 1.29937e+06 34.3695 79197.7 1.05836 5.10297e+06 1.29937e+06 ZonesAtSurface
4825.22 674.982 -20.2996 81 0 1 3 729382 24.2909 85247.8 2.20073 2.66835e+06 729382 ZonesAtSurface
4875.15 674.979 -10.3122 71 0 1 2 644520 28.8157 94741.2 2.29162 2.04831e+06 644520 ZonesAtSurface
4925.08 674.975 -0.301889 96 0 1 1 1.10923e+06 20.9354 103214 1.41333 3.1118e+06 1.10923e+06 ZonesAtSurface
74.9518 724.975 -21.7959 80 0 1 1 737517 34.6724 85729.2 1.59125 3.82385e+06 737517 ZonesAtSurface
124.85 724.976 -46.7995 109 0 1 2 1.31347e+06 26.1313 78171.6 1.1658 6.46386e+06 1.31347e+06 ZonesAtSurface
174.777 724.974 -21.7564 63 48 1 2 1.33038e+06 28.8189 86312.4 2.56874 2.32325e+06 1.33038e+06 ZonesAtSurface
224.693 724.979 -46.8004 91 0 1 3 760031 38.6203 92520.6 1.04376 6.123e+06 760031 ZonesAtSurface
274.624 724.982 -21.7857 86 10 1 3 1.10119e+06 33.0594 134965 1.99625 2.51979e+06 1.10119e+06 ZonesAtSurface
324.564 724.983 -46.8445 68 0 1 4 698191 33.5228 148715 1.06484 7.76178e+06 698191 ZonesAtSurface
374.492 724.988 -21.863 43 0 1 4 1.13601e+06 44.2908 104175 1.13893 7.47657e+06 1.13601e+06 ZonesAtSurface
424.482 724.992 -46.9059 4 0 1 5 1.4986e+06 33.0395 79703.4 1.5558 9.74473e+06 1.4986e+06 ZonesAtSurface
474.393 725.006 28.0865 9 0 1 4 648187 27.1386 98528 1.0267 4.88538e+06 648187 ZonesAtSurface
524.374 725.01 53.0776 4 0 1 4 1.00228e+06 24.7652 104917 1.03648 5.16348e+06 1.00228e+06 ZonesAtSurface
574.344 725.013 128.057 7 0 1 3 981454 28.7364 88744.7 1.04498 3.56619e+06 981454 ZonesAtSurface
624.343 725.014 153.043 0 3 2 3 1.39614e+06 40.6456 106881 1.74183 3.46878e+06 1.39614e+06 ZonesAtSurface
674.341 725.015 178.026 0 0 1 3 948324 36.6616 95921.6 1.17842 3.89814e+06 948324 ZonesAtSurface
724.339 725.015 203.007 2 0 2 3 800114 44.3922 116524 1.15216 3.53133e+06 800114 ZonesAtSurface
774.341 725.014 227.987 3 0 1 3 1.11047e+06 21.5188 140619 1.01631 3.69136e+06 1.11047e+06 ZonesAtSurface
824.347 725.004 302.959 0 7 2 2 1.18184e+06 18.5639 125138 1.19753 2.66274e+06 1.18184e+06 ZonesAtSurface
874.354 725.002 327.933 0 1 2 2 1.16373e+06 21.9997 97165.3 1.24702 2.81859e+06 1.16373e+06 ZonesAtSurface
924.375 724.989 402.901 0 9 2 1 957184 21.7037 79300.4 1.373 2.00535e+06 957184 ZonesAtSurface
974.387 724.988 427.874 0 3 2 1 1.10645e+06 19.9496 123461 1.55135 2.04114e+06 1.10645e+06 ZonesAtSurface
1024.4 724.988 452.847 10 0 2 1 709974 15.1523 66849.7 1.06907 1.86151e+06 709974 ZonesAtSurface
1074.43 724.987 477.82 0 0 2 1 1.43736e+06 31.515 135294 2.90851 1.83098e+06 1.43736e+06 ZonesAtSurface
1124.45 724.986 502.792 0 0 2 1 1.29971e+06 25.4651 58245.6 2.52849 1.74197e+06 1.29971e+06 ZonesAtSurface
1174.48 724.986 527.761 0 0 2 1 842229 37.3532 82073.7 2.7071 1.60794e+06 842229 ZonesAtSurface
1224.54 724.976 602.727 0 7 0 0 1.32887e+06 39.8456 145350 5.69374 926217 1.32887e+06 ZonesAtSurface
1274.56 724.987 577.703 0 0 2 1 1.1125e+06 23.4687 61688.3 2.78784 1.3355e+06 1.1125e+06 ZonesAtSurface
1324.6 724.987 602.676 0 0 2 1 710637 26.7658 107064 1.74253 1.40914e+06 710637 ZonesAtSurface
1374.64 724.987 627.644 0 1 2 1 1.00597e+06 26.3306 113893 2.16651 1.44854e+06 1.00597e+06 ZonesAtSurface
1424.69 724.988 652.61 0 6 2 1 720108 39.1115 87948.8 1.91684 1.48487e+06 720108 ZonesAtSurface
1474.71 725.002 627.584 6 0 2 2 659380 22.6112 52914.4 1.0702 1.9988e+06 659380 ZonesAtSurface
1524.71 725.018 552.6 4 0 2 4 830472 32.9036 129579 1.04562 2.87771e+06 830472 ZonesAtSurface
1574.74 725.014 477.642 0 1 2 6 1.37851e+06 38.9656 128183 1.02022 5.26789e+06 1.37851e+06 ZonesAtSurface
1624.8 724.997 352.732 6 0 1 9 1.15045e+06 28.0065 70723 1.04775 5.53649e+06 1.15045e+06 ZonesAtSurface
1674.85 724.997 327.745 4 0 1 10 911503 35.1177 64160.2 1.00552 7.96198e+06 911503 ZonesAtSurface
1724.92 724.998 302.78 1 0 1 11 828360 17.5876 110787 1.06699 5.29264e+06 828360 ZonesAtSurface
1774.99 725.002 327.79 2 0 1 11 679723 26.0563 137657 1.01665 5.68103e+06 679723 ZonesAtSurface
1825.07 724.999 302.83 3 0 1 12 1.09047e+06 33.6128 110200 1.00846 6.48015e+06 1.09047e+06 ZonesAtSurface
1875.16 725.009 377.807 8 5 1 11 1.28468e+06 39.8383 57838.5 1.24088 4.4406e+06 1.28468e+06 ZonesAtSurface
1925.25 725.039 502.641 4 9 2 9 625767 35.3345 90743.1 0 1.82249e+06 625767 ZonesAtSurface
1975.36 725.004 377.844 10 0 1 12 1.10156e+06 25.1666 142828 1.01891 3.80831e+06 1.10156e+06 ZonesAtSurface
2025.5 725.003 440.258 6 0 1 10 1.16622e+06 18.571 132038 1.03019 3.18334e+06 1.16622e+06 ZonesAtSurface
2075.51 724.999 290.466 4 0 1 11 1.48531e+06 17.7549 99741.6 1.0354 4.00705e+06 1.48531e+06 ZonesAtSurface
2125.39 724.994 90.5676 1 0 1 13 571015 37.1366 63382.7 1.04755 9.19564e+06 571015 ZonesAtSurface
2175.35 724.99 -9.41945 0 0 1 13 1.05727e+06 30.517 117283 2.79987 6.8319e+06 1.05727e+06 ZonesAtSurface
2225.37 724.99 -9.39479 4 0 1 11 1.47707e+06 16.9123 144042 1.02004 7.71353e+06 1.47707e+06 ZonesAtSurface
2275.38 724.988 -9.36021 42 0 1 9 1.16672e+06 16.6616 99912.8 1.25869 3.21678e+06 1.16672e+06 ZonesAtSurface
2325.36 724.987 -9.3285 36 0 1 7 1.02177e+06 44.0959 52367.2 2.8553 4.25732e+06 1.02177e+06 ZonesAtSurface
2375.33 724.988 -9.31947 67 0 1 5 1.2088e+06 37.1182 134910 1.67686 4.78834e+06 1.2088e+06 ZonesAtSurface
2425.29 724.99 -9.28166 102 0 1 3 943306 36.3288 107160 2.36332 3.05858e+06 943306 ZonesAtSurface
2475.24 724.99 -9.2346 105 0 1 1 1.02735e+06 18.3722 74948.2 1.60292 2.15148e+06 1.02735e+06 ZonesAtSurface
2525.07 724.987 -39.2181 80 0 1 1 507853 27.613 97299.5 1.40324 2.64987e+06 507853 ZonesAtSurface
2574.96 724.983 -49.2396 82 0 1 2 522490 23.3859 54268.1 1.16711 3.29677e+06 522490 ZonesAtSurface
2624.83 724.985 -9.19753 66 51 1 2 827651 27.9505 78876.2 3.1558 907369 827651 ZonesAtSurface
2674.79 724.983 -19.2369 58 17 1 3 1.37365e+06 42.3102 143759 5.9889 1.7576e+06 1.37365e+06 ZonesAtSurface
2724.76 724.984 -29.2508 56 0 1 4 701200 32.816 119716 1.1683 4.106e+06 701200 ZonesAtSurface
2774.69 724.989 -39.3076 39 0 1 5 1.46379e+06 31.0266 67554.7 1.13716 8.36056e+06 1.46379e+06 ZonesAtSurface
2824.65 724.988 -49.3515 19 0 1 6 662059 22.132 129780 1.02438 8.82532e+06 662059 ZonesAtSurface
2874.58 724.993 -9.36201 11 0 1 6 1.29934e+06 35.2771 93176.6 1.05543 9.62e+06 1.29934e+06 ZonesAtSurface
2924.44 725.017 130.595 3 6 1 4 1.40818e+06 42.8299 135415 1.58904 3.83542e+06 1.40818e+06 ZonesAtSurface
2974.44 725.016 170.577 9 0 1 4 814099 34.8871 129289 1.03581 3.00523e+06 814099 ZonesAtSurface
3024.44 725.013 210.549 3 0 2 4 602249 41.2275 86720.1 1.02409 3.23298e+06 602249 ZonesAtSurface
3074.45 725.01 250.523 9 5 2 4 1.20319e+06 32.3164 61082.3 1.35162 3.33183e+06 1.20319e+06 ZonesAtSurface
3124.47 725.007 240.508 10 0 2 5 1.1093e+06 33.8661 127050 1.06883 3.82539e+06 1.1093e+06 ZonesAtSurface
3174.5 724.997 180.486 0 0 1 7 1.19497e+06 17.7578 130708 1.0207 5.39537e+06 1.19497e+06 ZonesAtSurface
3224.51 724.997 220.454 5 0 1 7 1.19471e+06 25.0726 110088 1.03882 6.34445e+06 1.19471e+06 ZonesAtSurface
3274.51 725.008 310.403 6 0 1 6 1.13569e+06 41.5756 107636 1.04198 5.8508e+06 1.13569e+06 ZonesAtSurface
3324.55 724.997 300.381 3 0 1 7 500873 25.5605 109932 1.02817 4.17758e+06 500873 ZonesAtSurface
3374.56 725.003 390.315 4 0 1 6 621601 42.1911 102670 1.05309 3.88616e+06 621601 ZonesAtSurface
3424.61 724.998 380.299 9 0 1 7 626846 37.9461 51816.1 1.00591 5.5098e+06 626846 ZonesAtSurface
3474.65 725.004 470.226 10 2 1 6 874466 21.1581 130916 1.17198 2.17895e+06 874466 ZonesAtSurface
3524.7 725.003 510.183 9 7 2 6 1.34013e+06 17.705 94848.8 1.35001 2.70936e+06 1.34013e+06 ZonesAtSurface
3574.77 724.997 400.234 2 0 1 9 705570 38.0839 111140 1.0257 7.35349e+06 705570 ZonesAtSurface
3624.82 725.009 540.116 7 0 1 7 521998 15.0588 60737 1.04967 2.10485e+06 521998 ZonesAtSurface
3674.91 725.003 430.197 1 0 1 10 1.49994e+06 33.3745 53630.3 1.00365 7.31442e+06 1.49994e+06 ZonesAtSurface
3724.98 725.003 470.156 1 0 1 10 958891 26.3329 52861.3 1.00509 5.16711e+06 958891 ZonesAtSurface
3775.05 725.018 619.985 1 0 2 7 775993 29.134 102083 1.01867 2.72933e+06 775993 ZonesAtSurface
3825.14 725.019 580.025 1 0 1 7 572098 39.272 94750.2 1.00837 4.01106e+06 572098 ZonesAtSurface
3875.21 725.023 590.015 2 0 1 6 977894 16.5254 148021 1.04316 2.72393e+06 977894 ZonesAtSurface
3925.27 725.024 649.975 0 8 2 4 1.13735e+06 36.9019 57432.1 1.72853 2.60614e+06 1.13735e+06 ZonesAtSurface
3975.33 725.019 610.035 9 0 2 4 605425 39.0439 51857.8 1.10911 2.51513e+06 605425 ZonesAtSurface
4025.41 725.014 520.13 7 0 1 5 1.22154e+06 32.0936 61062.9 1.04377 4.71492e+06 1.22154e+06 ZonesAtSurface
4075.44 725.011 530.163 8 4 1 4 1.12196e+06 35.752 111770 1.18718 3.52686e+06 1.12196e+06 ZonesAtSurface
4125.5 725.005 390.276 10 0 1 6 1.35619e+06 19.2607 78659.1 1.0259 4.76363e+06 1.35619e+06 ZonesAtSurface
4175.54 724.998 400.301 3 3 2 5 1.25244e+06 32.0049 70109 1.15941 3.92995e+06 1.25244e+06 ZonesAtSurface
4225.54 724.996 260.388 0 0 1 7 1.19603e+06 42.7286 143139 1.45383 6.63907e+06 1.19603e+06 ZonesAtSurface
4275.56 724.998 270.416 5 3 2 6 1.35187e+06 23.1076 70645 1.28123 3.16928e+06 1.35187e+06 ZonesAtSurface
4325.58 725 230.437 6 0 1 6 1.41114e+06 28.0971 111316 1.08119 5.43588e+06 1.41114e+06 ZonesAtSurface
4375.59 724.998 190.463 5 0 1 6 1.33948e+06 28.473 83088.8 1.16907 5.61867e+06 1.33948e+06 ZonesAtSurface
4425.62 724.996 250.474 10 5 1 4 774644 35.2939 143391 2.00775 1.42569e+06 774644 ZonesAtSurface
4475.56 724.995 60.5249 3 0 1 7 642333 28.418 53038.8 1.02661 6.18534e+06 642333 ZonesAtSurface
4525.59 724.995 70.5422 8 0 1 6 1.47714e+06 21.9669 148985 1.13303 4.38993e+06 1.47714e+06 ZonesAtSurface
4575.49 724.989 -19.4264 17 0 1 7 630005 26.193 83059.9 1.04825 8.30321e+06 630005 ZonesAtSurface
4625.47 724.991 -9.37252 25 0 1 6 828112 19.2121 70273 1.21427 3.37118e+06 828112 ZonesAtSurface
4675.41 724.986 -49.3842 12 0 1 6 757805 38.9012 81024.3 1.022 9.63491e+06 757805 ZonesAtSurface
4725.37 724.985 -39.3626 47 0 1 5 1.3021e+06 31.6521 64809.9 1.20526 7.09983e+06 1.3021e+06 ZonesAtSurface
4775.29 724.982 -29.323 70 0 1 4 916318 33.4639 96276 1.12579 4.39469e+06 916318 ZonesAtSurface
4825.21 724.984 -19.2959 51 5 1 3 1.27902e+06 41.5601 94236.1 2.59488 4.55146e+06 1.27902e+06 ZonesAtSurface
4875.15 724.981 -9.30755 66 5 1 2 1.2477e+06 35.8571 100401 3.08896 2.99611e+06 1.2477e+06 ZonesAtSurface
4925.08 724.979 0.707082 78 0 1 1 1.3792e+06 19.5236 100020 1.41693 3.36699e+06 1.3792e+06 ZonesAtSurface
74.9517 774.978 -20.7923 70 10 1 1 1.45214e+06 31.5087 62520.7 1.4076 5.10549e+06 1.45214e+06 ZonesAtSurface
124.852 774.98 -45.7924 104 0 1 2 511860 34.4979 60721.6 1.13355 6.36801e+06 511860 ZonesAtSurface
174.778 774.979 -20.7448 67 44 1 2 1.06433e+06 35.3993 79601.6 3.04462 1.92827e+06 1.06433e+06 ZonesAtSurface
224.693 774.983 -45.7916 96 0 1 3 654454 39.1697 85753 1.02519 5.58144e+06 654454 ZonesAtSurface
274.626 774.987 -20.7807 79 39 1 3 1.48697e+06 29.8006 60979.1 1.61253 3.45712e+06 1.48697e+06 ZonesAtSurface
324.571 774.99 -45.8314 69 0 1 4 1.10864e+06 42.5461 115337 1.07608 9.53911e+06 1.10864e+06 ZonesAtSurface
374.509 774.995 -20.8402 52 0 1 4 865655 32.9255 134523 1.48764 3.93457e+06 865655 ZonesAtSurface
424.487 775 -45.8895 17 0 1 5 1.45613e+06 15.7803 148282 1.03275 7.28844e+06 1.45613e+06 ZonesAtSurface
474.442 775.01 -20.9 4 0 1 5 1.14912e+06 32.1562 120066 1.33498 7.30479e+06 1.14912e+06 ZonesAtSurface
524.413 775.019 4.09222 0 0 1 5 1.26188e+06 38.2714 110433 2.1145 6.97278e+06 1.26188e+06 ZonesAtSurface
574.39 775.024 29.0786 2 0 1 5 1.16529e+06 20.7071 55445.1 1.00869 5.78281e+06 1.16529e+06 ZonesAtSurface
624.356 775.035 104.059 10 0 2 4 688970 40.6624 80242.5 1.02765 3.48649e+06 688970 ZonesAtSurface
674.363 775.03 79.0467 0 0 1 5 645538 42.4007 140941 1.29749 6.01519e+06 645538 ZonesAtSurface
724.354 775.031 104.028 1 0 1 5 685209 26.2362 75039.4 1.00521 4.44816e+06 685209 ZonesAtSurface
774.349 775.03 129.009 3 0 1 5 847653 16.4349 107013 1.00317 3.44516e+06 847653 ZonesAtSurface
824.341 775.032 203.981 9 0 1 4 577919 21.7783 70594.5 1.01585 2.47698e+06 577919 ZonesAtSurface
874.345 775.028 228.959 6 0 2 4 570475 38.3333 96296 1.00932 3.63715e+06 570475 ZonesAtSurface
924.354 775.022 303.926 0 0 2 3 755517 33.1985 114937 1.08725 3.1314e+06 755517 ZonesAtSurface
974.366 775.019 328.902 7 0 1 3 704815 19.4312 107973 1.02541 2.39183e+06 704815 ZonesAtSurface
1024.39 775.009 403.865 4 10 2 2 722716 38.4153 134945 1.19747 2.19587e+06 722716 ZonesAtSurface
1074.41 775.008 428.839 0 10 2 2 1.09934e+06 23.3363 88057 1.515 2.14759e+06 1.09934e+06 ZonesAtSurface
1124.43 775.007 453.811 0 7 2 2 1.2157e+06 33.3271 103183 1.84472 2.39906e+06 1.2157e+06 ZonesAtSurface
1174.46 775.006 478.779 6 5 2 2 541179 21.613 109166 1.1982 1.24483e+06 541179 ZonesAtSurface
1224.49 775.005 503.748 0 6 2 2 1.16183e+06 40.1029 148175 2.2022 2.1205e+06 1.16183e+06 ZonesAtSurface
1274.53 775.006 528.72 0 8 2 2 1.06177e+06 23.4744 95154.9 1.81843 1.73772e+06 1.06177e+06 ZonesAtSurface
1324.55 775.016 503.708 0 0 2 3 1.05117e+06 22.5162 127091 1.14321 3.14195e+06 1.05117e+06 ZonesAtSurface
1374.59 775.018 528.677 0 0 2 3 1.09544e+06 43.8781 121214 1.38672 3.93371e+06 1.09544e+06 ZonesAtSurface
1424.63 775.02 553.642 0 1 2 3 1.03195e+06 42.8303 127592 1.26912 3.42275e+06 1.03195e+06 ZonesAtSurface
1474.66 775.028 528.632 0 5 2 4 1.39617e+06 43.7805 71366.4 1.20124 5.3746e+06 1.39617e+06 ZonesAtSurface
1524.71 775.034 553.609 0 6 2 4 1.43219e+06 41.0881 69348.1 1.57726 3.85431e+06 1.43219e+06 ZonesAtSurface
1574.74 775.032 478.652 4 5 2 6 1.47456e+06 19.9128 51986.9 1.03922 4.00432e+06 1.47456e+06 ZonesAtSurface
1624.8 775 353.748 8 0 1 9 1.29717e+06 33.1561 86285 1.03606 6.00843e+06 1.29717e+06 ZonesAtSurface
1674.85 774.999 328.759 5 0 1 10 578095 34.6658 69139.3 1.00718 6.66021e+06 578095 ZonesAtSurface
1724.9 775.005 403.754 2 8 2 9 1.04015e+06 19.7066 109399 2.36191 1.35054e+06 1.04015e+06 ZonesAtSurface
1775 774.997 278.831 3 0 1 12 1.38703e+06 30.7953 108574 1.00381 9.37653e+06 1.38703e+06 ZonesAtSurface
1825.07 774.999 303.839 5 0 1 12 1.38038e+06 23.6538 124120 1.01169 6.5037e+06 1.38038e+06 ZonesAtSurface
1875.16 775.003 328.851 7 0 1 12 771875 21.1003 142256 1.01703 4.42829e+06 771875 ZonesAtSurface
1925.25 775.001 303.905 0 0 1 13 1.39644e+06 33.8512 111364 1.01588 9.32254e+06 1.39644e+06 ZonesAtSurface
1975.37 775.006 378.853 9 1 1 12 1.27139e+06 34.1567 78541.5 1.06207 4.42901e+06 1.27139e+06 ZonesAtSurface
2025.51 775.005 441.26 2 4 2 10 1.49331e+06 31.022 64388.7 1.18528 4.38196e+06 1.49331e+06 ZonesAtSurface
2075.52 775.001 291.471 3 0 1 11 1.06567e+06 26.7002 137388 1.02672 3.75451e+06 1.06567e+06 ZonesAtSurface
2125.4 774.995 91.5744 0 0 1 13 1.02014e+06 42.7005 55982.8 1.48687 9.54111e+06 1.02014e+06 ZonesAtSurface
2175.36 774.992 -8.41351 0 0 1 13 1.02191e+06 19.3924 112222 1.47537 6.91805e+06 1.02191e+06 ZonesAtSurface
2225.38 774.991 -8.38932 0 0 1 11 897985 29.5917 111300 1.50295 8.59621e+06 897985 ZonesAtSurface
2275.38 774.99 -8.35455 22 0 1 9 640911 29.2475 118798 1.28007 4.19078e+06 640911 ZonesAtSurface
2325.36 774.991 -8.32754 41 0 1 7 674323 33.7401 92358.3 3.09305 2.71817e+06 674323 ZonesAtSurface
2375.34 774.991 -8.31062 89 0 1 5 921094 26.7538 80937 2.09508 2.56682e+06 921094 ZonesAtSurface
2425.3 774.992 -8.2825 99 0 1 3 779498 30.5545 108069 2.2462 2.50741e+06 779498 ZonesAtSurface
2475.24 774.991 -8.22993 109 0 1 1 850260 29.5594 142897 2.2221 1.98777e+06 850260 ZonesAtSurface
2525.09 774.988 -38.2041 83 5 1 1 1.35816e+06 20.5685 74969.8 1.44366 3.22137e+06 1.35816e+06 ZonesAtSurface
2574.96 774.987 -48.2197 87 3 1 2 1.43277e+06 18.8046 68821.8 1.13549 3.9723e+06 1.43277e+06 ZonesAtSurface
2624.83 774.986 -8.18515 90 62 1 2 817402 15.596 139772 1.97869 1.05764e+06 817402 ZonesAtSurface
2674.79 774.987 -18.227 42 5 1 3 1.32314e+06 35.6412 134172 7.7995 1.25436e+06 1.32314e+06 ZonesAtSurface
2724.76 774.99 -28.2311 55 0 1 4 1.01984e+06 32.4276 79150 1.52213 4.21142e+06 1.01984e+06 ZonesAtSurface
2774.7 774.992 -38.2844 35 0 1 5 908425 19.3619 106512 1.11593 3.24167e+06 908425 ZonesAtSurface
2824.65 774.991 -48.3402 9 0 1 6 842113 42.1921 70309.3 1.19532 1.27536e+07 842113 ZonesAtSurface
2874.58 774.998 -8.34912 9 0 1 6 1.04855e+06 27.4749 116193 1.03633 7.37643e+06 1.04855e+06 ZonesAtSurface
2924.58 774.999 -18.37 2 0 1 7 1.45955e+06 25.445 136626 1.22051 9.19987e+06 1.45955e+06 ZonesAtSurface
2974.5 775.017 71.6088 1 0 1 6 578993 32.2637 139026 1.09528 6.4649e+06 578993 ZonesAtSurface
3024.48 775.018 111.576 6 0 1 6 1.05963e+06 17.526 135318 1.03359 4.73623e+06 1.05963e+06 ZonesAtSurface
3074.47 775.016 151.548 6 0 1 6 1.33551e+06 22.8202 134899 1.01795 5.40277e+06 1.33551e+06 ZonesAtSurface
3124.48 775.015 191.525 0 0 2 6 1.27575e+06 34.4037 88249.7 1.05561 5.26165e+06 1.27575e+06 ZonesAtSurface
3174.5 775.008 181.503 2 0 1 7 1.29079e+06 30.2461 94647.5 1.02964 5.95424e+06 1.29079e+06 ZonesAtSurface
3224.52 774.999 171.475 0 0 1 8 1.3935e+06 43.272 64034.6 2.57663 7.15557e+06 1.3935e+06 ZonesAtSurface
3274.54 775 211.442 1 0 1 8 579558 33.3887 86535.8 1.00896 6.66569e+06 579558 ZonesAtSurface
3324.54 775.009 301.399 8 0 1 7 1.36602e+06 43.9248 147923 1.07976 7.15817e+06 1.36602e+06 ZonesAtSurface
3374.57 775.009 341.352 2 0 1 7 505516 31.8053 87657.5 1.03085 3.87165e+06 505516 ZonesAtSurface
3424.59 775.015 431.279 5 3 2 6 1.29046e+06 33.7267 69279.8 1.16061 4.09409e+06 1.29046e+06 ZonesAtSurface
3474.65 775.006 371.292 2 0 1 8 1.45669e+06 35.7399 50986.1 1.01496 7.66218e+06 1.45669e+06 ZonesAtSurface
3524.7 775.007 411.255 6 0 1 8 1.07467e+06 22.3412 55349.9 1.01237 3.99549e+06 1.07467e+06 ZonesAtSurface
3574.75 775.014 501.174 2 2 2 7 1.03556e+06 29.9855 144293 1.51427 2.42294e+06 1.03556e+06 ZonesAtSurface
3624.83 775.013 491.174 0 5 2 8 1.42607e+06 38.2882 118593 1.26658 4.46247e+06 1.42607e+06 ZonesAtSurface
3674.91 775.001 381.236 3 0 1 11 919300 24.5093 137240 1.0088 5.42959e+06 919300 ZonesAtSurface
3724.97 775.01 521.124 10 0 1 9 832029 28.9183 101473 1.08964 3.71807e+06 832029 ZonesAtSurface
3775.05 775.026 620.996 1 1 2 7 1.08813e+06 37.716 111170 1.08533 3.89148e+06 1.08813e+06 ZonesAtSurface
3825.13 775.029 581.038 1 1 2 7 1.47672e+06 18.9982 71416.3 1.05055 3.8907e+06 1.47672e+06 ZonesAtSurface
3875.22 775.039 640.958 4 2 2 5 709798 33.115 95187.3 1.08394 2.29179e+06 709798 ZonesAtSurface
3925.3 775.03 551.071 7 0 1 6 1.10724e+06 21.7408 101570 1.00814 3.80418e+06 1.10724e+06 ZonesAtSurface
3975.33 775.035 611.043 3 8 2 4 1.48691e+06 28.415 73630.5 1.21912 4.03127e+06 1.48691e+06 ZonesAtSurface
4025.41 775.03 521.138 9 0 1 5 801429 43.9404 102482 1.0819 3.64477e+06 801429 ZonesAtSurface
4075.45 775.026 531.167 7 5 2 4 1.14814e+06 34.5017 122787 1.2015 3.4056e+06 1.14814e+06 ZonesAtSurface
4125.49 775.014 341.32 0 0 1 7 648565 35.7984 129945 1.03964 5.6533e+06 648565 ZonesAtSurface
4175.52 775.01 301.363 1 0 1 7 760922 32.7054 125276 1.07549 4.08556e+06 760922 ZonesAtSurface
4225.54 775.008 261.4 8 0 1 7 819522 38.9936 77186.7 1.02534 5.58395e+06 819522 ZonesAtSurface
4275.57 775.013 271.422 5 4 2 6 1.05572e+06 32.9917 67310.7 1.2865 3.02944e+06 1.05572e+06 ZonesAtSurface
4325.59 775.015 281.438 8 3 2 5 549191 34.3534 114315 1.02235 1.77717e+06 549191 ZonesAtSurface
4375.6 775.018 241.462 5 7 2 5 1.48391e+06 24.2106 124156 1.37324 3.29833e+06 1.48391e+06 ZonesAtSurface
4425.62 775.019 201.487 1 4 2 5 894302 19.1982 137965 1.26478 1.912e+06 894302 ZonesAtSurface
4475.63 775.015 161.514 4 3 2 5 1.10958e+06 37.8035 69446.5 1.04011 4.19652e+06 1.10958e+06 ZonesAtSurface
4525.54 774.999 21.5624 2 0 1 7 1.02846e+06 39.1283 145652 1.41617 8.94354e+06 1.02846e+06 ZonesAtSurface
4575.5 774.993 -18.4123 16 0 1 7 1.42697e+06 23.4945 131116 1.07013 8.40135e+06 1.42697e+06 ZonesAtSurface
4625.47 774.99 -8.36297 17 5 1 6 1.43209e+06 43.3245 91235.6 1.3493 5.62314e+06 1.43209e+06 ZonesAtSurface
4675.41 774.989 -48.3794 16 0 1 6 1.04915e+06 26.328 94884.8 1.02222 8.86909e+06 1.04915e+06 ZonesAtSurface
4725.37 774.989 -38.3479 64 0 1 5 535817 23.4075 143577 1.19277 3.9483e+06 535817 ZonesAtSurface
4775.29 774.988 -28.3021 72 0 1 4 813460 40.1634 86235.1 1.22183 5.84107e+06 813460 ZonesAtSurface
4825.22 774.987 -18.2942 61 0 1 3 1.16567e+06 33.4455 140406 1.98242 3.54282e+06 1.16567e+06 ZonesAtSurface
4875.15 774.987 -8.29341 70 7 1 2 1.31474e+06 23.1979 52048.5 2.43531 2.21636e+06 1.31474e+06 ZonesAtSurface
4925.07 774.983 1.72043 101 0 1 1 1.1608e+06 27.411 70749.2 1.54417 3.27675e+06 1.1608e+06 ZonesAtSurface
74.9519 824.981 -19.7787 97 0 1 1 896084 42.944 66685.2 1.33183 5.3417e+06 896084 ZonesAtSurface
124.85 824.982 -44.7808 106 0 1 2 830484 22.1429 51123.4 1.22015 4.12182e+06 830484 ZonesAtSurface
174.774 824.982 -19.7317 67 49 1 2 726296 40.5526 52577.5 3.59517 1.27367e+06 726296 ZonesAtSurface
224.694 824.987 -44.776 106 0 1 3 1.06122e+06 30.1105 72753.9 1.08043 4.93105e+06 1.06122e+06 ZonesAtSurface
274.624 824.991 -19.7655 96 14 1 3 1.05676e+06 17.1266 70549.9 1.76844 1.75385e+06 1.05676e+06 ZonesAtSurface
324.576 824.998 -44.8147 83 0 1 4 781688 26.4732 58388.4 1.1138 5.03595e+06 781688 ZonesAtSurface
374.52 825.002 -19.8194 56 0 1 4 629298 43.5304 104942 2.54766 2.20646e+06 629298 ZonesAtSurface
424.493 825.008 -44.8676 28 0 1 5 681830 30.836 63423.4 1.03349 8.51097e+06 681830 ZonesAtSurface
474.451 825.019 -19.8788 4 0 1 5 501304 24.1843 64352 1.05274 4.56851e+06 501304 ZonesAtSurface
524.452 825.018 -44.8955 0 0 1 6 1.43384e+06 42.3353 78684.8 3.17479 7.4962e+06 1.43384e+06 ZonesAtSurface
574.424 825.027 -19.9045 4 0 1 6 1.41642e+06 16.7658 139507 1.07003 6.46109e+06 1.41642e+06 ZonesAtSurface
624.376 825.055 55.0735 7 0 2 5 1.4993e+06 22.7514 105604 1.07968 4.80421e+06 1.4993e+06 ZonesAtSurface
674.364 825.057 80.0581 9 3 1 5 1.40704e+06 42.3954 108118 1.13871 5.397e+06 1.40704e+06 ZonesAtSurface
724.37 825.047 55.0448 1 0 1 6 946404 24.6949 133498 1.0133 6.03464e+06 946404 ZonesAtSurface
774.347 825.057 130.017 8 0 2 5 1.12316e+06 40.8457 149569 1.08927 4.82599e+06 1.12316e+06 ZonesAtSurface
824.357 825.044 105.006 0 0 1 6 1.43233e+06 23.588 125779 1.00336 5.45582e+06 1.43233e+06 ZonesAtSurface
874.348 825.05 179.976 3 0 1 5 1.01158e+06 35.0457 80196.7 1.04357 3.98655e+06 1.01158e+06 ZonesAtSurface
924.35 825.047 254.945 8 1 2 4 748660 17.7288 127647 1.05132 1.96854e+06 748660 ZonesAtSurface
974.362 825.043 279.923 5 9 2 4 1.39613e+06 21.1584 117840 1.30105 3.14458e+06 1.39613e+06 ZonesAtSurface
1024.38 825.038 304.902 0 9 1 4 1.18234e+06 38.7712 114968 1.98026 2.952e+06 1.18234e+06 ZonesAtSurface
1074.39 825.035 279.889 2 0 1 5 667423 18.6137 52193.2 1.01914 2.41414e+06 667423 ZonesAtSurface
1124.41 825.031 304.865 0 0 1 5 992114 42.9039 111957 1.07726 5.09644e+06 992114 ZonesAtSurface
1174.44 825.031 379.827 2 8 2 4 1.47421e+06 17.5489 109750 1.25882 3.26365e+06 1.47421e+06 ZonesAtSurface
1224.46 825.031 404.801 4 8 2 4 1.46779e+06 30.3055 145782 1.23681 4.06574e+06 1.46779e+06 ZonesAtSurface
1274.5 825.033 429.77 2 7 2 4 554282 43.0717 104007 1.51431 1.62689e+06 554282 ZonesAtSurface
1324.53 825.035 454.741 9 2 2 4 719853 40.8552 146135 1.47359 2.39796e+06 719853 ZonesAtSurface
1374.56 825.037 479.711 9 5 2 4 975018 28.141 94709.6 1.39036 2.46773e+06 975018 ZonesAtSurface
1424.59 825.038 454.705 2 0 2 5 880442 22.6157 105273 1.03658 2.68819e+06 880442 ZonesAtSurface
1474.64 825.044 479.675 1 0 2 5 1.00049e+06 40.4135 91514.5 0 4.01693e+06 1.00049e+06 ZonesAtSurface
1524.68 825.025 404.72 7 0 1 7 807346 33.3112 71945.6 1.04827 5.15964e+06 807346 ZonesAtSurface
1574.74 825.004 329.763 7 0 1 9 882680 29.7669 111652 1.00609 5.46861e+06 882680 ZonesAtSurface
1624.79 825.006 354.761 3 2 1 9 1.42279e+06 42.4251 84104.5 1.118 5.5608e+06 1.42279e+06 ZonesAtSurface
1674.84 825.008 379.765 0 1 2 9 1.17961e+06 38.3228 126168 1.08649 4.1695e+06 1.17961e+06 ZonesAtSurface
1724.92 824.999 304.806 2 0 1 11 1.11778e+06 27.6808 88113.7 1.02505 6.2073e+06 1.11778e+06 ZonesAtSurface
1775 824.997 279.844 4 0 1 12 525028 39.7426 124083 1.01132 8.26197e+06 525028 ZonesAtSurface
1825.07 824.997 304.848 10 0 1 12 1.0358e+06 36.2346 84019.4 1.00738 7.52228e+06 1.0358e+06 ZonesAtSurface
1875.15 824.999 379.818 6 0 2 11 1.28735e+06 22.2495 89971.2 1.08362 3.63134e+06 1.28735e+06 ZonesAtSurface
1925.26 825.004 404.813 6 7 2 11 912262 20.6126 53872.5 1.13215 2.36715e+06 912262 ZonesAtSurface
1975.35 825.007 329.907 1 0 1 13 717290 15.8408 109951 1.06193 2.98823e+06 717290 ZonesAtSurface
2025.53 825.013 442.254 1 9 2 10 1.46296e+06 23.5929 127019 1.29949 3.32456e+06 1.46296e+06 ZonesAtSurface
2075.58 825.006 342.415 7 7 2 10 742893 28.5357 116560 1.25201 1.99155e+06 742893 ZonesAtSurface
2125.4 824.995 92.5807 1 0 1 13 747386 29.1645 62011.1 1.01162 8.11089e+06 747386 ZonesAtSurface
2175.36 824.992 -7.40761 0 0 1 13 1.31361e+06 36.7093 50540.7 3.64425 7.11532e+06 1.31361e+06 ZonesAtSurface
2225.38 824.993 -7.3847 6 0 1 11 1.29343e+06 15.6346 84731.5 1.02134 6.75512e+06 1.29343e+06 ZonesAtSurface
2275.39 824.993 -7.35269 18 0 1 9 798161 35.1505 50456.5 1.30436 4.76917e+06 798161 ZonesAtSurface
2325.37 824.995 -7.32783 34 0 1 7 1.21328e+06 40.3776 147490 3.53444 3.40536e+06 1.21328e+06 ZonesAtSurface
2375.35 824.995 -7.30443 84 6 1 5 1.47285e+06 19.6629 134064 2.07536 2.66778e+06 1.47285e+06 ZonesAtSurface
2425.31 824.994 -7.27931 92 6 1 3 897116 31.9472 102410 2.16008 2.36045e+06 897116 ZonesAtSurface
2475.24 824.994 -7.21148 107 0 1 1 698153 38.478 60039.5 2.09373 2.58034e+06 698153 ZonesAtSurface
2525.09 824.989 -37.1955 85 0 1 1 841292 42.4961 118550 1.58283 4.91937e+06 841292 ZonesAtSurface
2574.96 824.989 -47.2062 88 0 1 2 848546 26.0981 136463 1.12597 3.93629e+06 848546 ZonesAtSurface
2624.83 824.989 -7.16814 72 66 1 2 955898 15.0616 149639 2.21223 1.09484e+06 955898 ZonesAtSurface
2674.79 824.993 -17.2131 59 0 1 3 996560 42.9649 110501 8.53763 1.46535e+06 996560 ZonesAtSurface
2724.77 824.997 -27.2132 50 0 1 4 569775 36.8685 59871.1 2.48864 2.49925e+06 569775 ZonesAtSurface
2774.71 824.998 -37.2592 49 0 1 5 699666 18.2399 85111 1.04824 2.51123e+06 699666 ZonesAtSurface
2824.65 824.998 -47.3226 21 0 1 6 1.14867e+06 32.8097 67375.1 1.04138 1.02339e+07 1.14867e+06 ZonesAtSurface
2874.58 825.007 -7.33273 2 0 1 6 1.09603e+06 41.0047 97830 1.26539 8.98004e+06 1.09603e+06 ZonesAtSurface
2924.54 825.023 32.6546 8 0 2 6 1.49551e+06 39.7594 111431 1.81756 6.57182e+06 1.49551e+06 ZonesAtSurface
2974.54 825.017 22.6317 4 0 1 7 1.22795e+06 42.4614 141072 1.22635 1.00998e+07 1.22795e+06 ZonesAtSurface
3024.54 825.005 12.5995 4 0 1 8 1.03334e+06 15.5901 104390 1.00627 6.33827e+06 1.03334e+06 ZonesAtSurface
3074.49 825.023 102.568 3 0 1 7 1.17551e+06 40.0866 96631.7 1.17584 7.13124e+06 1.17551e+06 ZonesAtSurface
3124.48 825.036 192.538 7 2 1 6 1.36003e+06 36.5176 72639.4 1.18404 4.75046e+06 1.36003e+06 ZonesAtSurface
3174.51 825.012 132.523 0 0 1 8 825736 20.6114 137892 1.00862 5.05799e+06 825736 ZonesAtSurface
3224.52 825.013 172.491 5 0 1 8 919565 40.7435 108825 1.21366 7.26025e+06 919565 ZonesAtSurface
3274.51 825.029 312.432 9 5 2 6 513370 44.174 107819 0 1.93658e+06 513370 ZonesAtSurface
3324.57 825.004 202.436 4 0 1 9 684902 27.2021 97513.6 1.00854 6.08997e+06 684902 ZonesAtSurface
3374.57 825.017 292.388 4 0 1 8 1.2847e+06 21.3424 79150.9 1.07113 5.1789e+06 1.2847e+06 ZonesAtSurface
3424.59 825.032 382.305 1 0 2 7 1.00418e+06 39.5367 129045 1.03366 4.66466e+06 1.00418e+06 ZonesAtSurface
3474.63 825.035 472.237 0 10 2 6 1.29946e+06 28.4647 94384.4 2.02345 2.08303e+06 1.29946e+06 ZonesAtSurface
3524.68 825.03 462.223 9 8 2 7 901839 40.8311 77373.5 1.5107 2.5819e+06 901839 ZonesAtSurface
3574.76 825.024 452.229 0 0 2 8 1.14035e+06 41.9239 59892 1.09544 4.61805e+06 1.14035e+06 ZonesAtSurface
3624.82 825.026 492.186 1 1 2 8 1.05321e+06 35.0153 94152 1.13998 3.46026e+06 1.05321e+06 ZonesAtSurface
3674.91 825.002 382.247 5 0 1 11 618164 25.7218 68666.4 1.01424 4.03771e+06 618164 ZonesAtSurface
3724.96 825.021 572.08 5 8 1 8 872275 34.1045 91597.9 1.18258 2.64222e+06 872275 ZonesAtSurface
3775.05 825.022 522.13 5 0 1 9 1.10949e+06 27.3014 101633 1.00956 3.80281e+06 1.10949e+06 ZonesAtSurface
3825.13 825.043 582.042 1 0 2 7 503518 21.0742 121984 0.963197 1.70932e+06 503518 ZonesAtSurface
3875.23 825.039 542.083 9 3 1 7 741652 20.0096 85236.9 1.06527 1.92214e+06 741652 ZonesAtSurface
3925.3 825.038 502.132 1 0 2 7 918541 29.4958 112023 1.01559 3.97782e+06 918541 ZonesAtSurface
3975.37 825.047 512.133 10 7 1 6 1.39273e+06 31.1609 81864.3 1.18924 4.09981e+06 1.39273e+06 ZonesAtSurface
4025.42 825.046 472.185 6 0 2 6 872255 35.1391 118328 1.07804 3.5081e+06 872255 ZonesAtSurface
4075.47 825.046 432.239 2 0 2 6 658874 26.4717 79543.9 1.0052 2.52385e+06 658874 ZonesAtSurface
4125.47 825.009 242.377 1 0 1 9 1.37238e+06 28.1151 147972 1.01203 7.87472e+06 1.37238e+06 ZonesAtSurface
4175.51 825.017 252.396 7 0 1 8 1.49809e+06 15.4488 138581 1.01022 4.61395e+06 1.49809e+06 ZonesAtSurface
4225.53 825.017 212.423 0 0 1 8 664611 39.3992 59379.7 1.21843 6.50878e+06 664611 ZonesAtSurface
4275.57 825.037 272.422 0 7 2 6 1.33491e+06 27.3821 134271 1.26015 3.4078e+06 1.33491e+06 ZonesAtSurface
4325.57 825.032 182.467 9 0 1 7 614587 18.1189 97056.5 1.03762 2.83363e+06 614587 ZonesAtSurface
4375.59 825.041 192.482 6 4 1 6 1.40962e+06 26.7819 102391 1.13076 4.08772e+06 1.40962e+06 ZonesAtSurface
4425.6 825.042 152.507 8 4 2 6 625412 15.3105 116549 1.02327 1.53493e+06 625412 ZonesAtSurface
4475.56 825.025 62.5514 6 0 1 7 1.12306e+06 19.9998 97592.2 1.05907 5.345e+06 1.12306e+06 ZonesAtSurface
4525.53 825.016 22.5789 0 0 1 7 1.3294e+06 35.7662 54572.4 1.68378 8.72609e+06 1.3294e+06 ZonesAtSurface
4575.49 825.004 -17.3989 5 0 1 7 695455 43.5709 72863.7 1.39252 9.02238e+06 695455 ZonesAtSurface
4625.48 824.999 -7.36034 23 0 1 6 1.07655e+06 23.2323 103833 1.06155 4.48717e+06 1.07655e+06 ZonesAtSurface
4675.42 824.995 -47.3646 23 0 1 6 997939 23.901 92849.4 1.01657 6.97472e+06 997939 ZonesAtSurface
4725.37 824.995 -37.3287 56 0 1 5 1.05821e+06 26.343 128523 1.09445 4.70989e+06 1.05821e+06 ZonesAtSurface
4775.3 824.995 -27.2871 80 0 1 4 1.40204e+06 28.4277 104286 1.69673 3.99183e+06 1.40204e+06 ZonesAtSurface
4825.24 824.991 -17.2779 75 0 1 3 849505 36.5165 146436 1.5562 2.83723e+06 849505 ZonesAtSurface
4875.15 824.989 -7.26513 105 4 1 2 801605 17.1575 63309.1 1.29761 1.83375e+06 801605 ZonesAtSurface
4925.06 824.986 2.73863 111 8 1 1 1.34364e+06 18.1359 102622 1.43743 2.92994e+06 1.34364e+06 ZonesAtSurface
74.95 874.984 -18.7561 122 0 1 1 653496 18.4423 125938 1.2287 2.15524e+06 653496 ZonesAtSurface
124.847 874.985 -43.7606 104 0 1 2 900941 31.9335 84892.9 1.27187 5.09083e+06 900941 ZonesAtSurface
174.768 874.984 -18.711 73 50 1 2 690278 40.9588 65397.6 3.27524 1.2311e+06 690278 ZonesAtSurface
224.691 874.991 -43.757 99 0 1 3 624097 24.6791 85524 1.08784 3.51317e+06 624097 ZonesAtSurface
274.621 874.993 -18.7443 90 15 1 3 667665 42.7259 134380 2.59497 1.55895e+06 667665 ZonesAtSurface
324.577 875.003 -43.794 88 0 1 4 1.46863e+06 21.5236 138662 1.24222 4.48922e+06 1.46863e+06 ZonesAtSurface
374.525 875.008 -18.8006 68 0 1 4 701976 23.1544 143477 2.99716 1.11004e+06 701976 ZonesAtSurface
424.502 875.016 -43.8402 44 0 1 5 1.22421e+06 18.9849 71214.6 1.11426 5.31903e+06 1.22421e+06 ZonesAtSurface
474.465 875.026 -18.848 28 0 1 5 972303 26.9169 94943.8 1.08629 3.82593e+06 972303 ZonesAtSurface
524.458 875.025 -43.8723 4 0 1 6 560554 43.1234 141367 1.40604 7.89746e+06 560554 ZonesAtSurface
574.435 875.035 -18.8727 10 0 1 6 788499 40.0692 70420.6 1.17818 6.83711e+06 788499 ZonesAtSurface
624.428 875.025 -43.9023 14 0 1 7 1.21432e+06 19.425 109180 1.04373 7.5029e+06 1.21432e+06 ZonesAtSurface
674.407 875.036 -18.9185 4 0 1 7 1.06294e+06 32.2054 56264.4 1.41768 7.72171e+06 1.06294e+06 ZonesAtSurface
724.391 875.05 6.06305 4 0 1 7 746890 43.2141 91109.9 1.91764 8.44592e+06 746890 ZonesAtSurface
774.378 875.058 31.0427 5 0 1 7 1.07848e+06 23.1075 109955 1.04719 5.08606e+06 1.07848e+06 ZonesAtSurface
824.356 875.079 106.015 10 9 1 6 1.30075e+06 32.9343 52985.1 1.38766 3.94099e+06 1.30075e+06 ZonesAtSurface
874.356 875.075 130.994 9 0 2 6 601622 19.0538 101094 1.27579 1.41826e+06 601622 ZonesAtSurface
924.36 875.069 155.974 6 3 2 6 805781 44.4201 106388 1.36136 2.8829e+06 805781 ZonesAtSurface
974.376 875.049 130.966 3 0 1 7 1.29602e+06 19.8405 142598 1.00371 4.49549e+06 1.29602e+06 ZonesAtSurface
1024.37 875.066 255.922 0 5 2 5 1.46221e+06 42.3402 54364.8 2.18038 3.49628e+06 1.46221e+06 ZonesAtSurface
1074.39 875.058 230.912 10 0 1 6 706441 37.5498 128862 1.18535 2.42847e+06 706441 ZonesAtSurface
1124.41 875.054 305.877 5 0 1 5 616952 38.533 64747.3 1.6193 2.34014e+06 616952 ZonesAtSurface
1174.43 875.047 280.867 8 5 1 6 1.1365e+06 37.8676 97315.4 1.36514 3.83576e+06 1.1365e+06 ZonesAtSurface
1224.45 875.043 305.846 8 5 2 6 1.03975e+06 32.1826 144694 1.27169 3.07456e+06 1.03975e+06 ZonesAtSurface
1274.48 875.023 280.845 6 0 1 7 1.27099e+06 30.599 124519 1.0345 5.17767e+06 1.27099e+06 ZonesAtSurface
1324.52 875.021 305.827 13 0 1 7 1.04641e+06 35.0226 114117 1.00877 5.11116e+06 1.04641e+06 ZonesAtSurface
1374.55 875.024 330.805 6 0 1 7 721125 43.9324 75974.4 1.02974 6.39776e+06 721125 ZonesAtSurface
1424.58 875.028 355.786 9 0 1 7 603927 29.8449 92025.7 1.01501 5.2914e+06 603927 ZonesAtSurface
1474.63 875.017 330.783 5 0 1 8 1.10682e+06 24.5267 134933 1.03793 5.3914e+06 1.10682e+06 ZonesAtSurface
1524.67 875.021 355.768 4 0 1 8 1.39307e+06 18.96 139604 1.0158 5.24167e+06 1.39307e+06 ZonesAtSurface
1574.73 875.023 380.762 7 0 1 8 814746 33.4766 149982 1.08731 3.12184e+06 814746 ZonesAtSurface
1624.78 875.018 355.769 2 0 2 9 555420 24.9527 123669 1.18876 1.58956e+06 555420 ZonesAtSurface
1674.84 875.026 380.767 2 1 2 9 1.44134e+06 34.351 110862 1.12569 4.8311e+06 1.44134e+06 ZonesAtSurface
1724.93 874.995 255.839 0 0 1 12 1.17925e+06 17.0571 61161 1.05286 6.19688e+06 1.17925e+06 ZonesAtSurface
1774.99 874.999 330.823 0 0 2 11 798363 29.5053 140737 1.09093 2.68301e+06 798363 ZonesAtSurface
1825.07 875.001 355.835 2 2 2 11 782333 39.4022 60207.6 1.19038 2.67797e+06 782333 ZonesAtSurface
1875.16 875.004 380.831 3 7 2 11 1.43026e+06 39.8304 120088 1.26271 4.64979e+06 1.43026e+06 ZonesAtSurface
1925.27 875.009 405.818 3 6 2 11 618589 39.29 64850.8 1.20935 2.10592e+06 618589 ZonesAtSurface
1975.36 875.008 330.909 0 1 1 13 1.45239e+06 40.283 115212 1.06621 5.64328e+06 1.45239e+06 ZonesAtSurface
2025.55 875.018 443.249 6 8 2 10 704450 25.7824 103352 1.35806 1.56982e+06 704450 ZonesAtSurface
2075.49 875.005 243.525 0 0 1 12 1.12738e+06 39.7632 87334.1 1.12651 6.14625e+06 1.12738e+06 ZonesAtSurface
2125.41 874.995 93.5857 0 0 1 13 912908 42.8136 57665.6 1.33527 9.79564e+06 912908 ZonesAtSurface
2175.36 874.991 -6.40274 0 0 1 13 945322 18.4619 106187 1.18976 7.34013e+06 945322 ZonesAtSurface
2225.39 874.995 -6.3785 14 0 1 11 638308 23.4618 81304.7 1.06863 7.58067e+06 638308 ZonesAtSurface
2275.39 874.998 -6.34646 29 0 1 9 940458 22.1874 52776.9 1.32002 3.91266e+06 940458 ZonesAtSurface
2325.38 875.001 -6.31951 42 0 1 7 773460 36.9683 59086.2 3.73967 2.40908e+06 773460 ZonesAtSurface
2375.36 875.001 -6.29899 89 0 1 5 1.07139e+06 26.988 111350 1.8955 2.73859e+06 1.07139e+06 ZonesAtSurface
2425.32 874.999 -6.26371 108 22 1 3 1.15067e+06 27.2764 82410.6 1.78822 2.71474e+06 1.15067e+06 ZonesAtSurface
2475.25 875.001 -6.201 110 66 1 1 979375 33.3524 130450 2.27573 1.95582e+06 979375 ZonesAtSurface
2525.09 874.994 -36.1776 91 0 1 1 930307 22.4865 134063 1.28645 3.20201e+06 930307 ZonesAtSurface
2574.96 874.993 -46.1942 90 0 1 2 1.16711e+06 17.6945 123176 1.10632 4.21285e+06 1.16711e+06 ZonesAtSurface
2624.83 874.992 -6.14776 39 78 1 2 1.15168e+06 43.8913 72427.6 8.4161 892551 1.15168e+06 ZonesAtSurface
2674.79 874.998 -16.1947 76 2 1 3 680442 23.0954 66327.8 2.26144 1.1744e+06 680442 ZonesAtSurface
2724.77 875.004 -26.1978 69 0 1 4 769647 28.4304 95149.5 4.39732 1.1755e+06 769647 ZonesAtSurface
2774.72 875.003 -36.2372 51 0 1 5 688459 19.8566 86987.1 1.03597 2.31907e+06 688459 ZonesAtSurface
2824.65 875.005 -46.2968 30 0 1 6 736105 41.6637 79542.8 1.43042 8.96331e+06 736105 ZonesAtSurface
2874.59 875.018 -6.29545 38 0 1 6 1.39678e+06 16.5119 115861 1.20532 3.95766e+06 1.39678e+06 ZonesAtSurface
2924.59 875.017 -16.3288 18 0 1 7 1.33533e+06 31.3079 84009.9 1.03998 7.20289e+06 1.33533e+06 ZonesAtSurface
2974.58 875.011 -26.3622 6 0 1 8 1.02561e+06 32.6101 75463.3 1.15442 9.87814e+06 1.02561e+06 ZonesAtSurface
3024.55 875.021 13.6172 5 0 1 8 1.2104e+06 34.7615 65918 1.06266 8.59649e+06 1.2104e+06 ZonesAtSurface
3074.5 875.051 103.579 3 0 2 7 903331 18.637 73679.2 1.046 2.59048e+06 903331 ZonesAtSurface
3124.5 875.054 143.553 10 7 1 7 1.49335e+06 35.6227 130555 1.22165 4.5993e+06 1.49335e+06 ZonesAtSurface
3174.54 875.017 83.542 0 0 1 9 1.42804e+06 31.2478 130592 1.37411 7.6332e+06 1.42804e+06 ZonesAtSurface
3224.5 875.056 223.488 9 8 1 7 928070 22.4884 74143.5 1.09077 2.58163e+06 928070 ZonesAtSurface
3274.53 875.041 213.467 3 2 2 8 1.14109e+06 29.4001 79356.3 1.10305 3.49217e+06 1.14109e+06 ZonesAtSurface
3324.55 875.04 253.44 5 6 1 8 1.26593e+06 25.3465 82051.1 1.33677 2.99332e+06 1.26593e+06 ZonesAtSurface
3374.59 875.023 243.422 10 0 1 9 1.40566e+06 34.9945 77071.4 1.02451 5.99239e+06 1.40566e+06 ZonesAtSurface
3424.58 875.061 383.309 5 2 2 7 735686 19.6917 91251.3 1.08099 1.87246e+06 735686 ZonesAtSurface
3474.63 875.057 423.264 4 8 2 7 1.29313e+06 22.3384 55891.8 1.23965 3.20023e+06 1.29313e+06 ZonesAtSurface
3524.7 875.043 413.277 7 8 1 8 1.25982e+06 21.946 52140.4 1.2304 3.08538e+06 1.25982e+06 ZonesAtSurface
3574.76 875.046 453.238 3 3 2 8 781353 36.8476 91484.6 1.1817 2.66e+06 781353 ZonesAtSurface
3624.84 875.003 343.296 0 0 1 11 1.40037e+06 34.8222 105942 1.0164 8.58021e+06 1.40037e+06 ZonesAtSurface
3674.89 875.023 483.191 9 0 2 9 1.01988e+06 27.9274 54390.1 1.06277 3.56675e+06 1.01988e+06 ZonesAtSurface
3724.96 875.041 573.091 1 8 2 8 1.16704e+06 40.2284 134329 1.28633 3.69444e+06 1.16704e+06 ZonesAtSurface
3775.05 875.034 523.143 6 7 1 9 1.24222e+06 15.8899 82083.2 1.14881 2.82611e+06 1.24222e+06 ZonesAtSurface
3825.13 875.029 483.183 8 0 1 9 1.27725e+06 16.8736 93621.9 1.0257 3.41204e+06 1.27725e+06 ZonesAtSurface
3875.2 875.013 393.263 2 0 1 10 840970 26.7952 129393 1.02827 4.94262e+06 840970 ZonesAtSurface
3925.3 875.062 503.141 5 1 2 7 1.01674e+06 17.539 55804.3 1.17167 2.40977e+06 1.01674e+06 ZonesAtSurface
3975.36 875.063 463.19 0 3 2 7 1.28952e+06 16.9317 67204.1 1.21372 2.92999e+06 1.28952e+06 ZonesAtSurface
4025.41 875.061 423.238 8 3 1 7 1.20955e+06 25.9961 83318.3 1.23463 3.42137e+06 1.20955e+06 ZonesAtSurface
4075.45 875.045 333.332 3 0 1 8 544454 21.2473 65202.1 1.07079 1.52952e+06 544454 ZonesAtSurface
4125.49 875.044 293.376 7 2 1 8 1.19368e+06 39.0751 88725.6 1.07817 4.54845e+06 1.19368e+06 ZonesAtSurface
4175.5 875.028 203.419 6 0 1 9 1.17875e+06 22.0501 94267 1.02294 5.17002e+06 1.17875e+06 ZonesAtSurface
4225.54 875.055 263.417 7 0 2 7 1.30905e+06 31.5494 86865.3 1.34521 4.03839e+06 1.30905e+06 ZonesAtSurface
4275.53 875.027 123.47 0 0 1 9 1.48145e+06 40.5694 51585.5 1.76664 7.94029e+06 1.48145e+06 ZonesAtSurface
4325.53 875.025 83.497 0 0 1 9 1.30713e+06 38.2472 149306 1.93098 7.55663e+06 1.30713e+06 ZonesAtSurface
4375.57 875.065 143.501 8 0 2 7 869021 25.9623 57620 1.01116 2.79979e+06 869021 ZonesAtSurface
4425.57 875.061 103.526 2 0 2 7 918132 36.6348 84252.5 1.02561 4.12301e+06 918132 ZonesAtSurface
4475.52 875.028 13.5699 10 0 1 8 590346 43.1695 63312.4 1.5054 9.00441e+06 590346 ZonesAtSurface
4525.49 875.014 -26.4082 0 0 1 8 897634 41.4973 118050 1.70561 9.63867e+06 897634 ZonesAtSurface
4575.48 875.015 -16.3738 32 0 1 7 960907 31.0782 91374.9 1.13675 6.95886e+06 960907 ZonesAtSurface
4625.47 875.012 -6.33675 42 0 1 6 1.41286e+06 20.4243 127196 1.24117 3.83384e+06 1.41286e+06 ZonesAtSurface
4675.42 875.003 -46.342 23 0 1 6 705157 44.7076 133916 1.06851 8.30401e+06 705157 ZonesAtSurface
4725.36 875.003 -36.3089 57 0 1 5 682269 32.8375 84436.2 1.17569 4.19737e+06 682269 ZonesAtSurface
4775.3 875 -26.2677 69 0 1 4 1.39246e+06 23.8808 114998 2.05943 2.65589e+06 1.39246e+06 ZonesAtSurface
4825.24 874.995 -16.2596 82 10 1 3 1.13271e+06 38.6659 51330.6 1.32421 3.9151e+06 1.13271e+06 ZonesAtSurface
4875.15 874.991 -6.24339 121 3 1 2 825870 16.2327 108479 1.26131 2.02093e+06 825870 ZonesAtSurface
4925.05 874.989 3.75299 111 7 1 1 1.23549e+06 31.6472 104271 1.45216 3.67846e+06 1.23549e+06 ZonesAtSurface
74.9531 924.987 -17.7292 133 11 1 1 839603 21.2826 104378 1.10582 2.56915e+06 839603 ZonesAtSurface
124.848 924.989 -42.7268 121 0 1 2 1.49903e+06 18.0462 142803 1.14866 4.11232e+06 1.49903e+06 ZonesAtSurface
174.76 924.99 -17.6761 89 79 1 2 875742 39.3694 95123.9 2.8709 1.6152e+06 875742 ZonesAtSurface
224.683 924.994 -42.731 93 22 1 3 1.28921e+06 29.1164 134290 1.10875 4.00885e+06 1.28921e+06 ZonesAtSurface
274.614 924.997 -17.7174 88 66 1 3 1.04412e+06 27.5856 129149 2.419 1.65396e+06 1.04412e+06 ZonesAtSurface
324.573 925.008 -42.7705 86 0 1 4 570816 41.8474 108943 1.16909 4.30202e+06 570816 ZonesAtSurface
374.524 925.016 -17.7796 42 32 1 4 1.44077e+06 27.0156 119531 2.32168 2.24311e+06 1.44077e+06 ZonesAtSurface
424.506 925.024 -42.8128 35 0 1 5 955266 43.2589 139669 1.05359 6.04181e+06 955266 ZonesAtSurface
474.477 925.036 -17.8158 44 14 1 5 1.11948e+06 27.3742 139491 2.03564 1.97381e+06 1.11948e+06 ZonesAtSurface
524.463 925.032 -42.8484 40 0 1 6 1.17745e+06 25.0481 80925.2 1.04332 4.74749e+06 1.17745e+06 ZonesAtSurface
574.446 925.046 -17.8463 31 10 1 6 1.18372e+06 20.0992 87494.1 2.60785 1.38642e+06 1.18372e+06 ZonesAtSurface
624.432 925.033 -42.8785 30 0 1 7 1.27152e+06 16.3129 124124 1.04815 4.49737e+06 1.27152e+06 ZonesAtSurface
674.412 925.051 -17.8923 28 0 1 7 678773 20.1356 67270 1.08408 2.79825e+06 678773 ZonesAtSurface
724.415 925.023 -42.9185 19 0 1 8 728826 18.2731 138982 1.02369 5.92269e+06 728826 ZonesAtSurface
774.401 925.037 -17.9306 19 0 1 8 565090 18.173 118273 1.08966 4.711e+06 565090 ZonesAtSurface
824.406 925.007 -42.958 8 0 1 9 556410 18.444 85063.7 1.03498 6.413e+06 556410 ZonesAtSurface
874.399 925.016 -17.9741 1 0 1 9 1.04472e+06 23.3574 124347 1.14756 7.21671e+06 1.04472e+06 ZonesAtSurface
924.396 925.024 7.0077 0 0 1 9 599339 21.3568 103509 1.10472 6.0355e+06 599339 ZonesAtSurface
974.398 925.026 31.9899 0 0 1 9 1.16255e+06 19.3208 96818.9 1.10132 5.94059e+06 1.16255e+06 ZonesAtSurface
1024.4 925.058 106.966 3 7 1 8 1.15019e+06 44.0089 50561.2 1.51321 4.27161e+06 1.15019e+06 ZonesAtSurface
1074.42 925.028 81.9563 2 0 1 9 880082 30.5175 64392.6 1.11476 6.17676e+06 880082 ZonesAtSurface
1124.43 925.027 106.938 3 0 1 9 1.05884e+06 19.1412 100818 1.07288 4.61602e+06 1.05884e+06 ZonesAtSurface
1174.45 925.021 131.92 3 0 1 9 1.22689e+06 40.7463 105661 1.35709 6.82527e+06 1.22689e+06 ZonesAtSurface
1224.47 925.014 156.901 4 0 1 9 518225 36.5529 66498 1.23938 6.92958e+06 518225 ZonesAtSurface
1274.48 925.047 281.855 10 10 2 7 1.01226e+06 22.5626 139528 1.73165 1.95573e+06 1.01226e+06 ZonesAtSurface
1324.51 925.043 306.838 1 10 2 7 1.35547e+06 31.9006 99832.4 1.8061 2.78181e+06 1.35547e+06 ZonesAtSurface
1374.55 925.026 281.829 0 0 2 8 1.34089e+06 33.5337 103953 1.03297 5.32653e+06 1.34089e+06 ZonesAtSurface
1424.58 925.03 306.813 4 0 2 8 860910 32.9745 148031 1.01758 3.86697e+06 860910 ZonesAtSurface
1474.63 925.01 281.818 6 0 1 9 876296 40.1378 79062 1.1178 7.31713e+06 876296 ZonesAtSurface
1524.66 925.059 406.745 3 7 2 7 1.22874e+06 40.1004 140185 1.40027 3.73238e+06 1.22874e+06 ZonesAtSurface
1574.72 925.026 331.793 0 0 2 9 1.31887e+06 25.9022 121465 1.08136 5.74186e+06 1.31887e+06 ZonesAtSurface
1624.78 925.035 356.773 2 0 2 9 523824 33.7737 87828.8 1.07045 3.11694e+06 523824 ZonesAtSurface
1674.85 925.001 281.82 2 0 1 11 666427 42.4294 113279 1.09044 7.9258e+06 666427 ZonesAtSurface
1724.91 925.002 306.818 1 0 2 11 1.27446e+06 28.2801 80469.7 1.05346 5.08126e+06 1.27446e+06 ZonesAtSurface
1774.97 925.017 381.796 4 7 2 10 762646 35.6053 106728 1.8466 1.71757e+06 762646 ZonesAtSurface
1825.08 924.999 306.875 1 0 1 12 1.3914e+06 25.3971 149355 1.00662 5.82563e+06 1.3914e+06 ZonesAtSurface
1875.17 925.015 381.843 3 7 2 11 1.24054e+06 32.517 97260.8 1.2023 3.66875e+06 1.24054e+06 ZonesAtSurface
1925.27 925.01 356.874 4 1 2 12 1.17806e+06 28.4168 83878.5 1.04238 3.69734e+06 1.17806e+06 ZonesAtSurface
1975.4 925.012 381.851 7 0 2 12 708736 40.0487 69656 1.12114 2.7096e+06 708736 ZonesAtSurface
2025.49 925.009 344.41 10 0 1 12 674270 25.0004 135829 1.05273 2.02267e+06 674270 ZonesAtSurface
2075.5 925.004 244.529 9 0 1 12 821160 37.6936 123657 1.10481 3.95284e+06 821160 ZonesAtSurface
2125.47 924.998 144.584 8 0 1 12 1.36703e+06 42.459 74781.1 1.02602 5.84198e+06 1.36703e+06 ZonesAtSurface
2175.36 924.99 -5.39879 0 0 1 13 1.08948e+06 36.8992 120455 2.99658 7.57573e+06 1.08948e+06 ZonesAtSurface
2225.4 924.993 -5.37177 17 0 1 11 673426 29.5613 87237.7 1.16727 6.5974e+06 673426 ZonesAtSurface
2275.4 925.002 -5.33722 43 0 1 9 1.20132e+06 23.533 84653.4 1.61352 3.13421e+06 1.20132e+06 ZonesAtSurface
2325.39 925.008 -5.30824 54 0 1 7 564378 36.5866 145698 2.92632 1.41234e+06 564378 ZonesAtSurface
2375.38 925.008 -5.29227 89 0 1 5 621058 26.0752 105625 2.48701 1.21054e+06 621058 ZonesAtSurface
2425.33 925.009 -5.23954 111 32 1 3 972877 40.5477 147257 2.11535 2.89524e+06 972877 ZonesAtSurface
2475.27 925.009 -5.19377 117 55 1 1 1.12027e+06 37.0212 136048 2.21964 2.59567e+06 1.12027e+06 ZonesAtSurface
2525.1 925.004 -35.1406 98 0 1 1 828919 32.3446 60919.3 1.07143 3.67137e+06 828919 ZonesAtSurface
2574.96 925.002 -45.1608 98 0 1 2 999551 21.3006 137496 1.08451 3.15263e+06 999551 ZonesAtSurface
2624.83 925 -5.11506 54 87 1 2 1.34275e+06 29.6776 58117.8 8.78383 601407 1.34275e+06 ZonesAtSurface
2674.79 925.005 -15.1726 47 57 1 3 1.12887e+06 37.2301 94896.7 9.04859 829483 1.12887e+06 ZonesAtSurface
2724.76 925.012 -25.1856 53 8 1 4 1.0435e+06 37.5673 144399 3.59823 1.72812e+06 1.0435e+06 ZonesAtSurface
2774.73 925.013 -35.2094 57 0 1 5 671823 28.5539 113680 1.05864 2.26751e+06 671823 ZonesAtSurface
2824.65 925.012 -45.2693 39 0 1 6 997450 43.0997 111748 1.54487 6.78748e+06 997450 ZonesAtSurface
2874.6 925.028 -5.26156 38 17 1 6 1.33574e+06 31.6296 148653 2.2586 2.44039e+06 1.33574e+06 ZonesAtSurface
2924.59 925.025 -15.3017 32 0 1 7 528928 30.8222 62195.3 1.15624 2.56865e+06 528928 ZonesAtSurface
2974.58 925.021 -25.3447 13 0 1 8 721871 21.0609 142217 1.05842 4.87104e+06 721871 ZonesAtSurface
3024.55 925.046 14.6333 10 0 1 8 683187 32.4271 101164 1.2024 4.55581e+06 683187 ZonesAtSurface
3074.56 925.029 4.60791 5 0 1 9 1.19055e+06 36.8707 100208 1.1975 9.38248e+06 1.19055e+06 ZonesAtSurface
3124.52 925.081 94.565 6 10 2 8 862009 43.5674 102673 1.37084 3.22852e+06 862009 ZonesAtSurface
3174.54 925.057 84.5495 8 0 2 9 514857 29.1102 104887 1.05722 1.66462e+06 514857 ZonesAtSurface
3224.57 925.028 74.5308 1 0 1 10 1.13713e+06 25.2387 143765 1.0504 5.4137e+06 1.13713e+06 ZonesAtSurface
3274.55 925.064 164.487 8 8 2 9 1.05434e+06 20.2219 57550.1 1.11481 2.75749e+06 1.05434e+06 ZonesAtSurface
3324.57 925.061 204.455 4 4 2 9 1.01038e+06 30.3222 98177.3 1.34976 2.78117e+06 1.01038e+06 ZonesAtSurface
3374.59 925.058 244.426 5 10 1 9 1.2682e+06 39.2089 131374 1.36402 4.1016e+06 1.2682e+06 ZonesAtSurface
3424.62 925.058 284.392 7 7 1 9 961374 17.9924 116019 1.43511 1.94348e+06 961374 ZonesAtSurface
3474.66 925.058 324.354 5 5 1 9 846067 38.0011 98351.6 1.45638 2.77668e+06 846067 ZonesAtSurface
3524.71 925.039 314.342 1 1 1 10 1.39119e+06 18.2758 106200 1.05476 3.59145e+06 1.39119e+06 ZonesAtSurface
3574.77 925.037 354.31 0 1 2 10 1.47302e+06 23.3136 67921.4 1.16984 3.78288e+06 1.47302e+06 ZonesAtSurface
3624.83 925.034 394.278 0 3 2 10 1.15999e+06 40.5262 78548.8 1.50961 3.21597e+06 1.15999e+06 ZonesAtSurface
3674.9 925.014 384.267 6 0 1 11 1.21371e+06 36.5417 58372.1 1.12203 7.26469e+06 1.21371e+06 ZonesAtSurface
3724.97 925.04 474.192 0 4 2 10 1.33657e+06 41.5879 111933 1.39095 4.24144e+06 1.33657e+06 ZonesAtSurface
3775.05 925.038 474.197 2 4 2 10 587827 36.598 119640 1.26005 1.5931e+06 587827 ZonesAtSurface
3825.13 925.033 434.24 0 3 2 10 1.46962e+06 38.5943 57868.3 1.25308 4.87735e+06 1.46962e+06 ZonesAtSurface
3875.21 925.053 444.227 9 6 2 9 949212 21.8338 102831 1.08682 2.5555e+06 949212 ZonesAtSurface
3925.28 925.055 404.262 10 8 1 9 1.19482e+06 20.758 95937.3 1.11219 3.14727e+06 1.19482e+06 ZonesAtSurface
3975.34 925.06 364.296 10 7 1 9 769371 25.4658 57333.8 1.40324 1.97526e+06 769371 ZonesAtSurface
4025.38 925.039 274.369 2 3 1 10 627004 15.9054 114854 1.07532 1.49258e+06 627004 ZonesAtSurface
4075.44 925.062 284.367 0 2 2 9 1.14981e+06 23.4146 78495.6 1.27209 2.94409e+06 1.14981e+06 ZonesAtSurface
4125.45 925.041 194.42 2 0 1 10 515301 33.2193 116821 1.01919 2.74759e+06 515301 ZonesAtSurface
4175.49 925.067 204.425 8 10 2 9 1.31774e+06 37.4044 91496.7 1.36044 4.30378e+06 1.31774e+06 ZonesAtSurface
4225.51 925.07 164.449 3 1 2 9 541564 25.7184 80077.6 1.29744 1.40972e+06 541564 ZonesAtSurface
4275.52 925.071 124.476 6 1 2 9 828803 16.4447 132645 1.00447 2.16367e+06 828803 ZonesAtSurface
4325.53 925.067 84.5045 3 1 2 9 1.32545e+06 15.6488 81227.1 1.02016 3.42566e+06 1.32545e+06 ZonesAtSurface
4375.52 925.059 44.5346 5 0 2 9 516342 25.8308 62012 1.07757 3.26063e+06 516342 ZonesAtSurface
4425.51 925.04 4.56413 5 0 1 9 1.42451e+06 24.4062 79206.3 1.12075 7.46446e+06 1.42451e+06 ZonesAtSurface
4475.49 925.015 -35.4186 6 0 1 9 1.01765e+06 23.2845 60236.1 1.06952 7.6662e+06 1.01765e+06 ZonesAtSurface
4525.49 925.023 -25.3854 16 0 1 8 650179 19.9796 131286 1.06019 4.19278e+06 650179 ZonesAtSurface
4575.48 925.025 -15.3468 36 0 1 7 944061 44.8884 117882 1.49348 4.24445e+06 944061 ZonesAtSurface
4625.46 925.025 -5.30963 61 18 1 6 778301 41.3644 89216.7 2.1631 2.26402e+06 778301 ZonesAtSurface
4675.41 925.012 -45.3209 39 0 1 6 1.31457e+06 31.7958 107278 1.03678 7.15554e+06 1.31457e+06 ZonesAtSurface
4725.36 925.014 -35.2889 58 5 1 5 1.10604e+06 20.657 97747.8 1.04028 3.24809e+06 1.10604e+06 ZonesAtSurface
4775.3 925.011 -25.2383 73 0 1 4 813657 15.5837 79985.9 1.48647 1.75181e+06 813657 ZonesAtSurface
4825.25 925.002 -15.2364 71 22 1 3 1.15901e+06 22.1699 69224.5 1.5045 2.47262e+06 1.15901e+06 ZonesAtSurface
4875.15 924.997 -5.22264 80 33 1 2 1.38403e+06 38.5261 103350 1.87075 3.58767e+06 1.38403e+06 ZonesAtSurface
4925.05 924.994 4.76682 131 0 1 1 1.15095e+06 37.3491 94816.2 1.3454 4.61479e+06 1.15095e+06 ZonesAtSurface
74.9678 974.982 -16.6903 133 0 1 1 100000 15 10000 1.08695 693969 100000 ZonesAtSurface
124.848 974.985 -41.674 122 0 1 2 100000 15 10000 1.23624 669173 100000 ZonesAtSurface
174.75 974.987 -16.622 122 0 1 2 100000 15 10000 1.14766 451109 100000 ZonesAtSurface
224.671 974.985 -41.6804 111 0 1 3 100000 15 10000 1.05871 788575 100000 ZonesAtSurface
274.604 974.988 -16.6587 111 0 1 3 100000 15 10000 1.1311 512284 100000 ZonesAtSurface
324.56 974.995 -41.7067 100 0 1 4 100000 15 10000 1.07371 1.13214e+06 100000 ZonesAtSurface
374.521 975.001 -16.6981 97 0 1 4 100000 15 10000 1.52586 349008 100000 ZonesAtSurface
424.496 975.001 -41.7406 83 0 1 5 100000 15 10000 1.03668 1.02947e+06 100000 ZonesAtSurface
474.489 975.01 -16.7195 84 1 1 5 100000 15 10000 1.52481 411757 100000 ZonesAtSurface
524.459 975.007 -41.7685 73 0 1 6 100000 15 10000 0.994386 813257 100000 ZonesAtSurface
574.46 975.016 -16.7493 73 1 1 6 100000 15 10000 1.35323 459332 100000 ZonesAtSurface
624.428 975.007 -41.8023 59 0 1 7 100000 15 10000 1.00205 964108 100000 ZonesAtSurface
674.42 975.018 -16.79 60 3 1 7 100000 15 10000 1.1157 708680 100000 ZonesAtSurface
724.41 974.998 -41.8603 44 0 1 8 100000 15 10000 1.01043 940897 100000 ZonesAtSurface
774.408 975.008 -16.8517 45 2 1 8 100000 15 10000 0 286728 100000 ZonesAtSurface
824.402 974.992 -41.919 28 0 1 9 100000 15 10000 1.11318 2.70046e+06 100000 ZonesAtSurface
874.397 975.001 -16.9267 30 0 1 9 100000 15 10000 1.09637 1.63799e+06 100000 ZonesAtSurface
924.411 974.987 -41.9799 12 0 1 10 100000 15 10000 1.05353 4.79841e+06 100000 ZonesAtSurface
974.41 974.989 -16.9906 15 0 1 10 100000 15 10000 1.06795 3.55663e+06 100000 ZonesAtSurface
1024.43 974.983 -42.0246 0 0 1 11 100000 15 10000 1.24804 4.63648e+06 100000 ZonesAtSurface
1074.45 974.985 -17.0371 0 0 1 11 100000 15 10000 1.13718 4.83082e+06 100000 ZonesAtSurface
1124.46 974.986 7.94958 2 0 1 11 100000 15 10000 1.03705 5.04802e+06 100000 ZonesAtSurface
1174.48 974.987 32.9353 4 0 1 11 100000 15 10000 1.00697 5.09113e+06 100000 ZonesAtSurface
1224.5 974.987 57.9202 2 0 1 11 100000 15 10000 1.00387 5.15443e+06 100000 ZonesAtSurface
1274.5 974.991 132.905 10 0 1 10 100000 15 10000 1.02764 3.6843e+06 100000 ZonesAtSurface
1324.53 974.991 157.885 7 0 1 10 100000 15 10000 1.01114 3.91971e+06 100000 ZonesAtSurface
1374.56 974.991 182.869 7 0 1 10 100000 15 10000 1.00882 3.93637e+06 100000 ZonesAtSurface
1424.6 974.992 207.856 6 0 1 10 100000 15 10000 1.01133 3.8757e+06 100000 ZonesAtSurface
1474.64 974.993 232.847 9 0 1 10 100000 15 10000 1.02822 3.48884e+06 100000 ZonesAtSurface
1524.69 974.991 207.846 0 0 1 11 100000 15 10000 1.05714 4.27789e+06 100000 ZonesAtSurface
1574.74 974.993 232.84 1 0 1 11 100000 15 10000 1.02507 3.97193e+06 100000 ZonesAtSurface
1624.79 974.995 257.838 6 0 1 11 100000 15 10000 1.02889 3.27402e+06 100000 ZonesAtSurface
1674.86 974.995 232.85 0 0 1 12 100000 15 10000 1.06496 4.31055e+06 100000 ZonesAtSurface
1724.92 974.994 257.856 1 0 1 12 100000 15 10000 1.00948 3.99193e+06 100000 ZonesAtSurface
1775 974.993 282.871 7 0 1 12 100000 15 10000 1.01557 3.39845e+06 100000 ZonesAtSurface
1825.08 974.992 257.905 0 0 1 13 100000 15 10000 1.00832 4.31631e+06 100000 ZonesAtSurface
1875.16 974.996 282.91 1 0 1 13 100000 15 10000 1.01654 3.78371e+06 100000 ZonesAtSurface
1925.26 975.002 307.911 0 0 1 13 100000 15 10000 1.02045 3.08965e+06 100000 ZonesAtSurface
1975.38 975.002 332.909 0 0 1 13 100000 15 10000 1.02815 1.85831e+06 100000 ZonesAtSurface
2025.52 974.999 345.404 8 0 1 12 100000 15 10000 0.959619 636370 100000 ZonesAtSurface
2075.45 974.996 195.554 0 0 1 13 100000 15 10000 1.01646 2.78194e+06 100000 ZonesAtSurface
2125.41 974.992 95.5927 1 0 1 13 100000 15 10000 0.992488 3.83432e+06 100000 ZonesAtSurface
2175.36 974.988 -4.39461 4 0 1 13 100000 15 10000 1.0289 5.15862e+06 100000 ZonesAtSurface
2225.4 974.99 -4.36652 28 0 1 11 100000 15 10000 1.25137 2.18277e+06 100000 ZonesAtSurface
2275.41 974.994 -4.32853 50 0 1 9 100000 15 10000 1.64562 602377 100000 ZonesAtSurface
2325.42 975.001 -4.29595 69 0 1 7 100000 15 10000 2.60078 286756 100000 ZonesAtSurface
2375.42 974.997 -4.26946 89 0 1 5 100000 15 10000 1.94814 346805 100000 ZonesAtSurface
2425.38 974.999 -4.21316 116 0 1 3 100000 15 10000 1.69943 455381 100000 ZonesAtSurface
2475.32 975.001 -4.12841 120 0 1 1 100000 15 10000 2.16005 283071 100000 ZonesAtSurface
2525.09 974.998 -34.0579 99 0 1 1 100000 15 10000 1.14069 605765 100000 ZonesAtSurface
2574.95 974.994 -44.0988 99 0 1 2 100000 15 10000 1.17531 729338 100000 ZonesAtSurface
2624.82 974.993 -4.05262 122 0 1 2 100000 15 10000 1.25174 286203 100000 ZonesAtSurface
2674.78 974.993 -14.1011 111 0 1 3 100000 15 10000 1.11499 505062 100000 ZonesAtSurface
2724.76 974.997 -24.1142 97 0 1 4 100000 15 10000 1.41789 531574 100000 ZonesAtSurface
2774.72 975 -34.1256 85 0 1 5 100000 15 10000 1.17017 700701 100000 ZonesAtSurface
2824.63 974.994 -44.2032 73 0 1 6 100000 15 10000 1.04178 1.12164e+06 100000 ZonesAtSurface
2874.57 975.003 -4.19454 70 0 1 6 100000 15 10000 1.55202 359526 100000 ZonesAtSurface
2924.59 975.002 -14.2402 57 0 1 7 100000 15 10000 1.07536 405805 100000 ZonesAtSurface
2974.6 975 -24.2891 46 0 1 8 100000 15 10000 1.08935 1.18456e+06 100000 ZonesAtSurface
3024.61 974.994 -34.3338 36 0 1 9 100000 15 10000 1.15394 2.79969e+06 100000 ZonesAtSurface
3074.6 974.985 -44.3779 20 0 1 10 100000 15 10000 1.09297 4.33391e+06 100000 ZonesAtSurface
3124.58 974.994 -4.38156 26 0 1 10 100000 15 10000 1.17155 2.47519e+06 100000 ZonesAtSurface
3174.6 974.984 -14.4249 14 0 1 11 100000 15 10000 1.05843 4.90817e+06 100000 ZonesAtSurface
3224.62 974.978 -24.457 4 0 1 12 100000 15 10000 1.05667 5.87253e+06 100000 ZonesAtSurface
3274.62 974.981 15.5289 10 0 1 12 100000 15 10000 1.02294 4.50327e+06 100000 ZonesAtSurface
3324.65 974.977 5.5011 1 0 1 13 100000 15 10000 1.00632 6.43525e+06 100000 ZonesAtSurface
3374.67 974.979 45.4818 1 0 1 13 100000 15 10000 1.00124 5.95247e+06 100000 ZonesAtSurface
3424.69 974.981 85.4612 1 0 1 13 100000 15 10000 1.00136 5.54574e+06 100000 ZonesAtSurface
3474.72 974.983 125.44 1 0 1 13 100000 15 10000 1.00134 5.22638e+06 100000 ZonesAtSurface
3524.76 974.986 165.417 1 0 1 13 100000 15 10000 1.00188 4.99541e+06 100000 ZonesAtSurface
3574.8 974.988 205.394 1 0 1 13 100000 15 10000 1.00664 4.69338e+06 100000 ZonesAtSurface
3624.86 974.989 245.37 0 0 1 13 100000 15 10000 1.01253 4.28459e+06 100000 ZonesAtSurface
3674.92 974.991 285.344 0 0 1 13 100000 15 10000 1.00976 4.11929e+06 100000 ZonesAtSurface
3724.99 974.995 325.317 1 0 1 13 100000 15 10000 1.01873 3.77534e+06 100000 ZonesAtSurface
3775.07 975 375.291 10 0 1 12 100000 15 10000 1.02117 2.05536e+06 100000 ZonesAtSurface
3825.13 974.997 285.341 0 0 1 13 100000 15 10000 1.0055 4.36143e+06 100000 ZonesAtSurface
3875.21 974.998 295.345 10 0 1 12 100000 15 10000 1.01521 3.05118e+06 100000 ZonesAtSurface
3925.27 974.997 255.374 8 0 1 12 100000 15 10000 1.01717 2.94412e+06 100000 ZonesAtSurface
3975.31 974.992 165.408 1 0 1 13 100000 15 10000 1.0029 4.7775e+06 100000 ZonesAtSurface
4025.35 974.99 125.427 1 0 1 13 100000 15 10000 1.0011 5.09439e+06 100000 ZonesAtSurface
4075.38 974.989 85.4447 0 0 1 13 100000 15 10000 1.00114 5.39697e+06 100000 ZonesAtSurface
4125.4 974.987 45.4605 1 0 1 13 100000 15 10000 1.00108 5.80758e+06 100000 ZonesAtSurface
4175.42 974.985 5.47554 0 0 1 13 100000 15 10000 1.04704 6.11672e+06 100000 ZonesAtSurface
4225.46 974.988 15.4958 8 0 1 12 100000 15 10000 1.0123 4.66206e+06 100000 ZonesAtSurface
4275.46 974.985 -24.4917 3 0 1 12 100000 15 10000 1.11609 5.66716e+06 100000 ZonesAtSurface
4325.48 974.99 -14.4629 14 0 1 11 100000 15 10000 1.06299 5.02613e+06 100000 ZonesAtSurface
4375.5 975.001 -4.41729 26 0 1 10 100000 15 10000 1.17375 2.15293e+06 100000 ZonesAtSurface
4425.48 974.993 -44.4175 22 0 1 10 100000 15 10000 1.12433 4.13939e+06 100000 ZonesAtSurface
4475.47 974.999 -34.3763 34 0 1 9 100000 15 10000 1.07104 2.53529e+06 100000 ZonesAtSurface
4525.48 975.004 -24.3348 49 0 1 8 100000 15 10000 1.0646 1.00636e+06 100000 ZonesAtSurface
4575.49 975.006 -14.2938 60 0 1 7 100000 15 10000 1.12498 650264 100000 ZonesAtSurface
4625.49 975.011 -4.24861 73 0 1 6 100000 15 10000 1.23526 452965 100000 ZonesAtSurface
4675.44 975.002 -44.2628 73 0 1 6 100000 15 10000 1.05848 1.2228e+06 100000 ZonesAtSurface
4725.36 975.004 -34.2013 84 0 1 5 100000 15 10000 1.01843 680071 100000 ZonesAtSurface
4775.3 975.004 -24.1683 97 0 1 4 100000 15 10000 1.18595 586724 100000 ZonesAtSurface
4825.24 974.993 -14.1616 110 0 1 3 100000 15 10000 1.13559 609884 100000 ZonesAtSurface
4875.15 974.991 -4.14957 120 0 1 2 100000 15 10000 1.39365 563153 100000 ZonesAtSurface
4925.05 974.99 5.82335 133 0 1 1 100000 15 10000 1.11484 703247 100000 ZonesAtSurface
74.9706 1024.97 -15.7021 133 0 1 1 100000 15 10000 1.52428 579820 100000 ZonesAtSurface
124.852 1024.97 -40.6779 122 0 1 2 100000 15 10000 1.23319 848491 100000 ZonesAtSurface
174.753 1024.97 -15.6283 122 0 1 2 100000 15 10000 3.80993 128406 100000 ZonesAtSurface
224.675 1024.97 -40.6795 111 0 1 3 100000 15 10000 1.08159 846906 100000 ZonesAtSurface
274.612 1024.96 -15.6481 111 0 1 3 100000 15 10000 1.23536 463799 100000 ZonesAtSurface
324.564 1024.96 -40.689 100 0 1 4 100000 15 10000 1.1008 921954 100000 ZonesAtSurface
374.518 1024.96 -15.679 97 0 1 4 100000 15 10000 1.1942 499687 100000 ZonesAtSurface
424.491 1024.95 -40.7334 84 0 1 5 100000 15 10000 1.06635 765912 100000 ZonesAtSurface
474.487 1024.94 -15.7109 84 0 1 5 100000 15 10000 1.53631 347798 100000 ZonesAtSurface
524.455 1024.95 -40.7621 74 0 1 6 100000 15 10000 1.02039 841783 100000 ZonesAtSurface
574.454 1024.94 -15.7407 74 0 1 6 100000 15 10000 1.40102 548986 100000 ZonesAtSurface
624.424 1024.94 -40.8 61 0 1 7 100000 15 10000 0.995856 1.1807e+06 100000 ZonesAtSurface
674.419 1024.94 -15.7874 61 0 1 7 100000 15 10000 1.19996 435125 100000 ZonesAtSurface
724.407 1024.95 -40.8582 44 0 1 8 100000 15 10000 1.03789 1.06446e+06 100000 ZonesAtSurface
774.404 1024.94 -15.8502 45 1 1 8 100000 15 10000 0 260723 100000 ZonesAtSurface
824.399 1024.96 -40.9141 27 0 1 9 100000 15 10000 1.10479 2.64612e+06 100000 ZonesAtSurface
874.394 1024.96 -15.9203 30 0 1 9 100000 15 10000 1.09169 1.59453e+06 100000 ZonesAtSurface
924.408 1024.97 -40.975 11 0 1 10 100000 15 10000 1.05779 4.63881e+06 100000 ZonesAtSurface
974.406 1024.97 -15.9857 15 0 1 10 100000 15 10000 1.05468 3.44403e+06 100000 ZonesAtSurface
1024.43 1024.98 -41.0202 0 0 1 11 100000 15 10000 1.25607 4.52483e+06 100000 ZonesAtSurface
1074.44 1024.98 -16.0323 0 0 1 11 100000 15 10000 1.18686 4.53272e+06 100000 ZonesAtSurface
1124.46 1024.98 8.95512 0 0 1 11 100000 15 10000 1.11203 4.68461e+06 100000 ZonesAtSurface
1174.47 1024.98 33.9413 2 0 1 11 100000 15 10000 1.011 4.94889e+06 100000 ZonesAtSurface
1224.49 1024.98 58.9265 1 0 1 11 100000 15 10000 1.00064 4.98615e+06 100000 ZonesAtSurface
1274.5 1024.98 133.912 9 0 1 10 100000 15 10000 1.02123 3.47098e+06 100000 ZonesAtSurface
1324.53 1024.99 158.893 7 0 1 10 100000 15 10000 1.00472 3.64368e+06 100000 ZonesAtSurface
1374.56 1024.99 183.878 4 0 1 10 100000 15 10000 1.00245 3.60611e+06 100000 ZonesAtSurface
1424.59 1024.99 208.866 3 0 1 10 100000 15 10000 1.00309 3.33691e+06 100000 ZonesAtSurface
1474.63 1024.99 233.858 7 0 1 10 100000 15 10000 1.01944 3.11718e+06 100000 ZonesAtSurface
1524.67 1024.99 258.855 10 0 1 10 100000 15 10000 1.03519 2.27356e+06 100000 ZonesAtSurface
1574.73 1024.99 233.851 3 0 1 11 100000 15 10000 1.02273 3.96768e+06 100000 ZonesAtSurface
1624.78 1024.99 258.848 8 0 1 11 100000 15 10000 1.01966 3.61103e+06 100000 ZonesAtSurface
1674.86 1024.99 233.866 1 0 1 12 100000 15 10000 1.01262 4.29045e+06 100000 ZonesAtSurface
1724.93 1024.99 258.87 2 0 1 12 100000 15 10000 1.01613 3.94987e+06 100000 ZonesAtSurface
1775 1024.99 283.88 6 0 1 12 100000 15 10000 1.0107 3.35716e+06 100000 ZonesAtSurface
1825.07 1024.99 258.913 1 0 1 13 100000 15 10000 1.00998 4.2365e+06 100000 ZonesAtSurface
1875.15 1024.99 283.92 1 0 1 13 100000 15 10000 1.02442 3.85915e+06 100000 ZonesAtSurface
1925.25 1024.99 308.917 1 0 1 13 100000 15 10000 1.02426 2.9602e+06 100000 ZonesAtSurface
1975.39 1024.99 333.914 5 0 1 13 100000 15 10000 1.02575 1.94833e+06 100000 ZonesAtSurface
2025.53 1024.99 346.41 10 0 1 12 100000 15 10000 0.971464 890418 100000 ZonesAtSurface
2075.52 1024.99 246.528 9 0 1 12 100000 15 10000 0.965456 719517 100000 ZonesAtSurface
2125.41 1024.99 96.5984 1 0 1 13 100000 15 10000 0.996315 3.55257e+06 100000 ZonesAtSurface
2175.36 1024.98 -3.38989 5 0 1 13 100000 15 10000 1.03335 5.04413e+06 100000 ZonesAtSurface
2225.4 1024.98 -3.36155 28 0 1 11 100000 15 10000 1.23448 1.86299e+06 100000 ZonesAtSurface
2275.41 1024.98 -3.32508 50 0 1 9 100000 15 10000 2.13873 463325 100000 ZonesAtSurface
2325.43 1024.98 -3.29347 72 0 1 7 100000 15 10000 3.12874 273861 100000 ZonesAtSurface
2375.41 1024.97 -3.26231 89 0 1 5 100000 15 10000 1.76684 406688 100000 ZonesAtSurface
2425.38 1024.97 -3.22149 116 0 1 3 100000 15 10000 1.74703 382148 100000 ZonesAtSurface
2475.33 1024.97 -3.13012 121 0 1 1 100000 15 10000 1.53224 312547 100000 ZonesAtSurface
2525.08 1024.97 -33.0615 100 0 1 1 100000 15 10000 1.12267 764647 100000 ZonesAtSurface
2574.94 1024.97 -43.1139 100 0 1 2 100000 15 10000 1.13647 785758 100000 ZonesAtSurface
2624.81 1024.97 -3.06498 122 0 1 2 100000 15 10000 1.38669 305437 100000 ZonesAtSurface
2674.78 1024.97 -13.0873 111 0 1 3 100000 15 10000 1.22647 468386 100000 ZonesAtSurface
2724.76 1024.96 -23.1017 100 0 1 4 100000 15 10000 1.11281 605591 100000 ZonesAtSurface
2774.71 1024.96 -33.1173 85 0 1 5 100000 15 10000 1.18659 777264 100000 ZonesAtSurface
2824.62 1024.95 -43.1932 72 0 1 6 100000 15 10000 1.0779 1.02834e+06 100000 ZonesAtSurface
2874.56 1024.94 -3.19222 70 0 1 6 100000 15 10000 1.46971 297610 100000 ZonesAtSurface
2924.59 1024.94 -13.2409 56 0 1 7 100000 15 10000 1.04765 518039 100000 ZonesAtSurface
2974.6 1024.95 -23.2822 47 0 1 8 100000 15 10000 1.08367 949498 100000 ZonesAtSurface
3024.61 1024.96 -33.3259 36 0 1 9 100000 15 10000 1.09446 2.52915e+06 100000 ZonesAtSurface
3074.6 1024.96 -43.3737 22 0 1 10 100000 15 10000 1.11469 4.26527e+06 100000 ZonesAtSurface
3124.58 1024.95 -3.3762 26 0 1 10 100000 15 10000 1.16716 2.45034e+06 100000 ZonesAtSurface
3174.6 1024.97 -13.4189 14 0 1 11 100000 15 10000 1.052 4.75771e+06 100000 ZonesAtSurface
3224.62 1024.97 -23.4524 3 0 1 12 100000 15 10000 1.07111 5.66928e+06 100000 ZonesAtSurface
3274.62 1024.97 16.5338 10 0 1 12 100000 15 10000 1.00492 4.3813e+06 100000 ZonesAtSurface
3324.65 1024.97 6.50559 1 0 1 13 100000 15 10000 1.00583 6.31856e+06 100000 ZonesAtSurface
3374.67 1024.98 46.4868 1 0 1 13 100000 15 10000 1.00092 5.77324e+06 100000 ZonesAtSurface
3424.69 1024.98 86.4671 1 0 1 13 100000 15 10000 1.00083 5.35128e+06 100000 ZonesAtSurface
3474.72 1024.98 126.446 1 0 1 13 100000 15 10000 0.999286 5.02643e+06 100000 ZonesAtSurface
3524.74 1024.98 216.417 9 0 1 12 100000 15 10000 1.00973 2.72171e+06 100000 ZonesAtSurface
3574.81 1024.98 206.401 1 0 1 13 100000 15 10000 1.00514 4.69628e+06 100000 ZonesAtSurface
3624.86 1024.99 246.375 1 0 1 13 100000 15 10000 1.00562 4.37078e+06 100000 ZonesAtSurface
3674.92 1024.99 286.349 1 0 1 13 100000 15 10000 1.01277 4.12138e+06 100000 ZonesAtSurface
3724.99 1024.99 326.322 1 0 1 13 100000 15 10000 1.0194 3.6588e+06 100000 ZonesAtSurface
3775.06 1024.99 376.298 9 0 1 12 100000 15 10000 1.0257 1.96655e+06 100000 ZonesAtSurface
3825.14 1024.99 286.35 1 0 1 13 100000 15 10000 1.00431 4.25444e+06 100000 ZonesAtSurface
3875.21 1024.99 296.354 10 0 1 12 100000 15 10000 1.02018 2.96557e+06 100000 ZonesAtSurface
3925.27 1024.99 256.383 10 0 1 12 100000 15 10000 1.0089 3.05437e+06 100000 ZonesAtSurface
3975.31 1024.99 166.416 1 0 1 13 100000 15 10000 1.00202 4.66519e+06 100000 ZonesAtSurface
4025.35 1024.99 126.435 1 0 1 13 100000 15 10000 1.00129 4.86976e+06 100000 ZonesAtSurface
4075.38 1024.99 86.4514 1 0 1 13 100000 15 10000 1.00036 5.19503e+06 100000 ZonesAtSurface
4125.4 1024.99 46.4665 1 0 1 13 100000 15 10000 1.00063 5.68505e+06 100000 ZonesAtSurface
4175.42 1024.98 6.48102 0 0 1 13 100000 15 10000 1.02561 6.03644e+06 100000 ZonesAtSurface
4225.46 1024.98 16.5017 9 0 1 12 100000 15 10000 0.988925 4.48662e+06 100000 ZonesAtSurface
4275.46 1024.98 -23.4865 2 0 1 12 100000 15 10000 1.12236 5.48045e+06 100000 ZonesAtSurface
4325.48 1024.97 -13.4574 16 0 1 11 100000 15 10000 1.05247 5.02945e+06 100000 ZonesAtSurface
4375.5 1024.96 -3.41224 27 0 1 10 100000 15 10000 1.1727 1.9527e+06 100000 ZonesAtSurface
4425.49 1024.97 -43.4115 23 0 1 10 100000 15 10000 1.13256 4.01605e+06 100000 ZonesAtSurface
4475.48 1024.96 -33.3706 36 0 1 9 100000 15 10000 1.13056 2.33221e+06 100000 ZonesAtSurface
4525.49 1024.96 -23.3308 49 0 1 8 100000 15 10000 1.14093 988498 100000 ZonesAtSurface
4575.49 1024.96 -13.2871 61 0 1 7 100000 15 10000 1.17859 371464 100000 ZonesAtSurface
4625.51 1024.96 -3.24388 71 8 1 6 100000 15 10000 1.18702 321076 100000 ZonesAtSurface
4675.45 1024.97 -43.2492 74 0 1 6 100000 15 10000 0.984588 930766 100000 ZonesAtSurface
4725.34 1024.97 -33.1575 86 0 1 5 100000 15 10000 1.26694 661448 100000 ZonesAtSurface
4775.29 1024.97 -23.1589 96 1 1 4 100000 15 10000 1.13307 506077 100000 ZonesAtSurface
4825.22 1024.97 -13.1449 106 0 1 3 100000 15 10000 1.16451 555233 100000 ZonesAtSurface
4875.14 1024.97 -3.13806 119 0 1 2 100000 15 10000 1.73301 436475 100000 ZonesAtSurface
4925.06 1024.98 6.83074 133 0 1 1 100000 15 10000 1.16156 628664 100000 ZonesAtSurface
74.9624 1074.97 -14.7482 100 12 1 1 1.37739e+06 42.1271 86033.3 1.64093 5.45704e+06 1.37739e+06 ZonesAtSurface
124.854 1074.97 -39.7313 122 0 1 2 719002 30.4364 125938 1.29709 4.51489e+06 719002 ZonesAtSurface
174.761 1074.97 -14.6884 85 83 1 2 1.17323e+06 30.831 52052.5 2.95366 1.72152e+06 1.17323e+06 ZonesAtSurface
224.692 1074.96 -39.7255 94 0 1 3 1.40978e+06 24.3478 76611.5 1.10416 4.20174e+06 1.40978e+06 ZonesAtSurface
274.624 1074.95 -14.6946 68 73 1 3 1.44815e+06 33.0408 71849.9 2.66927 2.39693e+06 1.44815e+06 ZonesAtSurface
324.577 1074.95 -39.742 100 0 1 4 1.30935e+06 24.7939 145805 1.02049 4.57779e+06 1.30935e+06 ZonesAtSurface
374.52 1074.94 -14.7534 93 47 1 4 892772 26.9602 116441 2.71814 1.37583e+06 892772 ZonesAtSurface
424.498 1074.93 -39.7945 68 6 1 5 1.30301e+06 38.6569 89329.6 1.30626 4.60105e+06 1.30301e+06 ZonesAtSurface
474.475 1074.91 -14.7892 39 17 1 5 1.26892e+06 30.6746 68554.8 2.65262 2.09137e+06 1.26892e+06 ZonesAtSurface
524.453 1074.92 -39.8336 30 0 1 6 756232 32.2141 111448 1.04193 3.65617e+06 756232 ZonesAtSurface
574.427 1074.9 -14.8354 41 7 1 6 791979 24.5347 94525.5 1.43578 1.84935e+06 791979 ZonesAtSurface
624.421 1074.91 -39.8715 12 0 1 7 671354 44.1651 91382.1 1.13691 7.38135e+06 671354 ZonesAtSurface
674.407 1074.9 -14.8826 8 0 1 7 1.36027e+06 44.2719 69974.7 1.2493 6.81705e+06 1.36027e+06 ZonesAtSurface
724.406 1074.93 -39.9079 20 0 1 8 885413 24.2247 73015.4 1.07551 7.41789e+06 885413 ZonesAtSurface
774.391 1074.91 -14.9188 0 0 1 8 800698 44.113 93036.5 1.72069 8.09501e+06 800698 ZonesAtSurface
824.398 1074.95 -39.9445 4 0 1 9 981942 21.1461 144495 1.14343 6.75921e+06 981942 ZonesAtSurface
874.39 1074.94 -14.9589 1 0 1 9 1.46204e+06 29.0731 145694 1.75569 7.2003e+06 1.46204e+06 ZonesAtSurface
924.386 1074.94 10.0244 0 0 1 9 1.32047e+06 40.966 141850 2.20935 7.27913e+06 1.32047e+06 ZonesAtSurface
974.387 1074.93 35.0072 2 0 1 9 951592 34.4769 118721 1.3821 6.79771e+06 951592 ZonesAtSurface
1024.37 1074.88 159.961 1 1 2 7 1.37787e+06 33.2435 55611.6 1.53985 3.77487e+06 1.37787e+06 ZonesAtSurface
1074.41 1074.94 84.9726 2 0 1 9 1.21999e+06 26.7806 142471 1.14381 5.88976e+06 1.21999e+06 ZonesAtSurface
1124.41 1074.91 159.944 10 5 1 8 988797 29.658 136363 1.22598 2.83788e+06 988797 ZonesAtSurface
1174.42 1074.92 184.923 4 4 2 8 1.19953e+06 34.4161 105335 1.07206 4.18979e+06 1.19953e+06 ZonesAtSurface
1224.45 1074.93 209.907 1 1 2 8 1.44921e+06 26.44 54270.2 1.07119 4.34819e+06 1.44921e+06 ZonesAtSurface
1274.47 1074.92 284.879 9 7 2 7 634964 18.8451 94401.5 1.26776 1.46271e+06 634964 ZonesAtSurface
1324.5 1074.93 309.864 10 6 2 7 771734 24.9098 119669 0.987637 2.29827e+06 771734 ZonesAtSurface
1374.53 1074.93 334.85 5 7 2 7 586646 44.4502 147213 1.09412 2.05063e+06 586646 ZonesAtSurface
1424.57 1074.93 359.84 7 10 2 7 692077 36.6603 90080.9 0 1.89209e+06 692077 ZonesAtSurface
1474.63 1074.98 234.857 0 0 1 10 538661 43.7626 81689.4 1.75342 6.76605e+06 538661 ZonesAtSurface
1524.67 1074.98 259.852 9 0 1 10 637722 18.8162 86047 1.01097 3.83228e+06 637722 ZonesAtSurface
1574.72 1074.98 284.848 3 0 1 10 1.15257e+06 36.1437 128498 1.01739 5.38817e+06 1.15257e+06 ZonesAtSurface
1624.77 1074.98 309.84 6 3 1 10 1.31566e+06 39.4273 93903.5 1.06564 5.03619e+06 1.31566e+06 ZonesAtSurface
1674.83 1074.97 334.833 7 0 1 10 605956 43.2168 100556 1.22033 3.29889e+06 605956 ZonesAtSurface
1724.93 1074.99 259.878 0 0 1 12 1.04734e+06 38.6925 94608.4 1.03791 9.90945e+06 1.04734e+06 ZonesAtSurface
1774.98 1074.98 334.869 2 1 2 11 1.04597e+06 26.1371 133983 1.22081 2.65329e+06 1.04597e+06 ZonesAtSurface
1825.05 1074.98 359.875 6 4 1 11 855056 34.6656 101823 1.46225 2.35761e+06 855056 ZonesAtSurface
1875.16 1074.98 384.861 10 6 2 11 671885 25.5076 90269.5 1.12081 1.88811e+06 671885 ZonesAtSurface
1925.27 1074.99 359.883 8 0 1 12 1.17605e+06 21.0505 69370.6 1.02636 3.43854e+06 1.17605e+06 ZonesAtSurface
1975.41 1074.98 384.86 4 9 1 12 976848 29.9752 113234 1.08804 2.97454e+06 976848 ZonesAtSurface
2025.51 1074.98 347.422 7 2 1 12 1.12143e+06 42.6386 69308.5 1.04028 4.85853e+06 1.12143e+06 ZonesAtSurface
2075.44 1074.98 197.563 0 0 1 13 723085 34.2943 116677 1.04463 5.73571e+06 723085 ZonesAtSurface
2125.41 1074.98 97.6027 1 0 1 13 617274 23.1435 73075.1 0.997687 5.22864e+06 617274 ZonesAtSurface
2175.41 1074.98 47.6197 5 0 1 12 1.38827e+06 41.9388 119048 1.31234 9.58129e+06 1.38827e+06 ZonesAtSurface
2225.4 1074.98 -2.36135 23 0 1 11 563381 16.4641 59569.5 1.16886 3.48756e+06 563381 ZonesAtSurface
2275.4 1074.97 -2.32759 38 0 1 9 963449 35.0519 111448 1.94512 3.77704e+06 963449 ZonesAtSurface
2325.4 1074.97 -2.30278 67 1 1 7 689997 25.2581 52963.9 2.9445 1.09443e+06 689997 ZonesAtSurface
2375.36 1074.97 -2.27475 89 14 1 5 904432 27.9121 142629 1.98998 2.13312e+06 904432 ZonesAtSurface
2425.33 1074.96 -2.2428 111 43 1 3 943545 39.6424 118611 2.31753 2.71606e+06 943545 ZonesAtSurface
2475.28 1074.97 -2.19827 59 71 1 1 1.24373e+06 25.6193 73927.3 2.53626 1.79187e+06 1.24373e+06 ZonesAtSurface
2525.08 1074.97 -32.1447 101 0 1 1 827569 15.8318 110814 1.62266 1.67292e+06 827569 ZonesAtSurface
2574.94 1074.97 -42.1833 94 0 1 2 784189 31.6812 58359.4 1.36975 3.90787e+06 784189 ZonesAtSurface
2624.82 1074.96 -2.13518 38 81 1 2 1.25905e+06 33.4817 85093.2 9.01356 630211 1.25905e+06 ZonesAtSurface
2674.79 1074.96 -12.1514 58 12 1 3 1.15927e+06 44.5026 146423 4.45274 2.07421e+06 1.15927e+06 ZonesAtSurface
2724.76 1074.95 -22.1713 74 18 1 4 931574 43.154 77268.3 1.87026 3.1955e+06 931574 ZonesAtSurface
2774.72 1074.94 -32.1898 69 0 1 5 726712 43.5527 147327 1.06358 4.51111e+06 726712 ZonesAtSurface
2824.65 1074.93 -42.2524 54 0 1 6 1.31123e+06 31.2461 140599 1.10709 6.59632e+06 1.31123e+06 ZonesAtSurface
2874.58 1074.91 -2.26605 51 14 1 6 1.44067e+06 29.4443 127296 1.58815 3.3699e+06 1.44067e+06 ZonesAtSurface
2924.58 1074.91 -12.3014 25 0 1 7 1.2021e+06 20.1056 80030.5 1.07675 3.27937e+06 1.2021e+06 ZonesAtSurface
2974.59 1074.92 -22.3299 15 0 1 8 563171 32.3011 85418.4 1.06703 7.6377e+06 563171 ZonesAtSurface
3024.59 1074.94 -32.3578 1 0 1 9 716879 42.6356 102155 1.59571 9.3958e+06 716879 ZonesAtSurface
3074.57 1074.92 7.6223 10 0 1 9 717829 43.9445 130360 1.43437 9.60606e+06 717829 ZonesAtSurface
3124.55 1074.9 47.5938 3 0 2 9 1.43629e+06 36.4385 146146 1.0939 6.44322e+06 1.43629e+06 ZonesAtSurface
3174.55 1074.89 87.5635 5 0 1 9 1.00949e+06 22.5082 123624 1.06229 3.03178e+06 1.00949e+06 ZonesAtSurface
3224.55 1074.88 127.532 10 4 2 9 573189 31.1237 105550 1.1236 1.72451e+06 573189 ZonesAtSurface
3274.57 1074.92 117.517 3 0 1 10 722306 19.8531 134340 1.03235 1.93306e+06 722306 ZonesAtSurface
3324.57 1074.89 207.474 10 10 1 9 717492 25.1017 92117 1.21413 1.8677e+06 717492 ZonesAtSurface
3374.61 1074.93 197.462 0 0 1 10 919426 17.371 139578 0 2.36288e+06 919426 ZonesAtSurface
3424.63 1074.91 287.409 9 6 2 9 648519 32.8263 92070 1.3399 1.8509e+06 648519 ZonesAtSurface
3474.67 1074.94 277.397 1 0 2 10 1.05581e+06 17.5592 73497.1 1.008 2.85755e+06 1.05581e+06 ZonesAtSurface
3524.71 1074.92 367.33 2 8 2 9 820395 25.3628 99764.5 1.32198 2.00489e+06 820395 ZonesAtSurface
3574.77 1074.94 357.322 1 0 2 10 1.14101e+06 41.3444 102906 1.06093 6.17497e+06 1.14101e+06 ZonesAtSurface
3624.83 1074.93 447.248 0 10 2 9 1.38355e+06 32.0573 84643.4 1.42178 3.561e+06 1.38355e+06 ZonesAtSurface
3674.89 1074.95 437.25 3 0 2 10 566621 42.6799 147853 1.06551 2.38597e+06 566621 ZonesAtSurface
3724.97 1074.95 477.214 2 4 2 10 815934 16.8705 90703 1.15409 1.85493e+06 815934 ZonesAtSurface
3775.06 1074.96 477.212 3 1 2 10 673696 29.7128 72948.8 1.12018 2.05373e+06 673696 ZonesAtSurface
3825.14 1074.96 437.248 1 1 2 10 1.26227e+06 36.6878 123018 1.10126 4.35537e+06 1.26227e+06 ZonesAtSurface
3875.21 1074.95 397.283 0 0 1 10 1.27724e+06 30.6121 87575 1.06756 4.14791e+06 1.27724e+06 ZonesAtSurface
3925.3 1074.93 407.268 0 3 1 9 1.41659e+06 25.5432 141592 1.56959 3.13083e+06 1.41659e+06 ZonesAtSurface
3975.35 1074.94 317.351 0 0 2 10 1.10156e+06 34.2925 80745.8 1.0334 4.87255e+06 1.10156e+06 ZonesAtSurface
4025.4 1074.94 277.38 0 0 2 10 729216 16.5753 88425.7 1.02486 2.05218e+06 729216 ZonesAtSurface
4075.44 1074.92 287.386 10 10 1 9 1.49002e+06 20.5418 141981 1.28279 3.458e+06 1.49002e+06 ZonesAtSurface
4125.5 1074.89 297.378 5 0 2 8 925640 20.185 60791.2 1.1947 2.46243e+06 925640 ZonesAtSurface
4175.5 1074.9 207.444 10 9 1 9 858604 18.6815 139703 1.22354 2.00472e+06 858604 ZonesAtSurface
4225.52 1074.9 167.471 5 1 2 9 667609 41.6094 123489 1.14865 2.4008e+06 667609 ZonesAtSurface
4275.53 1074.9 127.498 9 2 2 9 712439 17.9379 107898 1.0428 1.83574e+06 712439 ZonesAtSurface
4325.51 1074.94 37.5348 1 0 1 10 1.26891e+06 36.2647 63726.3 1.66391 7.74895e+06 1.26891e+06 ZonesAtSurface
4375.53 1074.91 47.5517 7 0 2 9 866312 16.4126 104435 1.11016 2.76996e+06 866312 ZonesAtSurface
4425.52 1074.92 7.58004 8 0 1 9 655323 39.6322 110013 1.33826 8.7313e+06 655323 ZonesAtSurface
4475.5 1074.95 -32.4002 5 0 1 9 919346 28.1237 97539 1.11278 7.38329e+06 919346 ZonesAtSurface
4525.5 1074.94 -22.3673 18 0 1 8 1.31067e+06 37.7485 113731 1.25212 7.35166e+06 1.31067e+06 ZonesAtSurface
4575.49 1074.94 -12.3247 47 0 1 7 513020 40.6291 86614.6 1.57718 3.31941e+06 513020 ZonesAtSurface
4625.48 1074.94 -2.29441 25 27 2 6 1.16665e+06 42.8667 111267 2.54722 2.29999e+06 1.16665e+06 ZonesAtSurface
4675.43 1074.95 -42.2941 67 0 1 6 638351 19.7974 135333 1.06045 2.97509e+06 638351 ZonesAtSurface
4725.33 1074.95 -32.2094 67 0 1 5 737081 15.7226 111432 1.19892 2.12276e+06 737081 ZonesAtSurface
4775.28 1074.96 -22.2167 48 38 1 4 1.41798e+06 26.5667 82478.9 1.6045 2.96985e+06 1.41798e+06 ZonesAtSurface
4825.21 1074.96 -12.2005 86 30 1 3 1.44538e+06 25.6937 90481.2 1.19768 3.99298e+06 1.44538e+06 ZonesAtSurface
4875.13 1074.97 -2.19766 95 0 1 2 521134 41.4408 83093.2 2.34901 2.5996e+06 521134 ZonesAtSurface
4925.06 1074.97 7.77703 111 12 1 1 1.0421e+06 31.687 89498 1.33537 3.47256e+06 1.0421e+06 ZonesAtSurface
74.9606 1124.98 -13.7563 86 12 1 1 1.29425e+06 40.2357 85646.7 1.71968 5.06071e+06 1.29425e+06 ZonesAtSurface
124.847 1124.97 -38.7567 120 0 1 2 854551 29.7463 101530 1.29385 5.26719e+06 854551 ZonesAtSurface
174.761 1124.97 -13.7159 92 75 1 2 785383 40.7302 142984 3.08611 1.29751e+06 785383 ZonesAtSurface
224.697 1124.96 -38.74 91 0 1 3 569280 42.788 100143 1.1128 5.58805e+06 569280 ZonesAtSurface
274.624 1124.96 -13.7153 94 27 1 3 1.17201e+06 20.1813 52444.1 1.78142 2.10064e+06 1.17201e+06 ZonesAtSurface
324.571 1124.95 -38.7759 71 0 1 4 964307 25.4504 103211 1.04061 5.22432e+06 964307 ZonesAtSurface
374.514 1124.95 -13.7904 74 8 1 4 1.35226e+06 23.3646 100274 2.27743 2.0642e+06 1.35226e+06 ZonesAtSurface
424.497 1124.94 -38.8147 18 0 1 5 1.2107e+06 42.5614 56070.5 1.25438 6.97903e+06 1.2107e+06 ZonesAtSurface
474.463 1124.93 -13.8127 28 0 1 5 904397 16.6555 106568 1.27049 2.05411e+06 904397 ZonesAtSurface
524.445 1124.93 -38.8553 19 0 1 6 1.08236e+06 22.941 101921 1.0207 5.53647e+06 1.08236e+06 ZonesAtSurface
574.414 1124.92 -13.8596 22 0 1 6 1.48739e+06 26.5234 118262 1.02975 5.38169e+06 1.48739e+06 ZonesAtSurface
624.415 1124.93 -38.8877 1 0 1 7 553919 29.4128 116901 1.16542 7.13638e+06 553919 ZonesAtSurface
674.395 1124.92 -13.9007 0 0 1 7 1.23159e+06 24.6214 53308.2 1.28855 6.58556e+06 1.23159e+06 ZonesAtSurface
724.377 1124.91 11.0834 8 0 1 7 1.4819e+06 32.9809 127720 1.70353 7.86455e+06 1.4819e+06 ZonesAtSurface
774.34 1124.88 86.0499 9 6 2 6 674976 35.5104 56634.6 1.0231 2.46374e+06 674976 ZonesAtSurface
824.337 1124.88 111.031 10 5 2 6 854362 16.8399 130270 1.14743 1.93951e+06 854362 ZonesAtSurface
874.35 1124.9 86.0226 3 0 2 7 581159 35.5899 61863.1 1.00238 3.92604e+06 581159 ZonesAtSurface
924.34 1124.9 160.995 0 0 2 6 1.21189e+06 26.1706 110544 1.16091 3.36177e+06 1.21189e+06 ZonesAtSurface
974.355 1124.91 135.986 8 0 1 7 1.09934e+06 25.8772 92996.2 1.00668 4.30994e+06 1.09934e+06 ZonesAtSurface
1024.35 1124.91 260.945 4 10 2 5 1.34454e+06 22.3318 100236 1.5655 2.50744e+06 1.34454e+06 ZonesAtSurface
1074.37 1124.91 235.937 3 0 2 6 846104 26.5786 133108 1.1064 2.63004e+06 846104 ZonesAtSurface
1124.39 1124.92 260.916 2 0 2 6 882056 34.0621 77075.5 1.04787 3.12511e+06 882056 ZonesAtSurface
1174.41 1124.92 285.899 7 2 2 6 1.3643e+06 26.9192 125240 1.07891 4.08375e+06 1.3643e+06 ZonesAtSurface
1224.43 1124.93 360.874 5 8 2 5 563042 39.9239 105946 1.79054 1.24182e+06 563042 ZonesAtSurface
1274.46 1124.95 285.883 4 0 1 7 1.02396e+06 38.3872 139325 1.03038 4.89092e+06 1.02396e+06 ZonesAtSurface
1324.49 1124.94 360.856 0 6 2 6 1.29957e+06 17.2586 107009 1.46226 2.42979e+06 1.29957e+06 ZonesAtSurface
1374.53 1124.96 335.856 7 0 2 7 1.0309e+06 24.4485 139268 1.01347 3.09554e+06 1.0309e+06 ZonesAtSurface
1424.57 1124.97 310.852 8 0 1 8 898751 36.445 134824 1.01844 4.37968e+06 898751 ZonesAtSurface
1474.62 1124.97 285.85 9 0 1 9 1.05203e+06 36.8779 50486 1.05212 5.73848e+06 1.05203e+06 ZonesAtSurface
1524.65 1124.97 310.842 8 0 1 9 1.28446e+06 35.2696 53496.5 1.02139 4.85379e+06 1.28446e+06 ZonesAtSurface
1574.7 1124.97 335.834 2 0 2 9 637130 27.1796 135993 1.06917 2.22443e+06 637130 ZonesAtSurface
1624.75 1124.97 360.826 6 5 2 9 1.30462e+06 25.6812 122305 1.55411 2.58542e+06 1.30462e+06 ZonesAtSurface
1674.82 1124.98 335.833 0 1 2 10 850765 25.509 87020.3 1.33623 1.94373e+06 850765 ZonesAtSurface
1724.89 1124.98 360.846 10 4 1 10 985874 43.9779 60072.5 1.2172 3.67544e+06 985874 ZonesAtSurface
1774.99 1124.99 285.891 4 0 1 12 1.25623e+06 33.2746 147914 1.00707 7.5278e+06 1.25623e+06 ZonesAtSurface
1825.06 1124.99 310.903 7 0 1 12 1.48697e+06 19.5467 77190.8 1.0109 5.57774e+06 1.48697e+06 ZonesAtSurface
1875.17 1124.97 485.693 6 10 2 9 911772 17.4567 62240.1 2.63534 925299 911772 ZonesAtSurface
1925.27 1124.98 360.889 1 1 2 12 1.12168e+06 40.1917 112361 1.06207 4.2333e+06 1.12168e+06 ZonesAtSurface
1975.41 1124.98 385.865 2 10 1 12 975540 39.3325 95254.2 1.18049 3.26979e+06 975540 ZonesAtSurface
2025.55 1124.98 398.333 5 5 2 11 1.32718e+06 18.1186 116144 1.09608 3.29698e+06 1.32718e+06 ZonesAtSurface
2075.5 1124.98 248.531 3 0 1 12 951296 34.9645 126183 1.11827 3.54732e+06 951296 ZonesAtSurface
2125.41 1124.98 98.6039 1 0 1 13 518610 38.8596 50068.3 1.0286 7.47471e+06 518610 ZonesAtSurface
2175.41 1124.98 48.6215 10 0 1 12 1.11219e+06 30.9608 117794 1.03261 7.81431e+06 1.11219e+06 ZonesAtSurface
2225.4 1124.98 -1.36456 23 0 1 11 744481 18.8559 142818 1.10948 5.50872e+06 744481 ZonesAtSurface
2275.39 1124.98 -1.32969 18 0 1 9 1.0095e+06 39.2298 145382 1.6653 5.85495e+06 1.0095e+06 ZonesAtSurface
2325.39 1124.98 -1.30661 67 0 1 7 936780 25.0357 92227 2.10838 2.13657e+06 936780 ZonesAtSurface
2375.36 1124.98 -1.2811 65 0 1 5 783028 41.1942 115673 1.93875 3.26238e+06 783028 ZonesAtSurface
2425.32 1124.98 -1.23435 111 19 1 3 873039 20.1134 139202 1.90777 1.53052e+06 873039 ZonesAtSurface
2475.26 1124.98 -1.20617 84 61 1 1 1.31601e+06 19.237 130809 2.63725 1.55676e+06 1.31601e+06 ZonesAtSurface
2525.08 1124.98 -31.1752 81 10 1 1 1.43105e+06 17.5251 123338 2.12181 2.17558e+06 1.43105e+06 ZonesAtSurface
2574.94 1124.98 -41.2009 102 0 1 2 830846 20.1753 81590.2 1.37041 3.23972e+06 830846 ZonesAtSurface
2624.82 1124.97 -1.15326 57 63 1 2 698164 19.9898 139731 1.60571 1.29446e+06 698164 ZonesAtSurface
2674.79 1124.97 -11.179 62 10 1 3 1.18853e+06 35.8794 111109 4.46686 1.95127e+06 1.18853e+06 ZonesAtSurface
2724.76 1124.96 -21.1961 60 0 1 4 1.16093e+06 25.7398 92142.6 2.26424 2.92232e+06 1.16093e+06 ZonesAtSurface
2774.72 1124.95 -31.2171 40 0 1 5 1.41119e+06 26.085 74626.3 1.0526 5.42505e+06 1.41119e+06 ZonesAtSurface
2824.65 1124.94 -41.2783 48 0 1 6 739468 30.3412 96707.3 1.03732 8.03703e+06 739468 ZonesAtSurface
2874.58 1124.93 -1.29089 21 0 1 6 743217 44.6065 55844 1.09708 6.41551e+06 743217 ZonesAtSurface
2924.58 1124.93 -11.3176 7 0 1 7 1.0229e+06 35.286 95800.9 1.17445 8.22582e+06 1.0229e+06 ZonesAtSurface
2974.58 1124.93 -21.3447 6 0 1 8 979011 31.6921 121635 1.10319 8.85005e+06 979011 ZonesAtSurface
3024.47 1124.89 118.607 10 9 2 6 840963 20.7864 80380.1 1.13359 2.17712e+06 840963 ZonesAtSurface
3074.47 1124.88 158.581 10 10 2 6 1.03971e+06 37.8753 90446.4 1.11749 3.65056e+06 1.03971e+06 ZonesAtSurface
3124.49 1124.89 148.565 1 0 2 7 1.11901e+06 22.9844 131981 0.99674 3.24968e+06 1.11901e+06 ZonesAtSurface
3174.5 1124.89 188.533 5 4 2 7 1.39903e+06 24.3066 78086.6 1.03184 4.14435e+06 1.39903e+06 ZonesAtSurface
3224.52 1124.91 178.516 8 0 1 8 815846 39.6107 78721.1 1.00806 3.95318e+06 815846 ZonesAtSurface
3274.52 1124.9 268.464 6 5 2 7 1.33594e+06 20.9967 145536 1.07602 3.49787e+06 1.33594e+06 ZonesAtSurface
3324.54 1124.9 308.43 7 5 2 7 771158 29.3141 79105.5 1.24603 2.04208e+06 771158 ZonesAtSurface
3374.56 1124.91 348.392 0 7 1 7 1.40237e+06 27.587 96006.9 1.25556 3.63593e+06 1.40237e+06 ZonesAtSurface
3424.61 1124.93 338.382 7 7 1 8 1.11504e+06 44.5528 114345 1.15138 4.56676e+06 1.11504e+06 ZonesAtSurface
3474.65 1124.93 378.345 2 2 2 8 1.16608e+06 24.3538 118591 1.07554 3.32476e+06 1.16608e+06 ZonesAtSurface
3524.71 1124.94 418.304 1 0 2 8 593969 26.1821 98232.1 1.00727 2.22213e+06 593969 ZonesAtSurface
3574.76 1124.94 458.264 10 4 2 8 679733 41.4172 69999.6 1.06829 2.56854e+06 679733 ZonesAtSurface
3624.83 1124.96 448.257 4 2 2 9 904423 26.8703 98126.2 1.15098 2.47469e+06 904423 ZonesAtSurface
3674.89 1124.96 488.22 6 0 2 9 556999 44.398 105483 1.19364 2.11193e+06 556999 ZonesAtSurface
3724.97 1124.98 428.264 1 0 1 11 1.11678e+06 29.637 56506.7 1.01087 4.90505e+06 1.11678e+06 ZonesAtSurface
3775.07 1124.95 578.082 0 9 2 8 1.25855e+06 40.3234 66060.2 1.70995 3.09348e+06 1.25855e+06 ZonesAtSurface
3825.16 1124.96 488.179 1 0 2 9 788751 20.8709 58335 1.07423 2.46039e+06 788751 ZonesAtSurface
3875.23 1124.94 498.177 1 0 2 8 1.3193e+06 44.9198 116720 1.0976 5.8758e+06 1.3193e+06 ZonesAtSurface
3925.32 1124.94 508.156 0 7 2 7 902207 21.6486 53494.9 1.2931 2.03018e+06 902207 ZonesAtSurface
3975.39 1124.93 468.202 2 0 2 7 912327 38.0624 99709.2 1.03592 3.34767e+06 912327 ZonesAtSurface
4025.45 1124.92 478.211 6 4 2 6 727964 37.0976 52110.9 1.23514 2.39064e+06 727964 ZonesAtSurface
4075.5 1124.92 388.3 0 0 2 7 968503 41.8216 139284 1.06377 4.18252e+06 968503 ZonesAtSurface
4125.53 1124.91 348.344 1 2 2 7 932768 37.5618 68105.2 1.20641 3.3613e+06 932768 ZonesAtSurface
4175.56 1124.91 308.384 1 1 1 7 1.45434e+06 17.7772 147028 1.05282 3.71177e+06 1.45434e+06 ZonesAtSurface
4225.58 1124.91 268.426 9 5 1 7 831243 20.4532 61061.6 0.983901 2.37224e+06 831243 ZonesAtSurface
4275.56 1124.92 178.486 6 1 1 8 1.48323e+06 30.0323 64881.8 1.00662 5.01046e+06 1.48323e+06 ZonesAtSurface
4325.59 1124.9 188.496 3 0 2 7 680352 35.7417 84446.2 0 2.41068e+06 680352 ZonesAtSurface
4375.6 1124.9 148.525 5 5 2 7 1.00923e+06 40.3653 104496 1.05813 3.88322e+06 1.00923e+06 ZonesAtSurface
4425.6 1124.9 108.551 8 8 2 7 1.19705e+06 27.6889 87775.1 1.14528 3.43784e+06 1.19705e+06 ZonesAtSurface
4475.51 1124.95 -31.4099 0 0 1 9 795051 35.2651 104657 1.62186 8.92376e+06 795051 ZonesAtSurface
4525.5 1124.95 -21.373 14 0 1 8 699395 39.5529 100864 1.09344 8.87089e+06 699395 ZonesAtSurface
4575.49 1124.96 -11.3267 46 0 1 7 873444 23.5476 126845 1.45054 2.4289e+06 873444 ZonesAtSurface
4625.48 1124.96 -1.29781 36 13 2 6 632707 27.6464 59993.3 1.28801 1.70654e+06 632707 ZonesAtSurface
4675.42 1124.96 -41.3029 57 0 1 6 1.31459e+06 25.7583 83343.4 1.08647 6.34278e+06 1.31459e+06 ZonesAtSurface
4725.33 1124.96 -31.2416 64 0 1 5 1.06088e+06 42.3876 149106 1.31742 5.06664e+06 1.06088e+06 ZonesAtSurface
4775.28 1124.97 -21.2356 48 16 1 4 1.27226e+06 41.0076 95044.9 1.61326 3.67761e+06 1.27226e+06 ZonesAtSurface
4825.19 1124.97 -11.2114 103 32 1 3 836260 16.9156 92483 1.3036 1.847e+06 836260 ZonesAtSurface
4875.11 1124.97 -1.21676 85 15 1 2 1.19131e+06 33.8354 132724 1.88809 3.05676e+06 1.19131e+06 ZonesAtSurface
4925.05 1124.98 8.75786 122 0 1 1 612753 44.8156 145473 1.84327 3.13703e+06 612753 ZonesAtSurface
74.9603 1174.98 -12.7561 87 0 1 1 583505 21.0071 58217 1.59819 2.20566e+06 583505 ZonesAtSurface
124.841 1174.98 -37.7636 119 0 1 2 1.09422e+06 26.6717 52855.5 1.31672 4.31264e+06 1.09422e+06 ZonesAtSurface
174.755 1174.98 -12.722 115 46 1 2 611354 27.8394 68627.2 2.43248 930162 611354 ZonesAtSurface
224.692 1174.97 -37.7431 84 0 1 3 1.34009e+06 28.7085 64412.8 1.2576 5.27038e+06 1.34009e+06 ZonesAtSurface
274.62 1174.97 -12.7281 90 0 1 3 549972 41.1589 97731.4 1.99721 2.31569e+06 549972 ZonesAtSurface
324.561 1174.97 -37.7978 56 0 1 4 925904 42.2135 102161 1.32163 7.02491e+06 925904 ZonesAtSurface
374.503 1174.96 -12.8106 53 0 1 4 779056 31.1281 121423 2.12261 2.00053e+06 779056 ZonesAtSurface
424.488 1174.95 -37.8376 5 0 1 5 1.12734e+06 39.0955 90644.3 1.17816 8.36459e+06 1.12734e+06 ZonesAtSurface
474.445 1174.94 -12.8437 21 0 1 5 936746 16.9344 74467.2 1.02473 3.79843e+06 936746 ZonesAtSurface
524.438 1174.94 -37.8734 0 0 1 6 1.22566e+06 43.3909 103946 3.1553 7.12072e+06 1.22566e+06 ZonesAtSurface
574.406 1174.94 -12.8791 3 0 1 6 1.16572e+06 25.1375 121317 1.10873 6.62262e+06 1.16572e+06 ZonesAtSurface
624.38 1174.93 12.1075 2 0 1 6 591106 24.0409 72846.6 1.06546 5.16359e+06 591106 ZonesAtSurface
674.336 1174.91 87.0787 10 8 1 5 728553 17.2342 117583 1.08711 1.79848e+06 728553 ZonesAtSurface
724.344 1174.92 62.0713 8 0 1 6 755536 33.8915 79197.8 1.05025 5.64755e+06 755536 ZonesAtSurface
774.319 1174.92 137.042 5 10 1 5 1.35648e+06 29.1429 125319 1.12598 3.9172e+06 1.35648e+06 ZonesAtSurface
824.33 1174.93 112.033 0 0 2 6 1.43002e+06 36.2579 79248.2 1.0118 5.66038e+06 1.43002e+06 ZonesAtSurface
874.329 1174.93 137.014 4 0 1 6 679408 31.8582 63341.2 1.00394 3.7858e+06 679408 ZonesAtSurface
924.324 1174.93 211.985 9 8 1 5 1.19775e+06 38.9174 148939 1.12786 4.00838e+06 1.19775e+06 ZonesAtSurface
974.333 1174.93 236.965 10 1 2 5 820786 34.6715 146409 1.04163 2.6696e+06 820786 ZonesAtSurface
1024.35 1174.94 211.956 0 0 2 6 518939 27.9208 78069.3 1.00458 3.34983e+06 518939 ZonesAtSurface
1074.36 1174.94 286.927 0 7 2 5 1.3081e+06 41.8628 119447 1.27406 4.32388e+06 1.3081e+06 ZonesAtSurface
1124.38 1174.94 311.906 2 0 2 5 687438 33.8343 78524.8 1.01973 2.41757e+06 687438 ZonesAtSurface
1174.4 1174.94 336.888 0 0 2 5 1.48829e+06 33.803 57630.7 1.36345 4.03e+06 1.48829e+06 ZonesAtSurface
1224.43 1174.95 361.871 7 5 2 5 959314 24.4469 77641.8 1.20258 2.39258e+06 959314 ZonesAtSurface
1274.46 1174.95 436.834 7 9 2 4 1.38526e+06 19.8036 119597 0 2.90186e+06 1.38526e+06 ZonesAtSurface
1324.49 1174.97 311.864 2 0 2 7 1.26829e+06 15.4168 97085 1.00644 3.97547e+06 1.26829e+06 ZonesAtSurface
1374.53 1174.96 386.845 10 9 2 6 721128 43.9394 105765 1.53519 1.91279e+06 721128 ZonesAtSurface
1424.56 1174.97 361.842 9 5 1 7 812305 27.5941 145751 1.51625 1.65008e+06 812305 ZonesAtSurface
1474.6 1174.97 336.836 2 0 2 8 1.00069e+06 27.2629 119817 1.02159 3.70098e+06 1.00069e+06 ZonesAtSurface
1524.65 1174.97 361.829 6 6 2 8 1.07283e+06 23.2973 141945 1.24268 2.50658e+06 1.07283e+06 ZonesAtSurface
1574.69 1174.98 386.824 10 9 2 8 998000 39.1815 98623.4 1.63889 2.42066e+06 998000 ZonesAtSurface
1624.76 1174.98 311.834 1 0 1 10 712086 29.463 128076 1.02496 4.89238e+06 712086 ZonesAtSurface
1674.84 1174.98 286.854 0 0 1 11 560534 16.8227 93820.8 1.01866 3.71739e+06 560534 ZonesAtSurface
1724.88 1174.98 361.843 4 0 1 10 580463 44.1803 148476 1.01472 2.38592e+06 580463 ZonesAtSurface
1774.99 1174.99 286.892 1 0 1 12 892950 35.5996 115603 1.00558 7.47352e+06 892950 ZonesAtSurface
1825.06 1174.98 311.902 8 0 1 12 1.14234e+06 41.6901 131612 1.00359 6.31512e+06 1.14234e+06 ZonesAtSurface
1875.16 1174.99 436.785 4 3 2 10 1.39065e+06 19.4468 96360.8 1.05506 3.64402e+06 1.39065e+06 ZonesAtSurface
1925.26 1174.98 361.897 2 0 1 12 535080 21.0608 87098.1 1.02724 2.69803e+06 535080 ZonesAtSurface
1975.37 1174.98 336.933 1 0 1 13 1.27857e+06 27.1369 130214 1.03575 4.97066e+06 1.27857e+06 ZonesAtSurface
2025.58 1174.99 449.242 0 0 2 10 624565 42.3381 87106.7 1.09726 2.34548e+06 624565 ZonesAtSurface
2075.57 1174.98 299.474 8 4 1 11 1.33813e+06 34.2882 51494 1.22335 4.9574e+06 1.33813e+06 ZonesAtSurface
2125.41 1174.98 99.6041 1 0 1 13 1.18505e+06 18.2857 73616.7 1.01335 5.58521e+06 1.18505e+06 ZonesAtSurface
2175.36 1174.98 -0.384622 0 0 1 13 1.22242e+06 34.8357 116271 2.44807 7.52616e+06 1.22242e+06 ZonesAtSurface
2225.39 1174.98 -0.366269 12 0 1 11 1.47747e+06 23.5203 59549.1 1.12502 8.26779e+06 1.47747e+06 ZonesAtSurface
2275.4 1175 -0.328878 30 0 1 9 818424 29.3878 104208 1.47969 2.7718e+06 818424 ZonesAtSurface
2325.38 1174.99 -0.304622 45 0 1 7 712152 42.3961 101364 1.89402 3.97105e+06 712152 ZonesAtSurface
2375.35 1175 -0.283437 82 0 1 5 598624 32.3149 129551 1.97665 2.52206e+06 598624 ZonesAtSurface
2425.32 1175 -0.221257 111 32 1 3 1.35373e+06 18.409 127982 1.78297 2.39283e+06 1.35373e+06 ZonesAtSurface
2475.24 1175 -0.201963 107 0 1 1 705971 41.2277 141595 4.0821 1.76169e+06 705971 ZonesAtSurface
2525.07 1174.99 -30.1838 68 0 1 1 1.4681e+06 24.7832 147320 1.49927 4.00253e+06 1.4681e+06 ZonesAtSurface
2574.94 1174.99 -40.1974 103 0 1 2 796533 26.3552 145585 1.30628 3.65988e+06 796533 ZonesAtSurface
2624.81 1174.98 -0.156 72 66 1 2 1.03538e+06 19.2571 66901 1.97003 1.65809e+06 1.03538e+06 ZonesAtSurface
2674.78 1174.97 -10.1875 78 0 1 3 556391 23.5714 136216 2.00358 1.24543e+06 556391 ZonesAtSurface
2724.76 1174.97 -20.201 40 1 1 4 1.46683e+06 44.9433 92901.6 2.62558 5.30377e+06 1.46683e+06 ZonesAtSurface
2774.7 1174.96 -30.2407 43 0 1 5 872690 44.2782 83862.3 1.10558 5.84214e+06 872690 ZonesAtSurface
2824.65 1174.96 -40.2964 32 0 1 6 1.48552e+06 39.2397 93385.8 1.14407 1.19003e+07 1.48552e+06 ZonesAtSurface
2874.58 1174.95 -0.308037 23 0 1 6 1.12292e+06 33.196 84634.4 1.03801 7.73606e+06 1.12292e+06 ZonesAtSurface
2924.58 1174.94 -10.3302 1 0 1 7 1.22835e+06 32.5764 114233 1.07855 8.41284e+06 1.22835e+06 ZonesAtSurface
2974.54 1174.94 29.6508 7 0 1 7 606549 23.1308 100128 1.01361 5.55543e+06 606549 ZonesAtSurface
3024.51 1174.94 69.6227 10 0 1 7 665719 32.1312 118425 1.01937 6.55993e+06 665719 ZonesAtSurface
3074.44 1174.92 209.565 4 10 2 5 807539 39.1162 105971 1.18799 2.65236e+06 807539 ZonesAtSurface
3124.49 1174.93 149.567 8 0 1 7 1.4917e+06 27.5638 104768 1.02852 6.11446e+06 1.4917e+06 ZonesAtSurface
3174.49 1174.93 189.534 4 0 1 7 701661 18.7996 113827 1.0164 2.6891e+06 701661 ZonesAtSurface
3224.47 1174.92 329.455 9 8 2 5 519620 34.6004 55046.1 0 1.45679e+06 519620 ZonesAtSurface
3274.5 1174.93 319.443 4 4 2 6 1.18844e+06 21.4956 132147 0.997022 3.3562e+06 1.18844e+06 ZonesAtSurface
3324.51 1174.93 359.405 8 1 2 6 572991 37.7693 125485 0 1.92514e+06 572991 ZonesAtSurface
3374.54 1174.94 399.363 5 8 2 6 1.21144e+06 22.8005 126915 0.999615 3.49314e+06 1.21144e+06 ZonesAtSurface
3424.59 1174.94 389.353 0 0 2 7 1.2291e+06 33.9642 135392 1.13953 3.83081e+06 1.2291e+06 ZonesAtSurface
3474.63 1174.94 479.271 6 10 1 6 676550 42.2805 149320 0 1.85652e+06 676550 ZonesAtSurface
3524.69 1174.96 469.266 4 10 2 7 868087 22.9524 132636 2.08383 1.17996e+06 868087 ZonesAtSurface
3574.76 1174.97 459.266 7 9 1 8 1.03713e+06 37.4135 91883.2 1.40382 2.92094e+06 1.03713e+06 ZonesAtSurface
3624.83 1174.98 449.255 11 2 1 9 1.0796e+06 27.8447 71548.5 1.05923 3.38057e+06 1.0796e+06 ZonesAtSurface
3674.89 1174.98 489.221 4 4 2 9 936535 37.9788 72155.1 1.09379 3.4181e+06 936535 ZonesAtSurface
3724.97 1174.98 529.171 8 0 2 9 1.0449e+06 29.9612 100052 1.12272 4.34917e+06 1.0449e+06 ZonesAtSurface
3775.08 1174.98 579.076 0 7 2 8 1.02256e+06 33.2996 109942 2.0373 1.83086e+06 1.02256e+06 ZonesAtSurface
3825.16 1174.97 539.122 7 0 1 8 636217 44.2746 102464 1.06995 2.92617e+06 636217 ZonesAtSurface
3875.23 1174.96 549.126 0 7 2 7 1.37417e+06 35.8189 145253 1.32124 3.77905e+06 1.37417e+06 ZonesAtSurface
3925.31 1174.96 509.163 0 5 2 7 769802 34.3081 89529 0 2.39093e+06 769802 ZonesAtSurface
3975.4 1174.95 519.15 0 8 2 6 1.30839e+06 30.9586 55519.1 1.23631 3.6897e+06 1.30839e+06 ZonesAtSurface
4025.46 1174.95 529.16 5 6 2 5 930985 32.4012 145473 1.06008 2.89814e+06 930985 ZonesAtSurface
4075.48 1174.96 339.349 0 0 1 8 975431 30.7478 99434.6 1.05642 5.20224e+06 975431 ZonesAtSurface
4125.55 1174.94 399.317 5 0 2 6 706142 21.3265 122687 1.0269 1.93812e+06 706142 ZonesAtSurface
4175.56 1174.94 309.391 9 0 1 7 1.40766e+06 23.561 140522 1.00854 4.81691e+06 1.40766e+06 ZonesAtSurface
4225.62 1174.93 369.372 0 9 2 5 1.16241e+06 39.458 72339.6 0 3.59704e+06 1.16241e+06 ZonesAtSurface
4275.57 1174.95 179.484 5 0 1 8 1.1876e+06 18.1916 51286.9 1.03827 4.86266e+06 1.1876e+06 ZonesAtSurface
4325.63 1174.93 239.477 3 6 2 6 1.47184e+06 19.0398 109730 1.10314 3.67214e+06 1.47184e+06 ZonesAtSurface
4375.59 1174.95 99.5375 9 0 1 8 1.49386e+06 26.026 66086.4 1.02581 6.11199e+06 1.49386e+06 ZonesAtSurface
4425.58 1174.95 59.5599 4 0 1 8 1.07794e+06 21.8142 65816.7 1.03486 4.95407e+06 1.07794e+06 ZonesAtSurface
4475.56 1174.95 19.5877 10 0 1 8 1.18058e+06 20.1467 80306.8 1.07824 6.46471e+06 1.18058e+06 ZonesAtSurface
4525.52 1174.96 -20.3838 31 0 1 8 1.2311e+06 19.4858 64557.6 1.02532 6.22981e+06 1.2311e+06 ZonesAtSurface
4575.5 1174.97 -10.3381 30 0 1 7 1.10461e+06 24.9874 58681 1.24952 3.36351e+06 1.10461e+06 ZonesAtSurface
4625.48 1174.97 -0.295701 45 0 1 6 630846 19.7819 132136 1.4612 1.5478e+06 630846 ZonesAtSurface
4675.41 1174.97 -40.2928 55 0 1 6 1.46107e+06 29.2803 93780.9 1.07972 6.94541e+06 1.46107e+06 ZonesAtSurface
4725.34 1174.97 -30.2614 65 3 1 5 1.42839e+06 28.5477 53380.6 1.51661 4.31677e+06 1.42839e+06 ZonesAtSurface
4775.28 1174.98 -20.246 59 11 1 4 968215 43.6339 84805.9 1.60568 3.56375e+06 968215 ZonesAtSurface
4825.18 1174.97 -10.2127 101 14 1 3 745450 19.3683 55923.5 1.27286 1.87848e+06 745450 ZonesAtSurface
4875.1 1174.98 -0.228781 47 21 1 2 1.3895e+06 44.7967 95825.8 3.10587 2.77204e+06 1.3895e+06 ZonesAtSurface
4925.05 1174.98 9.74884 96 22 1 1 1.41289e+06 23.9951 122850 1.47697 3.6259e+06 1.41289e+06 ZonesAtSurface
74.9624 1224.98 -11.7559 80 4 1 1 971252 39.5016 133723 1.76995 3.84437e+06 971252 ZonesAtSurface
124.84 1224.98 -36.7584 116 0 1 2 912927 17.6391 118514 1.30861 3.04121e+06 912927 ZonesAtSurface
174.746 1224.98 -11.7178 113 46 1 2 507227 19.0426 120084 2.4058 632226 507227 ZonesAtSurface
224.686 1224.98 -36.7482 83 0 1 3 1.35976e+06 41.0072 91422 1.18614 6.52887e+06 1.35976e+06 ZonesAtSurface
274.615 1224.98 -11.7402 68 2 1 3 629311 40.2402 68953.3 2.97039 2.05235e+06 629311 ZonesAtSurface
324.559 1224.98 -36.8051 62 0 1 4 1.29551e+06 28.9645 103399 1.20194 6.5894e+06 1.29551e+06 ZonesAtSurface
374.502 1224.97 -11.8132 52 0 1 4 1.23213e+06 31.3287 102816 1.90822 2.77268e+06 1.23213e+06 ZonesAtSurface
424.482 1224.97 -36.8487 14 0 1 5 624506 39.3576 76139.1 1.04272 9.25069e+06 624506 ZonesAtSurface
474.434 1224.96 -11.8594 13 0 1 5 1.04522e+06 22.7828 62254.9 1.00212 6.02236e+06 1.04522e+06 ZonesAtSurface
524.398 1224.96 13.1267 10 0 1 5 1.24879e+06 21.0196 127225 1.03242 5.55726e+06 1.24879e+06 ZonesAtSurface
574.401 1224.96 -11.8874 0 0 1 6 1.24521e+06 38.9685 66854.4 2.74381 6.13726e+06 1.24521e+06 ZonesAtSurface
624.348 1224.96 63.0962 5 0 1 5 816406 22.6403 87514.8 1.01077 3.88432e+06 816406 ZonesAtSurface
674.332 1224.95 88.0754 4 0 2 5 1.40378e+06 27.2942 144156 1.00868 4.87853e+06 1.40378e+06 ZonesAtSurface
724.323 1224.95 113.059 7 4 2 5 1.23587e+06 29.3118 81518.8 1.00424 4.08518e+06 1.23587e+06 ZonesAtSurface
774.317 1224.95 138.044 9 1 1 5 961608 34.4375 61882.4 0.993549 3.51457e+06 961608 ZonesAtSurface
824.314 1224.96 163.025 1 0 2 5 914267 25.7641 75450.5 1.00477 2.98969e+06 914267 ZonesAtSurface
874.315 1224.96 188.006 6 0 2 5 909262 34.7616 140236 1.00559 3.47663e+06 909262 ZonesAtSurface
924.316 1224.96 262.979 6 9 1 4 956036 41.0842 112777 1.15103 3.36466e+06 956036 ZonesAtSurface
974.328 1224.96 237.966 0 0 2 5 896816 44.7732 76712.7 0 3.94806e+06 896816 ZonesAtSurface
1024.34 1224.96 312.938 2 10 2 4 974061 24.9652 107782 1.18521 2.46868e+06 974061 ZonesAtSurface
1074.35 1224.96 337.917 6 6 2 4 805678 36.442 139297 1.24981 2.24613e+06 805678 ZonesAtSurface
1124.37 1224.96 362.895 9 6 2 4 530477 34.5106 114548 0 1.07042e+06 530477 ZonesAtSurface
1174.4 1224.96 387.874 9 8 2 4 1.16084e+06 22.0825 138665 0 2.29821e+06 1.16084e+06 ZonesAtSurface
1224.42 1224.97 362.868 4 0 1 5 826566 40.5336 133460 1.00987 3.17157e+06 826566 ZonesAtSurface
1274.46 1224.97 437.828 4 0 2 4 604917 17.3067 127700 1.07683 1.4941e+06 604917 ZonesAtSurface
1324.49 1224.97 362.852 4 0 1 6 525959 38.2263 86454.3 1.02664 3.04097e+06 525959 ZonesAtSurface
1374.53 1224.98 387.84 2 8 2 6 1.48918e+06 22.2682 77694.3 1.17684 3.71083e+06 1.48918e+06 ZonesAtSurface
1424.56 1224.98 362.841 8 7 1 7 940615 40.8753 139554 1.42145 2.59141e+06 940615 ZonesAtSurface
1474.6 1224.99 337.835 5 1 1 8 987303 41.5502 126763 1.04708 3.73636e+06 987303 ZonesAtSurface
1524.65 1224.99 362.831 1 3 1 8 693000 42.3874 59811.3 1.2244 2.4177e+06 693000 ZonesAtSurface
1574.71 1224.99 287.839 0 0 1 10 1.20585e+06 16.1246 119864 1.12943 4.64775e+06 1.20585e+06 ZonesAtSurface
1624.74 1224.98 362.824 4 5 2 9 1.26282e+06 17.8604 140123 1.16661 2.87743e+06 1.26282e+06 ZonesAtSurface
1674.8 1224.98 387.828 7 8 1 9 629898 39.4257 114686 1.44314 1.63041e+06 629898 ZonesAtSurface
1724.9 1224.99 312.859 5 0 1 11 1.44665e+06 21.1627 60112.5 1.00896 5.18224e+06 1.44665e+06 ZonesAtSurface
1774.97 1224.99 337.869 7 0 1 11 1.28993e+06 33.8955 113087 1.04485 4.37667e+06 1.28993e+06 ZonesAtSurface
1825.05 1224.98 312.9 9 0 1 12 912110 28.0003 121813 1.0079 5.22961e+06 912110 ZonesAtSurface
1875.15 1225 437.789 0 0 2 10 688207 17.9936 110664 0 1.81507e+06 688207 ZonesAtSurface
1925.26 1224.98 362.903 6 0 1 12 506676 28.9161 56575.7 1.03095 2.93546e+06 506676 ZonesAtSurface
1975.36 1224.98 337.938 1 0 1 13 884542 27.7376 141689 1.04274 4.5892e+06 884542 ZonesAtSurface
2025.58 1224.99 450.247 8 8 2 10 591043 28.8248 137397 1.08332 1.63774e+06 591043 ZonesAtSurface
2075.62 1224.99 350.407 1 9 1 10 710399 32.5952 74043.7 1.0988 2.22998e+06 710399 ZonesAtSurface
2125.41 1224.98 100.603 1 0 1 13 681730 20.3182 146756 1.01032 4.99268e+06 681730 ZonesAtSurface
2175.41 1224.98 50.618 9 0 1 12 625066 38.4794 138578 1.03055 6.74723e+06 625066 ZonesAtSurface
2225.35 1224.98 -49.3817 0 0 1 12 1.48344e+06 41.6775 135613 4.66965 7.11828e+06 1.48344e+06 ZonesAtSurface
2275.35 1224.98 -49.3577 15 0 1 10 1.21132e+06 22.5356 114002 1.19821 7.61491e+06 1.21132e+06 ZonesAtSurface
2325.33 1224.99 -49.3257 18 0 1 8 1.41304e+06 38.8375 72328.2 2.59185 6.14449e+06 1.41304e+06 ZonesAtSurface
2375.3 1224.99 -49.3124 37 0 1 6 877433 44.0731 102161 2.24064 5.91503e+06 877433 ZonesAtSurface
2425.26 1224.99 -49.2828 96 0 1 4 1.25848e+06 28.2035 60640.2 1.45217 5.3355e+06 1.25848e+06 ZonesAtSurface
2475.17 1224.99 -49.2264 98 0 1 2 1.12878e+06 42.6093 54101.3 2.51523 5.30015e+06 1.12878e+06 ZonesAtSurface
2525.01 1224.98 -29.1841 65 68 1 1 817493 35.4991 145619 1.2788 2.7665e+06 817493 ZonesAtSurface
2574.95 1224.98 -39.1834 104 0 1 2 1.02515e+06 32.6331 97280.4 1.34633 4.16696e+06 1.02515e+06 ZonesAtSurface
2624.87 1224.98 -49.218 62 0 1 3 1.10587e+06 41.2033 126748 1.4944 7.94444e+06 1.10587e+06 ZonesAtSurface
2674.77 1224.98 -9.17962 48 34 1 3 1.29336e+06 30.9738 70145 3.89561 1.68812e+06 1.29336e+06 ZonesAtSurface
2724.74 1224.97 -19.2079 68 0 1 4 1.09327e+06 16.6044 109173 2.02283 2.23882e+06 1.09327e+06 ZonesAtSurface
2774.69 1224.97 -29.2632 50 0 1 5 756549 27.5435 116904 1.15179 4.46789e+06 756549 ZonesAtSurface
2824.65 1224.97 -39.3089 17 0 1 6 1.21119e+06 27.4373 66864.6 1.05302 1.04957e+07 1.21119e+06 ZonesAtSurface
2874.51 1224.96 50.6687 9 0 2 5 796170 36.9718 70594.9 1.03047 3.31648e+06 796170 ZonesAtSurface
2924.48 1224.96 90.6514 7 0 2 5 782578 24.9745 115226 1.03496 2.29138e+06 782578 ZonesAtSurface
2974.5 1224.96 80.6411 4 0 1 6 914059 40.5934 55025.8 1.04004 6.19268e+06 914059 ZonesAtSurface
3024.48 1224.96 120.612 9 0 1 6 1.20431e+06 39.2881 81019.9 1.08216 6.94502e+06 1.20431e+06 ZonesAtSurface
3074.44 1224.96 210.561 5 2 2 5 549800 35.181 59520.2 0 1.95358e+06 549800 ZonesAtSurface
3124.44 1224.96 250.53 2 2 2 5 722470 23.1332 72097.9 1.00851 2.08438e+06 722470 ZonesAtSurface
3174.45 1224.96 290.492 1 2 2 5 1.24571e+06 19.0566 103944 1.00574 3.37975e+06 1.24571e+06 ZonesAtSurface
3224.46 1224.96 330.455 7 7 2 5 622619 23.5088 146381 1.10378 1.5458e+06 622619 ZonesAtSurface
3274.48 1224.96 370.423 5 7 2 5 800168 44.7896 68089.6 1.20121 2.93822e+06 800168 ZonesAtSurface
3324.51 1224.97 360.408 2 0 2 6 738312 38.0554 114327 0 2.68799e+06 738312 ZonesAtSurface
3374.56 1224.97 350.396 9 0 1 7 768214 31.9731 122924 1.10169 3.69826e+06 768214 ZonesAtSurface
3424.61 1224.97 340.377 4 0 1 8 1.40069e+06 25.2451 93835.4 1.01609 4.67892e+06 1.40069e+06 ZonesAtSurface
3474.64 1224.97 430.309 4 0 2 7 1.0623e+06 38.427 136945 1.05132 3.89894e+06 1.0623e+06 ZonesAtSurface
3524.69 1224.98 470.268 7 9 2 7 946133 24.9689 53074.9 1.60869 1.82611e+06 946133 ZonesAtSurface
3574.76 1224.99 460.264 5 5 2 8 979180 17.4263 57120.3 1.26852 2.12618e+06 979180 ZonesAtSurface
3624.82 1225 500.218 8 9 1 8 1.35673e+06 24.3795 77271.5 1.45135 2.91601e+06 1.35673e+06 ZonesAtSurface
3674.89 1225 540.169 10 7 1 8 1.05663e+06 30.3234 53678.4 2.02204 1.89252e+06 1.05663e+06 ZonesAtSurface
3724.98 1224.99 430.258 2 0 1 11 500007 43.0111 139732 1.00287 5.69336e+06 500007 ZonesAtSurface
3775.08 1224.99 580.074 1 6 2 8 736381 35.2733 93491.4 1.90905 1.49202e+06 736381 ZonesAtSurface
3825.15 1224.99 590.078 0 7 2 7 1.36396e+06 36.8955 99662.7 1.42613 3.72929e+06 1.36396e+06 ZonesAtSurface
3875.23 1224.98 550.129 5 4 2 7 1.13408e+06 17.4778 93920.8 1.14136 2.64886e+06 1.13408e+06 ZonesAtSurface
3925.33 1224.98 560.101 8 9 2 6 547891 17.5362 114506 1.50748 928138 547891 ZonesAtSurface
3975.4 1224.98 520.148 4 3 2 6 833108 35.8009 54119.9 1.07529 2.90416e+06 833108 ZonesAtSurface
4025.46 1224.97 530.16 2 7 2 5 786849 30.8228 97969.6 1.09964 2.34195e+06 786849 ZonesAtSurface
4075.52 1224.97 490.226 1 6 2 5 945523 39.3836 77659.1 1.04029 3.60021e+06 945523 ZonesAtSurface
4125.56 1224.97 450.287 8 1 2 5 881770 44.8565 144186 1.02354 3.52263e+06 881770 ZonesAtSurface
4175.59 1224.97 410.334 2 5 2 5 1.29366e+06 16.4105 126856 1.02975 3.27145e+06 1.29366e+06 ZonesAtSurface
4225.62 1224.97 370.376 4 8 2 5 803392 19.24 109047 1.00966 2.14497e+06 803392 ZonesAtSurface
4275.6 1224.97 230.467 0 0 1 7 1.41195e+06 41.9077 51409.7 1.2546 6.43562e+06 1.41195e+06 ZonesAtSurface
4325.64 1224.96 240.475 3 1 2 6 640517 21.7874 74418.6 0 1.86631e+06 640517 ZonesAtSurface
4375.62 1224.96 150.526 5 0 1 7 1.18073e+06 43.6166 72779 1.35089 5.5733e+06 1.18073e+06 ZonesAtSurface
4425.58 1224.97 60.5559 1 0 1 8 712534 40.6441 135120 1.18516 7.42197e+06 712534 ZonesAtSurface
4475.65 1224.96 120.554 4 4 2 6 829374 39.8144 143701 1.17689 2.72285e+06 829374 ZonesAtSurface
4525.53 1224.97 -19.394 7 0 1 8 1.02036e+06 41.6388 149089 1.60724 1.0509e+07 1.02036e+06 ZonesAtSurface
4575.52 1224.97 -9.3543 30 0 1 7 1.35524e+06 28.2936 134076 1.18955 4.66605e+06 1.35524e+06 ZonesAtSurface
4625.46 1224.97 -49.3454 44 0 1 7 619047 17.8232 77364.2 1.00651 4.92049e+06 619047 ZonesAtSurface
4675.4 1224.98 -39.2751 49 0 1 6 586598 21.0708 77814.2 1.15551 3.42778e+06 586598 ZonesAtSurface
4725.34 1224.98 -29.265 60 0 1 5 948635 37.4937 71371.4 3.21509 2.74275e+06 948635 ZonesAtSurface
4775.29 1224.98 -19.2532 89 4 1 4 1.00059e+06 19.6406 66891.9 1.36209 2.61722e+06 1.00059e+06 ZonesAtSurface
4825.19 1224.98 -9.22091 85 0 1 3 524549 27.5815 146179 1.99743 1.92751e+06 524549 ZonesAtSurface
4875.11 1224.98 0.765492 50 7 1 2 1.31781e+06 30.086 75933.7 2.69993 2.1681e+06 1.31781e+06 ZonesAtSurface
4925.05 1224.98 10.7509 91 0 1 1 599288 43.9479 60775.4 2.04253 3.20669e+06 599288 ZonesAtSurface
74.9605 1274.98 -10.7519 82 10 1 1 1.39041e+06 30.9978 105797 1.52151 4.36471e+06 1.39041e+06 ZonesAtSurface
124.834 1274.98 -35.7588 119 0 1 2 574895 17.435 127649 1.24866 2.51431e+06 574895 ZonesAtSurface
174.746 1274.98 -10.7157 96 78 1 2 974085 23.5136 136263 3.46787 961599 974085 ZonesAtSurface
224.687 1274.98 -35.7509 86 0 1 3 554232 36.8917 123984 1.15915 5.16801e+06 554232 ZonesAtSurface
274.615 1274.99 -10.7413 73 30 1 3 979775 33.1746 77316.9 2.72206 2.12543e+06 979775 ZonesAtSurface
324.565 1274.99 -35.7989 67 0 1 4 959437 33.4682 147308 1.06441 6.67981e+06 959437 ZonesAtSurface
374.509 1274.99 -10.8038 35 12 1 4 1.20294e+06 44.2356 110385 2.41712 3.15131e+06 1.20294e+06 ZonesAtSurface
424.481 1274.99 -35.8432 17 0 1 5 512380 38.182 103889 1.02134 7.84372e+06 512380 ZonesAtSurface
474.43 1274.99 -10.8568 18 0 1 5 946224 24.1317 99048.6 1.03396 5.17568e+06 946224 ZonesAtSurface
524.392 1274.99 14.127 6 0 1 5 1.41298e+06 24.5635 79766.6 1.0245 6.49245e+06 1.41298e+06 ZonesAtSurface
574.366 1274.99 39.1123 10 0 1 5 818729 33.6787 127657 1.02032 5.34307e+06 818729 ZonesAtSurface
624.347 1274.99 64.0965 9 0 1 5 571080 29.4222 105847 1.00425 4.43061e+06 571080 ZonesAtSurface
674.315 1274.99 139.07 10 10 2 4 1.21474e+06 18.1608 133723 1.08923 2.97521e+06 1.21474e+06 ZonesAtSurface
724.322 1274.99 114.062 3 0 2 5 1.14894e+06 18.3011 108678 1.00632 3.43061e+06 1.14894e+06 ZonesAtSurface
774.316 1274.99 139.047 10 0 1 5 1.26379e+06 29.1587 147929 1.00575 4.02541e+06 1.26379e+06 ZonesAtSurface
824.312 1274.99 164.027 7 0 1 5 638534 22.0487 145439 1.00625 2.67212e+06 638534 ZonesAtSurface
874.306 1274.99 238.996 5 9 2 4 747555 31.1761 79808.5 1.20501 2.07606e+06 747555 ZonesAtSurface
924.317 1274.99 213.987 8 0 1 5 1.05985e+06 35.3168 113552 1.0025 3.79558e+06 1.05985e+06 ZonesAtSurface
974.322 1274.99 288.954 0 3 2 4 1.04125e+06 32.9813 136655 1.12058 3.14286e+06 1.04125e+06 ZonesAtSurface
1024.34 1274.99 313.935 8 7 2 4 703984 16.1514 124534 1.60649 1.11549e+06 703984 ZonesAtSurface
1074.35 1274.99 288.926 3 0 2 5 1.3845e+06 21.9098 59033.6 1.00236 4.08956e+06 1.3845e+06 ZonesAtSurface
1124.37 1274.99 313.906 0 4 2 5 1.44709e+06 31.6275 65017.8 1.07093 4.7381e+06 1.44709e+06 ZonesAtSurface
1174.39 1274.99 388.874 6 7 2 4 767813 40.8842 52341.2 0 2.34556e+06 767813 ZonesAtSurface
1224.42 1274.99 413.849 5 8 2 4 1.11617e+06 16.0343 145621 0 2.04554e+06 1.11617e+06 ZonesAtSurface
1274.45 1274.99 438.828 7 7 2 4 597064 31.4569 78540.4 1.33097 1.47426e+06 597064 ZonesAtSurface
1324.49 1274.99 413.836 0 5 1 5 1.43452e+06 43.8152 107253 1.59955 3.93193e+06 1.43452e+06 ZonesAtSurface
1374.53 1274.99 438.821 6 8 2 5 674007 16.6621 56558.4 0 1.14527e+06 674007 ZonesAtSurface
1424.56 1274.99 313.847 7 0 1 8 1.11526e+06 31.7144 147839 1.00423 4.55944e+06 1.11526e+06 ZonesAtSurface
1474.6 1275 338.84 10 0 1 8 810496 40.2899 110875 1.00911 3.45441e+06 810496 ZonesAtSurface
1524.64 1275 363.837 6 10 2 8 974200 26.6314 83144.8 1.50908 2.05466e+06 974200 ZonesAtSurface
1574.69 1275 338.834 2 0 2 9 952164 27.2991 58820.5 1.04294 3.43577e+06 952164 ZonesAtSurface
1624.74 1274.99 363.83 2 4 2 9 921249 37.7015 148310 1.30236 2.6142e+06 921249 ZonesAtSurface
1674.81 1274.99 338.842 2 0 2 10 642989 27.6635 65761.9 1.02314 3.54208e+06 642989 ZonesAtSurface
1724.89 1274.98 313.859 6 0 1 11 944125 16.8649 131469 1.00935 4.26653e+06 944125 ZonesAtSurface
1774.97 1274.98 288.887 5 0 1 12 897503 17.8481 123604 1.0164 5.44236e+06 897503 ZonesAtSurface
1825.05 1274.98 313.902 10 0 1 12 1.49538e+06 15.503 69374.1 1.00845 5.39438e+06 1.49538e+06 ZonesAtSurface
1875.14 1274.98 338.911 7 0 1 12 978546 43.1807 140939 1.0429 6.8727e+06 978546 ZonesAtSurface
1925.23 1274.98 313.952 0 0 1 13 918468 26.7488 122219 1.01853 5.48759e+06 918468 ZonesAtSurface
1975.39 1274.98 388.872 6 1 1 12 1.33153e+06 19.226 64313 1.01079 3.65684e+06 1.33153e+06 ZonesAtSurface
2025.43 1274.98 301.475 0 0 1 13 705080 25.4006 95179.4 1.04034 3.24111e+06 705080 ZonesAtSurface
2075.62 1274.99 351.412 4 6 1 10 886095 34.2363 96138 1.10244 2.92053e+06 886095 ZonesAtSurface
2125.45 1274.98 151.589 9 0 1 12 1.29939e+06 38.7828 63518.8 1.04735 6.16108e+06 1.29939e+06 ZonesAtSurface
2175.4 1274.98 51.6149 9 0 1 12 1.21156e+06 15.7912 91662.6 0.987632 4.59897e+06 1.21156e+06 ZonesAtSurface
2225.34 1274.98 -48.3825 2 0 1 12 721158 20.018 121820 1.21152 7.21248e+06 721158 ZonesAtSurface
2275.35 1274.98 -48.3561 9 0 1 10 845473 36.8055 127388 1.3982 8.50737e+06 845473 ZonesAtSurface
2325.34 1274.99 -48.3224 33 0 1 8 666883 19.7736 95993.3 1.81387 2.60246e+06 666883 ZonesAtSurface
2375.3 1274.99 -48.3078 62 0 1 6 1.16658e+06 28.7198 100366 2.1385 3.16133e+06 1.16658e+06 ZonesAtSurface
2425.26 1274.99 -48.2623 86 0 1 4 673762 38.9377 66877.3 1.9136 4.70694e+06 673762 ZonesAtSurface
2475.18 1274.98 -48.2142 105 0 1 2 532526 15.2536 123903 1.38541 2.49338e+06 532526 ZonesAtSurface
2524.97 1274.96 -28.1767 77 57 2 1 1.01057e+06 21.8528 119009 1.09478 3.54977e+06 1.01057e+06 ZonesAtSurface
2574.95 1274.96 -38.1616 73 0 1 2 1.36926e+06 17.7162 119222 1.08535 4.61436e+06 1.36926e+06 ZonesAtSurface
2624.86 1274.96 -48.2021 94 0 1 3 649119 20.1259 85536.4 1.1575 4.80357e+06 649119 ZonesAtSurface
2674.76 1274.97 -8.17185 48 54 1 3 1.35122e+06 26.9334 113214 1.64424 3.39774e+06 1.35122e+06 ZonesAtSurface
2724.73 1274.97 -18.2143 63 0 1 4 713263 22.1849 123183 1.21183 3.24384e+06 713263 ZonesAtSurface
2774.69 1274.98 -28.2659 32 0 1 5 930073 28.0949 82527.3 1.10108 5.26053e+06 930073 ZonesAtSurface
2824.66 1274.98 -38.306 14 0 1 6 987536 43.4864 57792.6 1.2696 1.21064e+07 987536 ZonesAtSurface
2874.64 1274.98 -48.3305 0 0 1 7 1.26625e+06 34.8437 106904 2.01518 9.56722e+06 1.26625e+06 ZonesAtSurface
2924.48 1275 91.6461 8 9 2 5 815874 18.6715 55479.7 1.12499 1.99613e+06 815874 ZonesAtSurface
2974.5 1274.99 81.6376 2 0 1 6 628589 37.374 120075 1.06259 4.86531e+06 628589 ZonesAtSurface
3024.48 1274.99 121.613 6 0 1 6 766520 41.5734 94018.4 1.01137 6.06291e+06 766520 ZonesAtSurface
3074.44 1274.99 211.557 1 2 2 5 1.49877e+06 40.2288 73678.9 1.01303 6.123e+06 1.49877e+06 ZonesAtSurface
3124.45 1275 251.528 1 3 2 5 1.01531e+06 39.9162 113606 1.01409 3.89644e+06 1.01531e+06 ZonesAtSurface
3174.45 1275 291.493 0 0 2 5 942341 42.1323 133450 0.989411 3.74862e+06 942341 ZonesAtSurface
3224.46 1275 331.455 2 9 2 5 1.15004e+06 17.1604 121124 1.06877 2.82782e+06 1.15004e+06 ZonesAtSurface
3274.48 1275 371.424 0 9 2 5 1.47299e+06 37.6151 143767 1.23845 4.47587e+06 1.47299e+06 ZonesAtSurface
3324.54 1274.99 311.436 5 0 1 7 928108 15.5839 144059 1.15184 2.60782e+06 928108 ZonesAtSurface
3374.55 1275 401.359 3 6 2 6 893480 22.4965 107857 1.01721 2.5488e+06 893480 ZonesAtSurface
3424.58 1275 441.313 1 10 2 6 1.25426e+06 29.3381 96515.2 1.13097 3.64329e+06 1.25426e+06 ZonesAtSurface
3474.63 1275 481.271 7 9 2 6 1.05687e+06 21.2598 147026 0 2.28076e+06 1.05687e+06 ZonesAtSurface
3524.7 1275 471.275 2 7 2 7 1.12906e+06 23.6412 54085.5 1.26922 2.68792e+06 1.12906e+06 ZonesAtSurface
3574.76 1274.99 411.296 10 0 1 9 998544 44.0411 107825 1.04137 5.624e+06 998544 ZonesAtSurface
3624.85 1274.99 401.304 10 0 1 10 541487 25.0291 88524.7 1.02512 3.18702e+06 541487 ZonesAtSurface
3674.89 1275.01 541.165 0 2 2 8 1.31877e+06 15.06 95053 1.54834 2.19478e+06 1.31877e+06 ZonesAtSurface
3724.99 1274.99 431.261 8 0 1 11 1.2739e+06 43.2808 121626 1.00947 6.61038e+06 1.2739e+06 ZonesAtSurface
3775.08 1275 581.08 0 4 2 8 1.14568e+06 23.1836 59181.6 1.66681 2.06593e+06 1.14568e+06 ZonesAtSurface
3825.17 1275 541.118 7 5 1 8 941224 43.9508 89370.5 1.11528 3.82956e+06 941224 ZonesAtSurface
3875.23 1275 551.131 8 5 1 7 831553 40.4011 117982 1.11968 2.9335e+06 831553 ZonesAtSurface
3925.33 1275 561.108 8 7 2 6 869966 21.948 89967.3 1.08566 2.27903e+06 869966 ZonesAtSurface
3975.4 1275 521.152 0 0 2 6 672775 43.2071 51346.3 1.01249 3.0739e+06 672775 ZonesAtSurface
4025.46 1275 531.158 2 6 2 5 808832 38.9979 127057 1.09236 2.7259e+06 808832 ZonesAtSurface
4075.52 1275 491.225 1 3 2 5 529768 24.0233 106183 1.04806 1.42884e+06 529768 ZonesAtSurface
4125.56 1275 451.289 2 0 2 5 1.28561e+06 30.1268 113585 1.01397 4.18976e+06 1.28561e+06 ZonesAtSurface
4175.57 1275 311.397 3 0 1 7 715871 31.6975 100474 1.04154 5.07377e+06 715871 ZonesAtSurface
4225.61 1275 321.412 2 2 2 6 1.12961e+06 24.3016 98472.1 1.01545 3.32679e+06 1.12961e+06 ZonesAtSurface
4275.6 1274.99 231.467 3 0 1 7 887784 20.9732 145914 1.08925 4.05731e+06 887784 ZonesAtSurface
4325.64 1274.99 241.477 1 0 2 6 1.20543e+06 18.4077 106022 1.01421 3.25218e+06 1.20543e+06 ZonesAtSurface
4375.62 1274.99 151.523 1 0 1 7 1.37904e+06 15.0406 120668 1.0181 4.10236e+06 1.37904e+06 ZonesAtSurface
4425.62 1274.98 111.549 10 0 1 7 589085 18.4935 86641.5 1.05342 2.7965e+06 589085 ZonesAtSurface
4475.65 1274.98 121.558 3 0 2 6 909250 26.4609 112439 1.02999 2.95101e+06 909250 ZonesAtSurface
4525.59 1274.98 31.601 1 0 1 7 574137 20.0278 136779 1.15638 4.40451e+06 574137 ZonesAtSurface
4575.54 1274.98 -8.36556 32 0 1 7 1.13024e+06 33.6537 88862 1.04313 4.71016e+06 1.13024e+06 ZonesAtSurface
4625.47 1274.98 -48.3451 32 0 1 7 504368 28.1788 129780 1.01462 7.20192e+06 504368 ZonesAtSurface
4675.38 1274.98 -38.2666 53 0 1 6 1.02751e+06 16.1138 67938 1.07938 3.09304e+06 1.02751e+06 ZonesAtSurface
4725.33 1274.98 -28.2557 53 0 1 5 771724 38.8068 98089.2 4.7734 2.11654e+06 771724 ZonesAtSurface
4775.29 1274.98 -18.259 79 5 1 4 1.48278e+06 20.9888 144940 1.59581 3.34969e+06 1.48278e+06 ZonesAtSurface
4825.2 1274.99 -8.22911 71 5 1 3 1.422e+06 21.3474 137990 1.93174 2.64808e+06 1.422e+06 ZonesAtSurface
4875.12 1274.98 1.76393 56 6 1 2 1.20904e+06 27.0054 116456 2.49108 1.78502e+06 1.20904e+06 ZonesAtSurface
4925.06 1274.98 11.7606 111 0 1 1 593471 16.6007 75272 1.52054 1.59995e+06 593471 ZonesAtSurface
74.9556 1324.99 -9.74744 74 0 1 1 709036 28.8921 122226 1.74003 3.00856e+06 709036 ZonesAtSurface
124.835 1324.99 -34.7576 120 0 1 2 945414 39.3815 66027.6 1.30162 6.16238e+06 945414 ZonesAtSurface
174.754 1324.98 -9.70741 52 64 1 2 1.38159e+06 43.8259 50143.3 3.34661 2.78578e+06 1.38159e+06 ZonesAtSurface
224.689 1324.99 -34.7424 94 0 1 3 572063 38.2379 146518 1.44988 3.98674e+06 572063 ZonesAtSurface
274.615 1324.99 -9.72654 90 0 1 3 509624 26.9746 66721.8 1.83444 1.30665e+06 509624 ZonesAtSurface
324.571 1325 -34.78 79 0 1 4 725734 20.5321 126241 1.11489 3.5469e+06 725734 ZonesAtSurface
374.512 1325 -9.78598 47 7 1 4 599198 17.2465 54159.7 1.33741 1.35764e+06 599198 ZonesAtSurface
424.482 1325 -34.8268 29 0 1 5 722375 15.2201 113728 1.03691 3.17019e+06 722375 ZonesAtSurface
474.434 1325 -9.83674 33 0 1 5 857625 18.4357 94366.6 1.1623 2.41264e+06 857625 ZonesAtSurface
524.431 1325 -34.8663 14 0 1 6 629160 16.1116 69677.4 1.0242 4.99018e+06 629160 ZonesAtSurface
574.398 1325.01 -9.87716 2 0 1 6 641011 37.5211 117088 1.20223 6.90624e+06 641011 ZonesAtSurface
624.374 1325.01 15.1098 0 0 1 6 1.41863e+06 33.8801 63182.3 1.55798 7.00648e+06 1.41863e+06 ZonesAtSurface
674.356 1325.02 40.0945 5 0 1 6 1.44172e+06 16.7253 118141 1.01669 5.40911e+06 1.44172e+06 ZonesAtSurface
724.323 1325.03 115.067 9 3 2 5 1.09652e+06 18.2725 121335 1.01477 2.89335e+06 1.09652e+06 ZonesAtSurface
774.317 1325.03 140.049 3 8 2 5 904251 31.1864 99497.3 1.02478 2.92872e+06 904251 ZonesAtSurface
824.323 1325.02 115.038 7 0 1 6 873662 22.5821 64675.7 1.0252 3.97429e+06 873662 ZonesAtSurface
874.321 1325.02 140.016 4 0 1 6 1.28051e+06 19.442 66768.4 1.01545 4.06143e+06 1.28051e+06 ZonesAtSurface
924.316 1325.02 214.986 0 1 2 5 1.40418e+06 33.6046 126506 1.02532 4.82912e+06 1.40418e+06 ZonesAtSurface
974.32 1325.02 289.956 9 7 2 4 789418 28.5136 56997.5 1.34697 1.9089e+06 789418 ZonesAtSurface
1024.34 1325.02 264.947 5 0 2 5 1.30879e+06 33.9965 65228.8 1.02987 4.78412e+06 1.30879e+06 ZonesAtSurface
1074.35 1325.01 289.927 4 1 2 5 1.25402e+06 33.7953 75573.1 1.02528 4.42031e+06 1.25402e+06 ZonesAtSurface
1124.37 1325.01 314.906 0 6 2 5 1.42701e+06 44.4968 102142 1.40405 4.54801e+06 1.42701e+06 ZonesAtSurface
1174.39 1325.01 389.876 0 6 2 4 1.09736e+06 42.1166 102444 1.31824 3.46832e+06 1.09736e+06 ZonesAtSurface
1224.42 1325.01 364.871 1 0 2 5 846960 39.8244 129031 1.04973 3.22352e+06 846960 ZonesAtSurface
1274.45 1325.01 439.83 7 9 2 4 1.37146e+06 21.4481 122038 1.18498 3.28964e+06 1.37146e+06 ZonesAtSurface
1324.48 1325 364.853 6 0 2 6 1.47418e+06 21.2281 127336 1.01028 4.35432e+06 1.47418e+06 ZonesAtSurface
1374.52 1325 339.86 7 3 1 7 1.13455e+06 43.7843 129807 1.14096 4.5368e+06 1.13455e+06 ZonesAtSurface
1424.56 1325 314.855 2 0 2 8 1.11231e+06 16.4357 119629 1.01792 3.21054e+06 1.11231e+06 ZonesAtSurface
1474.6 1325 339.85 1 6 2 8 1.37281e+06 34.4221 65944.4 1.19107 4.30513e+06 1.37281e+06 ZonesAtSurface
1524.66 1324.99 264.854 0 0 1 10 843842 40.7574 63701.7 1.24235 7.22608e+06 843842 ZonesAtSurface
1574.7 1324.99 289.851 9 0 1 10 1.39146e+06 33.3139 98445.4 1.00405 6.08338e+06 1.39146e+06 ZonesAtSurface
1624.75 1324.99 314.849 0 0 1 10 677848 40.0982 65662.8 1.02561 4.75837e+06 677848 ZonesAtSurface
1674.82 1324.99 289.859 5 0 1 11 794569 33.918 81514.9 1.00662 7.35837e+06 794569 ZonesAtSurface
1724.86 1324.98 364.841 7 4 1 10 1.1256e+06 39.9181 67980.6 1.15913 4.03576e+06 1.1256e+06 ZonesAtSurface
1774.94 1324.98 389.839 2 10 2 10 1.00128e+06 15.6603 105168 3.32437 789042 1.00128e+06 ZonesAtSurface
1825.02 1324.98 364.864 1 0 2 11 1.04328e+06 15.6638 102925 1.14319 2.40442e+06 1.04328e+06 ZonesAtSurface
1875.13 1324.98 339.915 2 0 1 12 1.0293e+06 30.1872 91588.3 1.02043 5.49162e+06 1.0293e+06 ZonesAtSurface
1925.27 1324.97 464.747 5 5 2 10 1.30514e+06 16.7253 124422 1.15379 2.98911e+06 1.30514e+06 ZonesAtSurface
1975.38 1324.98 389.873 9 0 2 12 903695 34.6726 68971.8 1.0014 3.4391e+06 903695 ZonesAtSurface
2025.52 1324.99 402.342 0 0 2 11 608294 18.4408 73885 1.07333 1.54167e+06 608294 ZonesAtSurface
2075.54 1324.99 302.476 3 0 1 11 1.0908e+06 40.6958 72402.7 1.07759 4.47782e+06 1.0908e+06 ZonesAtSurface
2125.44 1324.98 152.587 9 0 1 12 731607 16.0736 94305.4 1.0084 2.44269e+06 731607 ZonesAtSurface
2175.35 1324.97 2.60711 0 0 1 13 798222 25.5113 82040.7 1.27581 7.74998e+06 798222 ZonesAtSurface
2225.39 1324.97 2.63265 0 0 1 11 987103 44.2158 52245.2 2.07219 9.1683e+06 987103 ZonesAtSurface
2275.35 1324.98 -47.3588 8 0 1 10 540040 34.7602 149947 1.19135 8.37293e+06 540040 ZonesAtSurface
2325.34 1324.98 -47.3289 34 0 1 8 897045 20.0638 63591.2 1.35733 3.17278e+06 897045 ZonesAtSurface
2375.3 1324.98 -47.3061 46 0 1 6 1.31348e+06 44.0443 102036 2.84082 4.26379e+06 1.31348e+06 ZonesAtSurface
2425.24 1324.97 -47.2264 92 0 1 4 999312 28.5948 54283.9 1.66599 4.15251e+06 999312 ZonesAtSurface
2475.17 1324.96 -47.2183 100 0 1 2 983110 38.6648 124408 1.99025 6.6494e+06 983110 ZonesAtSurface
2524.97 1324.94 -27.1452 67 84 1 1 1.0886e+06 39.0646 138034 1.07562 5.60938e+06 1.0886e+06 ZonesAtSurface
2574.94 1324.91 -37.1289 117 0 1 2 1.08621e+06 21.025 71285.8 1.038 6.27339e+06 1.08621e+06 ZonesAtSurface
2624.87 1324.92 -47.1871 86 0 1 3 676445 38.0386 87501.7 1.11407 1.1423e+07 676445 ZonesAtSurface
2674.78 1324.95 -7.15857 95 10 1 3 622103 35.7463 84543 1.18537 5.03407e+06 622103 ZonesAtSurface
2724.75 1324.96 -17.1964 68 0 1 4 1.05175e+06 30.323 86153.8 1.12895 5.57094e+06 1.05175e+06 ZonesAtSurface
2774.71 1324.98 -27.2381 47 0 1 5 1.20835e+06 32.6299 50709.4 1.06944 5.74892e+06 1.20835e+06 ZonesAtSurface
2824.68 1324.99 -37.2808 36 0 1 6 969134 18.5489 62313.1 1.10526 5.05033e+06 969134 ZonesAtSurface
2874.65 1324.99 -47.3196 7 0 1 7 1.13888e+06 34.5418 59852.9 1.54429 1.14153e+07 1.13888e+06 ZonesAtSurface
2924.47 1325.03 92.6382 7 10 2 5 1.08074e+06 43.425 146037 1.63512 2.71776e+06 1.08074e+06 ZonesAtSurface
2974.5 1325.02 82.6358 5 2 2 6 1.21711e+06 42.1228 136859 1.11763 4.82151e+06 1.21711e+06 ZonesAtSurface
3024.52 1325.01 72.6233 3 0 1 7 1.07761e+06 20.7137 127514 1.02087 5.02996e+06 1.07761e+06 ZonesAtSurface
3074.48 1325.03 162.578 2 2 2 6 1.46147e+06 15.3098 125321 0.980006 3.82016e+06 1.46147e+06 ZonesAtSurface
3124.47 1325.03 202.545 0 2 2 6 1.47756e+06 36.1468 127867 1.02389 5.33573e+06 1.47756e+06 ZonesAtSurface
3174.48 1325.03 242.515 6 1 1 6 758424 25.6593 73080.9 1.00091 2.30336e+06 758424 ZonesAtSurface
3224.47 1325.03 332.454 0 8 2 5 1.05072e+06 27.6892 86243.2 1.1254 2.96713e+06 1.05072e+06 ZonesAtSurface
3274.5 1325.03 322.441 0 7 2 6 1.49732e+06 38.5314 75225.1 1.15601 5.20182e+06 1.49732e+06 ZonesAtSurface
3324.52 1325.02 362.406 9 7 1 6 961053 32.8869 98999.5 1.41119 2.39747e+06 961053 ZonesAtSurface
3374.6 1324.99 252.439 0 0 1 9 1.38123e+06 41.4765 102356 1.7935 7.17301e+06 1.38123e+06 ZonesAtSurface
3424.63 1324.99 292.405 2 0 1 9 1.49429e+06 34.6907 95303.6 1.18434 7.1935e+06 1.49429e+06 ZonesAtSurface
3474.63 1325.03 482.265 1 7 2 6 1.0928e+06 28.7495 83086 0 3.22229e+06 1.0928e+06 ZonesAtSurface
3524.71 1325.01 422.314 8 6 2 8 989869 38.1356 123234 1.11614 3.45727e+06 989869 ZonesAtSurface
3574.77 1325.02 462.284 9 5 2 8 530045 38.6598 116977 1.22435 1.53602e+06 530045 ZonesAtSurface
3624.86 1324.99 352.342 0 0 1 11 826754 37.8761 98704.3 1.01256 7.76815e+06 826754 ZonesAtSurface
3674.92 1325 442.277 8 0 1 10 692335 40.4001 135260 1.02954 3.54373e+06 692335 ZonesAtSurface
3725 1324.99 382.3 1 0 1 12 1.08045e+06 23.2728 145974 1.00471 6.02207e+06 1.08045e+06 ZonesAtSurface
3775.06 1325.01 532.169 1 0 2 9 697969 25.3604 62857.1 1.00574 2.26967e+06 697969 ZonesAtSurface
3825.16 1325.03 592.068 4 0 2 7 795598 43.1165 110119 1.05959 3.53239e+06 795598 ZonesAtSurface
3875.25 1325.02 502.17 7 0 1 8 1.05498e+06 33.7994 111036 1.03778 3.93881e+06 1.05498e+06 ZonesAtSurface
3925.32 1325.03 562.113 6 4 2 6 510312 36.336 121867 0 1.62006e+06 510312 ZonesAtSurface
3975.4 1325.03 572.102 0 8 2 5 1.12605e+06 27.0902 121774 1.4362 2.44659e+06 1.12605e+06 ZonesAtSurface
4025.46 1325.03 532.16 8 5 2 5 562371 38.5739 67003.2 1.15591 1.85536e+06 562371 ZonesAtSurface
4075.52 1325.03 442.266 1 0 2 6 589975 17.1948 66702.2 1.01778 1.57067e+06 589975 ZonesAtSurface
4125.54 1325.02 352.368 7 0 1 7 758469 22.8485 102193 1.03165 2.52106e+06 758469 ZonesAtSurface
4175.55 1325.01 262.428 4 0 1 8 507484 31.9267 149469 1.04753 5.01341e+06 507484 ZonesAtSurface
4225.6 1325.03 322.419 10 8 1 6 1.26542e+06 28.8853 145967 1.05339 3.86911e+06 1.26542e+06 ZonesAtSurface
4275.62 1325.02 282.448 1 2 2 6 1.30582e+06 19.4477 56490.6 1.03921 3.52151e+06 1.30582e+06 ZonesAtSurface
4325.63 1325.02 242.477 0 3 2 6 1.48685e+06 25.3368 72003.5 1.03894 4.4524e+06 1.48685e+06 ZonesAtSurface
4375.64 1325.02 202.506 0 1 2 6 1.2065e+06 44.9033 56676 1.03657 5.40203e+06 1.2065e+06 ZonesAtSurface
4425.65 1325.02 162.535 6 5 2 6 826945 21.2393 67679.6 1.08265 2.22863e+06 826945 ZonesAtSurface
4475.65 1325.02 122.559 0 7 2 6 1.31308e+06 31.6031 141557 1.05068 4.20694e+06 1.31308e+06 ZonesAtSurface
4525.59 1325 32.6024 1 0 1 7 1.15221e+06 38.1532 98468.2 1.24987 8.89251e+06 1.15221e+06 ZonesAtSurface
4575.54 1324.99 -7.36654 7 0 1 7 566395 31.2475 138705 1.08087 5.44489e+06 566395 ZonesAtSurface
4625.47 1324.99 -47.3429 37 0 1 7 698327 15.5206 90903.6 1.01524 5.26681e+06 698327 ZonesAtSurface
4675.38 1324.99 -37.2665 47 0 1 6 673666 34.322 106675 1.07715 4.38994e+06 673666 ZonesAtSurface
4725.32 1324.99 -27.2487 39 0 1 5 680914 37.4737 50931.6 4.8365 2.3378e+06 680914 ZonesAtSurface
4775.29 1324.99 -17.2593 71 0 1 4 1.01131e+06 26.7938 51081.6 2.04055 2.87997e+06 1.01131e+06 ZonesAtSurface
4825.2 1324.99 -7.2333 86 0 1 3 643464 34.1677 53341.2 1.69601 2.19811e+06 643464 ZonesAtSurface
4875.13 1324.99 2.76346 63 10 1 2 1.20355e+06 42.0761 52841.8 3.20195 2.34328e+06 1.20355e+06 ZonesAtSurface
4925.06 1324.99 12.7623 116 29 1 1 1.258e+06 35.5748 65658.3 1.66806 3.72221e+06 1.258e+06 ZonesAtSurface
74.9536 1374.99 -8.74377 70 15 1 1 1.46951e+06 33.2146 112267 1.51772 4.85515e+06 1.46951e+06 ZonesAtSurface
124.849 1374.99 -33.7407 122 0 1 2 1.21728e+06 15.1571 126037 1.19479 4.14487e+06 1.21728e+06 ZonesAtSurface
174.758 1374.99 -8.68575 73 67 1 2 808166 28.7405 136805 5.02301 660123 808166 ZonesAtSurface
224.69 1374.99 -33.7236 101 18 1 3 1.45546e+06 25.653 110190 1.22455 3.85572e+06 1.45546e+06 ZonesAtSurface
274.611 1375 -8.70326 94 35 1 3 1.19767e+06 16.4902 132481 1.8253 1.79121e+06 1.19767e+06 ZonesAtSurface
324.571 1375.01 -33.7571 87 0 1 4 904819 25.4203 145936 1.10859 4.32152e+06 904819 ZonesAtSurface
374.511 1375.01 -8.76913 76 20 1 4 996203 38.9023 58726.5 2.66348 2.43873e+06 996203 ZonesAtSurface
424.485 1375.01 -33.8105 51 0 1 5 839716 26.3094 110445 1.08028 4.04874e+06 839716 ZonesAtSurface
474.446 1375.02 -8.81468 25 5 1 5 702070 26.9018 107202 1.35 1.69518e+06 702070 ZonesAtSurface
524.436 1375.01 -33.8467 13 0 1 6 1.32404e+06 24.5922 148528 1.02699 6.80355e+06 1.32404e+06 ZonesAtSurface
574.405 1375.02 -8.856 14 0 1 6 1.44595e+06 32.1615 73717.4 1.0511 6.647e+06 1.44595e+06 ZonesAtSurface
624.404 1375.02 -33.8834 0 0 1 7 727215 43.5558 88675.8 2.71924 7.12139e+06 727215 ZonesAtSurface
674.362 1375.05 41.1028 8 0 2 6 1.20759e+06 28.4317 69056.9 1.08525 4.81966e+06 1.20759e+06 ZonesAtSurface
724.367 1375.04 16.0891 7 0 1 7 818778 43.8634 99782.8 2.22581 8.0637e+06 818778 ZonesAtSurface
774.351 1375.05 41.0711 0 0 1 7 756230 39.6952 69973.4 1.09555 6.57527e+06 756230 ZonesAtSurface
824.357 1375.02 16.054 0 0 1 8 800148 41.0471 121774 2.23758 7.04623e+06 800148 ZonesAtSurface
874.307 1375.06 190.999 5 3 2 5 756409 42.7669 106927 1.22538 2.71171e+06 756409 ZonesAtSurface
924.317 1375.05 215.985 4 0 2 5 500566 25.1167 139153 1.05741 1.33938e+06 500566 ZonesAtSurface
974.333 1375.05 190.98 3 8 1 6 1.28322e+06 43.5414 94251.6 1.40225 4.45071e+06 1.28322e+06 ZonesAtSurface
1024.34 1375.05 215.963 10 4 1 6 1.44733e+06 25.7775 97502.1 1.21658 3.84007e+06 1.44733e+06 ZonesAtSurface
1074.35 1375.04 240.944 0 2 1 6 1.23653e+06 37.4093 95353.1 1.13809 4.29385e+06 1.23653e+06 ZonesAtSurface
1124.37 1375.04 265.924 1 0 2 6 646121 19.6911 135270 1.06689 1.88265e+06 646121 ZonesAtSurface
1174.39 1375.03 290.905 4 2 2 6 1.3201e+06 39.9948 51266.8 1.03816 5.31884e+06 1.3201e+06 ZonesAtSurface
1224.41 1375.03 365.877 0 10 2 5 1.11624e+06 44.7228 142958 1.50011 3.33604e+06 1.11624e+06 ZonesAtSurface
1274.44 1375.02 340.875 1 2 2 6 1.00265e+06 35.7033 115241 1.06811 3.41099e+06 1.00265e+06 ZonesAtSurface
1324.48 1375.02 365.862 2 0 2 6 1.11478e+06 22.5633 73304.3 1.06691 3.09361e+06 1.11478e+06 ZonesAtSurface
1374.51 1375 290.873 3 0 1 8 911963 41.5035 133462 1.05442 5.64702e+06 911963 ZonesAtSurface
1424.56 1374.99 265.867 3 0 1 9 936636 34.9649 143888 1.00715 6.22406e+06 936636 ZonesAtSurface
1474.61 1374.99 240.865 0 0 1 10 1.18044e+06 17.9969 90738.2 1.03998 5.60463e+06 1.18044e+06 ZonesAtSurface
1524.65 1374.99 265.861 7 0 1 10 930449 31.6343 66074.4 1.00404 6.35833e+06 930449 ZonesAtSurface
1574.7 1375 290.863 10 0 1 10 717494 21.3489 139149 1.01705 3.10438e+06 717494 ZonesAtSurface
1624.76 1374.99 265.866 5 0 1 11 751811 42.3949 129797 1.08535 7.43652e+06 751811 ZonesAtSurface
1674.79 1375.01 390.832 0 1 2 9 1.24961e+06 38.0975 61791.2 1.21223 4.21403e+06 1.24961e+06 ZonesAtSurface
1724.85 1374.99 365.848 2 3 2 10 1.35215e+06 31.2063 141397 1.25524 3.69195e+06 1.35215e+06 ZonesAtSurface
1774.94 1374.98 340.869 8 0 1 11 841186 39.6578 138946 1.02114 4.53871e+06 841186 ZonesAtSurface
1825.03 1374.98 315.903 3 0 1 12 1.16534e+06 34.1957 122526 1.01777 6.62438e+06 1.16534e+06 ZonesAtSurface
1875.13 1375 490.708 7 9 2 9 950537 39.5288 138573 1.11136 3.2015e+06 950537 ZonesAtSurface
1925.25 1374.98 415.84 8 0 2 11 655421 22.6655 54153.3 1.02791 2.14564e+06 655421 ZonesAtSurface
1975.4 1374.99 440.797 9 8 2 11 539476 33.7287 64906.4 1.02693 1.84784e+06 539476 ZonesAtSurface
2025.51 1374.99 403.347 2 2 2 11 1.17604e+06 15.0987 135006 1.105 2.73836e+06 1.17604e+06 ZonesAtSurface
2075.53 1374.98 303.479 9 2 2 11 1.26308e+06 31.7991 145200 1.23616 4.05623e+06 1.26308e+06 ZonesAtSurface
2125.38 1374.97 103.593 1 0 1 13 530423 30.6868 112976 1.01077 7.10888e+06 530423 ZonesAtSurface
2175.34 1374.97 3.60262 1 0 1 13 531626 19.4107 124603 1.00866 6.78948e+06 531626 ZonesAtSurface
2225.33 1374.97 -46.3897 0 0 1 12 913159 21.7619 124393 1.52355 7.09314e+06 913159 ZonesAtSurface
2275.35 1374.97 -46.3653 15 0 1 10 1.49157e+06 19.4832 129952 1.16615 7.77727e+06 1.49157e+06 ZonesAtSurface
2325.33 1374.97 -46.3297 45 0 1 8 1.36373e+06 21.7555 117810 1.3519 5.68963e+06 1.36373e+06 ZonesAtSurface
2375.3 1374.97 -46.2939 72 0 1 6 1.25457e+06 25.7197 101425 1.84975 4.60864e+06 1.25457e+06 ZonesAtSurface
2425.22 1374.94 -46.2146 100 0 1 4 1.39786e+06 28.1556 131960 1.63292 6.15781e+06 1.39786e+06 ZonesAtSurface
2475.16 1374.9 -46.2019 97 0 1 2 1.2759e+06 44.2851 142175 1.75008 1.18555e+07 1.2759e+06 ZonesAtSurface
2524.95 1374.86 -26.0658 108 61 1 1 763327 30.3017 104401 1.00081 5.40041e+06 763327 ZonesAtSurface
2574.95 1374.79 -36.0508 117 14 1 2 1.34178e+06 21.478 141717 1.0111 8.10581e+06 1.34178e+06 ZonesAtSurface
2624.88 1374.84 -46.1478 87 0 1 3 1.11723e+06 37.8453 52378.9 1.04997 1.61908e+07 1.11723e+06 ZonesAtSurface
2674.8 1374.91 -6.11711 96 46 1 3 1.4673e+06 33.6991 136487 1.14807 6.37687e+06 1.4673e+06 ZonesAtSurface
2724.78 1374.94 -16.159 81 0 1 4 723613 36.1762 116577 1.04442 6.70784e+06 723613 ZonesAtSurface
2774.74 1374.97 -26.2055 50 0 1 5 1.22319e+06 23.7671 140330 1.12861 5.44752e+06 1.22319e+06 ZonesAtSurface
2824.7 1374.99 -36.2477 28 0 1 6 1.28374e+06 30.0331 114820 1.13743 5.44313e+06 1.28374e+06 ZonesAtSurface
2874.66 1375 -46.2992 24 0 1 7 1.02453e+06 36.9883 104412 1.09831 1.2111e+07 1.02453e+06 ZonesAtSurface
2924.59 1375.02 -6.31795 14 0 1 7 844892 43.785 67512.5 1.29329 9.83471e+06 844892 ZonesAtSurface
2974.55 1375.04 33.6518 6 0 1 7 880996 20.7622 114401 1.12701 4.96957e+06 880996 ZonesAtSurface
3024.53 1375.05 73.6233 4 0 2 7 1.18542e+06 38.584 58522.8 1.11089 5.32048e+06 1.18542e+06 ZonesAtSurface
3074.52 1375.05 113.591 3 0 1 7 1.46413e+06 26.4766 141930 1.00442 4.77645e+06 1.46413e+06 ZonesAtSurface
3124.51 1375.06 153.559 3 3 2 7 1.343e+06 24.3829 75506 1.03403 3.98023e+06 1.343e+06 ZonesAtSurface
3174.51 1375.06 193.532 4 3 1 7 975039 33.9276 77064.4 1.07914 3.38592e+06 975039 ZonesAtSurface
3224.54 1375.03 183.519 9 0 1 8 591805 18.8102 82119.3 1.01839 1.77432e+06 591805 ZonesAtSurface
3274.53 1375.05 273.464 5 4 1 7 575430 19.3651 121657 1.29367 1.35327e+06 575430 ZonesAtSurface
3324.57 1375.03 263.458 6 3 1 8 1.23641e+06 44.2401 141890 1.03193 5.13739e+06 1.23641e+06 ZonesAtSurface
3374.59 1375.03 303.428 2 3 1 8 931734 27.2552 107448 1.01638 2.835e+06 931734 ZonesAtSurface
3424.63 1375.01 293.411 6 0 1 9 870849 36.7276 102578 1.05323 5.45174e+06 870849 ZonesAtSurface
3474.66 1375.03 383.35 4 5 1 8 585682 17.0312 84131.1 1.0438 1.50348e+06 585682 ZonesAtSurface
3524.73 1375.02 373.348 5 0 1 9 991348 43.7165 96708.9 1.09215 4.33777e+06 991348 ZonesAtSurface
3574.81 1374.99 313.371 4 0 1 11 1.1351e+06 19.2458 137999 1.0205 4.37635e+06 1.1351e+06 ZonesAtSurface
3624.86 1375 353.35 10 0 1 11 1.49833e+06 44.3246 75076.2 1.07214 9.26822e+06 1.49833e+06 ZonesAtSurface
3674.91 1375.01 443.278 7 0 2 10 522905 17.175 107394 1.1268 1.63048e+06 522905 ZonesAtSurface
3725 1375 383.306 2 0 1 12 860486 37.5784 101803 1.00391 6.90084e+06 860486 ZonesAtSurface
3775.06 1375.03 533.176 2 2 2 9 801033 41.5989 131471 1.19249 2.61119e+06 801033 ZonesAtSurface
3825.15 1375.02 493.2 3 0 2 9 577107 28.9138 62014.7 1.02962 2.12279e+06 577107 ZonesAtSurface
3875.24 1375.02 453.227 2 0 1 9 803030 19.1092 124885 1.03729 2.61131e+06 803030 ZonesAtSurface
3925.32 1375.05 513.172 0 2 2 7 1.38844e+06 25.2014 65067.4 1.25101 3.51167e+06 1.38844e+06 ZonesAtSurface
3975.39 1375.05 473.224 2 7 2 7 1.44484e+06 38.2479 82546.8 1.13602 5.20678e+06 1.44484e+06 ZonesAtSurface
4025.44 1375.05 433.273 2 0 2 7 905231 17.0972 62345.3 1.02275 2.41601e+06 905231 ZonesAtSurface
4075.52 1375.06 443.268 9 8 1 6 514188 18.7765 121384 1.36873 1.07999e+06 514188 ZonesAtSurface
4125.52 1375.04 303.402 4 2 1 8 1.20887e+06 32.3735 94717.2 1.14772 3.96539e+06 1.20887e+06 ZonesAtSurface
4175.53 1375.02 213.451 3 0 1 9 986373 28.5765 118591 1.03968 5.66615e+06 986373 ZonesAtSurface
4225.58 1375.05 273.449 4 10 1 7 1.23305e+06 30.9054 65404.1 1.49923 2.9483e+06 1.23305e+06 ZonesAtSurface
4275.58 1375.04 183.488 2 0 2 8 694338 23.301 89882.7 1.01495 3.09707e+06 694338 ZonesAtSurface
4325.58 1375.03 143.517 9 0 1 8 1.47827e+06 16.1791 86940 1.01287 4.25483e+06 1.47827e+06 ZonesAtSurface
4375.59 1375.03 103.543 6 0 1 8 1.01762e+06 37.6908 52504.3 1.04113 5.50427e+06 1.01762e+06 ZonesAtSurface
4425.58 1375.03 63.5667 7 0 1 8 1.13366e+06 30.7424 88118 1.05357 6.43514e+06 1.13366e+06 ZonesAtSurface
4475.6 1375.04 73.5821 4 2 2 7 1.36176e+06 17.9506 130945 1.03338 3.75953e+06 1.36176e+06 ZonesAtSurface
4525.52 1375.01 -16.3811 0 0 1 8 1.09026e+06 42.9207 102819 1.53034 9.52943e+06 1.09026e+06 ZonesAtSurface
4575.53 1375.01 -6.34947 35 0 1 7 691828 33.7726 104402 1.12061 4.59711e+06 691828 ZonesAtSurface
4625.46 1375 -46.3338 30 0 1 7 1.11484e+06 37.8436 105640 1.03001 1.0335e+07 1.11484e+06 ZonesAtSurface
4675.38 1375 -36.2614 50 0 1 6 958652 29.9593 53849.1 1.07645 5.34659e+06 958652 ZonesAtSurface
4725.32 1375 -26.2439 49 0 1 5 929090 44.0393 131139 3.38983 3.5892e+06 929090 ZonesAtSurface
4775.28 1375 -16.2473 66 0 1 4 1.12055e+06 35.1849 92898.7 1.33047 4.46837e+06 1.12055e+06 ZonesAtSurface
4825.19 1375 -6.23135 81 14 1 3 1.03204e+06 42.4664 94147.6 1.41905 4.27511e+06 1.03204e+06 ZonesAtSurface
4875.13 1375 3.7655 79 0 1 2 566879 43.1777 105575 2.15241 2.40336e+06 566879 ZonesAtSurface
4925.06 1375 13.7636 122 0 1 1 637986 39.6296 89509 1.67826 2.83948e+06 637986 ZonesAtSurface
74.9533 1425 -7.72944 111 7 1 1 1.26598e+06 34.8757 119297 1.28216 4.89896e+06 1.26598e+06 ZonesAtSurface
124.855 1425 -32.7162 109 9 1 2 1.42282e+06 37.8781 53919.4 1.22999 6.45214e+06 1.42282e+06 ZonesAtSurface
174.756 1425 -7.65863 64 76 1 2 1.48046e+06 20.6933 61723.4 2.31018 2.0582e+06 1.48046e+06 ZonesAtSurface
224.69 1425 -32.6927 102 4 1 3 1.47543e+06 24.6595 115822 1.10682 4.25423e+06 1.47543e+06 ZonesAtSurface
274.605 1425 -7.66921 109 14 1 3 559026 19.0764 54931.3 1.38804 1.21249e+06 559026 ZonesAtSurface
324.562 1425.02 -32.7334 94 0 1 4 549777 26.2047 146395 1.10277 2.91034e+06 549777 ZonesAtSurface
374.506 1425.02 -7.75551 54 36 1 4 1.19136e+06 15.3234 81004.1 2.14247 1.54934e+06 1.19136e+06 ZonesAtSurface
424.486 1425.02 -32.798 40 0 1 5 1.12736e+06 40.221 93970.1 1.02654 5.36241e+06 1.12736e+06 ZonesAtSurface
474.458 1425.03 -7.79853 34 17 1 5 1.06487e+06 32.5674 88220.4 1.89559 2.28834e+06 1.06487e+06 ZonesAtSurface
524.442 1425.03 -32.8272 27 0 1 6 1.18837e+06 39.4315 145024 1.04715 6.36882e+06 1.18837e+06 ZonesAtSurface
574.42 1425.04 -7.83204 39 6 1 6 1.36319e+06 22.6872 82372.7 1.35341 3.23814e+06 1.36319e+06 ZonesAtSurface
624.41 1425.03 -32.8658 14 0 1 7 1.38883e+06 25.8027 77829.5 1.06919 7.02765e+06 1.38883e+06 ZonesAtSurface
674.393 1425.04 -7.87397 8 0 1 7 1.344e+06 38.0679 119570 1.17551 6.5645e+06 1.344e+06 ZonesAtSurface
724.39 1425.02 -32.8991 7 0 1 8 1.04273e+06 24.4001 50667.9 1.08196 7.62501e+06 1.04273e+06 ZonesAtSurface
774.374 1425.03 -7.91171 15 0 1 8 617376 42.1689 72313.2 1.37161 8.68172e+06 617376 ZonesAtSurface
824.38 1425.01 -32.9405 5 0 1 9 1.04194e+06 23.0555 66107.2 1.28223 7.0051e+06 1.04194e+06 ZonesAtSurface
874.353 1425.06 42.0399 0 0 1 8 1.38941e+06 37.2591 112843 1.60246 6.56123e+06 1.38941e+06 ZonesAtSurface
924.346 1425.08 117.007 2 2 2 7 783944 30.0843 134254 1.36227 2.0385e+06 783944 ZonesAtSurface
974.37 1425.03 42.0151 3 0 1 9 838424 31.0017 142368 1.32097 6.80171e+06 838424 ZonesAtSurface
1024.36 1425.06 116.985 2 0 2 8 882734 17.6971 140027 1.26375 2.20231e+06 882734 ZonesAtSurface
1074.37 1425.05 141.967 8 3 2 8 1.47334e+06 21.9425 131341 1.09156 3.99385e+06 1.47334e+06 ZonesAtSurface
1124.39 1425.05 166.95 7 5 1 8 1.38297e+06 30.4877 76083.3 1.07428 4.49473e+06 1.38297e+06 ZonesAtSurface
1174.4 1425.03 191.933 1 1 2 8 1.41226e+06 21.5863 104126 1.06274 3.83265e+06 1.41226e+06 ZonesAtSurface
1224.42 1425.02 216.918 2 0 1 8 1.38778e+06 23.7753 147612 1.06924 4.68e+06 1.38778e+06 ZonesAtSurface
1274.45 1425.01 241.908 4 0 1 8 1.46838e+06 18.0729 120207 1.10378 4.51629e+06 1.46838e+06 ZonesAtSurface
1324.48 1424.99 216.897 0 0 1 9 1.4995e+06 31.1739 107099 1.41098 6.44042e+06 1.4995e+06 ZonesAtSurface
1374.51 1425.02 341.873 6 5 2 7 1.19578e+06 39.4053 81980.7 1.44596 3.61084e+06 1.19578e+06 ZonesAtSurface
1424.55 1424.99 266.874 7 0 1 9 526677 18.7755 88418.6 1.01326 3.24997e+06 526677 ZonesAtSurface
1474.59 1424.99 291.872 8 0 2 9 1.07583e+06 23.7032 74351.1 1.01854 3.58281e+06 1.07583e+06 ZonesAtSurface
1524.64 1424.99 266.868 7 0 1 10 887780 22.7334 102511 1.01268 4.64688e+06 887780 ZonesAtSurface
1574.71 1424.98 241.873 6 0 1 11 843603 19.1661 110641 1.0116 5.0462e+06 843603 ZonesAtSurface
1624.77 1424.98 216.88 0 0 1 12 914591 44.0324 141353 2.23749 8.76205e+06 914591 ZonesAtSurface
1674.81 1424.99 291.878 8 0 1 11 600379 36.07 105958 1.05156 3.70387e+06 600379 ZonesAtSurface
1724.86 1424.99 316.875 4 0 1 11 1.38781e+06 26.1511 51286.6 1.09253 5.0031e+06 1.38781e+06 ZonesAtSurface
1774.92 1425.01 391.85 9 9 2 10 1.1444e+06 29.1126 108529 0 1.3901e+06 1.1444e+06 ZonesAtSurface
1825.01 1424.99 366.876 10 6 1 11 1.13066e+06 40.54 133556 1.39593 3.28485e+06 1.13066e+06 ZonesAtSurface
1875.11 1424.99 391.87 6 10 1 11 1.21855e+06 31.4344 90304.6 1.32013 3.26872e+06 1.21855e+06 ZonesAtSurface
1925.22 1424.97 366.905 0 2 2 12 1.39397e+06 43.0163 62721.3 1.09975 5.68806e+06 1.39397e+06 ZonesAtSurface
1975.36 1424.98 391.881 0 10 1 12 959355 41.5701 85516.1 1.11712 3.65302e+06 959355 ZonesAtSurface
2025.4 1424.97 304.481 0 0 2 13 936702 34.6387 106708 1.02141 3.99871e+06 936702 ZonesAtSurface
2075.39 1424.96 204.555 0 0 1 13 1.49558e+06 16.9938 129849 1.02617 4.65167e+06 1.49558e+06 ZonesAtSurface
2125.37 1424.96 104.588 1 0 1 13 836232 36.3873 144096 1.0267 8.05067e+06 836232 ZonesAtSurface
2175.33 1424.96 4.59457 0 0 1 13 1.05365e+06 40.4438 119675 2.73002 7.72028e+06 1.05365e+06 ZonesAtSurface
2225.37 1424.97 4.61596 8 0 2 11 931126 27.7619 100833 1.19913 7.00013e+06 931126 ZonesAtSurface
2275.34 1424.97 -45.3727 20 0 1 10 1.14414e+06 27.7637 101814 1.34214 7.52577e+06 1.14414e+06 ZonesAtSurface
2325.31 1424.96 -45.3242 35 0 1 8 581754 44.9123 111595 2.13506 8.19113e+06 581754 ZonesAtSurface
2375.3 1424.92 -45.2692 78 0 1 6 1.27645e+06 17.5824 52694.8 1.49234 4.61099e+06 1.27645e+06 ZonesAtSurface
2425.22 1424.85 -45.2001 98 0 1 4 924217 33.163 109465 1.76929 8.87506e+06 924217 ZonesAtSurface
2475.16 1424.76 -45.1007 108 0 1 2 717819 35.6048 61668.9 1.44278 1.42667e+07 717819 ZonesAtSurface
2524.88 1424.72 -24.8806 114 65 1 1 1.26228e+06 20.3243 68846.4 0.958501 3.79625e+06 1.26228e+06 ZonesAtSurface
2574.99 1424.52 -34.7889 121 21 1 2 1.34986e+06 35.0185 79468 0.967052 1.03457e+07 1.34986e+06 ZonesAtSurface
2624.92 1424.66 -44.985 98 0 1 3 1.41326e+06 15.2444 124461 0.979267 8.89961e+06 1.41326e+06 ZonesAtSurface
2674.82 1424.84 -5.00035 90 52 1 3 1.43946e+06 28.0391 139013 1.25672 5.55545e+06 1.43946e+06 ZonesAtSurface
2724.8 1424.91 -15.0919 85 0 1 4 926450 15.7098 106855 1.00935 3.51826e+06 926450 ZonesAtSurface
2774.77 1424.96 -25.1608 60 0 1 5 821115 32.3327 114084 1.09555 5.16823e+06 821115 ZonesAtSurface
2824.72 1424.99 -35.2113 47 7 1 6 1.45743e+06 44.977 118565 1.2217 6.57101e+06 1.45743e+06 ZonesAtSurface
2874.67 1425 -45.2707 45 0 1 7 1.3665e+06 25.6911 60715 1.04612 6.29868e+06 1.3665e+06 ZonesAtSurface
2924.61 1425.03 -5.28981 32 0 1 7 735346 30.9435 73995.6 1.16771 2.71437e+06 735346 ZonesAtSurface
2974.61 1425.02 -15.3305 24 0 1 8 1.03338e+06 44.3859 104825 1.22531 1.00429e+07 1.03338e+06 ZonesAtSurface
3024.62 1425 -25.3604 6 0 1 9 976231 23.9281 87697.6 1.07485 7.11843e+06 976231 ZonesAtSurface
3074.59 1425.03 14.6168 4 0 1 9 571935 34.7866 115526 1.17151 7.33354e+06 571935 ZonesAtSurface
3124.57 1425.05 54.5848 5 0 2 9 1.29888e+06 35.8021 51182.9 1.1144 5.18841e+06 1.29888e+06 ZonesAtSurface
3174.59 1425.02 44.5696 0 0 1 10 946736 36.1867 88410.1 1.15477 7.21816e+06 946736 ZonesAtSurface
3224.55 1425.08 184.512 1 7 2 8 1.37595e+06 17.9068 126214 1.48307 2.80821e+06 1.37595e+06 ZonesAtSurface
3274.58 1425.05 174.499 4 5 1 9 744779 25.2358 71362.9 1.39816 1.89739e+06 744779 ZonesAtSurface
3324.59 1425.05 214.47 9 9 1 9 931651 30.5243 56523.1 1.29667 2.68681e+06 931651 ZonesAtSurface
3374.63 1425.02 204.461 1 0 2 10 951486 41.4072 90267.8 1.00738 3.88055e+06 951486 ZonesAtSurface
3424.64 1425.05 294.41 8 10 2 9 1.16219e+06 15.0347 97599.2 1.34909 2.26922e+06 1.16219e+06 ZonesAtSurface
3474.68 1425.05 334.378 1 9 2 9 1.23466e+06 34.9783 106755 1.36514 3.52928e+06 1.23466e+06 ZonesAtSurface
3524.74 1425.02 324.369 4 0 2 10 804211 43.3604 140071 0 3.09043e+06 804211 ZonesAtSurface
3574.79 1425.02 364.344 0 3 2 10 1.17062e+06 31.6118 142369 0 2.59854e+06 1.17062e+06 ZonesAtSurface
3624.88 1424.99 304.377 9 0 1 12 845367 43.019 67329.3 1.03996 7.63747e+06 845367 ZonesAtSurface
3674.91 1425.02 444.27 0 3 2 10 1.34239e+06 38.2019 137977 1.32945 3.90644e+06 1.34239e+06 ZonesAtSurface
3725 1425 384.314 4 0 1 12 929288 33.7702 135174 1.00899 4.94375e+06 929288 ZonesAtSurface
3775.07 1425.02 434.282 6 6 1 11 1.47299e+06 43.0983 110412 1.11541 5.89872e+06 1.47299e+06 ZonesAtSurface
3825.14 1425.03 444.266 2 2 2 10 885448 20.4051 93340.2 0 2.43307e+06 885448 ZonesAtSurface
3875.24 1425.05 454.226 1 10 2 9 1.46418e+06 19.415 59973.7 1.5076 2.91186e+06 1.46418e+06 ZonesAtSurface
3925.3 1425.04 364.327 2 1 2 10 677767 28.61 136502 0 2.00433e+06 677767 ZonesAtSurface
3975.38 1425.06 374.315 7 4 2 9 543683 27.7237 58932.7 1.24236 1.48271e+06 543683 ZonesAtSurface
4025.42 1425.04 284.392 3 3 1 10 1.20637e+06 30.4238 107225 1.01221 3.99463e+06 1.20637e+06 ZonesAtSurface
4075.47 1425.06 294.392 4 6 2 9 1.49526e+06 28.064 64730.4 1.35022 4.07185e+06 1.49526e+06 ZonesAtSurface
4125.51 1425.07 304.4 0 7 2 8 1.07593e+06 38.9842 101091 1.53499 3.04856e+06 1.07593e+06 ZonesAtSurface
4175.52 1425.06 214.452 9 0 2 9 548743 44.2677 91683 1.26548 2.4894e+06 548743 ZonesAtSurface
4225.54 1425.06 174.478 3 3 2 9 1.42272e+06 44.064 66174.2 1.146 6.08378e+06 1.42272e+06 ZonesAtSurface
4275.55 1425.06 134.504 7 0 1 9 989883 21.1598 83114.3 1.00154 2.84412e+06 989883 ZonesAtSurface
4325.55 1425.05 94.5288 1 0 2 9 587720 41.5894 135434 1.01859 2.08539e+06 587720 ZonesAtSurface
4375.57 1425.08 104.541 0 8 2 8 1.32971e+06 16.1387 59979.1 1.15673 3.07786e+06 1.32971e+06 ZonesAtSurface
4425.53 1425.03 14.5806 4 0 1 9 852646 44.5631 100206 1.50393 8.82475e+06 852646 ZonesAtSurface
4475.51 1425.01 -25.3991 4 0 1 9 1.36624e+06 40.344 143682 2.0708 8.72695e+06 1.36624e+06 ZonesAtSurface
4525.52 1425.02 -15.3657 6 0 1 8 840386 39.9087 81979.4 1.23062 7.83743e+06 840386 ZonesAtSurface
4575.52 1425.02 -5.33126 28 12 1 7 1.44687e+06 31.1459 107304 1.75188 3.35031e+06 1.44687e+06 ZonesAtSurface
4625.46 1425.01 -45.314 50 0 1 7 918846 16.5363 81455.1 1.02568 4.10031e+06 918846 ZonesAtSurface
4675.38 1425.01 -35.2418 60 0 1 6 1.46468e+06 20.8336 105266 1.05905 4.32562e+06 1.46468e+06 ZonesAtSurface
4725.33 1425.01 -25.23 65 10 1 5 1.43174e+06 15.7488 127320 1.64224 2.75056e+06 1.43174e+06 ZonesAtSurface
4775.27 1425.01 -15.2248 87 0 1 4 765254 25.4499 58819.5 1.41669 2.32785e+06 765254 ZonesAtSurface
4825.19 1425.01 -5.21422 67 6 1 3 1.17453e+06 28.2597 131833 1.84378 2.91261e+06 1.17453e+06 ZonesAtSurface
4875.14 1425 4.77996 76 31 1 2 1.43341e+06 35.4786 57345.2 2.14878 3.18229e+06 1.43341e+06 ZonesAtSurface
4925.06 1425 14.7796 129 7 1 1 692479 36.7679 118142 1.58062 2.43439e+06 692479 ZonesAtSurface
74.9627 1475 -6.67649 133 0 1 1 100000 15 10000 1.41309 629264 100000 ZonesAtSurface
124.847 1475 -31.6588 122 0 1 2 100000 15 10000 1.11882 904046 100000 ZonesAtSurface
174.74 1475 -6.5991 122 0 1 2 100000 15 10000 1.52216 247412 100000 ZonesAtSurface
224.671 1475 -31.6415 111 0 1 3 100000 15 10000 1.10324 766579 100000 ZonesAtSurface
274.596 1475 -6.61827 111 0 1 3 100000 15 10000 1.32026 359910 100000 ZonesAtSurface
324.546 1475 -31.6769 98 0 1 4 100000 15 10000 1.15315 839970 100000 ZonesAtSurface
374.508 1475.01 -6.67857 97 0 1 4 100000 15 10000 1.56674 414645 100000 ZonesAtSurface
424.476 1475 -31.7259 85 0 1 5 100000 15 10000 1.0156 892525 100000 ZonesAtSurface
474.46 1475.01 -6.71218 85 0 1 5 100000 15 10000 1.4106 426977 100000 ZonesAtSurface
524.436 1475.01 -31.7593 70 0 1 6 100000 15 10000 1.04137 832617 100000 ZonesAtSurface
574.437 1475.01 -6.74548 71 1 1 6 100000 15 10000 1.54414 416343 100000 ZonesAtSurface
624.409 1475.01 -31.7982 58 0 1 7 100000 15 10000 0.99314 1.10416e+06 100000 ZonesAtSurface
674.404 1475.01 -6.77905 56 6 1 7 100000 15 10000 1.56691 336476 100000 ZonesAtSurface
724.386 1475 -31.8472 42 0 1 8 100000 15 10000 1.01636 1.12002e+06 100000 ZonesAtSurface
774.375 1475.01 -6.84254 44 1 1 8 100000 15 10000 0 284926 100000 ZonesAtSurface
824.376 1474.99 -31.9124 25 0 1 9 100000 15 10000 1.09549 3.45246e+06 100000 ZonesAtSurface
874.374 1475 -6.91617 27 0 1 9 100000 15 10000 1.13055 2.22173e+06 100000 ZonesAtSurface
924.383 1474.99 -31.964 10 0 1 10 100000 15 10000 1.05402 4.83658e+06 100000 ZonesAtSurface
974.381 1474.99 -6.97224 13 0 1 10 100000 15 10000 1.06805 3.59692e+06 100000 ZonesAtSurface
1024.4 1474.98 -32.0054 0 0 1 11 100000 15 10000 1.26939 4.57557e+06 100000 ZonesAtSurface
1074.41 1474.98 -7.0176 0 0 1 11 100000 15 10000 1.07974 4.80793e+06 100000 ZonesAtSurface
1124.43 1474.98 17.9689 0 0 1 11 100000 15 10000 1.08467 4.96933e+06 100000 ZonesAtSurface
1174.44 1474.98 42.9545 1 0 1 11 100000 15 10000 1.02187 5.22773e+06 100000 ZonesAtSurface
1224.44 1474.99 117.94 8 0 1 10 100000 15 10000 1.01859 3.97575e+06 100000 ZonesAtSurface
1274.47 1474.98 142.923 3 0 1 10 100000 15 10000 1.00491 4.16201e+06 100000 ZonesAtSurface
1324.49 1474.98 167.907 0 0 1 10 100000 15 10000 1.00171 4.23373e+06 100000 ZonesAtSurface
1374.51 1474.99 242.893 10 0 1 9 100000 15 10000 1.01204 2.64283e+06 100000 ZonesAtSurface
1424.56 1474.98 217.883 0 0 1 10 100000 15 10000 1.00526 3.64607e+06 100000 ZonesAtSurface
1474.6 1474.98 242.877 5 0 1 10 100000 15 10000 1.02931 3.26199e+06 100000 ZonesAtSurface
1524.65 1474.98 217.879 0 0 1 11 100000 15 10000 1.02508 3.97733e+06 100000 ZonesAtSurface
1574.7 1474.98 242.88 5 0 1 11 100000 15 10000 1.05378 3.10775e+06 100000 ZonesAtSurface
1624.76 1474.98 217.887 1 0 1 12 100000 15 10000 1.04256 4.28747e+06 100000 ZonesAtSurface
1674.81 1474.98 242.888 4 0 1 12 100000 15 10000 1.01239 3.91114e+06 100000 ZonesAtSurface
1724.87 1474.98 267.891 6 0 1 12 100000 15 10000 1.02086 3.41767e+06 100000 ZonesAtSurface
1774.93 1474.97 292.896 10 0 1 12 100000 15 10000 1.02633 2.64552e+06 100000 ZonesAtSurface
1825.01 1474.96 267.926 1 0 1 13 100000 15 10000 1.00735 4.03364e+06 100000 ZonesAtSurface
1875.09 1474.96 292.936 1 0 1 13 100000 15 10000 1.00707 3.79859e+06 100000 ZonesAtSurface
1925.19 1474.96 317.942 1 0 1 13 100000 15 10000 1.01115 3.1678e+06 100000 ZonesAtSurface
1975.34 1474.96 392.889 10 0 1 12 100000 15 10000 1.08502 714093 100000 ZonesAtSurface
2025.43 1474.96 355.436 9 0 1 12 100000 15 10000 0.950904 817471 100000 ZonesAtSurface
2075.37 1474.95 205.55 1 0 1 13 100000 15 10000 1.01278 2.96974e+06 100000 ZonesAtSurface
2125.35 1474.95 105.578 1 0 1 13 100000 15 10000 0.982662 3.98969e+06 100000 ZonesAtSurface
2175.31 1474.95 5.58318 1 0 1 13 100000 15 10000 1.0035 5.01776e+06 100000 ZonesAtSurface
2225.31 1474.96 -44.4099 12 0 1 12 100000 15 10000 1.12787 5.19235e+06 100000 ZonesAtSurface
2275.32 1474.95 -44.3749 39 0 1 10 100000 15 10000 1.4898 2.13794e+06 100000 ZonesAtSurface
2325.3 1474.92 -44.3144 60 0 1 8 100000 15 10000 1.57431 2.85085e+06 100000 ZonesAtSurface
2375.27 1474.81 -44.2271 78 0 1 6 100000 15 10000 1.35164 3.10599e+06 100000 ZonesAtSurface
2425.23 1474.59 -44.088 104 0 1 4 100000 15 10000 1.61836 4.07929e+06 100000 ZonesAtSurface
2475.23 1474.14 -43.6788 109 0 1 2 100000 15 10000 1.18426 4.99879e+06 100000 ZonesAtSurface
2524.66 1473.97 -23.2049 130 33 1 1 100000 15 10000 0.801095 3.00146e+06 100000 ZonesAtSurface
2575.21 1473.78 -33.0169 122 0 1 2 100000 15 10000 0.903835 6.30657e+06 100000 ZonesAtSurface
2625.1 1474.25 -43.5621 111 0 1 3 100000 15 10000 0.86611 8.73488e+06 100000 ZonesAtSurface
2674.91 1474.69 -3.67993 111 1 1 3 100000 15 10000 0.785265 2.09363e+06 100000 ZonesAtSurface
2724.9 1474.83 -13.9094 100 0 1 4 100000 15 10000 0.907066 3.01077e+06 100000 ZonesAtSurface
2774.83 1474.91 -24.0317 88 0 1 5 100000 15 10000 0.953676 2.50993e+06 100000 ZonesAtSurface
2824.77 1474.95 -34.1144 76 0 1 6 100000 15 10000 1.05866 2.0809e+06 100000 ZonesAtSurface
2874.67 1474.97 -44.2128 63 0 1 7 100000 15 10000 1.01083 1.43584e+06 100000 ZonesAtSurface
2924.61 1475 -4.21359 62 0 1 7 100000 15 10000 1.23315 314456 100000 ZonesAtSurface
2974.62 1474.99 -14.2797 50 0 1 8 100000 15 10000 1.08452 1.4129e+06 100000 ZonesAtSurface
3024.64 1474.98 -24.3264 39 0 1 9 100000 15 10000 1.13439 2.53147e+06 100000 ZonesAtSurface
3074.64 1474.97 -34.3711 24 0 1 10 100000 15 10000 1.15613 4.53404e+06 100000 ZonesAtSurface
3124.64 1474.96 -44.4095 13 0 1 11 100000 15 10000 1.08707 5.48087e+06 100000 ZonesAtSurface
3174.63 1474.97 -4.41517 17 0 1 11 100000 15 10000 1.11202 3.60627e+06 100000 ZonesAtSurface
3224.65 1474.96 -14.4527 6 0 1 12 100000 15 10000 1.02022 5.59328e+06 100000 ZonesAtSurface
3274.68 1474.96 -24.478 0 0 1 13 100000 15 10000 1.31542 5.53048e+06 100000 ZonesAtSurface
3324.69 1474.96 15.5058 0 0 1 13 100000 15 10000 1.06787 6.04298e+06 100000 ZonesAtSurface
3374.7 1474.96 55.4881 1 0 1 13 100000 15 10000 1.00147 5.8746e+06 100000 ZonesAtSurface
3424.73 1474.96 95.4693 1 0 1 13 100000 15 10000 1.00203 5.55325e+06 100000 ZonesAtSurface
3474.76 1474.96 135.45 1 0 1 13 100000 15 10000 1.00144 5.23208e+06 100000 ZonesAtSurface
3524.79 1474.97 175.43 1 0 1 13 100000 15 10000 1.00193 4.92883e+06 100000 ZonesAtSurface
3574.84 1474.97 215.408 1 0 1 13 100000 15 10000 1.00261 4.68553e+06 100000 ZonesAtSurface
3624.89 1474.98 255.386 1 0 1 13 100000 15 10000 1.00246 4.37861e+06 100000 ZonesAtSurface
3674.94 1474.98 295.364 1 0 1 13 100000 15 10000 1.0042 3.95687e+06 100000 ZonesAtSurface
3725.01 1474.99 335.339 1 0 1 13 100000 15 10000 1.01021 3.64917e+06 100000 ZonesAtSurface
3775.08 1474.99 335.337 1 0 1 13 100000 15 10000 1.02241 3.45266e+06 100000 ZonesAtSurface
3825.16 1474.99 295.364 1 0 1 13 100000 15 10000 1.00647 4.2007e+06 100000 ZonesAtSurface
3875.22 1474.99 255.392 1 0 1 13 100000 15 10000 1.00697 4.23237e+06 100000 ZonesAtSurface
3925.28 1474.99 215.416 1 0 1 13 100000 15 10000 1.00697 4.55912e+06 100000 ZonesAtSurface
3975.33 1474.99 175.437 1 0 1 13 100000 15 10000 1.00322 4.65787e+06 100000 ZonesAtSurface
4025.37 1474.99 135.455 1 0 1 13 100000 15 10000 1.00152 4.91942e+06 100000 ZonesAtSurface
4075.4 1474.98 95.4705 1 0 1 13 100000 15 10000 1.00161 5.155e+06 100000 ZonesAtSurface
4125.42 1474.98 55.4846 1 0 1 13 100000 15 10000 1.00162 5.64848e+06 100000 ZonesAtSurface
4175.44 1474.98 15.4978 0 0 1 13 100000 15 10000 1.05886 5.98735e+06 100000 ZonesAtSurface
4225.48 1474.99 25.516 6 0 1 12 100000 15 10000 1.02385 4.82986e+06 100000 ZonesAtSurface
4275.48 1474.98 -14.4747 1 0 1 12 100000 15 10000 1.0495 5.57984e+06 100000 ZonesAtSurface
4325.51 1474.99 -4.44702 13 0 1 11 100000 15 10000 1.06434 3.67174e+06 100000 ZonesAtSurface
4375.49 1474.98 -44.4392 8 0 1 11 100000 15 10000 1.06874 5.59381e+06 100000 ZonesAtSurface
4425.49 1474.99 -34.4033 21 0 1 10 100000 15 10000 1.15187 4.13531e+06 100000 ZonesAtSurface
4475.5 1475 -24.3636 36 0 1 9 100000 15 10000 1.10357 2.04497e+06 100000 ZonesAtSurface
4525.51 1475 -14.3176 49 0 1 8 100000 15 10000 1.04275 870464 100000 ZonesAtSurface
4575.53 1475 -4.27167 60 0 1 7 100000 15 10000 1.14117 222505 100000 ZonesAtSurface
4625.48 1475 -44.2705 61 0 1 7 100000 15 10000 0.992328 1.17959e+06 100000 ZonesAtSurface
4675.4 1474.99 -34.1895 73 0 1 6 100000 15 10000 0.959604 885126 100000 ZonesAtSurface
4725.34 1475 -24.162 85 0 1 5 100000 15 10000 1.2431 684776 100000 ZonesAtSurface
4775.28 1475 -14.1505 98 0 1 4 100000 15 10000 1.10162 564661 100000 ZonesAtSurface
4825.2 1475 -4.13414 108 0 1 3 100000 15 10000 1.21209 427889 100000 ZonesAtSurface
4875.14 1475 5.86499 120 0 1 2 100000 15 10000 2.10839 259398 100000 ZonesAtSurface
4925.06 1475 15.8422 130 0 1 1 100000 15 10000 1.14581 590607 100000 ZonesAtSurface
74.9622 1524.99 -5.65373 133 0 1 1 100000 15 10000 1.04572 703359 100000 ZonesAtSurface
124.835 1524.99 -30.6463 122 0 1 2 100000 15 10000 1.12607 727523 100000 ZonesAtSurface
174.721 1524.98 -5.59018 122 0 1 2 100000 15 10000 1.68698 302738 100000 ZonesAtSurface
224.655 1524.98 -30.6434 111 0 1 3 100000 15 10000 1.16615 719860 100000 ZonesAtSurface
274.589 1524.98 -5.63154 111 0 1 3 100000 15 10000 1.16162 381774 100000 ZonesAtSurface
324.546 1524.97 -30.683 100 0 1 4 100000 15 10000 1.08973 839911 100000 ZonesAtSurface
374.51 1524.96 -5.66928 98 0 1 4 100000 15 10000 1.87709 268972 100000 ZonesAtSurface
424.472 1524.96 -30.716 86 0 1 5 100000 15 10000 1.051 924569 100000 ZonesAtSurface
474.451 1524.95 -5.70546 84 3 1 5 100000 15 10000 1.35838 285663 100000 ZonesAtSurface
524.428 1524.95 -30.7566 71 0 1 6 100000 15 10000 1.03502 811911 100000 ZonesAtSurface
574.423 1524.94 -5.74955 72 0 1 6 100000 15 10000 1.41878 481244 100000 ZonesAtSurface
624.405 1524.94 -30.8032 59 0 1 7 100000 15 10000 0.991771 1.05635e+06 100000 ZonesAtSurface
674.401 1524.94 -5.78266 57 5 1 7 100000 15 10000 1.34839 355737 100000 ZonesAtSurface
724.381 1524.95 -30.8479 42 0 1 8 100000 15 10000 1.03185 1.11308e+06 100000 ZonesAtSurface
774.371 1524.95 -5.84517 44 0 1 8 100000 15 10000 0 310673 100000 ZonesAtSurface
824.373 1524.96 -30.9113 25 0 1 9 100000 15 10000 1.11027 3.41893e+06 100000 ZonesAtSurface
874.37 1524.96 -5.91408 27 0 1 9 100000 15 10000 1.12517 2.33125e+06 100000 ZonesAtSurface
924.379 1524.97 -30.9624 10 0 1 10 100000 15 10000 1.0562 4.86185e+06 100000 ZonesAtSurface
974.376 1524.97 -5.97099 14 0 1 10 100000 15 10000 1.06194 3.68948e+06 100000 ZonesAtSurface
1024.4 1524.98 -31.0045 0 0 1 11 100000 15 10000 1.27965 4.63118e+06 100000 ZonesAtSurface
1074.41 1524.98 -6.01651 1 0 1 11 100000 15 10000 1.08801 4.88335e+06 100000 ZonesAtSurface
1124.42 1524.98 18.9699 0 0 1 11 100000 15 10000 1.07329 5.05305e+06 100000 ZonesAtSurface
1174.44 1524.98 43.9555 0 0 1 11 100000 15 10000 1.01824 5.22969e+06 100000 ZonesAtSurface
1224.44 1524.98 118.941 6 0 1 10 100000 15 10000 1.00553 3.72981e+06 100000 ZonesAtSurface
1274.46 1524.98 143.924 2 0 1 10 100000 15 10000 1.00524 4.10605e+06 100000 ZonesAtSurface
1324.49 1524.98 168.908 0 0 1 10 100000 15 10000 1.00074 4.19664e+06 100000 ZonesAtSurface
1374.5 1524.98 243.894 10 0 1 9 100000 15 10000 1.01324 2.62404e+06 100000 ZonesAtSurface
1424.55 1524.98 218.884 1 0 1 10 100000 15 10000 1.01205 3.72086e+06 100000 ZonesAtSurface
1474.59 1524.98 243.878 5 0 1 10 100000 15 10000 1.02842 3.24141e+06 100000 ZonesAtSurface
1524.65 1524.98 218.879 0 0 1 11 100000 15 10000 1.03551 3.95307e+06 100000 ZonesAtSurface
1574.69 1524.98 243.881 8 0 1 11 100000 15 10000 1.04802 3.54515e+06 100000 ZonesAtSurface
1624.75 1524.97 218.888 0 0 1 12 100000 15 10000 1.02442 4.25689e+06 100000 ZonesAtSurface
1674.8 1524.97 243.891 7 0 1 12 100000 15 10000 1.01665 3.90962e+06 100000 ZonesAtSurface
1724.85 1524.97 268.894 10 0 1 12 100000 15 10000 1.01607 3.41994e+06 100000 ZonesAtSurface
1774.93 1524.96 243.916 1 0 1 13 100000 15 10000 1.01002 4.26703e+06 100000 ZonesAtSurface
1825 1524.96 268.924 1 0 1 13 100000 15 10000 1.00967 4.3279e+06 100000 ZonesAtSurface
1875.07 1524.95 293.933 1 0 1 13 100000 15 10000 1.01082 3.61541e+06 100000 ZonesAtSurface
1925.16 1524.95 318.944 1 0 1 13 100000 15 10000 1.01932 3.29038e+06 100000 ZonesAtSurface
1975.27 1524.94 343.951 1 0 1 13 100000 15 10000 1.02786 2.28424e+06 100000 ZonesAtSurface
2025.39 1524.94 356.451 8 0 1 12 100000 15 10000 0.967127 896845 100000 ZonesAtSurface
2075.34 1524.94 206.546 1 0 1 13 100000 15 10000 0.99778 3.12253e+06 100000 ZonesAtSurface
2125.32 1524.94 106.568 1 0 1 13 100000 15 10000 0.983648 3.8765e+06 100000 ZonesAtSurface
2175.29 1524.95 6.57223 6 0 1 13 100000 15 10000 1.00273 5.44391e+06 100000 ZonesAtSurface
2225.28 1524.95 -43.4222 9 0 1 12 100000 15 10000 1.15512 6.1395e+06 100000 ZonesAtSurface
2275.28 1524.94 -43.3866 32 0 1 10 100000 15 10000 1.32821 3.04429e+06 100000 ZonesAtSurface
2325.24 1524.89 -43.3298 61 0 1 8 100000 15 10000 1.20283 3.36821e+06 100000 ZonesAtSurface
2375.13 1524.72 -43.1909 77 0 1 6 100000 15 10000 1.07584 2.38461e+06 100000 ZonesAtSurface
2425 1524.17 -42.9406 103 0 1 4 100000 15 10000 1.19406 4.34334e+06 100000 ZonesAtSurface
2475.09 1522.66 -42.018 110 0 1 2 100000 15 10000 1.14418 1.04508e+07 100000 ZonesAtSurface
2524.29 1521.34 -21.1484 131 15 1 1 100000 15 10000 1.03147 3.99305e+06 100000 ZonesAtSurface
2575.81 1522.25 -31.2172 122 0 1 2 100000 15 10000 0.944548 9.86297e+06 100000 ZonesAtSurface
2625.52 1523.53 -42.2682 111 0 1 3 100000 15 10000 0.98302 1.27878e+07 100000 ZonesAtSurface
2675.18 1524.41 -2.41262 111 1 1 3 100000 15 10000 0 36037.5 100000 ZonesAtSurface
2725.09 1524.72 -12.8068 100 0 1 4 100000 15 10000 0.879036 4.43467e+06 100000 ZonesAtSurface
2774.96 1524.81 -22.9751 89 0 1 5 100000 15 10000 0.949277 3.37646e+06 100000 ZonesAtSurface
2824.84 1524.88 -33.0911 78 0 1 6 100000 15 10000 1.07979 2.25261e+06 100000 ZonesAtSurface
2874.71 1524.92 -43.2163 64 0 1 7 100000 15 10000 0.988084 2.44234e+06 100000 ZonesAtSurface
2924.63 1524.92 -3.22185 63 0 1 7 100000 15 10000 1.34488 536365 100000 ZonesAtSurface
2974.64 1524.93 -13.2804 51 0 1 8 100000 15 10000 1.0932 1.12288e+06 100000 ZonesAtSurface
3024.65 1524.94 -23.3303 37 0 1 9 100000 15 10000 1.05441 2.61087e+06 100000 ZonesAtSurface
3074.65 1524.94 -33.3748 23 0 1 10 100000 15 10000 1.14543 4.30102e+06 100000 ZonesAtSurface
3124.65 1524.95 -43.4138 11 0 1 11 100000 15 10000 1.05948 5.52093e+06 100000 ZonesAtSurface
3174.64 1524.94 -3.41975 16 0 1 11 100000 15 10000 1.11644 3.30666e+06 100000 ZonesAtSurface
3224.66 1524.95 -13.4564 4 0 1 12 100000 15 10000 1.02506 5.40166e+06 100000 ZonesAtSurface
3274.66 1524.95 26.5315 8 0 1 12 100000 15 10000 0.991752 4.3352e+06 100000 ZonesAtSurface
3324.69 1524.95 16.5029 0 0 1 13 100000 15 10000 1.11119 5.86089e+06 100000 ZonesAtSurface
3374.71 1524.96 56.4854 1 0 1 13 100000 15 10000 1.00097 5.88704e+06 100000 ZonesAtSurface
3424.74 1524.96 96.4669 1 0 1 13 100000 15 10000 1.00086 5.54975e+06 100000 ZonesAtSurface
3474.77 1524.96 136.447 1 0 1 13 100000 15 10000 0.997716 5.24498e+06 100000 ZonesAtSurface
3524.8 1524.96 176.427 1 0 1 13 100000 15 10000 1.00108 4.9975e+06 100000 ZonesAtSurface
3574.85 1524.97 216.406 1 0 1 13 100000 15 10000 1.002 4.58225e+06 100000 ZonesAtSurface
3624.9 1524.97 256.385 1 0 1 13 100000 15 10000 1.00334 4.51279e+06 100000 ZonesAtSurface
3674.95 1524.98 296.363 1 0 1 13 100000 15 10000 1.00441 3.96582e+06 100000 ZonesAtSurface
3725.02 1524.98 336.341 1 0 1 13 100000 15 10000 1.00762 3.57902e+06 100000 ZonesAtSurface
3775.09 1524.98 336.339 1 0 1 13 100000 15 10000 1.03684 3.37027e+06 100000 ZonesAtSurface
3825.16 1524.98 296.364 1 0 1 13 100000 15 10000 1.01933 4.09525e+06 100000 ZonesAtSurface
3875.23 1524.98 306.378 9 0 1 12 100000 15 10000 1.01816 2.29564e+06 100000 ZonesAtSurface
3925.28 1524.98 216.417 1 0 1 13 100000 15 10000 1.0065 4.42305e+06 100000 ZonesAtSurface
3975.33 1524.98 176.438 1 0 1 13 100000 15 10000 1.00138 4.6967e+06 100000 ZonesAtSurface
4025.37 1524.98 136.455 1 0 1 13 100000 15 10000 1.00223 4.84286e+06 100000 ZonesAtSurface
4075.4 1524.98 96.4713 1 0 1 13 100000 15 10000 1.00129 5.092e+06 100000 ZonesAtSurface
4125.43 1524.98 56.4858 1 0 1 13 100000 15 10000 1.00156 5.56456e+06 100000 ZonesAtSurface
4175.45 1524.98 16.499 0 0 1 13 100000 15 10000 1.05956 5.9255e+06 100000 ZonesAtSurface
4225.48 1524.98 26.5184 6 0 1 12 100000 15 10000 1.0173 4.79922e+06 100000 ZonesAtSurface
4275.48 1524.98 -13.4732 2 0 1 12 100000 15 10000 1.0473 5.38973e+06 100000 ZonesAtSurface
4325.51 1524.97 -3.44535 13 0 1 11 100000 15 10000 1.05013 3.40802e+06 100000 ZonesAtSurface
4375.5 1524.97 -43.4378 8 0 1 11 100000 15 10000 1.06754 5.47874e+06 100000 ZonesAtSurface
4425.5 1524.97 -33.4009 21 0 1 10 100000 15 10000 1.13347 3.92881e+06 100000 ZonesAtSurface
4475.5 1524.96 -23.3608 36 0 1 9 100000 15 10000 1.14795 1.86693e+06 100000 ZonesAtSurface
4525.51 1524.95 -13.3172 49 0 1 8 100000 15 10000 1.03175 1.07957e+06 100000 ZonesAtSurface
4575.52 1524.94 -3.26608 61 0 1 7 100000 15 10000 1.68548 224816 100000 ZonesAtSurface
4625.48 1524.96 -43.2747 61 0 1 7 100000 15 10000 1.11222 1.2001e+06 100000 ZonesAtSurface
4675.41 1524.96 -33.2046 73 0 1 6 100000 15 10000 0.937117 816563 100000 ZonesAtSurface
4725.35 1524.96 -23.152 85 0 1 5 100000 15 10000 1.13098 581212 100000 ZonesAtSurface
4775.29 1524.97 -13.1438 99 0 1 4 100000 15 10000 1.18784 508608 100000 ZonesAtSurface
4825.21 1524.98 -3.11885 109 0 1 3 100000 15 10000 1.19392 433965 100000 ZonesAtSurface
4875.14 1524.98 6.88183 121 0 1 2 100000 15 10000 1.82703 359073 100000 ZonesAtSurface
4925.06 1524.98 16.8481 132 0 1 1 100000 15 10000 1.18364 605746 100000 ZonesAtSurface
74.9503 1574.98 -4.69024 133 0 1 1 710927 15.9192 123770 1.09957 2.17113e+06 710927 ZonesAtSurface
124.83 1574.98 -29.6972 122 42 1 2 1.42318e+06 21.1032 127841 1.06855 4.06953e+06 1.42318e+06 ZonesAtSurface
174.722 1574.98 -4.64459 94 81 1 2 894333 24.7573 106724 2.2429 1.39229e+06 894333 ZonesAtSurface
224.664 1574.97 -29.6925 102 3 1 3 1.20794e+06 18.3881 125781 1.21471 2.86083e+06 1.20794e+06 ZonesAtSurface
274.589 1574.97 -4.69428 68 64 1 3 1.23063e+06 18.0987 79944.7 4.26521 855958 1.23063e+06 ZonesAtSurface
324.56 1574.96 -29.7412 87 0 1 4 1.19192e+06 36.5851 139767 1.11962 5.25987e+06 1.19192e+06 ZonesAtSurface
374.51 1574.95 -4.73983 52 15 1 4 976523 44.19 124383 3.38378 2.13617e+06 976523 ZonesAtSurface
424.48 1574.94 -29.7836 54 0 1 5 763119 15.7227 66169.3 1.05068 3.30748e+06 763119 ZonesAtSurface
474.442 1574.93 -4.78841 36 24 1 5 1.18838e+06 34.9706 67140.7 2.14487 2.33816e+06 1.18838e+06 ZonesAtSurface
524.426 1574.93 -29.8237 44 0 1 6 1.16701e+06 21.9659 122273 1.06464 4.15352e+06 1.16701e+06 ZonesAtSurface
574.397 1574.91 -4.83803 38 7 1 6 1.24321e+06 25.2298 60577.9 1.25759 3.1926e+06 1.24321e+06 ZonesAtSurface
624.398 1574.92 -29.8683 10 0 1 7 1.48215e+06 24.3674 133338 1.04948 6.90876e+06 1.48215e+06 ZonesAtSurface
674.382 1574.91 -4.87251 6 0 1 7 1.14049e+06 33.2501 60704.3 1.08751 5.49536e+06 1.14049e+06 ZonesAtSurface
724.38 1574.94 -29.8973 18 0 1 8 522216 18.5321 68174.5 1.01927 5.8619e+06 522216 ZonesAtSurface
774.362 1574.92 -4.9122 9 0 1 8 847479 44.278 115892 1.72251 8.4571e+06 847479 ZonesAtSurface
824.37 1574.95 -29.9368 2 0 1 9 1.42909e+06 16.2167 139273 1.09554 6.64908e+06 1.42909e+06 ZonesAtSurface
874.343 1574.9 45.0447 2 0 1 8 1.15827e+06 24.1213 138525 1.10176 4.63437e+06 1.15827e+06 ZonesAtSurface
924.341 1574.89 70.0208 5 0 2 8 1.12272e+06 17.69 72956.7 1.05211 3.28784e+06 1.12272e+06 ZonesAtSurface
974.331 1574.87 144.99 0 0 2 7 1.32287e+06 21.2114 82083 1.54947 2.72154e+06 1.32287e+06 ZonesAtSurface
1024.36 1574.93 70.0018 2 0 1 9 720674 39.8995 61586 1.40927 6.85041e+06 720674 ZonesAtSurface
1074.35 1574.9 144.973 9 0 1 8 630175 33.8087 116261 1.17611 2.42427e+06 630175 ZonesAtSurface
1124.36 1574.9 219.942 0 5 2 7 1.29325e+06 44.3136 76730.2 2.17371 4.02604e+06 1.29325e+06 ZonesAtSurface
1174.38 1574.93 194.937 0 0 2 8 1.2672e+06 29.608 138997 1.06091 4.75029e+06 1.2672e+06 ZonesAtSurface
1224.4 1574.93 269.912 6 6 2 7 903177 35.7912 64042.2 1.20864 2.92698e+06 903177 ZonesAtSurface
1274.43 1574.94 294.9 2 8 2 7 1.49411e+06 32.5879 91778.4 1.35832 3.98542e+06 1.49411e+06 ZonesAtSurface
1324.47 1574.98 219.902 0 0 1 9 815415 42.2956 51966.5 1.60539 6.13687e+06 815415 ZonesAtSurface
1374.49 1574.97 294.889 5 0 2 8 912537 36.8377 148122 1.02005 3.61088e+06 912537 ZonesAtSurface
1424.53 1574.98 269.878 4 0 1 9 518170 33.9637 145367 1.00724 4.04006e+06 518170 ZonesAtSurface
1474.56 1574.96 344.873 6 2 2 8 811337 43.5019 112712 1.20141 3.03336e+06 811337 ZonesAtSurface
1524.62 1574.97 269.872 6 0 1 10 715695 41.2677 145400 1.00711 5.54743e+06 715695 ZonesAtSurface
1574.68 1574.97 244.875 0 0 1 11 1.02117e+06 39.4727 135978 1.1712 7.10292e+06 1.02117e+06 ZonesAtSurface
1624.7 1574.94 369.856 5 4 2 9 930516 17.2611 115543 1.13301 2.25947e+06 930516 ZonesAtSurface
1674.79 1574.97 244.888 7 0 1 12 583209 29.2621 78687.7 1.00672 6.53298e+06 583209 ZonesAtSurface
1724.83 1574.96 319.89 7 0 1 11 646458 32.8038 123512 1.13133 2.85571e+06 646458 ZonesAtSurface
1774.89 1574.96 344.886 6 5 2 11 1.23881e+06 22.239 58284.2 1.56142 2.41679e+06 1.23881e+06 ZonesAtSurface
1824.96 1574.95 369.895 4 7 2 11 879354 22.0089 98596.4 2.88381 1.00254e+06 879354 ZonesAtSurface
1875.05 1574.94 394.903 0 8 2 11 1.19285e+06 36.5022 85045.2 2.01003 2.32774e+06 1.19285e+06 ZonesAtSurface
1925.15 1574.93 419.887 0 9 2 11 1.33955e+06 40.4787 105153 1.48884 3.89163e+06 1.33955e+06 ZonesAtSurface
1975.25 1574.94 394.916 5 0 2 12 770721 41.4746 131911 1.05452 2.87671e+06 770721 ZonesAtSurface
2025.33 1574.93 357.459 0 3 2 12 979679 21.2008 50844.5 1.05206 2.69011e+06 979679 ZonesAtSurface
2075.4 1574.93 307.506 8 4 1 11 844619 17.6514 113793 1.14343 2.1212e+06 844619 ZonesAtSurface
2125.3 1574.94 107.561 1 0 1 13 1.12024e+06 27.0165 138939 0.989406 7.52349e+06 1.12024e+06 ZonesAtSurface
2175.4 1574.93 157.573 4 8 2 10 775402 36.0717 145334 1.22195 2.1796e+06 775402 ZonesAtSurface
2225.26 1574.95 -42.4338 2 0 1 12 600909 16.8541 135654 1.42546 7.29101e+06 600909 ZonesAtSurface
2275.23 1574.94 -42.4057 15 0 1 10 1.42372e+06 21.3164 147367 1.19183 1.03052e+07 1.42372e+06 ZonesAtSurface
2325.17 1574.92 -42.3571 38 0 1 8 670825 30.0442 148494 1.43843 7.92091e+06 670825 ZonesAtSurface
2375.05 1574.71 -42.1842 69 0 1 6 1.24204e+06 21.4949 123437 1.18872 7.06652e+06 1.24204e+06 ZonesAtSurface
2424.94 1573.64 -41.7626 86 0 1 4 844234 34.1207 87219.4 1.63145 1.45973e+07 844234 ZonesAtSurface
2474.97 1570.58 -40.7508 106 0 1 2 1.3369e+06 44.0909 122366 1.30045 2.3565e+07 1.3369e+06 ZonesAtSurface
2524.48 1567.81 -20.3792 125 13 1 1 880097 43.9477 143372 1.51897 3.29022e+06 880097 ZonesAtSurface
2576.03 1570.08 -29.898 112 7 1 2 1.18037e+06 32.5413 114453 1.11247 1.14901e+07 1.18037e+06 ZonesAtSurface
2625.66 1572.57 -41.2221 101 0 1 3 1.01283e+06 33.48 135364 1.07216 2.35821e+07 1.01283e+06 ZonesAtSurface
2675.3 1574.05 -1.32275 103 5 1 3 947904 20.1268 115727 0.929914 7.15988e+06 947904 ZonesAtSurface
2725.23 1574.58 -11.8081 82 3 1 4 1.12679e+06 30.0325 70258.9 0.999901 8.00137e+06 1.12679e+06 ZonesAtSurface
2775.06 1574.78 -22.0272 63 0 1 5 1.20546e+06 22.0223 106701 1.06475 8.74375e+06 1.20546e+06 ZonesAtSurface
2824.9 1574.85 -32.1376 46 0 1 6 1.17424e+06 41.4893 125440 1.31335 1.24705e+07 1.17424e+06 ZonesAtSurface
2874.76 1574.89 -42.261 34 0 1 7 945334 32.921 149684 1.03773 1.08958e+07 945334 ZonesAtSurface
2924.65 1574.9 -2.29657 33 0 1 7 717712 35.907 59242.1 1.25137 4.01899e+06 717712 ZonesAtSurface
2974.65 1574.91 -12.3317 20 0 1 8 670004 23.3182 94123.9 1.06651 5.76562e+06 670004 ZonesAtSurface
3024.65 1574.92 -22.3697 8 0 1 9 801895 19.6336 105697 1.05917 6.26284e+06 801895 ZonesAtSurface
3074.63 1574.9 17.6102 8 0 1 9 1.37296e+06 17.3355 58508.5 1.11339 4.7952e+06 1.37296e+06 ZonesAtSurface
3124.63 1574.92 7.58361 0 0 1 10 1.32077e+06 37.3995 78891.9 2.12139 8.2645e+06 1.32077e+06 ZonesAtSurface
3174.61 1574.87 97.554 9 9 2 9 1.26053e+06 37.3767 89684.4 1.26252 4.45543e+06 1.26053e+06 ZonesAtSurface
3224.61 1574.87 137.527 5 1 2 9 688309 38.7519 79520 1.46396 2.34545e+06 688309 ZonesAtSurface
3274.64 1574.89 127.512 1 0 2 10 760227 15.2794 79365.6 1.01549 2.08647e+06 760227 ZonesAtSurface
3324.65 1574.9 167.487 0 0 2 10 561783 17.6822 99159.3 0 1.42108e+06 561783 ZonesAtSurface
3374.67 1574.91 207.465 0 1 1 10 937458 33.8735 83292.4 1.0811 3.11407e+06 937458 ZonesAtSurface
3424.68 1574.9 297.419 8 10 2 9 905307 18.9313 74228.4 1.07912 2.3677e+06 905307 ZonesAtSurface
3474.74 1574.92 287.417 2 2 2 10 837253 15.7096 55059.7 1.09242 2.00114e+06 837253 ZonesAtSurface
3524.8 1574.96 227.413 3 0 1 12 775998 31.3319 89380.8 1.01574 7.10618e+06 775998 ZonesAtSurface
3574.84 1574.96 267.393 10 0 1 12 778671 26.9018 54283.9 1.01614 5.63115e+06 778671 ZonesAtSurface
3624.91 1574.97 257.383 0 0 1 13 711965 38.7587 130718 1.00876 1.04818e+07 711965 ZonesAtSurface
3674.96 1574.97 297.363 1 0 1 13 1.09502e+06 16.2949 135894 1.00925 5.59423e+06 1.09502e+06 ZonesAtSurface
3725.02 1574.98 337.341 1 0 1 13 1.18534e+06 32.5618 79389.3 1.00962 8.01761e+06 1.18534e+06 ZonesAtSurface
3775.08 1574.93 487.222 0 4 2 10 1.2506e+06 32.2615 133468 1.26105 3.42e+06 1.2506e+06 ZonesAtSurface
3825.17 1574.94 447.262 0 2 2 10 975652 33.7624 110151 1.07682 3.21661e+06 975652 ZonesAtSurface
3875.25 1574.94 407.295 3 1 2 10 1.42046e+06 15.4745 77664.6 1.03828 3.55617e+06 1.42046e+06 ZonesAtSurface
3925.32 1574.94 367.324 2 2 1 10 1.04425e+06 40.6835 84040.1 1.24233 3.74417e+06 1.04425e+06 ZonesAtSurface
3975.39 1574.91 427.278 2 0 2 8 1.13908e+06 19.0911 98326.2 1.1007 3.04088e+06 1.13908e+06 ZonesAtSurface
4025.43 1574.94 287.399 1 0 2 10 1.36786e+06 33.2289 69793.5 1.02186 5.19738e+06 1.36786e+06 ZonesAtSurface
4075.47 1574.91 297.403 7 6 2 9 675626 24.513 89276.9 1.296 1.61011e+06 675626 ZonesAtSurface
4125.51 1574.91 257.431 4 8 2 9 635502 20.4864 74033.8 1.30831 1.43536e+06 635502 ZonesAtSurface
4175.54 1574.91 217.46 3 3 2 9 1.47296e+06 17.6967 117130 1.07572 3.7235e+06 1.47296e+06 ZonesAtSurface
4225.55 1574.91 177.487 6 5 2 9 552411 20.5149 54438 1.05686 1.50917e+06 552411 ZonesAtSurface
4275.58 1574.88 187.498 7 10 2 8 506295 36.3856 78556.9 1.28533 1.4052e+06 506295 ZonesAtSurface
4325.56 1574.91 97.5324 0 0 2 9 870319 31.211 123112 0.994293 2.87426e+06 870319 ZonesAtSurface
4375.56 1574.91 57.5601 2 0 1 9 913624 15.902 79205.9 1.08253 2.66401e+06 913624 ZonesAtSurface
4425.54 1574.93 17.5903 10 0 1 9 1.06983e+06 40.2427 92011.5 1.25538 8.2073e+06 1.06983e+06 ZonesAtSurface
4475.52 1574.95 -22.3932 7 0 1 9 574537 32.7618 139236 1.10403 8.35505e+06 574537 ZonesAtSurface
4525.52 1574.93 -12.3618 21 0 1 8 1.15371e+06 25.4604 86303.3 1.07851 5.48523e+06 1.15371e+06 ZonesAtSurface
4575.51 1574.93 -2.31677 31 0 1 7 991713 22.8963 82655.5 1.8594 2.26659e+06 991713 ZonesAtSurface
4625.46 1574.94 -42.3185 25 0 1 7 1.23001e+06 42.7301 72396.2 1.07184 7.81971e+06 1.23001e+06 ZonesAtSurface
4675.41 1574.94 -32.2662 57 0 1 6 595190 38.7017 142868 1.0832 2.50391e+06 595190 ZonesAtSurface
4725.34 1574.95 -22.2095 67 0 1 5 727591 39.5814 149685 1.46828 2.96968e+06 727591 ZonesAtSurface
4775.3 1574.96 -12.2146 79 30 1 4 1.19883e+06 15.938 68315.7 1.36546 2.43346e+06 1.19883e+06 ZonesAtSurface
4825.21 1574.97 -2.18853 81 31 1 3 1.01188e+06 34.8412 133044 1.35335 2.94369e+06 1.01188e+06 ZonesAtSurface
4875.14 1574.97 7.81246 64 49 1 2 1.43081e+06 44.1475 101706 2.69187 3.0716e+06 1.43081e+06 ZonesAtSurface
4925.06 1574.97 17.7955 129 35 1 1 1.06171e+06 33.4073 148254 1.32302 3.26837e+06 1.06171e+06 ZonesAtSurface
74.9475 1624.99 -3.71689 133 1 1 1 1.24223e+06 31.7547 124627 1.13104 4.81005e+06 1.24223e+06 ZonesAtSurface
124.83 1624.99 -28.7263 122 0 1 2 507900 24.466 131969 1.10863 3.41597e+06 507900 ZonesAtSurface
174.735 1624.98 -3.67264 104 74 1 2 705203 20.379 115013 2.32418 941753 705203 ZonesAtSurface
224.671 1624.98 -28.7164 101 0 1 3 838704 27.5058 83695.6 1.10792 3.9024e+06 838704 ZonesAtSurface
274.597 1624.98 -3.71889 90 27 1 3 873656 32.5602 114334 3.90817 1.03467e+06 873656 ZonesAtSurface
324.567 1624.97 -28.7535 71 0 1 4 1.48259e+06 33.7207 76960.2 1.26218 5.68003e+06 1.48259e+06 ZonesAtSurface
374.512 1624.96 -3.7564 67 12 1 4 1.32996e+06 18.865 70755.3 3.26469 1.50697e+06 1.32996e+06 ZonesAtSurface
424.479 1624.95 -28.8011 35 0 1 5 1.26362e+06 20.6687 111890 1.05051 5.73965e+06 1.26362e+06 ZonesAtSurface
474.433 1624.95 -3.80768 35 5 1 5 786965 38.934 140794 1.41396 2.21127e+06 786965 ZonesAtSurface
524.42 1624.94 -28.8433 13 0 1 6 741338 28.7333 148686 1.01262 6.8604e+06 741338 ZonesAtSurface
574.386 1624.93 -3.85502 16 0 1 6 1.45604e+06 17.3308 134154 1.04539 5.47998e+06 1.45604e+06 ZonesAtSurface
624.389 1624.94 -28.8774 0 0 1 7 1.0727e+06 30.3425 72137.4 1.38777 7.19985e+06 1.0727e+06 ZonesAtSurface
674.368 1624.93 -3.88726 6 0 1 7 551499 27.6169 137406 1.12349 6.16578e+06 551499 ZonesAtSurface
724.325 1624.89 71.0825 6 2 2 6 678835 17.2004 68784.6 1.07882 1.72742e+06 678835 ZonesAtSurface
774.333 1624.91 46.0737 10 0 1 7 1.0482e+06 42.2699 104670 1.09895 6.71012e+06 1.0482e+06 ZonesAtSurface
824.341 1624.93 21.0606 2 0 1 8 1.49355e+06 17.5793 113634 1.05506 6.19491e+06 1.49355e+06 ZonesAtSurface
874.315 1624.91 96.0341 4 0 1 7 1.04312e+06 43.686 99065.1 1.0384 5.81762e+06 1.04312e+06 ZonesAtSurface
924.29 1624.9 220.984 4 3 2 5 950169 25.9524 90075.8 1.07053 2.74083e+06 950169 ZonesAtSurface
974.301 1624.91 245.97 1 5 2 5 833598 40.7038 65583.8 1.29107 2.84425e+06 833598 ZonesAtSurface
1024.33 1624.92 170.976 1 0 1 7 504833 21.4409 105961 1.0321 3.04172e+06 504833 ZonesAtSurface
1074.33 1624.91 245.946 3 5 2 6 1.20368e+06 35.8337 125217 1.26324 3.84698e+06 1.20368e+06 ZonesAtSurface
1124.34 1624.92 320.918 7 0 2 5 558145 41.766 87574 1.08626 2.29832e+06 558145 ZonesAtSurface
1174.36 1624.93 345.899 6 6 2 5 575599 17.8696 87640.2 1.10629 1.37569e+06 575599 ZonesAtSurface
1224.39 1624.94 370.881 4 5 2 5 556443 24.4412 101575 0 1.46142e+06 556443 ZonesAtSurface
1274.42 1624.94 395.868 5 5 2 5 1.09873e+06 17.9814 137319 0 2.24096e+06 1.09873e+06 ZonesAtSurface
1324.46 1624.97 270.893 0 0 2 8 644414 19.6807 75808.4 1.00851 3.47296e+06 644414 ZonesAtSurface
1374.49 1624.97 345.882 0 4 2 7 1.34407e+06 23.6962 118019 1.20576 3.29058e+06 1.34407e+06 ZonesAtSurface
1424.52 1624.97 320.876 0 0 2 8 973050 18.3322 121278 1.01553 2.74903e+06 973050 ZonesAtSurface
1474.57 1624.97 295.871 3 0 1 9 1.20957e+06 36.3236 98986.2 1.00763 5.02565e+06 1.20957e+06 ZonesAtSurface
1524.62 1624.97 270.867 1 0 1 10 744011 44.3785 127745 1.00585 6.34881e+06 744011 ZonesAtSurface
1574.66 1624.97 295.868 5 0 1 10 1.45382e+06 20.6352 72743.2 1.01172 4.45972e+06 1.45382e+06 ZonesAtSurface
1624.69 1624.96 370.864 2 10 2 9 916803 24.0641 144016 1.57659 1.74833e+06 916803 ZonesAtSurface
1674.75 1624.96 345.873 8 4 1 10 1.21947e+06 19.1813 115658 1.91629 1.83611e+06 1.21947e+06 ZonesAtSurface
1724.81 1624.96 370.876 5 1 2 10 585769 28.5286 132453 1.74368 1.37894e+06 585769 ZonesAtSurface
1774.9 1624.96 295.895 6 0 1 12 1.12856e+06 33.4555 101326 1.01116 5.60136e+06 1.12856e+06 ZonesAtSurface
1824.98 1624.95 270.926 1 0 1 13 1.0083e+06 34.2532 82488.9 1.09272 8.99161e+06 1.0083e+06 ZonesAtSurface
1875.03 1624.95 345.92 3 0 1 12 909354 28.3994 63266.6 1.03101 4.35694e+06 909354 ZonesAtSurface
1925.12 1624.94 370.913 2 0 2 12 1.0254e+06 30.4512 119329 1.00796 3.72236e+06 1.0254e+06 ZonesAtSurface
1975.28 1624.94 495.8 4 7 2 10 949423 41.2869 57061 1.4412 3.19015e+06 949423 ZonesAtSurface
2025.27 1624.93 308.49 0 0 1 13 1.47995e+06 27.4188 88713.4 1.02113 6.99757e+06 1.47995e+06 ZonesAtSurface
2075.32 1624.92 258.524 9 2 1 12 1.36817e+06 21.7525 111680 1.03533 3.82157e+06 1.36817e+06 ZonesAtSurface
2125.28 1624.93 108.553 1 0 1 13 812749 22.3819 112522 0.998259 6.34436e+06 812749 ZonesAtSurface
2175.29 1624.94 58.5661 5 0 1 12 730635 30.5914 82665.4 1.04663 7.20197e+06 730635 ZonesAtSurface
2225.28 1624.95 8.57746 8 0 1 11 996688 22.344 82976.9 1.05286 7.08347e+06 996688 ZonesAtSurface
2275.22 1624.96 -41.4165 2 0 1 10 1.34142e+06 41.3014 143415 1.70843 1.42362e+07 1.34142e+06 ZonesAtSurface
2325.18 1624.95 -41.3604 37 0 1 8 503893 18.5427 105372 1.39726 3.68725e+06 503893 ZonesAtSurface
2375.1 1624.78 -41.2244 59 20 1 6 1.21281e+06 29.1378 85712.1 0 2.38845e+06 1.21281e+06 ZonesAtSurface
2425.37 1623.07 -40.6219 94 8 1 4 1.23393e+06 22.0283 101407 0 2.86338e+06 1.23393e+06 ZonesAtSurface
2474.93 1618.48 -40.3553 103 0 1 2 1.35599e+06 41.6263 110386 1.2551 5.40301e+07 1.35599e+06 ZonesAtSurface
2525.08 1624.91 -421.636 6 0 0 0 837603 21.8899 92381.4 2.41852 1.65197e+07 837603 ZonesAtSurface
2575.62 1618.08 -29.5658 117 0 1 2 959519 27.736 132505 1.04219 2.06567e+07 959519 ZonesAtSurface
2625.42 1621.34 -40.0267 98 0 1 3 1.37026e+06 29.1739 106299 1.1995 1.14861e+07 1.37026e+06 ZonesAtSurface
2675.54 1623.21 -50.8012 1 0 1 4 1.45081e+06 17.7766 140282 0.947503 2.00974e+07 1.45081e+06 ZonesAtSurface
2725.28 1624.42 -10.7199 83 0 1 4 1.26255e+06 35.9466 107702 1.0043 9.67507e+06 1.26255e+06 ZonesAtSurface
2775.06 1624.76 -21.0423 52 16 1 5 1.25873e+06 44.9238 148686 1.15889 5.51357e+06 1.25873e+06 ZonesAtSurface
2824.93 1624.84 -31.143 47 0 1 6 757252 35.3182 86503.5 1.37229 1.06238e+07 757252 ZonesAtSurface
2874.79 1624.89 -41.2725 45 0 1 7 540052 15.5957 96647.7 1.01038 7.24156e+06 540052 ZonesAtSurface
2924.66 1624.91 -1.31221 17 0 1 7 1.2984e+06 18.421 106066 1.04805 4.68933e+06 1.2984e+06 ZonesAtSurface
2974.66 1624.92 -11.3488 1 0 1 8 1.03666e+06 32.8277 61257.2 1.06257 9.10032e+06 1.03666e+06 ZonesAtSurface
3024.62 1624.91 28.6265 8 0 1 8 531589 26.9463 110088 1.05501 5.8751e+06 531589 ZonesAtSurface
3074.58 1624.89 118.59 10 1 2 7 650729 26.049 144226 1.00333 1.94099e+06 650729 ZonesAtSurface
3124.61 1624.92 58.579 2 0 1 9 1.15225e+06 18.4822 54669.3 1.03522 5.45718e+06 1.15225e+06 ZonesAtSurface
3174.61 1624.91 98.5527 4 0 1 9 1.46416e+06 32.3348 148860 1.28776 7.12011e+06 1.46416e+06 ZonesAtSurface
3224.6 1624.9 188.52 5 6 2 8 1.23136e+06 44.0187 135171 1.15688 4.67921e+06 1.23136e+06 ZonesAtSurface
3274.61 1624.9 228.494 7 5 1 8 761017 18.3422 115410 0.988709 2.03948e+06 761017 ZonesAtSurface
3324.63 1624.91 268.47 1 8 2 8 1.36048e+06 39.2474 119745 1.39264 4.05846e+06 1.36048e+06 ZonesAtSurface
3374.68 1624.94 208.461 10 0 1 10 930810 34.4536 131665 1.04113 6.66615e+06 930810 ZonesAtSurface
3424.69 1624.93 298.422 4 0 2 9 594754 15.6139 58406.8 1.02711 1.51372e+06 594754 ZonesAtSurface
3474.73 1624.93 338.404 6 4 2 9 631582 35.7755 69083.1 1.60922 1.58232e+06 631582 ZonesAtSurface
3524.8 1624.95 278.397 6 0 1 11 888958 43.7715 140544 1.02379 7.39442e+06 888958 ZonesAtSurface
3574.82 1624.94 368.359 2 2 2 10 1.43307e+06 38.4908 63214.7 1.17412 5.22823e+06 1.43307e+06 ZonesAtSurface
3624.88 1624.94 408.324 0 2 2 10 731066 23.5413 107533 0 1.67539e+06 731066 ZonesAtSurface
3674.97 1624.97 298.36 1 0 1 13 1.2772e+06 41.5021 113931 1.24243 9.95006e+06 1.2772e+06 ZonesAtSurface
3725 1624.95 488.231 1 5 2 10 818124 25.457 80841.3 0 2.05963e+06 818124 ZonesAtSurface
3775.08 1624.95 538.172 0 1 2 9 1.20312e+06 34.7352 140948 1.11853 3.9406e+06 1.20312e+06 ZonesAtSurface
3825.17 1624.94 548.154 1 5 2 8 1.09198e+06 36.6348 54787 1.2552 3.39514e+06 1.09198e+06 ZonesAtSurface
3875.27 1624.93 558.119 7 8 2 7 524581 19.636 66801 1.40053 1.03091e+06 524581 ZonesAtSurface
3925.35 1624.93 518.165 1 8 2 7 1.15844e+06 34.8337 97584.4 1.28411 3.41029e+06 1.15844e+06 ZonesAtSurface
3975.42 1624.93 478.216 0 9 1 7 1.21084e+06 28.7688 74013.6 1.34757 3.13431e+06 1.21084e+06 ZonesAtSurface
4025.48 1624.92 438.27 1 5 1 7 869517 15.8211 79332.8 1.22866 1.84906e+06 869517 ZonesAtSurface
4075.52 1624.92 398.323 1 0 2 7 817682 44.7188 119634 1.01327 4.0759e+06 817682 ZonesAtSurface
4125.54 1624.93 308.401 9 0 1 8 1.18179e+06 20.7908 118334 1.00731 3.33384e+06 1.18179e+06 ZonesAtSurface
4175.56 1624.93 268.436 0 0 2 8 618146 22.8697 136060 1.00663 2.238e+06 618146 ZonesAtSurface
4225.6 1624.91 278.45 3 7 2 7 1.03543e+06 15.8898 136861 1.06604 2.4979e+06 1.03543e+06 ZonesAtSurface
4275.59 1624.93 188.5 5 0 1 8 1.43189e+06 25.1398 146645 1.00312 4.76671e+06 1.43189e+06 ZonesAtSurface
4325.6 1624.93 148.526 8 0 1 8 642531 23.6107 50758.5 1.01256 3.24017e+06 642531 ZonesAtSurface
4375.6 1624.93 108.551 2 0 1 8 672018 38.5743 111857 1.03866 5.30864e+06 672018 ZonesAtSurface
4425.59 1624.93 68.5767 9 0 1 8 1.35534e+06 30.5843 79053.3 1.08749 7.23649e+06 1.35534e+06 ZonesAtSurface
4475.53 1624.95 -21.4043 0 0 1 9 714012 40.3636 111561 2.32393 8.54317e+06 714012 ZonesAtSurface
4525.53 1624.94 -11.3722 23 0 1 8 642920 23.797 79734.1 1.05345 6.04109e+06 642920 ZonesAtSurface
4575.51 1624.94 -1.32806 26 2 1 7 1.44519e+06 32.4886 51806.5 1.32482 4.3274e+06 1.44519e+06 ZonesAtSurface
4625.46 1624.95 -41.3367 11 0 1 7 985995 44.0639 76261.7 1.14188 1.01251e+07 985995 ZonesAtSurface
4675.41 1624.95 -31.2853 57 0 1 6 648689 18.9462 134398 1.07806 2.38552e+06 648689 ZonesAtSurface
4725.34 1624.96 -21.2307 72 0 1 5 1.49033e+06 16.155 135541 1.38184 3.59494e+06 1.49033e+06 ZonesAtSurface
4775.29 1624.97 -11.2416 76 0 1 4 930481 39.4406 136471 1.58883 3.31566e+06 930481 ZonesAtSurface
4825.21 1624.97 -1.22128 94 7 1 3 1.01375e+06 16.8896 134641 1.8951 1.63172e+06 1.01375e+06 ZonesAtSurface
4875.13 1624.98 8.7897 73 36 1 2 1.12221e+06 26.7349 82941.7 1.85251 2.14218e+06 1.12221e+06 ZonesAtSurface
4925.06 1624.98 18.7815 117 2 1 1 945848 23.5115 60779.6 1.46508 2.52116e+06 945848 ZonesAtSurface
74.946 1674.99 -2.72631 111 0 1 1 729321 35.8017 57758.3 1.15663 4.21952e+06 729321 ZonesAtSurface
124.829 1674.99 -27.734 119 0 1 2 517370 35.1575 59972 1.40307 5.0667e+06 517370 ZonesAtSurface
174.746 1674.99 -2.68267 72 74 1 2 1.37035e+06 40.5782 125682 3.40917 2.35372e+06 1.37035e+06 ZonesAtSurface
224.678 1674.99 -27.727 101 0 1 3 692750 36.1775 122901 1.04639 4.38369e+06 692750 ZonesAtSurface
274.609 1674.99 -2.7228 78 37 1 3 1.32089e+06 35.9683 90285.5 2.53517 2.53894e+06 1.32089e+06 ZonesAtSurface
324.569 1674.98 -27.758 65 0 1 4 1.23948e+06 34.9438 116534 1.17543 4.95562e+06 1.23948e+06 ZonesAtSurface
374.511 1674.98 -2.75917 66 0 1 4 534137 17.118 103722 1.27695 1.72183e+06 534137 ZonesAtSurface
424.473 1674.97 -27.8066 29 0 1 5 583322 28.7189 136160 1.04092 5.18132e+06 583322 ZonesAtSurface
474.415 1674.96 -2.82459 32 0 1 5 556745 24.2817 105766 1.11353 2.309e+06 556745 ZonesAtSurface
524.409 1674.96 -27.8599 0 0 1 6 1.19249e+06 43.7648 116758 2.4352 8.34191e+06 1.19249e+06 ZonesAtSurface
574.374 1674.95 -2.86926 4 0 1 6 690778 36.223 55911.6 1.42376 7.34585e+06 690778 ZonesAtSurface
624.349 1674.94 22.1165 0 0 1 6 1.47961e+06 44.9679 131273 2.37234 6.67835e+06 1.47961e+06 ZonesAtSurface
674.329 1674.94 47.0995 10 0 1 6 646161 29.2291 55362.5 1.01578 6.16261e+06 646161 ZonesAtSurface
724.315 1674.93 72.0814 0 0 1 6 1.11627e+06 43.5761 140799 1.02776 6.34387e+06 1.11627e+06 ZonesAtSurface
774.323 1674.94 47.068 2 0 1 7 1.00147e+06 27.9462 52243.4 1.20283 5.95981e+06 1.00147e+06 ZonesAtSurface
824.296 1674.93 122.047 7 0 1 6 528801 37.6783 145314 1.01776 3.40824e+06 528801 ZonesAtSurface
874.281 1674.92 197.011 7 4 2 5 780878 24.9215 113937 1.00298 2.29305e+06 780878 ZonesAtSurface
924.295 1674.93 172.001 5 0 1 6 1.1312e+06 30.9032 82941.3 1.01409 4.82354e+06 1.1312e+06 ZonesAtSurface
974.293 1674.93 246.97 5 0 2 5 1.10609e+06 33.9086 129231 1.03123 4.00543e+06 1.10609e+06 ZonesAtSurface
1024.3 1674.94 321.945 6 8 2 4 952300 35.6224 92726.1 1.36772 2.53289e+06 952300 ZonesAtSurface
1074.32 1674.94 296.935 6 0 2 5 1.19809e+06 22.5316 83849.1 1.0224 3.49358e+06 1.19809e+06 ZonesAtSurface
1124.33 1674.95 371.904 7 10 2 4 930719 17.3552 119192 1.3233 1.84299e+06 930719 ZonesAtSurface
1174.36 1674.95 396.881 6 5 2 4 682742 28.8623 53975.5 0 1.92488e+06 682742 ZonesAtSurface
1224.39 1674.96 421.86 9 6 2 4 664691 23.8723 75086.2 1.076 1.82625e+06 664691 ZonesAtSurface
1274.42 1674.96 396.867 0 6 2 5 1.39384e+06 23.6601 108597 1.1593 3.55703e+06 1.39384e+06 ZonesAtSurface
1324.45 1674.97 421.86 8 4 2 5 1.36788e+06 34.8995 60983.7 0 4.47138e+06 1.36788e+06 ZonesAtSurface
1374.48 1674.98 346.879 0 4 2 7 1.03443e+06 37.2704 128832 1.22073 3.10571e+06 1.03443e+06 ZonesAtSurface
1424.52 1674.98 371.878 3 10 2 7 699658 34.6964 68644.5 1.45707 1.75873e+06 699658 ZonesAtSurface
1474.56 1674.98 346.871 6 2 2 8 652896 19.8919 119229 1.22321 1.45082e+06 652896 ZonesAtSurface
1524.6 1674.97 321.862 3 0 2 9 757279 40.4798 146900 1.01183 3.7655e+06 757279 ZonesAtSurface
1574.64 1674.97 346.859 5 1 2 9 569851 37.7375 133678 1.13568 1.70798e+06 569851 ZonesAtSurface
1624.69 1674.98 371.86 8 9 1 9 1.0472e+06 19.3816 120085 1.53888 1.93177e+06 1.0472e+06 ZonesAtSurface
1674.76 1674.97 296.879 10 0 1 11 1.17268e+06 16.903 124087 1.04277 4.53892e+06 1.17268e+06 ZonesAtSurface
1724.83 1674.96 271.884 1 0 1 12 1.40889e+06 35.1529 140772 1.34966 7.81998e+06 1.40889e+06 ZonesAtSurface
1774.87 1674.96 346.885 8 0 1 11 1.15517e+06 22.9248 108955 1.12102 3.1801e+06 1.15517e+06 ZonesAtSurface
1824.93 1674.95 371.885 3 4 2 11 992519 34.4381 148463 1.3999 2.58721e+06 992519 ZonesAtSurface
1875.02 1674.95 396.895 2 6 2 11 695660 16.442 120460 1.79731 1.072e+06 695660 ZonesAtSurface
1925.11 1674.94 371.919 0 0 1 12 678465 38.8908 96179.9 1.0015 3.68151e+06 678465 ZonesAtSurface
1975.25 1674.95 496.818 0 1 2 10 1.42246e+06 37.5945 105591 1.57403 3.61669e+06 1.42246e+06 ZonesAtSurface
2025.27 1674.93 359.459 8 0 1 12 1.28659e+06 19.8267 50070.9 1.02319 3.62506e+06 1.28659e+06 ZonesAtSurface
2075.26 1674.93 209.524 0 0 1 13 643660 36.6133 75289.5 1.0084 7.111e+06 643660 ZonesAtSurface
2125.26 1674.93 109.543 0 0 1 13 1.40634e+06 42.1623 81600.5 2.1752 7.91953e+06 1.40634e+06 ZonesAtSurface
2175.27 1674.94 59.5567 0 0 1 12 679303 39.5375 112375 1.68957 7.85361e+06 679303 ZonesAtSurface
2225.26 1674.95 9.5671 5 0 1 11 1.29447e+06 23.5661 73672.8 1.07535 8.47545e+06 1.29447e+06 ZonesAtSurface
2275.21 1674.95 -40.4293 4 0 1 10 669618 29.3228 105371 1.40679 1.2931e+07 669618 ZonesAtSurface
2325.18 1674.9 -40.3732 23 0 1 8 949663 32.9568 133343 1.59673 1.42116e+07 949663 ZonesAtSurface
2375.13 1674.69 -40.2543 60 0 1 6 1.44435e+06 32.9871 91859.2 1.43413 1.56452e+07 1.44435e+06 ZonesAtSurface
2425.52 1672.46 -39.8146 84 2 1 4 1.23031e+06 40.1586 75804.5 1.13071 2.19841e+07 1.23031e+06 ZonesAtSurface
2475.05 1674.77 -390.578 10 0 0 0 1.04859e+06 17.9257 75383 1.35313 4.3297e+07 1.04859e+06 ZonesAtSurface
2525.08 1674.85 -420.603 8 0 0 0 1.35101e+06 40.784 64411.3 3.68126 3.72312e+07 1.35101e+06 ZonesAtSurface
2575.07 1674.86 -380.66 0 0 0 0 601885 31.056 138642 2.84852 2.23282e+07 601885 ZonesAtSurface
2625.37 1669.73 -39.2661 97 0 1 3 547446 17.3687 124360 1.00147 2.02269e+07 547446 ZonesAtSurface
2675.43 1672.53 -49.746 46 0 1 4 1.00871e+06 41.7728 62274.6 0.911773 3.93823e+07 1.00871e+06 ZonesAtSurface
2725.23 1674.22 -9.54978 79 19 1 4 1.21152e+06 30.6699 105731 0.954455 1.02009e+07 1.21152e+06 ZonesAtSurface
2775.09 1674.6 -20.0057 56 0 1 5 782203 16.9723 98291.1 0.916807 2.80409e+06 782203 ZonesAtSurface
2824.98 1674.78 -30.1493 49 0 1 6 1.31331e+06 31.0463 97912.1 1.16277 1.08808e+07 1.31331e+06 ZonesAtSurface
2874.83 1674.89 -40.2839 29 0 1 7 1.30986e+06 42.3345 76921.5 1.02366 1.93683e+07 1.30986e+06 ZonesAtSurface
2924.67 1674.93 -0.318973 21 0 1 7 1.02513e+06 37.9054 107267 1.20674 1.20671e+07 1.02513e+06 ZonesAtSurface
2974.6 1674.94 39.6408 2 0 2 7 1.37654e+06 20.005 120271 1.1487 4.69025e+06 1.37654e+06 ZonesAtSurface
3024.62 1674.94 29.6162 2 0 1 8 575472 36.7289 148419 1.24376 8.14152e+06 575472 ZonesAtSurface
3074.57 1674.93 119.584 9 0 1 7 784841 23.9314 87559.8 1.0155 3.248e+06 784841 ZonesAtSurface
3124.57 1674.93 159.556 2 0 2 7 567215 38.0459 116354 1.02745 4.54192e+06 567215 ZonesAtSurface
3174.58 1674.93 199.532 4 0 2 7 1.26734e+06 15.402 128545 1.04913 3.35726e+06 1.26734e+06 ZonesAtSurface
3224.6 1674.93 239.515 1 2 2 7 1.21594e+06 38.2813 126763 1.39306 3.72868e+06 1.21594e+06 ZonesAtSurface
3274.63 1674.94 179.494 0 0 1 9 1.44011e+06 41.2671 74533.2 1.69447 6.86958e+06 1.44011e+06 ZonesAtSurface
3324.65 1674.94 219.468 1 0 1 9 1.095e+06 32.5085 70698.5 1.01866 5.72593e+06 1.095e+06 ZonesAtSurface
3374.67 1674.94 259.441 5 0 1 9 555812 20.7884 82244.9 1.0405 2.88026e+06 555812 ZonesAtSurface
3424.72 1674.95 249.421 0 0 1 10 1.29739e+06 36.0801 51422 1.28325 7.09308e+06 1.29739e+06 ZonesAtSurface
3474.75 1674.95 289.399 9 0 1 10 1.26494e+06 32.0676 72304.4 1.03069 6.39796e+06 1.26494e+06 ZonesAtSurface
3524.81 1674.96 279.387 3 0 1 11 1.31474e+06 41.9642 98289.4 1.17775 8.12736e+06 1.31474e+06 ZonesAtSurface
3574.85 1674.96 319.369 2 0 1 11 835814 38.8378 76905.9 1.02108 6.64214e+06 835814 ZonesAtSurface
3624.89 1674.96 409.33 2 3 2 10 818871 15.7927 111891 1.4181 1.50483e+06 818871 ZonesAtSurface
3674.97 1674.97 299.355 0 0 1 13 1.28105e+06 43.098 80001 1.61036 9.8678e+06 1.28105e+06 ZonesAtSurface
3725.02 1674.97 439.279 8 0 1 11 633217 31.4704 139285 1.01387 6.56532e+06 633217 ZonesAtSurface
3775.08 1674.96 589.113 10 6 2 8 564431 43.1984 148880 1.4175 1.54163e+06 564431 ZonesAtSurface
3825.17 1674.96 549.152 0 0 2 8 895580 18.4096 64134.7 1.09339 2.31214e+06 895580 ZonesAtSurface
3875.27 1674.96 559.125 7 5 2 7 906496 15.1919 119264 1.07252 2.1369e+06 906496 ZonesAtSurface
3925.35 1674.95 519.174 1 2 2 7 1.26985e+06 32.4761 132716 1.16838 3.81404e+06 1.26985e+06 ZonesAtSurface
3975.4 1674.96 429.279 3 0 1 8 713701 41.2801 52945 1.02258 5.86848e+06 713701 ZonesAtSurface
4025.48 1674.95 489.236 5 7 2 6 1.30232e+06 23.1636 75305.4 1.02936 3.74898e+06 1.30232e+06 ZonesAtSurface
4075.53 1674.94 449.296 10 0 2 6 747954 29.0311 109368 0 2.35048e+06 747954 ZonesAtSurface
4125.54 1674.96 309.402 0 0 1 8 1.20788e+06 30.3631 101101 1.02554 5.57519e+06 1.20788e+06 ZonesAtSurface
4175.6 1674.94 369.396 3 10 2 6 1.17203e+06 18.8826 56740 1.24963 2.62776e+06 1.17203e+06 ZonesAtSurface
4225.62 1674.94 329.436 9 8 1 6 1.0848e+06 32.0248 52210.4 1.08815 3.51363e+06 1.0848e+06 ZonesAtSurface
4275.62 1674.95 239.485 2 0 1 7 513490 40.8909 77901 1.04185 5.12877e+06 513490 ZonesAtSurface
4325.64 1674.94 249.501 10 5 1 6 1.29137e+06 40.1342 75036 1.14712 4.63496e+06 1.29137e+06 ZonesAtSurface
4375.65 1674.94 209.524 1 1 2 6 767189 26.2143 145695 1.02758 2.20333e+06 767189 ZonesAtSurface
4425.64 1674.94 119.563 9 0 1 7 1.44259e+06 31.1267 104071 1.07327 6.05089e+06 1.44259e+06 ZonesAtSurface
4475.63 1674.94 79.583 0 0 2 7 1.29869e+06 29.6622 53775.2 1.1203 5.81597e+06 1.29869e+06 ZonesAtSurface
4525.54 1674.96 -10.3849 14 0 1 8 817665 17.0918 55894 1.05063 6.11961e+06 817665 ZonesAtSurface
4575.52 1674.96 -0.347212 10 0 1 7 1.16e+06 38.6027 74287.3 1.33097 7.40563e+06 1.16e+06 ZonesAtSurface
4625.46 1674.97 -40.3496 13 0 1 7 1.06933e+06 20.8658 98528.8 1.02284 7.72127e+06 1.06933e+06 ZonesAtSurface
4675.42 1674.97 -30.2981 44 0 1 6 985630 31.56 57134.3 1.02367 6.17759e+06 985630 ZonesAtSurface
4725.35 1674.97 -20.2527 71 0 1 5 689409 23.7932 87104.7 1.33306 3.24316e+06 689409 ZonesAtSurface
4775.29 1674.98 -10.258 59 0 1 4 865310 43.9586 126499 2.65066 3.57885e+06 865310 ZonesAtSurface
4825.21 1674.98 -0.238498 85 17 1 3 1.19786e+06 31.6906 111943 2.19193 2.61988e+06 1.19786e+06 ZonesAtSurface
4875.13 1674.98 9.77555 57 14 1 2 1.04434e+06 44.1829 95520 2.05166 3.01052e+06 1.04434e+06 ZonesAtSurface
4925.06 1674.99 19.768 124 0 1 1 1.25022e+06 26.5008 128377 1.56267 3.4598e+06 1.25022e+06 ZonesAtSurface
74.9448 1725 -1.72194 108 0 1 1 537826 29.0983 67503.9 1.24947 2.2998e+06 537826 ZonesAtSurface
124.827 1725 -26.7264 107 0 1 2 554998 22.6864 118786 1.60472 3.21783e+06 554998 ZonesAtSurface
174.749 1725 -1.68302 53 62 1 2 1.2733e+06 42.5255 139721 5.15334 1.75898e+06 1.2733e+06 ZonesAtSurface
224.681 1725 -26.7282 98 0 1 3 1.4118e+06 42.1653 107177 1.18724 5.83043e+06 1.4118e+06 ZonesAtSurface
274.618 1725 -1.71592 81 0 1 3 535362 40.9583 134245 3.05697 1.36418e+06 535362 ZonesAtSurface
324.569 1724.99 -26.7566 68 0 1 4 1.43527e+06 32.4912 100908 1.32644 5.88901e+06 1.43527e+06 ZonesAtSurface
374.511 1724.99 -1.75239 61 23 1 4 1.35812e+06 37.6868 136241 3.32934 2.20738e+06 1.35812e+06 ZonesAtSurface
424.464 1724.98 -26.8067 51 0 1 5 840211 16.2549 74024.9 1.05862 4.01969e+06 840211 ZonesAtSurface
474.397 1724.98 -1.83636 30 0 1 5 717910 18.3394 105946 1.01914 2.41713e+06 717910 ZonesAtSurface
524.353 1724.97 23.1337 10 0 1 5 1.06902e+06 25.0067 73617.7 1.0189 6.24032e+06 1.06902e+06 ZonesAtSurface
574.327 1724.97 48.1187 5 0 2 5 751880 41.5248 105539 1.04305 6.10405e+06 751880 ZonesAtSurface
624.311 1724.97 73.1047 6 0 1 5 1.38846e+06 40.1394 123132 1.00445 6.28426e+06 1.38846e+06 ZonesAtSurface
674.32 1724.97 48.0948 0 0 1 6 1.02225e+06 42.7114 133285 1.98162 6.15218e+06 1.02225e+06 ZonesAtSurface
724.288 1724.96 123.071 4 0 2 5 613822 37.0184 90782.7 1.02586 3.38178e+06 613822 ZonesAtSurface
774.283 1724.96 148.052 2 0 2 5 788688 35.0347 71311.4 1.00788 4.43669e+06 788688 ZonesAtSurface
824.279 1724.96 173.033 0 0 2 5 1.07613e+06 29.6552 94199.8 1.00612 4.15628e+06 1.07613e+06 ZonesAtSurface
874.274 1724.96 248.007 8 9 2 4 993856 24.2131 116063 1.30331 2.24065e+06 993856 ZonesAtSurface
924.279 1724.96 272.985 3 10 2 4 1.1198e+06 25.8226 56410.9 1.14376 3.05266e+06 1.1198e+06 ZonesAtSurface
974.287 1724.96 297.963 7 5 2 4 671499 29.0553 76125.9 1.12509 1.91432e+06 671499 ZonesAtSurface
1024.3 1724.97 322.943 0 9 2 4 1.3047e+06 23.4248 70079.9 1.19913 3.25227e+06 1.3047e+06 ZonesAtSurface
1074.31 1724.97 347.924 0 6 2 4 1.43201e+06 40.1419 119570 1.60198 3.59937e+06 1.43201e+06 ZonesAtSurface
1124.33 1724.97 372.905 5 7 2 4 748854 17.3255 122517 0 1.26133e+06 748854 ZonesAtSurface
1174.36 1724.98 397.884 4 8 2 4 1.05003e+06 36.4368 76930.2 0 3.21632e+06 1.05003e+06 ZonesAtSurface
1224.38 1724.98 372.88 0 0 2 5 1.11113e+06 26.574 129885 1.0252 3.4432e+06 1.11113e+06 ZonesAtSurface
1274.42 1724.98 397.867 1 1 2 5 1.4106e+06 16.9226 97458.1 1.04036 3.59581e+06 1.4106e+06 ZonesAtSurface
1324.45 1724.99 322.884 2 0 2 7 516193 34.0377 66005.3 1.00975 3.67835e+06 516193 ZonesAtSurface
1374.48 1724.99 347.882 9 0 2 7 542827 15.1143 81188.4 1.02239 1.69822e+06 542827 ZonesAtSurface
1424.52 1724.99 322.88 0 6 1 8 1.42683e+06 38.2062 142421 1.46718 3.80462e+06 1.42683e+06 ZonesAtSurface
1474.55 1724.99 347.875 0 4 1 8 894590 40.5098 70804.9 1.69758 2.16232e+06 894590 ZonesAtSurface
1524.59 1724.99 372.87 4 8 2 8 988128 34.4861 121085 1.8288 1.89082e+06 988128 ZonesAtSurface
1574.62 1724.99 397.864 10 5 2 8 553334 33.293 123564 1.83129 1.07357e+06 553334 ZonesAtSurface
1624.71 1724.97 272.873 3 0 1 11 1.13492e+06 19.3516 149815 1.02106 4.84171e+06 1.13492e+06 ZonesAtSurface
1674.76 1724.97 297.881 8 0 1 11 974078 39.6605 62584.7 1.04725 5.03952e+06 974078 ZonesAtSurface
1724.8 1724.97 322.885 2 4 2 11 1.40283e+06 38.4467 59622 1.33029 4.28557e+06 1.40283e+06 ZonesAtSurface
1774.85 1724.96 347.883 3 2 2 11 1.48132e+06 23.8021 113675 1.1773 3.88656e+06 1.48132e+06 ZonesAtSurface
1824.93 1724.95 322.903 7 0 1 12 768588 28.2473 75178.3 1.00831 4.66712e+06 768588 ZonesAtSurface
1875.01 1724.94 347.922 10 0 1 12 769536 24.2716 73738.5 1.01014 3.57967e+06 769536 ZonesAtSurface
1925.09 1724.93 322.941 0 0 1 13 1.28651e+06 43.8183 98649.3 1.01952 8.23126e+06 1.28651e+06 ZonesAtSurface
1975.16 1724.93 347.946 1 0 1 13 970769 43.819 130133 1.01588 5.21851e+06 970769 ZonesAtSurface
2025.24 1724.93 360.456 4 0 1 12 1.38381e+06 28.4496 95355.8 1.01976 4.73308e+06 1.38381e+06 ZonesAtSurface
2075.24 1724.93 210.516 1 0 1 13 1.25259e+06 19.4844 61459.3 1.00311 5.76194e+06 1.25259e+06 ZonesAtSurface
2125.24 1724.93 110.533 0 0 1 13 964768 36.1814 101392 1.65167 7.5755e+06 964768 ZonesAtSurface
2175.28 1724.94 110.557 8 0 1 11 1.09899e+06 31.1841 141902 1.08717 4.22749e+06 1.09899e+06 ZonesAtSurface
2225.23 1724.94 10.5539 0 0 1 11 1.20756e+06 37.3518 117452 3.04712 9.28921e+06 1.20756e+06 ZonesAtSurface
2275.17 1724.94 -39.4506 8 0 1 10 1.11365e+06 17.9709 84202.8 1.18969 1.52763e+07 1.11365e+06 ZonesAtSurface
2325.09 1724.83 -39.4136 28 0 1 8 600848 36.1066 95063.2 1.43933 3.20721e+07 600848 ZonesAtSurface
2375.05 1724.26 -39.2091 51 0 1 6 1.05036e+06 32.7982 65709.5 1.3736 3.92479e+07 1.05036e+06 ZonesAtSurface
2425.41 1721.42 -38.8769 86 37 1 4 1.18649e+06 23.6752 108854 1.28768 1.95347e+07 1.18649e+06 ZonesAtSurface
2475.09 1724.96 -439.534 0 0 0 0 1.05695e+06 42.2267 127705 10 8.37994e+06 1.05695e+06 ZonesAtSurface
2525.07 1724.7 -419.581 9 0 0 0 1.16605e+06 18.2362 74953.6 1.15442 3.83273e+07 1.16605e+06 ZonesAtSurface
2575.06 1724.75 -379.625 9 0 0 0 1.43143e+06 20.7975 97676.2 1.3083 4.54775e+07 1.43143e+06 ZonesAtSurface
2625.05 1724.75 -339.653 7 0 0 0 685887 30.3819 76376.8 1.75107 5.42117e+07 685887 ZonesAtSurface
2675.11 1721.47 -48.5745 82 0 1 4 953521 32.6954 61761.8 1.16508 5.95178e+07 953521 ZonesAtSurface
2725.19 1723.43 -8.16951 82 6 1 4 837655 24.4156 73227.3 0.803897 1.20712e+07 837655 ZonesAtSurface
2775.22 1724.21 -18.8467 61 5 1 5 1.33566e+06 39.0289 116358 1.03351 8.00573e+06 1.33566e+06 ZonesAtSurface
2825.07 1724.66 -29.1034 47 0 1 6 1.08357e+06 31.0277 115620 1.06618 7.51161e+06 1.08357e+06 ZonesAtSurface
2874.91 1724.86 -39.2786 32 0 1 7 905801 15.3975 83976.3 1.04472 9.72143e+06 905801 ZonesAtSurface
2924.8 1724.91 -49.3579 10 0 1 8 1.36614e+06 44.9072 72112.2 1.71903 2.38657e+07 1.36614e+06 ZonesAtSurface
2974.6 1724.97 40.6267 2 0 2 7 1.25965e+06 31.1127 76562.4 1.23465 7.77143e+06 1.25965e+06 ZonesAtSurface
3024.62 1724.95 30.6046 5 0 1 8 1.06326e+06 24.7175 120439 1.13058 7.90812e+06 1.06326e+06 ZonesAtSurface
3074.55 1724.97 170.56 4 3 2 6 825169 15.2145 89070.4 0 1.94714e+06 825169 ZonesAtSurface
3124.56 1724.96 210.539 10 3 2 6 792687 27.2851 91639.4 0 2.15594e+06 792687 ZonesAtSurface
3174.58 1724.96 250.527 0 5 2 6 1.27094e+06 27.4913 55322.7 1.46925 2.84649e+06 1.27094e+06 ZonesAtSurface
3224.6 1724.95 240.514 5 6 1 7 1.15655e+06 35.5551 88711.2 1.87425 2.40027e+06 1.15655e+06 ZonesAtSurface
3274.63 1724.95 230.483 9 0 1 8 1.10415e+06 19.6646 50908.5 1.05683 4.0031e+06 1.10415e+06 ZonesAtSurface
3324.65 1724.95 270.453 1 0 1 8 1.36872e+06 26.5886 110670 1.0188 4.38849e+06 1.36872e+06 ZonesAtSurface
3374.68 1724.95 260.431 4 0 1 9 758068 35.6105 77795.3 1.00336 5.16148e+06 758068 ZonesAtSurface
3424.7 1724.95 350.399 7 0 1 8 1.04658e+06 15.9925 131153 1.13632 2.48716e+06 1.04658e+06 ZonesAtSurface
3474.76 1724.96 290.391 7 0 1 10 1.25528e+06 26.4791 148759 1.01035 5.97077e+06 1.25528e+06 ZonesAtSurface
3524.77 1724.94 430.326 0 0 2 8 1.33502e+06 28.3208 147183 1.23574 3.46556e+06 1.33502e+06 ZonesAtSurface
3574.85 1724.96 370.348 6 0 1 10 804821 19.3844 107846 1.03608 3.31426e+06 804821 ZonesAtSurface
3624.92 1724.96 360.352 6 0 1 11 1.396e+06 37.8617 126396 1.00819 5.74226e+06 1.396e+06 ZonesAtSurface
3674.97 1724.97 350.337 10 0 1 12 1.16415e+06 35.8276 122458 1.00803 7.02158e+06 1.16415e+06 ZonesAtSurface
3725.01 1724.98 490.239 1 1 2 10 915255 42.691 116712 1.08449 3.47605e+06 915255 ZonesAtSurface
3775.09 1724.98 590.12 9 6 1 8 683046 15.4551 55602.8 1.30218 1.36689e+06 683046 ZonesAtSurface
3825.19 1724.97 600.08 0 3 2 7 1.01141e+06 40.6622 78033.6 1.1052 3.7763e+06 1.01141e+06 ZonesAtSurface
3875.27 1724.98 560.13 3 5 2 7 672519 23.3234 133524 1.04434 1.80069e+06 672519 ZonesAtSurface
3925.35 1724.98 520.18 6 2 2 7 1.25506e+06 33.8461 60055 1.06116 4.49358e+06 1.25506e+06 ZonesAtSurface
3975.41 1724.98 580.138 6 9 2 5 1.11642e+06 27.6882 82587.5 0 2.93981e+06 1.11642e+06 ZonesAtSurface
4025.47 1724.97 490.245 1 0 2 6 930893 30.3073 93860.7 0.987052 3.54087e+06 930893 ZonesAtSurface
4075.53 1724.97 500.255 0 10 2 5 1.09682e+06 19.1986 119959 1.10509 2.69869e+06 1.09682e+06 ZonesAtSurface
4125.58 1724.97 460.313 7 8 2 5 1.37395e+06 29.5122 88992.6 1.10888 4.14482e+06 1.37395e+06 ZonesAtSurface
4175.6 1724.97 370.391 3 0 2 6 634765 42.1759 50125.8 0.970602 2.78211e+06 634765 ZonesAtSurface
4225.61 1724.98 280.452 0 0 1 7 1.13456e+06 21.0995 129778 1.29344 3.53966e+06 1.13456e+06 ZonesAtSurface
4275.64 1724.97 290.473 3 0 2 6 1.01106e+06 26.8095 61176.5 1.01703 3.17461e+06 1.01106e+06 ZonesAtSurface
4325.66 1724.97 300.483 9 5 2 5 817955 20.8943 92493.5 1.08342 2.11414e+06 817955 ZonesAtSurface
4375.66 1724.97 210.523 6 2 1 6 1.17726e+06 39.1362 52055.8 1.07982 4.45395e+06 1.17726e+06 ZonesAtSurface
4425.67 1724.97 170.546 2 0 2 6 965208 20.6278 129751 1.0345 2.80897e+06 965208 ZonesAtSurface
4475.63 1724.97 80.5814 2 0 1 7 1.15161e+06 40.6068 65871.9 1.46119 7.09943e+06 1.15161e+06 ZonesAtSurface
4525.6 1724.97 40.611 10 0 1 7 910518 19.9981 56763.7 1.08558 5.20831e+06 910518 ZonesAtSurface
4575.49 1724.98 -49.3816 0 0 1 8 629866 35.0886 146667 1.70828 9.92753e+06 629866 ZonesAtSurface
4625.46 1724.98 -39.3497 24 0 1 7 1.17329e+06 23.1879 71200.2 1.02572 8.34883e+06 1.17329e+06 ZonesAtSurface
4675.4 1724.98 -29.2932 26 0 1 6 1.34103e+06 16.0797 136901 1.07323 4.56182e+06 1.34103e+06 ZonesAtSurface
4725.35 1724.98 -19.2646 64 0 1 5 640318 31.4038 99860 1.12906 4.21322e+06 640318 ZonesAtSurface
4775.29 1724.98 -9.26366 52 0 1 4 1.14269e+06 41.0113 82330.2 2.73494 3.02506e+06 1.14269e+06 ZonesAtSurface
4825.21 1724.98 0.763959 63 5 1 3 952814 39.2892 96904.9 2.49876 2.8576e+06 952814 ZonesAtSurface
4875.12 1724.99 10.7683 51 5 1 2 1.40774e+06 37.3259 91601.5 2.01336 3.82635e+06 1.40774e+06 ZonesAtSurface
4925.05 1724.99 20.7579 63 7 1 1 1.43598e+06 41.5754 121679 1.96234 4.63829e+06 1.43598e+06 ZonesAtSurface
74.9424 1775.03 -0.713294 123 32 1 1 694480 17.6844 134536 1.3102 1.63733e+06 694480 ZonesAtSurface
124.83 1775.01 -25.713 110 0 1 2 890433 26.2084 82929.7 1.37898 3.84398e+06 890433 ZonesAtSurface
174.753 1775.01 -0.675402 69 79 1 2 1.42148e+06 26.8052 82624.7 4.19818 1.36224e+06 1.42148e+06 ZonesAtSurface
224.68 1775.01 -25.7193 88 4 1 3 1.30909e+06 44.6577 92845.4 1.56138 5.09314e+06 1.30909e+06 ZonesAtSurface
274.618 1775.01 -0.700833 91 15 1 3 757771 33.8219 125606 1.94629 1.88285e+06 757771 ZonesAtSurface
324.566 1775.01 -25.742 87 0 1 4 665474 22.2337 61778.3 1.25466 3.41011e+06 665474 ZonesAtSurface
374.509 1775.01 -0.744328 51 13 2 4 1.02209e+06 37.238 122335 2.04573 2.60439e+06 1.02209e+06 ZonesAtSurface
424.457 1775 -25.8048 48 0 1 5 1.14816e+06 28.0933 148907 1.0845 5.81282e+06 1.14816e+06 ZonesAtSurface
474.392 1775 -0.834933 32 0 1 5 675568 40.4993 143291 1.03398 6.20673e+06 675568 ZonesAtSurface
524.391 1775 -25.8699 2 0 1 6 720684 23.3501 92450.3 1.05046 6.73764e+06 720684 ZonesAtSurface
574.321 1775 49.1153 5 0 2 5 505729 38.5368 119151 1.01451 4.31185e+06 505729 ZonesAtSurface
624.306 1775 74.1012 7 0 1 5 1.26041e+06 30.3992 82136.2 1.00253 5.21305e+06 1.26041e+06 ZonesAtSurface
674.295 1775 99.0865 0 4 2 5 1.49039e+06 43.055 83712.1 1.11182 5.89264e+06 1.49039e+06 ZonesAtSurface
724.286 1775 124.07 2 0 2 5 915800 18.0154 94805.6 1.00469 3.05865e+06 915800 ZonesAtSurface
774.28 1774.99 149.051 2 0 2 5 806189 43.8985 130630 1.00647 3.74998e+06 806189 ZonesAtSurface
824.277 1774.99 174.033 6 0 2 5 534246 43.4754 149405 1.00688 4.13744e+06 534246 ZonesAtSurface
874.271 1774.99 249.006 4 9 2 4 670688 41.8053 97970.4 1.22169 2.16209e+06 670688 ZonesAtSurface
924.281 1774.99 223.995 0 0 2 5 552189 35.4014 76461 1.00237 3.23474e+06 552189 ZonesAtSurface
974.285 1774.99 298.965 4 10 2 4 1.00294e+06 22.0036 60147.5 1.17075 2.48717e+06 1.00294e+06 ZonesAtSurface
1024.3 1774.99 323.945 3 6 2 4 707221 15.3761 76458.5 1.11021 1.62842e+06 707221 ZonesAtSurface
1074.31 1774.99 348.925 3 7 2 4 1.19588e+06 25.5133 144695 0 3.10994e+06 1.19588e+06 ZonesAtSurface
1124.33 1775 373.906 6 7 2 4 857304 33.1075 136378 0 2.26931e+06 857304 ZonesAtSurface
1174.36 1775 398.886 0 9 2 4 1.21977e+06 38.7445 108329 0 3.25969e+06 1.21977e+06 ZonesAtSurface
1224.38 1775 373.881 2 0 2 5 1.4053e+06 20.355 135329 1.00415 4.01677e+06 1.4053e+06 ZonesAtSurface
1274.41 1775 398.866 6 1 2 5 1.35571e+06 22.4588 121732 1.06625 3.67418e+06 1.35571e+06 ZonesAtSurface
1324.44 1775 323.891 10 0 2 7 1.22332e+06 28.144 114976 1.01742 4.00755e+06 1.22332e+06 ZonesAtSurface
1374.48 1774.99 298.889 0 1 1 8 1.38814e+06 39.0338 58432.6 1.48007 4.39774e+06 1.38814e+06 ZonesAtSurface
1424.52 1774.99 273.88 0 0 1 9 1.11461e+06 41.8494 124664 1.69613 5.22429e+06 1.11461e+06 ZonesAtSurface
1474.55 1774.99 298.875 6 0 2 9 872054 43.8922 92458.9 1.02023 4.68073e+06 872054 ZonesAtSurface
1524.59 1774.99 323.87 4 0 2 9 857635 34.3113 120064 1.02216 3.45065e+06 857635 ZonesAtSurface
1574.62 1774.99 348.867 2 8 2 9 1.19321e+06 44.0249 68065.7 1.33082 4.14499e+06 1.19321e+06 ZonesAtSurface
1624.67 1774.98 373.868 2 7 2 9 504493 35.1314 82055.1 1.65035 1.13655e+06 504493 ZonesAtSurface
1674.75 1774.97 298.882 2 0 1 11 1.39912e+06 39.8183 118041 1.08905 5.94548e+06 1.39912e+06 ZonesAtSurface
1724.79 1774.97 323.886 10 0 1 11 1.2073e+06 18.3914 99748.5 1.02713 4.09359e+06 1.2073e+06 ZonesAtSurface
1774.86 1774.96 298.889 6 0 1 12 628015 20.394 112349 1.00996 4.86311e+06 628015 ZonesAtSurface
1824.91 1774.95 423.862 3 0 2 10 1.03454e+06 21.6386 147387 1.2428 2.39436e+06 1.03454e+06 ZonesAtSurface
1875.01 1774.94 298.933 1 0 1 13 706704 21.6828 142858 1.0078 5.24828e+06 706704 ZonesAtSurface
1925.07 1774.93 423.906 7 7 2 11 774491 38.2464 65685.3 1.02553 2.94364e+06 774491 ZonesAtSurface
1975.15 1774.93 398.924 3 2 2 12 784129 38.5546 145970 1.05658 2.67448e+06 784129 ZonesAtSurface
2025.24 1774.93 411.428 0 3 2 11 1.48424e+06 44.6867 97860.7 1.26195 5.56221e+06 1.48424e+06 ZonesAtSurface
2075.26 1774.93 311.49 9 10 1 11 1.31457e+06 16.7906 71733 1.11933 3.20223e+06 1.31457e+06 ZonesAtSurface
2125.22 1774.94 111.524 0 0 1 13 1.39586e+06 44.7588 98686.4 3.03678 7.28162e+06 1.39586e+06 ZonesAtSurface
2175.22 1774.94 61.536 0 0 1 12 1.37808e+06 31.7251 97039.4 2.74923 6.66142e+06 1.37808e+06 ZonesAtSurface
2225.24 1774.94 61.5638 9 0 1 10 647891 32.727 68327 1.04055 3.05911e+06 647891 ZonesAtSurface
2275.13 1774.94 -38.4676 0 0 1 10 772387 34.0441 81645.3 2.66506 1.54131e+07 772387 ZonesAtSurface
2325.04 1774.83 -38.4411 24 0 1 8 1.31497e+06 33.9835 96308.2 1.65878 1.65172e+07 1.31497e+06 ZonesAtSurface
2375.13 1773.75 -38.1753 56 0 1 6 720340 28.6748 98991.9 0.920171 1.05722e+07 720340 ZonesAtSurface
2425.16 1769.84 -38.0224 81 0 1 4 706446 20.061 70226.7 1.2542 1.75301e+07 706446 ZonesAtSurface
2475.06 1774.4 -388.586 10 0 0 0 953889 24.0098 103989 1.02605 3.92435e+07 953889 ZonesAtSurface
2525.08 1774.96 -468.548 0 0 0 0 1.07675e+06 36.9069 63086.2 10 6.35405e+06 1.07675e+06 ZonesAtSurface
2575.06 1774.52 -378.615 10 0 0 0 609766 31.2555 96834.9 1.14484 7.32372e+07 609766 ZonesAtSurface
2625.04 1774.54 -338.631 10 0 0 0 1.27584e+06 36.3505 76885.7 1.29685 8.03376e+07 1.27584e+06 ZonesAtSurface
2674.92 1769.98 -47.7113 83 0 1 4 602996 24.6274 143814 1.13444 7.05591e+07 602996 ZonesAtSurface
2725.36 1771.66 -6.85715 73 3 1 4 1.49025e+06 24.9086 146948 0 4.14333e+06 1.49025e+06 ZonesAtSurface
2775.47 1773.5 -17.6389 63 0 1 5 1.20236e+06 26.7906 131230 0.8534 7.89624e+06 1.20236e+06 ZonesAtSurface
2825.27 1774.38 -28.0231 54 0 1 6 1.30765e+06 18.4426 114595 0.978743 8.76418e+06 1.30765e+06 ZonesAtSurface
2875.04 1774.79 -38.2643 40 0 1 7 943983 36.4088 93320.4 1.07228 1.79618e+07 943983 ZonesAtSurface
2924.86 1774.9 -48.3623 27 0 1 8 929671 33.9967 138838 1.0508 2.17488e+07 929671 ZonesAtSurface
2974.71 1774.95 -8.36614 26 0 1 8 1.42485e+06 24.1445 119922 1.02796 8.94638e+06 1.42485e+06 ZonesAtSurface
3024.58 1774.99 81.5819 0 0 2 7 1.13852e+06 18.7409 148660 1.29037 3.53481e+06 1.13852e+06 ZonesAtSurface
3074.61 1774.97 71.5725 8 0 1 8 1.25975e+06 29.5762 63308.1 1.08024 7.23706e+06 1.25975e+06 ZonesAtSurface
3124.58 1774.98 161.542 0 0 1 7 605324 43.236 146570 1.63344 5.15237e+06 605324 ZonesAtSurface
3174.61 1774.97 151.528 0 0 1 8 764183 35.4237 141189 1.45539 5.65787e+06 764183 ZonesAtSurface
3224.61 1774.97 241.506 7 0 1 7 757573 39.7129 121157 1.27361 2.76847e+06 757573 ZonesAtSurface
3274.64 1774.97 231.476 9 0 1 8 1.07078e+06 29.2625 137200 1.11986 5.1948e+06 1.07078e+06 ZonesAtSurface
3324.65 1774.97 321.437 2 2 2 7 1.43201e+06 19.4575 58409.1 1.0931 3.80166e+06 1.43201e+06 ZonesAtSurface
3374.67 1774.97 361.411 0 5 2 7 1.4666e+06 21.1297 96228.6 1.25713 3.3383e+06 1.4666e+06 ZonesAtSurface
3424.7 1774.97 401.384 0 9 2 7 1.4821e+06 36.5935 79535 1.59182 3.75208e+06 1.4821e+06 ZonesAtSurface
3474.75 1774.96 341.377 6 0 1 9 1.31793e+06 25.2273 139416 1.04255 4.72051e+06 1.31793e+06 ZonesAtSurface
3524.78 1774.97 431.328 5 5 2 8 1.16919e+06 32.9302 89893.7 1.18925 3.49721e+06 1.16919e+06 ZonesAtSurface
3574.84 1774.97 421.324 9 0 2 9 750280 29.6916 76044.9 1.04433 2.49752e+06 750280 ZonesAtSurface
3624.91 1774.96 411.325 0 0 1 10 843457 19.4837 143377 1.02845 2.65459e+06 843457 ZonesAtSurface
3674.98 1774.97 351.333 9 0 1 12 1.2192e+06 37.4996 78205.6 1.02292 8.68028e+06 1.2192e+06 ZonesAtSurface
3725.03 1774.98 441.283 4 0 1 11 1.3723e+06 38.8303 68836.8 1.09435 7.57257e+06 1.3723e+06 ZonesAtSurface
3775.09 1774.99 591.122 0 8 2 8 1.29306e+06 42.6403 132021 1.61853 3.35162e+06 1.29306e+06 ZonesAtSurface
3825.18 1774.99 551.149 0 2 1 8 981619 21.9209 121011 1.43247 1.96973e+06 981619 ZonesAtSurface
3875.26 1774.99 511.194 5 0 1 8 1.49229e+06 26.9532 80860.7 1.01348 4.91774e+06 1.49229e+06 ZonesAtSurface
3925.35 1775 521.186 4 0 2 7 764129 17.6562 126956 1.12398 2.13758e+06 764129 ZonesAtSurface
3975.41 1775 581.14 5 8 2 5 933466 15.3869 68815.3 0 1.65369e+06 933466 ZonesAtSurface
4025.47 1775 491.25 0 0 2 6 917574 28.9269 59227.9 0.984913 3.05562e+06 917574 ZonesAtSurface
4075.54 1775 501.254 8 6 2 5 600008 32.4678 141694 1.04923 1.7914e+06 600008 ZonesAtSurface
4125.57 1775 411.349 4 0 1 6 753988 15.5769 110204 1.00727 1.97705e+06 753988 ZonesAtSurface
4175.62 1775 421.354 9 7 2 5 519783 18.0644 136300 1.28 1.0507e+06 519783 ZonesAtSurface
4225.6 1774.99 231.467 1 0 1 8 677355 22.9293 88163 1.02905 4.09094e+06 677355 ZonesAtSurface
4275.65 1775 341.458 5 1 2 5 542490 37.3608 148414 0 1.74924e+06 542490 ZonesAtSurface
4325.67 1775 301.48 6 0 2 5 720724 22.4148 51033.7 0 2.06777e+06 720724 ZonesAtSurface
4375.66 1775 211.525 10 0 1 6 896118 32.6002 61158 1.0096 3.46801e+06 896118 ZonesAtSurface
4425.68 1775 221.535 8 9 2 5 504350 27.6171 108111 1.04504 1.41775e+06 504350 ZonesAtSurface
4475.68 1775 131.565 0 0 2 6 704612 31.6603 72524.7 1.01067 3.55805e+06 704612 ZonesAtSurface
4525.55 1774.99 -8.3925 1 0 1 8 1.41222e+06 32.5166 50870.7 1.09849 9.45846e+06 1.41222e+06 ZonesAtSurface
4575.49 1774.99 -48.3795 4 0 1 8 1.12396e+06 32.8053 114575 1.47464 1.14672e+07 1.12396e+06 ZonesAtSurface
4625.46 1774.99 -38.3353 28 0 1 7 1.02881e+06 25.9431 62210.7 1.04102 7.30787e+06 1.02881e+06 ZonesAtSurface
4675.39 1774.99 -28.2804 31 0 1 6 849232 39.9191 113411 1.10083 5.36463e+06 849232 ZonesAtSurface
4725.35 1774.99 -18.2659 68 0 1 5 796932 24.5544 119132 1.27807 3.60828e+06 796932 ZonesAtSurface
4775.3 1774.99 -8.2583 69 0 1 4 1.3225e+06 18.3581 74988.6 2.40496 1.81764e+06 1.3225e+06 ZonesAtSurface
4825.21 1774.99 1.77539 88 0 1 3 543438 20.1 111335 2.9261 1.18021e+06 543438 ZonesAtSurface
4875.13 1774.99 11.7697 59 5 1 2 1.10885e+06 37.4656 129122 1.78634 3.11125e+06 1.10885e+06 ZonesAtSurface
4925.05 1774.99 21.7648 99 0 1 1 1.07464e+06 39.8928 131413 1.88523 3.61824e+06 1.07464e+06 ZonesAtSurface
74.9257 1825.01 -49.7636 112 0 1 2 1.12192e+06 31.1675 117160 1.45424 7.15134e+06 1.12192e+06 ZonesAtSurface
124.84 1825.01 -24.6885 95 23 1 2 1.21148e+06 34.9315 145422 1.40178 3.51204e+06 1.21148e+06 ZonesAtSurface
174.763 1825.01 -49.7209 101 0 1 3 727114 16.1236 149159 1.33044 2.69656e+06 727114 ZonesAtSurface
224.676 1825.01 -24.6891 110 0 1 3 518180 22.1706 147290 1.46236 1.34508e+06 518180 ZonesAtSurface
274.63 1825.01 -49.7248 50 0 1 4 948278 31.8873 145253 1.24125 6.54853e+06 948278 ZonesAtSurface
324.561 1825.01 -24.723 85 8 1 4 1.23203e+06 40.1973 108698 1.62148 4.11092e+06 1.23203e+06 ZonesAtSurface
374.516 1825.01 -49.7802 55 0 1 5 1.44625e+06 31.1033 84074.4 1.0474 7.30974e+06 1.44625e+06 ZonesAtSurface
424.458 1825.02 -24.7939 64 0 1 5 1.02834e+06 21.4346 73986 1.46953 3.01901e+06 1.02834e+06 ZonesAtSurface
474.437 1825.01 -49.8434 14 0 1 6 948732 25.9827 145730 1.01679 8.38092e+06 948732 ZonesAtSurface
524.392 1825.02 -24.857 9 0 1 6 1.11156e+06 17.2006 120723 1.04407 5.64662e+06 1.11156e+06 ZonesAtSurface
574.359 1825.02 0.12684 0 0 1 6 889016 38.6222 135045 1.48125 7.90717e+06 889016 ZonesAtSurface
624.335 1825.03 25.1111 2 0 1 6 1.04348e+06 39.8594 141993 1.2447 7.46599e+06 1.04348e+06 ZonesAtSurface
674.318 1825.03 50.0971 3 0 1 6 706069 38.4159 132297 1.01328 6.03692e+06 706069 ZonesAtSurface
724.304 1825.03 75.0795 3 0 1 6 1.08885e+06 35.2946 91454.6 1.01353 6.32556e+06 1.08885e+06 ZonesAtSurface
774.281 1825.03 150.052 8 9 2 5 993557 37.4446 125801 1.12198 3.26529e+06 993557 ZonesAtSurface
824.29 1825.03 125.043 4 0 1 6 902508 16.6884 80943.3 1.0114 3.34004e+06 902508 ZonesAtSurface
874.275 1825.03 200.011 2 6 2 5 931592 38.9564 69828 1.02014 3.60743e+06 931592 ZonesAtSurface
924.28 1825.03 224.993 3 6 2 5 1.23984e+06 30.0918 104376 1.0003 4.10715e+06 1.23984e+06 ZonesAtSurface
974.287 1825.03 249.976 6 1 2 5 604105 20.8026 143694 1.01059 1.58101e+06 604105 ZonesAtSurface
1024.3 1825.02 274.958 6 6 1 5 817250 43.4665 72054.9 1.0665 3.31336e+06 817250 ZonesAtSurface
1074.31 1825.02 299.94 3 3 1 5 948297 39.9254 114154 1.07425 3.46857e+06 948297 ZonesAtSurface
1124.33 1825.02 374.909 2 4 2 4 1.3458e+06 16.1743 99551.8 1.14248 3.08109e+06 1.3458e+06 ZonesAtSurface
1174.36 1825.02 399.889 5 6 2 4 1.11209e+06 18.6062 149723 1.33086 2.22803e+06 1.11209e+06 ZonesAtSurface
1224.38 1825.02 374.886 4 0 2 5 602376 26.1013 84920.9 0.993337 2.54439e+06 602376 ZonesAtSurface
1274.41 1825.02 399.871 5 3 2 5 1.49881e+06 21.8511 67290.6 1.0207 4.28844e+06 1.49881e+06 ZonesAtSurface
1324.44 1825 274.903 3 0 1 8 1.31218e+06 30.0274 136280 1.17299 4.84908e+06 1.31218e+06 ZonesAtSurface
1374.48 1825 299.899 7 0 1 8 688060 38.4614 97176.8 1.02786 3.34619e+06 688060 ZonesAtSurface
1424.51 1825 324.9 5 7 2 8 1.11164e+06 42.0803 101475 1.53577 3.03981e+06 1.11164e+06 ZonesAtSurface
1474.56 1824.99 249.882 0 0 1 10 966931 37.8832 94330.6 1.49146 6.07961e+06 966931 ZonesAtSurface
1524.59 1824.99 274.878 0 0 1 10 1.22411e+06 43.1918 57799.5 1.45189 6.32975e+06 1.22411e+06 ZonesAtSurface
1574.63 1824.99 299.875 4 0 1 10 1.42615e+06 16.18 54199.4 1.04528 4.40655e+06 1.42615e+06 ZonesAtSurface
1624.67 1824.99 374.874 1 6 2 9 747482 34.9651 74137.3 1.5923 1.73878e+06 747482 ZonesAtSurface
1674.73 1824.97 299.88 8 0 1 11 1.08312e+06 33.5785 130267 1.0576 5.33909e+06 1.08312e+06 ZonesAtSurface
1724.8 1824.97 274.884 2 0 1 12 1.38653e+06 40.3456 70259 1.11405 8.31135e+06 1.38653e+06 ZonesAtSurface
1774.83 1824.96 349.882 1 0 2 11 538941 17.8269 69008.6 1.13637 1.99988e+06 538941 ZonesAtSurface
1824.89 1824.96 424.866 7 9 2 10 1.0396e+06 16.8653 98504.5 6.76237 403978 1.0396e+06 ZonesAtSurface
1874.97 1824.95 449.871 7 9 2 10 797130 40.7756 78278.1 2.17036 1.5805e+06 797130 ZonesAtSurface
1925.05 1824.94 424.902 0 9 2 11 1.36539e+06 40.213 68783.5 1.54341 3.77513e+06 1.36539e+06 ZonesAtSurface
1975.13 1824.94 399.923 5 0 2 12 945099 17.9149 139483 1.00933 2.63221e+06 945099 ZonesAtSurface
2025.19 1824.93 362.451 9 0 1 12 1.2312e+06 34.0586 132564 1.02218 5.35305e+06 1.2312e+06 ZonesAtSurface
2075.21 1824.93 262.494 10 0 1 12 1.07293e+06 39.8976 76173.7 1.01496 4.80427e+06 1.07293e+06 ZonesAtSurface
2125.2 1824.94 112.514 0 0 1 13 1.1147e+06 40.9573 131694 2.64047 6.82834e+06 1.1147e+06 ZonesAtSurface
2175.2 1824.94 62.5265 2 0 1 12 518058 21.6505 81473.6 1.13888 6.53404e+06 518058 ZonesAtSurface
2225.17 1824.95 12.5335 0 0 1 11 960012 41.0328 115821 4.88524 8.47437e+06 960012 ZonesAtSurface
2275.12 1824.93 -37.4726 0 0 1 10 1.20979e+06 43.0925 59602.9 5.33096 1.32711e+07 1.20979e+06 ZonesAtSurface
2325.08 1824.79 -37.4193 26 0 1 8 1.34807e+06 31.1876 130238 1.49123 1.71995e+07 1.34807e+06 ZonesAtSurface
2375.28 1823.22 -37.2288 51 0 1 6 747636 39.7872 134064 1.26629 3.74468e+07 747636 ZonesAtSurface
2425.01 1824.85 -337.594 0 0 0 0 1.20592e+06 33.885 129254 1.75588 3.75495e+07 1.20592e+06 ZonesAtSurface
2475.06 1824.9 -437.569 0 0 0 0 1.32801e+06 32.4202 141856 2.69879 2.36343e+07 1.32801e+06 ZonesAtSurface
2525.09 1824.91 -467.576 0 0 0 0 877647 36.9884 66257.7 5.88118 1.81918e+07 877647 ZonesAtSurface
2575.09 1824.9 -427.592 0 0 0 0 1.27004e+06 40.2419 68056.7 4.92096 2.65392e+07 1.27004e+06 ZonesAtSurface
2625.06 1824.37 -337.63 10 0 0 0 1.3089e+06 40.6644 87060.1 1.01847 5.72277e+07 1.3089e+06 ZonesAtSurface
2675.01 1824.55 -297.665 10 0 0 0 680802 39.404 143792 1.18556 6.21461e+07 680802 ZonesAtSurface
2725.43 1819.69 -6.40859 76 0 1 4 1.14581e+06 16.9892 57007.2 1.05417 4.50737e+06 1.14581e+06 ZonesAtSurface
2775.56 1822.26 -16.3483 65 2 1 5 956440 32.2124 66660.6 0 1.56277e+06 956440 ZonesAtSurface
2825.41 1823.91 -26.8594 61 0 1 6 769929 19.472 96094.9 0.871454 3.81338e+06 769929 ZonesAtSurface
2875.14 1824.65 -37.2111 48 0 1 7 566281 26.0477 90818.6 1.04946 7.59204e+06 566281 ZonesAtSurface
2924.92 1824.87 -47.3723 35 0 1 8 1.03287e+06 28.4557 54601.4 1.02946 1.88712e+07 1.03287e+06 ZonesAtSurface
2974.74 1824.95 -7.365 14 0 1 8 1.30135e+06 43.9545 86571.7 1.25246 1.47823e+07 1.30135e+06 ZonesAtSurface
3024.72 1824.95 -17.4135 5 0 1 9 1.41782e+06 23.4426 149460 1.12033 1.14222e+07 1.41782e+06 ZonesAtSurface
3074.67 1824.96 22.5687 0 0 1 9 896580 17.7782 107335 1.02229 6.64869e+06 896580 ZonesAtSurface
3124.65 1824.97 62.5489 0 0 1 9 1.16486e+06 18.2255 126094 1.03859 6.47564e+06 1.16486e+06 ZonesAtSurface
3174.6 1825.02 252.505 5 10 2 6 1.34818e+06 35.7933 146753 1.43621 3.4263e+06 1.34818e+06 ZonesAtSurface
3224.62 1825 242.491 5 0 2 7 749688 29.9304 149146 1.05463 2.3414e+06 749688 ZonesAtSurface
3274.64 1825.01 332.447 8 10 2 6 694024 39.8069 59474.2 1.09424 2.54037e+06 694024 ZonesAtSurface
3324.66 1825 322.429 0 1 2 7 1.46829e+06 20.0143 96335.7 1.07398 3.82568e+06 1.46829e+06 ZonesAtSurface
3374.68 1825 362.408 9 8 1 7 1.38699e+06 29.3919 113430 1.40033 3.27531e+06 1.38699e+06 ZonesAtSurface
3424.72 1824.99 352.392 9 1 1 8 1.36628e+06 18.6757 143853 1.28112 3.02686e+06 1.36628e+06 ZonesAtSurface
3474.73 1825 442.337 8 9 2 7 814909 19.5219 120088 1.03777 2.12658e+06 814909 ZonesAtSurface
3524.78 1825 482.297 10 8 2 7 630968 24.8998 148587 0 1.6072e+06 630968 ZonesAtSurface
3574.86 1824.98 422.326 0 6 2 9 1.10917e+06 33.5857 134148 1.36932 2.87391e+06 1.10917e+06 ZonesAtSurface
3624.91 1824.98 462.31 0 7 2 9 1.03624e+06 44.9764 106795 1.59441 2.87005e+06 1.03624e+06 ZonesAtSurface
3674.99 1824.97 352.332 4 0 1 12 592329 37.0094 142108 1.00476 7.96703e+06 592329 ZonesAtSurface
3725.03 1824.98 442.288 4 0 1 11 749817 27.6353 76059.4 1.11494 3.03667e+06 749817 ZonesAtSurface
3775.1 1825.01 592.117 0 7 2 8 1.17755e+06 22.6911 79903.8 1.88439 1.85997e+06 1.17755e+06 ZonesAtSurface
3825.19 1825.01 552.148 4 4 2 8 1.15402e+06 23.6788 118667 1.25631 2.79385e+06 1.15402e+06 ZonesAtSurface
3875.26 1825.01 512.198 6 0 1 8 1.21928e+06 36.2681 92236.9 1.03243 5.0061e+06 1.21928e+06 ZonesAtSurface
3925.34 1825.02 522.19 7 5 2 7 574364 18.9242 126332 1.07694 1.40017e+06 574364 ZonesAtSurface
3975.41 1825.01 432.291 4 4 1 8 1.49974e+06 34.8143 71993.4 1.07963 5.20852e+06 1.49974e+06 ZonesAtSurface
4025.47 1825.03 492.252 10 1 2 6 602773 18.2126 89154.7 1.04796 1.51789e+06 602773 ZonesAtSurface
4075.53 1825.03 452.301 3 6 2 6 1.09555e+06 39.4673 84597.8 0 4.18924e+06 1.09555e+06 ZonesAtSurface
4125.55 1825.02 362.386 4 0 1 7 514365 35.5044 119231 1.05078 3.80969e+06 514365 ZonesAtSurface
4175.58 1825.02 322.422 3 0 1 7 816120 21.8257 101688 1.02796 2.36949e+06 816120 ZonesAtSurface
4225.61 1825.02 282.462 6 0 1 7 866119 16.4422 65370.7 1.03192 2.23696e+06 866119 ZonesAtSurface
4275.61 1825.01 192.501 2 0 1 8 573356 38.7766 144605 1.03689 5.6486e+06 573356 ZonesAtSurface
4325.65 1825.03 252.507 10 4 2 6 781264 38.0114 110504 1.20302 2.50659e+06 781264 ZonesAtSurface
4375.65 1825.02 162.539 9 0 1 7 997433 28.7846 149762 1.05099 4.92116e+06 997433 ZonesAtSurface
4425.67 1825.03 172.547 1 8 2 6 1.04226e+06 33.2498 79271.6 1.22201 3.0757e+06 1.04226e+06 ZonesAtSurface
4475.6 1825.01 32.592 2 0 1 8 576047 28.3563 144768 1.06211 6.45177e+06 576047 ZonesAtSurface
4525.56 1825 -7.38308 15 0 1 8 760134 17.0977 101413 1.02654 4.5273e+06 760134 ZonesAtSurface
4575.49 1825 -47.3666 17 0 1 8 875801 32.9134 50638.8 1.09134 1.16239e+07 875801 ZonesAtSurface
4625.44 1825 -37.3115 24 0 1 7 792450 42.3202 142804 1.0928 7.31962e+06 792450 ZonesAtSurface
4675.38 1825 -27.27 27 1 1 6 1.46639e+06 42.6171 69045 1.46078 7.16988e+06 1.46639e+06 ZonesAtSurface
4725.35 1825 -17.264 59 6 1 5 1.41533e+06 39.6598 97901 1.81715 4.53227e+06 1.41533e+06 ZonesAtSurface
4775.29 1824.99 -7.24612 58 2 1 4 807066 39.8744 70619.2 2.64718 2.12392e+06 807066 ZonesAtSurface
4825.22 1825 2.78167 67 9 1 3 973835 24.893 66916.1 2.17754 1.97657e+06 973835 ZonesAtSurface
4875.14 1824.99 12.777 86 0 1 2 612144 15.4529 68279.8 1.50438 1.30105e+06 612144 ZonesAtSurface
4925.06 1825 22.7795 117 0 1 1 643419 16.3059 56575 1.62302 1.45531e+06 643419 ZonesAtSurface
74.9346 1875.01 -48.7473 114 0 1 2 1.12689e+06 27.4593 56254.2 1.456 5.61092e+06 1.12689e+06 ZonesAtSurface
124.853 1875.01 -23.6583 72 38 1 2 1.01492e+06 24.64 55952.7 2.12725 1.57126e+06 1.01492e+06 ZonesAtSurface
174.757 1875.01 -48.6952 111 0 1 3 1.01692e+06 19.9605 144857 1.14371 2.88339e+06 1.01692e+06 ZonesAtSurface
224.671 1875.01 -23.6589 97 85 1 3 1.19456e+06 20.2128 76311.2 2.23509 1.5744e+06 1.19456e+06 ZonesAtSurface
274.622 1875.02 -48.7025 85 0 1 4 1.08984e+06 20.2161 52140.2 1.14646 4.07043e+06 1.08984e+06 ZonesAtSurface
324.558 1875.02 -23.706 88 47 1 4 927867 42.2334 125152 2.11032 2.54808e+06 927867 ZonesAtSurface
374.512 1875.02 -48.7697 67 0 1 5 577596 24.5848 112252 1.08856 4.14786e+06 577596 ZonesAtSurface
424.466 1875.03 -23.7815 46 16 1 5 930521 44.6709 92588.1 3.71568 2.01065e+06 930521 ZonesAtSurface
474.443 1875.02 -48.8238 13 0 1 6 1.06329e+06 36.6201 97649.4 1.04124 8.80036e+06 1.06329e+06 ZonesAtSurface
524.406 1875.03 -23.8317 18 0 1 6 1.3775e+06 38.7232 65393.5 1.09213 7.50177e+06 1.3775e+06 ZonesAtSurface
574.401 1875.03 -48.8633 6 0 1 7 807817 34.6486 106093 1.38664 8.65978e+06 807817 ZonesAtSurface
624.374 1875.03 -23.8766 2 0 1 7 903142 37.2224 109568 1.69647 7.60136e+06 903142 ZonesAtSurface
674.326 1875.07 51.0989 8 0 1 6 605089 39.7924 138460 1.28507 2.56119e+06 605089 ZonesAtSurface
724.329 1875.05 26.0887 7 0 1 7 1.13815e+06 22.2845 56933.1 1.08705 5.54175e+06 1.13815e+06 ZonesAtSurface
774.298 1875.07 101.061 1 10 2 6 1.48783e+06 23.1659 121188 1.10851 4.005e+06 1.48783e+06 ZonesAtSurface
824.307 1875.05 76.0551 9 0 1 7 626584 22.0315 81768.3 1.02261 3.3849e+06 626584 ZonesAtSurface
874.286 1875.07 151.022 6 6 2 6 1.06154e+06 26.0391 106204 1.0526 3.18047e+06 1.06154e+06 ZonesAtSurface
924.289 1875.06 176.004 7 0 1 6 670192 41.3327 51924.9 1.08755 2.86863e+06 670192 ZonesAtSurface
974.295 1875.06 200.986 0 5 1 6 1.4773e+06 35.1831 102058 1.15126 4.94758e+06 1.4773e+06 ZonesAtSurface
1024.3 1875.05 225.969 5 1 2 6 1.26763e+06 20.7015 116179 1.0543 3.42222e+06 1.26763e+06 ZonesAtSurface
1074.32 1875.05 250.951 2 0 2 6 526241 23.7501 84984 1.02644 1.95013e+06 526241 ZonesAtSurface
1124.33 1875.04 275.935 3 0 2 6 872483 40.7933 50222.6 1.09762 3.6077e+06 872483 ZonesAtSurface
1174.35 1875.04 300.92 2 4 2 6 1.49221e+06 26.8643 79426.7 1.17518 4.23385e+06 1.49221e+06 ZonesAtSurface
1224.38 1875.04 325.905 8 0 2 6 823670 42.5778 134205 1.1332 3.46537e+06 823670 ZonesAtSurface
1274.41 1875.04 350.895 5 7 2 6 1.28255e+06 36.9962 76066.3 1.52812 3.2803e+06 1.28255e+06 ZonesAtSurface
1324.44 1875 275.916 8 0 1 8 985818 37.7004 130511 1.03876 4.19845e+06 985818 ZonesAtSurface
1374.47 1875.01 300.911 7 4 2 8 989182 31.613 84789.7 1.33183 2.58447e+06 989182 ZonesAtSurface
1424.51 1875 275.901 8 0 1 9 912455 35.3861 83191.7 1.02227 4.34866e+06 912455 ZonesAtSurface
1474.55 1874.98 250.891 8 0 1 10 1.49009e+06 20.9645 130005 1.01654 5.1902e+06 1.49009e+06 ZonesAtSurface
1524.59 1874.99 275.893 6 0 1 10 1.13926e+06 39.4777 146318 1.04526 5.69541e+06 1.13926e+06 ZonesAtSurface
1574.64 1874.98 250.882 5 0 1 11 1.39612e+06 26.2613 100848 1.04018 6.30472e+06 1.39612e+06 ZonesAtSurface
1624.67 1875.01 375.871 2 5 2 9 1.04238e+06 42.2126 139706 0 2.46943e+06 1.04238e+06 ZonesAtSurface
1674.72 1874.97 300.881 6 0 1 11 1.35188e+06 40.2176 84762.2 1.2029 5.36811e+06 1.35188e+06 ZonesAtSurface
1724.75 1874.97 375.877 4 5 2 10 964985 37.5621 84968.3 1.33597 2.86063e+06 964985 ZonesAtSurface
1774.82 1874.96 350.882 10 0 1 11 1.30473e+06 27.6622 86609.3 1.07879 4.25511e+06 1.30473e+06 ZonesAtSurface
1824.9 1874.95 325.901 6 0 1 12 1.22192e+06 34.3907 107376 1.00367 5.70139e+06 1.22192e+06 ZonesAtSurface
1874.96 1874.95 350.909 10 0 1 12 1.43993e+06 38.5744 82970.1 1.02426 5.60133e+06 1.43993e+06 ZonesAtSurface
1925.03 1874.95 425.901 0 4 2 11 953682 44.151 106918 1.2561 3.39244e+06 953682 ZonesAtSurface
1975.1 1874.94 400.923 5 0 2 12 891566 30.9062 115462 1.00641 3.16732e+06 891566 ZonesAtSurface
2025.16 1874.93 363.449 5 0 2 12 504910 33.5341 54807.4 1.01568 3.73453e+06 504910 ZonesAtSurface
2075.17 1874.94 213.49 1 0 1 13 1.1541e+06 28.6263 50148.7 1.00661 6.24275e+06 1.1541e+06 ZonesAtSurface
2125.18 1874.95 113.505 0 0 1 13 1.23074e+06 42.1575 61295.8 2.85666 6.65111e+06 1.23074e+06 ZonesAtSurface
2175.18 1874.95 63.5182 0 0 1 12 845287 33.8549 108534 2.13806 6.73555e+06 845287 ZonesAtSurface
2225.15 1874.95 13.5245 2 0 1 11 829135 37.4462 134692 2.55853 1.17767e+07 829135 ZonesAtSurface
2275.05 1874.91 -36.4852 18 0 1 10 524579 38.4014 145811 2.29241 3.43613e+07 524579 ZonesAtSurface
2324.99 1874.53 -36.393 33 0 1 8 631102 22.6333 100235 1.14782 3.86359e+07 631102 ZonesAtSurface
2375.26 1872.21 -36.1528 59 6 1 6 1.14305e+06 36.1295 91740.4 1.33072 3.37963e+07 1.14305e+06 ZonesAtSurface
2424.98 1874.55 -336.617 10 0 0 0 1.42406e+06 18.3319 136106 1.14198 6.89906e+07 1.42406e+06 ZonesAtSurface
2475.04 1874.69 -436.594 10 0 0 0 749304 31.0667 91672.7 1.53505 7.52811e+07 749304 ZonesAtSurface
2525.11 1874.77 -466.597 2 0 0 0 1.33176e+06 42.3942 62728.5 2.9879 5.98862e+07 1.33176e+06 ZonesAtSurface
2575.12 1874.84 -426.596 6 0 0 0 1.20188e+06 36.9107 61950.2 2.34399 4.31141e+07 1.20188e+06 ZonesAtSurface
2625.08 1874.34 -336.605 10 0 0 0 1.25443e+06 39.081 93473.1 1.00707 4.08365e+07 1.25443e+06 ZonesAtSurface
2675.01 1874.45 -296.627 10 0 0 0 1.37984e+06 41.5071 55473.6 1.04219 6.6246e+07 1.37984e+06 ZonesAtSurface
2724.98 1874.97 -306.6 0 0 0 0 1.38327e+06 27.6265 51674.9 4.64659 9.88862e+06 1.38327e+06 ZonesAtSurface
2775.35 1870.69 -15.617 68 0 1 5 1.43605e+06 17.076 142364 1.02172 1.50992e+07 1.43605e+06 ZonesAtSurface
2825.38 1873.03 -25.6035 61 1 1 6 1.23574e+06 17.8705 103900 0.855932 4.09475e+06 1.23574e+06 ZonesAtSurface
2875.24 1874.32 -36.1692 46 0 1 7 537239 29.2187 76706.9 1.03873 3.41702e+07 537239 ZonesAtSurface
2924.98 1874.81 -46.3867 30 0 1 8 1.27157e+06 35.5165 100363 1.08315 3.59581e+07 1.27157e+06 ZonesAtSurface
2974.77 1874.94 -6.36442 16 0 1 8 875882 16.6281 139223 1.01873 4.9338e+06 875882 ZonesAtSurface
3024.75 1874.96 -16.4186 2 0 1 9 935943 21.5953 103221 1.08951 1.05672e+07 935943 ZonesAtSurface
3074.68 1874.98 23.5625 8 0 1 9 760572 23.2863 101022 1.03376 6.83372e+06 760572 ZonesAtSurface
3124.6 1875.04 163.523 4 7 2 7 948336 19.4075 50304.9 0 2.72392e+06 948336 ZonesAtSurface
3174.62 1875.04 203.5 4 5 2 7 605159 24.3156 68737.5 0 1.85932e+06 605159 ZonesAtSurface
3224.64 1875.04 243.478 8 4 2 7 1.12381e+06 22.1023 64385.5 1.00253 3.26255e+06 1.12381e+06 ZonesAtSurface
3274.68 1874.99 183.478 8 0 1 9 598347 20.7222 127530 1.15219 4.24983e+06 598347 ZonesAtSurface
3324.69 1875 223.45 2 0 1 9 1.29047e+06 26.5472 111423 1.05842 6.35867e+06 1.29047e+06 ZonesAtSurface
3374.7 1875.03 363.399 1 6 2 7 1.39555e+06 43.3206 117149 1.29722 4.83004e+06 1.39555e+06 ZonesAtSurface
3424.76 1874.98 253.417 0 0 1 10 1.27727e+06 26.2653 55120.7 1.09008 6.16541e+06 1.27727e+06 ZonesAtSurface
3474.79 1874.98 293.397 8 0 1 10 558896 32.7258 136089 1.04824 5.06521e+06 558896 ZonesAtSurface
3524.8 1875.01 433.32 3 0 2 8 689407 22.0898 137320 1.04893 1.92113e+06 689407 ZonesAtSurface
3574.87 1875 423.331 5 8 2 9 662739 23.6785 52836.9 1.39813 1.42472e+06 662739 ZonesAtSurface
3624.92 1875 463.316 6 10 2 9 1.01279e+06 40.0172 51704.8 1.77581 2.3527e+06 1.01279e+06 ZonesAtSurface
3674.99 1874.97 353.334 4 0 1 12 739954 26.6657 51992.8 1.00601 5.8146e+06 739954 ZonesAtSurface
3725.04 1874.98 393.313 7 0 1 12 1.47351e+06 37.0479 90150.1 1.01814 7.25334e+06 1.47351e+06 ZonesAtSurface
3775.11 1875.03 593.116 5 2 2 8 583119 30.9104 120194 1.20967 1.56559e+06 583119 ZonesAtSurface
3825.18 1874.99 403.309 1 0 1 11 856067 32.2229 136173 1.01155 4.79037e+06 856067 ZonesAtSurface
3875.28 1875 413.284 2 0 2 10 584955 35.6648 70190.7 1.04185 4.26006e+06 584955 ZonesAtSurface
3925.35 1875.01 373.323 1 0 1 10 626401 38.0353 123851 1.03299 6.37542e+06 626401 ZonesAtSurface
3975.41 1875.04 433.296 8 9 1 8 1.24218e+06 21.2569 85158.9 1.10043 3.23321e+06 1.24218e+06 ZonesAtSurface
4025.46 1875.05 443.305 0 3 1 7 1.2238e+06 37.8449 125525 1.24327 3.91518e+06 1.2238e+06 ZonesAtSurface
4075.51 1875.05 403.346 0 0 2 7 599198 27.1745 120314 1.10885 1.84993e+06 599198 ZonesAtSurface
4125.54 1875.04 313.41 10 0 1 8 1.20899e+06 30.3398 64970.3 1.01146 4.13214e+06 1.20899e+06 ZonesAtSurface
4175.57 1875.04 273.445 2 0 1 8 853967 18.5472 69845.9 1.00156 2.32314e+06 853967 ZonesAtSurface
4225.59 1875.04 233.479 3 0 2 8 1.03672e+06 18.4859 59000.3 1.00407 2.82636e+06 1.03672e+06 ZonesAtSurface
4275.58 1875.02 143.514 0 0 1 9 1.3004e+06 41.4394 114306 2.37424 6.24224e+06 1.3004e+06 ZonesAtSurface
4325.62 1875.05 203.517 3 6 2 7 1.16184e+06 43.8729 122694 1.19801 4.45175e+06 1.16184e+06 ZonesAtSurface
4375.61 1875.03 113.551 6 0 1 8 990074 30.8997 102514 1.06946 5.6825e+06 990074 ZonesAtSurface
4425.65 1875.05 123.561 4 6 2 7 673850 21.4395 136887 1.00306 1.84296e+06 673850 ZonesAtSurface
4475.55 1875 -16.4021 3 0 1 9 1.30575e+06 24.6802 138762 1.06616 9.46338e+06 1.30575e+06 ZonesAtSurface
4525.56 1875.01 -6.36913 21 0 1 8 1.42958e+06 19.6542 90116.1 1.03961 5.18583e+06 1.42958e+06 ZonesAtSurface
4575.49 1875 -46.3509 33 0 1 8 883812 19.8984 52082.1 1.0259 6.66622e+06 883812 ZonesAtSurface
4625.43 1875 -36.2875 33 0 1 7 833346 31.4656 147666 1.04154 4.11017e+06 833346 ZonesAtSurface
4675.38 1875.01 -26.2631 37 0 1 6 1.18184e+06 38.1703 99048.9 1.24278 6.73818e+06 1.18184e+06 ZonesAtSurface
4725.34 1875 -16.2513 62 0 1 5 1.47436e+06 34.3926 116788 1.37791 5.0833e+06 1.47436e+06 ZonesAtSurface
4775.28 1875 -6.2275 66 5 1 4 1.36425e+06 27.2624 144826 2.02493 2.79632e+06 1.36425e+06 ZonesAtSurface
4825.22 1875 3.78655 81 12 1 3 1.16063e+06 17.9181 75771.9 1.6507 2.22876e+06 1.16063e+06 ZonesAtSurface
4875.15 1875 13.7831 98 20 1 2 1.0309e+06 42.6121 121583 1.6164 3.12709e+06 1.0309e+06 ZonesAtSurface
4925.07 1875 23.7809 123 2 1 1 806723 27.9416 135384 1.38843 2.33515e+06 806723 ZonesAtSurface
74.9417 1925.01 -47.7323 103 0 1 2 1.3389e+06 29.2151 73373.7 1.38512 6.18047e+06 1.3389e+06 ZonesAtSurface
124.86 1925.01 -22.6281 62 88 1 2 1.29519e+06 38.1475 89603.3 2.21901 2.65099e+06 1.29519e+06 ZonesAtSurface
174.753 1925.01 -47.6696 111 19 1 3 1.35957e+06 17.9984 64838.2 1.11451 3.56787e+06 1.35957e+06 ZonesAtSurface
224.666 1925.01 -22.6366 44 91 1 3 1.4463e+06 34.0591 117115 2.71034 2.03221e+06 1.4463e+06 ZonesAtSurface
274.618 1925.02 -47.6771 97 0 1 4 910159 30.3014 52684.4 1.09016 3.73754e+06 910159 ZonesAtSurface
324.557 1925.02 -22.6832 72 54 1 4 1.19261e+06 39.255 86382.5 2.4112 2.75744e+06 1.19261e+06 ZonesAtSurface
374.51 1925.03 -47.7604 76 2 1 5 1.42009e+06 33.2064 142267 1.06585 5.2402e+06 1.42009e+06 ZonesAtSurface
424.473 1925.04 -22.773 45 12 1 5 961535 35.0698 123430 2.28563 2.36152e+06 961535 ZonesAtSurface
474.449 1925.04 -47.8079 28 0 1 6 1.47346e+06 38.6402 110086 1.12747 7.66599e+06 1.47346e+06 ZonesAtSurface
524.421 1925.05 -22.8101 37 8 1 6 1.34697e+06 28.0653 90499 1.55802 3.04249e+06 1.34697e+06 ZonesAtSurface
574.407 1925.04 -47.8476 24 0 1 7 635466 22.2657 69022.7 1.02466 4.93648e+06 635466 ZonesAtSurface
624.387 1925.05 -22.8584 16 0 1 7 1.29687e+06 26.1053 141337 1.17574 4.91777e+06 1.29687e+06 ZonesAtSurface
674.38 1925.02 -47.8841 10 0 1 8 1.21705e+06 22.3712 72570.8 1.04806 7.92398e+06 1.21705e+06 ZonesAtSurface
724.356 1925.04 -22.8955 12 0 1 8 1.23133e+06 30.2541 70493.6 1.13533 8.64072e+06 1.23133e+06 ZonesAtSurface
774.361 1925.01 -47.9241 1 0 1 9 1.06709e+06 15.0339 62014.7 1.03433 5.86159e+06 1.06709e+06 ZonesAtSurface
824.346 1925.02 -22.9382 3 0 1 9 1.2118e+06 22.238 105392 1.21232 7.15218e+06 1.2118e+06 ZonesAtSurface
874.336 1925.02 2.04528 1 0 1 9 549120 20.6891 130985 1.12518 6.08947e+06 549120 ZonesAtSurface
924.317 1925.06 77.0259 4 5 1 8 1.32412e+06 36.7862 61407.7 1.21498 4.59111e+06 1.32412e+06 ZonesAtSurface
974.319 1925.06 102.009 10 2 1 8 997414 30.1191 57615.9 1.06716 3.18531e+06 997414 ZonesAtSurface
1024.33 1925.06 126.993 7 3 2 8 1.03486e+06 17.844 114016 1.00834 2.74272e+06 1.03486e+06 ZonesAtSurface
1074.34 1925.05 151.976 9 1 1 8 758669 37.3223 121160 1.10548 2.58566e+06 758669 ZonesAtSurface
1124.35 1925.05 176.959 8 5 2 8 1.39114e+06 30.2145 129722 1.08444 4.39431e+06 1.39114e+06 ZonesAtSurface
1174.36 1925.04 201.944 5 2 1 8 831292 36.1584 130620 1.07079 2.84601e+06 831292 ZonesAtSurface
1224.38 1925.03 226.932 7 1 1 8 797577 34.2319 101338 1.06384 2.67088e+06 797577 ZonesAtSurface
1274.41 1925.03 251.927 10 4 1 8 1.34567e+06 18.963 94727 1.4129 2.64891e+06 1.34567e+06 ZonesAtSurface
1324.44 1925 226.921 2 0 1 9 887851 37.4725 116541 1.37256 5.42783e+06 887851 ZonesAtSurface
1374.47 1925 251.918 8 0 1 9 755546 36.0604 115419 1.03659 4.9299e+06 755546 ZonesAtSurface
1424.51 1924.99 226.903 0 0 1 10 1.1197e+06 33.5025 104681 1.32004 5.89974e+06 1.1197e+06 ZonesAtSurface
1474.54 1924.99 251.9 6 0 1 10 1.24148e+06 22.5262 149953 1.01781 4.14106e+06 1.24148e+06 ZonesAtSurface
1524.58 1924.99 276.902 2 3 2 10 1.1218e+06 28.7335 139950 1.25361 2.86417e+06 1.1218e+06 ZonesAtSurface
1574.63 1924.98 251.889 2 0 1 11 1.30009e+06 34.2758 55368.3 1.01349 5.81282e+06 1.30009e+06 ZonesAtSurface
1624.67 1924.98 276.891 5 0 1 11 1.21312e+06 37.359 55366.7 1.01709 5.39213e+06 1.21312e+06 ZonesAtSurface
1674.73 1924.97 251.883 5 0 1 12 757266 19.6678 57248.1 1.00427 4.89764e+06 757266 ZonesAtSurface
1724.75 1924.99 376.876 8 9 2 10 1.26232e+06 26.8664 83701.6 2.40274 1.72806e+06 1.26232e+06 ZonesAtSurface
1774.81 1924.97 351.882 7 3 1 11 1.26874e+06 29.5453 99106.1 1.14274 3.74124e+06 1.26874e+06 ZonesAtSurface
1824.88 1924.96 376.888 0 2 2 11 1.29908e+06 23.0507 104581 1.65939 2.33082e+06 1.29908e+06 ZonesAtSurface
1874.94 1924.96 401.893 0 10 2 11 1.36632e+06 39.5106 108234 1.91059 2.95577e+06 1.36632e+06 ZonesAtSurface
1925.01 1924.95 376.913 2 0 2 12 1.1847e+06 34.79 59184.1 1.00057 4.41362e+06 1.1847e+06 ZonesAtSurface
1975.09 1924.94 401.922 0 2 2 12 1.3935e+06 22.4586 97148 1.09061 3.73756e+06 1.3935e+06 ZonesAtSurface
2025.17 1924.94 414.43 1 10 1 11 1.2049e+06 26.3095 50950 1.58138 2.6746e+06 1.2049e+06 ZonesAtSurface
2075.17 1924.94 264.481 0 0 2 12 1.42059e+06 22.2649 146721 0.993885 4.09467e+06 1.42059e+06 ZonesAtSurface
2125.16 1924.95 114.497 0 0 1 13 916136 33.5874 86155.7 1.64922 6.62275e+06 916136 ZonesAtSurface
2175.23 1924.97 164.523 0 6 2 10 805410 39.5112 59656 1.15463 3.0436e+06 805410 ZonesAtSurface
2225.14 1924.98 14.5184 0 0 1 11 713210 43.6531 50827.8 3.58462 1.14358e+07 713210 ZonesAtSurface
2275.02 1924.94 -35.4911 5 0 1 10 611688 32.4068 129472 1.83429 1.93347e+07 611688 ZonesAtSurface
2325.06 1924.18 -35.354 41 0 1 8 645259 28.5477 139590 1.21509 2.13719e+07 645259 ZonesAtSurface
2375.15 1920.84 -35.1319 70 0 1 6 1.09915e+06 23.4089 116308 1.23126 4.10066e+07 1.09915e+06 ZonesAtSurface
2425.03 1924.76 -385.575 3 0 0 0 504007 18.5239 128993 1.41471 4.97265e+07 504007 ZonesAtSurface
2475.07 1924.86 -485.55 3 0 0 0 526985 41.3353 50718.8 5.953 2.96622e+07 526985 ZonesAtSurface
2525.09 1924.96 -515.543 0 0 0 0 900990 18.4201 123831 2.04119 1.17359e+07 900990 ZonesAtSurface
2575.1 1924.77 -425.563 8 0 0 0 754320 40.1759 69975.8 1.71586 5.04516e+07 754320 ZonesAtSurface
2625.04 1924.96 -385.553 0 0 0 0 648380 30.2694 138230 4.98169 1.09741e+07 648380 ZonesAtSurface
2675 1924.35 -295.584 10 0 0 0 1.32307e+06 39.7456 117386 1.00647 5.66414e+07 1.32307e+06 ZonesAtSurface
2724.96 1924.38 -255.588 10 0 0 0 823520 32.5389 72604.4 1.03353 5.39506e+07 823520 ZonesAtSurface
2774.93 1924.97 -265.578 0 0 0 0 672588 29.6449 99919.6 5.67614 7.98297e+06 672588 ZonesAtSurface
2825.18 1921.75 -24.7927 59 0 1 6 645974 16.5048 105448 1.03939 1.57884e+07 645974 ZonesAtSurface
2875.16 1923.73 -35.0358 48 0 1 7 785639 33.8525 105818 1.00842 1.98716e+07 785639 ZonesAtSurface
2925.04 1924.7 -45.3733 31 0 1 8 1.42031e+06 27.7477 132539 1.03319 3.25663e+07 1.42031e+06 ZonesAtSurface
2974.81 1924.93 -5.34013 15 0 1 8 606042 34.0152 111256 1.4978 1.16304e+07 606042 ZonesAtSurface
3024.77 1924.97 -15.4147 3 0 1 9 617763 25.6761 94913.9 1.18412 7.94645e+06 617763 ZonesAtSurface
3074.71 1925 24.5632 4 0 1 9 1.40161e+06 16.7314 146139 1.07569 6.14156e+06 1.40161e+06 ZonesAtSurface
3124.69 1925.01 64.5388 8 4 1 9 1.49807e+06 39.8377 64251.9 1.12286 5.7359e+06 1.49807e+06 ZonesAtSurface
3174.7 1924.98 54.5211 0 0 1 10 1.39075e+06 20.6939 95301.4 1.38005 6.26516e+06 1.39075e+06 ZonesAtSurface
3224.69 1925.03 144.496 1 3 2 9 1.24928e+06 44.1173 107988 1.05783 5.29797e+06 1.24928e+06 ZonesAtSurface
3274.7 1925.03 184.469 8 0 1 9 681564 27.7031 72238.3 1.05607 2.2991e+06 681564 ZonesAtSurface
3324.71 1925.04 224.441 3 4 2 9 898041 29.4311 98664.1 1.01962 2.94521e+06 898041 ZonesAtSurface
3374.75 1925.01 214.435 2 0 1 10 911665 38.2072 50105.3 1.0392 3.55166e+06 911665 ZonesAtSurface
3424.76 1925.03 304.403 7 8 2 9 1.04397e+06 30.2285 58554.9 1.0828 3.32701e+06 1.04397e+06 ZonesAtSurface
3474.81 1924.98 244.408 10 0 1 11 636092 28.1145 112381 1.14461 5.36613e+06 636092 ZonesAtSurface
3524.83 1925.03 384.352 8 9 2 9 735110 22.1061 85361.3 1.00982 2.08109e+06 735110 ZonesAtSurface
3574.88 1925.01 374.345 0 0 2 10 566746 26.2408 136423 0 1.57866e+06 566746 ZonesAtSurface
3624.95 1924.97 314.356 6 0 1 12 743718 37.1489 106227 1.01154 5.9141e+06 743718 ZonesAtSurface
3674.99 1924.99 404.329 3 0 2 11 1.03369e+06 31.4624 101213 1.21603 3.34256e+06 1.03369e+06 ZonesAtSurface
3725.05 1924.98 394.318 1 0 1 12 1.40454e+06 31.078 73257.6 1.00254 4.83749e+06 1.40454e+06 ZonesAtSurface
3775.1 1925.02 494.25 1 4 2 10 1.19904e+06 35.6847 97281.3 1.19018 3.7262e+06 1.19904e+06 ZonesAtSurface
3825.19 1925.02 454.263 0 2 2 10 955764 19.2765 82916.6 1.6012 1.6354e+06 955764 ZonesAtSurface
3875.28 1925.02 414.288 0 0 2 10 1.41045e+06 20.6705 71560.1 1.07841 3.76906e+06 1.41045e+06 ZonesAtSurface
3925.35 1925.05 424.29 1 8 2 9 1.21377e+06 17.1629 139922 1.54072 2.18552e+06 1.21377e+06 ZonesAtSurface
3975.41 1925.04 334.366 0 0 2 10 1.16664e+06 23.8023 130486 1.00592 3.89188e+06 1.16664e+06 ZonesAtSurface
4025.45 1925.04 294.397 2 2 2 10 1.11781e+06 15.7592 147044 0.98459 2.89026e+06 1.11781e+06 ZonesAtSurface
4075.5 1925.06 304.398 7 7 1 9 1.07008e+06 17.8211 59661.2 1.41058 2.24441e+06 1.07008e+06 ZonesAtSurface
4125.54 1925.08 314.41 0 6 2 8 1.15982e+06 25.8435 144021 1.73442 2.39382e+06 1.15982e+06 ZonesAtSurface
4175.55 1925.06 224.463 10 10 1 9 729157 34.9271 114739 1.25419 2.34371e+06 729157 ZonesAtSurface
4225.55 1925.03 134.504 2 0 1 10 576123 44.5101 53881.5 1.1019 5.36553e+06 576123 ZonesAtSurface
4275.58 1925.06 144.516 5 1 1 9 712143 27.5621 84175.4 1.01273 2.2187e+06 712143 ZonesAtSurface
4325.6 1925.08 154.525 8 10 2 8 776828 27.1245 136023 1.24904 1.92739e+06 776828 ZonesAtSurface
4375.58 1925.05 64.5602 9 1 1 9 1.21682e+06 42.9708 139790 1.0736 5.12338e+06 1.21682e+06 ZonesAtSurface
4425.57 1925.03 24.5862 2 0 1 9 703669 24.1618 125657 1.13636 4.86694e+06 703669 ZonesAtSurface
4475.55 1925.02 -15.3911 4 0 1 9 933731 43.113 122316 1.30441 9.3862e+06 933731 ZonesAtSurface
4525.56 1925.02 -5.35609 14 1 1 8 1.17003e+06 39.7446 111093 1.3037 4.61499e+06 1.17003e+06 ZonesAtSurface
4575.5 1925.01 -45.3349 33 0 1 8 1.32725e+06 24.1853 99537.9 1.02823 7.11902e+06 1.32725e+06 ZonesAtSurface
4625.43 1925.01 -35.2716 26 0 1 7 943831 27.5005 89041 1.05042 3.51002e+06 943831 ZonesAtSurface
4675.4 1925.02 -25.2551 58 0 1 6 518818 33.568 108315 1.21128 2.78446e+06 518818 ZonesAtSurface
4725.34 1925.01 -15.2211 67 0 1 5 944773 24.514 63483.3 1.73808 2.51451e+06 944773 ZonesAtSurface
4775.27 1925.01 -5.19986 69 12 1 4 1.12525e+06 22.3398 128824 1.61555 2.30297e+06 1.12525e+06 ZonesAtSurface
4825.22 1925.01 4.80224 69 5 1 3 1.10873e+06 19.2295 90446.7 1.5639 2.26274e+06 1.10873e+06 ZonesAtSurface
4875.15 1925.01 14.8013 116 0 1 2 713371 21.2619 82804.6 1.26375 2.10025e+06 713371 ZonesAtSurface
4925.06 1925 24.7878 130 49 1 1 1.40939e+06 40.8645 114988 1.54438 4.50178e+06 1.40939e+06 ZonesAtSurface
74.9492 1975.01 -46.6859 121 0 1 2 100000 15 10000 1.24626 1.13622e+06 100000 ZonesAtSurface
124.871 1975.01 -21.5612 121 2 1 2 100000 15 10000 1.71608 269237 100000 ZonesAtSurface
174.746 1975.01 -46.6124 111 0 1 3 100000 15 10000 1.04275 959044 100000 ZonesAtSurface
224.665 1975 -21.5809 111 0 1 3 100000 15 10000 1.08618 415956 100000 ZonesAtSurface
274.606 1975.01 -46.6272 100 0 1 4 100000 15 10000 1.11543 1.09425e+06 100000 ZonesAtSurface
324.555 1975.01 -21.6183 100 0 1 4 100000 15 10000 1.02635 557397 100000 ZonesAtSurface
374.5 1975.01 -46.688 89 0 1 5 100000 15 10000 1.04996 949638 100000 ZonesAtSurface
424.481 1975.02 -21.6819 87 4 1 5 100000 15 10000 1.7303 350813 100000 ZonesAtSurface
474.434 1975.02 -46.7313 77 0 1 6 100000 15 10000 1.05277 1.00502e+06 100000 ZonesAtSurface
524.419 1975.02 -21.7206 76 0 1 6 100000 15 10000 1.2239 526413 100000 ZonesAtSurface
574.4 1975.01 -46.7864 58 0 1 7 100000 15 10000 1.0092 1.0957e+06 100000 ZonesAtSurface
624.4 1975.02 -21.7731 55 8 1 7 100000 15 10000 1.10592 626211 100000 ZonesAtSurface
674.377 1975 -46.8344 41 0 1 8 100000 15 10000 1.04065 1.32052e+06 100000 ZonesAtSurface
724.362 1975.01 -21.825 41 0 1 8 100000 15 10000 0 375558 100000 ZonesAtSurface
774.356 1975 -46.8971 26 0 1 9 100000 15 10000 1.1063 3.58119e+06 100000 ZonesAtSurface
824.344 1975 -21.9035 28 0 1 9 100000 15 10000 1.13805 2.28879e+06 100000 ZonesAtSurface
874.353 1974.99 -46.9526 9 0 1 10 100000 15 10000 1.05072 5.08983e+06 100000 ZonesAtSurface
924.342 1974.99 -21.9612 11 0 1 10 100000 15 10000 1.03762 3.95794e+06 100000 ZonesAtSurface
974.342 1974.99 3.02688 11 0 1 10 100000 15 10000 1.02893 3.67059e+06 100000 ZonesAtSurface
1024.37 1974.98 -22.0045 0 0 1 11 100000 15 10000 1.28555 4.57665e+06 100000 ZonesAtSurface
1074.38 1974.98 2.98401 0 0 1 11 100000 15 10000 1.25237 4.62155e+06 100000 ZonesAtSurface
1124.39 1974.98 27.9718 0 0 1 11 100000 15 10000 1.1481 4.77285e+06 100000 ZonesAtSurface
1174.4 1974.98 52.9594 0 0 1 11 100000 15 10000 1.10901 4.87292e+06 100000 ZonesAtSurface
1224.42 1974.98 77.9467 1 0 1 11 100000 15 10000 1.02754 5.0906e+06 100000 ZonesAtSurface
1274.44 1974.98 102.934 0 0 1 11 100000 15 10000 1.00437 5.10787e+06 100000 ZonesAtSurface
1324.44 1974.98 177.925 9 0 1 10 100000 15 10000 1.01064 3.43658e+06 100000 ZonesAtSurface
1374.47 1974.98 202.916 10 0 1 10 100000 15 10000 1.01413 3.13996e+06 100000 ZonesAtSurface
1424.51 1974.98 177.904 1 0 1 11 100000 15 10000 1.00184 4.32078e+06 100000 ZonesAtSurface
1474.55 1974.98 202.898 5 0 1 11 100000 15 10000 1.00601 3.88704e+06 100000 ZonesAtSurface
1524.58 1974.98 227.895 10 0 1 11 100000 15 10000 1.02123 3.10932e+06 100000 ZonesAtSurface
1574.63 1974.97 202.889 2 0 1 12 100000 15 10000 1.0183 4.36289e+06 100000 ZonesAtSurface
1624.67 1974.97 227.887 6 0 1 12 100000 15 10000 1.00587 3.99558e+06 100000 ZonesAtSurface
1674.72 1974.97 252.887 9 0 1 12 100000 15 10000 1.01356 3.14267e+06 100000 ZonesAtSurface
1724.78 1974.96 227.892 1 0 1 13 100000 15 10000 1.00131 4.50417e+06 100000 ZonesAtSurface
1774.83 1974.96 252.896 0 0 1 13 100000 15 10000 1.00105 4.10551e+06 100000 ZonesAtSurface
1824.88 1974.95 277.902 1 0 1 13 100000 15 10000 1.00395 3.91595e+06 100000 ZonesAtSurface
1874.94 1974.95 302.91 1 0 1 13 100000 15 10000 1.00755 3.61002e+06 100000 ZonesAtSurface
1925 1974.94 327.92 1 0 1 13 100000 15 10000 1.00473 3.39119e+06 100000 ZonesAtSurface
1975.06 1974.94 352.929 1 0 1 13 100000 15 10000 1.01032 2.87282e+06 100000 ZonesAtSurface
2025.12 1974.94 365.44 10 0 1 12 100000 15 10000 0.961568 1.14259e+06 100000 ZonesAtSurface
2075.13 1974.95 215.473 1 0 1 13 100000 15 10000 0.976682 3.01554e+06 100000 ZonesAtSurface
2125.15 1974.96 115.488 1 0 1 13 100000 15 10000 1.01556 3.85428e+06 100000 ZonesAtSurface
2175.17 1974.97 65.5042 10 0 1 12 100000 15 10000 1.01205 3.0227e+06 100000 ZonesAtSurface
2225.15 1974.99 -34.5028 6 0 1 12 100000 15 10000 1.42611 6.9488e+06 100000 ZonesAtSurface
2275.13 1974.99 -34.4762 32 0 1 10 100000 15 10000 1.64155 3.59678e+06 100000 ZonesAtSurface
2325.25 1973.79 -34.3402 46 0 1 8 100000 15 10000 0.877998 9.31349e+06 100000 ZonesAtSurface
2375.12 1975 -334.522 4 0 0 0 100000 15 10000 1.76478 8.63367e+06 100000 ZonesAtSurface
2425.12 1974.99 -434.512 3 0 0 0 100000 15 10000 2.00602 8.7426e+06 100000 ZonesAtSurface
2475.1 1974.72 -484.51 10 0 0 0 100000 15 10000 1.33084 2.1498e+07 100000 ZonesAtSurface
2525.08 1974.91 -514.51 6 0 0 0 100000 15 10000 2.06693 1.46142e+07 100000 ZonesAtSurface
2575.05 1974.76 -424.524 10 0 0 0 100000 15 10000 1.20976 9.16195e+06 100000 ZonesAtSurface
2625.01 1974.97 -384.526 7 0 0 0 100000 15 10000 1.22211 8.87364e+06 100000 ZonesAtSurface
2674.98 1974.98 -344.528 7 0 0 0 100000 15 10000 1.24385 8.74413e+06 100000 ZonesAtSurface
2724.95 1974.98 -304.531 7 0 0 0 100000 15 10000 1.27688 8.99815e+06 100000 ZonesAtSurface
2774.92 1974.98 -264.533 3 0 0 0 100000 15 10000 1.60051 8.23773e+06 100000 ZonesAtSurface
2824.89 1974.98 -224.545 9 0 0 0 100000 15 10000 1.67399 7.75419e+06 100000 ZonesAtSurface
2874.97 1972.74 -34.0678 54 0 1 7 100000 15 10000 1.06022 4.17515e+07 100000 ZonesAtSurface
2924.97 1974.4 -44.341 40 0 1 8 100000 15 10000 1.10857 1.98185e+07 100000 ZonesAtSurface
2974.84 1974.83 -4.24075 34 21 1 8 100000 15 10000 0 79805.2 100000 ZonesAtSurface
3024.8 1974.96 -14.4023 29 0 1 9 100000 15 10000 1.29369 4.77122e+06 100000 ZonesAtSurface
3074.76 1974.97 -24.4448 18 0 1 10 100000 15 10000 1.12845 5.13157e+06 100000 ZonesAtSurface
3124.75 1974.96 -34.4767 4 0 1 11 100000 15 10000 1.05165 6.16399e+06 100000 ZonesAtSurface
3174.73 1974.96 5.51706 9 0 1 11 100000 15 10000 1.02563 4.45116e+06 100000 ZonesAtSurface
3224.75 1974.95 -4.51176 0 0 1 12 100000 15 10000 1.28716 4.74511e+06 100000 ZonesAtSurface
3274.76 1974.95 35.4761 2 0 1 12 100000 15 10000 1.03486 5.05036e+06 100000 ZonesAtSurface
3324.77 1974.95 75.4633 7 0 1 12 100000 15 10000 1.00827 4.58561e+06 100000 ZonesAtSurface
3374.81 1974.95 65.4415 0 0 1 13 100000 15 10000 1.17634 5.38238e+06 100000 ZonesAtSurface
3424.83 1974.95 105.426 1 0 1 13 100000 15 10000 1.00164 5.60174e+06 100000 ZonesAtSurface
3474.86 1974.95 145.411 1 0 1 13 100000 15 10000 1.00189 5.20787e+06 100000 ZonesAtSurface
3524.89 1974.96 185.396 1 0 1 13 100000 15 10000 1.00236 4.95285e+06 100000 ZonesAtSurface
3574.93 1974.96 225.381 1 0 1 13 100000 15 10000 1.00297 4.70124e+06 100000 ZonesAtSurface
3624.97 1974.96 265.364 1 0 1 13 100000 15 10000 1.00175 4.42014e+06 100000 ZonesAtSurface
3675.02 1974.97 305.348 1 0 1 13 100000 15 10000 1.00281 4.26968e+06 100000 ZonesAtSurface
3725.07 1974.97 345.333 1 0 1 13 100000 15 10000 1.01462 3.74641e+06 100000 ZonesAtSurface
3775.14 1974.98 345.337 1 0 1 13 100000 15 10000 1.0105 3.42975e+06 100000 ZonesAtSurface
3825.21 1974.98 305.363 1 0 1 13 100000 15 10000 1.00993 4.17259e+06 100000 ZonesAtSurface
3875.27 1974.98 265.389 1 0 1 13 100000 15 10000 1.00987 4.36277e+06 100000 ZonesAtSurface
3925.32 1974.98 225.412 1 0 1 13 100000 15 10000 1.00466 4.57056e+06 100000 ZonesAtSurface
3975.37 1974.98 185.432 1 0 1 13 100000 15 10000 1.00223 4.68896e+06 100000 ZonesAtSurface
4025.41 1974.98 145.45 1 0 1 13 100000 15 10000 1.00221 5.03273e+06 100000 ZonesAtSurface
4075.44 1974.98 105.467 1 0 1 13 100000 15 10000 1.00208 5.30843e+06 100000 ZonesAtSurface
4125.46 1974.98 65.4829 1 0 1 13 100000 15 10000 1.00144 5.76681e+06 100000 ZonesAtSurface
4175.48 1974.98 25.497 0 0 1 13 100000 15 10000 1.13523 5.75401e+06 100000 ZonesAtSurface
4225.51 1974.98 35.5156 4 0 1 12 100000 15 10000 1.02781 5.08637e+06 100000 ZonesAtSurface
4275.51 1974.98 -4.47464 0 0 1 12 100000 15 10000 1.06706 5.39156e+06 100000 ZonesAtSurface
4325.51 1974.98 -44.4649 0 0 1 12 100000 15 10000 1.28522 5.4479e+06 100000 ZonesAtSurface
4375.53 1974.99 -34.4377 8 0 1 11 100000 15 10000 1.06134 5.56293e+06 100000 ZonesAtSurface
4425.53 1974.99 -24.4015 22 0 1 10 100000 15 10000 1.16061 3.95234e+06 100000 ZonesAtSurface
4475.54 1975 -14.3591 35 0 1 9 100000 15 10000 1.0428 1.95566e+06 100000 ZonesAtSurface
4525.56 1975.01 -4.30509 46 0 1 8 100000 15 10000 1.29842 429026 100000 ZonesAtSurface
4575.52 1975 -44.3051 48 0 1 8 100000 15 10000 0.994946 1.40909e+06 100000 ZonesAtSurface
4625.44 1975 -34.2345 60 0 1 7 100000 15 10000 1.03867 905846 100000 ZonesAtSurface
4675.41 1975 -24.2001 73 0 1 6 100000 15 10000 1.12128 579988 100000 ZonesAtSurface
4725.35 1975 -14.1451 84 0 1 5 100000 15 10000 1.09141 629774 100000 ZonesAtSurface
4775.28 1975.01 -4.13046 98 0 1 4 100000 15 10000 1.08337 367735 100000 ZonesAtSurface
4825.22 1975 5.87679 108 1 1 3 100000 15 10000 1.17091 349808 100000 ZonesAtSurface
4875.15 1975 15.8776 118 0 1 2 100000 15 10000 1.25954 526573 100000 ZonesAtSurface
4925.06 1975 25.8475 133 0 1 1 100000 15 10000 1.38938 529001 100000 ZonesAtSurface
74.9508 2024.99 -45.6832 121 0 1 2 100000 15 10000 1.24901 1.05654e+06 100000 ZonesAtSurface
124.874 2024.99 -20.5608 122 0 1 2 100000 15 10000 2.07102 276279 100000 ZonesAtSurface
174.753 2024.98 -45.6043 111 0 1 3 100000 15 10000 1.05083 622038 100000 ZonesAtSurface
224.671 2024.98 -20.5703 111 0 1 3 100000 15 10000 1.14586 408993 100000 ZonesAtSurface
274.601 2024.98 -45.6308 100 0 1 4 100000 15 10000 1.18938 692881 100000 ZonesAtSurface
324.549 2024.98 -20.6138 100 0 1 4 100000 15 10000 1.21814 499502 100000 ZonesAtSurface
374.503 2024.97 -45.6609 89 0 1 5 100000 15 10000 1.10022 950213 100000 ZonesAtSurface
424.474 2024.96 -20.6656 88 0 1 5 100000 15 10000 1.69504 303960 100000 ZonesAtSurface
474.424 2024.96 -45.7345 76 0 1 6 100000 15 10000 1.11884 947935 100000 ZonesAtSurface
524.41 2024.95 -20.7232 76 0 1 6 100000 15 10000 1.37491 548387 100000 ZonesAtSurface
574.392 2024.95 -45.784 59 0 1 7 100000 15 10000 1.00427 1.39615e+06 100000 ZonesAtSurface
624.385 2024.94 -20.7715 57 0 1 7 100000 15 10000 1.2129 515827 100000 ZonesAtSurface
674.372 2024.96 -45.8367 41 0 1 8 100000 15 10000 1.07231 1.51094e+06 100000 ZonesAtSurface
724.357 2024.95 -20.8294 42 0 1 8 100000 15 10000 1.02777 641506 100000 ZonesAtSurface
774.351 2024.97 -45.8979 27 0 1 9 100000 15 10000 1.1091 3.58119e+06 100000 ZonesAtSurface
824.339 2024.96 -20.9031 28 0 1 9 100000 15 10000 1.14344 2.33374e+06 100000 ZonesAtSurface
874.348 2024.98 -45.9518 9 0 1 10 100000 15 10000 1.061 5.07967e+06 100000 ZonesAtSurface
924.337 2024.98 -20.9607 11 0 1 10 100000 15 10000 1.02564 3.87403e+06 100000 ZonesAtSurface
974.361 2024.98 -45.9933 0 0 1 11 100000 15 10000 1.36907 4.63464e+06 100000 ZonesAtSurface
1024.36 2024.98 -21.0037 0 0 1 11 100000 15 10000 1.28778 4.62451e+06 100000 ZonesAtSurface
1074.37 2024.98 3.98498 0 0 1 11 100000 15 10000 1.259 4.65736e+06 100000 ZonesAtSurface
1124.38 2024.98 28.9728 0 0 1 11 100000 15 10000 1.16092 4.81889e+06 100000 ZonesAtSurface
1174.39 2024.98 53.9602 0 0 1 11 100000 15 10000 1.10496 4.95774e+06 100000 ZonesAtSurface
1224.41 2024.98 78.9473 2 0 1 11 100000 15 10000 1.02178 5.11292e+06 100000 ZonesAtSurface
1274.43 2024.98 103.934 0 0 1 11 100000 15 10000 1.0034 5.11089e+06 100000 ZonesAtSurface
1324.43 2024.98 178.925 10 0 1 10 100000 15 10000 1.01124 3.44581e+06 100000 ZonesAtSurface
1374.46 2024.98 203.915 8 0 1 10 100000 15 10000 1.01147 3.09318e+06 100000 ZonesAtSurface
1424.51 2024.98 178.903 1 0 1 11 100000 15 10000 1.00293 4.34779e+06 100000 ZonesAtSurface
1474.54 2024.98 203.896 3 0 1 11 100000 15 10000 1.00642 3.83547e+06 100000 ZonesAtSurface
1524.57 2024.97 228.893 9 0 1 11 100000 15 10000 1.02191 3.27568e+06 100000 ZonesAtSurface
1574.62 2024.97 203.886 4 0 1 12 100000 15 10000 1.03703 4.26715e+06 100000 ZonesAtSurface
1624.66 2024.97 228.884 6 0 1 12 100000 15 10000 1.00415 3.80631e+06 100000 ZonesAtSurface
1674.7 2024.97 253.883 10 0 1 12 100000 15 10000 1.01138 3.35728e+06 100000 ZonesAtSurface
1724.77 2024.96 228.886 1 0 1 13 100000 15 10000 1.0132 4.49464e+06 100000 ZonesAtSurface
1774.81 2024.96 253.889 1 0 1 13 100000 15 10000 1.00116 4.20093e+06 100000 ZonesAtSurface
1824.86 2024.96 278.895 1 0 1 13 100000 15 10000 1.00373 3.67867e+06 100000 ZonesAtSurface
1874.92 2024.95 303.902 1 0 1 13 100000 15 10000 1.00463 3.66021e+06 100000 ZonesAtSurface
1924.97 2024.95 328.909 1 0 1 13 100000 15 10000 1.00484 3.29595e+06 100000 ZonesAtSurface
1975.03 2024.94 353.917 1 0 1 13 100000 15 10000 1.00761 2.77427e+06 100000 ZonesAtSurface
2025.08 2024.94 316.434 1 0 1 13 100000 15 10000 0.9893 3.2625e+06 100000 ZonesAtSurface
2075.11 2024.95 216.459 1 0 1 13 100000 15 10000 0.987828 3.72474e+06 100000 ZonesAtSurface
2125.14 2024.96 116.477 1 0 1 13 100000 15 10000 1.01297 4.61247e+06 100000 ZonesAtSurface
2175.17 2024.97 66.4928 10 0 1 12 100000 15 10000 1.03453 3.81201e+06 100000 ZonesAtSurface
2225.17 2024.99 -33.5029 6 0 1 12 100000 15 10000 1.36721 5.50121e+06 100000 ZonesAtSurface
2275.18 2024.98 -33.4854 27 0 1 10 100000 15 10000 1.73559 6.76505e+06 100000 ZonesAtSurface
2325.24 2023.48 -33.4072 45 20 1 8 100000 15 10000 0.338211 4.96076e+06 100000 ZonesAtSurface
2375.17 2025 -333.493 3 0 0 0 100000 15 10000 1.09092 5.25707e+06 100000 ZonesAtSurface
2425.15 2025 -433.491 0 0 0 0 100000 15 10000 2.11837 4.56367e+06 100000 ZonesAtSurface
2475.11 2024.99 -533.494 0 0 0 0 100000 15 10000 2.55142 5.6886e+06 100000 ZonesAtSurface
2525.06 2024.82 -513.479 10 0 0 0 100000 15 10000 1.46841 1.35187e+07 100000 ZonesAtSurface
2574.99 2024.79 -423.483 10 0 0 0 100000 15 10000 1.42389 6.57129e+06 100000 ZonesAtSurface
2624.97 2024.99 -383.49 7 0 0 0 100000 15 10000 3.38358 3.33474e+06 100000 ZonesAtSurface
2674.95 2024.99 -343.492 0 0 0 0 100000 15 10000 3.97063 3.30422e+06 100000 ZonesAtSurface
2724.92 2025 -303.494 1 0 0 0 100000 15 10000 4.07167 3.29289e+06 100000 ZonesAtSurface
2774.89 2024.99 -263.495 5 0 0 0 100000 15 10000 4.06726 3.31693e+06 100000 ZonesAtSurface
2824.86 2024.99 -223.499 0 0 0 0 100000 15 10000 4.92239 2.94321e+06 100000 ZonesAtSurface
2874.84 2024.99 -183.515 7 0 0 0 100000 15 10000 3.46178 4.14934e+06 100000 ZonesAtSurface
2924.82 2023.76 -43.3792 40 0 1 8 100000 15 10000 1.03438 4.1211e+07 100000 ZonesAtSurface
2974.83 2024.51 -3.26224 39 0 1 8 100000 15 10000 1.20289 7.18592e+06 100000 ZonesAtSurface
3024.81 2024.94 -13.4258 28 0 1 9 100000 15 10000 1.03172 3.12031e+06 100000 ZonesAtSurface
3074.77 2024.95 -23.4583 15 0 1 10 100000 15 10000 1.00833 5.63024e+06 100000 ZonesAtSurface
3124.76 2024.95 -33.4889 3 0 1 11 100000 15 10000 1.18771 5.85898e+06 100000 ZonesAtSurface
3174.75 2024.95 6.50541 7 0 1 11 100000 15 10000 1.02099 4.78338e+06 100000 ZonesAtSurface
3224.75 2024.94 46.4966 10 0 1 11 100000 15 10000 1.04524 3.89003e+06 100000 ZonesAtSurface
3274.77 2024.95 36.4674 0 0 1 12 100000 15 10000 1.10905 5.13165e+06 100000 ZonesAtSurface
3324.79 2024.95 76.4554 4 0 1 12 100000 15 10000 1.00956 4.8575e+06 100000 ZonesAtSurface
3374.8 2024.95 116.444 8 0 1 12 100000 15 10000 1.03112 4.04394e+06 100000 ZonesAtSurface
3424.84 2024.95 106.421 1 0 1 13 100000 15 10000 1.01279 5.74667e+06 100000 ZonesAtSurface
3474.87 2024.95 146.406 1 0 1 13 100000 15 10000 1.00262 5.36329e+06 100000 ZonesAtSurface
3524.9 2024.96 186.391 1 0 1 13 100000 15 10000 1.00268 5.06432e+06 100000 ZonesAtSurface
3574.94 2024.96 226.375 1 0 1 13 100000 15 10000 1.00244 4.80789e+06 100000 ZonesAtSurface
3624.99 2024.96 266.358 1 0 1 13 100000 15 10000 1.00249 4.56167e+06 100000 ZonesAtSurface
3675.04 2024.97 306.343 1 0 1 13 100000 15 10000 1.00222 4.1552e+06 100000 ZonesAtSurface
3725.09 2024.97 346.329 1 0 1 13 100000 15 10000 1.00711 3.78091e+06 100000 ZonesAtSurface
3775.16 2024.97 346.333 1 0 1 13 100000 15 10000 1.00372 3.45647e+06 100000 ZonesAtSurface
3825.22 2024.97 306.357 1 0 1 13 100000 15 10000 1.01139 4.19748e+06 100000 ZonesAtSurface
3875.28 2024.97 266.382 1 0 1 13 100000 15 10000 1.00545 4.2307e+06 100000 ZonesAtSurface
3925.33 2024.98 226.407 1 0 1 13 100000 15 10000 1.00354 4.72646e+06 100000 ZonesAtSurface
3975.38 2024.98 186.429 1 0 1 13 100000 15 10000 1.00176 4.81374e+06 100000 ZonesAtSurface
4025.41 2024.98 146.449 1 0 1 13 100000 15 10000 1.00253 5.03904e+06 100000 ZonesAtSurface
4075.44 2024.98 106.467 1 0 1 13 100000 15 10000 1.00154 5.26779e+06 100000 ZonesAtSurface
4125.47 2024.98 66.4824 1 0 1 13 100000 15 10000 1.00107 5.75536e+06 100000 ZonesAtSurface
4175.48 2024.98 26.4965 0 0 1 13 100000 15 10000 1.15625 5.71599e+06 100000 ZonesAtSurface
4225.52 2024.98 36.5153 6 0 1 12 100000 15 10000 1.0203 5.1121e+06 100000 ZonesAtSurface
4275.52 2024.98 -3.47479 1 0 1 12 100000 15 10000 1.04546 5.47838e+06 100000 ZonesAtSurface
4325.51 2024.98 -43.465 0 0 1 12 100000 15 10000 1.27075 5.49947e+06 100000 ZonesAtSurface
4375.53 2024.98 -33.4376 8 0 1 11 100000 15 10000 1.06238 5.63811e+06 100000 ZonesAtSurface
4425.53 2024.97 -23.4014 21 0 1 10 100000 15 10000 1.15143 3.85916e+06 100000 ZonesAtSurface
4475.54 2024.96 -13.36 35 0 1 9 100000 15 10000 1.08715 1.64819e+06 100000 ZonesAtSurface
4525.56 2024.95 -3.30917 47 0 1 8 100000 15 10000 1.17764 675289 100000 ZonesAtSurface
4575.52 2024.96 -43.3114 48 0 1 8 100000 15 10000 1.0042 1.74868e+06 100000 ZonesAtSurface
4625.45 2024.96 -33.2415 61 0 1 7 100000 15 10000 1.02371 934380 100000 ZonesAtSurface
4675.42 2024.96 -23.2051 72 0 1 6 100000 15 10000 1.04482 939109 100000 ZonesAtSurface
4725.36 2024.96 -13.1444 85 0 1 5 100000 15 10000 1.06302 689847 100000 ZonesAtSurface
4775.29 2024.97 -3.12473 97 0 1 4 100000 15 10000 1.12871 542067 100000 ZonesAtSurface
4825.21 2024.98 6.89318 109 0 1 3 100000 15 10000 1.09263 474188 100000 ZonesAtSurface
4875.16 2024.98 16.8778 119 2 1 2 100000 15 10000 1.40963 433331 100000 ZonesAtSurface
4925.06 2024.98 26.8592 132 0 1 1 100000 15 10000 1.1411 601780 100000 ZonesAtSurface
74.9404 2074.98 -44.729 119 0 1 2 785169 38.6023 77327.7 1.36031 6.41213e+06 785169 ZonesAtSurface
124.862 2074.98 -19.6336 94 76 1 2 839163 28.7545 92733.7 2.25867 1.42779e+06 839163 ZonesAtSurface
174.769 2074.98 -44.654 111 11 1 3 1.0788e+06 18.5871 133316 1.03593 2.90188e+06 1.0788e+06 ZonesAtSurface
224.682 2074.98 -19.6182 111 50 1 3 641014 16.977 72186.3 1.95051 948646 641014 ZonesAtSurface
274.611 2074.97 -44.682 95 46 1 4 1.47313e+06 23.4107 55146.4 1.18969 3.87524e+06 1.47313e+06 ZonesAtSurface
324.546 2074.97 -19.6721 45 76 1 4 1.38603e+06 36.0424 108869 4.83359 1.56614e+06 1.38603e+06 ZonesAtSurface
374.516 2074.95 -44.7157 77 0 1 5 1.01817e+06 17.6135 75619.1 1.05065 3.8779e+06 1.01817e+06 ZonesAtSurface
424.461 2074.94 -19.7464 56 27 1 5 886679 28.898 62486.4 2.34468 1.62079e+06 886679 ZonesAtSurface
474.429 2074.94 -44.8121 34 0 1 6 566170 41.332 137084 1.10783 6.6588e+06 566170 ZonesAtSurface
524.399 2074.92 -19.8147 35 4 1 6 1.34446e+06 37.3517 141341 1.49684 4.03925e+06 1.34446e+06 ZonesAtSurface
574.39 2074.93 -44.8437 24 0 1 7 638455 29.3039 65228.6 1.04597 6.53164e+06 638455 ZonesAtSurface
624.362 2074.91 -19.8526 30 0 1 7 774337 35.9882 86765.7 1.04163 5.09399e+06 774337 ZonesAtSurface
674.366 2074.94 -44.8837 7 0 1 8 1.12159e+06 15.077 127949 1.02618 5.79195e+06 1.12159e+06 ZonesAtSurface
724.343 2074.92 -19.8986 0 0 1 8 1.48299e+06 43.9186 137012 1.96687 9.36643e+06 1.48299e+06 ZonesAtSurface
774.326 2074.91 5.08389 1 0 1 8 886698 31.3815 121689 1.07586 6.48212e+06 886698 ZonesAtSurface
824.333 2074.95 -19.936 4 0 1 9 641873 35.3448 132850 1.86576 7.65103e+06 641873 ZonesAtSurface
874.301 2074.9 55.0436 9 0 1 8 581294 43.3845 143046 1.33609 2.64833e+06 581294 ZonesAtSurface
924.299 2074.91 80.0279 10 5 1 8 1.31372e+06 37.4742 148235 1.26861 4.2661e+06 1.31372e+06 ZonesAtSurface
974.314 2074.94 55.0183 1 0 1 9 757707 21.5426 117422 1.14434 5.55645e+06 757707 ZonesAtSurface
1024.3 2074.91 129.996 10 4 1 8 1.18972e+06 17.2057 63106.4 1.04838 3.05971e+06 1.18972e+06 ZonesAtSurface
1074.31 2074.91 154.978 9 2 1 8 844261 23.1583 142294 1.0115 2.35737e+06 844261 ZonesAtSurface
1124.32 2074.91 179.959 6 0 2 8 531984 15.9085 79700.5 1.01563 1.33773e+06 531984 ZonesAtSurface
1174.34 2074.92 204.945 3 2 2 8 1.04268e+06 39.1407 59477.1 1.0049 4.18437e+06 1.04268e+06 ZonesAtSurface
1224.36 2074.93 229.932 4 0 1 8 580810 16.7649 61793.1 0.991954 1.55362e+06 580810 ZonesAtSurface
1274.38 2074.94 254.918 4 2 2 8 1.43952e+06 27.4304 111766 1.0872 4.2521e+06 1.43952e+06 ZonesAtSurface
1324.41 2074.94 279.91 5 1 2 8 1.11618e+06 41.9292 133874 1.24203 3.88492e+06 1.11618e+06 ZonesAtSurface
1374.44 2074.96 254.912 7 0 1 9 565208 27.6426 81950.5 1.0571 4.0018e+06 565208 ZonesAtSurface
1424.49 2074.97 229.901 2 0 1 10 1.40023e+06 16.7728 129188 1.01562 5.35109e+06 1.40023e+06 ZonesAtSurface
1474.52 2074.97 254.898 10 0 1 10 1.04723e+06 17.2113 137230 1.01632 3.991e+06 1.04723e+06 ZonesAtSurface
1524.56 2074.97 229.884 0 0 1 11 1.29392e+06 40.1249 144762 2.49461 5.94264e+06 1.29392e+06 ZonesAtSurface
1574.6 2074.97 254.88 0 0 1 11 1.45028e+06 41.5226 84296.8 1.8598 6.16553e+06 1.45028e+06 ZonesAtSurface
1624.62 2074.92 379.859 5 8 2 9 910967 31.7624 67196.4 1.69757 1.913e+06 910967 ZonesAtSurface
1674.69 2074.97 254.874 0 0 1 12 1.41645e+06 28.7848 52889.9 1.12148 7.1909e+06 1.41645e+06 ZonesAtSurface
1724.72 2074.95 329.88 5 0 1 11 838262 18.903 104372 1.05961 3.07479e+06 838262 ZonesAtSurface
1774.78 2074.96 304.877 5 0 1 12 1.1901e+06 44.8129 111452 1.06406 7.07839e+06 1.1901e+06 ZonesAtSurface
1824.8 2074.93 429.855 10 7 2 10 1.48861e+06 23.9502 85840.9 0 1.79004e+06 1.48861e+06 ZonesAtSurface
1874.88 2074.95 354.884 1 0 1 12 1.3579e+06 19.3308 112248 1.00494 4.36238e+06 1.3579e+06 ZonesAtSurface
1924.93 2074.94 429.882 7 4 2 11 605524 26.2395 129476 1.11427 1.64203e+06 605524 ZonesAtSurface
1975.01 2074.94 404.904 0 0 2 12 730357 15.6421 148323 1.01203 1.97071e+06 730357 ZonesAtSurface
2025.06 2074.94 367.42 3 0 1 12 1.43847e+06 34.1451 56680.5 1.00462 5.28191e+06 1.43847e+06 ZonesAtSurface
2075.1 2074.95 267.445 7 0 1 12 956358 37.2683 119036 1.02251 6.29059e+06 956358 ZonesAtSurface
2125.14 2074.94 267.471 6 6 1 10 1.14032e+06 44.023 51701.5 1.73553 3.41024e+06 1.14032e+06 ZonesAtSurface
2175.16 2074.94 167.481 2 2 2 10 1.34792e+06 17.2794 60834.9 1.21919 3.07661e+06 1.34792e+06 ZonesAtSurface
2225.18 2074.93 117.495 1 8 2 9 989741 36.8455 69548.9 0 2.82225e+06 989741 ZonesAtSurface
2275.18 2074.96 -32.5066 0 0 1 10 739887 42.5643 91154 8.81346 7.64292e+06 739887 ZonesAtSurface
2325.19 2073.21 -32.4802 38 8 1 8 1.37183e+06 23.9856 113104 1.18418 6.98952e+07 1.37183e+06 ZonesAtSurface
2375.2 2074.98 -282.481 0 0 0 0 714867 38.6767 86341.6 5.57835 5.87429e+06 714867 ZonesAtSurface
2425.18 2074.85 -382.476 5 5 0 0 1.3764e+06 36.349 117604 0 1.80091e+06 1.3764e+06 ZonesAtSurface
2475.13 2074.75 -482.474 3 4 0 0 1.09309e+06 32.4289 67062.7 1.11955 3.81818e+06 1.09309e+06 ZonesAtSurface
2525.03 2074.51 -462.459 7 8 0 0 672494 16.8278 98407.1 0.846384 3.08144e+06 672494 ZonesAtSurface
2574.96 2074.87 -422.46 7 7 0 0 582657 43.8488 69443.7 0 1.14994e+06 582657 ZonesAtSurface
2624.94 2074.31 -332.472 10 0 0 0 851411 19.2542 92163.7 0.948179 2.30565e+07 851411 ZonesAtSurface
2674.91 2073.4 -242.467 10 9 0 0 747056 36.9576 94400.6 3.48334 2.31386e+07 747056 ZonesAtSurface
2724.89 2073.39 -202.463 7 10 0 0 1.47074e+06 24.7163 99197.1 1.93746 2.41347e+07 1.47074e+06 ZonesAtSurface
2774.87 2074.98 -262.472 0 0 0 0 1.19931e+06 33.2039 92747.2 7.16601 6.13463e+06 1.19931e+06 ZonesAtSurface
2824.85 2074.97 -222.475 0 0 0 0 873515 40.7519 128531 10 6.49079e+06 873515 ZonesAtSurface
2874.82 2074.97 -182.481 0 0 0 0 739561 31.6627 58361.4 6.62602 6.16916e+06 739561 ZonesAtSurface
2924.81 2074.97 -142.492 0 0 0 0 753643 30.8337 94649 8.04578 4.95824e+06 753643 ZonesAtSurface
2974.79 2074.1 -2.41155 29 0 1 8 1.3112e+06 28.6354 128009 1.00604 3.16653e+07 1.3112e+06 ZonesAtSurface
3024.8 2074.93 -12.4751 4 0 1 9 969361 28.8538 145836 1.91049 1.19487e+07 969361 ZonesAtSurface
3074.78 2074.94 -22.4892 1 0 1 10 1.47875e+06 21.2788 131740 1.68209 7.96908e+06 1.47875e+06 ZonesAtSurface
3124.76 2074.93 17.5076 7 0 1 10 587528 23.0915 61098.2 1.03616 7.33518e+06 587528 ZonesAtSurface
3174.76 2074.92 57.4955 5 0 1 10 928558 26.8847 137564 1.18804 7.3068e+06 928558 ZonesAtSurface
3224.76 2074.91 97.4804 1 0 1 10 894198 30.1731 143750 1.37882 6.52229e+06 894198 ZonesAtSurface
3274.77 2074.88 187.462 5 6 2 9 1.45285e+06 20.6572 84155.7 1.1194 3.71448e+06 1.45285e+06 ZonesAtSurface
3324.79 2074.88 227.441 2 10 2 9 1.14897e+06 24.108 60333.8 1.06616 3.3413e+06 1.14897e+06 ZonesAtSurface
3374.81 2074.9 217.421 1 0 2 10 1.18971e+06 18.4391 50630.7 1.04636 3.16679e+06 1.18971e+06 ZonesAtSurface
3424.83 2074.9 257.399 0 1 2 10 652988 39.2602 83403.2 1.19281 2.11888e+06 652988 ZonesAtSurface
3474.87 2074.93 247.388 1 0 1 11 685508 42.707 141230 1.52582 7.67627e+06 685508 ZonesAtSurface
3524.9 2074.94 287.372 9 0 1 11 645156 25.811 143291 1.11286 4.72113e+06 645156 ZonesAtSurface
3574.93 2074.92 377.339 2 1 2 10 633295 28.3991 90079.4 0 1.94711e+06 633295 ZonesAtSurface
3625 2074.96 317.346 5 0 1 12 1.45273e+06 34.9601 144780 1.03778 7.31281e+06 1.45273e+06 ZonesAtSurface
3675.05 2074.97 307.338 0 0 1 13 596825 34.4587 127083 1.00123 7.90666e+06 596825 ZonesAtSurface
3725.1 2074.96 397.314 2 0 1 12 955065 22.7908 76965.6 1.01139 3.01589e+06 955065 ZonesAtSurface
3775.17 2074.97 347.33 1 0 1 13 1.13673e+06 15.7859 105860 1.0043 4.96393e+06 1.13673e+06 ZonesAtSurface
3825.23 2074.93 457.272 2 3 2 10 630865 20.7364 126287 1.06504 1.58978e+06 630865 ZonesAtSurface
3875.31 2074.93 417.296 1 3 2 10 1.35083e+06 25.6538 51183.4 1.15081 3.74132e+06 1.35083e+06 ZonesAtSurface
3925.37 2074.93 377.329 0 0 1 10 1.29638e+06 34.3094 95141.1 1.04494 4.56274e+06 1.29638e+06 ZonesAtSurface
3975.42 2074.92 387.333 0 3 2 9 1.08208e+06 40.8544 99446.7 1.3101 3.87979e+06 1.08208e+06 ZonesAtSurface
4025.47 2074.93 297.4 0 0 2 10 864024 20.9243 72610.5 1.02185 2.39409e+06 864024 ZonesAtSurface
4075.52 2074.91 307.404 2 4 2 9 1.42051e+06 41.3369 94953 1.23913 5.43089e+06 1.42051e+06 ZonesAtSurface
4125.53 2074.93 217.455 0 0 1 10 1.48952e+06 28.2533 92398.9 1.01095 4.8936e+06 1.48952e+06 ZonesAtSurface
4175.57 2074.91 227.465 0 3 2 9 1.35013e+06 39.1856 84602.5 1.30132 4.77349e+06 1.35013e+06 ZonesAtSurface
4225.56 2074.94 137.501 0 0 1 10 1.38736e+06 22.3147 63374.2 1.04111 5.22708e+06 1.38736e+06 ZonesAtSurface
4275.59 2074.91 147.512 3 0 2 9 535104 26.0913 122651 1.10076 1.74458e+06 535104 ZonesAtSurface
4325.61 2074.89 157.521 5 9 2 8 1.17587e+06 39.7682 109569 1.54281 3.43841e+06 1.17587e+06 ZonesAtSurface
4375.61 2074.89 117.546 4 8 2 8 811334 24.6737 101765 1.23928 2.09882e+06 811334 ZonesAtSurface
4425.57 2074.93 27.5856 9 0 1 9 1.16212e+06 35.6307 131291 1.19923 7.88397e+06 1.16212e+06 ZonesAtSurface
4475.55 2074.95 -12.3935 7 0 1 9 1.24718e+06 29.257 146948 1.14002 8.54907e+06 1.24718e+06 ZonesAtSurface
4525.56 2074.93 -2.36223 16 0 1 8 559427 31.1568 121895 1.22022 3.19765e+06 559427 ZonesAtSurface
4575.5 2074.95 -42.3454 25 0 1 8 797732 18.2775 63244 1.03306 4.83059e+06 797732 ZonesAtSurface
4625.45 2074.94 -32.2913 30 0 1 7 1.47426e+06 23.2914 132138 1.17141 3.87886e+06 1.47426e+06 ZonesAtSurface
4675.42 2074.94 -22.2674 61 6 1 6 1.37557e+06 25.1243 123968 1.16895 3.79367e+06 1.37557e+06 ZonesAtSurface
4725.35 2074.94 -12.2141 75 4 1 5 869665 19.1111 109185 1.30697 2.03972e+06 869665 ZonesAtSurface
4775.28 2074.96 -2.19536 86 13 1 4 718778 25.625 130740 1.12644 1.96702e+06 718778 ZonesAtSurface
4825.2 2074.97 7.82559 81 0 1 3 625044 30.723 53328.6 1.31963 2.23843e+06 625044 ZonesAtSurface
4875.16 2074.97 17.799 117 0 1 2 535836 24.7212 64342.6 1.55345 1.66948e+06 535836 ZonesAtSurface
4925.07 2074.98 27.8043 111 24 1 1 1.24974e+06 15.2452 74650.7 1.25787 2.72192e+06 1.24974e+06 ZonesAtSurface
74.9319 2124.99 -43.7411 97 0 1 2 1.03561e+06 44.8397 106607 1.38208 9.37492e+06 1.03561e+06 ZonesAtSurface
124.856 2124.98 -18.663 50 56 1 2 1.3619e+06 42.9927 57124.4 2.03964 3.50569e+06 1.3619e+06 ZonesAtSurface
174.772 2124.98 -43.6788 99 0 1 3 1.06124e+06 25.1334 66856.7 1.06671 4.57611e+06 1.06124e+06 ZonesAtSurface
224.688 2124.98 -18.6451 111 28 1 3 598789 40.1621 66464.9 2.79886 1.17477e+06 598789 ZonesAtSurface
274.619 2124.98 -43.6986 92 0 1 4 587481 22.1747 139945 1.33657 2.50488e+06 587481 ZonesAtSurface
324.553 2124.97 -18.6893 82 14 1 4 647729 21.7981 121404 1.52038 1.31781e+06 647729 ZonesAtSurface
374.517 2124.96 -43.741 74 0 1 5 592409 18.4503 108363 1.14551 3.04834e+06 592409 ZonesAtSurface
424.461 2124.96 -18.7584 55 24 1 5 1.40617e+06 30.753 133023 2.09523 2.98057e+06 1.40617e+06 ZonesAtSurface
474.426 2124.95 -43.8186 32 0 1 6 1.48014e+06 36.2376 67435.2 1.06228 8.33225e+06 1.48014e+06 ZonesAtSurface
524.382 2124.94 -18.8308 18 0 1 6 744213 33.1582 144615 1.04565 5.83189e+06 744213 ZonesAtSurface
574.38 2124.94 -43.8589 0 0 1 7 788539 35.353 79559.3 1.6893 8.48048e+06 788539 ZonesAtSurface
624.351 2124.93 -18.8692 3 0 1 7 1.36791e+06 23.0477 148108 1.1518 7.14697e+06 1.36791e+06 ZonesAtSurface
674.327 2124.92 6.11358 4 0 1 7 656631 36.7724 84538.9 1.14441 8.38233e+06 656631 ZonesAtSurface
724.276 2124.89 81.0785 8 4 1 6 1.48048e+06 22.8198 123799 1.12437 3.95229e+06 1.48048e+06 ZonesAtSurface
774.29 2124.91 56.0719 1 0 1 7 775509 19.9066 116439 1.02638 4.03365e+06 775509 ZonesAtSurface
824.261 2124.89 131.038 4 2 2 6 1.34e+06 16.4988 122824 1.04787 3.44162e+06 1.34e+06 ZonesAtSurface
874.261 2124.9 156.019 6 0 2 6 919187 20.6696 78462.5 1.03526 2.62524e+06 919187 ZonesAtSurface
924.264 2124.9 181.003 6 1 2 6 1.21905e+06 26.0362 108341 1.06321 3.57468e+06 1.21905e+06 ZonesAtSurface
974.269 2124.91 205.987 1 3 1 6 1.47402e+06 28.6935 65512 1.13111 4.43915e+06 1.47402e+06 ZonesAtSurface
1024.28 2124.91 230.971 6 0 2 6 1.06536e+06 33.8757 135658 1.07705 3.68819e+06 1.06536e+06 ZonesAtSurface
1074.29 2124.91 255.954 7 0 2 6 783897 35.2206 66130.5 1.06899 3.14549e+06 783897 ZonesAtSurface
1124.3 2124.92 330.931 10 9 1 5 688429 37.8089 89995.8 1.54338 1.87226e+06 688429 ZonesAtSurface
1174.32 2124.92 305.924 0 0 2 6 1.10895e+06 22.0212 130300 1.05324 3.27831e+06 1.10895e+06 ZonesAtSurface
1224.34 2124.93 330.907 1 0 2 6 804568 25.697 144194 1.02288 2.33069e+06 804568 ZonesAtSurface
1274.37 2124.93 355.894 7 0 2 6 1.06526e+06 26.0897 129450 0 3.15523e+06 1.06526e+06 ZonesAtSurface
1324.4 2124.94 380.888 4 2 2 6 857403 26.3903 57482.9 0 2.56666e+06 857403 ZonesAtSurface
1374.44 2124.96 305.907 0 0 1 8 1.25331e+06 34.7421 73558.7 1.29826 4.48762e+06 1.25331e+06 ZonesAtSurface
1424.47 2124.97 280.898 8 0 1 9 516635 18.5875 133165 1.018 2.81878e+06 516635 ZonesAtSurface
1474.5 2124.96 305.896 9 0 2 9 732626 41.3236 104184 1.02838 4.32283e+06 732626 ZonesAtSurface
1524.55 2124.97 280.883 9 0 1 10 871917 24.0358 86801.5 1.01433 4.53249e+06 871917 ZonesAtSurface
1574.58 2124.96 305.874 2 0 1 10 1.19461e+06 19.6201 133724 1.02845 4.65844e+06 1.19461e+06 ZonesAtSurface
1624.61 2124.94 380.864 0 8 2 9 1.27112e+06 32.8542 131327 1.79418 2.54213e+06 1.27112e+06 ZonesAtSurface
1674.66 2124.95 355.866 1 1 2 10 1.04395e+06 39.921 76633 1.05757 4.34117e+06 1.04395e+06 ZonesAtSurface
1724.7 2124.96 380.874 0 7 1 10 1.4984e+06 40.5951 52070 2.28556 2.79963e+06 1.4984e+06 ZonesAtSurface
1774.75 2124.96 405.873 0 5 2 10 1.39174e+06 35.2815 79101.7 2.3373 2.26679e+06 1.39174e+06 ZonesAtSurface
1824.79 2124.96 430.863 9 4 2 10 812321 26.4715 86074.1 2.18 1.2168e+06 812321 ZonesAtSurface
1874.85 2124.95 455.856 4 7 2 10 902169 21.0496 99813.5 2.11061 1.2836e+06 902169 ZonesAtSurface
1924.93 2124.95 380.893 0 0 2 12 670763 19.8782 68589.9 0.992469 3.28157e+06 670763 ZonesAtSurface
1974.99 2124.95 455.891 1 10 2 11 528253 38.7884 60104.4 1.36483 1.49669e+06 528253 ZonesAtSurface
2025.05 2124.95 418.411 5 2 2 11 1.0404e+06 44.3924 131860 1.19404 4.018e+06 1.0404e+06 ZonesAtSurface
2075.08 2124.96 318.437 9 0 1 11 1.30152e+06 42.1319 99221.3 1.02276 5.56569e+06 1.30152e+06 ZonesAtSurface
2125.11 2124.96 218.457 3 0 1 11 1.41823e+06 18.8004 72459.2 1.01467 5.72908e+06 1.41823e+06 ZonesAtSurface
2175.16 2124.96 218.484 8 0 1 9 505142 35.4339 85312.8 1.9608 1.91227e+06 505142 ZonesAtSurface
2225.17 2124.95 118.491 4 2 2 9 1.19539e+06 32.9577 112959 1.17074 3.84859e+06 1.19539e+06 ZonesAtSurface
2275.17 2124.7 18.4901 10 0 1 9 892113 28.0745 125989 1.24008 1.89972e+07 892113 ZonesAtSurface
2325.19 2124.82 -131.5 7 7 0 0 1.47073e+06 44.1767 113239 0 707886 1.47073e+06 ZonesAtSurface
2375.19 2124.68 -231.487 7 8 0 0 1.39766e+06 39.1868 77308.7 0.779553 9.2591e+06 1.39766e+06 ZonesAtSurface
2425.17 2124.68 -331.478 4 8 0 0 1.012e+06 28.3988 119640 0 1.55959e+06 1.012e+06 ZonesAtSurface
2475.08 2120.34 -231.525 10 0 0 0 903840 32.8199 72871.8 2.44509 1.4692e+07 903840 ZonesAtSurface
2525.05 2124.82 -461.468 7 7 0 0 1.14871e+06 29.3944 81749.6 1.64027 2.373e+06 1.14871e+06 ZonesAtSurface
2574.98 2124.95 -421.464 0 0 0 0 1.03573e+06 43.3554 112086 4.41709 9.9284e+06 1.03573e+06 ZonesAtSurface
2624.94 2123.38 -281.476 10 0 0 0 805792 33.5369 146386 6.06786 1.24447e+07 805792 ZonesAtSurface
2674.93 2124.96 -341.471 0 0 0 0 1.23465e+06 22.1881 53037.3 3.17696 6.93946e+06 1.23465e+06 ZonesAtSurface
2724.89 2123.38 -201.468 10 0 0 0 1.45326e+06 24.3223 145079 3.08568 1.59213e+07 1.45326e+06 ZonesAtSurface
2774.88 2124.96 -261.475 0 0 0 0 904055 44.2113 123590 7.79582 8.92935e+06 904055 ZonesAtSurface
2824.85 2120.48 -21.4885 10 0 0 0 1.37224e+06 42.5556 59854.5 1.98282 3.00102e+07 1.37224e+06 ZonesAtSurface
2874.82 2124.96 -181.476 0 0 0 0 1.27522e+06 16.4724 120567 1.75765 6.67164e+06 1.27522e+06 ZonesAtSurface
2924.8 2124.95 -141.487 0 0 0 0 1.17554e+06 33.4505 82952.9 4.39074 7.32527e+06 1.17554e+06 ZonesAtSurface
2974.78 2123.8 -1.47441 29 8 1 8 1.27906e+06 33.0906 50100.5 1.24231 7.00174e+07 1.27906e+06 ZonesAtSurface
3024.8 2124.89 -11.5084 0 0 1 9 1.42909e+06 32.0097 53987.4 2.00765 1.54714e+07 1.42909e+06 ZonesAtSurface
3074.78 2124.9 28.499 5 0 1 9 1.30956e+06 28.9838 131305 1.10764 8.06742e+06 1.30956e+06 ZonesAtSurface
3124.78 2124.93 18.4765 1 0 1 10 595786 21.3223 73250.6 1.36215 9.05053e+06 595786 ZonesAtSurface
3174.74 2124.91 158.496 2 0 2 8 797937 41.9229 113149 1.30142 2.85828e+06 797937 ZonesAtSurface
3224.77 2124.91 148.48 4 0 1 9 1.11409e+06 25.2363 72398.2 1.32067 4.11981e+06 1.11409e+06 ZonesAtSurface
3274.77 2124.92 238.471 5 10 2 8 998017 40.867 86034.4 1.22682 3.32723e+06 998017 ZonesAtSurface
3324.79 2124.92 228.445 0 0 2 9 1.26815e+06 36.5077 127773 1.1964 4.35175e+06 1.26815e+06 ZonesAtSurface
3374.81 2124.92 268.421 6 0 2 9 822140 28.1783 77240.2 1.21111 2.39059e+06 822140 ZonesAtSurface
3424.84 2124.93 258.396 4 0 1 10 1.40529e+06 29.6691 129477 1.06468 6.13544e+06 1.40529e+06 ZonesAtSurface
3474.87 2124.93 348.373 2 0 2 9 603855 42.246 53691.5 1.1278 2.94991e+06 603855 ZonesAtSurface
3524.91 2124.95 288.359 0 0 1 11 1.45678e+06 43.779 74287.8 1.36961 8.13113e+06 1.45678e+06 ZonesAtSurface
3574.94 2124.95 378.338 10 3 1 10 984331 38.4183 90169.8 1.21596 3.36972e+06 984331 ZonesAtSurface
3624.99 2124.95 418.325 5 3 2 10 716897 17.9783 119995 1.50213 1.36264e+06 716897 ZonesAtSurface
3675.07 2124.97 308.338 0 0 1 13 1.48927e+06 17.8578 83847.5 1.00167 6.69312e+06 1.48927e+06 ZonesAtSurface
3725.09 2124.95 498.253 1 0 2 10 773530 23.5237 50755 0 2.29181e+06 773530 ZonesAtSurface
3775.17 2124.96 448.289 4 0 1 11 600424 19.9715 101431 1.0122 2.57453e+06 600424 ZonesAtSurface
3825.24 2124.95 458.278 4 5 2 10 1.47085e+06 20.8621 76552.4 1.16289 3.61403e+06 1.47085e+06 ZonesAtSurface
3875.31 2124.95 468.267 0 0 2 9 1.22452e+06 17.8251 99664.4 1.05217 3.16744e+06 1.22452e+06 ZonesAtSurface
3925.37 2124.95 428.3 0 0 2 9 1.32426e+06 38.6728 85908.8 1.0147 6.03565e+06 1.32426e+06 ZonesAtSurface
3975.43 2124.93 438.302 6 7 1 8 764876 37.6028 72344.5 1.18639 2.6345e+06 764876 ZonesAtSurface
4025.49 2124.93 398.34 5 0 2 8 602930 24.3823 120453 1.08895 1.77165e+06 602930 ZonesAtSurface
4075.52 2124.95 308.404 1 0 1 9 823672 29.8786 82027.4 1.03961 4.50252e+06 823672 ZonesAtSurface
4125.57 2124.93 318.413 0 4 2 8 1.45653e+06 42.5063 130661 1.09533 5.71584e+06 1.45653e+06 ZonesAtSurface
4175.59 2124.93 278.446 3 0 2 8 638423 19.7778 124191 1.0208 2.08275e+06 638423 ZonesAtSurface
4225.61 2124.93 238.477 9 0 1 8 889342 28.9406 129682 1.01769 3.65901e+06 889342 ZonesAtSurface
4275.63 2124.91 248.488 3 0 2 7 1.09232e+06 42.5619 123579 1.03716 4.66055e+06 1.09232e+06 ZonesAtSurface
4325.65 2124.9 258.499 6 6 2 6 610717 38.8804 131076 1.18541 1.84832e+06 610717 ZonesAtSurface
4375.63 2124.93 118.551 5 0 1 8 1.33956e+06 34.0363 81970.2 1.07845 6.22352e+06 1.33956e+06 ZonesAtSurface
4425.65 2124.92 128.563 0 3 2 7 1.41202e+06 41.6818 85342.9 1.19171 5.13442e+06 1.41202e+06 ZonesAtSurface
4475.65 2124.92 88.5832 0 0 2 7 934534 17.6944 108193 1.10969 2.43537e+06 934534 ZonesAtSurface
4525.56 2124.95 -1.37692 19 0 1 8 928130 22.9981 82943.9 1.07244 6.8873e+06 928130 ZonesAtSurface
4575.5 2124.96 -41.3626 8 0 1 8 943387 44.8012 70799.9 1.47167 1.27088e+07 943387 ZonesAtSurface
4625.46 2124.95 -31.3198 16 0 1 7 592044 43.1519 140681 1.26947 8.37473e+06 592044 ZonesAtSurface
4675.43 2124.95 -21.2887 55 0 1 6 1.17482e+06 22.1268 84561.4 1.04479 4.19841e+06 1.17482e+06 ZonesAtSurface
4725.35 2124.96 -11.2304 51 0 1 5 1.26702e+06 22.4326 128450 1.12384 4.77826e+06 1.26702e+06 ZonesAtSurface
4775.28 2124.97 -1.22331 77 5 1 4 1.4707e+06 32.2845 52748.8 1.17943 5.21671e+06 1.4707e+06 ZonesAtSurface
4825.2 2124.98 8.79481 59 4 1 3 1.15314e+06 41.1872 139517 1.8398 3.60095e+06 1.15314e+06 ZonesAtSurface
4875.15 2124.98 18.7735 82 4 1 2 1.04195e+06 32.4613 71574.9 3.09843 2.12381e+06 1.04195e+06 ZonesAtSurface
4925.06 2124.98 28.7809 129 34 1 1 1.2921e+06 38.7622 89769.3 1.60104 3.88553e+06 1.2921e+06 ZonesAtSurface
74.9301 2174.99 -42.7423 105 0 1 2 1.33778e+06 30.9409 134635 1.28573 7.42893e+06 1.33778e+06 ZonesAtSurface
124.851 2174.99 -17.6714 81 53 1 2 1.3785e+06 21.7898 110490 2.21784 2.12385e+06 1.3785e+06 ZonesAtSurface
174.765 2174.99 -42.6913 75 0 1 3 1.12988e+06 28.2362 100766 1.27862 4.86286e+06 1.12988e+06 ZonesAtSurface
224.684 2174.99 -17.6626 82 50 1 3 1.04363e+06 22.3154 118332 2.80064 1.3115e+06 1.04363e+06 ZonesAtSurface
274.627 2174.98 -42.7069 77 0 1 4 823450 33.3134 89162.3 1.19495 3.95291e+06 823450 ZonesAtSurface
324.563 2174.98 -17.6969 63 42 1 4 1.20479e+06 30.6441 57080.7 1.94885 2.76081e+06 1.20479e+06 ZonesAtSurface
374.515 2174.97 -42.7557 75 0 1 5 1.24044e+06 20.6198 98008.6 1.10039 4.30635e+06 1.24044e+06 ZonesAtSurface
424.458 2174.97 -17.7633 55 10 1 5 1.33993e+06 25.0195 144683 2.36164 2.43699e+06 1.33993e+06 ZonesAtSurface
474.419 2174.97 -42.8248 48 0 1 6 1.23327e+06 16.696 141999 1.02536 5.64379e+06 1.23327e+06 ZonesAtSurface
524.363 2174.96 -17.8459 15 0 1 6 783942 20.7014 80861.5 1.02712 5.05446e+06 783942 ZonesAtSurface
574.324 2174.95 7.13493 6 0 1 6 705729 24.2898 52443.3 1.10679 5.82348e+06 705729 ZonesAtSurface
624.336 2174.95 -17.8831 1 0 1 7 877782 21.6412 139636 1.02482 6.95071e+06 877782 ZonesAtSurface
674.249 2174.92 107.085 9 0 2 5 588607 33.0548 101609 1.04705 2.61875e+06 588607 ZonesAtSurface
724.265 2174.93 82.0796 0 0 1 6 957232 39.8838 60141 1.02451 5.94503e+06 957232 ZonesAtSurface
774.24 2174.92 157.051 9 2 2 5 731905 23.656 93887.1 1.00999 2.11553e+06 731905 ZonesAtSurface
824.241 2174.93 182.033 7 6 2 5 811760 38.8879 79353.6 1.14662 2.77427e+06 811760 ZonesAtSurface
874.253 2174.94 157.024 2 0 1 6 1.14659e+06 40.0408 93140.3 1.03165 5.53927e+06 1.14659e+06 ZonesAtSurface
924.248 2174.93 231.997 7 6 1 5 997835 42.689 105389 1.06882 3.91023e+06 997835 ZonesAtSurface
974.256 2174.93 256.979 6 5 2 5 1.48702e+06 19.134 59505.1 1.02406 4.04157e+06 1.48702e+06 ZonesAtSurface
1024.27 2174.93 281.96 5 0 2 5 565069 24.2349 118503 1.01544 2.09695e+06 565069 ZonesAtSurface
1074.28 2174.94 356.934 10 9 2 4 863814 36.4163 87731.5 1.74343 1.82536e+06 863814 ZonesAtSurface
1124.3 2174.94 381.916 9 7 2 4 903782 20.7752 97817.8 1.73057 1.45415e+06 903782 ZonesAtSurface
1174.32 2174.95 406.896 8 7 2 4 850905 18.5501 86466.4 1.52587 1.49895e+06 850905 ZonesAtSurface
1224.34 2174.95 431.877 10 7 2 4 941170 29.8138 94408.8 1.33214 2.31854e+06 941170 ZonesAtSurface
1274.37 2174.95 406.881 0 5 1 5 1.36294e+06 38.823 121891 1.20154 4.5124e+06 1.36294e+06 ZonesAtSurface
1324.4 2174.96 381.89 8 5 1 6 917401 26.9235 110942 1.07937 2.69618e+06 917401 ZonesAtSurface
1374.43 2174.96 356.899 8 10 1 7 1.14071e+06 35.2758 72118.9 1.63024 2.6669e+06 1.14071e+06 ZonesAtSurface
1424.46 2174.96 381.897 9 6 1 7 692194 15.5709 109469 2.8435 617437 692194 ZonesAtSurface
1474.5 2174.97 306.883 9 0 1 9 894946 20.7267 76528.8 1.00942 3.51639e+06 894946 ZonesAtSurface
1524.52 2174.95 431.858 8 7 2 7 740128 21.6882 59862.3 0 1.47137e+06 740128 ZonesAtSurface
1574.56 2174.96 406.859 6 7 2 8 1.30789e+06 33.0433 88076.8 1.22658 3.97739e+06 1.30789e+06 ZonesAtSurface
1624.6 2174.96 431.857 2 0 2 8 795203 32.5558 66933 1.07401 2.71807e+06 795203 ZonesAtSurface
1674.65 2174.97 356.861 3 0 2 10 527818 26.7329 106651 1.02885 2.16298e+06 527818 ZonesAtSurface
1724.71 2174.97 331.866 7 0 1 11 1.17638e+06 30.6872 142225 1.04012 5.51269e+06 1.17638e+06 ZonesAtSurface
1774.77 2174.97 306.868 0 0 1 12 1.18475e+06 41.0801 90912.5 1.70414 6.699e+06 1.18475e+06 ZonesAtSurface
1824.8 2174.97 381.87 7 0 1 11 1.13461e+06 33.6865 94591.1 1.13066 5.29382e+06 1.13461e+06 ZonesAtSurface
1874.85 2174.97 406.869 8 0 1 11 730655 16.4392 135467 1.28102 1.89089e+06 730655 ZonesAtSurface
1924.91 2174.96 481.856 9 0 2 10 968142 15.1895 66446.1 1.24088 2.23425e+06 968142 ZonesAtSurface
1974.98 2174.95 406.895 2 0 2 12 868045 15.8545 58098.5 1.02009 2.71439e+06 868045 ZonesAtSurface
2025.02 2174.96 319.407 0 0 1 13 1.31823e+06 24.6878 132374 1.09895 7.29168e+06 1.31823e+06 ZonesAtSurface
2075.06 2174.96 269.425 0 0 1 12 532720 36.475 111240 1.94297 6.43748e+06 532720 ZonesAtSurface
2125.09 2174.96 219.445 0 0 1 11 1.33692e+06 32.9281 100718 2.34434 6.26536e+06 1.33692e+06 ZonesAtSurface
2175.12 2174.95 169.463 2 0 1 10 660956 34.1366 65698 1.44401 8.0309e+06 660956 ZonesAtSurface
2225.14 2174.93 119.479 9 0 1 9 1.46676e+06 32.1517 132672 1.06473 7.37026e+06 1.46676e+06 ZonesAtSurface
2275.15 2174.95 -30.5213 0 0 1 10 1.36002e+06 31.8729 87315.3 2.27282 1.10969e+07 1.36002e+06 ZonesAtSurface
2325.17 2174.95 -130.508 0 0 0 0 949591 32.6769 112213 3.14504 8.6775e+06 949591 ZonesAtSurface
2375.17 2174.96 -230.492 0 0 0 0 521388 17.6317 66405.2 1.45606 7.4231e+06 521388 ZonesAtSurface
2425.15 2174.96 -330.484 0 0 0 0 729979 44.8661 99035.9 6.86259 9.41487e+06 729979 ZonesAtSurface
2475.11 2174.97 -430.485 0 0 0 0 1.23038e+06 19.9183 103227 1.87032 1.10754e+07 1.23038e+06 ZonesAtSurface
2525.06 2174.96 -460.481 0 0 0 0 1.29546e+06 23.4058 60180.5 2.5315 1.10189e+07 1.29546e+06 ZonesAtSurface
2575.01 2174.96 -420.473 0 0 0 0 825531 35.9866 103699 4.60707 9.44176e+06 825531 ZonesAtSurface
2624.97 2174.96 -380.476 0 0 0 0 1.44669e+06 16.8756 63686.8 2.21331 7.15961e+06 1.44669e+06 ZonesAtSurface
2674.91 2172.29 -190.497 10 0 0 0 1.0955e+06 38.7903 53139.6 4.28863 1.41426e+07 1.0955e+06 ZonesAtSurface
2724.92 2174.94 -300.488 0 0 0 0 881041 30.8241 62125.8 4.34753 8.3852e+06 881041 ZonesAtSurface
2774.88 2173.24 -160.498 10 0 0 0 1.2243e+06 37.2248 62926.1 2.76028 2.14122e+07 1.2243e+06 ZonesAtSurface
2824.87 2174.48 -170.49 10 7 0 0 1.36542e+06 33.6935 51195.5 0 2.16502e+06 1.36542e+06 ZonesAtSurface
2874.83 2174.51 -130.489 10 7 0 0 1.3706e+06 31.852 117975 0 3.62694e+06 1.3706e+06 ZonesAtSurface
2924.82 2174.95 -140.497 0 0 0 0 778287 17.9703 113597 1.69196 6.6745e+06 778287 ZonesAtSurface
2974.8 2174.54 -50.5239 10 0 0 0 548870 15.5238 104391 1.12992 1.76003e+07 548870 ZonesAtSurface
3024.8 2174.7 -10.5312 11 0 1 9 794921 25.5305 55253.8 1.42743 5.67013e+07 794921 ZonesAtSurface
3074.81 2174.92 -20.5556 0 0 1 10 936601 24.7963 119989 2.49641 1.16632e+07 936601 ZonesAtSurface
3124.81 2174.88 69.4567 9 0 1 9 1.36885e+06 21.9872 95624.6 1.05669 6.62619e+06 1.36885e+06 ZonesAtSurface
3174.81 2174.92 59.4427 2 0 1 10 672315 16.5153 100262 1.09567 8.89935e+06 672315 ZonesAtSurface
3224.77 2174.95 199.474 1 0 2 8 1.23087e+06 18.1081 77234.7 1.33633 3.03232e+06 1.23087e+06 ZonesAtSurface
3274.79 2174.94 189.455 9 0 1 9 1.22973e+06 20.8138 80756.2 1.37592 4.01363e+06 1.22973e+06 ZonesAtSurface
3324.81 2174.94 179.425 5 0 1 10 537062 26.8026 102482 1.0274 5.41358e+06 537062 ZonesAtSurface
3374.83 2174.94 219.405 0 0 1 10 781454 40.638 123326 1.63997 6.21511e+06 781454 ZonesAtSurface
3424.84 2174.94 359.385 1 6 1 8 1.42508e+06 41.5534 95792.9 1.57246 4.07352e+06 1.42508e+06 ZonesAtSurface
3474.88 2174.95 299.363 3 0 1 10 517177 40.6766 135378 1.01706 5.87238e+06 517177 ZonesAtSurface
3524.91 2174.94 439.339 0 8 2 8 1.42286e+06 21.8054 66901.8 2.14044 1.99944e+06 1.42286e+06 ZonesAtSurface
3574.97 2174.96 329.336 5 0 1 11 631733 41.7855 148310 1.00633 6.93646e+06 631733 ZonesAtSurface
3625.01 2174.96 369.329 8 0 1 11 1.02357e+06 40.9012 114964 1.12413 5.61574e+06 1.02357e+06 ZonesAtSurface
3675.07 2174.97 359.323 4 0 1 12 1.45408e+06 17.7793 136367 1.00356 5.10461e+06 1.45408e+06 ZonesAtSurface
3725.1 2174.96 499.26 1 0 2 10 728849 24.5574 59892.6 1.09449 2.35188e+06 728849 ZonesAtSurface
3775.17 2174.97 449.283 6 0 1 11 920906 40.5373 113674 1.00822 4.66542e+06 920906 ZonesAtSurface
3825.24 2174.96 509.243 8 0 1 9 534964 40.2928 103288 1.09487 1.80699e+06 534964 ZonesAtSurface
3875.31 2174.96 469.268 2 0 1 9 544640 38.1025 62688.7 1.00993 2.69657e+06 544640 ZonesAtSurface
3925.38 2174.95 579.162 2 7 2 6 788244 29.1236 77893.3 1.53353 1.66569e+06 788244 ZonesAtSurface
3975.45 2174.95 539.209 5 7 2 6 1.18661e+06 20.6113 135683 1.26588 2.60614e+06 1.18661e+06 ZonesAtSurface
4025.5 2174.94 499.26 8 3 2 6 779600 32.1666 94491.3 1.07256 2.44004e+06 779600 ZonesAtSurface
4075.55 2174.94 459.306 4 0 2 6 716220 27.4186 124420 1.01073 2.14846e+06 716220 ZonesAtSurface
4125.6 2174.94 469.321 9 10 2 5 814036 42.4535 120882 1.40473 2.32747e+06 814036 ZonesAtSurface
4175.62 2174.94 379.399 1 0 2 6 1.39248e+06 28.8518 145660 1.01682 4.47303e+06 1.39248e+06 ZonesAtSurface
4225.63 2174.95 289.457 4 0 1 7 824669 37.9722 95694.9 0.996641 4.81025e+06 824669 ZonesAtSurface
4275.66 2174.94 299.472 2 5 2 6 906489 20.1702 137154 1.0416 2.36636e+06 906489 ZonesAtSurface
4325.65 2174.95 209.515 6 0 1 7 706531 22.7374 50542.2 0.998306 3.43426e+06 706531 ZonesAtSurface
4375.67 2174.94 219.532 9 3 1 6 521819 16.3621 69718 1.07638 1.25365e+06 521819 ZonesAtSurface
4425.66 2174.95 129.567 7 0 1 7 1.36564e+06 29.3116 52449.7 1.09158 5.07633e+06 1.36564e+06 ZonesAtSurface
4475.68 2174.94 139.572 1 8 2 6 1.38783e+06 32.2696 93137 1.22453 3.99533e+06 1.38783e+06 ZonesAtSurface
4525.56 2174.96 -0.390389 1 0 1 8 1.23464e+06 37.1604 122828 1.91986 9.52808e+06 1.23464e+06 ZonesAtSurface
4575.56 2174.95 9.63562 8 0 1 7 1.09671e+06 15.8085 71344.3 1.13143 4.31715e+06 1.09671e+06 ZonesAtSurface
4625.49 2174.96 -30.3496 11 0 1 7 507706 16.0162 147170 1.10272 5.23705e+06 507706 ZonesAtSurface
4675.45 2174.97 -20.3114 42 0 1 6 622143 36.0576 144191 1.02751 6.40302e+06 622143 ZonesAtSurface
4725.36 2174.97 -10.2412 53 0 1 5 812685 36.0923 50741 1.18864 5.85577e+06 812685 ZonesAtSurface
4775.28 2174.98 -0.227947 82 0 1 4 1.232e+06 20.4691 88861.1 1.43407 3.15176e+06 1.232e+06 ZonesAtSurface
4825.2 2174.99 9.78103 55 3 1 3 1.12466e+06 38.7409 50991.5 2.10846 3.16469e+06 1.12466e+06 ZonesAtSurface
4875.15 2174.99 19.7662 69 5 1 2 1.39321e+06 37.1597 148852 4.38611 2.33281e+06 1.39321e+06 ZonesAtSurface
4925.06 2174.99 29.7705 122 0 1 1 775775 31.5194 87993 1.43959 3.02077e+06 775775 ZonesAtSurface
74.9301 2224.99 -41.7465 88 0 1 2 1.2799e+06 32.5201 100498 1.48401 6.9411e+06 1.2799e+06 ZonesAtSurface
124.852 2224.99 -16.6787 92 6 1 2 573002 22.1874 95374.7 2.73055 852651 573002 ZonesAtSurface
174.757 2224.99 -41.7022 79 0 1 3 1.13468e+06 15.2571 74008 1.32 3.15231e+06 1.13468e+06 ZonesAtSurface
224.679 2224.99 -16.6757 63 59 1 3 1.16997e+06 41.3927 59834.3 4.12692 2.09742e+06 1.16997e+06 ZonesAtSurface
274.633 2224.99 -41.7131 71 0 1 4 1.19914e+06 31.4808 73483.5 1.09961 5.27112e+06 1.19914e+06 ZonesAtSurface
324.577 2224.98 -16.6977 77 7 1 4 803129 24.5769 52661.8 2.36776 1.44063e+06 803129 ZonesAtSurface
374.514 2224.98 -41.7627 75 0 1 5 783352 25.8418 59367.6 1.03445 4.26329e+06 783352 ZonesAtSurface
424.452 2224.98 -16.7726 48 0 1 5 558656 32.375 132266 1.66556 2.05692e+06 558656 ZonesAtSurface
474.415 2224.98 -41.8312 26 0 1 6 1.4746e+06 19.889 130358 1.01084 6.91101e+06 1.4746e+06 ZonesAtSurface
524.355 2224.97 -16.8524 16 0 1 6 1.28725e+06 44.501 50054 1.14918 9.64182e+06 1.28725e+06 ZonesAtSurface
574.312 2224.97 8.12429 4 0 1 6 724705 17.5372 98140.6 1.04409 5.0025e+06 724705 ZonesAtSurface
624.253 2224.96 83.1012 8 0 1 5 1.19369e+06 38.9165 111064 1.08708 6.03602e+06 1.19369e+06 ZonesAtSurface
674.244 2224.96 108.085 2 0 2 5 1.2578e+06 31.5451 93426.2 1.00744 4.90901e+06 1.2578e+06 ZonesAtSurface
724.225 2224.96 183.06 8 9 2 4 678380 34.6792 130171 1.19689 1.88512e+06 678380 ZonesAtSurface
774.235 2224.96 158.051 3 0 2 5 1.07919e+06 31.0404 59281.5 1.00463 3.95006e+06 1.07919e+06 ZonesAtSurface
824.229 2224.96 233.026 5 10 2 4 1.03709e+06 18.7797 91876.1 1.12794 2.49838e+06 1.03709e+06 ZonesAtSurface
874.234 2224.96 258.007 0 6 2 4 1.44115e+06 16.4093 77687.8 1.02879 3.69765e+06 1.44115e+06 ZonesAtSurface
924.24 2224.96 282.988 8 5 2 4 716842 39.9653 107147 1.06806 2.58372e+06 716842 ZonesAtSurface
974.249 2224.96 307.969 6 9 2 4 923867 29.7057 96383.3 1.15148 2.61939e+06 923867 ZonesAtSurface
1024.26 2224.96 332.95 4 5 2 4 599738 16.9872 93493.8 1.31288 1.18694e+06 599738 ZonesAtSurface
1074.28 2224.97 357.932 2 10 2 4 1.01078e+06 40.8986 137401 1.41761 2.78102e+06 1.01078e+06 ZonesAtSurface
1124.29 2224.97 382.914 10 6 2 4 925729 30.3709 92918.5 1.32362 2.3086e+06 925729 ZonesAtSurface
1174.32 2224.97 407.893 3 10 2 4 914571 36.6503 122070 0 2.45508e+06 914571 ZonesAtSurface
1224.34 2224.97 382.89 7 0 1 5 1.15567e+06 26.3744 54142.5 0.998183 3.76675e+06 1.15567e+06 ZonesAtSurface
1274.37 2224.97 407.88 6 0 1 5 687965 22.2791 116648 0.99116 1.94323e+06 687965 ZonesAtSurface
1324.4 2224.98 332.895 5 0 2 7 1.02508e+06 21.1729 56251.2 1.01673 3.4351e+06 1.02508e+06 ZonesAtSurface
1374.43 2224.98 307.89 0 0 1 8 752440 32.4675 79368.1 1.30686 3.86819e+06 752440 ZonesAtSurface
1424.46 2224.98 332.886 0 0 2 8 1.44664e+06 32.3992 80832.2 1.68291 3.3814e+06 1.44664e+06 ZonesAtSurface
1474.49 2224.98 307.876 0 0 1 9 783530 41.0484 99476.3 1.2949 4.24767e+06 783530 ZonesAtSurface
1524.53 2224.98 332.87 1 0 2 9 715669 29.3451 54967.7 1.01638 2.61322e+06 715669 ZonesAtSurface
1574.56 2224.98 357.864 0 5 2 9 1.45225e+06 40.9421 142137 1.56412 3.73788e+06 1.45225e+06 ZonesAtSurface
1624.61 2224.98 332.858 4 0 1 10 1.09282e+06 27.8645 55845.4 1.00451 4.1303e+06 1.09282e+06 ZonesAtSurface
1674.64 2224.98 407.863 6 10 1 9 787723 22.6129 95858.5 2.34869 1.00041e+06 787723 ZonesAtSurface
1724.71 2224.97 332.864 10 0 1 11 1.00982e+06 30.8045 71741.6 1.00419 4.49905e+06 1.00982e+06 ZonesAtSurface
1774.74 2224.97 407.875 4 0 2 10 637802 41.6546 144955 1.09562 2.80466e+06 637802 ZonesAtSurface
1824.81 2224.97 332.872 2 0 1 12 947344 43.6639 64320 1.10843 6.86126e+06 947344 ZonesAtSurface
1874.87 2224.96 307.878 0 0 1 13 1.33522e+06 35.4657 62502.8 1.55129 7.96089e+06 1.33522e+06 ZonesAtSurface
1924.91 2224.96 382.882 7 0 1 12 1.3217e+06 40.4251 124916 1.01689 5.83553e+06 1.3217e+06 ZonesAtSurface
1974.96 2224.96 457.886 9 6 2 11 569784 28.0203 67924.8 1.07598 1.76625e+06 569784 ZonesAtSurface
2025 2224.96 320.398 0 0 1 13 668381 39.6431 133300 1.99041 7.08634e+06 668381 ZonesAtSurface
2075.04 2224.96 320.418 0 0 1 11 1.44542e+06 44.2075 140158 1.29008 6.33347e+06 1.44542e+06 ZonesAtSurface
2125.08 2224.96 320.447 3 10 2 9 985638 34.7519 114311 1.73306 2.28861e+06 985638 ZonesAtSurface
2175.1 2224.95 220.459 1 4 2 9 723700 36.2434 134205 1.40795 1.96721e+06 723700 ZonesAtSurface
2225.09 2224.94 70.4522 4 0 1 10 1.2169e+06 20.9504 91493.1 1.45204 1.29915e+07 1.2169e+06 ZonesAtSurface
2275.12 2224.47 20.464 10 0 1 9 952684 16.0867 55468.5 1.05365 2.98017e+07 952684 ZonesAtSurface
2325.16 2224.95 -129.516 0 0 0 0 639131 36.6568 83162.7 2.42519 1.03452e+07 639131 ZonesAtSurface
2375.16 2224.96 -229.498 0 0 0 0 1.46883e+06 40.8766 101766 6.42648 7.92314e+06 1.46883e+06 ZonesAtSurface
2425.14 2224.96 -329.491 0 0 0 0 971279 29.5299 83706.3 3.60699 8.79771e+06 971279 ZonesAtSurface
2475.11 2224.41 -379.487 8 0 0 0 543345 41.8894 51291.8 1.00131 2.37213e+07 543345 ZonesAtSurface
2525.07 2224.97 -459.488 0 0 0 0 1.29139e+06 20.7971 130132 2.63607 8.71832e+06 1.29139e+06 ZonesAtSurface
2575.02 2224.96 -419.486 0 0 0 0 1.08996e+06 30.2826 119843 3.56471 9.32767e+06 1.08996e+06 ZonesAtSurface
2624.98 2224.94 -379.495 0 0 0 0 1.49685e+06 20.8524 68599.4 1.92163 1.08396e+07 1.49685e+06 ZonesAtSurface
2674.96 2223.17 -239.544 9 0 0 0 720607 32.5659 149167 1.39917 2.17442e+07 720607 ZonesAtSurface
2724.95 2223.17 -199.545 10 0 0 0 669518 36.211 108039 1.31546 2.61316e+07 669518 ZonesAtSurface
2774.91 2224.93 -259.512 0 0 0 0 1.09218e+06 22.7952 99074.6 1.9835 1.07831e+07 1.09218e+06 ZonesAtSurface
2824.89 2217.3 80.4769 10 0 0 0 1.39156e+06 40.2645 110184 1.74019 1.44395e+07 1.39156e+06 ZonesAtSurface
2874.87 2224.61 -129.52 3 0 0 0 1.22952e+06 28.7188 125312 1.53291 1.42478e+07 1.22952e+06 ZonesAtSurface
2924.83 2224.49 -89.5279 10 6 0 0 961822 20.2994 136695 0 1.57846e+06 961822 ZonesAtSurface
2974.82 2224.94 -99.5333 0 0 0 0 1.27887e+06 44.2281 97259.6 10 7.80239e+06 1.27887e+06 ZonesAtSurface
3024.82 2224.94 -59.5567 0 0 0 0 1.26918e+06 44.5208 147699 10 7.26084e+06 1.26918e+06 ZonesAtSurface
3074.82 2224.57 30.4145 10 0 1 9 1.12343e+06 41.0877 79678.3 1.30983 6.67087e+07 1.12343e+06 ZonesAtSurface
3124.84 2224.77 70.4085 10 0 1 9 505462 31.5138 113320 1.53729 3.09757e+07 505462 ZonesAtSurface
3174.85 2224.89 110.433 8 0 1 9 1.49219e+06 41.886 123820 1.09458 8.55435e+06 1.49219e+06 ZonesAtSurface
3224.84 2224.93 100.422 0 0 1 10 1.4606e+06 38.4797 99742.6 3.99644 8.90235e+06 1.4606e+06 ZonesAtSurface
3274.81 2224.95 190.436 1 0 1 9 1.43942e+06 43.3635 78321.8 3.82397 4.46975e+06 1.43942e+06 ZonesAtSurface
3324.82 2224.95 230.418 0 0 1 9 1.16984e+06 33.5289 89292.9 2.21981 5.81053e+06 1.16984e+06 ZonesAtSurface
3374.82 2224.96 320.39 2 2 2 8 1.33816e+06 36.1532 69125.7 1.30717 4.48279e+06 1.33816e+06 ZonesAtSurface
3424.85 2224.96 360.371 9 0 1 8 1.21919e+06 19.1737 89266.1 1.16496 3.10122e+06 1.21919e+06 ZonesAtSurface
3474.89 2224.96 400.346 8 5 1 8 1.39251e+06 16.9139 122955 1.33302 2.7903e+06 1.39251e+06 ZonesAtSurface
3524.92 2224.96 440.333 0 7 2 8 1.06429e+06 41.5848 93808.7 1.62127 2.73426e+06 1.06429e+06 ZonesAtSurface
3574.98 2224.97 330.332 3 0 1 11 918344 33.11 83574.8 1.00173 6.68002e+06 918344 ZonesAtSurface
3625.01 2224.96 420.312 3 2 1 10 1.36875e+06 19.1272 67372.1 1.13702 3.49556e+06 1.36875e+06 ZonesAtSurface
3675.07 2224.97 410.312 5 0 1 11 1.13915e+06 18.9975 129625 1.02161 3.49476e+06 1.13915e+06 ZonesAtSurface
3725.12 2224.97 450.29 1 0 1 11 863028 30.4489 101697 1.01485 3.34384e+06 863028 ZonesAtSurface
3775.17 2224.98 500.257 3 4 2 10 931903 28.97 118918 1.18273 2.52536e+06 931903 ZonesAtSurface
3825.24 2224.97 510.243 7 8 1 9 1.1378e+06 43.4104 74187.8 1.24416 4.05594e+06 1.1378e+06 ZonesAtSurface
3875.31 2224.98 470.267 1 0 2 9 1.16662e+06 18.0183 135106 1.00578 3.34805e+06 1.16662e+06 ZonesAtSurface
3925.38 2224.97 530.218 3 0 2 7 682066 23.0217 141715 1.01518 2.93523e+06 682066 ZonesAtSurface
3975.45 2224.97 540.205 1 7 2 6 762213 26.0198 96054.1 1.21768 1.89274e+06 762213 ZonesAtSurface
4025.51 2224.97 500.255 6 1 2 6 988059 37.0681 76565.7 1.03256 3.73775e+06 988059 ZonesAtSurface
4075.56 2224.97 510.273 0 10 2 5 1.3734e+06 17.7013 85659.5 1.37322 2.6845e+06 1.3734e+06 ZonesAtSurface
4125.6 2224.97 470.324 9 4 2 5 653616 37.8018 89242.7 1.19695 1.99744e+06 653616 ZonesAtSurface
4175.63 2224.97 430.374 9 5 2 5 711303 35.4769 84992.6 1.11792 2.26309e+06 711303 ZonesAtSurface
4225.64 2224.98 290.455 0 0 1 7 749913 21.8012 123804 1.06414 3.58469e+06 749913 ZonesAtSurface
4275.66 2224.97 300.473 2 0 2 6 801747 30.0433 107861 1.01606 2.8802e+06 801747 ZonesAtSurface
4325.68 2224.97 310.492 9 3 2 5 514143 41.0619 90235 1.09138 1.79761e+06 514143 ZonesAtSurface
4375.69 2224.97 270.514 0 9 2 5 1.46157e+06 38.7549 89768.1 1.44071 4.05419e+06 1.46157e+06 ZonesAtSurface
4425.69 2224.97 180.553 9 0 1 6 883154 18.8582 62243.4 1.01687 3.06537e+06 883154 ZonesAtSurface
4475.7 2224.97 190.566 10 7 2 5 738682 29.246 64273 1.12613 2.19873e+06 738682 ZonesAtSurface
4525.67 2224.97 100.598 9 0 1 6 991489 36.4917 128754 1.07119 5.48145e+06 991489 ZonesAtSurface
4575.64 2224.97 60.6118 8 0 1 6 1.22749e+06 43.7499 83024.4 1.48978 6.35369e+06 1.22749e+06 ZonesAtSurface
4625.5 2224.98 -29.3678 10 0 1 7 921589 28.4879 137200 1.1143 1.19486e+07 921589 ZonesAtSurface
4675.46 2224.98 -19.3264 34 0 1 6 1.40619e+06 25.8413 85594.4 1.01955 7.79634e+06 1.40619e+06 ZonesAtSurface
4725.37 2224.99 -9.25625 50 0 1 5 802794 15.717 50826.4 1.11909 2.71344e+06 802794 ZonesAtSurface
4775.29 2224.99 0.777286 77 0 1 4 907953 31.8576 98167 1.55699 3.41611e+06 907953 ZonesAtSurface
4825.21 2224.99 10.7748 57 1 1 3 1.24207e+06 39.1187 53849.9 2.55762 3.24359e+06 1.24207e+06 ZonesAtSurface
4875.14 2224.99 20.7724 66 3 1 2 1.19927e+06 28.0768 124631 3.45876 1.73674e+06 1.19927e+06 ZonesAtSurface
4925.06 2224.99 30.7669 103 0 1 1 798063 41.5484 142758 1.55678 3.70683e+06 798063 ZonesAtSurface
74.9284 2274.99 -40.7506 78 0 1 2 1.03937e+06 28.8041 53880.3 1.46068 6.35743e+06 1.03937e+06 ZonesAtSurface
124.853 2274.99 -15.6848 90 23 1 2 519302 35.194 70269.4 2.76919 1.10092e+06 519302 ZonesAtSurface
174.758 2274.99 -40.7089 92 0 1 3 885330 22.8122 138438 1.20198 3.72818e+06 885330 ZonesAtSurface
224.679 2274.99 -15.6798 76 47 1 3 614446 28.7404 104062 3.62076 882848 614446 ZonesAtSurface
274.636 2274.99 -40.7117 77 0 1 4 1.11283e+06 35.3738 87328.2 1.02887 5.88638e+06 1.11283e+06 ZonesAtSurface
324.584 2274.99 -15.6934 57 41 1 4 1.21218e+06 42.6839 102196 2.73472 3.28739e+06 1.21218e+06 ZonesAtSurface
374.511 2274.99 -40.7666 65 0 1 5 859471 38.2303 95847.6 1.01106 5.87476e+06 859471 ZonesAtSurface
424.445 2274.99 -15.782 49 0 1 5 533174 31.0629 68005.5 1.58498 2.33685e+06 533174 ZonesAtSurface
474.413 2274.99 -40.8348 12 0 1 6 806490 39.8997 128090 1.01116 8.82014e+06 806490 ZonesAtSurface
524.356 2274.99 -15.8541 20 0 1 6 1.26869e+06 19.5113 70744.2 1.02313 6.72414e+06 1.26869e+06 ZonesAtSurface
574.264 2274.99 59.1097 8 0 2 5 641011 36.0112 108827 1.12855 3.39497e+06 641011 ZonesAtSurface
624.255 2274.99 84.101 7 0 1 5 1.39807e+06 26.792 63511.8 1.01057 4.96677e+06 1.39807e+06 ZonesAtSurface
674.243 2274.99 109.086 0 0 1 5 1.15538e+06 33.6396 91695.8 1.00765 4.97305e+06 1.15538e+06 ZonesAtSurface
724.236 2275 134.068 1 0 2 5 1.07966e+06 19.9547 97280.6 1.0067 3.52934e+06 1.07966e+06 ZonesAtSurface
774.232 2275 159.051 3 0 2 5 1.41085e+06 24.9556 68492.6 0.998187 4.3401e+06 1.41085e+06 ZonesAtSurface
824.227 2274.99 234.025 5 9 2 4 879444 40.3454 52713.9 1.21045 3.01521e+06 879444 ZonesAtSurface
874.236 2274.99 209.016 3 0 1 5 1.06086e+06 41.6037 140764 1.01021 4.33211e+06 1.06086e+06 ZonesAtSurface
924.238 2274.99 283.986 6 5 2 4 913797 31.9519 89601.5 1.05627 2.93192e+06 913797 ZonesAtSurface
974.247 2274.99 308.97 9 3 2 4 820877 23.0386 122187 1.10033 2.12068e+06 820877 ZonesAtSurface
1024.26 2274.99 283.962 2 0 1 5 629341 34.2281 135702 1.00262 3.38685e+06 629341 ZonesAtSurface
1074.27 2274.99 358.931 8 4 2 4 757520 40.7404 138534 1.09945 2.54177e+06 757520 ZonesAtSurface
1124.29 2274.99 383.912 8 2 2 4 541358 33.7997 143433 0 1.44326e+06 541358 ZonesAtSurface
1174.31 2274.99 408.893 0 6 2 4 568644 31.6329 141937 0 1.29986e+06 568644 ZonesAtSurface
1224.34 2274.99 433.877 5 10 2 4 1.13104e+06 30.2611 126879 0 2.25249e+06 1.13104e+06 ZonesAtSurface
1274.37 2274.99 458.864 7 8 2 4 704236 25.3599 89574.9 1.66805 1.27308e+06 704236 ZonesAtSurface
1324.4 2274.99 383.889 1 0 2 6 1.18677e+06 26.255 149290 1.06818 4.028e+06 1.18677e+06 ZonesAtSurface
1374.43 2274.99 358.896 9 5 2 7 947060 27.5235 53143.9 1.46039 2.14195e+06 947060 ZonesAtSurface
1424.46 2274.99 333.886 0 0 2 8 946201 33.3819 135921 1.26411 3.26082e+06 946201 ZonesAtSurface
1474.49 2274.99 358.883 1 1 2 8 1.26538e+06 18.29 144423 1.26077 2.76668e+06 1.26538e+06 ZonesAtSurface
1524.52 2274.98 333.871 3 0 1 9 1.04627e+06 40.5982 56843.9 1.03341 4.32124e+06 1.04627e+06 ZonesAtSurface
1574.57 2274.98 308.861 5 0 1 10 626459 24.4419 147252 1.00292 4.28793e+06 626459 ZonesAtSurface
1624.61 2274.98 333.861 9 0 1 10 830805 41.1609 122902 1.0103 4.52966e+06 830805 ZonesAtSurface
1674.66 2274.98 308.859 0 0 1 11 1.04663e+06 43.5325 94658.7 1.75962 5.68038e+06 1.04663e+06 ZonesAtSurface
1724.7 2274.98 333.863 9 0 1 11 570343 31.4612 98877 1.00157 4.28501e+06 570343 ZonesAtSurface
1774.76 2274.97 308.864 3 0 1 12 1.26998e+06 25.9107 76023.3 1.01095 6.45733e+06 1.26998e+06 ZonesAtSurface
1824.79 2274.97 383.869 9 0 2 11 1.44775e+06 17.8183 60076.7 1.11033 4.05033e+06 1.44775e+06 ZonesAtSurface
1874.84 2274.96 408.874 8 0 2 11 832554 16.9271 142692 1.43048 1.65964e+06 832554 ZonesAtSurface
1924.89 2274.96 433.88 0 10 2 11 1.47893e+06 37.0328 50508.1 1.4464 4.04404e+06 1.47893e+06 ZonesAtSurface
1974.95 2274.96 408.88 7 0 2 12 528144 38.9473 116653 0.992168 3.06058e+06 528144 ZonesAtSurface
2024.99 2274.97 371.388 8 0 1 12 695044 24.9576 72080.4 0.98802 4.18049e+06 695044 ZonesAtSurface
2075.03 2274.97 321.409 4 0 1 11 810317 39.4361 142649 1.03761 5.96584e+06 810317 ZonesAtSurface
2125.06 2274.96 271.434 1 0 1 10 951556 42.7724 76426.7 1.02435 4.43967e+06 951556 ZonesAtSurface
2175.09 2274.96 221.455 1 7 2 9 1.10923e+06 21.3545 142894 1.22571 2.67946e+06 1.10923e+06 ZonesAtSurface
2225.06 2274.93 71.4373 4 0 1 10 705057 29.924 92963.1 2.47206 1.4624e+07 705057 ZonesAtSurface
2275.06 2274.9 -28.5629 1 0 0 0 549487 40.0841 53822.5 2.65252 3.18597e+07 549487 ZonesAtSurface
2325.1 2274.89 -128.546 2 0 0 0 508911 30.758 134408 1.32022 3.25051e+07 508911 ZonesAtSurface
2375.12 2274.91 -228.525 6 0 0 0 1.36629e+06 25.8191 127129 1.18154 2.29393e+07 1.36629e+06 ZonesAtSurface
2425.12 2274.94 -328.511 0 0 0 0 616098 28.3965 81628.5 1.73068 1.60024e+07 616098 ZonesAtSurface
2475.09 2273.31 -328.522 10 0 0 0 1.05698e+06 20.1126 85244.3 1.83008 1.77693e+07 1.05698e+06 ZonesAtSurface
2525.07 2274.51 -408.522 10 1 0 0 923047 19.0291 111537 0 2.86411e+06 923047 ZonesAtSurface
2575.02 2274.45 -368.546 10 3 0 0 1.17968e+06 25.3284 92346.7 0 2.91167e+06 1.17968e+06 ZonesAtSurface
2625 2274.28 -328.559 10 0 0 0 1.10214e+06 44.3302 92424 1.00289 3.91657e+07 1.10214e+06 ZonesAtSurface
2674.95 2265.19 61.5128 10 0 0 0 781283 43.6361 147294 2.93408 9.12704e+06 781283 ZonesAtSurface
2724.97 2274.27 -248.55 10 0 0 0 1.22677e+06 39.2975 68213.4 1.00022 3.10909e+07 1.22677e+06 ZonesAtSurface
2774.94 2274.31 -208.544 6 0 0 0 650408 32.9573 119966 1.00407 3.14529e+07 650408 ZonesAtSurface
2824.9 2274.37 -168.542 10 0 0 0 1.49814e+06 38.6122 77768.2 1.00791 3.06918e+07 1.49814e+06 ZonesAtSurface
2874.88 2274.52 -128.543 10 0 0 0 1.45974e+06 35.4049 129507 1.213 5.697e+07 1.45974e+06 ZonesAtSurface
2924.86 2274.49 -88.5507 10 0 0 0 1.28986e+06 36.1943 63042.2 1.58854 4.65286e+07 1.28986e+06 ZonesAtSurface
2974.84 2274.32 -48.5694 10 0 0 0 1.26503e+06 35.5016 137031 1.00615 2.02335e+07 1.26503e+06 ZonesAtSurface
3024.84 2274.33 -8.59947 10 0 0 0 1.42468e+06 19.0266 81110.9 1.0037 1.92051e+07 1.42468e+06 ZonesAtSurface
3074.84 2274.93 -18.5986 0 0 0 0 1.48238e+06 24.1082 116507 2.00336 1.07291e+07 1.48238e+06 ZonesAtSurface
3124.87 2274.55 71.3735 10 0 1 9 697816 31.8866 94728.1 1.20547 4.78584e+07 697816 ZonesAtSurface
3174.87 2274.93 61.3818 1 0 1 10 862079 18.9902 75062.6 1.26174 1.23641e+07 862079 ZonesAtSurface
3224.86 2274.94 101.399 0 0 1 10 505046 35.8995 141515 3.69724 9.1355e+06 505046 ZonesAtSurface
3274.83 2274.95 191.424 10 0 1 9 1.19323e+06 37.6897 131361 1.34188 6.17143e+06 1.19323e+06 ZonesAtSurface
3324.8 2274.98 281.401 5 0 2 8 630797 16.575 91094 1.05854 1.56278e+06 630797 ZonesAtSurface
3374.83 2274.97 321.381 8 0 2 8 506824 22.4785 70053.9 1.09699 1.60786e+06 506824 ZonesAtSurface
3424.86 2274.98 411.353 8 3 2 7 651718 25.8281 131269 1.11642 1.76413e+06 651718 ZonesAtSurface
3474.9 2274.97 401.342 7 2 1 8 1.02787e+06 42.7828 116915 1.22046 3.83918e+06 1.02787e+06 ZonesAtSurface
3524.93 2274.97 391.331 0 0 1 9 1.37467e+06 30.3533 55671.8 1.03 4.62343e+06 1.37467e+06 ZonesAtSurface
3574.96 2274.98 431.316 6 0 1 9 1.10278e+06 22.8928 62755 1.10138 3.55352e+06 1.10278e+06 ZonesAtSurface
3625 2274.98 471.289 6 6 1 9 846857 20.1856 115661 1.31791 1.87564e+06 846857 ZonesAtSurface
3675.05 2274.99 511.265 7 5 2 9 582931 26.2105 84510.1 1.33918 1.37233e+06 582931 ZonesAtSurface
3725.13 2274.98 401.303 6 0 1 12 1.2754e+06 39.5882 142877 1.01471 8.08911e+06 1.2754e+06 ZonesAtSurface
3775.18 2274.98 451.281 9 0 1 11 735667 35.603 124950 1.03135 4.83098e+06 735667 ZonesAtSurface
3825.24 2274.98 511.245 7 0 1 9 791940 35.9952 66206.6 1.04108 2.92197e+06 791940 ZonesAtSurface
3875.31 2274.99 521.235 5 0 2 8 529753 25.359 126580 1.18472 1.83026e+06 529753 ZonesAtSurface
3925.37 2275 631.12 10 10 1 5 646323 35.3119 54403.3 0 1.9788e+06 646323 ZonesAtSurface
3975.44 2275 591.163 3 9 2 5 743680 36.0104 143128 1.21905 2.07738e+06 743680 ZonesAtSurface
4025.5 2275 551.215 2 10 2 5 838097 24.7413 83623.6 0 1.9489e+06 838097 ZonesAtSurface
4075.56 2275 511.272 4 8 2 5 843174 26.3639 67984.6 0 2.18639e+06 843174 ZonesAtSurface
4125.6 2275 471.323 4 6 2 5 1.38465e+06 34.2944 126888 1.0987 4.48745e+06 1.38465e+06 ZonesAtSurface
4175.63 2275 431.371 3 3 2 5 773333 33.0429 131378 1.05103 2.4317e+06 773333 ZonesAtSurface
4225.66 2275 391.417 2 0 2 5 507957 44.2484 74679.3 0.960241 2.99957e+06 507957 ZonesAtSurface
4275.65 2275 251.485 4 0 1 7 697393 18.2222 67967.2 1.07217 3.03833e+06 697393 ZonesAtSurface
4325.68 2275 261.504 2 0 2 6 1.05339e+06 26.3297 96417.7 1.00816 3.57064e+06 1.05339e+06 ZonesAtSurface
4375.7 2275 271.514 5 6 2 5 1.01259e+06 28.6172 144317 1.16368 2.71411e+06 1.01259e+06 ZonesAtSurface
4425.7 2275 231.54 8 0 1 5 624651 24.1275 97867.3 1.01448 1.85408e+06 624651 ZonesAtSurface
4475.65 2275 91.5885 1 0 1 7 606292 37.0737 114192 1.2168 6.37943e+06 606292 ZonesAtSurface
4525.7 2275 151.586 5 5 2 5 1.35843e+06 35.1977 147689 1.15447 4.29223e+06 1.35843e+06 ZonesAtSurface
4575.65 2275 61.6051 1 0 2 6 753741 41.7157 127340 1.21045 5.15631e+06 753741 ZonesAtSurface
4625.5 2274.99 -28.3719 8 0 1 7 1.18616e+06 27.987 77675 1.12206 1.20378e+07 1.18616e+06 ZonesAtSurface
4675.46 2275 -18.3269 21 0 1 6 544830 33.9811 123332 1.04363 7.42043e+06 544830 ZonesAtSurface
4725.39 2275 -8.25822 74 0 1 5 971726 17.4582 99071.5 1.18864 2.96123e+06 971726 ZonesAtSurface
4775.29 2275 1.78916 77 0 1 4 538833 15.6938 147609 1.29573 1.41549e+06 538833 ZonesAtSurface
4825.21 2275 11.775 66 5 1 3 1.08137e+06 28.1807 87105.8 2.56644 1.79006e+06 1.08137e+06 ZonesAtSurface
4875.14 2275 21.7818 56 7 1 2 1.1001e+06 28.446 144799 2.23899 1.93153e+06 1.1001e+06 ZonesAtSurface
4925.07 2275 31.7726 112 0 1 1 978283 17.6576 82833.4 1.45196 2.24968e+06 978283 ZonesAtSurface
74.9252 2325 -39.7475 99 0 1 2 1.32165e+06 44.3276 89998.1 1.5913 9.04554e+06 1.32165e+06 ZonesAtSurface
124.848 2325 -14.6827 77 56 1 2 1.25518e+06 25.1597 58857.7 2.04958 2.27222e+06 1.25518e+06 ZonesAtSurface
174.762 2325 -39.7076 106 0 1 3 597324 32.1135 112163 1.19723 4.26006e+06 597324 ZonesAtSurface
224.683 2324.99 -14.6691 74 24 1 3 519056 44.1268 56446.8 2.91944 1.12587e+06 519056 ZonesAtSurface
274.637 2325 -39.6971 78 0 1 4 1.0358e+06 34.6732 104014 1.1836 5.07505e+06 1.0358e+06 ZonesAtSurface
324.575 2325 -14.6875 93 24 1 4 1.38747e+06 21.3247 59346.1 2.27328 2.28435e+06 1.38747e+06 ZonesAtSurface
374.503 2325 -39.7706 72 0 1 5 603153 22.8044 52260.7 1.00478 3.87663e+06 603153 ZonesAtSurface
424.442 2325 -14.7856 33 9 1 5 1.14583e+06 35.6272 134391 2.52732 2.4114e+06 1.14583e+06 ZonesAtSurface
474.414 2325.01 -39.832 14 0 1 6 745044 39.091 66164.7 1.00888 8.67827e+06 745044 ZonesAtSurface
524.362 2325.01 -14.8474 18 0 1 6 1.33554e+06 16.9752 127297 1.03882 5.62434e+06 1.33554e+06 ZonesAtSurface
574.277 2325.03 60.1175 6 0 2 5 631614 24.662 141844 1.03841 2.26172e+06 631614 ZonesAtSurface
624.299 2325.02 35.1154 2 0 1 6 501781 31.3087 84308.5 1.02094 5.89454e+06 501781 ZonesAtSurface
674.278 2325.02 60.0994 0 0 1 6 747844 40.3418 106650 1.018 6.46914e+06 747844 ZonesAtSurface
724.237 2325.03 135.067 6 6 2 5 1.07506e+06 43.5262 77523.7 1.00348 4.69834e+06 1.07506e+06 ZonesAtSurface
774.234 2325.03 160.049 3 3 2 5 1.05685e+06 35.3224 61221.7 1.01625 3.89473e+06 1.05685e+06 ZonesAtSurface
824.234 2325.03 185.033 9 2 1 5 955735 34.4921 52661.5 1.00513 3.50674e+06 955735 ZonesAtSurface
874.229 2325.03 260.004 9 10 2 4 1.26873e+06 15.9799 126120 1.17284 2.79216e+06 1.26873e+06 ZonesAtSurface
924.236 2325.02 284.984 5 6 2 4 702338 19.3595 71719.5 1.2577 1.52709e+06 702338 ZonesAtSurface
974.249 2325.02 259.977 6 0 2 5 916062 27.2757 75074.7 1.00373 3.27156e+06 916062 ZonesAtSurface
1024.26 2325.02 284.963 6 3 1 5 1.07856e+06 35.1006 147056 1.03068 3.68154e+06 1.07856e+06 ZonesAtSurface
1074.27 2325.02 359.932 6 2 2 4 547902 18.8939 124379 1.07574 1.33018e+06 547902 ZonesAtSurface
1124.29 2325.01 384.913 4 7 2 4 937566 43.7359 95035.4 1.12061 3.55298e+06 937566 ZonesAtSurface
1174.31 2325.01 359.91 2 0 2 5 1.00838e+06 19.6357 101048 1.01702 2.82978e+06 1.00838e+06 ZonesAtSurface
1224.34 2325.01 384.894 1 0 2 5 542977 33.1044 72065.8 0.97486 2.79467e+06 542977 ZonesAtSurface
1274.37 2325.01 459.868 6 7 2 4 1.164e+06 18.6415 137193 1.97817 1.57434e+06 1.164e+06 ZonesAtSurface
1324.4 2325.01 384.892 3 3 2 6 1.28789e+06 23.0584 88846.8 1.02053 3.78862e+06 1.28789e+06 ZonesAtSurface
1374.42 2324.99 309.897 0 0 1 8 868517 40.6177 87947.8 1.98515 3.6816e+06 868517 ZonesAtSurface
1424.45 2325 334.892 0 0 2 8 1.19622e+06 36.576 79624.5 1.31118 3.76784e+06 1.19622e+06 ZonesAtSurface
1474.48 2325 359.886 2 4 2 8 1.0957e+06 17.099 96205.5 1.37656 2.23552e+06 1.0957e+06 ZonesAtSurface
1524.52 2324.99 334.875 0 5 1 9 1.37726e+06 33.6062 88452.2 1.3085 3.77349e+06 1.37726e+06 ZonesAtSurface
1574.56 2324.99 359.875 5 8 1 9 1.30805e+06 33.0514 130826 1.39865 3.25799e+06 1.30805e+06 ZonesAtSurface
1624.6 2324.99 334.867 9 0 1 10 639172 31.9339 84632.8 1.01506 2.9781e+06 639172 ZonesAtSurface
1674.66 2324.98 309.862 0 0 1 11 1.15745e+06 41.5123 79978 1.2795 5.77369e+06 1.15745e+06 ZonesAtSurface
1724.67 2324.98 434.837 1 3 2 9 1.46907e+06 17.3012 100800 1.38659 2.82937e+06 1.46907e+06 ZonesAtSurface
1774.75 2324.98 309.862 0 0 1 12 919900 36.4978 74995 1.32813 6.9209e+06 919900 ZonesAtSurface
1824.78 2324.97 434.864 0 0 2 10 1.36788e+06 38.6638 108086 1.22764 4.408e+06 1.36788e+06 ZonesAtSurface
1874.84 2324.97 359.871 8 0 1 12 776268 35.2999 126108 1.003 5.4728e+06 776268 ZonesAtSurface
1924.89 2324.97 384.875 1 0 1 12 943563 34.9837 104830 1.00858 5.39285e+06 943563 ZonesAtSurface
1974.94 2324.97 459.876 6 8 2 11 582104 34.8378 83140.2 1.18581 1.72498e+06 582104 ZonesAtSurface
2024.99 2324.97 422.382 8 0 2 11 1.15796e+06 18.2526 146775 1.04292 3.15793e+06 1.15796e+06 ZonesAtSurface
2075.02 2324.97 322.402 7 0 1 11 883476 34.7522 117337 1.01648 4.48991e+06 883476 ZonesAtSurface
2125.04 2324.96 272.43 9 2 1 10 1.38651e+06 21.9164 62657.3 1.13724 3.64924e+06 1.38651e+06 ZonesAtSurface
2175.04 2324.93 172.432 2 0 1 10 934892 21.7381 136117 1.01746 4.47092e+06 934892 ZonesAtSurface
2225.02 2324.89 72.4212 4 0 1 10 634757 29.9297 78976.6 1.33264 1.83412e+07 634757 ZonesAtSurface
2275.02 2324.77 -27.5819 8 0 0 0 609797 31.6354 102329 1.63524 5.65506e+07 609797 ZonesAtSurface
2325.03 2324.69 -127.577 9 0 0 0 627587 38.9417 132661 1.76316 1.02026e+08 627587 ZonesAtSurface
2375.15 2320.41 -27.5322 3 0 0 0 977862 34.8352 97180.3 3.26788 2.07636e+07 977862 ZonesAtSurface
2425.06 2324.24 -277.576 10 0 0 0 1.37565e+06 44.5838 51809.4 1.00078 5.10884e+07 1.37565e+06 ZonesAtSurface
2475.08 2324.94 -427.535 2 0 0 0 1.14297e+06 15.7613 118741 1.31116 1.46491e+07 1.14297e+06 ZonesAtSurface
2525.07 2324.52 -407.578 9 0 0 0 858730 42.7218 62817.1 1.26504 5.71422e+07 858730 ZonesAtSurface
2575.06 2324.44 -367.621 9 0 0 0 1.30152e+06 41.2953 58723.8 1.60422 6.00081e+07 1.30152e+06 ZonesAtSurface
2625.05 2324.22 -327.635 9 0 0 0 662459 23.8764 138590 1.0024 2.57873e+07 662459 ZonesAtSurface
2675.04 2324.18 -287.629 10 0 0 0 849215 32.7642 66887.8 1.0004 4.36942e+07 849215 ZonesAtSurface
2725.01 2324.88 -297.589 0 0 0 0 513150 38.5882 93384.5 2.20127 2.81918e+07 513150 ZonesAtSurface
2774.98 2324.91 -257.565 1 0 0 0 905901 32.2611 109069 1.73044 2.34369e+07 905901 ZonesAtSurface
2824.94 2324.32 -167.558 10 0 0 0 684865 27.1991 113677 1.00479 2.62305e+07 684865 ZonesAtSurface
2874.89 2324.39 -127.557 10 0 0 0 708016 44.6356 109978 1.0339 4.74289e+07 708016 ZonesAtSurface
2924.87 2324.95 -137.543 0 0 0 0 901999 35.6207 86593.5 4.73171 9.28276e+06 901999 ZonesAtSurface
2974.85 2324.95 -97.5561 0 0 0 0 1.25965e+06 31.3799 91457.3 4.31721 8.16698e+06 1.25965e+06 ZonesAtSurface
3024.84 2324.95 -57.5749 0 0 0 0 1.21152e+06 40.0774 72828.3 7.53735 6.89581e+06 1.21152e+06 ZonesAtSurface
3074.84 2324.95 -17.5979 0 0 0 0 1.4153e+06 19.6528 115329 2.58697 6.80921e+06 1.4153e+06 ZonesAtSurface
3124.86 2324.94 22.3776 0 0 0 0 1.18951e+06 31.6309 97663 4.58284 7.35088e+06 1.18951e+06 ZonesAtSurface
3174.88 2324.94 62.3652 0 0 1 10 1.26183e+06 39.2431 141996 6.05064 9.23057e+06 1.26183e+06 ZonesAtSurface
3224.88 2324.89 152.404 7 0 1 9 1.42899e+06 34.6432 91939 1.15037 1.72113e+07 1.42899e+06 ZonesAtSurface
3274.89 2324.94 142.381 0 0 1 10 1.29849e+06 34.7623 123305 2.57934 1.16559e+07 1.29849e+06 ZonesAtSurface
3324.88 2324.95 182.387 3 0 1 10 748572 15.0845 78338.8 1.13419 6.47475e+06 748572 ZonesAtSurface
3374.87 2324.97 272.388 9 0 1 9 1.44953e+06 16.9795 112182 1.12962 5.6394e+06 1.44953e+06 ZonesAtSurface
3424.88 2324.99 362.361 0 0 1 8 1.1121e+06 40.1814 129521 1.46684 4.59114e+06 1.1121e+06 ZonesAtSurface
3474.91 2324.98 352.346 0 0 1 9 1.43693e+06 24.193 112128 1.00924 4.90457e+06 1.43693e+06 ZonesAtSurface
3524.94 2324.99 442.34 0 10 1 8 1.43491e+06 35.4759 108133 1.75884 3.14594e+06 1.43491e+06 ZonesAtSurface
3575 2324.98 332.334 2 0 1 11 758878 36.8436 103711 1.16854 6.14777e+06 758878 ZonesAtSurface
3625.01 2325 472.288 3 1 1 9 975199 20.7678 112227 1.19228 2.3632e+06 975199 ZonesAtSurface
3675.09 2324.98 362.321 6 0 1 12 1.19842e+06 30.1965 69807.7 1.03841 6.85899e+06 1.19842e+06 ZonesAtSurface
3725.13 2324.98 402.304 0 0 1 12 1.3377e+06 25.4947 127923 1.0214 6.17307e+06 1.3377e+06 ZonesAtSurface
3775.19 2324.99 502.254 8 8 2 10 1.10361e+06 25.0225 50670.3 1.16828 2.98327e+06 1.10361e+06 ZonesAtSurface
3825.24 2325 512.249 2 8 1 9 1.25237e+06 28.5725 123407 1.19609 3.38068e+06 1.25237e+06 ZonesAtSurface
3875.31 2325 522.237 7 0 2 8 538258 20.9071 107235 1.17747 1.59227e+06 538258 ZonesAtSurface
3925.38 2325.01 532.224 5 0 2 7 1.10025e+06 29.7723 134568 1.00251 3.69082e+06 1.10025e+06 ZonesAtSurface
3975.44 2325.02 592.162 4 8 2 5 1.27954e+06 23.5896 106690 1.20617 3.12526e+06 1.27954e+06 ZonesAtSurface
4025.51 2325.02 552.211 0 7 2 5 1.31743e+06 22.3508 85850.3 1.25774 3.05022e+06 1.31743e+06 ZonesAtSurface
4075.56 2325.03 512.267 6 2 2 5 525046 41.2284 112750 0 1.82744e+06 525046 ZonesAtSurface
4125.59 2325.02 372.38 7 4 1 7 1.3706e+06 43.4344 62940 1.0879 5.7682e+06 1.3706e+06 ZonesAtSurface
4175.62 2325.03 332.425 5 0 1 7 517396 28.5274 107499 0.938542 1.81941e+06 517396 ZonesAtSurface
4225.64 2325.03 292.464 8 0 1 7 1.43468e+06 35.4342 109728 1.02508 5.16464e+06 1.43468e+06 ZonesAtSurface
4275.65 2325.03 252.49 3 0 2 7 738735 31.0145 140385 1.00679 3.26468e+06 738735 ZonesAtSurface
4325.67 2325.03 262.506 3 6 2 6 706325 19.4758 55717.8 0 1.8725e+06 706325 ZonesAtSurface
4375.68 2325.03 222.53 0 0 2 6 755059 36.0574 108303 1.01708 3.32525e+06 755059 ZonesAtSurface
4425.66 2325.02 132.566 3 0 1 7 855888 41.017 134621 1.2158 5.83628e+06 855888 ZonesAtSurface
4475.68 2325.03 142.582 7 0 2 6 691094 40.4089 80147.3 1.03782 2.81456e+06 691094 ZonesAtSurface
4525.67 2325.03 102.599 1 1 2 6 1.23115e+06 36.2361 149631 1.01871 4.50034e+06 1.23115e+06 ZonesAtSurface
4575.65 2325.02 62.6073 5 3 2 6 997298 37.1178 78303 1.25691 3.66205e+06 997298 ZonesAtSurface
4625.5 2325.01 -27.3624 21 0 1 7 549003 21.7597 62477.6 1.04496 8.32348e+06 549003 ZonesAtSurface
4675.45 2325.01 -17.3023 35 0 1 6 1.44349e+06 33.5369 142756 1.09535 7.05255e+06 1.44349e+06 ZonesAtSurface
4725.38 2325 -7.24348 79 0 1 5 774765 19.1029 65304.5 1.25968 3.05587e+06 774765 ZonesAtSurface
4775.28 2325.01 2.79072 81 0 1 4 618926 28.9822 130470 1.4176 1.9079e+06 618926 ZonesAtSurface
4825.21 2325 12.7801 61 17 1 3 777138 43.2581 99532.6 2.09579 2.125e+06 777138 ZonesAtSurface
4875.14 2325 22.7857 79 0 1 2 563833 34.742 146373 2.06922 1.56264e+06 563833 ZonesAtSurface
4925.08 2325 32.7822 103 12 1 1 833457 22.9376 90671.8 1.5374 1.9664e+06 833457 ZonesAtSurface
74.9272 2375 -38.739 118 0 1 2 1.20102e+06 18.8072 79898.3 1.25398 4.91802e+06 1.20102e+06 ZonesAtSurface
124.847 2375 -13.667 78 53 1 2 889456 22.4726 100081 2.58098 1.25291e+06 889456 ZonesAtSurface
174.758 2375 -38.6953 92 0 1 3 1.38184e+06 37.2317 76015.3 1.2238 5.75866e+06 1.38184e+06 ZonesAtSurface
224.682 2375 -13.6477 97 48 1 3 950094 24.171 76795.7 2.30829 1.32429e+06 950094 ZonesAtSurface
274.635 2375.01 -38.6776 100 0 1 4 840739 22.6068 70977.6 1.26764 3.36194e+06 840739 ZonesAtSurface
324.563 2375.01 -13.6811 98 25 1 4 1.25612e+06 16.8705 138812 2.01356 1.96966e+06 1.25612e+06 ZonesAtSurface
374.499 2375.01 -38.7647 74 0 1 5 1.21538e+06 28.5502 51913.4 1.19753 4.83443e+06 1.21538e+06 ZonesAtSurface
424.44 2375.02 -13.779 49 0 1 5 724919 24.5818 64864.6 1.79008 1.95615e+06 724919 ZonesAtSurface
474.416 2375.02 -38.8235 27 0 1 6 671583 18.6459 77038.3 1.00992 4.49856e+06 671583 ZonesAtSurface
524.373 2375.03 -13.8324 22 0 1 6 996517 37.544 112071 1.07468 5.37251e+06 996517 ZonesAtSurface
574.371 2375.02 -38.8607 0 0 1 7 916014 40.1469 59203.9 1.92595 8.41951e+06 916014 ZonesAtSurface
624.309 2375.06 36.1255 9 0 1 6 532082 31.346 92169.4 1.09616 3.87319e+06 532082 ZonesAtSurface
674.317 2375.04 11.1082 0 0 1 7 989482 44.6334 64341.1 1.92919 8.08036e+06 989482 ZonesAtSurface
724.269 2375.07 86.0787 6 0 1 6 604081 36.1845 70511 1.08511 3.79071e+06 604081 ZonesAtSurface
774.257 2375.07 111.058 9 1 1 6 1.32374e+06 44.0636 101249 1.0785 5.69104e+06 1.32374e+06 ZonesAtSurface
824.25 2375.06 136.041 9 0 1 6 932846 23.6189 56388 1.09469 3.09782e+06 932846 ZonesAtSurface
874.248 2375.06 161.023 10 5 1 6 1.22416e+06 44.239 87544.9 1.10439 5.2425e+06 1.22416e+06 ZonesAtSurface
924.238 2375.05 235.991 1 5 2 5 1.36227e+06 33.614 142456 1.18305 4.28451e+06 1.36227e+06 ZonesAtSurface
974.249 2375.05 260.974 0 0 2 5 512484 22.521 100414 1.10258 1.69962e+06 512484 ZonesAtSurface
1024.27 2375.05 235.972 6 1 2 6 1.4394e+06 20.6552 135463 1.05103 3.95196e+06 1.4394e+06 ZonesAtSurface
1074.28 2375.03 210.969 0 0 1 7 1.29052e+06 34.797 58832.2 1.10855 5.52803e+06 1.29052e+06 ZonesAtSurface
1124.29 2375.04 285.941 1 0 2 6 701395 26.763 100098 1.00722 2.5879e+06 701395 ZonesAtSurface
1174.31 2375.04 360.915 2 10 2 5 1.35043e+06 19.614 67326.5 1.43089 2.65344e+06 1.35043e+06 ZonesAtSurface
1224.33 2375.04 385.899 10 10 2 5 970048 17.9551 90160 1.30152 2.02833e+06 970048 ZonesAtSurface
1274.36 2375.03 360.904 7 0 2 6 586701 35.5529 62659.1 0.959681 2.73233e+06 586701 ZonesAtSurface
1324.39 2375 285.911 0 0 1 8 1.20949e+06 35.722 103902 1.62883 4.29334e+06 1.20949e+06 ZonesAtSurface
1374.42 2375 310.907 0 0 1 8 1.34425e+06 31.2834 75144.2 1.38198 3.68757e+06 1.34425e+06 ZonesAtSurface
1424.45 2374.99 285.892 0 0 1 9 1.3114e+06 26.3146 94186.4 1.37379 4.66311e+06 1.3114e+06 ZonesAtSurface
1474.48 2374.99 310.887 10 0 1 9 790564 27.6419 128351 1.00366 3.94352e+06 790564 ZonesAtSurface
1524.52 2374.99 335.88 10 0 1 9 739890 22.8267 79786.2 1.00771 2.61285e+06 739890 ZonesAtSurface
1574.55 2374.99 360.879 9 0 2 9 613005 35.5214 56873.4 1.08262 2.09206e+06 613005 ZonesAtSurface
1624.61 2374.99 285.865 0 0 1 11 1.36103e+06 31.7589 132242 1.52866 5.81587e+06 1.36103e+06 ZonesAtSurface
1674.65 2374.98 310.868 9 0 1 11 687911 18.2827 81610.2 1.00856 3.7331e+06 687911 ZonesAtSurface
1724.69 2374.98 335.869 6 0 1 11 968887 36.9755 51739.5 1.01308 4.99402e+06 968887 ZonesAtSurface
1774.72 2374.99 460.848 2 3 2 9 1.09052e+06 21.1816 58194.8 1.30906 2.47547e+06 1.09052e+06 ZonesAtSurface
1824.78 2374.98 385.863 0 0 2 11 1.34273e+06 31.8969 54283 1.04479 4.74583e+06 1.34273e+06 ZonesAtSurface
1874.82 2374.98 410.868 10 0 1 11 751558 24.2105 103165 1.19328 2.40481e+06 751558 ZonesAtSurface
1924.88 2374.98 435.872 6 0 2 11 815535 28.6337 63951 1.04583 2.55714e+06 815535 ZonesAtSurface
1974.93 2374.98 460.87 9 3 2 11 559170 21.7777 146631 0.987771 1.51198e+06 559170 ZonesAtSurface
2024.98 2374.98 423.377 9 0 2 11 1.14849e+06 33.3306 52547.2 1.05164 4.48522e+06 1.14849e+06 ZonesAtSurface
2075.01 2374.98 323.4 9 0 1 11 1.28416e+06 18.0605 66133.1 0.998106 3.50685e+06 1.28416e+06 ZonesAtSurface
2125.03 2374.97 273.428 0 4 2 10 1.30563e+06 36.1164 130522 1.26723 4.28192e+06 1.30563e+06 ZonesAtSurface
2174.99 2374.95 123.399 0 0 1 11 1.09379e+06 42.7477 64487.9 4.22042 2.51503e+07 1.09379e+06 ZonesAtSurface
2224.98 2374.61 73.3904 9 0 1 10 1.44046e+06 37.7475 85405.7 1.61552 1.11073e+08 1.44046e+06 ZonesAtSurface
2275.03 2374.54 -26.5944 9 0 0 0 1.43318e+06 37.2368 140485 1.18761 7.56931e+07 1.43318e+06 ZonesAtSurface
2325.06 2374.96 -176.558 0 0 0 0 1.14879e+06 40.3356 60854.4 4.82219 2.12164e+07 1.14879e+06 ZonesAtSurface
2375.01 2374.6 -226.584 3 0 0 0 1.31938e+06 18.1134 127568 1.21908 4.57633e+07 1.31938e+06 ZonesAtSurface
2425.03 2374.8 -326.581 8 0 0 0 855580 21.7974 79102.2 1.62202 3.46167e+07 855580 ZonesAtSurface
2475.06 2374.93 -426.558 8 0 0 0 1.26241e+06 15.1976 80968.1 1.24653 1.41826e+07 1.26241e+06 ZonesAtSurface
2525.08 2374.93 -456.573 0 0 0 0 1.06894e+06 26.7976 78902.2 3.66811 1.46938e+07 1.06894e+06 ZonesAtSurface
2575.07 2374.9 -416.616 0 0 0 0 793018 41.069 106399 5.31417 2.33512e+07 793018 ZonesAtSurface
2625.07 2374.87 -376.639 0 0 0 0 1.42811e+06 41.4858 72199.2 3.74352 2.64434e+07 1.42811e+06 ZonesAtSurface
2675.07 2374.86 -336.644 0 0 0 0 1.25082e+06 40.5208 54817.3 2.22373 3.06549e+07 1.25082e+06 ZonesAtSurface
2725.05 2374.87 -296.625 0 0 0 0 1.38942e+06 29.45 121699 1.17178 3.03732e+07 1.38942e+06 ZonesAtSurface
2775.02 2374.9 -256.583 1 0 0 0 1.45202e+06 29.4521 124547 1.66135 2.62126e+07 1.45202e+06 ZonesAtSurface
2824.95 2374.95 -216.544 0 0 0 0 1.0616e+06 34.8188 60316.6 3.58858 1.51464e+07 1.0616e+06 ZonesAtSurface
2874.9 2374.96 -176.532 0 0 0 0 665537 28.7068 121820 4.30813 7.262e+06 665537 ZonesAtSurface
2924.87 2374.96 -136.541 0 0 0 0 704433 21.1395 141862 3.22655 5.9848e+06 704433 ZonesAtSurface
2974.85 2374.96 -96.5621 0 0 0 0 782775 29.8265 95253.9 4.37891 8.13769e+06 782775 ZonesAtSurface
3024.85 2374.95 -56.5863 0 0 0 0 1.41787e+06 44.7271 69882.9 7.00981 1.30066e+07 1.41787e+06 ZonesAtSurface
3074.86 2374.94 -16.6086 0 0 0 0 823989 33.3988 102125 3.06262 1.51199e+07 823989 ZonesAtSurface
3124.86 2374.93 23.3593 0 0 0 0 1.21179e+06 24.3108 55125.1 1.7801 1.65961e+07 1.21179e+06 ZonesAtSurface
3174.9 2374.47 113.312 10 0 0 0 826299 20.142 132858 1.08118 2.79597e+07 826299 ZonesAtSurface
3224.95 2374.7 153.331 10 0 1 9 627673 42.3251 106255 1.41069 6.37191e+07 627673 ZonesAtSurface
3274.93 2374.92 143.351 0 0 1 10 579679 44.1841 148837 4.22831 2.18689e+07 579679 ZonesAtSurface
3324.89 2374.96 233.399 3 0 1 9 1.42213e+06 32.8418 140149 1.4598 7.64827e+06 1.42213e+06 ZonesAtSurface
3374.86 2375 323.383 6 0 2 8 1.28126e+06 38.4206 58960.4 1.14374 4.93546e+06 1.28126e+06 ZonesAtSurface
3424.89 2375.01 363.364 8 0 2 8 935476 16.0124 122373 1.04457 2.34198e+06 935476 ZonesAtSurface
3474.92 2375 353.352 9 0 1 9 670096 28.1069 74645.5 1.02742 3.74062e+06 670096 ZonesAtSurface
3524.96 2374.99 343.345 0 0 1 10 1.10258e+06 27.3331 142167 1.03245 4.66683e+06 1.10258e+06 ZonesAtSurface
3575 2374.98 333.341 1 0 1 11 845485 37.662 111466 1.24568 6.36167e+06 845485 ZonesAtSurface
3625.06 2374.98 273.338 0 0 1 13 1.28228e+06 37.8478 127242 2.65461 7.52805e+06 1.28228e+06 ZonesAtSurface
3675.08 2375 463.293 0 3 1 10 1.15696e+06 42.5373 95228 1.32274 3.81536e+06 1.15696e+06 ZonesAtSurface
3725.12 2375 553.221 6 10 2 9 997583 21.0401 149013 0 2.67524e+06 997583 ZonesAtSurface
3775.19 2375.01 503.255 2 9 1 10 822099 41.2089 120866 1.68707 2.01378e+06 822099 ZonesAtSurface
3825.26 2375.01 463.281 6 0 2 10 683611 38.6677 133354 1.01471 3.73541e+06 683611 ZonesAtSurface
3875.32 2375.01 473.278 4 1 1 9 1.11205e+06 27.4327 134433 1.11229 3.1584e+06 1.11205e+06 ZonesAtSurface
3925.38 2375.04 533.223 3 4 2 7 1.33804e+06 36.5973 149505 1.17721 4.43967e+06 1.33804e+06 ZonesAtSurface
3975.45 2375.04 493.256 4 4 2 7 528279 36.2349 61297.9 1.12062 1.83529e+06 528279 ZonesAtSurface
4025.52 2375.05 503.252 0 0 2 6 968331 20.1737 138567 1.1893 2.34821e+06 968331 ZonesAtSurface
4075.55 2375.05 413.342 10 0 2 7 656639 32.5319 85644.5 1.04309 2.56283e+06 656639 ZonesAtSurface
4125.59 2375.06 373.381 7 2 2 7 836722 15.7186 131714 1.08785 2.00853e+06 836722 ZonesAtSurface
4175.6 2375.04 283.447 7 1 1 8 597835 17.7417 134927 1.04919 1.48533e+06 597835 ZonesAtSurface
4225.63 2375.06 293.464 8 7 2 7 818694 28.6358 58510.2 1.10993 2.40048e+06 818694 ZonesAtSurface
4275.64 2375.06 253.49 6 4 2 7 940841 36.1877 129229 1.07624 3.16406e+06 940841 ZonesAtSurface
4325.65 2375.06 213.517 8 0 2 7 836125 42.6648 121402 1.03493 3.43426e+06 836125 ZonesAtSurface
4375.64 2375.04 123.555 4 0 1 8 1.41598e+06 38.7267 101168 1.13566 6.80518e+06 1.41598e+06 ZonesAtSurface
4425.65 2375.06 133.568 10 6 1 7 1.2662e+06 29.948 123882 1.08817 3.93091e+06 1.2662e+06 ZonesAtSurface
4475.61 2375.03 43.5992 1 0 1 8 1.23727e+06 35.0563 122231 1.19602 8.27935e+06 1.23727e+06 ZonesAtSurface
4525.62 2375.06 53.6199 9 0 1 7 1.17914e+06 21.5054 143501 1.01726 4.12868e+06 1.17914e+06 ZonesAtSurface
4575.57 2375.04 13.638 8 0 1 7 1.21139e+06 44.605 105694 1.31029 8.64189e+06 1.21139e+06 ZonesAtSurface
4625.5 2375.02 -26.3442 47 0 1 7 1.2028e+06 15.1841 125575 1.07335 5.82919e+06 1.2028e+06 ZonesAtSurface
4675.44 2375.02 -16.2702 58 0 1 6 1.10661e+06 18.5419 142466 1.04609 3.6238e+06 1.10661e+06 ZonesAtSurface
4725.36 2375.01 -6.21827 66 0 1 5 1.12196e+06 37.6183 121570 1.16833 5.78378e+06 1.12196e+06 ZonesAtSurface
4775.28 2375.01 3.79569 90 0 1 4 834661 28.6778 66492 1.73374 2.21114e+06 834661 ZonesAtSurface
4825.22 2375.01 13.7927 75 30 1 3 1.23874e+06 27.0397 90979.7 1.81282 2.35198e+06 1.23874e+06 ZonesAtSurface
4875.15 2375 23.7928 79 29 1 2 1.04763e+06 40.3391 72921.4 2.53907 2.39837e+06 1.04763e+06 ZonesAtSurface
4925.08 2375 33.7948 114 31 1 1 971285 20.2516 51005.7 1.54021 2.09647e+06 971285 ZonesAtSurface
74.94 2425.01 -37.7212 109 0 1 2 661470 42.7668 124873 1.30274 6.64424e+06 661470 ZonesAtSurface
124.858 2425 -12.6262 112 61 1 2 635137 34.7823 121911 2.21988 1.35399e+06 635137 ZonesAtSurface
174.749 2425.01 -37.664 111 2 1 3 781036 20.2582 117939 1.09007 2.16426e+06 781036 ZonesAtSurface
224.67 2425.01 -12.6202 41 77 1 3 1.27519e+06 29.1692 78508.3 2.81719 1.60703e+06 1.27519e+06 ZonesAtSurface
274.627 2425.02 -37.6559 93 0 1 4 637475 38.2827 96548.2 1.20362 4.09203e+06 637475 ZonesAtSurface
324.559 2425.02 -12.6636 92 43 1 4 706400 36.8973 94128.8 2.67765 1.68039e+06 706400 ZonesAtSurface
374.498 2425.02 -37.7382 77 0 1 5 989553 33.5663 136414 1.11143 4.5705e+06 989553 ZonesAtSurface
424.44 2425.03 -12.7578 53 10 1 5 659766 28.501 82729.3 1.80677 1.84779e+06 659766 ZonesAtSurface
474.416 2425.03 -37.8129 36 0 1 6 840688 28.1282 57549 1.03776 5.03016e+06 840688 ZonesAtSurface
524.383 2425.05 -12.8188 33 7 1 6 1.28819e+06 34.9888 71335.4 1.44385 3.60202e+06 1.28819e+06 ZonesAtSurface
574.378 2425.04 -37.8489 2 0 1 7 819256 44.3447 144626 1.54158 8.78504e+06 819256 ZonesAtSurface
624.35 2425.05 -12.8612 11 0 1 7 805723 41.48 66089.5 1.08907 7.42155e+06 805723 ZonesAtSurface
674.354 2425.03 -37.8891 6 0 1 8 720429 22.9174 120941 1.05357 7.06405e+06 720429 ZonesAtSurface
724.33 2425.04 -12.9029 6 0 1 8 934454 16.1933 126566 1.06316 5.35275e+06 934454 ZonesAtSurface
774.309 2425.06 12.0781 9 0 1 8 1.1515e+06 24.7925 130797 1.05431 6.5939e+06 1.1515e+06 ZonesAtSurface
824.275 2425.09 87.0477 8 8 1 7 994599 31.3975 100396 1.43157 2.91435e+06 994599 ZonesAtSurface
874.286 2425.06 62.0412 8 0 1 8 1.10065e+06 16.9782 91584.9 1.03449 3.22645e+06 1.10065e+06 ZonesAtSurface
924.28 2425.06 87.0241 7 3 1 8 1.28591e+06 33.6326 61959.6 1.03018 4.53719e+06 1.28591e+06 ZonesAtSurface
974.26 2425.08 211.983 2 6 2 6 990733 21.9715 116627 1.39297 2.13301e+06 990733 ZonesAtSurface
1024.3 2425.02 87.0016 1 0 1 9 1.34071e+06 20.6279 141609 1.37634 6.01953e+06 1.34071e+06 ZonesAtSurface
1074.29 2425.05 161.979 5 3 1 8 1.05101e+06 40.9191 75190.6 1.1811 4.01175e+06 1.05101e+06 ZonesAtSurface
1124.3 2425.04 186.961 1 2 2 8 1.41078e+06 41.5218 121867 1.12203 5.3759e+06 1.41078e+06 ZonesAtSurface
1174.32 2425.03 211.946 1 0 1 8 879037 16.3623 123507 1.02561 2.81559e+06 879037 ZonesAtSurface
1224.34 2425.02 236.933 1 0 2 8 1.30816e+06 34.8137 78219.8 1.21789 4.81996e+06 1.30816e+06 ZonesAtSurface
1274.36 2425.04 311.925 6 10 1 7 938252 39.7355 60060.2 2.04958 2.16789e+06 938252 ZonesAtSurface
1324.39 2425 236.915 0 0 1 9 1.25297e+06 22.4342 79401.3 1.31604 5.12967e+06 1.25297e+06 ZonesAtSurface
1374.42 2425.01 311.909 4 0 2 8 1.33975e+06 16.8043 66982.8 1.31393 2.80464e+06 1.33975e+06 ZonesAtSurface
1424.45 2425 286.901 0 0 1 9 1.27424e+06 35.2966 115108 1.49437 4.75e+06 1.27424e+06 ZonesAtSurface
1474.49 2424.99 261.888 0 0 1 10 1.22757e+06 27.5677 95084.8 1.1821 5.63896e+06 1.22757e+06 ZonesAtSurface
1524.51 2425.01 336.883 5 7 1 9 1.29367e+06 44.2215 53246.9 1.73796 3.47601e+06 1.29367e+06 ZonesAtSurface
1574.56 2425 311.873 5 0 1 10 1.31094e+06 27.9001 79564.7 1.10596 5.35467e+06 1.31094e+06 ZonesAtSurface
1624.59 2425.02 386.869 2 9 2 9 978618 35.1358 136205 1.36175 2.51296e+06 978618 ZonesAtSurface
1674.64 2425 361.875 6 7 2 10 1.00534e+06 16.1769 65755.4 1.50911 1.82548e+06 1.00534e+06 ZonesAtSurface
1724.69 2424.99 336.875 7 5 1 11 1.23493e+06 38.8093 72825.4 1.28574 3.86522e+06 1.23493e+06 ZonesAtSurface
1774.73 2424.99 361.871 3 3 2 11 1.01341e+06 31.4626 134644 1.1922 2.85614e+06 1.01341e+06 ZonesAtSurface
1824.77 2424.99 386.868 8 6 2 11 1.2007e+06 39.0155 127064 1.16425 4.04258e+06 1.2007e+06 ZonesAtSurface
1874.82 2424.99 411.869 2 7 2 11 1.12168e+06 35.9673 145104 1.25429 3.3256e+06 1.12168e+06 ZonesAtSurface
1924.87 2424.99 436.87 9 5 2 11 766507 26.461 111035 1.08877 2.18374e+06 766507 ZonesAtSurface
1974.93 2424.99 411.871 0 1 2 12 1.33942e+06 40.2452 81399.2 1.12545 4.89645e+06 1.33942e+06 ZonesAtSurface
2024.98 2425 474.376 8 6 2 10 712748 25.3444 130120 1.44731 1.43624e+06 712748 ZonesAtSurface
2075.01 2425 324.403 4 2 2 11 870205 41.2383 143667 1.22406 3.00883e+06 870205 ZonesAtSurface
2125.02 2424.99 224.415 0 0 2 11 723203 40.1372 81713.1 2.56564 4.33993e+06 723203 ZonesAtSurface
2175.01 2424.96 124.407 2 0 1 11 1.43637e+06 37.4236 136997 3.59085 1.57377e+07 1.43637e+06 ZonesAtSurface
2225.03 2424.93 24.4042 0 0 0 0 1.3519e+06 41.7861 79824.4 3.0623 2.01589e+07 1.3519e+06 ZonesAtSurface
2275.08 2424.96 -75.5709 2 0 0 0 1.28979e+06 34.7136 105122 3.38028 1.10322e+07 1.28979e+06 ZonesAtSurface
2325.1 2424.98 -175.545 0 0 0 0 945768 43.6545 71645.2 10 3.91626e+06 945768 ZonesAtSurface
2375.09 2424.99 -275.54 0 0 0 0 906260 31.8539 146314 5.25044 1.14851e+07 906260 ZonesAtSurface
2425.05 2424.62 -325.552 10 0 0 0 720765 30.5383 104720 1.42392 5.31017e+07 720765 ZonesAtSurface
2475.07 2424.8 -425.548 8 0 0 0 754218 28.2273 143746 1.56349 6.05902e+07 754218 ZonesAtSurface
2525.08 2424.88 -455.569 6 0 0 0 773979 40.3307 123691 3.64561 3.05086e+07 773979 ZonesAtSurface
2575.07 2424.85 -415.601 2 0 0 0 1.34286e+06 40.4976 145349 5.85349 2.31976e+07 1.34286e+06 ZonesAtSurface
2625.06 2424.79 -375.61 7 0 0 0 1.42581e+06 21.6179 88003.7 1.47156 3.87638e+07 1.42581e+06 ZonesAtSurface
2675.05 2424.78 -335.604 7 0 0 0 933380 28.9779 104469 1.82018 4.38832e+07 933380 ZonesAtSurface
2725.02 2424.78 -295.585 9 0 0 0 1.31463e+06 17.8684 66311 1.43628 3.19707e+07 1.31463e+06 ZonesAtSurface
2774.97 2424.15 -205.535 6 0 0 0 1.3196e+06 42.2417 104113 1.12874 4.05705e+07 1.3196e+06 ZonesAtSurface
2824.95 2424.94 -215.543 0 0 0 0 1.13886e+06 23.4062 105222 2.15629 1.59698e+07 1.13886e+06 ZonesAtSurface
2874.9 2424.31 -125.549 10 0 0 0 1.07245e+06 37.542 127604 1.00109 3.76073e+07 1.07245e+06 ZonesAtSurface
2924.87 2424.96 -135.546 0 0 0 0 1.12929e+06 17.5081 108092 1.65451 1.16413e+07 1.12929e+06 ZonesAtSurface
2974.85 2424.3 -45.5764 7 0 0 0 914765 33.1405 53971.3 1.01348 1.91738e+07 914765 ZonesAtSurface
3024.85 2424.96 -55.5816 5 0 0 0 983486 17.9336 82166.3 1.1706 1.16488e+07 983486 ZonesAtSurface
3074.86 2424.96 -15.6016 1 0 0 0 661133 31.3787 113225 1.84914 1.36784e+07 661133 ZonesAtSurface
3124.86 2424.95 24.3658 1 0 0 0 660531 42.6867 116526 2.51696 1.47943e+07 660531 ZonesAtSurface
3174.87 2424.31 114.318 10 0 0 0 961679 38.7213 121620 1.12989 3.76975e+07 961679 ZonesAtSurface
3224.96 2424.37 154.341 5 0 0 0 1.42403e+06 23.0673 65866.5 1.02743 6.73001e+07 1.42403e+06 ZonesAtSurface
3274.94 2424.89 144.351 8 0 1 10 1.11493e+06 17.0454 113465 1.54672 1.8998e+07 1.11493e+06 ZonesAtSurface
3324.89 2424.99 234.409 9 6 1 9 1.14666e+06 25.6156 132037 1.39279 2.77136e+06 1.14666e+06 ZonesAtSurface
3374.87 2425.03 324.38 3 5 2 8 808122 23.2284 115273 0 2.43755e+06 808122 ZonesAtSurface
3424.9 2425.03 314.371 1 0 2 9 1.06245e+06 16.7241 144615 1.02297 2.72594e+06 1.06245e+06 ZonesAtSurface
3474.93 2425.04 354.349 4 8 2 9 827494 16.1716 125148 1.29387 1.63223e+06 827494 ZonesAtSurface
3524.96 2425.02 344.344 0 2 2 10 854547 19.0236 71527.5 1.15003 2.03429e+06 854547 ZonesAtSurface
3575 2424.99 334.349 7 0 1 11 577257 17.5032 115214 1.2323 2.6421e+06 577257 ZonesAtSurface
3625.06 2424.98 274.339 0 0 1 13 1.40702e+06 42.5643 68058.4 3.2171 7.62111e+06 1.40702e+06 ZonesAtSurface
3675.09 2424.98 364.327 8 0 1 12 1.36125e+06 40.3166 76512 1.02649 5.55516e+06 1.36125e+06 ZonesAtSurface
3725.13 2425.02 504.262 0 3 2 10 910223 25.6835 141219 1.5288 1.84675e+06 910223 ZonesAtSurface
3775.21 2424.98 354.329 1 0 1 13 1.3098e+06 39.085 114395 1.1074 9.03717e+06 1.3098e+06 ZonesAtSurface
3825.27 2425.03 464.279 0 3 2 10 859079 38.7071 131435 1.3069 2.50864e+06 859079 ZonesAtSurface
3875.33 2425.03 424.309 0 2 2 10 1.19115e+06 31.014 112530 1.12264 3.59629e+06 1.19115e+06 ZonesAtSurface
3925.39 2425.05 434.307 9 7 2 9 568237 27.7968 95349.2 1.65072 1.26017e+06 568237 ZonesAtSurface
3975.44 2425.03 344.369 2 0 2 10 1.28881e+06 26.2258 95176.3 1.00516 4.05746e+06 1.28881e+06 ZonesAtSurface
4025.49 2425.07 404.34 1 6 2 8 1.22168e+06 42.0261 76257.2 1.40554 4.12467e+06 1.22168e+06 ZonesAtSurface
4075.52 2425.04 264.425 0 0 1 10 1.05254e+06 15.601 53342.3 1.01064 2.725e+06 1.05254e+06 ZonesAtSurface
4125.56 2425.06 274.43 0 1 2 9 1.07163e+06 44.1507 69956.8 1.39599 4.24418e+06 1.07163e+06 ZonesAtSurface
4175.58 2425.07 234.462 1 1 2 9 554576 40.3753 131371 1.38477 1.76693e+06 554576 ZonesAtSurface
4225.58 2425.04 144.503 1 0 1 10 1.13284e+06 21.9694 131161 1.0353 4.26476e+06 1.13284e+06 ZonesAtSurface
4275.61 2425.07 154.516 4 0 2 9 936618 34.8709 149788 1.2382 3.19857e+06 936618 ZonesAtSurface
4325.61 2425.06 114.538 4 1 2 9 1.04891e+06 33.8464 82028.1 1.12135 3.57319e+06 1.04891e+06 ZonesAtSurface
4375.58 2425.02 24.5627 0 0 1 10 884853 33.8562 146868 2.36345 7.32427e+06 884853 ZonesAtSurface
4425.59 2425.05 34.5858 7 0 1 9 1.45156e+06 37.9155 132026 1.13133 7.98408e+06 1.45156e+06 ZonesAtSurface
4475.56 2425.03 -5.39361 2 0 1 9 743503 25.5729 136302 1.1267 7.05603e+06 743503 ZonesAtSurface
4525.52 2425.02 -45.3818 10 0 1 9 597595 25.8311 97248.3 1.04173 8.80585e+06 597595 ZonesAtSurface
4575.5 2425.03 -35.3495 16 0 1 8 1.20269e+06 28.2509 78837.4 1.06358 8.86322e+06 1.20269e+06 ZonesAtSurface
4625.49 2425.03 -25.322 31 0 1 7 1.42995e+06 37.7984 126808 1.10692 8.66881e+06 1.42995e+06 ZonesAtSurface
4675.44 2425.03 -15.2525 67 4 1 6 938803 17.1914 106799 1.01307 2.5105e+06 938803 ZonesAtSurface
4725.36 2425.02 -5.18176 79 0 1 5 711066 17.1428 140641 1.09307 1.98135e+06 711066 ZonesAtSurface
4775.28 2425.02 4.82661 85 16 1 4 1.18425e+06 34.097 103037 1.60427 3.26863e+06 1.18425e+06 ZonesAtSurface
4825.22 2425.01 14.8167 56 45 1 3 1.23163e+06 31.3957 54014.7 1.79906 2.48578e+06 1.23163e+06 ZonesAtSurface
4875.17 2425.01 24.8185 74 39 1 2 1.0945e+06 16.9224 51116.6 1.39571 2.21181e+06 1.0945e+06 ZonesAtSurface
4925.08 2425 34.8239 129 28 1 1 1.08658e+06 20.2717 142690 1.30849 2.53058e+06 1.08658e+06 ZonesAtSurface
74.9519 2475 -36.6761 121 0 1 2 100000 15 10000 1.2553 1.01112e+06 100000 ZonesAtSurface
124.874 2475 -11.5536 121 0 1 2 100000 15 10000 2.40143 233946 100000 ZonesAtSurface
174.741 2475 -36.6046 111 0 1 3 100000 15 10000 1.11265 739854 100000 ZonesAtSurface
224.662 2475 -11.5697 111 0 1 3 100000 15 10000 1.64996 212133 100000 ZonesAtSurface
274.607 2475.01 -36.6129 100 0 1 4 100000 15 10000 1.13576 930702 100000 ZonesAtSurface
324.555 2475 -11.6076 100 0 1 4 100000 15 10000 1.27387 485066 100000 ZonesAtSurface
374.484 2475.01 -36.6708 89 0 1 5 100000 15 10000 1.07118 999791 100000 ZonesAtSurface
424.439 2475.01 -11.6748 88 0 1 5 100000 15 10000 1.6205 432660 100000 ZonesAtSurface
474.408 2475.01 -36.7487 70 0 1 6 100000 15 10000 1.02304 920341 100000 ZonesAtSurface
524.398 2475.02 -11.7369 70 0 1 6 100000 15 10000 1.18698 492908 100000 ZonesAtSurface
574.378 2475.02 -36.7899 58 0 1 7 100000 15 10000 1.03899 1.16723e+06 100000 ZonesAtSurface
624.366 2475.03 -11.7759 58 0 1 7 100000 15 10000 0.989941 483681 100000 ZonesAtSurface
674.35 2475.01 -36.8407 41 0 1 8 100000 15 10000 1.0773 1.86231e+06 100000 ZonesAtSurface
724.334 2475.02 -11.8334 41 0 1 8 100000 15 10000 0.945102 1.03184e+06 100000 ZonesAtSurface
774.331 2475 -36.9026 26 0 1 9 100000 15 10000 1.11727 4.19793e+06 100000 ZonesAtSurface
824.318 2475.01 -11.9064 25 0 1 9 100000 15 10000 1.16376 2.57127e+06 100000 ZonesAtSurface
874.323 2474.99 -36.953 8 0 1 10 100000 15 10000 1.05846 5.15931e+06 100000 ZonesAtSurface
924.31 2474.99 -11.9624 10 0 1 10 100000 15 10000 1.0232 3.94933e+06 100000 ZonesAtSurface
974.307 2474.99 13.0227 10 0 1 10 100000 15 10000 1.01614 3.89629e+06 100000 ZonesAtSurface
1024.31 2474.99 38.0085 10 0 1 10 100000 15 10000 1.02368 3.81199e+06 100000 ZonesAtSurface
1074.32 2474.99 62.9961 7 0 1 10 100000 15 10000 1.0269 3.90214e+06 100000 ZonesAtSurface
1124.33 2474.99 87.9814 11 0 1 10 100000 15 10000 1.01581 3.64948e+06 100000 ZonesAtSurface
1174.34 2474.99 112.964 10 0 1 10 100000 15 10000 1.0021 3.76874e+06 100000 ZonesAtSurface
1224.36 2474.99 137.947 7 0 1 10 100000 15 10000 1.00491 3.81597e+06 100000 ZonesAtSurface
1274.38 2474.99 162.932 6 0 1 10 100000 15 10000 1.00465 3.97396e+06 100000 ZonesAtSurface
1324.4 2474.99 187.919 4 0 1 10 100000 15 10000 1.00335 3.86503e+06 100000 ZonesAtSurface
1374.43 2474.99 212.909 5 0 1 10 100000 15 10000 1.00424 3.57591e+06 100000 ZonesAtSurface
1424.45 2474.99 237.902 7 0 1 10 100000 15 10000 1.01511 3.20012e+06 100000 ZonesAtSurface
1474.5 2474.99 212.891 1 0 1 11 100000 15 10000 1.00775 4.10023e+06 100000 ZonesAtSurface
1524.53 2474.99 237.884 8 0 1 11 100000 15 10000 1.02038 3.72469e+06 100000 ZonesAtSurface
1574.57 2474.99 262.882 10 0 1 11 100000 15 10000 1.02622 2.90134e+06 100000 ZonesAtSurface
1624.62 2474.99 237.874 4 0 1 12 100000 15 10000 1.00648 4.10677e+06 100000 ZonesAtSurface
1674.66 2474.99 262.873 9 0 1 12 100000 15 10000 1.00952 3.64535e+06 100000 ZonesAtSurface
1724.71 2474.98 237.869 0 0 1 13 100000 15 10000 1.0659 4.45803e+06 100000 ZonesAtSurface
1774.75 2474.98 262.866 0 0 1 13 100000 15 10000 1.00353 4.30468e+06 100000 ZonesAtSurface
1824.8 2474.98 287.865 0 0 1 13 100000 15 10000 1.00032 4.06633e+06 100000 ZonesAtSurface
1874.84 2474.98 312.865 0 0 1 13 100000 15 10000 1.00076 3.88347e+06 100000 ZonesAtSurface
1924.88 2474.98 337.867 1 0 1 13 100000 15 10000 1.00161 3.70592e+06 100000 ZonesAtSurface
1974.93 2474.99 362.869 1 0 1 13 100000 15 10000 1.00555 2.94628e+06 100000 ZonesAtSurface
2024.98 2474.99 325.38 1 0 1 13 100000 15 10000 1.00953 3.73796e+06 100000 ZonesAtSurface
2075.02 2475 225.403 0 0 1 13 100000 15 10000 1.31082 4.96063e+06 100000 ZonesAtSurface
2125.05 2475 175.42 4 0 1 12 100000 15 10000 1.82793 4.21541e+06 100000 ZonesAtSurface
2175.07 2475 75.4312 3 0 1 12 100000 15 10000 2.35888 6.69919e+06 100000 ZonesAtSurface
2225.08 2474.77 25.4406 10 0 0 0 100000 15 10000 1.28225 3.36247e+07 100000 ZonesAtSurface
2275.11 2474.8 -74.5465 9 0 0 0 100000 15 10000 1.33671 3.2218e+07 100000 ZonesAtSurface
2325.13 2474.9 -174.529 0 0 0 0 100000 15 10000 2.27433 1.13875e+07 100000 ZonesAtSurface
2375.13 2475 -274.516 0 0 0 0 100000 15 10000 2.68922 3.7211e+06 100000 ZonesAtSurface
2425.11 2475 -374.511 0 0 0 0 100000 15 10000 2.22061 6.94564e+06 100000 ZonesAtSurface
2475.1 2474.99 -474.51 0 0 0 0 100000 15 10000 1.98604 8.36928e+06 100000 ZonesAtSurface
2525.07 2474.75 -454.53 10 0 0 0 100000 15 10000 1.14997 2.84455e+07 100000 ZonesAtSurface
2575.06 2474.74 -414.538 10 0 0 0 100000 15 10000 1.19834 2.5335e+07 100000 ZonesAtSurface
2625.02 2475 -424.524 0 0 0 0 100000 15 10000 1.72358 1.01424e+07 100000 ZonesAtSurface
2674.99 2475.01 -384.521 3 0 0 0 100000 15 10000 1.63712 9.74225e+06 100000 ZonesAtSurface
2724.96 2475.01 -344.516 0 0 0 0 100000 15 10000 1.65932 8.69354e+06 100000 ZonesAtSurface
2774.92 2474.73 -254.52 9 0 0 0 100000 15 10000 1.12248 2.14279e+07 100000 ZonesAtSurface
2824.91 2474.89 -214.528 9 0 0 0 100000 15 10000 1.55068 1.47031e+07 100000 ZonesAtSurface
2874.89 2474.98 -174.531 9 0 0 0 100000 15 10000 1.21794 7.67907e+06 100000 ZonesAtSurface
2924.86 2474.98 -134.538 9 0 0 0 100000 15 10000 1.23104 7.45941e+06 100000 ZonesAtSurface
2974.85 2474.98 -94.5448 6 0 0 0 100000 15 10000 1.35296 7.83838e+06 100000 ZonesAtSurface
3024.84 2474.98 -54.5522 1 0 0 0 100000 15 10000 1.6829 6.5258e+06 100000 ZonesAtSurface
3074.84 2474.98 -14.5668 2 0 0 0 100000 15 10000 2.2564 4.90014e+06 100000 ZonesAtSurface
3124.84 2474.99 25.4131 5 0 0 0 100000 15 10000 1.95286 5.18644e+06 100000 ZonesAtSurface
3174.84 2475 15.4139 0 0 0 0 100000 15 10000 1.57837 6.71394e+06 100000 ZonesAtSurface
3224.86 2475 55.3978 1 0 0 0 100000 15 10000 1.48356 6.38621e+06 100000 ZonesAtSurface
3274.88 2475 95.3865 0 0 1 11 100000 15 10000 1.70434 5.98329e+06 100000 ZonesAtSurface
3324.89 2475 185.395 8 0 1 10 100000 15 10000 1.12895 2.64249e+06 100000 ZonesAtSurface
3374.9 2474.99 175.382 0 0 1 11 100000 15 10000 2.30178 2.79078e+06 100000 ZonesAtSurface
3424.92 2474.99 215.386 8 0 1 11 100000 15 10000 1.07107 3.77324e+06 100000 ZonesAtSurface
3474.95 2474.98 205.368 5 0 1 12 100000 15 10000 1.12466 4.26706e+06 100000 ZonesAtSurface
3524.98 2474.98 195.357 1 0 1 13 100000 15 10000 1.03179 5.6004e+06 100000 ZonesAtSurface
3575.02 2474.98 235.349 1 0 1 13 100000 15 10000 1.00144 5.00937e+06 100000 ZonesAtSurface
3625.06 2474.98 275.339 1 0 1 13 100000 15 10000 1.00069 4.46996e+06 100000 ZonesAtSurface
3675.11 2474.98 315.329 1 0 1 13 100000 15 10000 1.00078 4.02839e+06 100000 ZonesAtSurface
3725.16 2474.98 355.319 1 0 1 13 100000 15 10000 1.00259 3.49838e+06 100000 ZonesAtSurface
3775.21 2474.98 355.327 1 0 1 13 100000 15 10000 1.00077 3.57797e+06 100000 ZonesAtSurface
3825.27 2474.99 315.352 1 0 1 13 100000 15 10000 1.00202 4.09006e+06 100000 ZonesAtSurface
3875.32 2474.99 275.375 1 0 1 13 100000 15 10000 1.01164 4.31638e+06 100000 ZonesAtSurface
3925.37 2474.99 235.396 1 0 1 13 100000 15 10000 1.00673 4.68316e+06 100000 ZonesAtSurface
3975.41 2474.99 195.419 1 0 1 13 100000 15 10000 1.00205 4.99839e+06 100000 ZonesAtSurface
4025.45 2474.99 155.441 1 0 1 13 100000 15 10000 1.00199 5.10625e+06 100000 ZonesAtSurface
4075.48 2474.99 115.46 1 0 1 13 100000 15 10000 1.00166 5.31667e+06 100000 ZonesAtSurface
4125.5 2474.99 75.4775 1 0 1 13 100000 15 10000 1.00209 5.82956e+06 100000 ZonesAtSurface
4175.51 2474.99 35.4929 0 0 1 13 100000 15 10000 1.16869 5.65766e+06 100000 ZonesAtSurface
4225.54 2474.99 45.514 5 0 1 12 100000 15 10000 1.03398 5.12737e+06 100000 ZonesAtSurface
4275.54 2474.99 5.52454 2 0 1 12 100000 15 10000 1.04031 5.43678e+06 100000 ZonesAtSurface
4325.54 2474.99 -34.4656 0 0 1 12 100000 15 10000 1.21706 5.59209e+06 100000 ZonesAtSurface
4375.55 2474.99 -24.438 9 0 1 11 100000 15 10000 1.04612 5.73795e+06 100000 ZonesAtSurface
4425.55 2475 -14.4009 22 0 1 10 100000 15 10000 1.17209 3.64825e+06 100000 ZonesAtSurface
4475.57 2475.01 -4.34989 35 0 1 9 100000 15 10000 0.975739 652628 100000 ZonesAtSurface
4525.53 2475 -44.3566 34 0 1 9 100000 15 10000 1.05503 3.18582e+06 100000 ZonesAtSurface
4575.49 2475.01 -34.2976 47 0 1 8 100000 15 10000 1.00942 926196 100000 ZonesAtSurface
4625.48 2475.01 -24.2551 60 0 1 7 100000 15 10000 0.958278 605646 100000 ZonesAtSurface
4675.45 2475.01 -14.1966 72 0 1 6 100000 15 10000 0.958511 714811 100000 ZonesAtSurface
4725.37 2475.01 -4.12323 85 0 1 5 100000 15 10000 1.08374 514469 100000 ZonesAtSurface
4775.29 2475.01 5.89081 97 0 1 4 100000 15 10000 1.04162 519900 100000 ZonesAtSurface
4825.24 2475 15.8838 109 0 1 3 100000 15 10000 1.30312 401447 100000 ZonesAtSurface
4875.17 2475 25.8914 120 0 1 2 100000 15 10000 1.60605 379555 100000 ZonesAtSurface
4925.07 2475 35.8816 132 0 1 1 100000 15 10000 1.08529 573999 100000 ZonesAtSurface
74.941 2524.99 -35.6749 121 0 1 2 100000 15 10000 1.15467 1.19685e+06 100000 ZonesAtSurface
124.861 2524.98 -10.5566 122 17 1 2 100000 15 10000 2.64726 194675 100000 ZonesAtSurface
174.745 2524.98 -35.6057 111 0 1 3 100000 15 10000 1.09646 785357 100000 ZonesAtSurface
224.666 2524.98 -10.5767 111 0 1 3 100000 15 10000 1.10549 458089 100000 ZonesAtSurface
274.602 2524.98 -35.6195 100 0 1 4 100000 15 10000 1.08736 898836 100000 ZonesAtSurface
324.547 2524.97 -10.6073 100 0 1 4 100000 15 10000 1.17609 453643 100000 ZonesAtSurface
374.481 2524.97 -35.6719 89 0 1 5 100000 15 10000 1.08115 958697 100000 ZonesAtSurface
424.44 2524.96 -10.6731 85 1 1 5 100000 15 10000 1.85367 319127 100000 ZonesAtSurface
474.405 2524.96 -35.7478 71 0 1 6 100000 15 10000 1.05112 988775 100000 ZonesAtSurface
524.394 2524.95 -10.7418 70 0 1 6 100000 15 10000 1.31878 599729 100000 ZonesAtSurface
574.374 2524.96 -35.7939 59 0 1 7 100000 15 10000 1.0198 1.14654e+06 100000 ZonesAtSurface
624.364 2524.95 -10.7796 58 0 1 7 100000 15 10000 1.20278 599806 100000 ZonesAtSurface
674.348 2524.97 -35.8393 40 0 1 8 100000 15 10000 1.08128 1.83746e+06 100000 ZonesAtSurface
724.331 2524.96 -10.8315 41 0 1 8 100000 15 10000 1.03263 1.08641e+06 100000 ZonesAtSurface
774.328 2524.97 -35.9025 26 0 1 9 100000 15 10000 1.1255 4.06551e+06 100000 ZonesAtSurface
824.315 2524.97 -10.9065 25 0 1 9 100000 15 10000 1.15818 2.59812e+06 100000 ZonesAtSurface
874.32 2524.98 -35.9524 8 0 1 10 100000 15 10000 1.05039 5.19741e+06 100000 ZonesAtSurface
924.307 2524.98 -10.9618 10 0 1 10 100000 15 10000 1.00316 3.91303e+06 100000 ZonesAtSurface
974.304 2524.98 14.0232 10 0 1 10 100000 15 10000 1.0159 3.78966e+06 100000 ZonesAtSurface
1024.31 2524.98 39.0089 10 0 1 10 100000 15 10000 1.01975 3.76655e+06 100000 ZonesAtSurface
1074.32 2524.98 63.9962 8 0 1 10 100000 15 10000 1.03067 3.8122e+06 100000 ZonesAtSurface
1124.35 2524.99 38.9705 0 0 1 11 100000 15 10000 1.35989 4.60357e+06 100000 ZonesAtSurface
1174.36 2524.99 63.9574 0 0 1 11 100000 15 10000 1.25223 4.83612e+06 100000 ZonesAtSurface
1224.35 2524.99 138.948 10 0 1 10 100000 15 10000 1.0162 3.93405e+06 100000 ZonesAtSurface
1274.37 2524.99 163.932 5 0 1 10 100000 15 10000 1.00753 3.90828e+06 100000 ZonesAtSurface
1324.4 2524.99 188.92 5 0 1 10 100000 15 10000 1.00465 3.91529e+06 100000 ZonesAtSurface
1374.42 2524.99 213.909 6 0 1 10 100000 15 10000 1.00547 3.62153e+06 100000 ZonesAtSurface
1424.45 2524.99 238.903 8 0 1 10 100000 15 10000 1.01422 3.18662e+06 100000 ZonesAtSurface
1474.49 2524.99 213.89 1 0 1 11 100000 15 10000 1.01018 4.10378e+06 100000 ZonesAtSurface
1524.52 2524.99 238.885 8 0 1 11 100000 15 10000 1.02341 3.75703e+06 100000 ZonesAtSurface
1574.57 2524.99 213.878 1 0 1 12 100000 15 10000 1.02934 4.5133e+06 100000 ZonesAtSurface
1624.61 2524.99 238.873 6 0 1 12 100000 15 10000 1.0057 4.21127e+06 100000 ZonesAtSurface
1674.65 2524.98 263.871 8 0 1 12 100000 15 10000 1.01053 3.55655e+06 100000 ZonesAtSurface
1724.7 2524.99 238.867 0 0 1 13 100000 15 10000 1.087 4.44638e+06 100000 ZonesAtSurface
1774.75 2524.99 263.864 1 0 1 13 100000 15 10000 1.00206 4.35673e+06 100000 ZonesAtSurface
1824.79 2524.99 288.862 1 0 1 13 100000 15 10000 1.00095 4.0802e+06 100000 ZonesAtSurface
1874.83 2524.99 313.862 1 0 1 13 100000 15 10000 1.00117 3.80603e+06 100000 ZonesAtSurface
1924.88 2524.99 338.864 1 0 1 13 100000 15 10000 1.00218 3.6081e+06 100000 ZonesAtSurface
1974.92 2524.99 363.868 1 0 1 13 100000 15 10000 1.00291 3.035e+06 100000 ZonesAtSurface
2024.98 2524.99 326.38 1 0 1 13 100000 15 10000 0.997664 3.65744e+06 100000 ZonesAtSurface
2075.03 2525 226.405 1 0 1 13 100000 15 10000 1.00956 5.07731e+06 100000 ZonesAtSurface
2125.07 2525 176.428 8 0 1 12 100000 15 10000 1.0302 4.36005e+06 100000 ZonesAtSurface
2175.1 2525 76.4471 0 0 1 12 100000 15 10000 2.41364 3.67636e+06 100000 ZonesAtSurface
2225.13 2525 -23.5358 0 0 0 0 100000 15 10000 3.34399 3.54822e+06 100000 ZonesAtSurface
2275.15 2525.01 -123.522 0 0 0 0 100000 15 10000 2.71107 4.29237e+06 100000 ZonesAtSurface
2325.17 2524.79 -173.507 8 0 0 0 100000 15 10000 2.07625 5.41441e+06 100000 ZonesAtSurface
2375.16 2525.01 -273.497 4 0 0 0 100000 15 10000 1.9932 3.90038e+06 100000 ZonesAtSurface
2425.14 2525 -373.493 0 0 0 0 100000 15 10000 2.94219 3.49145e+06 100000 ZonesAtSurface
2475.11 2525 -473.494 0 0 0 0 100000 15 10000 2.39926 5.69479e+06 100000 ZonesAtSurface
2525.07 2525 -503.496 0 0 0 0 100000 15 10000 2.02305 7.46039e+06 100000 ZonesAtSurface
2575.04 2525 -463.491 0 0 0 0 100000 15 10000 1.78113 7.26572e+06 100000 ZonesAtSurface
2625 2525.01 -423.483 0 0 0 0 100000 15 10000 1.46688 7.71975e+06 100000 ZonesAtSurface
2674.96 2525.01 -383.478 2 0 0 0 100000 15 10000 1.35744 6.91687e+06 100000 ZonesAtSurface
2724.92 2525.01 -343.479 0 0 0 0 100000 15 10000 1.45025 6.43412e+06 100000 ZonesAtSurface
2774.9 2525.01 -303.483 0 0 0 0 100000 15 10000 1.781 5.52623e+06 100000 ZonesAtSurface
2824.86 2524.83 -213.49 10 0 0 0 100000 15 10000 1.41127 9.20704e+06 100000 ZonesAtSurface
2874.85 2525 -173.497 6 0 0 0 100000 15 10000 1.70624 5.17634e+06 100000 ZonesAtSurface
2924.83 2525 -133.505 6 0 0 0 100000 15 10000 2.41552 3.55409e+06 100000 ZonesAtSurface
2974.83 2524.99 -93.5144 8 0 0 0 100000 15 10000 3.78686 2.53824e+06 100000 ZonesAtSurface
3024.82 2524.99 -53.5245 0 0 0 0 100000 15 10000 6.94077 1.63044e+06 100000 ZonesAtSurface
3074.82 2524.99 -13.5377 0 0 0 0 100000 15 10000 7.76038 1.37675e+06 100000 ZonesAtSurface
3124.83 2524.99 26.4489 0 0 0 0 100000 15 10000 3.67063 2.96591e+06 100000 ZonesAtSurface
3174.83 2525 16.4374 0 0 0 0 100000 15 10000 2.40369 4.24146e+06 100000 ZonesAtSurface
3224.84 2524.99 56.4225 0 0 0 0 100000 15 10000 1.60617 5.14102e+06 100000 ZonesAtSurface
3274.86 2524.99 96.4057 0 0 2 11 100000 15 10000 1.63718 4.89195e+06 100000 ZonesAtSurface
3324.87 2524.99 186.405 8 0 1 10 100000 15 10000 1.05881 3.57064e+06 100000 ZonesAtSurface
3374.9 2524.99 176.386 0 0 1 11 100000 15 10000 1.4265 3.95077e+06 100000 ZonesAtSurface
3424.92 2524.98 166.374 0 0 1 12 100000 15 10000 1.72853 3.67033e+06 100000 ZonesAtSurface
3474.95 2524.98 206.368 7 0 1 12 100000 15 10000 1.0983 4.38917e+06 100000 ZonesAtSurface
3524.98 2524.98 246.359 10 0 1 12 100000 15 10000 1.01659 3.13259e+06 100000 ZonesAtSurface
3575.03 2524.98 236.346 1 0 1 13 100000 15 10000 1.00153 5.07256e+06 100000 ZonesAtSurface
3625.07 2524.98 276.335 1 0 1 13 100000 15 10000 1.00146 4.4855e+06 100000 ZonesAtSurface
3675.11 2524.98 316.323 1 0 1 13 100000 15 10000 1.00036 4.15475e+06 100000 ZonesAtSurface
3725.16 2524.98 356.313 1 0 1 13 100000 15 10000 1.00333 3.6269e+06 100000 ZonesAtSurface
3775.22 2524.98 356.322 1 0 1 13 100000 15 10000 1.00134 3.52054e+06 100000 ZonesAtSurface
3825.28 2524.98 316.347 1 0 1 13 100000 15 10000 1.00142 4.11838e+06 100000 ZonesAtSurface
3875.33 2524.99 276.372 1 0 1 13 100000 15 10000 1.00851 4.32879e+06 100000 ZonesAtSurface
3925.38 2524.99 236.395 1 0 1 13 100000 15 10000 1.00386 4.65057e+06 100000 ZonesAtSurface
3975.42 2524.99 196.418 1 0 1 13 100000 15 10000 1.00204 4.92675e+06 100000 ZonesAtSurface
4025.45 2524.99 156.44 1 0 1 13 100000 15 10000 1.00145 5.0798e+06 100000 ZonesAtSurface
4075.48 2524.99 116.46 1 0 1 13 100000 15 10000 1.00116 5.32151e+06 100000 ZonesAtSurface
4125.5 2524.99 76.4772 1 0 1 13 100000 15 10000 1.00136 5.79125e+06 100000 ZonesAtSurface
4175.52 2524.99 36.4928 0 0 1 13 100000 15 10000 1.16963 5.67234e+06 100000 ZonesAtSurface
4225.55 2524.99 46.5143 6 0 1 12 100000 15 10000 1.02177 5.12049e+06 100000 ZonesAtSurface
4275.55 2524.99 6.52488 2 0 1 12 100000 15 10000 1.02759 5.48371e+06 100000 ZonesAtSurface
4325.54 2524.99 -33.4653 0 0 1 12 100000 15 10000 1.19459 5.65713e+06 100000 ZonesAtSurface
4375.56 2524.98 -23.4373 10 0 1 11 100000 15 10000 1.04515 5.63607e+06 100000 ZonesAtSurface
4425.56 2524.98 -13.4004 22 0 1 10 100000 15 10000 1.17168 3.56537e+06 100000 ZonesAtSurface
4475.57 2524.96 -3.34878 35 0 1 9 100000 15 10000 1.08352 1.18125e+06 100000 ZonesAtSurface
4525.53 2524.97 -43.3562 34 0 1 9 100000 15 10000 1.09174 3.49603e+06 100000 ZonesAtSurface
4575.5 2524.96 -33.3045 47 0 1 8 100000 15 10000 1.06517 1.31929e+06 100000 ZonesAtSurface
4625.48 2524.96 -23.2463 60 0 1 7 100000 15 10000 0.920748 695195 100000 ZonesAtSurface
4675.44 2524.97 -13.1978 73 0 1 6 100000 15 10000 1.08213 754060 100000 ZonesAtSurface
4725.37 2524.97 -3.14778 85 0 1 5 100000 15 10000 1.12472 538763 100000 ZonesAtSurface
4775.3 2524.98 6.88367 98 0 1 4 100000 15 10000 1.17138 544951 100000 ZonesAtSurface
4825.24 2524.98 16.8888 110 0 1 3 100000 15 10000 1.19847 591665 100000 ZonesAtSurface
4875.16 2524.98 26.8864 121 1 1 2 100000 15 10000 1.52504 442872 100000 ZonesAtSurface
4925.06 2524.98 36.8692 132 0 1 1 100000 15 10000 1.17185 685162 100000 ZonesAtSurface
74.9232 2574.98 -34.7141 121 0 1 2 562586 30.7188 121185 1.25867 5.32852e+06 562586 ZonesAtSurface
124.837 2574.98 -9.62024 52 95 1 2 1.40775e+06 41.0277 131952 3.1514 2.12498e+06 1.40775e+06 ZonesAtSurface
174.751 2574.98 -34.6618 108 0 1 3 787084 43.9642 141770 1.07026 4.15173e+06 787084 ZonesAtSurface
224.671 2574.98 -9.63464 111 55 1 3 660344 27.9683 74904.4 1.99195 1.23707e+06 660344 ZonesAtSurface
274.616 2574.97 -34.672 80 0 1 4 1.28416e+06 36.515 117418 1.0945 5.01304e+06 1.28416e+06 ZonesAtSurface
324.546 2574.97 -9.66413 89 40 1 4 1.3751e+06 17.4389 116474 2.55415 1.9019e+06 1.3751e+06 ZonesAtSurface
374.492 2574.96 -34.7332 68 0 1 5 972601 43.9421 145341 1.31038 5.25232e+06 972601 ZonesAtSurface
424.44 2574.94 -9.74728 52 16 1 5 977984 29.8536 70658.3 2.03773 2.22497e+06 977984 ZonesAtSurface
474.409 2574.94 -34.8092 32 0 1 6 831533 23.2874 101120 1.06511 4.19156e+06 831533 ZonesAtSurface
524.373 2574.92 -9.82299 28 0 1 6 581919 44.6539 78001.6 1.39369 3.78711e+06 581919 ZonesAtSurface
574.371 2574.94 -34.8547 1 0 1 7 1.25397e+06 44.8604 60363.5 1.23424 8.99045e+06 1.25397e+06 ZonesAtSurface
624.345 2574.92 -9.8662 18 0 1 7 1.48261e+06 15.2775 127106 1.03942 5.12947e+06 1.48261e+06 ZonesAtSurface
674.348 2574.95 -34.8867 8 0 1 8 1.24022e+06 16.226 134671 1.03369 6.58584e+06 1.24022e+06 ZonesAtSurface
724.323 2574.93 -9.89965 2 0 1 8 673917 21.5166 118174 1.06366 5.74608e+06 673917 ZonesAtSurface
774.301 2574.92 15.0781 3 0 1 8 1.26837e+06 33.5439 148623 1.11724 8.37632e+06 1.26837e+06 ZonesAtSurface
824.287 2574.92 40.0593 0 0 1 8 1.04725e+06 38.7081 117007 1.07113 6.10555e+06 1.04725e+06 ZonesAtSurface
874.277 2574.91 65.0435 9 0 1 8 879690 32.4211 130106 1.02817 3.38255e+06 879690 ZonesAtSurface
924.269 2574.91 90.0263 10 0 1 8 507681 17.7629 95177.5 0 1.34196e+06 507681 ZonesAtSurface
974.242 2574.89 214.984 2 7 2 6 1.22685e+06 22.4999 93276.9 1.4861 2.43045e+06 1.22685e+06 ZonesAtSurface
1024.27 2574.92 139.994 9 0 1 8 1.20997e+06 21.5458 137321 1.05623 3.47567e+06 1.20997e+06 ZonesAtSurface
1074.28 2574.93 164.977 1 1 2 8 1.32438e+06 39.9822 61041.3 1.13867 5.0164e+06 1.32438e+06 ZonesAtSurface
1124.28 2574.91 239.953 8 10 2 7 1.03913e+06 31.5095 142032 2.04424 2.29684e+06 1.03913e+06 ZonesAtSurface
1174.31 2574.94 214.945 1 0 2 8 1.04309e+06 44.7236 60258.7 1.05707 4.64136e+06 1.04309e+06 ZonesAtSurface
1224.32 2574.95 239.933 0 0 2 8 575078 39.0026 58636.5 1.08976 4.16019e+06 575078 ZonesAtSurface
1274.35 2574.96 264.925 1 0 2 8 559117 26.3245 108253 1.14832 2.46032e+06 559117 ZonesAtSurface
1324.37 2574.96 289.922 3 1 1 8 1.25782e+06 42.2131 137130 1.23754 4.47767e+06 1.25782e+06 ZonesAtSurface
1374.41 2574.98 264.91 3 0 1 9 981680 27.5419 82238.1 1.01551 4.95991e+06 981680 ZonesAtSurface
1424.44 2574.97 289.905 1 0 1 9 1.07038e+06 44.02 136535 1.22478 5.04031e+06 1.07038e+06 ZonesAtSurface
1474.48 2574.98 264.891 0 0 1 10 1.30439e+06 40.8258 148275 1.86762 5.42767e+06 1.30439e+06 ZonesAtSurface
1524.51 2574.98 289.885 1 0 1 10 1.00312e+06 40.1071 118802 1.1797 5.35594e+06 1.00312e+06 ZonesAtSurface
1574.54 2574.95 364.874 4 6 1 9 1.10217e+06 23.2464 106570 1.21572 2.68566e+06 1.10217e+06 ZonesAtSurface
1624.58 2574.94 389.858 5 6 2 9 610205 27.0486 135037 0 1.98374e+06 610205 ZonesAtSurface
1674.65 2574.98 264.863 0 0 1 12 1.07196e+06 17.4784 103596 1.00281 5.58696e+06 1.07196e+06 ZonesAtSurface
1724.69 2574.98 289.862 0 0 1 12 1.27531e+06 44.8991 99504.7 2.1084 6.38614e+06 1.27531e+06 ZonesAtSurface
1774.71 2574.98 364.866 5 3 2 11 1.10199e+06 15.2796 125627 1.23439 2.36608e+06 1.10199e+06 ZonesAtSurface
1824.76 2574.98 389.86 7 0 1 11 659302 33.3199 86567.9 1.11928 3.39205e+06 659302 ZonesAtSurface
1874.81 2574.98 414.86 3 7 2 11 1.28842e+06 36.7533 127384 1.23206 3.9859e+06 1.28842e+06 ZonesAtSurface
1924.85 2574.98 439.867 0 10 2 11 1.38311e+06 17.6128 50579 1.60234 2.36045e+06 1.38311e+06 ZonesAtSurface
1974.91 2574.99 414.869 1 1 2 12 1.19782e+06 26.9398 90707.1 1.05163 3.59974e+06 1.19782e+06 ZonesAtSurface
2024.96 2574.98 477.376 7 10 2 10 1.1551e+06 15.3014 61015.7 0 1.43679e+06 1.1551e+06 ZonesAtSurface
2075.02 2574.99 327.403 7 0 2 11 1.45687e+06 27.3535 135768 1.13236 4.5499e+06 1.45687e+06 ZonesAtSurface
2125.08 2574.99 227.43 7 0 1 11 1.4589e+06 37.0728 75132.8 1.40301 6.92067e+06 1.4589e+06 ZonesAtSurface
2175.11 2574.86 127.453 0 0 1 11 1.31728e+06 23.8704 133558 0 902537 1.31728e+06 ZonesAtSurface
2225.15 2574.73 27.4741 0 0 0 0 1.43408e+06 16.674 98900.7 0.535394 7.22516e+06 1.43408e+06 ZonesAtSurface
2275.17 2574.74 -72.5071 0 0 0 0 975170 35.3054 93795.8 0.68273 7.25635e+06 975170 ZonesAtSurface
2325.19 2574.87 -172.492 0 0 0 0 1.43429e+06 33.9997 52862.5 4.63077 1.47861e+06 1.43429e+06 ZonesAtSurface
2375.19 2574.57 -222.483 8 8 0 0 808473 17.6004 91061.8 0 1.23263e+06 808473 ZonesAtSurface
2425.1 2570.29 -122.506 8 0 0 0 825384 30.0732 64273.1 1.73349 2.22502e+07 825384 ZonesAtSurface
2475.13 2574.75 -422.475 5 7 0 0 1.31452e+06 33.5564 51112.8 1.42044 3.68624e+06 1.31452e+06 ZonesAtSurface
2525.06 2574.77 -452.462 5 5 0 0 991998 21.8339 56358.5 0.947364 3.28614e+06 991998 ZonesAtSurface
2575 2574.77 -412.448 7 8 0 0 1.02262e+06 28.8002 98567.9 0 2.07685e+06 1.02262e+06 ZonesAtSurface
2624.96 2574.75 -372.446 6 7 0 0 791623 20.3456 132117 0 2.05495e+06 791623 ZonesAtSurface
2674.92 2574.73 -332.45 5 7 0 0 1.27647e+06 21.024 65260.8 0.632487 6.34316e+06 1.27647e+06 ZonesAtSurface
2724.89 2574.73 -292.457 4 8 0 0 964973 16.8179 105775 0 3.47012e+06 964973 ZonesAtSurface
2774.85 2574.15 -202.473 9 9 0 0 971379 39.0559 74545.9 2.14455 1.97191e+06 971379 ZonesAtSurface
2824.83 2574.43 -162.485 8 9 0 0 1.46779e+06 27.0435 129005 0 4.31179e+06 1.46779e+06 ZonesAtSurface
2874.83 2571.98 -22.4893 3 0 0 0 1.45595e+06 40.5716 69679.2 2.93954 2.97113e+07 1.45595e+06 ZonesAtSurface
2924.83 2574.42 -82.4924 10 2 0 0 1.13015e+06 18.003 110892 1.15852 5.44803e+06 1.13015e+06 ZonesAtSurface
2974.82 2574.97 -92.5025 3 0 0 0 566389 17.2908 59033.4 1.65555 8.4102e+06 566389 ZonesAtSurface
3024.81 2574.97 -52.5135 0 0 0 0 1.06329e+06 17.534 71548.4 2.13207 7.23564e+06 1.06329e+06 ZonesAtSurface
3074.81 2574.97 -12.5289 0 0 0 0 1.24607e+06 31.6996 63297.2 4.47589 7.69206e+06 1.24607e+06 ZonesAtSurface
3124.83 2572.77 127.445 2 0 0 0 566968 27.4443 102634 1.82922 1.67195e+07 566968 ZonesAtSurface
3174.83 2574.96 67.4412 0 0 0 0 682784 27.3849 139090 3.2884 7.87342e+06 682784 ZonesAtSurface
3224.84 2574.96 107.428 1 0 0 0 870896 21.3305 103451 1.62798 8.76991e+06 870896 ZonesAtSurface
3274.85 2574.97 147.415 2 0 1 10 1.33873e+06 22.538 53046.7 1.7089 8.15687e+06 1.33873e+06 ZonesAtSurface
3324.86 2574.96 237.415 9 0 1 9 720597 18.2696 105906 1.13977 3.598e+06 720597 ZonesAtSurface
3374.89 2574.92 327.395 7 10 2 8 1.0595e+06 42.0485 60354 1.55608 3.26744e+06 1.0595e+06 ZonesAtSurface
3424.92 2574.95 267.377 2 0 1 10 1.13792e+06 35.5434 56987.8 2.0719 5.89576e+06 1.13792e+06 ZonesAtSurface
3474.95 2574.92 357.342 7 9 1 9 1.32301e+06 16.5334 142691 1.09946 3.27696e+06 1.32301e+06 ZonesAtSurface
3524.98 2574.92 397.312 6 1 2 9 508564 17.4145 52630.2 1.1188 1.28546e+06 508564 ZonesAtSurface
3575.03 2574.92 437.292 3 5 2 9 1.01378e+06 25.9919 82095 1.09441 2.92499e+06 1.01378e+06 ZonesAtSurface
3625.07 2574.96 377.314 9 0 1 11 883678 38.8649 126861 1.1299 6.2433e+06 883678 ZonesAtSurface
3675.11 2574.97 417.306 2 1 1 11 1.47712e+06 19.5264 95411.4 1.16627 3.58745e+06 1.47712e+06 ZonesAtSurface
3725.16 2574.96 457.292 5 10 2 11 1.40178e+06 28.1808 70551.4 1.49347 3.30901e+06 1.40178e+06 ZonesAtSurface
3775.22 2574.98 357.317 0 0 1 13 598801 26.3786 88331.1 1.00352 6.02565e+06 598801 ZonesAtSurface
3825.28 2574.94 467.276 0 4 2 10 1.44962e+06 32.0029 94042.2 1.43665 3.68451e+06 1.44962e+06 ZonesAtSurface
3875.34 2574.94 427.309 2 3 2 10 740223 39.1716 59734.9 1.07217 2.76597e+06 740223 ZonesAtSurface
3925.4 2574.93 437.31 5 9 2 9 939352 30.9257 105661 1.22743 2.71544e+06 939352 ZonesAtSurface
3975.45 2574.94 347.373 3 0 2 10 591401 29.6286 94314.9 0.974163 1.90682e+06 591401 ZonesAtSurface
4025.51 2574.92 357.374 7 4 2 9 1.10773e+06 30.0482 81278.5 1.23187 3.29644e+06 1.10773e+06 ZonesAtSurface
4075.56 2574.9 367.376 4 10 2 8 677665 24.9687 129923 1.96413 1.24015e+06 677665 ZonesAtSurface
4125.58 2574.91 277.432 8 7 2 9 912601 38.9699 59932.2 1.33234 3.19872e+06 912601 ZonesAtSurface
4175.6 2574.91 237.459 6 5 2 9 1.16374e+06 21.7659 114805 1.20366 2.9571e+06 1.16374e+06 ZonesAtSurface
4225.61 2574.91 197.487 7 10 2 9 1.35577e+06 34.6118 105583 1.17508 4.49876e+06 1.35577e+06 ZonesAtSurface
4275.62 2574.91 157.515 10 3 1 9 1.27272e+06 27.6627 70320.2 1.06679 3.96394e+06 1.27272e+06 ZonesAtSurface
4325.62 2574.91 117.541 3 3 2 9 1.12932e+06 34.8312 106698 1.06673 3.92181e+06 1.12932e+06 ZonesAtSurface
4375.61 2574.92 77.5643 10 0 1 9 776848 30.0177 67653.7 1.1151 2.93183e+06 776848 ZonesAtSurface
4425.6 2574.93 37.5873 7 0 1 9 1.09549e+06 37.9732 95913.7 1.1072 7.24624e+06 1.09549e+06 ZonesAtSurface
4475.57 2574.95 -2.39093 1 0 1 9 898264 19.0261 130936 1.06527 6.11232e+06 898264 ZonesAtSurface
4525.53 2574.96 -42.3792 0 0 1 9 638364 40.8445 62647.8 1.23098 9.95852e+06 638364 ZonesAtSurface
4575.52 2574.95 -32.3532 14 0 1 8 728519 40.041 89613.8 1.3237 1.08217e+07 728519 ZonesAtSurface
4625.49 2574.94 -22.3061 29 0 1 7 796363 24.5957 107731 1.05231 5.0932e+06 796363 ZonesAtSurface
4675.44 2574.96 -12.2604 57 0 1 6 1.30989e+06 33.991 139223 1.44661 5.20197e+06 1.30989e+06 ZonesAtSurface
4725.36 2574.96 -2.22517 67 34 1 5 1.24002e+06 43.2066 133062 1.51569 4.65063e+06 1.24002e+06 ZonesAtSurface
4775.29 2574.97 7.81988 55 0 1 4 768307 36.9824 87534.9 4.53963 1.59349e+06 768307 ZonesAtSurface
4825.23 2574.97 17.8266 69 20 1 3 1.02641e+06 17.3398 108675 1.36808 2.11877e+06 1.02641e+06 ZonesAtSurface
4875.15 2574.97 27.8172 115 30 1 2 900661 36.152 119637 1.31792 3.18011e+06 900661 ZonesAtSurface
4925.06 2574.98 37.8041 122 0 1 1 787291 44.2015 91543.1 1.41791 3.99402e+06 787291 ZonesAtSurface
74.9226 2624.99 -33.7213 120 0 1 2 602739 27.7765 94392.2 1.2763 5.04078e+06 602739 ZonesAtSurface
124.835 2624.99 -8.63853 57 71 1 2 1.08772e+06 31.8561 129533 3.21636 1.35903e+06 1.08772e+06 ZonesAtSurface
174.744 2624.98 -33.6862 89 0 1 3 854094 34.8766 101021 1.11349 3.90399e+06 854094 ZonesAtSurface
224.67 2624.98 -8.65898 97 70 1 3 1.44485e+06 16.1354 130392 2.43818 1.66145e+06 1.44485e+06 ZonesAtSurface
274.619 2624.98 -33.6977 87 0 1 4 1.31439e+06 33.6581 77396.9 1.04461 5.57745e+06 1.31439e+06 ZonesAtSurface
324.552 2624.98 -8.6866 74 13 1 4 1.25286e+06 16.513 84664.5 1.73709 2.30753e+06 1.25286e+06 ZonesAtSurface
374.496 2624.97 -33.7477 64 0 1 5 563973 28.0959 83894.6 1.23905 4.43133e+06 563973 ZonesAtSurface
424.428 2624.96 -8.76406 44 7 1 5 1.30432e+06 19.5871 94991.1 1.7145 2.56265e+06 1.30432e+06 ZonesAtSurface
474.404 2624.95 -33.8255 37 0 1 6 620884 25.919 98175.1 1.04323 5.23908e+06 620884 ZonesAtSurface
524.358 2624.94 -8.83671 33 0 1 6 976761 28.5643 134013 1.04382 4.61441e+06 976761 ZonesAtSurface
574.326 2624.93 16.1482 9 0 1 6 1.04241e+06 43.5681 92051.8 1.15201 8.06433e+06 1.04241e+06 ZonesAtSurface
624.333 2624.94 -8.87448 2 0 1 7 868629 40.8932 83902.2 1.56662 8.30472e+06 868629 ZonesAtSurface
674.306 2624.93 16.1114 7 0 1 7 1.16868e+06 24.9358 125746 1.02749 7.60441e+06 1.16868e+06 ZonesAtSurface
724.282 2624.93 41.0942 6 0 1 7 1.17976e+06 29.4593 93852.5 1.02858 6.59062e+06 1.17976e+06 ZonesAtSurface
774.264 2624.93 66.0724 1 0 1 7 538379 15.8325 76768 1.01436 2.95348e+06 538379 ZonesAtSurface
824.233 2624.91 141.043 5 6 2 6 779136 37.9267 80527.5 1.03208 2.86299e+06 779136 ZonesAtSurface
874.247 2624.93 116.037 3 0 1 7 1.25254e+06 19.8401 105961 1.00608 4.80086e+06 1.25254e+06 ZonesAtSurface
924.23 2624.92 191.005 2 1 1 6 1.4574e+06 33.5907 87821.9 1.12241 4.98214e+06 1.4574e+06 ZonesAtSurface
974.227 2624.93 315.97 0 8 2 4 1.01481e+06 41.7489 92853 0 2.35366e+06 1.01481e+06 ZonesAtSurface
1024.25 2624.92 240.971 6 0 2 6 865996 28.0317 77878.4 1.08713 3.26494e+06 865996 ZonesAtSurface
1074.25 2624.92 315.943 0 8 2 5 1.10783e+06 23.8652 62679.1 1.21346 2.77479e+06 1.10783e+06 ZonesAtSurface
1124.27 2624.93 340.928 10 7 2 5 671654 22.9239 54375.5 1.53166 1.33274e+06 671654 ZonesAtSurface
1174.29 2624.94 315.926 3 0 2 6 1.03758e+06 17.2337 107363 1.00737 2.99172e+06 1.03758e+06 ZonesAtSurface
1224.31 2624.94 340.915 0 0 2 6 526647 26.4369 117454 1.01688 2.54301e+06 526647 ZonesAtSurface
1274.34 2624.96 315.919 9 0 1 7 867938 31.8388 95976.1 1.05586 3.82361e+06 867938 ZonesAtSurface
1324.37 2624.97 290.911 0 0 1 8 1.25255e+06 37.9206 85112.8 1.46567 4.94084e+06 1.25255e+06 ZonesAtSurface
1374.4 2624.97 315.904 2 0 2 8 786053 20.8081 138672 1.03015 3.4683e+06 786053 ZonesAtSurface
1424.43 2624.97 340.901 8 0 2 8 653754 33.3415 50094.3 1.08146 3.55649e+06 653754 ZonesAtSurface
1474.47 2624.98 315.892 5 0 1 9 991201 36.6769 63165 1.08848 5.1511e+06 991201 ZonesAtSurface
1524.51 2624.98 290.877 0 0 1 10 1.39025e+06 34.5071 90352.2 1.67996 5.50657e+06 1.39025e+06 ZonesAtSurface
1574.53 2624.97 365.875 4 0 1 9 951951 38.8372 90685.2 1.01982 4.309e+06 951951 ZonesAtSurface
1624.58 2624.98 340.867 10 0 1 10 1.46506e+06 15.0047 109251 1.01807 3.91963e+06 1.46506e+06 ZonesAtSurface
1674.63 2624.98 315.86 4 0 1 11 505037 22.8938 121166 1.0309 3.8266e+06 505037 ZonesAtSurface
1724.67 2624.98 340.863 3 0 1 11 942464 43.877 85593.4 1.08296 5.5341e+06 942464 ZonesAtSurface
1774.7 2624.99 415.857 6 0 1 10 514801 18.7132 130176 1.41696 1.72061e+06 514801 ZonesAtSurface
1824.76 2624.99 390.862 9 0 1 11 583731 17.7358 120454 1.41833 1.96429e+06 583731 ZonesAtSurface
1874.81 2624.99 415.862 1 0 2 11 579771 38.3292 63140.4 1.03415 2.70436e+06 579771 ZonesAtSurface
1924.86 2624.99 390.863 3 0 2 12 577756 31.5001 137127 0.992347 3.97419e+06 577756 ZonesAtSurface
1974.91 2624.99 415.868 2 0 1 12 541476 39.2001 114088 1.00622 3.67736e+06 541476 ZonesAtSurface
2024.97 2624.99 328.378 1 0 1 13 686461 18.3022 51609.1 0.998013 4.95453e+06 686461 ZonesAtSurface
2075.02 2624.99 328.4 10 0 1 11 1.24757e+06 18.1081 89693.5 1.00929 4.45868e+06 1.24757e+06 ZonesAtSurface
2125.07 2624.99 278.427 1 0 2 10 734063 39.7486 52870 1.12866 4.90725e+06 734063 ZonesAtSurface
2175.11 2624.69 178.45 10 2 1 10 592578 33.0556 113174 0.924525 4.23465e+06 592578 ZonesAtSurface
2225.15 2624.99 28.4753 0 0 0 0 510384 25.046 106961 1.09873 5.48344e+06 510384 ZonesAtSurface
2275.13 2622.36 78.472 10 9 0 0 1.30742e+06 29.1056 145600 3.19017 6.37353e+06 1.30742e+06 ZonesAtSurface
2325.18 2624.69 -121.494 5 9 0 0 959113 38.0463 116471 0.602081 8.54641e+06 959113 ZonesAtSurface
2375.18 2624.83 -221.485 9 9 0 0 1.48555e+06 33.5541 94164 1.84782 2.98406e+06 1.48555e+06 ZonesAtSurface
2425.06 2617.42 -21.52 10 0 0 0 1.01218e+06 32.8696 64372.6 2.60009 1.35972e+07 1.01218e+06 ZonesAtSurface
2475.12 2624.53 -371.482 10 8 0 0 1.11817e+06 33.3323 107064 0 1.28681e+06 1.11817e+06 ZonesAtSurface
2525.06 2624.67 -401.469 9 9 0 0 984148 25.8946 66595.9 0.649045 5.1139e+06 984148 ZonesAtSurface
2575 2624.64 -361.459 5 9 0 0 701993 22.1519 122477 0.618984 3.42945e+06 701993 ZonesAtSurface
2624.95 2624.49 -321.465 10 7 0 0 1.35641e+06 15.6328 149104 0 2.74628e+06 1.35641e+06 ZonesAtSurface
2674.91 2623.26 -231.477 10 0 0 0 1.3036e+06 40.7881 82833.3 5.83671 1.14978e+07 1.3036e+06 ZonesAtSurface
2724.89 2624.31 -241.487 10 0 0 0 690107 30.491 57125.5 1.00136 1.20473e+07 690107 ZonesAtSurface
2774.89 2624.93 -251.495 0 0 0 0 843061 27.5548 79798.9 1.37014 1.6292e+07 843061 ZonesAtSurface
2824.85 2618.97 38.4915 10 0 0 0 1.49516e+06 40.2638 76713.6 1.55548 1.71419e+07 1.49516e+06 ZonesAtSurface
2874.88 2624.72 -121.521 0 0 0 0 1.10912e+06 36.4618 59268.4 1.47927 5.64395e+07 1.10912e+06 ZonesAtSurface
2924.86 2624.59 -81.5095 10 0 0 0 690703 44.8717 119526 1.8357 3.34109e+07 690703 ZonesAtSurface
2974.82 2624.96 -91.5087 0 0 0 0 1.23034e+06 25.4974 99912.2 2.68788 7.06612e+06 1.23034e+06 ZonesAtSurface
3024.83 2623.09 48.4479 7 0 0 0 622088 30.392 117715 2.4526 1.54862e+07 622088 ZonesAtSurface
3074.82 2624.95 -11.542 0 0 0 0 892959 25.542 96826.5 1.93582 9.8418e+06 892959 ZonesAtSurface
3124.82 2624.94 28.4386 0 0 0 0 768023 36.1621 97325 3.32898 1.06863e+07 768023 ZonesAtSurface
3174.84 2624.93 68.4193 0 0 0 0 1.41133e+06 23.9711 139270 1.54721 1.24583e+07 1.41133e+06 ZonesAtSurface
3224.86 2624.93 108.406 0 0 0 0 699335 30.4069 90871.2 1.67019 1.37208e+07 699335 ZonesAtSurface
3274.87 2624.94 148.399 0 0 1 10 972051 36.7447 90207.1 2.41417 1.23187e+07 972051 ZonesAtSurface
3324.86 2624.95 288.412 3 2 2 8 1.0124e+06 18.2982 81443.9 1.13964 2.46006e+06 1.0124e+06 ZonesAtSurface
3374.89 2624.95 278.394 0 0 1 9 1.05002e+06 44.7523 61056.2 2.3012 5.20642e+06 1.05002e+06 ZonesAtSurface
3424.92 2624.95 318.372 0 0 1 9 525139 38.1083 112765 1.05844 5.1025e+06 525139 ZonesAtSurface
3474.95 2624.95 358.343 9 0 1 9 1.09855e+06 37.2932 84688.4 1.08008 5.8044e+06 1.09855e+06 ZonesAtSurface
3524.97 2624.93 498.269 0 7 2 7 1.17233e+06 42.3709 109606 1.52474 3.46708e+06 1.17233e+06 ZonesAtSurface
3575.01 2624.93 488.269 7 6 2 8 676321 16.5353 145961 0.985752 1.72628e+06 676321 ZonesAtSurface
3625.06 2624.93 528.25 6 8 2 8 680958 25.4417 64416.2 1.20121 1.7186e+06 680958 ZonesAtSurface
3675.12 2624.98 368.302 6 0 1 12 1.28519e+06 21.5094 69540 1.00138 6.63687e+06 1.28519e+06 ZonesAtSurface
3725.17 2624.97 458.279 9 0 1 11 888789 30.1554 112486 1.05666 3.99764e+06 888789 ZonesAtSurface
3775.23 2624.97 458.276 7 0 1 11 978413 21.1595 101007 1.01527 2.84152e+06 978413 ZonesAtSurface
3825.29 2624.97 418.294 6 0 1 11 1.08964e+06 35.0616 117075 1.00432 5.81151e+06 1.08964e+06 ZonesAtSurface
3875.34 2624.97 428.31 1 0 1 10 1.23674e+06 30.5507 130165 1.0366 5.41147e+06 1.23674e+06 ZonesAtSurface
3925.4 2624.93 538.218 7 3 2 7 573442 44.861 96875.5 1.21795 1.99617e+06 573442 ZonesAtSurface
3975.47 2624.93 498.249 8 7 2 7 999376 35.5275 115271 1.24681 2.86844e+06 999376 ZonesAtSurface
4025.53 2624.93 458.293 7 1 2 7 537510 30.5514 105083 0 1.56199e+06 537510 ZonesAtSurface
4075.58 2624.92 418.343 5 4 2 7 1.09135e+06 28.2235 76036.6 1.07121 3.28333e+06 1.09135e+06 ZonesAtSurface
4125.59 2624.93 328.412 4 0 1 8 957767 37.7328 50281.1 1.01643 4.87449e+06 957767 ZonesAtSurface
4175.63 2624.92 338.422 4 5 2 7 996226 20.4636 140283 1.07581 2.5389e+06 996226 ZonesAtSurface
4225.63 2624.93 248.473 7 0 1 8 1.434e+06 23.5341 86412.5 1.00917 4.36195e+06 1.434e+06 ZonesAtSurface
4275.66 2624.91 258.484 6 6 2 7 793949 25.0279 66257.7 0.998441 2.41247e+06 793949 ZonesAtSurface
4325.65 2624.93 168.532 3 0 1 8 716613 15.8789 124171 1.01282 2.41026e+06 716613 ZonesAtSurface
4375.68 2624.91 178.546 4 2 2 7 508873 31.1493 57712.2 0.977167 1.7377e+06 508873 ZonesAtSurface
4425.65 2624.94 88.5814 6 0 1 8 1.09705e+06 18.422 121831 1.04756 4.49016e+06 1.09705e+06 ZonesAtSurface
4475.67 2624.92 98.5913 5 0 2 7 961256 34.7004 133557 1.01169 3.90508e+06 961256 ZonesAtSurface
4525.58 2624.95 8.62615 9 0 1 8 725199 16.7502 145982 1.04334 5.42214e+06 725199 ZonesAtSurface
4575.52 2624.96 -31.3618 0 0 1 8 1.00137e+06 37.2629 136494 1.53376 1.07173e+07 1.00137e+06 ZonesAtSurface
4625.5 2624.96 -21.3261 32 0 1 7 958524 32.2379 84372.7 1.05249 1.04936e+07 958524 ZonesAtSurface
4675.43 2624.97 -11.2763 33 0 1 6 1.26232e+06 44.5621 148401 1.58163 7.54217e+06 1.26232e+06 ZonesAtSurface
4725.36 2624.97 -1.24709 71 0 1 5 828791 26.9365 136863 1.69934 2.91945e+06 828791 ZonesAtSurface
4775.28 2624.98 8.79941 36 11 1 4 1.31995e+06 44.4348 135435 2.39652 3.11879e+06 1.31995e+06 ZonesAtSurface
4825.23 2624.98 18.8011 83 17 1 3 1.17747e+06 30.877 132196 2.65301 2.23431e+06 1.17747e+06 ZonesAtSurface
4875.15 2624.98 28.805 81 0 1 2 592074 18.9914 115609 1.15181 2.00464e+06 592074 ZonesAtSurface
4925.07 2624.99 38.7831 109 6 1 1 1.04057e+06 32.4468 98737.3 1.63861 3.47739e+06 1.04057e+06 ZonesAtSurface
74.9242 2674.99 -32.728 121 0 1 2 756205 17.9553 74862.4 1.23635 3.82588e+06 756205 ZonesAtSurface
124.835 2674.99 -7.65196 94 58 1 2 559459 17.0378 82020.5 2.93844 603816 559459 ZonesAtSurface
174.741 2674.99 -32.6964 96 0 1 3 1.3366e+06 21.1566 63212.9 1.24962 3.67243e+06 1.3366e+06 ZonesAtSurface
224.671 2674.98 -7.66882 87 64 1 3 1.46328e+06 31.1225 99025.4 3.44228 2.12714e+06 1.46328e+06 ZonesAtSurface
274.615 2674.98 -32.7118 85 0 1 4 1.1035e+06 27.2228 73442.5 1.23397 4.95296e+06 1.1035e+06 ZonesAtSurface
324.552 2674.98 -7.70207 71 24 1 4 1.39499e+06 31.0993 103036 2.03672 3.04824e+06 1.39499e+06 ZonesAtSurface
374.493 2674.98 -32.7555 70 0 1 5 732611 27.1236 73709.9 1.11002 5.17173e+06 732611 ZonesAtSurface
424.407 2674.97 -7.7855 56 0 1 5 516072 18.0187 65200.3 1.78676 1.2849e+06 516072 ZonesAtSurface
474.392 2674.97 -32.8493 13 0 1 6 1.46155e+06 22.4831 59228.9 1.03358 8.75014e+06 1.46155e+06 ZonesAtSurface
524.344 2674.96 -7.86 8 0 1 6 666851 30.1346 95153.4 1.05794 7.7622e+06 666851 ZonesAtSurface
574.309 2674.95 17.131 0 0 1 6 1.38264e+06 35.5479 67024.5 1.52564 7.72942e+06 1.38264e+06 ZonesAtSurface
624.281 2674.95 42.1169 3 0 1 6 920024 43.2386 79852.4 1.2985 7.83178e+06 920024 ZonesAtSurface
674.23 2674.94 117.088 9 1 2 5 907277 26.2143 121705 1.00717 2.77453e+06 907277 ZonesAtSurface
724.221 2674.94 142.074 10 4 2 5 867922 24.8619 63105.4 1.06418 2.47219e+06 867922 ZonesAtSurface
774.23 2674.95 117.065 2 0 1 6 1.23149e+06 43.4752 103545 1.08747 6.72174e+06 1.23149e+06 ZonesAtSurface
824.21 2674.94 192.035 0 6 2 5 1.35562e+06 44.3351 52516.9 1.2516 5.01469e+06 1.35562e+06 ZonesAtSurface
874.211 2674.94 217.016 9 0 1 5 1.05555e+06 23.0028 107236 1.01874 3.54122e+06 1.05555e+06 ZonesAtSurface
924.215 2674.94 241.995 0 0 2 5 1.15369e+06 44.1293 62257.7 1.05019 5.01586e+06 1.15369e+06 ZonesAtSurface
974.223 2674.95 316.97 10 7 2 4 1.11362e+06 16.1453 95571.9 1.29673 2.23519e+06 1.11362e+06 ZonesAtSurface
1024.24 2674.95 291.96 4 0 1 5 521861 31.5749 109993 1.03439 2.85452e+06 521861 ZonesAtSurface
1074.25 2674.95 316.942 2 0 2 5 737540 38.7495 50605.7 1.00571 3.42607e+06 737540 ZonesAtSurface
1124.27 2674.96 391.917 5 9 2 4 1.07223e+06 19.0178 59395.4 1.65736 1.78211e+06 1.07223e+06 ZonesAtSurface
1174.29 2674.96 416.9 0 9 2 4 1.31551e+06 38.9248 106058 1.88949 2.7292e+06 1.31551e+06 ZonesAtSurface
1224.31 2674.96 391.896 3 1 2 5 582829 28.9065 91115.6 1.05095 1.72314e+06 582829 ZonesAtSurface
1274.34 2674.97 366.9 4 0 1 6 1.10527e+06 33.2348 58133.5 1.08127 4.24975e+06 1.10527e+06 ZonesAtSurface
1324.37 2674.97 341.901 1 0 2 7 530742 31.0296 60268.1 1.03875 2.64186e+06 530742 ZonesAtSurface
1374.4 2674.97 366.9 7 7 2 7 1.00806e+06 38.3324 109658 1.50614 2.61372e+06 1.00806e+06 ZonesAtSurface
1424.43 2674.98 341.892 0 0 2 8 1.20679e+06 44.6027 108963 2.0201 3.54054e+06 1.20679e+06 ZonesAtSurface
1474.46 2674.98 316.881 4 0 1 9 981655 15.795 128675 1.00676 3.51677e+06 981655 ZonesAtSurface
1524.49 2674.98 341.875 2 0 2 9 1.16741e+06 42.0214 125846 1.02888 4.9846e+06 1.16741e+06 ZonesAtSurface
1574.53 2674.98 366.868 7 0 1 9 503058 38.6973 96364.6 1.00218 2.24588e+06 503058 ZonesAtSurface
1624.58 2674.98 341.859 1 0 2 10 1.23427e+06 39.2536 142942 1.02936 4.98908e+06 1.23427e+06 ZonesAtSurface
1674.63 2674.99 316.852 2 0 1 11 1.0252e+06 35.4776 89519.6 1.05315 6.41447e+06 1.0252e+06 ZonesAtSurface
1724.66 2674.98 391.862 9 0 1 10 1.0732e+06 39.3564 53177.4 1.16898 4.85668e+06 1.0732e+06 ZonesAtSurface
1774.73 2674.99 316.856 12 0 1 12 1.38305e+06 17.7989 140018 1.00372 5.63301e+06 1.38305e+06 ZonesAtSurface
1824.77 2674.99 341.856 3 0 1 12 1.46022e+06 23.9619 66338.5 1.0034 5.9627e+06 1.46022e+06 ZonesAtSurface
1874.82 2674.99 366.856 3 0 1 12 1.22572e+06 19.285 103277 1.0013 4.98776e+06 1.22572e+06 ZonesAtSurface
1924.86 2674.99 391.862 9 0 1 12 1.26976e+06 36.5748 140104 1.00378 6.20905e+06 1.26976e+06 ZonesAtSurface
1974.91 2674.99 416.865 4 0 1 12 869827 38.0717 139690 0.990464 3.99555e+06 869827 ZonesAtSurface
2024.96 2674.99 479.371 10 8 2 10 906485 30.4884 138018 1.83183 1.82785e+06 906485 ZonesAtSurface
2075.02 2674.99 279.398 0 0 1 12 950439 32.0125 76085.1 1.27871 7.09499e+06 950439 ZonesAtSurface
2125.06 2674.98 279.426 0 0 1 10 1.41225e+06 28.5445 103106 1.40118 7.69816e+06 1.41225e+06 ZonesAtSurface
2175.1 2674.83 179.446 9 9 1 10 863455 16.6128 86737.9 0 1.32943e+06 863455 ZonesAtSurface
2225.13 2674.67 79.4649 8 8 0 0 805123 44.9128 72063.7 0.593767 8.08427e+06 805123 ZonesAtSurface
2275.15 2674.82 -20.5177 9 9 0 0 681484 38.8691 142607 5.79298 632930 681484 ZonesAtSurface
2325.17 2674.96 -120.503 0 0 0 0 1.45842e+06 22.4884 90692.9 2.1624 8.58469e+06 1.45842e+06 ZonesAtSurface
2375.16 2674.97 -220.494 0 0 0 0 570632 34.04 96711.4 4.61059 7.87582e+06 570632 ZonesAtSurface
2425.14 2674.97 -320.491 0 0 0 0 953637 17.0164 146780 1.79253 7.75744e+06 953637 ZonesAtSurface
2475.11 2674.67 -370.492 10 0 0 0 653135 22.7274 85975.3 1.81146 1.1195e+07 653135 ZonesAtSurface
2525.06 2674.93 -400.486 0 0 0 0 1.45317e+06 35.4559 99656.9 3.7509 1.23854e+07 1.45317e+06 ZonesAtSurface
2575.01 2674.89 -360.482 1 0 0 0 628562 30.7852 85730.6 1.19772 1.60764e+07 628562 ZonesAtSurface
2624.99 2674.95 -370.483 0 0 0 0 1.42374e+06 40.8293 144496 5.95203 1.00416e+07 1.42374e+06 ZonesAtSurface
2674.96 2674.94 -330.489 0 0 0 0 711270 23.6186 142806 1.63393 1.13827e+07 711270 ZonesAtSurface
2724.93 2674.93 -290.5 0 0 0 0 551577 33.6315 69385.3 2.92265 1.23474e+07 551577 ZonesAtSurface
2774.91 2674.94 -250.514 0 0 0 0 740312 36.5132 99578.3 4.52673 1.10633e+07 740312 ZonesAtSurface
2824.89 2674.95 -210.521 0 0 0 0 842853 28.1956 129287 3.71002 9.26668e+06 842853 ZonesAtSurface
2874.88 2674.95 -170.519 0 0 0 0 962860 36.1415 137328 6.6669 8.3211e+06 962860 ZonesAtSurface
2924.86 2674.59 -80.5132 10 3 0 0 618352 18.4416 128969 1.07168 5.6413e+06 618352 ZonesAtSurface
2974.83 2674.51 -40.5342 10 7 0 0 1.1238e+06 30.7973 64226.9 0 2.38193e+06 1.1238e+06 ZonesAtSurface
3024.82 2674.94 -50.5465 0 0 0 0 706883 43.5667 148745 6.2076 1.05071e+07 706883 ZonesAtSurface
3074.83 2674.93 -10.5712 0 0 0 0 1.05664e+06 43.8785 60362.8 5.13088 1.29219e+07 1.05664e+06 ZonesAtSurface
3124.84 2674.92 29.4044 0 0 0 0 1.21162e+06 37.2367 144625 3.34969 1.48743e+07 1.21162e+06 ZonesAtSurface
3174.86 2674.91 69.3853 0 0 0 0 1.48019e+06 36.1811 82984 2.76272 1.54014e+07 1.48019e+06 ZonesAtSurface
3224.89 2674.91 109.372 0 0 0 0 1.18054e+06 25.8941 93609.7 1.36866 1.52569e+07 1.18054e+06 ZonesAtSurface
3274.91 2674.92 149.372 2 0 1 10 1.06593e+06 25.5322 117267 1.51516 1.26845e+07 1.06593e+06 ZonesAtSurface
3324.87 2674.96 289.403 9 8 1 8 1.41185e+06 44.1596 139621 1.85798 4.53615e+06 1.41185e+06 ZonesAtSurface
3374.89 2674.96 329.379 4 0 1 8 870561 43.2002 142739 1.13791 5.31602e+06 870561 ZonesAtSurface
3424.92 2674.96 369.353 1 0 1 8 616980 43.1328 51061.1 1.05086 5.3147e+06 616980 ZonesAtSurface
3474.94 2674.95 459.305 6 1 2 7 640701 20.2461 138416 1.1014 1.56747e+06 640701 ZonesAtSurface
3524.97 2674.95 499.276 3 7 2 7 1.40622e+06 34.9096 119290 1.42813 3.57669e+06 1.40622e+06 ZonesAtSurface
3575.02 2674.96 489.271 1 1 2 8 987280 41.7634 89755.1 1.09545 3.88453e+06 987280 ZonesAtSurface
3625.06 2674.96 529.255 6 7 2 8 1.05816e+06 22.6234 91474.9 1.15019 2.70433e+06 1.05816e+06 ZonesAtSurface
3675.12 2674.97 469.271 6 0 2 10 502327 27.1687 141611 1.02146 3.22384e+06 502327 ZonesAtSurface
3725.16 2674.97 509.255 10 5 2 10 905719 37.3269 118983 1.24 2.78952e+06 905719 ZonesAtSurface
3775.22 2674.97 509.255 6 4 2 10 986852 27.5654 57574.3 1.13128 2.82918e+06 986852 ZonesAtSurface
3825.27 2674.97 519.257 7 3 2 9 1.04583e+06 27.1406 51045.9 1.15424 2.92033e+06 1.04583e+06 ZonesAtSurface
3875.33 2674.96 529.253 3 10 1 8 1.44391e+06 20.2583 95016 1.28568 3.16723e+06 1.44391e+06 ZonesAtSurface
3925.41 2674.96 539.219 8 5 2 7 874858 22.0086 119906 1.01825 2.40746e+06 874858 ZonesAtSurface
3975.47 2674.95 549.204 3 0 2 6 1.0588e+06 30.1252 70812.9 1.07614 3.55878e+06 1.0588e+06 ZonesAtSurface
4025.53 2674.95 509.258 5 5 2 6 970355 41.744 60208.4 1.04281 4.04012e+06 970355 ZonesAtSurface
4075.58 2674.96 419.346 10 0 2 7 1.30067e+06 37.1289 132539 1.031 4.78733e+06 1.30067e+06 ZonesAtSurface
4125.6 2674.96 329.41 3 0 1 8 1.3816e+06 24.9815 118065 1.01656 5.8837e+06 1.3816e+06 ZonesAtSurface
4175.65 2674.95 389.406 4 9 2 6 1.18605e+06 33.9832 116090 1.21238 3.51647e+06 1.18605e+06 ZonesAtSurface
4225.67 2674.94 349.436 0 3 2 6 1.24877e+06 33.906 128567 1.04498 4.22077e+06 1.24877e+06 ZonesAtSurface
4275.69 2674.94 309.466 6 8 1 6 1.30279e+06 42.6584 89573.1 1.05616 5.32317e+06 1.30279e+06 ZonesAtSurface
4325.71 2674.93 319.478 8 4 2 5 649923 23.9234 125773 1.04185 1.75782e+06 649923 ZonesAtSurface
4375.69 2674.95 179.546 4 0 1 7 1.25294e+06 22.0838 141284 1.04303 4.64464e+06 1.25294e+06 ZonesAtSurface
4425.72 2674.94 189.55 4 1 2 6 703253 37.8813 56456.2 1.02005 2.69463e+06 703253 ZonesAtSurface
4475.72 2674.95 149.568 3 6 2 6 775568 28.4035 87046.2 0.985825 2.50727e+06 775568 ZonesAtSurface
4525.71 2674.97 109.591 9 0 2 6 668128 34.4118 50216.6 0 2.24884e+06 668128 ZonesAtSurface
4575.58 2674.98 19.6487 9 0 1 7 942229 39.0818 51470.8 1.22319 9.4477e+06 942229 ZonesAtSurface
4625.5 2674.98 -20.3282 29 0 1 7 1.25258e+06 37.6715 74096 1.10339 1.23042e+07 1.25258e+06 ZonesAtSurface
4675.43 2674.98 -10.2799 44 0 1 6 1.27499e+06 33.7651 66926.3 1.52469 6.78523e+06 1.27499e+06 ZonesAtSurface
4725.35 2674.98 -0.256169 63 0 1 5 728738 36.2922 128357 1.92691 4.08184e+06 728738 ZonesAtSurface
4775.29 2674.98 9.78418 50 0 1 4 1.37411e+06 30.7777 83531.4 2.61916 2.92933e+06 1.37411e+06 ZonesAtSurface
4825.25 2674.99 19.7805 87 8 1 3 961875 25.9906 54883.5 2.92751 1.54331e+06 961875 ZonesAtSurface
4875.16 2674.99 29.799 80 0 1 2 908930 34.8277 142243 1.92787 2.55542e+06 908930 ZonesAtSurface
4925.07 2674.99 39.7841 102 13 1 1 959070 17.3837 119812 1.42092 2.27619e+06 959070 ZonesAtSurface
74.9218 2725 -31.7413 108 0 1 2 1.47831e+06 23.1918 77641 1.27378 6.1612e+06 1.47831e+06 ZonesAtSurface
124.838 2724.99 -6.67339 79 78 1 2 1.18658e+06 28.3789 126446 2.10415 2.05228e+06 1.18658e+06 ZonesAtSurface
174.751 2724.99 -31.701 77 0 1 3 1.24352e+06 41.677 63997.8 1.27047 6.38451e+06 1.24352e+06 ZonesAtSurface
224.681 2724.99 -6.66597 82 46 1 3 1.09725e+06 39.2976 70541.3 5.12755 1.81077e+06 1.09725e+06 ZonesAtSurface
274.611 2724.99 -31.7148 79 0 1 4 947657 41.0331 51897.3 1.5621 5.9744e+06 947657 ZonesAtSurface
324.544 2724.99 -6.70959 75 9 1 4 1.135e+06 37.2475 67990.6 2.10638 3.36483e+06 1.135e+06 ZonesAtSurface
374.488 2724.99 -31.7655 45 0 1 5 1.15886e+06 37.0442 129931 1.08395 8.05263e+06 1.15886e+06 ZonesAtSurface
424.404 2724.99 -6.79773 55 0 1 5 1.28382e+06 22.9567 53371.4 1.18117 4.61043e+06 1.28382e+06 ZonesAtSurface
474.386 2724.99 -31.8587 10 0 1 6 1.45072e+06 34.2979 104638 1.53755 1.03376e+07 1.45072e+06 ZonesAtSurface
524.335 2724.98 -6.87074 0 0 1 6 546710 38.3661 56548.4 1.93511 7.98402e+06 546710 ZonesAtSurface
574.297 2724.98 18.1214 0 0 1 6 1.32183e+06 43.5532 112207 2.25692 7.32424e+06 1.32183e+06 ZonesAtSurface
624.235 2724.98 93.1031 9 0 2 5 845454 19.1746 67578.4 1.00645 2.86663e+06 845454 ZonesAtSurface
674.222 2724.98 118.086 1 0 2 5 667928 33.7667 60978.2 1.00719 3.67137e+06 667928 ZonesAtSurface
724.214 2724.98 143.073 0 0 2 5 1.47496e+06 43.6202 85172.4 1.22465 5.33611e+06 1.47496e+06 ZonesAtSurface
774.208 2724.98 168.058 5 0 1 5 1.16564e+06 33.2422 130791 1.01077 4.48727e+06 1.16564e+06 ZonesAtSurface
824.198 2724.97 243.027 8 8 2 4 794888 21.934 112895 1.00206 2.23129e+06 794888 ZonesAtSurface
874.203 2724.97 268.008 0 5 2 4 846284 33.379 67780.1 1.06992 2.80551e+06 846284 ZonesAtSurface
924.21 2724.97 292.989 0 5 2 4 1.39564e+06 17.5555 138315 1.10093 3.36012e+06 1.39564e+06 ZonesAtSurface
974.22 2724.97 317.97 6 1 2 4 686147 20.2814 133616 1.05801 1.74267e+06 686147 ZonesAtSurface
1024.23 2724.97 342.95 0 5 2 4 1.15974e+06 24.1464 79008 1.09317 3.1902e+06 1.15974e+06 ZonesAtSurface
1074.25 2724.98 367.932 3 6 2 4 1.28592e+06 16.4761 53391.5 1.18262 2.88124e+06 1.28592e+06 ZonesAtSurface
1124.27 2724.98 392.913 6 6 2 4 1.31248e+06 16.3765 64713.4 1.23845 2.79168e+06 1.31248e+06 ZonesAtSurface
1174.29 2724.98 417.893 0 6 2 4 1.12822e+06 40.2831 108570 1.30232 3.44787e+06 1.12822e+06 ZonesAtSurface
1224.31 2724.98 442.877 0 7 2 4 1.38935e+06 35.9019 146863 1.52182 3.36937e+06 1.38935e+06 ZonesAtSurface
1274.34 2724.98 417.88 2 2 2 5 1.34431e+06 35.4043 53919.7 1.00978 5.05094e+06 1.34431e+06 ZonesAtSurface
1324.37 2724.99 342.895 0 0 1 7 1.44462e+06 41.3457 124273 1.95237 4.0358e+06 1.44462e+06 ZonesAtSurface
1374.4 2724.99 367.893 5 0 2 7 807102 22.3859 102813 1.04263 2.22071e+06 807102 ZonesAtSurface
1424.43 2724.99 342.886 0 0 2 8 626580 40.8731 56246 1.43122 2.99314e+06 626580 ZonesAtSurface
1474.46 2724.99 367.886 0 10 2 8 1.48425e+06 41.3306 143526 2.9103 2.0975e+06 1.48425e+06 ZonesAtSurface
1524.49 2724.99 342.87 1 0 2 9 1.46249e+06 23.7286 84661.6 1.0363 4.42161e+06 1.46249e+06 ZonesAtSurface
1574.53 2725 467.842 2 8 2 7 1.43416e+06 25.3924 131965 0 3.58061e+06 1.43416e+06 ZonesAtSurface
1624.58 2724.99 342.854 8 0 1 10 725176 31.9365 77553.4 1.0074 4.5213e+06 725176 ZonesAtSurface
1674.61 2724.99 367.851 4 0 2 10 1.26605e+06 31.367 53706.7 1.01741 4.34171e+06 1.26605e+06 ZonesAtSurface
1724.65 2724.98 392.854 5 9 2 10 1.45925e+06 43.2275 148824 1.35495 4.55846e+06 1.45925e+06 ZonesAtSurface
1774.7 2724.98 417.854 7 6 2 10 663689 27.8989 69389.6 1.75622 1.39663e+06 663689 ZonesAtSurface
1824.76 2724.99 392.86 8 0 1 11 1.10871e+06 21.1274 119070 1.12896 3.36408e+06 1.10871e+06 ZonesAtSurface
1874.8 2724.98 467.858 1 3 2 10 1.36137e+06 36.8833 133167 1.33545 3.92597e+06 1.36137e+06 ZonesAtSurface
1924.84 2724.99 492.859 0 9 2 10 770238 21.1642 117577 1.36049 1.6093e+06 770238 ZonesAtSurface
1974.9 2724.99 467.863 0 9 2 11 907252 40.834 73412.1 1.21452 3.1482e+06 907252 ZonesAtSurface
2024.96 2724.99 380.371 2 0 1 12 991470 42.5471 131161 1.12014 7.02155e+06 991470 ZonesAtSurface
2075 2724.99 380.4 9 10 1 10 1.34356e+06 39.3534 77408 1.23711 4.46888e+06 1.34356e+06 ZonesAtSurface
2125.05 2724.98 280.424 0 0 2 10 923091 32.726 120238 1.11051 3.94707e+06 923091 ZonesAtSurface
2175.06 2724.95 180.435 5 0 1 10 841174 27.8208 95151.5 1.57141 1.40506e+07 841174 ZonesAtSurface
2225.07 2724.92 80.4404 0 0 0 0 1.25774e+06 40.8442 112268 2.72227 2.7687e+07 1.25774e+06 ZonesAtSurface
2275.09 2724.28 30.4438 10 0 0 0 1.3536e+06 24.0755 78389.9 1.00037 2.27573e+07 1.3536e+06 ZonesAtSurface
2325.14 2724.31 -69.5308 10 0 0 0 1.39567e+06 39.455 113484 1.00028 2.00864e+07 1.39567e+06 ZonesAtSurface
2375.15 2724.96 -219.505 0 0 0 0 1.07528e+06 41.3798 134819 5.49925 9.90695e+06 1.07528e+06 ZonesAtSurface
2425.13 2724.37 -269.502 6 0 0 0 773186 39.1108 149880 1.00068 2.41479e+07 773186 ZonesAtSurface
2475.1 2724.67 -369.506 10 0 0 0 1.29192e+06 42.8372 100409 3.16439 2.04612e+07 1.29192e+06 ZonesAtSurface
2525.06 2724.92 -399.516 0 0 0 0 620805 44.6157 140057 5.75997 1.58107e+07 620805 ZonesAtSurface
2574.98 2719.39 -159.508 9 0 0 0 943676 35.3344 99798.8 3.56169 9.26418e+06 943676 ZonesAtSurface
2624.95 2718.37 -69.4751 10 0 0 0 525656 41.4479 65516.4 4.88358 9.56303e+06 525656 ZonesAtSurface
2674.98 2724.93 -329.517 0 0 0 0 1.28706e+06 22.9301 64136.2 2.10025 1.33666e+07 1.28706e+06 ZonesAtSurface
2724.95 2724.94 -289.514 0 0 0 0 1.38333e+06 30.738 99657.9 3.14924 1.07398e+07 1.38333e+06 ZonesAtSurface
2774.92 2724.95 -249.514 0 0 0 0 1.12221e+06 17.2455 94667.9 1.68613 8.71438e+06 1.12221e+06 ZonesAtSurface
2824.89 2724.96 -209.509 0 0 0 0 1.11289e+06 22.2682 105305 3.12893 6.59743e+06 1.11289e+06 ZonesAtSurface
2874.86 2724.96 -169.509 0 0 0 0 518842 37.5318 55117.8 10 4.31872e+06 518842 ZonesAtSurface
2924.84 2724.53 -79.5247 10 0 0 0 693692 15.4815 119943 1.0724 2.3714e+07 693692 ZonesAtSurface
2974.84 2724.5 -39.5657 0 0 0 0 633826 21.2691 124917 1.34181 2.68554e+07 633826 ZonesAtSurface
3024.83 2724.93 -49.5763 0 0 0 0 635762 25.4949 100826 2.34272 1.0619e+07 635762 ZonesAtSurface
3074.86 2724.25 40.3517 10 0 0 0 604939 17.9441 91827 1.00027 1.57973e+07 604939 ZonesAtSurface
3124.9 2724.23 80.3262 10 0 0 0 1.33942e+06 22.681 60880.2 1.00025 2.30957e+07 1.33942e+06 ZonesAtSurface
3174.9 2724.88 70.34 0 0 0 0 613055 43.87 72803.7 2.87945 1.81893e+07 613055 ZonesAtSurface
3224.92 2724.88 110.335 0 0 0 0 1.06338e+06 32.6017 133987 1.72884 1.7322e+07 1.06338e+06 ZonesAtSurface
3274.94 2724.91 150.348 3 0 1 10 1.06244e+06 20.8002 73311.4 1.14474 1.22914e+07 1.06244e+06 ZonesAtSurface
3324.91 2724.95 240.387 3 0 1 9 629477 29.3144 132684 1.30762 4.78693e+06 629477 ZonesAtSurface
3374.87 2724.98 380.346 2 3 2 7 1.09145e+06 40.9766 103156 1.09723 4.20262e+06 1.09145e+06 ZonesAtSurface
3424.9 2724.98 470.309 2 3 2 6 1.14752e+06 22.7602 90285.3 1.08099 3.10511e+06 1.14752e+06 ZonesAtSurface
3474.94 2724.98 460.303 0 5 2 7 1.24424e+06 44.163 71998.2 1.29224 4.44419e+06 1.24424e+06 ZonesAtSurface
3524.98 2724.98 500.276 0 5 2 7 1.28006e+06 32.5064 135017 1.3781 3.23176e+06 1.28006e+06 ZonesAtSurface
3575.01 2724.98 540.251 2 9 2 7 1.14819e+06 29.4431 96076 1.77535 2.1251e+06 1.14819e+06 ZonesAtSurface
3625.06 2724.98 530.251 8 8 2 8 1.21312e+06 20.2814 72293.1 1.04422 3.27476e+06 1.21312e+06 ZonesAtSurface
3675.12 2724.99 470.265 2 0 2 10 653808 42.7545 77854.9 1.03536 3.72138e+06 653808 ZonesAtSurface
3725.16 2724.99 510.253 0 5 2 10 1.20747e+06 21.5193 54200.2 1.28998 2.73684e+06 1.20747e+06 ZonesAtSurface
3775.22 2724.99 510.254 4 0 2 10 888758 27.4163 95624.1 1.03014 2.82148e+06 888758 ZonesAtSurface
3825.27 2724.98 520.252 5 3 2 9 1.18024e+06 36.1027 70350.5 1.13626 3.93518e+06 1.18024e+06 ZonesAtSurface
3875.33 2724.98 530.251 0 6 2 8 1.31773e+06 20.0103 126863 1.21489 3.00742e+06 1.31773e+06 ZonesAtSurface
3925.4 2724.98 590.169 5 0 2 6 542678 33.844 105308 0 1.70481e+06 542678 ZonesAtSurface
3975.46 2724.98 600.167 2 7 2 5 736642 18.5612 115438 1.16541 1.69098e+06 736642 ZonesAtSurface
4025.53 2724.98 510.26 0 0 2 6 1.28101e+06 28.0626 86392.5 1.3062 3.17857e+06 1.28101e+06 ZonesAtSurface
4075.58 2724.98 520.276 2 8 2 5 1.20614e+06 20.1622 83972 1.23047 2.75029e+06 1.20614e+06 ZonesAtSurface
4125.63 2724.98 480.331 6 6 2 5 1.30789e+06 36.0223 54501.2 1.06349 4.74037e+06 1.30789e+06 ZonesAtSurface
4175.65 2724.98 340.422 2 0 1 7 740936 21.4471 85050.6 1.1264 3.19021e+06 740936 ZonesAtSurface
4225.68 2724.97 400.424 0 9 2 5 1.27153e+06 42.6433 145866 0 3.63191e+06 1.27153e+06 ZonesAtSurface
4275.7 2724.97 360.448 6 6 2 5 855299 39.9226 76093.4 1.09904 3.09629e+06 855299 ZonesAtSurface
4325.72 2724.97 320.476 8 1 2 5 543409 28.8507 115524 0 1.59372e+06 543409 ZonesAtSurface
4375.73 2724.97 280.509 6 1 2 5 513850 28.103 54526 1.07679 1.50859e+06 513850 ZonesAtSurface
4425.74 2724.97 240.531 0 10 2 5 1.25475e+06 41.0208 124525 1.27703 3.94465e+06 1.25475e+06 ZonesAtSurface
4475.74 2724.98 150.56 4 3 2 6 813307 22.0265 76349.2 1.11041 2.1745e+06 813307 ZonesAtSurface
4525.59 2724.99 10.614 10 0 1 8 1.2972e+06 40.1884 134282 1.71543 1.1624e+07 1.2972e+06 ZonesAtSurface
4575.53 2724.99 -29.3704 17 0 1 8 1.42077e+06 18.0617 90097.8 1.03349 9.17665e+06 1.42077e+06 ZonesAtSurface
4625.48 2724.99 -19.3182 38 0 1 7 831124 15.2184 144118 1.0608 5.38546e+06 831124 ZonesAtSurface
4675.42 2724.99 -9.28129 30 0 1 6 1.45007e+06 43.3262 138929 1.37184 7.71005e+06 1.45007e+06 ZonesAtSurface
4725.36 2724.99 0.739465 57 0 1 5 1.22646e+06 39.6744 132981 1.72425 5.6474e+06 1.22646e+06 ZonesAtSurface
4775.29 2724.99 10.7708 28 0 2 4 1.19599e+06 43.0409 119889 3.5112 3.36341e+06 1.19599e+06 ZonesAtSurface
4825.26 2724.99 20.7645 89 0 1 3 588162 32.1248 93325.8 1.6501 2.62826e+06 588162 ZonesAtSurface
4875.17 2724.99 30.7963 93 6 1 2 892773 20.7014 74049.7 1.61322 1.81344e+06 892773 ZonesAtSurface
4925.07 2724.99 40.7922 106 0 1 1 643961 18.7492 76202.1 1.29545 1.98619e+06 643961 ZonesAtSurface
74.9218 2775 -30.7463 91 0 1 2 1.40253e+06 24.2745 73500.8 1.28622 6.7349e+06 1.40253e+06 ZonesAtSurface
124.844 2775 -5.68236 71 82 1 2 1.37723e+06 36.0307 76821.5 2.09038 3.03276e+06 1.37723e+06 ZonesAtSurface
174.762 2775 -30.7006 85 0 1 3 1.44142e+06 29.9791 95288.7 1.25943 5.17539e+06 1.44142e+06 ZonesAtSurface
224.693 2775 -5.65626 80 37 1 3 1.37408e+06 33.1902 139277 3.85627 2.16161e+06 1.37408e+06 ZonesAtSurface
274.612 2775 -30.7058 97 0 1 4 991197 17.8399 108264 1.15171 3.40529e+06 991197 ZonesAtSurface
324.536 2775 -5.69875 73 38 1 4 1.20387e+06 40.9143 131729 2.57466 2.64954e+06 1.20387e+06 ZonesAtSurface
374.483 2775 -30.7678 72 0 1 5 821739 31.0059 90702.1 1.07209 6.2939e+06 821739 ZonesAtSurface
424.415 2775.01 -5.79021 38 0 1 5 1.34361e+06 44.1561 123373 1.57136 5.43047e+06 1.34361e+06 ZonesAtSurface
474.386 2775 -30.8521 14 0 1 6 1.09698e+06 39.6516 122685 1.24876 1.13921e+07 1.09698e+06 ZonesAtSurface
524.334 2775.01 -5.86812 0 0 1 6 1.34811e+06 35.0717 133456 1.71963 8.75384e+06 1.34811e+06 ZonesAtSurface
574.297 2775.01 19.1222 0 0 1 6 833621 40.1453 114404 1.92239 7.10791e+06 833621 ZonesAtSurface
624.234 2775.01 94.1039 10 0 1 5 1.18725e+06 34.3722 142050 1.00089 5.97347e+06 1.18725e+06 ZonesAtSurface
674.22 2775.01 119.086 4 0 2 5 890588 24.9772 81231.1 1.00631 3.64619e+06 890588 ZonesAtSurface
724.21 2775.01 144.072 6 0 2 5 1.29153e+06 28.8484 69544 1.01378 4.39087e+06 1.29153e+06 ZonesAtSurface
774.195 2775.01 219.045 8 0 2 4 743729 38.6 130444 1.0476 2.9268e+06 743729 ZonesAtSurface
824.203 2775 194.035 2 0 1 5 992311 23.2588 68949.6 1.00763 3.72146e+06 992311 ZonesAtSurface
874.201 2775 269.008 0 6 2 4 1.46021e+06 28.6991 82850.7 1.19732 3.99687e+06 1.46021e+06 ZonesAtSurface
924.209 2775 293.99 1 4 2 4 1.14724e+06 22.7813 53498.6 1.06844 3.17113e+06 1.14724e+06 ZonesAtSurface
974.219 2775 318.971 6 3 2 4 980458 35.7883 66964.6 1.02547 3.55692e+06 980458 ZonesAtSurface
1024.23 2775 343.951 4 1 2 4 948453 22.0257 56778.4 1.03558 2.65574e+06 948453 ZonesAtSurface
1074.25 2775 368.932 0 7 2 4 1.07634e+06 41.1639 105461 1.23273 3.53126e+06 1.07634e+06 ZonesAtSurface
1124.28 2775 493.889 2 7 2 2 974833 18.5248 142216 0 1.22312e+06 974833 ZonesAtSurface
1174.29 2775 418.894 1 0 2 4 1.08045e+06 31.9724 112418 1.03012 3.57274e+06 1.08045e+06 ZonesAtSurface
1224.31 2775 443.875 7 1 2 4 511797 20.0383 61473.4 1.16919 1.21075e+06 511797 ZonesAtSurface
1274.34 2775 468.862 4 8 2 4 1.02262e+06 25.8227 136433 0 1.8002e+06 1.02262e+06 ZonesAtSurface
1324.37 2775 343.895 0 0 2 7 518019 19.2629 61230.9 1.01346 2.46801e+06 518019 ZonesAtSurface
1374.4 2775 368.892 0 7 2 7 1.36126e+06 39.9537 142000 1.82892 3.01571e+06 1.36126e+06 ZonesAtSurface
1424.43 2775 343.886 5 0 2 8 759625 29.5009 105530 1.17882 2.94809e+06 759625 ZonesAtSurface
1474.46 2774.99 318.876 0 0 1 9 796550 27.2124 91517.3 1.06667 4.04495e+06 796550 ZonesAtSurface
1524.49 2775 343.87 8 0 1 9 1.30414e+06 25.3917 99406.3 1.11492 4.20927e+06 1.30414e+06 ZonesAtSurface
1574.53 2774.99 368.864 8 8 1 9 1.16137e+06 42.527 67578.9 1.27459 3.94148e+06 1.16137e+06 ZonesAtSurface
1624.57 2774.99 393.863 9 9 1 9 1.08863e+06 34.9649 111411 1.46725 2.67783e+06 1.08863e+06 ZonesAtSurface
1674.61 2775 418.863 3 10 2 9 714277 32.6547 135551 2.86945 824941 714277 ZonesAtSurface
1724.65 2774.99 393.85 3 1 2 10 1.43724e+06 27.9795 118169 1.08688 4.23139e+06 1.43724e+06 ZonesAtSurface
1774.71 2774.99 368.852 10 0 1 11 567065 21.5429 115956 1.0121 3.18871e+06 567065 ZonesAtSurface
1824.76 2775 393.858 2 0 2 11 1.17276e+06 20.2403 105357 1.06228 3.15395e+06 1.17276e+06 ZonesAtSurface
1874.8 2775 418.862 6 0 2 11 769553 33.516 102231 1.02733 3.37328e+06 769553 ZonesAtSurface
1924.85 2775 443.863 1 9 2 11 1.34497e+06 32.8864 125887 1.12363 4.19118e+06 1.34497e+06 ZonesAtSurface
1974.9 2774.99 468.864 5 6 2 11 839960 42.7167 101990 1.05845 3.26351e+06 839960 ZonesAtSurface
2024.95 2774.99 381.37 4 0 1 12 503518 38.6073 134262 1.00185 6.22706e+06 503518 ZonesAtSurface
2075 2774.99 331.393 9 0 1 11 587282 20.2392 143152 0.984275 3.68369e+06 587282 ZonesAtSurface
2125.03 2774.97 281.421 3 1 2 10 817699 16.0097 115924 1.0864 2.00996e+06 817699 ZonesAtSurface
2175.03 2774.96 131.414 0 0 1 11 1.3001e+06 19.1161 72259.2 1.66483 1.74007e+07 1.3001e+06 ZonesAtSurface
2225 2774.86 81.4063 2 0 0 0 740871 29.0996 71151.3 1.10521 3.67709e+07 740871 ZonesAtSurface
2275.06 2774.88 -18.5812 2 0 0 0 1.25662e+06 30.3578 144995 1.07168 3.19619e+07 1.25662e+06 ZonesAtSurface
2325.1 2774.92 -118.551 0 0 0 0 1.49512e+06 39.5608 142592 2.09379 2.43035e+07 1.49512e+06 ZonesAtSurface
2375.12 2774.3 -168.54 10 0 0 0 1.39667e+06 22.2879 94277.7 1.00015 1.65418e+07 1.39667e+06 ZonesAtSurface
2425.12 2774.96 -318.511 0 0 0 0 1.03543e+06 22.7344 96523.5 2.05285 1.17962e+07 1.03543e+06 ZonesAtSurface
2475.09 2774.66 -368.518 10 0 0 0 1.09052e+06 41.2866 128937 2.78836 2.46785e+07 1.09052e+06 ZonesAtSurface
2525.07 2774.85 -398.539 9 0 0 0 703250 29.3558 135842 2.39369 2.63045e+07 703250 ZonesAtSurface
2575.06 2774.71 -358.572 9 0 0 0 1.0969e+06 34.71 129466 1.77571 6.2472e+07 1.0969e+06 ZonesAtSurface
2625.03 2774.94 -368.549 0 0 0 0 925343 31.6836 113119 3.53014 1.47544e+07 925343 ZonesAtSurface
2675 2774.94 -328.537 0 0 0 0 515114 25.0971 136363 2.08575 1.4289e+07 515114 ZonesAtSurface
2724.96 2774.95 -288.521 0 0 0 0 1.29114e+06 25.9816 74841.1 2.76476 1.04104e+07 1.29114e+06 ZonesAtSurface
2774.92 2774.34 -198.508 10 0 0 0 543662 35.7021 51878.7 1.00093 2.59867e+07 543662 ZonesAtSurface
2824.89 2774.96 -208.505 0 0 0 0 868802 40.7758 87822.8 10 5.87887e+06 868802 ZonesAtSurface
2874.86 2774.95 -168.514 0 0 0 0 1.20867e+06 41.9661 79465.4 10 7.67522e+06 1.20867e+06 ZonesAtSurface
2924.83 2774.37 -78.5481 5 0 0 0 1.41497e+06 18.167 118594 1.01335 2.21741e+07 1.41497e+06 ZonesAtSurface
2974.85 2774.93 -88.5722 0 0 0 0 599348 23.9172 109208 2.93042 1.14188e+07 599348 ZonesAtSurface
3024.85 2774.91 -48.6097 0 0 0 0 1.23207e+06 32.8904 74078.2 4.00038 1.43835e+07 1.23207e+06 ZonesAtSurface
3074.86 2774.87 -8.66149 0 0 0 0 762050 38.3607 138705 3.25345 2.30822e+07 762050 ZonesAtSurface
3124.9 2774.83 31.2873 0 0 0 0 558267 40.6986 112433 2.66143 3.37852e+07 558267 ZonesAtSurface
3174.96 2774.81 71.2571 0 0 0 0 1.14224e+06 33.6255 60098.8 1.58562 3.97298e+07 1.14224e+06 ZonesAtSurface
3225 2774.81 111.263 1 0 0 0 1.49258e+06 41.83 58301.4 1.87199 4.30352e+07 1.49258e+06 ZonesAtSurface
3275.01 2774.87 151.31 4 0 1 10 1.13115e+06 17.9139 106373 1.12069 1.8157e+07 1.13115e+06 ZonesAtSurface
3324.97 2774.95 191.355 0 0 1 10 576719 20.0255 97514 1.11609 8.75042e+06 576719 ZonesAtSurface
3374.87 2775 381.342 10 4 1 7 821556 29.5513 119111 1.32797 2.06207e+06 821556 ZonesAtSurface
3424.91 2775 421.324 8 0 1 7 1.35284e+06 33.0984 99799.7 1.06353 4.63149e+06 1.35284e+06 ZonesAtSurface
3474.94 2775 461.301 7 0 1 7 807837 26.2009 131884 1.07891 2.9627e+06 807837 ZonesAtSurface
3524.98 2775 501.275 10 0 2 7 601131 28.3249 75228.2 1.12493 1.83093e+06 601131 ZonesAtSurface
3575.02 2775 491.264 4 0 2 8 648673 23.6993 80475.3 1.01481 2.43746e+06 648673 ZonesAtSurface
3625.07 2775 531.251 7 0 2 8 622997 23.018 71943.3 1.04075 1.78337e+06 622997 ZonesAtSurface
3675.13 2774.99 421.28 6 0 1 11 1.06847e+06 19.2908 114073 1.01055 4.93995e+06 1.06847e+06 ZonesAtSurface
3725.18 2774.99 411.281 0 0 1 12 1.26455e+06 29.8765 103868 1.00291 7.00795e+06 1.26455e+06 ZonesAtSurface
3775.22 2775 511.254 4 0 2 10 665231 34.5129 83529.7 1.0432 2.86083e+06 665231 ZonesAtSurface
3825.27 2775 521.252 0 2 2 9 1.36497e+06 44.3489 91696.2 1.31523 4.63615e+06 1.36497e+06 ZonesAtSurface
3875.33 2774.99 481.281 0 0 2 9 739679 16.1832 119519 1.11589 2.59131e+06 739679 ZonesAtSurface
3925.4 2775 591.176 0 1 2 6 717290 32.4314 106375 0 2.16176e+06 717290 ZonesAtSurface
3975.47 2775 551.221 0 4 1 6 1.41338e+06 29.4581 89447.1 1.47852 3.23868e+06 1.41338e+06 ZonesAtSurface
4025.53 2775.01 561.22 8 4 2 5 554994 26.2154 133565 1.17825 1.34285e+06 554994 ZonesAtSurface
4075.59 2775.01 521.276 7 5 2 5 855334 38.615 105686 0 2.56955e+06 855334 ZonesAtSurface
4125.63 2775.01 431.361 0 0 2 6 1.05717e+06 39.9505 65695.9 1.03005 4.28208e+06 1.05717e+06 ZonesAtSurface
4175.66 2775.01 391.403 8 0 1 6 726081 22.0703 111956 1.00622 2.32227e+06 726081 ZonesAtSurface
4225.68 2775.01 351.438 2 0 2 6 838453 29.1253 138892 1.00346 3.01119e+06 838453 ZonesAtSurface
4275.7 2775.01 361.449 1 7 2 5 1.25643e+06 35.0586 51156.9 1.1124 4.2329e+06 1.25643e+06 ZonesAtSurface
4325.72 2775.01 321.478 5 0 2 5 841053 31.6661 93530.8 0 2.78651e+06 841053 ZonesAtSurface
4375.73 2775.01 281.51 6 1 2 5 680136 27.5136 127124 0 2.00748e+06 680136 ZonesAtSurface
4425.73 2775 191.547 5 0 1 6 558806 44.7749 84688.7 0.997617 3.5677e+06 558806 ZonesAtSurface
4475.74 2775 151.558 2 2 2 6 515090 35.3167 76040.7 1.12665 1.68655e+06 515090 ZonesAtSurface
4525.54 2774.99 -38.403 0 0 1 9 1.2152e+06 35.5206 118591 3.00027 8.90871e+06 1.2152e+06 ZonesAtSurface
4575.52 2774.99 -28.3687 7 0 1 8 852868 30.907 123644 1.07864 1.20044e+07 852868 ZonesAtSurface
4625.47 2775 -18.3164 21 0 1 7 1.32669e+06 24.0689 83452.9 1.03739 7.06496e+06 1.32669e+06 ZonesAtSurface
4675.43 2775 -8.2872 33 0 1 6 1.00483e+06 44.8066 80779.9 1.50495 6.65313e+06 1.00483e+06 ZonesAtSurface
4725.37 2774.99 1.74093 68 0 1 5 623234 30.866 57440.1 1.2683 4.16324e+06 623234 ZonesAtSurface
4775.29 2775 11.7666 63 0 1 4 944411 36.8451 98193.3 3.77467 2.13724e+06 944411 ZonesAtSurface
4825.25 2775 21.7649 88 9 1 3 1.0736e+06 29.1548 70332.6 3.99032 1.46868e+06 1.0736e+06 ZonesAtSurface
4875.16 2775 31.7999 94 21 1 2 1.13656e+06 16.2405 141727 1.60836 1.92538e+06 1.13656e+06 ZonesAtSurface
4925.06 2774.99 41.7945 105 0 1 1 826299 37.5538 133136 1.39384 3.53289e+06 826299 ZonesAtSurface
74.9231 2825 -29.7398 121 0 1 2 536072 23.1681 93152.1 1.32974 4.13912e+06 536072 ZonesAtSurface
124.846 2825 -4.6746 83 80 1 2 539328 25.9957 135529 1.78733 944302 539328 ZonesAtSurface
174.766 2825 -29.6932 78 0 1 3 607751 40.7926 113704 1.43525 4.17775e+06 607751 ZonesAtSurface
224.694 2825 -4.64665 82 2 1 3 613618 37.0118 91649.4 6.14197 926564 613618 ZonesAtSurface
274.617 2825 -29.6893 97 0 1 4 679204 15.6556 77074 1.10553 2.26825e+06 679204 ZonesAtSurface
324.534 2825.01 -4.67782 100 0 1 4 704495 19.3183 66666.5 1.69156 1.44483e+06 704495 ZonesAtSurface
374.482 2825.01 -29.7594 59 0 1 5 666081 23.5797 140906 1.21058 3.52554e+06 666081 ZonesAtSurface
424.42 2825.01 -4.77909 42 8 1 5 1.38096e+06 19.8696 112289 2.21498 1.98201e+06 1.38096e+06 ZonesAtSurface
474.392 2825.02 -29.8378 30 0 1 6 1.27325e+06 24.6075 79473.4 1.02915 7.84858e+06 1.27325e+06 ZonesAtSurface
524.343 2825.02 -4.85323 13 0 1 6 1.35211e+06 25.4451 112741 1.06044 7.5952e+06 1.35211e+06 ZonesAtSurface
574.308 2825.04 20.1346 9 0 1 6 1.19714e+06 23.6524 149115 1.09183 6.17667e+06 1.19714e+06 ZonesAtSurface
624.279 2825.04 45.1182 0 0 1 6 630234 27.3135 121554 1.05479 5.41602e+06 630234 ZonesAtSurface
674.222 2825.06 120.086 10 9 1 5 1.18749e+06 36.3988 50078 1.06664 4.31237e+06 1.18749e+06 ZonesAtSurface
724.211 2825.05 145.071 8 9 2 5 1.44015e+06 23.1557 93308.6 1.0254 4.15646e+06 1.44015e+06 ZonesAtSurface
774.203 2825.04 170.053 10 0 2 5 873645 15.6333 110423 1.04141 2.38701e+06 873645 ZonesAtSurface
824.202 2825.04 195.034 0 0 2 5 1.07875e+06 39.9045 94005.4 1.04984 4.18597e+06 1.07875e+06 ZonesAtSurface
874.206 2825.03 220.017 4 2 1 5 1.34074e+06 22.9877 56525.3 1.0168 3.95098e+06 1.34074e+06 ZonesAtSurface
924.209 2825.03 294.992 0 7 2 4 1.33389e+06 24.1211 84337.3 1.17728 3.40398e+06 1.33389e+06 ZonesAtSurface
974.22 2825.02 269.981 0 3 1 5 1.31219e+06 41.0845 70424.4 1.17142 4.71477e+06 1.31219e+06 ZonesAtSurface
1024.23 2825.02 294.963 0 0 2 5 1.40554e+06 15.0162 87067.8 1.00319 3.81843e+06 1.40554e+06 ZonesAtSurface
1074.25 2825.02 369.935 0 3 2 4 1.4438e+06 15.6204 70553.5 1.20199 3.12861e+06 1.4438e+06 ZonesAtSurface
1124.27 2825.02 394.917 7 5 2 4 763952 40.1555 68188.1 1.24567 2.4832e+06 763952 ZonesAtSurface
1174.29 2825.02 419.899 3 5 2 4 1.17599e+06 22.2373 87742.4 1.30116 2.64356e+06 1.17599e+06 ZonesAtSurface
1224.31 2825.02 394.895 0 0 2 5 502059 37.371 64614.7 0.939174 3.16738e+06 502059 ZonesAtSurface
1274.34 2825.02 469.863 5 7 2 4 576278 31.6833 56088.1 2.35175 831205 576278 ZonesAtSurface
1324.37 2825.01 344.9 4 0 1 7 914517 41.5468 68056.8 1.06656 4.14203e+06 914517 ZonesAtSurface
1374.4 2825.01 369.897 0 0 2 7 1.00087e+06 36.2887 134247 1.30252 3.31142e+06 1.00087e+06 ZonesAtSurface
1424.42 2825.01 344.893 0 0 2 8 1.2676e+06 28.4461 149387 1.28478 3.43434e+06 1.2676e+06 ZonesAtSurface
1474.46 2825 319.881 1 0 2 9 592047 34.8015 79137.2 1.02464 3.91016e+06 592047 ZonesAtSurface
1524.49 2825 344.876 3 3 2 9 1.31958e+06 29.3038 59438.2 1.13227 3.89772e+06 1.31958e+06 ZonesAtSurface
1574.52 2825 369.87 1 5 2 9 845393 17.0314 63259.9 1.30022 1.72487e+06 845393 ZonesAtSurface
1624.56 2825 394.868 0 6 2 9 929528 43.9604 107996 1.52703 2.62747e+06 929528 ZonesAtSurface
1674.61 2825 369.856 17 0 1 10 571014 40.3795 127147 1.01085 3.64154e+06 571014 ZonesAtSurface
1724.65 2825 394.855 7 0 2 10 577797 39.6223 131983 1.07238 2.44508e+06 577797 ZonesAtSurface
1774.69 2825 419.856 8 4 1 10 723038 32.4883 56871.7 1.53461 1.847e+06 723038 ZonesAtSurface
1824.77 2825 344.857 2 0 1 12 790264 25.0281 118736 1.00494 5.0307e+06 790264 ZonesAtSurface
1874.81 2825 369.86 4 0 1 12 1.19481e+06 29.2932 102926 1.0091 6.32634e+06 1.19481e+06 ZonesAtSurface
1924.85 2825 394.861 2 0 1 12 629985 33.2335 73249.1 1.01432 4.80525e+06 629985 ZonesAtSurface
1974.9 2825 469.865 2 9 2 11 1.00129e+06 44.8005 128243 1.2459 3.39563e+06 1.00129e+06 ZonesAtSurface
2024.95 2825 432.374 0 7 2 11 1.37778e+06 34.0908 73582.2 1.17866 4.27601e+06 1.37778e+06 ZonesAtSurface
2074.99 2824.99 332.393 0 0 2 11 1.14049e+06 37.8565 73080.7 0.988838 4.50739e+06 1.14049e+06 ZonesAtSurface
2125.02 2824.98 282.42 1 5 2 10 832769 31.9549 104202 1.23202 2.49437e+06 832769 ZonesAtSurface
2175.01 2824.96 132.403 0 0 1 11 1.4375e+06 37.5205 91254.1 4.04475 1.58254e+07 1.4375e+06 ZonesAtSurface
2224.98 2824.67 82.3891 6 0 0 0 1.37086e+06 32.8051 140168 1.55027 8.45103e+07 1.37086e+06 ZonesAtSurface
2275.04 2824.8 -17.5945 10 0 0 0 679328 43.3136 146590 2.99099 4.19994e+07 679328 ZonesAtSurface
2325.08 2824.91 -117.567 1 0 0 0 1.13152e+06 39.9194 63705.6 1.72599 2.61782e+07 1.13152e+06 ZonesAtSurface
2375.1 2824.94 -217.543 2 0 0 0 986967 30.356 96716.7 2.09869 1.46198e+07 986967 ZonesAtSurface
2425.09 2824.33 -267.537 3 0 0 0 1.16756e+06 26.3253 141870 1.00019 1.77499e+07 1.16756e+06 ZonesAtSurface
2475.08 2824.55 -367.528 10 0 0 0 757716 20.2548 70010.8 1.37166 3.24785e+07 757716 ZonesAtSurface
2525.07 2824.66 -397.547 10 0 0 0 735212 21.433 149042 1.2634 4.66368e+07 735212 ZonesAtSurface
2575.06 2824.95 -407.556 0 0 0 0 1.04533e+06 24.2943 109234 4.94238 8.9681e+06 1.04533e+06 ZonesAtSurface
2625.04 2824.94 -367.56 0 0 0 0 1.13423e+06 30.8316 55399.8 5.1423 1.03034e+07 1.13423e+06 ZonesAtSurface
2675.01 2824.94 -327.551 0 0 0 0 643803 25.2166 81265 2.5338 1.22297e+07 643803 ZonesAtSurface
2724.98 2824.94 -287.535 0 0 0 0 1.48822e+06 32.0068 58845 4.05775 1.24091e+07 1.48822e+06 ZonesAtSurface
2774.93 2824.94 -247.523 0 0 0 0 1.13916e+06 34.9602 52804.2 4.77872 1.26052e+07 1.13916e+06 ZonesAtSurface
2824.88 2824.29 -157.533 10 0 0 0 780079 27.1848 89941.6 1.00012 1.9785e+07 780079 ZonesAtSurface
2874.87 2824.92 -167.549 3 0 0 0 1.34166e+06 17.6686 59107.5 1.37369 1.61156e+07 1.34166e+06 ZonesAtSurface
2924.87 2824.88 -127.593 0 0 0 0 707614 41.4568 89387.4 3.6563 2.60757e+07 707614 ZonesAtSurface
2974.88 2824.85 -87.6401 0 0 0 0 669138 27.1886 135616 1.41025 3.4388e+07 669138 ZonesAtSurface
3024.89 2824.84 -47.6809 0 0 0 0 949934 35.5675 145533 2.00214 3.90249e+07 949934 ZonesAtSurface
3074.9 2824.77 -7.7179 8 0 0 0 1.03917e+06 24.0555 105328 1.43841 3.61072e+07 1.03917e+06 ZonesAtSurface
3124.93 2824.69 32.243 9 0 0 0 523917 23.8166 71488.4 1.22755 4.50389e+07 523917 ZonesAtSurface
3174.99 2824.67 72.212 9 0 0 0 1.39627e+06 17.9154 102432 1.12305 3.56188e+07 1.39627e+06 ZonesAtSurface
3225.06 2824.68 112.225 7 0 0 0 921304 36.9399 85400.9 1.56989 5.94341e+07 921304 ZonesAtSurface
3275.05 2824.81 152.297 9 0 1 10 1.17539e+06 38.9996 52034.2 2.15504 3.8761e+07 1.17539e+06 ZonesAtSurface
3324.98 2824.97 192.361 4 0 1 10 821394 21.4031 67728.8 1.12643 7.87638e+06 821394 ZonesAtSurface
3374.88 2825.01 332.353 6 6 2 8 1.44267e+06 29.5263 105935 1.12681 4.34019e+06 1.44267e+06 ZonesAtSurface
3424.91 2825.02 422.323 8 0 2 7 772772 42.0075 102213 1.02832 3.15529e+06 772772 ZonesAtSurface
3474.95 2825.03 512.286 8 9 2 6 1.03009e+06 38.8946 111101 1.31564 3.01506e+06 1.03009e+06 ZonesAtSurface
3524.98 2825.02 502.273 2 0 2 7 658634 43.6202 100280 0 2.53742e+06 658634 ZonesAtSurface
3575.02 2825.02 492.269 2 0 2 8 578911 25.6776 100771 1.04401 2.07631e+06 578911 ZonesAtSurface
3625.07 2825.01 482.27 2 2 2 9 1.19741e+06 40.9861 126584 1.1027 4.40071e+06 1.19741e+06 ZonesAtSurface
3675.11 2825.01 522.259 1 7 2 9 917833 41.9632 90268.2 1.70973 2.36442e+06 917833 ZonesAtSurface
3725.18 2825 412.284 8 0 1 12 511571 20.7335 50972.5 1.00488 3.95962e+06 511571 ZonesAtSurface
3775.23 2825 462.277 9 0 1 11 918089 15.5407 57811.1 1.01145 3.53972e+06 918089 ZonesAtSurface
3825.29 2825 472.275 7 0 1 10 708796 29.1834 102305 1.0119 4.29184e+06 708796 ZonesAtSurface
3875.33 2825.01 532.251 10 0 1 8 1.07211e+06 26.2888 117042 1.0411 3.39187e+06 1.07211e+06 ZonesAtSurface
3925.4 2825.03 592.177 0 2 2 6 1.49934e+06 26.2772 96691.2 1.34036 3.49995e+06 1.49934e+06 ZonesAtSurface
3975.48 2825.02 502.254 4 0 2 7 1.04482e+06 41.2323 132054 1.02052 4.47942e+06 1.04482e+06 ZonesAtSurface
4025.53 2825.03 512.264 0 5 2 6 1.4995e+06 31.3273 136234 1.34382 3.7934e+06 1.4995e+06 ZonesAtSurface
4075.59 2825.03 472.312 0 2 2 6 1.14282e+06 29.7169 92364.2 1.03525 3.65402e+06 1.14282e+06 ZonesAtSurface
4125.63 2825.03 432.366 3 3 1 6 1.10661e+06 16.1326 114992 1.07074 2.73863e+06 1.10661e+06 ZonesAtSurface
4175.66 2825.04 392.406 8 8 1 6 1.24282e+06 42.0574 103067 1.12135 4.72133e+06 1.24282e+06 ZonesAtSurface
4225.67 2825.04 352.437 6 2 2 6 515135 32.6611 101474 1.07702 1.53454e+06 515135 ZonesAtSurface
4275.69 2825.04 312.47 0 0 2 6 1.29757e+06 44.371 71828.8 1.03638 5.7297e+06 1.29757e+06 ZonesAtSurface
4325.69 2825.03 222.52 7 0 1 7 1.36318e+06 34.941 79030.3 1.07444 5.86563e+06 1.36318e+06 ZonesAtSurface
4375.71 2825.04 232.536 8 9 1 6 1.44899e+06 22.3479 136215 1.2404 3.41126e+06 1.44899e+06 ZonesAtSurface
4425.7 2825.02 142.566 9 0 1 7 660231 30.2292 124050 1.05916 4.89489e+06 660231 ZonesAtSurface
4475.73 2825.03 152.565 7 8 2 6 956833 27.1 92827.1 1.01183 2.95942e+06 956833 ZonesAtSurface
4525.73 2825.01 112.588 8 9 2 6 559960 19.0202 140562 0.972018 1.4977e+06 559960 ZonesAtSurface
4575.52 2825 -27.3682 11 0 1 8 1.08545e+06 23.8877 142437 1.04915 1.02956e+07 1.08545e+06 ZonesAtSurface
4625.48 2825 -17.3238 12 0 1 7 1.10025e+06 44.6208 74220 1.06853 1.17303e+07 1.10025e+06 ZonesAtSurface
4675.43 2825 -7.28309 38 0 1 6 1.41245e+06 22.0547 114265 1.23906 4.48369e+06 1.41245e+06 ZonesAtSurface
4725.37 2825 2.75151 74 0 1 5 760292 24.3691 70126.6 1.23194 3.35245e+06 760292 ZonesAtSurface
4775.3 2825 12.77 72 0 1 4 659578 35.1812 127867 3.07256 2.18364e+06 659578 ZonesAtSurface
4825.24 2825 22.7735 93 3 1 3 609457 20.3762 141097 6.33057 492985 609457 ZonesAtSurface
4875.16 2825 32.7954 89 9 1 2 1.02337e+06 24.2878 101322 1.7205 1.96762e+06 1.02337e+06 ZonesAtSurface
4925.06 2825 42.7938 103 0 1 1 1.0517e+06 30.5024 84671 1.3401 3.45819e+06 1.0517e+06 ZonesAtSurface
74.9251 2875.01 -28.7327 121 0 1 2 548986 21.2605 68169.9 1.2505 3.37346e+06 548986 ZonesAtSurface
124.846 2875 -3.65998 94 71 1 2 645166 32.4768 110500 2.36038 1.10911e+06 645166 ZonesAtSurface
174.763 2875.01 -28.6803 79 0 1 3 594576 35.1232 144070 1.23192 3.72526e+06 594576 ZonesAtSurface
224.686 2875 -3.63385 93 61 1 3 1.14087e+06 17.9686 98494.6 2.22871 1.56844e+06 1.14087e+06 ZonesAtSurface
274.623 2875.01 -28.6721 91 13 1 4 1.42795e+06 31.277 116496 1.09895 5.11451e+06 1.42795e+06 ZonesAtSurface
324.541 2875.01 -3.66046 100 0 1 4 570995 20.7641 110421 1.66367 1.45985e+06 570995 ZonesAtSurface
374.483 2875.02 -28.7466 76 0 1 5 968382 19.5138 116688 1.18692 3.547e+06 968382 ZonesAtSurface
424.421 2875.02 -3.77462 63 13 1 5 1.37492e+06 25.9268 123976 2.5055 2.05584e+06 1.37492e+06 ZonesAtSurface
474.401 2875.03 -28.8208 24 0 1 6 1.38191e+06 26.9005 86930.7 1.07432 6.95021e+06 1.38191e+06 ZonesAtSurface
524.359 2875.04 -3.82971 24 0 1 6 652083 19.3362 79932.5 1.05348 3.04478e+06 652083 ZonesAtSurface
574.357 2875.03 -28.8577 0 0 1 7 1.35994e+06 32.125 57531.9 1.56648 7.82434e+06 1.35994e+06 ZonesAtSurface
624.329 2875.04 -3.86295 4 0 1 7 963605 35.6539 96972.7 1.07889 8.25391e+06 963605 ZonesAtSurface
674.328 2875.03 -28.8921 0 0 1 8 825132 37.0468 105914 1.99638 8.32298e+06 825132 ZonesAtSurface
724.24 2875.09 96.0805 7 1 2 6 1.11074e+06 32.4912 75069.6 1.13118 3.56395e+06 1.11074e+06 ZonesAtSurface
774.253 2875.06 71.0739 6 0 1 7 680238 40.9163 138908 1.04686 7.42307e+06 680238 ZonesAtSurface
824.218 2875.07 146.042 6 6 2 6 1.49834e+06 38.1657 110359 1.14276 5.67069e+06 1.49834e+06 ZonesAtSurface
874.218 2875.06 171.024 4 0 2 6 1.22241e+06 26.2007 119394 1.06098 4.28962e+06 1.22241e+06 ZonesAtSurface
924.214 2875.06 245.999 9 7 2 5 1.26689e+06 25.8816 148757 1.24371 3.10786e+06 1.26689e+06 ZonesAtSurface
974.229 2875.05 220.99 3 0 1 6 1.01746e+06 39.4347 104682 1.03623 4.5229e+06 1.01746e+06 ZonesAtSurface
1024.23 2875.05 295.965 0 3 2 5 1.44856e+06 21.2664 96428.5 1.19731 3.52385e+06 1.44856e+06 ZonesAtSurface
1074.25 2875.04 270.958 4 0 1 6 860611 21.6673 124378 1.0106 3.0478e+06 860611 ZonesAtSurface
1124.27 2875.05 345.931 1 6 2 5 975265 33.586 121859 1.1601 2.98725e+06 975265 ZonesAtSurface
1174.29 2875.04 320.931 9 0 1 6 1.41379e+06 18.888 94472 1.06735 3.91173e+06 1.41379e+06 ZonesAtSurface
1224.31 2875.03 295.929 0 0 1 7 767383 44.4314 122675 1.56062 5.27654e+06 767383 ZonesAtSurface
1274.33 2875.04 370.904 4 8 2 6 1.12817e+06 34.9595 119207 1.47251 3.19574e+06 1.12817e+06 ZonesAtSurface
1324.36 2875.04 395.894 4 8 2 6 798912 29.8925 60227.7 1.07838 2.50991e+06 798912 ZonesAtSurface
1374.39 2875.01 320.904 4 0 1 8 1.15314e+06 29.9657 53670.4 1.17781 4.34183e+06 1.15314e+06 ZonesAtSurface
1424.42 2875.02 345.902 7 3 2 8 1.16951e+06 28.649 98726.3 1.14362 3.31672e+06 1.16951e+06 ZonesAtSurface
1474.46 2875 270.884 0 0 1 10 1.39013e+06 17.8503 135528 1.09927 5.33015e+06 1.39013e+06 ZonesAtSurface
1524.49 2875.01 345.887 10 3 1 9 1.42421e+06 27.8932 107228 1.22342 3.74038e+06 1.42421e+06 ZonesAtSurface
1574.53 2875.01 320.873 1 0 2 10 685323 20.6641 107952 1.01821 3.2486e+06 685323 ZonesAtSurface
1624.56 2875.02 395.872 1 10 2 9 1.37489e+06 27.2507 78348 2.32962 1.93392e+06 1.37489e+06 ZonesAtSurface
1674.6 2875.01 370.861 5 0 2 10 589663 30.4293 78103.1 1.2669 1.67156e+06 589663 ZonesAtSurface
1724.64 2875 395.861 10 4 1 10 1.42665e+06 30.3289 73601.7 1.29362 3.77718e+06 1.42665e+06 ZonesAtSurface
1774.72 2875 320.854 1 0 1 12 790437 26.5595 59882.4 1.00535 5.60625e+06 790437 ZonesAtSurface
1824.76 2875 345.859 2 0 1 12 1.47141e+06 42.5941 136368 1.31756 6.60422e+06 1.47141e+06 ZonesAtSurface
1874.81 2875 370.862 2 0 1 12 552833 24.962 61442.7 1.00283 3.96013e+06 552833 ZonesAtSurface
1924.85 2875 445.864 5 3 2 11 597159 17.436 53422 1.14145 1.43233e+06 597159 ZonesAtSurface
1974.91 2875 420.864 2 0 1 12 815731 21.5942 133954 0.993112 3.41701e+06 815731 ZonesAtSurface
2024.95 2875 383.372 7 0 1 12 625961 44.855 141126 0.992398 5.54852e+06 625961 ZonesAtSurface
2074.99 2875 333.396 0 2 2 11 1.45538e+06 40.0413 81024 1.12286 5.39424e+06 1.45538e+06 ZonesAtSurface
2125.03 2875 283.422 5 6 2 10 813092 34.5585 94284.7 1.303 2.36594e+06 813092 ZonesAtSurface
2175.02 2874.98 133.409 0 0 1 11 969942 40.8173 127955 5.65279 1.03007e+07 969942 ZonesAtSurface
2225.04 2874.96 33.4139 0 0 0 0 1.37104e+06 20.3534 125824 1.61947 1.59793e+07 1.37104e+06 ZonesAtSurface
2275.14 2871.08 133.484 6 0 0 0 839699 36.4842 120521 1.06113 5.00871e+07 839699 ZonesAtSurface
2325.07 2874.8 -116.562 10 0 0 0 1.06224e+06 30.3657 129885 2.05756 4.34794e+07 1.06224e+06 ZonesAtSurface
2375.07 2874.91 -216.559 0 0 0 0 936506 42.1099 149528 3.09201 3.02471e+07 936506 ZonesAtSurface
2425.06 2874.93 -316.553 0 0 0 0 1.31605e+06 30.7556 80431.7 1.98491 2.8687e+07 1.31605e+06 ZonesAtSurface
2475.07 2874.95 -416.54 0 0 0 0 785833 40.6689 91701.6 5.07976 1.83784e+07 785833 ZonesAtSurface
2525.09 2874.41 -396.591 10 0 0 0 514210 29.2232 139745 1.0373 5.36533e+07 514210 ZonesAtSurface
2575.07 2874.94 -406.577 0 0 0 0 1.20169e+06 35.4783 135570 3.88783 2.05717e+07 1.20169e+06 ZonesAtSurface
2625.07 2874.27 -316.596 10 0 0 0 1.21804e+06 36.037 67470.2 1.0041 4.89289e+07 1.21804e+06 ZonesAtSurface
2675.02 2874.93 -326.568 0 0 0 0 1.46482e+06 27.7779 91193.5 2.25972 1.90539e+07 1.46482e+06 ZonesAtSurface
2724.99 2874.24 -236.588 10 0 0 0 1.21773e+06 39.0901 89788.7 1.00099 4.50087e+07 1.21773e+06 ZonesAtSurface
2774.95 2874.91 -246.567 0 0 0 0 1.06766e+06 39.6458 127643 3.33644 2.48535e+07 1.06766e+06 ZonesAtSurface
2824.93 2874.9 -206.583 5 0 0 0 1.31643e+06 16.5616 51225.7 1.06668 2.28684e+07 1.31643e+06 ZonesAtSurface
2874.83 2871.74 -16.5621 0 0 0 0 1.22713e+06 39.7805 130753 1.7768 2.9279e+07 1.22713e+06 ZonesAtSurface
2924.89 2874.81 -126.637 7 0 0 0 1.30391e+06 16.462 111266 1.38613 2.46809e+07 1.30391e+06 ZonesAtSurface
2974.8 2868.86 163.464 3 0 0 0 1.22801e+06 32.6444 109803 1.06937 2.37584e+07 1.22801e+06 ZonesAtSurface
3024.92 2874.72 -46.7225 9 0 0 0 1.23187e+06 18.6124 133846 1.17435 4.03334e+07 1.23187e+06 ZonesAtSurface
3074.94 2874.59 -6.74421 9 0 0 0 710677 31.6016 114015 1.32981 6.22178e+07 710677 ZonesAtSurface
3124.95 2874.46 33.2454 10 0 0 0 1.13721e+06 34.8243 140688 1.04244 7.44797e+07 1.13721e+06 ZonesAtSurface
3174.96 2874.91 23.2663 0 0 0 0 776742 18.0952 74637.5 1.53418 2.35329e+07 776742 ZonesAtSurface
3224.99 2874.92 63.2683 0 0 0 0 716639 23.6237 133178 1.89945 2.22127e+07 716639 ZonesAtSurface
3275 2874.96 103.306 0 0 1 11 1.14355e+06 18.5398 103830 1.31615 1.66572e+07 1.14355e+06 ZonesAtSurface
3324.97 2875 143.352 1 0 1 11 780222 42.2292 59154.5 4.41982 1.07179e+07 780222 ZonesAtSurface
3374.88 2875.03 333.358 9 10 2 8 1.13368e+06 16.6684 83594.3 0.996301 3.00413e+06 1.13368e+06 ZonesAtSurface
3424.92 2875.03 323.359 6 0 1 9 1.33089e+06 38.3771 117301 1.03443 5.62732e+06 1.33089e+06 ZonesAtSurface
3474.95 2875.04 413.318 9 0 1 8 1.44402e+06 21.2552 67879.4 1.00851 4.85752e+06 1.44402e+06 ZonesAtSurface
3524.99 2875.05 503.269 9 6 2 7 895299 25.5351 102489 1.00483 2.70169e+06 895299 ZonesAtSurface
3575.03 2875.03 443.289 1 1 1 9 1.48875e+06 42.0851 90329 1.09659 6.05464e+06 1.48875e+06 ZonesAtSurface
3625.07 2875.03 483.27 1 0 2 9 713387 24.1243 126686 1.07314 2.51005e+06 713387 ZonesAtSurface
3675.12 2875 423.289 9 0 1 11 545189 24.9272 133269 1.03677 3.92372e+06 545189 ZonesAtSurface
3725.18 2875 413.29 8 0 1 12 711964 22.1779 120055 1.00383 3.92624e+06 711964 ZonesAtSurface
3775.22 2875.01 513.264 6 8 1 10 826931 26.1318 126628 1.08445 2.32747e+06 826931 ZonesAtSurface
3825.28 2875.02 523.258 2 5 2 9 889160 40.3181 112038 1.30025 2.81511e+06 889160 ZonesAtSurface
3875.34 2875.04 583.187 3 9 2 7 1.10379e+06 26.7813 126574 1.12383 3.03191e+06 1.10379e+06 ZonesAtSurface
3925.41 2875.04 493.274 3 0 2 8 509761 29.818 140124 0.990468 1.74449e+06 509761 ZonesAtSurface
3975.47 2875.04 453.305 2 0 2 8 615693 35.0937 79481 0.982075 3.25329e+06 615693 ZonesAtSurface
4025.53 2875.04 413.343 8 0 1 8 1.44573e+06 15.477 136738 1.00447 3.74669e+06 1.44573e+06 ZonesAtSurface
4075.58 2875.06 423.348 10 7 1 7 1.20975e+06 34.0652 90327 1.13353 4.02566e+06 1.20975e+06 ZonesAtSurface
4125.6 2875.05 333.414 5 0 2 8 1.07218e+06 34.0743 65781.2 1.04184 4.13669e+06 1.07218e+06 ZonesAtSurface
4175.63 2875.06 343.426 10 7 1 7 1.11931e+06 34.3767 63539.7 1.25823 3.39378e+06 1.11931e+06 ZonesAtSurface
4225.65 2875.07 303.457 0 0 2 7 1.29038e+06 18.2632 117119 1.10083 3.23869e+06 1.29038e+06 ZonesAtSurface
4275.65 2875.05 213.505 7 0 1 8 959907 40.6976 58679 1.01097 4.7478e+06 959907 ZonesAtSurface
4325.66 2875.05 173.53 7 0 1 8 944933 24.3308 101788 1.01319 3.83936e+06 944933 ZonesAtSurface
4375.68 2875.06 183.544 9 5 2 7 651586 16.6131 62481.3 0.984775 1.73291e+06 651586 ZonesAtSurface
4425.65 2875.04 93.5768 4 0 1 8 614912 44.2973 70117 1.12467 6.41623e+06 614912 ZonesAtSurface
4475.68 2875.05 103.586 4 3 2 7 728448 29.1944 68430.2 0.990847 2.40986e+06 728448 ZonesAtSurface
4525.65 2875.05 63.6122 5 1 2 7 897181 27.0814 80241 0 2.69664e+06 897181 ZonesAtSurface
4575.58 2875.03 23.6538 10 0 1 7 611450 23.9117 140113 1.14793 5.27095e+06 611450 ZonesAtSurface
4625.49 2875.02 -16.3211 37 0 1 7 781906 24.9429 107982 1.03911 6.10544e+06 781906 ZonesAtSurface
4675.42 2875.02 -6.26305 53 0 1 6 778456 25.9393 51032.2 1.16785 3.75159e+06 778456 ZonesAtSurface
4725.36 2875.01 3.76484 62 0 1 5 715170 44.6266 64081.7 1.48967 4.52663e+06 715170 ZonesAtSurface
4775.3 2875.01 13.7803 55 5 1 4 1.43423e+06 36.8364 105674 2.43078 3.53341e+06 1.43423e+06 ZonesAtSurface
4825.24 2875.01 23.7842 64 29 1 3 1.40305e+06 40.2176 91502.7 2.2818 3.51306e+06 1.40305e+06 ZonesAtSurface
4875.16 2875 33.8001 69 38 1 2 1.3806e+06 42.3399 119905 1.78112 3.52253e+06 1.3806e+06 ZonesAtSurface
4925.07 2875 43.7974 122 0 1 1 849057 30.6694 129076 1.34672 2.82255e+06 849057 ZonesAtSurface
74.9323 2925.01 -27.7228 121 0 1 2 1.252e+06 21.9224 58698.9 1.20833 4.39678e+06 1.252e+06 ZonesAtSurface
124.85 2925.01 -2.63411 97 73 1 2 532438 43.2797 72065.4 3.50693 1.00931e+06 532438 ZonesAtSurface
174.756 2925.01 -27.6563 97 0 1 3 888594 15.5405 146652 1.0782 2.44069e+06 888594 ZonesAtSurface
224.673 2925.01 -2.61021 41 85 1 3 1.46551e+06 39.1591 135935 3.13389 2.26178e+06 1.46551e+06 ZonesAtSurface
274.619 2925.02 -27.6498 90 0 1 4 1.34862e+06 22.9005 147162 1.08205 4.15171e+06 1.34862e+06 ZonesAtSurface
324.545 2925.02 -2.64144 100 37 1 4 1.00348e+06 17.0318 134421 1.55236 1.8768e+06 1.00348e+06 ZonesAtSurface
374.483 2925.02 -27.7232 89 0 1 5 1.29056e+06 17.3809 132612 1.14434 3.73412e+06 1.29056e+06 ZonesAtSurface
424.422 2925.04 -2.76316 43 18 1 5 1.26001e+06 17.2273 75133.6 3.32738 1.20187e+06 1.26001e+06 ZonesAtSurface
474.404 2925.04 -27.8107 23 0 1 6 1.00769e+06 34.0057 97321.5 1.08563 6.22279e+06 1.00769e+06 ZonesAtSurface
524.375 2925.06 -2.81365 36 8 1 6 1.42332e+06 32.0939 142266 1.7609 3.30047e+06 1.42332e+06 ZonesAtSurface
574.364 2925.05 -27.8437 12 0 1 7 1.20066e+06 39.6807 54692.8 1.03432 7.69884e+06 1.20066e+06 ZonesAtSurface
624.339 2925.06 -2.84732 27 0 1 7 752346 26.966 139326 1.08603 2.89872e+06 752346 ZonesAtSurface
674.335 2925.04 -27.8823 7 0 1 8 1.48209e+06 23.5101 106068 1.07821 8.61623e+06 1.48209e+06 ZonesAtSurface
724.31 2925.05 -2.89745 6 0 1 8 730727 34.2168 79228.9 1.07634 8.7345e+06 730727 ZonesAtSurface
774.288 2925.06 22.083 5 0 1 8 1.44761e+06 44.9773 90497.5 1.93557 8.89571e+06 1.44761e+06 ZonesAtSurface
824.27 2925.06 47.0616 6 0 1 8 1.19691e+06 44.2768 136175 1.18342 7.09249e+06 1.19691e+06 ZonesAtSurface
874.258 2925.06 72.0399 2 0 1 8 1.45202e+06 19.7064 119752 1.01436 4.07029e+06 1.45202e+06 ZonesAtSurface
924.238 2925.08 147.014 9 4 2 7 636269 22.2177 111878 1.2094 1.61913e+06 636269 ZonesAtSurface
974.243 2925.07 171.998 0 0 2 7 924234 34.7464 51443 1.19121 3.26636e+06 924234 ZonesAtSurface
1024.26 2925.04 146.994 4 0 1 8 1.11349e+06 19.2901 88152.7 1.06404 3.97851e+06 1.11349e+06 ZonesAtSurface
1074.27 2925.04 171.979 1 0 1 8 1.48034e+06 26.2836 90771.9 1.11169 5.08671e+06 1.48034e+06 ZonesAtSurface
1124.27 2925.06 246.954 10 5 2 7 964320 25.9331 53601.4 1.11543 2.82445e+06 964320 ZonesAtSurface
1174.29 2925.05 271.941 9 3 2 7 660240 24.7541 118048 1.09454 1.8056e+06 660240 ZonesAtSurface
1224.32 2925.03 246.94 4 0 1 8 1.451e+06 21.1648 79363.1 1.14832 4.18324e+06 1.451e+06 ZonesAtSurface
1274.34 2925.03 271.935 4 0 1 8 1.34788e+06 38.7674 83762.7 1.24543 4.88763e+06 1.34788e+06 ZonesAtSurface
1324.37 2925.01 246.921 0 0 1 9 1.3608e+06 43.8777 92263 3.02445 5.1472e+06 1.3608e+06 ZonesAtSurface
1374.39 2925.03 321.906 5 0 2 8 786332 19.8298 147260 1.08474 2.18013e+06 786332 ZonesAtSurface
1424.42 2925.04 346.901 5 3 2 8 516111 29.7689 85210 0 1.4054e+06 516111 ZonesAtSurface
1474.47 2925.01 271.896 5 0 1 10 722867 23.696 68237.1 1.01347 4.21974e+06 722867 ZonesAtSurface
1524.51 2925 246.883 0 0 1 11 725418 32.4842 138749 1.61335 5.54324e+06 725418 ZonesAtSurface
1574.53 2925.04 371.881 9 7 2 9 510891 28.7022 51108.9 0 1.47285e+06 510891 ZonesAtSurface
1624.59 2925 246.869 0 0 1 12 884128 37.0184 75767 2.27276 6.32214e+06 884128 ZonesAtSurface
1674.6 2925.03 371.858 2 2 2 10 848858 38.5102 54270.1 1.30984 2.90706e+06 848858 ZonesAtSurface
1724.64 2925.03 396.853 1 6 2 10 1.44788e+06 17.3615 101178 2.24028 1.76477e+06 1.44788e+06 ZonesAtSurface
1774.68 2925.02 421.852 4 9 2 10 791993 44.4352 100383 1.7299 2.02308e+06 791993 ZonesAtSurface
1824.73 2925.01 446.85 0 7 2 10 841863 29.2698 75095.1 1.41238 1.94837e+06 841863 ZonesAtSurface
1874.79 2925.01 421.859 7 0 2 11 1.01036e+06 15.4803 143987 1.14769 2.52623e+06 1.01036e+06 ZonesAtSurface
1924.86 2925 396.865 0 0 1 12 1.06525e+06 28.6068 71394.2 0.99712 3.83076e+06 1.06525e+06 ZonesAtSurface
1974.91 2925 421.864 2 0 2 12 653002 30.0134 83490.9 0.995117 2.65215e+06 653002 ZonesAtSurface
2024.96 2925.01 434.376 5 9 2 11 990157 40.9786 105477 2.21531 2.55172e+06 990157 ZonesAtSurface
2075.01 2925.01 334.4 2 1 1 11 747155 16.5709 125472 1.10175 1.78567e+06 747155 ZonesAtSurface
2125.04 2925.01 234.421 0 0 2 11 836403 16.7219 76297.3 0.914157 2.40738e+06 836403 ZonesAtSurface
2175.05 2924.98 134.427 9 0 1 11 1.16323e+06 19.403 73635.5 1.58351 9.7591e+06 1.16323e+06 ZonesAtSurface
2225.05 2924.95 34.4276 0 0 0 0 1.03079e+06 23.1502 108175 1.09239 1.89715e+07 1.03079e+06 ZonesAtSurface
2275.07 2924.96 -65.5641 0 0 0 0 1.15023e+06 27.6411 83828.1 2.55646 1.48618e+07 1.15023e+06 ZonesAtSurface
2325.07 2924.58 -115.557 10 0 0 0 1.28137e+06 21.9542 111678 1.2326 4.41575e+07 1.28137e+06 ZonesAtSurface
2375.05 2924.73 -215.561 9 0 0 0 1.36838e+06 16.0904 115196 1.22899 4.91687e+07 1.36838e+06 ZonesAtSurface
2425.06 2924.85 -315.56 8 0 0 0 1.28678e+06 29.8142 113085 2.61434 3.25762e+07 1.28678e+06 ZonesAtSurface
2475.07 2924.96 -415.545 0 0 0 0 1.31886e+06 41.9561 66168.6 2.71388 1.92127e+07 1.31886e+06 ZonesAtSurface
2525.09 2924.31 -395.586 8 0 0 0 908137 38.2429 77177.3 1.02355 2.08143e+07 908137 ZonesAtSurface
2575.07 2924.95 -405.572 0 0 0 0 546216 39.005 50045.2 3.40136 1.81262e+07 546216 ZonesAtSurface
2625.05 2924.95 -365.567 0 0 0 0 856194 42.6645 113941 3.32915 1.87392e+07 856194 ZonesAtSurface
2675.01 2924.96 -325.555 1 0 0 0 1.45439e+06 30.9076 62862.3 1.84798 1.66191e+07 1.45439e+06 ZonesAtSurface
2724.98 2924.95 -285.559 0 0 0 0 1.24821e+06 42.1734 58980 3.25786 1.66529e+07 1.24821e+06 ZonesAtSurface
2774.95 2924.94 -245.577 4 0 0 0 1.0928e+06 19.8622 109179 1.07153 1.41259e+07 1.0928e+06 ZonesAtSurface
2824.93 2924.88 -205.592 4 0 0 0 1.21089e+06 30.2925 78916.3 3.21636 1.78393e+07 1.21089e+06 ZonesAtSurface
2874.92 2924.81 -165.598 3 0 0 0 624357 40.3134 84664.2 3.22533 4.60151e+07 624357 ZonesAtSurface
2924.9 2924.69 -125.605 8 0 0 0 1.25967e+06 36.5923 102165 1.6296 5.53524e+07 1.25967e+06 ZonesAtSurface
2974.88 2924.98 -135.596 0 0 0 0 552324 19.5038 118091 2.91664 1.10748e+07 552324 ZonesAtSurface
3024.9 2924.54 -45.6697 5 0 0 0 523582 35.7271 100395 1.12144 6.66738e+07 523582 ZonesAtSurface
3074.88 2924.91 -55.6561 0 0 0 0 1.27655e+06 43.1147 83219.1 9.23047 1.70536e+07 1.27655e+06 ZonesAtSurface
3124.91 2924.26 34.3299 6 0 0 0 895533 38.4442 60299.9 1.02068 5.92635e+07 895533 ZonesAtSurface
3174.94 2924.21 74.3335 6 0 0 0 821436 44.1522 137439 1.0423 6.11765e+07 821436 ZonesAtSurface
3224.97 2924.88 64.3196 3 0 0 0 1.25269e+06 15.8969 91502 1.54557 1.62768e+07 1.25269e+06 ZonesAtSurface
3274.96 2924.99 104.351 2 0 1 11 1.32231e+06 39.8062 105647 4.09992 1.32127e+07 1.32231e+06 ZonesAtSurface
3324.93 2925.02 144.379 3 0 1 11 1.13906e+06 27.3777 64306.5 1.48155 6.64194e+06 1.13906e+06 ZonesAtSurface
3374.89 2925.05 284.37 3 9 2 9 1.42825e+06 30.1173 85332 1.31589 3.6545e+06 1.42825e+06 ZonesAtSurface
3424.92 2925.06 324.356 6 6 2 9 547871 35.4578 126651 1.07981 1.70759e+06 547871 ZonesAtSurface
3474.96 2925.04 314.345 0 0 1 10 1.31001e+06 38.3683 68708.8 1.18346 4.58156e+06 1.31001e+06 ZonesAtSurface
3524.99 2925.04 354.325 0 1 1 10 1.14529e+06 22.9056 72539.4 1.05211 3.20365e+06 1.14529e+06 ZonesAtSurface
3575.03 2925.06 444.284 6 6 2 9 627457 16.0844 55556.2 1.04027 1.5669e+06 627457 ZonesAtSurface
3625.08 2925 334.315 2 0 1 12 1.13731e+06 37.3801 117713 1.01715 7.72995e+06 1.13731e+06 ZonesAtSurface
3675.12 2925.01 424.299 1 3 1 11 1.33248e+06 43.7482 141264 1.253 4.82807e+06 1.33248e+06 ZonesAtSurface
3725.17 2925.01 464.288 3 6 2 11 1.17861e+06 17.3338 60501.3 1.46951 2.24173e+06 1.17861e+06 ZonesAtSurface
3775.24 2925 414.305 2 0 1 12 1.03348e+06 29.8008 72675.5 1.01282 4.23376e+06 1.03348e+06 ZonesAtSurface
3825.29 2925.04 474.283 1 2 2 10 1.30131e+06 18.0908 94577.2 1.20872 2.92643e+06 1.30131e+06 ZonesAtSurface
3875.35 2925.04 434.31 2 2 2 10 1.14215e+06 41.5723 101392 1.10144 4.43939e+06 1.14215e+06 ZonesAtSurface
3925.41 2925.04 394.343 1 1 2 10 1.16536e+06 25.9017 113095 1.01283 3.51679e+06 1.16536e+06 ZonesAtSurface
3975.46 2925.04 354.374 1 0 2 10 789022 32.0875 81435.6 1.00031 2.71158e+06 789022 ZonesAtSurface
4025.51 2925.06 364.38 4 6 1 9 1.21584e+06 23.6766 85614.8 1.43648 2.87335e+06 1.21584e+06 ZonesAtSurface
4075.54 2925.04 274.429 3 2 1 10 1.46311e+06 33.3814 113546 1.03265 5.03793e+06 1.46311e+06 ZonesAtSurface
4125.58 2925.07 284.435 8 6 2 9 1.01634e+06 23.4963 59379.3 1.41023 2.49894e+06 1.01634e+06 ZonesAtSurface
4175.62 2925.09 294.442 5 8 2 8 805992 23.7767 117548 1.86081 1.55849e+06 805992 ZonesAtSurface
4225.62 2925.07 204.488 6 6 2 9 1.48303e+06 23.9811 69023.3 1.18713 4.08708e+06 1.48303e+06 ZonesAtSurface
4275.63 2925.07 164.513 2 0 2 9 1.30948e+06 32.1483 144470 1.1145 4.36195e+06 1.30948e+06 ZonesAtSurface
4325.65 2925.09 174.525 4 9 2 8 1.21076e+06 40.4612 96086.4 1.76902 3.45396e+06 1.21076e+06 ZonesAtSurface
4375.65 2925.09 134.547 2 9 1 8 1.06711e+06 36.9878 84268.3 1.57265 3.12615e+06 1.06711e+06 ZonesAtSurface
4425.64 2925.09 94.5708 10 8 2 8 718580 33.8711 83707.5 1.23987 2.2978e+06 718580 ZonesAtSurface
4475.58 2925.04 4.60828 1 0 1 9 1.4284e+06 30.8382 149831 1.18209 8.227e+06 1.4284e+06 ZonesAtSurface
4525.53 2925.03 -35.3776 6 0 1 9 649967 43.0379 118241 1.3334 1.13644e+07 649967 ZonesAtSurface
4575.51 2925.03 -25.3435 19 0 1 8 810169 32.1239 121759 1.0931 7.66049e+06 810169 ZonesAtSurface
4625.49 2925.03 -15.2938 44 0 1 7 899158 18.3122 97383.6 1.07672 3.19205e+06 899158 ZonesAtSurface
4675.42 2925.03 -5.23949 55 6 1 6 829607 36.332 105467 1.06744 4.57475e+06 829607 ZonesAtSurface
4725.37 2925.03 4.78147 80 0 1 5 703751 25.9727 52186.5 1.49383 2.05015e+06 703751 ZonesAtSurface
4775.3 2925.02 14.8036 66 1 1 4 1.32183e+06 19.8252 99378.6 3.56444 1.29335e+06 1.32183e+06 ZonesAtSurface
4825.25 2925.01 24.8145 84 40 1 3 771253 31.1638 69494.1 2.57818 1.22859e+06 771253 ZonesAtSurface
4875.15 2925.01 34.8429 113 22 1 2 710852 24.4965 134762 1.33016 1.65421e+06 710852 ZonesAtSurface
4925.07 2925.01 44.8154 133 31 1 1 1.11306e+06 27.1999 101214 1.3033 3.01249e+06 1.11306e+06 ZonesAtSurface
74.945 2975.01 -26.6842 121 0 1 2 100000 15 10000 1.20256 1.04279e+06 100000 ZonesAtSurface
124.862 2975.01 -1.57452 122 5 1 2 100000 15 10000 2.30858 240932 100000 ZonesAtSurface
174.745 2975.01 -26.6061 111 0 1 3 100000 15 10000 1.04969 911693 100000 ZonesAtSurface
224.664 2975.01 -1.57222 111 0 1 3 100000 15 10000 1.36902 325134 100000 ZonesAtSurface
274.598 2975.01 -26.6145 100 0 1 4 100000 15 10000 1.06103 1.01882e+06 100000 ZonesAtSurface
324.539 2975.01 -1.6066 99 2 1 4 100000 15 10000 1.31788 429130 100000 ZonesAtSurface
374.474 2975.01 -26.6645 89 0 1 5 100000 15 10000 1.09115 981639 100000 ZonesAtSurface
424.434 2975.02 -1.67006 88 3 1 5 100000 15 10000 1.50637 347583 100000 ZonesAtSurface
474.392 2975.02 -26.7413 75 0 1 6 100000 15 10000 1.09649 1.17259e+06 100000 ZonesAtSurface
524.387 2975.03 -1.73235 71 0 1 6 100000 15 10000 1.10793 300142 100000 ZonesAtSurface
574.363 2975.02 -26.781 60 0 1 7 100000 15 10000 1.00447 1.22407e+06 100000 ZonesAtSurface
624.355 2975.03 -1.75947 61 6 1 7 100000 15 10000 0 319376 100000 ZonesAtSurface
674.335 2975.02 -26.8311 45 0 1 8 100000 15 10000 1.07805 1.42915e+06 100000 ZonesAtSurface
724.323 2975.03 -1.81947 45 1 1 8 100000 15 10000 0 480962 100000 ZonesAtSurface
774.311 2975.01 -26.8955 29 0 1 9 100000 15 10000 1.13391 3.72942e+06 100000 ZonesAtSurface
824.294 2975.01 -1.90564 29 0 1 9 100000 15 10000 1.14637 2.27987e+06 100000 ZonesAtSurface
874.302 2975 -26.9568 8 0 1 10 100000 15 10000 1.04252 5.73352e+06 100000 ZonesAtSurface
924.289 2975 -1.97133 10 0 1 10 100000 15 10000 1.01645 4.71736e+06 100000 ZonesAtSurface
974.286 2975 23.0118 7 0 1 10 100000 15 10000 1.00477 4.67266e+06 100000 ZonesAtSurface
1024.29 2975 47.998 5 0 1 10 100000 15 10000 1.02299 4.36572e+06 100000 ZonesAtSurface
1074.3 2975 72.9853 2 0 1 10 100000 15 10000 1.02075 4.5915e+06 100000 ZonesAtSurface
1124.31 2975 97.972 4 0 1 10 100000 15 10000 1.01306 4.25775e+06 100000 ZonesAtSurface
1174.32 2975 122.958 5 0 1 10 100000 15 10000 1.00965 4.29122e+06 100000 ZonesAtSurface
1224.34 2975 147.944 6 0 1 10 100000 15 10000 1.00799 4.09216e+06 100000 ZonesAtSurface
1274.36 2975 172.932 6 0 1 10 100000 15 10000 1.00609 3.98569e+06 100000 ZonesAtSurface
1324.38 2975 197.922 5 0 1 10 100000 15 10000 1.00599 3.8414e+06 100000 ZonesAtSurface
1374.4 2975 222.914 9 0 1 10 100000 15 10000 1.0158 3.40333e+06 100000 ZonesAtSurface
1424.44 2975 197.9 0 0 1 11 100000 15 10000 1.02059 4.37275e+06 100000 ZonesAtSurface
1474.47 2975 222.895 5 0 1 11 100000 15 10000 1.01701 3.79197e+06 100000 ZonesAtSurface
1524.52 2975 197.886 1 0 1 12 100000 15 10000 1.04985 4.66608e+06 100000 ZonesAtSurface
1574.55 2975 222.88 5 0 1 12 100000 15 10000 1.01028 4.31933e+06 100000 ZonesAtSurface
1624.59 2975 247.877 9 0 1 12 100000 15 10000 1.0208 3.74713e+06 100000 ZonesAtSurface
1674.64 2975 222.87 0 0 1 13 100000 15 10000 1.02582 4.88572e+06 100000 ZonesAtSurface
1724.68 2975 247.865 0 0 1 13 100000 15 10000 1.00147 4.63183e+06 100000 ZonesAtSurface
1774.73 2975 272.862 0 0 1 13 100000 15 10000 1.00049 4.33818e+06 100000 ZonesAtSurface
1824.77 2975 297.861 0 0 1 13 100000 15 10000 1.00053 4.08621e+06 100000 ZonesAtSurface
1874.82 2975 322.861 0 0 1 13 100000 15 10000 1.00126 3.89351e+06 100000 ZonesAtSurface
1924.86 2975 347.862 0 0 1 13 100000 15 10000 1.00206 3.7858e+06 100000 ZonesAtSurface
1974.91 2975 372.863 0 0 1 13 100000 15 10000 1.00399 3.15727e+06 100000 ZonesAtSurface
2024.97 2975 335.377 1 0 1 13 100000 15 10000 1.00104 3.71254e+06 100000 ZonesAtSurface
2075.02 2975 235.403 1 0 1 13 100000 15 10000 1.00718 5.21252e+06 100000 ZonesAtSurface
2125.06 2975.01 185.427 8 0 1 12 100000 15 10000 1.8893 3.85545e+06 100000 ZonesAtSurface
2175.08 2975 85.4406 0 0 1 12 100000 15 10000 3.25949 4.4358e+06 100000 ZonesAtSurface
2225.08 2974.78 35.4493 10 0 0 0 100000 15 10000 1.3257 3.4389e+07 100000 ZonesAtSurface
2275.1 2974.8 -64.5474 8 0 0 0 100000 15 10000 1.42235 3.3523e+07 100000 ZonesAtSurface
2325.11 2974.9 -164.539 6 0 0 0 100000 15 10000 3.09321 1.08885e+07 100000 ZonesAtSurface
2375.11 2975 -264.527 5 0 0 0 100000 15 10000 1.82295 7.21114e+06 100000 ZonesAtSurface
2425.1 2974.77 -314.529 9 0 0 0 100000 15 10000 1.76125 1.08093e+07 100000 ZonesAtSurface
2475.09 2974.98 -414.523 8 0 0 0 100000 15 10000 1.51703 9.74454e+06 100000 ZonesAtSurface
2525.07 2974.98 -444.525 0 0 0 0 100000 15 10000 2.23669 6.48034e+06 100000 ZonesAtSurface
2575.05 2974.98 -404.53 7 0 0 0 100000 15 10000 1.41574 9.3587e+06 100000 ZonesAtSurface
2625.02 2974.99 -364.525 4 0 0 0 100000 15 10000 1.58429 8.3772e+06 100000 ZonesAtSurface
2674.98 2974.99 -324.517 0 0 0 0 100000 15 10000 1.63664 7.98841e+06 100000 ZonesAtSurface
2724.95 2974.99 -284.519 6 0 0 0 100000 15 10000 1.66188 6.79062e+06 100000 ZonesAtSurface
2774.92 2974.99 -244.528 10 0 0 0 100000 15 10000 1.2743 6.982e+06 100000 ZonesAtSurface
2824.89 2975.02 -254.517 0 0 0 0 100000 15 10000 1.44272 8.58878e+06 100000 ZonesAtSurface
2874.87 2975.02 -214.524 2 0 0 0 100000 15 10000 1.3319 8.3554e+06 100000 ZonesAtSurface
2924.85 2974.57 -124.539 10 0 0 0 100000 15 10000 1.13599 1.07709e+07 100000 ZonesAtSurface
2974.86 2974.99 -134.561 8 0 0 0 100000 15 10000 1.5122 7.48174e+06 100000 ZonesAtSurface
3024.86 2974.99 -94.5777 9 0 0 0 100000 15 10000 1.27456 8.1409e+06 100000 ZonesAtSurface
3074.86 2974.88 -54.5818 9 0 0 0 100000 15 10000 2.20818 7.802e+06 100000 ZonesAtSurface
3124.84 2975.01 -64.5767 1 0 0 0 100000 15 10000 1.44766 8.42869e+06 100000 ZonesAtSurface
3174.86 2975.01 -24.5927 3 0 0 0 100000 15 10000 1.35334 8.69674e+06 100000 ZonesAtSurface
3224.89 2974.84 65.3892 10 0 0 0 100000 15 10000 1.45706 6.83298e+06 100000 ZonesAtSurface
3274.9 2975.01 105.397 10 0 1 11 100000 15 10000 2.20029 3.42113e+06 100000 ZonesAtSurface
3324.9 2975.02 95.3825 4 0 1 12 100000 15 10000 1.61908 5.48704e+06 100000 ZonesAtSurface
3374.92 2975.01 135.378 0 0 1 12 100000 15 10000 1.31823 4.88112e+06 100000 ZonesAtSurface
3424.94 2975.01 175.371 2 0 1 12 100000 15 10000 1.02007 4.66324e+06 100000 ZonesAtSurface
3474.96 2975 215.365 8 0 1 12 100000 15 10000 1.03926 3.86037e+06 100000 ZonesAtSurface
3525.01 2975 205.349 1 0 1 13 100000 15 10000 1.00087 5.54105e+06 100000 ZonesAtSurface
3575.04 2975 245.338 1 0 1 13 100000 15 10000 1.00215 5.00517e+06 100000 ZonesAtSurface
3625.09 2975 285.327 1 0 1 13 100000 15 10000 1.00133 4.60051e+06 100000 ZonesAtSurface
3675.14 2975 325.317 1 0 1 13 100000 15 10000 1.00129 4.16775e+06 100000 ZonesAtSurface
3725.19 2975 365.309 1 0 1 13 100000 15 10000 1.00246 3.66334e+06 100000 ZonesAtSurface
3775.25 2975 365.317 1 0 1 13 100000 15 10000 1.0026 3.66539e+06 100000 ZonesAtSurface
3825.3 2975 325.342 1 0 1 13 100000 15 10000 1.00226 4.18982e+06 100000 ZonesAtSurface
3875.35 2975 285.367 1 0 1 13 100000 15 10000 1.00522 4.45375e+06 100000 ZonesAtSurface
3925.4 2975 245.392 1 0 1 13 100000 15 10000 1.00426 4.70284e+06 100000 ZonesAtSurface
3975.44 2975 205.416 1 0 1 13 100000 15 10000 1.00187 4.97724e+06 100000 ZonesAtSurface
4025.47 2975 165.438 1 0 1 13 100000 15 10000 1.00196 5.11465e+06 100000 ZonesAtSurface
4075.5 2975 125.458 1 0 1 13 100000 15 10000 1.00141 5.33488e+06 100000 ZonesAtSurface
4125.52 2975 85.4758 1 0 1 13 100000 15 10000 1.00323 5.8064e+06 100000 ZonesAtSurface
4175.53 2975 45.4916 0 0 1 13 100000 15 10000 1.16694 5.70883e+06 100000 ZonesAtSurface
4225.56 2975 55.514 5 0 1 12 100000 15 10000 1.02706 5.03192e+06 100000 ZonesAtSurface
4275.56 2975 15.5246 2 0 1 12 100000 15 10000 1.03359 5.44112e+06 100000 ZonesAtSurface
4325.55 2975 -24.4659 0 0 1 12 100000 15 10000 1.12604 5.77041e+06 100000 ZonesAtSurface
4375.57 2975 -14.4377 11 0 1 11 100000 15 10000 1.02176 5.07673e+06 100000 ZonesAtSurface
4425.58 2975.01 -4.39415 22 0 1 10 100000 15 10000 1.2109 2.2769e+06 100000 ZonesAtSurface
4475.54 2975 -44.3931 20 0 1 10 100000 15 10000 1.11562 4.79588e+06 100000 ZonesAtSurface
4525.52 2975.01 -34.3449 34 0 1 9 100000 15 10000 1.08894 2.72002e+06 100000 ZonesAtSurface
4575.5 2975.01 -24.2946 46 0 1 8 100000 15 10000 0.996683 742008 100000 ZonesAtSurface
4625.48 2975.01 -14.2397 60 0 1 7 100000 15 10000 1.01033 548879 100000 ZonesAtSurface
4675.44 2975.01 -4.1901 72 0 1 6 100000 15 10000 1.15523 910393 100000 ZonesAtSurface
4725.38 2975.01 5.85144 85 0 1 5 100000 15 10000 1.16937 565624 100000 ZonesAtSurface
4775.31 2975.01 15.8774 98 0 1 4 100000 15 10000 1.16909 525070 100000 ZonesAtSurface
4825.25 2975 25.8881 108 0 1 3 100000 15 10000 1.24141 425074 100000 ZonesAtSurface
4875.15 2975 35.9155 120 0 1 2 100000 15 10000 1.40615 431873 100000 ZonesAtSurface
4925.07 2975 45.8687 133 0 1 1 100000 15 10000 1.18654 568271 100000 ZonesAtSurface
74.955 3025 -25.6735 121 0 1 2 100000 15 10000 1.10551 1.08304e+06 100000 ZonesAtSurface
124.873 3025.03 -0.566045 122 2 1 2 100000 15 10000 2.53125 161276 100000 ZonesAtSurface
174.745 3025 -25.5827 111 0 1 3 100000 15 10000 1.31175 473552 100000 ZonesAtSurface
224.669 3025.03 -0.570333 111 1 1 3 100000 15 10000 1.15423 243122 100000 ZonesAtSurface
274.581 3025 -25.6145 100 0 1 4 100000 15 10000 1.29591 584287 100000 ZonesAtSurface
324.533 3025.01 -0.620648 100 2 1 4 100000 15 10000 1.28957 383552 100000 ZonesAtSurface
374.472 3024.99 -25.6647 89 0 1 5 100000 15 10000 1.23713 585475 100000 ZonesAtSurface
424.434 3024.98 -0.671865 89 0 1 5 100000 15 10000 2.33001 216410 100000 ZonesAtSurface
474.387 3024.97 -25.7395 76 0 1 6 100000 15 10000 1.1238 607605 100000 ZonesAtSurface
524.382 3024.96 -0.739018 70 0 1 6 100000 15 10000 1.31638 603066 100000 ZonesAtSurface
574.363 3024.97 -25.78 61 0 1 7 100000 15 10000 0.914683 399613 100000 ZonesAtSurface
624.35 3024.95 -0.766318 62 0 1 7 100000 15 10000 1.0958 1.20911e+06 100000 ZonesAtSurface
674.334 3024.97 -25.8336 44 0 1 8 100000 15 10000 1.09344 1.31041e+06 100000 ZonesAtSurface
724.322 3024.96 -0.818471 46 0 1 8 100000 15 10000 1.02127 596498 100000 ZonesAtSurface
774.309 3024.98 -25.893 29 0 1 9 100000 15 10000 1.0999 3.47854e+06 100000 ZonesAtSurface
824.293 3024.97 -0.904029 29 0 1 9 100000 15 10000 1.15547 2.15821e+06 100000 ZonesAtSurface
874.301 3024.99 -25.9568 7 0 1 10 100000 15 10000 1.03747 5.69355e+06 100000 ZonesAtSurface
924.287 3024.99 -0.971487 10 0 1 10 100000 15 10000 0.999999 4.63546e+06 100000 ZonesAtSurface
974.285 3024.99 24.0117 7 0 1 10 100000 15 10000 1.0027 4.61435e+06 100000 ZonesAtSurface
1024.29 3024.99 48.9981 5 0 1 10 100000 15 10000 1.01682 4.29408e+06 100000 ZonesAtSurface
1074.3 3024.99 73.9855 2 0 1 10 100000 15 10000 1.01688 4.66131e+06 100000 ZonesAtSurface
1124.31 3024.99 98.9722 4 0 1 10 100000 15 10000 1.01548 4.34378e+06 100000 ZonesAtSurface
1174.32 3024.99 123.958 5 0 1 10 100000 15 10000 1.01326 4.33143e+06 100000 ZonesAtSurface
1224.34 3024.99 148.944 6 0 1 10 100000 15 10000 1.0089 4.08793e+06 100000 ZonesAtSurface
1274.36 3024.99 173.932 5 0 1 10 100000 15 10000 1.00518 3.92598e+06 100000 ZonesAtSurface
1324.38 3024.99 198.922 5 0 1 10 100000 15 10000 1.00571 3.87816e+06 100000 ZonesAtSurface
1374.4 3024.99 223.915 10 0 1 10 100000 15 10000 1.01457 3.41938e+06 100000 ZonesAtSurface
1424.44 3024.99 198.9 1 0 1 11 100000 15 10000 1.02007 4.42848e+06 100000 ZonesAtSurface
1474.47 3024.99 223.895 5 0 1 11 100000 15 10000 1.01887 3.95318e+06 100000 ZonesAtSurface
1524.52 3024.99 198.885 1 0 1 12 100000 15 10000 1.05962 4.71906e+06 100000 ZonesAtSurface
1574.55 3024.99 223.88 5 0 1 12 100000 15 10000 1.01065 4.30462e+06 100000 ZonesAtSurface
1624.59 3024.99 248.877 7 0 1 12 100000 15 10000 1.02009 3.85828e+06 100000 ZonesAtSurface
1674.64 3025 223.87 1 0 1 13 100000 15 10000 1.03479 4.86059e+06 100000 ZonesAtSurface
1724.68 3025 248.865 1 0 1 13 100000 15 10000 1.00145 4.6304e+06 100000 ZonesAtSurface
1774.73 3025 273.862 1 0 1 13 100000 15 10000 1.0007 4.25897e+06 100000 ZonesAtSurface
1824.77 3025 298.861 1 0 1 13 100000 15 10000 1.00083 4.03509e+06 100000 ZonesAtSurface
1874.82 3025 323.861 1 0 1 13 100000 15 10000 1.00136 3.89956e+06 100000 ZonesAtSurface
1924.87 3025 348.863 1 0 1 13 100000 15 10000 1.00233 3.70628e+06 100000 ZonesAtSurface
1974.91 3025 373.865 1 0 1 13 100000 15 10000 1.00314 3.29457e+06 100000 ZonesAtSurface
2024.97 3025 336.379 1 0 1 13 100000 15 10000 0.997755 3.65451e+06 100000 ZonesAtSurface
2075.02 3025 236.406 1 0 1 13 100000 15 10000 0.990121 4.66515e+06 100000 ZonesAtSurface
2125.07 3025 136.431 1 0 1 13 100000 15 10000 1.17615 5.16831e+06 100000 ZonesAtSurface
2175.1 3025 86.4505 4 0 1 12 100000 15 10000 2.46327 3.6014e+06 100000 ZonesAtSurface
2225.12 3025 -13.5358 0 0 0 0 100000 15 10000 3.87824 3.19966e+06 100000 ZonesAtSurface
2275.14 3025 -113.524 0 0 0 0 100000 15 10000 3.09343 4.19155e+06 100000 ZonesAtSurface
2325.16 3024.79 -163.512 4 0 0 0 100000 15 10000 2.11804 5.56283e+06 100000 ZonesAtSurface
2375.15 3025.01 -263.503 0 0 0 0 100000 15 10000 2.37007 3.43257e+06 100000 ZonesAtSurface
2425.13 3024.74 -313.5 10 0 0 0 100000 15 10000 1.89501 6.41539e+06 100000 ZonesAtSurface
2475.11 3024.99 -413.499 4 0 0 0 100000 15 10000 1.87805 7.12536e+06 100000 ZonesAtSurface
2525.07 3024.99 -443.497 5 0 0 0 100000 15 10000 2.27744 6.35758e+06 100000 ZonesAtSurface
2575.03 3024.99 -403.492 3 0 0 0 100000 15 10000 2.58909 5.17061e+06 100000 ZonesAtSurface
2624.99 3025 -363.487 3 0 0 0 100000 15 10000 3.37517 4.06179e+06 100000 ZonesAtSurface
2674.96 3025 -323.484 1 0 0 0 100000 15 10000 3.65021 3.70775e+06 100000 ZonesAtSurface
2724.92 3025 -283.483 2 0 0 0 100000 15 10000 3.55952 3.52127e+06 100000 ZonesAtSurface
2774.9 3025 -243.483 4 0 0 0 100000 15 10000 4.805 2.61542e+06 100000 ZonesAtSurface
2824.88 3025.01 -253.488 0 0 0 0 100000 15 10000 2.07081 5.82138e+06 100000 ZonesAtSurface
2874.84 3024.83 -163.483 5 5 0 0 100000 15 10000 1.33709 213734 100000 ZonesAtSurface
2924.83 3025.01 -173.5 1 0 0 0 100000 15 10000 1.3625 6.14156e+06 100000 ZonesAtSurface
2974.83 3025.01 -133.516 8 0 0 0 100000 15 10000 1.53007 4.67546e+06 100000 ZonesAtSurface
3024.83 3025.01 -93.5278 5 0 0 0 100000 15 10000 2.44738 4.41202e+06 100000 ZonesAtSurface
3074.83 3025.01 -103.533 0 0 0 0 100000 15 10000 2.89312 4.37106e+06 100000 ZonesAtSurface
3124.82 3025.01 -63.5428 0 0 0 0 100000 15 10000 1.65579 5.82814e+06 100000 ZonesAtSurface
3174.83 3025.01 -23.5566 0 0 0 0 100000 15 10000 1.4412 6.10869e+06 100000 ZonesAtSurface
3224.84 3025.01 16.4271 2 0 0 0 100000 15 10000 1.31869 6.1556e+06 100000 ZonesAtSurface
3274.86 3025 106.422 8 0 1 11 100000 15 10000 1.21585 5.1335e+06 100000 ZonesAtSurface
3324.89 3025.01 96.3963 0 0 1 12 100000 15 10000 1.48288 4.89804e+06 100000 ZonesAtSurface
3374.91 3025 136.384 0 0 1 12 100000 15 10000 1.18266 4.94903e+06 100000 ZonesAtSurface
3424.94 3025 176.375 3 0 1 12 100000 15 10000 1.01483 4.6887e+06 100000 ZonesAtSurface
3474.97 3025 166.361 0 0 1 13 100000 15 10000 1.26062 5.16686e+06 100000 ZonesAtSurface
3525.01 3025 206.351 1 0 1 13 100000 15 10000 1.00155 5.5142e+06 100000 ZonesAtSurface
3575.04 3025 246.339 1 0 1 13 100000 15 10000 1.00148 4.96825e+06 100000 ZonesAtSurface
3625.09 3025 286.327 1 0 1 13 100000 15 10000 1.00363 4.61749e+06 100000 ZonesAtSurface
3675.14 3025 326.317 1 0 1 13 100000 15 10000 1.00121 4.1705e+06 100000 ZonesAtSurface
3725.19 3024.99 366.309 1 0 1 13 100000 15 10000 1.00252 3.70224e+06 100000 ZonesAtSurface
3775.25 3024.99 366.317 1 0 1 13 100000 15 10000 1.00338 3.61333e+06 100000 ZonesAtSurface
3825.3 3025 326.342 1 0 1 13 100000 15 10000 1.0023 4.26243e+06 100000 ZonesAtSurface
3875.35 3025 286.369 1 0 1 13 100000 15 10000 1.00512 4.32748e+06 100000 ZonesAtSurface
3925.4 3025 246.393 1 0 1 13 100000 15 10000 1.00505 4.62176e+06 100000 ZonesAtSurface
3975.44 3025 206.416 1 0 1 13 100000 15 10000 1.00326 4.91247e+06 100000 ZonesAtSurface
4025.47 3025 166.438 1 0 1 13 100000 15 10000 1.00249 5.13897e+06 100000 ZonesAtSurface
4075.5 3024.99 126.458 1 0 1 13 100000 15 10000 1.00153 5.34218e+06 100000 ZonesAtSurface
4125.52 3024.99 86.4756 1 0 1 13 100000 15 10000 1.00243 5.79184e+06 100000 ZonesAtSurface
4175.53 3024.99 46.4915 0 0 1 13 100000 15 10000 1.16166 5.70246e+06 100000 ZonesAtSurface
4225.56 3024.99 56.5144 6 0 1 12 100000 15 10000 1.0303 5.1332e+06 100000 ZonesAtSurface
4275.56 3024.99 16.5249 2 0 1 12 100000 15 10000 1.03687 5.46641e+06 100000 ZonesAtSurface
4325.56 3024.99 -23.4657 0 0 1 12 100000 15 10000 1.10902 5.81278e+06 100000 ZonesAtSurface
4375.57 3024.99 -13.4372 11 0 1 11 100000 15 10000 1.02204 4.96523e+06 100000 ZonesAtSurface
4425.58 3024.98 -3.39416 23 0 1 10 100000 15 10000 1.19947 2.28293e+06 100000 ZonesAtSurface
4475.55 3024.98 -43.3934 20 0 1 10 100000 15 10000 1.11554 4.83557e+06 100000 ZonesAtSurface
4525.52 3024.98 -33.3466 35 0 1 9 100000 15 10000 1.13651 2.56025e+06 100000 ZonesAtSurface
4575.51 3024.97 -23.3014 46 0 1 8 100000 15 10000 1.06542 1.07679e+06 100000 ZonesAtSurface
4625.48 3024.97 -13.2468 60 0 1 7 100000 15 10000 0.963751 575728 100000 ZonesAtSurface
4675.45 3024.97 -3.19665 72 0 1 6 100000 15 10000 1.10638 872565 100000 ZonesAtSurface
4725.38 3024.97 6.86043 85 0 1 5 100000 15 10000 1.09438 530874 100000 ZonesAtSurface
4775.3 3024.98 16.8878 97 0 1 4 100000 15 10000 1.11968 620201 100000 ZonesAtSurface
4825.22 3024.98 26.8945 109 0 1 3 100000 15 10000 1.2153 413680 100000 ZonesAtSurface
4875.15 3024.98 36.8928 121 4 1 2 100000 15 10000 1.65314 329526 100000 ZonesAtSurface
4925.07 3024.98 46.8644 133 0 1 1 100000 15 10000 1.18967 661616 100000 ZonesAtSurface
74.9628 3075 -24.7059 121 0 1 2 1.10421e+06 23.7256 84654.8 1.096 4.09108e+06 1.10421e+06 ZonesAtSurface
124.856 3075 -49.6838 101 0 1 3 517817 22.9365 92242.2 1.0385 3.06062e+06 517817 ZonesAtSurface
174.753 3075 -24.6034 96 74 1 3 1.42023e+06 16.9147 142188 1.86969 2.10517e+06 1.42023e+06 ZonesAtSurface
224.67 3074.99 -49.6654 100 0 1 4 978491 20.2866 107329 1.04977 3.33621e+06 978491 ZonesAtSurface
274.582 3074.99 -24.6499 91 37 1 4 838524 38.9177 108378 1.78374 2.22991e+06 838524 ZonesAtSurface
324.541 3074.98 -49.7072 72 0 1 5 1.40662e+06 34.811 124876 1.06547 6.18796e+06 1.40662e+06 ZonesAtSurface
374.476 3074.98 -24.724 75 0 1 5 660529 39.3738 107406 1.53724 2.72258e+06 660529 ZonesAtSurface
424.437 3074.96 -49.8041 32 0 1 6 686091 30.1356 143494 1.02741 4.369e+06 686091 ZonesAtSurface
474.392 3074.95 -24.8124 35 0 1 6 537755 22.7263 97872.2 1.12372 2.40233e+06 537755 ZonesAtSurface
524.391 3074.96 -49.8453 2 0 1 7 1.3549e+06 32.6942 141027 1.07435 8.43384e+06 1.3549e+06 ZonesAtSurface
574.362 3074.95 -24.8413 11 0 1 7 899022 33.7329 104139 1.05368 6.66961e+06 899022 ZonesAtSurface
624.357 3074.96 -49.8781 3 0 1 8 950388 34.3539 146704 1.51501 9.52041e+06 950388 ZonesAtSurface
674.302 3074.9 25.1102 3 0 2 7 970748 21.4534 101384 1.33103 3.89323e+06 970748 ZonesAtSurface
724.308 3074.93 0.102431 3 0 1 8 1.48123e+06 39.1975 135334 1.525 9.36964e+06 1.48123e+06 ZonesAtSurface
774.309 3074.97 -24.9239 0 0 1 9 915742 39.9591 111801 2.17919 8.47949e+06 915742 ZonesAtSurface
824.264 3074.92 50.0607 7 0 1 8 1.16175e+06 34.8439 130864 1.07303 4.348e+06 1.16175e+06 ZonesAtSurface
874.253 3074.93 75.0392 0 0 1 8 844326 39.7334 63177.8 1.02331 3.6926e+06 844326 ZonesAtSurface
924.233 3074.91 150.014 8 6 2 7 849959 20.8038 142459 1.06722 2.25155e+06 849959 ZonesAtSurface
974.238 3074.92 174.997 9 0 2 7 662372 33.9049 123020 1.04817 2.16624e+06 662372 ZonesAtSurface
1024.25 3074.92 199.981 0 0 2 7 756053 16.7369 110986 1.11703 1.8659e+06 756053 ZonesAtSurface
1074.27 3074.94 174.979 0 0 2 8 601341 17.6036 135675 1.02282 2.53875e+06 601341 ZonesAtSurface
1124.28 3074.95 199.963 2 0 1 8 1.11439e+06 43.7318 136667 1.12841 4.75973e+06 1.11439e+06 ZonesAtSurface
1174.29 3074.95 224.95 5 0 1 8 687487 44.8141 137587 1.16457 4.35809e+06 687487 ZonesAtSurface
1224.31 3074.96 249.94 6 0 1 8 1.26369e+06 26.5725 95186.2 1.10166 4.3694e+06 1.26369e+06 ZonesAtSurface
1274.34 3074.98 224.929 0 0 1 9 1.12133e+06 42.7846 100532 3.21586 5.08987e+06 1.12133e+06 ZonesAtSurface
1324.36 3074.96 299.92 8 0 2 8 1.1132e+06 23.4548 75515.9 1.0669 3.18383e+06 1.1132e+06 ZonesAtSurface
1374.39 3074.98 274.912 1 0 2 9 669951 21.5467 143353 1.14361 3.83213e+06 669951 ZonesAtSurface
1424.43 3074.99 249.899 0 0 1 10 961674 27.8938 64135 1.254 5.496e+06 961674 ZonesAtSurface
1474.45 3074.95 374.898 7 10 2 8 532560 44.404 83063.4 1.35069 1.64886e+06 532560 ZonesAtSurface
1524.5 3074.99 249.882 0 0 1 11 844631 32.9304 99646.6 1.67813 5.86986e+06 844631 ZonesAtSurface
1574.51 3074.94 374.866 3 7 2 9 1.29803e+06 30.8193 112502 1.33989 3.4053e+06 1.29803e+06 ZonesAtSurface
1624.56 3074.96 349.858 1 3 2 10 1.24262e+06 18.9038 58353 1.18066 2.94771e+06 1.24262e+06 ZonesAtSurface
1674.6 3074.95 374.851 2 3 2 10 578292 33.9166 89803.4 0 1.77767e+06 578292 ZonesAtSurface
1724.67 3074.99 299.863 2 0 1 12 749719 37.9897 77943 1.03844 6.551e+06 749719 ZonesAtSurface
1774.69 3074.98 374.86 8 0 1 11 1.13879e+06 34.3296 66996.5 1.28736 5.12621e+06 1.13879e+06 ZonesAtSurface
1824.74 3074.98 399.856 9 0 1 11 1.16503e+06 29.2676 59125.4 1.24765 4.0315e+06 1.16503e+06 ZonesAtSurface
1874.82 3075 324.86 0 0 1 13 1.2494e+06 33.7038 78973.2 1.49557 7.51891e+06 1.2494e+06 ZonesAtSurface
1924.85 3074.99 399.864 8 0 1 12 789564 19.4701 107684 1.01982 2.73513e+06 789564 ZonesAtSurface
1974.91 3074.99 424.866 1 0 2 12 1.39078e+06 18.1045 54501.9 1.0088 3.86966e+06 1.39078e+06 ZonesAtSurface
2024.96 3074.99 387.378 6 0 1 12 514051 25.8859 114040 0.994623 3.29518e+06 514051 ZonesAtSurface
2075.02 3074.99 337.404 9 0 1 11 649469 37.7561 96225.4 1.77361 5.33446e+06 649469 ZonesAtSurface
2125.06 3074.98 287.429 4 0 2 10 563148 16.6711 79906.3 1.13075 1.39757e+06 563148 ZonesAtSurface
2175.1 3074.55 187.448 10 9 1 10 1.30036e+06 42.3951 96519.1 0 3.06583e+06 1.30036e+06 ZonesAtSurface
2225.15 3074.72 37.4736 0 0 0 0 1.18576e+06 38.7609 141679 1.37315 4.55242e+06 1.18576e+06 ZonesAtSurface
2275.17 3074.74 -62.5091 0 0 0 0 973404 35.9972 146344 0.90388 6.13802e+06 973404 ZonesAtSurface
2325.18 3074.44 -112.495 5 9 0 0 882321 22.6719 50093.7 1.58452 2.2234e+06 882321 ZonesAtSurface
2375.17 3073.81 -162.49 0 0 0 0 1.49992e+06 20.903 125128 0.600459 8.2006e+06 1.49992e+06 ZonesAtSurface
2425.11 3070.35 -112.496 10 8 0 0 1.44296e+06 38.9955 64940.7 1.90944 2.06568e+07 1.44296e+06 ZonesAtSurface
2475.12 3074.99 -412.485 0 0 0 0 1.16403e+06 19.4976 117160 3.0303 7.89679e+06 1.16403e+06 ZonesAtSurface
2525.07 3074.98 -442.481 0 0 0 0 1.0974e+06 27.2654 69775.4 4.25557 9.17112e+06 1.0974e+06 ZonesAtSurface
2575 3072.89 -302.464 9 9 0 0 1.42163e+06 19.2701 73663 1.67868 1.75928e+07 1.42163e+06 ZonesAtSurface
2624.97 3074.98 -362.466 0 0 0 0 1.11994e+06 33.45 91806.9 7.07848 6.57188e+06 1.11994e+06 ZonesAtSurface
2674.94 3074.98 -322.466 0 0 0 0 932747 24.7203 94539.3 3.77145 7.34908e+06 932747 ZonesAtSurface
2724.88 3072.83 -182.461 0 0 0 0 1.27945e+06 40.9239 79487.2 3.86351 2.05268e+07 1.27945e+06 ZonesAtSurface
2774.88 3074.97 -242.471 0 0 0 0 1.13022e+06 35.8701 70658.9 5.52628 9.29559e+06 1.13022e+06 ZonesAtSurface
2824.87 3072.88 -102.479 0 0 0 0 747369 41.9741 129230 3.89095 1.2806e+07 747369 ZonesAtSurface
2874.84 3074.97 -162.466 0 0 0 0 1.33035e+06 42.6514 96988 10 6.66564e+06 1.33035e+06 ZonesAtSurface
2924.81 3074.8 -122.462 8 8 0 0 683945 32.6074 140489 1.54675 1.47879e+06 683945 ZonesAtSurface
2974.79 3074.62 -82.4718 10 10 0 0 837839 32.8539 126089 1.27272 2.70288e+06 837839 ZonesAtSurface
3024.8 3074.6 -42.4905 9 10 0 0 1.24114e+06 43.547 116747 1.29238 4.92478e+06 1.24114e+06 ZonesAtSurface
3074.82 3072.25 97.465 1 0 0 0 536232 43.6528 144646 1.70489 2.60447e+07 536232 ZonesAtSurface
3124.81 3074.98 -12.5235 0 0 0 0 1.05316e+06 41.5085 123422 6.21187 4.81334e+06 1.05316e+06 ZonesAtSurface
3174.82 3074.98 27.4598 0 0 0 0 1.24313e+06 25.5009 112173 3.29346 4.51622e+06 1.24313e+06 ZonesAtSurface
3224.83 3074.98 67.443 0 0 0 0 970720 28.3977 130129 2.70041 5.59807e+06 970720 ZonesAtSurface
3274.85 3074.99 107.426 0 0 1 11 1.17034e+06 43.7703 87904.8 4.13217 7.20703e+06 1.17034e+06 ZonesAtSurface
3324.85 3074.94 247.405 2 8 2 9 1.42126e+06 37.4946 55273.6 1.71396 3.27426e+06 1.42126e+06 ZonesAtSurface
3374.89 3074.93 287.387 4 9 2 9 1.21233e+06 30.8855 147943 1.15079 3.49647e+06 1.21233e+06 ZonesAtSurface
3424.92 3074.92 327.363 9 4 2 9 613993 39.8389 148335 1.07336 2.09444e+06 613993 ZonesAtSurface
3474.95 3074.92 367.338 8 9 1 9 763390 34.729 63788.8 1.23351 2.41028e+06 763390 ZonesAtSurface
3524.99 3074.95 357.325 0 0 2 10 720521 22.4321 98694.2 0.998195 2.06524e+06 720521 ZonesAtSurface
3575.03 3074.95 397.306 0 0 2 10 910110 20.7119 97426.3 1.00352 2.53836e+06 910110 ZonesAtSurface
3625.08 3074.95 437.292 0 1 2 10 1.23939e+06 37.0302 70833.8 1.28304 3.79682e+06 1.23939e+06 ZonesAtSurface
3675.13 3074.99 377.304 7 0 1 12 1.11983e+06 29.8671 107487 1.01378 5.77291e+06 1.11983e+06 ZonesAtSurface
3725.17 3074.98 467.288 0 7 2 11 940985 31.6119 132537 1.61037 2.16958e+06 940985 ZonesAtSurface
3775.25 3074.99 417.304 5 0 1 12 725441 30.109 99496.5 1.01812 3.93193e+06 725441 ZonesAtSurface
3825.29 3074.94 527.239 3 9 2 9 562899 42.5808 51901.4 1.37811 1.77617e+06 562899 ZonesAtSurface
3875.36 3074.95 437.31 1 1 2 10 1.08495e+06 39.2972 115600 1.01441 4.31535e+06 1.08495e+06 ZonesAtSurface
3925.41 3074.95 397.344 2 2 1 10 791822 28.7994 65148.4 0 2.49792e+06 791822 ZonesAtSurface
3975.48 3074.93 407.34 4 4 2 9 643530 22.4777 107208 1.29472 1.53754e+06 643530 ZonesAtSurface
4025.51 3074.95 317.402 1 1 1 10 1.03769e+06 15.1229 134993 1.01138 2.5943e+06 1.03769e+06 ZonesAtSurface
4075.56 3074.92 327.401 2 2 2 9 742604 43.1509 76079.9 1.32188 2.81943e+06 742604 ZonesAtSurface
4125.58 3074.94 237.453 0 0 1 10 1.38865e+06 22.4323 126174 0 3.96757e+06 1.38865e+06 ZonesAtSurface
4175.6 3074.94 197.477 3 0 1 10 907338 35.3249 96560.1 1.01984 3.44211e+06 907338 ZonesAtSurface
4225.62 3074.91 207.489 3 3 2 9 615425 28.354 135721 1.19841 1.73834e+06 615425 ZonesAtSurface
4275.63 3074.91 167.514 10 4 1 9 755150 40.1095 69088.6 1.05933 2.9179e+06 755150 ZonesAtSurface
4325.63 3074.92 127.538 2 2 2 9 1.27645e+06 15.1372 73763.8 1.01762 3.26536e+06 1.27645e+06 ZonesAtSurface
4375.65 3074.89 137.551 5 9 2 8 1.16576e+06 25.0723 128787 1.36099 2.79736e+06 1.16576e+06 ZonesAtSurface
4425.61 3074.93 47.5848 10 0 1 9 899566 31.2215 105235 1.07257 4.77626e+06 899566 ZonesAtSurface
4475.58 3074.94 7.60998 6 0 1 9 1.47677e+06 35.4151 140482 1.15264 1.00037e+07 1.47677e+06 ZonesAtSurface
4525.53 3074.96 -32.3791 2 0 1 9 1.44931e+06 39.6405 69586.2 1.53014 1.06474e+07 1.44931e+06 ZonesAtSurface
4575.52 3074.96 -22.3491 25 0 1 8 1.24679e+06 25.3726 129224 1.05195 7.3115e+06 1.24679e+06 ZonesAtSurface
4625.49 3074.96 -12.2959 30 0 1 7 1.02037e+06 20.4224 117908 1.05465 3.11907e+06 1.02037e+06 ZonesAtSurface
4675.44 3074.96 -2.24849 63 0 1 6 882415 21.7938 108139 1.07414 2.98968e+06 882415 ZonesAtSurface
4725.37 3074.96 7.79886 71 0 1 5 674163 31.3107 144726 1.96751 1.93062e+06 674163 ZonesAtSurface
4775.29 3074.97 17.8207 88 0 1 4 557854 16.4011 117005 1.42181 1.26267e+06 557854 ZonesAtSurface
4825.21 3074.97 27.8315 57 30 1 3 935727 39.7808 93028.6 2.03501 2.33288e+06 935727 ZonesAtSurface
4875.15 3074.98 37.8165 83 31 1 2 1.06085e+06 42.2724 73957.4 1.99562 3.13736e+06 1.06085e+06 ZonesAtSurface
4925.07 3074.98 47.8058 126 4 1 1 742422 30.9991 135692 1.32034 2.4214e+06 742422 ZonesAtSurface
74.9668 3125 -23.7201 117 9 1 2 1.19859e+06 43.8706 145071 1.13634 6.14848e+06 1.19859e+06 ZonesAtSurface
124.852 3125 -48.6969 101 0 1 3 1.26642e+06 20.9594 148613 1.07589 5.1713e+06 1.26642e+06 ZonesAtSurface
174.753 3125 -23.624 98 42 1 3 616544 25.502 74476.1 2.59378 954951 616544 ZonesAtSurface
224.668 3124.99 -48.6786 99 0 1 4 757010 17.1697 55068.7 1.08445 3.0533e+06 757010 ZonesAtSurface
274.583 3124.99 -23.6703 97 44 1 4 1.16499e+06 24.2899 62629.5 1.9436 2.04356e+06 1.16499e+06 ZonesAtSurface
324.539 3124.99 -48.7292 75 0 1 5 537513 32.4471 54169.2 1.11271 4.8176e+06 537513 ZonesAtSurface
374.476 3124.98 -23.7507 77 3 1 5 1.05736e+06 19.3591 121671 1.50785 2.16015e+06 1.05736e+06 ZonesAtSurface
424.434 3124.97 -48.8226 20 0 1 6 789787 39.1536 133576 1.03636 9.84676e+06 789787 ZonesAtSurface
474.384 3124.96 -23.8286 20 0 1 6 1.30094e+06 35.2727 80380.5 1.01993 6.90354e+06 1.30094e+06 ZonesAtSurface
524.382 3124.96 -48.8567 0 0 1 7 1.2059e+06 33.2794 72631.6 1.48522 8.21935e+06 1.2059e+06 ZonesAtSurface
574.348 3124.95 -23.8574 17 0 1 7 1.05793e+06 29.6014 111417 1.05564 8.03855e+06 1.05793e+06 ZonesAtSurface
624.315 3124.94 1.12831 5 0 1 7 747351 41.9567 137046 1.79163 9.43347e+06 747351 ZonesAtSurface
674.291 3124.93 26.1086 0 0 1 7 658418 28.2349 127258 1.13676 5.76839e+06 658418 ZonesAtSurface
724.296 3124.95 1.09184 1 0 1 8 1.47092e+06 22.9765 62803.4 1.17741 7.71239e+06 1.47092e+06 ZonesAtSurface
774.245 3124.92 76.0733 0 0 1 7 592799 22.6696 146133 1.03122 3.90316e+06 592799 ZonesAtSurface
824.211 3124.92 151.041 2 2 2 6 1.09904e+06 21.107 104954 1.02315 3.08337e+06 1.09904e+06 ZonesAtSurface
874.2 3124.92 226.013 8 8 2 5 635108 15.1052 93934.8 1.79434 910046 635108 ZonesAtSurface
924.208 3124.93 250.998 4 8 2 5 1.22303e+06 30.3043 113289 1.38066 2.98341e+06 1.22303e+06 ZonesAtSurface
974.218 3124.93 275.982 10 3 2 5 664581 38.0142 82413.3 1.17667 2.20024e+06 664581 ZonesAtSurface
1024.23 3124.94 250.974 3 0 2 6 1.13579e+06 32.4358 149834 1.04378 3.85843e+06 1.13579e+06 ZonesAtSurface
1074.24 3124.93 325.948 7 0 1 5 886516 30.0522 88934.5 1.12907 3.14082e+06 886516 ZonesAtSurface
1124.26 3124.93 350.931 9 1 2 5 799557 22.4855 101003 1.047 2.23723e+06 799557 ZonesAtSurface
1174.28 3124.96 275.943 0 0 1 7 1.3373e+06 35.7598 100807 1.55925 5.19206e+06 1.3373e+06 ZonesAtSurface
1224.3 3124.95 350.919 8 1 1 6 870700 27.0153 111415 1.09729 2.48652e+06 870700 ZonesAtSurface
1274.33 3124.95 375.911 1 9 2 6 1.42645e+06 39.2413 139408 1.7032 3.27722e+06 1.42645e+06 ZonesAtSurface
1324.36 3124.97 350.917 6 0 1 7 736885 29.8311 65203.6 1.21035 2.47368e+06 736885 ZonesAtSurface
1374.39 3124.97 325.913 4 0 2 8 1.26651e+06 18.2291 87190.5 1.05002 3.74855e+06 1.26651e+06 ZonesAtSurface
1424.42 3124.98 300.898 2 0 1 9 726973 34.2907 78785.5 1.00303 4.68221e+06 726973 ZonesAtSurface
1474.45 3124.98 325.891 1 0 2 9 1.37927e+06 32.9858 88478.3 1.05813 4.71507e+06 1.37927e+06 ZonesAtSurface
1524.48 3124.97 350.882 4 4 2 9 1.32753e+06 38.1736 99441.1 1.10551 4.74449e+06 1.32753e+06 ZonesAtSurface
1574.51 3124.97 375.871 10 6 1 9 1.15014e+06 39.2904 129328 1.18427 3.79249e+06 1.15014e+06 ZonesAtSurface
1624.55 3124.97 400.863 1 9 2 9 623460 24.0783 79706.4 2.342 859724 623460 ZonesAtSurface
1674.6 3124.98 375.858 7 2 2 10 894220 26.2984 86048.1 1.33278 2.08908e+06 894220 ZonesAtSurface
1724.64 3124.98 400.86 5 4 2 10 652089 18.3291 149399 1.25818 1.37762e+06 652089 ZonesAtSurface
1774.7 3124.99 375.86 10 0 1 11 965088 30.5873 123826 1.0293 3.39009e+06 965088 ZonesAtSurface
1824.74 3124.99 450.855 6 8 1 10 1.2818e+06 21.0186 107863 1.97422 1.85588e+06 1.2818e+06 ZonesAtSurface
1874.79 3124.99 425.857 1 0 2 11 886177 33.0535 134089 1.06546 3.18089e+06 886177 ZonesAtSurface
1924.84 3124.99 450.861 4 3 2 11 691687 39.2305 52157.9 1.07245 2.67787e+06 691687 ZonesAtSurface
1974.9 3124.99 475.865 3 7 2 11 616712 27.867 62214.1 1.11791 1.7446e+06 616712 ZonesAtSurface
2024.96 3125 388.376 6 0 1 12 683042 38.9953 68775.2 1.00435 5.47148e+06 683042 ZonesAtSurface
2075.01 3124.99 338.399 0 0 1 11 996778 42.8738 141353 1.56293 6.37998e+06 996778 ZonesAtSurface
2125.06 3124.98 338.425 9 5 2 9 616612 24.7389 118421 1.04333 1.72158e+06 616612 ZonesAtSurface
2175.11 3124.83 188.446 9 9 1 10 882264 44.7536 120472 1.82334 2.5785e+06 882264 ZonesAtSurface
2225.14 3124.68 88.47 6 10 0 0 1.39813e+06 17.2672 96588.3 0 2.28265e+06 1.39813e+06 ZonesAtSurface
2275.08 3119.95 188.45 0 0 0 0 735844 42.7332 62168.6 5.32665 4.4456e+06 735844 ZonesAtSurface
2325.08 3120.2 88.4602 7 7 0 0 815458 38.9447 99058.2 4.57456 5.21105e+06 815458 ZonesAtSurface
2375.16 3124.95 -211.496 0 0 0 0 1.1992e+06 29.8584 111702 1.57722 1.60805e+07 1.1992e+06 ZonesAtSurface
2425.15 3124.96 -311.489 7 0 0 0 1.14697e+06 15.659 61465.5 1.06112 1.20267e+07 1.14697e+06 ZonesAtSurface
2475.11 3124.98 -411.488 0 0 0 0 1.25244e+06 26.0336 80424.1 2.89109 1.03409e+07 1.25244e+06 ZonesAtSurface
2525.07 3124.97 -441.484 0 0 0 0 540905 16.577 115391 1.51889 1.02061e+07 540905 ZonesAtSurface
2575.02 3124.97 -401.474 0 0 0 0 660634 28.8859 101962 2.94494 1.09734e+07 660634 ZonesAtSurface
2624.98 3124.96 -361.47 0 0 0 0 788745 19.1586 86543.6 1.72692 1.02324e+07 788745 ZonesAtSurface
2674.9 3118.02 -21.4469 7 0 0 0 667832 33.2977 62382.1 1.76645 1.2753e+07 667832 ZonesAtSurface
2724.92 3124.94 -281.483 0 0 0 0 964417 20.1945 92264.9 1.45484 1.29884e+07 964417 ZonesAtSurface
2774.88 3121.71 -91.5009 5 1 0 0 862927 43.8675 118297 4.44677 1.02271e+07 862927 ZonesAtSurface
2824.88 3121.76 -51.5185 6 3 0 0 1.42101e+06 44.1511 76942.7 4.45095 1.05341e+07 1.42101e+06 ZonesAtSurface
2874.86 3124.93 -161.486 0 0 0 0 526408 32.9618 57291.5 2.2772 1.78212e+07 526408 ZonesAtSurface
2924.86 3121.61 28.4485 2 0 0 0 1.47954e+06 25.5069 87233.9 1.41715 1.54015e+07 1.47954e+06 ZonesAtSurface
2974.87 3120.37 118.443 7 0 0 0 1.24625e+06 21.4139 77914.9 1.02958 1.59501e+07 1.24625e+06 ZonesAtSurface
3024.81 3124.94 -41.4976 5 0 0 0 1.43607e+06 16.9751 137745 1.10225 8.65574e+06 1.43607e+06 ZonesAtSurface
3074.81 3124.82 -1.50709 9 9 0 0 1.24451e+06 39.215 106347 1.46692 3.62656e+06 1.24451e+06 ZonesAtSurface
3124.81 3124.7 38.4754 0 0 0 0 504589 42.9688 97830.7 0.570553 6.11831e+06 504589 ZonesAtSurface
3174.82 3124.7 78.4575 4 9 0 0 829804 31.1233 59284.7 0.626038 5.03108e+06 829804 ZonesAtSurface
3224.84 3124.69 118.44 8 9 0 0 1.34822e+06 26.9423 146528 0.785817 5.63852e+06 1.34822e+06 ZonesAtSurface
3274.85 3124.83 158.421 10 9 1 10 1.32828e+06 39.4308 60801.7 2.52788 2.24138e+06 1.32828e+06 ZonesAtSurface
3324.87 3124.97 198.404 0 0 1 10 902068 42.3699 138493 2.24378 5.71326e+06 902068 ZonesAtSurface
3374.89 3124.96 288.39 5 0 1 9 901433 43.6351 56588 1.2064 5.55078e+06 901433 ZonesAtSurface
3424.92 3124.93 428.339 9 7 2 7 596447 40.5473 96249.3 1.26434 1.78524e+06 596447 ZonesAtSurface
3474.95 3124.96 368.343 9 0 1 9 623211 39.4601 120873 1.02636 4.44611e+06 623211 ZonesAtSurface
3524.98 3124.94 508.272 2 7 2 7 588713 31.5548 113226 1.03369 1.82014e+06 588713 ZonesAtSurface
3575.03 3124.98 398.306 7 0 1 10 1.46217e+06 16.6125 62231.8 1.01657 4.81215e+06 1.46217e+06 ZonesAtSurface
3625.07 3124.96 488.277 4 9 2 9 1.48603e+06 25.6289 89776.3 1.47375 3.22844e+06 1.48603e+06 ZonesAtSurface
3675.13 3124.98 428.29 4 0 1 11 1.32805e+06 21.4901 115387 1.01785 5.4341e+06 1.32805e+06 ZonesAtSurface
3725.19 3124.99 418.291 10 0 1 12 1.16709e+06 20.887 69685.9 1.00744 5.20557e+06 1.16709e+06 ZonesAtSurface
3775.23 3124.98 468.286 9 0 1 11 1.41955e+06 34.8445 92665.7 1.02682 5.44419e+06 1.41955e+06 ZonesAtSurface
3825.29 3124.97 478.282 1 0 2 10 1.30205e+06 15.584 143261 1.03922 3.83805e+06 1.30205e+06 ZonesAtSurface
3875.36 3124.96 488.273 1 1 1 9 1.30719e+06 24.2553 54923.6 1.11722 3.60875e+06 1.30719e+06 ZonesAtSurface
3925.42 3124.95 498.273 1 1 2 8 1.29399e+06 31.7966 82881.7 1.08193 4.32488e+06 1.29399e+06 ZonesAtSurface
3975.49 3124.94 508.257 10 6 2 7 808923 22.3543 86495.8 1.67323 1.42445e+06 808923 ZonesAtSurface
4025.54 3124.93 468.306 8 0 1 7 965389 34.8136 78011.6 1.03433 3.63632e+06 965389 ZonesAtSurface
4075.59 3124.92 478.306 10 7 2 6 737634 37.9733 135328 1.29579 2.05082e+06 737634 ZonesAtSurface
4125.62 3124.93 388.387 6 6 2 7 796634 15.051 57875.9 1.17584 1.80079e+06 796634 ZonesAtSurface
4175.65 3124.92 348.426 0 7 1 7 1.35584e+06 32.1218 74167.4 1.10905 4.38066e+06 1.35584e+06 ZonesAtSurface
4225.64 3124.93 258.475 5 0 1 8 570232 36.3304 88703.9 0.993097 3.15671e+06 570232 ZonesAtSurface
4275.67 3124.92 268.486 6 2 2 7 725810 33.5423 129530 1.00757 2.38508e+06 725810 ZonesAtSurface
4325.68 3124.92 228.515 6 3 2 7 711147 18.2585 123745 0 1.91062e+06 711147 ZonesAtSurface
4375.66 3124.94 138.554 3 0 1 8 873868 28.0405 111021 1.01512 4.11188e+06 873868 ZonesAtSurface
4425.69 3124.92 148.567 5 7 2 7 1.13992e+06 23.3547 76223.2 0 3.4005e+06 1.13992e+06 ZonesAtSurface
4475.64 3124.95 58.603 7 0 1 8 532874 34.2488 63389.4 1.10881 6.7232e+06 532874 ZonesAtSurface
4525.55 3124.97 -31.3901 0 0 1 9 1.2341e+06 28.2064 101564 1.33403 1.0151e+07 1.2341e+06 ZonesAtSurface
4575.53 3124.97 -21.3636 8 0 1 8 1.1972e+06 35.1997 100378 1.12212 1.20244e+07 1.1972e+06 ZonesAtSurface
4625.49 3124.97 -11.3084 39 0 1 7 535905 28.4663 125160 1.05204 4.37112e+06 535905 ZonesAtSurface
4675.43 3124.97 -1.25387 53 0 1 6 1.14182e+06 29.8965 67628.3 1.01617 5.24514e+06 1.14182e+06 ZonesAtSurface
4725.36 3124.97 8.78231 51 0 1 5 828354 42.1381 126935 2.04126 4.25577e+06 828354 ZonesAtSurface
4775.28 3124.97 18.7946 61 11 1 4 1.14764e+06 44.9971 134002 1.27542 4.72555e+06 1.14764e+06 ZonesAtSurface
4825.21 3124.98 28.8013 59 10 1 3 1.12527e+06 40.6445 66270.6 2.93758 3.28495e+06 1.12527e+06 ZonesAtSurface
4875.15 3124.99 38.7924 101 0 1 2 651974 32.8104 54014 1.46478 2.18857e+06 651974 ZonesAtSurface
4925.07 3124.99 48.784 115 13 1 1 692541 36.587 55840.8 1.49896 2.26827e+06 692541 ZonesAtSurface
74.9664 3175 -22.717 121 0 1 2 505345 19.269 79189.5 1.18391 2.45245e+06 505345 ZonesAtSurface
124.843 3175 -47.7049 106 0 1 3 797316 22.3734 93438.1 1.13365 4.06613e+06 797316 ZonesAtSurface
174.746 3175 -22.643 85 48 1 3 1.02043e+06 31.5886 148560 2.65558 1.88667e+06 1.02043e+06 ZonesAtSurface
224.668 3175 -47.6948 87 0 1 4 958382 42.1801 149746 1.08149 5.3523e+06 958382 ZonesAtSurface
274.588 3175 -22.6857 100 24 1 4 1.05443e+06 22.8786 84313.2 2.03982 1.83182e+06 1.05443e+06 ZonesAtSurface
324.541 3174.99 -47.7386 68 0 1 5 1.19399e+06 37.3127 116782 1.07176 6.83206e+06 1.19399e+06 ZonesAtSurface
374.481 3174.98 -22.7552 58 8 1 5 1.33575e+06 35.6971 144404 1.56594 3.8222e+06 1.33575e+06 ZonesAtSurface
424.428 3174.98 -47.8318 19 0 1 6 1.12476e+06 40.6687 63287 1.05306 1.15046e+07 1.12476e+06 ZonesAtSurface
474.368 3174.97 -22.8454 12 0 1 6 1.46435e+06 24.1202 87546.6 1.03171 7.62789e+06 1.46435e+06 ZonesAtSurface
524.324 3174.96 2.14141 6 0 1 6 598848 44.1642 69968.6 1.63473 8.67713e+06 598848 ZonesAtSurface
574.29 3174.95 27.1289 5 0 1 6 1.31627e+06 37.2692 96116.6 1.30018 8.50693e+06 1.31627e+06 ZonesAtSurface
624.263 3174.94 52.1131 8 0 1 6 718211 24.4175 62541.2 1.04293 4.84367e+06 718211 ZonesAtSurface
674.243 3174.94 77.0988 2 0 2 6 803804 27.0982 87209.2 1.05041 3.57069e+06 803804 ZonesAtSurface
724.203 3174.93 152.07 4 1 2 5 1.06556e+06 19.0005 111988 0.997946 2.91715e+06 1.06556e+06 ZonesAtSurface
774.195 3174.94 177.048 4 6 2 5 1.2092e+06 32.1831 104765 1.01972 4.0817e+06 1.2092e+06 ZonesAtSurface
824.188 3174.95 252.023 8 8 2 4 625608 41.0987 145314 1.21472 1.82062e+06 625608 ZonesAtSurface
874.194 3174.95 277.007 10 8 2 4 760405 24.937 81951.1 1.12697 2.02523e+06 760405 ZonesAtSurface
924.202 3174.96 301.989 5 7 2 4 680635 27.3296 57158.3 1.05457 2.04259e+06 680635 ZonesAtSurface
974.213 3174.96 326.973 0 8 2 4 993958 28.3173 51366.3 1.12005 2.89679e+06 993958 ZonesAtSurface
1024.23 3174.96 351.955 7 5 2 4 753236 24.1569 135159 1.22191 1.75845e+06 753236 ZonesAtSurface
1074.24 3174.96 326.946 2 0 2 5 555297 20.2453 69859.4 1.00589 2.02899e+06 555297 ZonesAtSurface
1124.26 3174.96 351.928 4 0 2 5 594125 18.9635 117331 0.98128 2.06551e+06 594125 ZonesAtSurface
1174.28 3174.96 376.912 0 0 2 5 828074 20.799 65787.3 0.959594 2.6296e+06 828074 ZonesAtSurface
1224.31 3174.97 451.886 0 9 2 4 1.21409e+06 43.8413 78559 1.98745 2.7016e+06 1.21409e+06 ZonesAtSurface
1274.33 3174.98 326.913 0 0 2 7 1.41181e+06 42.447 134596 2.33185 3.91815e+06 1.41181e+06 ZonesAtSurface
1324.36 3174.98 351.91 1 5 1 7 1.26713e+06 32.3925 78353.7 1.76284 2.62009e+06 1.26713e+06 ZonesAtSurface
1374.39 3174.98 376.911 5 10 1 7 966998 24.4877 52352.3 2.71258 1.09672e+06 966998 ZonesAtSurface
1424.41 3174.98 351.898 8 0 2 8 645916 15.7714 92027.1 1.42324 1.33586e+06 645916 ZonesAtSurface
1474.45 3174.98 326.881 3 0 2 9 525940 19.9067 125705 1.00615 2.94888e+06 525940 ZonesAtSurface
1524.48 3174.98 351.871 7 0 1 9 907003 38.3306 109256 1.01646 4.68377e+06 907003 ZonesAtSurface
1574.51 3174.97 426.856 8 0 1 8 1.23532e+06 33.5459 59668.9 1.11204 4.73758e+06 1.23532e+06 ZonesAtSurface
1624.56 3174.99 351.852 5 0 1 10 677379 41.9495 131228 1.00827 5.09228e+06 677379 ZonesAtSurface
1674.6 3174.99 376.852 12 0 1 10 697575 21.0369 54255.6 1.03057 2.66165e+06 697575 ZonesAtSurface
1724.66 3174.99 351.853 1 0 1 11 1.03986e+06 40.8955 102244 1.22792 5.68645e+06 1.03986e+06 ZonesAtSurface
1774.71 3175 326.855 1 0 1 12 1.40003e+06 25.6082 126957 1.04554 6.40787e+06 1.40003e+06 ZonesAtSurface
1824.75 3175.01 401.859 5 0 2 11 672815 17.5627 136949 1.10916 2.09393e+06 672815 ZonesAtSurface
1874.79 3175 426.859 4 0 2 11 1.00853e+06 29.4403 128168 1.06447 3.40369e+06 1.00853e+06 ZonesAtSurface
1924.84 3175 451.861 0 5 2 11 1.17855e+06 42.3196 95540.8 1.3171 3.79487e+06 1.17855e+06 ZonesAtSurface
1974.9 3175 426.864 0 0 2 12 1.21477e+06 34.4081 118800 1.01099 4.27535e+06 1.21477e+06 ZonesAtSurface
2024.96 3175 389.374 6 0 1 12 1.43641e+06 26.537 106696 1.00637 6.26251e+06 1.43641e+06 ZonesAtSurface
2075 3174.99 339.396 2 0 1 11 824983 35.9653 115023 1.06344 6.8015e+06 824983 ZonesAtSurface
2125.05 3174.98 339.422 1 0 2 9 949048 42.3477 63516 1.08787 4.16408e+06 949048 ZonesAtSurface
2175.09 3174.97 189.441 7 0 1 10 636213 15.3266 137883 1.06233 6.25727e+06 636213 ZonesAtSurface
2225.09 3174.1 139.454 4 0 0 0 1.14074e+06 26.0928 109033 1.00052 1.31046e+07 1.14074e+06 ZonesAtSurface
2275.1 3174.93 -10.5398 0 0 0 0 691981 42.4374 53795.3 3.13147 3.01743e+07 691981 ZonesAtSurface
2325.1 3172.09 39.4659 0 0 0 0 647759 33.517 52660.7 3.46041 4.2829e+06 647759 ZonesAtSurface
2375.05 3167.23 89.4572 8 0 0 0 1.32558e+06 33.6639 126992 4.02893 6.67433e+06 1.32558e+06 ZonesAtSurface
2425.05 3166.2 39.4652 10 0 0 0 1.30306e+06 36.2553 132139 3.46597 1.1859e+07 1.30306e+06 ZonesAtSurface
2475.11 3174.97 -410.5 0 0 0 0 934732 32.0424 53655.2 4.78801 8.3767e+06 934732 ZonesAtSurface
2525.07 3174.97 -440.495 0 0 0 0 1.33238e+06 31.7714 82184.4 5.56341 8.56996e+06 1.33238e+06 ZonesAtSurface
2575.03 3174.96 -400.489 0 0 0 0 747412 39.2368 71207.6 6.37896 9.93083e+06 747412 ZonesAtSurface
2624.95 3168.41 -60.4752 10 0 0 0 674600 41.8041 87221.1 2.09653 1.76856e+07 674600 ZonesAtSurface
2674.96 3174.94 -320.5 0 0 0 0 622429 42.4079 127376 5.62968 1.25258e+07 622429 ZonesAtSurface
2724.93 3174.27 -230.556 8 0 0 0 1.14188e+06 29.8336 78694.6 1.00014 2.74344e+07 1.14188e+06 ZonesAtSurface
2774.92 3174.91 -240.533 0 0 0 0 689172 36.7595 88421.5 2.87652 1.88724e+07 689172 ZonesAtSurface
2824.91 3174.89 -200.543 0 0 0 0 731113 25.0907 140556 1.24345 2.35106e+07 731113 ZonesAtSurface
2874.9 3174.89 -160.543 3 0 0 0 704131 30.2928 56302.9 1.46328 2.68176e+07 704131 ZonesAtSurface
2924.88 3174.44 -70.5453 10 0 0 0 1.47102e+06 26.8135 93167.9 1.09185 4.15659e+07 1.47102e+06 ZonesAtSurface
2974.88 3174.46 -30.5401 10 0 0 0 995534 25.9389 117860 1.34584 3.71341e+07 995534 ZonesAtSurface
3024.88 3170.3 159.42 10 0 0 0 856659 44.9955 79374.3 3.62853 1.11117e+07 856659 ZonesAtSurface
3074.82 3174.94 -0.524125 0 0 0 0 937147 36.136 85208 2.99856 1.0045e+07 937147 ZonesAtSurface
3124.82 3174.94 39.4658 0 0 0 0 1.26641e+06 27.1522 95053.8 2.18213 7.74394e+06 1.26641e+06 ZonesAtSurface
3174.94 3171.24 229.362 0 0 0 0 1.36626e+06 29.7605 110932 1.35803 1.64722e+07 1.36626e+06 ZonesAtSurface
3224.84 3174.96 119.438 0 0 0 0 1.3672e+06 40.3495 96612.5 3.46758 4.93206e+06 1.3672e+06 ZonesAtSurface
3274.86 3174.97 159.42 3 0 1 10 1.43318e+06 20.9655 127497 1.42635 5.44154e+06 1.43318e+06 ZonesAtSurface
3324.85 3174.98 299.389 10 7 1 8 1.19994e+06 40.8978 98631.4 1.63131 3.14979e+06 1.19994e+06 ZonesAtSurface
3374.87 3174.97 389.358 6 5 2 7 610865 29.8092 70096.2 0 2.03752e+06 610865 ZonesAtSurface
3424.91 3174.96 429.335 6 10 2 7 1.09548e+06 44.0556 110654 1.22282 4.03652e+06 1.09548e+06 ZonesAtSurface
3474.94 3174.96 469.305 1 3 1 7 590542 23.6721 141175 1.06867 1.57723e+06 590542 ZonesAtSurface
3524.98 3174.96 509.273 10 6 2 7 1.03907e+06 28.3869 143986 1.05778 3.12564e+06 1.03907e+06 ZonesAtSurface
3575.03 3174.98 449.29 0 0 1 9 828974 28.8966 105673 1.16576 3.60413e+06 828974 ZonesAtSurface
3625.08 3174.99 439.282 4 0 1 10 1.41701e+06 16.8204 125257 1.00601 4.66517e+06 1.41701e+06 ZonesAtSurface
3675.12 3174.97 529.258 7 3 2 9 723160 17.6714 68490.7 1.7578 1.19016e+06 723160 ZonesAtSurface
3725.18 3174.99 419.285 1 0 1 12 1.40604e+06 32.8818 129306 1.00346 7.95831e+06 1.40604e+06 ZonesAtSurface
3775.23 3174.99 469.276 1 0 2 11 746139 17.6799 91463.6 1.02278 2.7885e+06 746139 ZonesAtSurface
3825.29 3174.99 479.279 1 0 1 10 1.24658e+06 27.8911 72000.5 1.01855 4.4564e+06 1.24658e+06 ZonesAtSurface
3875.34 3174.97 589.194 4 6 2 7 690670 36.323 77230.3 1.20062 2.18692e+06 690670 ZonesAtSurface
3925.42 3174.96 599.167 0 0 2 6 696861 21.6637 109479 1.00856 2.33492e+06 696861 ZonesAtSurface
3975.49 3174.96 559.214 4 4 2 6 1.31288e+06 20.7984 118470 0 3.69599e+06 1.31288e+06 ZonesAtSurface
4025.55 3174.95 519.263 7 1 2 6 654246 41.455 66370 1.01491 2.61949e+06 654246 ZonesAtSurface
4075.6 3174.95 479.304 8 6 2 6 655218 17.8403 70264.3 1.20056 1.45384e+06 655218 ZonesAtSurface
4125.64 3174.95 439.347 5 3 2 6 798913 27.591 113750 1.02307 2.39508e+06 798913 ZonesAtSurface
4175.65 3174.96 349.426 0 0 1 7 1.06517e+06 18.2856 96583.8 1.00043 2.85921e+06 1.06517e+06 ZonesAtSurface
4225.67 3174.95 309.457 7 0 1 7 692115 39.5711 74090.1 0.913908 3.89605e+06 692115 ZonesAtSurface
4275.7 3174.94 319.469 1 5 1 6 1.32049e+06 22.0728 79932.7 1.05227 3.64364e+06 1.32049e+06 ZonesAtSurface
4325.72 3174.94 329.481 4 8 2 5 885431 25.2152 120850 0 2.19734e+06 885431 ZonesAtSurface
4375.73 3174.94 289.511 1 9 2 5 955093 16.8364 122434 1.2821 1.93404e+06 955093 ZonesAtSurface
4425.72 3174.95 199.552 0 0 2 6 1.25034e+06 30.7078 91088.6 1.02195 4.15975e+06 1.25034e+06 ZonesAtSurface
4475.73 3174.95 159.569 6 2 2 6 589017 38.1222 107105 1.02249 2.08282e+06 589017 ZonesAtSurface
4525.68 3174.96 69.5993 3 0 2 7 1.31387e+06 44.4726 147977 1.19605 7.29189e+06 1.31387e+06 ZonesAtSurface
4575.55 3174.98 -20.3758 2 0 1 8 1.36466e+06 37.9656 63868.4 1.661 1.22167e+07 1.36466e+06 ZonesAtSurface
4625.51 3174.98 -10.3235 40 0 1 7 1.44847e+06 15.5693 140409 1.08431 5.08944e+06 1.44847e+06 ZonesAtSurface
4675.43 3174.98 -0.256015 48 0 1 6 894215 33.9887 50750.2 1.06738 4.21083e+06 894215 ZonesAtSurface
4725.35 3174.98 9.78001 57 0 1 5 1.18489e+06 32.5842 117059 2.50332 3.25664e+06 1.18489e+06 ZonesAtSurface
4775.28 3174.98 19.7883 80 11 1 4 1.39507e+06 29.3422 58837.7 1.12645 4.47326e+06 1.39507e+06 ZonesAtSurface
4825.21 3174.99 29.7872 54 4 1 3 909591 41.0348 53023.2 3.63705 2.50383e+06 909591 ZonesAtSurface
4875.14 3174.99 39.778 85 0 1 2 823901 37.906 132057 1.58305 2.83523e+06 823901 ZonesAtSurface
4925.07 3174.99 49.7731 118 30 1 1 1.49521e+06 16.4657 56254.1 1.40081 3.06841e+06 1.49521e+06 ZonesAtSurface
74.9639 3225 -21.7229 121 6 1 2 1.27615e+06 22.5205 93106.7 1.16719 4.05445e+06 1.27615e+06 ZonesAtSurface
124.842 3225 -46.7155 109 0 1 3 975198 18.8817 96928.8 1.18384 3.65263e+06 975198 ZonesAtSurface
174.749 3225 -21.6567 79 30 1 3 721228 18.8774 104650 2.9562 930225 721228 ZonesAtSurface
224.672 3225 -46.7103 90 0 1 4 1.4112e+06 23.3049 101383 1.06065 4.65296e+06 1.4112e+06 ZonesAtSurface
274.598 3225 -21.6981 87 11 1 4 647148 42.018 106639 2.36826 1.66667e+06 647148 ZonesAtSurface
324.55 3225 -46.7355 68 0 1 5 836533 39.1384 148604 1.12867 7.69231e+06 836533 ZonesAtSurface
374.486 3224.99 -21.7402 66 0 1 5 1.09082e+06 39.4523 105542 1.52949 4.07226e+06 1.09082e+06 ZonesAtSurface
424.421 3224.99 -46.8333 37 0 1 6 775965 17.6192 115925 1.0234 5.50052e+06 775965 ZonesAtSurface
474.35 3224.99 -21.8586 16 0 1 6 646431 15.5104 139995 1.08212 4.10377e+06 646431 ZonesAtSurface
524.303 3224.98 3.12642 4 0 1 6 859352 28.9153 108800 1.17874 6.85686e+06 859352 ZonesAtSurface
574.232 3224.98 78.1106 10 0 2 5 876196 17.0825 113964 1.02124 2.73185e+06 876196 ZonesAtSurface
624.219 3224.97 103.098 3 0 2 5 1.30584e+06 22.8218 133632 1.00912 3.78627e+06 1.30584e+06 ZonesAtSurface
674.206 3224.97 128.083 9 0 1 5 1.32187e+06 32.4525 61726.9 1.00471 4.66371e+06 1.32187e+06 ZonesAtSurface
724.196 3224.98 153.067 0 0 2 5 1.02924e+06 27.8823 91217.9 1.00841 3.94269e+06 1.02924e+06 ZonesAtSurface
774.185 3224.98 228.042 6 8 2 4 754869 44.0618 60845.4 1.22036 2.71088e+06 754869 ZonesAtSurface
824.188 3224.98 253.025 6 7 2 4 914455 31.6398 94799.2 1.08016 2.84826e+06 914455 ZonesAtSurface
874.194 3224.98 278.007 0 5 2 4 1.02545e+06 33.3695 81809.5 1.05201 3.43338e+06 1.02545e+06 ZonesAtSurface
924.201 3224.98 302.988 0 9 2 4 1.44947e+06 44.9522 73485.8 1.595 4.16777e+06 1.44947e+06 ZonesAtSurface
974.211 3224.98 327.968 6 2 2 4 903320 40.4647 148800 1.06127 3.18729e+06 903320 ZonesAtSurface
1024.22 3224.99 352.951 0 6 2 4 1.27075e+06 37.8519 129383 1.32724 3.63522e+06 1.27075e+06 ZonesAtSurface
1074.24 3224.99 377.933 0 6 2 4 1.24195e+06 43.8759 117883 1.58947 3.39844e+06 1.24195e+06 ZonesAtSurface
1124.26 3224.99 402.916 3 3 2 4 883166 33.4611 108689 1.13886 2.67721e+06 883166 ZonesAtSurface
1174.28 3224.99 427.899 0 7 2 4 1.34248e+06 19.8083 81737.6 1.41321 2.65857e+06 1.34248e+06 ZonesAtSurface
1224.3 3224.98 402.895 1 0 2 5 1.00268e+06 37.6854 92792.5 1.0807 4.29272e+06 1.00268e+06 ZonesAtSurface
1274.33 3224.98 427.885 8 0 2 5 559317 31.9673 149079 1.00983 2.02293e+06 559317 ZonesAtSurface
1324.36 3224.99 352.904 7 0 2 7 846823 25.3538 105082 1.16296 2.77838e+06 846823 ZonesAtSurface
1374.39 3224.99 327.896 1 0 1 8 724948 16.4312 69938 1.1932 2.60942e+06 724948 ZonesAtSurface
1424.41 3224.99 352.894 1 4 2 8 1.08256e+06 33.9247 118878 1.50471 2.74046e+06 1.08256e+06 ZonesAtSurface
1474.45 3224.99 327.877 0 0 2 9 1.06653e+06 31.5824 143768 1.09391 4.20582e+06 1.06653e+06 ZonesAtSurface
1524.47 3224.99 452.852 8 1 2 7 1.10653e+06 27.0312 92420.8 1.12402 3.16035e+06 1.10653e+06 ZonesAtSurface
1574.51 3224.99 427.847 6 4 2 8 827574 43.051 125609 1.21655 2.98387e+06 827574 ZonesAtSurface
1624.55 3224.98 452.84 5 8 2 8 1.37374e+06 39.436 84278.9 1.60311 3.61995e+06 1.37374e+06 ZonesAtSurface
1674.6 3224.99 377.847 8 0 1 10 554907 36.6643 113694 1.02746 3.42292e+06 554907 ZonesAtSurface
1724.66 3225 352.85 9 0 1 11 1.26489e+06 24.268 110846 1.02406 5.55789e+06 1.26489e+06 ZonesAtSurface
1774.72 3225 327.855 8 0 1 12 747243 22.2449 75329.9 1.00758 5.59255e+06 747243 ZonesAtSurface
1824.77 3225 302.857 0 0 1 13 1.14725e+06 22.1413 126138 1.1439 6.96176e+06 1.14725e+06 ZonesAtSurface
1874.8 3225 377.861 8 0 1 12 1.43073e+06 23.3692 128403 1.00723 5.5143e+06 1.43073e+06 ZonesAtSurface
1924.85 3225 402.861 7 0 1 12 707364 28.0762 146579 1.00507 4.92783e+06 707364 ZonesAtSurface
1974.9 3225 427.863 7 0 1 12 702942 15.5775 115809 1.01013 2.63064e+06 702942 ZonesAtSurface
2024.95 3225 390.372 9 0 1 12 1.47068e+06 29.5942 135434 1.00651 6.39146e+06 1.47068e+06 ZonesAtSurface
2074.99 3224.99 390.402 10 5 1 10 1.14844e+06 36.2792 51538.6 1.20562 3.90326e+06 1.14844e+06 ZonesAtSurface
2125.04 3224.98 340.423 6 6 2 9 1.19046e+06 24.4645 81345.9 1.09597 3.35042e+06 1.19046e+06 ZonesAtSurface
2175.06 3224.96 190.434 1 0 1 10 758075 33.1777 50170.2 1.2708 1.03758e+07 758075 ZonesAtSurface
2225.06 3224.93 90.4418 0 0 0 0 545457 18.9906 137949 1.07557 1.3522e+07 545457 ZonesAtSurface
2275.05 3224.9 -9.56062 0 0 0 0 792967 33.8931 149858 1.5438 2.97641e+07 792967 ZonesAtSurface
2325.06 3224.89 -109.56 2 0 0 0 978306 26.2543 77756.2 1.02849 2.76572e+07 978306 ZonesAtSurface
2375.08 3224.91 -209.549 0 0 0 0 969875 38.102 50201.4 1.80954 2.80267e+07 969875 ZonesAtSurface
2425.09 3224.93 -309.533 0 0 0 0 644984 43.6808 76562.4 3.13093 2.42065e+07 644984 ZonesAtSurface
2475.09 3224.96 -409.517 0 0 0 0 1.39199e+06 34.1324 92020.1 4.63104 1.26304e+07 1.39199e+06 ZonesAtSurface
2525.09 3223.31 -339.554 5 0 0 0 731757 27.4537 72065.6 1.77075 1.98343e+07 731757 ZonesAtSurface
2575.04 3224.95 -399.511 0 0 0 0 760188 30.5762 117862 3.55025 1.1059e+07 760188 ZonesAtSurface
2625 3224.94 -359.512 0 0 0 0 913653 30.3299 90588.7 2.68704 1.21911e+07 913653 ZonesAtSurface
2674.98 3224.3 -269.563 2 0 0 0 983278 35.8712 102086 1.00031 2.76581e+07 983278 ZonesAtSurface
2724.96 3224.28 -229.594 4 0 0 0 1.13523e+06 43.2517 51656.6 1.00057 3.51297e+07 1.13523e+06 ZonesAtSurface
2774.93 3224.92 -239.562 0 0 0 0 1.32933e+06 38.6358 86158.1 1.97265 1.71786e+07 1.32933e+06 ZonesAtSurface
2824.93 3224.9 -199.573 0 0 0 0 819188 38.572 100563 1.40376 2.24618e+07 819188 ZonesAtSurface
2874.92 3224.9 -159.573 5 0 0 0 1.43821e+06 22.6566 88884.5 1.07286 1.90963e+07 1.43821e+06 ZonesAtSurface
2924.9 3224.91 -119.568 0 0 0 0 831748 41.5445 71912 3.91025 1.54255e+07 831748 ZonesAtSurface
2974.88 3224.92 -79.562 0 0 0 0 592227 27.85 57698.9 2.17898 1.29173e+07 592227 ZonesAtSurface
3024.88 3224.3 10.4431 1 0 0 0 596159 21.3893 113742 1.00228 1.72746e+07 596159 ZonesAtSurface
3074.85 3224.92 0.446367 0 0 0 0 1.23106e+06 36.1148 119680 2.82815 1.50067e+07 1.23106e+06 ZonesAtSurface
3124.85 3224.93 40.4454 0 0 0 0 679859 28.2333 111332 1.71975 1.39355e+07 679859 ZonesAtSurface
3174.85 3224.94 80.4408 5 0 0 0 1.01734e+06 22.4712 149314 1.44056 1.08349e+07 1.01734e+06 ZonesAtSurface
3224.85 3224.96 120.432 0 0 0 0 697796 30.9741 79273.1 1.85539 8.01344e+06 697796 ZonesAtSurface
3274.86 3224.97 160.416 0 0 1 10 616088 25.5459 59033.2 1.52327 6.77449e+06 616088 ZonesAtSurface
3324.87 3224.98 250.396 0 0 1 9 1.38472e+06 41.6831 145347 2.25913 7.40575e+06 1.38472e+06 ZonesAtSurface
3374.89 3224.99 290.371 3 0 1 9 1.30708e+06 21.3461 123281 1.0101 5.57793e+06 1.30708e+06 ZonesAtSurface
3424.91 3224.99 430.331 5 0 2 7 844007 24.2161 51386.7 1.173 2.29664e+06 844007 ZonesAtSurface
3474.95 3224.99 420.318 1 0 1 8 966106 17.1237 59002.2 1.01727 3.31946e+06 966106 ZonesAtSurface
3524.99 3224.99 560.266 4 9 1 6 991146 32.8426 66094.2 1.1433 3.09753e+06 991146 ZonesAtSurface
3575.02 3224.99 550.248 0 8 2 7 1.3548e+06 19.8107 100605 1.65972 2.28715e+06 1.3548e+06 ZonesAtSurface
3625.08 3224.99 490.269 2 0 1 9 679464 37.3691 145954 1.01837 3.39875e+06 679464 ZonesAtSurface
3675.13 3224.99 480.267 2 0 2 10 664843 17.5444 122452 1.02007 2.64075e+06 664843 ZonesAtSurface
3725.17 3224.99 520.259 5 5 2 10 818822 44.7929 57500.3 1.2947 2.98943e+06 818822 ZonesAtSurface
3775.23 3225 470.273 7 0 1 11 1.08922e+06 25.5609 91225.6 1.01709 3.98066e+06 1.08922e+06 ZonesAtSurface
3825.29 3224.99 480.274 3 0 1 10 1.36543e+06 22.6165 113191 1.00523 5.03246e+06 1.36543e+06 ZonesAtSurface
3875.34 3224.99 590.188 5 6 2 7 1.29993e+06 33.4565 100006 1.16904 3.94778e+06 1.29993e+06 ZonesAtSurface
3925.41 3224.98 650.112 4 10 2 5 729465 25.1544 142432 0 755036 729465 ZonesAtSurface
3975.49 3224.98 560.21 4 1 2 6 1.09655e+06 18.8088 53407.4 1.01831 2.97189e+06 1.09655e+06 ZonesAtSurface
4025.55 3224.98 570.219 3 7 2 5 813861 39.4066 148156 1.14293 2.59369e+06 813861 ZonesAtSurface
4075.6 3224.98 480.305 1 1 2 6 815086 22.8014 73948.6 0 2.3245e+06 815086 ZonesAtSurface
4125.64 3224.98 490.323 3 8 2 5 755957 22.8063 92407.9 1.08771 2.00823e+06 755957 ZonesAtSurface
4175.67 3224.98 450.376 4 9 2 5 1.14571e+06 37.1336 60326.4 1.05856 4.22554e+06 1.14571e+06 ZonesAtSurface
4225.7 3224.98 410.423 10 10 2 5 1.46772e+06 26.371 99816.1 1.10579 4.15919e+06 1.46772e+06 ZonesAtSurface
4275.71 3224.98 370.456 7 6 2 5 711910 40.9414 149050 0 2.21188e+06 711910 ZonesAtSurface
4325.72 3224.98 330.482 8 4 2 5 759877 20.2331 77882.5 1.07763 1.95216e+06 759877 ZonesAtSurface
4375.74 3224.98 290.51 0 5 2 5 1.30313e+06 16.909 91510.5 1.1094 3.10588e+06 1.30313e+06 ZonesAtSurface
4425.75 3224.98 250.535 0 6 2 5 1.3997e+06 23.3385 122199 1.13727 3.61005e+06 1.3997e+06 ZonesAtSurface
4475.73 3224.98 160.566 2 0 2 6 1.31043e+06 24.9715 72393.2 1.00662 4.1229e+06 1.31043e+06 ZonesAtSurface
4525.61 3224.99 20.6062 0 0 1 8 648899 40.3876 135661 1.64169 9.53319e+06 648899 ZonesAtSurface
4575.54 3224.99 -19.38 8 0 1 8 1.29781e+06 22.0789 134270 1.07303 1.06064e+07 1.29781e+06 ZonesAtSurface
4625.51 3224.99 -9.33971 26 0 1 7 716385 34.4658 71288.9 1.04829 8.47911e+06 716385 ZonesAtSurface
4675.44 3224.99 0.731991 58 0 1 6 986525 19.8605 107705 1.05542 2.96371e+06 986525 ZonesAtSurface
4725.36 3224.99 10.7796 51 0 1 5 514218 41.7859 56875.5 2.6024 3.42995e+06 514218 ZonesAtSurface
4775.29 3224.99 20.7785 83 0 1 4 681059 15.3945 94768.4 1.47221 1.81279e+06 681059 ZonesAtSurface
4825.22 3224.99 30.7752 79 0 1 3 1.07276e+06 29.2085 125944 2.14924 2.8457e+06 1.07276e+06 ZonesAtSurface
4875.15 3224.99 40.7733 79 7 1 2 931331 43.7127 117451 2.39024 2.70731e+06 931331 ZonesAtSurface
4925.07 3224.99 50.7708 91 2 1 1 1.43312e+06 25.3345 53167.1 1.33281 4.28864e+06 1.43312e+06 ZonesAtSurface
74.9613 3275 -20.737 106 7 1 2 1.01764e+06 40.229 109359 1.27838 4.87261e+06 1.01764e+06 ZonesAtSurface
124.847 3275 -45.7245 80 0 1 3 1.39435e+06 35.6693 90728.3 1.16549 7.54151e+06 1.39435e+06 ZonesAtSurface
174.761 3275 -20.6598 67 44 1 3 1.30938e+06 35.6995 88770.8 2.26111 2.95439e+06 1.30938e+06 ZonesAtSurface
224.681 3275 -45.7078 92 0 1 4 1.26862e+06 26.0153 120630 1.02451 4.8404e+06 1.26862e+06 ZonesAtSurface
274.603 3275 -20.6977 74 26 1 4 849947 33.9384 117788 1.98021 2.08533e+06 849947 ZonesAtSurface
324.552 3275 -45.7349 67 0 1 5 830110 42.7404 61996.5 1.09517 6.55827e+06 830110 ZonesAtSurface
374.486 3275 -20.7339 48 3 1 5 942270 19.9003 82711.2 1.47041 2.4092e+06 942270 ZonesAtSurface
424.422 3275 -45.8313 37 0 1 6 1.44708e+06 21.0242 141826 1.01715 7.55385e+06 1.44708e+06 ZonesAtSurface
474.349 3275.01 -20.8611 11 0 1 6 735574 20.3345 88390.3 1.05471 5.30599e+06 735574 ZonesAtSurface
524.242 3275.01 54.1145 4 0 2 5 508269 41.0951 115543 1.09342 5.09093e+06 508269 ZonesAtSurface
574.228 3275.01 79.1077 5 0 2 5 1.46084e+06 38.2597 82827.3 1.01923 6.35204e+06 1.46084e+06 ZonesAtSurface
624.214 3275.01 104.094 3 0 2 5 1.16133e+06 15.0666 142720 1.00697 3.35655e+06 1.16133e+06 ZonesAtSurface
674.186 3275.01 179.07 6 10 2 4 853883 28.0873 88693.4 1.13558 2.41077e+06 853883 ZonesAtSurface
724.196 3275.01 154.065 2 2 2 5 1.45984e+06 31.3263 57892.1 1.01578 5.02001e+06 1.45984e+06 ZonesAtSurface
774.187 3275.01 229.042 1 5 2 4 898064 23.9224 141152 1.11438 2.31168e+06 898064 ZonesAtSurface
824.189 3275.01 254.025 2 9 2 4 1.24959e+06 15.3879 108579 1.0441 3.07228e+06 1.24959e+06 ZonesAtSurface
874.194 3275.01 279.007 2 4 2 4 688228 38.4977 102144 1.08183 2.34973e+06 688228 ZonesAtSurface
924.204 3275.01 253.996 0 0 1 5 1.05584e+06 25.5292 137778 1.00502 4.12412e+06 1.05584e+06 ZonesAtSurface
974.214 3275.01 378.959 0 7 2 3 1.22418e+06 39.545 96843.6 1.9303 2.56942e+06 1.22418e+06 ZonesAtSurface
1024.22 3275.01 353.95 7 1 2 4 992591 28.0097 123976 1.02245 3.03552e+06 992591 ZonesAtSurface
1074.24 3275.01 378.933 7 0 2 4 627928 15.6488 129446 1.00996 1.55321e+06 627928 ZonesAtSurface
1124.26 3275.01 403.916 7 5 2 4 937762 21.6156 117621 0 2.2137e+06 937762 ZonesAtSurface
1174.28 3275 428.9 0 9 2 4 1.09925e+06 36.6974 97752.1 1.5511 2.63827e+06 1.09925e+06 ZonesAtSurface
1224.3 3275 403.895 1 6 2 5 1.37506e+06 36.2647 104949 1.2143 4.43168e+06 1.37506e+06 ZonesAtSurface
1274.33 3275 428.886 4 0 2 5 674540 38.4244 62915.9 1.04093 2.5752e+06 674540 ZonesAtSurface
1324.36 3275 353.902 0 0 2 7 1.46087e+06 26.3719 113429 1.73289 2.93542e+06 1.46087e+06 ZonesAtSurface
1374.38 3275 378.904 2 10 2 7 1.01052e+06 25.4688 68514.8 1.85856 1.68037e+06 1.01052e+06 ZonesAtSurface
1424.41 3275 353.895 0 6 2 8 945468 41.7529 69962.3 1.63114 2.56068e+06 945468 ZonesAtSurface
1474.45 3275 328.878 0 0 1 9 1.07642e+06 43.9184 139648 1.79192 4.16835e+06 1.07642e+06 ZonesAtSurface
1524.49 3275 303.863 0 0 1 10 533086 40.701 131074 1.42559 5.54286e+06 533086 ZonesAtSurface
1574.51 3275.01 478.836 6 9 2 7 1.19977e+06 28.0369 72902.8 1.76748 2.26463e+06 1.19977e+06 ZonesAtSurface
1624.56 3275 353.847 1 0 1 10 896660 24.1779 97864 1.0047 4.22618e+06 896660 ZonesAtSurface
1674.59 3275 478.838 4 10 2 8 1.3164e+06 28.6965 103118 1.87571 2.41805e+06 1.3164e+06 ZonesAtSurface
1724.64 3275 403.853 2 6 2 10 790322 31.9141 61331.9 1.88462 1.46687e+06 790322 ZonesAtSurface
1774.7 3274.99 378.857 0 0 2 11 1.29746e+06 29.6884 102978 1.14031 3.82204e+06 1.29746e+06 ZonesAtSurface
1824.75 3274.99 403.864 0 0 2 11 788075 35.3708 101423 1.5827 2.73681e+06 788075 ZonesAtSurface
1874.82 3275 328.859 0 0 1 13 668799 34.0627 66832.7 1.42113 6.99352e+06 668799 ZonesAtSurface
1924.84 3275 453.87 10 0 2 11 1.0482e+06 16.1348 140116 1.052 2.64394e+06 1.0482e+06 ZonesAtSurface
1974.9 3275 478.866 2 10 2 11 1.11891e+06 20.637 144785 1.35636 2.37735e+06 1.11891e+06 ZonesAtSurface
2024.95 3275 341.372 0 0 1 13 669147 36.5319 87027.5 2.08998 6.83408e+06 669147 ZonesAtSurface
2074.99 3274.99 341.39 0 0 1 11 645056 30.4076 67729.1 1.38707 5.80564e+06 645056 ZonesAtSurface
2125.02 3274.97 291.413 3 0 1 10 1.14036e+06 34.8886 74600.8 1.22961 6.45029e+06 1.14036e+06 ZonesAtSurface
2175.01 3274.93 191.419 5 0 1 10 1.11056e+06 41.5972 146520 2.57637 2.5922e+07 1.11056e+06 ZonesAtSurface
2225 3274.89 91.4153 2 0 0 0 933108 31.5758 111784 1.43914 3.53995e+07 933108 ZonesAtSurface
2275.03 3274.88 -8.58182 8 0 0 0 1.18664e+06 15.863 130518 1.02173 1.71574e+07 1.18664e+06 ZonesAtSurface
2325.05 3274.87 -108.574 0 0 0 0 1.07268e+06 39.5293 58673.5 1.26603 3.32081e+07 1.07268e+06 ZonesAtSurface
2375.16 3267.25 91.5204 0 0 0 0 1.45805e+06 23.8305 84722.8 1.19459 1.35319e+07 1.45805e+06 ZonesAtSurface
2425.07 3274.91 -308.556 0 0 0 0 1.43819e+06 42.5492 104157 2.84427 2.6372e+07 1.43819e+06 ZonesAtSurface
2475.09 3274.96 -408.534 0 0 0 0 1.4235e+06 32.9781 129520 3.76957 1.21336e+07 1.4235e+06 ZonesAtSurface
2525.08 3274.36 -388.559 7 0 0 0 541587 18.481 50064.1 1.002 1.73811e+07 541587 ZonesAtSurface
2575.05 3274.94 -398.543 0 0 0 0 568490 31.9025 59446.1 3.43481 1.31257e+07 568490 ZonesAtSurface
2625.04 3274.3 -308.571 0 0 0 0 1.33324e+06 16.0078 93823.7 1.00007 1.81844e+07 1.33324e+06 ZonesAtSurface
2674.99 3274.94 -318.54 0 0 0 0 897080 43.1085 84017.2 6.50104 1.2062e+07 897080 ZonesAtSurface
2724.96 3274.95 -278.546 2 0 0 0 666697 15.6386 77500.1 1.38102 9.72621e+06 666697 ZonesAtSurface
2774.94 3274.96 -238.551 0 0 0 0 1.26342e+06 31.3328 106148 5.12713 7.23784e+06 1.26342e+06 ZonesAtSurface
2824.91 3274.93 -198.551 9 0 0 0 541509 15.0676 61292.6 1.64281 6.10731e+06 541509 ZonesAtSurface
2874.89 3274.92 -158.556 0 0 0 0 703045 40.0048 100697 6.56065 7.93131e+06 703045 ZonesAtSurface
2924.88 3274.92 -118.577 0 0 0 0 695960 43.4827 97805.2 7.98152 9.95941e+06 695960 ZonesAtSurface
2974.88 3274.9 -78.5978 0 0 0 0 863901 21.8916 123659 1.46644 1.52165e+07 863901 ZonesAtSurface
3024.89 3274.89 -38.604 0 0 0 0 1.05032e+06 18.5512 60488 1.03731 1.70692e+07 1.05032e+06 ZonesAtSurface
3074.89 3274.89 1.39688 0 0 0 0 644974 32.9664 62566.4 1.82917 2.00808e+07 644974 ZonesAtSurface
3124.89 3274.9 41.4017 2 0 0 0 510331 27.0001 108997 1.12682 2.01572e+07 510331 ZonesAtSurface
3174.89 3274.92 81.4098 5 0 0 0 1.29354e+06 19.9553 56357 1.06426 1.56154e+07 1.29354e+06 ZonesAtSurface
3224.88 3274.95 121.415 0 0 0 0 1.43336e+06 40.8146 89907.9 3.57809 1.14795e+07 1.43336e+06 ZonesAtSurface
3274.88 3274.97 161.407 0 0 1 10 810985 30.7455 108556 2.22471 7.58941e+06 810985 ZonesAtSurface
3324.88 3274.98 251.402 9 0 1 9 748358 33.6201 133127 1.14819 6.7446e+06 748358 ZonesAtSurface
3374.9 3274.99 291.374 5 0 1 9 785563 16.2453 138849 1.01205 4.16268e+06 785563 ZonesAtSurface
3424.91 3275 431.329 5 0 2 7 501400 38.8426 72257.5 1.20061 2.01778e+06 501400 ZonesAtSurface
3474.94 3275.01 471.307 6 3 2 7 904226 41.4961 129139 1.28207 2.83348e+06 904226 ZonesAtSurface
3524.98 3275.01 461.292 1 1 2 8 1.17153e+06 20.0844 67336 1.01441 3.30176e+06 1.17153e+06 ZonesAtSurface
3575.02 3275.01 551.252 0 7 1 7 1.12673e+06 27.3307 102096 2.12818 1.69299e+06 1.12673e+06 ZonesAtSurface
3625.07 3275.01 541.25 7 7 2 8 1.30306e+06 27.7118 88775.7 1.09118 3.8274e+06 1.30306e+06 ZonesAtSurface
3675.12 3275.01 531.259 0 10 2 9 1.17849e+06 29.3678 85747.3 2.05389 1.92262e+06 1.17849e+06 ZonesAtSurface
3725.17 3275.01 521.261 6 0 2 10 993618 30.3485 120938 1.08761 3.67429e+06 993618 ZonesAtSurface
3775.24 3275 421.291 4 0 1 12 1.05404e+06 39.6769 114555 1.00413 8.17611e+06 1.05404e+06 ZonesAtSurface
3825.28 3275 531.245 0 2 2 9 1.28947e+06 39.9464 85673.5 1.11502 4.77032e+06 1.28947e+06 ZonesAtSurface
3875.34 3275.01 591.187 5 7 2 7 1.48197e+06 36.1264 115188 1.1126 4.98113e+06 1.48197e+06 ZonesAtSurface
3925.41 3275 601.162 1 1 2 6 1.11135e+06 29.2334 137286 0 3.49418e+06 1.11135e+06 ZonesAtSurface
3975.49 3275.01 561.202 2 0 2 6 771430 34.1795 119873 0.966037 2.74022e+06 771430 ZonesAtSurface
4025.55 3275.01 571.216 6 5 2 5 633304 40.61 82746.9 1.13845 2.16049e+06 633304 ZonesAtSurface
4075.6 3275.01 531.272 0 7 2 5 1.1092e+06 33.4532 87249.2 1.08478 3.62226e+06 1.1092e+06 ZonesAtSurface
4125.64 3275.01 491.327 10 0 2 5 521976 44.3076 53400.9 0 2.19937e+06 521976 ZonesAtSurface
4175.67 3275.01 401.399 2 0 2 6 1.43512e+06 33.8262 129719 1.01025 5.11659e+06 1.43512e+06 ZonesAtSurface
4225.69 3275.01 361.438 4 0 2 6 1.00466e+06 31.8208 105633 1.00602 3.45291e+06 1.00466e+06 ZonesAtSurface
4275.71 3275.01 371.46 7 8 2 5 873212 28.2105 61287.6 1.2951 2.17974e+06 873212 ZonesAtSurface
4325.72 3275.01 331.485 6 2 2 5 732740 38.9624 88472.5 1.09048 2.54559e+06 732740 ZonesAtSurface
4375.73 3275.01 291.512 4 5 2 5 1.3147e+06 15.1619 71533.8 1.02345 3.31151e+06 1.3147e+06 ZonesAtSurface
4425.75 3275.01 251.536 7 2 2 5 530036 32.8173 121078 1.04183 1.61275e+06 530036 ZonesAtSurface
4475.69 3275.01 111.579 8 0 1 7 974121 34.022 70696.1 1.02413 5.47951e+06 974121 ZonesAtSurface
4525.73 3275.01 121.583 6 6 2 6 743894 37.6969 88979.1 1.22137 2.28052e+06 743894 ZonesAtSurface
4575.54 3275 -18.377 12 0 1 8 982115 15.2142 81558.7 1.04685 7.51541e+06 982115 ZonesAtSurface
4625.5 3275 -8.33846 12 0 1 7 1.17765e+06 37.9171 88051.5 1.07856 9.68909e+06 1.17765e+06 ZonesAtSurface
4675.44 3275 1.71974 52 0 1 6 1.2936e+06 15.8582 88668.6 1.07704 3.3483e+06 1.2936e+06 ZonesAtSurface
4725.36 3275 11.7678 48 0 1 5 1.11701e+06 34.3645 102051 2.5291 3.90022e+06 1.11701e+06 ZonesAtSurface
4775.3 3275 21.7688 49 0 1 4 597923 44.142 121767 3.50411 3.54489e+06 597923 ZonesAtSurface
4825.24 3275 31.7679 67 0 1 3 725490 44.0708 94439.9 1.74671 3.96912e+06 725490 ZonesAtSurface
4875.15 3275 41.7783 78 0 1 2 722744 23.9096 130815 1.87751 1.8002e+06 722744 ZonesAtSurface
4925.07 3275 51.7759 92 7 1 1 1.12662e+06 36.4262 89079.1 1.4284 4.42894e+06 1.12662e+06 ZonesAtSurface
74.9644 3325 -19.7382 110 0 1 2 638335 32.7072 86804 1.32925 3.71158e+06 638335 ZonesAtSurface
124.85 3325 -44.7203 87 0 1 3 922123 37.0202 61212.8 1.20628 6.94713e+06 922123 ZonesAtSurface
174.761 3325 -19.651 71 58 1 3 1.04217e+06 33.2399 146987 1.94857 2.22063e+06 1.04217e+06 ZonesAtSurface
224.681 3325.01 -44.6961 90 0 1 4 790013 31.4424 89738.7 1.03 5.08976e+06 790013 ZonesAtSurface
274.599 3325.01 -19.6922 95 0 1 4 615645 25.9285 73871.8 1.85256 1.3801e+06 615645 ZonesAtSurface
324.547 3325.01 -44.7398 71 0 1 5 1.29291e+06 30.9812 67566 1.22652 5.16872e+06 1.29291e+06 ZonesAtSurface
374.485 3325.01 -19.7422 73 0 1 5 847846 24.4998 69775.4 1.63513 2.41067e+06 847846 ZonesAtSurface
424.434 3325.02 -44.8221 38 0 1 6 1.01636e+06 24.738 76169.1 1.02317 7.36419e+06 1.01636e+06 ZonesAtSurface
474.373 3325.02 -19.8424 19 0 1 6 606800 36.5925 129484 1.02965 8.46419e+06 606800 ZonesAtSurface
524.372 3325.02 -44.8687 0 0 1 7 957583 42.9348 132907 2.44649 8.89885e+06 957583 ZonesAtSurface
574.277 3325.04 30.1215 1 0 1 6 1.40668e+06 19.2846 77736.6 1.03942 5.66664e+06 1.40668e+06 ZonesAtSurface
624.249 3325.04 55.1047 1 0 2 6 1.31738e+06 19.9418 146493 1.02414 4.93773e+06 1.31738e+06 ZonesAtSurface
674.202 3325.05 130.078 10 7 2 5 836884 22.2994 105125 0.98888 2.43135e+06 836884 ZonesAtSurface
724.198 3325.05 155.063 1 3 2 5 1.13099e+06 41.7926 142474 1.07616 4.21698e+06 1.13099e+06 ZonesAtSurface
774.198 3325.04 180.049 0 0 2 5 1.48912e+06 22.4115 137712 1.04151 4.12379e+06 1.48912e+06 ZonesAtSurface
824.199 3325.04 205.033 4 7 2 5 1.28735e+06 43.2643 92445.2 1.01274 5.5371e+06 1.28735e+06 ZonesAtSurface
874.202 3325.04 230.014 3 0 2 5 821720 19.3322 58992.2 1.0073 2.67369e+06 821720 ZonesAtSurface
924.207 3325.04 254.994 7 0 1 5 604882 42.0506 120962 1.00678 3.39615e+06 604882 ZonesAtSurface
974.212 3325.03 329.967 10 7 2 4 689076 35.2094 65704.9 1.13463 2.20816e+06 689076 ZonesAtSurface
1024.22 3325.03 354.95 5 4 2 4 652169 22.6995 81836.4 1.07918 1.72651e+06 652169 ZonesAtSurface
1074.24 3325.03 329.945 1 0 1 5 618960 26.5946 78061.8 1.00956 2.30728e+06 618960 ZonesAtSurface
1124.26 3325.03 354.929 7 0 2 5 746050 20.4604 55603.5 0.998601 2.13957e+06 746050 ZonesAtSurface
1174.28 3325.03 379.913 3 0 2 5 670129 38.3106 122345 0.983772 3.00717e+06 670129 ZonesAtSurface
1224.3 3325.02 454.888 5 7 2 4 916381 42.0278 50305.9 1.42905 2.76824e+06 916381 ZonesAtSurface
1274.33 3325.01 379.905 10 3 1 6 1.18857e+06 16.7085 134690 1.04093 2.99767e+06 1.18857e+06 ZonesAtSurface
1324.36 3325.01 354.905 4 0 2 7 1.04577e+06 28.2064 101350 1.1602 3.21004e+06 1.04577e+06 ZonesAtSurface
1374.38 3325.01 329.899 0 0 2 8 1.283e+06 20.5788 80631.4 1.24896 3.35389e+06 1.283e+06 ZonesAtSurface
1424.42 3325 304.887 0 0 1 9 1.47804e+06 35.6986 68592.9 2.49264 4.0474e+06 1.47804e+06 ZonesAtSurface
1474.45 3325 329.883 2 0 2 9 556070 41.5135 57546.2 1.05522 4.15812e+06 556070 ZonesAtSurface
1524.49 3325 304.867 5 0 1 10 990919 15.0688 138632 1.00236 4.03296e+06 990919 ZonesAtSurface
1574.52 3325 329.858 0 0 1 10 1.03204e+06 39.7328 52530.2 1.42009 5.78467e+06 1.03204e+06 ZonesAtSurface
1624.55 3325.01 454.848 9 10 1 8 1.4434e+06 40.7374 141101 2.6555 2.35369e+06 1.4434e+06 ZonesAtSurface
1674.6 3325 379.853 7 0 1 10 1.24949e+06 34.5305 137337 1.04576 4.64121e+06 1.24949e+06 ZonesAtSurface
1724.66 3325 354.85 7 0 1 11 1.21676e+06 40.5843 103260 1.01946 5.51554e+06 1.21676e+06 ZonesAtSurface
1774.72 3325 329.852 5 0 1 12 634215 22.1032 141383 1.00437 5.05578e+06 634215 ZonesAtSurface
1824.76 3325 354.858 0 0 1 12 1.13312e+06 38.5543 137182 1.07642 6.74285e+06 1.13312e+06 ZonesAtSurface
1874.8 3325 379.864 5 0 1 12 1.19298e+06 38.6394 76011.6 1.00406 5.30984e+06 1.19298e+06 ZonesAtSurface
1924.86 3325 354.861 0 0 1 13 1.2084e+06 43.8959 99274.1 2.23437 6.85443e+06 1.2084e+06 ZonesAtSurface
1974.9 3325 429.865 3 0 1 12 840320 44.6301 135153 1.01995 4.18447e+06 840320 ZonesAtSurface
2024.95 3325 442.37 5 0 2 11 678074 38.934 101763 1.07267 2.4007e+06 678074 ZonesAtSurface
2074.99 3324.99 342.389 2 0 1 11 1.02995e+06 28.7036 104129 1.12966 5.75652e+06 1.02995e+06 ZonesAtSurface
2125 3324.98 292.415 0 0 2 10 761999 40.0703 125776 1.19706 2.42764e+06 761999 ZonesAtSurface
2174.97 3324.82 192.41 8 0 1 10 1.28377e+06 43.3021 149455 2.47626 5.68062e+07 1.28377e+06 ZonesAtSurface
2224.98 3324.68 92.3979 8 0 0 0 1.03631e+06 32.905 144112 1.60531 8.07149e+07 1.03631e+06 ZonesAtSurface
2275.03 3324.7 -7.59084 8 0 0 0 1.03039e+06 39.5237 72330.3 1.81301 8.5035e+07 1.03039e+06 ZonesAtSurface
2325.05 3321.29 42.4429 0 0 0 0 759447 35.9935 81147.8 1.65705 4.33023e+07 759447 ZonesAtSurface
2375.14 3316.15 142.515 10 0 0 0 919791 30.5023 128391 1.64428 1.22911e+07 919791 ZonesAtSurface
2425.06 3324.81 -307.561 10 0 0 0 1.38138e+06 32.0983 99228.6 2.12243 4.42944e+07 1.38138e+06 ZonesAtSurface
2475.08 3324.93 -407.551 7 0 0 0 705589 16.26 97465.7 1.35856 1.40681e+07 705589 ZonesAtSurface
2525.1 3324.32 -387.585 10 0 0 0 1.36382e+06 37.3802 86207.2 1.00364 3.8187e+07 1.36382e+06 ZonesAtSurface
2575.1 3324.27 -347.605 4 0 0 0 761332 29.0356 73732.6 1.0011 3.57084e+07 761332 ZonesAtSurface
2625.07 3324.3 -307.6 5 0 0 0 654219 33.9976 76016.4 1.00066 3.54881e+07 654219 ZonesAtSurface
2675.02 3324.95 -317.561 0 0 0 0 1.06724e+06 30.5984 142947 3.16821 1.33591e+07 1.06724e+06 ZonesAtSurface
2724.98 3324.31 -227.571 10 0 0 0 979099 37.1737 106001 1.0007 3.35467e+07 979099 ZonesAtSurface
2774.94 3324.94 -237.546 0 0 0 0 1.33787e+06 20.7583 139836 2.57577 1.13525e+07 1.33787e+06 ZonesAtSurface
2824.9 3324.91 -197.553 6 0 0 0 1.14229e+06 17.198 146258 1.23959 1.75542e+07 1.14229e+06 ZonesAtSurface
2874.88 3324.88 -157.58 0 0 0 0 599456 31.8129 61510.2 2.04421 2.61632e+07 599456 ZonesAtSurface
2924.89 3324.86 -117.626 0 0 0 0 1.39821e+06 20.298 125888 1.1921 2.61413e+07 1.39821e+06 ZonesAtSurface
2974.9 3324.84 -77.6697 6 0 0 0 1.11729e+06 20.8472 138679 1.2492 2.85974e+07 1.11729e+06 ZonesAtSurface
3024.92 3324.81 -37.6914 0 0 0 0 1.20334e+06 39.9628 112219 3.03608 3.61444e+07 1.20334e+06 ZonesAtSurface
3074.96 3324.8 2.31019 7 0 0 0 1.11411e+06 20.1955 90712.1 1.08177 3.1717e+07 1.11411e+06 ZonesAtSurface
3124.97 3324.83 42.3363 6 0 0 0 1.13423e+06 27.2818 139179 1.29971 3.51248e+07 1.13423e+06 ZonesAtSurface
3174.96 3324.27 132.396 10 0 0 0 968368 27.6157 114370 1.00093 1.96662e+07 968368 ZonesAtSurface
3224.92 3324.33 172.411 10 0 0 0 1.12328e+06 38.8798 72270.8 1.00118 1.51708e+07 1.12328e+06 ZonesAtSurface
3274.9 3324.65 212.415 10 0 1 9 1.25487e+06 36.5481 137455 1.26877 1.20185e+07 1.25487e+06 ZonesAtSurface
3324.89 3324.98 252.408 6 0 1 9 930320 35.2139 118856 1.28654 7.85088e+06 930320 ZonesAtSurface
3374.89 3325.01 342.381 9 0 1 8 742632 42.7803 68177 1.29063 6.08879e+06 742632 ZonesAtSurface
3424.91 3325.02 432.333 4 2 2 7 958109 36.3013 64559.7 1.12164 3.30756e+06 958109 ZonesAtSurface
3474.94 3325.03 472.312 9 4 2 7 1.05291e+06 22.9469 58384.4 1.36141 2.28039e+06 1.05291e+06 ZonesAtSurface
3524.99 3325.02 462.298 13 0 1 8 784969 18.8191 52598 1.02287 2.27787e+06 784969 ZonesAtSurface
3575.03 3325.02 502.273 2 2 2 8 1.00323e+06 32.9588 133257 1.01705 3.55315e+06 1.00323e+06 ZonesAtSurface
3625.07 3325.03 542.257 8 1 2 8 634704 26.6441 116307 1.01201 1.91624e+06 634704 ZonesAtSurface
3675.13 3325.02 482.274 10 0 1 10 1.06421e+06 28.5123 123697 1.05549 3.54841e+06 1.06421e+06 ZonesAtSurface
3725.19 3325 422.287 7 0 1 12 684383 31.6246 117044 1.00406 5.66507e+06 684383 ZonesAtSurface
3775.24 3325 422.293 1 0 1 12 641011 42.1206 142949 1.0025 7.68077e+06 641011 ZonesAtSurface
3825.29 3325.02 532.241 3 4 2 9 770670 42.3522 78544 1.19422 2.75223e+06 770670 ZonesAtSurface
3875.35 3325.03 592.185 8 3 2 7 769344 35.3133 73811.4 1.12893 2.4675e+06 769344 ZonesAtSurface
3925.41 3325.03 652.108 6 9 2 5 1.01102e+06 18.2922 99543 0 1.17342e+06 1.01102e+06 ZonesAtSurface
3975.49 3325.03 562.199 4 1 2 6 828329 30.9703 141883 1.00814 2.60871e+06 828329 ZonesAtSurface
4025.54 3325.04 572.213 1 6 2 5 936658 27.5092 149283 1.09131 2.60551e+06 936658 ZonesAtSurface
4075.6 3325.04 532.27 9 10 2 5 692268 17.1694 138893 1.07042 1.65645e+06 692268 ZonesAtSurface
4125.64 3325.04 442.356 2 5 2 6 991805 29.1094 50916.7 1.02337 3.21878e+06 991805 ZonesAtSurface
4175.66 3325.04 402.4 6 2 2 6 1.2194e+06 36.7267 53983.9 0 4.61709e+06 1.2194e+06 ZonesAtSurface
4225.68 3325.04 362.438 1 10 2 6 1.38205e+06 15.1847 78326.7 1.09168 3.26322e+06 1.38205e+06 ZonesAtSurface
4275.69 3325.04 322.47 4 0 2 6 712206 38.6775 144398 0.994669 2.50118e+06 712206 ZonesAtSurface
4325.71 3325.05 332.485 0 9 2 5 1.03019e+06 44.6181 95072.7 1.20169 3.78062e+06 1.03019e+06 ZonesAtSurface
4375.71 3325.04 242.529 9 3 1 6 1.37257e+06 37.8271 142736 1.03607 5.01633e+06 1.37257e+06 ZonesAtSurface
4425.72 3325.04 202.551 0 5 2 6 1.3699e+06 36.4414 101176 1.16922 4.42675e+06 1.3699e+06 ZonesAtSurface
4475.73 3325.04 162.564 0 6 2 6 1.38643e+06 42.0644 65606 1.29639 4.72797e+06 1.38643e+06 ZonesAtSurface
4525.55 3325.01 -27.4028 0 0 1 9 1.05064e+06 24.9044 77718.2 1.43357 9.07752e+06 1.05064e+06 ZonesAtSurface
4575.54 3325.01 -17.3717 10 0 1 8 617686 32.3528 118969 1.07998 1.21641e+07 617686 ZonesAtSurface
4625.49 3325.01 -7.32554 23 0 1 7 1.35991e+06 35.0566 143936 1.08866 7.92864e+06 1.35991e+06 ZonesAtSurface
4675.43 3325.01 2.7194 47 0 1 6 1.34976e+06 26.3893 111705 1.09634 4.50454e+06 1.34976e+06 ZonesAtSurface
4725.37 3325.01 12.7546 59 0 1 5 1.41801e+06 31.8327 84263.1 1.91067 4.63319e+06 1.41801e+06 ZonesAtSurface
4775.3 3325.01 22.7756 69 0 1 4 1.48413e+06 15.4681 111169 2.43801 2.32433e+06 1.48413e+06 ZonesAtSurface
4825.24 3325.01 32.778 77 19 1 3 1.27875e+06 37.1928 130333 1.8518 3.07844e+06 1.27875e+06 ZonesAtSurface
4875.16 3325 42.7909 109 2 1 2 843194 29.8054 132599 1.91129 2.28965e+06 843194 ZonesAtSurface
4925.07 3325 52.7864 123 0 1 1 511773 21.2278 135079 1.3726 1.84601e+06 511773 ZonesAtSurface
74.9697 3375.01 -18.7307 113 7 1 2 1.45892e+06 32.7622 141951 1.22323 5.51484e+06 1.45892e+06 ZonesAtSurface
124.852 3375.01 -43.703 111 0 1 3 724560 15.9516 99444.5 1.05003 3.13475e+06 724560 ZonesAtSurface
174.75 3375.01 -18.6331 82 51 1 3 747408 24.9402 109368 1.86567 1.34548e+06 747408 ZonesAtSurface
224.672 3375.01 -43.6857 91 0 1 4 550294 20.5686 118068 1.02535 2.83427e+06 550294 ZonesAtSurface
274.591 3375.01 -18.687 88 57 1 4 959750 38.1995 62249.6 1.96444 2.56335e+06 959750 ZonesAtSurface
324.544 3375.02 -43.7396 67 0 1 5 1.22825e+06 38.1256 65972.6 1.24178 6.54182e+06 1.22825e+06 ZonesAtSurface
374.487 3375.03 -18.7492 62 0 1 5 1.04742e+06 31.1689 148147 1.68819 3.18689e+06 1.04742e+06 ZonesAtSurface
424.451 3375.03 -43.8052 19 0 1 6 1.30878e+06 43.635 118358 1.05038 9.21923e+06 1.30878e+06 ZonesAtSurface
474.407 3375.04 -18.8063 25 0 1 6 1.25643e+06 32.5155 54457.2 1.14972 5.21763e+06 1.25643e+06 ZonesAtSurface
524.384 3375.04 -43.8504 23 0 1 7 557416 31.0405 86014.3 1.04582 8.13625e+06 557416 ZonesAtSurface
574.338 3375.04 -18.8636 13 0 1 7 800461 34.9267 108863 1.075 8.47825e+06 800461 ZonesAtSurface
624.303 3375.06 6.11757 0 0 1 7 1.20218e+06 21.8571 142624 1.05327 6.70799e+06 1.20218e+06 ZonesAtSurface
674.244 3375.08 81.0893 8 8 2 6 1.14964e+06 44.614 122911 1.06284 4.75541e+06 1.14964e+06 ZonesAtSurface
724.259 3375.06 56.0856 1 0 1 7 1.3809e+06 35.8508 117494 1.06856 7.96429e+06 1.3809e+06 ZonesAtSurface
774.222 3375.07 131.055 0 5 2 6 1.42574e+06 38.075 95279 1.11739 5.15252e+06 1.42574e+06 ZonesAtSurface
824.219 3375.07 156.041 8 3 1 6 1.34933e+06 28.5214 60369.9 1.10814 4.12944e+06 1.34933e+06 ZonesAtSurface
874.218 3375.07 181.023 5 0 1 6 1.05792e+06 23.039 101660 1.03734 3.23593e+06 1.05792e+06 ZonesAtSurface
924.21 3375.07 255.993 8 1 1 5 1.37674e+06 19.8571 110380 1.15897 3.4415e+06 1.37674e+06 ZonesAtSurface
974.215 3375.06 330.968 0 8 2 4 1.0666e+06 43.0791 100825 1.67238 2.72342e+06 1.0666e+06 ZonesAtSurface
1024.23 3375.06 255.972 10 0 1 6 611094 19.1081 64971 1.09453 2.47104e+06 611094 ZonesAtSurface
1074.24 3375.06 280.955 0 0 2 6 1.40856e+06 39.3753 94726.3 1.1241 5.16816e+06 1.40856e+06 ZonesAtSurface
1124.26 3375.05 355.931 6 7 2 5 926963 23.1711 131085 1.39979 2.03155e+06 926963 ZonesAtSurface
1174.28 3375.05 330.926 2 0 2 6 1.10033e+06 28.0307 129266 1.03176 3.78873e+06 1.10033e+06 ZonesAtSurface
1224.3 3375.04 355.912 3 0 2 6 746027 31.3397 136231 0.988136 2.41498e+06 746027 ZonesAtSurface
1274.33 3375.04 380.903 5 3 2 6 976668 26.6048 72224.9 1.13833 2.68919e+06 976668 ZonesAtSurface
1324.36 3375.03 405.9 6 7 2 6 1.32301e+06 18.6916 64622.6 0 2.90334e+06 1.32301e+06 ZonesAtSurface
1374.39 3375.01 330.907 5 0 1 8 889051 31.5861 89379.9 1.05312 3.3543e+06 889051 ZonesAtSurface
1424.42 3375.01 305.895 0 0 1 9 836156 36.9811 76392.1 1.37274 4.38313e+06 836156 ZonesAtSurface
1474.45 3375.01 330.891 1 0 2 9 948683 34.1634 91122.5 1.04284 3.66016e+06 948683 ZonesAtSurface
1524.48 3375.01 355.885 4 7 2 9 1.00988e+06 18.7099 92138.1 1.86673 1.49306e+06 1.00988e+06 ZonesAtSurface
1574.52 3375.01 330.867 4 0 1 10 626178 27.7106 56432.8 1.02167 3.88463e+06 626178 ZonesAtSurface
1624.55 3375.02 405.855 0 0 2 9 800438 19.132 56599.9 1.09357 2.79972e+06 800438 ZonesAtSurface
1674.61 3375 330.851 1 0 1 11 768940 26.0738 73595.5 1.00561 5.10862e+06 768940 ZonesAtSurface
1724.65 3375 355.853 8 0 1 11 1.27483e+06 42.3957 50976.4 1.06219 5.37513e+06 1.27483e+06 ZonesAtSurface
1774.71 3375 330.853 5 0 1 12 1.04454e+06 28.0532 139408 1.00694 6.05197e+06 1.04454e+06 ZonesAtSurface
1824.72 3374.99 455.845 1 5 2 10 1.45976e+06 33.9557 100195 1.6405 3.33227e+06 1.45976e+06 ZonesAtSurface
1874.78 3374.99 480.857 8 6 2 10 846303 15.6585 126972 1.53502 1.44352e+06 846303 ZonesAtSurface
1924.86 3375 355.861 0 0 1 13 762520 41.9508 143542 1.53441 6.99011e+06 762520 ZonesAtSurface
1974.9 3375 430.864 2 0 2 12 1.18485e+06 22.2156 96776.7 1.00662 3.50499e+06 1.18485e+06 ZonesAtSurface
2024.95 3375 443.37 6 2 1 11 1.22479e+06 25.5855 96060.7 1.06954 3.51175e+06 1.22479e+06 ZonesAtSurface
2074.99 3375 343.393 7 0 1 11 853203 25.8401 51113.6 0.997683 3.82117e+06 853203 ZonesAtSurface
2125.02 3374.99 293.425 1 4 2 10 1.44302e+06 44.2628 136046 1.36323 5.21791e+06 1.44302e+06 ZonesAtSurface
2174.99 3374.97 143.409 0 0 1 11 625100 29.552 80956.7 2.40678 1.57759e+07 625100 ZonesAtSurface
2225 3374.94 43.4026 1 0 0 0 764863 33.7791 92399.3 1.84632 2.66873e+07 764863 ZonesAtSurface
2275.07 3371.23 143.466 9 0 0 0 921547 35.4611 68993.4 1.20442 5.95589e+07 921547 ZonesAtSurface
2325.07 3374.95 -156.565 4 0 0 0 800311 20.7602 90019.2 1.23442 1.74664e+07 800311 ZonesAtSurface
2375.09 3374.96 -256.548 0 0 0 0 958760 41.8668 76481.5 6.16372 1.42059e+07 958760 ZonesAtSurface
2425.04 3373.62 -256.559 8 0 0 0 740530 34.3091 90360.5 1.90118 7.12814e+07 740530 ZonesAtSurface
2475.07 3374.78 -406.558 10 0 0 0 1.43989e+06 19.9515 106615 1.34541 4.88414e+07 1.43989e+06 ZonesAtSurface
2525.09 3374.86 -436.581 8 0 0 0 933076 41.8884 134840 3.47175 3.93438e+07 933076 ZonesAtSurface
2575.13 3374.21 -346.628 10 0 0 0 998419 43.7927 77488.3 1.00573 4.77866e+07 998419 ZonesAtSurface
2625.1 3374.25 -306.611 10 0 0 0 1.25769e+06 40.5312 117088 1.00333 5.21859e+07 1.25769e+06 ZonesAtSurface
2675.04 3374.92 -316.594 0 0 0 0 546654 15.8771 71483.6 1.18079 1.83972e+07 546654 ZonesAtSurface
2725 3374.9 -276.587 0 0 0 0 1.19097e+06 44.0201 68505.5 5.02402 2.50426e+07 1.19097e+06 ZonesAtSurface
2774.96 3374.88 -236.595 0 0 0 0 1.49152e+06 32.0895 123783 2.05737 3.14316e+07 1.49152e+06 ZonesAtSurface
2824.92 3374.84 -196.627 0 0 0 0 1.43696e+06 35.0758 108947 1.84796 3.70583e+07 1.43696e+06 ZonesAtSurface
2874.91 3374.76 -156.668 6 0 0 0 501883 31.2355 83398.1 1.36559 4.56236e+07 501883 ZonesAtSurface
2924.93 3374.69 -116.704 5 0 0 0 947016 37.6051 67685.7 1.80997 5.84131e+07 947016 ZonesAtSurface
2974.95 3374.68 -76.7332 5 0 0 0 940903 34.6642 139826 1.80044 5.44627e+07 940903 ZonesAtSurface
3024.97 3374.63 -36.7522 1 0 0 0 1.4863e+06 42.6356 97407 2.92974 5.83157e+07 1.4863e+06 ZonesAtSurface
3075.01 3374.59 3.24898 6 0 0 0 1.45892e+06 38.6284 98576.6 1.57597 7.90297e+07 1.45892e+06 ZonesAtSurface
3125.05 3373.99 93.3319 10 0 0 0 549434 23.7903 100619 1.19105 3.29088e+07 549434 ZonesAtSurface
3175.03 3374.84 83.3151 6 0 0 0 666433 15.4607 54905.6 1.03654 2.23915e+07 666433 ZonesAtSurface
3224.99 3374.9 123.346 0 0 0 0 512642 44.256 129914 3.02755 3.23148e+07 512642 ZonesAtSurface
3274.95 3374.95 163.373 1 0 1 10 1.0973e+06 21.6045 81642.3 1.3785 1.74661e+07 1.0973e+06 ZonesAtSurface
3324.9 3374.99 253.416 9 0 1 9 511471 40.2809 51723.2 0 1.66801e+06 511471 ZonesAtSurface
3374.9 3375.02 293.397 8 0 1 9 1.34283e+06 42.8341 54416.6 1.32728 6.04678e+06 1.34283e+06 ZonesAtSurface
3424.92 3375.05 433.332 10 9 2 7 1.32418e+06 42.1151 61162.7 1.38375 4.16449e+06 1.32418e+06 ZonesAtSurface
3474.95 3375.05 473.308 5 9 2 7 699728 39.2289 145597 1.33537 1.91462e+06 699728 ZonesAtSurface
3524.99 3375.04 463.295 5 4 2 8 708432 27.5722 124651 1.05555 2.03405e+06 708432 ZonesAtSurface
3575.04 3375.03 453.291 7 0 1 9 774627 26.7701 108952 1.01786 2.73975e+06 774627 ZonesAtSurface
3625.08 3375.04 493.275 6 4 2 9 910193 26.9142 84681.3 1.13273 2.54033e+06 910193 ZonesAtSurface
3675.14 3375 383.3 1 0 1 12 1.22521e+06 42.5983 50991 1.05869 8.37248e+06 1.22521e+06 ZonesAtSurface
3725.19 3375.01 423.292 7 0 1 12 1.05039e+06 29.5936 145920 1.00283 5.19413e+06 1.05039e+06 ZonesAtSurface
3775.24 3375.01 423.297 6 0 1 12 1.00121e+06 33.1542 83412.6 1.0047 6.3953e+06 1.00121e+06 ZonesAtSurface
3825.29 3375.02 483.282 4 0 1 10 1.28424e+06 19.0419 63365.1 1.02704 4.2745e+06 1.28424e+06 ZonesAtSurface
3875.35 3375.04 543.23 0 0 2 8 1.22316e+06 20.7424 146653 1.03782 3.7428e+06 1.22316e+06 ZonesAtSurface
3925.42 3375.04 503.258 0 0 2 8 502532 15.5448 110894 1.02662 1.6442e+06 502532 ZonesAtSurface
3975.49 3375.06 513.246 1 1 2 7 631309 25.231 58589.6 1.06162 1.85001e+06 631309 ZonesAtSurface
4025.55 3375.07 523.256 10 9 1 6 619933 31.7678 89408.3 1.26919 1.66008e+06 619933 ZonesAtSurface
4075.59 3375.07 433.344 2 0 2 7 625202 29.1292 108857 1.01921 2.04738e+06 625202 ZonesAtSurface
4125.62 3375.07 393.386 6 2 1 7 559373 38.0637 84367.4 1.1051 1.99223e+06 559373 ZonesAtSurface
4175.63 3375.06 303.438 4 0 2 8 1.38829e+06 16.3109 112109 0.990754 3.65851e+06 1.38829e+06 ZonesAtSurface
4225.66 3375.07 313.451 5 2 2 7 721887 34.7302 56810.7 1.07022 2.46323e+06 721887 ZonesAtSurface
4275.68 3375.08 323.468 10 8 2 6 658252 27.9695 148128 1.23515 1.56966e+06 658252 ZonesAtSurface
4325.66 3375.05 183.527 6 0 1 8 875823 34.2591 56159.4 1.00937 4.65476e+06 875823 ZonesAtSurface
4375.67 3375.05 143.55 4 0 1 8 1.09512e+06 35.6827 112198 1.05619 5.46046e+06 1.09512e+06 ZonesAtSurface
4425.69 3375.07 153.56 1 1 2 7 1.31097e+06 37.3819 90676.7 1.10208 4.71405e+06 1.31097e+06 ZonesAtSurface
4475.69 3375.06 113.58 3 3 2 7 725968 29.4629 97316.3 0 2.30743e+06 725968 ZonesAtSurface
4525.67 3375.05 73.6048 9 3 2 7 921781 25.9844 61469.8 1.04063 2.77762e+06 921781 ZonesAtSurface
4575.53 3375.02 -16.3637 10 0 1 8 1.1153e+06 44.4619 113250 1.2103 1.33917e+07 1.1153e+06 ZonesAtSurface
4625.49 3375.02 -6.31216 36 0 1 7 893912 24.5057 122621 1.09626 4.48034e+06 893912 ZonesAtSurface
4675.43 3375.02 3.72654 54 0 1 6 1.32409e+06 28.4802 87148.2 1.07153 5.34327e+06 1.32409e+06 ZonesAtSurface
4725.37 3375.02 13.7626 60 0 1 5 1.24807e+06 40.4313 112593 1.56682 4.91537e+06 1.24807e+06 ZonesAtSurface
4775.3 3375.02 23.7893 55 0 1 4 1.31994e+06 37.9555 117928 1.59769 4.54622e+06 1.31994e+06 ZonesAtSurface
4825.24 3375.01 33.793 90 24 1 3 919548 39.6061 61332.5 2.35406 2.41275e+06 919548 ZonesAtSurface
4875.15 3375.01 43.808 101 17 1 2 885943 40.7476 120279 1.49147 2.7439e+06 885943 ZonesAtSurface
4925.07 3375.01 53.7929 123 31 1 1 998338 32.0146 70022.3 1.38472 3.11327e+06 998338 ZonesAtSurface
74.9756 3425.01 -17.7148 121 1 1 2 830699 32.369 119118 1.12685 3.58204e+06 830699 ZonesAtSurface
124.854 3425.01 -42.677 111 10 1 3 1.38013e+06 20.5863 128173 1.02518 4.26156e+06 1.38013e+06 ZonesAtSurface
174.749 3425.01 -17.6064 98 72 1 3 613514 26.9316 88651 2.24943 989250 613514 ZonesAtSurface
224.668 3425.02 -42.6625 100 0 1 4 729337 28.882 87650.1 1.07697 2.69921e+06 729337 ZonesAtSurface
274.588 3425.02 -17.6633 100 50 1 4 712318 22.3819 148010 2.50419 927478 712318 ZonesAtSurface
324.542 3425.03 -42.7233 74 0 1 5 956964 36.1853 141717 1.05091 5.28549e+06 956964 ZonesAtSurface
374.486 3425.04 -17.7365 68 21 1 5 1.0961e+06 26.0622 149848 2.84249 1.62121e+06 1.0961e+06 ZonesAtSurface
424.46 3425.04 -42.784 37 0 1 6 1.01477e+06 29.9165 119658 1.02155 4.96582e+06 1.01477e+06 ZonesAtSurface
474.424 3425.06 -17.7787 42 6 1 6 624919 22.9206 143099 1.55973 1.3256e+06 624919 ZonesAtSurface
524.389 3425.05 -42.8297 35 0 1 7 1.24833e+06 17.9583 105807 1.03124 4.58247e+06 1.24833e+06 ZonesAtSurface
574.345 3425.07 -17.8484 24 0 1 7 546399 21.6539 139570 1.108 2.46544e+06 546399 ZonesAtSurface
624.349 3425.04 -42.885 10 0 1 8 1.10224e+06 25.9161 104867 1.12631 8.49182e+06 1.10224e+06 ZonesAtSurface
674.323 3425.05 -17.8946 4 0 1 8 1.24514e+06 26.6672 119346 1.22517 8.04278e+06 1.24514e+06 ZonesAtSurface
724.301 3425.06 7.09191 8 0 1 8 900180 32.9538 98033.4 1.07325 7.37618e+06 900180 ZonesAtSurface
774.304 3425.03 -17.931 0 0 1 9 849961 39.3482 120743 2.83757 7.38826e+06 849961 ZonesAtSurface
824.263 3425.07 57.0558 8 0 1 8 559681 25.7439 132352 1.10119 2.07954e+06 559681 ZonesAtSurface
874.253 3425.07 82.0401 10 2 1 8 1.05662e+06 41.6131 128410 1.05241 4.06183e+06 1.05662e+06 ZonesAtSurface
924.25 3425.06 107.025 9 0 1 8 1.33535e+06 34.5691 70291.1 1.01887 5.05409e+06 1.33535e+06 ZonesAtSurface
974.23 3425.09 231.986 5 2 2 6 512576 21.2916 65439.3 1.28368 1.18929e+06 512576 ZonesAtSurface
1024.26 3425.06 156.993 10 0 1 8 1.20089e+06 21.8695 75618.7 1.04642 3.47446e+06 1.20089e+06 ZonesAtSurface
1074.26 3425.06 181.975 5 0 2 8 598354 23.2477 50616.7 1.01253 1.83269e+06 598354 ZonesAtSurface
1124.27 3425.05 206.959 1 0 2 8 512931 17.2149 57841.2 1.00617 1.66847e+06 512931 ZonesAtSurface
1174.29 3425.04 231.946 7 0 1 8 737258 17.6451 120086 1.03264 2.48247e+06 737258 ZonesAtSurface
1224.31 3425.03 256.934 10 0 1 8 552126 30.1166 91092.4 1.06447 3.05518e+06 552126 ZonesAtSurface
1274.33 3425.03 281.92 3 0 1 8 1.05451e+06 28.5513 109108 1.06079 3.82238e+06 1.05451e+06 ZonesAtSurface
1324.36 3425.03 306.909 2 0 1 8 591407 38.704 60728.1 1.11305 2.58831e+06 591407 ZonesAtSurface
1374.39 3425.03 331.905 2 0 2 8 624778 43.4634 137785 1.08337 2.24567e+06 624778 ZonesAtSurface
1424.42 3425.02 306.903 0 2 1 9 1.30902e+06 40.3055 62779.2 1.50958 4.40397e+06 1.30902e+06 ZonesAtSurface
1474.46 3425.01 281.89 0 0 1 10 1.08016e+06 35.9009 101615 1.30337 5.37698e+06 1.08016e+06 ZonesAtSurface
1524.49 3425.01 306.886 8 0 1 10 690500 23.4857 59806.5 1.01873 2.91139e+06 690500 ZonesAtSurface
1574.54 3425.01 281.871 2 0 1 11 636966 28.5615 91851.8 1.01156 5.34711e+06 636966 ZonesAtSurface
1624.55 3425.05 406.852 3 9 2 9 1.26416e+06 31.4401 89837.9 1.19086 3.78337e+06 1.26416e+06 ZonesAtSurface
1674.6 3425.03 381.853 2 4 2 10 1.03436e+06 27.4801 144211 1.39858 2.41329e+06 1.03436e+06 ZonesAtSurface
1724.64 3425.02 406.853 4 7 2 10 802888 21.4469 93435.4 1.84809 1.22462e+06 802888 ZonesAtSurface
1774.68 3425.02 431.848 6 8 2 10 1.19161e+06 16.0641 124337 2.41935 1.27487e+06 1.19161e+06 ZonesAtSurface
1824.72 3425.02 456.846 0 8 2 10 1.44562e+06 44.0049 103187 0 2.40787e+06 1.44562e+06 ZonesAtSurface
1874.79 3425.01 431.86 8 6 2 11 1.10828e+06 30.5415 50599.4 1.0921 3.56523e+06 1.10828e+06 ZonesAtSurface
1924.84 3425.01 456.865 0 9 2 11 685688 44.2304 116713 1.33919 2.27189e+06 685688 ZonesAtSurface
1974.9 3425.01 481.863 0 10 2 11 687709 34.5816 55752.4 1.25872 2.06989e+06 687709 ZonesAtSurface
2024.96 3425.01 444.372 3 8 2 11 1.22142e+06 36.9612 107517 1.39335 3.99245e+06 1.22142e+06 ZonesAtSurface
2075 3425.01 344.398 2 0 2 11 586561 16.5469 68727.7 1.03652 1.49934e+06 586561 ZonesAtSurface
2125.05 3425.01 294.434 5 10 2 10 765427 17.8924 77545.3 0.93097 2.26658e+06 765427 ZonesAtSurface
2175.02 3424.98 144.422 1 0 1 11 1.31415e+06 28.0842 111798 2.76959 1.00768e+07 1.31415e+06 ZonesAtSurface
2225 3424.94 44.4133 0 0 0 0 1.15941e+06 41.8498 63710.8 3.08275 2.23346e+07 1.15941e+06 ZonesAtSurface
2275.02 3424.93 -55.5893 1 0 0 0 1.27791e+06 25.1512 66298.2 1.08989 2.2609e+07 1.27791e+06 ZonesAtSurface
2325.06 3424.95 -155.578 0 0 0 0 920252 39.8439 85935.2 2.638 2.14516e+07 920252 ZonesAtSurface
2375.08 3424.97 -255.559 1 0 0 0 1.14066e+06 20.5429 84853.8 1.38644 1.83494e+07 1.14066e+06 ZonesAtSurface
2425.05 3423.39 -255.571 10 0 0 0 1.11394e+06 34.8736 64804.9 3.5801 2.4306e+07 1.11394e+06 ZonesAtSurface
2475.09 3424.99 -455.525 0 0 0 0 1.24051e+06 42.5721 133594 10 8.80422e+06 1.24051e+06 ZonesAtSurface
2525.1 3420.59 -235.488 8 0 0 0 891384 23.4238 53087 1.29776 3.3912e+07 891384 ZonesAtSurface
2575.09 3424.77 -395.602 1 0 0 0 1.44157e+06 36.892 59669.2 2.47491 5.67564e+07 1.44157e+06 ZonesAtSurface
2625.08 3424.84 -355.608 8 0 0 0 632555 26.2256 102148 1.67874 3.29e+07 632555 ZonesAtSurface
2675.04 3424.87 -315.603 5 0 0 0 864872 44.3876 100370 5.38964 2.59224e+07 864872 ZonesAtSurface
2725 3424.8 -275.597 2 0 0 0 664267 43.9588 142122 2.86964 5.53509e+07 664267 ZonesAtSurface
2774.97 3424.78 -235.612 4 0 0 0 668155 24.2884 52493.7 1.37272 4.51445e+07 668155 ZonesAtSurface
2824.88 3423.95 -145.607 10 0 0 0 659923 20.9612 66639.5 1.10122 3.50469e+07 659923 ZonesAtSurface
2874.9 3424.61 -155.662 2 0 0 0 834492 24.5722 73912.1 1.30121 4.76729e+07 834492 ZonesAtSurface
2924.87 3423.72 -65.6116 8 0 0 0 739564 36.8259 133636 1.00133 6.27266e+07 739564 ZonesAtSurface
2974.89 3423.7 -25.6176 7 0 0 0 1.14261e+06 34.7438 71315.5 1.00297 6.96241e+07 1.14261e+06 ZonesAtSurface
3024.95 3424.44 -35.6762 5 0 0 0 1.19115e+06 31.0962 54682.7 1.16263 6.41163e+07 1.19115e+06 ZonesAtSurface
3074.95 3424.84 -45.6815 0 0 0 0 971351 34.7802 133899 3.32825 3.71571e+07 971351 ZonesAtSurface
3124.99 3424.51 44.3155 3 0 0 0 785266 41.6118 53545.6 1.24842 6.891e+07 785266 ZonesAtSurface
3175.01 3424.73 84.3168 7 0 0 0 1.19643e+06 16.0712 133302 1.24001 3.08167e+07 1.19643e+06 ZonesAtSurface
3225.01 3424.13 174.376 4 0 0 0 665568 31.2655 94331.7 0.909275 2.46603e+07 665568 ZonesAtSurface
3274.95 3424.97 164.372 8 0 1 10 1.35502e+06 21.916 111868 1.67345 1.28145e+07 1.35502e+06 ZonesAtSurface
3324.89 3425.01 254.424 9 9 1 9 1.34474e+06 30.6369 128385 1.91429 2.85451e+06 1.34474e+06 ZonesAtSurface
3374.91 3425.02 244.395 2 0 1 10 1.11315e+06 44.6117 78486.7 2.79686 5.06972e+06 1.11315e+06 ZonesAtSurface
3424.93 3425.06 334.363 7 1 1 9 836515 27.5697 57655.3 1.03247 2.62215e+06 836515 ZonesAtSurface
3474.96 3425.08 424.309 9 8 2 8 590527 27.6836 118018 1.6121 1.18524e+06 590527 ZonesAtSurface
3524.99 3425.08 464.284 10 10 2 8 803374 32.9176 77840.7 1.47445 1.98723e+06 803374 ZonesAtSurface
3575.04 3425.06 454.285 4 7 2 9 1.14771e+06 34.1373 108216 1.12522 3.79894e+06 1.14771e+06 ZonesAtSurface
3625.09 3425 344.315 2 0 1 12 836790 31.277 79536.6 1.01593 5.67579e+06 836790 ZonesAtSurface
3675.13 3425 384.305 9 0 1 12 961287 25.8037 101998 1.00865 4.62391e+06 961287 ZonesAtSurface
3725.18 3425.01 474.293 0 7 2 11 1.26821e+06 23.1023 68785.6 1.45046 2.70637e+06 1.26821e+06 ZonesAtSurface
3775.24 3425.02 474.293 7 1 2 11 835780 32.7405 103881 1.20184 2.59442e+06 835780 ZonesAtSurface
3825.29 3425.04 484.285 0 2 2 10 1.38612e+06 39.2199 115852 1.39123 4.00522e+06 1.38612e+06 ZonesAtSurface
3875.36 3425.04 444.304 1 3 2 10 1.12507e+06 21.7864 145807 1.08929 2.92145e+06 1.12507e+06 ZonesAtSurface
3925.42 3425.04 404.329 3 0 2 10 890253 15.4392 60359.1 0 2.3815e+06 890253 ZonesAtSurface
3975.48 3425.06 414.329 4 4 2 9 975449 27.3195 78063.7 1.3944 2.56121e+06 975449 ZonesAtSurface
4025.53 3425.07 374.369 4 4 2 9 985285 16.0933 91140.7 1.32163 2.12497e+06 985285 ZonesAtSurface
4075.57 3425.07 334.402 6 6 1 9 1.14073e+06 23.1675 123723 1.42845 2.73184e+06 1.14073e+06 ZonesAtSurface
4125.58 3425.05 244.447 0 0 2 10 1.42763e+06 40.0615 94277.2 1.05048 5.57854e+06 1.42763e+06 ZonesAtSurface
4175.61 3425.08 254.457 6 8 2 9 875932 16.341 80098.2 1.241 1.90567e+06 875932 ZonesAtSurface
4225.62 3425.08 214.486 6 6 1 9 706137 26.3766 92571.6 1.20863 1.98668e+06 706137 ZonesAtSurface
4275.63 3425.08 174.511 4 2 2 9 1.24232e+06 22.5381 64908.4 1.07683 3.52662e+06 1.24232e+06 ZonesAtSurface
4325.65 3425.1 184.522 5 9 2 8 870921 34.1128 71195.8 1.71164 2.12766e+06 870921 ZonesAtSurface
4375.65 3425.09 144.542 0 7 2 8 1.48588e+06 23.746 67072.3 1.3307 3.49955e+06 1.48588e+06 ZonesAtSurface
4425.64 3425.1 104.566 8 6 2 8 676074 31.2954 122488 1.2842 1.88285e+06 676074 ZonesAtSurface
4475.58 3425.05 14.6022 8 0 1 9 1.31621e+06 33.2391 74327.5 1.17041 8.6515e+06 1.31621e+06 ZonesAtSurface
4525.54 3425.03 -25.386 4 0 1 9 657900 31.2055 105630 1.10091 9.77134e+06 657900 ZonesAtSurface
4575.52 3425.04 -15.3456 28 0 1 8 545476 20.7864 94295.6 1.06704 4.68106e+06 545476 ZonesAtSurface
4625.48 3425.03 -5.29856 30 0 1 7 551922 34.9121 137655 1.11389 2.69494e+06 551922 ZonesAtSurface
4675.45 3425.03 4.73905 64 0 1 6 713795 15.6137 141044 1.14109 2.11472e+06 713795 ZonesAtSurface
4725.37 3425.03 14.8002 69 4 1 5 1.00803e+06 27.8605 68020.2 2.27842 2.18175e+06 1.00803e+06 ZonesAtSurface
4775.31 3425.02 24.8115 62 0 1 4 581045 41.6595 85329.3 2.00941 1.94047e+06 581045 ZonesAtSurface
4825.24 3425.02 34.8207 98 6 1 3 556150 17.4126 101362 1.26885 1.24262e+06 556150 ZonesAtSurface
4875.15 3425.02 44.8399 117 14 1 2 582981 28.3226 106729 1.47453 1.51916e+06 582981 ZonesAtSurface
4925.06 3425.01 54.8031 119 0 1 1 560904 44.3294 90127.4 1.46556 2.57037e+06 560904 ZonesAtSurface
74.9964 3475 -16.6737 121 0 1 2 100000 15 10000 1.09799 707234 100000 ZonesAtSurface
124.855 3475.01 -41.6222 111 0 1 3 100000 15 10000 1.14209 877306 100000 ZonesAtSurface
174.76 3475.01 -16.5581 111 0 1 3 100000 15 10000 1.86048 282587 100000 ZonesAtSurface
224.667 3475.01 -41.6103 100 0 1 4 100000 15 10000 1.06517 810251 100000 ZonesAtSurface
274.6 3475.01 -16.6003 100 0 1 4 100000 15 10000 1.24283 456032 100000 ZonesAtSurface
324.538 3475.02 -41.6611 89 0 1 5 100000 15 10000 1.09648 964486 100000 ZonesAtSurface
374.496 3475.03 -16.6501 87 0 1 5 100000 15 10000 1.07832 555452 100000 ZonesAtSurface
424.441 3475.02 -41.7091 76 0 1 6 100000 15 10000 1.01321 822337 100000 ZonesAtSurface
474.413 3475.03 -16.6997 74 2 1 6 100000 15 10000 1.4831 554081 100000 ZonesAtSurface
524.381 3475.03 -41.7696 60 0 1 7 100000 15 10000 0.979382 887704 100000 ZonesAtSurface
574.364 3475.04 -16.7617 61 0 1 7 100000 15 10000 1.0744 575411 100000 ZonesAtSurface
624.346 3475.02 -41.8361 45 0 1 8 100000 15 10000 1.06981 1.21629e+06 100000 ZonesAtSurface
674.329 3475.03 -16.8287 44 0 1 8 100000 15 10000 0.83033 502817 100000 ZonesAtSurface
724.327 3475.01 -41.8969 28 0 1 9 100000 15 10000 1.12578 4.04313e+06 100000 ZonesAtSurface
774.309 3475.02 -16.8996 26 0 1 9 100000 15 10000 1.17005 2.52234e+06 100000 ZonesAtSurface
824.312 3475 -41.9471 8 0 1 10 100000 15 10000 1.03865 5.41589e+06 100000 ZonesAtSurface
874.294 3475 -16.9561 10 0 1 10 100000 15 10000 0.999176 4.25418e+06 100000 ZonesAtSurface
924.286 3475 8.03023 9 0 1 10 100000 15 10000 0.996418 4.11446e+06 100000 ZonesAtSurface
974.285 3475 33.0177 7 0 1 10 100000 15 10000 1.01574 4.27292e+06 100000 ZonesAtSurface
1024.29 3475 58.0062 10 0 1 10 100000 15 10000 1.02071 3.88211e+06 100000 ZonesAtSurface
1074.29 3475 82.9937 7 0 1 10 100000 15 10000 1.03374 4.04757e+06 100000 ZonesAtSurface
1124.3 3475 107.977 11 0 1 10 100000 15 10000 1.02259 3.87842e+06 100000 ZonesAtSurface
1174.32 3475 132.959 10 0 1 10 100000 15 10000 1.01292 3.96551e+06 100000 ZonesAtSurface
1224.33 3475 157.943 7 0 1 10 100000 15 10000 1.00816 3.9593e+06 100000 ZonesAtSurface
1274.35 3475 182.929 7 0 1 10 100000 15 10000 1.00423 3.88282e+06 100000 ZonesAtSurface
1324.38 3475 207.917 7 0 1 10 100000 15 10000 1.00435 3.74474e+06 100000 ZonesAtSurface
1374.4 3475 232.908 8 0 1 10 100000 15 10000 1.00943 3.41065e+06 100000 ZonesAtSurface
1424.44 3475 207.895 0 0 1 11 100000 15 10000 1.03398 4.37541e+06 100000 ZonesAtSurface
1474.47 3475 232.888 4 0 1 11 100000 15 10000 1.00751 3.98817e+06 100000 ZonesAtSurface
1524.51 3475 207.879 0 0 1 12 100000 15 10000 1.05628 4.75019e+06 100000 ZonesAtSurface
1574.55 3475 232.873 4 0 1 12 100000 15 10000 1.01042 4.4618e+06 100000 ZonesAtSurface
1624.59 3475 257.869 9 0 1 12 100000 15 10000 1.01522 4.03208e+06 100000 ZonesAtSurface
1674.64 3475 232.865 0 0 1 13 100000 15 10000 1.03958 4.8115e+06 100000 ZonesAtSurface
1724.68 3475 257.861 0 0 1 13 100000 15 10000 1.00061 4.59944e+06 100000 ZonesAtSurface
1774.73 3475 282.858 0 0 1 13 100000 15 10000 1.00027 4.38717e+06 100000 ZonesAtSurface
1824.77 3475 307.856 0 0 1 13 100000 15 10000 1.00034 4.18412e+06 100000 ZonesAtSurface
1874.82 3475 332.855 0 0 1 13 100000 15 10000 1.00066 3.99928e+06 100000 ZonesAtSurface
1924.86 3475 357.858 0 0 1 13 100000 15 10000 1.00202 3.6321e+06 100000 ZonesAtSurface
1974.91 3475 382.861 1 0 1 13 100000 15 10000 1.00393 3.03298e+06 100000 ZonesAtSurface
2024.96 3475 345.374 1 0 1 13 100000 15 10000 1.00646 3.71112e+06 100000 ZonesAtSurface
2075.01 3475.01 245.399 0 0 1 13 100000 15 10000 1.30413 4.9472e+06 100000 ZonesAtSurface
2125.05 3475.01 195.42 0 0 1 12 100000 15 10000 1.70249 4.18464e+06 100000 ZonesAtSurface
2175.07 3475.02 95.4347 1 0 1 12 100000 15 10000 2.25686 6.4048e+06 100000 ZonesAtSurface
2225.06 3474.88 45.4404 10 0 0 0 100000 15 10000 1.36384 1.7101e+07 100000 ZonesAtSurface
2275.1 3475.01 -104.548 0 0 0 0 100000 15 10000 1.57228 1.25173e+07 100000 ZonesAtSurface
2325.09 3474.9 -154.554 9 0 0 0 100000 15 10000 2.37771 1.30186e+07 100000 ZonesAtSurface
2375.1 3474.99 -254.548 8 0 0 0 100000 15 10000 1.09256 9.4624e+06 100000 ZonesAtSurface
2425.11 3474.99 -354.528 8 0 0 0 100000 15 10000 1.64151 6.84948e+06 100000 ZonesAtSurface
2475.1 3475 -454.512 0 0 0 0 100000 15 10000 2.28529 6.54402e+06 100000 ZonesAtSurface
2525.07 3475 -484.513 0 0 0 0 100000 15 10000 2.58135 6.23338e+06 100000 ZonesAtSurface
2575.05 3475 -444.525 0 0 0 0 100000 15 10000 2.21816 6.9021e+06 100000 ZonesAtSurface
2625.03 3474.73 -354.556 9 0 0 0 100000 15 10000 1.11554 2.41579e+07 100000 ZonesAtSurface
2675.01 3474.76 -314.554 9 0 0 0 100000 15 10000 1.20898 2.53915e+07 100000 ZonesAtSurface
2724.97 3475.02 -324.533 0 0 0 0 100000 15 10000 1.56413 1.09589e+07 100000 ZonesAtSurface
2774.93 3475.02 -284.534 3 0 0 0 100000 15 10000 1.62194 9.39658e+06 100000 ZonesAtSurface
2824.91 3475.02 -244.549 5 0 0 0 100000 15 10000 1.49709 9.58576e+06 100000 ZonesAtSurface
2874.89 3474.91 -204.556 10 0 0 0 100000 15 10000 3.01092 7.79473e+06 100000 ZonesAtSurface
2924.86 3475.02 -214.534 0 0 0 0 100000 15 10000 1.52263 8.42075e+06 100000 ZonesAtSurface
2974.85 3475.02 -174.547 2 0 0 0 100000 15 10000 1.4243 9.33243e+06 100000 ZonesAtSurface
3024.85 3475.02 -134.559 2 0 0 0 100000 15 10000 1.35201 9.97861e+06 100000 ZonesAtSurface
3074.85 3475.02 -94.57 4 0 0 0 100000 15 10000 1.31426 9.75805e+06 100000 ZonesAtSurface
3124.87 3474.87 -4.60462 6 0 0 0 100000 15 10000 1.7965 8.21145e+06 100000 ZonesAtSurface
3174.9 3475.01 35.3818 6 0 0 0 100000 15 10000 1.26785 8.58937e+06 100000 ZonesAtSurface
3224.9 3475.01 75.3851 0 0 0 0 100000 15 10000 1.65345 8.55847e+06 100000 ZonesAtSurface
3274.91 3475 165.394 10 0 1 10 100000 15 10000 2.12019 4.15333e+06 100000 ZonesAtSurface
3324.9 3475.01 205.405 9 0 1 10 100000 15 10000 1.07892 2.63587e+06 100000 ZonesAtSurface
3374.92 3475.01 195.387 2 0 1 11 100000 15 10000 1.84761 3.28618e+06 100000 ZonesAtSurface
3424.94 3475 185.371 0 0 1 12 100000 15 10000 1.47365 4.03124e+06 100000 ZonesAtSurface
3474.97 3475 175.359 0 0 1 13 100000 15 10000 1.26794 5.19989e+06 100000 ZonesAtSurface
3525.01 3475 215.347 1 0 1 13 100000 15 10000 1.00116 5.47305e+06 100000 ZonesAtSurface
3575.05 3475 255.335 1 0 1 13 100000 15 10000 1.00246 4.90964e+06 100000 ZonesAtSurface
3625.09 3475 295.322 1 0 1 13 100000 15 10000 1.00024 4.56287e+06 100000 ZonesAtSurface
3675.14 3475 335.312 1 0 1 13 100000 15 10000 1.00107 4.19992e+06 100000 ZonesAtSurface
3725.19 3475 375.305 1 0 1 13 100000 15 10000 1.00372 3.73421e+06 100000 ZonesAtSurface
3775.25 3475 375.312 1 0 1 13 100000 15 10000 1.0047 3.57672e+06 100000 ZonesAtSurface
3825.3 3475 335.336 1 0 1 13 100000 15 10000 1.00436 4.12904e+06 100000 ZonesAtSurface
3875.35 3475 295.362 1 0 1 13 100000 15 10000 1.00212 4.46234e+06 100000 ZonesAtSurface
3925.4 3475 255.388 1 0 1 13 100000 15 10000 1.00235 4.63945e+06 100000 ZonesAtSurface
3975.44 3475 215.411 1 0 1 13 100000 15 10000 1.0027 4.8491e+06 100000 ZonesAtSurface
4025.47 3475 175.432 1 0 1 13 100000 15 10000 1.00206 5.10171e+06 100000 ZonesAtSurface
4075.5 3475 135.451 1 0 1 13 100000 15 10000 1.00195 5.34684e+06 100000 ZonesAtSurface
4125.52 3475 95.4691 1 0 1 13 100000 15 10000 1.00466 5.82257e+06 100000 ZonesAtSurface
4175.53 3475 55.4854 0 0 1 13 100000 15 10000 1.1645 5.68389e+06 100000 ZonesAtSurface
4225.56 3475 65.5085 5 0 1 12 100000 15 10000 1.02812 5.03541e+06 100000 ZonesAtSurface
4275.56 3475 25.5193 2 0 1 12 100000 15 10000 1.03222 5.42764e+06 100000 ZonesAtSurface
4325.56 3475 -14.4706 0 0 1 12 100000 15 10000 1.0654 5.89855e+06 100000 ZonesAtSurface
4375.58 3475.01 -4.43925 11 0 1 11 100000 15 10000 0.975862 3.88346e+06 100000 ZonesAtSurface
4425.55 3475 -44.4336 8 0 1 11 100000 15 10000 1.05345 6.38526e+06 100000 ZonesAtSurface
4475.53 3475.01 -34.3948 20 0 1 10 100000 15 10000 1.12633 4.50025e+06 100000 ZonesAtSurface
4525.52 3475.02 -24.3528 34 0 1 9 100000 15 10000 1.14879 2.54939e+06 100000 ZonesAtSurface
4575.51 3475.03 -14.2988 48 0 1 8 100000 15 10000 1.01672 1.20464e+06 100000 ZonesAtSurface
4625.48 3475.02 -4.25082 60 0 1 7 100000 15 10000 0.955971 683320 100000 ZonesAtSurface
4675.45 3475.02 5.79705 74 0 1 6 100000 15 10000 1.08109 962239 100000 ZonesAtSurface
4725.37 3475.01 15.8696 86 0 1 5 100000 15 10000 1.10127 742659 100000 ZonesAtSurface
4775.31 3475.01 25.876 98 0 1 4 100000 15 10000 1.23238 442053 100000 ZonesAtSurface
4825.24 3475.01 35.8854 109 0 1 3 100000 15 10000 1.12228 507640 100000 ZonesAtSurface
4875.15 3475.01 45.9019 120 0 1 2 100000 15 10000 1.48565 480856 100000 ZonesAtSurface
4925.06 3475.01 55.8534 132 0 1 1 100000 15 10000 1.21869 601318 100000 ZonesAtSurface
74.999 3524.99 -15.6764 121 2 1 2 100000 15 10000 1.21087 620920 100000 ZonesAtSurface
124.851 3524.99 -40.6331 111 0 1 3 100000 15 10000 1.08076 945323 100000 ZonesAtSurface
174.761 3524.99 -15.5761 111 0 1 3 100000 15 10000 1.32232 382098 100000 ZonesAtSurface
224.678 3524.98 -40.6167 100 0 1 4 100000 15 10000 1.02805 849021 100000 ZonesAtSurface
274.617 3524.98 -15.5968 100 0 1 4 100000 15 10000 1.13787 437712 100000 ZonesAtSurface
324.55 3524.98 -40.6525 89 0 1 5 100000 15 10000 1.04887 919054 100000 ZonesAtSurface
374.507 3524.98 -15.6353 87 0 1 5 100000 15 10000 1.33136 459392 100000 ZonesAtSurface
424.436 3524.98 -40.7018 77 0 1 6 100000 15 10000 1.04835 1.10034e+06 100000 ZonesAtSurface
474.399 3524.96 -15.7096 75 0 1 6 100000 15 10000 1.12564 572747 100000 ZonesAtSurface
524.38 3524.97 -40.7826 58 0 1 7 100000 15 10000 0.996282 1.11858e+06 100000 ZonesAtSurface
574.37 3524.96 -15.7702 62 1 1 7 100000 15 10000 0 323472 100000 ZonesAtSurface
624.35 3524.97 -40.8367 45 0 1 8 100000 15 10000 1.09175 1.70673e+06 100000 ZonesAtSurface
674.331 3524.96 -15.8314 44 0 1 8 100000 15 10000 0.737305 672090 100000 ZonesAtSurface
724.329 3524.99 -40.8965 28 0 1 9 100000 15 10000 1.10414 3.86335e+06 100000 ZonesAtSurface
774.31 3524.98 -15.899 26 0 1 9 100000 15 10000 1.15306 2.39061e+06 100000 ZonesAtSurface
824.313 3524.99 -40.9475 8 0 1 10 100000 15 10000 1.03901 5.40105e+06 100000 ZonesAtSurface
874.295 3524.99 -15.9567 10 0 1 10 100000 15 10000 0.99087 4.24708e+06 100000 ZonesAtSurface
924.287 3524.99 9.02978 9 0 1 10 100000 15 10000 0.995548 4.10971e+06 100000 ZonesAtSurface
974.286 3524.99 34.0174 7 0 1 10 100000 15 10000 1.0189 4.32979e+06 100000 ZonesAtSurface
1024.29 3524.99 59.0058 10 0 1 10 100000 15 10000 1.02317 3.94347e+06 100000 ZonesAtSurface
1074.3 3524.99 83.9931 7 0 1 10 100000 15 10000 1.033 4.07007e+06 100000 ZonesAtSurface
1124.33 3525 58.9665 0 0 1 11 100000 15 10000 1.40968 4.51027e+06 100000 ZonesAtSurface
1174.32 3525 133.958 9 0 1 10 100000 15 10000 1.01266 3.93991e+06 100000 ZonesAtSurface
1224.33 3525 158.942 8 0 1 10 100000 15 10000 1.00943 4.03682e+06 100000 ZonesAtSurface
1274.35 3525 183.929 7 0 1 10 100000 15 10000 1.0069 3.89222e+06 100000 ZonesAtSurface
1324.38 3525 208.917 7 0 1 10 100000 15 10000 1.00579 3.81256e+06 100000 ZonesAtSurface
1374.4 3525 233.907 9 0 1 10 100000 15 10000 1.01062 3.5245e+06 100000 ZonesAtSurface
1424.44 3525 208.894 1 0 1 11 100000 15 10000 1.02176 4.47432e+06 100000 ZonesAtSurface
1474.47 3525 233.887 5 0 1 11 100000 15 10000 1.00745 4.11107e+06 100000 ZonesAtSurface
1524.5 3525 258.882 10 0 1 11 100000 15 10000 1.01947 3.47405e+06 100000 ZonesAtSurface
1574.55 3525 233.872 4 0 1 12 100000 15 10000 1.00805 4.46125e+06 100000 ZonesAtSurface
1624.59 3525 258.868 9 0 1 12 100000 15 10000 1.01702 3.94358e+06 100000 ZonesAtSurface
1674.64 3525 233.863 1 0 1 13 100000 15 10000 1.02086 4.97726e+06 100000 ZonesAtSurface
1724.68 3525 258.859 1 0 1 13 100000 15 10000 1.00171 4.69346e+06 100000 ZonesAtSurface
1774.73 3525 283.856 1 0 1 13 100000 15 10000 1.00064 4.42048e+06 100000 ZonesAtSurface
1824.77 3525 308.854 1 0 1 13 100000 15 10000 1.0008 4.15217e+06 100000 ZonesAtSurface
1874.82 3525 333.853 1 0 1 13 100000 15 10000 1.0008 3.94169e+06 100000 ZonesAtSurface
1924.86 3525 358.855 1 0 1 13 100000 15 10000 1.00188 3.73973e+06 100000 ZonesAtSurface
1974.91 3525 383.858 1 0 1 13 100000 15 10000 1.00576 3.04439e+06 100000 ZonesAtSurface
2024.96 3525 346.373 1 0 1 13 100000 15 10000 1.00012 3.57997e+06 100000 ZonesAtSurface
2075.02 3525.01 246.4 1 0 1 13 100000 15 10000 1.00771 4.98415e+06 100000 ZonesAtSurface
2125.06 3525.01 196.424 8 0 1 12 100000 15 10000 1.06585 4.68384e+06 100000 ZonesAtSurface
2175.09 3525.01 146.448 8 0 1 11 100000 15 10000 2.42819 3.06011e+06 100000 ZonesAtSurface
2225.12 3524.78 46.4628 10 0 0 0 100000 15 10000 1.27921 6.4312e+06 100000 ZonesAtSurface
2275.15 3525.02 -103.525 2 0 0 0 100000 15 10000 2.74494 4.55767e+06 100000 ZonesAtSurface
2325.16 3524.8 -153.512 1 0 0 0 100000 15 10000 2.28566 7.37606e+06 100000 ZonesAtSurface
2375.15 3525.01 -253.51 7 0 0 0 100000 15 10000 7.48731 1.61075e+06 100000 ZonesAtSurface
2425.14 3525.01 -353.504 0 0 0 0 100000 15 10000 4.46361 2.5685e+06 100000 ZonesAtSurface
2475.11 3524.49 -403.503 10 0 0 0 100000 15 10000 1.00104 9.60874e+06 100000 ZonesAtSurface
2525.07 3525.01 -483.497 0 0 0 0 100000 15 10000 1.90886 7.67343e+06 100000 ZonesAtSurface
2575.03 3525.01 -443.494 0 0 0 0 100000 15 10000 1.69077 6.99338e+06 100000 ZonesAtSurface
2625 3525.02 -403.495 1 0 0 0 100000 15 10000 1.71754 6.58256e+06 100000 ZonesAtSurface
2674.96 3524.64 -313.49 8 0 0 0 100000 15 10000 1.03014 1.26946e+07 100000 ZonesAtSurface
2724.93 3525.02 -323.493 0 0 0 0 100000 15 10000 1.63877 7.04139e+06 100000 ZonesAtSurface
2774.9 3525.02 -283.491 0 0 0 0 100000 15 10000 1.51233 6.40351e+06 100000 ZonesAtSurface
2824.88 3525.02 -243.492 7 0 0 0 100000 15 10000 1.72351 5.7989e+06 100000 ZonesAtSurface
2874.86 3524.95 -203.492 10 4 0 0 100000 15 10000 1.63417 910758 100000 ZonesAtSurface
2924.84 3525.02 -213.502 0 0 0 0 100000 15 10000 1.94153 5.73899e+06 100000 ZonesAtSurface
2974.83 3525.02 -173.51 0 0 0 0 100000 15 10000 1.66268 6.11233e+06 100000 ZonesAtSurface
3024.82 3525.02 -133.52 0 0 0 0 100000 15 10000 1.53991 6.32313e+06 100000 ZonesAtSurface
3074.82 3525.02 -93.5319 0 0 0 0 100000 15 10000 1.50184 6.14564e+06 100000 ZonesAtSurface
3124.82 3525.02 -53.5475 1 0 0 0 100000 15 10000 1.52952 5.93118e+06 100000 ZonesAtSurface
3174.84 3525.02 36.4305 6 0 0 0 100000 15 10000 1.26608 5.95686e+06 100000 ZonesAtSurface
3224.86 3524.76 126.421 10 0 0 0 100000 15 10000 1.16018 4.0722e+06 100000 ZonesAtSurface
3274.87 3525 166.411 9 0 1 10 100000 15 10000 1.35616 3.45622e+06 100000 ZonesAtSurface
3324.89 3525 156.39 0 0 1 11 100000 15 10000 2.0045 3.64321e+06 100000 ZonesAtSurface
3374.91 3525 196.388 4 0 1 11 100000 15 10000 1.34465 4.06695e+06 100000 ZonesAtSurface
3424.94 3525 186.371 0 0 1 12 100000 15 10000 1.35714 4.31358e+06 100000 ZonesAtSurface
3474.97 3525 176.358 0 0 1 13 100000 15 10000 1.26337 5.23915e+06 100000 ZonesAtSurface
3525 3525 216.346 1 0 1 13 100000 15 10000 1.00096 5.5202e+06 100000 ZonesAtSurface
3575.04 3525 256.333 1 0 1 13 100000 15 10000 1.00181 4.9755e+06 100000 ZonesAtSurface
3625.09 3525 296.321 1 0 1 13 100000 15 10000 1.00067 4.58972e+06 100000 ZonesAtSurface
3675.13 3525 336.311 1 0 1 13 100000 15 10000 1.00039 4.32041e+06 100000 ZonesAtSurface
3725.19 3525 376.302 1 0 1 13 100000 15 10000 1.0037 3.60838e+06 100000 ZonesAtSurface
3775.25 3525 376.31 1 0 1 13 100000 15 10000 1.00493 3.5965e+06 100000 ZonesAtSurface
3825.3 3525 336.336 1 0 1 13 100000 15 10000 1.0084 4.14768e+06 100000 ZonesAtSurface
3875.35 3525 296.361 1 0 1 13 100000 15 10000 1.00601 4.46975e+06 100000 ZonesAtSurface
3925.4 3525 256.386 1 0 1 13 100000 15 10000 1.00531 4.64398e+06 100000 ZonesAtSurface
3975.44 3525 216.409 1 0 1 13 100000 15 10000 1.0027 4.85291e+06 100000 ZonesAtSurface
4025.47 3525 176.43 1 0 1 13 100000 15 10000 1.00213 5.15265e+06 100000 ZonesAtSurface
4075.5 3525 136.449 1 0 1 13 100000 15 10000 1.00159 5.37887e+06 100000 ZonesAtSurface
4125.52 3525 96.4678 1 0 1 13 100000 15 10000 1.00327 5.79455e+06 100000 ZonesAtSurface
4175.53 3525 56.4842 0 0 1 13 100000 15 10000 1.16783 5.66867e+06 100000 ZonesAtSurface
4225.56 3525 66.5074 6 0 1 12 100000 15 10000 1.02352 5.05235e+06 100000 ZonesAtSurface
4275.56 3525 26.5184 2 0 1 12 100000 15 10000 1.02953 5.43884e+06 100000 ZonesAtSurface
4325.56 3525 -13.4715 0 0 1 12 100000 15 10000 1.06162 5.8933e+06 100000 ZonesAtSurface
4375.58 3525 -3.43998 11 0 1 11 100000 15 10000 0.980951 3.88529e+06 100000 ZonesAtSurface
4425.55 3525 -43.4341 8 0 1 11 100000 15 10000 1.04993 6.31437e+06 100000 ZonesAtSurface
4475.53 3524.99 -33.3957 20 0 1 10 100000 15 10000 1.15664 4.32205e+06 100000 ZonesAtSurface
4525.52 3524.98 -23.3521 35 0 1 9 100000 15 10000 1.1167 2.71098e+06 100000 ZonesAtSurface
4575.51 3524.98 -13.2993 47 0 1 8 100000 15 10000 1.04428 1.30276e+06 100000 ZonesAtSurface
4625.48 3524.98 -3.24534 61 0 1 7 100000 15 10000 0.969476 784077 100000 ZonesAtSurface
4675.43 3524.98 6.80889 74 0 1 6 100000 15 10000 1.28696 963603 100000 ZonesAtSurface
4725.37 3524.98 16.8434 87 0 1 5 100000 15 10000 1.1661 543987 100000 ZonesAtSurface
4775.31 3524.98 26.8581 99 0 1 4 100000 15 10000 1.23659 514635 100000 ZonesAtSurface
4825.24 3524.98 36.8709 109 0 1 3 100000 15 10000 1.10745 537690 100000 ZonesAtSurface
4875.16 3524.99 46.8878 122 0 1 2 100000 15 10000 1.49037 385565 100000 ZonesAtSurface
4925.06 3524.99 56.8514 132 0 1 1 100000 15 10000 1.16173 646664 100000 ZonesAtSurface
74.9767 3574.99 -14.7263 120 10 1 2 804665 27.3611 105678 1.18881 2.75883e+06 804665 ZonesAtSurface
124.847 3574.98 -39.7068 111 0 1 3 743467 20.0996 124741 1.04117 2.78259e+06 743467 ZonesAtSurface
174.758 3574.98 -14.6472 102 80 1 3 783923 31.3267 145088 1.97485 1.48674e+06 783923 ZonesAtSurface
224.694 3574.98 -39.6766 100 0 1 4 1.39514e+06 22.0064 68377.3 1.06693 4.10647e+06 1.39514e+06 ZonesAtSurface
274.623 3574.98 -14.6547 96 37 1 4 923069 22.5206 116042 2.29057 1.49718e+06 923069 ZonesAtSurface
324.565 3574.97 -39.7074 81 0 1 5 944726 26.194 75176.9 1.11615 3.85298e+06 944726 ZonesAtSurface
374.506 3574.96 -14.7071 76 29 1 5 1.01948e+06 31.9073 60552.5 2.72225 1.99656e+06 1.01948e+06 ZonesAtSurface
424.452 3574.96 -39.7747 59 0 1 6 742947 19.3485 112160 1.03248 2.96045e+06 742947 ZonesAtSurface
474.396 3574.94 -14.7983 34 19 1 6 1.0792e+06 19.7799 69749.6 2.60711 1.2725e+06 1.0792e+06 ZonesAtSurface
524.388 3574.95 -39.8481 12 0 1 7 1.43672e+06 40.8601 120976 1.09815 9.99764e+06 1.43672e+06 ZonesAtSurface
574.356 3574.93 -14.8601 13 0 1 7 1.08392e+06 38.6426 69089.1 1.27336 6.83952e+06 1.08392e+06 ZonesAtSurface
624.355 3574.95 -39.8864 10 0 1 8 975083 17.3868 142475 1.05449 6.55237e+06 975083 ZonesAtSurface
674.327 3574.94 -14.9003 2 0 1 8 1.22872e+06 21.4539 78903.8 1.06209 6.91005e+06 1.22872e+06 ZonesAtSurface
724.306 3574.93 10.089 9 0 1 8 1.35198e+06 35.0487 60298.4 1.14143 7.38988e+06 1.35198e+06 ZonesAtSurface
774.307 3574.97 -14.9311 3 0 1 9 1.2154e+06 22.247 149339 1.22645 7.63909e+06 1.2154e+06 ZonesAtSurface
824.267 3574.93 60.0526 8 4 1 8 1.33681e+06 40.4178 128472 1.05963 5.17973e+06 1.33681e+06 ZonesAtSurface
874.259 3574.93 85.0374 6 0 2 8 780154 17.9832 132744 0.996043 2.07968e+06 780154 ZonesAtSurface
924.246 3574.9 160.014 10 1 1 7 546027 18.9473 116879 1.58052 1.07749e+06 546027 ZonesAtSurface
974.259 3574.93 135.009 10 0 1 8 625057 23.4927 82638.7 1.05463 2.38184e+06 625057 ZonesAtSurface
1024.25 3574.91 209.981 6 7 1 7 829919 42.91 146824 2.026 2.50997e+06 829919 ZonesAtSurface
1074.27 3574.94 184.973 0 0 2 8 597193 19.5421 82585.7 1.03599 2.13405e+06 597193 ZonesAtSurface
1124.28 3574.95 209.958 0 0 2 8 515234 26.6794 59277.8 1.0155 2.48618e+06 515234 ZonesAtSurface
1174.29 3574.94 284.938 10 10 1 7 1.34902e+06 16.2427 141342 1.39439 2.69467e+06 1.34902e+06 ZonesAtSurface
1224.31 3574.96 259.934 6 0 1 8 843602 31.4052 87017.5 1.08422 3.50017e+06 843602 ZonesAtSurface
1274.33 3574.97 284.926 3 2 1 8 1.13269e+06 44.1544 88786.5 1.39472 3.84961e+06 1.13269e+06 ZonesAtSurface
1324.36 3574.97 309.92 7 2 1 8 1.07654e+06 33.7891 143775 1.34393 2.80724e+06 1.07654e+06 ZonesAtSurface
1374.39 3574.97 334.915 7 7 1 8 1.1283e+06 38.4074 130814 2.08119 2.11419e+06 1.1283e+06 ZonesAtSurface
1424.42 3574.98 309.899 10 0 1 9 1.43237e+06 23.6525 86016.2 1.03075 4.60388e+06 1.43237e+06 ZonesAtSurface
1474.45 3574.97 334.889 6 0 2 9 834239 18.4057 84615.2 1.22839 1.97535e+06 834239 ZonesAtSurface
1524.48 3574.96 359.875 9 3 1 9 1.15507e+06 19.8516 62185.4 1.2589 2.6416e+06 1.15507e+06 ZonesAtSurface
1574.52 3574.95 384.859 6 7 2 9 849437 22.2747 122145 1.06429 2.24688e+06 849437 ZonesAtSurface
1624.56 3574.96 359.851 4 1 2 10 1.3017e+06 30.6139 125262 0 4.0634e+06 1.3017e+06 ZonesAtSurface
1674.6 3574.96 384.842 0 3 2 10 610011 22.1981 139914 1.51005 1.1e+06 610011 ZonesAtSurface
1724.64 3574.96 409.841 2 7 2 10 1.05951e+06 36.279 96829.9 0 2.47928e+06 1.05951e+06 ZonesAtSurface
1774.68 3574.97 434.838 2 7 2 10 956942 37.219 138460 1.4989 2.35533e+06 956942 ZonesAtSurface
1824.74 3574.98 409.851 8 0 1 11 506733 33.7743 93563.1 1.157 2.29598e+06 506733 ZonesAtSurface
1874.8 3574.99 434.857 9 0 1 11 513950 39.7588 70679.9 1.05042 2.85475e+06 513950 ZonesAtSurface
1924.85 3574.99 459.862 1 6 2 11 723072 19.1286 123654 1.44117 1.35534e+06 723072 ZonesAtSurface
1974.9 3574.99 434.856 1 1 2 12 1.00886e+06 38.4726 91797.7 1.07532 3.63526e+06 1.00886e+06 ZonesAtSurface
2024.96 3574.99 447.367 0 4 2 11 1.08268e+06 32.9097 61655 1.51337 2.88573e+06 1.08268e+06 ZonesAtSurface
2075.02 3575 297.396 3 0 1 12 999630 24.0788 99686 0.994905 5.48919e+06 999630 ZonesAtSurface
2125.07 3575 247.426 6 0 1 11 1.39856e+06 20.9676 54308.3 1.01748 5.25418e+06 1.39856e+06 ZonesAtSurface
2175.12 3575 147.452 0 0 1 11 1.13659e+06 31.2853 54241.3 2.2024 7.03873e+06 1.13659e+06 ZonesAtSurface
2225.16 3574.87 47.4735 6 6 0 0 1.42454e+06 30.8163 128931 0 999762 1.42454e+06 ZonesAtSurface
2275.19 3574.74 -52.5068 5 8 0 0 772850 38.3273 143791 10 0 772850 ZonesAtSurface
2325.15 3571.73 -2.5186 0 0 0 0 1.22333e+06 22.7379 63595.7 1.60458 7.57183e+06 1.22333e+06 ZonesAtSurface
2375.19 3575 -252.486 0 0 0 0 1.47654e+06 35.5665 74522.8 4.35352 6.72667e+06 1.47654e+06 ZonesAtSurface
2425.16 3575 -352.486 0 0 0 0 644564 19.9037 92252.6 1.68481 6.31252e+06 644564 ZonesAtSurface
2475.13 3574.61 -402.481 10 7 0 0 997465 32.9855 118160 3.54856 988872 997465 ZonesAtSurface
2525.06 3574.76 -432.474 6 8 0 0 1.13366e+06 32.3665 116039 0.629917 6.88888e+06 1.13366e+06 ZonesAtSurface
2575 3574.76 -392.456 3 6 0 0 958418 38.3003 66407 1.25527 3.06102e+06 958418 ZonesAtSurface
2624.95 3574.78 -352.451 5 7 0 0 507703 20.329 110158 0.347142 4.11487e+06 507703 ZonesAtSurface
2674.92 3574.78 -312.455 3 6 0 0 924174 35.7744 133340 1.05594 3.23793e+06 924174 ZonesAtSurface
2724.9 3574.76 -272.458 5 7 0 0 1.22986e+06 16.8793 136729 0.71218 4.69874e+06 1.22986e+06 ZonesAtSurface
2774.88 3574.75 -232.451 7 8 0 0 590621 41.2812 69051.5 1.10811 3.05813e+06 590621 ZonesAtSurface
2824.85 3574.69 -192.447 5 8 0 0 1.07353e+06 22.3626 126641 0.589083 5.86971e+06 1.07353e+06 ZonesAtSurface
2874.83 3574.6 -152.461 7 9 0 0 959292 27.3167 51803.3 0 2.14372e+06 959292 ZonesAtSurface
2924.81 3574.58 -112.479 8 10 0 0 891117 17.3799 53646.5 0.669862 3.63184e+06 891117 ZonesAtSurface
2974.8 3574.57 -72.4913 6 9 0 0 825271 27.9317 140800 1.13265 2.38965e+06 825271 ZonesAtSurface
3024.8 3574.56 -32.5061 5 10 0 0 1.04197e+06 42.4031 77699.8 0 2.09105e+06 1.04197e+06 ZonesAtSurface
3074.8 3574.56 7.47769 6 10 0 0 555781 25.4733 55063.1 1.15526 1.51983e+06 555781 ZonesAtSurface
3124.82 3573.73 97.4462 7 8 0 0 1.24409e+06 23.0969 61939.8 0 1.99513e+06 1.24409e+06 ZonesAtSurface
3174.82 3574.66 87.4431 6 9 0 0 1.26504e+06 22.8606 111459 0.971905 4.02905e+06 1.26504e+06 ZonesAtSurface
3224.84 3574.86 127.427 9 8 0 0 1.11777e+06 32.3431 136957 1.61016 2.49189e+06 1.11777e+06 ZonesAtSurface
3274.86 3574.99 167.412 2 0 1 10 1.05041e+06 25.327 70407.3 1.4026 8.35777e+06 1.05041e+06 ZonesAtSurface
3324.88 3574.96 257.409 4 0 1 9 1.07856e+06 26.5317 94295.8 1.31304 4.40833e+06 1.07856e+06 ZonesAtSurface
3374.91 3574.97 247.388 0 0 1 10 1.02391e+06 42.4033 132846 3.12897 5.33997e+06 1.02391e+06 ZonesAtSurface
3424.93 3574.93 337.358 5 4 2 9 1.12897e+06 33.9767 64927.2 1.1007 3.8077e+06 1.12897e+06 ZonesAtSurface
3474.96 3574.93 377.324 8 9 2 9 1.12125e+06 37.7918 72633.6 1.27121 3.93979e+06 1.12125e+06 ZonesAtSurface
3525 3574.95 367.318 1 1 2 10 1.36618e+06 36.6068 82207.1 1.05915 4.99429e+06 1.36618e+06 ZonesAtSurface
3575.04 3574.98 357.319 6 0 1 11 905782 19.0701 115843 1.14447 4.10801e+06 905782 ZonesAtSurface
3625.08 3574.99 347.31 5 0 1 12 687931 31.6965 87064.8 1.01371 6.18525e+06 687931 ZonesAtSurface
3675.12 3574.98 437.294 4 0 1 11 777508 18.4803 60411.7 1.19443 2.24924e+06 777508 ZonesAtSurface
3725.17 3574.98 477.283 5 7 2 11 1.24405e+06 26.6176 70429 1.27059 3.26466e+06 1.24405e+06 ZonesAtSurface
3775.23 3574.98 477.282 8 0 2 11 803594 19.0676 143359 1.1325 2.06117e+06 803594 ZonesAtSurface
3825.3 3574.98 437.302 5 0 1 11 632366 22.8959 73405 1.15438 3.53684e+06 632366 ZonesAtSurface
3875.36 3574.95 447.305 3 1 2 10 537072 19.2871 105244 0 1.52897e+06 537072 ZonesAtSurface
3925.41 3574.95 407.333 2 1 1 10 828263 37.0305 148028 1.04062 2.83345e+06 828263 ZonesAtSurface
3975.48 3574.93 417.324 0 0 2 9 633731 20.0922 95256.5 1.37324 1.4734e+06 633731 ZonesAtSurface
4025.52 3574.93 377.362 9 9 1 9 1.18498e+06 21.2197 110080 1.2963 2.81903e+06 1.18498e+06 ZonesAtSurface
4075.56 3574.93 337.397 5 10 1 9 1.21119e+06 37.966 57254.1 1.41544 4.00739e+06 1.21119e+06 ZonesAtSurface
4125.58 3574.92 297.423 1 1 2 9 1.29921e+06 21.4128 142756 1.22022 3.28593e+06 1.29921e+06 ZonesAtSurface
4175.61 3574.92 257.454 0 0 2 9 1.28831e+06 16.0159 134573 1.14566 3.03713e+06 1.28831e+06 ZonesAtSurface
4225.62 3574.92 217.484 9 4 2 9 502078 43.8253 133231 1.42045 1.60827e+06 502078 ZonesAtSurface
4275.63 3574.92 177.51 7 3 2 9 962323 19.9602 97247.4 1.031 2.58522e+06 962323 ZonesAtSurface
4325.63 3574.93 137.533 4 3 2 9 884962 41.2096 134613 1.09212 3.3064e+06 884962 ZonesAtSurface
4375.6 3574.97 47.5579 2 0 1 10 1.32988e+06 18.2055 83257.5 1.13659 6.87597e+06 1.32988e+06 ZonesAtSurface
4425.64 3574.91 107.57 10 10 2 8 1.42888e+06 35.769 104229 1.23626 4.53625e+06 1.42888e+06 ZonesAtSurface
4475.58 3574.95 17.6 0 0 1 9 1.43458e+06 42.0084 78003.7 1.2542 1.01241e+07 1.43458e+06 ZonesAtSurface
4525.53 3574.97 -22.385 4 0 1 9 565014 43.4811 70798.5 1.39269 1.04398e+07 565014 ZonesAtSurface
4575.52 3574.96 -12.3486 27 0 1 8 1.16927e+06 25.0075 131658 1.10041 6.66219e+06 1.16927e+06 ZonesAtSurface
4625.48 3574.96 -2.30007 43 0 1 7 1.33506e+06 25.3405 93385.2 1.06232 4.82039e+06 1.33506e+06 ZonesAtSurface
4675.41 3574.97 7.76087 52 0 1 6 1.06538e+06 42.4945 131929 1.26283 6.35078e+06 1.06538e+06 ZonesAtSurface
4725.36 3574.97 17.7628 49 21 1 5 1.44381e+06 30.6149 50552.4 1.61063 3.81508e+06 1.44381e+06 ZonesAtSurface
4775.31 3574.97 27.7783 72 7 1 4 1.15508e+06 43.564 135149 1.77414 3.81669e+06 1.15508e+06 ZonesAtSurface
4825.24 3574.98 37.797 59 30 1 3 1.40523e+06 20.9888 93601.1 3.75506 1.24772e+06 1.40523e+06 ZonesAtSurface
4875.16 3574.98 47.8137 105 18 1 2 796965 28.5525 148420 1.33881 2.05469e+06 796965 ZonesAtSurface
4925.06 3574.98 57.7975 127 0 1 1 743181 38.0641 57567.8 1.24638 2.92726e+06 743181 ZonesAtSurface
74.967 3624.99 -13.7538 118 6 1 2 1.11136e+06 27.9549 56677 1.23375 3.91848e+06 1.11136e+06 ZonesAtSurface
124.849 3624.99 -38.7375 108 0 1 3 1.2761e+06 27.4237 77622.5 1.09031 5.92298e+06 1.2761e+06 ZonesAtSurface
174.764 3624.99 -13.6752 69 53 1 3 1.45021e+06 24.1047 50502.3 1.9916 2.47238e+06 1.45021e+06 ZonesAtSurface
224.698 3624.98 -38.7065 83 0 1 4 740433 42.5761 64660.5 1.04716 5.58601e+06 740433 ZonesAtSurface
274.623 3624.99 -13.6836 78 47 1 4 1.44306e+06 28.1815 82360.1 1.92387 2.90735e+06 1.44306e+06 ZonesAtSurface
324.57 3624.98 -38.7301 69 0 1 5 858886 44.8049 144739 1.15562 7.05679e+06 858886 ZonesAtSurface
374.508 3624.98 -13.7308 73 0 1 5 1.07734e+06 28.7983 147043 1.63344 3.08381e+06 1.07734e+06 ZonesAtSurface
424.452 3624.97 -38.8032 49 0 1 6 791425 25.5506 128888 1.04427 5.70168e+06 791425 ZonesAtSurface
474.392 3624.96 -13.8158 45 7 1 6 1.23896e+06 35.2424 59852.1 1.16636 4.20273e+06 1.23896e+06 ZonesAtSurface
524.381 3624.96 -38.8602 13 0 1 7 626498 31.1926 72627 1.03819 9.20955e+06 626498 ZonesAtSurface
574.343 3624.95 -13.8697 6 0 1 7 1.47192e+06 29.7679 121462 1.08796 7.94749e+06 1.47192e+06 ZonesAtSurface
624.272 3624.92 61.1078 8 0 1 6 681759 21.7257 124100 1.03555 2.67091e+06 681759 ZonesAtSurface
674.287 3624.94 36.0985 5 0 1 7 1.17911e+06 29.3557 50580.3 1.02146 6.59608e+06 1.17911e+06 ZonesAtSurface
724.241 3624.92 111.071 9 0 1 6 963808 18.1603 106818 1.06562 2.68672e+06 963808 ZonesAtSurface
774.233 3624.92 136.055 0 4 2 6 1.43331e+06 40.1055 123940 1.10428 5.29204e+06 1.43331e+06 ZonesAtSurface
824.23 3624.93 161.04 2 0 2 6 1.07452e+06 22.3683 146468 1.03968 2.97601e+06 1.07452e+06 ZonesAtSurface
874.24 3624.94 136.033 1 0 1 7 1.25092e+06 34.197 74755.4 1.04187 5.89468e+06 1.25092e+06 ZonesAtSurface
924.228 3624.93 211.003 4 0 2 6 617290 38.7595 55274.4 1.0307 2.89407e+06 617290 ZonesAtSurface
974.232 3624.93 235.987 1 0 2 6 1.39779e+06 23.564 136634 1.03645 4.06775e+06 1.39779e+06 ZonesAtSurface
1024.24 3624.94 260.972 9 0 1 6 1.31359e+06 18.1778 85925.2 1.09775 3.45973e+06 1.31359e+06 ZonesAtSurface
1074.25 3624.94 285.956 8 5 1 6 1.3416e+06 33.0246 93047.1 1.09573 4.43957e+06 1.3416e+06 ZonesAtSurface
1124.26 3624.95 310.942 9 0 2 6 1.03357e+06 30.4986 127298 1.03496 3.61135e+06 1.03357e+06 ZonesAtSurface
1174.29 3624.96 285.937 4 0 1 7 858066 16.6992 74548.1 1.03352 3.36657e+06 858066 ZonesAtSurface
1224.31 3624.97 310.924 2 0 1 7 1.29748e+06 32.1484 123430 1.26829 5.49835e+06 1.29748e+06 ZonesAtSurface
1274.33 3624.95 385.901 10 8 1 6 803282 39.6223 65527.3 1.34003 2.50037e+06 803282 ZonesAtSurface
1324.36 3624.97 360.907 9 0 1 7 741394 41.9544 66170.7 0 2.87413e+06 741394 ZonesAtSurface
1374.39 3624.98 335.904 5 0 1 8 676409 44.6248 119612 1.08495 3.2557e+06 676409 ZonesAtSurface
1424.42 3624.98 360.901 2 9 1 8 1.34477e+06 31.7538 105349 2.02142 2.31041e+06 1.34477e+06 ZonesAtSurface
1474.45 3624.99 335.885 6 0 2 9 774010 31.0552 120939 1.06067 2.39647e+06 774010 ZonesAtSurface
1524.48 3624.98 360.877 7 8 1 9 1.35133e+06 40.0246 105051 1.29788 4.32425e+06 1.35133e+06 ZonesAtSurface
1574.51 3624.97 435.851 6 0 2 8 790859 15.986 107043 1.08281 2.03335e+06 790859 ZonesAtSurface
1624.56 3624.98 410.853 6 0 1 9 521163 28.5722 78261.4 1.1303 1.72507e+06 521163 ZonesAtSurface
1674.6 3624.99 385.847 4 0 2 10 1.15918e+06 34.9922 91297 1.13337 3.79767e+06 1.15918e+06 ZonesAtSurface
1724.65 3624.99 360.841 5 0 1 11 1.03015e+06 24.6801 95619.8 1.01101 5.22719e+06 1.03015e+06 ZonesAtSurface
1774.7 3625 385.842 6 0 1 11 514454 19.0231 84976.8 1.02873 2.65393e+06 514454 ZonesAtSurface
1824.73 3624.99 460.839 2 6 1 10 1.01119e+06 23.8234 76764.5 1.35707 2.26148e+06 1.01119e+06 ZonesAtSurface
1874.8 3625 435.855 6 2 1 11 887355 30.447 71301.1 1.12287 2.66668e+06 887355 ZonesAtSurface
1924.86 3625 410.856 3 0 2 12 1.11967e+06 30.5863 127041 1.00276 4.9449e+06 1.11967e+06 ZonesAtSurface
1974.9 3625 485.861 7 6 2 11 700270 42.2449 81715.2 1.20764 2.36395e+06 700270 ZonesAtSurface
2024.96 3625 398.366 1 0 1 12 1.0329e+06 36.2052 120188 0.999445 6.17737e+06 1.0329e+06 ZonesAtSurface
2075.01 3625 348.391 10 0 1 11 745958 36.7588 140710 0.99505 5.53884e+06 745958 ZonesAtSurface
2125.07 3625 248.421 3 0 1 11 1.25478e+06 19.5329 96707.1 1.02627 6.57527e+06 1.25478e+06 ZonesAtSurface
2175.12 3624.69 198.447 10 1 1 10 1.10327e+06 20.7135 137042 0.996326 3.99197e+06 1.10327e+06 ZonesAtSurface
2225.16 3624.99 48.4748 0 0 0 0 979877 22.2358 132773 1.72117 6.19303e+06 979877 ZonesAtSurface
2275.18 3624.98 -51.506 1 0 0 0 610022 23.8428 57663.1 1.34888 6.80706e+06 610022 ZonesAtSurface
2325.19 3624.98 -151.492 0 0 0 0 1.20707e+06 20.9453 107231 1.27219 7.23302e+06 1.20707e+06 ZonesAtSurface
2375.1 3621.35 -51.5317 9 0 0 0 696256 41.1208 74866.4 4.2844 1.41096e+07 696256 ZonesAtSurface
2425.18 3624.7 -301.477 7 9 0 0 1.25918e+06 26.2333 64956 0.590018 7.87573e+06 1.25918e+06 ZonesAtSurface
2475.13 3624.84 -401.48 5 5 0 0 599729 42.496 124097 2.03131 1.16369e+06 599729 ZonesAtSurface
2525.06 3624.97 -431.476 0 0 0 0 1.09155e+06 35.0106 127422 4.76345 1.09225e+07 1.09155e+06 ZonesAtSurface
2575 3617.59 -91.4954 7 0 0 0 1.40242e+06 38.9163 80627.9 2.92625 1.48124e+07 1.40242e+06 ZonesAtSurface
2624.94 3624.48 -301.476 10 7 0 0 1.18023e+06 39.1529 98023.4 0 3.81823e+06 1.18023e+06 ZonesAtSurface
2674.94 3622.06 -161.515 6 0 0 0 588347 34.6869 124712 2.36585 2.10579e+07 588347 ZonesAtSurface
2724.91 3624.94 -271.474 0 0 0 0 988573 44.8937 109504 4.04753 1.50687e+07 988573 ZonesAtSurface
2774.89 3618.89 18.5036 5 0 0 0 943767 33.7799 76030.5 3.19275 1.25709e+07 943767 ZonesAtSurface
2824.85 3624.94 -191.463 2 0 0 0 1.2293e+06 26.9717 126040 1.57279 1.22285e+07 1.2293e+06 ZonesAtSurface
2874.83 3624.94 -151.463 4 0 0 0 1.03972e+06 15.5203 61310.1 1.01869 8.75807e+06 1.03972e+06 ZonesAtSurface
2924.8 3624.95 -111.464 5 0 0 0 797756 19.2234 56820.8 1.28401 7.2136e+06 797756 ZonesAtSurface
2974.78 3624.95 -71.4751 7 0 0 0 959627 36.7403 92682.7 2.16117 6.61049e+06 959627 ZonesAtSurface
3024.79 3624.95 -31.4947 0 0 0 0 1.24728e+06 36.047 91199.7 2.47107 7.23881e+06 1.24728e+06 ZonesAtSurface
3074.79 3624.95 8.48525 0 0 0 0 1.19318e+06 41.2106 117206 4.26695 7.10456e+06 1.19318e+06 ZonesAtSurface
3124.8 3624.95 48.464 0 0 0 0 717737 41.8064 52153.4 3.75244 6.77354e+06 717737 ZonesAtSurface
3174.82 3624.96 88.4417 0 0 0 0 1.03885e+06 34.8704 64495.1 2.64218 6.96197e+06 1.03885e+06 ZonesAtSurface
3224.84 3624.96 128.421 0 0 0 0 952472 35.4118 111567 2.90864 7.57805e+06 952472 ZonesAtSurface
3274.86 3624.97 168.404 0 0 1 10 1.31291e+06 34.1515 89586.5 2.50627 7.4963e+06 1.31291e+06 ZonesAtSurface
3324.88 3624.97 258.405 7 0 1 9 1.36849e+06 28.4884 118164 1.1016 4.74925e+06 1.36849e+06 ZonesAtSurface
3374.9 3624.97 298.386 5 0 1 9 916597 39.8761 87855.2 1.62338 5.76296e+06 916597 ZonesAtSurface
3424.92 3624.94 438.334 7 10 2 7 815120 19.6606 119752 0 1.71601e+06 815120 ZonesAtSurface
3474.95 3624.95 428.315 6 3 2 8 1.11971e+06 36.9788 109874 1.02091 4.10881e+06 1.11971e+06 ZonesAtSurface
3524.98 3624.95 468.284 0 5 2 8 1.26052e+06 36.2569 52573.1 1.1802 4.13129e+06 1.26052e+06 ZonesAtSurface
3575.02 3624.95 508.258 0 9 2 8 1.36337e+06 20.7544 129943 1.29198 2.98094e+06 1.36337e+06 ZonesAtSurface
3625.07 3624.94 548.242 0 10 2 8 1.28808e+06 27.3977 130871 1.39182 2.90411e+06 1.28808e+06 ZonesAtSurface
3675.13 3624.99 388.291 3 0 1 12 673552 35.3016 135109 1.00547 7.18107e+06 673552 ZonesAtSurface
3725.18 3624.99 428.284 10 0 1 12 1.31468e+06 22.9772 86406.3 1.00314 5.61364e+06 1.31468e+06 ZonesAtSurface
3775.23 3624.99 428.293 8 0 1 12 515872 44.1661 60510.3 1.01217 6.40668e+06 515872 ZonesAtSurface
3825.29 3624.98 488.276 6 1 1 10 1.28728e+06 29.6135 74828.5 1.05075 4.15292e+06 1.28728e+06 ZonesAtSurface
3875.35 3624.96 498.274 5 5 2 9 1.29205e+06 25.0903 128959 1.06286 3.68675e+06 1.29205e+06 ZonesAtSurface
3925.42 3624.96 458.296 3 0 2 9 905618 23.3615 89574.1 1.04653 3.73518e+06 905618 ZonesAtSurface
3975.49 3624.95 468.286 6 0 2 8 1.0117e+06 27.8482 83608 1.06808 3.3581e+06 1.0117e+06 ZonesAtSurface
4025.53 3624.94 478.3 0 6 2 7 1.39639e+06 29.4332 117916 1.47769 3.17538e+06 1.39639e+06 ZonesAtSurface
4075.58 3624.93 438.343 0 2 1 7 1.48901e+06 40.4633 65639.2 1.3735 5.04793e+06 1.48901e+06 ZonesAtSurface
4125.6 3624.95 348.403 5 0 1 8 768435 18.5238 137446 1.02858 2.23952e+06 768435 ZonesAtSurface
4175.64 3624.93 358.414 6 6 2 7 1.28752e+06 26.3101 50626.4 1.1205 3.73109e+06 1.28752e+06 ZonesAtSurface
4225.64 3624.94 268.467 5 0 1 8 1.40857e+06 16.9041 119628 1.00665 3.96351e+06 1.40857e+06 ZonesAtSurface
4275.67 3624.92 278.479 2 5 2 7 1.0038e+06 31.5889 108095 1.04937 3.23098e+06 1.0038e+06 ZonesAtSurface
4325.66 3624.94 188.524 5 0 1 8 1.35467e+06 20.1697 95718.2 1.00994 4.03605e+06 1.35467e+06 ZonesAtSurface
4375.66 3624.95 148.551 8 0 1 8 1.3542e+06 18.1036 115692 1.01663 4.48451e+06 1.3542e+06 ZonesAtSurface
4425.68 3624.93 158.563 0 5 2 7 1.4541e+06 44.8203 103160 1.18697 5.62543e+06 1.4541e+06 ZonesAtSurface
4475.59 3624.98 18.5926 0 0 1 9 563763 35.2196 132783 1.51753 9.38562e+06 563763 ZonesAtSurface
4525.59 3624.96 28.6153 1 0 1 8 815426 35.2098 143612 1.28725 9.52034e+06 815426 ZonesAtSurface
4575.53 3624.98 -11.3711 4 0 1 8 809842 41.7322 57145.6 1.65533 1.15634e+07 809842 ZonesAtSurface
4625.49 3624.98 -1.32394 35 0 1 7 777814 30.5503 82093.4 1.02481 7.43277e+06 777814 ZonesAtSurface
4675.41 3624.98 8.7516 54 0 1 6 771571 27.8737 122258 1.22738 4.58891e+06 771571 ZonesAtSurface
4725.36 3624.98 18.7474 61 0 1 5 572967 42.9083 142163 2.47233 2.77181e+06 572967 ZonesAtSurface
4775.3 3624.98 28.7637 87 2 1 4 1.11988e+06 18.6682 94796.3 1.83271 1.902e+06 1.11988e+06 ZonesAtSurface
4825.23 3624.99 38.78 51 20 1 3 1.35883e+06 40.3572 62264.8 2.33364 3.31131e+06 1.35883e+06 ZonesAtSurface
4875.15 3624.99 48.7865 102 18 1 2 1.18726e+06 20.5191 63771.1 1.32029 2.65756e+06 1.18726e+06 ZonesAtSurface
4925.05 3624.99 58.7816 117 0 1 1 675448 33.1944 122524 1.40257 2.52506e+06 675448 ZonesAtSurface
74.963 3675 -12.7648 82 5 1 2 1.21838e+06 38.8017 70973.6 1.44508 5.36294e+06 1.21838e+06 ZonesAtSurface
124.854 3675 -37.7464 93 0 1 3 559717 29.6344 117925 1.13973 5.45989e+06 559717 ZonesAtSurface
174.773 3674.99 -12.6835 64 37 1 3 1.10965e+06 31.0692 113338 3.74786 1.52389e+06 1.10965e+06 ZonesAtSurface
224.695 3674.99 -37.7198 89 0 1 4 511955 16.2028 138061 1.04372 2.73421e+06 511955 ZonesAtSurface
274.612 3674.99 -12.7051 62 44 1 4 1.02713e+06 39.7176 102979 2.48801 2.01395e+06 1.02713e+06 ZonesAtSurface
324.57 3674.99 -37.7443 68 0 1 5 964296 37.1461 66664.6 1.22386 6.69527e+06 964296 ZonesAtSurface
374.509 3674.99 -12.7444 67 0 1 5 535969 33.6749 60553.9 1.65565 2.49476e+06 535969 ZonesAtSurface
424.443 3674.98 -37.8251 35 0 1 6 1.10127e+06 36.5767 137496 1.0356 9.38423e+06 1.10127e+06 ZonesAtSurface
474.38 3674.98 -12.84 21 0 1 6 874086 33.4767 142187 1.02396 5.7497e+06 874086 ZonesAtSurface
524.374 3674.98 -37.8748 5 0 1 7 1.33703e+06 26.7529 71512.6 1.32741 9.05935e+06 1.33703e+06 ZonesAtSurface
574.285 3674.96 37.1173 8 0 1 6 824142 34.6704 139183 1.04913 7.68866e+06 824142 ZonesAtSurface
624.261 3674.96 62.1048 2 0 1 6 1.43435e+06 20.7623 91016.4 1.01303 5.29673e+06 1.43435e+06 ZonesAtSurface
674.218 3674.95 137.077 9 7 2 5 951572 36.1245 63781.5 1.02981 3.51352e+06 951572 ZonesAtSurface
724.213 3674.95 162.062 9 5 2 5 991393 33.2125 108091 1.06737 3.2121e+06 991393 ZonesAtSurface
774.211 3674.95 187.049 9 3 2 5 557692 33.8252 59053.4 1.04811 1.88109e+06 557692 ZonesAtSurface
824.212 3674.96 212.034 0 5 2 5 1.11794e+06 44.958 69509.9 1.16201 4.38251e+06 1.11794e+06 ZonesAtSurface
874.222 3674.96 187.025 0 0 1 6 1.38828e+06 31.9433 147396 1.05144 5.67984e+06 1.38828e+06 ZonesAtSurface
924.216 3674.96 261.996 1 8 2 5 1.43794e+06 34.1496 114484 1.10123 4.7135e+06 1.43794e+06 ZonesAtSurface
974.223 3674.96 286.979 5 4 2 5 1.42726e+06 19.454 119704 1.08438 3.62354e+06 1.42726e+06 ZonesAtSurface
1024.23 3674.97 311.962 1 8 1 5 1.47987e+06 22.6677 73973 1.07313 4.0616e+06 1.47987e+06 ZonesAtSurface
1074.25 3674.97 386.93 8 5 2 4 595641 17.6753 51024 1.06923 1.50916e+06 595641 ZonesAtSurface
1124.26 3674.97 411.911 3 5 2 4 767693 35.3079 118673 1.20177 2.22007e+06 767693 ZonesAtSurface
1174.28 3674.97 386.906 3 0 2 5 560247 28.622 132300 0.911394 2.58791e+06 560247 ZonesAtSurface
1224.31 3674.97 411.888 2 0 2 5 967042 33.3403 81392.3 0 3.38027e+06 967042 ZonesAtSurface
1274.33 3674.97 436.873 0 0 2 5 1.25001e+06 25.953 105070 1.04867 3.67776e+06 1.25001e+06 ZonesAtSurface
1324.36 3674.98 361.897 2 3 1 7 1.39759e+06 28.0602 113543 1.229 3.73231e+06 1.39759e+06 ZonesAtSurface
1374.39 3674.99 336.891 0 0 1 8 1.45444e+06 41.9636 53005.8 2.60132 3.53305e+06 1.45444e+06 ZonesAtSurface
1424.42 3674.99 311.879 5 0 1 9 673638 15.7607 81029.4 1.00953 3.28421e+06 673638 ZonesAtSurface
1474.45 3674.99 336.876 1 0 1 9 636414 41.5495 71020.8 1.20279 4.48832e+06 636414 ZonesAtSurface
1524.49 3675 311.86 5 0 1 10 502905 16.1738 110070 1.0015 3.44181e+06 502905 ZonesAtSurface
1574.52 3674.99 386.853 0 0 2 9 721644 27.4274 130329 1.08836 3.72265e+06 721644 ZonesAtSurface
1624.56 3674.99 411.847 4 3 1 9 1.05888e+06 15.9307 124847 1.23461 2.2362e+06 1.05888e+06 ZonesAtSurface
1674.6 3675 386.841 0 0 2 10 727824 33.8987 63847 1.0456 3.80661e+06 727824 ZonesAtSurface
1724.66 3675 361.836 5 0 1 11 610642 18.0274 51652.1 1.02281 3.44678e+06 610642 ZonesAtSurface
1774.68 3675 486.841 8 9 1 9 1.29331e+06 22.2884 70974 3.42301 1.17978e+06 1.29331e+06 ZonesAtSurface
1824.77 3675 361.843 5 0 1 12 890438 24.3995 114171 1.00471 5.51753e+06 890438 ZonesAtSurface
1874.8 3675 436.852 9 0 2 11 787201 19.5862 123898 1.19307 2.34015e+06 787201 ZonesAtSurface
1924.85 3675 461.859 10 1 2 11 791200 27.2589 89506.7 1.17268 2.16422e+06 791200 ZonesAtSurface
1974.9 3675 436.855 2 0 1 12 885767 38.1124 88685.8 0.995397 4.73159e+06 885767 ZonesAtSurface
2024.96 3675 399.364 3 0 1 12 1.10656e+06 36.0847 121605 1.08046 7.024e+06 1.10656e+06 ZonesAtSurface
2075.01 3674.99 349.388 4 0 1 11 699533 40.1756 142736 1.00946 6.68951e+06 699533 ZonesAtSurface
2125.06 3674.99 299.417 2 0 1 10 564225 32.3736 57260.1 1.01229 4.86787e+06 564225 ZonesAtSurface
2175.11 3674.83 199.443 10 9 1 10 1.36199e+06 41.6837 57604.2 0 2.52282e+06 1.36199e+06 ZonesAtSurface
2225.14 3674.68 99.4672 6 8 0 0 681211 36.4422 56667.4 1.71173 1.48033e+06 681211 ZonesAtSurface
2275.15 3673.6 49.4744 9 10 0 0 1.18973e+06 41.4495 140888 0 2.58843e+06 1.18973e+06 ZonesAtSurface
2325.18 3674.68 -100.503 4 7 0 0 581879 25.8046 133595 0.606449 2.72046e+06 581879 ZonesAtSurface
2375.17 3674.82 -200.495 7 7 0 0 1.37254e+06 26.1206 103662 1.44538 3.39151e+06 1.37254e+06 ZonesAtSurface
2425.14 3674.96 -300.494 0 0 0 0 961255 38.7134 59111.7 3.5038 1.40832e+07 961255 ZonesAtSurface
2475.11 3674.97 -400.498 0 0 0 0 1.36523e+06 43.2554 53433.1 6.67551 1.25961e+07 1.36523e+06 ZonesAtSurface
2525.06 3674.34 -380.507 10 0 0 0 1.36043e+06 19.4541 69998.4 1.00096 1.59823e+07 1.36043e+06 ZonesAtSurface
2575.03 3674.94 -390.506 0 0 0 0 936503 27.8672 147098 1.91912 1.4559e+07 936503 ZonesAtSurface
2624.99 3674.45 -300.524 9 0 0 0 1.28384e+06 39.3658 124959 1.24293 6.62234e+07 1.28384e+06 ZonesAtSurface
2674.98 3674.46 -260.522 10 0 0 0 1.2378e+06 15.0629 66279.3 1.1814 2.66485e+07 1.2378e+06 ZonesAtSurface
2724.94 3674.93 -270.503 0 0 0 0 1.12704e+06 41.672 116030 4.59581 1.42702e+07 1.12704e+06 ZonesAtSurface
2774.89 3668.94 19.5044 10 0 0 0 1.08951e+06 40.9452 101127 2.62911 1.19457e+07 1.08951e+06 ZonesAtSurface
2824.87 3667.41 109.482 0 0 0 0 957450 33.1241 103497 2.118 1.07156e+07 957450 ZonesAtSurface
2874.87 3667.39 149.455 0 0 0 0 531338 40.8395 99103.1 2.19033 1.39173e+07 531338 ZonesAtSurface
2924.86 3668.92 139.439 2 0 0 0 1.01328e+06 34.4787 140404 1.89898 1.5443e+07 1.01328e+06 ZonesAtSurface
2974.9 3667.36 229.423 0 0 0 0 1.29714e+06 26.1628 88267.1 1.06701 1.38959e+07 1.29714e+06 ZonesAtSurface
3024.9 3667.36 269.431 4 0 0 0 1.02526e+06 15.169 109043 1.00616 7.2568e+06 1.02526e+06 ZonesAtSurface
3074.84 3672.58 109.428 2 3 0 0 854137 44.738 142240 10 3.88487e+06 854137 ZonesAtSurface
3124.87 3670.31 249.394 0 0 0 0 970193 32.263 120708 1.69734 1.56285e+07 970193 ZonesAtSurface
3174.83 3674.94 89.4215 0 0 0 0 590649 41.8106 78304.5 2.78329 1.40063e+07 590649 ZonesAtSurface
3224.89 3672.79 229.395 5 0 0 0 727072 34.7476 114043 1.88572 1.05138e+07 727072 ZonesAtSurface
3274.88 3674.95 169.39 0 0 1 10 1.37903e+06 30.1775 123310 1.97461 1.11242e+07 1.37903e+06 ZonesAtSurface
3324.88 3674.96 259.396 6 0 1 9 683919 32.1415 126064 1.17715 5.5171e+06 683919 ZonesAtSurface
3374.88 3674.96 399.355 3 3 2 7 1.32359e+06 16.3393 75337.4 0 3.13178e+06 1.32359e+06 ZonesAtSurface
3424.92 3674.97 389.343 9 0 1 8 722976 29.1514 94540.9 1.04887 3.66735e+06 722976 ZonesAtSurface
3474.95 3674.98 379.323 4 0 1 9 1.29989e+06 34.2106 137235 1.05738 6.60193e+06 1.29989e+06 ZonesAtSurface
3524.99 3674.97 519.276 9 9 1 7 1.26897e+06 20.6447 122947 1.25187 2.86176e+06 1.26897e+06 ZonesAtSurface
3575.02 3674.97 509.26 4 1 2 8 836722 16.1952 128095 1.15765 1.87705e+06 836722 ZonesAtSurface
3625.06 3674.97 549.246 6 10 2 8 958850 42.2259 95593.9 1.6567 2.38744e+06 958850 ZonesAtSurface
3675.12 3674.97 539.25 5 5 2 9 623306 18.1097 57508.2 1.19621 1.41204e+06 623306 ZonesAtSurface
3725.18 3674.99 429.277 4 0 1 12 984607 44.3966 138568 1.00734 8.11785e+06 984607 ZonesAtSurface
3775.23 3674.99 479.271 8 0 1 11 584593 24.2177 59186.5 1.05082 2.25379e+06 584593 ZonesAtSurface
3825.29 3674.99 489.267 7 0 1 10 1.24929e+06 15.3306 64404 1.01466 3.88871e+06 1.24929e+06 ZonesAtSurface
3875.35 3674.97 599.176 5 2 2 7 667942 31.0469 124373 1.15363 1.85674e+06 667942 ZonesAtSurface
3925.42 3674.97 559.213 1 1 2 7 830497 32.67 102944 1.14303 2.56953e+06 830497 ZonesAtSurface
3975.48 3674.97 519.254 8 0 2 7 1.15522e+06 29.4425 120891 1.04141 4.47446e+06 1.15522e+06 ZonesAtSurface
4025.53 3674.96 529.262 5 8 2 6 731499 42.4017 107149 1.05009 2.8071e+06 731499 ZonesAtSurface
4075.59 3674.96 489.306 9 2 2 6 734031 25.0448 111592 1.08553 1.9853e+06 734031 ZonesAtSurface
4125.63 3674.96 449.349 5 10 2 6 1.46145e+06 26.1304 136668 1.07174 4.19488e+06 1.46145e+06 ZonesAtSurface
4175.65 3674.95 409.393 6 6 2 6 922255 24.2993 134739 1.01192 2.65278e+06 922255 ZonesAtSurface
4225.66 3674.96 319.452 4 0 1 7 1.02534e+06 43.2425 68002.1 1.013 4.47841e+06 1.02534e+06 ZonesAtSurface
4275.69 3674.95 329.468 0 5 1 6 1.39101e+06 34.3102 103513 1.19717 4.20406e+06 1.39101e+06 ZonesAtSurface
4325.7 3674.95 289.495 0 3 2 6 1.42277e+06 34.9415 61649.7 1.11205 4.80309e+06 1.42277e+06 ZonesAtSurface
4375.71 3674.96 249.524 1 1 2 6 995541 20.0856 71692.7 1.00452 2.76904e+06 995541 ZonesAtSurface
4425.72 3674.96 209.55 3 3 2 6 1.11121e+06 19.0678 88153.7 0.992971 3.06833e+06 1.11121e+06 ZonesAtSurface
4475.69 3674.97 119.583 2 0 1 7 1.17598e+06 44.2217 70334.9 2.07566 6.50717e+06 1.17598e+06 ZonesAtSurface
4525.72 3674.98 129.582 9 10 2 6 877710 22.8992 139160 1.15996 2.17042e+06 877710 ZonesAtSurface
4575.54 3674.99 -10.3823 4 0 1 8 888908 37.7412 143299 1.84275 1.23874e+07 888908 ZonesAtSurface
4625.49 3674.99 -0.326205 47 0 1 7 896903 17.4685 65936.2 1.16833 4.58541e+06 896903 ZonesAtSurface
4675.41 3674.99 9.74886 43 0 1 6 529739 26.0821 59295.6 1.1682 3.08296e+06 529739 ZonesAtSurface
4725.36 3674.99 19.7426 63 0 1 5 1.21351e+06 31.8259 84133.5 1.91714 3.35224e+06 1.21351e+06 ZonesAtSurface
4775.29 3674.99 29.7542 81 0 1 4 695211 33.2265 89458.3 1.70961 2.0924e+06 695211 ZonesAtSurface
4825.22 3674.99 39.7675 55 9 1 3 1.17447e+06 25.0428 94658.8 2.2798 2.18673e+06 1.17447e+06 ZonesAtSurface
4875.15 3674.99 49.7717 90 1 1 2 548226 33.4976 67863.1 1.35771 1.80234e+06 548226 ZonesAtSurface
4925.05 3674.99 59.7727 111 0 1 1 816692 28.342 107384 1.31235 2.9033e+06 816692 ZonesAtSurface
74.9579 3725 -11.7643 108 0 1 2 1.23005e+06 21.1658 69054.8 1.43096 3.56805e+06 1.23005e+06 ZonesAtSurface
124.855 3725 -36.7493 74 0 1 3 734376 36.9658 130019 1.21504 7.06834e+06 734376 ZonesAtSurface
174.777 3725 -11.6867 67 23 1 3 894672 41.9991 93598.5 5.94351 1.58712e+06 894672 ZonesAtSurface
224.691 3725 -36.7244 81 0 1 4 1.20659e+06 27.7188 135521 1.15812 5.04438e+06 1.20659e+06 ZonesAtSurface
274.604 3725 -11.7177 77 22 1 4 1.36691e+06 20.6627 59612.9 2.04378 2.19433e+06 1.36691e+06 ZonesAtSurface
324.568 3725 -36.754 36 0 1 5 1.34263e+06 39.7684 54874.5 1.09739 7.58181e+06 1.34263e+06 ZonesAtSurface
374.505 3725 -11.7534 48 0 1 5 815649 37.6695 83024.2 1.62171 3.01589e+06 815649 ZonesAtSurface
424.436 3725 -36.8416 40 0 1 6 1.00982e+06 25.5678 57080 1.04368 8.85659e+06 1.00982e+06 ZonesAtSurface
474.367 3725 -11.8621 6 0 1 6 1.25572e+06 24.3147 113585 1.01141 8.07042e+06 1.25572e+06 ZonesAtSurface
524.315 3725 13.124 6 0 1 6 544161 23.7355 126656 1.05464 6.78978e+06 544161 ZonesAtSurface
574.236 3724.99 88.1033 10 0 2 5 779009 33.7936 64134.2 1.00183 2.90251e+06 779009 ZonesAtSurface
624.256 3724.99 63.1024 2 0 1 6 897510 41.0688 91557.7 1.2619 7.0083e+06 897510 ZonesAtSurface
674.215 3724.99 138.077 2 0 2 5 768993 25.6247 91378.4 1.00693 2.48686e+06 768993 ZonesAtSurface
724.211 3724.99 163.064 1 0 2 5 860347 40.6165 130859 1.00866 3.24186e+06 860347 ZonesAtSurface
774.209 3724.99 188.05 4 0 2 5 616529 28.4067 142524 1.00213 2.89895e+06 616529 ZonesAtSurface
824.204 3724.99 263.024 6 8 2 4 630079 42.1151 100038 1.44249 1.70368e+06 630079 ZonesAtSurface
874.212 3724.99 238.015 0 0 2 5 874525 42.416 57039 1.00378 3.93493e+06 874525 ZonesAtSurface
924.213 3725 312.988 8 8 2 4 552391 37.6201 67296.1 1.20069 1.71085e+06 552391 ZonesAtSurface
974.22 3725 337.969 0 8 2 4 811134 32.3393 121082 1.08547 2.46831e+06 811134 ZonesAtSurface
1024.23 3725 362.95 6 8 2 4 1.04584e+06 32.4361 63362.6 1.04387 3.52751e+06 1.04584e+06 ZonesAtSurface
1074.25 3725 387.93 8 0 2 4 769081 42.1762 135696 0 2.85606e+06 769081 ZonesAtSurface
1124.26 3725 412.909 0 9 2 4 1.28998e+06 37.5396 135037 1.3258 3.67875e+06 1.28998e+06 ZonesAtSurface
1174.29 3725 437.889 10 1 2 4 522202 42.4734 149758 1.07375 1.63145e+06 522202 ZonesAtSurface
1224.31 3725 462.87 7 7 2 4 563112 39.3646 83168 1.46876 1.4466e+06 563112 ZonesAtSurface
1274.33 3725 437.87 0 7 1 5 1.44176e+06 34.5674 59128.6 1.16183 4.69615e+06 1.44176e+06 ZonesAtSurface
1324.37 3724.99 462.857 3 6 2 5 510856 25.1934 90621 1.08137 1.41273e+06 510856 ZonesAtSurface
1374.39 3725 337.884 0 0 1 8 1.15708e+06 18.2075 63207.4 1.27663 3.24134e+06 1.15708e+06 ZonesAtSurface
1424.42 3725 362.883 0 5 2 8 1.41619e+06 28.9556 103022 1.57535 2.93073e+06 1.41619e+06 ZonesAtSurface
1474.45 3725 387.881 8 10 2 8 870457 20.9631 127845 2.64936 943723 870457 ZonesAtSurface
1524.48 3725 362.86 4 2 2 9 1.3976e+06 26.0266 121555 1.09782 3.95852e+06 1.3976e+06 ZonesAtSurface
1574.51 3725 437.853 8 10 2 8 1.28569e+06 22.5708 117988 1.71587 2.19311e+06 1.28569e+06 ZonesAtSurface
1624.56 3725 412.843 6 0 2 9 635125 37.4794 98987.6 1.03108 2.64616e+06 635125 ZonesAtSurface
1674.6 3725 437.848 7 10 2 9 854875 25.3918 68821.3 1.37224 1.96651e+06 854875 ZonesAtSurface
1724.66 3725 362.834 1 0 1 11 773411 25.995 139387 1.01177 4.69133e+06 773411 ZonesAtSurface
1774.72 3725 337.836 4 0 1 12 1.46864e+06 18.5571 142169 1.0028 6.5182e+06 1.46864e+06 ZonesAtSurface
1824.74 3725 462.843 8 0 1 10 845911 21.6646 138826 1.06218 2.97326e+06 845911 ZonesAtSurface
1874.81 3725 387.844 2 0 1 12 791032 37.9303 90686.2 1.06392 6.75254e+06 791032 ZonesAtSurface
1924.86 3725 362.847 0 0 1 13 775606 20.2114 87975.1 1.00128 5.65922e+06 775606 ZonesAtSurface
1974.9 3725 437.852 4 0 2 12 847768 26.6127 101334 1.00098 4.23887e+06 847768 ZonesAtSurface
2024.95 3725 450.363 2 0 2 11 636821 24.6865 141015 1.00837 2.31347e+06 636821 ZonesAtSurface
2075 3724.99 350.384 3 0 1 11 721841 16.264 83414.6 0.992487 4.2529e+06 721841 ZonesAtSurface
2125.05 3724.98 300.414 9 0 1 10 864834 25.1234 83031.5 1.00338 4.67424e+06 864834 ZonesAtSurface
2175.09 3724.96 200.438 3 0 1 10 905396 38.1798 139182 1.93059 9.71389e+06 905396 ZonesAtSurface
2225.12 3724.94 100.457 9 0 0 0 782196 23.8971 90825.7 1.05808 1.20128e+07 782196 ZonesAtSurface
2275.14 3724.93 0.471286 8 0 0 0 996529 21.9794 59952.9 1.02623 1.40384e+07 996529 ZonesAtSurface
2325.14 3724.93 -99.5202 0 0 0 0 1.39389e+06 38.9957 93287 2.36764 1.73435e+07 1.39389e+06 ZonesAtSurface
2375.11 3724.92 -199.521 3 0 0 0 982706 33.6131 132118 1.88321 2.45526e+07 982706 ZonesAtSurface
2425.08 3724.92 -299.53 6 0 0 0 1.38574e+06 18.5648 93315 1.12223 2.54632e+07 1.38574e+06 ZonesAtSurface
2475.08 3724.3 -349.542 10 0 0 0 668822 24.2358 53452.9 1.00178 2.15225e+07 668822 ZonesAtSurface
2525.09 3724.31 -379.56 9 0 0 0 1.02283e+06 18.1312 114072 1.00325 1.87273e+07 1.02283e+06 ZonesAtSurface
2575.06 3724.28 -339.573 9 0 0 0 1.11437e+06 15.6306 62924.6 1.00154 1.99343e+07 1.11437e+06 ZonesAtSurface
2625.03 3724.31 -299.576 8 0 0 0 1.43352e+06 17.9184 71119 1.01088 2.63454e+07 1.43352e+06 ZonesAtSurface
2675.01 3724.92 -309.552 0 0 0 0 798816 41.0011 141424 4.49586 1.74377e+07 798816 ZonesAtSurface
2724.99 3724.43 -219.552 10 3 0 0 1.20943e+06 31.903 143993 0.870693 5.10779e+06 1.20943e+06 ZonesAtSurface
2774.94 3724.44 -179.538 9 5 0 0 1.15716e+06 41.2518 125065 1.4247 3.32179e+06 1.15716e+06 ZonesAtSurface
2824.9 3724.92 -189.529 0 0 0 0 1.17047e+06 29.2851 52581 2.33744 1.58103e+07 1.17047e+06 ZonesAtSurface
2874.88 3724.91 -149.534 0 0 0 0 1.09172e+06 39.014 125607 3.79312 1.63082e+07 1.09172e+06 ZonesAtSurface
2924.87 3724.49 -59.5971 9 0 0 0 1.18454e+06 16.4004 51050.8 0.974745 1.58057e+07 1.18454e+06 ZonesAtSurface
2974.9 3724.48 -19.6234 9 0 0 0 1.14925e+06 37.241 149319 1.7039 3.00344e+07 1.14925e+06 ZonesAtSurface
3024.9 3724.24 20.3946 10 0 0 0 644947 44.7041 134629 1.00592 4.19599e+07 644947 ZonesAtSurface
3074.86 3724.89 10.4122 0 0 0 0 803287 31.7632 68744.5 1.5103 2.16516e+07 803287 ZonesAtSurface
3124.88 3718.77 300.445 3 0 0 0 505908 16.8056 64867.4 1.87883 6.2577e+06 505908 ZonesAtSurface
3174.86 3724.87 90.3594 6 0 0 0 517411 20.9851 85237.5 1.08429 2.09469e+07 517411 ZonesAtSurface
3224.9 3724.86 130.342 0 0 0 0 1.44459e+06 21.2486 131143 1.10367 2.53775e+07 1.44459e+06 ZonesAtSurface
3274.93 3724.9 170.356 3 0 1 10 1.05721e+06 36.948 126743 2.00308 2.47577e+07 1.05721e+06 ZonesAtSurface
3324.9 3724.96 260.387 1 0 1 9 1.45952e+06 42.7509 69848.2 1.46474 6.79525e+06 1.45952e+06 ZonesAtSurface
3374.88 3724.99 400.348 6 5 2 7 1.18874e+06 43.6061 62813.6 1.20301 4.64097e+06 1.18874e+06 ZonesAtSurface
3424.91 3724.99 440.326 5 1 2 7 1.10018e+06 25.2323 148181 1.07309 3.09378e+06 1.10018e+06 ZonesAtSurface
3474.95 3724.99 430.309 3 0 2 8 967484 23.3557 57734.6 1.10921 3.77584e+06 967484 ZonesAtSurface
3524.99 3724.99 520.27 1 4 2 7 762928 39.6143 92974.7 1.17975 2.54727e+06 762928 ZonesAtSurface
3575.03 3724.99 560.248 0 6 2 7 1.31333e+06 40.9527 105997 1.9086 2.84737e+06 1.31333e+06 ZonesAtSurface
3625.07 3724.99 500.255 3 0 2 9 985674 15.8054 76277.2 1.02467 2.87035e+06 985674 ZonesAtSurface
3675.12 3724.99 490.26 0 0 2 10 1.31756e+06 17.7147 144402 1.02417 3.79432e+06 1.31756e+06 ZonesAtSurface
3725.16 3724.99 530.25 9 3 2 10 775817 41.9461 132456 1.12975 2.67682e+06 775817 ZonesAtSurface
3775.22 3724.99 530.246 6 4 2 10 642937 22.7341 85169.4 1.31788 1.43348e+06 642937 ZonesAtSurface
3825.28 3724.99 540.235 2 10 1 9 1.49504e+06 36.6662 58266.3 1.21996 4.75571e+06 1.49504e+06 ZonesAtSurface
3875.34 3724.99 600.181 0 6 2 7 1.30285e+06 37.7156 87504 1.26624 3.99947e+06 1.30285e+06 ZonesAtSurface
3925.41 3724.99 610.169 8 5 2 6 977235 21.4062 100493 1.39814 1.98965e+06 977235 ZonesAtSurface
3975.47 3724.99 620.173 7 10 2 5 791473 22.3886 90121.2 1.35336 1.70971e+06 791473 ZonesAtSurface
4025.53 3724.99 530.259 3 0 2 6 1.02738e+06 19.9087 120600 0.99104 2.9007e+06 1.02738e+06 ZonesAtSurface
4075.59 3724.99 490.302 1 2 2 6 758026 21.1271 54235.4 1.03899 2.07331e+06 758026 ZonesAtSurface
4125.63 3724.99 500.321 7 9 2 5 1.17405e+06 29.7682 131169 1.0806 3.52481e+06 1.17405e+06 ZonesAtSurface
4175.66 3724.98 460.37 0 7 2 5 1.40607e+06 36.2236 50341.2 1.11522 4.86226e+06 1.40607e+06 ZonesAtSurface
4225.68 3724.99 370.434 5 0 1 6 879527 37.1898 100698 1.0079 4.1168e+06 879527 ZonesAtSurface
4275.68 3724.99 280.478 6 0 1 7 1.1156e+06 26.5837 135134 1.05844 4.81554e+06 1.1156e+06 ZonesAtSurface
4325.71 3724.99 340.487 6 8 2 5 586534 28.5802 77778.9 1.10177 1.66846e+06 586534 ZonesAtSurface
4375.73 3724.99 300.506 2 9 2 5 748670 18.5419 91605.7 0 1.75152e+06 748670 ZonesAtSurface
4425.75 3724.99 260.529 1 7 2 5 565603 24.5173 90530.5 0 1.13738e+06 565603 ZonesAtSurface
4475.64 3725 70.5834 1 0 1 8 1.03053e+06 38.0111 118627 1.34306 8.56847e+06 1.03053e+06 ZonesAtSurface
4525.67 3725 80.5886 4 0 2 7 825192 33.1115 148945 1.18396 4.44319e+06 825192 ZonesAtSurface
4575.53 3725 -9.38633 8 0 1 8 755454 32.8847 119062 1.18702 1.28545e+07 755454 ZonesAtSurface
4625.48 3725 0.672877 33 0 1 7 861683 31.0367 128205 1.09216 6.11454e+06 861683 ZonesAtSurface
4675.42 3725 10.7282 47 0 1 6 526549 31.9583 57879.4 1.13401 4.06659e+06 526549 ZonesAtSurface
4725.36 3725 20.7409 60 0 1 5 1.48708e+06 32.0959 63060.5 1.3546 4.7885e+06 1.48708e+06 ZonesAtSurface
4775.29 3725 30.7505 61 4 1 4 1.35396e+06 42.9551 105798 1.34918 5.14534e+06 1.35396e+06 ZonesAtSurface
4825.22 3725 40.7568 59 4 1 3 1.02402e+06 40.8088 109776 3.10028 3.42547e+06 1.02402e+06 ZonesAtSurface
4875.14 3725 50.7586 76 0 1 2 612494 44.2157 102788 1.76491 2.91621e+06 612494 ZonesAtSurface
4925.05 3725 60.7603 98 0 1 1 1.38644e+06 39.0091 51852.5 1.46157 5.27637e+06 1.38644e+06 ZonesAtSurface
74.9581 3775.01 -10.7641 104 4 1 2 1.45693e+06 19.2567 108315 1.29035 3.92416e+06 1.45693e+06 ZonesAtSurface
124.854 3775.01 -35.748 93 0 1 3 1.26375e+06 25.579 119967 1.14085 6.40778e+06 1.26375e+06 ZonesAtSurface
174.771 3775.01 -10.6885 72 39 1 3 964902 43.7135 69302.3 4.59867 2.09113e+06 964902 ZonesAtSurface
224.692 3775.01 -35.7257 74 0 1 4 643258 44.9003 147055 1.04817 5.71027e+06 643258 ZonesAtSurface
274.614 3775.01 -10.712 89 0 1 4 864724 23.1489 68460.7 1.68705 1.9183e+06 864724 ZonesAtSurface
324.568 3775.01 -35.7509 71 0 1 5 1.28777e+06 22.2504 104934 1.06194 5.01707e+06 1.28777e+06 ZonesAtSurface
374.498 3775.01 -10.756 58 0 1 5 894572 21.8931 104564 1.46405 2.20679e+06 894572 ZonesAtSurface
424.433 3775.01 -35.8456 32 0 1 6 1.20133e+06 29.0088 80815.9 1.03291 9.99105e+06 1.20133e+06 ZonesAtSurface
474.366 3775.02 -10.8661 6 0 1 6 634307 25.041 130166 1.00938 7.60247e+06 634307 ZonesAtSurface
524.316 3775.02 14.123 0 0 1 6 576958 39.0858 61282.8 1.81363 8.30339e+06 576958 ZonesAtSurface
574.24 3775.03 89.1049 9 0 2 5 868734 36.9509 104455 1.02569 3.73243e+06 868734 ZonesAtSurface
624.228 3775.03 114.092 6 0 2 5 744540 26.1934 91984.1 1.01977 2.53644e+06 744540 ZonesAtSurface
674.218 3775.03 139.077 5 4 2 5 1.37739e+06 17.632 70397.9 1.01399 3.66667e+06 1.37739e+06 ZonesAtSurface
724.213 3775.03 164.063 0 2 2 5 1.27696e+06 40.4794 75407.6 1.0751 4.92624e+06 1.27696e+06 ZonesAtSurface
774.211 3775.03 189.049 5 0 2 5 855912 36.2441 129720 1.0074 3.4797e+06 855912 ZonesAtSurface
824.205 3775.03 264.021 8 8 2 4 513459 42.5415 102987 1.23261 1.56074e+06 513459 ZonesAtSurface
874.213 3775.02 239.011 6 0 2 5 1.20208e+06 21.3269 144006 1.001 3.67358e+06 1.20208e+06 ZonesAtSurface
924.218 3775.02 263.994 2 0 2 5 930466 35.8481 98662.5 1.0016 3.86767e+06 930466 ZonesAtSurface
974.222 3775.02 338.968 4 9 2 4 883036 29.4822 120142 1.15715 2.43933e+06 883036 ZonesAtSurface
1024.23 3775.02 313.958 0 0 2 5 1.37952e+06 24.274 53031.3 0 4.20658e+06 1.37952e+06 ZonesAtSurface
1074.25 3775.02 388.93 3 5 2 4 547932 30.8498 130833 1.18789 1.40295e+06 547932 ZonesAtSurface
1124.27 3775.02 413.908 8 6 2 4 659795 22.3366 83158.3 1.29797 1.4447e+06 659795 ZonesAtSurface
1174.3 3775.01 488.876 0 1 2 3 1.1773e+06 42.0007 100059 1.48861 3.63927e+06 1.1773e+06 ZonesAtSurface
1224.31 3775.02 413.886 3 0 2 5 1.0391e+06 15.8254 93751.8 0.985975 2.81151e+06 1.0391e+06 ZonesAtSurface
1274.34 3775.02 438.872 0 0 2 5 570128 22.6825 101625 1.00579 2.02557e+06 570128 ZonesAtSurface
1324.37 3775.01 413.877 4 0 2 6 1.32915e+06 32.26 71485.2 1.02541 4.73642e+06 1.32915e+06 ZonesAtSurface
1374.39 3775.01 338.882 1 0 2 8 1.10039e+06 25.0825 142831 1.33593 3.2605e+06 1.10039e+06 ZonesAtSurface
1424.42 3775 363.881 1 3 2 8 1.13843e+06 27.0004 104069 1.20446 2.97744e+06 1.13843e+06 ZonesAtSurface
1474.46 3775 338.867 0 0 1 9 1.30208e+06 44.7837 144983 2.10366 4.00669e+06 1.30208e+06 ZonesAtSurface
1524.49 3775 363.859 17 0 1 9 1.05836e+06 24.5499 96810.5 1.01816 3.80361e+06 1.05836e+06 ZonesAtSurface
1574.52 3775.01 438.852 6 8 2 8 1.20759e+06 22.4553 91412.3 1.68619 2.16814e+06 1.20759e+06 ZonesAtSurface
1624.56 3775.01 413.843 7 2 2 9 811176 38.9508 79529.6 1.11229 2.86827e+06 811176 ZonesAtSurface
1674.62 3775 338.832 1 0 1 11 1.30895e+06 23.8892 80234.5 1.04607 6.3378e+06 1.30895e+06 ZonesAtSurface
1724.65 3775 413.838 3 7 2 10 1.12776e+06 43.0459 84189.1 1.63226 3.0378e+06 1.12776e+06 ZonesAtSurface
1774.7 3775 438.838 4 10 2 10 1.34255e+06 27.2358 139977 1.93446 2.23036e+06 1.34255e+06 ZonesAtSurface
1824.75 3775 413.838 0 0 2 11 1.16311e+06 40.8862 120688 1.11648 4.19767e+06 1.16311e+06 ZonesAtSurface
1874.8 3775 438.846 4 7 2 11 1.35438e+06 30.5683 128795 1.25241 3.64384e+06 1.35438e+06 ZonesAtSurface
1924.85 3775 463.854 0 6 2 11 1.48741e+06 27.1701 52900.1 1.53984 3.13291e+06 1.48741e+06 ZonesAtSurface
1974.9 3775 438.851 3 0 2 12 1.12152e+06 42.713 84582.9 1.01519 4.71884e+06 1.12152e+06 ZonesAtSurface
2024.94 3775 451.364 0 2 2 11 1.43275e+06 24.597 145477 1.09424 3.90119e+06 1.43275e+06 ZonesAtSurface
2074.99 3775 401.387 7 0 2 10 621345 38.8758 84114.8 1.07802 2.23347e+06 621345 ZonesAtSurface
2125.03 3774.98 301.411 0 0 2 10 1.41721e+06 36.4074 95560.6 1.052 5.79703e+06 1.41721e+06 ZonesAtSurface
2175.06 3774.94 201.429 4 0 1 10 606049 42.8391 52608.9 2.42574 1.34332e+07 606049 ZonesAtSurface
2225.08 3774.91 101.44 8 0 0 0 875241 21.4359 80499.4 1.03893 1.6864e+07 875241 ZonesAtSurface
2275.09 3774.89 1.44867 0 0 0 0 728379 40.1255 71183 1.52283 2.89681e+07 728379 ZonesAtSurface
2325.1 3770.23 101.459 10 0 0 0 1.1401e+06 39.1744 87402.4 2.75791 1.58187e+07 1.1401e+06 ZonesAtSurface
2375.05 3774.9 -198.556 3 0 0 0 1.47078e+06 24.5789 88272.7 1.05967 2.8522e+07 1.47078e+06 ZonesAtSurface
2425.04 3774.81 -298.559 7 0 0 0 1.3409e+06 30.3365 107662 1.59447 5.1938e+07 1.3409e+06 ZonesAtSurface
2475.07 3774.79 -398.555 8 0 0 0 973300 27.4008 86386.1 1.43301 5.77071e+07 973300 ZonesAtSurface
2525.09 3774.88 -428.565 7 0 0 0 569486 15.5085 129081 1.42368 2.01838e+07 569486 ZonesAtSurface
2575.08 3774.93 -388.581 0 0 0 0 581579 17.1662 52305.2 1.31073 1.72687e+07 581579 ZonesAtSurface
2625.05 3774.92 -348.582 0 0 0 0 1.28463e+06 39.9366 84447 4.78667 1.53055e+07 1.28463e+06 ZonesAtSurface
2675.02 3774.91 -308.586 0 0 0 0 1.05895e+06 22.6036 104546 1.32776 1.6661e+07 1.05895e+06 ZonesAtSurface
2724.89 3765.18 131.521 10 0 0 0 831831 28.4995 69259.5 3.19767 6.00627e+06 831831 ZonesAtSurface
2774.99 3774.41 -178.595 10 0 0 0 892933 18.0975 103473 1.22835 3.15579e+07 892933 ZonesAtSurface
2824.94 3774.25 -138.587 10 0 0 0 976442 42.2366 84251.2 1.00393 2.92125e+07 976442 ZonesAtSurface
2874.89 3774.23 -98.614 10 0 0 0 1.43668e+06 23.7132 50046.9 1.002 2.10895e+07 1.43668e+06 ZonesAtSurface
2924.9 3774.35 -58.6623 10 0 0 0 728394 20.3222 107425 1.06337 3.99524e+07 728394 ZonesAtSurface
2974.89 3767.26 231.444 0 0 0 0 642322 41.0649 103381 4.09825 8.45405e+06 642322 ZonesAtSurface
3024.92 3774.85 -28.6529 0 0 0 0 533899 22.2012 72832.9 1.15441 2.89268e+07 533899 ZonesAtSurface
3074.91 3774.86 11.3422 0 0 0 0 1.05275e+06 36.2361 106710 2.03931 2.77856e+07 1.05275e+06 ZonesAtSurface
3124.89 3774.85 51.3176 0 0 0 0 641667 35.1488 132134 1.53906 2.90023e+07 641667 ZonesAtSurface
3174.9 3774.79 91.2877 8 0 0 0 1.06544e+06 31.1982 125604 1.58468 3.20524e+07 1.06544e+06 ZonesAtSurface
3224.96 3774.72 131.29 5 0 0 0 1.38111e+06 43.849 97084.9 1.94518 5.98751e+07 1.38111e+06 ZonesAtSurface
3274.97 3774.84 171.332 8 0 1 10 1.44339e+06 26.5074 94585.3 1.5487 3.16855e+07 1.44339e+06 ZonesAtSurface
3324.9 3774.99 261.383 4 4 1 9 1.45313e+06 35.0176 72025.2 1.54307 4.89567e+06 1.45313e+06 ZonesAtSurface
3374.89 3775.01 351.352 7 0 1 8 692961 28.6336 80567 1.08783 2.8729e+06 692961 ZonesAtSurface
3424.91 3775.01 491.308 1 10 2 6 1.06438e+06 21.797 146253 0 2.41193e+06 1.06438e+06 ZonesAtSurface
3474.95 3775.01 481.297 10 0 2 7 581512 41.8393 121283 1.04197 2.84694e+06 581512 ZonesAtSurface
3524.99 3775.01 521.269 0 6 2 7 1.14835e+06 33.2507 99117.4 1.37613 2.97464e+06 1.14835e+06 ZonesAtSurface
3575.03 3775.01 511.257 2 2 2 8 1.23221e+06 29.7593 137575 1.20646 3.3749e+06 1.23221e+06 ZonesAtSurface
3625.07 3775.01 501.254 1 4 2 9 1.37768e+06 29.6792 87362.3 1.18908 3.89509e+06 1.37768e+06 ZonesAtSurface
3675.12 3775 491.255 0 0 2 10 585030 43.7167 54947.1 1.01789 4.39313e+06 585030 ZonesAtSurface
3725.17 3775 481.256 9 0 1 11 896199 23.0034 93639.1 1.00204 3.94703e+06 896199 ZonesAtSurface
3775.22 3775 481.262 5 0 1 11 553343 34.9122 76329.2 1.00643 4.77917e+06 553343 ZonesAtSurface
3825.28 3775 541.232 4 0 2 9 870748 26.593 136570 1.04701 2.55718e+06 870748 ZonesAtSurface
3875.33 3775.01 601.186 5 4 2 7 661817 29.8045 147479 1.23742 1.68103e+06 661817 ZonesAtSurface
3925.41 3775.01 611.163 1 4 2 6 1.43054e+06 26.2824 142896 1.23649 3.78895e+06 1.43054e+06 ZonesAtSurface
3975.47 3775.01 571.21 3 5 2 6 1.06834e+06 36.3003 66012.4 1.0738 3.77603e+06 1.06834e+06 ZonesAtSurface
4025.53 3775.01 531.257 2 0 2 6 678701 42.0528 130067 0.93104 3.62635e+06 678701 ZonesAtSurface
4075.58 3775.01 541.265 3 9 2 5 943240 19.1029 56927.8 1.42522 1.82283e+06 943240 ZonesAtSurface
4125.62 3775.02 501.317 4 7 2 5 634214 27.5702 83179.6 1.1438 1.7081e+06 634214 ZonesAtSurface
4175.65 3775.02 461.37 4 5 2 5 760838 35.5149 146152 1.00359 2.56537e+06 760838 ZonesAtSurface
4225.67 3775.02 371.433 2 0 2 6 1.18331e+06 32.8169 101509 0 4.11439e+06 1.18331e+06 ZonesAtSurface
4275.69 3775.02 331.468 10 3 1 6 1.4814e+06 30.2165 122372 1.01309 4.85981e+06 1.4814e+06 ZonesAtSurface
4325.7 3775.02 291.5 9 0 1 6 1.3876e+06 24.5802 116695 1.00566 4.13214e+06 1.3876e+06 ZonesAtSurface
4375.71 3775.02 251.521 6 0 2 6 560369 39.91 53073 1.01341 3.16627e+06 560369 ZonesAtSurface
4425.72 3775.02 211.54 1 0 2 6 757966 24.26 98469.8 0.98456 2.35135e+06 757966 ZonesAtSurface
4475.73 3775.01 171.558 1 0 2 6 938133 27.7783 58346.2 1.04552 3.29506e+06 938133 ZonesAtSurface
4525.59 3775.01 31.5965 5 0 1 8 1.47126e+06 26.2168 77958.8 1.03464 8.8629e+06 1.47126e+06 ZonesAtSurface
4575.53 3775.01 -8.38775 6 0 1 8 758912 36.0255 67949.3 1.24703 1.33384e+07 758912 ZonesAtSurface
4625.48 3775.01 1.66713 19 0 1 7 803846 37.2075 128071 1.06357 7.37853e+06 803846 ZonesAtSurface
4675.44 3775.01 11.71 44 0 1 6 1.12665e+06 42.2105 139495 1.06352 6.43189e+06 1.12665e+06 ZonesAtSurface
4725.37 3775.01 21.7393 67 0 1 5 1.03977e+06 17.315 79541 1.40186 2.89477e+06 1.03977e+06 ZonesAtSurface
4775.29 3775 31.763 83 0 1 4 773477 22.4793 108710 1.38077 2.36632e+06 773477 ZonesAtSurface
4825.22 3775 41.761 65 0 1 3 674858 40.2479 61843.5 3.52334 3.12024e+06 674858 ZonesAtSurface
4875.13 3775.01 51.7508 46 0 1 2 939390 39.8881 67020.1 2.39184 3.1856e+06 939390 ZonesAtSurface
4925.06 3775 61.7511 80 0 1 1 500403 42.2512 60555.3 1.6551 4.87325e+06 500403 ZonesAtSurface
74.9628 3825.01 -9.76403 83 0 1 2 782624 44.836 131909 1.35855 4.84097e+06 782624 ZonesAtSurface
124.854 3825.01 -34.7418 96 0 1 3 1.34275e+06 28.3569 118396 1.0953 6.78247e+06 1.34275e+06 ZonesAtSurface
174.769 3825.01 -9.68353 78 45 1 3 1.25962e+06 19.4706 129294 2.34642 1.75965e+06 1.25962e+06 ZonesAtSurface
224.695 3825.02 -34.7205 84 0 1 4 1.37263e+06 41.1593 116791 1.0279 6.83958e+06 1.37263e+06 ZonesAtSurface
274.622 3825.01 -9.69925 87 22 1 4 1.23112e+06 28.8205 107181 1.57142 2.81407e+06 1.23112e+06 ZonesAtSurface
324.571 3825.02 -34.7381 56 0 1 5 1.16637e+06 34.1388 107741 1.06575 6.33706e+06 1.16637e+06 ZonesAtSurface
374.501 3825.03 -9.74633 77 0 1 5 668972 16.7526 127325 1.88517 1.42748e+06 668972 ZonesAtSurface
424.439 3825.03 -34.8327 49 0 1 6 1.29226e+06 25.0076 101510 1.03031 7.68703e+06 1.29226e+06 ZonesAtSurface
474.377 3825.04 -9.85088 17 0 1 6 533008 30.2046 65399.2 1.02018 5.95347e+06 533008 ZonesAtSurface
524.378 3825.03 -34.8766 0 0 1 7 1.3668e+06 28.4574 125936 1.6409 8.30382e+06 1.3668e+06 ZonesAtSurface
574.292 3825.06 40.1209 8 0 1 6 858671 22.0651 147645 1.02143 4.48753e+06 858671 ZonesAtSurface
624.27 3825.06 65.1056 1 0 1 6 1.40731e+06 43.8192 149397 1.03054 7.07125e+06 1.40731e+06 ZonesAtSurface
674.253 3825.06 90.0874 0 0 1 6 1.33786e+06 17.7645 70737.5 1.00846 4.72742e+06 1.33786e+06 ZonesAtSurface
724.24 3825.06 115.071 5 0 2 6 1.03268e+06 32.3121 121656 1.01057 4.39575e+06 1.03268e+06 ZonesAtSurface
774.233 3825.06 140.058 0 0 1 6 1.2119e+06 29.9484 128398 0.998505 3.94691e+06 1.2119e+06 ZonesAtSurface
824.215 3825.06 215.029 8 0 2 5 721677 34.38 105082 1.04752 2.40681e+06 721677 ZonesAtSurface
874.216 3825.06 240.009 0 6 2 5 1.24749e+06 23.3157 71984.9 1.06017 3.50423e+06 1.24749e+06 ZonesAtSurface
924.228 3825.05 215.001 0 0 1 6 611141 40.5665 146829 1.01128 4.59567e+06 611141 ZonesAtSurface
974.226 3825.05 289.973 8 5 2 5 1.11895e+06 28.5858 52646.8 1.08002 3.41096e+06 1.11895e+06 ZonesAtSurface
1024.24 3825.05 314.958 12 4 1 5 1.11149e+06 15.2304 116812 1.12929 2.51532e+06 1.11149e+06 ZonesAtSurface
1074.25 3825.05 339.939 7 5 2 5 1.20471e+06 17.024 79674.1 1.04383 3.06517e+06 1.20471e+06 ZonesAtSurface
1124.27 3825.05 364.92 2 0 2 5 854167 25.1312 127232 1.01594 2.617e+06 854167 ZonesAtSurface
1174.29 3825.04 389.903 1 0 2 5 805992 28.26 54766.2 1.00203 2.95288e+06 805992 ZonesAtSurface
1224.31 3825.04 414.887 5 4 2 5 1.04109e+06 27.8869 112334 1.01499 3.21703e+06 1.04109e+06 ZonesAtSurface
1274.34 3825.04 389.891 2 0 1 6 650592 24.811 143234 0.979529 2.34012e+06 650592 ZonesAtSurface
1324.37 3825.02 364.894 9 0 1 7 1.48476e+06 21.9699 115829 1.37689 3.54042e+06 1.48476e+06 ZonesAtSurface
1374.39 3825.02 339.885 1 0 2 8 506117 18.7861 100978 1.02798 2.21043e+06 506117 ZonesAtSurface
1424.42 3825.01 364.882 5 5 2 8 1.14843e+06 19.4633 62389.1 1.24893 2.5591e+06 1.14843e+06 ZonesAtSurface
1474.45 3825.01 389.88 10 9 2 8 706342 17.9045 126270 2.20445 872490 706342 ZonesAtSurface
1524.49 3825.01 364.86 8 0 1 9 943371 35.1574 133481 1.06681 3.187e+06 943371 ZonesAtSurface
1574.52 3825.01 389.849 7 0 2 9 717524 17.1388 85163.5 1.03128 2.46651e+06 717524 ZonesAtSurface
1624.57 3825.01 364.84 0 0 1 10 1.4309e+06 34.9617 93639.9 1.19042 5.24615e+06 1.4309e+06 ZonesAtSurface
1674.62 3825 339.832 2 0 1 11 514321 33.6347 126913 1.04916 5.99385e+06 514321 ZonesAtSurface
1724.66 3825 364.83 8 0 1 11 1.30059e+06 23.0126 127451 1.02876 5.61316e+06 1.30059e+06 ZonesAtSurface
1774.71 3825 389.831 10 0 1 11 588739 15.9025 59238.4 1.00884 2.94054e+06 588739 ZonesAtSurface
1824.74 3825.01 464.835 9 8 1 10 959782 41.6129 116040 1.78786 2.4796e+06 959782 ZonesAtSurface
1874.79 3825.01 489.845 8 8 2 10 632087 33.5842 63605.2 1.67504 1.34859e+06 632087 ZonesAtSurface
1924.85 3825.01 464.851 0 10 2 11 1.45208e+06 28.1294 50279.9 1.28272 3.73439e+06 1.45208e+06 ZonesAtSurface
1974.9 3825 439.851 4 0 1 12 684203 43.7093 73086.9 1.00691 4.39516e+06 684203 ZonesAtSurface
2024.95 3825 402.362 6 0 1 12 735025 43.9287 60655.2 1.04953 6.30538e+06 735025 ZonesAtSurface
2074.99 3825 352.385 0 0 1 11 887209 39.6441 73606.6 1.74525 6.10893e+06 887209 ZonesAtSurface
2125.02 3824.98 302.412 1 1 1 10 1.28925e+06 35.2231 96687.4 1.0102 4.77099e+06 1.28925e+06 ZonesAtSurface
2175.02 3824.95 152.412 0 0 1 11 1.47763e+06 34.9023 99259.8 2.61093 1.5832e+07 1.47763e+06 ZonesAtSurface
2225.02 3824.76 102.419 9 0 0 0 846391 28.2131 114307 1.5185 5.00605e+07 846391 ZonesAtSurface
2275.04 3824.65 2.42475 0 0 0 0 942615 24.3984 122128 1.37904 7.76268e+07 942615 ZonesAtSurface
2325.02 3824.76 -97.5858 7 0 0 0 562074 36.7415 146120 2.99464 5.23575e+07 562074 ZonesAtSurface
2375.02 3824.86 -197.592 0 0 0 0 1.02045e+06 44.7867 118353 2.66421 3.55601e+07 1.02045e+06 ZonesAtSurface
2425.06 3824.68 -297.576 7 0 0 0 510763 43.2094 62580.3 1.30347 4.90817e+07 510763 ZonesAtSurface
2475.09 3824.99 -447.537 0 0 0 0 1.12771e+06 17.5299 130241 2.57902 1.03263e+07 1.12771e+06 ZonesAtSurface
2525.09 3824.78 -427.583 7 0 0 0 889399 26.7834 51090.7 1.34156 3.85534e+07 889399 ZonesAtSurface
2575.1 3824.9 -387.622 0 0 0 0 891242 40.8987 56806.4 3.94706 2.92267e+07 891242 ZonesAtSurface
2625.1 3824.19 -297.657 10 0 0 0 1.22204e+06 44.9443 109465 1.0019 6.19273e+07 1.22204e+06 ZonesAtSurface
2675.06 3824.2 -257.658 10 0 0 0 1.26946e+06 15.8499 107149 1.00202 2.46367e+07 1.26946e+06 ZonesAtSurface
2725.02 3824.9 -267.637 0 0 0 0 806650 28.6058 90598.5 1.94807 2.32799e+07 806650 ZonesAtSurface
2774.96 3821.71 -77.58 0 0 0 0 614385 32.0469 79740.8 3.08164 1.27799e+07 614385 ZonesAtSurface
2824.98 3824.14 -137.669 10 0 0 0 962449 42.2694 120492 1.00139 5.93212e+07 962449 ZonesAtSurface
2874.96 3824.83 -147.668 0 0 0 0 972769 34.3857 83739.2 2.02053 3.73697e+07 972769 ZonesAtSurface
2924.95 3824.83 -107.686 4 0 0 0 932011 16.6351 129330 1.04804 2.50971e+07 932011 ZonesAtSurface
2974.96 3824.82 -67.6995 5 0 0 0 573175 19.2463 70732.8 1.0899 2.61473e+07 573175 ZonesAtSurface
3024.95 3824.82 -27.7089 0 0 0 0 744128 33.3728 55995.3 2.01626 2.98233e+07 744128 ZonesAtSurface
3074.94 3824.81 12.2753 0 0 0 0 666078 41.1295 107948 2.83376 2.99799e+07 666078 ZonesAtSurface
3124.96 3824.79 52.251 8 0 0 0 731235 23.2967 128250 1.09963 2.92292e+07 731235 ZonesAtSurface
3174.98 3824.69 92.2551 9 0 0 0 1.04501e+06 39.8205 108398 1.90902 4.55013e+07 1.04501e+06 ZonesAtSurface
3224.95 3824.95 82.3057 0 0 0 0 677685 34.9566 105372 2.85468 1.75115e+07 677685 ZonesAtSurface
3274.95 3824.97 122.327 0 0 1 11 1.1508e+06 41.899 68727.2 5.75344 1.15899e+07 1.1508e+06 ZonesAtSurface
3324.93 3824.99 212.367 1 0 1 10 870662 43.7618 130758 1.43483 6.05343e+06 870662 ZonesAtSurface
3374.88 3825.02 352.347 0 0 2 8 1.33664e+06 19.0764 149942 1.12486 3.24514e+06 1.33664e+06 ZonesAtSurface
3424.91 3825.03 442.315 3 8 2 7 1.13742e+06 38.9713 114563 0 3.31557e+06 1.13742e+06 ZonesAtSurface
3474.95 3825.02 432.307 7 0 1 8 1.43843e+06 31.326 82628.6 1.2879 5.29318e+06 1.43843e+06 ZonesAtSurface
3524.99 3825.02 472.281 10 0 1 8 617839 20.7177 83296.4 1.04331 2.11564e+06 617839 ZonesAtSurface
3575.03 3825.02 512.262 0 7 2 8 1.49881e+06 37.0911 81692.3 1.42977 4.09989e+06 1.49881e+06 ZonesAtSurface
3625.07 3825.02 502.257 5 4 2 9 1.12139e+06 38.1981 101011 1.16623 3.78316e+06 1.12139e+06 ZonesAtSurface
3675.12 3825.01 492.256 10 0 1 10 676708 29.2772 136512 1.0256 3.05317e+06 676708 ZonesAtSurface
3725.16 3825.01 532.248 6 6 2 10 953330 21.5142 147638 1.70029 1.581e+06 953330 ZonesAtSurface
3775.21 3825.01 532.248 4 2 2 10 689588 37.6137 132629 1.10604 2.26001e+06 689588 ZonesAtSurface
3825.28 3825.01 492.264 7 0 1 10 1.25507e+06 34.1411 114500 1.01793 4.8434e+06 1.25507e+06 ZonesAtSurface
3875.33 3825.03 602.181 0 3 2 7 926764 23.287 122307 1.28406 2.07594e+06 926764 ZonesAtSurface
3925.4 3825.03 562.212 0 10 1 7 1.43939e+06 43.0072 81305.4 1.39555 4.5248e+06 1.43939e+06 ZonesAtSurface
3975.47 3825.04 572.207 8 9 2 6 857219 16.755 63838.9 1.19382 1.89522e+06 857219 ZonesAtSurface
4025.53 3825.04 532.252 3 1 2 6 648674 16.3655 141057 1.05078 1.55932e+06 648674 ZonesAtSurface
4075.58 3825.04 542.265 8 10 2 5 707580 41.072 58000.4 1.40653 2.07272e+06 707580 ZonesAtSurface
4125.62 3825.05 502.315 9 9 2 5 704514 38.9886 57494 1.3355 2.07932e+06 704514 ZonesAtSurface
4175.63 3825.04 362.414 16 0 1 7 533227 43.1477 103150 0.828 3.13101e+06 533227 ZonesAtSurface
4225.66 3825.05 372.432 3 7 2 6 1.059e+06 32.2618 64394.6 1.04805 3.53757e+06 1.059e+06 ZonesAtSurface
4275.68 3825.05 332.469 1 1 2 6 1.26125e+06 17.0275 89008.3 1.00566 3.32784e+06 1.26125e+06 ZonesAtSurface
4325.68 3825.04 242.513 5 0 1 7 1.06669e+06 29.0891 72188.3 1.02926 4.33501e+06 1.06669e+06 ZonesAtSurface
4375.7 3825.05 252.524 0 3 2 6 1.10873e+06 20.4034 117053 1.07896 2.8622e+06 1.10873e+06 ZonesAtSurface
4425.72 3825.05 212.54 0 4 2 6 1.12945e+06 20.7475 53066.2 1.09945 2.9366e+06 1.12945e+06 ZonesAtSurface
4475.73 3825.04 172.56 6 4 2 6 884443 41.4766 95671.7 1.06293 3.43281e+06 884443 ZonesAtSurface
4525.59 3825.02 32.6011 2 0 1 8 1.44975e+06 32.7045 116477 1.02125 8.44639e+06 1.44975e+06 ZonesAtSurface
4575.53 3825.01 -7.38693 4 0 1 8 1.0288e+06 35.1464 63469.3 1.27726 1.28299e+07 1.0288e+06 ZonesAtSurface
4625.48 3825.01 2.66338 12 0 1 7 706819 43.1318 101513 1.08502 7.22931e+06 706819 ZonesAtSurface
4675.44 3825.01 12.7078 59 0 1 6 753985 15.0314 140403 1.16957 2.40654e+06 753985 ZonesAtSurface
4725.37 3825.01 22.7422 60 4 1 5 958064 41.9349 51778.2 1.42107 3.2856e+06 958064 ZonesAtSurface
4775.29 3825.01 32.775 87 0 1 4 673502 16.8715 54159.2 1.47441 1.67847e+06 673502 ZonesAtSurface
4825.21 3825.01 42.7714 76 1 1 3 708964 22.1147 103045 2.9084 1.43143e+06 708964 ZonesAtSurface
4875.13 3825.01 52.7552 67 8 1 2 1.36783e+06 28.9922 91049.7 1.88592 2.86931e+06 1.36783e+06 ZonesAtSurface
4925.06 3825.01 62.7539 97 0 1 1 1.34792e+06 18.7388 85176 1.3299 3.39738e+06 1.34792e+06 ZonesAtSurface
74.9661 3875.02 -8.75548 116 4 1 2 1.14491e+06 37.182 87925.4 1.1838 5.38616e+06 1.14491e+06 ZonesAtSurface
124.853 3875.02 -33.73 111 0 1 3 579996 23.8001 136022 1.09203 4.23569e+06 579996 ZonesAtSurface
174.768 3875.02 -8.67024 99 84 1 3 1.22895e+06 24.9811 130436 1.96172 2.13869e+06 1.22895e+06 ZonesAtSurface
224.698 3875.02 -33.7062 88 0 1 4 748698 38.3071 81095.2 1.02645 5.22441e+06 748698 ZonesAtSurface
274.621 3875.02 -8.68548 100 0 1 4 882072 15.0456 121449 1.49615 1.69731e+06 882072 ZonesAtSurface
324.568 3875.03 -33.733 67 0 1 5 1.34083e+06 24.2707 64865.6 1.04675 5.83717e+06 1.34083e+06 ZonesAtSurface
374.505 3875.04 -8.74362 70 34 1 5 1.20437e+06 43.3616 135791 1.78687 3.89128e+06 1.20437e+06 ZonesAtSurface
424.455 3875.04 -33.8143 53 0 1 6 1.33718e+06 19.3284 124449 1.03283 5.71996e+06 1.33718e+06 ZonesAtSurface
474.399 3875.06 -8.8282 43 0 1 6 734040 35.5803 52304.8 1.07112 4.01315e+06 734040 ZonesAtSurface
524.391 3875.05 -33.8657 0 0 1 7 1.04592e+06 43.1575 82747.9 2.44272 8.98204e+06 1.04592e+06 ZonesAtSurface
574.352 3875.06 -8.87121 1 0 1 7 744937 42.9087 104202 1.52651 8.6203e+06 744937 ZonesAtSurface
624.322 3875.07 16.1137 7 0 1 7 768211 38.4787 124712 1.13918 8.56823e+06 768211 ZonesAtSurface
674.328 3875.05 -8.90635 2 0 1 8 1.05799e+06 23.7914 81171.7 1.09614 7.30288e+06 1.05799e+06 ZonesAtSurface
724.279 3875.09 66.0791 10 0 1 7 1.46697e+06 26.9366 142450 1.0174 6.45833e+06 1.46697e+06 ZonesAtSurface
774.265 3875.09 91.064 1 1 1 7 1.30948e+06 26.8337 59978.3 1.02649 4.06048e+06 1.30948e+06 ZonesAtSurface
824.271 3875.06 66.0539 3 0 1 8 742554 30.5373 63701.5 1.15179 6.7417e+06 742554 ZonesAtSurface
874.246 3875.08 141.03 1 2 1 7 1.46374e+06 41.7266 67365 1.11122 5.95042e+06 1.46374e+06 ZonesAtSurface
924.23 3875.09 215.997 10 0 2 6 588597 35.3185 82174.6 1.19461 2.53368e+06 588597 ZonesAtSurface
974.228 3875.08 290.97 0 4 2 5 1.13133e+06 20.2831 60935.3 1.21966 2.62464e+06 1.13133e+06 ZonesAtSurface
1024.24 3875.08 315.957 1 6 2 5 1.11515e+06 35.5262 51081.5 1.74163 2.47666e+06 1.11515e+06 ZonesAtSurface
1074.26 3875.07 290.946 0 6 1 6 1.21958e+06 37.0487 59740.6 1.62876 3.76822e+06 1.21958e+06 ZonesAtSurface
1124.27 3875.07 315.933 7 4 1 6 1.13716e+06 33.6623 74480.1 1.62119 3.18968e+06 1.13716e+06 ZonesAtSurface
1174.29 3875.05 290.929 1 3 1 7 1.20494e+06 44.4906 124431 1.22323 4.99212e+06 1.20494e+06 ZonesAtSurface
1224.32 3875.03 265.923 0 0 1 8 825697 43.6543 82697.9 2.15819 4.85822e+06 825697 ZonesAtSurface
1274.34 3875.03 290.909 0 0 1 8 1.10236e+06 30.0198 93552.2 1.28568 4.45325e+06 1.10236e+06 ZonesAtSurface
1324.36 3875.03 315.898 4 0 1 8 757256 41.7259 96879.4 1.01582 4.05584e+06 757256 ZonesAtSurface
1374.39 3875.03 340.891 6 1 2 8 692364 36.7441 81052.3 1.05545 2.40799e+06 692364 ZonesAtSurface
1424.42 3875.03 365.887 0 10 1 8 1.39171e+06 31.2046 104961 1.58889 2.98759e+06 1.39171e+06 ZonesAtSurface
1474.46 3875.02 340.871 0 0 2 9 1.0437e+06 28.6213 85498.6 1.05934 3.2205e+06 1.0437e+06 ZonesAtSurface
1524.49 3875.02 365.862 15 3 1 9 1.46151e+06 20.307 83942.5 1.182 3.50431e+06 1.46151e+06 ZonesAtSurface
1574.53 3875.02 390.852 3 3 2 9 731790 33.4586 68636 1.21811 2.13994e+06 731790 ZonesAtSurface
1624.57 3875.02 365.845 0 0 2 10 1.20878e+06 22.9109 84184.4 1.05601 3.37603e+06 1.20878e+06 ZonesAtSurface
1674.61 3875.02 390.844 0 1 2 10 1.06642e+06 44.8103 98427 1.57981 3.09888e+06 1.06642e+06 ZonesAtSurface
1724.66 3875.01 365.834 9 0 1 11 1.27345e+06 34.1805 99649.9 1.0257 5.80971e+06 1.27345e+06 ZonesAtSurface
1774.69 3875.01 490.824 0 4 2 9 1.41245e+06 35.6366 71587.9 0 3.10685e+06 1.41245e+06 ZonesAtSurface
1824.77 3875 365.835 2 0 1 12 604681 17.557 144576 1.00532 3.93484e+06 604681 ZonesAtSurface
1874.81 3875 390.837 0 0 1 12 1.27565e+06 40.7249 149268 1.44043 6.68787e+06 1.27565e+06 ZonesAtSurface
1924.85 3875 415.843 2 0 1 12 1.27105e+06 36.4713 146626 1.00268 5.93944e+06 1.27105e+06 ZonesAtSurface
1974.9 3875.01 440.849 2 0 2 12 1.27751e+06 17.0266 116201 1.01539 3.32606e+06 1.27751e+06 ZonesAtSurface
2024.95 3875 403.361 0 0 2 12 666967 21.1707 67923 1.00549 3.22575e+06 666967 ZonesAtSurface
2074.99 3875 353.388 7 0 1 11 737421 19.9091 61752.5 1.01155 3.09252e+06 737421 ZonesAtSurface
2125.02 3875 303.414 2 6 2 10 1.28072e+06 38.2953 124422 1.33364 4.06234e+06 1.28072e+06 ZonesAtSurface
2174.98 3874.97 153.398 4 0 1 11 843016 33.5046 64250.5 2.16644 2.00393e+07 843016 ZonesAtSurface
2224.95 3874.46 103.393 9 0 0 0 1.2972e+06 16.0822 87354.1 1.03987 4.07137e+07 1.2972e+06 ZonesAtSurface
2274.97 3874.91 -46.6118 0 0 0 0 830865 39.2352 52191 2.49838 4.39321e+07 830865 ZonesAtSurface
2324.94 3874.44 -96.6274 9 0 0 0 623780 24.362 76583.9 1.2184 6.75866e+07 623780 ZonesAtSurface
2374.97 3874.56 -196.638 9 0 0 0 954491 20.6133 123298 1.17955 7.5837e+07 954491 ZonesAtSurface
2425.07 3874.95 -346.577 0 0 0 0 774468 22.3755 105298 1.43396 1.99991e+07 774468 ZonesAtSurface
2475.05 3873.61 -346.599 10 0 0 0 711971 39.9719 120798 7.00321 1.62338e+07 711971 ZonesAtSurface
2525.07 3874.65 -426.593 9 0 0 0 762783 17.3216 132947 1.08663 2.98536e+07 762783 ZonesAtSurface
2575.09 3874.81 -386.642 5 0 0 0 794372 32.9754 110368 1.92581 4.3798e+07 794372 ZonesAtSurface
2625.1 3874.12 -296.662 2 0 0 0 1.08943e+06 19.9941 144017 1.02217 1.95494e+07 1.08943e+06 ZonesAtSurface
2675.07 3874.9 -306.657 0 0 0 0 1.34737e+06 30.1314 145690 1.96708 2.49644e+07 1.34737e+06 ZonesAtSurface
2725.01 3874.88 -266.662 0 0 0 0 1.17744e+06 25.5103 59339.1 1.88594 2.29603e+07 1.17744e+06 ZonesAtSurface
2774.98 3874.81 -226.692 3 0 0 0 740805 25.0592 132254 1.56495 2.92031e+07 740805 ZonesAtSurface
2824.99 3874.72 -186.723 3 0 0 0 1.20207e+06 36.6471 56019.4 2.10984 4.44852e+07 1.20207e+06 ZonesAtSurface
2875.01 3874.69 -146.736 9 0 0 0 1.41163e+06 18.2179 136453 1.0748 3.86923e+07 1.41163e+06 ZonesAtSurface
2925 3874.69 -106.735 0 0 0 0 582396 42.4939 113716 3.2261 5.09937e+07 582396 ZonesAtSurface
2974.99 3874.68 -66.7374 0 0 0 0 973441 42.4399 104192 2.75783 5.57091e+07 973441 ZonesAtSurface
3024.98 3874.69 -26.7492 9 0 0 0 787712 18.5975 110542 1.05573 3.80151e+07 787712 ZonesAtSurface
3074.99 3874.66 13.2421 6 0 0 0 597011 37.3945 80646.8 1.75324 5.79809e+07 597011 ZonesAtSurface
3125.03 3874.64 53.2379 8 0 0 0 1.24551e+06 35.9423 100550 1.31499 6.79597e+07 1.24551e+06 ZonesAtSurface
3175.05 3874.59 93.2665 8 0 0 0 653190 19.1732 105410 1.20227 2.94578e+07 653190 ZonesAtSurface
3224.96 3874.99 83.3173 2 0 0 0 1.39734e+06 22.5859 119646 1.59347 1.52998e+07 1.39734e+06 ZonesAtSurface
3274.94 3875 123.339 0 0 1 11 1.13836e+06 37.5307 90410.9 6.22688 7.18667e+06 1.13836e+06 ZonesAtSurface
3324.91 3875 213.371 4 0 1 10 617857 39.6688 113762 1.28334 3.90338e+06 617857 ZonesAtSurface
3374.9 3875.02 303.361 10 0 1 9 653312 22.2951 114741 1.04561 2.77366e+06 653312 ZonesAtSurface
3424.91 3875.06 443.312 6 9 2 7 1.02776e+06 41.8636 84022.2 1.9889 2.19301e+06 1.02776e+06 ZonesAtSurface
3474.95 3875.05 433.301 2 0 2 8 636205 22.4394 127330 0.98341 1.83824e+06 636205 ZonesAtSurface
3524.99 3875.05 473.277 0 5 2 8 1.35358e+06 36.0857 118109 1.45579 3.49211e+06 1.35358e+06 ZonesAtSurface
3575.03 3875.05 513.258 1 9 2 8 1.1474e+06 37.8956 118735 1.28009 3.57349e+06 1.1474e+06 ZonesAtSurface
3625.07 3875.04 503.262 9 9 2 9 1.13861e+06 41.275 62205.5 1.37012 3.76246e+06 1.13861e+06 ZonesAtSurface
3675.12 3875.02 493.261 9 5 2 10 1.26352e+06 23.0738 94258.5 1.20391 3.09318e+06 1.26352e+06 ZonesAtSurface
3725.17 3875.01 483.259 1 0 2 11 924465 30.8502 90264 1.00611 3.22593e+06 924465 ZonesAtSurface
3775.23 3875.01 433.274 0 0 1 12 1.1295e+06 17.9893 72359.6 1.00436 4.64037e+06 1.1295e+06 ZonesAtSurface
3825.27 3875.03 543.232 1 6 2 9 1.4894e+06 26.214 76597.8 1.3282 3.63809e+06 1.4894e+06 ZonesAtSurface
3875.34 3875.04 553.208 0 0 2 8 1.22158e+06 28.7251 64143.2 1.04162 3.90054e+06 1.22158e+06 ZonesAtSurface
3925.4 3875.06 563.207 0 6 2 7 808613 34.4402 114670 1.60819 1.79299e+06 808613 ZonesAtSurface
3975.47 3875.06 523.251 0 3 2 7 1.43921e+06 30.2826 85144.4 1.29786 3.85587e+06 1.43921e+06 ZonesAtSurface
4025.52 3875.06 483.288 4 1 2 7 644415 22.938 56220.6 1.09247 1.8055e+06 644415 ZonesAtSurface
4075.56 3875.07 443.329 9 7 1 7 1.06469e+06 20.6737 127822 1.08045 2.78487e+06 1.06469e+06 ZonesAtSurface
4125.6 3875.07 403.371 2 4 2 7 794447 43.6873 87675.8 1.05265 3.21168e+06 794447 ZonesAtSurface
4175.63 3875.08 363.41 2 5 2 7 777482 23.0669 107529 1.05627 2.11497e+06 777482 ZonesAtSurface
4225.66 3875.09 373.428 9 8 2 6 625871 34.7849 124969 1.31493 1.58193e+06 625871 ZonesAtSurface
4275.64 3875.06 233.494 9 0 1 8 1.04173e+06 36.3041 78860.6 1.01848 4.3162e+06 1.04173e+06 ZonesAtSurface
4325.66 3875.08 243.513 7 5 2 7 1.13279e+06 25.3999 117057 1.12153 3.07975e+06 1.13279e+06 ZonesAtSurface
4375.67 3875.07 203.534 0 3 2 7 1.458e+06 15.8977 114019 1.06443 3.55946e+06 1.458e+06 ZonesAtSurface
4425.7 3875.08 213.541 0 10 2 6 1.29235e+06 23.6037 63943.6 1.31308 2.96577e+06 1.29235e+06 ZonesAtSurface
4475.63 3875.05 73.5911 0 0 1 8 525418 44.4755 57020.4 1.18799 8.23707e+06 525418 ZonesAtSurface
4525.64 3875.06 83.602 6 1 2 7 1.18883e+06 38.5357 138911 1.11291 4.14584e+06 1.18883e+06 ZonesAtSurface
4575.52 3875.03 -6.37756 12 0 1 8 675429 28.9543 130855 1.05655 9.89028e+06 675429 ZonesAtSurface
4625.48 3875.03 3.66917 14 0 1 7 784381 40.3063 86237.4 1.0769 6.37906e+06 784381 ZonesAtSurface
4675.43 3875.03 13.7058 60 0 1 6 1.37771e+06 25.0136 105726 1.17137 4.05204e+06 1.37771e+06 ZonesAtSurface
4725.36 3875.02 23.7517 76 0 1 5 1.08804e+06 22.4632 85875.7 1.32122 3.03797e+06 1.08804e+06 ZonesAtSurface
4775.29 3875.02 33.7783 85 6 1 4 881397 26.8584 129975 1.46311 2.39932e+06 881397 ZonesAtSurface
4825.21 3875.02 43.7785 84 8 1 3 1.00684e+06 16.6159 91541.2 1.81971 1.79547e+06 1.00684e+06 ZonesAtSurface
4875.14 3875.01 53.7606 97 14 1 2 789985 28.2276 57591.2 1.5998 1.96346e+06 789985 ZonesAtSurface
4925.06 3875.01 63.7612 114 22 1 1 1.47173e+06 40.4147 135096 1.60512 4.97468e+06 1.47173e+06 ZonesAtSurface
74.9778 3925.02 -7.7308 121 0 1 2 515085 23.0607 58592.1 1.18075 1.95498e+06 515085 ZonesAtSurface
124.852 3925.02 -32.702 104 0 1 3 825072 31.9311 82825.4 1.10448 3.78187e+06 825072 ZonesAtSurface
174.765 3925.02 -7.64178 105 84 1 3 1.15692e+06 25.808 94878.6 2.25075 1.82701e+06 1.15692e+06 ZonesAtSurface
224.693 3925.03 -32.6805 77 22 1 4 1.2149e+06 41.6115 120623 1.1164 4.64799e+06 1.2149e+06 ZonesAtSurface
274.618 3925.03 -7.6615 100 49 1 4 1.02234e+06 17.663 93476.2 1.84138 1.71394e+06 1.02234e+06 ZonesAtSurface
324.56 3925.04 -32.7261 79 0 1 5 1.36607e+06 26.1041 134397 1.11971 4.72792e+06 1.36607e+06 ZonesAtSurface
374.501 3925.05 -7.74493 75 46 1 5 1.4698e+06 18.2715 98829.9 2.65574 1.76418e+06 1.4698e+06 ZonesAtSurface
424.466 3925.05 -32.8032 37 0 1 6 1.26479e+06 36.322 108633 1.02259 6.80217e+06 1.26479e+06 ZonesAtSurface
474.426 3925.07 -7.8078 42 8 1 6 1.08806e+06 27.2071 61085.4 1.3884 2.69513e+06 1.08806e+06 ZonesAtSurface
524.402 3925.07 -32.8505 24 0 1 7 697778 33.8406 121325 1.08189 7.46004e+06 697778 ZonesAtSurface
574.365 3925.08 -7.8578 29 0 1 7 612326 38.705 121002 1.06104 4.47791e+06 612326 ZonesAtSurface
624.365 3925.06 -32.8908 10 0 1 8 1.06702e+06 18.5458 61035 1.05278 6.89007e+06 1.06702e+06 ZonesAtSurface
674.314 3925.12 42.0929 5 4 2 7 1.43061e+06 33.9493 96806.1 1.47493 4.2567e+06 1.43061e+06 ZonesAtSurface
724.342 3925.04 -32.9207 6 0 1 9 1.48445e+06 15.7701 131978 1.07218 7.35704e+06 1.48445e+06 ZonesAtSurface
774.298 3925.11 42.069 10 0 2 8 943712 21.1177 95173.2 1.22434 2.84065e+06 943712 ZonesAtSurface
824.302 3925.06 17.0548 7 0 1 9 828897 23.9765 76364.2 1.10665 6.94973e+06 828897 ZonesAtSurface
874.287 3925.06 42.0415 5 0 1 9 1.20542e+06 29.3589 72870.5 1.12166 6.46225e+06 1.20542e+06 ZonesAtSurface
924.28 3925.06 67.0247 4 0 1 9 1.04005e+06 20.2392 52518.7 1.05412 4.83778e+06 1.04005e+06 ZonesAtSurface
974.251 3925.11 191.986 0 1 2 7 1.34902e+06 21.6167 78468.4 1.62285 2.63597e+06 1.34902e+06 ZonesAtSurface
1024.27 3925.09 166.983 9 0 2 8 1.04359e+06 20.2887 127737 1.1501 2.93996e+06 1.04359e+06 ZonesAtSurface
1074.26 3925.1 291.947 2 10 2 6 738661 39.5063 103222 0 858188 738661 ZonesAtSurface
1124.29 3925.08 216.949 9 0 2 8 906763 27.5464 142058 1.18277 2.97977e+06 906763 ZonesAtSurface
1174.3 3925.07 241.933 7 5 2 8 1.03797e+06 39.6257 57600.3 1.1165 4.08773e+06 1.03797e+06 ZonesAtSurface
1224.32 3925.06 266.919 5 4 2 8 909527 18.7373 71387.1 0.983667 2.53668e+06 909527 ZonesAtSurface
1274.34 3925.06 291.906 1 3 2 8 546806 26.5112 53109.4 1.03134 1.65827e+06 546806 ZonesAtSurface
1324.37 3925.05 316.894 3 6 2 8 1.16346e+06 36.3715 123480 1.37889 3.12823e+06 1.16346e+06 ZonesAtSurface
1374.4 3925.05 341.886 1 5 2 8 1.35441e+06 15.701 94848.9 1.30605 2.68674e+06 1.35441e+06 ZonesAtSurface
1424.43 3925.03 316.884 9 0 1 9 1.27829e+06 24.4825 109827 1.09028 3.80576e+06 1.27829e+06 ZonesAtSurface
1474.47 3925.02 291.867 0 0 1 10 1.11925e+06 39.4282 73943.3 1.51361 5.49628e+06 1.11925e+06 ZonesAtSurface
1524.49 3925.04 366.857 0 3 2 9 1.17557e+06 26.508 67189.2 1.24373 2.98028e+06 1.17557e+06 ZonesAtSurface
1574.53 3925.05 391.845 6 6 2 9 709717 15.4905 123731 1.04635 1.70884e+06 709717 ZonesAtSurface
1624.58 3925.02 316.843 4 0 1 11 541076 34.8322 124452 1.02722 5.28979e+06 541076 ZonesAtSurface
1674.62 3925.02 341.839 2 0 2 11 901585 42.6971 116448 1.08634 5.41378e+06 901585 ZonesAtSurface
1724.65 3925.04 416.839 5 5 2 10 664886 26.4752 119444 0 1.45236e+06 664886 ZonesAtSurface
1774.69 3925.03 441.829 10 6 2 10 1.22585e+06 15.2632 74173.6 1.81927 1.78507e+06 1.22585e+06 ZonesAtSurface
1824.74 3925.02 466.834 9 10 2 10 542349 40.6256 77867.6 2.14174 993785 542349 ZonesAtSurface
1874.8 3925.01 441.844 0 3 2 11 1.2701e+06 43.5467 117128 1.89119 2.92423e+06 1.2701e+06 ZonesAtSurface
1924.84 3925.01 466.851 3 10 2 11 1.43792e+06 23.0379 92981.5 2.05565 2.13442e+06 1.43792e+06 ZonesAtSurface
1974.9 3925.01 441.848 2 1 2 12 1.06258e+06 18.0498 78337.7 1.0337 2.79803e+06 1.06258e+06 ZonesAtSurface
2024.95 3925.02 504.355 5 8 1 10 1.09088e+06 25.271 140825 1.5405 2.1465e+06 1.09088e+06 ZonesAtSurface
2075 3925.02 354.388 6 3 2 11 1.24402e+06 16.9516 84760.4 1.1569 2.98284e+06 1.24402e+06 ZonesAtSurface
2125.04 3925.02 304.419 4 9 2 10 909793 30.2663 102745 1.7125 2.03289e+06 909793 ZonesAtSurface
2175 3925 154.406 5 0 1 11 849251 20.0345 88493.1 2.278 7.41772e+06 849251 ZonesAtSurface
2224.99 3924.87 54.3996 8 0 0 0 1.24262e+06 27.6092 86734.9 2.09007 3.52273e+07 1.24262e+06 ZonesAtSurface
2275 3924.78 -45.6021 6 0 0 0 1.49525e+06 43.0651 91048.3 2.68371 8.10495e+07 1.49525e+06 ZonesAtSurface
2325 3924.79 -145.604 5 0 0 0 556141 33.933 145494 2.08502 6.99217e+07 556141 ZonesAtSurface
2375.02 3924.8 -245.6 2 0 0 0 752271 33.0037 97654.2 1.95012 7.01167e+07 752271 ZonesAtSurface
2425.07 3924.89 -345.575 5 0 0 0 1.3822e+06 39.4682 117094 5.69053 2.56999e+07 1.3822e+06 ZonesAtSurface
2475.09 3924.99 -445.544 0 0 0 0 1.48844e+06 41.8274 56489.7 7.79976 1.04787e+07 1.48844e+06 ZonesAtSurface
2525.06 3924.55 -425.569 10 0 0 0 577182 37.1064 93159.7 1.0155 4.59831e+07 577182 ZonesAtSurface
2575.05 3925.01 -435.562 0 0 0 0 1.35878e+06 40.9243 73781.7 9.63455 9.62044e+06 1.35878e+06 ZonesAtSurface
2625.06 3924.8 -345.613 8 0 0 0 1.27107e+06 24.3551 143516 1.69718 4.33352e+07 1.27107e+06 ZonesAtSurface
2675 3924.03 -255.575 2 0 0 0 525464 24.6863 140758 1.12109 3.55518e+07 525464 ZonesAtSurface
2724.97 3924.81 -265.613 8 0 0 0 1.44715e+06 28.8784 52397.9 1.93644 4.34122e+07 1.44715e+06 ZonesAtSurface
2774.93 3924.68 -225.638 5 0 0 0 506938 26.0924 84492.4 1.47817 4.77393e+07 506938 ZonesAtSurface
2824.93 3924.55 -185.658 8 0 0 0 804835 15.2753 132753 1.03072 3.6072e+07 804835 ZonesAtSurface
2874.95 3924.52 -145.668 3 0 0 0 1.12348e+06 31.5757 146085 1.28441 6.21193e+07 1.12348e+06 ZonesAtSurface
2924.96 3924.51 -105.672 1 0 0 0 551203 32.3802 108102 1.31897 6.30492e+07 551203 ZonesAtSurface
2974.91 3922.51 34.391 2 0 0 0 1.1233e+06 30.766 84825.8 1.19838 5.21958e+07 1.1233e+06 ZonesAtSurface
3024.95 3924.49 -25.6948 5 0 0 0 922626 22.4527 69447.4 1.02093 5.68193e+07 922626 ZonesAtSurface
3074.97 3924.44 14.3086 6 0 0 0 624436 16.2757 139051 1.06871 3.68266e+07 624436 ZonesAtSurface
3124.96 3924.92 4.3115 8 0 0 0 1.31292e+06 28.6447 62837.5 2.4942 2.65452e+07 1.31292e+06 ZonesAtSurface
3174.94 3925.01 44.3298 8 0 0 0 850840 19.6207 51697.6 1.49863 1.46953e+07 850840 ZonesAtSurface
3224.96 3924.46 134.346 9 0 0 0 1.18465e+06 26.3946 119011 1.01204 2.15543e+07 1.18465e+06 ZonesAtSurface
3274.92 3925.01 124.351 0 0 1 11 1.01871e+06 42.7502 72313.2 10 4.09265e+06 1.01871e+06 ZonesAtSurface
3324.9 3925.01 214.381 9 2 1 10 616587 18.0065 79983.8 1.04194 1.64436e+06 616587 ZonesAtSurface
3374.91 3925.03 254.377 8 0 1 10 1.31799e+06 32.345 75045.1 1.49325 4.79459e+06 1.31799e+06 ZonesAtSurface
3424.94 3925.02 244.351 0 0 1 11 1.27528e+06 26.6761 57464.1 1.69647 4.78872e+06 1.27528e+06 ZonesAtSurface
3474.95 3925.08 384.31 5 1 2 9 581576 23.5977 141232 0 1.62674e+06 581576 ZonesAtSurface
3524.99 3925.07 424.286 7 0 2 9 634095 17.4466 91709.5 0 1.6556e+06 634095 ZonesAtSurface
3575.03 3925.05 414.287 8 3 1 10 1.18521e+06 35.2681 72079.8 1.28426 3.52094e+06 1.18521e+06 ZonesAtSurface
3625.07 3925.07 504.259 10 6 2 9 561547 30.9031 129080 1.12349 1.52663e+06 561547 ZonesAtSurface
3675.12 3925.02 444.271 9 0 2 11 1.129e+06 15.94 61740 1.08909 3.71482e+06 1.129e+06 ZonesAtSurface
3725.17 3925.02 484.265 10 5 2 11 965028 26.7038 61472.9 1.11179 2.81597e+06 965028 ZonesAtSurface
3775.23 3925.01 434.276 1 0 1 12 763328 43.6825 56790.5 1.00933 4.69823e+06 763328 ZonesAtSurface
3825.27 3925.06 544.225 7 6 2 9 799582 16.0803 75158.5 1.12879 1.88084e+06 799582 ZonesAtSurface
3875.34 3925.06 504.255 10 7 1 9 617463 28.3874 106795 1.13386 1.89898e+06 617463 ZonesAtSurface
3925.4 3925.04 414.32 1 3 1 10 1.17435e+06 16.7369 121353 1.04182 2.958e+06 1.17435e+06 ZonesAtSurface
3975.46 3925.07 424.309 8 7 1 9 1.0622e+06 30.4121 97453.2 1.29669 3.08715e+06 1.0622e+06 ZonesAtSurface
4025.51 3925.09 434.314 6 0 2 8 511725 35.2046 121738 1.71141 1.59614e+06 511725 ZonesAtSurface
4075.55 3925.09 394.353 10 10 2 8 749401 25.3475 106610 1.27357 1.94135e+06 749401 ZonesAtSurface
4125.57 3925.08 304.416 10 8 1 9 1.32037e+06 28.9765 80673.5 1.17854 3.97434e+06 1.32037e+06 ZonesAtSurface
4175.58 3925.06 214.457 1 0 2 10 1.04936e+06 34.1402 88948.3 1.01238 3.81409e+06 1.04936e+06 ZonesAtSurface
4225.6 3925.08 224.475 5 5 2 9 908403 27.0644 78855.9 1.10392 2.70887e+06 908403 ZonesAtSurface
4275.61 3925.08 184.501 3 0 2 9 530892 41.6852 88083.6 1.05699 2.21697e+06 530892 ZonesAtSurface
4325.62 3925.07 144.524 10 5 1 9 1.22127e+06 41.1884 62516.9 1.03923 4.97723e+06 1.22127e+06 ZonesAtSurface
4375.62 3925.07 104.544 2 2 2 9 1.11124e+06 23.351 98703.9 1.03788 3.21087e+06 1.11124e+06 ZonesAtSurface
4425.6 3925.06 64.5665 8 0 1 9 816144 20.5972 52721.2 1.05699 3.52518e+06 816144 ZonesAtSurface
4475.57 3925.05 24.5931 1 0 1 9 1.37018e+06 15.2832 63510.7 1.09144 4.69043e+06 1.37018e+06 ZonesAtSurface
4525.53 3925.04 -15.3935 12 0 1 9 901634 28.8473 143955 1.05466 9.27896e+06 901634 ZonesAtSurface
4575.51 3925.04 -5.35292 33 0 1 8 1.33656e+06 22.5986 58324.4 1.10501 6.19167e+06 1.33656e+06 ZonesAtSurface
4625.47 3925.04 4.68694 21 0 1 7 787985 29.8928 57590.3 1.0832 2.55818e+06 787985 ZonesAtSurface
4675.43 3925.04 14.7122 59 6 1 6 1.35107e+06 33.1319 124591 1.35919 4.34957e+06 1.35107e+06 ZonesAtSurface
4725.36 3925.03 24.778 69 0 1 5 898246 39.7273 59371.3 1.69265 3.83288e+06 898246 ZonesAtSurface
4775.29 3925.03 34.7936 86 15 1 4 1.13038e+06 17.2294 51677.9 1.2069 2.76203e+06 1.13038e+06 ZonesAtSurface
4825.21 3925.02 44.7971 71 24 1 3 944785 31.174 142330 1.33593 2.67014e+06 944785 ZonesAtSurface
4875.15 3925.02 54.7734 97 35 1 2 992789 43.3051 126716 1.86509 3.20581e+06 992789 ZonesAtSurface
4925.06 3925.02 64.7818 118 0 1 1 880086 20.7967 140848 1.21959 2.48988e+06 880086 ZonesAtSurface
75.001 3975.01 -6.69257 120 1 1 2 100000 15 10000 1.06156 718296 100000 ZonesAtSurface
124.855 3975.02 -31.6469 111 0 1 3 100000 15 10000 1.30488 812821 100000 ZonesAtSurface
174.767 3975.02 -6.59048 111 0 1 3 100000 15 10000 1.79117 336258 100000 ZonesAtSurface
224.681 3975.02 -31.6357 100 0 1 4 100000 15 10000 1.04594 881810 100000 ZonesAtSurface
274.621 3975.02 -6.61346 100 0 1 4 100000 15 10000 1.14191 514633 100000 ZonesAtSurface
324.552 3975.02 -31.6753 89 0 1 5 100000 15 10000 1.07823 992702 100000 ZonesAtSurface
374.509 3975.03 -6.67183 89 0 1 5 100000 15 10000 1.2901 495348 100000 ZonesAtSurface
424.46 3975.04 -31.7336 76 0 1 6 100000 15 10000 1.04365 924503 100000 ZonesAtSurface
474.446 3975.04 -6.71204 75 3 1 6 100000 15 10000 1.31815 574108 100000 ZonesAtSurface
524.397 3975.04 -31.7735 65 0 1 7 100000 15 10000 0.998279 903299 100000 ZonesAtSurface
574.377 3975.05 -6.75764 65 0 1 7 100000 15 10000 0 245713 100000 ZonesAtSurface
624.364 3975.04 -31.8379 49 0 1 8 100000 15 10000 1.07191 1.71513e+06 100000 ZonesAtSurface
674.358 3975.05 -6.82511 48 0 1 8 100000 15 10000 0 345131 100000 ZonesAtSurface
724.344 3975.03 -31.8879 33 0 1 9 100000 15 10000 1.09451 2.94062e+06 100000 ZonesAtSurface
774.326 3975.03 -6.885 32 0 1 9 100000 15 10000 1.08483 1.68811e+06 100000 ZonesAtSurface
824.328 3975.02 -31.9465 16 0 1 10 100000 15 10000 1.0718 5.05838e+06 100000 ZonesAtSurface
874.311 3975.02 -6.95412 17 0 1 10 100000 15 10000 1.08748 3.75221e+06 100000 ZonesAtSurface
924.325 3975.01 -31.9939 0 0 1 11 100000 15 10000 1.17745 5.43505e+06 100000 ZonesAtSurface
974.318 3975.01 -7.00434 2 0 1 11 100000 15 10000 1.00849 5.27557e+06 100000 ZonesAtSurface
1024.32 3975.01 17.9834 2 0 1 11 100000 15 10000 1.01493 4.98509e+06 100000 ZonesAtSurface
1074.32 3975.01 42.9704 1 0 1 11 100000 15 10000 1.07318 4.8231e+06 100000 ZonesAtSurface
1124.33 3975.01 67.9561 1 0 1 11 100000 15 10000 1.01683 4.94138e+06 100000 ZonesAtSurface
1174.34 3975.01 92.94 3 0 1 11 100000 15 10000 1.00356 4.88142e+06 100000 ZonesAtSurface
1224.36 3975.01 117.924 4 0 1 11 100000 15 10000 1.00064 4.79673e+06 100000 ZonesAtSurface
1274.38 3975 142.908 2 0 1 11 100000 15 10000 1.00128 4.80279e+06 100000 ZonesAtSurface
1324.4 3975 167.894 1 0 1 11 100000 15 10000 1.00064 4.69069e+06 100000 ZonesAtSurface
1374.43 3975 192.881 2 0 1 11 100000 15 10000 1.00117 4.47897e+06 100000 ZonesAtSurface
1424.45 3975 217.87 2 0 1 11 100000 15 10000 1.00318 4.12503e+06 100000 ZonesAtSurface
1474.48 3975.01 242.862 5 0 1 11 100000 15 10000 1.00849 3.74702e+06 100000 ZonesAtSurface
1524.53 3975 217.851 1 0 1 12 100000 15 10000 1.01969 4.90093e+06 100000 ZonesAtSurface
1574.56 3975 242.844 4 0 1 12 100000 15 10000 1.00714 4.42807e+06 100000 ZonesAtSurface
1624.6 3975 267.839 10 0 1 12 100000 15 10000 1.0097 4.00096e+06 100000 ZonesAtSurface
1674.65 3975 242.834 0 0 1 13 100000 15 10000 1.00979 5.10258e+06 100000 ZonesAtSurface
1724.69 3975 267.83 0 0 1 13 100000 15 10000 1.00146 4.81859e+06 100000 ZonesAtSurface
1774.74 3975 292.828 0 0 1 13 100000 15 10000 1.00038 4.47714e+06 100000 ZonesAtSurface
1824.78 3975 317.829 0 0 1 13 100000 15 10000 1.00079 4.23253e+06 100000 ZonesAtSurface
1874.83 3975 342.831 1 0 1 13 100000 15 10000 1.00076 4.03228e+06 100000 ZonesAtSurface
1924.87 3975 367.836 1 0 1 13 100000 15 10000 1.00245 3.84679e+06 100000 ZonesAtSurface
1974.92 3975.01 392.843 1 0 1 13 100000 15 10000 1.00367 3.1351e+06 100000 ZonesAtSurface
2024.97 3975.01 355.359 1 0 1 13 100000 15 10000 1.00539 3.79693e+06 100000 ZonesAtSurface
2075.01 3975.01 255.384 1 0 1 13 100000 15 10000 1.07732 5.34081e+06 100000 ZonesAtSurface
2125.05 3975.02 205.409 5 0 1 12 100000 15 10000 1.10854 5.31108e+06 100000 ZonesAtSurface
2175.08 3975.03 105.425 0 0 1 12 100000 15 10000 1.913 5.90521e+06 100000 ZonesAtSurface
2225.09 3974.8 55.4367 8 0 0 0 100000 15 10000 1.38846 6.99417e+06 100000 ZonesAtSurface
2275.12 3975.02 -94.5509 1 0 0 0 100000 15 10000 1.88905 7.21152e+06 100000 ZonesAtSurface
2325.13 3975.02 -194.544 2 0 0 0 100000 15 10000 1.7586 8.67384e+06 100000 ZonesAtSurface
2375.12 3975.01 -294.538 1 0 0 0 100000 15 10000 1.90304 8.6534e+06 100000 ZonesAtSurface
2425.11 3974.8 -344.541 9 0 0 0 100000 15 10000 1.90892 1.09732e+07 100000 ZonesAtSurface
2475.1 3975.01 -444.533 0 0 0 0 100000 15 10000 1.67411 8.66688e+06 100000 ZonesAtSurface
2525.07 3975.01 -474.526 0 0 0 0 100000 15 10000 2.10696 6.93086e+06 100000 ZonesAtSurface
2575.04 3975.02 -434.53 0 0 0 0 100000 15 10000 2.70189 5.46824e+06 100000 ZonesAtSurface
2625.01 3975.03 -394.534 0 0 0 0 100000 15 10000 2.26272 6.44403e+06 100000 ZonesAtSurface
2674.99 3975.03 -354.532 0 0 0 0 100000 15 10000 1.96478 7.44031e+06 100000 ZonesAtSurface
2724.95 3975.04 -314.537 0 0 0 0 100000 15 10000 1.98931 7.1374e+06 100000 ZonesAtSurface
2774.92 3974.94 -274.547 9 0 0 0 100000 15 10000 3.96104 6.03155e+06 100000 ZonesAtSurface
2824.89 3975.03 -284.534 0 0 0 0 100000 15 10000 1.59499 8.00476e+06 100000 ZonesAtSurface
2874.88 3975.03 -244.545 1 0 0 0 100000 15 10000 1.49276 9.29899e+06 100000 ZonesAtSurface
2924.86 3975.03 -204.555 2 0 0 0 100000 15 10000 1.379 1.01175e+07 100000 ZonesAtSurface
2974.86 3975.03 -164.566 3 0 0 0 100000 15 10000 1.32631 1.02218e+07 100000 ZonesAtSurface
3024.85 3975.03 -124.577 4 0 0 0 100000 15 10000 1.29775 1.03254e+07 100000 ZonesAtSurface
3074.85 3975.03 -84.5887 4 0 0 0 100000 15 10000 1.2896 1.00641e+07 100000 ZonesAtSurface
3124.88 3974.9 5.39298 8 0 0 0 100000 15 10000 1.79747 8.63754e+06 100000 ZonesAtSurface
3174.87 3975.03 45.389 8 0 0 0 100000 15 10000 1.88094 5.22065e+06 100000 ZonesAtSurface
3224.87 3975.03 85.3796 0 0 0 0 100000 15 10000 2.29973 3.68043e+06 100000 ZonesAtSurface
3274.88 3975.02 125.369 0 0 1 11 100000 15 10000 2.80349 2.70728e+06 100000 ZonesAtSurface
3324.9 3975.02 165.366 0 0 1 11 100000 15 10000 1.60182 3.39737e+06 100000 ZonesAtSurface
3374.91 3975.02 205.366 6 0 1 11 100000 15 10000 1.03111 3.30077e+06 100000 ZonesAtSurface
3424.94 3975.01 195.343 0 0 1 12 100000 15 10000 1.35451 4.14671e+06 100000 ZonesAtSurface
3474.96 3975.01 235.336 7 0 1 12 100000 15 10000 1.02367 4.16673e+06 100000 ZonesAtSurface
3525 3975.01 225.318 1 0 1 13 100000 15 10000 1.01083 5.52482e+06 100000 ZonesAtSurface
3575.04 3975 265.306 1 0 1 13 100000 15 10000 1.00105 4.9907e+06 100000 ZonesAtSurface
3625.08 3975 305.294 1 0 1 13 100000 15 10000 1.00157 4.63926e+06 100000 ZonesAtSurface
3675.13 3975 345.284 1 0 1 13 100000 15 10000 1.00128 4.31363e+06 100000 ZonesAtSurface
3725.18 3975 385.274 1 0 1 13 100000 15 10000 1.00238 3.86754e+06 100000 ZonesAtSurface
3775.23 3975 385.281 1 0 1 13 100000 15 10000 1.00339 3.581e+06 100000 ZonesAtSurface
3825.29 3975 345.305 1 0 1 13 100000 15 10000 1.00562 4.36305e+06 100000 ZonesAtSurface
3875.34 3975 305.329 1 0 1 13 100000 15 10000 1.00257 4.48155e+06 100000 ZonesAtSurface
3925.38 3975 265.353 1 0 1 13 100000 15 10000 1.00341 4.7963e+06 100000 ZonesAtSurface
3975.42 3975 225.378 1 0 1 13 100000 15 10000 1.0048 4.94057e+06 100000 ZonesAtSurface
4025.45 3975 185.4 1 0 1 13 100000 15 10000 1.0013 5.10388e+06 100000 ZonesAtSurface
4075.48 3975 145.421 1 0 1 13 100000 15 10000 1.00075 5.38011e+06 100000 ZonesAtSurface
4125.5 3975.01 105.442 1 0 1 13 100000 15 10000 1.00226 5.70868e+06 100000 ZonesAtSurface
4175.52 3975.01 65.4601 0 0 1 13 100000 15 10000 1.20154 5.47808e+06 100000 ZonesAtSurface
4225.55 3975.01 75.4884 6 0 1 12 100000 15 10000 1.04186 4.65995e+06 100000 ZonesAtSurface
4275.55 3975.01 35.4983 1 0 1 12 100000 15 10000 1.06515 5.13485e+06 100000 ZonesAtSurface
4325.54 3975.01 -4.49116 0 0 1 12 100000 15 10000 1.13305 5.68175e+06 100000 ZonesAtSurface
4375.56 3975.01 5.53909 10 0 1 11 100000 15 10000 0.979197 4.36035e+06 100000 ZonesAtSurface
4425.54 3975.01 -34.4543 7 0 1 11 100000 15 10000 1.03638 6.60793e+06 100000 ZonesAtSurface
4475.53 3975.02 -24.4155 20 0 1 10 100000 15 10000 1.0972 4.72455e+06 100000 ZonesAtSurface
4525.51 3975.02 -14.3664 33 0 1 9 100000 15 10000 1.08903 2.74716e+06 100000 ZonesAtSurface
4575.49 3975.02 -4.311 47 0 1 8 100000 15 10000 0.857396 704340 100000 ZonesAtSurface
4625.46 3975.02 5.73298 59 0 1 7 100000 15 10000 0.964675 585246 100000 ZonesAtSurface
4675.44 3975.03 15.7686 73 0 1 6 100000 15 10000 1.16028 561559 100000 ZonesAtSurface
4725.37 3975.02 25.8418 86 0 1 5 100000 15 10000 1.21749 670147 100000 ZonesAtSurface
4775.3 3975.02 35.8576 98 0 1 4 100000 15 10000 1.21188 464316 100000 ZonesAtSurface
4825.22 3975.02 45.8614 109 0 1 3 100000 15 10000 1.14812 465723 100000 ZonesAtSurface
4875.15 3975.01 55.851 119 4 1 2 100000 15 10000 1.24204 442847 100000 ZonesAtSurface
4925.06 3975.02 65.8365 132 0 1 1 100000 15 10000 1.17709 633981 100000 ZonesAtSurface
74.9952 4025 -5.70952 121 0 1 2 100000 15 10000 1.09233 688061 100000 ZonesAtSurface
124.853 4025 -30.662 111 0 1 3 100000 15 10000 1.08156 952112 100000 ZonesAtSurface
174.762 4025 -5.60959 111 0 1 3 100000 15 10000 1.79666 297052 100000 ZonesAtSurface
224.684 4025 -30.6491 100 0 1 4 100000 15 10000 1.12466 819032 100000 ZonesAtSurface
274.63 4025 -5.62409 100 0 1 4 100000 15 10000 1.23491 420150 100000 ZonesAtSurface
324.564 4024.99 -30.6731 89 0 1 5 100000 15 10000 1.09946 988651 100000 ZonesAtSurface
374.518 4024.99 -5.66133 89 0 1 5 100000 15 10000 1.22225 464453 100000 ZonesAtSurface
424.463 4024.98 -30.7269 77 0 1 6 100000 15 10000 1.03759 1.08263e+06 100000 ZonesAtSurface
474.443 4024.97 -5.71331 75 0 1 6 100000 15 10000 1.10678 681679 100000 ZonesAtSurface
524.403 4024.98 -30.774 65 0 1 7 100000 15 10000 0.962765 771936 100000 ZonesAtSurface
574.386 4024.96 -5.75883 64 0 1 7 100000 15 10000 1.19281 429544 100000 ZonesAtSurface
624.37 4024.98 -30.8386 48 0 1 8 100000 15 10000 1.01311 1.05618e+06 100000 ZonesAtSurface
674.362 4024.97 -5.82399 48 4 1 8 100000 15 10000 0.572324 460922 100000 ZonesAtSurface
724.348 4024.99 -30.8931 32 0 1 9 100000 15 10000 1.12133 2.82758e+06 100000 ZonesAtSurface
774.33 4024.98 -5.88941 32 0 1 9 100000 15 10000 1.07189 1.55969e+06 100000 ZonesAtSurface
824.332 4025 -30.9501 16 0 1 10 100000 15 10000 1.04937 5.14351e+06 100000 ZonesAtSurface
874.315 4025 -5.95816 17 0 1 10 100000 15 10000 1.09014 3.83409e+06 100000 ZonesAtSurface
924.328 4025.01 -30.9976 0 0 1 11 100000 15 10000 1.20447 5.4591e+06 100000 ZonesAtSurface
974.321 4025 -6.00836 2 0 1 11 100000 15 10000 1.01114 5.34763e+06 100000 ZonesAtSurface
1024.32 4025 18.9792 3 0 1 11 100000 15 10000 1.02368 5.00664e+06 100000 ZonesAtSurface
1074.33 4025 43.9658 0 0 1 11 100000 15 10000 1.06947 4.99925e+06 100000 ZonesAtSurface
1124.33 4025 68.951 2 0 1 11 100000 15 10000 1.02396 5.15895e+06 100000 ZonesAtSurface
1174.35 4025 93.9345 4 0 1 11 100000 15 10000 1.00879 4.99334e+06 100000 ZonesAtSurface
1224.36 4025 118.918 4 0 1 11 100000 15 10000 1.0087 5.03579e+06 100000 ZonesAtSurface
1274.38 4025 143.902 4 0 1 11 100000 15 10000 1.0073 5.06801e+06 100000 ZonesAtSurface
1324.4 4025 168.887 3 0 1 11 100000 15 10000 1.00367 4.95034e+06 100000 ZonesAtSurface
1374.43 4025 193.873 3 0 1 11 100000 15 10000 1.00438 4.7767e+06 100000 ZonesAtSurface
1424.46 4025 218.862 5 0 1 11 100000 15 10000 1.00524 4.59801e+06 100000 ZonesAtSurface
1474.49 4025 243.852 8 0 1 11 100000 15 10000 1.01111 4.27355e+06 100000 ZonesAtSurface
1524.53 4025 218.842 0 0 1 12 100000 15 10000 1.0052 5.16581e+06 100000 ZonesAtSurface
1574.56 4025 243.834 6 0 1 12 100000 15 10000 1.00678 4.87084e+06 100000 ZonesAtSurface
1624.6 4025 268.828 8 0 1 12 100000 15 10000 1.01324 4.2399e+06 100000 ZonesAtSurface
1674.65 4025 243.824 1 0 1 13 100000 15 10000 1.00572 5.33241e+06 100000 ZonesAtSurface
1724.68 4025 318.82 10 0 1 12 100000 15 10000 1.01276 3.1057e+06 100000 ZonesAtSurface
1774.74 4025 293.817 1 0 1 13 100000 15 10000 1.00102 4.67848e+06 100000 ZonesAtSurface
1824.78 4025 318.818 1 0 1 13 100000 15 10000 1.00206 4.35762e+06 100000 ZonesAtSurface
1874.83 4025 343.821 1 0 1 13 100000 15 10000 1.00189 4.04004e+06 100000 ZonesAtSurface
1924.87 4025 368.827 1 0 1 13 100000 15 10000 1.00173 3.86114e+06 100000 ZonesAtSurface
1974.92 4025 393.836 1 0 1 13 100000 15 10000 1.00285 3.2971e+06 100000 ZonesAtSurface
2024.97 4025.01 356.355 1 0 1 13 100000 15 10000 0.988593 3.81339e+06 100000 ZonesAtSurface
2075.02 4025.01 256.383 1 0 1 13 100000 15 10000 1.01172 5.21011e+06 100000 ZonesAtSurface
2125.07 4025.01 156.41 0 0 1 13 100000 15 10000 1.45606 4.93458e+06 100000 ZonesAtSurface
2175.11 4025.02 106.434 5 0 1 12 100000 15 10000 1.05242 5.43808e+06 100000 ZonesAtSurface
2225.14 4025.02 6.45256 3 0 0 0 100000 15 10000 1.07689 5.22009e+06 100000 ZonesAtSurface
2275.17 4025.02 -93.5314 4 0 0 0 100000 15 10000 1.05401 4.79688e+06 100000 ZonesAtSurface
2325.18 4024.63 -143.517 5 5 0 0 100000 15 10000 0 38857.8 100000 ZonesAtSurface
2375.17 4025.02 -293.516 0 0 0 0 100000 15 10000 2.72374 3.42356e+06 100000 ZonesAtSurface
2425.15 4024.76 -343.512 10 0 0 0 100000 15 10000 1.89856 5.3405e+06 100000 ZonesAtSurface
2475.12 4025.02 -443.513 4 0 0 0 100000 15 10000 2.21367 5.45531e+06 100000 ZonesAtSurface
2525.08 4025.02 -473.511 0 0 0 0 100000 15 10000 1.70651 8.19719e+06 100000 ZonesAtSurface
2575.03 4025.02 -433.505 0 0 0 0 100000 15 10000 1.64666 6.90815e+06 100000 ZonesAtSurface
2625 4025.03 -393.5 0 0 0 0 100000 15 10000 1.63356 6.58676e+06 100000 ZonesAtSurface
2674.96 4025.03 -353.498 0 0 0 0 100000 15 10000 1.62184 6.41475e+06 100000 ZonesAtSurface
2724.93 4025.04 -313.495 0 0 0 0 100000 15 10000 1.99287 5.57049e+06 100000 ZonesAtSurface
2774.9 4024.96 -273.492 9 5 0 0 100000 15 10000 1.83174 991397 100000 ZonesAtSurface
2824.87 4025.03 -283.506 0 0 0 0 100000 15 10000 2.08441 5.63199e+06 100000 ZonesAtSurface
2874.85 4025.03 -243.511 0 0 0 0 100000 15 10000 1.88141 5.80745e+06 100000 ZonesAtSurface
2924.83 4025.03 -203.518 0 0 0 0 100000 15 10000 1.66028 6.19555e+06 100000 ZonesAtSurface
2974.82 4025.03 -163.526 0 0 0 0 100000 15 10000 1.54779 6.37198e+06 100000 ZonesAtSurface
3024.82 4025.03 -123.536 0 0 0 0 100000 15 10000 1.48034 6.40585e+06 100000 ZonesAtSurface
3074.82 4025.03 -83.5482 1 0 0 0 100000 15 10000 1.50229 6.26291e+06 100000 ZonesAtSurface
3124.82 4025.03 -43.5636 1 0 0 0 100000 15 10000 1.46475 6.1988e+06 100000 ZonesAtSurface
3174.82 4025.03 46.4214 5 0 0 0 100000 15 10000 1.32975 5.1164e+06 100000 ZonesAtSurface
3224.84 4025.02 86.4013 0 0 0 0 100000 15 10000 1.67636 3.91153e+06 100000 ZonesAtSurface
3274.86 4025.02 126.384 0 0 1 11 100000 15 10000 1.71355 3.60753e+06 100000 ZonesAtSurface
3324.88 4025.02 166.373 2 0 1 11 100000 15 10000 1.09701 4.31045e+06 100000 ZonesAtSurface
3374.9 4025.01 206.366 9 0 1 11 100000 15 10000 1.05695 3.99814e+06 100000 ZonesAtSurface
3424.93 4025.01 196.342 1 0 1 12 100000 15 10000 1.15268 4.72508e+06 100000 ZonesAtSurface
3474.96 4025 236.332 10 0 1 12 100000 15 10000 1.03037 4.17752e+06 100000 ZonesAtSurface
3525 4025.01 226.313 1 0 1 13 100000 15 10000 1.00578 5.61374e+06 100000 ZonesAtSurface
3575.03 4025 266.3 1 0 1 13 100000 15 10000 1.00137 5.14068e+06 100000 ZonesAtSurface
3625.08 4025 306.286 1 0 1 13 100000 15 10000 1.00059 4.75115e+06 100000 ZonesAtSurface
3675.12 4025 346.276 1 0 1 13 100000 15 10000 1.00094 4.46777e+06 100000 ZonesAtSurface
3725.17 4025 386.267 1 0 1 13 100000 15 10000 1.00182 3.66523e+06 100000 ZonesAtSurface
3775.23 4025 386.273 1 0 1 13 100000 15 10000 1.00639 3.85958e+06 100000 ZonesAtSurface
3825.29 4025 346.295 1 0 1 13 100000 15 10000 1.00253 4.33492e+06 100000 ZonesAtSurface
3875.34 4025 306.32 0 0 1 13 100000 15 10000 1.00224 4.7173e+06 100000 ZonesAtSurface
3925.38 4025 266.345 1 0 1 13 100000 15 10000 1.00257 4.88965e+06 100000 ZonesAtSurface
3975.42 4025 226.369 1 0 1 13 100000 15 10000 1.00256 5.12168e+06 100000 ZonesAtSurface
4025.45 4025 186.392 1 0 1 13 100000 15 10000 1.00179 5.28718e+06 100000 ZonesAtSurface
4075.48 4025 146.414 1 0 1 13 100000 15 10000 1.00146 5.52581e+06 100000 ZonesAtSurface
4125.5 4025 106.435 1 0 1 13 100000 15 10000 1.00264 5.81833e+06 100000 ZonesAtSurface
4175.51 4025 66.4544 0 0 1 13 100000 15 10000 1.19369 5.54714e+06 100000 ZonesAtSurface
4225.54 4025 76.4828 6 0 1 12 100000 15 10000 1.04045 4.81998e+06 100000 ZonesAtSurface
4275.55 4025 36.4936 2 0 1 12 100000 15 10000 1.04892 5.40444e+06 100000 ZonesAtSurface
4325.54 4025.01 -3.49523 0 0 1 12 100000 15 10000 1.16124 5.66784e+06 100000 ZonesAtSurface
4375.56 4025 6.5343 10 0 1 11 100000 15 10000 0.992869 4.41095e+06 100000 ZonesAtSurface
4425.53 4025.01 -33.4585 7 0 1 11 100000 15 10000 1.03847 6.69559e+06 100000 ZonesAtSurface
4475.52 4025 -23.421 19 0 1 10 100000 15 10000 1.10249 4.77399e+06 100000 ZonesAtSurface
4525.51 4024.99 -13.3744 32 0 1 9 100000 15 10000 1.11477 2.64024e+06 100000 ZonesAtSurface
4575.49 4024.98 -3.32884 46 0 1 8 100000 15 10000 1.0473 955272 100000 ZonesAtSurface
4625.47 4024.98 6.71486 59 0 1 7 100000 15 10000 0.870197 378573 100000 ZonesAtSurface
4675.44 4024.98 16.7616 72 0 1 6 100000 15 10000 1.19061 727670 100000 ZonesAtSurface
4725.37 4024.99 26.8192 86 0 1 5 100000 15 10000 1.03753 592573 100000 ZonesAtSurface
4775.29 4024.99 36.8466 99 0 1 4 100000 15 10000 1.03023 610158 100000 ZonesAtSurface
4825.23 4025 46.8482 109 0 1 3 100000 15 10000 1.31947 441820 100000 ZonesAtSurface
4875.14 4025 56.8518 119 0 1 2 100000 15 10000 1.59609 358418 100000 ZonesAtSurface
4925.07 4025 66.8237 132 0 1 1 100000 15 10000 1.231 605992 100000 ZonesAtSurface
74.9699 4075 -4.75844 116 11 1 2 1.11038e+06 39.6034 91586.1 1.17092 5.15131e+06 1.11038e+06 ZonesAtSurface
124.848 4075 -29.7333 111 0 1 3 1.13067e+06 21.1913 144505 1.05084 4.46978e+06 1.13067e+06 ZonesAtSurface
174.757 4075 -4.68056 108 62 1 3 643984 39.2734 117216 2.9417 1.13152e+06 643984 ZonesAtSurface
224.7 4074.99 -29.7074 86 0 1 4 801767 44.3274 64834.6 1.08814 5.05408e+06 801767 ZonesAtSurface
274.638 4074.99 -4.68487 82 58 1 4 917988 36.0013 115606 2.18319 1.95692e+06 917988 ZonesAtSurface
324.583 4074.98 -29.7329 77 0 1 5 1.11222e+06 33.6707 132296 1.08352 5.10413e+06 1.11222e+06 ZonesAtSurface
374.52 4074.97 -4.74006 70 15 1 5 1.09691e+06 15.314 108336 1.57755 2.0157e+06 1.09691e+06 ZonesAtSurface
424.476 4074.96 -29.8003 57 0 1 6 1.35992e+06 15.0172 124287 1.07697 4.3301e+06 1.35992e+06 ZonesAtSurface
474.433 4074.95 -4.81169 45 25 1 6 1.40273e+06 29.9634 114760 3.27112 1.67839e+06 1.40273e+06 ZonesAtSurface
524.416 4074.95 -29.8518 28 0 1 7 836801 29.4207 106788 1.05863 5.01372e+06 836801 ZonesAtSurface
574.385 4074.93 -4.86092 34 5 1 7 1.04841e+06 20.1948 88902.2 1.32316 2.46502e+06 1.04841e+06 ZonesAtSurface
624.379 4074.96 -29.8949 16 0 1 8 699552 24.3422 55739 1.01622 6.65176e+06 699552 ZonesAtSurface
674.354 4074.94 -4.90277 19 0 1 8 1.02857e+06 21.4949 118748 1.02706 5.64608e+06 1.02857e+06 ZonesAtSurface
724.353 4074.98 -29.9313 0 0 1 9 1.0428e+06 33.8277 145020 2.04032 8.03826e+06 1.0428e+06 ZonesAtSurface
774.332 4074.97 -4.94102 0 0 1 9 1.48967e+06 44.371 122529 3.17876 8.59146e+06 1.48967e+06 ZonesAtSurface
824.313 4074.95 20.0462 8 0 1 9 1.42452e+06 16.642 140960 1.05976 6.27662e+06 1.42452e+06 ZonesAtSurface
874.299 4074.95 45.0312 4 0 1 9 779223 44.6971 54811 1.14167 6.97381e+06 779223 ZonesAtSurface
924.291 4074.95 70.0143 7 0 1 9 1.3139e+06 26.3984 116925 1.03922 5.88847e+06 1.3139e+06 ZonesAtSurface
974.289 4074.95 94.9978 1 0 1 9 612674 40.1029 112129 1.10733 6.01748e+06 612674 ZonesAtSurface
1024.28 4074.92 169.971 5 0 2 8 1.05098e+06 20.4674 101517 1.30913 2.54385e+06 1.05098e+06 ZonesAtSurface
1074.29 4074.92 194.951 7 7 2 8 1.43464e+06 25.2167 130772 1.23833 3.84769e+06 1.43464e+06 ZonesAtSurface
1124.3 4074.93 219.933 5 2 2 8 1.04091e+06 30.1939 123517 1.15586 3.18504e+06 1.04091e+06 ZonesAtSurface
1174.32 4074.94 244.916 8 6 1 8 1.25947e+06 41.7687 128468 1.13964 4.72749e+06 1.25947e+06 ZonesAtSurface
1224.33 4074.94 269.898 5 2 2 8 778728 30.6244 107539 1.02193 2.50902e+06 778728 ZonesAtSurface
1274.36 4074.97 244.888 0 0 1 9 876627 43.9985 108412 1.53667 6.31301e+06 876627 ZonesAtSurface
1324.38 4074.97 269.872 4 0 1 9 1.37879e+06 15.2902 61540.5 1.0519 4.7612e+06 1.37879e+06 ZonesAtSurface
1374.41 4074.97 294.855 0 0 1 9 1.03911e+06 32.7497 70915.8 1.14633 6.16995e+06 1.03911e+06 ZonesAtSurface
1424.44 4074.97 319.841 3 0 1 9 1.12502e+06 17.6257 144636 1.05305 4.03721e+06 1.12502e+06 ZonesAtSurface
1474.47 4074.97 344.828 0 0 2 9 725038 17.0626 147863 1.10052 2.0525e+06 725038 ZonesAtSurface
1524.51 4074.96 369.813 2 3 2 9 960089 38.6857 55708.9 1.3518 2.94373e+06 960089 ZonesAtSurface
1574.55 4074.95 394.803 3 6 2 9 1.47667e+06 35.0435 139092 1.48889 3.58889e+06 1.47667e+06 ZonesAtSurface
1624.59 4074.99 319.813 0 0 1 11 1.45414e+06 31.8705 55304.3 1.2305 6.3987e+06 1.45414e+06 ZonesAtSurface
1674.63 4074.99 344.811 7 0 1 11 954957 35.3437 68697.4 1.0842 4.6376e+06 954957 ZonesAtSurface
1724.67 4074.99 369.807 0 4 2 11 1.31981e+06 42.4081 149038 1.46054 3.88932e+06 1.31981e+06 ZonesAtSurface
1774.71 4074.99 394.804 4 0 2 11 818035 39.1832 89527.7 1.23026 3.61632e+06 818035 ZonesAtSurface
1824.76 4074.98 419.804 4 0 2 11 815663 15.3505 142452 1.21882 2.17633e+06 815663 ZonesAtSurface
1874.81 4074.99 444.809 4 0 2 11 1.42468e+06 19.3177 78405.7 1.05314 4.05182e+06 1.42468e+06 ZonesAtSurface
1924.85 4074.99 469.825 6 7 2 11 1.06485e+06 22.2067 50742.3 1.28574 2.50677e+06 1.06485e+06 ZonesAtSurface
1974.91 4075 444.834 0 0 1 12 512440 37.8532 145579 0.994065 2.53396e+06 512440 ZonesAtSurface
2024.97 4075 407.351 9 0 1 12 1.07915e+06 44.619 75764.6 0.995797 5.34043e+06 1.07915e+06 ZonesAtSurface
2075.02 4075 307.378 5 0 1 12 1.19399e+06 17.3409 64444.9 1.00468 5.14865e+06 1.19399e+06 ZonesAtSurface
2125.07 4074.99 257.411 3 0 1 11 598727 42.8616 72542.8 1.52638 7.81868e+06 598727 ZonesAtSurface
2175.12 4075 157.436 1 0 1 11 1.36393e+06 39.7708 92631 1.79477 7.66929e+06 1.36393e+06 ZonesAtSurface
2225.15 4075 57.4571 0 0 0 0 748699 30.3632 91765.4 3.43838 5.51961e+06 748699 ZonesAtSurface
2275.19 4075 -42.5256 0 0 0 0 543018 35.0706 116385 2.96204 6.75998e+06 543018 ZonesAtSurface
2325.12 4068.4 157.486 0 0 0 0 761527 39.1603 101615 1.79293 1.56138e+07 761527 ZonesAtSurface
2375.2 4074.74 -242.5 5 6 0 0 1.27911e+06 31.4127 132322 0.729058 6.76023e+06 1.27911e+06 ZonesAtSurface
2425.18 4074.88 -342.496 5 5 0 0 812009 21.2248 58231.1 1.27082 2.0706e+06 812009 ZonesAtSurface
2475.13 4074.52 -392.491 10 10 0 0 674593 23.318 117297 0 1.27191e+06 674593 ZonesAtSurface
2525.06 4074.77 -422.487 8 8 0 0 510033 34.169 131572 0.70344 2.75948e+06 510033 ZonesAtSurface
2575 4074.76 -382.474 5 9 0 0 1.41402e+06 15.5279 140208 0 3.11644e+06 1.41402e+06 ZonesAtSurface
2624.96 4074.76 -342.467 7 10 0 0 1.32099e+06 39.1913 114778 4.06865 1.39205e+06 1.32099e+06 ZonesAtSurface
2674.91 4072.47 -202.477 2 3 0 0 987781 35.0806 136766 3.9474 1.74164e+07 987781 ZonesAtSurface
2724.9 4074.76 -262.461 5 9 0 0 1.0868e+06 32.9747 52050.1 0 60278.2 1.0868e+06 ZonesAtSurface
2774.87 4074.66 -222.464 8 8 0 0 1.0144e+06 34.8164 59828.2 0.767575 5.59097e+06 1.0144e+06 ZonesAtSurface
2824.84 4074.58 -182.478 8 9 0 0 714756 24.2009 96507.3 0.945467 2.3589e+06 714756 ZonesAtSurface
2874.82 4074.57 -142.491 9 9 0 0 959574 44.0701 94311.5 1.61036 3.02036e+06 959574 ZonesAtSurface
2924.81 4074.44 -102.502 9 8 0 0 1.16763e+06 42.5606 137768 1.62079 4.86098e+06 1.16763e+06 ZonesAtSurface
2974.82 4073.35 -12.5331 7 10 0 0 1.09942e+06 38.4944 67982.8 3.4343 1.75337e+07 1.09942e+06 ZonesAtSurface
3024.82 4073.36 27.4613 9 10 0 0 1.2991e+06 38.386 62448.8 4.21362 1.28501e+07 1.2991e+06 ZonesAtSurface
3074.8 4075.01 -32.5288 0 0 0 0 582285 17.3542 107996 2.07988 4.02318e+06 582285 ZonesAtSurface
3124.8 4075.01 7.45549 0 0 0 0 932219 21.0639 123749 2.64716 4.75094e+06 932219 ZonesAtSurface
3174.82 4073.42 147.416 2 2 0 0 993841 35.3396 96379.9 1.14181 3.81408e+06 993841 ZonesAtSurface
3224.83 4074.73 137.418 7 9 0 0 1.27821e+06 18.7282 140935 0.389103 1.04014e+07 1.27821e+06 ZonesAtSurface
3274.84 4074.86 177.4 9 9 1 10 698591 37.3613 143402 1.30952 2.43028e+06 698591 ZonesAtSurface
3324.85 4074.97 267.377 5 2 2 9 1.246e+06 41.6034 89829.3 1.3621 4.25691e+06 1.246e+06 ZonesAtSurface
3374.89 4074.95 307.355 0 5 2 9 1.49829e+06 38.2101 53911.2 1.37267 4.57937e+06 1.49829e+06 ZonesAtSurface
3424.92 4074.94 347.333 4 8 2 9 893556 34.6882 118536 1.15335 2.79992e+06 893556 ZonesAtSurface
3474.95 4074.99 287.318 0 0 1 11 1.03212e+06 31.5823 83328.9 1.78824 6.63458e+06 1.03212e+06 ZonesAtSurface
3524.98 4074.96 377.282 2 0 2 10 778857 21.3485 94521.1 0.991863 2.19222e+06 778857 ZonesAtSurface
3575.03 4074.95 417.261 1 0 2 10 781702 31.9536 89215.9 0.934638 3.46091e+06 781702 ZonesAtSurface
3625.07 4075 357.27 2 0 1 12 1.08236e+06 34.0867 94831 1.01794 7.64293e+06 1.08236e+06 ZonesAtSurface
3675.11 4074.99 397.257 1 0 1 12 1.00931e+06 26.4931 143747 1.01467 5.52875e+06 1.00931e+06 ZonesAtSurface
3725.17 4074.99 437.245 10 0 1 12 785896 16.3188 123011 1.0089 2.45011e+06 785896 ZonesAtSurface
3775.23 4074.99 437.251 1 0 2 12 738350 22.5615 123003 1.02178 3.85849e+06 738350 ZonesAtSurface
3825.27 4074.96 497.234 2 0 2 10 1.03518e+06 33.9778 100415 0.987456 4.09145e+06 1.03518e+06 ZonesAtSurface
3875.33 4074.96 457.258 1 1 2 10 1.39223e+06 23.1221 83985.4 1.03825 3.98538e+06 1.39223e+06 ZonesAtSurface
3925.39 4074.95 417.286 0 0 2 10 1.25254e+06 36.164 65648.3 1.05565 4.64091e+06 1.25254e+06 ZonesAtSurface
3975.44 4074.95 377.319 3 2 2 10 1.14686e+06 44.7263 55638.3 1.0991 5.06384e+06 1.14686e+06 ZonesAtSurface
4025.5 4074.91 487.255 3 7 2 7 1.1841e+06 18.1768 94661.8 1.64115 1.96915e+06 1.1841e+06 ZonesAtSurface
4075.51 4074.95 297.383 3 2 1 10 1.19829e+06 20.8233 123802 1.00373 3.32796e+06 1.19829e+06 ZonesAtSurface
4125.57 4074.91 357.373 0 8 2 8 1.40809e+06 24.022 73352.1 1.4971 3.00704e+06 1.40809e+06 ZonesAtSurface
4175.58 4074.92 267.424 10 8 1 9 780234 31.6776 105534 1.25408 2.34438e+06 780234 ZonesAtSurface
4225.59 4074.93 227.456 9 8 2 9 1.11019e+06 22.9556 76088.4 1.09898 3.06298e+06 1.11019e+06 ZonesAtSurface
4275.6 4074.93 187.482 0 0 2 9 1.02578e+06 29.9207 100291 1.09301 3.16863e+06 1.02578e+06 ZonesAtSurface
4325.6 4074.94 147.507 2 0 2 9 617916 34.9991 120153 1.09807 1.96978e+06 617916 ZonesAtSurface
4375.6 4074.94 107.531 5 0 1 9 1.06544e+06 22.5772 60019 1.01288 3.16768e+06 1.06544e+06 ZonesAtSurface
4425.59 4074.95 67.5541 10 0 1 9 669808 30.3153 93104.7 1.04467 4.07694e+06 669808 ZonesAtSurface
4475.56 4074.96 27.5768 1 0 1 9 970133 42.9804 144652 1.22277 9.2327e+06 970133 ZonesAtSurface
4525.52 4074.98 -12.4101 7 0 1 9 778701 33.4839 118445 1.16186 1.02176e+07 778701 ZonesAtSurface
4575.5 4074.97 -2.38134 14 0 1 8 1.06067e+06 24.8482 148887 1.03161 8.2276e+06 1.06067e+06 ZonesAtSurface
4625.48 4074.97 7.65271 26 0 1 7 1.30819e+06 24.3051 65705.3 1.04041 6.90542e+06 1.30819e+06 ZonesAtSurface
4675.43 4074.98 17.7025 42 0 1 6 1.23022e+06 21.4059 131395 1.18989 3.47958e+06 1.23022e+06 ZonesAtSurface
4725.37 4074.98 27.7423 76 0 1 5 563889 32.1296 138778 1.04911 2.86298e+06 563889 ZonesAtSurface
4775.27 4074.98 37.7715 70 28 1 4 1.13231e+06 39.4079 134868 3.46224 2.11983e+06 1.13231e+06 ZonesAtSurface
4825.22 4074.99 47.7738 72 25 1 3 1.13397e+06 35.8458 51944.4 2.24089 2.36855e+06 1.13397e+06 ZonesAtSurface
4875.14 4074.99 57.767 83 0 1 2 514612 44.1032 87440.2 2.28938 2.24728e+06 514612 ZonesAtSurface
4925.08 4075 67.761 107 36 1 1 1.38039e+06 21.8813 60777.7 1.26548 3.62104e+06 1.38039e+06 ZonesAtSurface
74.9624 4125.01 -3.77175 120 3 1 2 1.10856e+06 29.1861 74840.9 1.18137 4.23507e+06 1.10856e+06 ZonesAtSurface
124.843 4125.01 -28.7629 106 0 1 3 1.4783e+06 26.8269 142422 1.03944 6.38399e+06 1.4783e+06 ZonesAtSurface
174.763 4125.01 -3.70724 58 67 1 3 1.19123e+06 44.4541 139274 1.95153 3.16789e+06 1.19123e+06 ZonesAtSurface
224.702 4125 -28.733 74 0 1 4 1.15889e+06 43.3405 113946 1.1077 7.03667e+06 1.15889e+06 ZonesAtSurface
274.634 4125 -3.71662 94 33 1 4 1.09958e+06 18.0578 116136 1.8134 1.77174e+06 1.09958e+06 ZonesAtSurface
324.583 4124.99 -28.7642 56 0 1 5 1.45616e+06 37.2194 114148 1.02216 7.44228e+06 1.45616e+06 ZonesAtSurface
374.524 4124.99 -3.7653 62 11 1 5 1.49967e+06 20.4135 77700.8 1.46223 3.18961e+06 1.49967e+06 ZonesAtSurface
424.477 4124.98 -28.82 34 0 1 6 818210 21.6259 109040 1.042 5.63027e+06 818210 ZonesAtSurface
474.422 4124.97 -3.83292 32 0 1 6 1.45751e+06 41.0461 131439 1.20033 6.23085e+06 1.45751e+06 ZonesAtSurface
524.411 4124.96 -28.8707 2 0 1 7 996553 41.4758 137511 1.17384 1.00444e+07 996553 ZonesAtSurface
574.375 4124.95 -3.88019 13 0 1 7 1.33148e+06 29.3005 82217.7 1.11884 7.84544e+06 1.33148e+06 ZonesAtSurface
624.373 4124.97 -28.9081 5 0 1 8 1.48895e+06 20.5631 144041 1.06183 8.35596e+06 1.48895e+06 ZonesAtSurface
674.347 4124.96 -3.91704 4 0 1 8 1.4445e+06 31.2949 116649 1.3048 8.62481e+06 1.4445e+06 ZonesAtSurface
724.298 4124.92 71.0678 8 0 1 7 1.15556e+06 16.2527 122543 1.05496 3.19928e+06 1.15556e+06 ZonesAtSurface
774.304 4124.95 46.0528 5 0 1 8 875606 32.4449 59289.9 1.14721 7.87215e+06 875606 ZonesAtSurface
824.257 4124.9 171.021 3 10 2 6 1.16684e+06 38.236 81762.7 2.04702 3.04603e+06 1.16684e+06 ZonesAtSurface
874.271 4124.92 146.011 7 0 1 7 1.13296e+06 41.2247 86190.7 1.00576 4.73964e+06 1.13296e+06 ZonesAtSurface
924.259 4124.91 220.985 0 7 2 6 1.36048e+06 36.1463 103852 1.65204 3.64145e+06 1.36048e+06 ZonesAtSurface
974.269 4124.93 195.976 8 0 1 7 514264 18.0028 148616 1.00768 2.2623e+06 514264 ZonesAtSurface
1024.26 4124.92 270.942 1 0 2 6 686655 21.8952 125242 1.09011 2.35204e+06 686655 ZonesAtSurface
1074.28 4124.92 295.923 2 0 2 6 1.22288e+06 24.0823 75790.9 1.06694 3.68033e+06 1.22288e+06 ZonesAtSurface
1124.29 4124.93 320.906 5 0 2 6 927420 39.6384 78372.9 1.08053 3.67713e+06 927420 ZonesAtSurface
1174.31 4124.93 345.887 10 0 1 6 506036 36.43 145413 1.02951 2.38266e+06 506036 ZonesAtSurface
1224.33 4124.94 370.867 5 2 2 6 1.36386e+06 20.3404 96980.7 1.12196 3.5417e+06 1.36386e+06 ZonesAtSurface
1274.36 4124.94 395.848 5 9 1 6 1.28738e+06 30.4448 57158.2 1.67504 3.24266e+06 1.28738e+06 ZonesAtSurface
1324.38 4124.95 370.84 5 0 1 7 1.2908e+06 34.4747 110068 1.02436 4.96626e+06 1.2908e+06 ZonesAtSurface
1374.41 4124.95 395.825 4 2 1 7 1.36838e+06 40.5891 111067 1.16731 4.80747e+06 1.36838e+06 ZonesAtSurface
1424.45 4124.95 420.812 6 1 1 7 1.24493e+06 38.2568 128468 1.17582 4.09716e+06 1.24493e+06 ZonesAtSurface
1474.48 4124.98 345.815 8 0 1 9 1.25379e+06 26.0905 124310 1.00474 6.16894e+06 1.25379e+06 ZonesAtSurface
1524.51 4124.98 370.804 3 0 1 9 835519 35.8214 85021.8 1.00398 5.29053e+06 835519 ZonesAtSurface
1574.55 4124.98 395.798 2 1 1 9 1.2651e+06 41.0609 112192 1.04249 4.96036e+06 1.2651e+06 ZonesAtSurface
1624.59 4124.99 370.797 5 0 1 10 1.1242e+06 19.1332 74997.6 1.00842 4.33913e+06 1.1242e+06 ZonesAtSurface
1674.64 4125 345.794 0 0 1 11 589806 39.1148 75699.8 1.14688 5.90063e+06 589806 ZonesAtSurface
1724.68 4125 370.793 3 0 1 11 1.29136e+06 41.5541 143502 1.03182 5.71992e+06 1.29136e+06 ZonesAtSurface
1774.73 4125 345.789 3 0 1 12 799817 15.7243 57925.2 1.00653 4.81423e+06 799817 ZonesAtSurface
1824.75 4124.99 470.796 10 0 1 10 831963 27.5545 63396 1.30413 2.46398e+06 831963 ZonesAtSurface
1874.81 4125 445.804 6 0 1 11 731068 32.4824 145421 1.07087 3.47802e+06 731068 ZonesAtSurface
1924.87 4125 420.817 5 0 1 12 1.41363e+06 32.874 65055.5 1.0046 6.29449e+06 1.41363e+06 ZonesAtSurface
1974.9 4125 495.835 5 8 2 11 1.13552e+06 16.057 85120.5 1.50988 1.98248e+06 1.13552e+06 ZonesAtSurface
2024.96 4125 458.349 0 4 2 11 1.34661e+06 36.2115 81820.3 1.3178 3.93887e+06 1.34661e+06 ZonesAtSurface
2075.01 4125 358.374 3 0 1 11 1.20946e+06 41.8297 59968.9 1.02152 5.97764e+06 1.20946e+06 ZonesAtSurface
2125.06 4124.99 308.404 3 0 2 10 1.03808e+06 24.9177 66763.4 1.08129 3.03356e+06 1.03808e+06 ZonesAtSurface
2175.11 4124.99 158.426 0 0 1 11 1.15438e+06 43.6764 86105.4 2.22785 7.436e+06 1.15438e+06 ZonesAtSurface
2225.14 4124.55 108.449 6 6 0 0 515643 22.3315 64842.1 10 0 515643 ZonesAtSurface
2275.18 4125 -41.5288 1 0 0 0 1.09838e+06 16.3953 67453.1 1.25747 5.85964e+06 1.09838e+06 ZonesAtSurface
2325.08 4117.32 208.47 0 0 0 0 1.18912e+06 39.1012 62002.4 2.78016 1.03209e+07 1.18912e+06 ZonesAtSurface
2375.14 4121.36 -41.5358 10 0 0 0 1.28916e+06 33.7788 134944 3.80466 8.52846e+06 1.28916e+06 ZonesAtSurface
2425.11 4120.21 -91.5296 3 0 0 0 710117 23.3492 123794 1.23996 1.16969e+07 710117 ZonesAtSurface
2475.11 4122.83 -291.503 0 0 0 0 1.28365e+06 31.9221 145674 1.47166 8.9887e+06 1.28365e+06 ZonesAtSurface
2525.06 4124.99 -421.487 0 0 0 0 713550 22.92 92734.3 1.93259 1.10975e+07 713550 ZonesAtSurface
2575.04 4116.57 -31.5105 5 0 0 0 1.31512e+06 37.3414 98686.2 1.50614 2.9484e+07 1.31512e+06 ZonesAtSurface
2624.97 4120.53 -141.522 10 0 0 0 1.40552e+06 42.2387 74807 2.92523 2.07301e+07 1.40552e+06 ZonesAtSurface
2674.92 4124.98 -301.461 0 0 0 0 591263 34.2119 60254.9 2.76327 1.00762e+07 591263 ZonesAtSurface
2724.89 4124.98 -261.462 4 0 0 0 1.0429e+06 15.7752 86788.4 1.17936 8.66324e+06 1.0429e+06 ZonesAtSurface
2774.86 4124.97 -221.466 0 0 0 0 1.12072e+06 28.7657 99216.1 2.53976 8.30159e+06 1.12072e+06 ZonesAtSurface
2824.84 4124.97 -181.472 0 0 0 0 936712 38.8607 118860 3.18678 8.7785e+06 936712 ZonesAtSurface
2874.82 4124.97 -141.475 0 0 0 0 662379 40.1485 51932.8 2.71435 8.41082e+06 662379 ZonesAtSurface
2924.8 4124.73 -101.484 10 0 0 0 637909 35.3208 92588.9 2.36754 5.44693e+06 637909 ZonesAtSurface
2974.8 4125.01 -111.504 0 0 0 0 525496 27.9972 127551 1.85465 6.05458e+06 525496 ZonesAtSurface
3024.83 4121.28 128.445 0 0 0 0 921444 18.9299 139004 1.23565 1.27362e+07 921444 ZonesAtSurface
3074.79 4124.74 18.4776 5 8 0 0 1.18268e+06 37.8291 106649 0.972174 5.80733e+06 1.18268e+06 ZonesAtSurface
3124.86 4120.02 258.424 6 0 0 0 1.33959e+06 38.7507 145431 1.64962 1.41295e+07 1.33959e+06 ZonesAtSurface
3174.8 4124.85 98.4377 9 10 0 0 1.31395e+06 24.7627 143197 0.866094 4.77881e+06 1.31395e+06 ZonesAtSurface
3224.82 4124.98 138.417 1 0 0 0 535116 24.9339 63299.2 1.4637 5.81898e+06 535116 ZonesAtSurface
3274.84 4124.99 178.395 0 0 1 10 1.14061e+06 26.4493 98208.6 2.13283 5.5118e+06 1.14061e+06 ZonesAtSurface
3324.85 4124.98 268.377 9 0 1 9 1.36813e+06 15.152 50252.8 1.1696 3.24857e+06 1.36813e+06 ZonesAtSurface
3374.88 4124.97 358.349 9 0 1 8 610894 26.4452 108669 1.01548 2.0229e+06 610894 ZonesAtSurface
3424.91 4124.99 298.33 0 0 1 10 1.1877e+06 41.4989 55934.2 1.52367 6.52554e+06 1.1877e+06 ZonesAtSurface
3474.94 4124.98 338.303 1 0 1 10 648409 36.2118 81987.3 1.05573 6.7587e+06 648409 ZonesAtSurface
3524.98 4124.95 478.251 10 0 2 8 729700 19.4339 72554.1 0.987366 2.10013e+06 729700 ZonesAtSurface
3575.02 4124.98 418.254 0 0 1 10 1.33942e+06 26.3994 121181 1.01226 6.04831e+06 1.33942e+06 ZonesAtSurface
3625.07 4124.95 508.226 1 5 2 9 807543 44.2892 148492 1.5616 2.46223e+06 807543 ZonesAtSurface
3675.11 4124.98 498.229 4 0 2 10 533193 35.8248 71545.9 1.23145 2.61332e+06 533193 ZonesAtSurface
3725.17 4125 388.247 0 0 1 13 1.305e+06 19.9601 63518.8 1.00422 7.17519e+06 1.305e+06 ZonesAtSurface
3775.21 4124.98 488.227 5 0 1 11 530612 16.271 122146 1.03301 2.7356e+06 530612 ZonesAtSurface
3825.25 4124.94 598.154 10 9 2 8 1.17783e+06 32.9685 117984 1.11254 3.7622e+06 1.17783e+06 ZonesAtSurface
3875.31 4124.93 608.14 0 7 2 7 1.4801e+06 37.204 101486 1.32048 4.48177e+06 1.4801e+06 ZonesAtSurface
3925.37 4124.93 618.131 0 9 2 6 1.13302e+06 35.8892 142847 1.6108 2.74949e+06 1.13302e+06 ZonesAtSurface
3975.43 4124.93 578.174 0 0 2 6 779137 32.1425 134261 1.2569 2.66002e+06 779137 ZonesAtSurface
4025.49 4124.93 538.219 0 0 2 6 503379 17.1074 119760 1.12363 1.35908e+06 503379 ZonesAtSurface
4075.54 4124.93 498.273 5 0 2 6 716651 21.8625 78919.1 1.07528 2.07525e+06 716651 ZonesAtSurface
4125.56 4124.95 358.365 6 0 1 8 851481 28.5901 131826 1.08993 3.45929e+06 851481 ZonesAtSurface
4175.59 4124.95 318.404 10 0 1 8 909669 26.1469 96626.3 1.05103 3.17446e+06 909669 ZonesAtSurface
4225.59 4124.97 228.45 4 0 1 9 1.01698e+06 34.9484 149012 1.06146 6.82219e+06 1.01698e+06 ZonesAtSurface
4275.6 4124.97 188.478 0 0 1 9 888810 29.8818 51031.1 1.08771 6.46818e+06 888810 ZonesAtSurface
4325.64 4124.93 248.491 3 5 2 7 1.40619e+06 25.123 124428 1.22367 3.61144e+06 1.40619e+06 ZonesAtSurface
4375.63 4124.96 158.523 6 0 1 8 584666 42.5079 96011 1.04717 5.77813e+06 584666 ZonesAtSurface
4425.63 4124.96 118.548 7 0 1 8 1.14652e+06 26.7792 71486.6 1.09326 6.30314e+06 1.14652e+06 ZonesAtSurface
4475.64 4124.95 128.561 6 4 2 7 1.11507e+06 27.263 125107 1.03553 3.34693e+06 1.11507e+06 ZonesAtSurface
4525.62 4124.95 88.5813 5 0 1 7 1.11986e+06 16.7115 52549.4 1.02016 3.62779e+06 1.11986e+06 ZonesAtSurface
4575.57 4124.97 48.613 10 0 1 7 1.34197e+06 23.5748 91560.5 1.07609 6.16079e+06 1.34197e+06 ZonesAtSurface
4625.49 4124.98 8.63617 36 0 1 7 1.30223e+06 16.9039 73987 1.01589 6.75569e+06 1.30223e+06 ZonesAtSurface
4675.42 4124.99 18.6934 55 0 1 6 511212 21.8627 91537.9 1.12441 2.83717e+06 511212 ZonesAtSurface
4725.36 4124.99 28.7225 76 0 1 5 1.17372e+06 17.8932 91305.3 1.05301 3.50862e+06 1.17372e+06 ZonesAtSurface
4775.27 4124.99 38.7523 59 27 1 4 1.43643e+06 38.6655 85964.8 2.06453 3.68273e+06 1.43643e+06 ZonesAtSurface
4825.21 4125 48.7538 80 0 1 3 659787 38.7713 116238 2.1955 2.71383e+06 659787 ZonesAtSurface
4875.15 4125 58.7374 56 0 1 2 680371 36.5966 125582 2.68998 1.82573e+06 680371 ZonesAtSurface
4925.08 4125.01 68.7434 124 7 1 1 1.23004e+06 19.3154 82125.3 1.31276 3.25666e+06 1.23004e+06 ZonesAtSurface
74.9624 4175.01 -2.77708 113 2 1 2 825465 26.3844 81975.3 1.20992 3.46846e+06 825465 ZonesAtSurface
124.84 4175.01 -27.7741 103 0 1 3 1.05825e+06 25.4054 85881.7 1.06274 5.01649e+06 1.05825e+06 ZonesAtSurface
174.761 4175.01 -2.7187 98 48 1 3 577995 28.9815 57199.9 3.10495 774473 577995 ZonesAtSurface
224.696 4175.01 -27.7503 92 0 1 4 702501 16.0639 78354.2 1.12012 2.95049e+06 702501 ZonesAtSurface
274.624 4175.01 -2.73909 87 28 1 4 1.08763e+06 22.2312 59325.9 1.91777 1.91392e+06 1.08763e+06 ZonesAtSurface
324.576 4175 -27.7856 71 0 1 5 836230 27.2502 66718.5 1.04351 5.28972e+06 836230 ZonesAtSurface
374.524 4175 -2.7761 49 25 1 5 1.3495e+06 44.3077 132362 2.23725 4.09391e+06 1.3495e+06 ZonesAtSurface
424.472 4174.99 -27.8309 40 0 1 6 1.4747e+06 29.4989 93118 1.04002 7.21451e+06 1.4747e+06 ZonesAtSurface
474.405 4174.98 -2.85292 28 0 1 6 544528 21.3992 113751 1.04353 2.56226e+06 544528 ZonesAtSurface
524.403 4174.98 -27.892 0 0 1 7 723469 17.1176 72513.3 1.01333 5.82086e+06 723469 ZonesAtSurface
574.363 4174.97 -2.90154 5 0 1 7 1.07624e+06 28.6482 60676.8 1.05571 8.82383e+06 1.07624e+06 ZonesAtSurface
624.291 4174.94 72.0801 7 0 1 6 1.1351e+06 41.1097 110391 1.03921 6.89861e+06 1.1351e+06 ZonesAtSurface
674.275 4174.93 97.0664 2 0 1 6 730936 23.3595 122509 1.01906 3.62355e+06 730936 ZonesAtSurface
724.249 4174.92 172.043 6 3 2 5 530824 29.3157 148188 1.08415 1.43722e+06 530824 ZonesAtSurface
774.261 4174.93 147.034 2 0 1 6 1.17418e+06 32.9069 146553 1.01393 5.21803e+06 1.17418e+06 ZonesAtSurface
824.246 4174.93 222.008 9 2 2 5 1.33113e+06 27.8461 144181 1.15479 3.94465e+06 1.33113e+06 ZonesAtSurface
874.248 4174.93 246.989 4 0 2 5 1.16315e+06 29.5863 125268 1.14829 3.93058e+06 1.16315e+06 ZonesAtSurface
924.252 4174.93 271.97 10 0 1 5 779391 35.5361 141431 1.07209 3.46066e+06 779391 ZonesAtSurface
974.256 4174.94 346.942 7 10 2 4 1.26318e+06 32.4413 145042 1.40815 3.22053e+06 1.26318e+06 ZonesAtSurface
1024.27 4174.95 371.92 9 0 2 4 786736 27.3521 141199 1.15807 2.35512e+06 786736 ZonesAtSurface
1074.28 4174.95 396.898 1 0 2 4 622023 44.7462 56499.8 1.33296 3.06531e+06 622023 ZonesAtSurface
1124.3 4174.95 421.876 0 2 2 4 1.27235e+06 31.32 136745 1.36786 3.37042e+06 1.27235e+06 ZonesAtSurface
1174.32 4174.95 446.853 0 8 2 4 1.23171e+06 44.6641 119305 1.73599 3.23544e+06 1.23171e+06 ZonesAtSurface
1224.35 4174.95 471.829 0 10 2 4 1.29563e+06 42.0814 75620.2 1.71699 3.34134e+06 1.29563e+06 ZonesAtSurface
1274.37 4174.96 496.804 3 9 2 4 1.27744e+06 19.9261 137453 1.34587 2.65009e+06 1.27744e+06 ZonesAtSurface
1324.39 4174.95 471.794 2 0 2 5 995928 44.6655 86325.8 1.11991 4.54808e+06 995928 ZonesAtSurface
1374.42 4174.96 446.791 1 0 1 6 810990 40.0298 130492 1.06693 6.43556e+06 810990 ZonesAtSurface
1424.45 4174.97 421.791 4 0 1 7 1.33854e+06 18.9416 108851 1.03264 4.131e+06 1.33854e+06 ZonesAtSurface
1474.48 4174.96 446.775 2 0 1 7 523074 32.058 72351.9 1.02988 3.72565e+06 523074 ZonesAtSurface
1524.51 4174.98 421.78 6 0 1 8 996795 39.5848 80147.9 1.44647 5.95276e+06 996795 ZonesAtSurface
1574.55 4174.99 396.777 2 0 1 9 561641 16.4447 54783.2 1.03556 2.79952e+06 561641 ZonesAtSurface
1624.6 4174.99 371.777 0 0 1 10 1.02478e+06 43.4551 96741.3 1.65476 6.71573e+06 1.02478e+06 ZonesAtSurface
1674.64 4175 346.776 0 0 1 11 1.44914e+06 44.7519 94889.2 2.91111 6.73262e+06 1.44914e+06 ZonesAtSurface
1724.68 4175 371.775 10 0 1 11 1.00846e+06 17.6994 101285 1.01334 4.49235e+06 1.00846e+06 ZonesAtSurface
1774.72 4174.99 446.776 3 0 2 10 705762 28.5199 97232.3 1.38183 2.57199e+06 705762 ZonesAtSurface
1824.76 4174.99 471.787 9 0 1 10 953319 26.8725 50818.1 1.29714 2.49106e+06 953319 ZonesAtSurface
1874.83 4175 396.792 2 0 1 12 1.01544e+06 39.6104 99129 1.0388 7.42436e+06 1.01544e+06 ZonesAtSurface
1924.87 4175 421.807 3 0 1 12 1.42102e+06 32.1011 110308 1.01593 6.83904e+06 1.42102e+06 ZonesAtSurface
1974.91 4175 446.821 2 0 1 12 789708 22.6649 97133.4 1.00944 3.41391e+06 789708 ZonesAtSurface
2024.96 4175 409.338 8 0 1 12 1.01134e+06 32.3922 92701.9 1.01008 6.26084e+06 1.01134e+06 ZonesAtSurface
2075.01 4175 359.365 8 0 1 11 603826 17.9857 111004 1.00533 3.84363e+06 603826 ZonesAtSurface
2125.05 4174.99 309.395 4 0 2 10 1.18561e+06 19.948 96344.1 1.01563 3.59747e+06 1.18561e+06 ZonesAtSurface
2175.1 4174.99 209.419 2 0 1 10 821506 40.4246 78834.4 2.60916 5.52449e+06 821506 ZonesAtSurface
2225.13 4174.84 109.442 10 9 0 0 649234 30.2873 117599 0 260992 649234 ZonesAtSurface
2275.07 4165.92 359.484 6 0 0 0 1.14878e+06 23.6744 135963 1.72226 3.84374e+06 1.14878e+06 ZonesAtSurface
2325.19 4174.84 -90.5219 10 9 0 0 1.04816e+06 33.4698 70003.8 0 1.38246e+06 1.04816e+06 ZonesAtSurface
2375.19 4174.98 -190.51 4 0 0 0 1.02007e+06 26.7022 108623 2.3321 7.53216e+06 1.02007e+06 ZonesAtSurface
2425.17 4174.99 -290.504 4 0 0 0 654142 20.5531 77020.2 1.63146 6.95109e+06 654142 ZonesAtSurface
2475.13 4175 -390.506 0 0 0 0 1.30822e+06 30.0305 66189.8 3.14133 1.03702e+07 1.30822e+06 ZonesAtSurface
2525.07 4175 -420.5 0 0 0 0 1.45398e+06 18.2991 140809 1.43762 1.10773e+07 1.45398e+06 ZonesAtSurface
2575.02 4174.99 -380.486 6 0 0 0 1.03777e+06 21.8146 145419 1.33147 1.07086e+07 1.03777e+06 ZonesAtSurface
2624.97 4174.98 -340.481 0 0 0 0 1.43977e+06 35.7428 99770.7 3.25218 1.02415e+07 1.43977e+06 ZonesAtSurface
2674.93 4174.98 -300.48 0 0 0 0 965136 36.3686 94873.6 3.29967 9.1955e+06 965136 ZonesAtSurface
2724.9 4174.98 -260.481 0 0 0 0 863907 30.6381 107522 2.3752 9.36157e+06 863907 ZonesAtSurface
2774.87 4174.98 -220.481 0 0 0 0 839379 42.8528 53593.4 4.61214 8.25778e+06 839379 ZonesAtSurface
2824.85 4174.98 -180.481 0 0 0 0 630953 23.1292 142977 1.63474 7.33042e+06 630953 ZonesAtSurface
2874.83 4174.99 -140.48 0 0 0 0 1.38048e+06 39.3826 97822.9 4.38352 7.26214e+06 1.38048e+06 ZonesAtSurface
2924.9 4167.43 199.438 6 0 0 0 1.10277e+06 38.8412 127144 1.55131 1.64717e+07 1.10277e+06 ZonesAtSurface
2974.88 4168.96 189.425 0 0 0 0 842925 40.1463 118238 1.91853 1.61073e+07 842925 ZonesAtSurface
3024.79 4174.85 -20.5132 9 9 0 0 586773 33.5925 102685 1.08159 2.38842e+06 586773 ZonesAtSurface
3074.78 4174.99 19.474 0 0 0 0 1.35747e+06 37.0985 88580.2 2.83212 5.94861e+06 1.35747e+06 ZonesAtSurface
3124.89 4170.34 259.378 10 0 0 0 1.02921e+06 39.1797 57544.5 1.59309 1.52209e+07 1.02921e+06 ZonesAtSurface
3174.8 4174.99 99.4366 0 0 0 0 1.37431e+06 44.238 101250 6.28741 4.88519e+06 1.37431e+06 ZonesAtSurface
3224.82 4174.99 139.415 0 0 0 0 1.44816e+06 26.9836 104682 2.46465 4.93169e+06 1.44816e+06 ZonesAtSurface
3274.84 4175 179.392 0 0 1 10 504351 41.3234 90898.6 3.68078 4.99031e+06 504351 ZonesAtSurface
3324.85 4175 269.374 9 0 1 9 742600 18.021 58928.4 1.01889 3.03177e+06 742600 ZonesAtSurface
3374.86 4174.98 409.314 4 6 2 7 1.21029e+06 19.7575 99535.9 1.08118 3.11062e+06 1.21029e+06 ZonesAtSurface
3424.9 4174.97 449.283 1 3 2 7 817892 17.8932 121419 1.17574 1.85422e+06 817892 ZonesAtSurface
3474.94 4174.96 489.252 0 0 1 7 1.25207e+06 27.4274 66759.9 1.10735 3.69331e+06 1.25207e+06 ZonesAtSurface
3524.98 4174.96 529.224 10 1 1 7 672158 28.0092 71829.5 1.07732 2.03246e+06 672158 ZonesAtSurface
3575.03 4174.97 519.22 7 0 1 8 816667 23.9637 142325 1.0856 2.53154e+06 816667 ZonesAtSurface
3625.07 4174.97 509.213 0 0 2 9 514097 26.602 138192 1.06098 3.49633e+06 514097 ZonesAtSurface
3675.12 4174.99 449.221 9 0 1 11 1.49332e+06 33.6456 52049.1 1.03335 8.25131e+06 1.49332e+06 ZonesAtSurface
3725.17 4174.99 439.22 6 0 1 12 1.13747e+06 21.2135 61402.4 1.00417 5.3978e+06 1.13747e+06 ZonesAtSurface
3775.21 4174.99 489.213 3 0 1 11 893479 39.339 129129 1.0061 6.59234e+06 893479 ZonesAtSurface
3825.26 4174.96 599.138 1 0 2 8 595003 18.7927 146514 1.03507 2.36163e+06 595003 ZonesAtSurface
3875.29 4174.94 709.046 8 8 2 5 933833 42.1461 90010.2 1.53303 2.60356e+06 933833 ZonesAtSurface
3925.36 4174.95 669.086 7 0 2 5 844797 39.3866 95523.5 1.05575 3.3915e+06 844797 ZonesAtSurface
3975.42 4174.95 629.133 1 0 2 5 847315 17.1315 128847 1.23025 2.09432e+06 847315 ZonesAtSurface
4025.46 4174.95 639.151 7 3 2 4 718874 26.2184 78268.7 1.14356 1.95678e+06 718874 ZonesAtSurface
4075.53 4174.95 499.267 10 0 2 6 910323 32.5994 122672 1.04036 4.06834e+06 910323 ZonesAtSurface
4125.57 4174.96 459.315 4 0 2 6 1.06544e+06 27.0696 101516 1.02632 3.41759e+06 1.06544e+06 ZonesAtSurface
4175.6 4174.96 419.358 5 0 2 6 823146 23.8864 89839.6 0.986382 2.44434e+06 823146 ZonesAtSurface
4225.63 4174.95 429.385 7 9 2 5 1.30694e+06 26.7686 63877.3 1.37636 3.06361e+06 1.30694e+06 ZonesAtSurface
4275.63 4174.96 289.455 9 0 1 7 770805 41.4249 140513 1.03 4.99409e+06 770805 ZonesAtSurface
4325.64 4174.95 299.477 0 6 2 6 1.10718e+06 16.6217 61175.5 1.27094 2.38884e+06 1.10718e+06 ZonesAtSurface
4375.65 4174.97 209.51 5 0 1 7 873573 28.5331 106994 1.04672 4.80377e+06 873573 ZonesAtSurface
4425.66 4174.97 169.535 5 0 1 7 850871 40.0633 79164 1.36736 6.04936e+06 850871 ZonesAtSurface
4475.68 4174.97 179.547 9 8 1 6 1.13466e+06 44.6564 91436.5 1.23661 4.52505e+06 1.13466e+06 ZonesAtSurface
4525.68 4174.97 139.56 2 6 2 6 1.45139e+06 43.833 118440 1.3424 5.07914e+06 1.45139e+06 ZonesAtSurface
4575.58 4174.99 49.5979 7 0 1 7 1.26582e+06 15.3656 109290 1.04418 5.54432e+06 1.26582e+06 ZonesAtSurface
4625.49 4175 9.62504 27 0 1 7 1.2818e+06 30.4738 71040.2 1.05375 1.16102e+07 1.2818e+06 ZonesAtSurface
4675.42 4175 19.6817 31 0 1 6 887738 35.1372 53490.3 1.10016 5.193e+06 887738 ZonesAtSurface
4725.37 4175 29.7055 69 0 1 5 844533 27.4864 99837.1 1.03745 3.39336e+06 844533 ZonesAtSurface
4775.28 4175 39.7482 72 13 1 4 1.44261e+06 25.2466 126988 1.81997 2.97528e+06 1.44261e+06 ZonesAtSurface
4825.21 4175 49.7446 74 0 1 3 755118 29.4767 87008.6 2.38207 2.11757e+06 755118 ZonesAtSurface
4875.14 4175.01 59.7291 71 7 1 2 1.01453e+06 30.4395 97524 2.15702 2.03486e+06 1.01453e+06 ZonesAtSurface
4925.08 4175.01 69.7341 102 0 1 1 1.13044e+06 15.7526 76948.5 1.23122 2.96369e+06 1.13044e+06 ZonesAtSurface
74.9632 4225.02 -1.7807 96 1 1 2 598724 30.9219 85336.6 1.22521 3.338e+06 598724 ZonesAtSurface
124.838 4225.02 -26.7749 93 0 1 3 775500 36.0886 144371 1.27723 5.83628e+06 775500 ZonesAtSurface
174.755 4225.02 -1.72263 72 43 1 3 1.23978e+06 33.267 124911 2.45836 2.33318e+06 1.23978e+06 ZonesAtSurface
224.687 4225.02 -26.7629 70 0 1 4 1.00189e+06 37.9619 119402 1.09393 5.67494e+06 1.00189e+06 ZonesAtSurface
274.62 4225.01 -1.75141 76 34 1 4 955730 40.1211 133674 2.64263 2.23134e+06 955730 ZonesAtSurface
324.566 4225.01 -26.8036 53 0 1 5 1.08563e+06 38.4426 107854 1.11392 7.00747e+06 1.08563e+06 ZonesAtSurface
374.512 4225.01 -1.79401 57 0 1 5 640989 38.1183 102577 1.31785 2.70674e+06 640989 ZonesAtSurface
424.467 4225 -26.8463 49 0 1 6 871887 16.0181 83027.5 1.08532 4.01604e+06 871887 ZonesAtSurface
474.401 4224.99 -1.86975 25 0 1 6 820958 18.1002 128381 1.05026 3.2788e+06 820958 ZonesAtSurface
524.4 4224.99 -26.9096 0 0 1 7 1.49945e+06 41.5391 87932.5 2.91427 8.26856e+06 1.49945e+06 ZonesAtSurface
574.261 4224.97 98.0777 2 0 1 5 1.31273e+06 42.6463 133083 1.13086 6.52527e+06 1.31273e+06 ZonesAtSurface
624.253 4224.96 123.065 9 0 1 5 1.12983e+06 23.7118 137134 1.01841 3.97826e+06 1.12983e+06 ZonesAtSurface
674.247 4224.95 148.052 8 0 1 5 763999 31.367 81287.8 1.01512 3.99297e+06 763999 ZonesAtSurface
724.245 4224.95 173.037 3 0 1 5 1.43277e+06 19.1132 68759 1.00309 4.34573e+06 1.43277e+06 ZonesAtSurface
774.245 4224.95 198.02 4 0 1 5 520714 26.3901 75342.5 1.00352 3.34953e+06 520714 ZonesAtSurface
824.239 4224.95 272.995 3 0 2 4 775963 19.4359 77124.1 1.07281 2.67942e+06 775963 ZonesAtSurface
874.247 4224.96 347.972 7 4 2 3 1.23352e+06 15.1905 124804 1.26238 2.48883e+06 1.23352e+06 ZonesAtSurface
924.252 4224.96 322.955 0 0 1 4 1.32747e+06 32.9763 138492 1.65903 3.87407e+06 1.32747e+06 ZonesAtSurface
974.265 4224.97 397.925 0 0 2 3 1.10294e+06 32.69 104579 1.48495 2.94219e+06 1.10294e+06 ZonesAtSurface
1024.29 4224.98 472.893 0 10 2 2 1.38518e+06 17.179 120140 1.54314 2.37321e+06 1.38518e+06 ZonesAtSurface
1074.31 4224.98 497.868 0 7 2 2 1.23709e+06 27.0771 116960 1.5085 2.57297e+06 1.23709e+06 ZonesAtSurface
1124.33 4224.98 522.841 2 3 2 2 1.06099e+06 20.4676 148049 1.14037 2.58187e+06 1.06099e+06 ZonesAtSurface
1174.35 4224.99 547.815 3 4 2 2 847399 17.9709 115906 1.13847 1.97244e+06 847399 ZonesAtSurface
1224.38 4224.99 572.789 4 7 2 2 955085 18.1355 122481 1.42122 1.79407e+06 955085 ZonesAtSurface
1274.39 4224.98 547.776 0 0 2 3 1.30131e+06 44.3647 71246.6 1.81941 3.69535e+06 1.30131e+06 ZonesAtSurface
1324.42 4224.98 572.753 0 7 2 3 1.18734e+06 28.7762 111924 1.28422 2.98087e+06 1.18734e+06 ZonesAtSurface
1374.43 4224.97 547.742 0 1 2 4 1.36579e+06 41.3735 58015.2 1.29233 4.6062e+06 1.36579e+06 ZonesAtSurface
1424.45 4224.96 522.735 5 0 1 5 1.08481e+06 30.0171 63792 1.0229 4.35524e+06 1.08481e+06 ZonesAtSurface
1474.49 4224.97 497.738 8 0 1 6 601885 37.8206 130054 1.14819 3.4328e+06 601885 ZonesAtSurface
1524.53 4224.96 522.724 10 0 2 6 1.19128e+06 21.0556 70537.1 1.15131 3.2871e+06 1.19128e+06 ZonesAtSurface
1574.57 4224.96 547.714 9 9 2 6 1.00532e+06 35.7912 95813.4 1.65939 2.35332e+06 1.00532e+06 ZonesAtSurface
1624.6 4225 372.757 0 0 1 10 1.44378e+06 38.1699 56319.6 1.87079 6.69833e+06 1.44378e+06 ZonesAtSurface
1674.64 4224.99 397.755 0 0 1 10 802928 22.0757 138585 1.01983 4.1499e+06 802928 ZonesAtSurface
1724.69 4225 372.756 2 0 1 11 1.04047e+06 19.2956 88226.9 1.00723 5.36941e+06 1.04047e+06 ZonesAtSurface
1774.73 4225 397.759 6 0 1 11 771137 33.5221 103957 1.00703 6.67961e+06 771137 ZonesAtSurface
1824.77 4225 422.768 6 0 1 11 725366 41.3676 75446.3 1.00419 6.24028e+06 725366 ZonesAtSurface
1874.82 4225 447.784 4 0 1 11 534953 27.4011 116609 1.01839 2.9466e+06 534953 ZonesAtSurface
1924.86 4225 472.802 8 0 1 11 698681 38.8598 64831.9 1.0511 3.38667e+06 698681 ZonesAtSurface
1974.9 4225 497.815 6 6 2 11 836678 16.1133 133588 1.17611 1.81351e+06 836678 ZonesAtSurface
2024.96 4225 460.331 0 3 2 11 1.33359e+06 43.7857 78346.4 1.17384 5.24953e+06 1.33359e+06 ZonesAtSurface
2075 4225 410.361 7 8 2 10 1.24628e+06 42.3383 148492 1.26485 4.27888e+06 1.24628e+06 ZonesAtSurface
2125.05 4225 310.39 1 0 2 10 508637 37.4031 133043 1.0205 4.48953e+06 508637 ZonesAtSurface
2175.1 4225 210.417 1 0 1 10 1.14631e+06 38.7362 124687 2.02569 5.46296e+06 1.14631e+06 ZonesAtSurface
2225.13 4224.99 110.44 0 0 0 0 1.27517e+06 43.1736 93041.9 7.5231 4.80599e+06 1.27517e+06 ZonesAtSurface
2275.16 4224.99 10.4582 10 0 0 0 559245 17.7147 141047 1.45762 5.40013e+06 559245 ZonesAtSurface
2325.18 4224.99 -89.5284 3 0 0 0 908923 19.1535 104010 2.0256 6.21597e+06 908923 ZonesAtSurface
2375.18 4224.99 -189.519 6 0 0 0 570963 24.0238 149562 1.95443 6.04154e+06 570963 ZonesAtSurface
2425.16 4225 -289.513 0 0 0 0 1.32397e+06 25.9367 54380.8 2.93351 5.66845e+06 1.32397e+06 ZonesAtSurface
2475.12 4225.02 -389.513 0 0 0 0 1.49394e+06 38.3095 76906.1 7.2722 6.84049e+06 1.49394e+06 ZonesAtSurface
2525.06 4224.59 -369.505 9 7 0 0 779145 25.4289 101355 0 619998 779145 ZonesAtSurface
2575.03 4225 -379.498 0 0 0 0 911769 30.2022 99314.7 3.02814 8.96499e+06 911769 ZonesAtSurface
2624.98 4224.99 -339.492 0 0 0 0 1.29936e+06 30.4372 135678 2.98873 8.98693e+06 1.29936e+06 ZonesAtSurface
2674.95 4223.29 -199.515 10 0 0 0 929790 34.1273 104918 2.62727 1.03882e+07 929790 ZonesAtSurface
2724.93 4223.28 -159.516 10 0 0 0 1.17356e+06 40.0195 145038 2.18652 1.62482e+07 1.17356e+06 ZonesAtSurface
2774.9 4223.28 -119.518 10 0 0 0 825427 42.6838 52126.9 2.24659 1.65595e+07 825427 ZonesAtSurface
2824.92 4221.82 -29.5717 8 0 0 0 903662 19.6169 121780 4.74515 2.92764e+06 903662 ZonesAtSurface
2874.83 4224.69 -89.4929 7 10 0 0 1.0479e+06 31.5516 66218.1 0.631207 6.82727e+06 1.0479e+06 ZonesAtSurface
2924.81 4224.56 -49.4951 9 9 0 0 1.19874e+06 15.7042 117442 0.487283 7.29566e+06 1.19874e+06 ZonesAtSurface
2974.8 4224.99 -59.5066 0 0 0 0 953661 43.1308 93446.9 3.11802 5.83328e+06 953661 ZonesAtSurface
3024.79 4224.99 -19.5195 0 0 0 0 1.1973e+06 37.8789 51381.1 4.0733 5.89352e+06 1.1973e+06 ZonesAtSurface
3074.79 4225 20.4682 0 0 0 0 1.13389e+06 28.2279 81132.2 2.17096 5.063e+06 1.13389e+06 ZonesAtSurface
3124.79 4225 60.453 0 0 0 0 936258 22.0155 59699.1 1.49333 5.19889e+06 936258 ZonesAtSurface
3174.8 4225 100.434 0 0 0 0 949709 30.6668 103152 2.7729 4.53493e+06 949709 ZonesAtSurface
3224.82 4225 140.413 0 0 0 0 799009 29.7353 139023 2.43538 4.64391e+06 799009 ZonesAtSurface
3274.84 4225 180.389 0 0 1 10 925077 39.7079 114629 3.31083 5.18472e+06 925077 ZonesAtSurface
3324.85 4225 270.368 6 0 1 9 1.05674e+06 41.6752 63304.2 1.12526 6.48722e+06 1.05674e+06 ZonesAtSurface
3374.88 4225 310.335 7 0 1 9 751461 21.3974 59599.2 1.018 4.98167e+06 751461 ZonesAtSurface
3424.91 4224.99 500.266 4 7 2 6 1.18718e+06 27.9936 89121.7 1.15023 3.32406e+06 1.18718e+06 ZonesAtSurface
3474.93 4224.99 440.258 4 0 1 8 692842 33.7194 130832 1.04228 5.06509e+06 692842 ZonesAtSurface
3524.97 4224.98 530.212 1 2 1 7 1.47167e+06 29.7478 141321 1.08495 4.47548e+06 1.47167e+06 ZonesAtSurface
3575.02 4224.98 520.202 1 0 1 8 1.04537e+06 20.3084 124715 1.03264 3.13974e+06 1.04537e+06 ZonesAtSurface
3625.07 4224.98 560.187 6 0 1 8 1.10751e+06 38.8154 79604.6 1.10757 4.13389e+06 1.10751e+06 ZonesAtSurface
3675.11 4224.98 500.193 6 0 1 10 549494 40.5538 116987 1.02481 5.42083e+06 549494 ZonesAtSurface
3725.16 4224.99 490.193 5 0 1 11 775200 40.9921 73038.7 1.01116 5.90763e+06 775200 ZonesAtSurface
3775.19 4224.98 540.185 5 0 1 10 985017 28.1996 55141 1.0151 4.20885e+06 985017 ZonesAtSurface
3825.25 4224.96 650.091 0 3 2 7 1.23867e+06 44.2516 141535 1.16045 4.60749e+06 1.23867e+06 ZonesAtSurface
3875.29 4224.96 710.042 10 3 2 5 1.00185e+06 29.0618 71842.4 1.12402 2.94378e+06 1.00185e+06 ZonesAtSurface
3925.34 4224.96 720.045 0 8 2 4 1.28682e+06 39.5492 115096 1.71092 3.04901e+06 1.28682e+06 ZonesAtSurface
3975.4 4224.97 680.095 7 7 2 4 920733 38.7892 103901 1.13968 3.16438e+06 920733 ZonesAtSurface
4025.47 4224.97 590.179 0 0 2 5 1.39795e+06 16.6177 142766 1.16576 3.3598e+06 1.39795e+06 ZonesAtSurface
4075.52 4224.97 550.234 10 8 1 5 1.49152e+06 34.2768 135348 1.33105 4.59726e+06 1.49152e+06 ZonesAtSurface
4125.56 4224.98 460.305 1 0 2 6 930921 16.971 79489.8 1.02927 2.91514e+06 930921 ZonesAtSurface
4175.59 4224.98 420.354 10 0 1 6 846206 21.8028 120726 1.07727 3.25069e+06 846206 ZonesAtSurface
4225.61 4224.98 330.409 7 0 1 7 1.13922e+06 23.5105 114773 1.01294 4.23893e+06 1.13922e+06 ZonesAtSurface
4275.63 4224.98 390.428 9 0 2 5 584790 41.3735 60509.1 1.40497 2.21576e+06 584790 ZonesAtSurface
4325.65 4224.98 300.464 2 0 1 6 1.32629e+06 36.3635 97676.1 1.04667 5.01258e+06 1.32629e+06 ZonesAtSurface
4375.66 4224.97 310.484 7 2 2 5 926474 25.7163 149678 1.28154 2.19782e+06 926474 ZonesAtSurface
4425.68 4224.97 320.495 5 8 2 4 1.01417e+06 26.0958 122389 2.05554 1.53332e+06 1.01417e+06 ZonesAtSurface
4475.65 4224.99 130.545 8 0 1 7 1.27385e+06 20.8218 99007.4 1.03014 5.38924e+06 1.27385e+06 ZonesAtSurface
4525.68 4225 140.555 7 0 1 6 1.15205e+06 36.2589 144517 1.74742 4.6994e+06 1.15205e+06 ZonesAtSurface
4575.58 4225.01 50.5908 10 0 1 7 1.11e+06 25.2698 62685.9 1.08093 8.15421e+06 1.11e+06 ZonesAtSurface
4625.49 4225.01 10.6171 32 0 1 7 775962 25.0424 72115.9 1.04301 9.21275e+06 775962 ZonesAtSurface
4675.42 4225.01 20.6725 22 0 1 6 1.39262e+06 42.9577 148286 1.28403 5.9058e+06 1.39262e+06 ZonesAtSurface
4725.37 4225.01 30.6974 68 0 1 5 782519 28.5857 97817.9 1.05157 3.42051e+06 782519 ZonesAtSurface
4775.28 4225.01 40.7446 72 10 1 4 1.14032e+06 27.9619 58165.1 1.73913 2.64145e+06 1.14032e+06 ZonesAtSurface
4825.2 4225.01 50.7381 86 0 1 3 877416 30.0966 87753.2 1.81729 2.78491e+06 877416 ZonesAtSurface
4875.13 4225.01 60.7233 53 14 1 2 1.22002e+06 43.6995 114193 2.11057 3.61607e+06 1.22002e+06 ZonesAtSurface
4925.07 4225.01 70.7201 86 0 1 1 1.01264e+06 34.4028 123403 1.44903 3.63234e+06 1.01264e+06 ZonesAtSurface
74.959 4275.05 -0.778358 121 13 1 2 1.14133e+06 24.1452 58809.4 1.1999 3.96048e+06 1.14133e+06 ZonesAtSurface
124.836 4275.03 -25.7662 97 0 1 3 1.01152e+06 31.9211 57893 1.23675 5.12963e+06 1.01152e+06 ZonesAtSurface
174.752 4275.03 -0.717841 84 58 1 3 1.46813e+06 21.8975 136139 2.61149 1.92798e+06 1.46813e+06 ZonesAtSurface
224.681 4275.03 -25.7644 90 0 1 4 1.38144e+06 22.6355 96624.4 1.16599 4.74964e+06 1.38144e+06 ZonesAtSurface
274.612 4275.03 -0.76032 81 28 1 4 1.17126e+06 37.9667 143489 2.10006 3.11015e+06 1.17126e+06 ZonesAtSurface
324.554 4275.02 -25.8193 53 0 1 5 1.04799e+06 35.3942 117288 1.07644 6.88907e+06 1.04799e+06 ZonesAtSurface
374.495 4275.02 -0.814738 43 0 1 5 611815 35.2805 142909 1.13514 2.97762e+06 611815 ZonesAtSurface
424.463 4275.01 -25.8608 12 0 1 6 762159 35.1061 64822 1.03032 8.24053e+06 762159 ZonesAtSurface
474.403 4275.01 -0.881459 18 0 1 6 638910 43.1428 50701.4 1.03399 9.12988e+06 638910 ZonesAtSurface
524.35 4275 24.0945 2 0 1 6 705272 38.7263 101470 1.38067 9.71978e+06 705272 ZonesAtSurface
574.258 4274.99 99.0688 7 0 1 5 757438 20.1951 135997 1.07751 3.5007e+06 757438 ZonesAtSurface
624.225 4274.98 174.047 3 0 2 4 1.02244e+06 43.7485 93963.9 1.1936 4.24651e+06 1.02244e+06 ZonesAtSurface
674.219 4274.98 249.03 8 8 2 3 873876 23.712 60769.4 1.33236 1.95989e+06 873876 ZonesAtSurface
724.232 4274.97 224.023 0 0 1 4 1.32448e+06 42.8703 85286.7 2.07484 3.81003e+06 1.32448e+06 ZonesAtSurface
774.234 4274.98 299.001 0 0 2 3 1.47933e+06 23.6771 120089 1.72743 2.83763e+06 1.47933e+06 ZonesAtSurface
824.248 4274.99 373.98 0 10 2 2 1.43049e+06 16.8851 103823 2.16928 1.77111e+06 1.43049e+06 ZonesAtSurface
874.249 4274.98 348.963 0 0 1 3 1.14371e+06 32.7515 86918 2.23352 2.50081e+06 1.14371e+06 ZonesAtSurface
924.258 4274.98 373.94 0 0 1 3 1.33144e+06 43.2905 70908 3.07153 2.73417e+06 1.33144e+06 ZonesAtSurface
974.268 4274.98 398.916 3 0 1 3 703815 31.7676 54358.8 1.07931 2.94188e+06 703815 ZonesAtSurface
1024.29 4274.99 473.883 0 0 2 2 1.33948e+06 38.3805 85601.1 2.33929 2.48805e+06 1.33948e+06 ZonesAtSurface
1074.32 4275 548.849 0 0 2 1 631275 32.2294 57106.8 1.37943 1.80368e+06 631275 ZonesAtSurface
1124.36 4275.01 623.818 0 10 0 0 1.34788e+06 24.8538 84201.7 3.64407 1.14536e+06 1.34788e+06 ZonesAtSurface
1174.39 4275.02 648.792 0 7 0 0 1.24894e+06 27.8512 88283.3 3.64046 1.11773e+06 1.24894e+06 ZonesAtSurface
1224.42 4275.02 673.767 0 9 0 0 850612 41.0611 142459 4.33415 800380 850612 ZonesAtSurface
1274.43 4275.01 648.747 0 2 2 1 742151 20.4403 110355 1.78385 1.1958e+06 742151 ZonesAtSurface
1324.46 4275.01 673.726 0 7 2 1 748136 33.2037 140403 3.52132 732129 748136 ZonesAtSurface
1374.47 4275 648.71 0 0 2 2 1.07832e+06 37.2541 139570 3.35512 1.44646e+06 1.07832e+06 ZonesAtSurface
1424.47 4274.98 573.704 1 5 2 4 1.38136e+06 30.9834 81273.5 1.13832 4.19788e+06 1.38136e+06 ZonesAtSurface
1474.5 4274.98 598.683 0 9 2 4 1.3896e+06 16.391 70380.8 1.52555 2.42418e+06 1.3896e+06 ZonesAtSurface
1524.53 4274.97 623.662 7 10 2 4 1.40682e+06 15.6596 68594.3 2.27767 1.62248e+06 1.40682e+06 ZonesAtSurface
1574.57 4274.98 498.712 1 0 1 7 856219 16.4577 66928 1.0584 3.06143e+06 856219 ZonesAtSurface
1624.61 4274.97 523.701 1 4 1 7 1.10492e+06 27.3962 56223.7 1.15712 3.09036e+06 1.10492e+06 ZonesAtSurface
1674.65 4275 398.736 4 0 1 10 716968 32.4432 86153.9 1.01359 6.28833e+06 716968 ZonesAtSurface
1724.69 4275 423.739 10 0 1 10 1.40318e+06 27.8433 63259.5 1.00803 5.16633e+06 1.40318e+06 ZonesAtSurface
1774.73 4275 448.748 0 2 2 10 1.44624e+06 37.7898 143063 1.21047 4.53641e+06 1.44624e+06 ZonesAtSurface
1824.77 4275 473.761 6 1 2 10 611449 38.0981 88491.8 1.25033 1.81868e+06 611449 ZonesAtSurface
1874.8 4275 498.776 7 9 2 10 1.2682e+06 25.9967 148550 1.67212 2.35141e+06 1.2682e+06 ZonesAtSurface
1924.85 4275 523.796 7 9 2 10 725305 28.7471 53069.5 1.88586 1.26697e+06 725305 ZonesAtSurface
1974.9 4275.01 498.806 0 10 2 11 895640 35.482 91916.7 1.30051 2.51818e+06 895640 ZonesAtSurface
2024.96 4275.01 461.324 8 0 1 11 689350 30.2634 80312.1 1.01584 2.55537e+06 689350 ZonesAtSurface
2075.02 4275.01 311.353 0 0 1 12 1.04108e+06 31.0549 88863.6 2.06938 6.25169e+06 1.04108e+06 ZonesAtSurface
2125.06 4275 311.389 0 0 1 10 1.44878e+06 31.685 106476 1.37275 6.3076e+06 1.44878e+06 ZonesAtSurface
2175.1 4275 211.414 2 0 1 10 807863 16.6678 53951.6 1.03183 4.78986e+06 807863 ZonesAtSurface
2225.12 4274.27 161.438 1 0 0 0 708610 36.6803 133482 1.00012 7.89961e+06 708610 ZonesAtSurface
2275.16 4274.99 11.4541 0 0 0 0 606013 18.4932 102020 1.60494 6.21479e+06 606013 ZonesAtSurface
2325.16 4274.99 -88.5369 0 0 0 0 885740 21.9527 134792 2.3649 6.96821e+06 885740 ZonesAtSurface
2375.17 4275 -188.529 3 0 0 0 1.09742e+06 16.2346 124310 1.53699 5.30472e+06 1.09742e+06 ZonesAtSurface
2425.15 4274.56 -238.529 10 8 0 0 1.25701e+06 19.5395 97627.7 0.636709 6.30529e+06 1.25701e+06 ZonesAtSurface
2475.12 4274.85 -338.522 10 6 0 0 1.13052e+06 25.848 96712.4 0 2.34738e+06 1.13052e+06 ZonesAtSurface
2525.07 4274.74 -368.516 10 0 0 0 1.24932e+06 43.6756 115224 3.01558 1.37533e+07 1.24932e+06 ZonesAtSurface
2575.02 4274.45 -328.503 6 0 0 0 815856 25.7863 109778 0.840576 7.80584e+06 815856 ZonesAtSurface
2624.99 4275.01 -338.496 0 0 0 0 1.27349e+06 30.4366 138197 3.01323 8.27391e+06 1.27349e+06 ZonesAtSurface
2674.95 4275.01 -298.492 0 0 0 0 555323 32.8143 115653 3.20571 7.09759e+06 555323 ZonesAtSurface
2724.91 4275.01 -258.495 0 0 0 0 531280 32.7651 93695.1 3.85086 5.98005e+06 531280 ZonesAtSurface
2774.89 4275.01 -218.497 0 0 0 0 1.4451e+06 41.8965 124458 7.67369 5.60489e+06 1.4451e+06 ZonesAtSurface
2824.85 4274.71 -128.492 10 0 0 0 750368 23.7557 94611.5 1.23871 5.0309e+06 750368 ZonesAtSurface
2874.83 4274.98 -88.4897 0 0 0 0 852746 39.3566 62887.9 3.77066 6.31243e+06 852746 ZonesAtSurface
2924.81 4274.85 -48.4927 4 8 0 0 1.39783e+06 41.5276 95060.4 2.52566 2.49214e+06 1.39783e+06 ZonesAtSurface
2974.79 4274.72 -8.50556 5 9 0 0 649410 35.5216 115236 0.477855 7.51086e+06 649410 ZonesAtSurface
3024.87 4270.69 181.408 3 3 0 0 1.40227e+06 41.7371 88909.6 8.80446 3.01177e+06 1.40227e+06 ZonesAtSurface
3074.79 4274.71 71.4666 9 10 0 0 636288 15.1941 100377 0.331455 5.7347e+06 636288 ZonesAtSurface
3124.8 4274.58 111.45 6 9 0 0 1.09103e+06 19.8664 104641 0 2.83581e+06 1.09103e+06 ZonesAtSurface
3174.8 4275.01 101.429 0 0 0 0 1.22445e+06 15.4354 94298.7 1.31585 4.6752e+06 1.22445e+06 ZonesAtSurface
3224.82 4274.57 191.414 7 7 0 0 824095 15.9588 147915 0.315748 7.06688e+06 824095 ZonesAtSurface
3274.84 4275.01 181.385 0 0 2 10 978758 26.7441 80511.9 1.7363 5.40149e+06 978758 ZonesAtSurface
3324.85 4275 271.362 2 0 1 9 708719 32.3757 104395 1.08253 5.70077e+06 708719 ZonesAtSurface
3374.87 4275 361.329 9 0 1 8 1.32834e+06 36.9559 70471 1.42693 5.96181e+06 1.32834e+06 ZonesAtSurface
3424.9 4275 351.296 0 0 1 9 1.20883e+06 44.0889 87024 1.67802 7.29439e+06 1.20883e+06 ZonesAtSurface
3474.93 4275 441.248 1 0 1 8 679947 23.5791 74563.7 1.01867 4.26394e+06 679947 ZonesAtSurface
3524.97 4274.99 531.199 0 0 2 7 1.0578e+06 20.0438 87012.8 1.13429 2.90697e+06 1.0578e+06 ZonesAtSurface
3575.01 4274.99 621.159 9 9 2 6 578559 19.1903 79408.2 1.57944 982636 578559 ZonesAtSurface
3625.06 4274.99 561.165 2 0 1 8 942522 28.0198 115212 1.03983 3.60505e+06 942522 ZonesAtSurface
3675.1 4274.98 551.158 7 0 1 9 1.09647e+06 20.2942 74713.2 1.02305 4.74665e+06 1.09647e+06 ZonesAtSurface
3725.16 4275 491.177 5 0 1 11 1.45558e+06 21.0996 77276.8 1.00301 6.51151e+06 1.45558e+06 ZonesAtSurface
3775.19 4274.98 591.137 5 0 1 9 1.26626e+06 20.3708 65009.5 1.02694 4.59011e+06 1.26626e+06 ZonesAtSurface
3825.22 4274.97 701.056 4 4 1 6 1.35662e+06 23.3514 59448.9 1.0804 3.76279e+06 1.35662e+06 ZonesAtSurface
3875.28 4274.97 711.036 5 0 2 5 603133 15.3041 84471.6 1.17547 1.69374e+06 603133 ZonesAtSurface
3925.33 4274.98 721.041 4 9 2 4 1.29288e+06 29.9401 55741.2 1.29495 3.46159e+06 1.29288e+06 ZonesAtSurface
3975.32 4274.98 781.067 4 9 1 2 707053 33.231 135947 1.74095 1.3655e+06 707053 ZonesAtSurface
4025.42 4274.98 691.126 6 9 2 3 554347 23.1577 61885.4 1.19964 1.34856e+06 554347 ZonesAtSurface
4075.5 4274.99 601.2 0 0 2 4 1.47295e+06 31.4863 100995 1.09465 4.85353e+06 1.47295e+06 ZonesAtSurface
4125.56 4274.99 511.275 6 0 1 5 1.16217e+06 18.4138 95434.7 1.03892 3.51422e+06 1.16217e+06 ZonesAtSurface
4175.57 4275 321.369 0 0 1 8 1.23104e+06 40.4627 141376 1.81062 7.22407e+06 1.23104e+06 ZonesAtSurface
4225.6 4275 331.396 6 0 1 7 605160 26.2453 59699.5 1.02135 4.56619e+06 605160 ZonesAtSurface
4275.62 4274.99 391.425 5 9 1 5 1.12132e+06 37.8115 115907 2.02673 2.48354e+06 1.12132e+06 ZonesAtSurface
4325.64 4274.99 301.45 9 0 1 6 830509 25.3274 57617.7 1.05162 4.43635e+06 830509 ZonesAtSurface
4375.66 4274.99 261.477 0 0 1 6 1.26439e+06 25.969 65529.4 1.09195 4.90648e+06 1.26439e+06 ZonesAtSurface
4425.68 4274.99 271.492 2 0 2 5 662931 37.4139 73268.3 1.12383 2.67601e+06 662931 ZonesAtSurface
4475.71 4274.99 231.508 1 1 2 5 1.48954e+06 39.5 85447.9 1.41501 4.98385e+06 1.48954e+06 ZonesAtSurface
4525.56 4275.01 41.5552 0 0 1 8 1.26064e+06 38.031 91057.6 2.15281 8.99804e+06 1.26064e+06 ZonesAtSurface
4575.51 4275.01 1.56256 5 0 1 8 546128 17.8638 149642 1.01761 8.33335e+06 546128 ZonesAtSurface
4625.49 4275.01 11.6024 25 0 1 7 955593 21.6 137955 1.03771 8.67593e+06 955593 ZonesAtSurface
4675.43 4275.01 21.6569 41 0 1 6 706301 27.8001 68880.8 1.33227 4.29702e+06 706301 ZonesAtSurface
4725.37 4275.01 31.6927 73 0 1 5 823630 22.7323 66266.7 1.05537 3.68694e+06 823630 ZonesAtSurface
4775.28 4275.01 41.7309 70 0 1 4 934487 22.6291 81945.9 1.46806 2.18591e+06 934487 ZonesAtSurface
4825.2 4275.01 51.7322 72 3 1 3 1.09691e+06 41.7446 99446.7 1.87106 4.20378e+06 1.09691e+06 ZonesAtSurface
4875.13 4275.01 61.7139 67 0 1 2 663491 44.0865 135359 2.7363 3.29843e+06 663491 ZonesAtSurface
4925.06 4275.02 71.7072 76 9 1 1 1.26158e+06 35.9634 79424.2 1.51075 4.36368e+06 1.26158e+06 ZonesAtSurface
74.9256 4325.03 -49.8314 74 0 1 3 1.11599e+06 34.0265 111995 1.38198 8.84263e+06 1.11599e+06 ZonesAtSurface
124.844 4325.03 -24.7548 67 18 1 3 1.14582e+06 34.5898 101388 1.73586 3.27163e+06 1.14582e+06 ZonesAtSurface
174.765 4325.03 -49.7863 76 0 1 4 761949 35.6208 74441.7 1.09559 6.26429e+06 761949 ZonesAtSurface
224.677 4325.03 -24.7603 82 17 1 4 1.44611e+06 23.5508 73977.5 1.47669 3.59194e+06 1.44611e+06 ZonesAtSurface
274.621 4325.03 -49.8211 70 0 1 5 1.12973e+06 30.4588 71469.5 1.19531 7.43286e+06 1.12973e+06 ZonesAtSurface
324.546 4325.03 -24.8253 40 0 1 5 966717 25.7754 53300.7 1.4023 3.89897e+06 966717 ZonesAtSurface
374.518 4325.02 -49.8684 11 0 1 6 768672 34.7304 102372 1.01169 8.40981e+06 768672 ZonesAtSurface
424.461 4325.02 -24.8658 25 0 1 6 728906 34.0976 78276 1.02049 5.87156e+06 728906 ZonesAtSurface
474.439 4325.02 -49.9169 0 0 1 7 1.42045e+06 43.0362 149420 2.56242 1.05952e+07 1.42045e+06 ZonesAtSurface
524.35 4325.01 25.0869 10 0 1 6 1.30618e+06 25.7592 73792.6 1.04356 7.59463e+06 1.30618e+06 ZonesAtSurface
574.256 4325 100.058 6 0 2 5 874210 17.1128 71519 1.06404 3.29912e+06 874210 ZonesAtSurface
624.221 4325 175.037 2 0 2 4 1.02585e+06 20.3333 77265.6 1.07381 3.01634e+06 1.02585e+06 ZonesAtSurface
674.218 4324.99 250.023 8 0 2 3 560293 34.0187 81931.7 1.08088 1.98443e+06 560293 ZonesAtSurface
724.231 4324.99 325.006 7 8 2 2 622172 22.3517 112945 1.15218 1.5223e+06 622172 ZonesAtSurface
774.241 4324.99 349.99 0 8 2 2 1.18744e+06 42.508 62253 3.3221 1.73658e+06 1.18744e+06 ZonesAtSurface
824.25 4325 374.971 0 0 2 2 1.00981e+06 28.5619 130634 1.94936 1.87226e+06 1.00981e+06 ZonesAtSurface
874.26 4325 399.95 0 0 2 2 1.36887e+06 28.5805 80093.8 2.35627 2.20863e+06 1.36887e+06 ZonesAtSurface
924.269 4325 424.926 0 0 2 2 613870 33.6946 135369 1.235 2.40337e+06 613870 ZonesAtSurface
974.282 4325 449.901 2 0 1 2 504491 25.5531 70827.1 1.00864 2.18544e+06 504491 ZonesAtSurface
1024.31 4325.01 524.868 0 6 2 1 622630 40.7774 89241.6 1.58409 1.76591e+06 622630 ZonesAtSurface
1074.35 4325.02 599.836 0 8 0 0 1.20407e+06 19.3758 93262.8 2.82475 1.24162e+06 1.20407e+06 ZonesAtSurface
1124.37 4325.02 624.809 0 8 0 0 689804 28.0626 53878.3 1.96407 1.1827e+06 689804 ZonesAtSurface
1174.4 4325.02 649.783 0 0 0 0 674104 38.3311 88789.9 2.85294 1.07228e+06 674104 ZonesAtSurface
1224.43 4325.02 674.757 0 0 0 0 1.04511e+06 40.5373 51197 6.1837 831442 1.04511e+06 ZonesAtSurface
1274.46 4325.03 699.732 0 0 0 0 1.22339e+06 15.7246 84998.1 5.69397 593994 1.22339e+06 ZonesAtSurface
1324.46 4325.02 674.711 0 0 2 1 1.36063e+06 40.5875 65834.4 10 698322 1.36063e+06 ZonesAtSurface
1374.5 4325.02 699.691 0 6 2 1 1.25042e+06 36.7091 85679.2 9.29737 616963 1.25042e+06 ZonesAtSurface
1424.51 4325.01 674.672 0 0 1 2 837968 22.9199 84693.7 2.31006 1.25532e+06 837968 ZonesAtSurface
1474.52 4324.99 649.656 0 2 2 3 1.33878e+06 31.8277 123852 1.62904 2.93531e+06 1.33878e+06 ZonesAtSurface
1524.54 4324.98 624.644 1 7 2 4 1.38248e+06 25.2981 111633 1.1433 3.76599e+06 1.38248e+06 ZonesAtSurface
1574.58 4324.98 649.619 0 6 2 4 1.29995e+06 17.9212 50325.6 1.41803 2.50144e+06 1.29995e+06 ZonesAtSurface
1624.61 4324.99 524.684 4 4 2 7 1.48248e+06 36.3577 107796 1.02213 5.54648e+06 1.48248e+06 ZonesAtSurface
1674.65 4325 399.72 4 0 1 10 1.35192e+06 20.9035 53619.3 1.01175 6.41172e+06 1.35192e+06 ZonesAtSurface
1724.69 4324.99 474.729 9 0 1 9 819967 29.0467 53071.7 1.03654 2.89609e+06 819967 ZonesAtSurface
1774.73 4325 449.732 8 0 1 10 638474 42.2872 133194 1.03584 5.29333e+06 638474 ZonesAtSurface
1824.79 4325 424.741 4 0 1 11 780786 39.791 149000 1.01259 6.65542e+06 780786 ZonesAtSurface
1874.83 4325 449.759 4 0 1 11 1.22553e+06 41.1936 124812 1.0099 5.51516e+06 1.22553e+06 ZonesAtSurface
1924.88 4325 424.775 0 0 1 12 961305 36.8882 94869 1.25522 6.51669e+06 961305 ZonesAtSurface
1974.93 4325 399.792 0 0 1 13 1.40371e+06 30.3464 70595.9 1.39116 7.31837e+06 1.40371e+06 ZonesAtSurface
2024.97 4325.01 412.317 6 0 1 12 712515 18.9352 89583.2 1.01064 4.12315e+06 712515 ZonesAtSurface
2075.02 4325.01 312.348 0 0 1 12 1.07917e+06 43.3059 88829.8 3.27692 6.58884e+06 1.07917e+06 ZonesAtSurface
2125.06 4325 312.384 0 0 1 10 998284 34.3819 111651 1.43915 6.15455e+06 998284 ZonesAtSurface
2175.1 4324.99 212.409 0 0 1 10 966629 43.1837 84692.4 3.32721 6.69545e+06 966629 ZonesAtSurface
2225.13 4324.99 112.433 0 0 0 0 502738 18.1333 98841 1.20221 6.05187e+06 502738 ZonesAtSurface
2275.15 4325 12.4499 0 0 0 0 516343 36.4916 55182.9 6.17715 4.45667e+06 516343 ZonesAtSurface
2325.17 4325 -87.5396 0 0 0 0 1.42878e+06 35.4233 81448 10 3.3584e+06 1.42878e+06 ZonesAtSurface
2375.17 4325.01 -187.532 0 0 0 0 857964 15.2053 67422.6 3.63386 2.7389e+06 857964 ZonesAtSurface
2425.15 4325.02 -287.527 0 0 0 0 637210 25.7653 53097.4 5.59124 3.96341e+06 637210 ZonesAtSurface
2475.12 4325 -337.525 0 0 0 0 1.24339e+06 27.144 128361 2.49872 1.12414e+07 1.24339e+06 ZonesAtSurface
2525.07 4324.78 -367.513 10 0 0 0 552453 42.7047 148446 3.05567 1.17234e+07 552453 ZonesAtSurface
2575.03 4325.02 -377.507 0 0 0 0 899804 16.0376 121838 1.43038 8.26628e+06 899804 ZonesAtSurface
2624.97 4324.59 -287.484 10 8 0 0 678768 16.7736 74317.9 0.371361 5.107e+06 678768 ZonesAtSurface
2674.92 4324.59 -247.489 7 8 0 0 975727 33.6523 141713 0.771737 5.91005e+06 975727 ZonesAtSurface
2724.9 4324.44 -207.492 2 0 0 0 1.46382e+06 39.0918 79201.9 1.00151 1.13054e+07 1.46382e+06 ZonesAtSurface
2774.87 4324.58 -167.49 10 9 0 0 595921 39.7497 69988.7 0 39104.3 595921 ZonesAtSurface
2824.84 4324.87 -127.489 5 9 0 0 1.41088e+06 19.6396 58512.3 0 1.99482e+06 1.41088e+06 ZonesAtSurface
2874.91 4317.35 162.451 0 0 0 0 1.41139e+06 19.2486 139465 1.63074 6.1709e+06 1.41139e+06 ZonesAtSurface
2924.81 4324.98 -47.5048 0 0 0 0 1.23664e+06 31.9203 86005.9 3.01803 7.87144e+06 1.23664e+06 ZonesAtSurface
2974.83 4322.77 92.4513 3 0 0 0 888477 41.303 120222 3.73122 6.16125e+06 888477 ZonesAtSurface
3024.8 4324.98 32.469 0 0 0 0 707087 44.2987 144970 4.78977 5.24782e+06 707087 ZonesAtSurface
3074.8 4324.98 72.461 5 0 0 0 1.18969e+06 17.9292 109155 1.36235 4.69345e+06 1.18969e+06 ZonesAtSurface
3124.9 4318.87 312.402 4 0 0 0 991531 25.5202 58888.4 2.36254 3.5825e+06 991531 ZonesAtSurface
3174.81 4324.72 152.426 7 8 0 0 807000 30.2882 118406 0.48961 7.56345e+06 807000 ZonesAtSurface
3224.82 4324.85 192.408 10 10 0 0 761395 32.7277 122910 1.2082 2.34388e+06 761395 ZonesAtSurface
3274.83 4324.99 232.385 8 0 1 9 1.18815e+06 15.3856 101797 1.18821 4.95129e+06 1.18815e+06 ZonesAtSurface
3324.85 4325 272.359 3 0 1 9 595382 21.5529 129767 1.03336 4.26698e+06 595382 ZonesAtSurface
3374.87 4325.01 362.332 1 0 1 8 1.00248e+06 35.4843 85119.3 1.94845 5.25642e+06 1.00248e+06 ZonesAtSurface
3424.9 4325.02 502.254 9 10 2 6 1.37049e+06 18.5736 68123 0 2.03846e+06 1.37049e+06 ZonesAtSurface
3474.94 4325.01 492.225 3 0 1 7 611161 40.7299 98875.6 1.08875 4.61253e+06 611161 ZonesAtSurface
3524.98 4325 532.186 9 0 1 7 1.01882e+06 29.9443 116600 1.1384 4.35192e+06 1.01882e+06 ZonesAtSurface
3575.02 4325 522.167 8 0 1 8 886126 32.0504 131532 1.00507 4.87038e+06 886126 ZonesAtSurface
3625.06 4325 512.158 0 0 1 9 1.47001e+06 34.8157 121725 1.03071 8.53598e+06 1.47001e+06 ZonesAtSurface
3675.1 4324.99 552.136 2 0 1 9 822346 24.725 108652 1.01723 4.638e+06 822346 ZonesAtSurface
3725.14 4324.98 592.116 0 0 1 9 702802 39.1553 131523 1.01825 6.31082e+06 702802 ZonesAtSurface
3775.18 4324.98 642.081 8 7 1 8 1.1999e+06 15.823 101153 1.13237 2.78182e+06 1.1999e+06 ZonesAtSurface
3825.22 4324.98 702.042 0 0 2 6 727504 34.5428 104876 1.01299 3.46975e+06 727504 ZonesAtSurface
3875.24 4324.99 811.976 0 5 2 3 919758 35.505 84176 0 2.02377e+06 919758 ZonesAtSurface
3925.29 4324.99 772.022 0 0 2 3 984546 42.5164 80110.7 2.00492 2.43687e+06 984546 ZonesAtSurface
3975.36 4324.99 732.072 0 2 2 3 1.02921e+06 18.9976 146509 1.3673 2.07208e+06 1.02921e+06 ZonesAtSurface
4025.42 4325 692.125 2 4 2 3 876829 30.9253 100450 1.12201 2.61136e+06 876829 ZonesAtSurface
4075.47 4325 652.174 10 4 2 3 787712 17.6865 85064 1.08495 1.9307e+06 787712 ZonesAtSurface
4125.55 4325.01 512.27 9 0 1 5 1.27848e+06 44.0562 118423 1.30075 5.48926e+06 1.27848e+06 ZonesAtSurface
4175.57 4325 422.337 3 0 1 6 1.48478e+06 20.0976 94974 1.03225 5.27668e+06 1.48478e+06 ZonesAtSurface
4225.59 4325 332.384 3 0 1 7 1.00473e+06 30.8931 91594.6 1.11333 6.14634e+06 1.00473e+06 ZonesAtSurface
4275.62 4325 392.414 6 0 2 5 541756 31.604 143164 1.10022 2.35604e+06 541756 ZonesAtSurface
4325.64 4325 352.436 9 0 1 5 925810 33.0267 67773.4 1.10051 4.10661e+06 925810 ZonesAtSurface
4375.66 4325 312.462 7 0 1 5 829965 31.6842 141178 1.16229 3.76391e+06 829965 ZonesAtSurface
4425.68 4324.99 322.479 0 3 2 4 1.23446e+06 19.5024 115285 1.2694 2.73226e+06 1.23446e+06 ZonesAtSurface
4475.69 4325 332.492 1 7 2 3 679679 44.5949 149046 2.02896 1.37191e+06 679679 ZonesAtSurface
4525.61 4325 92.5507 4 0 1 7 1.44938e+06 17.4723 112721 1.03817 7.28604e+06 1.44938e+06 ZonesAtSurface
4575.63 4324.99 102.564 6 0 2 6 840436 44.8634 134836 1.33527 3.45229e+06 840436 ZonesAtSurface
4625.49 4325.01 12.5834 13 0 1 7 1.36503e+06 16.7138 125794 1.04145 8.65654e+06 1.36503e+06 ZonesAtSurface
4675.45 4325.01 22.6371 42 0 1 6 737081 44.008 141608 1.27243 7.81347e+06 737081 ZonesAtSurface
4725.37 4325.01 32.6921 57 6 1 5 1.10002e+06 38.7155 127767 1.06433 4.4599e+06 1.10002e+06 ZonesAtSurface
4775.29 4325.02 42.7199 74 0 1 4 724097 37.9562 118136 1.75806 2.21319e+06 724097 ZonesAtSurface
4825.2 4325.02 52.7302 81 0 1 3 529976 25.8781 87026.8 2.2917 1.72458e+06 529976 ZonesAtSurface
4875.12 4325.02 62.7064 66 6 1 2 1.34053e+06 32.5118 148290 2.49179 3.02108e+06 1.34053e+06 ZonesAtSurface
4925.06 4325.02 72.7026 83 0 1 1 1.29627e+06 27.9011 133450 1.66443 3.5676e+06 1.29627e+06 ZonesAtSurface
74.9268 4375.03 -48.8286 100 0 1 3 535210 27.6453 118014 1.46673 5.61078e+06 535210 ZonesAtSurface
124.854 4375.03 -23.75 64 70 1 3 1.27014e+06 39.6025 80442.9 2.29941 3.1787e+06 1.27014e+06 ZonesAtSurface
174.762 4375.03 -48.7842 98 0 1 4 832722 19.5183 89327.5 1.05913 3.94279e+06 832722 ZonesAtSurface
224.676 4375.03 -23.7586 86 41 1 4 1.04544e+06 39.8296 118436 1.8397 2.67434e+06 1.04544e+06 ZonesAtSurface
274.621 4375.03 -48.8164 55 0 1 5 1.05978e+06 31.7182 125316 1.20519 6.02414e+06 1.05978e+06 ZonesAtSurface
324.547 4375.03 -23.8205 67 0 1 5 993536 18.5294 118089 1.42298 2.51931e+06 993536 ZonesAtSurface
374.517 4375.03 -48.8696 21 0 1 6 774994 29.1556 71936.7 1.01072 6.10037e+06 774994 ZonesAtSurface
424.465 4375.03 -23.8647 28 0 1 6 1.05781e+06 24.5765 62951.8 1.13874 3.30946e+06 1.05781e+06 ZonesAtSurface
474.437 4375.02 -48.9206 6 0 1 7 1.2036e+06 26.8735 83849.9 1.08544 1.09777e+07 1.2036e+06 ZonesAtSurface
524.337 4375.03 26.0775 6 0 1 6 768707 41.5832 134169 1.09306 7.44631e+06 768707 ZonesAtSurface
574.254 4375.02 101.048 6 0 2 5 1.3077e+06 30.9343 116815 1.09899 5.1577e+06 1.3077e+06 ZonesAtSurface
624.221 4375.01 176.029 0 0 2 4 521101 43.7928 72452.4 1.24762 3.8656e+06 521101 ZonesAtSurface
674.222 4375.01 301.012 0 2 2 2 1.48975e+06 28.8856 65034.2 3.18567 1.54988e+06 1.48975e+06 ZonesAtSurface
724.233 4375 325.999 4 0 2 2 555726 25.94 131011 1.12773 1.54274e+06 555726 ZonesAtSurface
774.243 4375 350.983 0 0 2 2 1.23419e+06 28.3136 126999 2.44127 1.81572e+06 1.23419e+06 ZonesAtSurface
824.265 4375.01 425.96 0 7 2 1 1.00789e+06 31.7755 142433 2.68066 1.25563e+06 1.00789e+06 ZonesAtSurface
874.275 4375.01 450.939 0 8 2 1 1.30818e+06 19.7523 50497.6 2.68855 1.38978e+06 1.30818e+06 ZonesAtSurface
924.286 4375.01 475.915 0 0 2 1 1.31658e+06 30.7361 77488.9 3.02497 1.57604e+06 1.31658e+06 ZonesAtSurface
974.298 4375.02 500.888 0 0 2 1 1.27314e+06 37.0206 56218.4 3.60997 1.65854e+06 1.27314e+06 ZonesAtSurface
1024.33 4375.02 575.858 0 10 0 0 1.16983e+06 17.2174 141898 2.34997 1.31601e+06 1.16983e+06 ZonesAtSurface
1074.35 4375.02 600.831 0 3 0 0 770217 16.311 94851.6 1.61829 1.24014e+06 770217 ZonesAtSurface
1124.37 4375.03 625.803 0 0 0 0 550587 42.5327 100250 2.18345 1.27936e+06 550587 ZonesAtSurface
1174.4 4375.03 650.775 0 0 0 0 1.26097e+06 23.782 57314.3 3.69238 1.11174e+06 1.26097e+06 ZonesAtSurface
1224.43 4375.03 675.747 0 0 0 0 1.08915e+06 24.7547 120161 4.21681 893431 1.08915e+06 ZonesAtSurface
1274.46 4375.03 700.721 0 0 0 0 852338 41.9066 50247.3 8.83193 564021 852338 ZonesAtSurface
1324.49 4375.03 725.696 0 10 0 0 710391 17.5332 117184 5.74118 380410 710391 ZonesAtSurface
1374.5 4375.02 700.675 0 0 2 1 657651 31.3365 90228.8 5.35784 614177 657651 ZonesAtSurface
1424.53 4375.03 725.654 0 7 2 1 1.15583e+06 32.9414 114784 5.32656 887686 1.15583e+06 ZonesAtSurface
1474.54 4375.01 700.633 0 0 2 2 811275 15.8383 81603.5 1.88396 1.28206e+06 811275 ZonesAtSurface
1524.58 4375.01 725.608 0 3 2 2 1.12442e+06 22.979 77961 1.62125 2.03803e+06 1.12442e+06 ZonesAtSurface
1574.6 4374.99 700.587 0 8 2 3 1.45571e+06 36.7524 126092 1.88226 2.93267e+06 1.45571e+06 ZonesAtSurface
1624.62 4374.99 575.648 5 0 1 6 534569 33.2742 62555.6 1.02358 2.90364e+06 534569 ZonesAtSurface
1674.65 4375 450.696 2 0 1 9 749407 17.1185 64453.7 1.03596 3.85648e+06 749407 ZonesAtSurface
1724.7 4375 425.707 3 0 1 10 795633 30.4884 73867.7 1.05484 6.42098e+06 795633 ZonesAtSurface
1774.73 4375 500.726 8 7 2 9 1.43484e+06 17.0482 51730.4 1.60548 2.42485e+06 1.43484e+06 ZonesAtSurface
1824.78 4375 475.734 3 0 2 10 606428 35.0383 54063.4 1.21747 1.83072e+06 606428 ZonesAtSurface
1874.81 4375.01 500.757 3 9 2 10 1.115e+06 32.7283 59076.5 2.22463 1.79665e+06 1.115e+06 ZonesAtSurface
1924.87 4375.01 475.774 3 2 2 11 1.22499e+06 19.714 80114.6 1.18187 2.8816e+06 1.22499e+06 ZonesAtSurface
1974.91 4375.01 500.796 9 6 2 11 595660 15.2086 96923.7 1.25637 1.24536e+06 595660 ZonesAtSurface
2024.97 4375.01 413.31 9 0 1 12 581537 35.6332 102961 1.02562 5.38448e+06 581537 ZonesAtSurface
2075.01 4375 413.35 10 7 1 10 1.40302e+06 40.5112 121628 1.37004 4.55978e+06 1.40302e+06 ZonesAtSurface
2125.06 4375 363.385 7 6 2 9 1.05861e+06 40.2562 117078 1.60819 3.15167e+06 1.05861e+06 ZonesAtSurface
2175.09 4374.99 213.403 0 0 1 10 1.25461e+06 35.0854 146826 2.72884 7.3411e+06 1.25461e+06 ZonesAtSurface
2225.13 4374.99 113.426 0 0 0 0 768041 26.9214 91324.5 1.89943 8.31845e+06 768041 ZonesAtSurface
2275.15 4374.99 13.4439 0 0 0 0 1.10722e+06 37.2312 141689 5.01727 7.16368e+06 1.10722e+06 ZonesAtSurface
2325.17 4375 -86.5421 0 0 0 0 730810 42.205 56094.3 6.42085 6.38265e+06 730810 ZonesAtSurface
2375.17 4375.01 -186.532 0 0 0 0 1.12137e+06 27.193 85514.3 3.30062 5.27505e+06 1.12137e+06 ZonesAtSurface
2425.16 4374.72 -236.526 10 0 0 0 1.42868e+06 42.7393 125094 2.84019 9.39406e+06 1.42868e+06 ZonesAtSurface
2475.13 4375.01 -336.523 0 0 0 0 1.19574e+06 22.2087 57393.8 2.12156 7.31486e+06 1.19574e+06 ZonesAtSurface
2525.07 4374.91 -366.508 8 7 0 0 608065 35.7471 131631 1.57053 1.27632e+06 608065 ZonesAtSurface
2575.01 4374.77 -326.486 6 10 0 0 1.1829e+06 41.8508 149495 0.79183 6.34427e+06 1.1829e+06 ZonesAtSurface
2624.96 4374.87 -286.479 10 8 0 0 649806 16.167 90637 0 496886 649806 ZonesAtSurface
2674.91 4374.75 -246.483 10 0 0 0 518007 27.8557 111333 2.04592 4.43707e+06 518007 ZonesAtSurface
2724.91 4375.02 -256.497 0 0 0 0 570209 18.7899 120966 1.15498 7.21556e+06 570209 ZonesAtSurface
2774.87 4374.71 -166.506 9 0 0 0 1.41953e+06 28.6286 98265.1 1.00229 1.51565e+07 1.41953e+06 ZonesAtSurface
2824.86 4374.08 -76.5372 8 0 0 0 940886 17.7692 97884.5 1.00082 1.39175e+07 940886 ZonesAtSurface
2874.89 4368.86 113.45 0 0 0 0 1.20168e+06 36.1854 55189.3 2.30002 7.40091e+06 1.20168e+06 ZonesAtSurface
2924.88 4368.84 153.44 2 0 0 0 593705 36.6843 95880 2.5681 6.39175e+06 593705 ZonesAtSurface
2974.88 4368.84 193.433 4 0 0 0 691518 33.6094 113505 2.70718 5.77156e+06 691518 ZonesAtSurface
3024.82 4374.93 33.4293 7 0 0 0 827166 21.8735 51347.8 1.24701 2.16608e+07 827166 ZonesAtSurface
3074.85 4370.78 223.421 9 0 0 0 1.4883e+06 31.7556 87057.2 1.48021 5.47997e+06 1.4883e+06 ZonesAtSurface
3124.83 4374.97 113.424 0 0 0 0 668072 43.1167 72781.4 3.62539 1.42864e+07 668072 ZonesAtSurface
3174.82 4374.98 153.413 4 0 0 0 756616 23.8033 62854.2 1.16543 8.37247e+06 756616 ZonesAtSurface
3224.83 4374.99 193.399 0 0 0 0 1.32752e+06 33.8651 66224.2 2.73819 7.15764e+06 1.32752e+06 ZonesAtSurface
3274.84 4375 233.381 0 0 1 9 1.40298e+06 39.2058 62387.1 3.1652 6.28791e+06 1.40298e+06 ZonesAtSurface
3324.85 4375.01 273.357 2 0 1 9 1.02244e+06 28.0444 135489 1.44654 5.32033e+06 1.02244e+06 ZonesAtSurface
3374.87 4375.01 313.325 0 0 1 9 1.19934e+06 29.1708 99021.7 1.54065 6.34257e+06 1.19934e+06 ZonesAtSurface
3424.9 4375.01 403.277 5 0 1 8 1.42906e+06 32.2142 101903 1.32718 7.24859e+06 1.42906e+06 ZonesAtSurface
3474.94 4375.01 443.229 1 0 1 8 821909 29.2101 97653 1.39708 5.9843e+06 821909 ZonesAtSurface
3524.97 4375 533.174 8 0 1 7 1.49207e+06 43.0046 133260 1.25359 6.56507e+06 1.49207e+06 ZonesAtSurface
3575.01 4374.98 673.096 3 8 2 5 1.36821e+06 41.1385 84012.7 1.25399 4.57231e+06 1.36821e+06 ZonesAtSurface
3625.06 4375 563.129 7 0 1 8 1.48037e+06 36.0065 77492 1.04918 6.429e+06 1.48037e+06 ZonesAtSurface
3675.09 4374.99 603.104 1 0 1 8 1.38232e+06 39.3763 111762 1.00857 6.12466e+06 1.38232e+06 ZonesAtSurface
3725.12 4374.98 693.047 4 0 2 7 1.19276e+06 21.3768 125606 1.0286 3.85785e+06 1.19276e+06 ZonesAtSurface
3775.17 4374.98 693.037 2 0 2 7 1.0521e+06 23.6172 95244.8 1.02723 3.78558e+06 1.0521e+06 ZonesAtSurface
3825.21 4374.98 752.994 6 10 1 5 1.43407e+06 26.291 55698 1.19124 3.84333e+06 1.43407e+06 ZonesAtSurface
3875.23 4374.99 812.97 5 0 2 3 526373 15.5643 54741.7 1.44252 1.0233e+06 526373 ZonesAtSurface
3925.32 4374.99 723.033 0 0 1 4 1.4755e+06 31.1309 52547.7 1.31994 4.21953e+06 1.4755e+06 ZonesAtSurface
3975.35 4375 733.071 0 0 2 3 545326 24.5513 52496.8 1.18604 1.45545e+06 545326 ZonesAtSurface
4025.41 4375.01 693.122 6 0 2 3 990165 15.2618 96143 1.32817 2.12621e+06 990165 ZonesAtSurface
4075.5 4375 553.206 1 0 1 5 1.32413e+06 41.4781 57346.2 1.4198 6.25947e+06 1.32413e+06 ZonesAtSurface
4125.53 4375.01 413.298 0 0 1 7 1.14497e+06 27.8582 145113 1.02821 6.78852e+06 1.14497e+06 ZonesAtSurface
4175.56 4375.01 423.331 1 0 1 6 702529 42.9025 104340 1.19744 5.78884e+06 702529 ZonesAtSurface
4225.59 4375.01 383.371 9 0 1 6 1.12665e+06 25.7149 87804 1.10934 4.599e+06 1.12665e+06 ZonesAtSurface
4275.61 4375 393.398 3 0 1 5 1.07031e+06 28.3723 125819 1.01746 4.14153e+06 1.07031e+06 ZonesAtSurface
4325.63 4375 403.421 8 0 2 4 820484 42.7578 99738.2 1.23635 3.43643e+06 820484 ZonesAtSurface
4375.64 4375 413.445 9 5 1 3 847238 28.218 135645 1.71049 1.54745e+06 847238 ZonesAtSurface
4425.67 4375 373.467 0 5 2 3 1.14741e+06 17.567 52775.8 2.09091 1.49482e+06 1.14741e+06 ZonesAtSurface
4475.67 4375.01 383.485 0 7 2 2 731483 27.5732 108767 2.92212 766880 731483 ZonesAtSurface
4525.72 4374.99 243.505 1 0 2 4 500463 22.8969 140626 1.2072 1.23119e+06 500463 ZonesAtSurface
4575.57 4375.01 53.5568 3 0 1 7 1.26162e+06 31.057 121595 1.11912 8.90629e+06 1.26162e+06 ZonesAtSurface
4625.5 4375.01 13.5681 15 0 1 7 1.08785e+06 25.6673 99948.4 1.09379 1.22588e+07 1.08785e+06 ZonesAtSurface
4675.46 4375.01 23.6213 57 0 1 6 1.27599e+06 16.0774 73533.6 1.49118 3.92142e+06 1.27599e+06 ZonesAtSurface
4725.37 4375.01 33.6936 71 0 1 5 551308 19.4928 128670 1.07551 2.28617e+06 551308 ZonesAtSurface
4775.29 4375.02 43.7126 91 0 1 4 686180 22.0968 95994.4 1.20149 1.94729e+06 686180 ZonesAtSurface
4825.2 4375.02 53.7293 65 6 1 3 850969 35.402 122879 2.15694 2.47018e+06 850969 ZonesAtSurface
4875.12 4375.02 63.7063 45 4 1 2 948840 44.6648 139291 3.30687 2.93872e+06 948840 ZonesAtSurface
4925.06 4375.02 73.6994 62 0 1 1 792995 26.2455 126793 1.93141 2.59848e+06 792995 ZonesAtSurface
74.9326 4425.03 -47.8317 92 0 1 3 964908 21.0242 74476.7 1.43521 5.26917e+06 964908 ZonesAtSurface
124.863 4425.03 -22.7526 59 60 1 3 955009 33.2415 90279.4 2.2175 1.96387e+06 955009 ZonesAtSurface
174.768 4425.03 -47.784 86 0 1 4 1.0429e+06 35.117 55693.6 1.07176 4.88914e+06 1.0429e+06 ZonesAtSurface
224.686 4425.03 -22.7512 88 26 1 4 1.14792e+06 16.5389 120617 1.45653 2.18579e+06 1.14792e+06 ZonesAtSurface
274.627 4425.03 -47.807 71 0 1 5 874460 35.2733 128054 1.13674 5.7414e+06 874460 ZonesAtSurface
324.554 4425.03 -22.8103 69 0 1 5 679157 42.0676 120062 1.66597 2.68283e+06 679157 ZonesAtSurface
374.518 4425.03 -47.8654 27 0 1 6 1.46782e+06 17.6695 81718.2 1.01432 5.42561e+06 1.46782e+06 ZonesAtSurface
424.465 4425.03 -22.8657 26 7 1 6 1.0045e+06 44.0868 107800 1.32533 3.7143e+06 1.0045e+06 ZonesAtSurface
474.433 4425.02 -47.926 7 0 1 7 1.34846e+06 25.1436 69784.3 1.03596 1.11496e+07 1.34846e+06 ZonesAtSurface
524.382 4425.02 -22.9394 9 0 1 7 553117 27.2253 50004.4 1.06581 8.17798e+06 553117 ZonesAtSurface
574.304 4425.02 52.0509 6 0 1 6 805634 33.4409 110746 1.66323 7.50872e+06 805634 ZonesAtSurface
624.213 4425.01 227.015 0 6 2 3 1.02792e+06 27.0584 107487 1.74308 2.03082e+06 1.02792e+06 ZonesAtSurface
674.225 4425.01 302.006 0 0 2 2 1.28886e+06 23.9113 125270 3.49622 1.29813e+06 1.28886e+06 ZonesAtSurface
724.247 4425.02 376.992 0 6 2 1 525887 29.5518 57800.7 3.71335 458971 525887 ZonesAtSurface
774.257 4425.02 401.975 0 0 2 1 738863 27.8714 57351.1 2.88971 892154 738863 ZonesAtSurface
824.268 4425.02 426.955 0 0 2 1 683776 29.6012 135346 2.58596 1.14544e+06 683776 ZonesAtSurface
874.279 4425.02 451.933 0 0 2 1 819948 43.9435 136537 3.89354 1.37497e+06 819948 ZonesAtSurface
924.306 4425.03 526.906 0 9 0 0 1.20296e+06 16.905 104766 3.03713 1.05827e+06 1.20296e+06 ZonesAtSurface
974.32 4425.03 551.88 0 2 0 0 867087 17.46 124622 2.02479 1.137e+06 867087 ZonesAtSurface
1024.34 4425.03 576.853 0 0 0 0 934727 22.6014 115786 2.49259 1.1465e+06 934727 ZonesAtSurface
1074.35 4425.03 601.825 0 0 0 0 966798 15.5666 67579.9 2.27249 1.18385e+06 966798 ZonesAtSurface
1124.38 4425.03 626.797 0 0 0 0 589456 28.9606 70568.9 2.14185 1.17956e+06 589456 ZonesAtSurface
1174.4 4425.03 651.767 0 0 0 0 967708 31.935 78088.2 3.96562 1.03419e+06 967708 ZonesAtSurface
1224.43 4425.03 676.738 0 0 0 0 762475 19.6233 52387.5 2.64578 947073 762475 ZonesAtSurface
1274.46 4425.03 701.709 0 0 0 0 1.3356e+06 16.6644 119749 5.56317 699174 1.3356e+06 ZonesAtSurface
1324.5 4425.04 726.683 0 8 0 0 1.44695e+06 29.5394 119319 10 252343 1.44695e+06 ZonesAtSurface
1374.5 4425.03 701.658 0 0 2 1 1.22632e+06 25.1386 140815 9.15007 561604 1.22632e+06 ZonesAtSurface
1424.54 4425.03 726.636 0 0 2 1 791225 43.4942 129338 6.24419 861622 791225 ZonesAtSurface
1474.57 4425.03 751.612 0 8 2 1 1.20052e+06 41.2618 148529 7.04451 902249 1.20052e+06 ZonesAtSurface
1524.6 4425.02 776.588 0 0 2 1 617106 42.0723 51169.1 3.73256 1.07054e+06 617106 ZonesAtSurface
1574.62 4425.01 751.566 0 0 2 2 1.48487e+06 15.7122 113377 2.20694 1.81528e+06 1.48487e+06 ZonesAtSurface
1624.63 4424.99 676.57 0 0 2 4 992068 25.9404 51883.2 1.05689 2.99666e+06 992068 ZonesAtSurface
1674.66 4425 501.668 6 0 1 8 1.16513e+06 23.7358 78719.3 1.0088 5.53489e+06 1.16513e+06 ZonesAtSurface
1724.71 4425.01 426.692 2 0 1 10 683133 23.4225 99414.3 1.01631 5.69984e+06 683133 ZonesAtSurface
1774.75 4425 451.701 0 0 1 10 841522 41.9922 129923 1.46447 6.33697e+06 841522 ZonesAtSurface
1824.79 4425.01 426.715 2 0 1 11 736151 34.1739 52404.4 1.11301 7.12217e+06 736151 ZonesAtSurface
1874.84 4425.01 401.735 0 0 1 12 1.4504e+06 44.2413 142775 3.05913 6.97442e+06 1.4504e+06 ZonesAtSurface
1924.88 4425.01 426.757 0 0 1 12 1.26573e+06 31.577 124860 1.31794 6.50794e+06 1.26573e+06 ZonesAtSurface
1974.92 4425.01 451.779 6 0 1 12 1.18305e+06 42.6656 58253.8 1.01786 5.31796e+06 1.18305e+06 ZonesAtSurface
2024.96 4425 464.307 9 6 1 11 1.44548e+06 43.3636 99075.5 1.07373 5.92002e+06 1.44548e+06 ZonesAtSurface
2075.02 4425 364.334 3 0 1 11 1.10388e+06 32.4203 66600.1 1.04959 6.69155e+06 1.10388e+06 ZonesAtSurface
2125.06 4425 364.379 10 6 1 9 1.12597e+06 44.7556 82615.8 1.55421 3.95642e+06 1.12597e+06 ZonesAtSurface
2175.09 4424.98 214.396 1 0 1 10 1.49333e+06 33.8301 125979 2.4184 8.4502e+06 1.49333e+06 ZonesAtSurface
2225.11 4424.97 114.413 0 0 0 0 1.26231e+06 25.5827 126254 1.5155 1.21359e+07 1.26231e+06 ZonesAtSurface
2275.07 4420.04 214.436 7 0 0 0 1.28603e+06 35.3947 64221 2.20812 9.14145e+06 1.28603e+06 ZonesAtSurface
2325.16 4424.99 -85.5539 0 0 0 0 831759 41.516 87131.4 3.17862 1.04793e+07 831759 ZonesAtSurface
2375.17 4424.56 -135.54 10 8 0 0 975890 24.1663 116721 0.679128 5.13012e+06 975890 ZonesAtSurface
2425.15 4424.85 -235.532 10 8 0 0 716424 33.6035 91564.6 2.01448 1.58293e+06 716424 ZonesAtSurface
2475.1 4420.91 -185.565 0 0 0 0 552571 40.1489 107973 4.85909 8.60091e+06 552571 ZonesAtSurface
2525.07 4425.01 -365.514 4 0 0 0 1.16194e+06 18.2892 102668 1.58349 1.23714e+07 1.16194e+06 ZonesAtSurface
2575 4425 -325.501 9 0 0 0 595179 15.2471 78706.6 1.07047 8.0362e+06 595179 ZonesAtSurface
2624.97 4424.99 -285.501 5 0 0 0 878881 24.6424 114636 1.53311 1.32908e+07 878881 ZonesAtSurface
2674.94 4424.86 -245.504 6 7 0 0 835760 15.787 103057 0 1.84608e+06 835760 ZonesAtSurface
2724.89 4424.73 -205.514 0 0 0 0 616983 37.9726 105789 1.69639 1.3043e+06 616983 ZonesAtSurface
2774.87 4424.82 -165.545 1 1 0 0 1.32877e+06 39.9157 119251 1.58815 3.9939e+06 1.32877e+06 ZonesAtSurface
2824.88 4424.91 -125.574 6 0 0 0 1.43803e+06 20.7958 54511.5 1.01818 1.95811e+07 1.43803e+06 ZonesAtSurface
2874.89 4424.92 -85.5737 0 0 0 0 1.24848e+06 36.4722 140018 2.1239 2.7723e+07 1.24848e+06 ZonesAtSurface
2924.85 4424.94 -45.5709 0 0 0 0 673787 22.3331 142411 1.11044 1.97561e+07 673787 ZonesAtSurface
2974.83 4424.88 -5.58683 8 0 0 0 789759 35.7809 73579 2.58287 2.46072e+07 789759 ZonesAtSurface
3024.84 4424.79 34.3946 3 0 0 0 1.32584e+06 19.8063 116495 1.18858 3.47318e+07 1.32584e+06 ZonesAtSurface
3074.87 4424.85 74.3884 9 0 0 0 754847 34.8862 66932.6 1.79403 4.09953e+07 754847 ZonesAtSurface
3124.9 4418.82 314.389 3 0 0 0 1.30044e+06 18.0059 60524.1 1.8661 3.63639e+06 1.30044e+06 ZonesAtSurface
3174.85 4424.96 154.386 0 0 0 0 1.19259e+06 38.5226 106745 2.93176 1.72959e+07 1.19259e+06 ZonesAtSurface
3224.85 4424.98 194.382 3 0 0 0 807176 24.5596 101166 1.47915 1.05901e+07 807176 ZonesAtSurface
3274.85 4424.99 234.369 0 0 1 9 1.11009e+06 23.9278 126931 1.31963 7.53241e+06 1.11009e+06 ZonesAtSurface
3324.86 4425 274.349 1 0 1 9 825435 21.9647 101420 1.09806 5.72608e+06 825435 ZonesAtSurface
3374.88 4425.01 314.318 0 0 1 9 935323 41.1161 105031 2.56086 6.71055e+06 935323 ZonesAtSurface
3424.89 4425 454.252 6 3 2 7 1.36972e+06 23.4254 70344.5 1.12741 3.85126e+06 1.36972e+06 ZonesAtSurface
3474.93 4425.01 494.211 6 0 2 7 773220 16.3124 144171 1.16541 2.22642e+06 773220 ZonesAtSurface
3524.97 4425.01 534.167 3 0 1 7 1.33263e+06 22.9126 84667.3 1.02383 4.62906e+06 1.33263e+06 ZonesAtSurface
3575.01 4425 724.066 7 10 2 4 1.02921e+06 17.455 132903 1.21638 2.25904e+06 1.02921e+06 ZonesAtSurface
3625.04 4424.99 714.046 7 3 1 5 736463 19.2434 131823 1.07706 1.84314e+06 736463 ZonesAtSurface
3675.08 4424.98 704.033 1 0 1 6 941205 44.6255 135507 1.04921 5.61325e+06 941205 ZonesAtSurface
3725.11 4424.98 744 7 0 1 6 796097 20.8576 111146 1.08255 2.3618e+06 796097 ZonesAtSurface
3775.15 4424.98 793.964 0 9 1 5 1.12579e+06 42.157 70823.1 1.20144 4.06216e+06 1.12579e+06 ZonesAtSurface
3825.21 4424.99 753.983 8 9 1 5 818433 23.6863 124054 1.19839 1.96856e+06 818433 ZonesAtSurface
3875.26 4425 763.983 0 2 2 4 992341 41.8089 114431 1.54023 3.20183e+06 992341 ZonesAtSurface
3925.32 4425 724.029 0 0 2 4 943015 43.9975 90882.6 1.5987 3.66312e+06 943015 ZonesAtSurface
3975.37 4425 684.081 0 0 1 4 1.49331e+06 30.5656 100720 1.8946 3.41775e+06 1.49331e+06 ZonesAtSurface
4025.43 4425.01 644.131 0 0 2 4 861917 26.1484 81528.8 1.18191 2.67879e+06 861917 ZonesAtSurface
4075.48 4425.01 604.179 3 0 2 4 1.27662e+06 26.2362 91661.1 1.04378 4.19069e+06 1.27662e+06 ZonesAtSurface
4125.53 4425.01 514.255 8 0 1 5 1.00652e+06 21.3809 138733 1.02993 4.24524e+06 1.00652e+06 ZonesAtSurface
4175.55 4425.01 374.328 0 0 1 7 814745 22.0266 75992.1 1.002 5.35569e+06 814745 ZonesAtSurface
4225.58 4425 484.342 3 7 2 4 934891 44.2414 138314 1.58959 2.91519e+06 934891 ZonesAtSurface
4275.59 4425.01 494.375 4 10 2 3 1.06864e+06 22.1647 137871 1.59794 2.06133e+06 1.06864e+06 ZonesAtSurface
4325.63 4425.01 404.411 1 0 1 4 1.15131e+06 27.3455 66361.1 1.1716 3.68418e+06 1.15131e+06 ZonesAtSurface
4375.64 4425.01 414.438 0 1 2 3 1.25037e+06 18.4634 139190 2.0014 1.73862e+06 1.25037e+06 ZonesAtSurface
4425.65 4425.02 424.459 0 6 2 2 1.49637e+06 36.7441 147019 5.36799 1.06271e+06 1.49637e+06 ZonesAtSurface
4475.67 4425.01 384.478 0 4 2 2 992621 21.7296 64849.4 3.91176 733612 992621 ZonesAtSurface
4525.69 4425.01 344.492 0 9 2 2 1.40028e+06 16.5871 114215 6.69048 555471 1.40028e+06 ZonesAtSurface
4575.72 4425 204.512 1 6 2 4 879232 33.3021 64655 1.89243 1.95974e+06 879232 ZonesAtSurface
4625.49 4425.01 14.5558 0 0 1 7 881563 43.8106 117590 3.01717 1.20021e+07 881563 ZonesAtSurface
4675.46 4425.01 24.6002 40 0 1 6 664513 38.5799 53155.8 1.09404 1.00903e+07 664513 ZonesAtSurface
4725.37 4425.01 34.6839 64 0 1 5 959069 28.4527 142288 1.10887 3.94174e+06 959069 ZonesAtSurface
4775.3 4425.02 44.6978 63 26 1 4 1.43957e+06 36.2154 99005 1.67434 3.4347e+06 1.43957e+06 ZonesAtSurface
4825.21 4425.02 54.7166 106 0 1 3 1.04199e+06 15.3397 146229 1.51714 2.21802e+06 1.04199e+06 ZonesAtSurface
4875.12 4425.02 64.7083 74 0 1 2 806016 30.8694 70590.2 1.74349 2.89678e+06 806016 ZonesAtSurface
4925.05 4425.02 74.6921 97 7 1 1 1.4373e+06 32.3005 130634 2.03652 3.64457e+06 1.4373e+06 ZonesAtSurface
74.9374 4475.03 -46.8402 65 0 1 3 1.32991e+06 36.8742 114103 1.57099 8.74736e+06 1.32991e+06 ZonesAtSurface
124.869 4475.02 -21.7613 63 23 1 3 1.12741e+06 17.3792 119328 1.70852 1.98294e+06 1.12741e+06 ZonesAtSurface
174.777 4475.02 -46.7857 85 0 1 4 529498 28.7095 139828 1.01057 3.87928e+06 529498 ZonesAtSurface
224.699 4475.02 -21.7434 90 33 1 4 684592 32.6042 92705 1.66502 1.58763e+06 684592 ZonesAtSurface
274.635 4475.03 -46.7934 75 0 1 5 673646 29.3053 64823.2 1.12042 4.78277e+06 673646 ZonesAtSurface
324.565 4475.02 -21.792 75 20 1 5 1.2945e+06 21.2537 125618 1.61692 2.59735e+06 1.2945e+06 ZonesAtSurface
374.513 4475.02 -46.8538 51 0 1 6 756667 25.0261 53496.3 1.03954 4.76585e+06 756667 ZonesAtSurface
424.442 4475.02 -21.876 46 0 1 6 611020 20.8727 87501.5 1.2831 2.6862e+06 611020 ZonesAtSurface
474.426 4475.02 -46.9374 18 0 1 7 500601 23.1197 139555 1.03266 9.12923e+06 500601 ZonesAtSurface
524.315 4475.01 28.0569 7 0 1 6 1.11841e+06 41.7105 91037.9 1.06473 7.47105e+06 1.11841e+06 ZonesAtSurface
574.217 4475.01 153.016 0 5 2 4 1.19394e+06 34.67 50978.9 2.03622 2.49008e+06 1.19394e+06 ZonesAtSurface
624.218 4475.02 278.009 0 7 2 2 1.1096e+06 26.7882 135279 4.54298 763718 1.1096e+06 ZonesAtSurface
674.239 4475.02 353.001 0 1 2 1 617820 41.2216 118337 9.27462 347963 617820 ZonesAtSurface
724.25 4475.02 377.986 0 0 2 1 1.02542e+06 43.2343 87995.7 9.55377 535332 1.02542e+06 ZonesAtSurface
774.261 4475.02 402.969 0 0 2 1 866307 43.5867 119718 5.90106 980158 866307 ZonesAtSurface
824.273 4475.02 427.95 0 0 2 1 560901 29.4739 100815 2.19696 1.2669e+06 560901 ZonesAtSurface
874.299 4475.03 502.926 0 0 0 0 669595 20.3661 91402.5 2.72619 695710 669595 ZonesAtSurface
924.312 4475.03 527.902 0 0 0 0 609814 33.6572 140494 2.72109 866635 609814 ZonesAtSurface
974.325 4475.03 552.876 0 0 0 0 799127 41.4848 55554.4 4.16955 1.03346e+06 799127 ZonesAtSurface
1024.34 4475.03 577.847 0 0 0 0 1.0075e+06 43.3581 133921 5.34803 1.05141e+06 1.0075e+06 ZonesAtSurface
1074.36 4475.03 602.819 0 0 0 0 1.22573e+06 30.004 74404 4.55874 1.0904e+06 1.22573e+06 ZonesAtSurface
1124.38 4475.03 627.789 0 0 0 0 1.33211e+06 33.71 64987.2 4.64488 1.23786e+06 1.33211e+06 ZonesAtSurface
1174.41 4475.03 652.759 0 0 0 0 704913 26.2388 51019.9 2.55172 1.09374e+06 704913 ZonesAtSurface
1224.44 4475.04 677.728 0 0 0 0 581065 36.2375 55465.9 3.05937 1.07282e+06 581065 ZonesAtSurface
1274.47 4475.04 702.698 0 0 0 0 801429 26.618 107986 3.61556 885354 801429 ZonesAtSurface
1324.5 4475.04 727.668 0 0 0 0 901352 29.508 124415 5.86036 688261 901352 ZonesAtSurface
1374.51 4475.03 702.642 0 0 2 1 1.44479e+06 25.1183 105188 5.87137 987611 1.44479e+06 ZonesAtSurface
1424.54 4475.03 727.618 0 0 2 1 880339 16.5659 68060.5 2.75437 1.03241e+06 880339 ZonesAtSurface
1474.57 4475.03 752.595 0 0 2 1 1.33839e+06 16.4548 144876 3.30945 1.16198e+06 1.33839e+06 ZonesAtSurface
1524.59 4475.01 727.573 0 0 1 2 1.27104e+06 33.4743 75027.6 2.75729 2.03398e+06 1.27104e+06 ZonesAtSurface
1574.64 4475.02 802.55 0 6 2 1 1.26771e+06 24.7631 57762 3.93176 1.08161e+06 1.26771e+06 ZonesAtSurface
1624.66 4475.01 777.533 0 0 2 2 588981 25.3744 91074 1.43954 1.3717e+06 588981 ZonesAtSurface
1674.67 4475 602.606 0 0 2 6 658331 27.5845 92266.7 1.0211 2.42171e+06 658331 ZonesAtSurface
1724.71 4475 477.671 6 0 1 9 1.12627e+06 19.0094 93828.3 1.04494 4.35256e+06 1.12627e+06 ZonesAtSurface
1774.75 4475 502.688 5 0 2 9 631178 31.8146 84663.7 1.06041 2.02424e+06 631178 ZonesAtSurface
1824.78 4475 527.707 4 8 2 9 1.20506e+06 26.1936 141501 1.56033 2.35432e+06 1.20506e+06 ZonesAtSurface
1874.83 4475 502.726 6 4 2 10 1.20768e+06 23.3032 94625.6 1.20191 2.97178e+06 1.20768e+06 ZonesAtSurface
1924.88 4475 477.753 0 0 2 11 912393 26.1646 146169 1.04662 3.18677e+06 912393 ZonesAtSurface
1974.91 4475.01 502.776 6 5 2 11 602745 30.842 108963 1.23907 1.63176e+06 602745 ZonesAtSurface
2024.96 4475.01 465.297 5 0 2 11 725597 21.2849 120872 1.02181 2.26425e+06 725597 ZonesAtSurface
2075.01 4475.01 415.331 5 5 2 10 1.41714e+06 17.162 103367 1.16043 3.34933e+06 1.41714e+06 ZonesAtSurface
2125.05 4475 315.364 10 0 1 10 737867 20.6273 108125 1.02933 2.68587e+06 737867 ZonesAtSurface
2175.07 4474.99 165.377 2 0 1 11 540089 15.7246 53954.3 1.33562 9.62027e+06 540089 ZonesAtSurface
2225.06 4474.94 115.383 3 0 0 0 690395 31.7568 60900 1.54118 3.06143e+07 690395 ZonesAtSurface
2275.09 4474.94 15.395 0 0 0 0 613567 34.3899 109353 1.77622 3.11784e+07 613567 ZonesAtSurface
2325.12 4474.96 -84.5837 0 0 0 0 1.46032e+06 26.6443 102639 1.5299 2.47446e+07 1.46032e+06 ZonesAtSurface
2375.13 4474.64 -134.575 10 0 0 0 584309 17.0134 144302 1.64011 9.57856e+06 584309 ZonesAtSurface
2425.08 4466.25 65.4725 10 0 0 0 1.07671e+06 40.2713 146033 2.23973 1.52919e+07 1.07671e+06 ZonesAtSurface
2475.11 4472.54 -234.562 6 0 0 0 1.25203e+06 17.0131 53492.4 1.27782 6.42484e+06 1.25203e+06 ZonesAtSurface
2525.07 4475.01 -364.532 0 0 0 0 842629 44.7993 97877.6 7.55315 1.02917e+07 842629 ZonesAtSurface
2575.02 4475 -324.525 2 0 0 0 982538 23.4037 64065.4 1.5062 1.12634e+07 982538 ZonesAtSurface
2624.99 4474.99 -284.527 0 0 0 0 1.48314e+06 40.9419 89775.4 3.60256 1.01661e+07 1.48314e+06 ZonesAtSurface
2674.96 4474.97 -244.53 1 0 0 0 1.25722e+06 29.6616 120900 1.70265 1.47774e+07 1.25722e+06 ZonesAtSurface
2724.91 4474.96 -204.535 1 0 0 0 1.02085e+06 40.1021 67371.7 1.7647 1.78588e+07 1.02085e+06 ZonesAtSurface
2774.88 4474.91 -164.556 9 0 0 0 1.48056e+06 43.3069 101292 4.26527 2.03992e+07 1.48056e+06 ZonesAtSurface
2824.88 4474.84 -124.58 4 0 0 0 649918 44.6091 86193.3 2.78491 4.72884e+07 649918 ZonesAtSurface
2874.89 4474.88 -84.5913 9 0 0 0 617831 18.3458 63550.3 1.27534 2.11037e+07 617831 ZonesAtSurface
2924.87 4474.93 -44.6024 0 0 0 0 1.38781e+06 31.0733 88604.8 1.60674 2.14845e+07 1.38781e+06 ZonesAtSurface
2974.85 4474.79 -4.60949 9 0 0 0 885700 42.0015 147784 2.31128 3.77832e+07 885700 ZonesAtSurface
3024.85 4474.61 35.3857 10 0 0 0 1.26916e+06 37.8731 74036.5 1.12329 5.91922e+07 1.26916e+06 ZonesAtSurface
3074.86 4474.74 75.3701 9 0 0 0 877338 21.4373 123342 1.16331 2.45376e+07 877338 ZonesAtSurface
3124.88 4474.91 115.36 0 0 0 0 801665 26.2718 116631 1.28826 2.19991e+07 801665 ZonesAtSurface
3174.87 4474.93 155.357 5 0 0 0 1.20838e+06 15.3746 97068.3 1.04796 1.6444e+07 1.20838e+06 ZonesAtSurface
3224.87 4474.95 195.352 0 0 0 0 620879 30.4986 139096 1.89686 1.82703e+07 620879 ZonesAtSurface
3274.87 4474.97 235.348 3 0 1 9 594401 33.055 136026 2.26766 1.35334e+07 594401 ZonesAtSurface
3324.84 4475 375.343 8 5 2 7 1.14974e+06 31.3293 122039 1.06104 3.64481e+06 1.14974e+06 ZonesAtSurface
3374.87 4475 415.301 8 0 1 7 824588 24.3283 70486.3 1.39869 2.27586e+06 824588 ZonesAtSurface
3424.9 4475.01 405.264 5 0 1 8 1.02387e+06 35.4431 134612 1.03175 6.12757e+06 1.02387e+06 ZonesAtSurface
3474.93 4475.01 445.222 6 0 1 8 1.05966e+06 31.9394 81445.8 1.12909 6.11558e+06 1.05966e+06 ZonesAtSurface
3524.97 4475.01 485.179 3 0 1 8 1.39398e+06 34.3339 145323 1.01168 6.61238e+06 1.39398e+06 ZonesAtSurface
3575 4475.01 625.1 6 0 1 6 1.05077e+06 36.6188 90878.9 1.28184 4.71191e+06 1.05077e+06 ZonesAtSurface
3625.03 4475 765.002 2 2 2 4 1.26602e+06 16.262 50876.2 1.06029 3.15693e+06 1.26602e+06 ZonesAtSurface
3675.07 4474.99 804.962 5 0 2 4 823428 19.0658 51780.9 1.0212 2.22416e+06 823428 ZonesAtSurface
3725.1 4474.99 844.928 0 1 2 4 911601 42.2408 102054 1.11849 3.42301e+06 911601 ZonesAtSurface
3775.15 4474.99 794.953 0 2 2 5 1.31189e+06 26.6688 81147.8 1.1773 3.51051e+06 1.31189e+06 ZonesAtSurface
3825.2 4475 804.942 1 10 2 4 970224 26.9953 95363.8 1.43808 2.27367e+06 970224 ZonesAtSurface
3875.25 4475 764.978 0 3 2 4 1.03772e+06 31.5891 137777 1.45899 2.38514e+06 1.03772e+06 ZonesAtSurface
3925.31 4475 725.022 0 0 2 4 871627 42.1673 147804 1.52844 2.99208e+06 871627 ZonesAtSurface
3975.37 4475 685.073 0 0 1 4 1.4575e+06 43.6653 88448.1 2.69772 3.6891e+06 1.4575e+06 ZonesAtSurface
4025.39 4475.01 695.116 6 4 2 3 998010 27.0824 117746 1.30628 2.74277e+06 998010 ZonesAtSurface
4075.47 4475.01 605.174 2 0 1 4 1.1605e+06 19.9553 52848.6 1.048 3.67224e+06 1.1605e+06 ZonesAtSurface
4125.5 4475.01 615.211 0 8 1 3 1.4522e+06 30.6659 138969 2.11323 2.33911e+06 1.4522e+06 ZonesAtSurface
4175.55 4475.01 475.295 3 0 1 5 1.20136e+06 40.7713 87770.7 1.32689 6.16092e+06 1.20136e+06 ZonesAtSurface
4225.56 4475.01 535.331 2 9 2 3 1.0502e+06 30.9617 53967.6 2.39401 1.75351e+06 1.0502e+06 ZonesAtSurface
4275.59 4475.02 495.365 0 3 2 3 1.10769e+06 23.0205 133369 1.69733 2.31396e+06 1.10769e+06 ZonesAtSurface
4325.62 4475.01 405.402 2 0 1 4 1.09397e+06 15.7127 86048 1.15291 3.12634e+06 1.09397e+06 ZonesAtSurface
4375.63 4475.02 415.431 0 0 2 3 581997 40.8934 113436 2.17802 1.88689e+06 581997 ZonesAtSurface
4425.64 4475.02 425.453 0 0 2 2 569842 18.97 99652.8 2.94067 599624 569842 ZonesAtSurface
4475.65 4475.03 435.472 0 6 1 1 859465 38.3602 104781 4.03998 804588 859465 ZonesAtSurface
4525.69 4475.02 345.486 0 0 2 2 1.13669e+06 25.4122 97402.6 5.2809 729813 1.13669e+06 ZonesAtSurface
4575.71 4475.01 205.509 0 0 2 4 741338 43.0493 147684 1.25235 2.98088e+06 741338 ZonesAtSurface
4625.55 4475.01 65.5588 5 0 1 6 887455 31.2034 91363.3 1.06986 9.00309e+06 887455 ZonesAtSurface
4675.46 4475.01 25.5815 39 0 1 6 1.03036e+06 17.7982 100422 1.05392 7.67818e+06 1.03036e+06 ZonesAtSurface
4725.38 4475.01 35.6584 71 0 1 5 1.19209e+06 17.1747 103172 1.1939 4.0271e+06 1.19209e+06 ZonesAtSurface
4775.3 4475.02 45.6783 86 0 1 4 1.05751e+06 20.8703 89834.1 1.42547 3.15167e+06 1.05751e+06 ZonesAtSurface
4825.21 4475.02 55.6946 94 0 1 3 836092 33.4842 73194.5 1.50982 2.92208e+06 836092 ZonesAtSurface
4875.12 4475.02 65.6905 64 0 1 2 655232 27.6269 123818 1.70745 2.32889e+06 655232 ZonesAtSurface
4925.05 4475.02 75.685 90 2 1 1 1.28149e+06 30.451 86525.1 1.87005 3.32519e+06 1.28149e+06 ZonesAtSurface
74.9379 4525.02 -45.8498 69 0 1 3 1.30789e+06 41.8546 105936 1.51759 9.72559e+06 1.30789e+06 ZonesAtSurface
124.873 4525.02 -20.7712 49 36 1 3 1.26816e+06 36.1868 56697.5 1.77235 3.66405e+06 1.26816e+06 ZonesAtSurface
174.782 4525.02 -45.7895 72 0 1 4 1.2466e+06 32.2176 82135.7 1.00427 6.36499e+06 1.2466e+06 ZonesAtSurface
224.705 4525.02 -20.7453 84 55 1 4 1.41606e+06 27.6498 113354 1.79148 2.72238e+06 1.41606e+06 ZonesAtSurface
274.643 4525.02 -45.7932 75 0 1 5 593685 15.9041 120661 1.1208 2.89777e+06 593685 ZonesAtSurface
324.578 4525.02 -20.782 64 26 1 5 1.10331e+06 24.7282 83830.2 1.82505 2.1159e+06 1.10331e+06 ZonesAtSurface
374.512 4525.02 -45.8471 59 0 1 6 622951 15.3997 65926.9 1.03676 3.7738e+06 622951 ZonesAtSurface
424.422 4525.02 -20.8905 49 0 1 6 951077 26.4633 139702 1.0665 3.0487e+06 951077 ZonesAtSurface
474.421 4525.02 -45.9491 4 0 1 7 1.28959e+06 16.6153 79516 1.04715 7.98792e+06 1.28959e+06 ZonesAtSurface
524.321 4525.02 29.0504 7 0 1 6 680468 17.0868 91536.4 1.04764 4.0089e+06 680468 ZonesAtSurface
574.224 4525.02 154.012 1 1 2 4 917339 19.9513 90446.3 1.13096 2.24648e+06 917339 ZonesAtSurface
624.222 4525.02 279.002 0 4 2 2 1.27826e+06 18.958 93032.2 3.25271 1.1524e+06 1.27826e+06 ZonesAtSurface
674.244 4525.03 353.995 0 6 2 1 864932 22.4156 111278 5.91013 479415 864932 ZonesAtSurface
724.255 4525.03 378.981 0 0 2 1 871637 39.0268 149517 5.33491 832186 871637 ZonesAtSurface
774.267 4525.02 403.964 0 0 2 1 1.41079e+06 34.1627 98363.9 5.67694 1.14106e+06 1.41079e+06 ZonesAtSurface
824.293 4525.03 478.944 0 9 0 0 1.17594e+06 20.1142 61609.3 5.15088 644204 1.17594e+06 ZonesAtSurface
874.305 4525.03 503.922 0 0 0 0 1.09078e+06 21.177 119229 5.04206 652095 1.09078e+06 ZonesAtSurface
924.317 4525.03 528.898 0 0 0 0 624428 35.6694 102749 3.39268 875172 624428 ZonesAtSurface
974.331 4525.03 553.87 0 0 0 0 1.42225e+06 19.7888 147967 3.87084 1.09559e+06 1.42225e+06 ZonesAtSurface
1024.35 4525.03 578.842 0 0 0 0 1.08685e+06 28.6077 74138.8 3.68939 1.14865e+06 1.08685e+06 ZonesAtSurface
1074.37 4525.04 603.812 0 0 0 0 967302 34.7439 107431 4.14948 1.13276e+06 967302 ZonesAtSurface
1124.39 4525.04 628.782 0 0 0 0 780550 40.7005 55928.4 3.80418 1.24449e+06 780550 ZonesAtSurface
1174.42 4525.04 653.75 0 0 0 0 953404 15.4526 91545.2 2.40925 1.14808e+06 953404 ZonesAtSurface
1224.44 4525.04 678.719 0 0 0 0 512075 34.5611 50903.5 2.42313 1.21976e+06 512075 ZonesAtSurface
1274.47 4525.04 703.686 0 0 0 0 796952 16.9634 78921.3 2.09361 1.18483e+06 796952 ZonesAtSurface
1324.5 4525.04 728.654 0 0 0 0 1.21977e+06 37.4271 139799 5.72709 1.02937e+06 1.21977e+06 ZonesAtSurface
1374.53 4525.04 753.626 0 7 0 0 934844 43.6142 96299.8 6.09825 1.08349e+06 934844 ZonesAtSurface
1424.54 4525.03 728.6 0 0 2 1 649607 24.1663 129942 2.98429 1.15156e+06 649607 ZonesAtSurface
1474.57 4525.03 753.577 2 0 2 1 750044 17.1131 72369.8 2.02706 1.35636e+06 750044 ZonesAtSurface
1524.61 4525.02 778.554 0 0 2 1 1.24896e+06 42.9053 67419.2 6.08681 1.38004e+06 1.24896e+06 ZonesAtSurface
1574.64 4525.02 803.533 0 0 2 1 1.02836e+06 41.8844 125336 4.33016 1.29537e+06 1.02836e+06 ZonesAtSurface
1624.66 4525.01 778.518 0 0 2 2 1.19274e+06 37.7001 110388 2.00521 2.49743e+06 1.19274e+06 ZonesAtSurface
1674.67 4525.01 603.591 3 4 2 6 1.4833e+06 30.3017 51992.8 1.03653 4.90573e+06 1.4833e+06 ZonesAtSurface
1724.71 4525.01 478.658 0 0 1 9 896689 43.2649 116205 1.3122 6.22614e+06 896689 ZonesAtSurface
1774.76 4525.01 453.673 0 0 1 10 1.48681e+06 41.5054 104588 2.04048 6.58612e+06 1.48681e+06 ZonesAtSurface
1824.79 4525.01 478.689 9 0 1 10 1.40717e+06 28.9995 89693.8 1.02551 5.54032e+06 1.40717e+06 ZonesAtSurface
1874.83 4525.01 503.716 0 2 1 10 1.48552e+06 36.1206 123532 1.27732 4.32497e+06 1.48552e+06 ZonesAtSurface
1924.89 4525.01 428.735 0 0 1 12 563151 21.0121 144125 1.02172 4.96553e+06 563151 ZonesAtSurface
1974.93 4525.01 403.755 1 0 1 13 1.35639e+06 16.7209 79282.5 1.00529 6.80351e+06 1.35639e+06 ZonesAtSurface
2024.97 4525.01 416.283 0 0 1 12 815074 42.4949 62320.4 1.29427 7.12354e+06 815074 ZonesAtSurface
2075.01 4525.01 366.319 2 0 1 11 1.44224e+06 44.1767 91695 1.1974 6.92417e+06 1.44224e+06 ZonesAtSurface
2125.04 4525 316.357 2 3 2 10 1.33995e+06 23.1121 78355.8 1.13759 3.5455e+06 1.33995e+06 ZonesAtSurface
2175.03 4524.97 216.366 8 0 1 10 739564 38.9874 135801 2.08984 1.83217e+07 739564 ZonesAtSurface
2225.02 4524.93 116.362 7 0 0 0 620127 27.8143 115117 1.00935 2.20587e+07 620127 ZonesAtSurface
2275.06 4524.94 16.3745 2 0 0 0 693912 35.8761 88829.2 1.01942 2.93753e+07 693912 ZonesAtSurface
2325.09 4524.95 -83.6011 8 0 0 0 1.28872e+06 17.0641 64852.1 1.01233 1.88711e+07 1.28872e+06 ZonesAtSurface
2375.11 4524.5 -133.593 6 0 0 0 789650 43.0132 137947 1.7741 5.58113e+07 789650 ZonesAtSurface
2425.11 4525.01 -283.563 0 0 0 0 1.37312e+06 30.3555 68104.5 4.19228 1.24562e+07 1.37312e+06 ZonesAtSurface
2475.11 4517.59 -83.5261 6 0 0 0 1.12316e+06 43.2138 115633 3.15608 1.3286e+07 1.12316e+06 ZonesAtSurface
2525.08 4524.37 -313.554 10 0 0 0 1.23427e+06 37.0166 141941 1.00458 3.11123e+07 1.23427e+06 ZonesAtSurface
2575.05 4524.97 -323.553 0 0 0 0 1.15993e+06 22.6176 88142.8 2.06793 1.68421e+07 1.15993e+06 ZonesAtSurface
2625 4524.96 -283.543 1 0 0 0 969975 22.0379 129366 2.03905 1.3478e+07 969975 ZonesAtSurface
2674.97 4524.94 -243.54 0 0 0 0 732401 31.0014 60423.4 2.29588 1.88866e+07 732401 ZonesAtSurface
2724.9 4517.42 46.5086 7 0 0 0 1.01597e+06 35.9435 122012 2.08888 1.03195e+07 1.01597e+06 ZonesAtSurface
2774.89 4524.87 -163.533 10 0 0 0 652489 44.391 118195 3.57189 2.35571e+07 652489 ZonesAtSurface
2824.86 4524.72 -123.546 10 0 0 0 800312 40.1058 55458.6 1.27966 3.98988e+07 800312 ZonesAtSurface
2874.85 4525.03 -133.56 0 0 0 0 1.07952e+06 29.2709 113312 6.98932 4.62425e+06 1.07952e+06 ZonesAtSurface
2924.87 4517.3 206.439 9 0 0 0 1.18752e+06 32.8598 134265 1.46612 6.94166e+06 1.18752e+06 ZonesAtSurface
2974.87 4523.8 46.3898 10 0 0 0 804559 18.7424 66006.8 1.30859 2.14732e+07 804559 ZonesAtSurface
3024.87 4524.5 36.3653 10 0 0 0 1.25565e+06 37.576 109077 1.0553 2.87544e+07 1.25565e+06 ZonesAtSurface
3074.86 4524.62 76.3518 9 0 0 0 1.07076e+06 29.1682 54271 1.16726 3.55004e+07 1.07076e+06 ZonesAtSurface
3124.88 4524.83 116.339 10 0 0 0 1.08116e+06 41.5159 95370 2.29434 4.41651e+07 1.08116e+06 ZonesAtSurface
3174.88 4524.9 156.321 0 0 0 0 1.03379e+06 44.821 92987.2 3.16101 2.43397e+07 1.03379e+06 ZonesAtSurface
3224.9 4524.9 196.311 0 0 0 0 1.35528e+06 43.2109 70224.9 2.77096 2.52625e+07 1.35528e+06 ZonesAtSurface
3274.9 4524.94 236.323 6 0 1 9 1.48869e+06 25.4587 53046.2 1.42296 1.97431e+07 1.48869e+06 ZonesAtSurface
3324.88 4525 276.325 2 0 1 9 840257 22.9384 73545.6 1.20409 6.7189e+06 840257 ZonesAtSurface
3374.88 4525.01 366.305 4 0 1 8 1.17997e+06 41.1093 131526 1.04813 7.11699e+06 1.17997e+06 ZonesAtSurface
3424.9 4525.01 456.258 9 0 1 7 1.33818e+06 37.8764 106981 1.24004 5.3128e+06 1.33818e+06 ZonesAtSurface
3474.94 4525.02 396.224 2 0 1 9 917425 23.9047 125736 1.04834 6.49827e+06 917425 ZonesAtSurface
3524.97 4525.02 536.158 7 0 1 7 835833 16.5128 107128 1.08256 2.82784e+06 835833 ZonesAtSurface
3575.01 4525.01 576.112 10 0 1 7 1.23918e+06 34.7896 89392.4 1.02551 6.1685e+06 1.23918e+06 ZonesAtSurface
3625.03 4525.01 765.989 3 4 2 4 1.0638e+06 33.1386 110449 1.20543 3.12865e+06 1.0638e+06 ZonesAtSurface
3675.07 4525 805.951 3 3 2 4 1.05334e+06 27.212 82677.1 1.09956 3.05867e+06 1.05334e+06 ZonesAtSurface
3725.12 4525 945.896 0 10 2 2 1.04834e+06 17.9106 121827 2.22176 1.26083e+06 1.04834e+06 ZonesAtSurface
3775.14 4525 845.908 0 1 2 4 1.36405e+06 21.9202 75303.6 1.20454 3.4894e+06 1.36405e+06 ZonesAtSurface
3825.21 4525 706.005 1 0 1 6 527620 35.6091 140583 1.02508 3.72409e+06 527620 ZonesAtSurface
3875.27 4525 715.997 2 0 1 5 1.27935e+06 26.3772 140502 1.06506 3.92757e+06 1.27935e+06 ZonesAtSurface
3925.28 4525 776.005 0 3 2 3 1.30698e+06 37.8096 107346 3.11396 1.99816e+06 1.30698e+06 ZonesAtSurface
3975.33 4525.01 736.054 0 0 2 3 547790 42.887 53817.4 1.99929 2.25266e+06 547790 ZonesAtSurface
4025.39 4525.01 696.107 0 0 1 3 1.47236e+06 24.7909 105018 1.52718 3.11941e+06 1.47236e+06 ZonesAtSurface
4075.44 4525.01 656.159 0 0 2 3 1.36577e+06 38.2525 65699.1 2.56692 2.79439e+06 1.36577e+06 ZonesAtSurface
4125.49 4525.01 616.207 0 6 1 3 1.49168e+06 42.9086 58179.8 2.80965 2.57548e+06 1.49168e+06 ZonesAtSurface
4175.55 4525.01 476.284 4 0 1 5 909894 24.011 118221 1.01898 4.48776e+06 909894 ZonesAtSurface
4225.55 4525.02 536.318 8 6 1 3 819494 44.6492 52871.4 1.94943 2.46454e+06 819494 ZonesAtSurface
4275.59 4525.02 446.359 7 0 1 4 887397 23.9812 72735.7 1.04798 3.6301e+06 887397 ZonesAtSurface
4325.6 4525.02 456.395 0 7 1 3 1.47949e+06 39.4593 129149 2.01478 3.07454e+06 1.47949e+06 ZonesAtSurface
4375.63 4525.02 416.425 0 3 2 3 1.2728e+06 16.4455 87496.6 1.87509 1.88575e+06 1.2728e+06 ZonesAtSurface
4425.63 4525.03 426.449 0 10 2 2 1.4465e+06 19.7729 75067 2.98652 1.36542e+06 1.4465e+06 ZonesAtSurface
4475.66 4525.02 386.467 0 0 2 2 1.17484e+06 44.3024 59862.2 5.28283 1.07198e+06 1.17484e+06 ZonesAtSurface
4525.68 4525.02 346.481 0 0 2 2 502861 41.4881 61725.9 5.29711 608308 502861 ZonesAtSurface
4575.71 4525.02 256.496 0 0 2 3 1.05298e+06 23.8564 86763.3 2.37388 1.43076e+06 1.05298e+06 ZonesAtSurface
4625.7 4525.02 166.524 7 5 2 4 561582 33.1518 58429.6 1.24037 1.70097e+06 561582 ZonesAtSurface
4675.45 4525.02 26.5688 18 0 1 6 625645 17.4517 130498 1.04215 8.1692e+06 625645 ZonesAtSurface
4725.39 4525.02 36.6235 53 0 1 5 931030 40.4867 144943 1.14725 9.06445e+06 931030 ZonesAtSurface
4775.3 4525.02 46.6605 76 0 1 4 728238 35.2278 114818 1.33074 4.97665e+06 728238 ZonesAtSurface
4825.21 4525.02 56.6799 70 0 1 3 592343 42.9784 126313 1.4986 4.01434e+06 592343 ZonesAtSurface
4875.13 4525.02 66.6689 55 0 1 2 1.44994e+06 35.6444 146915 1.98246 3.95257e+06 1.44994e+06 ZonesAtSurface
4925.05 4525.02 76.6785 70 0 1 1 1.16122e+06 26.6191 109472 1.77767 3.43055e+06 1.16122e+06 ZonesAtSurface
74.9382 4575.02 -44.8582 79 0 1 3 1.35107e+06 39.0785 104039 1.46605 9.23366e+06 1.35107e+06 ZonesAtSurface
124.874 4575.02 -19.7751 77 0 1 3 706955 36.6976 99867.9 2.1371 2.12391e+06 706955 ZonesAtSurface
174.78 4575.02 -44.794 97 0 1 4 857630 15.3617 69584.9 1.00648 3.49729e+06 857630 ZonesAtSurface
224.707 4575.03 -19.7564 57 47 1 4 1.3615e+06 21.4507 112166 1.93716 2.1086e+06 1.3615e+06 ZonesAtSurface
274.649 4575.02 -44.8007 68 0 1 5 1.30462e+06 40.368 125098 1.08064 6.83411e+06 1.30462e+06 ZonesAtSurface
324.588 4575.02 -19.7825 63 16 1 5 1.30407e+06 36.5259 76082.6 1.76252 3.28836e+06 1.30407e+06 ZonesAtSurface
374.514 4575.02 -44.8526 36 0 1 6 1.26164e+06 15.5374 129423 1.03471 5.23695e+06 1.26164e+06 ZonesAtSurface
424.417 4575.02 -19.9025 50 0 1 6 1.05307e+06 29.0939 52206.5 1.0694 4.13061e+06 1.05307e+06 ZonesAtSurface
474.422 4575.02 -44.9569 3 0 1 7 1.02512e+06 20.6554 68842.9 1.14721 8.30413e+06 1.02512e+06 ZonesAtSurface
524.382 4575.02 -19.9609 0 0 1 7 750270 41.5389 97746.1 2.51034 8.11386e+06 750270 ZonesAtSurface
574.214 4575.02 205.001 0 5 2 3 1.49319e+06 37.361 72760.4 2.86611 2.11344e+06 1.49319e+06 ZonesAtSurface
624.227 4575.02 279.997 0 0 2 2 1.3855e+06 39.126 71606.8 6.61583 1.19766e+06 1.3855e+06 ZonesAtSurface
674.249 4575.03 354.988 0 7 2 1 1.26486e+06 43.217 75038.8 10 607356 1.26486e+06 ZonesAtSurface
724.261 4575.03 379.975 0 0 2 1 882186 32.2244 125762 3.34198 1.08119e+06 882186 ZonesAtSurface
774.273 4575.03 404.959 0 0 2 1 628664 41.1854 70564.9 3.48517 1.25986e+06 628664 ZonesAtSurface
824.299 4575.03 479.939 0 4 0 0 505334 15.3131 115330 1.97684 632308 505334 ZonesAtSurface
874.311 4575.03 504.918 0 0 0 0 599694 31.3673 148657 3.46116 694637 599694 ZonesAtSurface
924.323 4575.03 529.892 0 0 0 0 1.00876e+06 23.1463 147349 3.37706 960960 1.00876e+06 ZonesAtSurface
974.336 4575.04 554.865 0 0 0 0 947634 18.2767 138856 2.36436 1.19253e+06 947634 ZonesAtSurface
1024.35 4575.04 579.835 0 0 0 0 724274 24.9901 135157 2.14412 1.25167e+06 724274 ZonesAtSurface
1074.37 4575.04 604.805 0 0 0 0 1.11993e+06 17.2207 57300 2.88066 1.17365e+06 1.11993e+06 ZonesAtSurface
1124.4 4575.04 629.774 0 0 0 0 959139 20.9313 119034 2.62331 1.21611e+06 959139 ZonesAtSurface
1174.42 4575.04 654.742 0 0 0 0 1.04221e+06 19.4105 104638 2.82333 1.19097e+06 1.04221e+06 ZonesAtSurface
1224.45 4575.04 679.709 0 0 0 0 1.03566e+06 32.4469 83508.5 3.58479 1.31546e+06 1.03566e+06 ZonesAtSurface
1274.48 4575.04 704.675 0 0 0 0 1.06459e+06 16.0064 89393.7 2.34926 1.33918e+06 1.06459e+06 ZonesAtSurface
1324.5 4575.04 729.642 0 0 0 0 1.0193e+06 22.7598 95744.6 2.81188 1.28525e+06 1.0193e+06 ZonesAtSurface
1374.54 4575.04 754.612 0 0 0 0 1.21944e+06 25.1213 71219.3 3.72831 1.20688e+06 1.21944e+06 ZonesAtSurface
1424.57 4575.04 779.584 4 5 0 0 882587 16.8912 115616 2.10119 1.37503e+06 882587 ZonesAtSurface
1474.6 4575.03 804.558 0 8 0 0 1.28788e+06 29.0714 51574.8 3.99018 1.26958e+06 1.28788e+06 ZonesAtSurface
1524.63 4575.03 829.535 0 3 0 0 929783 30.1599 143284 3.40044 1.09535e+06 929783 ZonesAtSurface
1574.66 4575.03 854.514 0 7 0 0 1.30598e+06 21.3912 149576 5.07238 813200 1.30598e+06 ZonesAtSurface
1624.68 4575.02 829.5 0 4 2 1 983718 38.0828 104201 2.78548 1.39768e+06 983718 ZonesAtSurface
1674.67 4575.01 604.579 6 0 2 6 699885 32.9884 63433.7 1.04967 2.36855e+06 699885 ZonesAtSurface
1724.71 4575.01 479.646 3 0 1 9 570081 21.2732 131707 1.04025 3.90102e+06 570081 ZonesAtSurface
1774.76 4575.01 454.662 1 0 1 10 1.01819e+06 23.6633 83580.4 1.00734 6.0562e+06 1.01819e+06 ZonesAtSurface
1824.79 4575.01 529.686 9 7 1 9 1.23923e+06 44.0134 96738 1.3628 4.03746e+06 1.23923e+06 ZonesAtSurface
1874.85 4575.01 454.702 6 0 1 11 885821 23.8974 134646 1.03568 4.8131e+06 885821 ZonesAtSurface
1924.88 4575.01 479.734 10 0 1 11 1.04798e+06 36.3737 70235.1 1.02194 4.24832e+06 1.04798e+06 ZonesAtSurface
1974.93 4575.01 454.747 2 0 1 12 1.0209e+06 40.9896 111650 1.02704 6.61099e+06 1.0209e+06 ZonesAtSurface
2024.97 4575.01 417.274 1 0 1 12 605814 33.5431 87951.4 1.02211 6.40284e+06 605814 ZonesAtSurface
2075.01 4575.01 417.317 9 4 1 10 566790 21.3068 71087.7 1.10417 1.4771e+06 566790 ZonesAtSurface
2125.05 4575.01 317.351 6 3 2 10 754223 30.6354 56147 1.01423 2.57387e+06 754223 ZonesAtSurface
2175.05 4574.98 217.366 8 0 1 10 1.17546e+06 40.053 106526 2.83226 1.17462e+07 1.17546e+06 ZonesAtSurface
2225.05 4574.95 117.37 6 0 0 0 620894 29.2369 82045.6 1.21729 1.66313e+07 620894 ZonesAtSurface
2275.09 4574.95 17.3869 3 0 0 0 1.1959e+06 28.5092 110694 1.09064 1.77286e+07 1.1959e+06 ZonesAtSurface
2325.11 4574.96 -82.5919 0 0 0 0 1.31438e+06 38.2395 115347 2.13078 2.15215e+07 1.31438e+06 ZonesAtSurface
2375.1 4574.98 -182.582 2 0 0 0 1.0647e+06 17.0433 132656 1.33234 1.97732e+07 1.0647e+06 ZonesAtSurface
2425.18 4571.92 -132.537 9 0 0 0 968934 29.3873 113808 1.23555 3.32767e+07 968934 ZonesAtSurface
2475.07 4574.8 -332.592 5 0 0 0 613863 20.5454 63424.9 1.34508 4.87716e+07 613863 ZonesAtSurface
2525.09 4574.89 -362.609 9 0 0 0 869995 31.2172 99786.7 2.01212 3.90409e+07 869995 ZonesAtSurface
2575.09 4574.9 -322.613 0 0 0 0 1.25793e+06 31.7285 70939.7 1.99444 3.6561e+07 1.25793e+06 ZonesAtSurface
2625.04 4574.85 -282.585 8 0 0 0 1.47312e+06 37.3615 107960 2.53068 4.46849e+07 1.47312e+06 ZonesAtSurface
2675 4574.8 -242.556 9 0 0 0 1.02625e+06 35.0961 143713 1.70836 6.19081e+07 1.02625e+06 ZonesAtSurface
2724.95 4574.88 -202.542 10 0 0 0 1.37658e+06 35.9654 98862.3 1.90299 4.16122e+07 1.37658e+06 ZonesAtSurface
2774.91 4574.87 -162.539 10 3 0 0 688944 25.5191 106939 1.19953 7.72051e+06 688944 ZonesAtSurface
2824.86 4574.78 -122.544 7 7 0 0 766028 22.8852 115107 1.06636 3.81937e+06 766028 ZonesAtSurface
2874.84 4574.88 -82.5666 9 6 0 0 1.44978e+06 26.7585 109028 1.0756 5.63365e+06 1.44978e+06 ZonesAtSurface
2924.84 4574.82 -42.5939 10 0 0 0 803246 32.7942 147575 2.30918 2.2312e+07 803246 ZonesAtSurface
2974.83 4575.02 -52.5905 0 0 0 0 821878 19.5386 67485 4.58012 4.23269e+06 821878 ZonesAtSurface
3024.83 4575.01 -12.6047 0 0 0 0 730286 25.5955 64712.8 4.66085 5.68703e+06 730286 ZonesAtSurface
3074.83 4575.01 27.3792 0 0 0 0 991139 43.2422 90322.6 10 5.56899e+06 991139 ZonesAtSurface
3124.84 4574.69 117.342 9 0 0 0 1.44863e+06 34.2896 83466.4 1.21237 4.26816e+07 1.44863e+06 ZonesAtSurface
3174.87 4574.79 157.307 8 0 0 0 516998 42.3272 97956.4 2.03832 5.33275e+07 516998 ZonesAtSurface
3224.91 4574.78 197.291 10 0 0 0 1.45178e+06 30.8022 69213.2 1.5161 4.78773e+07 1.45178e+06 ZonesAtSurface
3274.89 4575 187.305 0 0 1 10 1.39329e+06 26.7591 113518 2.3101 1.28158e+07 1.39329e+06 ZonesAtSurface
3324.89 4575.01 277.319 4 0 1 9 1.49361e+06 22.287 130196 1.14281 4.64533e+06 1.49361e+06 ZonesAtSurface
3374.89 4575.02 317.297 1 0 1 9 912408 30.8694 146673 1.74681 5.48807e+06 912408 ZonesAtSurface
3424.9 4575.02 407.257 7 0 1 8 806278 17.2864 148567 1.0215 3.30203e+06 806278 ZonesAtSurface
3474.93 4575.03 547.184 10 6 2 6 1.05055e+06 26.6035 69473.6 1.19936 2.8718e+06 1.05055e+06 ZonesAtSurface
3524.97 4575.02 487.165 0 0 1 8 1.43596e+06 21.637 142418 1.0812 5.31588e+06 1.43596e+06 ZonesAtSurface
3575.01 4575.02 527.12 2 0 1 8 1.48842e+06 16.7672 114543 1.01312 5.61508e+06 1.48842e+06 ZonesAtSurface
3625.04 4575.01 667.036 8 0 1 6 980816 18.8919 143655 1.02456 3.44549e+06 980816 ZonesAtSurface
3675.08 4575.01 856.927 9 8 2 3 775158 24.8876 123401 1.42169 1.6105e+06 775158 ZonesAtSurface
3725.12 4575.01 946.892 0 6 2 2 1.49097e+06 16.1242 140090 3.56007 1.10119e+06 1.49097e+06 ZonesAtSurface
3775.14 4575 846.901 1 5 2 4 629299 35.0943 109598 1.41654 1.7887e+06 629299 ZonesAtSurface
3825.2 4575 756.957 4 0 1 5 740033 42.0597 85211.7 1.248 2.74451e+06 740033 ZonesAtSurface
3875.25 4575 766.96 0 2 2 4 707916 36.8365 140095 1.15126 2.19256e+06 707916 ZonesAtSurface
3925.27 4575.01 776.996 1 10 2 3 1.08616e+06 23.1425 78133.9 2.14056 1.76757e+06 1.08616e+06 ZonesAtSurface
3975.33 4575.01 737.046 0 0 2 3 605081 40.4076 102223 1.45459 2.14532e+06 605081 ZonesAtSurface
4025.38 4575.01 697.097 6 0 1 3 1.22961e+06 18.4817 120931 1.34344 2.97828e+06 1.22961e+06 ZonesAtSurface
4075.46 4575.01 607.158 0 0 1 4 800018 42.3208 76729.2 1.57032 4.32327e+06 800018 ZonesAtSurface
4125.48 4575.02 617.202 0 0 2 3 1.10283e+06 37.6825 113048 1.92049 2.71511e+06 1.10283e+06 ZonesAtSurface
4175.53 4575.02 527.261 2 0 1 4 817173 20.8934 128891 1.06203 3.14558e+06 817173 ZonesAtSurface
4225.56 4575.02 487.311 1 0 1 4 1.18411e+06 33.7377 79629.9 1.15353 4.76051e+06 1.18411e+06 ZonesAtSurface
4275.58 4575.02 447.353 1 0 1 4 1.28396e+06 21.5912 133303 1.1394 3.99372e+06 1.28396e+06 ZonesAtSurface
4325.6 4575.02 407.388 0 0 1 4 1.11527e+06 41.0235 149298 1.91808 3.82014e+06 1.11527e+06 ZonesAtSurface
4375.62 4575.02 417.419 9 0 1 3 812990 22.8585 89884.6 1.25438 2.28853e+06 812990 ZonesAtSurface
4425.64 4575.02 377.445 0 0 1 3 1.10491e+06 39.9833 57922.8 2.6861 2.35892e+06 1.10491e+06 ZonesAtSurface
4475.65 4575.03 387.464 0 0 2 2 701754 41.345 145264 2.92181 1.2947e+06 701754 ZonesAtSurface
4525.67 4575.03 347.478 0 0 2 2 903667 43.8526 118429 8.28763 616119 903667 ZonesAtSurface
4575.69 4575.03 307.49 0 9 2 2 729206 39.4009 110954 5.3557 609840 729206 ZonesAtSurface
4625.53 4575.02 67.5476 8 0 1 6 505408 25.501 73191.4 1.01468 7.99542e+06 505408 ZonesAtSurface
4675.45 4575.03 27.5609 3 0 1 6 897172 43.0257 146713 1.55458 1.44598e+07 897172 ZonesAtSurface
4725.4 4575.02 37.6016 50 0 1 5 1.46679e+06 22.636 133666 1.13435 6.99369e+06 1.46679e+06 ZonesAtSurface
4775.31 4575.02 47.6537 76 0 1 4 1.25325e+06 33.7571 139546 1.2127 5.81658e+06 1.25325e+06 ZonesAtSurface
4825.21 4575.02 57.6752 68 1 1 3 1.3398e+06 38.0855 79668.4 1.45117 4.93548e+06 1.3398e+06 ZonesAtSurface
4875.13 4575.02 67.6633 65 0 1 2 1.45144e+06 23.5373 132393 1.78081 3.51139e+06 1.45144e+06 ZonesAtSurface
4925.05 4575.02 77.6711 46 0 1 1 1.22371e+06 44.4254 126520 2.19062 5.15118e+06 1.22371e+06 ZonesAtSurface
74.9356 4625.02 -43.8667 88 0 1 3 859305 24.2535 84292.4 1.39527 5.6444e+06 859305 ZonesAtSurface
124.869 4625.02 -18.7855 86 49 1 3 966977 43.1174 136026 2.53652 2.48887e+06 966977 ZonesAtSurface
174.782 4625.02 -43.8052 84 0 1 4 550993 36.766 132026 1.0475 4.53641e+06 550993 ZonesAtSurface
224.713 4625.02 -18.7691 86 36 1 4 886425 41.2664 127185 1.71101 2.25694e+06 886425 ZonesAtSurface
274.656 4625.02 -43.8007 67 0 1 5 1.10186e+06 44.7613 131880 1.0792 8.15728e+06 1.10186e+06 ZonesAtSurface
324.594 4625.02 -18.7809 66 0 1 5 740806 28.946 107957 1.67754 2.50466e+06 740806 ZonesAtSurface
374.515 4625.02 -43.8612 53 0 1 6 767323 20.9087 84989.7 1.03368 5.34116e+06 767323 ZonesAtSurface
424.418 4625.03 -18.9087 36 0 1 6 1.23291e+06 19.7555 124320 1.10835 3.45116e+06 1.23291e+06 ZonesAtSurface
474.359 4625.03 6.04617 1 0 1 6 779251 35.5204 145858 1.60176 7.53922e+06 779251 ZonesAtSurface
524.235 4625.03 131.016 8 10 2 4 740744 18.4298 80342.9 1.55306 1.40181e+06 740744 ZonesAtSurface
574.22 4625.02 205.996 0 2 2 3 1.38741e+06 29.0301 115753 2.01653 2.30483e+06 1.38741e+06 ZonesAtSurface
624.243 4625.03 330.994 0 6 2 1 773574 15.1843 126305 4.16714 468152 773574 ZonesAtSurface
674.255 4625.03 355.982 0 7 2 1 1.36259e+06 41.1062 95191.2 8.74461 689353 1.36259e+06 ZonesAtSurface
724.267 4625.03 380.969 0 0 2 1 615935 33.6945 61284.3 2.34389 1.13422e+06 615935 ZonesAtSurface
774.293 4625.03 455.952 0 8 0 0 942561 40.6383 57357.5 6.06561 645287 942561 ZonesAtSurface
824.305 4625.03 480.934 0 0 0 0 869832 42.9079 117037 6.63286 618035 869832 ZonesAtSurface
874.317 4625.03 505.912 0 0 0 0 1.40633e+06 34.4793 69659 8.63123 690350 1.40633e+06 ZonesAtSurface
924.329 4625.03 530.887 0 0 0 0 782142 20.7301 79883.2 2.56646 984791 782142 ZonesAtSurface
974.342 4625.04 555.859 0 0 0 0 1.0508e+06 35.2807 92496.4 3.85788 1.23413e+06 1.0508e+06 ZonesAtSurface
1024.36 4625.04 580.829 0 0 0 0 620863 24.708 56020 1.79198 1.33e+06 620863 ZonesAtSurface
1074.38 4625.04 605.798 0 0 0 0 870165 42.6783 65146.9 4.79784 1.19817e+06 870165 ZonesAtSurface
1124.4 4625.04 630.766 0 0 0 0 1.26403e+06 15.5184 86100.4 2.90364 1.23861e+06 1.26403e+06 ZonesAtSurface
1174.43 4625.04 655.734 0 0 0 0 1.04536e+06 21.3274 118482 2.81146 1.23517e+06 1.04536e+06 ZonesAtSurface
1224.46 4625.04 680.7 0 0 0 0 1.17076e+06 16.2689 133147 2.49973 1.36323e+06 1.17076e+06 ZonesAtSurface
1274.48 4625.04 705.665 0 0 0 0 758831 18.559 108183 1.77564 1.40181e+06 758831 ZonesAtSurface
1324.51 4625.04 730.631 0 0 0 0 1.15134e+06 39.4795 70758.3 4.57836 1.41867e+06 1.15134e+06 ZonesAtSurface
1374.54 4625.04 755.601 0 0 0 0 1.29119e+06 36.8401 101274 5.29363 1.27728e+06 1.29119e+06 ZonesAtSurface
1424.57 4625.04 780.573 0 10 0 0 1.36553e+06 34.8683 106402 5.50878 1.13162e+06 1.36553e+06 ZonesAtSurface
1474.6 4625.04 805.546 0 8 0 0 1.28749e+06 32.6823 87144.6 4.48464 1.32665e+06 1.28749e+06 ZonesAtSurface
1524.64 4625.04 830.522 0 0 0 0 1.34186e+06 26.6924 98117.8 4.85205 956929 1.34186e+06 ZonesAtSurface
1574.67 4625.03 855.502 0 0 0 0 913315 39.2271 88692.8 8.92395 552845 913315 ZonesAtSurface
1624.68 4625.02 830.487 0 3 2 1 625316 43.9868 73013.2 1.95519 1.41419e+06 625316 ZonesAtSurface
1674.68 4625.02 605.572 6 6 1 6 1.29345e+06 16.7978 125292 1.2059 2.83958e+06 1.29345e+06 ZonesAtSurface
1724.72 4625.02 480.634 0 0 1 9 776206 42.0919 113408 1.4974 6.44756e+06 776206 ZonesAtSurface
1774.76 4625.02 455.652 0 0 1 10 1.2861e+06 33.3958 131063 1.33349 6.89266e+06 1.2861e+06 ZonesAtSurface
1824.79 4625.02 530.675 4 5 1 9 853898 18.1819 140437 1.6537 1.40499e+06 853898 ZonesAtSurface
1874.84 4625.01 505.695 0 0 2 10 1.402e+06 17.0147 88795.4 1.1792 3.34455e+06 1.402e+06 ZonesAtSurface
1924.89 4625.01 480.721 9 0 1 11 560893 43.1714 135690 1.02285 3.86484e+06 560893 ZonesAtSurface
1974.92 4625.01 505.746 10 6 1 11 1.42865e+06 15.5493 128768 1.2618 2.93859e+06 1.42865e+06 ZonesAtSurface
2024.97 4625.01 468.27 5 0 2 11 828402 42.3378 65967.2 1.04482 3.46409e+06 828402 ZonesAtSurface
2075.02 4625.02 368.304 6 0 1 11 1.37587e+06 26.1061 51127.9 0.996125 5.59528e+06 1.37587e+06 ZonesAtSurface
2125.06 4625.01 318.348 4 6 1 10 1.3387e+06 43.1269 73061 1.15331 5.30051e+06 1.3387e+06 ZonesAtSurface
2175.07 4625.01 168.358 0 0 1 11 1.00001e+06 37.5632 147670 10 5.17673e+06 1.00001e+06 ZonesAtSurface
2225.09 4624.76 118.384 10 0 0 0 1.2485e+06 18.5383 116615 1.28375 4.75689e+07 1.2485e+06 ZonesAtSurface
2275.12 4624.77 18.4029 10 0 0 0 1.20192e+06 16.382 132149 1.22257 4.25231e+07 1.20192e+06 ZonesAtSurface
2325.12 4624.86 -81.5845 10 0 0 0 872743 44.3609 105206 3.50826 4.45432e+07 872743 ZonesAtSurface
2375.1 4624.96 -181.585 0 0 0 0 1.28809e+06 37.2226 129447 2.69402 2.25163e+07 1.28809e+06 ZonesAtSurface
2425.09 4624.99 -281.584 0 0 0 0 1.4064e+06 42.0522 118840 8.32432 1.31759e+07 1.4064e+06 ZonesAtSurface
2475.08 4625.02 -381.582 0 0 0 0 1.17622e+06 22.1365 143454 3.39637 9.73253e+06 1.17622e+06 ZonesAtSurface
2525.08 4624.73 -361.637 2 0 0 0 1.17542e+06 40.832 88831.8 1.34172 7.05046e+07 1.17542e+06 ZonesAtSurface
2575.11 4624.75 -321.662 9 0 0 0 1.48e+06 17.0434 109916 1.11776 4.02777e+07 1.48e+06 ZonesAtSurface
2625.1 4624.67 -281.619 6 0 0 0 1.05026e+06 34.4544 120933 1.32077 6.45243e+07 1.05026e+06 ZonesAtSurface
2675.02 4624.99 -291.578 0 0 0 0 1.18587e+06 21.0586 148023 2.09053 1.75792e+07 1.18587e+06 ZonesAtSurface
2724.94 4624.71 -201.542 10 0 0 0 771760 35.5394 112491 1.2695 5.76415e+07 771760 ZonesAtSurface
2774.9 4624.8 -161.545 10 0 0 0 1.30445e+06 26.7968 64819.9 1.47802 4.73348e+07 1.30445e+06 ZonesAtSurface
2824.87 4624.8 -121.553 10 0 0 0 558496 23.2847 135069 1.35694 4.18004e+07 558496 ZonesAtSurface
2874.86 4624.87 -81.5646 10 0 0 0 1.06468e+06 26.5677 143651 1.55122 3.12677e+07 1.06468e+06 ZonesAtSurface
2924.85 4624.73 -41.5778 10 0 0 0 1.19185e+06 26.9302 54632.5 1.71594 1.85751e+07 1.19185e+06 ZonesAtSurface
2974.83 4625.02 -51.5818 0 0 0 0 960742 24.1022 110654 6.11058 3.94902e+06 960742 ZonesAtSurface
3024.82 4625.02 -11.5923 0 0 0 0 715117 28.5415 79995.7 9.65766 2.86926e+06 715117 ZonesAtSurface
3074.82 4625.02 28.3926 0 0 0 0 1.34725e+06 32.3366 66368.5 10 2.85988e+06 1.34725e+06 ZonesAtSurface
3124.82 4625.02 68.3684 0 0 0 0 562715 42.9169 110687 10 3.25732e+06 562715 ZonesAtSurface
3174.84 4625.02 108.339 0 0 0 0 1.40931e+06 24.8496 78313.3 5.32554 4.92899e+06 1.40931e+06 ZonesAtSurface
3224.86 4625.01 148.316 0 0 0 0 1.38829e+06 27.3646 66597.4 5.09003 6.24232e+06 1.38829e+06 ZonesAtSurface
3274.88 4625.01 188.307 1 0 1 10 776857 20.4043 112902 3.66875 4.86954e+06 776857 ZonesAtSurface
3324.88 4625.02 278.317 4 0 1 9 1.31202e+06 28.3641 51691.3 1.28952 5.01663e+06 1.31202e+06 ZonesAtSurface
3374.87 4625.03 368.29 1 0 2 8 969131 36.8137 52725 1.22845 3.73552e+06 969131 ZonesAtSurface
3424.9 4625.03 358.255 0 0 1 9 1.27554e+06 39.2654 68060.7 1.9632 6.95491e+06 1.27554e+06 ZonesAtSurface
3474.93 4625.03 448.206 0 0 1 8 812961 44.9237 75761.3 1.6344 5.91803e+06 812961 ZonesAtSurface
3524.97 4625.02 488.159 5 0 1 8 1.22903e+06 33.196 104817 1.35815 6.5282e+06 1.22903e+06 ZonesAtSurface
3575.01 4625.02 528.113 2 0 1 8 1.19192e+06 42.3671 92436.7 1.11023 7.61947e+06 1.19192e+06 ZonesAtSurface
3625.04 4625.02 668.029 5 0 1 6 598120 27.0749 119066 1.03449 2.67517e+06 598120 ZonesAtSurface
3675.07 4625.01 807.937 0 0 2 4 1.15983e+06 36.538 50645.3 1.2082 3.76554e+06 1.15983e+06 ZonesAtSurface
3725.12 4625.01 947.886 0 8 2 2 1.19697e+06 21.8971 137400 2.8536 1.23202e+06 1.19697e+06 ZonesAtSurface
3775.14 4625 847.897 0 0 2 4 1.08745e+06 44.3879 86785.8 1.80494 2.92253e+06 1.08745e+06 ZonesAtSurface
3825.19 4625 807.916 5 5 1 4 1.41604e+06 16.7546 86624.7 1.52546 2.58222e+06 1.41604e+06 ZonesAtSurface
3875.22 4625.01 817.943 0 8 2 3 1.3014e+06 39.1549 121956 4.34707 1.19766e+06 1.3014e+06 ZonesAtSurface
3925.27 4625.01 777.99 0 0 1 3 1.01162e+06 32.5088 80065.3 2.1292 1.91358e+06 1.01162e+06 ZonesAtSurface
3975.32 4625.01 738.04 0 0 2 3 852001 27.0261 84255.7 1.73789 1.99615e+06 852001 ZonesAtSurface
4025.37 4625.01 698.09 9 0 1 3 944869 27.4204 68791.9 1.42457 2.58511e+06 944869 ZonesAtSurface
4075.42 4625.01 658.142 0 0 1 3 1.17993e+06 40.7217 62433.8 2.1753 3.14332e+06 1.17993e+06 ZonesAtSurface
4125.47 4625.02 618.194 0 10 1 3 1.49763e+06 42.5935 133253 2.12683 3.34477e+06 1.49763e+06 ZonesAtSurface
4175.51 4625.02 578.242 0 2 2 3 1.16582e+06 44.3049 51950.9 1.49799 3.86884e+06 1.16582e+06 ZonesAtSurface
4225.56 4625.02 438.31 0 0 1 5 848294 32.8215 70541 1.42257 4.99851e+06 848294 ZonesAtSurface
4275.56 4625.02 498.348 5 1 2 3 1.1879e+06 21.3399 71858.8 1.56553 2.41614e+06 1.1879e+06 ZonesAtSurface
4325.59 4625.02 458.381 0 9 2 3 1.3238e+06 27.6964 51272.9 1.63496 2.71817e+06 1.3238e+06 ZonesAtSurface
4375.62 4625.02 368.413 0 0 1 4 874704 44.9929 80202.8 2.21724 3.95158e+06 874704 ZonesAtSurface
4425.61 4625.02 428.441 2 5 2 2 579593 23.7424 136548 1.77305 1.00309e+06 579593 ZonesAtSurface
4475.64 4625.03 388.458 0 4 2 2 899327 16.5559 54205.3 1.75041 1.35751e+06 899327 ZonesAtSurface
4525.66 4625.03 348.473 0 5 2 2 916522 38.3141 146783 3.47043 1.12655e+06 916522 ZonesAtSurface
4575.69 4625.03 258.483 0 5 2 3 1.31485e+06 33.0132 80639 2.88603 1.72169e+06 1.31485e+06 ZonesAtSurface
4625.67 4625.03 168.516 8 8 2 4 544129 28.8451 70478.8 1.25517 1.51586e+06 544129 ZonesAtSurface
4675.45 4625.03 28.5581 15 0 1 6 522070 18.9937 130138 1.03593 7.87329e+06 522070 ZonesAtSurface
4725.39 4625.03 38.6 30 0 1 5 1.46077e+06 37.5581 72563.4 1.25546 9.30574e+06 1.46077e+06 ZonesAtSurface
4775.31 4625.03 48.6491 90 0 1 4 737067 21.5959 98981.3 1.3194 2.94536e+06 737067 ZonesAtSurface
4825.21 4625.02 58.6708 85 0 1 3 1.10178e+06 18.9781 91974.4 1.41696 2.66011e+06 1.10178e+06 ZonesAtSurface
4875.12 4625.02 68.6666 54 6 1 2 1.17802e+06 40.4806 139549 2.14152 3.67364e+06 1.17802e+06 ZonesAtSurface
4925.05 4625.02 78.6669 74 0 1 1 784836 41.0086 109153 2.08197 3.9306e+06 784836 ZonesAtSurface
74.9298 4675.02 -42.876 84 0 1 3 857315 27.2381 121260 1.34055 6.76641e+06 857315 ZonesAtSurface
124.863 4675.02 -17.8022 68 60 1 3 1.17071e+06 38.701 143714 2.38604 2.60446e+06 1.17071e+06 ZonesAtSurface
174.789 4675.02 -42.816 71 0 1 4 564558 41.164 84781.9 1.05053 6.47567e+06 564558 ZonesAtSurface
224.725 4675.02 -17.7727 71 30 1 4 1.09222e+06 35.1983 106846 1.59584 2.86487e+06 1.09222e+06 ZonesAtSurface
274.661 4675.02 -42.8045 72 0 1 5 896339 31.192 66887.3 1.0641 5.73332e+06 896339 ZonesAtSurface
324.591 4675.02 -17.7897 75 3 1 5 1.33713e+06 21.5508 87001.1 1.63558 2.87139e+06 1.33713e+06 ZonesAtSurface
374.518 4675.03 -42.8751 40 0 1 6 1.41281e+06 33.0876 138142 1.02176 7.56328e+06 1.41281e+06 ZonesAtSurface
424.435 4675.03 -17.9126 53 0 1 6 1.11352e+06 16.8824 146714 1.10146 3.97171e+06 1.11352e+06 ZonesAtSurface
474.434 4675.03 -42.969 0 0 1 7 799038 35.262 137906 2.08867 9.45833e+06 799038 ZonesAtSurface
524.393 4675.02 -17.9737 6 0 1 7 727618 24.6296 60084.9 1.12129 8.12621e+06 727618 ZonesAtSurface
574.227 4675.03 256.993 0 3 2 2 1.1092e+06 41.6549 127379 5.84007 811833 1.1092e+06 ZonesAtSurface
624.248 4675.03 331.988 0 8 2 1 1.4086e+06 39.3689 140478 8.1899 702942 1.4086e+06 ZonesAtSurface
674.261 4675.03 356.977 0 6 2 1 953230 24.1428 117327 3.37566 850311 953230 ZonesAtSurface
724.273 4675.03 381.963 0 0 2 1 1.12929e+06 30.1747 135340 3.80816 1.1353e+06 1.12929e+06 ZonesAtSurface
774.299 4675.03 456.947 0 2 0 0 1.27731e+06 30.2824 123176 7.03627 602894 1.27731e+06 ZonesAtSurface
824.311 4675.03 481.929 0 0 0 0 1.4698e+06 24.1016 68038.2 8.0374 582885 1.4698e+06 ZonesAtSurface
874.323 4675.03 506.907 0 0 0 0 1.46206e+06 16.6648 120478 5.67175 722132 1.46206e+06 ZonesAtSurface
924.335 4675.03 531.881 0 1 0 0 646856 24.9163 109844 2.45626 968978 646856 ZonesAtSurface
974.349 4675.03 556.853 0 0 0 0 1.19504e+06 39.1732 144749 4.68974 1.22574e+06 1.19504e+06 ZonesAtSurface
1024.36 4675.04 581.822 0 0 0 0 1.31353e+06 26.901 114141 3.59612 1.31989e+06 1.31353e+06 ZonesAtSurface
1074.39 4675.04 606.791 0 0 0 0 1.1568e+06 39.2692 76877.3 5.20957 1.21928e+06 1.1568e+06 ZonesAtSurface
1124.41 4675.04 631.759 0 0 0 0 791386 43.8325 98173.4 4.47848 1.21795e+06 791386 ZonesAtSurface
1174.43 4675.04 656.726 0 0 0 0 682678 42.8334 89638.6 3.74505 1.25811e+06 682678 ZonesAtSurface
1224.46 4675.04 681.691 0 0 0 0 610697 42.8585 96856 3.16027 1.38365e+06 610697 ZonesAtSurface
1274.49 4675.04 706.656 0 0 0 0 706881 38.4591 140665 2.92963 1.41143e+06 706881 ZonesAtSurface
1324.52 4675.04 731.622 0 0 0 0 838895 21.3394 139171 2.09533 1.41938e+06 838895 ZonesAtSurface
1374.55 4675.04 756.591 0 0 0 0 1.3472e+06 23.5764 94327.8 3.75633 1.28019e+06 1.3472e+06 ZonesAtSurface
1424.58 4675.04 781.563 0 0 0 0 1.29949e+06 38.1113 129506 7.13675 1.0275e+06 1.29949e+06 ZonesAtSurface
1474.59 4675.03 756.536 0 0 2 1 745823 27.4144 83956.6 3.92458 1.0959e+06 745823 ZonesAtSurface
1524.64 4675.03 831.51 0 0 0 0 1.04201e+06 35.0315 142369 6.05595 867601 1.04201e+06 ZonesAtSurface
1574.67 4675.03 856.491 0 0 0 0 1.4268e+06 32.751 117936 10 551252 1.4268e+06 ZonesAtSurface
1624.71 4675.03 881.475 0 0 0 0 1.42799e+06 30.5655 95125.6 9.23593 558254 1.42799e+06 ZonesAtSurface
1674.68 4675.02 556.589 1 0 1 7 896280 17.4983 66433.7 1.02279 3.8357e+06 896280 ZonesAtSurface
1724.72 4675.02 531.623 7 0 1 8 1.11458e+06 37.3477 91898.7 1.33907 3.69541e+06 1.11458e+06 ZonesAtSurface
1774.75 4675.02 556.643 7 7 2 8 1.17609e+06 26.6197 106491 1.62862 2.27444e+06 1.17609e+06 ZonesAtSurface
1824.81 4675.02 481.663 10 0 1 10 830800 35.3792 104625 1.11296 5.03767e+06 830800 ZonesAtSurface
1874.84 4675.02 506.689 9 5 1 10 1.49258e+06 31.2813 120077 1.16596 4.37798e+06 1.49258e+06 ZonesAtSurface
1924.88 4675.01 531.714 9 7 2 10 1.1e+06 15.2819 75291.8 1.66041 1.76133e+06 1.1e+06 ZonesAtSurface
1974.93 4675.02 506.733 1 5 2 11 1.08047e+06 32.5546 112329 1.1573 3.20315e+06 1.08047e+06 ZonesAtSurface
2024.98 4675.02 419.257 2 0 1 12 675538 37.9527 129855 1.02658 6.87119e+06 675538 ZonesAtSurface
2075.02 4675.02 369.298 9 0 1 11 1.43346e+06 18.1242 97027.8 0.991544 4.7119e+06 1.43346e+06 ZonesAtSurface
2125.06 4675.01 319.339 5 4 2 10 976222 23.2869 141124 1.10838 2.63248e+06 976222 ZonesAtSurface
2175.07 4675.01 169.352 0 0 1 11 1.46753e+06 27.6745 89577.7 3.2836 8.88417e+06 1.46753e+06 ZonesAtSurface
2225.1 4675 69.3768 0 0 0 0 1.1321e+06 39.6064 149618 6.8384 1.01323e+07 1.1321e+06 ZonesAtSurface
2275.12 4675.01 -30.5986 0 0 0 0 680204 22.7099 107597 3.0167 9.92333e+06 680204 ZonesAtSurface
2325.12 4674.62 -80.5844 10 0 0 0 1.2395e+06 15.4453 121893 1.18323 3.29223e+07 1.2395e+06 ZonesAtSurface
2375.1 4674.85 -180.588 10 0 0 0 832984 44.0624 145652 3.6773 5.08612e+07 832984 ZonesAtSurface
2425.08 4674.97 -280.595 0 0 0 0 722862 36.7488 125789 2.25429 2.70544e+07 722862 ZonesAtSurface
2475.07 4675 -380.598 0 0 0 0 990571 36.4489 102976 4.26889 1.92963e+07 990571 ZonesAtSurface
2525.08 4675 -410.617 0 0 0 0 1.20633e+06 41.0893 134684 8.67072 1.32633e+07 1.20633e+06 ZonesAtSurface
2575.11 4674.52 -320.652 10 0 0 0 829716 37.8867 86297 1.04328 7.74339e+07 829716 ZonesAtSurface
2625.09 4674.5 -280.604 10 0 0 0 631325 36.4839 128133 1.09035 5.32079e+07 631325 ZonesAtSurface
2675.02 4674.99 -290.588 0 0 0 0 512862 21.0783 131050 2.01323 1.44424e+07 512862 ZonesAtSurface
2724.96 4674.99 -250.569 0 0 0 0 1.3658e+06 25.9155 55411.4 2.95518 1.1836e+07 1.3658e+06 ZonesAtSurface
2774.92 4675 -210.561 0 0 0 0 824756 43.881 104091 9.87521 9.89479e+06 824756 ZonesAtSurface
2824.89 4675 -170.563 0 0 0 0 633798 21.3136 87413.7 3.3445 8.01023e+06 633798 ZonesAtSurface
2874.85 4674.67 -80.5641 10 0 0 0 1.04486e+06 37.2536 104539 1.2608 6.62416e+07 1.04486e+06 ZonesAtSurface
2924.85 4674.6 -40.579 10 0 0 0 1.32818e+06 19.8508 77155.5 1.30706 2.79251e+07 1.32818e+06 ZonesAtSurface
2974.83 4675.01 -50.5894 0 0 0 0 756932 17.6084 87437.1 2.26533 8.06754e+06 756932 ZonesAtSurface
3024.82 4675.01 -10.5963 0 0 0 0 765515 15.5638 101974 1.64468 8.06753e+06 765515 ZonesAtSurface
3074.82 4675.01 29.3894 0 0 0 0 585547 36.8683 109594 5.72192 8.16759e+06 585547 ZonesAtSurface
3124.82 4675.01 69.3689 0 0 0 0 1.13809e+06 34.9738 141547 6.78271 6.57655e+06 1.13809e+06 ZonesAtSurface
3174.83 4675.01 109.346 0 0 0 0 1.45934e+06 30.7064 78487.6 6.16769 5.25952e+06 1.45934e+06 ZonesAtSurface
3224.85 4675.01 149.327 0 0 0 0 1.38958e+06 27.9002 125596 4.76403 5.09628e+06 1.38958e+06 ZonesAtSurface
3274.87 4675.02 189.314 0 0 1 10 775203 29.4771 97652.5 4.95775 4.73923e+06 775203 ZonesAtSurface
3324.87 4675.02 279.316 8 0 1 9 973058 30.9189 67551.4 1.25145 5.32837e+06 973058 ZonesAtSurface
3374.87 4675.03 369.287 6 1 1 8 954113 42.0233 73263.5 1.44428 3.39292e+06 954113 ZonesAtSurface
3424.9 4675.03 359.252 6 0 1 9 854489 19.3578 125211 1.00365 5.12191e+06 854489 ZonesAtSurface
3474.93 4675.03 399.209 3 0 1 9 1.33422e+06 27.4619 128186 1.05139 7.18953e+06 1.33422e+06 ZonesAtSurface
3524.96 4675.03 539.139 9 0 1 7 1.36712e+06 37.6297 145277 1.1156 5.72363e+06 1.36712e+06 ZonesAtSurface
3575 4675.02 529.106 5 0 1 8 881131 38.6892 63038.8 1.0441 6.65695e+06 881131 ZonesAtSurface
3625.04 4675.02 619.043 5 0 1 7 1.27148e+06 29.3578 79056.6 1.00648 6.29965e+06 1.27148e+06 ZonesAtSurface
3675.07 4675.01 808.931 7 1 2 4 755313 38.9199 101816 1.12038 2.55134e+06 755313 ZonesAtSurface
3725.11 4675.01 898.887 8 0 2 3 563174 23.2699 75425.2 1.21704 1.7731e+06 563174 ZonesAtSurface
3775.14 4675.01 798.921 5 0 2 5 781817 38.1036 56248.9 1.11112 3.86754e+06 781817 ZonesAtSurface
3825.2 4675.01 758.942 2 0 1 5 748957 17.5149 129401 1.11865 2.43564e+06 748957 ZonesAtSurface
3875.21 4675.01 818.935 0 0 2 3 1.05442e+06 16.417 64731.6 2.41288 1.27814e+06 1.05442e+06 ZonesAtSurface
3925.29 4675.01 728.99 0 0 2 4 1.13813e+06 27.1757 59094.4 1.45106 3.06451e+06 1.13813e+06 ZonesAtSurface
3975.31 4675.01 739.035 2 1 1 3 891362 35.3008 137052 2.63148 1.9124e+06 891362 ZonesAtSurface
4025.37 4675.01 699.084 0 0 1 3 1.20186e+06 36.5188 79805.7 2.79 2.24641e+06 1.20186e+06 ZonesAtSurface
4075.42 4675.02 659.133 0 1 2 3 972763 43.6395 67329.1 2.02351 2.79842e+06 972763 ZonesAtSurface
4125.46 4675.02 619.183 3 0 2 3 506129 32.3832 118746 1.38707 1.98911e+06 506129 ZonesAtSurface
4175.52 4675.02 529.244 8 0 1 4 1.12758e+06 31.7906 103049 1.09727 5.21068e+06 1.12758e+06 ZonesAtSurface
4225.55 4675.02 439.302 0 0 1 5 1.47711e+06 39.3819 98420.4 2.28404 5.17179e+06 1.47711e+06 ZonesAtSurface
4275.56 4675.02 449.342 1 0 2 4 929200 30.8604 101956 1.15923 3.11434e+06 929200 ZonesAtSurface
4325.59 4675.02 409.374 0 0 1 4 564177 41.6678 149526 1.82099 3.62112e+06 564177 ZonesAtSurface
4375.6 4675.02 419.406 0 0 1 3 1.32471e+06 22.4323 85302.9 1.82326 2.50159e+06 1.32471e+06 ZonesAtSurface
4425.61 4675.02 429.432 0 1 2 2 1.42136e+06 34.7622 119743 3.27913 1.71793e+06 1.42136e+06 ZonesAtSurface
4475.63 4675.02 389.451 0 0 2 2 798964 24.3732 135703 1.54104 1.63596e+06 798964 ZonesAtSurface
4525.66 4675.03 349.466 0 0 2 2 710357 28.4794 108687 2.00472 1.46895e+06 710357 ZonesAtSurface
4575.69 4675.04 259.479 0 7 2 3 1.48681e+06 44.0392 120483 4.08369 1.81774e+06 1.48681e+06 ZonesAtSurface
4625.6 4675.05 119.532 10 1 1 5 1.00652e+06 32.9497 67393 1.21832 3.50274e+06 1.00652e+06 ZonesAtSurface
4675.44 4675.03 29.5565 18 0 1 6 1.49134e+06 33.0676 136412 1.15589 1.35743e+07 1.49134e+06 ZonesAtSurface
4725.38 4675.03 39.6051 47 0 1 5 1.37292e+06 33.2622 111503 1.28613 6.52747e+06 1.37292e+06 ZonesAtSurface
4775.31 4675.03 49.6392 82 0 1 4 603793 28.2555 80022.9 1.48319 3.31782e+06 603793 ZonesAtSurface
4825.22 4675.02 59.6609 89 8 1 3 1.07435e+06 29.9612 125922 1.52673 2.91436e+06 1.07435e+06 ZonesAtSurface
4875.13 4675.02 69.6703 86 0 1 2 834623 17.4841 76578 1.47625 2.18496e+06 834623 ZonesAtSurface
4925.05 4675.02 79.6669 61 0 1 1 1.16049e+06 17.0082 79081 1.9953 2.22858e+06 1.16049e+06 ZonesAtSurface
74.9281 4725.02 -41.8836 93 0 1 3 812330 31.6449 94787.4 1.31811 7.89645e+06 812330 ZonesAtSurface
124.858 4725.02 -16.814 80 52 1 3 1.16056e+06 33.5384 72475.4 2.08995 2.6877e+06 1.16056e+06 ZonesAtSurface
174.793 4725.02 -41.8238 82 0 1 4 1.15898e+06 39.8151 83963.2 1.02055 7.72917e+06 1.15898e+06 ZonesAtSurface
224.728 4725.02 -16.7783 78 0 1 4 721072 44.8571 128648 1.81014 2.99372e+06 721072 ZonesAtSurface
274.662 4725.02 -41.8166 78 0 1 5 988879 23.0456 95131.8 1.02598 4.35062e+06 988879 ZonesAtSurface
324.592 4725.02 -16.8045 70 0 1 5 648472 27.6124 108470 1.638 2.21095e+06 648472 ZonesAtSurface
374.522 4725.02 -41.8932 36 0 1 6 518128 27.6178 64308.9 1.01461 6.77691e+06 518128 ZonesAtSurface
424.45 4725.02 -16.9237 30 0 1 6 1.29623e+06 40.6488 76832.1 1.07129 5.41169e+06 1.29623e+06 ZonesAtSurface
474.443 4725.02 -41.9752 7 0 1 7 961138 25.1123 84274.9 1.23 9.52012e+06 961138 ZonesAtSurface
524.342 4725.02 33.0237 10 0 1 6 954740 23.3293 95821.2 1.00768 6.86274e+06 954740 ZonesAtSurface
574.248 4725.02 157.99 1 0 2 4 1.03246e+06 26.8307 62722.8 1.04762 3.57536e+06 1.03246e+06 ZonesAtSurface
624.254 4725.03 332.982 0 9 2 1 891118 18.264 134094 3.81861 630151 891118 ZonesAtSurface
674.266 4725.03 357.97 0 6 2 1 734373 28.4138 91345.7 2.19897 1.06967e+06 734373 ZonesAtSurface
724.279 4725.03 382.958 0 0 2 1 984865 28.8139 91356.8 3.36658 1.15556e+06 984865 ZonesAtSurface
774.304 4725.03 457.942 0 6 0 0 1.32673e+06 20.5283 77091.4 5.77402 652843 1.32673e+06 ZonesAtSurface
824.316 4725.03 482.923 0 0 0 0 568143 22.5088 145080 2.55158 701595 568143 ZonesAtSurface
874.328 4725.03 507.901 0 0 0 0 524552 36.3566 105360 3.59371 757573 524552 ZonesAtSurface
924.341 4725.03 532.876 0 0 0 0 749191 21.1306 66993.7 2.65649 934518 749191 ZonesAtSurface
974.356 4725.03 557.847 0 6 0 0 1.12785e+06 37.0667 67445.7 4.5518 1.16914e+06 1.12785e+06 ZonesAtSurface
1024.37 4725.03 582.816 0 0 0 0 1.32178e+06 43.153 114558 5.83172 1.27194e+06 1.32178e+06 ZonesAtSurface
1074.39 4725.03 607.784 0 0 0 0 903525 31.2464 104360 3.31997 1.22365e+06 903525 ZonesAtSurface
1124.41 4725.03 632.751 0 0 0 0 652633 31.9728 144913 2.75448 1.18391e+06 652633 ZonesAtSurface
1174.44 4725.03 657.718 0 0 0 0 570506 18.4151 67784.7 1.62893 1.22376e+06 570506 ZonesAtSurface
1224.47 4725.04 682.683 0 0 0 0 740718 17.2352 126380 1.67435 1.37499e+06 740718 ZonesAtSurface
1274.49 4725.04 707.648 0 0 0 0 725044 23.1255 100250 1.83307 1.43308e+06 725044 ZonesAtSurface
1324.52 4725.04 732.613 0 0 0 0 648264 44.2239 54979.7 3.54823 1.44843e+06 648264 ZonesAtSurface
1374.55 4725.04 757.582 0 0 0 0 1.19426e+06 30.3217 139083 4.08151 1.285e+06 1.19426e+06 ZonesAtSurface
1424.58 4725.04 782.554 0 2 0 0 1.42947e+06 32.2687 133489 5.6976 1.04099e+06 1.42947e+06 ZonesAtSurface
1474.61 4725.03 807.526 0 10 0 0 1.22416e+06 39.7939 51563.5 4.96734 1.54119e+06 1.22416e+06 ZonesAtSurface
1524.64 4725.03 832.501 0 6 0 0 1.23735e+06 34.4704 90589.9 6.60854 813626 1.23735e+06 ZonesAtSurface
1574.68 4725.03 857.481 0 0 0 0 546182 41.8135 131225 5.67318 620094 546182 ZonesAtSurface
1624.71 4725.03 882.465 0 5 0 0 1.08719e+06 41.5589 105889 9.5337 510625 1.08719e+06 ZonesAtSurface
1674.68 4725.02 507.596 4 0 1 8 1.40116e+06 32.9613 123405 1.22751 6.89058e+06 1.40116e+06 ZonesAtSurface
1724.72 4725.02 482.614 2 0 1 9 904600 24.7388 97041.3 1.02107 5.10404e+06 904600 ZonesAtSurface
1774.75 4725.02 557.635 9 8 2 8 1.00652e+06 19.7701 69147.2 2.04258 1.39358e+06 1.00652e+06 ZonesAtSurface
1824.8 4725.02 532.656 8 4 1 9 1.01048e+06 17.2153 81485.8 1.13183 2.39693e+06 1.01048e+06 ZonesAtSurface
1874.84 4725.03 507.682 0 6 1 10 1.2138e+06 40.7243 89358.6 1.44288 3.46225e+06 1.2138e+06 ZonesAtSurface
1924.88 4725.03 532.709 6 9 2 10 948830 20.4457 89571.6 1.96298 1.39231e+06 948830 ZonesAtSurface
1974.93 4725.03 507.725 0 7 2 11 1.13469e+06 43.4425 58669.8 1.1891 4.32694e+06 1.13469e+06 ZonesAtSurface
2024.98 4725.03 420.25 0 0 1 12 1.20674e+06 38.4177 108456 1.24544 7.25666e+06 1.20674e+06 ZonesAtSurface
2075.02 4725.02 420.295 5 0 2 10 1.26896e+06 36.3359 111495 1.46939 4.12348e+06 1.26896e+06 ZonesAtSurface
2125.06 4725.02 320.33 7 4 2 10 559773 32.873 132772 1.13767 1.70516e+06 559773 ZonesAtSurface
2175.08 4725.01 170.348 0 0 1 11 655719 38.0799 115165 3.48811 7.20012e+06 655719 ZonesAtSurface
2225.1 4725.01 70.3724 3 0 0 0 1.19207e+06 16.9974 136346 1.09148 9.18658e+06 1.19207e+06 ZonesAtSurface
2275.12 4725.01 -29.6027 0 0 0 0 848564 22.225 124894 1.7108 9.88927e+06 848564 ZonesAtSurface
2325.12 4725.01 -129.59 0 0 0 0 628062 36.6324 138227 4.12975 1.29237e+07 628062 ZonesAtSurface
2375.08 4724.7 -179.598 10 0 0 0 979528 24.8065 94455.1 1.69497 2.40561e+07 979528 ZonesAtSurface
2425.05 4724.93 -279.618 0 0 0 0 1.21608e+06 34.5347 119697 1.21145 4.01104e+07 1.21608e+06 ZonesAtSurface
2475.05 4724.97 -379.624 8 0 0 0 1.14828e+06 15.6513 149203 1.11105 1.72201e+07 1.14828e+06 ZonesAtSurface
2525.08 4724.98 -409.634 0 0 0 0 1.47856e+06 40.8369 62289.5 4.96639 1.64607e+07 1.47856e+06 ZonesAtSurface
2575.09 4724.96 -369.643 3 0 0 0 788294 17.3756 89092.2 1.02493 2.07055e+07 788294 ZonesAtSurface
2625.01 4722.11 -179.474 0 0 0 0 1.07059e+06 25.8791 120716 1.4486 2.39189e+07 1.07059e+06 ZonesAtSurface
2675.03 4724.98 -289.613 0 0 0 0 693720 41.9147 114757 3.49979 2.30592e+07 693720 ZonesAtSurface
2724.99 4724.98 -249.6 3 0 0 0 731479 15.6635 50335.2 1.06681 1.66628e+07 731479 ZonesAtSurface
2774.94 4724.98 -209.589 0 0 0 0 810246 44.896 134641 3.99385 2.07548e+07 810246 ZonesAtSurface
2824.85 4722.06 -19.5356 3 0 0 0 571044 44.289 112087 2.69666 1.87849e+07 571044 ZonesAtSurface
2874.87 4724.99 -129.588 0 0 0 0 1.41509e+06 21.0158 61660.6 1.69319 1.16473e+07 1.41509e+06 ZonesAtSurface
2924.86 4724.44 -39.5944 10 0 0 0 1.22718e+06 26.4136 50280.5 1.04387 2.85293e+07 1.22718e+06 ZonesAtSurface
2974.85 4724.38 0.394268 10 0 0 0 1.25288e+06 38.8615 106468 1.00588 2.6371e+07 1.25288e+06 ZonesAtSurface
3024.84 4724.36 40.3834 10 0 0 0 1.19393e+06 30.9029 144077 1.00024 1.78238e+07 1.19393e+06 ZonesAtSurface
3074.83 4723.33 130.374 10 0 0 0 1.46189e+06 36.1227 82010.5 3.37637 1.01751e+07 1.46189e+06 ZonesAtSurface
3124.84 4724.98 70.349 0 0 0 0 1.33904e+06 22.3106 90200.2 1.64661 1.42942e+07 1.33904e+06 ZonesAtSurface
3174.85 4724.98 110.327 0 0 0 0 970951 16.9723 113582 1.22732 1.43811e+07 970951 ZonesAtSurface
3224.87 4724.99 150.313 0 0 0 0 1.2025e+06 24.7877 72743.4 1.94984 1.46001e+07 1.2025e+06 ZonesAtSurface
3274.88 4725.01 190.309 0 0 1 10 844274 30.5729 102182 3.24273 1.01673e+07 844274 ZonesAtSurface
3324.86 4725.03 280.318 4 0 1 9 546157 15.8712 93930.4 1.1549 2.86287e+06 546157 ZonesAtSurface
3374.87 4725.04 320.283 0 0 1 9 1.06035e+06 41.9069 97186.8 2.15793 6.33724e+06 1.06035e+06 ZonesAtSurface
3424.9 4725.04 360.248 0 0 1 9 972036 44.003 61047.9 1.96426 6.09012e+06 972036 ZonesAtSurface
3474.93 4725.04 400.207 3 0 1 9 1.11782e+06 31.7027 56947.9 1.07241 6.89242e+06 1.11782e+06 ZonesAtSurface
3524.95 4725.04 540.129 3 2 2 7 815737 16.2868 70791.4 1.10191 1.93165e+06 815737 ZonesAtSurface
3575 4725.03 530.101 8 0 1 8 1.01488e+06 28.2547 58671.2 1.07178 5.55981e+06 1.01488e+06 ZonesAtSurface
3625.04 4725.02 620.028 0 0 1 7 1.26833e+06 37.326 142104 1.01149 6.58914e+06 1.26833e+06 ZonesAtSurface
3675.07 4725.01 809.928 4 8 2 4 1.16298e+06 44.4007 115306 1.57983 3.19682e+06 1.16298e+06 ZonesAtSurface
3725.1 4725.01 799.917 1 0 2 5 1.04954e+06 24.4344 142878 1.01027 3.39032e+06 1.04954e+06 ZonesAtSurface
3775.14 4725.01 799.912 3 4 2 5 1.17443e+06 43.8556 96329.8 1.15579 4.50002e+06 1.17443e+06 ZonesAtSurface
3825.18 4725 809.908 0 5 1 4 1.25887e+06 31.9122 87642 2.18821 2.43511e+06 1.25887e+06 ZonesAtSurface
3875.25 4725.01 719.963 0 0 1 5 588080 38.6707 94127.9 1.35225 3.56657e+06 588080 ZonesAtSurface
3925.29 4725.01 729.982 0 0 1 4 1.44581e+06 30.3201 101459 1.77084 3.37365e+06 1.44581e+06 ZonesAtSurface
3975.31 4725.01 740.029 0 0 2 3 1.10747e+06 23.7099 67375.9 2.2029 1.86901e+06 1.10747e+06 ZonesAtSurface
4025.36 4725.01 700.077 0 0 2 3 1.01634e+06 42.6688 72319.3 3.0879 2.13406e+06 1.01634e+06 ZonesAtSurface
4075.41 4725.02 660.125 0 0 1 3 1.07292e+06 32.2193 139921 1.68223 2.94969e+06 1.07292e+06 ZonesAtSurface
4125.45 4725.02 620.174 8 0 2 3 1.3414e+06 17.166 80350.4 1.08865 3.45142e+06 1.3414e+06 ZonesAtSurface
4175.5 4725.02 580.222 9 0 2 3 584791 41.1115 132497 1.16951 3.01334e+06 584791 ZonesAtSurface
4225.54 4725.02 440.293 0 0 1 5 1.08227e+06 29.6245 83426.3 1.21716 5.2024e+06 1.08227e+06 ZonesAtSurface
4275.56 4725.02 450.334 1 0 1 4 977795 44.9909 70301.7 1.59253 3.7534e+06 977795 ZonesAtSurface
4325.58 4725.02 410.367 0 0 1 4 1.0248e+06 23.9274 73046.4 1.32716 3.41592e+06 1.0248e+06 ZonesAtSurface
4375.57 4725.02 470.4 0 6 1 2 734679 34.0292 75217 2.35696 1.30031e+06 734679 ZonesAtSurface
4425.6 4725.02 430.423 0 1 2 2 1.29272e+06 40.2266 101771 3.50715 1.72728e+06 1.29272e+06 ZonesAtSurface
4475.63 4725.02 390.443 0 0 2 2 584434 22.9437 114726 1.44591 1.61862e+06 584434 ZonesAtSurface
4525.65 4725.03 350.459 0 0 2 2 1.38411e+06 44.509 79978.5 3.68292 1.97757e+06 1.38411e+06 ZonesAtSurface
4575.57 4725.03 110.516 6 0 1 6 561400 23.2349 56443.2 1.02546 5.36837e+06 561400 ZonesAtSurface
4625.46 4725.03 20.5194 7 0 1 7 1.09847e+06 19.7182 50529.8 1.05612 1.00309e+07 1.09847e+06 ZonesAtSurface
4675.43 4725.03 30.5584 23 0 1 6 514808 26.2042 110077 1.07076 9.02114e+06 514808 ZonesAtSurface
4725.37 4725.03 40.6042 34 0 1 5 1.45516e+06 40.8513 93095.1 1.28901 6.24896e+06 1.45516e+06 ZonesAtSurface
4775.3 4725.03 50.63 50 0 1 4 1.3105e+06 42.3469 96325 1.6976 5.4547e+06 1.3105e+06 ZonesAtSurface
4825.21 4725.02 60.6549 77 4 1 3 1.0215e+06 31.9059 121056 1.71859 3.27108e+06 1.0215e+06 ZonesAtSurface
4875.12 4725.01 70.667 83 0 1 2 644649 36.6415 51666.7 1.81638 2.90375e+06 644649 ZonesAtSurface
4925.06 4725.02 80.6582 67 0 1 1 711280 18.3512 90677.3 1.90462 1.97601e+06 711280 ZonesAtSurface
74.9319 4775.01 -40.8918 91 0 1 3 1.48583e+06 33.7818 62832.3 1.3115 9.42563e+06 1.48583e+06 ZonesAtSurface
124.861 4775.02 -15.8247 82 3 1 3 585064 43.7114 105643 2.60637 1.77635e+06 585064 ZonesAtSurface
174.791 4775.02 -40.8353 71 0 1 4 1.35213e+06 36.8822 145359 1.03299 7.41439e+06 1.35213e+06 ZonesAtSurface
224.718 4775.02 -15.7926 88 0 1 4 1.25748e+06 17.8108 75433.6 1.41205 2.81057e+06 1.25748e+06 ZonesAtSurface
274.664 4775.02 -40.8272 46 0 1 5 1.37056e+06 35.7015 76661.2 1.0216 6.56742e+06 1.37056e+06 ZonesAtSurface
324.606 4775.02 -15.8122 73 8 1 5 1.34373e+06 23.3457 101788 1.54471 2.97822e+06 1.34373e+06 ZonesAtSurface
374.526 4775.02 -40.9046 43 0 1 6 909750 34.9299 112129 1.01942 9.7532e+06 909750 ZonesAtSurface
424.454 4775.02 -15.9314 28 0 1 6 1.26364e+06 35.0175 113712 1.03171 6.90385e+06 1.26364e+06 ZonesAtSurface
474.449 4775.02 -40.9805 3 0 1 7 754166 17.5617 97224.6 1.04828 7.24932e+06 754166 ZonesAtSurface
524.353 4775.02 34.02 4 0 1 6 701962 25.1868 116855 1.01884 6.77388e+06 701962 ZonesAtSurface
574.241 4775.02 208.983 0 7 2 3 909407 41.1294 94906.7 3.50056 1.62199e+06 909407 ZonesAtSurface
624.251 4775.02 283.978 0 7 2 2 1.23212e+06 42.7702 91235.7 3.04921 1.77879e+06 1.23212e+06 ZonesAtSurface
674.272 4775.03 358.965 0 0 2 1 1.35777e+06 25.8611 83557.5 3.64079 1.30283e+06 1.35777e+06 ZonesAtSurface
724.284 4775.02 383.952 0 0 2 1 769400 32.1839 124444 2.82601 1.27007e+06 769400 ZonesAtSurface
774.309 4775.03 458.936 0 4 0 0 680611 15.0727 117307 1.94242 910138 680611 ZonesAtSurface
824.322 4775.03 483.918 0 0 0 0 547817 19.7842 81030.8 2.03892 834331 547817 ZonesAtSurface
874.334 4775.03 508.896 0 0 0 0 1.01622e+06 28.2472 146253 4.18225 894499 1.01622e+06 ZonesAtSurface
924.347 4775.03 533.87 0 3 0 0 1.0408e+06 43.4877 90422.9 6.03063 996319 1.0408e+06 ZonesAtSurface
974.362 4775.03 558.841 0 8 0 0 785544 20.2328 92405.5 2.2484 1.12658e+06 785544 ZonesAtSurface
1024.38 4775.03 583.81 0 0 0 0 1.24032e+06 40.9517 128780 5.34195 1.22342e+06 1.24032e+06 ZonesAtSurface
1074.4 4775.03 608.778 0 0 0 0 1.16796e+06 15.8155 95740.1 2.74254 1.23394e+06 1.16796e+06 ZonesAtSurface
1124.42 4775.03 633.745 0 0 0 0 928186 16.7571 143229 2.29485 1.21752e+06 928186 ZonesAtSurface
1174.45 4775.03 658.711 0 0 0 0 1.36712e+06 19.7272 122155 3.56224 1.20178e+06 1.36712e+06 ZonesAtSurface
1224.47 4775.03 683.676 0 0 0 0 640393 24.5891 55292.8 1.88377 1.36862e+06 640393 ZonesAtSurface
1274.5 4775.03 708.64 0 0 0 0 957482 36.7246 136699 3.19213 1.46608e+06 957482 ZonesAtSurface
1324.53 4775.03 733.605 0 0 0 0 1.19846e+06 28.2005 81164.7 3.24963 1.47537e+06 1.19846e+06 ZonesAtSurface
1374.56 4775.03 758.573 0 0 0 0 517920 40.2258 113919 2.99033 1.32147e+06 517920 ZonesAtSurface
1424.59 4775.03 783.545 0 8 0 0 1.37827e+06 39.2565 144952 7.51818 1.06318e+06 1.37827e+06 ZonesAtSurface
1474.6 4775.02 758.517 0 0 2 1 1.49554e+06 19.9684 130580 3.80439 1.38359e+06 1.49554e+06 ZonesAtSurface
1524.65 4775.03 833.491 0 0 0 0 1.40606e+06 36.9402 124695 7.37398 958965 1.40606e+06 ZonesAtSurface
1574.68 4775.03 858.472 0 0 0 0 956909 22.3094 78764.4 4.90694 636643 956909 ZonesAtSurface
1624.7 4775.02 833.458 0 0 2 1 570970 44.4793 66454.6 2.95397 1.37506e+06 570970 ZonesAtSurface
1674.7 4775.01 658.52 0 9 1 5 1.38832e+06 44.3646 84776.5 2.61499 2.80881e+06 1.38832e+06 ZonesAtSurface
1724.72 4775.02 483.61 0 0 1 9 1.11756e+06 38.884 94134.2 1.61195 5.61351e+06 1.11756e+06 ZonesAtSurface
1774.76 4775.03 508.626 3 0 2 9 822121 21.5906 149651 1.04514 2.60882e+06 822121 ZonesAtSurface
1824.8 4775.03 533.649 7 0 2 9 870266 16.3937 122936 1.16128 1.99804e+06 870266 ZonesAtSurface
1874.85 4775.03 508.681 0 7 1 10 1.42473e+06 44.1014 53318.2 1.64472 4.02528e+06 1.42473e+06 ZonesAtSurface
1924.89 4775.03 483.697 9 1 1 11 1.39271e+06 31.8269 78216.2 1.09258 4.44887e+06 1.39271e+06 ZonesAtSurface
1974.93 4775.03 508.72 8 7 1 11 1.27945e+06 31.6006 53935.9 1.24217 3.6597e+06 1.27945e+06 ZonesAtSurface
2024.98 4775.03 421.245 2 0 1 12 1.01489e+06 25.0684 95384.7 1.00869 4.86047e+06 1.01489e+06 ZonesAtSurface
2075.02 4775.04 371.288 8 0 1 11 1.40866e+06 29.6983 144719 1.00674 4.61211e+06 1.40866e+06 ZonesAtSurface
2125.07 4775.04 321.328 4 7 2 10 792436 41.6785 106322 1.24436 2.8967e+06 792436 ZonesAtSurface
2175.08 4775.02 171.348 3 0 1 11 1.30457e+06 38.3919 56039.3 3.23383 1.14792e+07 1.30457e+06 ZonesAtSurface
2225.1 4775.01 71.3705 0 0 0 0 550547 21.4625 116547 1.23117 1.38546e+07 550547 ZonesAtSurface
2275.12 4775.02 -28.6062 0 0 0 0 1.23632e+06 37.5486 78684.4 4.01214 9.91138e+06 1.23632e+06 ZonesAtSurface
2325.11 4775.02 -128.593 0 0 0 0 578005 32.9506 126655 3.41046 1.08944e+07 578005 ZonesAtSurface
2375.06 4774.58 -178.603 10 0 0 0 1.18458e+06 15.1091 78660.2 1.25014 2.80022e+07 1.18458e+06 ZonesAtSurface
2425.07 4775.03 -328.611 0 0 0 0 576161 35.2518 147644 4.50333 1.57351e+07 576161 ZonesAtSurface
2475.06 4774.84 -378.622 10 0 0 0 1.12178e+06 21.629 51170.6 1.39071 4.57767e+07 1.12178e+06 ZonesAtSurface
2525.08 4774.92 -408.63 9 0 0 0 912856 16.8741 85063.7 1.46522 2.24238e+07 912856 ZonesAtSurface
2575.09 4771.83 -218.498 6 0 0 0 1.12228e+06 36.4884 68121.1 2.35185 2.13915e+07 1.12228e+06 ZonesAtSurface
2625.06 4774.97 -328.638 0 0 0 0 1.42515e+06 31.0203 74006.6 2.0142 1.9615e+07 1.42515e+06 ZonesAtSurface
2675.02 4774.98 -288.626 2 0 0 0 1.12734e+06 22.2511 148376 1.42953 1.69261e+07 1.12734e+06 ZonesAtSurface
2724.99 4774.96 -248.624 0 0 0 0 676961 35.4254 124490 2.81351 1.86704e+07 676961 ZonesAtSurface
2774.96 4774.28 -158.619 9 0 0 0 1.41479e+06 40.5799 133102 1.02647 3.03239e+07 1.41479e+06 ZonesAtSurface
2824.93 4774.96 -168.627 0 0 0 0 828633 34.8904 95622.7 2.31541 2.55255e+07 828633 ZonesAtSurface
2874.91 4774.95 -128.633 0 0 0 0 1.08169e+06 37.8367 109352 2.52955 2.74052e+07 1.08169e+06 ZonesAtSurface
2924.89 4774.95 -88.6394 0 0 0 0 1.19331e+06 23.9687 114579 1.30084 2.54939e+07 1.19331e+06 ZonesAtSurface
2974.87 4774.94 -48.6484 0 0 0 0 999087 31.8974 101462 1.71115 2.85028e+07 999087 ZonesAtSurface
3024.87 4774.94 -8.65903 3 0 0 0 746033 20.2759 142558 1.11993 2.25885e+07 746033 ZonesAtSurface
3074.83 4773.24 131.38 6 0 0 0 608766 43.3155 99044.6 10 6.34834e+06 608766 ZonesAtSurface
3124.86 4774.96 71.3189 0 0 0 0 1.30323e+06 38.6821 72314.1 2.73965 1.83131e+07 1.30323e+06 ZonesAtSurface
3174.87 4774.96 111.303 0 0 0 0 1.25925e+06 44.1143 141694 3.18069 1.7246e+07 1.25925e+06 ZonesAtSurface
3224.89 4774.97 151.3 0 0 0 0 962382 33.4736 122560 1.74019 1.62267e+07 962382 ZonesAtSurface
3274.89 4775.01 191.309 5 0 1 10 1.15743e+06 25.6423 107865 1.72605 1.21184e+07 1.15743e+06 ZonesAtSurface
3324.84 4775.05 331.318 1 1 2 8 943659 33.8389 51099.1 1.47168 2.65262e+06 943659 ZonesAtSurface
3374.87 4775.05 321.287 5 0 1 9 1.02245e+06 20.1939 140152 1.07334 5.49018e+06 1.02245e+06 ZonesAtSurface
3424.89 4775.05 411.252 4 9 2 8 1.06445e+06 34.5778 70244.1 2.33625 1.91589e+06 1.06445e+06 ZonesAtSurface
3474.92 4775.05 401.207 5 0 1 9 1.44952e+06 31.0539 56895.1 1.0596 6.60321e+06 1.44952e+06 ZonesAtSurface
3524.95 4775.04 491.146 10 0 1 8 1.39365e+06 43.4082 141976 1.01463 7.50098e+06 1.39365e+06 ZonesAtSurface
3575 4775.03 481.116 6 0 1 9 1.31565e+06 33.0198 63548.6 1.00506 6.53156e+06 1.31565e+06 ZonesAtSurface
3625.03 4775.02 621.019 5 0 1 7 729267 35.4269 61146.5 1.01232 4.85948e+06 729267 ZonesAtSurface
3675.08 4775.01 810.923 9 10 2 4 1.17726e+06 38.144 72699.8 1.47822 3.17783e+06 1.17726e+06 ZonesAtSurface
3725.11 4775.01 800.91 5 0 2 5 788873 28.3064 53082.3 1.00997 3.28811e+06 788873 ZonesAtSurface
3775.14 4775.01 800.904 3 0 2 5 862300 25.2379 85385.3 1.18879 2.64043e+06 862300 ZonesAtSurface
3825.19 4775 760.922 0 0 1 5 853383 29.1196 113679 1.45846 3.12813e+06 853383 ZonesAtSurface
3875.2 4775 820.923 0 5 2 3 1.37133e+06 44.4082 86429.3 3.82623 2.02258e+06 1.37133e+06 ZonesAtSurface
3925.28 4775.01 730.974 0 0 2 4 859413 33.8154 121679 1.32494 2.75438e+06 859413 ZonesAtSurface
3975.3 4775.01 741.021 0 0 1 3 921293 39.6731 72852.6 3.00973 1.96106e+06 921293 ZonesAtSurface
4025.35 4775.01 701.068 0 0 2 3 671494 40.6855 98589.2 2.01408 2.01639e+06 671494 ZonesAtSurface
4075.37 4775.02 711.112 0 6 1 2 979519 38.3149 57737.9 2.13381 2.12881e+06 979519 ZonesAtSurface
4125.46 4775.02 571.177 0 0 1 4 731428 38.431 115513 1.36662 4.47549e+06 731428 ZonesAtSurface
4175.5 4775.02 531.228 0 0 1 4 1.21928e+06 29.8678 83702.1 1.15199 4.89019e+06 1.21928e+06 ZonesAtSurface
4225.52 4775.02 541.268 9 0 1 3 996890 20.4916 67007.3 1.17945 2.85744e+06 996890 ZonesAtSurface
4275.55 4775.02 451.323 0 0 1 4 1.24741e+06 39.02 53500.8 1.75319 4.35889e+06 1.24741e+06 ZonesAtSurface
4325.56 4775.02 461.362 7 0 2 3 740754 28.0989 106706 1.24279 2.17105e+06 740754 ZonesAtSurface
4375.58 4775.02 421.389 0 0 2 3 1.10554e+06 38.3082 68961.4 2.43903 2.69058e+06 1.10554e+06 ZonesAtSurface
4425.59 4775.02 431.415 0 0 2 2 1.42998e+06 26.2197 146765 2.62311 1.97492e+06 1.42998e+06 ZonesAtSurface
4475.6 4775.02 441.437 0 0 2 1 1.19979e+06 18.4746 135878 2.49958 1.33846e+06 1.19979e+06 ZonesAtSurface
4525.64 4775.02 351.452 0 1 2 2 812678 38.3 72717.4 1.74554 2.13713e+06 812678 ZonesAtSurface
4575.51 4775.02 61.5058 2 0 1 7 767281 36.337 130638 1.6799 8.45447e+06 767281 ZonesAtSurface
4625.45 4775.02 21.5136 0 0 1 7 611882 41.0574 62278.1 2.81967 1.10741e+07 611882 ZonesAtSurface
4675.42 4775.02 31.5546 28 0 1 6 1.47273e+06 25.0149 61015.4 1.01756 8.7393e+06 1.47273e+06 ZonesAtSurface
4725.37 4775.02 41.5963 56 0 1 5 1.04209e+06 28.5724 70259.9 1.24915 4.98676e+06 1.04209e+06 ZonesAtSurface
4775.3 4775.02 51.6198 75 0 1 4 1.02325e+06 19.0727 96605 1.40928 3.41086e+06 1.02325e+06 ZonesAtSurface
4825.21 4775.02 61.6557 84 0 1 3 822111 28.0829 118063 1.60119 2.86679e+06 822111 ZonesAtSurface
4875.12 4775.01 71.6638 66 0 2 2 806761 36.5327 142851 1.6045 3.2951e+06 806761 ZonesAtSurface
4925.05 4775.01 81.6446 77 1 1 1 1.4052e+06 38.6226 121936 1.82827 4.91787e+06 1.4052e+06 ZonesAtSurface
74.9369 4825.01 -39.9019 65 0 1 3 1.17912e+06 41.0272 136402 1.42053 1.01505e+07 1.17912e+06 ZonesAtSurface
124.875 4825.01 -14.836 97 0 1 3 684257 29.0827 85367.6 1.61938 2.28654e+06 684257 ZonesAtSurface
174.788 4825.01 -39.8529 88 0 1 4 994896 25.0454 104047 1.03436 5.16744e+06 994896 ZonesAtSurface
224.717 4825.02 -14.8081 87 38 1 4 1.26311e+06 26.3676 97881.1 1.48139 2.88119e+06 1.26311e+06 ZonesAtSurface
274.668 4825.01 -39.8389 70 0 1 5 1.21737e+06 33.2072 57151.5 1.04202 7.26348e+06 1.21737e+06 ZonesAtSurface
324.614 4825.02 -14.8247 67 20 1 5 1.34788e+06 33.724 102196 1.73426 3.50934e+06 1.34788e+06 ZonesAtSurface
374.531 4825.02 -39.9144 55 0 1 6 1.41562e+06 21.1079 58428.8 1.03674 7.57133e+06 1.41562e+06 ZonesAtSurface
424.464 4825.02 -14.9301 29 0 1 6 906999 37.3613 131549 1.05463 6.03344e+06 906999 ZonesAtSurface
474.454 4825.02 -39.9843 3 0 1 7 783601 27.9284 107336 1.20478 9.75616e+06 783601 ZonesAtSurface
524.359 4825.02 35.0142 8 0 1 6 802480 30.5528 101597 1.18985 8.37016e+06 802480 ZonesAtSurface
574.264 4825.01 159.985 5 2 2 4 1.04689e+06 42.172 51940.2 1.12856 4.06727e+06 1.04689e+06 ZonesAtSurface
624.266 4825.02 234.978 0 0 1 3 1.34358e+06 33.33 104834 2.59313 3.41564e+06 1.34358e+06 ZonesAtSurface
674.278 4825.02 359.962 0 4 2 1 1.37612e+06 39.8913 139502 7.89483 1.05223e+06 1.37612e+06 ZonesAtSurface
724.29 4825.02 384.948 0 0 2 1 630205 19.1055 54176.4 1.35212 1.5875e+06 630205 ZonesAtSurface
774.314 4825.02 459.932 0 2 0 0 783355 36.315 51184.1 3.05041 1.13904e+06 783355 ZonesAtSurface
824.326 4825.02 484.913 0 0 0 0 691011 41.2056 76099.2 3.78776 982597 691011 ZonesAtSurface
874.338 4825.02 509.891 0 0 0 0 1.04722e+06 19.1629 96012.7 3.16576 1.01338e+06 1.04722e+06 ZonesAtSurface
924.352 4825.02 534.865 0 4 0 0 664750 40.812 53873.6 3.71813 1.08558e+06 664750 ZonesAtSurface
974.368 4825.03 559.836 0 10 0 0 860291 17.8946 128811 2.12914 1.19848e+06 860291 ZonesAtSurface
1024.38 4825.03 584.805 0 0 0 0 1.02212e+06 40.2365 129679 4.42498 1.22478e+06 1.02212e+06 ZonesAtSurface
1074.4 4825.03 609.773 0 0 0 0 939821 23.5506 85483.4 2.74984 1.24088e+06 939821 ZonesAtSurface
1124.43 4825.03 634.739 0 0 0 0 1.35558e+06 25.7361 148924 3.62075 1.32773e+06 1.35558e+06 ZonesAtSurface
1174.45 4825.03 659.705 0 0 0 0 1.47079e+06 21.7444 58989.9 3.72944 1.29198e+06 1.47079e+06 ZonesAtSurface
1224.48 4825.03 684.67 0 0 0 0 728574 40.7697 146939 3.45522 1.32309e+06 728574 ZonesAtSurface
1274.51 4825.03 709.634 0 0 0 0 1.209e+06 25.2207 84402.1 2.89985 1.49699e+06 1.209e+06 ZonesAtSurface
1324.54 4825.03 734.598 0 0 0 0 783341 44.5766 147086 3.95089 1.48903e+06 783341 ZonesAtSurface
1374.57 4825.03 759.565 0 0 0 0 1.36384e+06 16.9949 119536 3.08347 1.34201e+06 1.36384e+06 ZonesAtSurface
1424.6 4825.03 784.536 0 9 0 0 1.27327e+06 31.0633 93912.7 4.41229 1.22562e+06 1.27327e+06 ZonesAtSurface
1474.63 4825.03 809.508 7 10 0 0 560854 30.8297 66806.9 2.40253 1.32385e+06 560854 ZonesAtSurface
1524.66 4825.03 834.483 0 0 0 0 1.21864e+06 23.5462 130672 4.47242 900271 1.21864e+06 ZonesAtSurface
1574.69 4825.03 859.464 0 0 0 0 555734 44.5983 78164.1 4.74619 904008 555734 ZonesAtSurface
1624.7 4825.02 834.449 0 0 2 1 1.16814e+06 20.0725 139258 2.13768 1.58715e+06 1.16814e+06 ZonesAtSurface
1674.7 4825.01 609.536 6 0 2 6 507969 33.486 122903 1.0528 2.39248e+06 507969 ZonesAtSurface
1724.73 4825.02 484.608 11 0 1 9 598169 21.0168 140976 1.12595 3.68482e+06 598169 ZonesAtSurface
1774.77 4825.02 459.626 8 0 1 10 1.16077e+06 16.5421 107673 1.08742 4.51416e+06 1.16077e+06 ZonesAtSurface
1824.82 4825.02 434.647 5 0 1 11 1.18848e+06 24.1671 56272.1 1.05225 6.25127e+06 1.18848e+06 ZonesAtSurface
1874.86 4825.03 459.669 3 0 1 11 873089 44.1905 60672.5 1.12714 5.39665e+06 873089 ZonesAtSurface
1924.9 4825.03 484.694 2 0 2 11 575765 33.3199 74061.1 1.05568 2.28897e+06 575765 ZonesAtSurface
1974.93 4825.04 509.715 5 5 2 11 517461 35.445 94565.3 1.1848 1.52019e+06 517461 ZonesAtSurface
2024.98 4825.04 472.243 3 0 2 11 895133 40.5857 67458.6 1.25504 3.8629e+06 895133 ZonesAtSurface
2075.03 4825.05 372.286 10 3 1 11 1.30288e+06 29.2651 91730.2 1.11126 4.0803e+06 1.30288e+06 ZonesAtSurface
2125.07 4825.05 272.325 0 0 2 11 1.39982e+06 18.1897 112535 1.01908 4.34561e+06 1.39982e+06 ZonesAtSurface
2175.07 4825.02 172.353 9 0 1 11 1.47907e+06 15.2183 85090.7 1.24856 9.42093e+06 1.47907e+06 ZonesAtSurface
2225.08 4825 72.3703 2 0 0 0 550826 27.4093 148531 1.04734 2.10186e+07 550826 ZonesAtSurface
2275.1 4825 -27.6133 0 0 0 0 1.21297e+06 36.8425 120534 2.03926 1.98813e+07 1.21297e+06 ZonesAtSurface
2325.18 4822.01 22.4553 7 0 0 0 774654 28.7984 81563.1 1.52083 6.6146e+06 774654 ZonesAtSurface
2375.07 4825.01 -227.608 0 0 0 0 515517 38.1645 87973.7 3.80672 2.17612e+07 515517 ZonesAtSurface
2425.07 4825 -327.613 0 0 0 0 902268 23.9237 128000 1.99949 1.81048e+07 902268 ZonesAtSurface
2475.08 4825.03 -427.602 0 0 0 0 636914 36.7223 81188.4 10 7.83781e+06 636914 ZonesAtSurface
2525.07 4824.8 -407.607 10 0 0 0 1.20481e+06 25.1726 132780 1.15576 3.77252e+07 1.20481e+06 ZonesAtSurface
2575.05 4824.88 -367.611 6 0 0 0 1.0044e+06 35.1703 106510 2.23902 4.23079e+07 1.0044e+06 ZonesAtSurface
2625.02 4824.94 -327.597 9 0 0 0 831134 43.6559 132371 3.61344 2.78734e+07 831134 ZonesAtSurface
2674.98 4824.95 -287.582 9 0 0 0 586174 36.5894 106347 4.64341 1.65178e+07 586174 ZonesAtSurface
2724.94 4824.9 -247.581 3 0 0 0 975660 40.9708 77870.2 3.04016 3.91641e+07 975660 ZonesAtSurface
2774.92 4824.89 -207.596 6 0 0 0 847914 34.8338 96714.8 2.19245 3.52005e+07 847914 ZonesAtSurface
2824.91 4824.89 -167.616 4 0 0 0 1.41207e+06 38.1628 51044.4 2.45427 3.72116e+07 1.41207e+06 ZonesAtSurface
2874.9 4824.88 -127.627 1 0 0 0 1.33342e+06 27.7322 122664 1.5603 3.45904e+07 1.33342e+06 ZonesAtSurface
2924.88 4824.88 -87.6359 4 0 0 0 1.04663e+06 29.4673 113548 1.54278 3.51977e+07 1.04663e+06 ZonesAtSurface
2974.87 4824.88 -47.6533 6 0 0 0 935986 35.5075 124459 1.71623 3.80343e+07 935986 ZonesAtSurface
3024.87 4824.87 -7.67051 9 0 0 0 810779 17.2392 109989 1.15595 2.32709e+07 810779 ZonesAtSurface
3074.87 4824.91 32.3147 8 0 0 0 847124 40.3729 100918 1.86878 2.87146e+07 847124 ZonesAtSurface
3124.81 4820.52 272.473 1 0 0 0 607008 35.86 66191.3 1.14492 4.64557e+06 607008 ZonesAtSurface
3174.88 4824.89 112.288 8 0 0 0 1.41766e+06 21.3557 100760 1.21074 2.24543e+07 1.41766e+06 ZonesAtSurface
3224.9 4824.93 152.301 7 0 0 0 646201 33.5556 68214.8 1.49888 2.10989e+07 646201 ZonesAtSurface
3274.89 4825.01 192.32 3 0 1 10 1.20293e+06 36.0498 79951 2.1221 1.33579e+07 1.20293e+06 ZonesAtSurface
3324.83 4825.07 332.327 9 7 1 8 1.42619e+06 34.9924 53664.6 1.9948 2.89332e+06 1.42619e+06 ZonesAtSurface
3374.87 4825.07 272.296 3 0 1 10 964056 32.7651 74445.2 1.05148 5.53125e+06 964056 ZonesAtSurface
3424.88 4825.06 362.257 3 0 1 9 846135 32.9668 148504 1.1977 5.62352e+06 846135 ZonesAtSurface
3474.91 4825.05 352.217 4 0 1 10 849872 19.113 82445.8 1.01492 5.13119e+06 849872 ZonesAtSurface
3524.95 4825.04 442.161 4 0 1 9 514456 38.3441 73567.9 1.02622 5.7111e+06 514456 ZonesAtSurface
3574.99 4825.04 532.093 9 0 1 8 637934 33.4257 112067 1.09662 3.63528e+06 637934 ZonesAtSurface
3625.03 4825.03 572.041 1 0 1 8 624571 38.3494 56853.1 1.02229 5.67142e+06 624571 ZonesAtSurface
3675.08 4825.01 761.93 1 0 1 5 1.01369e+06 41.3094 138047 1.01985 4.34633e+06 1.01369e+06 ZonesAtSurface
3725.12 4825 901.872 3 2 1 3 961993 30.0717 74672.8 1.13838 2.88315e+06 961993 ZonesAtSurface
3775.15 4825 801.897 4 0 1 5 1.34732e+06 23.6487 131068 1.14674 3.83163e+06 1.34732e+06 ZonesAtSurface
3825.18 4825 811.891 0 0 2 4 1.22786e+06 29.8051 88533.5 1.54243 3.11154e+06 1.22786e+06 ZonesAtSurface
3875.2 4825 821.913 0 8 2 3 1.40551e+06 27.3066 64884.5 2.00311 2.37766e+06 1.40551e+06 ZonesAtSurface
3925.27 4825 731.966 0 0 1 4 1.10959e+06 39.4156 51473.7 2.13024 3.86531e+06 1.10959e+06 ZonesAtSurface
3975.32 4825.01 692.016 0 0 1 4 939731 42.0708 125655 1.9936 3.52185e+06 939731 ZonesAtSurface
4025.34 4825.01 702.058 9 0 1 3 730877 31.5174 135446 1.73281 2.53632e+06 730877 ZonesAtSurface
4075.39 4825.01 662.109 1 0 2 3 1.14287e+06 15.78 97249.5 1.30468 2.63167e+06 1.14287e+06 ZonesAtSurface
4125.43 4825.01 622.159 1 0 2 3 934256 32.0713 124158 1.30134 3.354e+06 934256 ZonesAtSurface
4175.47 4825.02 582.212 0 2 2 3 1.45506e+06 36.6535 73236.2 1.59986 4.03292e+06 1.45506e+06 ZonesAtSurface
4225.51 4825.02 542.263 10 5 1 3 1.30857e+06 35.0768 54887.5 1.36359 3.65858e+06 1.30857e+06 ZonesAtSurface
4275.54 4825.01 452.313 6 0 1 4 712163 31.4385 148928 1.06126 4.47593e+06 712163 ZonesAtSurface
4325.55 4825.02 462.353 7 0 2 3 841018 28.9472 59660.5 1.48617 2.30434e+06 841018 ZonesAtSurface
4375.56 4825.02 472.384 6 1 2 2 598279 38.271 54804 1.12142 2.16209e+06 598279 ZonesAtSurface
4425.59 4825.01 432.408 0 0 2 2 651122 23.0213 131706 1.29154 2.04414e+06 651122 ZonesAtSurface
4475.59 4825.02 442.431 0 6 2 1 586505 37.247 82688.5 1.39478 1.56511e+06 586505 ZonesAtSurface
4525.62 4825.02 402.45 3 5 2 1 597194 41.7511 143240 1.44766 1.49801e+06 597194 ZonesAtSurface
4575.61 4825 162.49 1 0 2 5 1.1118e+06 25.6957 95000.5 1.03556 4.24711e+06 1.1118e+06 ZonesAtSurface
4625.45 4825.01 22.5067 1 0 1 7 1.39362e+06 24.3957 57920 1.46599 1.0463e+07 1.39362e+06 ZonesAtSurface
4675.42 4825.01 32.5374 6 0 1 6 1.07736e+06 44.2398 94720 1.33341 1.34867e+07 1.07736e+06 ZonesAtSurface
4725.37 4825.01 42.5822 34 0 1 5 627998 31.953 86653 1.17648 5.52439e+06 627998 ZonesAtSurface
4775.31 4825.01 52.6079 60 0 1 4 1.04838e+06 38.7292 101243 1.20231 5.48112e+06 1.04838e+06 ZonesAtSurface
4825.22 4825.01 62.6422 86 0 1 3 1.06707e+06 15.4689 64285.9 1.28041 2.60545e+06 1.06707e+06 ZonesAtSurface
4875.13 4825.01 72.6575 95 0 1 2 538191 24.3286 78638.7 1.3122 2.27085e+06 538191 ZonesAtSurface
4925.05 4825 82.6445 99 0 1 1 856217 18.499 112247 1.51434 2.65186e+06 856217 ZonesAtSurface
74.9343 4875 -38.9154 64 0 1 3 613266 39.378 92286.5 1.57884 8.30909e+06 613266 ZonesAtSurface
124.878 4875 -13.8531 68 41 1 3 985287 18.6893 64496 1.90004 1.70488e+06 985287 ZonesAtSurface
174.788 4875 -38.877 83 0 1 4 1.30779e+06 38.6202 57037 1.10696 6.50586e+06 1.30779e+06 ZonesAtSurface
224.725 4875 -13.8264 53 54 1 4 1.17734e+06 43.4886 145447 1.5723 3.65628e+06 1.17734e+06 ZonesAtSurface
274.666 4875 -38.8586 66 0 1 5 1.39856e+06 36.9629 81684.8 1.18673 6.22709e+06 1.39856e+06 ZonesAtSurface
324.608 4875.01 -13.847 69 30 1 5 1.04304e+06 31.3828 133882 2.15392 2.04725e+06 1.04304e+06 ZonesAtSurface
374.541 4875.01 -38.9332 50 0 1 6 536088 33.6188 108593 1.09919 7.78439e+06 536088 ZonesAtSurface
424.482 4875.01 -13.9361 24 0 1 6 1.32981e+06 42.9057 107008 1.07202 8.5222e+06 1.32981e+06 ZonesAtSurface
474.466 4875.01 -38.9905 12 0 1 7 1.38263e+06 21.6324 124796 1.12353 1.0643e+07 1.38263e+06 ZonesAtSurface
524.365 4875 36.0046 9 0 1 6 1.20525e+06 25.7022 122360 1.35396 8.25244e+06 1.20525e+06 ZonesAtSurface
574.286 4875 160.985 7 0 1 4 1.3991e+06 23.1276 98103.9 1.09505 4.9522e+06 1.3991e+06 ZonesAtSurface
624.295 4875 185.978 0 0 1 4 1.44936e+06 37.0579 135489 2.5297 4.72686e+06 1.44936e+06 ZonesAtSurface
674.282 4875.01 310.961 0 0 1 2 1.49796e+06 42.6026 128180 3.79913 3.39585e+06 1.49796e+06 ZonesAtSurface
724.307 4875.01 435.945 5 0 0 0 573331 32.6688 83821 1.6665 1.74811e+06 573331 ZonesAtSurface
774.319 4875.02 460.93 0 0 0 0 571236 42.553 63150.2 2.88931 1.1613e+06 571236 ZonesAtSurface
824.33 4875.02 485.911 0 0 0 0 800499 15.1093 102223 1.86034 1.22225e+06 800499 ZonesAtSurface
874.342 4875.02 510.888 0 0 0 0 1.46339e+06 25.4889 50955.4 4.05998 1.25418e+06 1.46339e+06 ZonesAtSurface
924.356 4875.02 535.862 0 6 0 0 1.2712e+06 27.8702 85489.4 3.40864 1.35911e+06 1.2712e+06 ZonesAtSurface
974.372 4875.02 560.833 0 8 0 0 1.2166e+06 18.4861 61506 2.57642 1.41011e+06 1.2166e+06 ZonesAtSurface
1024.39 4875.02 585.802 0 6 0 0 628050 23.596 79884.5 1.65032 1.41548e+06 628050 ZonesAtSurface
1074.41 4875.02 610.769 0 0 0 0 1.32107e+06 37.8922 75801.9 4.82816 1.40111e+06 1.32107e+06 ZonesAtSurface
1124.43 4875.02 635.736 0 0 0 0 693912 44.6559 92208.5 3.20877 1.51467e+06 693912 ZonesAtSurface
1174.46 4875.02 660.701 0 0 0 0 548502 23.1623 111892 1.36111 1.53996e+06 548502 ZonesAtSurface
1224.49 4875.02 685.665 0 0 0 0 666143 18.8126 122104 1.44674 1.52322e+06 666143 ZonesAtSurface
1274.52 4875.02 710.629 0 0 0 0 1.2197e+06 35.0099 63990.4 3.62153 1.59783e+06 1.2197e+06 ZonesAtSurface
1324.55 4875.02 735.593 0 0 0 0 866425 29.1238 125785 2.37543 1.59853e+06 866425 ZonesAtSurface
1374.58 4875.02 760.559 0 0 0 0 1.05403e+06 24.5758 64897.4 2.81317 1.45923e+06 1.05403e+06 ZonesAtSurface
1424.61 4875.02 785.529 0 5 0 0 940282 36.0828 117096 3.70297 1.3833e+06 940282 ZonesAtSurface
1474.64 4875.02 810.501 0 0 0 0 905907 33.5898 112694 3.61328 1.21405e+06 905907 ZonesAtSurface
1524.67 4875.02 835.476 0 0 0 0 1.17976e+06 23.0282 58530.9 3.76049 1.06627e+06 1.17976e+06 ZonesAtSurface
1574.7 4875.02 860.456 0 0 0 0 1.48945e+06 22.6451 125117 3.83823 1.17124e+06 1.48945e+06 ZonesAtSurface
1624.71 4875.01 835.441 0 10 2 1 1.17287e+06 25.9283 86128 2.22661 1.6554e+06 1.17287e+06 ZonesAtSurface
1674.7 4875.01 560.554 3 1 1 7 1.30072e+06 26.7004 129797 1.04349 3.86676e+06 1.30072e+06 ZonesAtSurface
1724.73 4875.01 485.607 1 0 1 9 1.3664e+06 40.0611 117842 1.33467 5.66274e+06 1.3664e+06 ZonesAtSurface
1774.77 4875.02 460.625 8 0 1 10 895963 26.1885 138656 1.04871 4.3199e+06 895963 ZonesAtSurface
1824.81 4875.02 485.647 1 4 2 10 1.11766e+06 44.5091 85585.9 1.27529 3.91448e+06 1.11766e+06 ZonesAtSurface
1874.85 4875.02 510.672 10 4 2 10 747325 16.8654 122464 1.21673 1.59294e+06 747325 ZonesAtSurface
1924.89 4875.04 535.695 7 9 2 10 543920 26.8418 115130 1.57014 1.05641e+06 543920 ZonesAtSurface
1974.94 4875.05 510.714 7 7 2 11 897285 40.0751 134918 1.18627 2.90927e+06 897285 ZonesAtSurface
2025 4875.05 423.245 8 0 1 12 827347 15.4507 54790.7 1.19403 2.39157e+06 827347 ZonesAtSurface
2075.04 4875.06 323.288 4 0 1 12 914813 25.7242 64734.9 1.10936 5.27677e+06 914813 ZonesAtSurface
2125.08 4875.07 273.328 1 3 2 11 1.3973e+06 18.3842 144730 1.04261 3.74052e+06 1.3973e+06 ZonesAtSurface
2175.1 4874.96 173.364 10 0 1 11 1.12679e+06 34.2267 140367 2.19273 2.78819e+07 1.12679e+06 ZonesAtSurface
2225.11 4874.87 73.3864 10 0 0 0 829008 44.4473 114366 2.19348 7.29945e+07 829008 ZonesAtSurface
2275.12 4874.89 -26.6012 10 0 0 0 521213 40.1882 102038 2.03172 6.21697e+07 521213 ZonesAtSurface
2325.15 4874.35 -76.5746 2 0 0 0 1.34028e+06 26.1337 115632 1.15682 6.3204e+06 1.34028e+06 ZonesAtSurface
2375.1 4874.95 -226.59 8 0 0 0 600647 28.975 139916 1.62085 2.79549e+07 600647 ZonesAtSurface
2425.1 4874.87 -326.59 9 0 0 0 1.26912e+06 40.1642 146726 1.95745 6.75785e+07 1.26912e+06 ZonesAtSurface
2475.09 4874.96 -426.585 8 0 0 0 1.14883e+06 40.8517 50232.4 6.76534 1.78832e+07 1.14883e+06 ZonesAtSurface
2525.07 4874.72 -406.554 10 0 0 0 876149 43.1669 50013.9 1.19051 3.9031e+07 876149 ZonesAtSurface
2575.01 4874.77 -366.532 10 0 0 0 783971 41.988 120566 1.2579 3.51104e+07 783971 ZonesAtSurface
2624.93 4874.12 -276.485 3 0 0 0 714903 25.7244 93328 1.11522 2.88291e+07 714903 ZonesAtSurface
2674.93 4874.87 -286.518 9 0 0 0 573069 44.1965 100287 1.75324 4.03788e+07 573069 ZonesAtSurface
2724.91 4875.08 -296.524 1 0 0 0 1.26649e+06 21.0954 145925 1.66747 1.07582e+07 1.26649e+06 ZonesAtSurface
2774.85 4874.78 -206.526 10 0 0 0 1.13449e+06 39.1016 105246 1.2646 3.92242e+07 1.13449e+06 ZonesAtSurface
2824.84 4874.79 -166.543 10 0 0 0 763409 34.9142 142572 1.20453 3.76147e+07 763409 ZonesAtSurface
2874.83 4875.09 -176.553 1 0 0 0 769210 17.16 64265.9 1.05727 9.92258e+06 769210 ZonesAtSurface
2924.82 4874.79 -86.5676 10 0 0 0 866753 27.7065 85551.6 1.18465 2.86374e+07 866753 ZonesAtSurface
2974.81 4875.09 -96.577 0 0 0 0 1.24266e+06 42.2157 105908 2.71495 1.38802e+07 1.24266e+06 ZonesAtSurface
3024.81 4875.08 -56.5952 3 0 0 0 1.07244e+06 27.0953 143717 1.34654 1.27631e+07 1.07244e+06 ZonesAtSurface
3074.82 4874.88 33.3609 8 0 0 0 907872 44.5318 103512 1.4371 2.68959e+07 907872 ZonesAtSurface
3124.82 4874.89 73.3439 7 0 0 0 925730 35.6897 64682.3 1.72054 1.91549e+07 925730 ZonesAtSurface
3174.84 4874.82 113.338 9 0 0 0 1.33435e+06 24.8768 135676 1.12491 1.44526e+07 1.33435e+06 ZonesAtSurface
3224.85 4875.06 103.326 0 0 0 0 951499 26.2901 141153 1.18177 1.06748e+07 951499 ZonesAtSurface
3274.86 4875.07 143.326 1 0 1 11 784940 41.0041 108707 2.12513 1.30516e+07 784940 ZonesAtSurface
3324.85 4875.09 233.335 5 4 1 10 1.18838e+06 37.7992 52835.8 1.21576 4.11596e+06 1.18838e+06 ZonesAtSurface
3374.86 4875.08 273.307 9 0 1 10 768348 18.0105 119786 1.07721 3.09987e+06 768348 ZonesAtSurface
3424.88 4875.06 263.272 0 0 1 11 1.01071e+06 32.2338 51931.6 1.53872 6.78412e+06 1.01071e+06 ZonesAtSurface
3474.9 4875.06 403.211 1 0 1 9 1.1314e+06 29.9253 51876 1.10544 5.06109e+06 1.1314e+06 ZonesAtSurface
3524.94 4875.05 393.177 1 0 1 10 1.44382e+06 29.2143 116785 1.0554 7.63807e+06 1.44382e+06 ZonesAtSurface
3574.98 4875.04 483.112 1 0 1 9 1.38194e+06 43.6048 147112 1.29196 8.15785e+06 1.38194e+06 ZonesAtSurface
3625.03 4875.03 623.012 4 0 1 7 873631 36.4072 64736 1.03404 4.30309e+06 873631 ZonesAtSurface
3675.08 4875.01 812.897 9 8 2 4 1.19709e+06 21.4283 99548.3 1.0477 3.27095e+06 1.19709e+06 ZonesAtSurface
3725.13 4875 902.861 0 5 2 3 1.37962e+06 41.2892 129538 1.86447 3.09403e+06 1.37962e+06 ZonesAtSurface
3775.14 4874.99 902.855 5 0 2 3 640795 44.0784 79901.3 2.17719 2.22619e+06 640795 ZonesAtSurface
3825.17 4874.99 862.872 0 0 2 3 897327 32.118 118034 1.74935 2.36881e+06 897327 ZonesAtSurface
3875.22 4875 772.916 0 0 1 4 1.44422e+06 41.9932 140079 1.87146 4.72824e+06 1.44422e+06 ZonesAtSurface
3925.24 4875 782.945 0 0 2 3 1.0418e+06 32.2547 60111.3 1.85038 2.85858e+06 1.0418e+06 ZonesAtSurface
3975.25 4875 792.988 0 7 1 2 1.4611e+06 29.2162 93433.8 2.48804 2.07257e+06 1.4611e+06 ZonesAtSurface
4025.33 4875 703.046 0 0 1 3 1.09854e+06 43.242 58148 2.77633 3.6917e+06 1.09854e+06 ZonesAtSurface
4075.38 4875.01 663.099 7 0 1 3 1.10703e+06 17.9201 114567 1.14525 3.18755e+06 1.10703e+06 ZonesAtSurface
4125.39 4875.01 673.144 8 7 2 2 1.40411e+06 36.4953 132516 1.58133 3.4282e+06 1.40411e+06 ZonesAtSurface
4175.48 4875.01 533.21 1 0 1 4 1.17862e+06 20.9986 58410.4 1.09298 4.47399e+06 1.17862e+06 ZonesAtSurface
4225.5 4875.01 543.253 8 0 1 3 993263 44.2478 121376 1.71509 4.51305e+06 993263 ZonesAtSurface
4275.54 4875.01 453.305 0 0 1 4 1.2053e+06 30.3431 101883 1.49112 4.64481e+06 1.2053e+06 ZonesAtSurface
4325.55 4875.01 463.345 13 0 1 3 800134 29.7717 119121 1.26796 3.22247e+06 800134 ZonesAtSurface
4375.55 4875.01 473.377 7 0 2 2 851774 26.2112 92643.6 1.16385 2.76288e+06 851774 ZonesAtSurface
4425.56 4875.01 483.404 0 0 2 1 970023 37.4734 89151.9 2.44965 1.78397e+06 970023 ZonesAtSurface
4475.58 4875.01 443.427 0 0 2 1 687674 15.9349 79415.8 1.27201 1.62152e+06 687674 ZonesAtSurface
4525.63 4875.01 353.447 0 0 2 2 1.49868e+06 42.2948 97318.3 2.70384 2.83019e+06 1.49868e+06 ZonesAtSurface
4575.63 4875 213.476 3 0 2 4 1.19206e+06 36.7913 141246 1.06036 4.26545e+06 1.19206e+06 ZonesAtSurface
4625.5 4875 73.5118 0 0 1 6 1.22882e+06 44.9461 76749.2 2.24396 1.03391e+07 1.22882e+06 ZonesAtSurface
4675.42 4875 33.52 10 0 1 6 757779 30.9403 116976 1.21408 1.24801e+07 757779 ZonesAtSurface
4725.37 4875 43.5596 41 0 1 5 1.02386e+06 23.8322 132070 1.16402 6.89242e+06 1.02386e+06 ZonesAtSurface
4775.3 4875 53.5914 68 0 1 4 514328 28.4259 140527 1.20393 4.61759e+06 514328 ZonesAtSurface
4825.23 4874.99 63.612 69 0 1 3 624698 31.8996 61035.4 1.37215 2.91591e+06 624698 ZonesAtSurface
4875.15 4874.99 73.6374 106 0 1 2 629536 22.4505 68041.3 1.43174 2.19624e+06 629536 ZonesAtSurface
4925.06 4874.99 83.6335 99 0 1 1 701310 42.3095 94780.1 1.76282 3.79402e+06 701310 ZonesAtSurface
74.9248 4924.99 -37.9483 77 0 1 3 1.22535e+06 17.6866 82324.5 1.27072 6.6722e+06 1.22535e+06 ZonesAtSurface
124.864 4924.98 -12.913 88 0 1 3 887851 32.3856 70923.9 1.41147 5.19785e+06 887851 ZonesAtSurface
174.792 4924.99 -37.926 86 0 1 4 709617 18.0328 109835 1.14632 5.6071e+06 709617 ZonesAtSurface
224.728 4924.98 -12.8941 87 0 1 4 672718 33.837 82541.5 1.26964 6.01363e+06 672718 ZonesAtSurface
274.669 4924.99 -37.916 78 0 1 5 824281 16.2275 50500.7 1.16379 5.16328e+06 824281 ZonesAtSurface
324.606 4924.98 -12.9137 69 0 1 5 843344 15.4701 66991.7 1.22296 2.88916e+06 843344 ZonesAtSurface
374.556 4925 -37.9644 21 0 1 6 611378 42.0145 83599.6 1.75017 1.22949e+07 611378 ZonesAtSurface
424.499 4924.99 -12.9652 22 0 1 6 739570 31.5625 147382 1.11788 8.34284e+06 739570 ZonesAtSurface
474.48 4925 -38 3 0 1 7 899344 26.3467 127659 1.4619 9.22461e+06 899344 ZonesAtSurface
524.319 4924.98 136.991 7 0 1 4 1.38566e+06 32.3431 53596.9 1.15476 6.27747e+06 1.38566e+06 ZonesAtSurface
574.303 4924.99 261.989 7 7 1 2 1.09959e+06 31.7262 51299.5 2.04244 2.20067e+06 1.09959e+06 ZonesAtSurface
624.301 4924.99 236.975 3 0 1 3 1.40594e+06 16.3937 106785 1.38809 4.10797e+06 1.40594e+06 ZonesAtSurface
674.303 4925 411.959 0 6 0 0 727835 38.8638 99209.6 2.08677 1.61727e+06 727835 ZonesAtSurface
724.311 4925.01 436.946 0 0 0 0 1.12436e+06 44.5909 145927 4.75222 1.40973e+06 1.12436e+06 ZonesAtSurface
774.321 4925.01 461.93 0 0 0 0 932782 37.2489 133333 3.32646 1.4736e+06 932782 ZonesAtSurface
824.332 4925.01 486.911 0 0 0 0 869847 41.8601 138452 3.33057 1.54788e+06 869847 ZonesAtSurface
874.344 4925.01 511.888 0 0 0 0 694836 39.3933 96932.7 2.39441 1.63704e+06 694836 ZonesAtSurface
924.359 4925.01 536.862 0 5 0 0 831244 17.3133 73235.1 1.47428 1.69327e+06 831244 ZonesAtSurface
974.375 4925.01 561.833 0 10 0 0 1.04847e+06 18.9181 72070.1 1.85182 1.74825e+06 1.04847e+06 ZonesAtSurface
1024.39 4925.01 586.802 0 6 0 0 900789 43.4239 137877 3.11125 1.79547e+06 900789 ZonesAtSurface
1074.42 4925.01 611.768 0 0 0 0 502557 43.7949 89685.1 2.6506 1.75582e+06 502557 ZonesAtSurface
1124.44 4925.01 636.734 0 0 0 0 1.08863e+06 35.9079 51218.4 3.1658 1.77321e+06 1.08863e+06 ZonesAtSurface
1174.47 4925.01 661.7 0 0 0 0 1.23054e+06 44.2426 82607.7 4.65922 1.73794e+06 1.23054e+06 ZonesAtSurface
1224.5 4925.01 686.664 0 0 0 0 1.03564e+06 22.1649 140369 2.08748 1.75504e+06 1.03564e+06 ZonesAtSurface
1274.53 4925.02 711.627 0 0 0 0 1.33954e+06 15.1284 106434 2.20485 1.78252e+06 1.33954e+06 ZonesAtSurface
1324.56 4925.02 736.59 0 0 0 0 1.18437e+06 23.0717 147704 2.35512 1.82932e+06 1.18437e+06 ZonesAtSurface
1374.59 4925.02 761.556 0 0 0 0 1.41461e+06 22.4793 57673.1 2.88032 1.78681e+06 1.41461e+06 ZonesAtSurface
1424.62 4925.02 786.525 0 2 0 0 1.40054e+06 22.8278 101673 2.95673 1.70017e+06 1.40054e+06 ZonesAtSurface
1474.65 4925.02 811.497 0 0 0 0 954643 22.6158 146093 2.3325 1.55919e+06 954643 ZonesAtSurface
1524.68 4925.01 836.472 0 0 0 0 688292 34.1606 131067 2.36665 1.50743e+06 688292 ZonesAtSurface
1574.71 4925.01 861.451 0 0 0 0 547631 44.6349 98502.7 2.87181 1.72395e+06 547631 ZonesAtSurface
1624.7 4925 786.441 3 0 1 2 541006 22.5355 84424.1 1.04122 1.73792e+06 541006 ZonesAtSurface
1674.69 4925.01 511.568 4 0 1 8 518350 25.2714 74637.2 1.06148 6.56136e+06 518350 ZonesAtSurface
1724.73 4925 486.599 7 0 1 9 1.20615e+06 34.4936 85327.3 1.40278 7.72701e+06 1.20615e+06 ZonesAtSurface
1774.77 4925.01 461.621 0 0 1 10 1.21699e+06 44.0912 59211.3 2.02082 6.63301e+06 1.21699e+06 ZonesAtSurface
1824.82 4925.01 486.64 10 0 1 10 661528 24.352 124847 1.06082 4.09195e+06 661528 ZonesAtSurface
1874.87 4925.02 461.666 9 0 1 11 784832 33.4767 68508.1 1.03347 4.38308e+06 784832 ZonesAtSurface
1924.93 4925.03 436.7 0 0 1 12 1.30014e+06 23.3919 134441 1.04018 4.64337e+06 1.30014e+06 ZonesAtSurface
1975.01 4925.05 461.735 8 6 2 12 705625 34.0814 64439.4 1.12558 2.22665e+06 705625 ZonesAtSurface
2025.05 4925.05 374.27 1 1 2 13 1.06815e+06 44.2077 105495 1.09351 4.69719e+06 1.06815e+06 ZonesAtSurface
2075.14 4925.09 324.324 0 0 2 12 559057 37.227 142729 0.838787 2.59143e+06 559057 ZonesAtSurface
2125.21 4925.1 224.382 1 2 2 12 980321 36.8837 136528 1.05627 3.64821e+06 980321 ZonesAtSurface
2175.26 4925.1 124.431 7 10 2 12 591713 42.148 57854 3.31004 1.21288e+06 591713 ZonesAtSurface
2225.29 4925.1 24.468 1 1 0 0 1.47125e+06 26.6757 112607 1.65389 3.51937e+06 1.47125e+06 ZonesAtSurface
2275.29 4925.1 -75.5108 2 2 0 0 697919 31.9042 78782.7 1.24669 2.73862e+06 697919 ZonesAtSurface
2325.3 4924.99 -125.464 10 1 0 0 1.10884e+06 18.3925 121100 2.90291 2.64446e+06 1.10884e+06 ZonesAtSurface
2375.22 4925.07 -275.517 0 0 0 0 844769 33.7769 89724.5 2.68861 1.66898e+06 844769 ZonesAtSurface
2425.16 4925.03 -375.539 5 0 0 0 1.33959e+06 34.0056 68062.6 3.2317 7.22662e+06 1.33959e+06 ZonesAtSurface
2475.13 4924.93 -425.53 9 0 0 0 660008 26.1945 59512.2 4.60475 2.86615e+06 660008 ZonesAtSurface
2525.06 4924.81 -405.45 10 6 0 0 1.23409e+06 24.9974 59528.3 1.17239 3.92371e+06 1.23409e+06 ZonesAtSurface
2574.96 4924.87 -365.389 7 10 0 0 1.39867e+06 15.7655 92753.9 1.43404 2.69092e+06 1.39867e+06 ZonesAtSurface
2624.89 4924.94 -325.364 4 7 0 0 800419 43.8031 120530 2.29055 1.94771e+06 800419 ZonesAtSurface
2674.89 4925.08 -335.439 0 0 0 0 1.32557e+06 33.6816 74042 1.13276 4.76263e+06 1.32557e+06 ZonesAtSurface
2724.85 4925.08 -295.426 1 1 0 0 992687 33.7062 65548.2 1.06836 3.6643e+06 992687 ZonesAtSurface
2774.8 4925.09 -255.423 2 4 0 0 1.31829e+06 22.5281 66118.2 0 4.06991e+06 1.31829e+06 ZonesAtSurface
2824.77 4925.1 -215.425 5 5 0 0 1.22058e+06 43.5392 68870 1.04504 5.37899e+06 1.22058e+06 ZonesAtSurface
2874.74 4925.11 -175.43 3 5 0 0 1.27362e+06 25.9585 97785.3 0 4.20924e+06 1.27362e+06 ZonesAtSurface
2924.72 4925.11 -135.438 4 5 0 0 1.27982e+06 34.0154 110127 0 4.6503e+06 1.27982e+06 ZonesAtSurface
2974.71 4925.11 -95.4481 6 6 0 0 579548 42.3038 122166 0.965241 2.36069e+06 579548 ZonesAtSurface
3024.7 4925.11 -55.4616 6 7 0 0 1.07625e+06 33.2572 92733.7 0.916079 4.44364e+06 1.07625e+06 ZonesAtSurface
3074.7 4925.12 -15.4783 7 8 0 0 883671 36.3723 80823.5 0 2.68392e+06 883671 ZonesAtSurface
3124.71 4925.13 24.5031 9 9 0 0 1.23475e+06 40.3271 146741 0 4.16439e+06 1.23475e+06 ZonesAtSurface
3174.71 4925.12 64.4813 8 8 0 0 915785 43.144 129746 1.0532 3.55443e+06 915785 ZonesAtSurface
3224.72 4925.11 104.456 5 5 0 0 1.4565e+06 27.6076 52938.6 0 4.68224e+06 1.4565e+06 ZonesAtSurface
3274.74 4925.1 144.427 8 8 1 11 529644 25.7881 138561 0.779839 1.99148e+06 529644 ZonesAtSurface
3324.8 4925.05 134.362 1 0 1 12 879136 22.4475 78447.9 1.07422 3.9102e+06 879136 ZonesAtSurface
3374.8 4925.07 224.354 4 5 2 11 781872 29.895 72599.6 0 2.62113e+06 781872 ZonesAtSurface
3424.8 4925.08 314.319 1 2 2 10 588829 29.0145 110123 0.84332 2.28027e+06 588829 ZonesAtSurface
3474.73 4925.08 454.242 7 10 2 8 579063 17.0095 76847.7 0.816857 1.90293e+06 579063 ZonesAtSurface
3524.83 4925.06 494.16 4 5 2 8 1.03626e+06 23.3567 137978 0.820912 3.78719e+06 1.03626e+06 ZonesAtSurface
3574.93 4925.04 534.092 3 6 2 8 1.23461e+06 21.3227 114723 0.988311 3.66568e+06 1.23461e+06 ZonesAtSurface
3625 4925.01 723.938 4 8 2 5 546451 40.1346 63769.7 1.11889 2.07776e+06 546451 ZonesAtSurface
3675.1 4925 863.874 9 8 2 3 841340 31.2002 102573 1.1251 2.63561e+06 841340 ZonesAtSurface
3725.14 4925 953.848 4 0 2 2 939384 19.8338 128184 1.2272 2.35011e+06 939384 ZonesAtSurface
3775.15 4925 953.843 5 0 1 2 892474 21.4297 146616 1.22248 2.2999e+06 892474 ZonesAtSurface
3825.16 4924.99 913.855 0 0 2 2 1.23322e+06 36.613 112880 2.18474 2.92564e+06 1.23322e+06 ZonesAtSurface
3875.2 4925 823.897 0 0 1 3 1.48235e+06 21.5174 107440 1.51599 3.45065e+06 1.48235e+06 ZonesAtSurface
3925.24 4925 783.938 3 0 1 3 521239 34.0277 116818 1.43338 2.37689e+06 521239 ZonesAtSurface
3975.25 4925 793.977 3 2 2 2 1.31706e+06 42.3286 86676.5 2.30151 3.59397e+06 1.31706e+06 ZonesAtSurface
4025.29 4925 754.027 2 7 2 2 1.48618e+06 22.4403 82672 1.43133 3.60596e+06 1.48618e+06 ZonesAtSurface
4075.34 4925 714.081 6 0 1 2 1.46537e+06 20.4859 66262.7 1.31505 3.68484e+06 1.46537e+06 ZonesAtSurface
4125.39 4925 674.134 10 0 2 2 732476 25.4215 109507 1.35702 2.74808e+06 732476 ZonesAtSurface
4175.45 4925 584.194 0 0 1 3 1.18924e+06 21.4727 145703 1.24123 3.91719e+06 1.18924e+06 ZonesAtSurface
4225.49 4925.01 544.244 0 0 1 3 839807 29.9189 68738.8 1.22185 4.02337e+06 839807 ZonesAtSurface
4275.53 4925.01 454.3 0 0 1 4 714524 44.0676 99438.8 2.56085 4.54414e+06 714524 ZonesAtSurface
4325.54 4925 464.337 0 0 1 3 776270 40.2776 116860 1.79643 3.83915e+06 776270 ZonesAtSurface
4375.55 4925 474.37 4 0 2 2 532045 30.357 72429.2 1.14298 2.55715e+06 532045 ZonesAtSurface
4425.56 4925.01 484.399 0 3 2 1 1.04248e+06 29.4698 94036.8 1.95574 2.15708e+06 1.04248e+06 ZonesAtSurface
4475.58 4925.01 444.424 0 0 2 1 1.02116e+06 42.9186 105113 3.68235 1.90178e+06 1.02116e+06 ZonesAtSurface
4525.6 4925 404.446 9 0 1 1 820086 16.9356 62876 1.23979 2.35016e+06 820086 ZonesAtSurface
4575.62 4924.99 264.473 10 0 1 3 1.17965e+06 16.0914 99490.3 1.17548 3.54146e+06 1.17965e+06 ZonesAtSurface
4625.48 4925 74.5066 5 0 1 6 528716 35.2617 116056 1.57845 9.13511e+06 528716 ZonesAtSurface
4675.41 4925 34.5098 7 0 1 6 1.46137e+06 17.1742 112672 1.08797 9.75942e+06 1.46137e+06 ZonesAtSurface
4725.37 4925 44.5337 25 0 1 5 1.299e+06 38.2665 109874 1.61115 1.24426e+07 1.299e+06 ZonesAtSurface
4775.31 4924.99 54.557 49 0 1 4 1.10673e+06 36.4606 70017 1.20397 1.02991e+07 1.10673e+06 ZonesAtSurface
4825.25 4924.98 64.5687 95 0 1 3 904010 22.9073 131093 1.24698 5.60376e+06 904010 ZonesAtSurface
4875.17 4924.98 74.5863 75 0 1 2 1.23043e+06 20.0617 90432.9 1.48851 4.55144e+06 1.23043e+06 ZonesAtSurface
4925.1 4924.98 84.5864 115 0 1 1 798887 23.7585 104302 1.39885 5.5518e+06 798887 ZonesAtSurface
